Num_Acc;id_vehicule;categorie_vehicule;obstacle_fixe;obstacle_mobile;point_choc_initial;manoeuvre_principale;motorisation
202300026365;155 633 862;1;0;1;1;1;5
202300026366;155 633 861;31;0;2;2;13;1
202300026366;155 633 864;7;0;2;3;19;1
202300026367;155 633 857;32;12;0;1;26;1
202300026368;155 633 858;7;0;2;1;1;1
202300026368;155 633 859;7;0;2;1;1;1
202300026369;155 633 856;7;2;0;1;1;1
202300026370;155 633 853;33;0;2;1;2;1
202300026370;155 633 854;7;0;0;6;2;1
202300026371;155 633 851;7;0;1;2;1;1
202300026372;155 633 852;7;0;2;4;2;1
202300026372;155 633 855;7;0;2;1;2;1
202300026373;155 633 849;7;0;1;2;1;2
202300026374;155 633 847;7;0;2;3;13;1
202300026374;155 633 850;7;13;2;8;1;1
202300026375;155 633 845;7;0;1;1;1;1
202300026376;155 633 839;10;0;2;1;0;1
202300026376;155 633 842;7;0;2;4;15;1
202300026377;155 633 837;7;0;2;4;1;1
202300026377;155 633 840;10;0;2;4;1;1
202300026377;155 633 841;7;0;2;5;1;1
202300026377;155 633 843;7;0;2;4;1;1
202300026377;155 633 844;10;0;2;3;11;1
202300026378;155 633 836;2;0;2;1;1;1
202300026378;155 633 838;7;0;2;3;20;1
202300026379;155 633 833;7;0;2;3;1;1
202300026379;155 633 835;10;0;2;2;18;1
202300026380;155 633 832;3;0;2;5;1;1
202300026380;155 633 834;80;0;2;1;9;3
202300026381;155 633 827;7;0;2;1;1;1
202300026381;155 633 830;7;0;0;0;1;1
202300026381;155 633 831;7;0;2;1;13;1
202300026382;155 633 826;7;0;2;6;19;1
202300026382;155 633 828;34;0;2;1;1;1
202300026383;155 633 825;10;0;2;1;2;1
202300026383;155 633 829;7;0;2;4;1;2
202300026384;155 633 822;33;0;2;8;1;1
202300026384;155 633 824;7;0;2;0;0;0
202300026385;155 633 823;50;0;1;1;5;3
202300026386;155 633 820;50;0;0;0;1;3
202300026387;155 633 818;7;0;2;7;1;1
202300026387;155 633 821;7;0;2;1;1;1
202300026388;155 633 817;7;0;2;1;9;0
202300026388;155 633 819;7;0;2;9;1;0
202300026389;155 633 815;10;0;2;1;0;1
202300026389;155 633 816;7;0;2;4;1;1
202300026390;155 633 812;33;0;2;8;3;1
202300026390;155 633 814;7;0;2;7;14;1
202300026391;155 633 809;43;0;2;3;1;1
202300026391;155 633 811;33;0;2;3;3;1
202300026392;155 633 810;1;0;2;3;0;5
202300026392;155 633 813;37;0;2;2;1;1
202300026393;155 633 806;7;0;2;4;1;1
202300026393;155 633 808;7;0;2;4;1;1
202300026394;155 633 805;7;0;1;2;16;1
202300026395;155 633 804;33;0;2;7;0;1
202300026395;155 633 807;7;0;2;8;11;1
202300026396;155 633 803;7;4;0;1;1;1
202300026397;155 633 799;7;0;2;0;17;1
202300026397;155 633 802;1;0;2;7;1;5
202300026398;155 633 798;7;0;2;3;1;1
202300026398;155 633 800;34;0;2;1;3;1
202300026398;155 633 801;10;0;2;4;1;1
202300026399;155 633 793;33;0;2;4;3;1
202300026399;155 633 796;7;0;2;4;1;1
202300026399;155 633 797;7;0;2;7;12;1
202300026400;155 633 788;7;0;2;8;11;2
202300026400;155 633 790;33;0;2;7;3;1
202300026400;155 633 792;7;0;2;7;0;1
202300026400;155 633 795;34;0;2;1;1;1
202300026401;155 633 789;7;0;2;4;1;1
202300026401;155 633 791;7;0;2;4;1;1
202300026401;155 633 794;10;0;2;1;2;1
202300026402;155 633 786;31;0;2;1;3;1
202300026402;155 633 787;7;0;2;2;12;1
202300026403;155 633 783;33;0;2;1;3;1
202300026403;155 633 784;10;0;2;6;1;1
202300026403;155 633 785;7;0;2;5;1;1
202300026404;155 633 780;7;0;2;1;13;1
202300026404;155 633 782;7;0;2;1;1;1
202300026405;155 633 776;33;0;2;5;3;1
202300026405;155 633 778;7;0;2;8;11;1
202300026406;155 633 777;7;0;2;1;1;1
202300026406;155 633 779;7;0;2;4;2;1
202300026406;155 633 781;7;0;2;4;2;2
202300026407;155 633 774;80;1;0;1;2;3
202300026407;155 633 775;7;0;9;3;22;1
202300026408;155 633 770;7;0;2;4;11;1
202300026408;155 633 772;33;0;2;1;1;1
202300026409;155 633 768;10;0;2;1;2;1
202300026409;155 633 771;10;0;2;4;2;1
202300026409;155 633 773;7;0;2;4;2;1
202300026410;155 633 767;1;0;2;1;1;5
202300026410;155 633 769;15;1;0;5;24;1
202300026411;155 633 764;31;0;2;8;3;1
202300026411;155 633 766;7;0;2;7;12;1
202300026412;155 633 763;7;0;1;1;26;0
202300026413;155 633 762;7;0;2;5;26;1
202300026413;155 633 765;34;0;2;8;26;1
202300026414;155 633 757;7;0;2;6;12;1
202300026414;155 633 761;33;0;2;1;3;1
202300026415;155 633 758;7;0;2;1;2;1
202300026415;155 633 760;7;0;2;4;2;1
202300026416;155 633 756;10;0;2;2;1;1
202300026416;155 633 759;43;0;2;6;3;1
202300026417;155 633 754;7;4;0;9;2;1
202300026418;155 633 752;15;0;2;7;21;1
202300026418;155 633 755;15;0;2;6;1;1
202300026419;155 633 751;7;0;2;4;1;1
202300026419;155 633 753;33;0;2;1;2;1
202300026420;155 633 749;7;0;1;3;1;1
202300026421;155 633 750;10;0;2;4;2;1
202300026422;155 633 748;7;13;0;9;14;1
202300026423;155 633 747;10;4;0;7;1;1
202300026424;155 633 744;7;0;2;1;1;1
202300026424;155 633 746;34;0;2;1;1;1
202300026425;155 633 743;80;0;2;1;1;3
202300026425;155 633 745;7;0;2;3;1;1
202300026426;155 633 742;7;3;0;0;1;1
202300026427;155 633 738;32;4;0;3;2;1
202300026428;155 633 737;7;0;2;3;1;1
202300026428;155 633 739;7;0;2;4;1;1
202300026428;155 633 740;7;0;2;1;1;1
202300026429;155 633 735;7;4;0;9;11;1
202300026430;155 633 731;7;0;2;2;1;3
202300026430;155 633 734;7;0;2;8;15;1
202300026431;155 633 729;7;4;2;1;1;1
202300026431;155 633 730;10;4;2;4;1;1
202300026432;155 633 724;7;0;2;2;13;1
202300026432;155 633 725;99;0;2;1;1;1
202300026433;155 633 726;7;0;1;3;15;1
202300026434;155 633 721;10;0;2;4;23;3
202300026434;155 633 722;10;0;2;4;23;1
202300026434;155 633 723;7;0;2;1;23;1
202300026435;155 633 717;7;0;0;3;26;1
202300026435;155 633 719;7;0;2;1;15;1
202300026436;155 633 715;37;0;0;1;0;1
202300026436;155 633 718;7;0;2;4;0;1
202300026436;155 633 720;7;0;2;4;0;1
202300026437;155 633 714;7;0;2;4;11;1
202300026437;155 633 716;31;0;2;1;3;1
202300026438;155 633 709;7;0;2;2;24;1
202300026438;155 633 711;30;1;0;1;1;1
202300026439;155 633 708;7;0;0;8;2;1
202300026439;155 633 710;7;3;2;7;17;1
202300026440;155 633 705;7;4;0;2;2;1
202300026441;155 633 706;1;0;2;1;1;5
202300026441;155 633 707;7;0;2;3;15;1
202300026442;155 633 704;30;1;0;3;1;1
202300026443;155 633 702;33;12;0;8;11;1
202300026444;155 633 701;1;0;2;1;1;5
202300026444;155 633 703;7;0;2;2;14;1
202300026445;155 633 699;32;0;0;0;1;1
202300026446;155 633 697;7;0;1;2;1;0
202300026447;155 633 696;7;0;2;1;11;1
202300026447;155 633 698;7;16;2;7;15;1
202300026448;155 633 695;50;0;1;1;1;3
202300026449;155 633 688;10;0;2;1;1;1
202300026449;155 633 690;7;0;2;6;1;1
202300026449;155 633 692;32;0;2;1;23;1
202300026450;155 633 689;7;12;0;2;21;1
202300026450;155 633 694;7;0;0;0;0;2
202300026451;155 633 691;7;0;2;8;16;1
202300026451;155 633 693;1;0;2;7;16;5
202300026452;155 633 685;99;0;0;0;15;6
202300026453;155 633 684;7;0;2;8;1;1
202300026453;155 633 686;2;0;2;1;9;1
202300026454;155 633 683;7;0;2;3;1;1
202300026454;155 633 687;7;0;2;2;19;1
202300026455;155 633 680;7;1;0;6;1;1
202300026455;155 633 682;7;0;1;1;25;1
202300026456;155 633 678;50;0;2;1;26;3
202300026456;155 633 681;7;0;9;2;9;1
202300026457;155 633 677;7;0;2;5;1;1
202300026457;155 633 679;2;0;2;3;1;1
202300026458;155 633 675;32;0;2;3;11;1
202300026458;155 633 676;7;0;2;2;1;1
202300026459;155 633 673;7;0;2;1;1;1
202300026459;155 633 674;7;0;2;4;1;1
202300026460;155 633 669;33;0;2;3;3;1
202300026460;155 633 670;7;0;2;5;1;1
202300026460;155 633 672;15;0;2;8;2;1
202300026461;155 633 668;7;1;2;1;1;1
202300026461;155 633 671;7;1;2;8;1;1
202300026462;155 633 666;7;0;2;3;19;0
202300026462;155 633 667;15;0;2;2;19;1
202300026463;155 633 663;32;0;2;1;1;1
202300026463;155 633 665;7;0;2;1;16;0
202300026464;155 633 660;7;1;0;9;1;1
202300026465;155 633 661;7;0;2;7;16;1
202300026465;155 633 664;50;0;2;2;21;3
202300026466;155 633 656;7;9;0;1;1;1
202300026467;155 633 654;37;0;1;2;5;1
202300026468;155 633 653;7;0;2;3;10;0
202300026468;155 633 655;7;0;2;2;13;0
202300026469;155 633 651;7;7;0;1;14;1
202300026470;155 633 648;7;0;2;1;19;1
202300026470;155 633 650;7;7;2;9;1;0
202300026471;155 633 644;7;0;2;3;1;1
202300026471;155 633 647;2;0;2;1;1;1
202300026472;155 633 642;7;0;2;1;15;1
202300026472;155 633 645;7;0;2;6;1;0
202300026472;155 633 646;7;0;2;0;0;0
202300026473;155 633 641;33;0;0;0;1;1
202300026474;155 633 640;7;0;2;4;2;1
202300026474;155 633 643;10;0;1;4;2;1
202300026475;155 633 634;10;0;2;0;0;0
202300026475;155 633 638;1;0;2;8;17;5
202300026476;155 633 636;1;12;0;1;25;5
202300026477;155 633 635;33;0;2;1;18;0
202300026477;155 633 639;30;0;0;4;14;1
202300026478;155 633 633;10;0;2;2;2;6
202300026478;155 633 637;50;0;2;1;2;3
202300026479;155 633 630;30;0;2;1;1;1
202300026479;155 633 632;7;0;2;1;1;1
202300026480;155 633 628;7;0;2;3;15;0
202300026480;155 633 631;31;0;2;3;1;0
202300026481;155 633 629;7;0;1;1;1;0
202300026482;155 633 625;50;0;2;1;1;3
202300026482;155 633 626;50;0;2;1;1;3
202300026483;155 633 624;7;0;2;2;1;1
202300026483;155 633 627;1;0;2;1;9;5
202300026484;155 633 621;17;4;0;2;14;1
202300026484;155 633 623;7;0;9;1;2;1
202300026485;155 633 620;7;0;2;6;4;1
202300026485;155 633 622;7;0;2;1;1;1
202300026486;155 633 617;7;0;2;7;1;1
202300026486;155 633 619;7;0;2;1;1;1
202300026487;155 633 615;33;0;2;1;1;1
202300026487;155 633 618;7;0;2;1;15;1
202300026488;155 633 616;7;0;1;1;1;1
202300026489;155 633 613;1;0;0;7;0;5
202300026490;155 633 612;7;15;0;1;0;1
202300026491;155 633 611;41;0;0;7;26;1
202300026492;155 633 607;7;0;2;3;15;1
202300026492;155 633 610;33;0;2;1;1;1
202300026493;155 633 606;7;0;1;2;0;1
202300026494;155 633 605;2;0;2;1;2;1
202300026494;155 633 608;7;0;2;4;1;1
202300026495;155 633 600;1;0;2;1;0;5
202300026495;155 633 603;31;0;2;1;26;1
202300026495;155 633 604;1;0;2;1;5;5
202300026496;155 633 601;33;0;0;9;1;1
202300026497;155 633 595;7;0;2;2;1;1
202300026497;155 633 598;7;0;2;8;15;1
202300026498;155 633 596;7;0;1;2;1;1
202300026499;155 633 597;7;0;2;4;2;1
202300026499;155 633 599;7;0;2;1;2;1
202300026499;155 633 602;7;0;2;1;2;1
202300026500;155 633 593;7;0;1;1;1;1
202300026501;155 633 592;10;0;2;2;1;1
202300026501;155 633 594;7;0;2;1;15;1
202300026502;155 633 589;7;6;0;0;26;1
202300026503;155 633 587;33;13;0;1;14;1
202300026504;155 633 586;31;0;2;1;11;1
202300026504;155 633 590;7;0;0;5;1;1
202300026505;155 633 588;7;0;2;1;19;1
202300026505;155 633 591;1;0;2;7;1;5
202300026506;155 633 585;7;15;0;1;21;1
202300026507;155 633 583;2;0;2;1;13;1
202300026507;155 633 584;7;0;2;2;16;1
202300026508;155 633 578;7;0;2;1;1;1
202300026508;155 633 580;7;0;2;1;1;1
202300026508;155 633 582;7;0;2;4;1;1
202300026509;155 633 572;7;0;0;0;1;1
202300026509;155 633 576;7;0;2;4;1;1
202300026509;155 633 579;7;0;2;1;2;1
202300026510;155 633 574;7;0;2;1;15;1
202300026510;155 633 577;50;0;2;1;1;3
202300026511;155 633 573;7;0;2;2;13;1
202300026511;155 633 575;7;0;2;6;1;1
202300026511;155 633 581;7;0;2;5;1;3
202300026512;155 633 569;7;3;0;2;14;1
202300026513;155 633 567;10;0;2;3;1;1
202300026513;155 633 570;7;0;2;3;1;1
202300026514;155 633 566;7;0;2;6;1;1
202300026514;155 633 571;15;0;2;7;9;1
202300026515;155 633 565;33;0;2;5;18;1
202300026515;155 633 568;14;0;2;2;1;1
202300026516;155 633 561;50;0;2;7;1;3
202300026516;155 633 564;7;0;2;1;1;1
202300026517;155 633 562;7;0;1;2;1;1
202300026518;155 633 563;30;8;0;1;13;1
202300026519;155 633 558;7;1;0;1;1;1
202300026520;155 633 559;1;0;2;4;9;5
202300026520;155 633 560;7;0;2;1;1;3
202300026521;155 633 556;7;2;0;1;1;1
202300026522;155 633 554;7;12;2;3;16;1
202300026523;155 633 555;1;0;1;1;1;5
202300026524;155 633 553;7;0;2;5;0;1
202300026524;155 633 557;10;0;2;3;0;1
202300026525;155 633 551;50;0;2;8;2;3
202300026525;155 633 552;7;0;2;5;16;2
202300026526;155 633 547;7;0;1;5;0;1
202300026527;155 633 548;1;0;2;4;15;5
202300026527;155 633 550;7;0;2;0;2;0
202300026528;155 633 545;7;12;1;1;15;1
202300026529;155 633 540;1;1;0;1;1;5
202300026529;155 633 543;7;1;0;3;16;2
202300026530;155 633 538;7;0;2;3;1;1
202300026530;155 633 542;7;0;2;3;15;1
202300026531;155 633 537;7;0;2;1;5;1
202300026531;155 633 539;7;0;2;1;5;1
202300026532;155 633 532;7;0;1;4;20;1
202300026533;155 633 530;30;0;2;1;15;1
202300026533;155 633 533;33;0;2;3;1;1
202300026534;155 633 534;80;0;0;7;1;3
202300026535;155 633 529;1;14;0;0;0;5
202300026535;155 633 531;7;14;0;2;2;0
202300026536;155 633 527;7;0;1;8;2;2
202300026537;155 633 524;7;0;2;6;2;1
202300026537;155 633 528;7;0;2;2;2;1
202300026538;155 633 522;7;0;2;3;15;1
202300026538;155 633 525;33;0;2;1;1;1
202300026539;155 633 520;7;0;2;1;1;1
202300026539;155 633 521;7;0;2;4;23;1
202300026540;155 633 518;7;0;2;4;2;0
202300026540;155 633 519;7;0;2;1;2;0
202300026541;155 633 523;7;0;2;3;15;1
202300026541;155 633 526;7;0;2;3;1;1
202300026542;155 633 517;7;14;0;7;1;1
202300026543;155 633 515;7;0;2;7;17;1
202300026543;155 633 516;32;0;2;8;1;1
202300026544;155 633 514;31;16;0;8;15;1
202300026545;155 633 507;7;0;2;8;1;1
202300026545;155 633 511;7;0;2;2;15;1
202300026546;155 633 508;10;0;2;8;22;1
202300026546;155 633 513;1;1;0;3;2;5
202300026547;155 633 509;1;0;2;4;1;5
202300026547;155 633 510;43;0;2;1;18;1
202300026548;155 633 506;7;0;2;1;1;1
202300026548;155 633 512;7;0;2;1;1;1
202300026549;155 633 502;7;3;0;1;13;0
202300026549;155 633 504;7;0;2;1;0;3
202300026550;155 633 499;7;0;2;2;26;0
202300026550;155 633 505;7;0;0;3;1;1
202300026551;155 633 500;1;0;2;1;2;5
202300026551;155 633 503;1;0;2;1;1;5
202300026552;155 633 498;2;0;2;4;1;1
202300026552;155 633 501;7;0;2;2;0;1
202300026553;155 633 495;33;0;0;0;0;0
202300026553;155 633 497;7;0;2;8;10;0
202300026554;155 633 493;30;0;2;1;2;1
202300026554;155 633 496;7;0;2;4;2;1
202300026555;155 633 490;7;0;2;3;1;1
202300026555;155 633 492;50;0;2;1;26;3
202300026556;155 633 487;7;15;1;1;16;1
202300026557;155 633 489;7;0;2;7;1;1
202300026557;155 633 494;7;0;2;1;1;1
202300026558;155 633 486;7;0;1;1;19;1
202300026559;155 633 484;7;0;2;1;15;1
202300026559;155 633 485;7;0;2;3;1;1
202300026560;155 633 483;7;0;1;7;9;1
202300026561;155 633 482;7;0;1;1;1;1
202300026562;155 633 480;7;6;0;1;1;1
202300026563;155 633 479;7;0;2;1;1;1
202300026563;155 633 481;7;0;2;3;16;1
202300026564;155 633 476;10;0;2;1;15;1
202300026564;155 633 478;2;0;2;1;1;1
202300026565;155 633 475;7;0;2;3;15;1
202300026565;155 633 477;1;0;2;1;1;5
202300026566;155 633 474;7;0;1;2;1;2
202300026567;155 633 472;7;8;0;3;1;1
202300026568;155 633 471;7;0;2;1;1;1
202300026568;155 633 473;7;0;2;2;1;2
202300026569;155 633 470;7;8;0;1;2;1
202300026570;155 633 468;2;0;0;0;0;0
202300026571;155 633 469;7;0;1;1;1;1
202300026572;155 633 466;50;0;0;4;1;3
202300026572;155 633 467;7;0;2;1;1;1
202300026573;155 633 463;7;0;2;8;10;1
202300026573;155 633 465;31;0;2;1;21;1
202300026574;155 633 462;37;1;0;1;2;1
202300026574;155 633 464;37;0;2;4;24;1
202300026575;155 633 459;7;0;2;6;1;1
202300026575;155 633 461;10;0;2;2;2;1
202300026576;155 633 458;7;0;2;2;1;1
202300026576;155 633 460;7;0;2;1;1;1
202300026577;155 633 457;1;0;0;0;1;5
202300026578;155 633 455;7;13;0;3;1;1
202300026579;155 633 454;7;13;0;8;1;1
202300026580;155 633 453;7;0;2;1;2;1
202300026580;155 633 456;30;0;2;4;1;1
202300026581;155 633 451;7;0;9;2;2;0
202300026581;155 633 452;1;0;2;0;1;5
202300026582;155 633 449;7;6;0;2;14;1
202300026583;155 633 447;33;0;0;9;1;1
202300026584;155 633 448;33;0;2;2;0;1
202300026584;155 633 450;2;0;2;1;9;1
202300026585;155 633 446;31;0;9;1;1;1
202300026586;155 633 443;7;0;0;3;15;1
202300026586;155 633 445;31;0;0;0;1;1
202300026587;155 633 442;7;13;2;6;1;1
202300026587;155 633 444;7;0;2;2;1;1
202300026588;155 633 440;33;0;0;1;1;1
202300026588;155 633 441;10;0;0;7;19;1
202300026589;155 633 439;7;0;1;1;16;1
202300026590;155 633 436;7;0;2;4;2;1
202300026590;155 633 437;7;0;2;1;2;1
202300026590;155 633 438;7;0;2;4;2;1
202300026591;155 633 434;7;0;9;1;26;1
202300026591;155 633 435;50;0;2;7;1;3
202300026592;155 633 432;7;0;2;2;15;0
202300026592;155 633 433;32;0;2;1;1;1
202300026593;155 633 430;7;0;1;7;1;1
202300026594;155 633 427;2;0;2;1;2;0
202300026594;155 633 428;13;0;0;4;2;0
202300026595;155 633 426;0;0;1;0;0;0
202300026596;155 633 425;7;15;0;3;13;1
202300026597;155 633 422;7;0;2;4;1;1
202300026597;155 633 424;10;0;2;1;2;1
202300026598;155 633 421;7;0;2;8;1;1
202300026598;155 633 423;31;0;2;8;5;1
202300026599;155 633 418;7;0;9;2;1;0
202300026599;155 633 420;31;0;2;2;5;1
202300026600;155 633 419;7;0;1;8;1;1
202300026601;155 633 416;7;13;2;1;5;1
202300026601;155 633 417;10;0;2;8;1;1
202300026602;155 633 415;7;8;0;1;1;1
202300026603;155 633 413;7;0;2;3;15;0
202300026603;155 633 414;33;0;2;2;17;0
202300026604;155 633 411;7;0;0;0;20;1
202300026604;155 633 412;1;6;0;1;1;5
202300026605;155 633 407;7;0;2;1;13;1
202300026605;155 633 409;7;0;2;1;1;1
202300026605;155 633 410;7;0;2;1;2;1
202300026606;155 633 404;33;0;2;1;1;1
202300026606;155 633 405;7;0;2;4;1;0
202300026607;155 633 406;7;0;2;8;13;2
202300026607;155 633 408;7;0;2;7;17;1
202300026608;155 633 402;7;0;2;1;1;1
202300026608;155 633 403;7;0;2;3;1;1
202300026609;155 633 401;33;0;0;0;1;1
202300026610;155 633 399;7;2;0;3;1;1
202300026611;155 633 397;7;0;2;1;2;1
202300026611;155 633 398;7;0;2;4;23;1
202300026611;155 633 400;7;0;2;4;23;1
202300026612;155 633 395;10;13;0;2;1;1
202300026613;155 633 393;7;0;1;1;1;1
202300026614;155 633 392;7;0;2;1;1;1
202300026614;155 633 394;3;0;2;4;15;1
202300026615;155 633 391;33;0;0;5;0;1
202300026616;155 633 390;80;0;0;1;16;3
202300026617;155 633 389;1;9;0;1;1;5
202300026618;155 633 387;7;0;1;1;2;1
202300026619;155 633 386;33;3;0;8;1;1
202300026620;155 633 383;50;0;0;0;1;3
202300026621;155 633 381;7;0;2;2;15;1
202300026621;155 633 382;1;0;2;1;19;5
202300026622;155 633 380;13;0;2;0;0;0
202300026622;155 633 384;7;0;2;6;0;1
202300026623;155 633 379;33;13;0;1;1;1
202300026624;155 633 378;33;14;0;1;1;1
202300026625;155 633 375;7;0;2;1;2;1
202300026625;155 633 376;7;0;2;1;2;1
202300026625;155 633 377;10;0;2;4;2;0
202300026626;155 633 373;7;0;2;1;5;1
202300026626;155 633 374;7;0;2;6;1;1
202300026627;155 633 372;7;0;6;1;1;1
202300026628;155 633 369;33;6;0;1;0;0
202300026629;155 633 368;7;0;2;1;15;1
202300026629;155 633 371;1;0;2;7;1;5
202300026630;155 633 367;7;0;2;1;2;1
202300026630;155 633 370;7;0;2;4;2;1
202300026631;155 633 364;60;0;2;2;1;5
202300026631;155 633 366;7;0;2;2;1;0
202300026632;155 633 362;7;0;2;8;19;1
202300026632;155 633 365;33;0;2;3;1;1
202300026633;155 633 363;7;1;1;1;1;1
202300026634;155 633 360;7;0;1;1;1;0
202300026635;155 633 358;7;0;9;1;15;1
202300026635;155 633 361;33;0;0;3;1;1
202300026636;155 633 357;7;0;2;8;11;1
202300026636;155 633 359;30;0;2;7;3;3
202300026637;155 633 355;7;13;0;1;0;1
202300026638;155 633 354;50;0;2;7;1;3
202300026638;155 633 356;7;0;2;3;9;1
202300026639;155 633 353;7;0;1;2;1;1
202300026640;155 633 351;7;1;0;2;14;1
202300026641;155 633 350;7;0;2;3;1;1
202300026641;155 633 352;7;0;2;1;1;1
202300026642;155 633 348;40;0;1;1;1;3
202300026643;155 633 346;2;0;2;6;1;1
202300026643;155 633 349;33;0;2;3;1;1
202300026644;155 633 345;7;0;2;1;19;1
202300026644;155 633 347;7;0;2;7;1;1
202300026645;155 633 344;7;0;1;3;1;1
202300026646;155 633 342;7;16;0;0;15;1
202300026647;155 633 343;37;0;1;2;1;4
202300026648;155 633 339;7;0;2;1;1;1
202300026648;155 633 341;7;0;2;1;11;1
202300026649;155 633 338;32;0;1;1;21;1
202300026650;155 633 337;7;0;2;3;1;1
202300026650;155 633 340;7;0;2;3;13;1
202300026651;155 633 334;32;0;0;1;0;1
202300026652;155 633 335;1;0;2;7;2;5
202300026652;155 633 336;7;0;2;3;2;1
202300026653;155 633 331;1;0;2;6;13;5
202300026653;155 633 333;80;0;2;3;1;3
202300026654;155 633 330;7;0;1;2;2;1
202300026655;155 633 329;15;0;2;1;1;1
202300026655;155 633 332;7;0;2;8;9;1
202300026656;155 633 327;33;0;1;1;17;1
202300026657;155 633 326;30;0;2;1;1;3
202300026657;155 633 328;1;0;2;4;1;5
202300026658;155 633 323;33;6;0;1;1;1
202300026659;155 633 322;7;0;1;2;1;1
202300026660;155 633 321;1;12;0;8;13;5
202300026661;155 633 319;7;0;2;1;13;1
202300026661;155 633 320;7;0;2;3;1;1
202300026662;155 633 312;7;0;2;1;2;1
202300026662;155 633 316;7;0;2;4;1;1
202300026662;155 633 318;7;0;2;4;2;1
202300026663;155 633 314;10;0;2;7;15;1
202300026663;155 633 317;33;0;2;1;1;1
202300026664;155 633 310;7;0;1;1;1;1
202300026665;155 633 307;10;0;2;3;24;0
202300026665;155 633 309;1;0;2;2;26;5
202300026666;155 633 306;50;0;2;5;1;3
202300026666;155 633 308;7;0;2;3;1;0
202300026666;155 633 311;50;0;2;5;1;3
202300026667;155 633 305;7;4;0;1;15;1
202300026668;155 633 303;7;0;1;1;15;1
202300026669;155 633 301;7;0;2;1;1;1
202300026669;155 633 304;10;0;2;5;1;1
202300026670;155 633 300;10;0;2;1;15;3
202300026670;155 633 302;33;0;2;1;1;1
202300026671;155 633 297;7;0;2;5;12;0
202300026671;155 633 299;30;0;2;1;1;0
202300026672;155 633 296;7;0;2;2;15;1
202300026672;155 633 298;33;0;2;1;1;1
202300026673;155 633 294;7;0;2;1;5;1
202300026673;155 633 295;7;0;2;1;1;1
202300026674;155 633 291;13;0;2;2;2;1
202300026674;155 633 293;37;0;2;0;0;1
202300026675;155 633 290;7;0;2;3;1;1
202300026675;155 633 292;2;0;2;1;19;1
202300026676;155 633 288;7;0;1;4;20;1
202300026677;155 633 285;7;0;2;4;2;1
202300026677;155 633 286;7;0;2;1;2;1
202300026677;155 633 289;7;0;2;1;2;1
202300026678;155 633 282;99;1;0;1;26;0
202300026678;155 633 284;10;0;2;7;24;1
202300026679;155 633 283;7;0;2;2;17;3
202300026679;155 633 287;33;0;2;8;13;1
202300026680;155 633 281;31;9;0;1;1;1
202300026681;155 633 279;33;0;0;7;21;1
202300026682;155 633 278;33;0;2;1;1;1
202300026682;155 633 280;7;0;2;3;13;1
202300026683;155 633 277;7;0;1;2;1;1
202300026684;155 633 274;7;0;9;8;1;1
202300026684;155 633 276;1;0;2;7;2;5
202300026685;155 633 272;21;0;2;3;16;1
202300026685;155 633 275;7;0;2;2;1;1
202300026686;155 633 271;7;0;2;3;1;2
202300026686;155 633 273;1;0;2;7;1;5
202300026687;155 633 269;7;0;1;8;15;1
202300026688;155 633 268;7;0;9;3;19;3
202300026688;155 633 270;1;0;2;6;19;5
202300026689;155 633 264;7;13;0;2;14;1
202300026690;155 633 265;7;0;2;3;15;1
202300026690;155 633 267;2;0;2;7;1;1
202300026691;155 633 263;7;0;2;3;1;1
202300026691;155 633 266;7;0;2;3;1;1
202300026692;155 633 262;2;0;0;7;16;1
202300026693;155 633 261;7;9;0;1;15;1
202300026694;155 633 260;7;0;0;1;0;1
202300026695;155 633 257;7;0;2;5;1;1
202300026695;155 633 259;1;0;2;1;2;5
202300026696;155 633 255;7;0;1;1;1;0
202300026697;155 633 253;7;9;0;1;14;1
202300026698;155 633 252;10;0;2;3;13;1
202300026698;155 633 254;7;0;2;3;1;1
202300026699;155 633 250;7;0;1;3;15;1
202300026700;155 633 249;7;2;2;0;5;1
202300026700;155 633 251;7;0;2;1;2;1
202300026701;155 633 246;7;8;0;1;1;2
202300026702;155 633 245;33;0;2;1;1;1
202300026702;155 633 247;7;0;2;3;15;1
202300026703;155 633 248;7;0;1;6;16;1
202300026704;155 633 241;33;0;2;1;1;1
202300026704;155 633 243;7;0;2;5;1;1
202300026705;155 633 240;33;0;0;8;1;1
202300026706;155 633 238;2;12;0;2;1;1
202300026707;155 633 236;7;0;9;1;0;1
202300026707;155 633 239;10;0;2;1;1;1
202300026707;155 633 242;7;0;0;4;23;1
202300026707;155 633 244;7;0;2;1;2;1
202300026708;155 633 235;7;0;2;3;1;1
202300026708;155 633 237;7;0;2;8;15;1
202300026709;155 633 234;7;17;0;4;1;1
202300026710;155 633 233;7;13;0;1;17;1
202300026711;155 633 231;33;0;0;7;0;1
202300026712;155 633 232;7;2;0;1;9;3
202300026713;155 633 230;33;13;0;0;17;1
202300026714;155 633 229;33;1;0;1;1;1
202300026715;155 633 227;36;13;0;2;1;1
202300026716;155 633 225;33;6;0;1;1;1
202300026717;155 633 223;2;0;2;1;13;1
202300026717;155 633 224;7;0;2;2;1;1
202300026718;155 633 226;10;0;2;3;1;1
202300026718;155 633 228;10;0;2;3;11;1