Num_Acc;id_vehicule;categorie_vehicule;obstacle_fixe;obstacle_mobile;point_choc_initial;manoeuvre_principale;motorisation
202300026719;155 633 221;7;0;2;3;15;1
202300026719;155 633 222;33;0;2;6;1;1
202300026720;155 633 219;7;2;0;0;21;1
202300026721;155 633 220;7;1;1;3;1;6
202300026722;155 633 218;7;13;0;1;14;1
202300026723;155 633 217;10;2;0;2;0;1
202300026724;155 633 216;7;0;1;1;1;1
202300026725;155 633 214;7;0;2;1;17;6
202300026725;155 633 215;33;0;2;1;1;0
202300026726;155 633 213;7;2;0;8;1;1
202300026727;155 633 210;14;0;2;2;1;1
202300026727;155 633 212;1;0;2;3;16;5
202300026728;155 633 211;7;2;0;8;17;1
202300026729;155 633 207;17;0;2;6;0;0
202300026729;155 633 208;17;0;2;6;0;6
202300026729;155 633 209;7;0;2;2;0;0
202300026730;155 633 205;7;0;1;1;1;1
202300026731;155 633 201;7;2;0;3;19;1
202300026732;155 633 198;7;4;0;6;1;1
202300026732;155 633 199;7;4;2;2;2;1
202300026733;155 633 197;7;2;0;3;1;1
202300026734;155 633 192;7;0;1;2;16;1
202300026735;155 633 189;7;0;2;2;2;2
202300026735;155 633 190;10;0;2;3;2;1
202300026735;155 633 191;7;0;2;4;2;1
202300026735;155 633 193;7;0;2;1;2;1
202300026735;155 633 194;7;0;2;4;2;1
202300026735;155 633 195;7;0;2;1;12;1
202300026735;155 633 196;10;0;2;4;2;1
202300026736;155 633 188;7;0;0;8;1;1
202300026737;155 633 187;33;13;0;9;1;1
202300026738;155 633 186;7;10;0;1;14;1
202300026739;155 633 185;33;0;0;7;1;1
202300026740;155 633 184;10;16;0;9;13;1
202300026741;155 633 183;7;8;0;1;1;1
202300026742;155 633 180;7;2;0;1;1;1
202300026743;155 633 181;1;16;2;4;1;5
202300026743;155 633 182;37;0;9;2;1;1
202300026744;155 633 179;36;6;0;1;0;3
202300026745;155 633 175;7;0;0;2;2;1
202300026745;155 633 177;32;0;0;6;23;1
202300026746;155 633 176;7;0;2;1;1;0
202300026746;155 633 178;7;0;2;2;19;0
202300026747;155 633 173;33;0;2;1;17;1
202300026747;155 633 174;7;0;2;6;15;3
202300026748;155 633 169;7;0;2;1;1;0
202300026748;155 633 172;7;0;2;4;1;0
202300026749;155 633 170;7;0;9;3;1;0
202300026749;155 633 171;1;0;2;3;15;5
202300026750;155 633 166;7;0;1;2;17;1
202300026750;155 633 167;1;0;2;8;11;5
202300026751;155 633 168;7;13;0;1;1;1
202300026752;155 633 165;33;0;0;8;1;0
202300026753;155 633 162;33;0;2;1;1;1
202300026753;155 633 163;7;0;2;7;19;1
202300026754;155 633 159;7;0;2;3;1;1
202300026754;155 633 160;31;0;2;3;5;1
202300026755;155 633 161;7;0;2;3;1;1
202300026755;155 633 164;7;0;2;3;1;1
202300026756;155 633 157;33;0;2;1;1;1
202300026756;155 633 158;7;0;2;1;1;1
202300026757;155 633 156;7;0;1;1;1;1
202300026758;155 633 155;7;6;0;1;14;1
202300026759;155 633 152;7;0;2;8;1;1
202300026759;155 633 154;7;0;2;3;1;1
202300026760;155 633 151;7;0;0;1;13;1
202300026760;155 633 153;7;0;2;1;1;1
202300026761;155 633 150;7;0;0;0;1;1
202300026762;155 633 149;7;0;0;9;0;1
202300026763;155 633 146;7;0;2;3;11;2
202300026763;155 633 148;7;0;2;3;9;1
202300026764;155 633 145;7;0;1;2;1;1
202300026765;155 633 147;7;6;0;1;1;1
202300026766;155 633 142;7;0;2;1;1;1
202300026766;155 633 144;7;0;2;7;17;1
202300026767;155 633 141;21;0;2;7;15;1
202300026767;155 633 143;7;0;2;1;1;1
202300026768;155 633 139;1;0;2;8;1;5
202300026768;155 633 140;7;0;9;1;19;1
202300026769;155 633 137;1;0;2;4;2;5
202300026769;155 633 138;7;0;9;2;2;1
202300026770;155 633 134;33;13;0;1;2;1
202300026770;155 633 135;7;0;0;0;2;1
202300026771;155 633 133;7;0;2;3;15;1
202300026771;155 633 136;7;7;2;2;1;1
202300026772;155 633 132;80;0;0;9;0;3
202300026773;155 633 129;7;0;0;8;23;1
202300026773;155 633 130;7;8;2;1;6;1
202300026774;155 633 128;7;4;2;3;1;1
202300026774;155 633 131;7;4;2;3;1;1
202300026775;155 633 126;7;0;2;8;1;1
202300026775;155 633 127;33;0;2;8;1;1
202300026776;155 633 124;33;13;0;1;0;1
202300026777;155 633 125;7;2;0;3;0;1
202300026778;155 633 122;1;0;0;3;1;5
202300026778;155 633 123;7;0;0;5;15;1
202300026779;155 633 121;7;4;0;1;9;1
202300026780;155 633 119;17;8;0;7;1;1
202300026781;155 633 118;7;0;2;8;1;1
202300026781;155 633 120;34;0;2;1;15;1
202300026782;155 633 117;2;8;0;1;15;1
202300026783;155 633 116;7;13;0;1;1;1
202300026784;155 633 114;7;0;0;0;1;1
202300026785;155 633 115;37;0;0;8;4;1
202300026786;155 633 113;7;0;1;0;1;1
202300026787;155 633 110;7;0;2;2;1;1
202300026787;155 633 111;7;3;2;2;1;1
202300026788;155 633 108;7;0;2;0;17;0
202300026788;155 633 109;7;0;2;1;1;0
202300026789;155 633 106;7;12;0;1;14;1
202300026790;155 633 107;7;0;1;2;1;3
202300026791;155 633 104;7;0;2;2;1;1
202300026791;155 633 105;7;0;2;4;2;1
202300026792;155 633 101;34;11;0;2;1;1
202300026793;155 633 100;7;0;0;2;24;1
202300026793;155 633 102;7;0;2;3;13;1
202300026793;155 633 103;7;1;2;1;1;1
202300026794;155 633 096;10;0;2;2;2;1
202300026794;155 633 098;1;0;2;8;0;5
202300026795;155 633 094;15;0;9;3;0;1
202300026795;155 633 095;1;0;0;4;13;5
202300026796;155 633 091;1;0;2;1;26;5
202300026796;155 633 093;7;0;9;7;15;3
202300026797;155 633 090;2;0;2;1;13;1
202300026797;155 633 092;7;0;2;1;1;1
202300026798;155 633 089;7;8;0;1;0;1
202300026799;155 633 088;7;13;0;2;1;1
202300026800;155 633 084;7;0;2;1;1;1
202300026800;155 633 086;7;0;2;1;1;1
202300026800;155 633 087;7;0;2;4;1;1
202300026801;155 633 083;7;4;2;1;2;1
202300026801;155 633 085;7;4;2;4;2;1
202300026802;155 633 081;10;0;2;4;2;1
202300026802;155 633 082;7;0;0;0;0;1
202300026803;155 633 077;10;0;2;1;13;1
202300026803;155 633 078;7;0;2;6;1;1
202300026803;155 633 079;7;0;2;5;1;1
202300026804;155 633 076;7;0;2;6;1;1
202300026804;155 633 080;33;0;2;2;3;1
202300026805;155 633 073;10;0;2;6;11;1
202300026805;155 633 075;33;0;2;2;3;1
202300026806;155 633 072;7;0;2;1;2;1
202300026806;155 633 074;7;0;2;4;2;1
202300026807;155 633 069;7;0;2;4;2;0
202300026807;155 633 071;33;0;2;1;1;0
202300026808;155 633 067;14;0;2;1;2;1
202300026808;155 633 068;17;0;2;4;2;1
202300026809;155 633 066;7;0;2;4;2;0
202300026809;155 633 070;7;0;2;1;2;1
202300026810;155 633 063;10;0;2;3;1;1
202300026810;155 633 065;7;0;2;2;1;1
202300026811;155 633 062;7;0;2;3;1;1
202300026811;155 633 064;7;0;2;4;1;1
202300026812;155 633 060;7;0;2;1;1;1
202300026812;155 633 061;10;0;2;4;1;1
202300026813;155 633 057;7;0;2;6;1;2
202300026813;155 633 059;33;0;2;1;11;1
202300026814;155 633 055;7;0;2;1;11;1
202300026814;155 633 056;31;0;2;1;3;1
202300026814;155 633 058;7;0;2;4;2;1
202300026815;155 633 052;7;4;0;3;0;1
202300026816;155 633 051;7;0;2;6;11;1
202300026816;155 633 053;7;0;2;1;1;1
202300026816;155 633 054;7;0;2;8;1;1
202300026817;155 633 049;33;0;2;8;3;1
202300026817;155 633 050;7;0;2;7;12;1
202300026818;155 633 047;7;0;2;5;1;1
202300026818;155 633 048;33;0;2;1;11;1
202300026819;155 633 043;7;0;2;1;1;1
202300026819;155 633 045;7;0;2;4;1;1
202300026819;155 633 046;7;0;2;4;1;1
202300026820;155 633 042;7;0;2;2;16;1
202300026820;155 633 044;2;0;2;1;2;1
202300026821;155 633 040;33;0;2;7;21;1
202300026821;155 633 041;15;0;2;6;23;1
202300026822;155 633 039;7;5;0;2;14;1
202300026823;155 633 034;7;0;2;4;2;1
202300026823;155 633 036;10;0;2;1;2;2
202300026823;155 633 037;7;0;2;1;2;1
202300026823;155 633 038;7;0;2;1;2;1
202300026824;155 633 035;7;8;0;2;14;1
202300026825;155 633 033;7;13;0;9;1;1
202300026826;155 633 030;7;9;2;1;21;1
202300026826;155 633 032;7;4;2;5;15;1
202300026827;155 633 029;7;0;2;1;1;1
202300026827;155 633 031;7;0;2;4;11;1
202300026828;155 633 026;7;12;2;2;5;1
202300026828;155 633 028;7;0;2;1;23;1
202300026829;155 633 024;7;0;1;1;1;1
202300026830;155 633 021;7;0;2;4;4;1
202300026830;155 633 022;50;0;2;4;1;3
202300026831;155 633 019;7;;;;0;
202300026832;155 633 020;7;0;2;7;15;1
202300026832;155 633 023;33;0;2;1;1;1
202300026833;155 633 017;7;2;0;3;13;1
202300026834;155 633 016;7;0;2;4;23;1
202300026834;155 633 018;7;0;2;1;2;1
202300026835;155 633 014;7;16;2;1;2;0
202300026835;155 633 015;99;16;0;4;2;0
202300026836;155 633 013;10;0;1;2;1;0
202300026837;155 633 011;7;0;2;1;13;1
202300026837;155 633 012;34;0;2;0;0;1
202300026838;155 633 008;10;0;1;0;1;
202300026839;155 633 009;7;0;2;1;19;0
202300026839;155 633 010;1;0;2;7;1;0
202300026840;155 633 006;7;0;2;3;17;1
202300026840;155 633 007;7;0;2;3;1;0
202300026841;155 633 003;7;12;0;2;9;1
202300026841;155 633 005;2;0;2;4;23;1
202300026842;155 633 004;7;0;0;0;1;1
202300026843;155 633 002;7;1;1;3;0;1
202300026844;155 632 998;33;0;2;1;1;1
202300026844;155 633 000;7;0;2;2;15;1
202300026845;155 632 999;7;0;2;6;15;1
202300026845;155 633 001;7;0;2;7;1;1
202300026846;155 632 996;7;0;2;2;1;1
202300026846;155 632 997;50;0;2;1;1;3
202300026847;155 632 994;10;0;2;3;15;1
202300026847;155 632 995;1;0;2;8;1;5
202300026848;155 632 992;7;0;2;1;9;1
202300026848;155 632 993;7;0;2;7;1;1
202300026849;155 632 989;33;0;0;0;13;1
202300026849;155 632 991;7;0;9;8;21;1
202300026850;155 632 988;33;0;2;8;15;1
202300026850;155 632 990;7;0;2;2;15;1
202300026851;155 632 985;7;0;2;1;2;1
202300026851;155 632 986;10;0;2;4;15;1
202300026852;155 632 984;7;0;2;1;15;1
202300026852;155 632 987;7;0;2;1;19;1
202300026853;155 632 982;33;0;2;7;16;1
202300026853;155 632 983;7;0;2;8;15;1
202300026854;155 632 979;7;0;1;3;11;1
202300026855;155 632 980;10;0;2;1;15;1
202300026855;155 632 981;7;0;2;1;1;1
202300026856;155 632 978;7;0;1;2;16;1
202300026857;155 632 974;7;0;2;0;1;1
202300026857;155 632 976;7;0;2;0;0;1
202300026858;155 632 973;7;0;1;2;1;1
202300026859;155 632 971;7;0;1;2;2;1
202300026860;155 632 969;1;1;0;1;1;5
202300026861;155 632 970;33;0;2;7;1;0
202300026861;155 632 972;10;0;2;1;15;0
202300026862;155 632 967;7;0;2;1;13;1
202300026862;155 632 968;37;0;2;7;1;1
202300026863;155 632 966;7;11;0;3;10;1
202300026864;155 632 965;7;0;1;1;1;1
202300026865;155 632 961;7;0;2;1;1;1
202300026865;155 632 962;7;0;2;4;1;1
202300026865;155 632 964;7;0;2;4;1;1
202300026866;155 632 958;7;0;2;2;15;1
202300026866;155 632 959;2;0;2;1;1;1
202300026867;155 632 957;7;0;1;2;21;1
202300026868;155 632 960;7;0;2;2;1;1
202300026868;155 632 963;7;0;0;8;0;1
202300026869;155 632 955;7;0;2;3;19;0
202300026869;155 632 956;7;0;2;2;1;0
202300026870;155 632 954;33;0;0;0;1;1
202300026871;155 632 953;31;0;0;8;1;1
202300026872;155 632 947;7;0;2;1;15;1
202300026872;155 632 949;33;0;2;0;0;1
202300026873;155 632 948;7;0;2;1;15;1
202300026873;155 632 950;1;0;2;7;1;5
202300026874;155 632 946;7;8;0;1;0;1
202300026875;155 632 944;60;0;2;1;5;5
202300026875;155 632 945;7;0;2;2;9;1
202300026876;155 632 941;7;0;2;1;9;1
202300026876;155 632 943;34;0;2;7;1;1
202300026877;155 632 940;30;0;9;2;15;1
202300026877;155 632 942;50;0;2;1;1;3
202300026878;155 632 937;43;0;2;1;2;1
202300026878;155 632 939;7;0;2;0;15;0
202300026879;155 632 938;7;0;1;1;16;1
202300026880;155 632 933;10;0;2;1;1;1
202300026880;155 632 934;10;1;0;0;0;1
202300026880;155 632 936;34;0;2;1;1;1
202300026881;155 632 932;31;0;2;8;1;1
202300026881;155 632 935;7;0;2;3;15;1
202300026882;155 632 931;7;6;0;1;9;1
202300026883;155 632 930;7;0;1;2;1;1
202300026884;155 632 929;7;0;1;1;1;1
202300026885;155 632 926;7;0;2;1;2;1
202300026885;155 632 928;7;0;2;4;2;1
202300026886;155 632 925;7;0;2;1;5;1
202300026886;155 632 927;7;0;2;1;1;1
202300026887;155 632 923;33;0;2;3;1;1
202300026887;155 632 924;7;0;2;2;12;1
202300026888;155 632 920;7;0;2;6;11;1
202300026888;155 632 921;31;0;2;1;3;1
202300026889;155 632 919;30;0;2;8;1;3
202300026889;155 632 922;7;0;2;1;1;1
202300026890;155 632 917;50;0;1;1;1;3
202300026891;155 632 916;2;0;2;8;1;1
202300026891;155 632 918;7;0;2;1;15;1
202300026892;155 632 914;10;0;2;3;10;1
202300026892;155 632 915;2;0;2;1;17;3
202300026893;155 632 912;33;0;2;2;1;1
202300026893;155 632 913;7;0;0;6;10;1
202300026894;155 632 911;30;4;0;3;13;3
202300026895;155 632 909;10;0;2;3;13;1
202300026895;155 632 910;7;0;2;3;1;1
202300026896;155 632 908;33;11;0;1;12;1
202300026897;155 632 906;7;0;2;1;1;1
202300026897;155 632 907;1;0;2;7;19;5
202300026898;155 632 905;13;0;1;1;15;1
202300026899;155 632 904;2;12;0;8;14;3
202300026900;155 632 903;7;0;1;1;1;1
202300026901;155 632 902;7;0;1;3;1;1
202300026902;155 632 901;1;0;0;0;21;5
202300026903;155 632 897;7;0;2;1;13;1
202300026903;155 632 899;7;0;2;1;1;1
202300026904;155 632 898;7;0;2;1;17;1
202300026904;155 632 900;7;0;2;6;0;1
202300026905;155 632 895;7;0;2;1;15;1
202300026905;155 632 896;50;0;2;8;1;3
202300026906;155 632 894;7;0;1;3;1;1
202300026907;155 632 892;1;1;2;1;25;5
202300026907;155 632 893;7;0;2;2;9;1
202300026908;155 632 890;2;12;0;4;0;1
202300026908;155 632 891;2;12;0;1;0;1
202300026909;155 632 889;33;0;1;1;1;1
202300026910;155 632 885;7;0;2;2;15;0
202300026910;155 632 887;2;12;2;3;11;0
202300026911;155 632 886;7;0;2;1;9;1
202300026911;155 632 888;7;0;2;2;9;1
202300026912;155 632 884;33;0;0;5;16;1
202300026913;155 632 883;7;8;0;1;1;1
202300026914;155 632 882;7;1;0;2;1;1
202300026915;155 632 880;7;0;2;1;1;1
202300026915;155 632 881;7;0;2;4;1;1
202300026916;155 632 878;7;0;2;2;12;1
202300026916;155 632 879;30;0;2;0;0;1
202300026917;155 632 877;50;0;0;0;0;3
202300026918;155 632 875;30;0;2;7;2;1
202300026918;155 632 876;10;0;2;8;2;1
202300026919;155 632 872;7;0;2;3;0;1
202300026919;155 632 874;1;0;2;4;0;5
202300026920;155 632 873;7;0;1;3;1;2
202300026921;155 632 871;7;1;0;2;0;1
202300026922;155 632 869;7;0;2;1;17;1
202300026922;155 632 870;7;0;2;1;1;1
202300026923;155 632 868;7;0;1;3;16;1
202300026924;155 632 867;7;12;1;2;14;1
202300026925;155 632 865;7;0;2;3;13;1
202300026925;155 632 866;7;0;2;3;1;1
202300026926;155 632 863;10;3;2;3;14;1
202300026926;155 632 864;7;0;2;3;1;1
202300026927;155 632 862;17;13;0;1;14;1
202300026928;155 632 861;7;8;0;8;1;1
202300026929;155 632 859;7;14;0;6;0;1
202300026929;155 632 860;10;0;2;2;2;1
202300026930;155 632 858;10;6;0;1;1;1
202300026931;155 632 856;7;3;2;1;17;1
202300026931;155 632 857;15;0;2;5;1;1
202300026932;155 632 855;1;0;0;7;1;5
202300026933;155 632 854;7;13;0;3;1;1
202300026934;155 632 851;7;0;2;6;1;1
202300026934;155 632 852;7;0;2;1;5;1
202300026934;155 632 853;7;0;2;1;1;2
202300026935;155 632 849;7;0;2;1;13;1
202300026935;155 632 850;7;0;2;1;1;1
202300026936;155 632 847;7;0;2;3;1;0
202300026936;155 632 848;7;0;2;3;13;0
202300026937;155 632 846;7;13;0;0;14;1
202300026938;155 632 844;7;0;2;1;9;1
202300026938;155 632 845;33;0;2;1;21;1
202300026939;155 632 842;7;0;2;2;17;1
202300026939;155 632 843;7;13;0;6;1;1
202300026940;155 632 841;36;0;0;8;0;1
202300026941;155 632 839;7;0;2;3;1;1
202300026941;155 632 840;7;0;2;3;15;1
202300026942;155 632 837;7;2;0;1;21;1
202300026943;155 632 835;3;0;2;3;16;1
202300026943;155 632 836;7;0;2;6;23;1
202300026944;155 632 833;7;0;2;1;1;1
202300026944;155 632 834;7;0;2;8;19;1
202300026945;155 632 832;7;0;5;1;1;1
202300026946;155 632 831;33;13;0;1;21;1
202300026947;155 632 830;7;13;9;1;2;0
202300026948;155 632 828;1;0;2;4;0;5
202300026948;155 632 829;7;0;0;1;1;1
202300026949;155 632 827;7;15;0;1;14;1
202300026950;155 632 826;7;0;1;1;1;0
202300026951;155 632 825;10;13;0;2;13;1
202300026952;155 632 822;13;0;2;3;1;1
202300026952;155 632 823;7;0;2;1;2;1
202300026952;155 632 824;7;0;2;3;13;1
202300026953;155 632 821;7;0;0;0;16;0
202300026954;155 632 818;7;0;2;1;1;1
202300026954;155 632 819;7;0;2;5;0;1
202300026954;155 632 820;7;0;2;7;1;1
202300026955;155 632 816;7;0;2;1;21;1
202300026955;155 632 817;32;0;2;1;1;1
202300026956;155 632 814;15;0;0;6;2;1
202300026956;155 632 815;7;0;2;1;3;1
202300026957;155 632 812;7;0;2;3;11;1
202300026957;155 632 813;31;0;2;1;17;1
202300026958;155 632 810;31;0;2;3;1;0
202300026958;155 632 811;7;0;2;3;1;0
202300026959;155 632 808;7;0;2;1;13;1
202300026959;155 632 809;7;0;2;3;21;1
202300026960;155 632 803;7;0;2;8;11;1
202300026960;155 632 804;99;0;2;1;1;1
202300026961;155 632 801;7;0;2;1;1;1
202300026961;155 632 802;7;1;2;7;19;1
202300026962;155 632 800;7;8;0;1;14;1
202300026963;155 632 798;7;1;2;2;1;1
202300026963;155 632 799;7;0;2;3;9;1
202300026964;155 632 797;7;2;0;6;26;1
202300026965;155 632 794;7;2;0;1;14;1
202300026966;155 632 792;7;3;0;3;1;1
202300026967;155 632 791;7;6;0;7;14;1
202300026968;155 632 790;43;3;0;7;14;1
202300026969;155 632 787;7;3;2;1;13;1
202300026969;155 632 788;7;0;2;3;1;1
202300026969;155 632 789;7;0;2;2;21;1
202300026970;155 632 784;7;0;2;1;1;1
202300026970;155 632 785;7;0;2;4;23;1
202300026970;155 632 786;7;0;2;4;1;1
202300026971;155 632 781;7;0;0;1;1;1
202300026971;155 632 782;7;0;1;1;1;1
202300026971;155 632 783;7;0;0;1;1;1
202300026972;155 632 779;1;0;2;1;5;5
202300026972;155 632 780;7;0;9;1;2;4
202300026973;155 632 777;7;14;2;2;13;1
202300026973;155 632 778;7;0;2;1;1;1
202300026974;155 632 775;7;0;2;1;1;1
202300026974;155 632 776;7;0;2;3;9;1
202300026975;155 632 774;32;0;0;1;14;1
202300026976;155 632 773;10;7;0;1;13;1
202300026977;155 632 772;32;0;0;9;0;1
202300026978;155 632 771;7;2;0;1;13;1
202300026979;155 632 770;7;15;0;1;1;1
202300026980;155 632 769;36;0;0;0;15;1
202300026981;155 632 767;7;0;9;2;17;1
202300026981;155 632 768;1;0;2;3;0;5
202300026982;155 632 765;7;0;2;1;13;1
202300026982;155 632 766;7;0;2;3;1;1
202300026983;155 632 763;7;0;2;1;1;1
202300026983;155 632 764;30;0;2;1;1;1
202300026984;155 632 761;7;0;2;1;19;1
202300026984;155 632 762;7;0;2;3;1;1
202300026985;155 632 759;7;0;2;1;17;1
202300026985;155 632 760;7;0;2;6;15;1
202300026986;155 632 757;2;0;2;0;2;1
202300026986;155 632 758;7;0;2;3;1;1
202300026987;155 632 756;7;0;1;1;1;0
202300026988;155 632 754;99;0;2;1;13;1
202300026988;155 632 755;10;0;2;1;1;1
202300026989;155 632 753;33;0;0;1;1;1
202300026990;155 632 751;7;0;0;5;15;1
202300026990;155 632 752;33;0;2;1;1;1
202300026991;155 632 749;10;0;0;4;23;1
202300026991;155 632 750;33;1;2;1;2;1
202300026992;155 632 747;7;1;2;2;1;1
202300026992;155 632 748;1;0;0;4;1;5
202300026993;155 632 745;33;0;2;1;1;1
202300026993;155 632 746;7;0;2;7;15;1
202300026994;155 632 743;10;8;2;2;13;1
202300026994;155 632 744;7;13;2;7;14;1
202300026995;155 632 742;7;15;0;1;14;1
202300026996;155 632 740;1;15;0;0;21;5
202300026996;155 632 741;1;0;0;0;17;5
202300026997;155 632 738;7;0;2;1;13;1
202300026997;155 632 739;7;0;2;1;1;0
202300026998;155 632 735;33;11;0;8;17;1
202300026999;155 632 732;7;0;2;1;1;0
202300026999;155 632 733;30;0;0;3;15;1
202300027000;155 632 731;7;13;0;2;1;1
202300027001;155 632 729;33;0;2;7;13;1
202300027001;155 632 730;34;0;2;8;1;1
202300027002;155 632 727;15;0;0;8;1;0
202300027002;155 632 728;34;0;2;3;5;1
202300027003;155 632 725;33;0;2;3;1;1
202300027003;155 632 726;7;0;2;3;15;1
202300027004;155 632 722;7;4;0;3;0;1
202300027004;155 632 723;7;0;2;2;14;1
202300027004;155 632 724;7;0;2;6;1;1
202300027005;155 632 721;7;0;1;2;1;1
202300027006;155 632 719;7;0;2;1;16;1
202300027006;155 632 720;15;0;2;2;1;1
202300027007;155 632 718;7;1;1;6;4;1
202300027008;155 632 717;2;6;0;1;1;1
202300027009;155 632 715;7;0;2;1;13;1
202300027009;155 632 716;7;13;2;1;1;1
202300027010;155 632 713;7;0;2;1;1;1
202300027010;155 632 714;7;0;0;4;1;1
202300027011;155 632 711;7;0;2;8;11;0
202300027011;155 632 712;33;0;2;7;1;1
202300027012;155 632 709;17;0;2;7;12;1
202300027012;155 632 710;7;0;2;8;2;1
202300027013;155 632 707;7;0;2;4;1;1
202300027013;155 632 708;7;0;2;1;13;1
202300027014;155 632 705;7;0;2;1;2;1
202300027014;155 632 706;7;0;2;4;2;1
202300027015;155 632 704;31;16;0;8;3;1
202300027016;155 632 701;10;0;2;4;2;1
202300027016;155 632 702;14;0;2;4;2;1
202300027016;155 632 703;10;0;2;1;2;1
202300027017;155 632 698;33;0;2;0;3;1
202300027017;155 632 699;7;0;2;0;1;1
202300027017;155 632 700;17;0;2;8;1;6
202300027018;155 632 696;7;0;2;7;12;1
202300027018;155 632 697;33;0;2;6;3;1
202300027019;155 632 694;32;0;2;2;0;1
202300027019;155 632 695;7;0;2;3;11;1
202300027020;155 632 692;7;0;2;3;3;0
202300027020;155 632 693;7;0;2;2;1;0
202300027021;155 632 691;7;3;0;3;13;1
202300027022;155 632 689;33;0;2;7;3;1
202300027022;155 632 690;7;0;2;6;11;1
202300027023;155 632 685;7;0;2;5;1;1
202300027023;155 632 686;7;0;2;4;1;1
202300027023;155 632 687;33;0;2;5;3;1
202300027023;155 632 688;7;0;2;4;1;1
202300027024;155 632 683;7;0;2;8;11;1
202300027024;155 632 684;32;0;2;7;3;1
202300027025;155 632 682;33;4;0;8;1;1
202300027026;155 632 680;10;0;2;1;1;1
202300027026;155 632 681;10;0;2;4;1;1
202300027027;155 632 677;7;0;2;7;12;1
202300027027;155 632 678;33;0;2;3;3;1
202300027027;155 632 679;7;0;2;4;1;1
202300027028;155 632 675;7;0;2;4;2;2
202300027028;155 632 676;10;0;2;1;2;1
202300027029;155 632 673;15;0;2;2;12;1
202300027029;155 632 674;7;0;2;8;1;1
202300027030;155 632 670;7;0;2;7;12;1
202300027030;155 632 671;33;0;2;8;3;1
202300027030;155 632 672;7;0;2;4;1;1
202300027031;155 632 668;33;0;2;7;3;1
202300027031;155 632 669;7;0;2;8;11;1
202300027032;155 632 666;7;0;2;1;5;0
202300027032;155 632 667;10;0;2;1;1;0
202300027033;155 632 664;7;1;0;6;0;1
202300027033;155 632 665;7;1;0;4;16;1
202300027034;155 632 663;7;0;1;3;1;1
202300027035;155 632 661;80;0;2;5;16;3
202300027035;155 632 662;10;0;2;7;16;1
202300027036;155 632 659;32;0;2;8;1;1
202300027036;155 632 660;3;0;2;7;12;1
202300027037;155 632 658;40;0;1;2;1;3
202300027038;155 632 656;7;8;2;1;1;1
202300027038;155 632 657;7;0;2;4;1;1
202300027039;155 632 654;7;0;2;1;1;1
202300027039;155 632 655;7;0;2;4;23;1
202300027040;155 632 652;34;0;2;1;1;1
202300027040;155 632 653;7;0;2;8;1;1
202300027041;155 632 650;33;0;2;1;1;1
202300027041;155 632 651;10;0;2;4;1;1
202300027042;155 632 648;7;0;2;2;1;1
202300027042;155 632 649;7;0;2;1;1;1
202300027043;155 632 647;30;0;1;4;26;0
202300027044;155 632 645;7;0;2;5;12;1
202300027044;155 632 646;7;0;2;3;0;1
202300027045;155 632 643;33;0;2;1;1;1
202300027045;155 632 644;7;0;2;5;15;1
202300027046;155 632 639;7;0;2;1;2;1
202300027046;155 632 640;7;0;2;4;2;1
202300027046;155 632 641;7;0;2;4;2;1
202300027046;155 632 642;7;0;2;4;2;1
202300027047;155 632 638;7;0;1;1;16;0
202300027048;155 632 635;30;6;0;0;16;1
202300027049;155 632 633;7;0;2;2;15;1
202300027049;155 632 634;32;0;2;1;1;0
202300027050;155 632 631;1;0;2;1;25;5
202300027050;155 632 632;7;0;2;3;9;1
202300027051;155 632 629;13;0;2;0;12;0
202300027051;155 632 630;1;12;2;7;2;5
202300027052;155 632 628;10;0;1;1;1;1
202300027053;155 632 624;30;0;2;7;17;1
202300027053;155 632 625;7;0;2;8;15;1
202300027054;155 632 623;7;0;1;1;1;1
202300027055;155 632 621;14;0;2;1;1;1
202300027055;155 632 622;7;0;0;4;1;4
202300027056;155 632 619;33;0;2;8;1;1
202300027056;155 632 620;7;0;2;1;15;1
202300027057;155 632 617;7;0;2;8;1;1
202300027057;155 632 618;1;0;0;0;0;5
202300027058;155 632 615;50;0;2;1;19;3
202300027058;155 632 616;7;0;2;2;1;1
202300027059;155 632 614;7;0;1;2;1;1
202300027060;155 632 612;1;0;2;8;1;5
202300027060;155 632 613;7;0;2;5;16;1
202300027061;155 632 610;7;0;2;3;0;1
202300027061;155 632 611;37;0;2;2;1;1
202300027062;155 632 608;7;0;2;3;1;1
202300027062;155 632 609;7;0;2;2;16;1
202300027063;155 632 606;7;0;2;4;23;1
202300027063;155 632 607;2;0;2;1;1;1
202300027064;155 632 604;7;0;2;8;15;1
202300027064;155 632 605;31;0;2;1;1;3
202300027065;155 632 602;7;0;2;3;2;2
202300027065;155 632 603;2;0;2;4;2;1
202300027066;155 632 600;1;0;2;8;2;5
202300027066;155 632 601;37;0;2;7;2;1
202300027067;155 632 598;7;0;2;3;1;3
202300027067;155 632 599;7;0;2;1;5;1
202300027068;155 632 597;40;0;1;3;1;3
202300027069;155 632 595;7;0;2;0;15;0
202300027069;155 632 596;30;0;2;1;17;1
202300027070;155 632 593;7;16;2;8;13;1