Num_Acc;id_vehicule;categorie_vehicule;obstacle_fixe;obstacle_mobile;point_choc_initial;manoeuvre_principale;motorisation
202300027070;155 632 594;15;0;2;2;17;1
202300027071;155 632 592;7;4;0;1;17;1
202300027072;155 632 591;7;0;1;1;1;1
202300027073;155 632 589;33;0;2;1;1;1
202300027073;155 632 590;7;0;2;1;15;0
202300027074;155 632 586;30;13;0;3;13;1
202300027075;155 632 584;33;0;2;1;17;1
202300027075;155 632 585;7;0;2;4;15;1
202300027076;155 632 582;10;0;2;2;15;1
202300027076;155 632 583;7;0;2;1;1;1
202300027077;155 632 580;43;0;2;3;0;1
202300027077;155 632 581;0;0;2;0;0;0
202300027078;155 632 577;7;1;1;1;1;1
202300027078;155 632 578;7;0;2;1;2;1
202300027078;155 632 579;7;0;2;8;24;1
202300027079;155 632 575;7;0;2;1;1;1
202300027079;155 632 576;7;6;2;7;1;2
202300027080;155 632 574;3;0;0;1;21;3
202300027081;155 632 573;7;8;0;1;13;1
202300027082;155 632 572;7;8;0;1;13;1
202300027083;155 632 570;7;0;2;3;15;1
202300027083;155 632 571;7;0;2;2;17;1
202300027084;155 632 567;10;0;2;3;22;1
202300027084;155 632 568;43;0;2;1;3;1
202300027084;155 632 569;7;0;2;4;1;1
202300027085;155 632 565;50;0;2;8;2;3
202300027085;155 632 566;7;0;2;2;2;1
202300027086;155 632 563;33;0;2;1;1;1
202300027086;155 632 564;99;0;2;6;15;3
202300027087;155 632 562;30;0;1;1;11;1
202300027088;155 632 558;30;0;2;3;9;0
202300027088;155 632 559;1;0;2;0;1;5
202300027089;155 632 556;7;0;2;8;20;2
202300027089;155 632 557;60;1;2;2;1;5
202300027090;155 632 554;30;0;2;1;2;1
202300027090;155 632 555;1;0;2;8;19;5
202300027091;155 632 552;30;0;2;8;19;1
202300027091;155 632 553;32;0;2;1;0;1
202300027092;155 632 550;37;0;2;3;1;1
202300027092;155 632 551;7;0;2;1;1;1
202300027093;155 632 548;1;0;2;8;1;5
202300027093;155 632 549;10;0;2;2;17;1
202300027094;155 632 547;7;0;1;1;2;6
202300027095;155 632 544;30;0;2;8;1;1
202300027095;155 632 545;31;0;2;8;1;1
202300027095;155 632 546;7;0;2;1;15;1
202300027096;155 632 543;30;0;1;1;1;0
202300027097;155 632 541;7;0;2;1;15;1
202300027097;155 632 542;34;0;2;1;1;1
202300027098;155 632 539;7;0;0;2;12;0
202300027098;155 632 540;33;0;0;0;0;0
202300027099;155 632 538;10;0;1;4;4;1
202300027100;155 632 537;7;12;0;1;1;1
202300027101;155 632 535;32;0;2;8;1;1
202300027101;155 632 536;10;0;2;7;14;1
202300027102;155 632 534;1;1;2;0;3;5
202300027103;155 632 533;7;1;0;3;0;1
202300027104;155 632 531;43;0;2;1;15;1
202300027104;155 632 532;30;0;2;3;18;1
202300027105;155 632 529;7;0;2;1;2;1
202300027105;155 632 530;32;0;2;4;23;1
202300027106;155 632 527;7;0;2;1;1;1
202300027106;155 632 528;1;0;2;7;1;5
202300027107;155 632 525;1;0;2;1;1;5
202300027107;155 632 526;7;0;9;3;1;0
202300027108;155 632 524;40;0;1;1;1;0
202300027109;155 632 523;7;0;1;2;15;1
202300027110;155 632 521;50;0;2;7;25;3
202300027110;155 632 522;7;0;9;1;26;1
202300027111;155 632 519;50;0;2;0;0;3
202300027111;155 632 520;7;0;2;3;16;0
202300027112;155 632 518;7;1;1;4;4;2
202300027113;155 632 516;30;0;2;1;2;1
202300027113;155 632 517;10;0;2;4;1;1
202300027114;155 632 515;33;0;1;1;1;3
202300027115;155 632 513;7;0;2;1;1;2
202300027115;155 632 514;7;0;2;3;1;1
202300027116;155 632 511;1;0;2;1;1;5
202300027116;155 632 512;7;0;2;8;15;1
202300027117;155 632 510;7;6;0;1;17;1
202300027118;155 632 509;7;3;0;7;1;1
202300027119;155 632 507;80;0;2;1;5;3
202300027119;155 632 508;7;0;0;3;0;1
202300027120;155 632 506;50;0;0;9;1;3
202300027121;155 632 504;7;0;2;3;13;1
202300027121;155 632 505;15;15;2;3;1;1
202300027122;155 632 500;7;0;2;0;11;1
202300027122;155 632 501;33;0;2;0;3;1
202300027123;155 632 499;7;3;0;2;26;1
202300027124;155 632 497;7;0;2;6;15;1
202300027124;155 632 498;33;0;2;1;17;1
202300027125;155 632 495;14;0;2;1;1;1
202300027125;155 632 496;7;13;2;8;19;1
202300027126;155 632 492;7;0;2;1;13;1
202300027126;155 632 493;10;0;2;1;1;1
202300027126;155 632 494;7;0;2;8;1;1
202300027127;155 632 490;1;0;2;4;1;5
202300027127;155 632 491;7;0;2;1;17;0
202300027128;155 632 489;31;12;0;2;17;1
202300027129;155 632 488;7;1;0;3;0;1
202300027130;155 632 487;7;13;0;2;14;1
202300027131;155 632 485;7;0;0;5;15;1
202300027131;155 632 486;1;0;2;1;1;5
202300027132;155 632 484;7;8;0;0;0;1
202300027133;155 632 482;7;0;2;2;9;1
202300027133;155 632 483;7;0;2;1;1;1
202300027134;155 632 480;7;0;2;2;26;1
202300027134;155 632 481;33;0;2;1;13;1
202300027135;155 632 478;7;0;2;3;15;1
202300027135;155 632 479;32;0;2;1;1;1
202300027136;155 632 476;37;0;9;2;5;1
202300027136;155 632 477;1;0;2;1;1;5
202300027137;155 632 474;7;6;0;2;14;1
202300027138;155 632 472;10;0;2;1;19;1
202300027138;155 632 473;10;0;2;3;1;1
202300027139;155 632 470;13;0;2;6;19;1
202300027139;155 632 471;33;0;2;1;1;1
202300027140;155 632 467;7;0;2;1;1;1
202300027140;155 632 468;7;0;2;1;13;1
202300027140;155 632 469;7;0;2;6;1;1
202300027141;155 632 465;31;0;2;1;1;1
202300027141;155 632 466;1;0;2;1;19;5
202300027142;155 632 464;33;7;0;2;1;1
202300027143;155 632 463;7;0;1;1;1;1
202300027144;155 632 461;7;0;2;3;5;0
202300027144;155 632 462;14;0;2;2;21;1
202300027145;155 632 459;17;3;2;1;13;1
202300027145;155 632 460;7;0;2;2;17;6
202300027146;155 632 456;7;3;0;7;1;1
202300027146;155 632 457;7;4;0;6;1;1
202300027146;155 632 458;15;0;2;3;11;1
202300027147;155 632 455;10;14;0;0;2;1
202300027148;155 632 453;17;0;0;6;24;1
202300027148;155 632 454;7;0;2;2;14;1
202300027149;155 632 451;10;0;2;1;13;1
202300027149;155 632 452;14;0;2;3;1;1
202300027150;155 632 448;7;0;0;6;11;1
202300027150;155 632 449;7;0;0;2;1;1
202300027150;155 632 450;7;0;0;4;1;1
202300027151;155 632 447;33;0;0;0;1;1
202300027152;155 632 445;7;0;0;4;2;0
202300027152;155 632 446;7;0;0;1;2;0
202300027153;155 632 443;7;0;2;3;1;1
202300027153;155 632 444;2;0;2;3;1;1
202300027154;155 632 441;7;0;2;1;1;1
202300027154;155 632 442;7;0;2;1;13;1
202300027155;155 632 439;7;0;2;3;9;1
202300027155;155 632 440;2;0;2;1;1;1
202300027156;155 632 438;7;0;1;3;1;1
202300027157;155 632 436;10;0;0;3;19;1
202300027157;155 632 437;33;0;2;1;1;1
202300027158;155 632 432;7;3;0;4;2;1
202300027158;155 632 433;7;4;2;1;2;1
202300027158;155 632 434;7;15;2;3;2;1
202300027159;155 632 430;1;0;2;8;1;5
202300027159;155 632 431;2;0;2;8;13;1
202300027160;155 632 428;7;0;0;4;2;1
202300027160;155 632 429;7;0;2;1;2;1
202300027161;155 632 427;1;0;0;0;0;5
202300027162;155 632 425;7;0;2;3;26;1
202300027162;155 632 426;7;0;2;3;26;1
202300027163;155 632 423;7;0;2;6;1;1
202300027163;155 632 424;50;0;2;1;1;3
202300027164;155 632 420;7;0;2;1;2;1
202300027164;155 632 421;7;0;2;4;2;1
202300027164;155 632 422;7;0;2;6;23;1
202300027165;155 632 418;32;0;2;5;1;1
202300027165;155 632 419;7;0;2;1;9;1
202300027166;155 632 415;30;14;0;0;1;1
202300027167;155 632 414;34;8;0;1;1;1
202300027168;155 632 411;7;0;2;1;2;1
202300027168;155 632 412;7;0;2;1;13;1
202300027168;155 632 413;7;0;2;1;2;1
202300027169;155 632 406;7;0;2;4;1;1
202300027169;155 632 407;7;0;2;4;1;1
202300027169;155 632 408;7;0;2;4;1;1
202300027169;155 632 409;15;0;2;1;1;1
202300027169;155 632 410;7;0;2;4;1;1
202300027170;155 632 404;32;0;2;7;3;1
202300027170;155 632 405;7;0;2;3;11;2
202300027171;155 632 402;1;0;2;1;1;5
202300027171;155 632 403;7;0;2;3;1;1
202300027172;155 632 400;7;0;2;1;15;1
202300027172;155 632 401;33;0;2;1;1;1
202300027173;155 632 398;7;0;2;5;12;1
202300027173;155 632 399;37;0;2;3;7;1
202300027174;155 632 396;80;0;2;7;1;3
202300027174;155 632 397;10;0;2;1;1;3
202300027175;155 632 394;80;0;2;1;25;3
202300027175;155 632 395;33;0;2;1;9;1
202300027176;155 632 393;34;0;1;1;1;1
202300027177;155 632 391;1;0;2;1;1;5
202300027177;155 632 392;7;0;2;7;1;2
202300027178;155 632 390;10;0;1;2;16;1
202300027179;155 632 387;1;0;2;4;1;5
202300027179;155 632 388;7;0;2;3;22;3
202300027179;155 632 389;1;1;2;1;1;5
202300027180;155 632 385;1;0;2;4;1;5
202300027180;155 632 386;1;0;2;1;1;5
202300027181;155 632 384;7;0;1;1;2;0
202300027182;155 632 383;2;0;1;3;1;1
202300027183;155 632 382;50;0;1;1;1;3
202300027184;155 632 380;1;1;2;1;1;5
202300027184;155 632 381;10;0;2;3;24;1
202300027185;155 632 378;33;0;2;8;15;1
202300027185;155 632 379;7;0;2;2;2;1
202300027186;155 632 377;60;0;1;8;25;5
202300027187;155 632 376;1;0;1;1;1;5
202300027188;155 632 374;80;12;0;0;14;3
202300027189;155 632 373;30;0;0;0;21;1
202300027190;155 632 372;1;14;0;1;1;5
202300027191;155 632 370;1;0;2;4;23;5
202300027191;155 632 371;10;0;2;2;15;1
202300027192;155 632 368;50;0;2;7;1;3
202300027192;155 632 369;10;0;2;1;15;2
202300027193;155 632 367;7;0;1;1;2;1
202300027194;155 632 365;1;0;2;8;1;5
202300027194;155 632 366;7;0;2;3;15;1
202300027195;155 632 363;10;0;2;1;2;1
202300027195;155 632 364;7;0;2;0;9;1
202300027196;155 632 362;14;0;1;2;1;1
202300027197;155 632 361;7;0;1;2;1;1
202300027198;155 632 359;10;0;2;2;16;1
202300027198;155 632 360;2;0;2;1;1;1
202300027199;155 632 357;33;0;2;1;17;1
202300027199;155 632 358;7;1;0;2;15;1
202300027200;155 632 355;7;0;2;3;22;1
202300027200;155 632 356;1;1;0;1;17;5
202300027201;155 632 354;33;0;1;0;26;0
202300027202;155 632 353;7;0;1;4;9;1
202300027203;155 632 352;0;0;1;1;1;0
202300027204;155 632 350;2;0;2;2;17;3
202300027204;155 632 351;10;0;2;3;2;1
202300027205;155 632 348;7;0;2;2;15;1
202300027205;155 632 349;7;0;2;3;1;1
202300027206;155 632 346;1;0;2;8;19;5
202300027206;155 632 347;33;0;2;1;1;1
202300027207;155 632 344;7;0;2;3;1;2
202300027207;155 632 345;1;0;2;1;6;5
202300027208;155 632 341;2;0;2;1;16;1
202300027208;155 632 342;20;0;2;6;1;1
202300027209;155 632 340;10;0;1;4;4;1
202300027210;155 632 337;7;0;2;0;17;1
202300027210;155 632 338;7;0;2;1;1;1
202300027210;155 632 339;0;0;2;3;1;1
202300027211;155 632 335;7;0;2;2;15;1
202300027211;155 632 336;7;0;2;1;1;1
202300027212;155 632 332;7;0;2;3;11;1
202300027212;155 632 333;7;0;2;6;1;1
202300027212;155 632 334;7;0;2;3;1;1
202300027213;155 632 330;7;0;0;3;0;1
202300027213;155 632 331;33;0;0;3;0;1
202300027214;155 632 327;37;0;2;1;2;0
202300027214;155 632 328;14;0;2;4;2;1
202300027214;155 632 329;14;0;2;4;2;1
202300027215;155 632 325;7;0;2;3;2;1
202300027215;155 632 326;80;0;2;7;16;3
202300027216;155 632 323;7;0;2;2;1;1
202300027216;155 632 324;2;0;2;1;1;1
202300027217;155 632 321;7;0;2;1;1;0
202300027217;155 632 322;33;0;2;1;17;1
202300027218;155 632 319;2;0;2;8;9;1
202300027218;155 632 320;99;0;2;2;21;1
202300027219;155 632 317;7;0;2;3;13;1
202300027219;155 632 318;7;0;2;3;1;1
202300027220;155 632 316;2;0;0;7;16;1
202300027221;155 632 314;31;0;2;1;17;1
202300027221;155 632 315;33;0;2;1;17;1
202300027222;155 632 313;7;8;0;3;1;1
202300027223;155 632 312;7;7;0;8;1;1
202300027224;155 632 311;7;2;0;3;1;1
202300027225;155 632 309;7;0;2;2;2;1
202300027225;155 632 310;50;0;2;4;1;3
202300027226;155 632 307;7;0;2;2;2;1
202300027226;155 632 308;1;0;2;0;2;5
202300027227;155 632 305;2;0;2;1;1;1
202300027227;155 632 306;7;0;2;3;10;1
202300027228;155 632 303;1;0;2;1;1;5
202300027228;155 632 304;7;0;2;5;15;1
202300027229;155 632 301;21;0;2;1;5;0
202300027229;155 632 302;7;0;2;1;1;0
202300027230;155 632 299;10;0;9;2;2;1
202300027230;155 632 300;1;0;2;4;2;5
202300027231;155 632 298;7;8;0;1;1;1
202300027232;155 632 295;99;0;1;7;17;1
202300027233;155 632 294;33;13;0;1;0;1
202300027234;155 632 292;2;0;2;7;19;1
202300027234;155 632 293;7;0;2;1;1;2
202300027235;155 632 291;1;0;0;0;9;5
202300027236;155 632 289;7;0;2;1;17;1
202300027236;155 632 290;7;0;2;1;1;1
202300027237;155 632 286;3;0;2;4;1;3
202300027237;155 632 287;7;0;2;1;2;1
202300027238;155 632 284;7;0;0;0;1;1
202300027238;155 632 285;7;0;2;1;1;1
202300027239;155 632 282;7;0;2;3;13;1
202300027239;155 632 283;7;0;2;3;13;1
202300027240;155 632 280;7;9;2;7;1;1
202300027240;155 632 281;7;6;2;1;1;1
202300027241;155 632 278;7;0;0;3;21;1
202300027241;155 632 279;7;0;0;3;1;1
202300027242;155 632 277;32;0;1;2;18;1
202300027243;155 632 275;7;0;2;3;26;1
202300027243;155 632 276;80;0;2;1;19;3
202300027244;155 632 274;33;5;0;1;1;1
202300027245;155 632 272;33;0;2;1;3;1
202300027245;155 632 273;7;0;2;1;15;1
202300027246;155 632 270;7;0;2;1;0;1
202300027246;155 632 271;7;0;2;1;5;1
202300027247;155 632 269;33;0;0;2;0;1
202300027248;155 632 267;7;0;2;3;16;1
202300027248;155 632 268;1;0;2;1;1;5
202300027249;155 632 265;7;0;2;2;17;1
202300027249;155 632 266;1;0;2;8;13;5
202300027250;155 632 264;31;0;0;0;1;1
202300027251;155 632 262;10;0;2;1;13;1
202300027251;155 632 263;7;0;2;1;1;1
202300027252;155 632 260;7;0;2;1;1;1
202300027252;155 632 261;31;0;2;1;1;1
202300027253;155 632 258;7;0;2;8;9;1
202300027253;155 632 259;1;0;2;2;1;5
202300027254;155 632 255;7;0;2;6;23;0
202300027254;155 632 256;7;0;2;2;2;2
202300027254;155 632 257;10;0;2;3;1;1
202300027255;155 632 253;10;0;0;7;1;1
202300027255;155 632 254;30;0;2;1;1;1
202300027256;155 632 251;33;0;2;1;17;1
202300027256;155 632 252;7;0;2;1;1;1
202300027257;155 632 250;7;0;1;8;1;1
202300027258;155 632 249;7;13;0;1;1;1
202300027259;155 632 247;1;0;2;2;0;5
202300027259;155 632 248;10;0;2;2;16;1
202300027260;155 632 245;33;0;2;8;1;1
202300027260;155 632 246;7;0;2;7;17;1
202300027261;155 632 243;7;0;2;6;1;1
202300027261;155 632 244;15;0;2;2;12;1
202300027262;155 632 242;33;4;0;1;2;0
202300027263;155 632 240;33;0;2;1;1;1
202300027263;155 632 241;7;0;2;4;1;1
202300027264;155 632 237;7;0;2;4;2;1
202300027264;155 632 238;7;0;2;4;2;1
202300027264;155 632 239;7;0;2;1;2;1
202300027265;155 632 235;33;0;2;8;2;1
202300027265;155 632 236;7;0;2;5;0;1
202300027266;155 632 233;7;0;2;5;12;1
202300027266;155 632 234;33;0;2;8;1;1
202300027267;155 632 231;10;0;2;8;11;1
202300027267;155 632 232;33;0;2;7;3;1
202300027268;155 632 228;10;0;2;2;1;1
202300027268;155 632 229;7;0;2;3;1;1
202300027268;155 632 230;33;0;2;1;1;1
202300027269;155 632 226;33;0;2;2;3;1
202300027269;155 632 227;7;0;2;6;11;1
202300027270;155 632 224;7;0;2;1;1;1
202300027270;155 632 225;7;0;2;4;1;1
202300027271;155 632 222;33;0;2;7;1;1
202300027271;155 632 223;33;0;2;8;13;1
202300027272;155 632 220;33;0;2;7;1;1
202300027272;155 632 221;7;0;2;8;11;1
202300027273;155 632 218;2;0;2;1;1;1
202300027273;155 632 219;7;0;2;6;13;1
202300027274;155 632 214;7;3;2;7;5;1
202300027274;155 632 215;7;0;2;1;1;1
202300027274;155 632 216;7;0;9;1;1;1
202300027274;155 632 217;7;0;2;3;1;1
202300027275;155 632 213;7;2;0;1;1;1
202300027276;155 632 211;7;0;2;2;16;1
202300027276;155 632 212;33;8;2;3;18;1
202300027277;155 632 209;7;0;2;7;2;1
202300027277;155 632 210;37;0;2;6;23;1
202300027278;155 632 207;33;0;2;4;2;1
202300027278;155 632 208;2;0;2;4;2;1
202300027279;155 632 205;7;0;2;3;1;1
202300027279;155 632 206;30;0;2;1;13;1
202300027280;155 632 201;7;0;2;4;2;1
202300027280;155 632 202;7;0;2;4;2;1
202300027280;155 632 203;7;0;2;4;2;1
202300027280;155 632 204;7;0;2;1;2;1
202300027281;155 632 200;50;1;0;1;21;3
202300027282;155 632 198;2;0;2;4;15;1
202300027282;155 632 199;7;0;2;1;2;2
202300027283;155 632 197;2;0;0;8;1;1
202300027284;155 632 195;2;0;2;7;1;1
202300027284;155 632 196;7;0;9;3;19;0
202300027285;155 632 193;7;0;2;5;15;1
202300027285;155 632 194;33;0;2;1;1;1
202300027286;155 632 192;7;9;0;1;26;0
202300027287;155 632 190;7;0;2;3;11;3
202300027287;155 632 191;34;0;2;7;12;1
202300027288;155 632 189;7;0;1;1;1;1
202300027289;155 632 187;7;0;2;1;1;1
202300027289;155 632 188;43;0;2;8;1;1
202300027290;155 632 186;7;2;0;8;26;1
202300027291;155 632 185;99;0;1;1;2;0
202300027292;155 632 183;7;0;0;3;15;1
202300027292;155 632 184;33;0;2;6;1;1
202300027293;155 632 178;7;0;1;1;26;1
202300027294;155 632 176;31;0;2;7;2;1
202300027294;155 632 177;7;0;2;3;15;1
202300027295;155 632 174;7;0;2;6;1;0
202300027295;155 632 175;7;0;2;1;2;0
202300027296;155 632 172;7;0;2;3;1;1
202300027296;155 632 173;99;15;2;2;1;1
202300027297;155 632 171;80;0;0;8;1;3
202300027298;155 632 169;21;0;2;2;9;1
202300027298;155 632 170;7;0;2;1;9;2
202300027299;155 632 167;31;0;2;1;1;1
202300027299;155 632 168;7;0;2;1;15;1
202300027300;155 632 166;7;2;0;1;1;1
202300027301;155 632 164;7;0;2;2;17;1
202300027301;155 632 165;1;0;2;4;1;5
202300027302;155 632 162;7;0;2;2;16;1
202300027302;155 632 163;1;0;2;8;2;5
202300027303;155 632 160;7;0;2;3;15;1
202300027303;155 632 161;2;0;2;1;1;1
202300027304;155 632 159;7;0;1;1;1;0
202300027305;155 632 157;7;1;0;3;22;1
202300027305;155 632 158;1;0;2;1;0;5
202300027306;155 632 155;7;11;0;3;1;1
202300027307;155 632 153;50;0;2;0;0;3
202300027307;155 632 154;7;0;9;0;0;0
202300027308;155 632 151;1;0;2;3;1;5
202300027308;155 632 152;7;0;2;0;17;0
202300027309;155 632 149;7;0;9;7;1;1
202300027309;155 632 150;50;0;2;2;5;3
202300027310;155 632 146;7;4;0;1;5;1
202300027311;155 632 144;7;0;2;6;6;1
202300027311;155 632 145;33;0;2;1;17;1
202300027312;155 632 142;10;0;2;1;1;1
202300027312;155 632 143;34;8;2;8;1;1
202300027313;155 632 139;60;0;0;7;1;5
202300027313;155 632 140;7;0;2;1;1;1
202300027314;155 632 137;1;0;2;1;1;5
202300027314;155 632 138;7;0;2;3;16;1
202300027315;155 632 135;7;0;2;1;5;1
202300027315;155 632 136;7;0;2;1;1;1
202300027316;155 632 133;33;0;2;1;1;1
202300027316;155 632 134;7;0;2;3;9;1
202300027317;155 632 132;33;0;0;0;17;1
202300027318;155 632 131;10;3;0;1;0;0
202300027319;155 632 129;50;0;2;1;26;3
202300027319;155 632 130;7;0;2;5;1;1
202300027320;155 632 127;33;0;2;8;16;1
202300027320;155 632 128;33;0;2;8;15;1
202300027321;155 632 126;7;0;1;7;15;1
202300027322;155 632 124;7;0;2;3;24;1
202300027322;155 632 125;50;0;2;0;0;3
202300027323;155 632 121;7;0;2;1;1;1
202300027323;155 632 122;7;0;2;4;1;1
202300027323;155 632 123;7;0;2;4;1;1
202300027324;155 632 120;33;0;0;0;0;1
202300027325;155 632 117;10;0;2;4;2;1
202300027325;155 632 118;10;0;2;1;2;1
202300027325;155 632 119;10;0;2;4;2;1
202300027326;155 632 115;7;0;2;3;1;1
202300027326;155 632 116;7;0;2;3;5;1
202300027327;155 632 113;1;0;2;8;19;5
202300027327;155 632 114;7;0;0;0;0;1
202300027328;155 632 111;50;0;2;1;13;3
202300027328;155 632 112;1;0;2;1;1;5
202300027329;155 632 110;7;0;1;1;16;1
202300027330;155 632 107;7;0;2;4;1;1
202300027330;155 632 108;33;0;2;1;1;1
202300027330;155 632 109;7;0;2;4;1;1
202300027331;155 632 106;7;0;1;3;15;1
202300027332;155 632 104;33;0;2;0;9;1
202300027332;155 632 105;7;0;2;8;16;1
202300027333;155 632 102;7;0;2;8;22;1
202300027333;155 632 103;80;1;0;2;1;3
202300027334;155 632 100;7;0;2;5;15;1
202300027334;155 632 101;33;0;2;1;1;1
202300027335;155 632 099;7;15;0;1;1;1
202300027336;155 632 097;7;0;2;1;1;1
202300027336;155 632 098;30;0;2;1;15;0
202300027337;155 632 096;7;0;1;5;4;1
202300027338;155 632 094;7;0;2;6;10;1
202300027338;155 632 095;31;0;2;1;7;1
202300027339;155 632 093;33;1;0;1;13;1
202300027340;155 632 092;2;0;2;1;21;1
202300027341;155 632 088;7;0;2;1;1;1
202300027341;155 632 089;1;0;2;7;19;5
202300027342;155 632 087;7;0;1;3;1;1
202300027343;155 632 085;7;0;0;0;15;1
202300027343;155 632 086;33;0;0;0;1;1
202300027344;155 632 083;7;0;2;8;11;1
202300027344;155 632 084;32;0;2;1;17;1
202300027345;155 632 082;7;0;1;3;1;1
202300027346;155 632 081;7;0;1;2;1;1
202300027347;155 632 080;7;0;1;3;1;1
202300027348;155 632 076;7;0;2;1;1;1
202300027348;155 632 077;7;0;2;2;15;1
202300027349;155 632 074;7;0;2;8;15;1
202300027349;155 632 075;50;0;2;1;0;3
202300027350;155 632 072;7;0;2;4;2;1
202300027350;155 632 073;7;0;2;1;2;1
202300027351;155 632 071;7;4;0;0;1;1
202300027352;155 632 069;7;0;2;1;1;1
202300027352;155 632 070;7;0;2;4;1;1
202300027353;155 632 067;7;1;2;1;26;1
202300027353;155 632 068;7;0;2;4;24;1
202300027354;155 632 064;7;0;2;4;2;1
202300027354;155 632 065;7;0;2;4;2;1
202300027354;155 632 066;10;1;2;1;2;1
202300027355;155 632 062;33;0;2;1;3;1
202300027355;155 632 063;10;0;2;6;11;1
202300027356;155 632 060;7;0;2;2;0;1
202300027356;155 632 061;7;0;2;6;0;1
202300027357;155 632 059;7;0;9;1;1;1
202300027358;155 632 058;7;4;0;2;1;1
202300027359;155 632 057;7;4;0;2;14;1
202300027360;155 632 056;7;0;1;7;16;1
202300027361;155 632 053;2;0;0;0;2;1
202300027362;155 632 052;7;0;0;9;21;1
202300027363;155 632 051;7;0;1;2;21;1
202300027364;155 632 049;1;0;2;1;13;5
202300027364;155 632 050;7;0;9;1;1;1
202300027365;155 632 047;7;0;2;1;2;1
202300027365;155 632 048;7;0;2;4;2;1
202300027366;155 632 045;7;0;2;2;2;0
202300027366;155 632 046;7;0;2;6;1;0
202300027367;155 632 043;7;0;2;3;13;1
202300027367;155 632 044;7;0;2;3;1;1
202300027368;155 632 040;33;14;0;1;2;1
202300027368;155 632 041;7;14;0;4;23;1
202300027368;155 632 042;7;0;0;4;23;1
202300027369;155 632 038;50;0;2;3;1;3
202300027369;155 632 039;10;0;0;5;16;1
202300027370;155 632 036;30;0;2;7;1;1
202300027370;155 632 037;7;0;2;8;16;2
202300027371;155 632 034;13;0;2;1;1;1
202300027371;155 632 035;7;0;2;1;6;1
202300027372;155 632 033;10;0;1;2;15;1
202300027373;155 632 032;1;1;0;7;21;5
202300027374;155 632 030;7;0;0;1;1;1
202300027374;155 632 031;7;0;2;5;5;1
202300027375;155 632 029;7;4;0;1;1;1
202300027376;155 632 028;50;1;0;1;14;3
202300027377;155 632 027;7;14;0;2;1;1
202300027378;155 632 026;7;15;0;1;9;1
202300027379;155 632 024;1;0;2;5;1;5
202300027379;155 632 025;7;0;2;1;9;2
202300027380;155 632 022;32;0;0;7;1;1
202300027380;155 632 023;7;0;0;0;15;1
202300027381;155 632 019;7;0;0;4;15;1
202300027381;155 632 020;7;0;2;1;1;2
202300027381;155 632 021;7;0;2;4;0;1
202300027382;155 632 017;10;0;2;1;0;1
202300027382;155 632 018;10;0;0;4;1;1
202300027383;155 632 016;50;0;0;0;1;3
202300027384;155 632 014;33;0;2;4;1;1
202300027384;155 632 015;7;0;2;2;2;1
202300027385;155 632 008;7;0;2;7;15;1
202300027385;155 632 009;7;0;2;1;11;1
202300027386;155 632 006;7;0;9;3;19;1
202300027386;155 632 007;2;0;2;8;1;1
202300027387;155 632 005;7;0;1;1;20;1
202300027388;155 632 001;7;0;2;2;15;1
202300027388;155 632 003;50;0;2;0;0;3
202300027389;155 631 999;7;0;2;3;20;1
202300027389;155 632 000;30;0;2;3;2;1
202300027390;155 631 997;7;0;2;1;1;1
202300027390;155 631 998;10;0;2;4;1;1
202300027391;155 631 995;7;0;2;2;15;0
202300027391;155 631 996;7;0;2;1;1;1
202300027392;155 631 993;10;0;2;1;13;1
202300027392;155 631 994;10;0;2;1;1;1
202300027393;155 631 989;33;0;2;7;3;1
202300027393;155 631 992;7;0;2;2;15;1
202300027394;155 631 990;7;0;2;2;15;1
202300027394;155 631 991;2;0;2;1;1;1
202300027395;155 631 986;7;0;2;0;0;6
202300027395;155 631 988;7;0;2;6;0;0
202300027396;155 631 983;7;0;2;4;2;1
202300027396;155 631 985;7;0;2;4;2;1
202300027396;155 631 987;7;0;2;1;1;1
202300027397;155 631 982;7;0;2;1;2;1
202300027397;155 631 984;7;0;2;4;2;1
202300027398;155 631 979;7;0;2;8;1;1
202300027398;155 631 981;30;0;2;8;16;1
202300027399;155 631 978;7;0;2;1;2;1
202300027399;155 631 980;7;0;0;4;23;1
202300027400;155 631 976;7;0;2;6;26;1
202300027400;155 631 977;34;0;2;2;21;0
202300027401;155 631 974;31;0;2;1;1;
202300027401;155 631 975;7;0;2;2;15;
202300027402;155 631 971;7;0;2;4;2;1
202300027402;155 631 972;7;0;2;1;2;1
202300027403;155 631 970;31;0;2;3;1;1
202300027403;155 631 973;7;0;2;6;15;1
202300027404;155 631 969;2;0;0;8;16;1
202300027405;155 631 966;7;0;2;1;9;1
202300027405;155 631 968;7;0;2;3;9;1
202300027406;155 631 967;7;0;1;1;1;3
202300027407;155 631 964;7;0;2;5;1;0
202300027407;155 631 965;43;0;2;3;3;1
202300027408;155 631 963;7;6;0;1;19;1
202300027409;155 631 961;50;0;2;0;26;3
202300027409;155 631 962;7;0;2;1;1;1
202300027410;155 631 959;7;9;0;1;26;1
202300027411;155 631 957;7;0;2;1;9;1