Num_Acc;id_vehicule;categorie_vehicule;obstacle_fixe;obstacle_mobile;point_choc_initial;manoeuvre_principale;motorisation
202300027411;155 631 958;1;0;2;4;1;5
202300027412;155 631 955;7;0;2;7;15;1
202300027412;155 631 956;34;0;2;1;1;1
202300027413;155 631 953;30;0;2;1;1;1
202300027413;155 631 954;10;0;2;4;2;1
202300027414;155 631 951;7;0;2;2;15;1
202300027414;155 631 952;33;0;2;1;1;1
202300027415;155 631 950;7;4;0;1;13;1
202300027416;155 631 948;7;0;2;3;16;1
202300027416;155 631 949;7;0;2;3;13;1
202300027417;155 631 946;1;0;2;2;16;5
202300027417;155 631 947;7;0;2;3;15;1
202300027418;155 631 944;7;1;2;1;3;1
202300027418;155 631 945;7;14;2;1;21;1
202300027419;155 631 942;1;0;2;3;9;5
202300027419;155 631 943;7;0;2;3;1;1
202300027420;155 631 940;7;0;2;8;1;1
202300027420;155 631 941;7;0;2;1;5;1
202300027421;155 631 939;3;0;1;0;1;0
202300027422;155 631 937;33;0;2;8;26;1
202300027422;155 631 938;30;0;2;8;26;1
202300027423;155 631 936;7;0;1;1;16;1
202300027424;155 631 934;21;0;2;6;1;1
202300027424;155 631 935;33;0;2;2;17;1
202300027425;155 631 932;7;0;2;4;2;1
202300027425;155 631 933;7;0;2;1;2;1
202300027426;155 631 930;7;0;2;7;1;1
202300027426;155 631 931;1;0;2;1;25;5
202300027427;155 631 929;33;0;0;0;16;1
202300027428;155 631 927;7;0;2;1;2;1
202300027428;155 631 928;1;0;2;4;2;5
202300027429;155 631 925;7;0;2;4;2;1
202300027429;155 631 926;7;0;2;3;2;1
202300027430;155 631 923;33;0;2;1;1;1
202300027430;155 631 924;7;0;2;5;15;1
202300027431;155 631 960;7;0;1;1;1;1
202300027432;155 631 920;30;0;2;1;13;1
202300027432;155 631 922;7;0;0;3;0;0
202300027433;155 631 919;7;0;2;2;18;1
202300027433;155 631 921;2;0;2;8;1;1
202300027434;155 631 917;7;0;1;1;2;1
202300027435;155 631 916;30;0;2;1;1;1
202300027435;155 631 918;7;0;2;1;1;0
202300027436;155 631 914;32;4;0;8;13;1
202300027437;155 631 912;17;0;2;2;12;1
202300027437;155 631 913;7;0;2;8;1;1
202300027438;155 631 911;7;0;2;3;15;1
202300027438;155 631 915;30;0;2;2;17;1
202300027439;155 631 908;7;0;2;2;10;2
202300027439;155 631 910;33;0;2;3;1;1
202300027440;155 631 907;7;0;2;6;2;1
202300027440;155 631 909;7;0;2;2;2;1
202300027441;155 631 906;1;12;0;1;19;5
202300027442;155 631 904;33;0;2;1;1;1
202300027442;155 631 905;7;0;2;6;15;1
202300027443;155 631 903;7;0;1;1;1;1
202300027444;155 631 901;50;0;2;1;1;3
202300027444;155 631 902;7;0;2;2;16;1
202300027445;155 631 899;7;0;2;2;1;1
202300027445;155 631 900;50;0;2;6;1;3
202300027446;155 631 898;7;0;1;1;1;1
202300027447;155 631 897;1;0;1;1;16;5
202300027448;155 631 896;30;12;;;1;1
202300027449;155 631 892;7;0;2;4;12;1
202300027449;155 631 894;7;0;2;1;2;1
202300027450;155 631 893;2;0;2;1;1;3
202300027450;155 631 895;1;0;2;4;1;5
202300027451;155 631 890;7;0;2;6;1;1
202300027451;155 631 891;7;0;2;1;9;1
202300027452;155 631 888;7;0;2;3;13;2
202300027452;155 631 889;50;0;2;2;17;3
202300027453;155 631 886;7;0;2;0;0;0
202300027453;155 631 887;33;0;2;7;26;1
202300027454;155 631 885;33;0;0;7;16;1
202300027455;155 631 884;33;8;0;1;9;1
202300027456;155 631 882;1;0;2;7;15;5
202300027456;155 631 883;7;0;2;3;1;2
202300027457;155 631 880;32;0;2;1;1;1
202300027457;155 631 881;10;0;2;4;1;1
202300027458;155 631 878;50;0;2;3;1;3
202300027458;155 631 879;10;0;2;1;1;5
202300027459;155 631 877;7;0;1;2;15;1
202300027460;155 631 874;31;0;2;1;1;1
202300027460;155 631 876;7;0;2;5;15;1
202300027461;155 631 873;7;0;9;5;19;1
202300027461;155 631 875;80;0;2;1;1;3
202300027462;155 631 871;50;0;2;1;5;3
202300027462;155 631 872;10;0;2;3;1;1
202300027463;155 631 869;7;8;9;3;1;1
202300027463;155 631 870;50;0;2;1;11;3
202300027464;155 631 868;33;1;0;8;1;1
202300027465;155 631 864;1;0;0;0;1;5
202300027466;155 631 863;7;0;2;1;2;1
202300027466;155 631 866;10;0;2;4;2;1
202300027467;155 631 865;1;0;9;3;5;5
202300027467;155 631 867;37;0;9;3;1;0
202300027468;155 631 862;43;4;0;1;14;1
202300027469;155 631 861;33;8;0;0;9;1
202300027470;155 631 860;10;0;1;6;4;1
202300027471;155 631 859;7;0;1;4;20;1
202300027472;155 631 858;7;8;0;2;2;1
202300027473;155 631 857;10;1;1;1;5;1
202300027474;155 631 855;10;4;0;1;1;0
202300027475;155 631 853;1;0;2;8;19;5
202300027475;155 631 854;32;0;2;1;1;1
202300027476;155 631 852;7;0;2;4;2;0
202300027476;155 631 856;7;0;2;1;1;0
202300027477;155 631 850;7;0;1;1;1;1
202300027478;155 631 847;2;0;1;7;1;0
202300027479;155 631 846;7;0;2;2;1;1
202300027479;155 631 848;7;0;2;1;1;1
202300027479;155 631 849;7;0;2;4;1;1
202300027480;155 631 843;10;0;1;2;1;1
202300027481;155 631 844;7;0;2;0;11;0
202300027481;155 631 845;31;0;2;8;3;1
202300027482;155 631 842;36;0;0;0;13;1
202300027483;155 631 839;1;0;2;3;2;5
202300027483;155 631 841;7;0;2;3;2;1
202300027484;155 631 838;7;4;0;1;0;1
202300027485;155 631 837;7;0;2;5;12;1
202300027485;155 631 840;33;0;2;1;3;1
202300027486;155 631 836;7;0;1;2;17;2
202300027487;155 631 835;10;0;1;1;15;1
202300027488;155 631 834;7;0;1;6;20;1
202300027489;155 631 832;7;0;2;1;2;1
202300027489;155 631 833;37;1;0;4;23;1
202300027490;155 631 829;7;0;2;7;15;1
202300027490;155 631 831;33;0;2;0;1;1
202300027491;155 631 826;10;0;2;3;10;0
202300027491;155 631 828;33;0;2;0;0;0
202300027492;155 631 827;30;0;2;8;17;1
202300027492;155 631 830;30;0;2;8;1;1
202300027493;155 631 824;7;0;1;3;1;1
202300027494;155 631 822;7;0;2;4;1;1
202300027494;155 631 823;31;0;2;1;2;1
202300027495;155 631 819;33;0;0;0;1;1
202300027495;155 631 821;7;0;2;0;20;1
202300027496;155 631 818;31;0;2;1;2;1
202300027496;155 631 820;7;0;0;4;2;1
202300027497;155 631 817;7;0;1;2;1;1
202300027498;155 631 816;7;0;1;2;26;1
202300027499;155 631 815;7;13;0;0;1;1
202300027500;155 631 814;1;0;0;0;14;5
202300027501;155 631 812;33;0;2;3;13;1
202300027501;155 631 813;10;0;2;8;1;1
202300027502;155 631 810;7;0;1;1;1;1
202300027503;155 631 811;7;0;1;1;1;2
202300027504;155 631 808;2;0;0;0;1;0
202300027505;155 631 807;7;0;2;1;0;1
202300027505;155 631 809;7;0;2;1;0;1
202300027506;155 631 806;7;7;0;1;15;1
202300027507;155 631 804;7;0;2;1;2;1
202300027507;155 631 805;2;0;2;4;2;1
202300027508;155 631 803;14;2;0;0;1;0
202300027509;155 631 800;1;1;0;2;15;5
202300027510;155 631 799;31;0;2;0;3;1
202300027510;155 631 801;7;0;2;6;1;1
202300027510;155 631 802;10;0;2;8;9;1
202300027511;155 631 798;7;1;1;1;1;6
202300027512;155 631 794;7;0;2;1;1;1
202300027512;155 631 796;7;0;2;3;20;1
202300027513;155 631 795;33;0;2;7;17;1
202300027513;155 631 797;7;0;2;8;15;1
202300027514;155 631 791;7;2;0;1;1;1
202300027515;155 631 793;30;12;0;7;18;3
202300027516;155 631 790;7;1;2;1;2;1
202300027516;155 631 792;7;0;0;4;1;1
202300027517;155 631 785;1;0;2;8;15;5
202300027517;155 631 788;7;0;2;1;17;1
202300027518;155 631 786;2;0;2;8;15;1
202300027518;155 631 789;10;0;2;1;1;1
202300027519;155 631 784;33;0;2;2;3;1
202300027519;155 631 787;7;0;2;3;1;1
202300027520;155 631 782;7;0;1;3;1;1
202300027521;155 631 783;10;0;1;1;1;0
202300027522;155 631 780;7;13;0;3;13;1
202300027523;155 631 779;7;0;2;2;15;0
202300027523;155 631 781;2;0;2;1;26;1
202300027524;155 631 776;7;0;2;1;2;1
202300027524;155 631 777;7;7;0;3;1;1
202300027524;155 631 778;7;5;0;6;15;1
202300027525;155 631 773;7;0;2;1;17;1
202300027525;155 631 775;10;0;2;1;1;1
202300027526;155 631 772;7;0;2;3;10;0
202300027526;155 631 774;31;0;2;7;1;1
202300027527;155 631 770;33;0;2;1;1;1
202300027527;155 631 771;7;0;2;6;19;1
202300027528;155 631 767;7;0;2;2;1;1
202300027528;155 631 769;7;0;2;3;1;1
202300027529;155 631 766;10;0;1;2;20;0
202300027530;155 631 768;10;3;0;3;1;1
202300027531;155 631 765;37;0;1;2;1;1
202300027532;155 631 764;7;2;0;1;1;1
202300027533;155 631 762;1;0;2;8;19;5
202300027533;155 631 763;7;0;2;1;2;1
202300027534;155 631 760;10;0;2;2;2;1
202300027534;155 631 761;7;0;2;8;2;1
202300027535;155 631 758;7;1;0;2;1;3
202300027535;155 631 759;10;0;0;4;23;1
202300027536;155 631 757;7;0;1;2;1;1
202300027537;155 631 755;7;8;0;7;17;1
202300027538;155 631 753;7;0;2;1;1;1
202300027538;155 631 756;1;0;2;7;1;5
202300027539;155 631 752;10;0;2;1;19;1
202300027539;155 631 754;14;0;2;2;1;1
202300027540;155 631 750;10;0;2;1;1;1
202300027540;155 631 751;10;0;2;4;16;1
202300027541;155 631 749;7;2;0;1;1;1
202300027542;155 631 747;7;0;2;0;0;1
202300027542;155 631 748;7;0;2;0;0;1
202300027543;155 631 746;7;0;1;3;1;1
202300027544;155 631 745;7;0;1;2;1;1
202300027545;155 631 741;10;0;2;3;2;1
202300027545;155 631 744;2;0;2;0;2;1
202300027546;155 631 740;7;0;2;1;1;1
202300027546;155 631 742;7;0;2;3;17;1
202300027547;155 631 739;7;13;0;0;0;0
202300027548;155 631 738;7;15;0;1;1;1
202300027549;155 631 736;10;12;0;9;21;1
202300027550;155 631 735;2;0;2;3;1;0
202300027550;155 631 737;7;0;2;8;1;0
202300027551;155 631 733;7;0;2;1;9;1
202300027551;155 631 734;1;0;0;4;1;5
202300027552;155 631 730;1;0;0;4;2;5
202300027552;155 631 731;7;0;0;1;17;1
202300027553;155 631 725;33;0;2;1;1;1
202300027553;155 631 726;10;0;2;2;15;1
202300027554;155 631 724;7;0;2;7;1;1
202300027554;155 631 727;33;0;2;8;13;1
202300027554;155 631 732;7;0;9;0;1;1
202300027555;155 631 722;7;0;2;1;1;1
202300027555;155 631 723;3;0;2;1;13;1
202300027556;155 631 719;7;0;2;2;2;0
202300027556;155 631 721;1;0;2;4;2;5
202300027557;155 631 717;2;0;0;4;1;1
202300027557;155 631 720;7;0;2;2;1;1
202300027558;155 631 718;1;0;0;7;0;5
202300027559;155 631 716;1;16;0;0;0;5
202300027560;155 631 714;14;14;0;1;13;1
202300027561;155 631 713;10;0;2;3;15;1
202300027561;155 631 715;50;0;2;2;6;3
202300027562;155 631 710;7;0;1;1;1;1
202300027563;155 631 711;7;4;2;4;1;1
202300027563;155 631 712;7;0;2;1;1;2
202300027564;155 631 706;7;0;0;4;2;1
202300027564;155 631 709;31;0;2;1;2;1
202300027565;155 631 703;7;0;2;1;1;1
202300027565;155 631 705;7;0;2;4;1;1
202300027565;155 631 708;7;0;0;4;1;1
202300027566;155 631 704;30;0;1;1;1;1
202300027566;155 631 707;7;0;2;3;1;0
202300027567;155 631 700;2;0;9;0;0;1
202300027567;155 631 702;2;0;2;3;1;1
202300027568;155 631 698;7;0;2;1;13;1
202300027568;155 631 701;7;0;2;1;1;1
202300027569;155 631 699;7;1;0;1;1;1
202300027570;155 631 695;7;0;2;3;1;1
202300027570;155 631 696;10;0;2;3;1;1
202300027571;155 631 692;1;0;4;7;26;5
202300027571;155 631 694;39;0;9;1;0;3
202300027572;155 631 690;7;0;2;1;1;1
202300027572;155 631 691;1;0;0;8;19;5
202300027573;155 631 693;34;0;1;1;1;1
202300027574;155 631 689;7;2;0;1;1;1
202300027575;155 631 687;7;0;2;1;2;3
202300027575;155 631 688;2;0;2;4;2;1
202300027576;155 631 683;33;0;2;1;1;1
202300027576;155 631 685;7;0;2;3;9;1
202300027577;155 631 681;7;0;2;1;1;1
202300027577;155 631 684;7;0;2;1;13;1
202300027578;155 631 680;31;0;2;3;3;1
202300027578;155 631 682;15;0;2;2;1;1
202300027578;155 631 686;10;0;2;0;23;1
202300027579;155 631 677;15;3;2;1;1;1
202300027579;155 631 679;7;3;2;7;15;1
202300027580;155 631 676;7;0;2;1;13;1
202300027580;155 631 678;7;0;2;1;1;1
202300027581;155 631 675;7;0;1;2;16;1
202300027582;155 631 674;2;0;0;7;1;1
202300027583;155 631 671;2;0;2;1;2;1
202300027583;155 631 673;7;0;0;4;1;1
202300027584;155 631 669;7;0;9;2;2;1
202300027584;155 631 672;1;0;2;4;2;5
202300027585;155 631 668;2;0;2;1;1;1
202300027585;155 631 670;7;0;0;6;19;1
202300027586;155 631 667;10;0;0;9;0;1
202300027587;155 631 665;7;0;2;3;26;0
202300027587;155 631 666;7;0;2;2;1;0
202300027588;155 631 663;31;0;0;8;1;1
202300027589;155 631 662;7;0;2;1;1;1
202300027589;155 631 664;7;0;2;1;0;1
202300027590;155 631 661;7;13;0;7;21;1
202300027591;155 631 660;36;2;0;0;1;1
202300027592;155 631 658;7;0;2;2;15;0
202300027592;155 631 659;2;0;2;1;1;0
202300027593;155 631 657;7;0;0;3;26;0
202300027594;155 631 655;7;0;2;2;2;1
202300027594;155 631 656;7;0;2;1;5;1
202300027595;155 631 653;7;0;2;3;15;1
202300027595;155 631 654;7;0;2;2;1;1
202300027596;155 631 650;32;0;2;8;1;1
202300027596;155 631 652;7;0;2;3;15;1
202300027597;155 631 651;7;0;1;1;1;2
202300027598;155 631 646;7;0;2;1;0;1
202300027598;155 631 649;31;0;2;8;0;1
202300027599;155 631 647;33;0;0;1;5;1
202300027600;155 631 644;33;0;0;0;0;1
202300027601;155 631 642;7;13;2;3;1;1
202300027601;155 631 645;7;0;2;3;13;1
202300027601;155 631 648;10;0;2;8;26;1
202300027602;155 631 641;7;0;2;3;22;1
202300027602;155 631 643;1;1;0;7;1;5
202300027603;155 631 637;7;0;0;4;1;1
202300027603;155 631 639;7;0;0;1;2;1
202300027604;155 631 631;33;0;2;1;17;1
202300027604;155 631 633;35;0;2;8;15;1
202300027605;155 631 628;2;0;2;0;0;1
202300027605;155 631 635;34;0;2;0;0;1
202300027606;155 631 629;10;4;2;1;2;1
202300027606;155 631 630;10;4;2;4;2;1
202300027606;155 631 632;7;4;2;1;2;1
202300027606;155 631 634;7;4;2;4;2;1
202300027606;155 631 636;7;4;2;4;2;1
202300027606;155 631 638;7;4;2;1;2;1
202300027606;155 631 640;7;4;2;4;2;1
202300027607;155 631 626;7;0;0;0;2;1
202300027607;155 631 627;2;0;2;0;2;1
202300027608;155 631 625;15;4;0;1;1;1
202300027609;155 631 622;33;0;2;1;1;1
202300027609;155 631 624;7;0;2;8;26;1
202300027610;155 631 621;17;0;2;1;1;1
202300027610;155 631 623;7;4;0;3;1;1
202300027611;155 631 620;33;0;2;7;3;1
202300027612;155 631 618;33;0;0;7;0;1
202300027613;155 631 616;7;0;2;1;1;1
202300027613;155 631 619;7;0;2;1;17;1
202300027614;155 631 615;7;3;0;1;1;1
202300027615;155 631 614;1;0;2;6;15;5
202300027615;155 631 617;7;0;2;3;1;1
202300027616;155 631 612;10;0;2;2;1;1
202300027616;155 631 613;7;4;2;2;13;1
202300027617;155 631 610;7;0;2;8;1;1
202300027617;155 631 611;13;0;2;7;12;1
202300027618;155 631 608;7;3;0;3;1;1
202300027619;155 631 609;7;8;0;3;13;1
202300027620;155 631 607;7;5;0;1;1;1
202300027621;155 631 605;7;13;0;2;14;1
202300027622;155 631 604;7;0;2;3;9;1
202300027622;155 631 606;2;0;2;1;1;1
202300027623;155 631 603;7;4;0;2;1;2
202300027624;155 631 599;15;0;0;1;23;1
202300027624;155 631 601;7;0;2;1;5;1
202300027625;155 631 598;80;0;2;8;15;3
202300027625;155 631 600;7;0;2;2;2;1
202300027626;155 631 597;7;0;2;1;13;1
202300027626;155 631 602;14;0;2;3;14;1
202300027627;155 631 596;30;13;0;0;1;1
202300027628;155 631 595;7;0;1;2;13;1
202300027629;155 631 592;2;0;2;1;1;1
202300027629;155 631 594;7;0;2;3;15;1
202300027630;155 631 593;7;6;0;2;0;1
202300027631;155 631 590;30;5;2;3;17;6
202300027631;155 631 591;7;0;0;0;0;0
202300027632;155 631 588;7;2;0;1;13;1
202300027633;155 631 586;7;0;2;1;2;1
202300027633;155 631 587;7;0;2;4;2;1
202300027634;155 631 589;7;2;0;1;25;1
202300027635;155 631 583;80;0;0;0;0;3
202300027636;155 631 582;7;0;2;3;17;0
202300027636;155 631 585;2;0;2;2;17;1
202300027637;155 631 581;7;0;2;2;17;1
202300027637;155 631 584;7;0;2;6;1;1
202300027638;155 631 579;7;17;0;1;13;1
202300027639;155 631 580;7;0;1;4;4;1
202300027640;155 631 575;7;0;2;1;1;1
202300027640;155 631 577;7;0;0;8;19;1
202300027641;155 631 576;7;0;2;4;23;1
202300027641;155 631 578;7;0;2;1;1;0
202300027642;155 631 573;10;0;2;1;2;1
202300027642;155 631 574;7;0;2;4;1;1
202300027643;155 631 567;33;0;2;1;13;1
202300027643;155 631 569;7;0;2;3;1;1
202300027644;155 631 568;7;0;9;1;16;1
202300027644;155 631 571;50;0;2;7;1;3
202300027645;155 631 566;7;0;2;1;13;1
202300027645;155 631 570;7;0;2;1;1;1
202300027646;155 631 564;1;0;0;5;10;5
202300027646;155 631 565;7;0;2;2;1;3
202300027647;155 631 563;7;10;0;7;1;1
202300027648;155 631 560;7;0;2;1;2;1
202300027648;155 631 561;7;4;2;4;1;1
202300027648;155 631 562;14;0;2;1;2;1
202300027649;155 631 558;7;0;2;5;12;1
202300027649;155 631 559;33;0;2;1;2;1
202300027650;155 631 557;7;0;1;3;1;1
202300027651;155 631 556;7;0;1;4;4;1
202300027652;155 631 553;7;0;1;1;23;1
202300027653;155 631 554;2;1;0;1;1;1
202300027654;155 631 552;7;0;2;8;1;1
202300027654;155 631 555;7;0;2;5;12;1
202300027655;155 631 549;43;0;2;1;13;1
202300027655;155 631 551;7;0;2;3;1;1
202300027656;155 631 547;7;0;2;2;11;1
202300027656;155 631 550;7;0;2;1;26;1
202300027657;155 631 545;33;0;2;3;3;1
202300027657;155 631 548;7;0;2;5;14;1
202300027658;155 631 541;7;13;5;1;1;1
202300027658;155 631 543;13;0;5;2;1;1
202300027658;155 631 544;7;0;5;7;1;2
202300027658;155 631 546;7;14;0;1;1;1
202300027659;155 631 535;31;0;0;0;1;1
202300027660;155 631 532;7;0;2;1;1;1
202300027660;155 631 534;7;0;2;6;2;1
202300027660;155 631 536;10;0;2;1;2;1
202300027660;155 631 538;7;0;2;1;2;1
202300027660;155 631 539;7;0;2;4;2;1
202300027661;155 631 533;10;0;2;3;19;1
202300027661;155 631 537;7;0;2;2;1;1
202300027662;155 631 528;7;0;2;3;1;1
202300027662;155 631 530;7;0;2;2;12;1
202300027663;155 631 529;37;0;2;5;1;0
202300027663;155 631 531;7;0;2;1;11;1
202300027664;155 631 527;7;17;0;2;0;1
202300027665;155 631 524;33;0;2;1;3;1
202300027665;155 631 526;7;0;2;6;11;1
202300027666;155 631 522;7;0;2;1;5;1
202300027666;155 631 525;10;0;2;1;1;1
202300027667;155 631 523;7;4;0;2;1;0
202300027668;155 631 521;33;0;0;8;21;1
202300027669;155 631 520;7;2;0;7;1;1
202300027670;155 631 517;7;0;2;2;1;1
202300027670;155 631 518;1;0;2;8;13;5
202300027671;155 631 516;50;0;2;2;1;3
202300027671;155 631 519;10;0;2;3;1;1
202300027672;155 631 513;15;0;2;3;2;1
202300027672;155 631 514;7;11;2;4;17;1
202300027673;155 631 511;10;0;2;3;5;1
202300027673;155 631 515;7;0;2;1;15;1
202300027674;155 631 510;7;0;2;8;13;1
202300027674;155 631 512;10;0;2;8;1;1
202300027675;155 631 508;7;0;1;2;1;2
202300027676;155 631 509;17;3;0;3;13;1
202300027677;155 631 505;7;1;0;2;14;1
202300027677;155 631 506;10;0;2;6;24;1
202300027678;155 631 503;30;0;2;1;1;1
202300027678;155 631 507;10;0;2;3;1;1
202300027679;155 631 502;14;0;0;6;2;1
202300027679;155 631 504;10;0;2;1;2;1
202300027680;155 631 500;2;0;2;1;1;1
202300027680;155 631 501;7;0;2;4;1;1
202300027681;155 631 497;30;0;2;4;2;1
202300027681;155 631 499;7;0;2;4;2;1
202300027682;155 631 495;7;3;2;0;0;1
202300027682;155 631 498;7;3;2;0;0;1
202300027683;155 631 494;7;0;2;1;1;1
202300027683;155 631 496;60;0;2;7;1;5
202300027684;155 631 492;33;13;0;8;2;1
202300027685;155 631 491;33;0;0;0;0;1
202300027686;155 631 490;10;0;2;6;2;1
202300027686;155 631 493;7;0;2;3;2;1
202300027687;155 631 485;2;0;2;1;1;1
202300027687;155 631 489;7;0;2;2;15;1
202300027688;155 631 486;7;1;0;7;0;0
202300027688;155 631 488;0;1;0;0;0;0
202300027689;155 631 483;31;13;0;1;14;1
202300027690;155 631 482;2;0;1;1;17;1
202300027691;155 631 481;7;0;2;1;0;0
202300027691;155 631 484;7;0;2;1;0;1
202300027691;155 631 487;7;0;2;1;0;1
202300027692;155 631 479;14;0;1;8;16;1
202300027693;155 631 478;7;0;2;1;17;1
202300027693;155 631 480;15;0;2;2;1;1
202300027694;155 631 476;1;0;0;0;1;5
202300027695;155 631 475;7;0;2;1;26;0
202300027695;155 631 477;7;0;2;6;23;0
202300027696;155 631 473;7;0;1;3;1;1
202300027697;155 631 471;50;0;2;7;9;3
202300027697;155 631 474;7;0;2;1;9;1
202300027698;155 631 470;7;0;2;1;15;1
202300027698;155 631 472;10;0;2;1;1;1
202300027699;155 631 469;7;0;1;2;16;0
202300027700;155 631 468;7;0;1;1;16;1
202300027701;155 631 466;80;1;0;0;21;3
202300027701;155 631 467;10;0;2;8;22;1
202300027702;155 631 462;7;0;2;3;0;0
202300027702;155 631 464;10;0;2;7;1;0
202300027703;155 631 463;50;0;1;1;1;3
202300027704;155 631 461;21;0;0;0;1;1
202300027705;155 631 459;7;0;2;0;15;1
202300027705;155 631 460;2;0;2;0;1;1
202300027706;155 631 458;1;0;1;1;25;5
202300027707;155 631 457;7;0;1;5;4;1
202300027708;155 631 456;7;6;0;2;13;1
202300027709;155 631 455;7;6;0;1;1;1
202300027710;155 631 453;7;0;2;1;1;1
202300027711;155 631 452;50;12;0;7;1;3
202300027712;155 631 450;10;0;0;4;1;0
202300027712;155 631 451;7;0;0;1;0;0
202300027712;155 631 454;7;0;0;1;1;0
202300027713;155 631 447;7;0;2;1;1;1
202300027713;155 631 449;7;0;2;7;5;1
202300027714;155 631 448;7;0;1;3;1;1
202300027715;155 631 446;7;11;0;2;1;1
202300027716;155 631 443;7;0;9;7;15;1
202300027716;155 631 445;50;0;2;1;1;3
202300027717;155 631 442;1;0;2;6;1;5
202300027717;155 631 444;7;0;2;7;1;1
202300027718;155 631 441;33;11;0;1;9;1
202300027719;155 631 440;7;0;1;1;1;1
202300027720;155 631 438;7;0;2;0;0;0
202300027720;155 631 439;60;0;2;7;1;5
202300027721;155 631 437;21;14;0;1;26;1
202300027722;155 631 433;10;0;2;4;2;1
202300027722;155 631 435;7;0;2;4;1;1
202300027723;155 631 432;1;0;0;4;11;5
202300027723;155 631 434;7;0;9;2;1;1
202300027724;155 631 431;33;0;2;5;1;1
202300027724;155 631 436;7;0;2;2;1;1
202300027725;155 631 428;30;0;2;1;1;1
202300027725;155 631 429;7;0;2;7;15;1
202300027726;155 631 427;50;9;0;7;9;3
202300027726;155 631 430;31;9;0;1;1;0
202300027727;155 631 426;7;0;1;2;1;1
202300027728;155 631 424;7;15;0;3;1;1
202300027729;155 631 423;15;0;2;2;1;1
202300027729;155 631 425;7;0;2;3;16;1
202300027730;155 631 419;7;0;2;1;13;1
202300027730;155 631 422;7;0;2;1;26;1
202300027731;155 631 417;50;0;2;2;9;3
202300027731;155 631 420;7;0;2;3;1;1
202300027732;155 631 418;7;0;2;3;15;1
202300027732;155 631 421;31;0;2;2;17;1
202300027733;155 631 414;7;6;0;1;1;1
202300027734;155 631 412;7;0;2;3;15;1
202300027734;155 631 415;30;0;2;3;1;1
202300027735;155 631 416;7;0;0;0;17;1
202300027736;155 631 413;33;1;0;1;0;0
202300027737;155 631 411;7;16;0;9;1;1
202300027738;155 631 407;37;0;2;1;0;0
202300027738;155 631 409;7;0;2;1;17;1
202300027739;155 631 404;7;0;2;2;15;1
202300027739;155 631 406;2;0;2;1;1;1
202300027740;155 631 403;1;12;2;4;19;5
202300027740;155 631 408;7;12;2;8;1;1
202300027741;155 631 405;7;0;2;4;2;1
202300027741;155 631 410;33;0;2;1;2;1
202300027742;155 631 400;7;0;2;8;1;1
202300027742;155 631 402;7;0;2;3;13;1
202300027743;155 631 399;10;0;2;5;1;1
202300027743;155 631 401;7;0;2;1;1;1
202300027744;155 631 397;7;0;1;3;1;1
202300027745;155 631 394;7;0;2;2;1;1
202300027745;155 631 396;1;0;2;3;19;5
202300027746;155 631 390;7;0;2;1;1;1
202300027746;155 631 393;7;0;2;1;15;1
202300027747;155 631 388;10;0;2;3;9;1
202300027747;155 631 389;41;0;2;1;1;3
202300027748;155 631 387;1;0;0;0;0;5
202300027748;155 631 392;7;0;0;0;17;1
202300027749;155 631 386;7;0;2;1;2;1
202300027749;155 631 391;7;0;2;3;23;1
202300027750;155 631 383;7;0;2;1;15;1
202300027750;155 631 385;10;0;2;1;19;1
202300027751;155 631 382;7;0;2;4;23;1
202300027751;155 631 384;34;0;2;1;2;1
202300027752;155 631 381;7;0;1;1;15;0
202300027753;155 631 379;38;0;1;2;0;6
202300027754;155 631 378;7;0;2;1;2;1
202300027754;155 631 380;10;0;2;4;2;1
202300027755;155 631 376;7;0;1;1;1;1
202300027756;155 631 374;7;0;1;4;4;1
202300027757;155 631 375;30;14;0;1;5;1
202300027757;155 631 377;7;0;2;3;23;1
202300027758;155 631 371;7;12;2;7;1;0
202300027758;155 631 373;7;0;2;1;1;0
202300027759;155 631 367;33;0;2;1;2;1
202300027759;155 631 370;7;0;0;0;2;1
202300027760;155 631 364;7;4;0;9;26;0
202300027761;155 631 365;2;0;2;1;1;1
202300027761;155 631 369;7;0;2;7;19;1
202300027762;155 631 363;7;0;2;1;2;1
202300027762;155 631 366;7;0;2;4;2;1
202300027762;155 631 368;7;0;2;1;2;1
202300027762;155 631 372;7;0;2;4;2;1
202300027763;155 631 362;7;13;0;1;14;1
202300027764;155 631 360;7;0;2;1;19;1
202300027764;155 631 361;7;0;2;7;26;1
202300027765;155 631 359;7;4;0;0;0;1
202300027766;155 631 357;7;13;0;2;14;1
202300027767;155 631 356;31;14;0;1;1;1
202300027768;155 631 355;60;0;2;3;19;5
202300027768;155 631 358;3;0;2;2;1;3
202300027769;155 631 354;7;2;0;1;19;1
202300027770;155 631 350;32;0;2;1;2;1
202300027770;155 631 352;7;0;2;4;4;1
202300027771;155 631 351;1;0;2;0;1;5
202300027771;155 631 353;7;0;0;0;15;1
202300027772;155 631 348;2;0;0;8;1;1
202300027773;155 631 343;7;0;2;1;1;1
202300027773;155 631 346;7;0;2;4;1;1
202300027774;155 631 344;10;0;2;1;13;1