Num_Acc;id_vehicule;categorie_vehicule;obstacle_fixe;obstacle_mobile;point_choc_initial;manoeuvre_principale;motorisation
202300027774;155 631 349;14;0;2;1;1;1
202300027775;155 631 345;7;0;2;1;1;1
202300027775;155 631 347;7;0;2;4;0;1
202300027776;155 631 341;10;0;2;4;4;1
202300027776;155 631 342;30;0;2;1;14;3
202300027777;155 631 337;14;0;2;2;16;1
202300027777;155 631 340;33;0;2;3;1;1
202300027778;155 631 336;7;1;0;1;1;1
202300027779;155 631 333;7;0;2;8;15;1
202300027779;155 631 335;37;0;2;1;1;4
202300027780;155 631 329;7;0;2;3;9;1
202300027780;155 631 332;33;0;2;1;1;1
202300027781;155 631 328;7;0;2;2;1;1
202300027781;155 631 331;1;0;2;6;19;5
202300027782;155 631 326;34;0;2;4;3;1
202300027782;155 631 330;33;0;2;4;3;1
202300027782;155 631 334;7;0;2;7;1;1
202300027782;155 631 338;7;0;2;2;1;1
202300027782;155 631 339;7;0;2;4;1;1
202300027783;155 631 323;7;2;0;1;13;1
202300027784;155 631 325;10;0;2;2;15;1
202300027784;155 631 327;1;0;2;1;1;5
202300027785;155 631 322;7;0;2;8;11;1
202300027785;155 631 324;33;0;2;7;1;1
202300027786;155 631 321;7;4;0;1;2;1
202300027787;155 631 318;7;0;2;3;1;1
202300027787;155 631 320;1;0;2;1;0;5
202300027788;155 631 316;17;0;2;2;12;1
202300027788;155 631 317;7;0;2;8;1;1
202300027789;155 631 314;33;6;0;1;1;1
202300027790;155 631 313;7;0;2;0;0;1
202300027790;155 631 319;2;0;2;0;2;1
202300027791;155 631 312;7;0;2;4;2;1
202300027791;155 631 315;7;0;2;0;0;0
202300027792;155 631 309;50;12;0;1;13;3
202300027793;155 631 305;33;0;2;1;2;1
202300027793;155 631 307;7;0;2;4;2;1
202300027794;155 631 301;7;0;2;1;0;1
202300027794;155 631 304;7;0;2;1;0;1
202300027795;155 631 298;50;0;2;7;1;3
202300027795;155 631 302;7;0;2;1;16;2
202300027796;155 631 299;7;0;2;2;0;1
202300027796;155 631 303;50;0;2;1;26;3
202300027797;155 631 295;1;0;2;8;1;5
202300027797;155 631 297;7;0;2;1;15;1
202300027798;155 631 289;7;0;2;3;0;1
202300027798;155 631 291;7;0;2;1;13;1
202300027799;155 631 292;10;0;1;7;16;3
202300027800;155 631 290;10;0;2;1;2;1
202300027800;155 631 294;7;0;2;4;2;1
202300027800;155 631 296;7;0;2;4;2;1
202300027800;155 631 300;7;0;2;4;2;1
202300027801;155 631 288;7;0;2;3;9;1
202300027801;155 631 293;43;0;2;2;1;1
202300027802;155 631 286;7;0;0;8;13;1
202300027803;155 631 284;7;4;0;1;1;1
202300027804;155 631 285;32;0;0;8;17;1
202300027805;155 631 283;50;0;2;1;1;3
202300027805;155 631 287;7;0;2;2;16;1
202300027806;155 631 280;30;12;2;1;1;1
202300027806;155 631 281;7;0;2;7;14;1
202300027807;155 631 279;10;0;2;3;9;1
202300027807;155 631 282;50;0;2;7;1;3
202300027808;155 631 278;7;5;0;1;26;1
202300027809;155 631 275;7;4;0;2;17;1
202300027810;155 631 274;32;9;2;3;18;1
202300027810;155 631 277;10;0;2;7;16;1
202300027811;155 631 273;7;0;2;8;1;0
202300027811;155 631 276;33;0;2;7;1;1
202300027812;155 631 268;7;0;0;0;15;0
202300027812;155 631 272;2;6;0;1;1;1
202300027813;155 631 267;80;0;1;7;1;3
202300027814;155 631 264;31;0;2;6;14;1
202300027814;155 631 269;33;0;2;7;14;1
202300027814;155 631 271;33;0;2;5;14;1
202300027815;155 631 263;7;0;2;8;1;1
202300027815;155 631 266;7;0;2;8;1;1
202300027815;155 631 270;7;6;2;1;1;1
202300027816;155 631 262;7;0;2;6;23;2
202300027816;155 631 265;2;0;2;3;21;0
202300027817;155 631 260;7;0;1;1;15;1
202300027818;155 631 259;7;0;2;2;16;1
202300027818;155 631 261;1;0;2;1;1;5
202300027819;155 631 255;7;0;2;3;11;1
202300027819;155 631 257;2;0;2;1;1;1
202300027820;155 631 253;7;0;2;5;16;1
202300027820;155 631 256;33;0;2;1;7;1
202300027821;155 631 251;1;0;2;7;1;5
202300027821;155 631 254;7;0;2;2;1;1
202300027822;155 631 249;7;0;2;3;13;1
202300027822;155 631 252;7;0;2;3;1;1
202300027823;155 631 247;31;0;2;1;17;1
202300027823;155 631 250;10;0;2;3;15;1
202300027824;155 631 244;2;0;0;7;1;1
202300027825;155 631 243;7;0;2;1;26;0
202300027825;155 631 245;32;0;0;0;0;0
202300027826;155 631 246;1;0;2;1;1;5
202300027826;155 631 248;7;0;2;2;16;1
202300027827;155 631 242;7;0;1;1;1;1
202300027828;155 631 235;2;0;2;1;1;3
202300027828;155 631 239;7;0;2;8;15;1
202300027829;155 631 237;7;0;2;7;15;1
202300027829;155 631 241;33;0;2;1;1;1
202300027830;155 631 238;7;0;0;3;0;1
202300027831;155 631 234;10;0;2;1;1;1
202300027831;155 631 240;7;0;2;1;1;1
202300027832;155 631 233;7;0;2;0;0;0
202300027832;155 631 236;50;0;2;1;1;3
202300027833;155 631 228;3;0;2;1;5;0
202300027833;155 631 231;7;0;2;1;1;0
202300027834;155 631 226;1;0;2;1;1;5
202300027834;155 631 230;7;0;2;5;26;1
202300027835;155 631 227;2;0;2;0;0;1
202300027835;155 631 232;7;0;2;0;0;1
202300027836;155 631 224;50;0;2;3;9;3
202300027836;155 631 229;30;0;2;1;1;1
202300027837;155 631 223;33;0;2;8;10;1
202300027837;155 631 225;33;0;2;1;1;1
202300027838;155 631 222;7;6;0;2;1;1
202300027839;155 631 221;10;0;1;2;1;1
202300027840;155 631 220;7;4;0;1;1;1
202300027841;155 631 219;7;0;1;1;19;1
202300027842;155 631 218;32;0;0;0;26;1
202300027843;155 631 215;33;0;2;1;17;1
202300027843;155 631 217;10;0;2;3;23;1
202300027844;155 631 214;10;0;9;1;2;1
202300027844;155 631 216;80;0;2;7;2;3
202300027845;155 631 212;7;0;1;1;1;1
202300027846;155 631 211;7;0;2;7;0;1
202300027846;155 631 213;34;0;2;1;21;1
202300027847;155 631 208;7;0;2;1;1;1
202300027847;155 631 210;7;0;2;4;1;1
202300027848;155 631 206;32;3;2;1;14;1
202300027848;155 631 209;7;0;2;1;1;2
202300027849;155 631 205;10;0;2;1;1;1
202300027849;155 631 207;7;0;2;4;1;3
202300027850;155 631 201;7;0;2;1;9;1
202300027850;155 631 203;7;0;2;4;1;1
202300027851;155 631 200;7;0;2;5;1;1
202300027851;155 631 204;30;0;2;1;1;1
202300027852;155 631 199;1;1;0;1;1;5
202300027852;155 631 202;7;0;2;6;24;1
202300027853;155 631 196;7;0;2;3;1;1
202300027853;155 631 198;60;0;2;1;19;5
202300027854;155 631 197;33;12;0;3;13;1
202300027855;155 631 194;7;0;1;3;1;3
202300027856;155 631 193;7;0;2;4;2;1
202300027856;155 631 195;7;0;2;1;2;1
202300027857;155 631 192;7;9;0;1;14;1
202300027858;155 631 189;33;0;2;1;1;1
202300027858;155 631 190;7;0;2;6;11;1
202300027859;155 631 187;33;0;2;1;1;1
202300027859;155 631 191;7;0;2;2;15;1
202300027860;155 631 186;1;0;1;1;1;5
202300027861;155 631 185;30;0;2;6;1;1
202300027861;155 631 188;17;0;2;1;1;1
202300027862;155 631 177;7;0;2;1;1;1
202300027862;155 631 184;7;0;2;5;15;1
202300027863;155 631 176;30;0;2;1;1;1
202300027863;155 631 181;7;0;2;7;13;1
202300027864;155 631 175;33;0;2;3;17;1
202300027864;155 631 178;7;0;2;3;15;2
202300027865;155 631 180;7;0;2;3;1;1
202300027865;155 631 183;1;0;2;3;19;5
202300027866;155 631 174;7;0;2;6;19;1
202300027866;155 631 179;10;0;2;3;1;1
202300027866;155 631 182;10;0;2;1;1;1
202300027867;155 631 172;50;0;0;2;1;3
202300027868;155 631 169;31;0;2;1;1;3
202300027868;155 631 171;10;0;2;4;15;1
202300027869;155 631 168;2;0;2;7;17;1
202300027869;155 631 173;7;0;2;1;1;0
202300027870;155 631 165;7;0;1;1;1;1
202300027871;155 631 164;7;0;2;1;1;0
202300027871;155 631 166;7;0;2;3;1;0
202300027871;155 631 170;7;0;2;7;15;0
202300027872;155 631 163;7;0;9;2;2;1
202300027872;155 631 167;1;0;0;4;2;5
202300027873;155 631 162;32;0;1;1;7;1
202300027874;155 631 161;7;0;1;1;1;1
202300027875;155 631 156;7;0;2;1;1;0
202300027875;155 631 160;50;0;2;8;1;3
202300027876;155 631 155;7;0;2;1;15;0
202300027876;155 631 159;1;0;2;0;16;5
202300027877;155 631 154;10;0;2;1;13;1
202300027877;155 631 158;10;0;2;3;1;1
202300027878;155 631 152;10;0;2;3;1;1
202300027878;155 631 157;32;0;2;1;11;1
202300027879;155 631 151;1;0;2;1;1;5
202300027879;155 631 153;7;0;2;1;16;1
202300027880;155 631 146;7;0;2;4;13;1
202300027880;155 631 149;10;0;2;1;2;1
202300027881;155 631 148;10;0;2;1;2;1
202300027881;155 631 150;7;0;2;4;23;1
202300027882;155 631 143;7;0;2;8;9;1
202300027882;155 631 145;32;0;2;1;2;1
202300027883;155 631 144;34;0;1;1;25;1
202300027884;155 631 141;30;14;0;1;17;6
202300027885;155 631 138;1;0;2;4;2;5
202300027885;155 631 140;7;0;2;2;2;1
202300027886;155 631 139;2;0;0;0;26;1
202300027886;155 631 142;10;0;2;3;1;1
202300027887;155 631 134;50;15;1;4;2;3
202300027888;155 631 132;7;0;1;3;1;1
202300027889;155 631 130;99;0;1;1;1;3
202300027890;155 631 129;10;0;2;2;17;0
202300027890;155 631 133;7;0;2;3;11;0
202300027891;155 631 128;7;0;2;3;1;1
202300027891;155 631 131;30;0;2;1;15;1
202300027892;155 631 125;7;0;2;0;0;1
202300027892;155 631 127;7;0;2;1;2;4
202300027893;155 631 122;7;0;2;3;1;1
202300027893;155 631 126;7;1;2;3;23;1
202300027894;155 631 121;7;0;1;2;26;1
202300027895;155 631 123;7;2;0;1;1;1
202300027896;155 631 120;10;0;2;7;1;1
202300027896;155 631 124;21;0;2;8;1;1
202300027897;155 631 118;50;0;2;1;1;3
202300027897;155 631 119;7;0;0;0;0;1
202300027898;155 631 117;3;0;9;9;21;1
202300027899;155 631 112;7;0;2;1;2;1
202300027899;155 631 115;30;0;2;1;18;1
202300027900;155 631 109;7;0;2;1;1;1
202300027900;155 631 113;7;2;2;5;15;1
202300027901;155 631 110;32;0;2;0;9;1
202300027901;155 631 114;7;0;0;0;1;1
202300027902;155 631 111;2;0;2;1;1;1
202300027902;155 631 116;7;0;2;2;15;1
202300027903;155 631 106;7;2;0;1;5;1
202300027904;155 631 105;7;0;2;4;2;1
202300027904;155 631 107;7;0;2;4;2;1
202300027904;155 631 108;10;0;2;1;2;3
202300027905;155 631 104;7;1;0;1;1;1
202300027906;155 631 103;7;0;0;0;9;1
202300027907;155 631 102;7;0;2;3;2;0
202300027908;155 631 099;7;0;1;2;2;1
202300027909;155 631 098;7;0;2;1;9;1
202300027909;155 631 101;7;0;2;1;9;1
202300027910;155 631 097;7;0;2;8;5;1
202300027910;155 631 100;10;0;2;3;1;1
202300027911;155 631 096;32;0;1;1;1;1
202300027912;155 631 094;34;0;1;3;2;1
202300027913;155 631 092;7;0;2;6;1;1
202300027913;155 631 095;34;0;2;1;1;1
202300027914;155 631 093;7;6;0;3;13;1
202300027915;155 631 090;43;0;1;1;14;1
202300027916;155 631 088;7;0;2;1;19;1
202300027916;155 631 089;33;0;2;8;1;1
202300027917;155 631 087;1;0;2;4;1;5
202300027917;155 631 091;7;0;2;2;2;1
202300027918;155 631 080;2;0;2;1;21;1
202300027918;155 631 083;2;0;2;2;2;1
202300027918;155 631 086;7;0;2;7;15;0
202300027919;155 631 082;7;0;2;8;22;1
202300027919;155 631 085;50;1;0;1;1;3
202300027920;155 631 081;7;0;2;8;9;1
202300027920;155 631 084;33;0;2;1;3;1
202300027921;155 631 076;10;0;2;1;1;1
202300027921;155 631 078;7;0;2;1;15;1
202300027922;155 631 074;31;0;2;1;1;1
202300027922;155 631 077;7;0;2;5;1;1
202300027923;155 631 073;10;0;2;2;1;1
202300027923;155 631 079;7;0;2;3;15;1
202300027924;155 631 071;7;0;1;3;1;1
202300027925;155 631 070;30;0;1;1;5;3
202300027926;155 631 072;10;0;2;0;0;1
202300027926;155 631 075;7;0;2;0;0;1
202300027927;155 631 067;1;1;0;7;1;5
202300027927;155 631 069;14;0;2;3;22;1
202300027928;155 631 066;10;0;1;2;1;1
202300027929;155 631 064;10;2;0;7;1;1
202300027930;155 631 061;7;0;2;2;22;0
202300027930;155 631 062;10;0;2;3;1;0
202300027931;155 631 060;10;0;2;5;1;1
202300027931;155 631 063;33;0;2;3;3;1
202300027932;155 631 065;7;0;2;4;1;1
202300027932;155 631 068;7;0;2;1;1;1
202300027933;155 631 057;7;0;2;1;13;1
202300027933;155 631 059;31;0;2;1;2;1
202300027934;155 631 054;7;0;2;2;20;1
202300027934;155 631 056;34;0;2;1;1;1
202300027935;155 631 052;1;0;1;1;21;5
202300027936;155 631 053;7;0;2;3;2;1
202300027936;155 631 058;7;0;2;3;17;1
202300027937;155 631 051;21;0;0;9;14;1
202300027938;155 631 048;80;0;0;6;1;3
202300027938;155 631 049;7;0;2;6;1;0
202300027939;155 631 050;7;0;2;8;1;1
202300027939;155 631 055;7;0;2;1;1;1
202300027940;155 631 045;7;0;1;1;1;2
202300027941;155 631 043;7;0;2;1;1;0
202300027941;155 631 046;7;9;2;7;15;1
202300027942;155 631 044;1;0;0;5;9;5
202300027942;155 631 047;7;0;2;3;1;1
202300027943;155 631 042;7;13;0;9;1;
202300027944;155 631 039;2;0;2;1;1;1
202300027944;155 631 041;7;0;2;3;9;1
202300027945;155 631 037;7;0;1;1;1;0
202300027946;155 631 036;7;9;2;5;1;1
202300027946;155 631 038;7;0;2;3;16;1
202300027947;155 631 035;7;0;2;3;1;1
202300027947;155 631 040;7;0;2;3;5;1
202300027948;155 631 032;33;0;2;4;23;1
202300027948;155 631 034;7;0;2;1;2;1
202300027949;155 631 031;7;2;0;1;1;1
202300027950;155 631 028;50;0;1;1;21;3
202300027951;155 631 025;30;0;2;2;23;1
202300027951;155 631 027;37;0;0;6;7;1
202300027952;155 631 026;33;0;2;1;21;1
202300027952;155 631 029;7;0;2;1;1;1
202300027952;155 631 030;7;0;2;8;9;1
202300027952;155 631 033;7;0;2;3;1;1
202300027953;155 631 024;15;0;0;9;14;1
202300027954;155 631 021;33;0;2;2;17;1
202300027954;155 631 023;7;0;2;3;10;1
202300027955;155 631 020;10;0;2;2;9;1
202300027955;155 631 022;33;0;2;2;1;1
202300027956;155 631 015;1;0;2;2;1;5
202300027956;155 631 018;10;0;2;6;24;1
202300027957;155 631 016;2;0;0;0;1;1
202300027958;155 631 012;1;3;0;2;1;5
202300027959;155 631 013;7;0;2;1;1;1
202300027959;155 631 019;7;0;2;2;15;1
202300027960;155 631 009;7;0;2;2;16;1
202300027960;155 631 011;31;0;2;8;18;1
202300027961;155 631 005;1;0;2;8;1;5
202300027961;155 631 008;7;0;2;1;13;1
202300027961;155 631 010;7;0;2;1;1;1
202300027961;155 631 014;1;0;2;0;1;5
202300027961;155 631 017;7;0;2;1;5;1
202300027962;155 631 006;7;0;1;4;4;0
202300027963;155 631 004;7;0;2;2;0;1
202300027963;155 631 007;7;0;2;8;0;1
202300027964;155 631 002;50;0;2;8;15;3
202300027964;155 631 003;7;0;2;2;1;1
202300027965;155 631 001;14;6;0;3;4;1
202300027966;155 630 999;7;0;1;1;15;1
202300027967;155 630 998;15;0;2;1;24;1
202300027967;155 631 000;7;1;0;1;14;1
202300027968;155 630 996;33;0;1;2;15;1
202300027969;155 630 995;7;0;2;1;13;1
202300027969;155 630 997;10;0;2;1;1;1
202300027970;155 630 990;2;0;0;7;14;1
202300027971;155 630 989;30;0;2;1;0;1
202300027971;155 630 993;7;0;2;5;1;1
202300027971;155 630 994;7;0;2;4;1;1
202300027972;155 630 988;7;0;2;3;16;1
202300027972;155 630 992;34;0;2;1;1;1
202300027973;155 630 987;7;0;2;7;12;2
202300027973;155 630 991;32;0;2;8;11;3
202300027974;155 630 985;7;0;2;1;1;1
202300027974;155 630 986;33;0;2;4;0;1
202300027975;155 630 980;3;0;2;5;23;1
202300027975;155 630 983;7;0;2;4;23;1
202300027975;155 630 984;7;0;2;3;2;1
202300027976;155 630 978;50;0;2;1;1;3
202300027976;155 630 982;33;0;2;6;19;1
202300027977;155 630 981;7;3;0;2;14;1
202300027978;155 630 977;33;0;2;1;1;1
202300027978;155 630 979;7;0;2;7;19;1
202300027979;155 630 974;7;13;0;1;1;1
202300027980;155 630 973;33;0;2;8;1;1
202300027980;155 630 976;7;0;2;2;15;3
202300027981;155 630 971;7;0;2;1;15;0
202300027981;155 630 975;7;6;2;1;1;0
202300027982;155 630 968;7;0;2;1;2;1
202300027982;155 630 970;10;0;2;1;2;1
202300027982;155 630 972;7;0;2;4;2;1
202300027983;155 630 966;7;0;2;2;1;2
202300027983;155 630 967;1;0;2;3;21;5
202300027984;155 630 964;7;0;1;1;1;1
202300027985;155 630 962;7;0;0;4;1;1
202300027985;155 630 965;7;0;2;4;1;1
202300027985;155 630 969;7;0;2;1;1;1
202300027986;155 630 960;1;12;2;7;1;5
202300027987;155 630 958;7;0;2;1;1;1
202300027987;155 630 961;7;0;2;1;1;1
202300027987;155 630 963;7;0;2;1;1;1
202300027988;155 630 957;30;0;0;0;1;1
202300027989;155 630 956;7;0;2;1;1;1
202300027989;155 630 959;7;0;2;2;15;1
202300027990;155 630 955;1;0;1;8;1;5
202300027991;155 630 954;10;9;0;3;15;1
202300027992;155 630 953;7;0;1;1;1;1
202300027993;155 630 950;7;0;0;9;1;1
202300027994;155 630 948;13;0;2;2;1;1
202300027994;155 630 952;7;0;2;5;1;1
202300027995;155 630 949;7;0;2;8;15;1
202300027995;155 630 951;32;0;2;2;17;3
202300027996;155 630 947;7;0;1;1;0;1
202300027997;155 630 946;7;2;0;1;14;1
202300027998;155 630 944;10;0;1;2;16;0
202300027999;155 630 941;7;0;2;5;2;1
202300027999;155 630 945;33;0;2;1;13;1
202300028000;155 630 940;7;0;0;7;1;1
202300028001;155 630 939;1;0;2;1;13;5
202300028001;155 630 942;21;0;2;1;1;1
202300028001;155 630 943;1;0;2;1;13;5
202300028002;155 630 936;34;0;2;8;19;1
202300028002;155 630 938;13;0;2;1;1;1
202300028003;155 630 933;37;6;2;1;5;1
202300028003;155 630 935;7;3;2;1;1;1
202300028004;155 630 932;33;0;2;3;1;1
202300028004;155 630 934;7;0;2;5;12;1
202300028004;155 630 937;10;0;2;6;1;1
202300028005;155 630 929;33;8;2;5;1;1
202300028005;155 630 930;7;0;2;3;15;1
202300028006;155 630 928;10;0;2;1;1;1
202300028006;155 630 931;7;0;0;4;15;1
202300028007;155 630 927;7;6;0;8;1;1
202300028008;155 630 924;17;0;2;7;12;1
202300028008;155 630 926;7;0;2;8;1;1
202300028009;155 630 918;7;0;2;3;1;1
202300028009;155 630 922;10;0;2;3;1;1
202300028010;155 630 919;7;1;0;1;2;1
202300028010;155 630 921;7;0;2;4;24;1
202300028010;155 630 925;7;0;2;4;24;3
202300028011;155 630 920;7;0;2;1;1;1
202300028011;155 630 923;7;0;2;1;13;1
202300028012;155 630 917;7;0;1;1;1;1
202300028013;155 630 914;33;0;2;3;1;1
202300028014;155 630 911;2;0;2;0;14;3
202300028014;155 630 916;7;0;2;2;1;1
202300028015;155 630 913;80;0;2;8;13;3
202300028015;155 630 915;17;0;2;2;17;6
202300028016;155 630 910;7;0;0;4;23;1
202300028016;155 630 912;10;1;0;7;14;1
202300028017;155 630 908;33;0;2;3;2;1
202300028017;155 630 909;7;1;2;3;14;1
202300028018;155 630 907;33;0;2;1;11;1
202300028019;155 630 903;7;0;2;3;15;1
202300028019;155 630 905;1;0;2;1;1;5
202300028020;155 630 900;32;0;2;2;1;1
202300028020;155 630 904;1;0;2;3;15;5
202300028021;155 630 901;10;0;2;8;15;1
202300028021;155 630 906;7;0;2;1;1;1
202300028022;155 630 896;7;0;2;4;2;1
202300028022;155 630 898;7;0;0;4;23;1
202300028022;155 630 899;15;0;0;7;2;1
202300028022;155 630 902;10;0;2;1;2;1
202300028023;155 630 895;1;0;0;0;1;5
202300028023;155 630 897;7;0;0;0;16;1
202300028024;155 630 894;33;3;0;8;13;1
202300028025;155 630 893;7;0;1;1;26;1
202300028026;155 630 892;2;9;0;1;1;1
202300028027;155 630 891;7;9;0;2;2;2
202300028028;155 630 889;1;7;0;1;14;5
202300028029;155 630 887;7;4;0;9;1;1
202300028030;155 630 888;37;0;1;1;1;1
202300028031;155 630 883;7;0;1;1;1;1
202300028032;155 630 885;2;0;0;0;1;1
202300028033;155 630 886;10;0;1;4;4;1
202300028034;155 630 882;7;0;2;2;15;1
202300028034;155 630 884;1;0;2;1;18;5
202300028035;155 630 879;10;7;2;3;13;1
202300028035;155 630 881;7;0;2;3;1;1
202300028036;155 630 876;7;0;0;0;1;1
202300028036;155 630 878;7;0;2;0;1;1
202300028037;155 630 875;7;0;1;2;1;1
202300028038;155 630 873;7;0;0;9;1;1
202300028039;155 630 872;7;0;0;0;0;0
202300028039;155 630 874;7;0;0;4;2;1
202300028039;155 630 877;7;0;0;0;0;1
202300028040;155 630 871;7;2;0;1;14;1
202300028041;155 630 869;7;1;0;2;0;1
202300028042;155 630 866;10;0;1;4;4;1
202300028043;155 630 868;30;0;2;1;0;0
202300028043;155 630 870;7;0;2;1;17;1
202300028044;155 630 867;7;16;0;1;16;1
202300028045;155 630 865;7;13;0;3;13;1
202300028046;155 630 863;7;0;1;1;26;0
202300028047;155 630 861;7;4;0;1;0;1
202300028048;155 630 858;7;0;2;3;1;1
202300028048;155 630 859;7;0;2;1;1;1
202300028048;155 630 862;10;0;2;9;5;1
202300028049;155 630 860;7;0;2;3;13;3
202300028049;155 630 864;2;0;2;1;0;1
202300028050;155 630 856;7;13;0;1;0;1
202300028051;155 630 853;7;13;0;7;1;1
202300028052;155 630 851;99;0;1;4;4;1
202300028053;155 630 852;37;15;0;4;23;1
202300028053;155 630 855;7;0;2;1;0;1
202300028054;155 630 850;7;0;2;1;1;0
202300028054;155 630 854;10;0;2;0;19;0
202300028055;155 630 848;7;0;0;1;1;1
202300028055;155 630 849;7;0;0;1;1;1
202300028056;155 630 844;7;4;0;3;1;1
202300028057;155 630 843;43;0;2;1;1;1
202300028057;155 630 847;7;0;2;8;1;1
202300028058;155 630 841;99;0;2;1;1;3
202300028058;155 630 846;7;0;2;2;15;2
202300028059;155 630 839;3;0;2;3;1;1
202300028059;155 630 842;7;0;2;3;1;1
202300028059;155 630 845;33;0;2;0;3;1
202300028060;155 630 838;7;0;1;3;15;1
202300028061;155 630 837;7;0;2;4;2;1
202300028061;155 630 840;7;0;2;1;2;1
202300028062;155 630 832;7;0;2;0;0;1
202300028062;155 630 834;7;0;2;1;2;2
202300028063;155 630 833;7;0;2;3;13;1
202300028063;155 630 835;15;0;2;3;0;1
202300028064;155 630 831;10;8;0;1;1;1
202300028065;155 630 830;7;0;2;5;23;1
202300028065;155 630 836;7;0;2;3;2;1
202300028066;155 630 827;7;0;1;4;4;1
202300028067;155 630 825;10;13;0;1;1;1
202300028068;155 630 824;1;0;1;1;1;5
202300028069;155 630 823;7;0;2;4;2;1
202300028069;155 630 826;7;0;2;4;2;1
202300028069;155 630 828;10;0;2;1;2;1
202300028069;155 630 829;7;0;2;4;2;1
202300028070;155 630 821;7;0;1;3;2;1
202300028071;155 630 820;7;3;0;7;12;1
202300028072;155 630 819;7;0;0;0;19;1
202300028072;155 630 822;7;3;0;1;21;1
202300028073;155 630 817;7;0;0;4;1;0
202300028073;155 630 818;7;0;2;1;1;0
202300028074;155 630 814;7;0;2;3;22;1
202300028074;155 630 816;1;1;0;2;1;5
202300028075;155 630 812;10;0;0;5;12;1
202300028075;155 630 815;31;0;2;1;1;1
202300028076;155 630 809;7;0;2;3;1;1
202300028076;155 630 813;33;0;2;8;1;1
202300028077;155 630 810;10;0;2;2;16;0
202300028077;155 630 811;10;0;2;5;15;0
202300028078;155 630 805;10;0;2;5;16;1
202300028078;155 630 808;32;0;2;8;1;1
202300028079;155 630 803;7;0;2;1;1;1
202300028079;155 630 806;7;0;2;1;1;1
202300028079;155 630 807;7;0;0;4;1;1
202300028080;155 630 802;7;0;2;3;2;1
202300028080;155 630 804;31;0;2;4;2;1
202300028081;155 630 800;7;0;0;7;1;1
202300028082;155 630 799;14;1;0;0;20;0
202300028082;155 630 801;1;1;0;0;26;5
202300028083;155 630 795;7;0;2;4;1;1
202300028083;155 630 797;7;0;2;1;2;1
202300028084;155 630 792;30;0;2;8;1;1
202300028084;155 630 796;7;0;2;3;1;1
202300028085;155 630 791;31;0;2;1;18;1
202300028085;155 630 794;7;0;2;5;15;1
202300028086;155 630 790;7;1;0;2;17;0
202300028086;155 630 793;37;0;2;6;24;0
202300028087;155 630 787;21;0;0;2;1;1
202300028088;155 630 788;7;0;1;3;2;1
202300028089;155 630 785;10;0;2;1;1;0
202300028089;155 630 786;10;0;2;4;1;0
202300028090;155 630 783;10;0;2;2;1;1
202300028090;155 630 789;41;0;2;8;15;1
202300028091;155 630 782;10;0;2;3;15;4
202300028091;155 630 784;33;15;2;1;17;1
202300028092;155 630 779;7;0;2;2;17;1
202300028092;155 630 780;7;0;2;3;15;1
202300028093;155 630 777;32;0;1;0;1;1
202300028094;155 630 776;10;16;0;0;13;1
202300028095;155 630 775;7;0;2;1;1;1
202300028095;155 630 778;7;0;2;4;1;1
202300028095;155 630 781;7;0;1;1;1;1
202300028096;155 630 770;7;0;2;4;1;0
202300028096;155 630 773;7;0;2;1;2;0
202300028097;155 630 771;30;0;2;2;23;1
202300028097;155 630 774;7;0;2;3;15;1
202300028098;155 630 767;99;0;1;3;19;6
202300028099;155 630 766;7;0;2;3;13;1
202300028099;155 630 768;14;2;2;1;26;1
202300028100;155 630 764;33;0;2;1;2;1
202300028100;155 630 765;10;0;0;4;2;1
202300028101;155 630 761;7;0;2;2;17;1
202300028101;155 630 763;10;0;0;3;15;3
202300028102;155 630 759;7;0;2;3;5;1
202300028102;155 630 762;10;0;2;3;1;1
202300028103;155 630 758;7;0;2;2;17;1
202300028103;155 630 760;21;0;2;6;15;1
202300028104;155 630 755;31;0;0;8;13;3
202300028104;155 630 757;7;0;0;0;15;1
202300028105;155 630 750;7;0;2;3;15;1
202300028106;155 630 748;1;0;6;1;1;5
202300028107;155 630 747;7;0;2;1;5;1
202300028107;155 630 749;10;0;2;1;23;1
202300028108;155 630 746;7;0;1;1;15;1
202300028109;155 630 743;7;0;2;2;15;2
202300028109;155 630 745;33;0;2;1;1;1
202300028110;155 630 741;1;0;0;7;1;5
202300028111;155 630 739;35;0;0;0;1;1
202300028112;155 630 738;7;0;9;3;1;1
202300028112;155 630 740;1;0;2;7;0;5
202300028113;155 630 737;10;0;1;0;16;0
202300028114;155 630 735;7;16;0;0;13;1
202300028115;155 630 734;10;0;2;2;14;1
202300028115;155 630 736;14;0;0;6;23;1
202300028116;155 630 731;60;1;0;1;1;5
202300028116;155 630 733;10;0;2;8;22;1
202300028117;155 630 730;7;2;0;1;13;1
202300028118;155 630 727;7;16;0;9;1;1
202300028119;155 630 726;7;0;2;6;1;1
202300028119;155 630 729;31;0;2;1;21;1
202300028120;155 630 725;7;0;2;5;2;1
202300028120;155 630 728;32;0;2;1;2;1
202300028121;155 630 722;80;0;2;8;13;3
202300028121;155 630 724;33;0;2;2;17;1
202300028122;155 630 720;7;0;1;1;1;1