Num_Acc;id_vehicule;categorie_vehicule;obstacle_fixe;obstacle_mobile;point_choc_initial;manoeuvre_principale;motorisation
202300028123;155 630 717;7;0;2;1;1;1
202300028123;155 630 719;7;0;2;1;1;1
202300028123;155 630 721;7;0;2;1;26;0
202300028123;155 630 723;10;0;2;1;1;1
202300028124;155 630 716;7;0;2;1;17;0
202300028124;155 630 718;3;0;2;3;15;0
202300028125;155 630 714;7;0;2;1;15;0
202300028125;155 630 715;33;0;2;1;1;0
202300028126;155 630 708;7;0;2;1;1;1
202300028126;155 630 711;33;0;2;1;17;1
202300028127;155 630 710;7;3;2;0;1;1
202300028127;155 630 712;7;0;2;0;2;1
202300028127;155 630 713;7;0;2;1;2;1
202300028128;155 630 707;7;0;2;3;1;1
202300028128;155 630 709;33;0;2;1;26;1
202300028129;155 630 703;43;1;0;1;1;1
202300028129;155 630 706;10;0;2;4;23;1
202300028130;155 630 704;15;3;0;2;14;1
202300028131;155 630 702;33;0;2;2;1;1
202300028131;155 630 705;7;0;2;3;9;1
202300028132;155 630 701;7;2;0;2;1;1
202300028133;155 630 698;7;0;2;1;2;1
202300028133;155 630 700;14;0;2;4;1;1
202300028134;155 630 697;7;0;0;6;9;1
202300028134;155 630 699;33;0;2;3;1;1
202300028135;155 630 694;7;0;2;3;13;1
202300028135;155 630 696;7;0;2;3;1;1
202300028136;155 630 691;7;0;2;8;13;0
202300028136;155 630 693;7;0;0;3;1;1
202300028137;155 630 690;10;0;2;1;2;1
202300028137;155 630 692;7;0;2;4;2;1
202300028137;155 630 695;7;0;2;4;2;1
202300028138;155 630 687;31;0;0;7;0;3
202300028139;155 630 685;10;0;0;6;16;1
202300028139;155 630 688;33;0;0;1;1;1
202300028140;155 630 684;7;0;2;1;15;1
202300028140;155 630 686;7;0;2;1;1;1
202300028140;155 630 689;7;0;2;1;1;1
202300028141;155 630 680;33;0;2;1;2;1
202300028141;155 630 683;7;0;2;4;2;1
202300028142;155 630 677;10;0;1;1;15;1
202300028143;155 630 676;10;0;0;0;1;1
202300028143;155 630 678;80;12;0;9;21;3
202300028144;155 630 675;7;0;0;6;1;1
202300028144;155 630 679;7;0;2;1;1;1
202300028144;155 630 681;10;0;2;1;1;1
202300028145;155 630 674;1;0;0;0;21;5
202300028146;155 630 673;7;0;0;2;0;1
202300028147;155 630 672;15;2;0;3;1;1
202300028148;155 630 671;30;0;0;0;16;1
202300028149;155 630 668;7;0;2;2;19;1
202300028149;155 630 669;2;0;2;1;1;3
202300028150;155 630 666;7;17;0;1;1;1
202300028151;155 630 665;7;0;2;2;16;1
202300028151;155 630 667;1;0;2;1;1;5
202300028152;155 630 663;7;0;0;2;2;1
202300028152;155 630 664;7;0;0;6;24;1
202300028153;155 630 660;80;0;2;7;19;3
202300028153;155 630 661;7;0;2;1;17;1
202300028154;155 630 654;7;0;1;1;1;1
202300028155;155 630 652;7;17;0;1;17;0
202300028156;155 630 653;7;0;2;1;1;1
202300028156;155 630 655;31;0;2;4;23;1
202300028157;155 630 650;1;0;2;0;1;5
202300028157;155 630 651;7;13;9;7;1;1
202300028158;155 630 649;2;14;0;7;13;1
202300028159;155 630 647;7;0;2;6;1;2
202300028159;155 630 648;80;0;2;6;1;3
202300028160;155 630 644;7;0;2;3;13;1
202300028160;155 630 646;7;0;2;3;1;0
202300028161;155 630 643;7;0;2;3;19;1
202300028161;155 630 645;13;0;2;1;1;1
202300028162;155 630 641;1;0;2;2;1;5
202300028162;155 630 642;80;0;2;3;15;3
202300028163;155 630 639;2;0;2;1;1;1
202300028163;155 630 640;7;0;9;3;1;1
202300028164;155 630 638;7;0;1;2;0;1
202300028165;155 630 635;7;0;2;4;23;1
202300028165;155 630 636;1;0;2;1;1;5
202300028166;155 630 634;37;0;2;3;1;1
202300028166;155 630 637;1;0;2;7;5;5
202300028167;155 630 630;7;0;2;3;15;1
202300028167;155 630 632;7;0;2;1;1;1
202300028167;155 630 633;7;0;2;1;23;1
202300028168;155 630 628;7;0;2;3;13;1
202300028168;155 630 631;7;0;2;3;1;1
202300028169;155 630 627;1;0;2;1;1;5
202300028169;155 630 629;7;0;2;0;22;1
202300028170;155 630 626;2;0;0;0;1;1
202300028171;155 630 623;7;0;2;3;13;1
202300028171;155 630 625;7;0;2;3;1;0
202300028172;155 630 621;7;0;2;1;2;1
202300028172;155 630 622;7;0;0;4;1;1
202300028173;155 630 618;1;0;2;1;1;5
202300028173;155 630 619;7;0;2;2;16;1
202300028174;155 630 617;7;2;0;1;1;1
202300028175;155 630 615;7;6;0;1;13;1
202300028176;155 630 613;2;0;1;1;17;1
202300028177;155 630 614;7;0;2;3;1;1
202300028177;155 630 616;7;0;2;3;13;1
202300028178;155 630 611;15;0;0;4;23;1
202300028178;155 630 612;1;0;2;4;2;5
202300028179;155 630 607;33;0;2;8;1;1
202300028179;155 630 609;1;0;2;7;2;5
202300028180;155 630 608;7;3;0;1;2;1
202300028180;155 630 610;7;3;0;4;23;1
202300028181;155 630 604;7;0;1;1;1;1
202300028182;155 630 605;7;0;2;3;15;1
202300028182;155 630 606;33;0;2;1;17;1
202300028183;155 630 602;2;0;2;1;0;1
202300028183;155 630 603;7;0;2;3;16;1
202300028184;155 630 599;2;0;2;8;2;1
202300028184;155 630 601;7;0;2;2;17;1
202300028185;155 630 597;33;0;2;1;15;1
202300028185;155 630 600;10;0;2;8;1;1
202300028186;155 630 596;7;13;0;9;1;1
202300028187;155 630 593;2;0;2;3;13;1
202300028187;155 630 595;7;0;2;3;1;1
202300028188;155 630 591;7;0;0;4;2;0
202300028188;155 630 592;7;0;2;4;2;1
202300028188;155 630 594;7;0;2;1;2;1
202300028189;155 630 589;2;12;0;8;1;1
202300028190;155 630 588;7;0;2;2;1;0
202300028190;155 630 590;2;0;2;9;5;0
202300028191;155 630 587;7;1;0;2;1;1
202300028192;155 630 582;7;0;2;3;15;1
202300028192;155 630 586;2;0;2;7;1;1
202300028193;155 630 581;7;0;2;2;17;1
202300028193;155 630 584;7;0;2;6;1;1
202300028194;155 630 580;17;0;2;1;2;1
202300028194;155 630 583;10;0;2;9;2;1
202300028194;155 630 585;10;0;0;4;2;1
202300028195;155 630 577;33;0;2;7;17;1
202300028195;155 630 579;7;0;2;3;15;1
202300028196;155 630 574;33;0;2;1;17;1
202300028196;155 630 576;7;0;2;8;1;1
202300028196;155 630 578;7;0;2;4;1;1
202300028197;155 630 572;17;0;0;6;23;1
202300028197;155 630 573;10;0;2;9;23;1
202300028197;155 630 575;10;0;2;1;1;1
202300028198;155 630 569;7;0;2;1;2;0
202300028198;155 630 571;7;0;2;8;9;0
202300028199;155 630 568;15;0;2;1;2;1
202300028199;155 630 570;7;0;2;4;0;1
202300028200;155 630 566;7;4;0;1;2;1
202300028201;155 630 564;7;5;2;8;18;1
202300028201;155 630 567;15;0;2;7;1;1
202300028202;155 630 563;33;0;2;1;1;1
202300028202;155 630 565;7;0;2;8;11;1
202300028203;155 630 560;34;0;2;1;12;1
202300028203;155 630 562;14;0;0;4;1;1
202300028204;155 630 561;7;13;0;7;26;1
202300028205;155 630 554;7;3;0;2;17;1
202300028205;155 630 557;7;0;0;6;13;1
202300028206;155 630 553;7;0;2;3;10;1
202300028206;155 630 556;43;0;2;1;17;1
202300028207;155 630 552;13;0;2;1;2;1
202300028207;155 630 555;7;0;2;4;2;1
202300028207;155 630 558;7;0;2;4;2;1
202300028207;155 630 559;7;0;2;4;2;1
202300028208;155 630 548;7;3;0;3;21;1
202300028209;155 630 547;2;0;2;1;13;1
202300028209;155 630 550;15;0;2;1;13;1
202300028210;155 630 546;7;0;2;1;2;6
202300028210;155 630 549;7;3;0;6;1;6
202300028210;155 630 551;7;3;2;2;11;6
202300028211;155 630 542;7;6;0;1;0;0
202300028212;155 630 541;33;0;2;7;2;1
202300028212;155 630 544;7;0;2;8;2;1
202300028213;155 630 543;7;0;2;1;1;1
202300028213;155 630 545;7;0;2;1;15;1
202300028214;155 630 538;7;0;2;2;21;1
202300028214;155 630 540;7;0;2;6;2;1
202300028215;155 630 534;10;0;0;3;1;1
202300028215;155 630 536;7;14;0;1;13;0
202300028216;155 630 535;7;0;2;1;13;1
202300028216;155 630 537;7;0;2;1;1;1
202300028216;155 630 539;10;0;2;1;1;1
202300028217;155 630 533;7;4;0;1;1;1
202300028218;155 630 530;15;13;2;3;21;1
202300028218;155 630 532;7;13;2;3;13;1
202300028219;155 630 528;10;0;1;3;1;1
202300028220;155 630 527;33;0;0;6;1;1
202300028221;155 630 524;7;0;2;2;13;1
202300028221;155 630 526;7;0;2;1;1;1
202300028222;155 630 523;7;0;2;4;1;1
202300028222;155 630 525;7;0;2;1;26;1
202300028223;155 630 521;17;0;2;8;1;1
202300028223;155 630 522;7;0;2;3;1;1
202300028224;155 630 516;7;0;2;4;1;1
202300028224;155 630 518;7;0;2;8;13;1
202300028224;155 630 519;32;0;2;1;3;1
202300028225;155 630 517;10;0;2;6;1;1
202300028225;155 630 520;7;0;2;1;1;1
202300028226;155 630 514;10;0;2;1;13;1
202300028226;155 630 515;7;0;2;3;1;1
202300028227;155 630 513;7;13;0;2;1;1
202300028228;155 630 511;33;0;0;0;21;1
202300028229;155 630 508;7;0;2;5;1;1
202300028229;155 630 510;7;0;2;8;13;1
202300028229;155 630 512;33;0;2;8;3;1
202300028230;155 630 506;7;3;0;3;2;0
202300028231;155 630 502;33;0;2;2;3;1
202300028231;155 630 505;10;0;2;6;1;1
202300028232;155 630 500;7;0;0;5;19;1
202300028232;155 630 503;33;0;2;1;1;1
202300028233;155 630 494;7;3;2;1;13;1
202300028233;155 630 497;7;0;2;1;1;1
202300028233;155 630 499;17;0;0;8;1;1
202300028233;155 630 501;7;0;0;1;1;1
202300028233;155 630 504;10;0;2;1;1;1
202300028234;155 630 492;7;0;2;4;2;1
202300028234;155 630 495;10;0;2;1;2;1
202300028234;155 630 496;7;0;2;4;1;1
202300028234;155 630 498;7;0;2;4;2;1
202300028235;155 630 491;7;0;0;4;1;1
202300028235;155 630 493;7;0;2;1;2;1
202300028236;155 630 490;7;0;1;3;0;1
202300028237;155 630 487;30;0;2;0;13;0
202300028237;155 630 489;7;0;2;3;1;1
202300028238;155 630 486;7;0;2;1;1;1
202300028238;155 630 488;7;0;2;1;1;1
202300028239;155 630 485;7;6;0;1;1;1
202300028240;155 630 482;7;0;2;1;1;1
202300028240;155 630 484;7;0;2;3;1;1
202300028241;155 630 479;7;0;0;4;1;0
202300028241;155 630 481;31;0;2;1;1;0
202300028241;155 630 483;7;0;9;2;1;0
202300028242;155 630 478;32;0;1;8;5;1
202300028243;155 630 477;7;0;2;1;1;1
202300028243;155 630 480;2;0;2;5;1;1
202300028244;155 630 474;7;13;2;1;1;1
202300028244;155 630 476;7;13;2;3;19;1
202300028245;155 630 473;7;0;1;2;1;1
202300028246;155 630 472;7;0;2;3;1;1
202300028246;155 630 475;7;1;0;3;16;1
202300028247;155 630 471;10;13;0;1;0;1
202300028248;155 630 468;7;0;2;1;15;1
202300028248;155 630 470;7;0;2;1;1;1
202300028249;155 630 466;1;0;2;6;1;5
202300028249;155 630 469;7;0;2;1;2;0
202300028250;155 630 465;7;0;2;1;1;0
202300028250;155 630 467;2;0;2;0;0;0
202300028251;155 630 464;7;9;0;1;0;1
202300028252;155 630 462;1;0;2;7;19;5
202300028252;155 630 463;7;0;2;1;1;1
202300028253;155 630 459;7;6;0;7;1;0
202300028254;155 630 456;2;0;2;1;1;1
202300028254;155 630 458;10;0;2;2;19;1
202300028255;155 630 454;40;0;2;1;9;3
202300028255;155 630 457;1;0;4;6;19;5
202300028256;155 630 453;7;;;;19;1
202300028256;155 630 455;10;0;0;1;1;1
202300028257;155 630 450;7;0;2;1;2;1
202300028257;155 630 452;33;0;0;4;1;1
202300028258;155 630 449;7;0;2;3;1;1
202300028258;155 630 451;7;0;2;3;1;1
202300028259;155 630 447;33;0;2;1;17;1
202300028259;155 630 448;7;0;2;8;15;1
202300028260;155 630 443;10;0;2;1;21;1
202300028260;155 630 445;10;0;2;4;1;1
202300028260;155 630 446;7;0;2;1;2;1
202300028261;155 630 441;7;0;2;1;1;1
202300028261;155 630 444;50;0;2;7;19;3
202300028262;155 630 440;7;0;2;3;1;1
202300028262;155 630 442;7;0;2;3;1;1
202300028263;155 630 434;7;0;2;4;1;1
202300028263;155 630 438;7;0;2;1;2;1
202300028263;155 630 439;10;0;2;1;2;1
202300028264;155 630 435;2;0;2;3;1;1
202300028264;155 630 437;7;0;2;3;1;1
202300028265;155 630 436;7;0;1;1;13;1
202300028266;155 630 432;7;0;0;1;0;1
202300028267;155 630 430;7;0;2;3;1;1
202300028267;155 630 433;7;0;0;3;13;1
202300028268;155 630 429;10;0;2;2;26;1
202300028268;155 630 431;33;0;0;0;0;1
202300028269;155 630 427;7;4;0;1;1;1
202300028270;155 630 426;7;0;2;6;21;1
202300028270;155 630 428;7;0;2;2;0;1
202300028271;155 630 424;7;0;2;2;12;1
202300028271;155 630 425;33;0;2;3;1;1
202300028272;155 630 421;7;0;2;2;1;1
202300028272;155 630 423;7;0;2;6;1;1
202300028273;155 630 420;33;0;2;0;3;1
202300028273;155 630 422;7;0;2;6;12;1
202300028274;155 630 419;7;0;1;2;13;1
202300028275;155 630 418;7;4;0;1;1;1
202300028276;155 630 415;7;0;1;1;1;1
202300028277;155 630 413;7;0;2;1;2;1
202300028277;155 630 416;10;0;2;4;1;1
202300028277;155 630 417;10;0;2;4;1;1
202300028278;155 630 412;7;0;2;2;15;1
202300028278;155 630 414;32;0;2;1;8;1
202300028279;155 630 410;7;0;2;6;2;1
202300028279;155 630 411;7;3;2;1;2;1
202300028280;155 630 407;7;0;2;0;13;1
202300028280;155 630 409;7;0;2;1;1;1
202300028281;155 630 406;33;0;2;8;2;1
202300028281;155 630 408;7;0;2;7;2;1
202300028282;155 630 405;99;0;1;2;1;1
202300028283;155 630 402;7;0;2;1;2;1
202300028283;155 630 404;10;0;2;4;1;1
202300028284;155 630 398;7;0;2;1;17;1
202300028284;155 630 401;7;6;2;3;15;1
202300028285;155 630 399;7;0;1;2;1;1
202300028286;155 630 396;7;0;2;4;1;1
202300028286;155 630 400;10;0;2;1;1;1
202300028286;155 630 403;7;0;2;4;1;1
202300028287;155 630 395;7;0;2;1;2;1
202300028287;155 630 397;7;0;2;4;2;1
202300028288;155 630 394;7;0;2;1;15;1
202300028289;155 630 392;7;4;0;3;13;0
202300028290;155 630 390;7;0;2;1;5;1
202300028290;155 630 393;7;0;2;1;1;1
202300028291;155 630 388;42;4;0;2;1;1
202300028292;155 630 384;7;0;2;4;1;1
202300028292;155 630 387;7;0;2;4;1;1
202300028292;155 630 389;10;0;2;5;1;1
202300028292;155 630 391;43;0;2;1;3;1
202300028293;155 630 382;7;1;2;2;17;0
202300028293;155 630 385;7;0;2;1;20;0
202300028294;155 630 383;7;4;2;1;0;1
202300028294;155 630 386;10;0;0;0;0;1
202300028295;155 630 379;15;0;2;2;12;1
202300028295;155 630 381;7;0;2;8;1;1
202300028296;155 630 376;7;0;2;1;2;1
202300028296;155 630 380;7;0;2;4;2;1
202300028297;155 630 375;34;0;2;3;9;1
202300028297;155 630 378;7;0;2;2;1;1
202300028298;155 630 370;7;3;0;1;1;1
202300028298;155 630 373;7;0;2;8;3;1
202300028298;155 630 374;7;0;2;7;1;1
202300028298;155 630 377;7;3;2;3;1;2
202300028299;155 630 369;7;1;2;3;2;1
202300028300;155 630 372;33;0;1;1;1;1
202300028301;155 630 368;7;0;2;4;2;1
202300028301;155 630 371;33;0;2;1;2;1
202300028302;155 630 362;7;0;2;3;0;1
202300028302;155 630 367;7;0;2;0;13;1
202300028303;155 630 361;43;0;2;2;3;1
202300028303;155 630 366;7;0;2;6;11;1
202300028304;155 630 360;7;0;2;4;1;1
202300028304;155 630 363;7;0;2;2;14;1
202300028304;155 630 365;33;0;2;3;3;1
202300028305;155 630 364;80;0;1;8;2;3
202300028306;155 630 358;7;4;0;1;1;1
202300028307;155 630 355;7;0;2;8;11;1
202300028307;155 630 357;15;0;2;1;1;1
202300028308;155 630 354;7;0;1;7;1;1
202300028309;155 630 353;0;0;2;4;26;
202300028309;155 630 356;7;1;2;1;26;2
202300028309;155 630 359;7;0;2;1;1;2
202300028310;155 630 352;7;3;0;1;2;1
202300028311;155 630 348;32;0;2;4;11;1
202300028311;155 630 351;32;0;2;2;1;1
202300028312;155 630 343;7;0;2;2;1;1
202300028312;155 630 345;7;0;2;5;19;1
202300028313;155 630 346;7;0;2;2;15;6
202300028313;155 630 350;2;0;2;1;1;3
202300028314;155 630 341;7;0;2;1;3;1
202300028314;155 630 344;7;0;2;4;2;1
202300028314;155 630 347;7;0;2;5;2;1
202300028314;155 630 349;7;0;2;6;2;1
202300028315;155 630 340;33;0;2;3;0;1
202300028315;155 630 342;7;0;2;2;12;1
202300028316;155 630 335;43;0;2;2;1;1
202300028316;155 630 339;7;0;2;8;1;1
202300028317;155 630 334;43;0;2;7;3;1
202300028317;155 630 338;7;0;2;8;11;1
202300028318;155 630 337;50;0;1;1;17;3
202300028319;155 630 333;7;0;2;1;12;1
202300028319;155 630 336;33;0;2;4;1;1
202300028320;155 630 331;7;4;0;1;1;1
202300028321;155 630 326;7;0;2;4;2;1
202300028321;155 630 328;7;0;2;4;2;3
202300028321;155 630 332;7;0;2;1;2;1
202300028322;155 630 324;7;0;2;2;2;2
202300028322;155 630 327;7;0;2;3;2;1
202300028322;155 630 330;7;0;2;6;1;1
202300028323;155 630 325;10;0;2;0;1;1
202300028323;155 630 329;7;0;2;0;16;1
202300028324;155 630 320;7;0;2;4;23;1
202300028324;155 630 322;7;0;2;1;1;1
202300028325;155 630 319;7;0;2;2;1;1
202300028325;155 630 323;7;0;2;0;0;1
202300028326;155 630 317;50;0;0;0;1;3
202300028327;155 630 311;7;0;2;3;13;1
202300028327;155 630 313;31;0;2;1;1;1
202300028328;155 630 310;15;0;2;1;1;0
202300028328;155 630 312;7;0;2;6;1;1
202300028328;155 630 315;13;0;2;4;1;4
202300028328;155 630 316;15;0;2;4;1;1
202300028328;155 630 318;15;0;2;4;1;1
202300028328;155 630 321;7;0;2;4;1;1
202300028329;155 630 309;7;0;2;7;15;1
202300028329;155 630 314;33;0;2;1;1;1
202300028330;155 630 307;1;0;2;4;2;5
202300028330;155 630 308;7;0;2;1;1;0
202300028331;155 630 305;7;0;1;1;2;2
202300028332;155 630 304;33;0;2;1;26;1
202300028332;155 630 306;7;0;2;2;12;1
202300028333;155 630 303;7;7;0;1;13;1
202300028334;155 630 299;7;4;0;8;13;1
202300028335;155 630 300;1;0;2;1;1;5
202300028335;155 630 302;1;0;2;1;1;5
202300028336;155 630 298;7;0;2;1;1;1
202300028336;155 630 301;7;0;2;5;9;1
202300028337;155 630 290;7;6;2;1;2;1
202300028337;155 630 293;7;14;2;1;2;1
202300028337;155 630 296;7;14;2;1;2;1
202300028338;155 630 291;1;0;1;3;16;5
202300028339;155 630 289;7;0;2;4;23;1
202300028339;155 630 292;7;0;2;4;23;1
202300028339;155 630 295;7;0;2;1;1;1
202300028340;155 630 286;1;0;1;1;0;5
202300028341;155 630 284;7;8;0;1;6;1
202300028342;155 630 285;43;0;2;1;1;1
202300028342;155 630 288;7;0;2;1;15;1
202300028343;155 630 283;7;0;2;1;1;1
202300028343;155 630 287;1;0;2;7;19;5
202300028344;155 630 282;33;0;1;1;1;1
202300028345;155 630 279;7;0;2;7;19;1
202300028345;155 630 281;7;0;2;8;0;1
202300028346;155 630 280;7;1;0;3;13;1
202300028347;155 630 278;7;0;1;1;15;1
202300028348;155 630 275;10;0;2;1;26;0
202300028348;155 630 277;7;0;2;4;1;0
202300028349;155 630 273;7;0;2;3;9;1
202300028349;155 630 276;33;0;2;7;1;1
202300028350;155 630 270;1;0;2;1;1;5
202300028350;155 630 274;32;0;2;1;1;1
202300028351;155 630 268;7;0;2;1;1;1
202300028351;155 630 271;7;0;2;4;1;1
202300028352;155 630 267;7;0;2;1;1;2
202300028352;155 630 269;7;0;2;4;1;1
202300028352;155 630 272;7;0;2;4;1;1
202300028353;155 630 264;30;0;0;4;3;1
202300028353;155 630 265;7;0;2;2;21;1
202300028354;155 630 263;30;0;2;1;1;1
202300028354;155 630 266;13;0;2;8;16;1
202300028355;155 630 262;7;0;0;0;0;6
202300028356;155 630 257;31;0;2;1;12;3
202300028356;155 630 260;7;0;2;0;10;1
202300028357;155 630 259;7;0;2;2;17;1
202300028357;155 630 261;7;0;2;6;0;2
202300028358;155 630 254;50;0;2;1;5;3
202300028358;155 630 258;7;0;2;3;16;1
202300028359;155 630 255;7;0;2;2;9;0
202300028359;155 630 256;2;0;0;0;0;0
202300028360;155 630 250;7;0;2;3;1;2
202300028360;155 630 253;32;0;2;1;15;1
202300028361;155 630 249;50;0;1;1;5;3
202300028362;155 630 248;33;0;2;1;1;1
202300028362;155 630 251;7;0;0;0;0;0
202300028363;155 630 247;7;0;9;3;15;1
202300028363;155 630 252;80;0;2;3;1;3
202300028364;155 630 246;7;0;1;4;20;1
202300028365;155 630 243;7;0;2;1;1;0
202300028365;155 630 245;7;0;2;0;0;2
202300028366;155 630 242;7;0;2;1;1;1
202300028366;155 630 244;7;0;2;4;1;1
202300028367;155 630 241;1;0;1;1;25;5
202300028368;155 630 238;33;0;2;4;1;1
202300028368;155 630 240;0;0;2;1;2;0
202300028369;155 630 237;10;0;1;2;1;6
202300028370;155 630 236;2;12;0;9;19;1
202300028370;155 630 239;7;0;2;1;1;1
202300028371;155 630 232;2;0;2;1;13;1
202300028371;155 630 235;2;0;2;1;1;1
202300028372;155 630 231;7;0;2;2;1;1
202300028372;155 630 233;99;0;2;8;19;3
202300028373;155 630 229;30;0;2;1;2;1
202300028373;155 630 234;30;0;2;1;15;1
202300028374;155 630 228;2;0;2;1;13;1
202300028374;155 630 230;7;0;2;3;1;1
202300028375;155 630 226;7;0;2;2;14;3
202300028376;155 630 223;7;0;2;2;2;0
202300028376;155 630 227;50;0;2;8;2;3
202300028377;155 630 221;7;0;2;1;1;1
202300028377;155 630 224;10;0;2;7;15;1
202300028378;155 630 220;7;0;0;4;1;1
202300028378;155 630 222;10;0;0;1;1;1
202300028378;155 630 225;7;0;0;4;1;1
202300028379;155 630 219;30;5;0;1;1;1
202300028380;155 630 217;7;13;0;3;19;2
202300028381;155 630 215;7;0;2;1;1;1
202300028381;155 630 218;33;0;2;4;23;1
202300028382;155 630 213;7;0;1;1;26;1
202300028383;155 630 214;7;0;2;5;15;0
202300028383;155 630 216;7;0;2;1;1;1
202300028384;155 630 211;2;0;2;7;5;1
202300028384;155 630 212;7;0;2;6;2;1
202300028385;155 630 210;7;2;0;9;13;0
202300028386;155 630 208;7;0;2;7;15;0
202300028386;155 630 209;33;0;2;1;1;0
202300028387;155 630 206;7;0;1;1;0;1
202300028388;155 630 207;33;0;1;7;1;1
202300028389;155 630 204;31;0;2;1;17;0
202300028389;155 630 205;7;0;2;3;15;0
202300028390;155 630 199;7;16;0;0;1;0
202300028391;155 630 201;1;1;0;1;0;5
202300028391;155 630 203;7;0;2;3;23;1
202300028392;155 630 198;33;0;2;7;1;1
202300028392;155 630 202;7;0;2;6;15;1
202300028393;155 630 192;7;0;2;1;5;1
202300028393;155 630 194;7;0;2;1;1;1
202300028393;155 630 195;7;0;2;3;1;1
202300028394;155 630 191;0;0;1;1;26;0
202300028395;155 630 190;7;0;2;5;23;1
202300028395;155 630 197;7;3;2;5;17;1
202300028395;155 630 200;7;0;2;6;23;1
202300028396;155 630 187;7;0;2;1;2;1
202300028396;155 630 188;32;0;0;4;23;1
202300028397;155 630 185;7;0;2;3;17;1
202300028397;155 630 189;7;0;2;6;15;1
202300028398;155 630 184;2;0;2;1;17;1
202300028398;155 630 186;7;0;0;8;10;1
202300028399;155 630 182;7;0;2;3;1;1
202300028399;155 630 183;7;0;2;3;5;1
202300028400;155 630 180;7;0;0;1;1;1
202300028401;155 630 181;7;3;0;1;1;1
202300028402;155 630 176;7;0;2;1;2;0
202300028402;155 630 178;2;0;2;4;2;0
202300028402;155 630 179;7;0;0;4;2;0
202300028403;155 630 173;7;0;1;2;0;1
202300028404;155 630 172;7;3;2;2;14;1
202300028404;155 630 175;33;0;2;6;3;1
202300028405;155 630 168;33;14;0;8;1;1
202300028406;155 630 167;7;4;2;3;1;1
202300028406;155 630 170;33;0;2;8;1;1
202300028406;155 630 171;7;0;2;1;13;1
202300028407;155 630 165;31;1;2;1;18;1
202300028407;155 630 169;10;0;2;2;20;1
202300028408;155 630 163;7;13;0;1;0;1
202300028409;155 630 161;7;0;2;4;2;0
202300028409;155 630 164;7;0;2;4;2;0
202300028409;155 630 166;7;0;2;1;2;0
202300028410;155 630 160;7;0;2;1;0;1
202300028410;155 630 162;7;0;2;1;0;1
202300028411;155 630 159;10;0;0;9;1;1
202300028412;155 630 158;7;13;0;1;16;1
202300028413;155 630 155;2;0;2;7;1;1
202300028413;155 630 157;7;0;2;3;26;1
202300028414;155 630 153;7;16;0;2;1;1
202300028415;155 630 149;7;0;1;3;9;1
202300028416;155 630 146;31;6;0;0;13;1
202300028417;155 630 148;33;0;2;1;11;1
202300028417;155 630 150;21;0;0;4;2;1
202300028418;155 630 144;50;14;0;1;1;3
202300028419;155 630 141;7;0;2;3;13;1
202300028419;155 630 145;7;0;2;3;15;1
202300028420;155 630 140;7;0;2;2;1;1
202300028420;155 630 142;2;0;2;1;1;1
202300028421;155 630 137;7;0;2;2;15;1
202300028421;155 630 139;7;0;2;1;1;1
202300028422;155 630 135;7;0;1;2;1;1
202300028423;155 630 136;33;0;2;4;23;1
202300028423;155 630 138;99;0;2;1;1;1
202300028424;155 630 133;33;0;2;1;2;1
202300028424;155 630 134;7;0;0;4;23;1
202300028425;155 630 130;7;0;2;3;13;1
202300028425;155 630 132;7;0;2;3;1;1
202300028426;155 630 131;7;15;0;6;26;1
202300028427;155 630 128;10;0;1;1;1;1
202300028428;155 630 126;7;0;2;1;1;1
202300028428;155 630 129;7;0;2;1;1;1
202300028429;155 630 123;33;0;2;1;11;1
202300028429;155 630 127;7;0;2;1;1;1
202300028430;155 630 121;7;2;0;1;1;1
202300028431;155 630 120;7;0;2;3;10;1
202300028431;155 630 122;31;0;2;1;1;1
202300028432;155 630 118;7;0;2;3;15;0
202300028432;155 630 119;1;0;2;1;16;5
202300028433;155 630 117;10;0;1;0;15;0
202300028434;155 630 114;7;2;0;1;14;1
202300028435;155 630 115;7;6;0;7;1;1
202300028436;155 630 113;7;0;2;8;13;1
202300028436;155 630 116;2;0;2;8;1;1
202300028437;155 630 112;7;0;1;3;1;1
202300028438;155 630 109;7;13;0;1;1;1
202300028439;155 630 108;7;0;2;8;9;1
202300028439;155 630 111;33;0;2;2;1;1
202300028440;155 630 107;7;0;1;1;1;1
202300028441;155 630 106;33;0;2;7;19;1
202300028441;155 630 110;7;0;2;3;16;1
202300028442;155 630 105;38;3;0;1;1;1
202300028443;155 630 104;50;12;0;0;1;3
202300028444;155 630 102;7;0;1;2;1;1
202300028445;155 630 101;38;0;0;0;1;1
202300028446;155 630 099;7;0;2;1;1;1
202300028446;155 630 103;1;0;2;1;1;5
202300028447;155 630 098;1;0;2;1;1;5
202300028447;155 630 100;7;0;2;2;11;1
202300028448;155 630 095;33;0;0;8;12;1
202300028449;155 630 096;7;0;2;1;20;1
202300028449;155 630 097;33;0;2;1;1;1
202300028450;155 630 093;7;2;0;7;0;1
202300028451;155 630 091;7;13;0;1;0;1
202300028452;155 630 089;10;0;2;4;23;1
202300028452;155 630 090;2;0;2;1;2;1