Num_Acc;id_vehicule;categorie_vehicule;obstacle_fixe;obstacle_mobile;point_choc_initial;manoeuvre_principale;motorisation
202300028453;155 630 088;32;0;1;3;1;0
202300028454;155 630 087;7;0;1;2;16;0
202300028455;155 630 085;33;0;2;1;1;1
202300028455;155 630 086;7;0;2;2;19;1
202300028456;155 630 083;7;0;2;4;1;1
202300028456;155 630 084;7;0;2;1;9;1
202300028457;155 630 082;7;0;1;3;1;2
202300028458;155 630 080;7;11;0;1;1;1
202300028459;155 630 079;7;0;2;4;1;0
202300028459;155 630 081;7;0;2;3;1;1
202300028460;155 630 077;7;0;2;1;1;1
202300028460;155 630 078;7;0;2;4;23;1
202300028461;155 630 074;7;0;2;1;2;1
202300028461;155 630 076;15;0;0;6;1;1
202300028462;155 630 075;2;0;1;1;1;1
202300028463;155 630 070;7;13;0;1;1;1
202300028464;155 630 067;33;0;2;1;1;1
202300028464;155 630 071;1;0;2;1;5;5
202300028465;155 630 066;7;0;2;4;2;1
202300028465;155 630 069;7;0;2;1;2;1
202300028466;155 630 065;7;0;0;0;1;0
202300028467;155 630 061;10;9;2;1;5;0
202300028467;155 630 064;10;0;2;1;2;0
202300028467;155 630 068;10;0;2;6;5;0
202300028467;155 630 072;10;0;2;1;5;0
202300028468;155 630 059;7;0;2;7;12;1
202300028468;155 630 062;32;0;2;4;1;1
202300028469;155 630 060;10;0;2;8;15;1
202300028469;155 630 063;2;0;2;1;1;1
202300028470;155 630 058;7;0;1;2;1;0
202300028471;155 630 057;7;8;0;3;20;1
202300028472;155 630 053;2;0;2;1;1;1
202300028472;155 630 055;7;0;2;2;1;0
202300028473;155 630 052;7;0;2;4;1;1
202300028473;155 630 054;7;0;2;4;1;1
202300028473;155 630 056;7;0;2;1;26;1
202300028474;155 630 049;7;0;2;1;1;1
202300028474;155 630 051;80;0;0;8;15;3
202300028475;155 630 048;10;0;2;1;2;1
202300028475;155 630 050;7;0;2;4;2;1
202300028476;155 630 046;33;0;0;1;1;1
202300028477;155 630 044;7;0;1;1;1;1
202300028478;155 630 045;14;0;2;7;16;1
202300028478;155 630 047;1;0;2;1;1;5
202300028479;155 630 042;7;0;2;3;9;1
202300028479;155 630 043;2;0;2;1;1;1
202300028480;155 630 039;7;0;2;4;1;1
202300028480;155 630 041;10;0;2;1;1;1
202300028481;155 630 038;7;0;2;1;1;1
202300028481;155 630 040;7;7;2;2;19;1
202300028482;155 630 037;7;0;1;3;16;1
202300028483;155 630 035;7;0;2;2;1;1
202300028483;155 630 036;7;0;2;7;15;1
202300028484;155 630 033;7;0;2;2;12;1
202300028484;155 630 034;7;0;2;8;1;1
202300028485;155 630 032;7;0;1;1;1;0
202300028486;155 630 031;7;2;0;1;1;1
202300028487;155 630 029;1;0;2;0;1;5
202300028487;155 630 030;7;0;2;2;19;1
202300028488;155 630 028;7;6;0;1;13;1
202300028489;155 630 026;7;0;0;9;0;1
202300028490;155 630 025;7;0;2;1;2;1
202300028490;155 630 027;7;0;2;4;2;1
202300028491;155 630 022;50;0;2;8;15;3
202300028491;155 630 024;7;0;2;7;16;1
202300028492;155 630 021;50;0;9;4;1;3
202300028492;155 630 023;7;15;2;3;2;1
202300028493;155 630 019;33;0;0;1;1;1
202300028494;155 630 017;31;0;6;2;21;1
202300028495;155 630 018;2;0;2;3;1;1
202300028495;155 630 020;7;0;2;1;15;0
202300028496;155 630 016;7;6;0;3;1;1
202300028497;155 630 014;7;1;0;3;0;1
202300028498;155 630 013;7;0;2;2;1;1
202300028498;155 630 015;31;0;2;1;13;1
202300028499;155 630 010;7;0;2;5;14;1
202300028499;155 630 012;33;0;2;1;3;1
202300028500;155 630 008;33;2;0;1;21;1
202300028501;155 630 006;7;0;2;4;1;1
202300028501;155 630 007;10;0;2;1;1;1
202300028502;155 630 004;7;0;1;1;2;1
202300028503;155 630 001;7;0;2;8;11;1
202300028503;155 630 002;7;0;2;7;12;0
202300028504;155 630 000;7;0;2;1;1;1
202300028504;155 630 003;33;0;2;1;13;1
202300028504;155 630 005;33;0;2;1;13;1
202300028505;155 629 998;7;0;2;1;5;1
202300028505;155 629 999;7;0;2;3;1;1
202300028506;155 629 997;13;13;0;2;1;1
202300028507;155 629 996;7;1;0;1;1;1
202300028508;155 629 993;2;12;0;1;21;1
202300028509;155 629 992;34;0;2;7;1;1
202300028509;155 629 995;32;0;2;3;1;1
202300028510;155 629 991;7;0;2;4;1;1
202300028510;155 629 994;33;0;2;1;1;1
202300028511;155 629 988;7;3;0;1;1;1
202300028512;155 629 986;33;0;2;1;19;1
202300028512;155 629 990;7;0;2;1;15;1
202300028513;155 629 985;7;0;2;1;16;0
202300028513;155 629 987;42;0;2;7;1;1
202300028513;155 629 989;37;0;2;1;1;1
202300028514;155 629 983;7;0;2;6;1;1
202300028514;155 629 984;7;0;2;1;11;1
202300028515;155 629 980;7;6;0;2;11;1
202300028515;155 629 982;7;6;0;2;1;1
202300028516;155 629 978;33;0;2;4;23;1
202300028516;155 629 981;7;14;0;1;2;1
202300028517;155 629 979;33;3;0;0;26;1
202300028518;155 629 974;7;0;2;2;13;1
202300028518;155 629 977;33;0;2;1;2;1
202300028519;155 629 973;7;0;2;0;26;0
202300028519;155 629 976;31;0;2;7;26;0
202300028520;155 629 971;10;0;0;4;2;1
202300028520;155 629 972;7;0;2;1;2;1
202300028520;155 629 975;7;0;2;1;2;2
202300028521;155 629 968;7;0;2;1;21;1
202300028521;155 629 970;34;0;2;1;26;1
202300028522;155 629 967;7;0;0;0;24;0
202300028522;155 629 969;7;1;0;2;1;1
202300028523;155 629 965;33;0;2;7;3;1
202300028523;155 629 966;7;0;2;8;13;1
202300028524;155 629 964;7;6;0;2;1;1
202300028525;155 629 963;7;1;0;1;1;1
202300028526;155 629 961;21;16;0;0;1;0
202300028527;155 629 960;15;0;2;2;26;1
202300028527;155 629 962;7;4;2;4;11;1
202300028528;155 629 955;30;0;2;1;1;1
202300028528;155 629 958;7;0;2;4;23;1
202300028529;155 629 954;7;0;2;3;15;1
202300028529;155 629 957;34;0;2;1;17;1
202300028530;155 629 956;1;0;2;8;0;5
202300028530;155 629 959;7;0;9;3;0;1
202300028531;155 629 950;7;0;2;6;10;1
202300028531;155 629 953;34;0;2;1;0;1
202300028532;155 629 948;7;0;2;1;1;1
202300028532;155 629 951;2;0;2;1;13;1
202300028533;155 629 949;7;0;2;3;1;1
202300028533;155 629 952;7;0;2;2;9;1
202300028534;155 629 946;10;0;2;3;15;1
202300028534;155 629 947;33;0;2;7;17;1
202300028535;155 629 945;7;0;1;2;13;0
202300028536;155 629 944;33;0;0;7;9;1
202300028537;155 629 943;7;10;0;2;0;1
202300028538;155 629 941;7;0;0;3;7;1
202300028538;155 629 942;1;0;2;1;19;5
202300028539;155 629 940;7;13;0;9;1;1
202300028540;155 629 939;7;0;1;3;1;1
202300028541;155 629 936;7;0;2;3;1;0
202300028541;155 629 938;34;0;2;8;0;0
202300028542;155 629 935;7;13;0;9;2;1
202300028543;155 629 934;2;0;2;1;1;2
202300028543;155 629 937;7;0;2;3;1;2
202300028544;155 629 933;7;0;0;2;0;6
202300028545;155 629 932;3;14;0;9;26;1
202300028546;155 629 930;2;0;2;7;1;3
202300028546;155 629 931;7;0;2;3;9;1
202300028547;155 629 929;10;6;0;1;1;1
202300028548;155 629 927;2;0;2;2;1;1
202300028548;155 629 928;7;0;2;3;15;1
202300028549;155 629 924;7;0;0;9;2;1
202300028550;155 629 926;7;11;0;1;21;1
202300028551;155 629 923;33;0;2;1;1;1
202300028551;155 629 925;7;0;2;6;15;1
202300028552;155 629 919;7;0;2;2;22;2
202300028552;155 629 921;80;1;0;3;1;3
202300028553;155 629 920;32;0;2;1;26;1
202300028553;155 629 922;33;0;2;3;1;1
202300028554;155 629 917;33;0;6;0;0;1
202300028555;155 629 916;7;13;0;1;19;1
202300028556;155 629 915;2;0;2;7;1;3
202300028556;155 629 918;1;0;2;1;1;5
202300028557;155 629 912;33;0;2;1;1;0
202300028557;155 629 914;7;0;2;6;15;0
202300028558;155 629 909;7;0;2;3;1;1
202300028558;155 629 911;33;0;2;5;15;0
202300028559;155 629 906;7;0;2;1;17;0
202300028559;155 629 908;7;0;2;1;0;0
202300028560;155 629 903;7;0;1;1;15;0
202300028561;155 629 904;7;0;2;1;1;0
202300028561;155 629 905;7;0;2;1;13;0
202300028561;155 629 907;7;0;2;6;1;0
202300028561;155 629 910;7;0;2;1;1;0
202300028561;155 629 913;7;0;2;1;1;0
202300028562;155 629 901;7;12;0;9;1;1
202300028563;155 629 900;7;0;2;1;9;1
202300028563;155 629 902;50;0;2;1;1;3
202300028564;155 629 898;7;0;2;2;1;0
202300028564;155 629 899;2;0;2;3;15;1
202300028565;155 629 895;30;0;2;1;13;1
202300028565;155 629 897;7;0;2;1;1;1
202300028566;155 629 894;7;0;2;3;1;1
202300028566;155 629 896;31;0;2;1;17;1
202300028567;155 629 893;33;3;0;3;1;1
202300028568;155 629 892;7;0;1;2;1;1
202300028569;155 629 891;10;0;1;1;1;1
202300028570;155 629 889;50;0;1;1;1;3
202300028571;155 629 887;7;0;1;3;14;1
202300028572;155 629 888;33;0;2;2;17;1
202300028572;155 629 890;7;0;2;3;15;1
202300028573;155 629 885;1;0;0;0;0;5
202300028574;155 629 881;7;0;2;5;17;1
202300028574;155 629 883;33;0;2;3;1;1
202300028575;155 629 880;7;0;2;4;1;1
202300028575;155 629 884;7;0;2;4;1;1
202300028575;155 629 886;7;0;2;1;1;1
202300028576;155 629 876;7;0;2;3;1;1
202300028576;155 629 878;34;0;2;1;13;1
202300028577;155 629 873;7;0;2;3;1;1
202300028577;155 629 877;7;0;2;1;2;1
202300028578;155 629 874;7;1;2;1;2;1
202300028578;155 629 875;7;1;0;4;2;1
202300028578;155 629 879;7;0;0;4;2;1
202300028579;155 629 872;7;0;1;3;1;1
202300028580;155 629 871;7;1;0;2;1;1
202300028581;155 629 869;13;0;2;3;13;1
202300028581;155 629 870;50;0;2;1;2;3
202300028582;155 629 865;33;0;2;2;1;1
202300028582;155 629 868;7;0;0;0;11;1
202300028583;155 629 864;7;0;2;3;15;1
202300028583;155 629 866;2;0;2;1;1;1
202300028584;155 629 863;7;0;2;3;13;1
202300028584;155 629 867;7;0;2;2;1;1
202300028585;155 629 861;7;0;2;7;15;1
202300028585;155 629 862;33;0;2;1;1;1
202300028586;155 629 859;7;17;0;1;13;1
202300028587;155 629 858;7;0;2;1;2;0
202300028587;155 629 860;7;0;2;4;2;0
202300028588;155 629 857;43;0;6;2;1;1
202300028589;155 629 854;7;0;1;1;1;2
202300028590;155 629 852;33;0;2;8;2;1
202300028590;155 629 855;7;0;2;8;15;1
202300028591;155 629 853;7;0;2;3;15;1
202300028591;155 629 856;50;0;2;;19;3
202300028592;155 629 848;7;1;0;1;1;1
202300028592;155 629 851;7;13;2;0;23;1
202300028593;155 629 847;7;0;2;8;15;1
202300028593;155 629 850;33;0;2;1;1;1
202300028594;155 629 846;7;0;2;3;1;1
202300028594;155 629 849;50;0;2;1;19;3
202300028595;155 629 845;33;0;0;0;1;1
202300028596;155 629 842;33;0;2;1;17;1
202300028596;155 629 843;7;0;2;1;26;1
202300028597;155 629 841;1;0;2;0;1;5
202300028597;155 629 844;15;0;9;0;17;1
202300028598;155 629 839;7;0;0;1;2;0
202300028598;155 629 840;7;0;0;2;2;0
202300028599;155 629 837;2;3;0;7;26;1
202300028600;155 629 836;7;0;2;1;1;1
202300028600;155 629 838;7;0;2;4;0;1
202300028601;155 629 835;7;0;0;9;1;1
202300028602;155 629 832;1;0;0;7;1;5
202300028603;155 629 831;10;0;2;3;15;1
202300028603;155 629 834;33;0;2;2;1;1
202300028604;155 629 830;7;0;2;2;19;1
202300028604;155 629 833;2;0;2;1;1;1
202300028605;155 629 829;7;2;0;1;1;1
202300028606;155 629 827;50;0;1;1;0;3
202300028607;155 629 826;7;0;2;3;13;1
202300028607;155 629 828;10;0;2;3;21;1
202300028608;155 629 825;7;15;0;1;14;1
202300028609;155 629 824;7;1;0;1;26;0
202300028610;155 629 823;7;6;0;1;1;1
202300028611;155 629 820;50;0;2;0;0;3
202300028611;155 629 821;7;0;9;2;15;1
202300028612;155 629 819;7;0;2;1;1;3
202300028612;155 629 822;7;0;2;2;1;1
202300028613;155 629 817;7;0;0;3;2;1
202300028613;155 629 818;7;4;0;5;2;1
202300028614;155 629 816;7;0;1;1;1;3
202300028615;155 629 812;33;4;0;3;13;1
202300028616;155 629 813;7;0;2;2;1;1
202300028616;155 629 815;50;0;2;1;15;3
202300028617;155 629 814;10;0;1;1;1;0
202300028618;155 629 808;7;0;2;7;16;1
202300028618;155 629 811;2;0;2;1;2;1
202300028619;155 629 807;7;3;0;4;2;1
202300028619;155 629 810;7;0;2;1;2;1
202300028620;155 629 806;7;0;2;1;1;1
202300028620;155 629 809;7;0;2;8;0;1
202300028621;155 629 805;31;0;0;0;1;1
202300028622;155 629 803;10;0;2;2;11;1
202300028622;155 629 804;15;0;2;6;11;1
202300028623;155 629 801;1;8;0;1;26;5
202300028624;155 629 800;7;0;2;1;1;1
202300028624;155 629 802;7;0;2;3;17;1
202300028625;155 629 798;2;6;9;7;1;1
202300028626;155 629 797;10;13;2;2;17;1
202300028626;155 629 799;7;7;2;3;9;1
202300028627;155 629 796;10;13;0;1;9;1
202300028628;155 629 794;7;6;0;7;1;1
202300028629;155 629 793;33;0;2;1;2;1
202300028629;155 629 795;7;0;2;5;1;1
202300028630;155 629 788;7;0;2;7;1;1
202300028630;155 629 792;7;0;2;1;1;1
202300028631;155 629 787;7;0;2;8;15;2
202300028631;155 629 790;33;0;2;2;17;1
202300028632;155 629 782;7;0;2;4;1;1
202300028632;155 629 784;32;0;2;1;1;1
202300028633;155 629 781;7;0;2;3;1;1
202300028633;155 629 786;10;0;2;7;19;1
202300028634;155 629 780;50;0;2;1;1;3
202300028634;155 629 783;50;0;2;1;2;3
202300028634;155 629 785;7;0;2;3;10;1
202300028635;155 629 778;7;0;2;4;1;1
202300028635;155 629 779;7;0;2;1;2;1
202300028636;155 629 777;7;0;1;2;1;1
202300028637;155 629 776;7;0;1;3;16;1
202300028638;155 629 775;7;4;0;1;13;1
202300028639;155 629 774;7;6;0;1;1;1
202300028640;155 629 772;7;4;2;1;5;1
202300028640;155 629 773;7;0;2;1;1;1
202300028641;155 629 771;7;9;0;1;1;1
202300028642;155 629 769;7;0;2;6;1;1
202300028642;155 629 770;15;0;2;1;13;1
202300028643;155 629 768;7;0;1;3;1;1
202300028644;155 629 767;7;0;1;3;1;1
202300028645;155 629 765;7;6;0;4;0;1
202300028646;155 629 763;7;0;1;1;1;1
202300028647;155 629 764;7;4;2;2;14;1
202300028647;155 629 766;10;0;2;3;1;1
202300028648;155 629 760;7;0;2;3;15;1
202300028648;155 629 762;1;0;2;0;1;5
202300028649;155 629 758;7;0;2;1;1;1
202300028649;155 629 759;7;0;2;4;1;1
202300028650;155 629 757;7;8;0;0;5;1
202300028651;155 629 756;37;0;2;3;1;3
202300028651;155 629 761;7;0;2;2;1;2
202300028652;155 629 754;7;0;1;3;15;1
202300028653;155 629 753;10;0;2;1;0;1
202300028653;155 629 755;7;0;2;4;23;1
202300028654;155 629 752;7;0;1;1;1;1
202300028655;155 629 750;7;0;1;2;1;1
202300028656;155 629 748;10;0;2;1;2;1
202300028656;155 629 749;7;0;2;4;2;1
202300028656;155 629 751;7;0;2;4;2;1
202300028657;155 629 746;7;6;0;2;25;1
202300028658;155 629 745;33;0;2;6;18;1
202300028658;155 629 747;7;0;2;3;2;1
202300028659;155 629 744;7;13;0;1;0;1
202300028660;155 629 743;33;0;0;0;1;1
202300028661;155 629 741;7;2;0;1;1;1
202300028662;155 629 739;7;0;2;1;1;1
202300028662;155 629 742;7;0;2;7;1;1
202300028663;155 629 737;33;2;0;2;13;1
202300028664;155 629 735;7;0;2;6;2;1
202300028664;155 629 738;7;0;2;2;12;1
202300028664;155 629 740;7;0;2;6;2;1
202300028665;155 629 733;50;0;2;1;1;3
202300028665;155 629 736;7;0;2;2;15;6
202300028666;155 629 732;7;0;2;1;19;1
202300028666;155 629 734;7;0;0;8;1;1
202300028667;155 629 730;7;0;2;7;12;1
202300028667;155 629 731;33;0;2;1;3;1
202300028668;155 629 728;33;0;2;8;13;1
202300028668;155 629 729;10;0;2;8;0;1
202300028669;155 629 726;7;0;2;1;1;6
202300028669;155 629 727;7;0;2;4;23;0
202300028670;155 629 724;31;0;2;1;2;1
202300028670;155 629 725;7;0;2;6;2;1
202300028671;155 629 720;7;0;2;1;9;1
202300028671;155 629 723;7;0;2;2;1;1
202300028672;155 629 721;7;0;0;4;19;1
202300028672;155 629 722;7;6;2;1;19;1
202300028673;155 629 717;31;0;2;1;2;1
202300028673;155 629 719;7;0;2;2;16;1
202300028674;155 629 716;7;0;2;7;13;1
202300028674;155 629 718;7;0;2;7;13;1
202300028675;155 629 714;7;0;2;1;1;1
202300028675;155 629 715;7;0;2;4;15;1
202300028676;155 629 712;50;0;1;2;1;3
202300028677;155 629 711;7;0;2;1;26;1
202300028677;155 629 713;7;0;2;1;1;1
202300028678;155 629 709;7;0;2;1;1;1
202300028678;155 629 710;1;0;2;7;1;5
202300028679;155 629 708;7;0;1;0;9;1
202300028680;155 629 703;1;0;2;1;1;5
202300028680;155 629 705;7;0;2;3;9;1
202300028681;155 629 702;2;0;2;0;0;0
202300028681;155 629 704;10;0;2;1;15;1
202300028682;155 629 701;7;0;1;8;16;1
202300028683;155 629 697;33;0;2;1;16;1
202300028683;155 629 700;15;0;2;3;1;1
202300028684;155 629 696;7;0;2;3;5;6
202300028684;155 629 699;7;0;2;3;1;0
202300028685;155 629 695;50;0;2;1;1;3
202300028685;155 629 698;30;0;2;7;15;1
202300028686;155 629 692;7;0;2;1;0;0
202300028686;155 629 693;7;0;2;8;0;0
202300028687;155 629 691;33;0;2;2;1;1
202300028687;155 629 694;7;0;2;3;15;1
202300028688;155 629 689;7;0;2;8;15;2
202300028688;155 629 690;2;0;2;1;21;1
202300028689;155 629 688;15;0;1;2;1;0
202300028690;155 629 686;0;;;;;
202300028690;155 629 687;33;0;2;1;1;1
202300028691;155 629 683;10;0;2;2;1;1
202300028691;155 629 685;0;0;2;2;19;6
202300028692;155 629 684;7;0;1;3;1;1
202300028693;155 629 680;33;0;2;1;3;1
202300028693;155 629 681;7;0;2;1;9;1
202300028694;155 629 678;7;0;2;1;1;1
202300028694;155 629 679;7;0;2;8;19;1
202300028695;155 629 677;7;13;0;8;3;1
202300028696;155 629 674;32;0;2;9;9;1
202300028697;155 629 673;7;6;0;1;1;1
202300028698;155 629 670;33;0;2;1;13;1
202300028698;155 629 671;7;0;2;5;1;3
202300028699;155 629 669;1;0;2;2;1;5
202300028699;155 629 672;7;0;2;1;1;1
202300028700;155 629 668;10;0;1;5;26;3
202300028701;155 629 666;7;0;2;7;16;1
202300028701;155 629 667;1;0;2;6;1;5
202300028702;155 629 664;2;0;0;2;16;0
202300028702;155 629 665;7;0;2;3;16;1
202300028703;155 629 661;7;0;2;1;15;1
202300028703;155 629 662;33;0;2;1;1;1
202300028704;155 629 659;7;0;1;3;0;0
202300028705;155 629 660;50;0;2;4;0;3
202300028705;155 629 663;7;0;2;3;1;1
202300028706;155 629 658;7;0;1;1;15;1
202300028707;155 629 657;37;0;1;2;1;1
202300028708;155 629 655;7;0;9;1;1;0
202300028708;155 629 656;1;0;2;1;5;5
202300028709;155 629 654;7;0;1;1;19;1
202300028710;155 629 651;1;0;2;2;26;5
202300028710;155 629 653;7;0;2;2;16;1
202300028711;155 629 647;7;15;2;9;13;1
202300028711;155 629 648;7;0;2;8;1;3
202300028711;155 629 649;7;0;2;8;1;0
202300028712;155 629 645;7;0;2;2;15;1
202300028712;155 629 646;7;0;2;1;1;1
202300028713;155 629 643;7;14;0;2;1;1
202300028713;155 629 644;80;0;2;4;23;3
202300028714;155 629 640;7;0;2;2;9;2
202300028714;155 629 641;1;0;2;0;0;5
202300028715;155 629 639;7;0;2;7;1;1
202300028715;155 629 642;7;0;2;1;1;1
202300028716;155 629 637;80;0;0;7;1;3
202300028717;155 629 635;7;0;2;1;5;1
202300028717;155 629 636;7;0;2;1;1;1
202300028718;155 629 632;7;0;2;2;15;1
202300028718;155 629 633;2;0;2;1;1;1
202300028719;155 629 628;13;0;2;7;26;1
202300028719;155 629 629;7;0;2;1;26;1
202300028720;155 629 626;30;0;0;0;1;1
202300028721;155 629 625;33;0;2;1;1;1
202300028721;155 629 627;10;0;2;3;16;1
202300028722;155 629 620;7;0;2;1;1;1
202300028722;155 629 621;7;0;2;8;1;1
202300028723;155 629 617;7;0;2;2;15;1
202300028723;155 629 618;30;0;2;1;1;1
202300028724;155 629 614;7;0;1;1;1;2
202300028725;155 629 611;7;0;2;1;19;1
202300028725;155 629 613;7;0;2;1;19;1
202300028726;155 629 610;7;0;9;6;24;1
202300028726;155 629 612;7;1;0;1;1;1
202300028727;155 629 606;7;0;2;2;15;1
202300028727;155 629 608;7;0;2;3;1;1
202300028728;155 629 607;1;0;9;1;26;5
202300028728;155 629 609;7;0;9;3;22;1
202300028729;155 629 604;7;0;2;3;22;2
202300028729;155 629 605;1;1;0;1;22;5
202300028730;155 629 602;7;0;2;7;15;1
202300028730;155 629 603;7;9;2;1;1;1
202300028731;155 629 600;50;0;2;2;1;3
202300028731;155 629 601;7;0;2;8;22;1
202300028732;155 629 597;1;0;2;4;2;5
202300028732;155 629 599;7;0;9;1;1;1
202300028733;155 629 596;7;0;1;1;1;1
202300028734;155 629 592;7;0;2;2;1;1
202300028734;155 629 594;33;0;2;3;16;1
202300028735;155 629 593;7;0;2;7;15;1
202300028735;155 629 595;7;0;2;1;1;0
202300028736;155 629 591;7;0;1;1;15;1
202300028737;155 629 588;7;0;1;2;1;1
202300028738;155 629 589;10;0;2;1;19;1
202300028738;155 629 590;7;0;2;2;1;1
202300028739;155 629 586;7;0;2;2;15;1
202300028739;155 629 587;32;0;2;3;1;1
202300028740;155 629 584;50;0;2;7;26;3
202300028740;155 629 585;7;0;2;1;26;1
202300028741;155 629 582;7;0;2;2;1;0
202300028741;155 629 583;7;0;2;3;1;0
202300028742;155 629 579;7;1;2;2;1;1
202300028743;155 629 580;1;0;2;7;26;5
202300028743;155 629 581;7;0;2;1;26;1
202300028744;155 629 578;7;0;1;3;1;1
202300028745;155 629 577;7;3;0;1;1;1
202300028746;155 629 575;7;0;1;1;15;1
202300028747;155 629 574;7;0;2;1;1;1
202300028747;155 629 576;7;0;2;1;1;1
202300028748;155 629 572;1;14;0;1;1;5
202300028748;155 629 573;1;0;9;1;1;5
202300028749;155 629 570;7;0;2;6;15;1
202300028749;155 629 571;50;0;2;1;1;3
202300028750;155 629 569;7;0;1;1;17;1
202300028751;155 629 566;7;0;2;0;0;1
202300028751;155 629 568;10;0;2;3;2;1
202300028752;155 629 563;33;0;2;0;13;1
202300028752;155 629 564;7;0;2;3;1;1
202300028753;155 629 565;50;0;2;8;19;3
202300028753;155 629 567;7;0;2;1;1;1
202300028754;155 629 561;33;1;0;1;0;1
202300028755;155 629 560;7;8;0;3;0;1
202300028755;155 629 562;7;8;0;3;0;1
202300028756;155 629 558;7;0;0;4;20;1
202300028757;155 629 557;7;0;2;1;15;1
202300028757;155 629 559;50;0;2;7;1;3
202300028758;155 629 555;7;0;2;2;2;0
202300028758;155 629 556;7;0;2;2;2;0
202300028759;155 629 554;7;0;1;2;16;1
202300028760;155 629 553;10;0;1;3;1;1
202300028761;155 629 550;33;12;0;1;1;1
202300028762;155 629 551;32;0;2;1;2;1
202300028762;155 629 552;7;0;2;6;1;0
202300028763;155 629 549;7;17;0;1;0;1
202300028764;155 629 547;7;2;0;3;1;1
202300028765;155 629 546;50;0;2;7;1;3
202300028765;155 629 548;7;0;2;1;1;1
202300028766;155 629 543;30;1;0;1;14;1
202300028767;155 629 542;33;0;1;1;1;1
202300028767;155 629 544;10;0;0;3;2;1
202300028767;155 629 545;7;0;0;6;2;1
202300028768;155 629 540;7;15;0;2;14;1
202300028769;155 629 539;7;0;2;3;1;1
202300028769;155 629 541;7;0;2;5;0;1
202300028770;155 629 536;80;0;2;7;26;3
202300028770;155 629 538;7;0;2;1;9;1
202300028771;155 629 535;7;0;2;2;1;2
202300028771;155 629 537;7;0;2;8;15;1
202300028772;155 629 533;7;0;9;2;15;1
202300028772;155 629 534;1;0;2;1;1;5
202300028773;155 629 532;7;0;1;1;1;1
202300028774;155 629 530;7;0;0;0;0;0
202300028775;155 629 529;2;0;2;1;1;1
202300028775;155 629 531;7;0;2;3;1;1
202300028776;155 629 526;33;0;2;1;1;0
202300028776;155 629 528;7;0;2;2;19;0
202300028777;155 629 525;7;0;2;0;16;1
202300028777;155 629 527;1;0;2;0;1;5
202300028778;155 629 524;33;4;0;0;1;1
202300028779;155 629 520;33;0;2;6;2;1
202300028779;155 629 522;33;0;2;2;2;1
202300028780;155 629 521;7;12;0;3;1;1
202300028780;155 629 523;1;12;0;1;0;5
202300028781;155 629 519;7;0;1;1;20;0
202300028782;155 629 518;33;0;0;0;0;1
202300028783;155 629 515;7;0;0;4;15;1
202300028783;155 629 517;33;0;2;2;2;1
202300028784;155 629 514;2;0;2;5;1;1
202300028784;155 629 516;7;0;2;3;9;1
202300028785;155 629 512;7;0;0;3;15;1
202300028785;155 629 513;2;0;2;1;17;1
202300028786;155 629 511;7;0;1;1;16;1
202300028787;155 629 510;7;7;0;1;0;1
202300028788;155 629 508;7;2;0;6;0;1
202300028789;155 629 509;38;0;1;0;16;1
202300028790;155 629 505;7;0;2;2;16;1
202300028790;155 629 507;1;0;2;1;1;5
202300028791;155 629 504;7;0;2;3;20;1
202300028791;155 629 506;1;0;2;1;1;5
202300028792;155 629 501;7;0;2;2;1;1
202300028792;155 629 503;2;0;2;2;15;1
202300028793;155 629 500;7;0;2;2;26;1
202300028793;155 629 502;50;0;2;3;25;3
202300028794;155 629 496;50;0;2;1;1;3
202300028794;155 629 497;7;0;2;3;9;1
202300028795;155 629 493;30;0;2;1;13;1
202300028795;155 629 494;33;0;2;3;1;1
202300028796;155 629 495;7;2;0;7;14;1
202300028797;155 629 490;7;0;2;8;15;1
202300028797;155 629 492;33;0;2;1;1;1
202300028798;155 629 491;7;2;0;1;13;1
202300028799;155 629 489;33;0;1;1;17;1
202300028800;155 629 488;7;0;1;3;1;1
202300028801;155 629 487;1;0;0;0;0;5
202300028802;155 629 485;7;0;2;7;1;1
202300028802;155 629 486;30;0;2;3;1;1
202300028803;155 629 484;33;0;1;3;1;1
202300028804;155 629 482;1;0;2;7;1;5
202300028804;155 629 483;7;0;2;2;9;1
202300028805;155 629 480;30;0;2;4;2;1
202300028805;155 629 481;7;0;2;1;2;1
202300028806;155 629 479;7;13;0;1;1;1
202300028807;155 629 478;7;0;1;1;19;1
202300028808;155 629 475;7;0;1;4;4;1
202300028809;155 629 476;7;0;2;3;15;1
202300028809;155 629 477;7;0;2;2;1;1
202300028810;155 629 472;1;0;2;6;0;5
202300028810;155 629 473;10;0;2;5;17;1
202300028811;155 629 468;7;0;2;4;23;1
202300028811;155 629 470;7;0;2;4;23;1
202300028811;155 629 474;37;0;2;2;16;1
202300028812;155 629 467;31;6;0;0;0;0
202300028813;155 629 465;7;0;2;6;23;1
202300028813;155 629 466;36;0;2;2;1;1
202300028814;155 629 464;33;12;0;7;13;1
202300028815;155 629 459;2;0;2;8;1;1
202300028815;155 629 461;7;0;2;3;1;1
202300028815;155 629 463;10;0;2;3;13;1
202300028816;155 629 458;7;13;0;1;1;1
202300028817;155 629 460;7;0;9;2;15;2