Num_Acc;id_vehicule;categorie_vehicule;obstacle_fixe;obstacle_mobile;point_choc_initial;manoeuvre_principale;motorisation
202300028817;155 629 462;50;0;2;1;2;3
202300028818;155 629 455;31;0;0;0;0;3
202300028818;155 629 456;7;0;2;3;11;1
202300028819;155 629 453;7;0;2;1;2;1
202300028819;155 629 454;7;0;2;1;2;0
202300028819;155 629 457;7;0;0;4;2;1
202300028820;155 629 452;10;0;1;1;1;1
202300028821;155 629 451;33;3;0;1;19;1
202300028822;155 629 450;7;15;0;9;0;1
202300028823;155 629 448;7;0;2;2;1;1
202300028823;155 629 449;80;0;2;1;15;3
202300028824;155 629 447;7;3;0;1;1;2
202300028825;155 629 446;7;0;1;1;11;1
202300028826;155 629 445;7;6;0;2;26;1
202300028827;155 629 443;10;0;2;3;15;1
202300028827;155 629 444;10;0;2;2;17;1
202300028828;155 629 441;33;0;2;1;17;1
202300028828;155 629 442;7;0;2;1;1;1
202300028829;155 629 439;33;0;2;1;2;1
202300028829;155 629 440;1;0;2;4;2;5
202300028830;155 629 438;7;2;0;1;1;1
202300028831;155 629 436;10;0;2;8;1;1
202300028831;155 629 437;7;0;2;8;1;1
202300028832;155 629 435;7;17;0;3;13;1
202300028833;155 629 433;7;0;9;5;1;0
202300028833;155 629 434;1;0;2;1;1;5
202300028834;155 629 431;7;2;0;1;1;1
202300028835;155 629 430;7;0;2;4;1;1
202300028835;155 629 432;31;1;0;1;1;1
202300028836;155 629 429;7;0;1;2;26;1
202300028837;155 629 428;7;0;1;1;1;2
202300028838;155 629 427;7;0;9;2;2;1
202300028839;155 629 424;7;0;2;7;15;0
202300028839;155 629 425;1;0;2;1;19;5
202300028840;155 629 423;80;0;2;1;1;3
202300028840;155 629 426;7;0;2;2;16;2
202300028841;155 629 422;7;1;0;2;1;1
202300028842;155 629 418;30;0;2;1;1;1
202300028842;155 629 421;7;0;2;5;15;1
202300028843;155 629 419;10;0;2;2;21;1
202300028843;155 629 420;7;0;2;6;23;1
202300028844;155 629 416;31;11;0;1;0;1
202300028845;155 629 415;7;0;2;7;16;1
202300028845;155 629 417;1;0;2;1;15;5
202300028846;155 629 412;80;0;6;0;1;3
202300028847;155 629 411;7;0;1;2;1;1
202300028848;155 629 409;7;0;2;3;10;1
202300028848;155 629 410;2;0;2;1;1;1
202300028849;155 629 405;7;0;2;1;1;1
202300028849;155 629 406;7;0;2;1;5;1
202300028850;155 629 403;33;0;0;1;1;1
202300028851;155 629 404;33;0;0;6;2;1
202300028851;155 629 407;33;0;2;1;21;1
202300028851;155 629 408;33;0;9;0;21;1
202300028852;155 629 400;7;0;2;5;2;1
202300028852;155 629 401;33;0;2;1;3;1
202300028852;155 629 402;7;0;2;6;2;1
202300028853;155 629 398;7;0;2;3;1;1
202300028853;155 629 399;7;0;2;5;1;1
202300028854;155 629 395;7;0;2;1;1;1
202300028854;155 629 396;7;0;2;4;11;1
202300028854;155 629 397;15;0;2;2;1;1
202300028855;155 629 393;7;4;2;1;14;1
202300028855;155 629 394;7;0;2;4;1;1
202300028856;155 629 391;7;0;2;1;1;1
202300028856;155 629 392;7;0;2;4;1;1
202300028857;155 629 389;99;0;2;4;12;1
202300028857;155 629 390;33;0;2;1;3;1
202300028858;155 629 386;7;0;2;1;1;1
202300028858;155 629 387;7;0;2;4;2;1
202300028858;155 629 388;10;0;2;4;12;1
202300028859;155 629 384;33;0;2;1;3;1
202300028859;155 629 385;7;0;2;6;2;1
202300028860;155 629 380;10;1;0;1;2;1
202300028860;155 629 381;7;0;2;6;24;1
202300028860;155 629 382;33;0;2;4;26;1
202300028860;155 629 383;7;0;2;4;26;1
202300028861;155 629 378;7;0;2;2;2;3
202300028861;155 629 379;33;0;2;3;3;1
202300028862;155 629 375;10;0;2;4;2;1
202300028862;155 629 376;10;0;2;1;2;1
202300028862;155 629 377;7;0;2;4;0;1
202300028863;155 629 373;7;0;2;6;1;1
202300028863;155 629 374;7;0;2;2;1;1
202300028864;155 629 371;7;0;2;0;2;1
202300028864;155 629 372;7;0;2;4;2;1
202300028865;155 629 370;7;1;0;2;16;1
202300028866;155 629 368;7;6;2;8;15;1
202300028866;155 629 369;33;6;2;7;15;1
202300028867;155 629 366;7;0;2;1;2;1
202300028867;155 629 367;14;0;2;4;2;1
202300028868;155 629 365;2;11;0;3;13;1
202300028869;155 629 363;7;0;2;1;15;1
202300028869;155 629 364;2;0;2;8;1;1
202300028870;155 629 362;7;11;0;2;0;1
202300028871;155 629 361;7;8;0;1;1;1
202300028872;155 629 360;7;0;1;1;1;1
202300028873;155 629 358;31;0;2;4;1;1
202300028873;155 629 359;7;0;2;1;2;1
202300028874;155 629 355;7;0;2;3;26;0
202300028874;155 629 357;37;0;2;3;11;0
202300028875;155 629 354;10;0;2;4;2;1
202300028875;155 629 356;7;0;2;1;2;0
202300028876;155 629 352;7;0;1;1;1;2
202300028877;155 629 351;10;0;2;3;1;1
202300028877;155 629 353;30;0;2;1;26;1
202300028878;155 629 349;33;0;2;1;26;1
202300028878;155 629 350;7;0;2;6;11;1
202300028879;155 629 348;7;0;1;2;1;2
202300028880;155 629 345;33;0;2;1;3;1
202300028880;155 629 347;7;0;2;6;1;1
202300028881;155 629 344;1;0;2;1;1;5
202300028881;155 629 346;50;0;2;1;1;3
202300028882;155 629 342;31;0;2;3;3;1
202300028882;155 629 343;7;0;2;2;12;1
202300028883;155 629 340;7;0;2;2;16;1
202300028883;155 629 341;1;0;2;0;0;5
202300028884;155 629 338;7;0;2;5;11;1
202300028884;155 629 339;34;0;2;1;11;1
202300028885;155 629 336;7;0;9;2;1;1
202300028885;155 629 337;1;0;2;5;19;5
202300028886;155 629 334;43;0;2;1;3;1
202300028886;155 629 335;7;0;2;4;0;1
202300028887;155 629 333;7;0;1;7;16;1
202300028888;155 629 331;7;0;2;1;2;1
202300028888;155 629 332;7;13;2;4;2;1
202300028889;155 629 329;50;0;2;1;9;3
202300028889;155 629 330;50;0;2;3;1;3
202300028890;155 629 328;7;15;1;2;16;1
202300028891;155 629 325;10;0;1;8;2;1
202300028892;155 629 323;7;0;1;2;1;1
202300028893;155 629 322;10;0;1;2;19;1
202300028894;155 629 320;7;0;1;8;1;1
202300028895;155 629 318;7;0;1;2;16;0
202300028896;155 629 316;7;0;2;3;19;1
202300028896;155 629 317;37;0;2;2;1;1
202300028897;155 629 314;32;0;0;4;0;1
202300028898;155 629 313;7;8;2;1;2;1
202300028898;155 629 315;7;0;2;4;23;1
202300028899;155 629 311;7;0;2;1;1;1
202300028899;155 629 312;1;0;2;1;11;5
202300028900;155 629 310;7;0;1;2;17;1
202300028901;155 629 307;0;0;2;7;7;0
202300028902;155 629 305;2;0;2;0;26;3
202300028902;155 629 306;7;0;2;2;13;1
202300028903;155 629 308;7;0;2;1;10;0
202300028903;155 629 309;2;0;2;1;1;1
202300028904;155 629 302;7;0;2;1;2;1
202300028904;155 629 303;10;0;2;4;23;3
202300028904;155 629 304;10;0;2;4;23;1
202300028905;155 629 300;10;0;2;7;14;1
202300028905;155 629 301;7;4;2;8;1;1
202300028906;155 629 298;2;0;2;1;1;1
202300028906;155 629 299;7;0;2;5;9;1
202300028907;155 629 297;7;0;1;1;1;1
202300028908;155 629 296;7;0;1;1;1;1
202300028909;155 629 294;50;0;2;1;1;3
202300028909;155 629 295;7;0;2;6;1;1
202300028910;155 629 292;7;0;2;3;15;1
202300028910;155 629 293;33;0;2;3;1;1
202300028911;155 629 291;7;1;1;2;1;1
202300028912;155 629 289;50;0;2;1;19;3
202300028912;155 629 290;7;0;2;3;1;1
202300028913;155 629 286;7;0;2;3;1;1
202300028913;155 629 287;50;0;2;1;17;3
202300028914;155 629 284;7;0;0;0;0;1
202300028914;155 629 285;7;0;2;4;26;1
202300028915;155 629 282;33;0;2;7;1;1
202300028915;155 629 283;7;0;2;8;15;1
202300028916;155 629 280;7;0;2;2;1;1
202300028916;155 629 281;1;0;2;1;5;5
202300028917;155 629 278;33;0;2;1;5;1
202300028917;155 629 279;7;0;2;2;9;1
202300028918;155 629 276;1;0;2;1;21;5
202300028918;155 629 277;1;0;2;1;1;5
202300028919;155 629 274;7;0;2;1;2;1
202300028919;155 629 275;7;0;2;4;2;1
202300028920;155 629 272;7;0;2;2;15;1
202300028920;155 629 273;33;0;2;1;1;1
202300028921;155 629 270;7;0;2;3;9;1
202300028921;155 629 271;33;0;2;2;0;1
202300028922;155 629 269;7;1;0;9;1;1
202300028923;155 629 267;7;0;2;2;15;1
202300028923;155 629 268;32;0;2;1;1;1
202300028924;155 629 266;7;0;1;2;1;1
202300028925;155 629 264;7;0;2;2;19;1
202300028925;155 629 265;33;0;2;2;3;1
202300028926;155 629 263;50;0;0;0;1;3
202300028927;155 629 261;7;0;2;2;16;1
202300028927;155 629 262;1;0;2;1;1;5
202300028928;155 629 259;80;0;2;0;1;3
202300028928;155 629 260;7;0;2;2;20;1
202300028929;155 629 258;30;13;0;1;1;1
202300028930;155 629 256;80;9;2;7;2;0
202300028930;155 629 257;1;0;2;1;9;5
202300028931;155 629 255;10;6;0;2;14;1
202300028932;155 629 254;7;0;1;5;4;1
202300028933;155 629 253;50;0;1;1;25;3
202300028934;155 629 251;7;0;2;3;9;3
202300028934;155 629 252;80;0;2;7;1;3
202300028935;155 629 249;7;0;2;4;9;1
202300028935;155 629 250;10;0;2;1;2;1
202300028936;155 629 247;50;0;2;1;2;3
202300028936;155 629 248;7;0;2;2;20;1
202300028937;155 629 245;7;0;2;3;1;1
202300028937;155 629 246;1;0;2;8;23;5
202300028938;155 629 243;7;0;2;4;2;1
202300028938;155 629 244;7;0;2;4;2;1
202300028939;155 629 242;30;13;0;0;26;1
202300028940;155 629 240;1;0;9;7;1;5
202300028940;155 629 241;7;0;2;8;22;1
202300028941;155 629 238;30;0;2;5;26;1
202300028941;155 629 239;7;0;2;0;0;0
202300028942;155 629 237;7;0;1;7;15;1
202300028943;155 629 236;43;0;0;0;0;1
202300028944;155 629 231;7;4;0;8;0;1
202300028945;155 629 229;33;0;2;8;1;1
202300028945;155 629 230;7;0;2;7;16;1
202300028946;155 629 227;1;0;0;0;0;5
202300028946;155 629 228;7;0;2;1;2;0
202300028947;155 629 226;1;2;0;2;1;5
202300028948;155 629 224;10;0;2;5;17;1
202300028948;155 629 225;1;0;0;0;0;5
202300028949;155 629 223;7;0;1;3;26;1
202300028950;155 629 220;7;0;2;8;1;2
202300028950;155 629 221;7;0;2;0;1;1
202300028950;155 629 222;7;0;2;0;0;1
202300028951;155 629 218;32;0;2;1;2;1
202300028951;155 629 219;7;0;0;4;2;1
202300028952;155 629 217;14;0;1;1;1;1
202300028953;155 629 215;7;0;2;5;1;1
202300028953;155 629 216;2;0;2;3;1;1
202300028954;155 629 213;7;0;2;1;1;1
202300028954;155 629 214;99;0;2;1;9;2
202300028955;155 629 212;10;0;9;2;26;1
202300028956;155 629 210;30;0;2;1;17;1
202300028956;155 629 211;7;0;2;5;15;1
202300028957;155 629 207;7;0;2;8;1;1
202300028957;155 629 208;7;0;2;7;22;2
202300028957;155 629 209;31;0;2;1;3;1
202300028958;155 629 205;7;0;2;6;1;3
202300028958;155 629 206;34;0;2;2;9;1
202300028959;155 629 202;30;0;2;1;2;1
202300028959;155 629 203;10;0;2;2;2;1
202300028959;155 629 204;7;0;2;3;2;1
202300028960;155 629 200;10;0;2;5;23;1
202300028960;155 629 201;31;0;2;1;2;1
202300028961;155 629 198;34;0;2;1;3;1
202300028961;155 629 199;10;0;2;3;11;3
202300028962;155 629 197;31;0;1;1;1;1
202300028963;155 629 195;7;0;2;2;16;1
202300028963;155 629 196;1;0;2;1;1;5
202300028964;155 629 193;2;0;2;1;2;1
202300028964;155 629 194;33;0;2;4;23;4
202300028965;155 629 192;7;0;1;1;1;1
202300028966;155 629 190;7;0;2;2;1;1
202300028966;155 629 191;30;0;2;3;16;1
202300028967;155 629 188;7;0;2;3;16;2
202300028967;155 629 189;80;0;2;1;1;3
202300028968;155 629 187;50;0;0;3;14;3
202300028969;155 629 185;33;0;2;1;16;1
202300028969;155 629 186;7;0;2;7;16;1
202300028970;155 629 183;1;0;2;1;1;5
202300028970;155 629 184;14;0;2;6;23;0
202300028971;155 629 181;7;0;2;1;9;0
202300028971;155 629 182;1;0;2;4;25;5
202300028972;155 629 179;80;1;0;2;1;3
202300028972;155 629 180;7;0;2;3;22;1
202300028973;155 629 177;1;0;2;8;1;5
202300028973;155 629 178;7;8;2;3;15;1
202300028974;155 629 176;50;0;1;1;1;3
202300028975;155 629 174;7;0;2;1;1;0
202300028975;155 629 175;1;0;2;8;1;5
202300028976;155 629 172;7;0;2;1;1;1
202300028976;155 629 173;7;0;0;4;23;2
202300028977;155 629 171;33;1;0;1;1;1
202300028978;155 629 169;10;0;2;4;4;1
202300028978;155 629 170;32;0;2;8;1;1
202300028979;155 629 167;10;0;2;8;22;1
202300028979;155 629 168;1;0;2;1;1;5
202300028980;155 629 165;7;0;2;3;23;1
202300028980;155 629 166;10;0;2;2;1;3
202300028981;155 629 163;30;0;2;1;15;1
202300028981;155 629 164;7;0;2;1;1;1
202300028982;155 629 162;7;0;1;1;1;1
202300028983;155 629 160;14;0;2;2;16;1
202300028983;155 629 161;7;0;2;6;16;2
202300028984;155 629 158;10;0;2;2;15;0
202300028984;155 629 159;33;0;2;1;1;0
202300028985;155 629 155;10;0;2;3;1;1
202300028985;155 629 156;34;0;2;2;26;1
202300028986;155 629 153;30;0;2;1;1;1
202300028986;155 629 154;1;0;2;0;19;5
202300028987;155 629 151;7;0;2;1;2;1
202300028987;155 629 152;7;0;2;7;15;1
202300028988;155 629 149;10;8;2;1;9;1
202300028988;155 629 150;7;8;2;4;1;1
202300028989;155 629 148;7;1;1;5;2;2
202300028990;155 629 146;7;0;2;7;15;1
202300028990;155 629 147;31;0;2;1;1;1
202300028991;155 629 144;7;0;2;8;15;1
202300028991;155 629 145;43;0;2;1;1;1
202300028992;155 629 142;30;0;2;1;18;1
202300028992;155 629 143;10;0;2;7;22;1
202300028993;155 629 140;7;0;0;8;15;1
202300028993;155 629 141;43;0;0;7;1;1
202300028994;155 629 138;3;0;0;0;24;1
202300028994;155 629 139;1;1;0;1;1;5
202300028995;155 629 136;7;0;2;2;10;0
202300028995;155 629 137;50;0;2;1;0;3
202300028996;155 629 135;7;0;1;0;1;1
202300028997;155 629 133;33;0;2;3;15;1
202300028997;155 629 134;37;0;2;8;13;1
202300028998;155 629 132;50;0;0;8;1;3
202300028999;155 629 131;10;0;1;4;20;1
202300029000;155 629 129;2;0;2;1;1;3
202300029000;155 629 130;7;0;2;3;1;1
202300029001;155 629 128;50;0;1;1;1;3
202300029002;155 629 126;14;0;2;5;1;1
202300029002;155 629 127;1;0;2;3;1;5
202300029003;155 629 123;7;0;2;1;5;1
202300029003;155 629 124;7;0;2;1;1;1
202300029003;155 629 125;7;0;2;1;1;1
202300029004;155 629 121;7;0;2;1;15;1
202300029004;155 629 122;7;0;2;7;1;1
202300029005;155 629 119;15;0;0;6;1;1
202300029005;155 629 120;7;0;2;2;1;1
202300029006;155 629 118;33;13;0;9;1;1
202300029007;155 629 117;7;2;0;1;1;0
202300029008;155 629 115;7;0;2;1;16;1
202300029008;155 629 116;7;0;2;3;1;1
202300029009;155 629 114;33;7;0;0;1;1
202300029010;155 629 112;1;0;2;1;5;5
202300029010;155 629 113;14;0;9;3;1;1
202300029011;155 629 109;10;0;2;1;1;1
202300029011;155 629 110;7;0;2;1;1;1
202300029011;155 629 111;7;0;2;3;1;1
202300029012;155 629 107;7;0;2;2;17;0
202300029012;155 629 108;7;0;2;3;15;0
202300029013;155 629 105;33;0;2;1;13;1
202300029013;155 629 106;10;0;2;3;1;1
202300029014;155 629 103;33;0;2;1;17;1
202300029014;155 629 104;7;0;2;3;1;0
202300029015;155 629 101;7;0;2;3;13;1
202300029015;155 629 102;7;0;2;3;1;1
202300029016;155 629 099;7;0;2;3;1;1
202300029016;155 629 100;7;0;2;2;9;1
202300029017;155 629 097;7;0;2;8;26;1
202300029017;155 629 098;7;7;2;1;1;0
202300029018;155 629 095;33;0;2;2;1;1
202300029018;155 629 096;7;0;2;7;15;1
202300029019;155 629 092;10;0;2;3;15;1
202300029019;155 629 093;2;0;0;8;1;1
202300029019;155 629 094;7;0;0;8;23;1
202300029020;155 629 090;7;0;0;2;1;1
202300029020;155 629 091;7;0;0;1;1;1
202300029021;155 629 089;99;0;1;0;0;0
202300029022;155 629 087;7;0;2;2;9;1
202300029022;155 629 088;33;0;2;1;1;1
202300029023;155 629 084;7;8;0;1;1;1
202300029024;155 629 081;7;0;2;3;0;1
202300029024;155 629 082;31;0;9;0;1;1
202300029024;155 629 083;31;0;2;1;13;1
202300029025;155 629 080;33;2;0;1;1;1
202300029026;155 629 079;33;5;0;2;1;1
202300029027;155 629 077;32;0;2;2;5;1
202300029027;155 629 078;7;0;2;3;1;1
202300029028;155 629 076;2;0;0;0;1;1
202300029029;155 629 074;33;0;2;0;1;1
202300029029;155 629 075;33;0;2;0;13;1
202300029030;155 629 070;7;0;2;4;0;0
202300029030;155 629 071;7;0;2;4;0;0
202300029030;155 629 072;7;0;0;4;0;0
202300029030;155 629 073;10;0;2;1;0;0
202300029031;155 629 067;1;0;2;1;19;5
202300029031;155 629 068;2;0;2;1;1;1
202300029032;155 629 065;1;0;0;4;2;5
202300029032;155 629 066;10;0;0;2;17;1
202300029033;155 629 064;21;0;6;8;21;1
202300029034;155 629 062;37;0;2;3;26;1
202300029034;155 629 063;7;0;2;7;1;1
202300029035;155 629 060;33;0;2;1;17;0
202300029035;155 629 061;7;0;2;1;9;1
202300029036;155 629 058;33;0;0;1;1;1
202300029036;155 629 059;7;0;2;1;15;1
202300029037;155 629 057;33;0;0;0;1;1
202300029038;155 629 055;7;0;2;1;13;1
202300029038;155 629 056;13;0;2;1;1;1
202300029039;155 629 053;10;0;2;2;20;1
202300029039;155 629 054;30;0;2;3;1;0
202300029040;155 629 051;7;0;2;8;1;1
202300029040;155 629 052;7;0;2;3;13;0
202300029041;155 629 049;7;0;2;2;19;1
202300029041;155 629 050;33;0;2;1;1;1
202300029042;155 629 047;7;0;2;3;16;1
202300029042;155 629 048;10;0;2;3;1;1
202300029043;155 629 045;32;0;2;7;1;1
202300029043;155 629 046;10;0;2;6;19;1
202300029044;155 629 042;1;0;2;1;15;5
202300029044;155 629 043;7;0;9;1;23;1
202300029045;155 629 040;7;0;2;2;14;1
202300029045;155 629 041;33;0;0;4;1;1
202300029046;155 629 038;17;0;0;5;2;1
202300029046;155 629 039;10;3;2;1;2;1
202300029047;155 629 036;7;0;2;3;13;1
202300029047;155 629 037;7;0;2;3;1;1
202300029048;155 629 033;7;0;2;1;1;1
202300029048;155 629 034;7;0;2;1;1;1
202300029048;155 629 035;7;0;2;1;1;1
202300029049;155 629 032;7;15;9;0;0;1
202300029050;155 629 029;33;0;2;1;1;1
202300029050;155 629 030;33;0;2;1;1;1
202300029050;155 629 031;10;0;2;3;13;1
202300029051;155 629 027;10;0;2;7;15;1
202300029051;155 629 028;31;0;2;1;1;1
202300029052;155 629 026;7;0;1;2;1;0
202300029053;155 629 025;33;0;1;0;13;1
202300029054;155 629 023;7;0;2;3;13;1
202300029054;155 629 024;7;2;2;3;1;1
202300029055;155 629 019;7;0;2;2;17;1
202300029055;155 629 020;15;0;0;6;0;1
202300029056;155 629 018;21;7;0;7;14;1
202300029057;155 629 017;7;0;0;1;0;1
202300029058;155 629 015;33;0;2;1;1;0
202300029058;155 629 016;7;0;2;3;15;0
202300029059;155 629 013;7;0;2;3;1;1
202300029059;155 629 014;7;6;2;3;10;1
202300029060;155 629 012;7;6;0;1;15;1
202300029061;155 629 011;7;0;0;0;0;0
202300029062;155 629 009;7;0;2;1;14;0
202300029062;155 629 010;7;0;2;1;1;1
202300029063;155 629 007;7;0;2;2;15;1
202300029063;155 629 008;1;0;2;8;1;5
202300029064;155 629 005;7;0;0;8;9;1
202300029064;155 629 006;33;0;2;1;1;1
202300029065;155 629 004;7;13;0;2;0;1
202300029066;155 629 002;7;0;0;0;17;1
202300029066;155 629 003;33;0;0;8;17;1
202300029067;155 629 001;7;0;0;1;0;1
202300029068;155 628 999;10;0;2;7;1;0
202300029068;155 629 000;10;0;0;1;1;0
202300029069;155 628 996;7;0;2;1;1;1
202300029069;155 628 997;7;0;2;4;23;1
202300029069;155 628 998;7;0;2;4;23;1
202300029070;155 628 993;14;0;2;4;1;1
202300029070;155 628 994;7;0;2;6;2;1
202300029070;155 628 995;7;0;2;2;14;1
202300029071;155 628 991;32;0;2;1;14;1
202300029071;155 628 992;7;0;2;6;1;2
202300029072;155 628 989;7;4;2;2;14;1
202300029072;155 628 990;10;4;2;3;1;1
202300029073;155 628 986;7;0;2;5;23;1
202300029073;155 628 987;7;0;2;3;18;1
202300029073;155 628 988;7;0;2;7;23;1
202300029074;155 628 984;33;0;2;1;2;1
202300029074;155 628 985;7;0;2;4;1;1
202300029075;155 628 982;7;0;2;1;15;1
202300029075;155 628 983;1;0;2;8;1;5
202300029076;155 628 979;7;0;2;1;1;1
202300029076;155 628 980;7;0;2;4;1;1
202300029076;155 628 981;7;0;2;4;1;1
202300029077;155 628 978;30;0;0;0;1;1
202300029078;155 628 975;7;0;0;3;15;1
202300029078;155 628 976;2;0;2;0;0;1
202300029078;155 628 977;7;0;0;0;0;2
202300029079;155 628 973;7;0;2;2;15;1
202300029079;155 628 974;33;0;2;1;1;1
202300029080;155 628 971;7;0;2;1;1;1
202300029080;155 628 972;30;0;2;7;16;1
202300029081;155 628 969;80;0;2;8;1;3
202300029081;155 628 970;7;0;2;7;16;1
202300029082;155 628 967;7;0;2;1;12;1
202300029082;155 628 968;7;0;0;4;0;2
202300029083;155 628 965;10;0;2;3;2;1
202300029083;155 628 966;1;0;2;0;0;5
202300029084;155 628 963;7;0;2;0;0;1
202300029084;155 628 964;50;0;2;0;0;3
202300029085;155 628 961;7;0;2;7;1;1
202300029085;155 628 962;50;0;2;1;5;3
202300029086;155 628 959;7;0;2;1;9;1
202300029086;155 628 960;7;0;2;7;15;1
202300029087;155 628 957;10;4;2;3;21;1
202300029087;155 628 958;7;10;0;4;23;1
202300029088;155 628 956;7;0;1;8;15;1
202300029089;155 628 954;7;0;9;3;16;1
202300029089;155 628 955;1;0;2;1;19;5
202300029090;155 628 952;10;0;2;1;2;1
202300029090;155 628 953;7;0;2;7;2;1
202300029091;155 628 950;0;0;9;2;26;0
202300029091;155 628 951;50;0;2;1;15;3
202300029092;155 628 948;1;0;2;4;1;5
202300029092;155 628 949;7;0;2;2;9;1
202300029093;155 628 944;7;8;0;1;0;2
202300029094;155 628 942;7;0;2;2;21;1
202300029094;155 628 943;7;0;2;6;1;0
202300029095;155 628 941;7;9;1;1;14;1
202300029096;155 628 940;7;9;0;1;0;1
202300029097;155 628 938;7;0;2;4;2;1
202300029097;155 628 939;30;0;2;1;2;1
202300029098;155 628 937;10;0;1;1;1;1
202300029099;155 628 936;7;0;1;1;1;3
202300029100;155 628 935;7;0;1;2;9;1
202300029101;155 628 933;2;0;2;1;1;1
202300029101;155 628 934;10;0;2;3;15;3
202300029102;155 628 930;7;0;2;1;2;1
202300029102;155 628 931;7;0;2;4;2;1
202300029102;155 628 932;7;0;2;4;2;0
202300029103;155 628 928;7;0;2;2;15;1
202300029103;155 628 929;30;0;2;1;1;1
202300029104;155 628 926;1;0;2;4;0;5
202300029104;155 628 927;7;0;9;5;16;1
202300029105;155 628 925;7;12;1;2;1;1
202300029106;155 628 923;13;0;2;6;4;1
202300029106;155 628 924;37;0;2;3;26;1
202300029107;155 628 922;7;1;1;1;21;1
202300029108;155 628 921;1;0;0;1;26;5
202300029109;155 628 919;7;0;2;3;16;1
202300029109;155 628 920;2;0;2;2;2;0
202300029110;155 628 917;7;0;2;2;0;1
202300029110;155 628 918;7;0;2;3;0;1
202300029111;155 628 914;7;0;2;2;12;1
202300029111;155 628 915;43;0;2;1;3;1
202300029111;155 628 916;7;0;2;4;1;1
202300029112;155 628 912;7;0;2;4;2;1
202300029112;155 628 913;7;0;2;1;2;1
202300029113;155 628 911;10;0;1;3;16;1
202300029114;155 628 910;33;0;1;1;16;1
202300029115;155 628 908;10;0;2;6;14;1
202300029115;155 628 909;1;0;2;1;1;5
202300029116;155 628 907;50;0;0;1;1;3
202300029117;155 628 906;34;0;0;8;1;1
202300029118;155 628 904;7;0;2;1;9;1
202300029118;155 628 905;1;0;2;7;5;5
202300029119;155 628 902;7;0;2;3;16;1
202300029119;155 628 903;80;0;2;1;1;3
202300029120;155 628 900;7;0;2;3;9;1
202300029120;155 628 901;30;0;2;1;1;3
202300029121;155 628 898;7;0;2;7;20;1
202300029121;155 628 899;30;0;2;3;18;1
202300029122;155 628 896;10;0;2;1;1;1
202300029122;155 628 897;50;0;2;2;1;3
202300029123;155 628 895;33;1;0;2;20;1
202300029124;155 628 892;50;0;2;1;13;3
202300029124;155 628 893;80;0;2;1;1;3
202300029125;155 628 890;37;0;2;5;17;1
202300029125;155 628 891;1;0;2;3;21;5
202300029126;155 628 887;7;0;2;6;2;1
202300029126;155 628 888;7;0;2;4;2;1
202300029126;155 628 889;10;0;2;1;2;1
202300029127;155 628 886;1;0;1;1;1;5
202300029128;155 628 884;10;0;2;3;15;0
202300029128;155 628 885;80;0;2;1;1;3
202300029129;155 628 883;1;0;1;1;1;5
202300029130;155 628 881;10;0;2;6;9;1
202300029130;155 628 882;7;0;2;1;1;1
202300029131;155 628 879;7;0;2;6;1;6
202300029131;155 628 880;33;0;2;2;15;0
202300029132;155 628 877;33;0;2;4;23;0
202300029132;155 628 878;10;0;2;1;1;0
202300029133;155 628 876;7;0;1;1;16;0
202300029134;155 628 874;7;0;2;3;15;1
202300029134;155 628 875;43;0;2;1;1;1
202300029135;155 628 873;34;0;1;1;1;1
202300029136;155 628 872;7;0;1;1;15;1
202300029137;155 628 871;7;0;1;2;1;1
202300029138;155 628 868;7;0;2;1;2;1
202300029138;155 628 869;10;0;2;4;2;1
202300029138;155 628 870;7;0;2;4;2;1
202300029139;155 628 867;7;2;0;1;0;1
202300029140;155 628 865;1;0;2;0;15;5
202300029140;155 628 866;10;0;2;3;16;1
202300029141;155 628 863;7;0;2;1;15;1
202300029141;155 628 864;7;0;2;3;1;1
202300029142;155 628 861;7;0;2;2;16;3
202300029142;155 628 862;30;0;2;1;1;1
202300029143;155 628 859;60;0;2;1;19;5
202300029143;155 628 860;10;0;9;1;15;1
202300029144;155 628 858;60;0;0;1;25;5
202300029145;155 628 857;7;6;0;1;26;1
202300029146;155 628 856;7;0;1;1;1;1
202300029147;155 628 854;31;0;2;7;1;0
202300029147;155 628 855;1;0;2;7;1;5
202300029148;155 628 853;50;0;1;1;1;3
202300029149;155 628 850;7;0;2;3;1;1
202300029149;155 628 851;7;0;2;3;23;2
202300029149;155 628 852;7;0;2;2;9;1
202300029150;155 628 848;50;0;2;1;26;3
202300029150;155 628 849;7;0;2;4;23;0
202300029151;155 628 846;32;0;2;8;0;1
202300029151;155 628 847;7;0;0;0;0;0
202300029152;155 628 844;7;0;2;1;0;0
202300029152;155 628 845;34;0;2;4;1;1
202300029153;155 628 842;1;0;2;7;26;5
202300029153;155 628 843;10;0;2;3;26;1
202300029154;155 628 840;3;1;0;2;14;1
202300029154;155 628 841;7;0;2;6;23;1
202300029155;155 628 839;7;14;1;3;21;0
202300029156;155 628 838;17;3;0;3;13;1
202300029157;155 628 836;16;0;9;5;1;1
202300029157;155 628 837;1;0;2;0;1;5