Num_Acc;id_vehicule;categorie_vehicule;obstacle_fixe;obstacle_mobile;point_choc_initial;manoeuvre_principale;motorisation
202300029158;155 628 835;7;13;0;3;26;1
202300029159;155 628 833;7;0;2;1;13;1
202300029159;155 628 834;7;6;2;3;1;1
202300029160;155 628 832;2;8;0;0;21;3
202300029161;155 628 831;7;2;0;1;1;1
202300029162;155 628 829;33;0;2;1;1;1
202300029162;155 628 830;7;0;2;1;15;1
202300029163;155 628 827;7;0;2;3;9;1
202300029163;155 628 828;33;0;2;1;17;1
202300029164;155 628 826;33;0;0;7;16;1
202300029165;155 628 824;7;0;0;1;1;1
202300029165;155 628 825;10;0;2;8;1;1
202300029166;155 628 823;7;0;1;6;4;1
202300029167;155 628 822;33;0;0;8;1;1
202300029168;155 628 821;7;13;0;3;0;1
202300029169;155 628 819;36;0;2;1;13;1
202300029169;155 628 820;1;0;2;1;1;5
202300029170;155 628 818;36;15;0;8;1;1
202300029171;155 628 816;33;0;2;1;13;1
202300029171;155 628 817;7;0;2;8;1;1
202300029172;155 628 814;7;8;0;9;1;1
202300029173;155 628 813;33;13;0;1;16;1
202300029174;155 628 812;20;0;0;7;1;1
202300029175;155 628 811;31;13;0;7;1;1
202300029176;155 628 809;7;0;2;1;13;1
202300029176;155 628 810;7;0;2;1;1;1
202300029177;155 628 808;33;0;0;0;1;1
202300029178;155 628 807;33;13;0;1;0;1
202300029179;155 628 806;7;0;1;1;1;1
202300029180;155 628 805;33;0;0;0;16;1
202300029181;155 628 803;7;0;2;1;19;1
202300029181;155 628 804;1;0;2;6;1;5
202300029182;155 628 801;7;0;2;7;19;1
202300029182;155 628 802;7;0;2;3;1;1
202300029183;155 628 799;38;0;2;3;1;1
202300029183;155 628 800;7;0;2;3;13;1
202300029184;155 628 797;31;0;2;9;21;1
202300029184;155 628 798;7;0;2;8;1;1
202300029185;155 628 795;30;0;2;1;2;1
202300029185;155 628 796;7;0;0;5;23;1
202300029186;155 628 791;7;0;2;3;13;1
202300029186;155 628 792;15;0;2;3;1;1
202300029186;155 628 793;7;0;2;6;1;1
202300029186;155 628 794;7;0;9;1;1;1
202300029187;155 628 789;7;0;2;1;1;1
202300029187;155 628 790;7;0;2;8;9;3
202300029188;155 628 788;7;16;0;9;1;1
202300029189;155 628 786;7;0;0;1;13;1
202300029189;155 628 787;7;14;2;1;1;1
202300029190;155 628 785;1;0;0;0;0;5
202300029191;155 628 783;33;0;2;0;0;1
202300029191;155 628 784;30;0;2;0;0;1
202300029192;155 628 782;7;0;1;2;1;0
202300029193;155 628 780;7;0;0;;10;1
202300029193;155 628 781;33;10;0;9;21;1
202300029194;155 628 779;33;13;0;9;17;1
202300029195;155 628 777;7;0;0;6;1;0
202300029195;155 628 778;33;0;2;1;19;0
202300029196;155 628 775;10;0;2;6;9;1
202300029196;155 628 776;33;0;2;1;1;1
202300029197;155 628 773;33;0;2;2;17;1
202300029197;155 628 774;38;0;9;8;15;1
202300029198;155 628 772;3;0;1;2;0;1
202300029199;155 628 770;7;0;2;6;19;1
202300029199;155 628 771;7;0;2;1;1;1
202300029200;155 628 768;7;0;2;1;1;1
202300029200;155 628 769;7;0;2;7;13;1
202300029201;155 628 766;1;0;2;8;13;5
202300029201;155 628 767;21;0;9;6;1;1
202300029202;155 628 764;10;0;2;2;12;1
202300029202;155 628 765;33;3;2;6;1;1
202300029203;155 628 762;7;0;2;2;15;1
202300029203;155 628 763;33;0;2;2;1;1
202300029204;155 628 761;7;2;0;1;0;1
202300029205;155 628 760;33;0;6;2;19;6
202300029206;155 628 756;7;0;2;8;13;1
202300029206;155 628 757;43;0;2;3;7;1
202300029207;155 628 754;7;0;2;4;2;1
202300029207;155 628 755;7;0;2;1;2;1
202300029208;155 628 752;15;4;2;1;1;1
202300029208;155 628 753;10;0;2;6;1;1
202300029209;155 628 751;7;3;0;8;13;1
202300029210;155 628 748;15;0;2;2;12;1
202300029210;155 628 749;7;0;2;8;18;1
202300029210;155 628 750;10;0;2;7;1;1
202300029211;155 628 746;7;0;2;4;1;1
202300029211;155 628 747;33;0;2;1;2;1
202300029212;155 628 744;7;0;2;1;1;0
202300029212;155 628 745;10;0;2;4;1;0
202300029213;155 628 742;10;0;2;1;1;1
202300029213;155 628 743;15;0;2;6;2;1
202300029214;155 628 740;7;0;2;4;1;1
202300029214;155 628 741;15;0;2;1;1;1
202300029215;155 628 738;7;0;2;2;12;1
202300029215;155 628 739;33;0;2;0;1;1
202300029216;155 628 735;7;4;2;3;11;1
202300029216;155 628 736;10;4;2;5;1;1
202300029216;155 628 737;10;4;2;6;1;1
202300029217;155 628 733;7;0;2;8;13;1
202300029217;155 628 734;31;0;2;1;3;1
202300029218;155 628 731;7;0;0;0;17;1
202300029218;155 628 732;32;14;0;1;1;0
202300029219;155 628 729;7;0;2;4;1;1
202300029219;155 628 730;7;0;2;1;1;1
202300029220;155 628 727;7;0;2;1;1;1
202300029220;155 628 728;33;0;2;1;1;1
202300029221;155 628 725;7;0;2;1;11;1
202300029221;155 628 726;7;0;2;4;1;1
202300029222;155 628 723;10;0;2;1;1;4
202300029222;155 628 724;17;0;2;4;24;1
202300029223;155 628 721;33;0;2;3;12;1
202300029223;155 628 722;7;0;2;2;0;1
202300029224;155 628 719;13;0;2;5;12;1
202300029224;155 628 720;7;4;2;3;1;1
202300029225;155 628 716;7;1;2;1;1;1
202300029225;155 628 717;7;0;0;4;23;1
202300029225;155 628 718;99;0;2;4;1;1
202300029226;155 628 713;7;0;2;5;26;1
202300029226;155 628 714;7;0;2;0;26;1
202300029226;155 628 715;33;0;2;8;2;1
202300029227;155 628 712;7;0;1;1;1;1
202300029228;155 628 710;7;0;2;1;2;1
202300029228;155 628 711;7;0;2;4;2;1
202300029229;155 628 708;20;3;2;1;1;1
202300029229;155 628 709;7;4;2;8;11;1
202300029230;155 628 707;33;0;0;0;0;1
202300029231;155 628 703;7;0;1;1;1;1
202300029232;155 628 702;7;2;0;1;0;1
202300029233;155 628 700;7;0;2;5;0;3
202300029233;155 628 701;7;0;2;1;21;1
202300029234;155 628 699;33;1;0;1;1;1
202300029235;155 628 698;1;0;0;8;1;5
202300029236;155 628 697;50;15;0;1;13;3
202300029237;155 628 696;7;0;1;2;14;0
202300029238;155 628 694;7;0;0;4;23;1
202300029238;155 628 695;1;0;2;1;1;5
202300029239;155 628 692;7;0;2;7;1;1
202300029239;155 628 693;80;0;2;8;13;3
202300029240;155 628 690;7;0;2;2;16;1
202300029240;155 628 691;1;14;2;2;2;5
202300029241;155 628 688;1;0;2;8;5;5
202300029241;155 628 689;7;0;2;6;2;3
202300029242;155 628 687;31;0;0;0;1;0
202300029243;155 628 686;99;0;0;1;26;0
202300029244;155 628 685;7;0;1;3;26;1
202300029245;155 628 683;30;0;2;1;1;1
202300029245;155 628 684;7;0;2;5;19;1
202300029246;155 628 681;37;1;2;1;1;1
202300029246;155 628 682;7;0;2;4;2;1
202300029247;155 628 679;7;0;2;1;1;0
202300029247;155 628 680;7;0;2;8;1;0
202300029248;155 628 678;7;0;1;2;1;1
202300029249;155 628 677;7;0;1;3;15;0
202300029250;155 628 675;7;0;2;3;15;1
202300029250;155 628 676;7;0;2;1;1;1
202300029251;155 628 673;30;0;2;7;9;1
202300029251;155 628 674;10;0;2;1;1;0
202300029252;155 628 672;33;0;1;1;0;1
202300029253;155 628 670;13;0;2;2;15;1
202300029253;155 628 671;3;0;2;8;15;1
202300029254;155 628 668;7;0;2;2;15;1
202300029254;155 628 669;33;0;2;6;1;1
202300029255;155 628 666;1;0;2;1;1;5
202300029255;155 628 667;7;0;2;3;9;1
202300029256;155 628 664;32;0;2;3;13;1
202300029256;155 628 665;7;0;2;3;1;1
202300029257;155 628 662;7;0;2;4;26;0
202300029257;155 628 663;7;0;2;1;1;0
202300029258;155 628 661;30;0;0;8;2;1
202300029259;155 628 659;7;0;2;1;2;1
202300029259;155 628 660;7;0;0;4;2;1
202300029260;155 628 658;7;0;1;1;1;1
202300029261;155 628 656;7;0;2;2;1;1
202300029261;155 628 657;33;0;2;1;1;1
202300029262;155 628 654;7;0;2;3;1;1
202300029262;155 628 655;30;0;2;6;1;3
202300029263;155 628 653;14;0;1;2;2;1
202300029264;155 628 651;2;0;2;8;1;1
202300029264;155 628 652;7;0;2;1;19;1
202300029265;155 628 650;7;2;0;3;1;1
202300029266;155 628 649;7;0;1;2;1;1
202300029267;155 628 648;7;0;1;1;1;1
202300029268;155 628 647;17;0;1;3;1;1
202300029269;155 628 645;33;0;0;2;17;1
202300029269;155 628 646;7;0;0;3;15;1
202300029270;155 628 643;7;0;2;3;13;1
202300029270;155 628 644;10;0;2;1;1;1
202300029271;155 628 641;7;0;2;1;1;1
202300029271;155 628 642;7;8;2;8;15;1
202300029272;155 628 639;7;8;0;6;2;1
202300029272;155 628 640;7;0;2;2;2;1
202300029273;155 628 637;33;0;2;1;2;1
202300029273;155 628 638;10;0;2;5;1;1
202300029274;155 628 635;7;0;2;1;13;2
202300029274;155 628 636;10;0;2;1;21;1
202300029275;155 628 634;99;0;0;0;0;1
202300029276;155 628 633;7;0;1;2;11;0
202300029277;155 628 632;20;0;1;0;26;1
202300029278;155 628 630;7;0;2;3;13;1
202300029278;155 628 631;15;0;2;3;1;1
202300029279;155 628 628;7;0;2;1;2;1
202300029279;155 628 629;7;0;2;4;1;1
202300029280;155 628 626;7;0;2;2;5;1
202300029280;155 628 627;7;0;2;2;21;1
202300029281;155 628 624;7;0;2;8;9;1
202300029281;155 628 625;7;0;2;7;0;1
202300029282;155 628 622;7;12;2;1;1;1
202300029282;155 628 623;7;0;2;1;1;1
202300029283;155 628 620;7;0;2;8;15;1
202300029283;155 628 621;2;0;2;1;17;1
202300029284;155 628 618;10;13;2;8;1;1
202300029284;155 628 619;7;0;2;2;1;1
202300029285;155 628 617;2;0;2;1;2;1
202300029286;155 628 615;7;13;0;7;14;1
202300029287;155 628 614;2;0;2;1;2;1
202300029287;155 628 616;2;0;2;9;2;1
202300029288;155 628 613;7;2;0;3;1;1
202300029289;155 628 611;33;0;0;7;1;1
202300029290;155 628 610;2;0;2;1;19;3
202300029290;155 628 612;31;0;2;8;1;1
202300029291;155 628 607;80;0;0;0;1;3
202300029292;155 628 608;7;0;2;3;15;1
202300029292;155 628 609;33;0;2;1;0;1
202300029293;155 628 606;33;0;0;0;17;1
202300029294;155 628 604;2;0;2;8;1;1
202300029294;155 628 605;7;0;2;1;1;1
202300029295;155 628 602;20;3;2;3;13;1
202300029295;155 628 603;7;0;2;3;1;1
202300029296;155 628 601;10;0;1;2;15;1
202300029297;155 628 599;7;3;2;3;13;1
202300029297;155 628 600;15;0;2;3;1;1
202300029298;155 628 598;1;12;0;1;20;5
202300029299;155 628 596;0;0;1;0;0;0
202300029300;155 628 597;33;0;1;1;1;1
202300029301;155 628 594;7;4;0;9;1;1
202300029302;155 628 593;7;0;2;2;14;1
202300029302;155 628 595;7;3;2;6;1;2
202300029303;155 628 591;7;0;2;1;2;1
202300029303;155 628 592;7;0;2;4;0;0
202300029304;155 628 590;33;10;0;1;17;1
202300029305;155 628 588;7;0;2;1;1;1
202300029305;155 628 589;7;0;2;4;1;1
202300029306;155 628 587;33;4;0;8;13;0
202300029307;155 628 585;7;11;0;1;1;1
202300029308;155 628 584;1;0;2;4;0;5
202300029308;155 628 586;7;0;2;0;0;0
202300029309;155 628 582;7;13;0;3;1;1
202300029310;155 628 578;7;3;2;1;13;1
202300029310;155 628 579;17;3;2;1;1;1
202300029311;155 628 575;2;0;2;2;5;1
202300029311;155 628 576;21;0;2;1;1;1
202300029312;155 628 573;7;0;1;7;1;1
202300029313;155 628 572;7;0;2;1;1;1
202300029313;155 628 574;14;0;0;4;1;1
202300029314;155 628 568;38;0;2;5;16;1
202300029314;155 628 569;43;0;2;1;18;1
202300029315;155 628 566;36;0;2;1;1;0
202300029315;155 628 567;7;0;2;1;1;1
202300029316;155 628 563;10;0;2;3;13;1
202300029316;155 628 565;10;0;2;3;1;1
202300029317;155 628 562;7;0;2;1;15;1
202300029317;155 628 564;2;0;2;1;17;1
202300029318;155 628 560;7;0;0;4;1;1
202300029318;155 628 561;32;1;0;1;2;1
202300029319;155 628 558;80;0;2;0;0;3
202300029319;155 628 559;7;0;2;3;9;1
202300029320;155 628 555;7;0;2;2;9;1
202300029320;155 628 557;2;0;2;1;1;1
202300029321;155 628 552;10;2;0;1;1;1
202300029322;155 628 551;33;0;2;9;1;1
202300029322;155 628 553;7;0;2;1;1;1
202300029322;155 628 554;7;0;2;1;1;1
202300029322;155 628 556;7;0;2;4;1;1
202300029323;155 628 547;7;0;2;8;1;1
202300029323;155 628 550;7;0;2;1;1;1
202300029324;155 628 548;2;0;2;1;1;1
202300029324;155 628 549;7;0;2;3;15;1
202300029325;155 628 546;7;17;0;2;13;1
202300029326;155 628 544;7;0;2;1;1;0
202300029326;155 628 545;7;0;2;3;9;1
202300029327;155 628 541;7;0;1;2;1;1
202300029328;155 628 542;7;0;0;3;11;1
202300029328;155 628 543;38;0;0;0;23;1
202300029329;155 628 538;34;0;2;1;1;1
202300029329;155 628 540;7;0;2;5;19;2
202300029330;155 628 537;7;0;2;3;13;1
202300029330;155 628 539;7;0;2;2;1;1
202300029331;155 628 535;37;0;2;2;1;1
202300029331;155 628 536;1;0;2;3;9;5
202300029332;155 628 534;7;16;0;0;21;1
202300029333;155 628 532;7;0;1;3;1;1
202300029334;155 628 531;7;0;2;6;13;0
202300029334;155 628 533;33;0;2;1;17;0
202300029335;155 628 530;7;0;1;3;16;1
202300029336;155 628 529;33;0;0;1;1;1
202300029337;155 628 528;7;0;1;1;9;1
202300029338;155 628 527;99;12;0;1;1;1
202300029339;155 628 526;7;2;0;1;1;1
202300029340;155 628 525;7;6;0;2;0;1
202300029341;155 628 521;7;0;2;3;1;3
202300029341;155 628 523;33;0;2;1;17;1
202300029342;155 628 522;7;0;2;5;1;0
202300029342;155 628 524;33;0;2;3;1;1
202300029343;155 628 519;7;0;1;2;1;1
202300029344;155 628 518;7;0;2;2;1;0
202300029344;155 628 520;7;0;0;5;9;1
202300029345;155 628 517;7;0;1;1;1;1
202300029346;155 628 516;7;6;0;1;0;1
202300029347;155 628 514;7;0;2;5;15;1
202300029347;155 628 515;7;0;2;3;2;1
202300029348;155 628 513;7;0;1;2;1;1
202300029349;155 628 512;7;0;1;2;1;1
202300029350;155 628 511;7;0;1;7;20;3
202300029351;155 628 509;99;0;2;2;9;1
202300029351;155 628 510;7;0;2;1;1;1
202300029352;155 628 508;32;1;0;1;1;1
202300029353;155 628 507;7;0;2;1;26;1
202300029354;155 628 503;43;4;0;8;9;1
202300029355;155 628 502;1;0;2;4;1;5
202300029355;155 628 504;7;0;2;1;1;1
202300029356;155 628 500;3;0;0;0;1;1
202300029357;155 628 499;31;0;2;2;1;1
202300029357;155 628 501;10;0;2;8;1;1
202300029358;155 628 497;50;0;2;1;5;3
202300029358;155 628 498;7;0;2;3;1;1
202300029359;155 628 494;7;0;2;4;23;1
202300029359;155 628 496;7;0;2;2;1;1
202300029360;155 628 493;7;0;2;2;1;3
202300029360;155 628 495;34;0;2;8;1;1
202300029361;155 628 491;7;0;2;1;1;1
202300029361;155 628 492;7;0;2;3;1;3
202300029362;155 628 488;7;0;2;1;2;1
202300029362;155 628 490;7;0;2;4;23;1
202300029363;155 628 485;7;4;0;3;21;1
202300029364;155 628 483;7;0;2;3;9;1
202300029364;155 628 484;1;0;2;9;1;5
202300029365;155 628 482;7;4;0;0;1;1
202300029366;155 628 480;31;0;2;1;1;1
202300029366;155 628 481;7;12;2;3;15;1
202300029367;155 628 479;7;4;2;1;1;1
202300029368;155 628 477;33;0;9;1;1;1
202300029369;155 628 476;7;0;2;5;19;2
202300029369;155 628 478;30;0;2;1;19;1
202300029370;155 628 474;33;0;0;0;2;1
202300029371;155 628 473;7;0;2;4;1;1
202300029371;155 628 475;10;0;2;1;0;0
202300029372;155 628 471;7;0;2;3;15;0
202300029372;155 628 472;32;8;2;9;1;0
202300029373;155 628 468;33;0;1;1;2;1
202300029374;155 628 467;7;0;2;1;0;1
202300029374;155 628 469;7;0;2;4;21;1
202300029374;155 628 470;10;0;2;1;21;1
202300029375;155 628 464;7;0;2;1;2;1
202300029375;155 628 466;32;0;2;4;23;1
202300029376;155 628 465;7;4;2;1;1;1
202300029377;155 628 462;7;3;0;1;1;1
202300029378;155 628 463;7;0;5;0;21;1
202300029379;155 628 460;7;1;0;2;1;1
202300029380;155 628 458;7;0;2;1;2;1
202300029380;155 628 459;7;0;2;4;2;1
202300029380;155 628 461;7;0;2;4;2;1
202300029381;155 628 456;32;0;2;1;17;1
202300029381;155 628 457;7;0;2;6;15;1
202300029382;155 628 455;13;4;0;9;2;1
202300029383;155 628 453;34;0;2;7;14;1
202300029383;155 628 454;50;0;2;7;1;3
202300029384;155 628 451;15;0;2;2;12;1
202300029384;155 628 452;7;0;2;3;0;1
202300029385;155 628 450;33;12;0;0;14;1
202300029386;155 628 448;7;0;2;4;2;0
202300029386;155 628 449;7;0;2;1;2;1
202300029387;155 628 447;7;0;1;1;1;1
202300029388;155 628 446;7;0;1;1;1;1
202300029389;155 628 445;7;0;1;4;4;1
202300029390;155 628 443;10;0;2;1;13;1
202300029390;155 628 444;7;0;2;3;1;1
202300029391;155 628 441;7;0;2;2;1;2
202300029391;155 628 442;50;0;2;5;19;3
202300029392;155 628 439;60;0;2;6;1;5
202300029392;155 628 440;7;0;2;1;1;1
202300029393;155 628 437;7;0;2;1;15;1
202300029393;155 628 438;2;0;2;1;15;1
202300029394;155 628 433;7;4;2;1;1;1
202300029394;155 628 435;7;4;2;1;1;1
202300029395;155 628 432;7;0;2;1;2;1
202300029395;155 628 434;7;0;2;4;2;1
202300029395;155 628 436;7;0;2;4;2;1
202300029396;155 628 429;3;0;2;1;26;1
202300029396;155 628 431;30;0;2;4;23;1
202300029397;155 628 428;1;0;2;1;26;5
202300029397;155 628 430;7;1;2;2;9;1
202300029398;155 628 426;7;0;9;1;19;0
202300029398;155 628 427;80;0;2;1;1;3
202300029399;155 628 423;2;0;2;1;9;1
202300029399;155 628 424;7;0;2;3;9;1
202300029400;155 628 419;7;0;2;1;15;0
202300029400;155 628 420;33;0;2;1;5;0
202300029401;155 628 417;7;0;1;4;4;1
202300029402;155 628 416;7;0;2;8;15;1
202300029402;155 628 418;31;0;2;0;0;1
202300029403;155 628 412;7;0;2;1;2;1
202300029403;155 628 414;7;0;2;4;2;1
202300029404;155 628 410;1;0;2;1;1;5
202300029404;155 628 411;1;0;2;1;1;5
202300029404;155 628 413;7;0;2;3;13;1
202300029404;155 628 415;1;0;2;1;1;5
202300029405;155 628 406;7;0;2;2;17;1
202300029405;155 628 408;7;0;2;2;2;1
202300029405;155 628 409;7;0;2;9;0;1
202300029406;155 628 405;7;0;2;1;1;1
202300029406;155 628 407;10;0;2;1;1;1
202300029407;155 628 404;7;12;0;1;1;1
202300029408;155 628 403;7;2;0;8;1;1
202300029409;155 628 402;2;0;1;1;2;3
202300029410;155 628 401;7;0;1;0;1;0
202300029411;155 628 399;10;0;1;2;2;0
202300029412;155 628 398;30;0;2;1;3;1
202300029412;155 628 400;7;0;2;8;15;1
202300029413;155 628 397;2;6;1;1;0;1
202300029414;155 628 395;7;6;0;1;0;1
202300029415;155 628 394;33;0;2;1;13;1
202300029415;155 628 396;7;0;2;1;2;1
202300029416;155 628 393;33;3;0;9;14;1
202300029417;155 628 391;7;0;1;1;2;1
202300029418;155 628 390;7;0;9;3;1;1
202300029418;155 628 392;50;0;2;2;1;3
202300029419;155 628 388;7;0;2;2;0;1
202300029419;155 628 389;10;0;2;3;0;1
202300029420;155 628 387;7;0;1;2;1;1
202300029421;155 628 384;7;0;2;1;1;1
202300029421;155 628 385;7;0;2;1;1;1
202300029422;155 628 382;7;14;0;4;0;1
202300029422;155 628 383;7;0;2;1;2;1
202300029422;155 628 386;7;1;0;6;0;1
202300029423;155 628 380;1;0;2;7;1;5
202300029423;155 628 381;7;0;2;1;15;1
202300029424;155 628 379;7;0;1;1;1;1
202300029425;155 628 377;7;13;0;0;0;1
202300029426;155 628 375;7;0;9;3;1;2
202300029426;155 628 376;1;0;2;8;1;5
202300029427;155 628 378;33;13;0;7;1;1
202300029428;155 628 373;7;0;2;3;15;2
202300029428;155 628 374;33;0;2;1;1;1
202300029429;155 628 371;10;0;2;3;1;1
202300029429;155 628 372;7;3;2;1;1;1
202300029430;155 628 368;7;6;0;1;1;0
202300029431;155 628 366;7;2;0;1;13;2
202300029432;155 628 364;7;4;0;1;1;1
202300029433;155 628 363;7;8;0;1;15;1
202300029434;155 628 360;7;0;2;6;2;1
202300029434;155 628 361;7;0;2;4;2;1
202300029434;155 628 362;7;0;2;2;17;1
202300029435;155 628 358;2;0;2;1;15;3
202300029435;155 628 359;50;0;2;1;1;3
202300029436;155 628 357;7;4;0;1;14;1
202300029437;155 628 354;7;0;2;3;13;1
202300029437;155 628 355;7;0;2;3;1;1
202300029438;155 628 353;50;0;2;2;1;3
202300029438;155 628 356;7;0;2;3;9;1
202300029439;155 628 351;1;0;2;8;1;5
202300029439;155 628 352;7;0;2;1;9;1
202300029440;155 628 349;7;0;2;2;14;1
202300029440;155 628 350;33;0;2;8;0;1
202300029441;155 628 348;7;5;0;3;1;1
202300029442;155 628 345;7;0;2;2;1;1
202300029442;155 628 347;50;0;2;0;0;3
202300029443;155 628 344;7;0;2;3;1;1
202300029443;155 628 346;10;0;2;3;13;1
202300029444;155 628 341;7;2;0;1;13;1
202300029445;155 628 342;7;0;2;3;5;1
202300029445;155 628 343;10;0;2;3;1;0
202300029446;155 628 339;7;0;0;0;1;1
202300029447;155 628 338;7;0;2;8;16;1
202300029447;155 628 340;31;0;2;2;1;1
202300029448;155 628 336;7;0;2;1;9;1
202300029448;155 628 337;33;0;0;7;1;1
202300029449;155 628 334;7;0;1;1;9;1
202300029450;155 628 333;50;0;2;1;1;3
202300029450;155 628 335;7;0;2;3;1;1
202300029451;155 628 331;7;13;0;8;14;1
202300029452;155 628 329;7;0;2;5;1;1
202300029452;155 628 330;33;0;2;3;1;1
202300029453;155 628 328;38;0;2;1;1;1
202300029453;155 628 332;7;0;2;8;19;1
202300029454;155 628 327;7;6;0;1;1;1
202300029455;155 628 325;7;8;2;3;1;0
202300029455;155 628 326;7;13;0;3;5;0
202300029456;155 628 322;1;0;2;1;1;5
202300029456;155 628 323;1;0;2;8;1;5
202300029456;155 628 324;7;0;2;1;16;1
202300029457;155 628 319;7;0;2;3;1;0
202300029457;155 628 321;7;0;2;3;1;0
202300029458;155 628 316;7;0;2;3;1;1
202300029458;155 628 317;7;15;2;6;19;1
202300029459;155 628 318;7;0;2;2;15;1
202300029459;155 628 320;1;0;2;1;1;5
202300029460;155 628 315;7;2;0;7;1;1
202300029461;155 628 314;7;6;0;1;16;1
202300029462;155 628 313;33;0;0;7;1;1
202300029463;155 628 311;7;0;5;1;1;1
202300029464;155 628 309;7;0;2;7;1;1
202300029464;155 628 312;7;0;2;3;9;1
202300029465;155 628 307;10;0;2;1;17;1
202300029465;155 628 310;7;0;2;1;1;1
202300029466;155 628 305;7;4;0;2;15;1
202300029467;155 628 304;10;14;0;9;1;1
202300029468;155 628 302;30;0;0;0;26;1
202300029469;155 628 303;15;0;2;3;1;1
202300029469;155 628 306;7;0;2;3;13;1
202300029469;155 628 308;10;0;2;3;1;1
202300029470;155 628 301;7;13;0;1;1;1
202300029471;155 628 300;7;9;0;1;1;1
202300029472;155 628 299;33;0;9;1;0;1
202300029473;155 628 297;50;0;0;1;1;3
202300029474;155 628 295;7;0;2;2;17;1
202300029474;155 628 296;21;0;2;6;1;1
202300029475;155 628 298;2;7;0;1;1;1
202300029476;155 628 294;7;0;5;1;0;1
202300029477;155 628 292;7;0;2;3;21;6
202300029477;155 628 293;7;0;2;3;21;0
202300029478;155 628 290;7;0;2;3;1;1
202300029479;155 628 291;7;8;0;9;1;1
202300029480;155 628 289;7;0;1;2;1;1
202300029481;155 628 288;30;2;0;1;13;1
202300029482;155 628 282;50;0;2;8;1;3
202300029482;155 628 284;7;0;2;0;0;0
202300029483;155 628 281;7;0;2;2;15;1
202300029483;155 628 283;33;0;2;1;1;1
202300029484;155 628 280;7;0;2;2;9;1
202300029484;155 628 285;7;0;2;8;1;1
202300029485;155 628 278;7;0;0;2;15;1
202300029485;155 628 279;2;0;0;7;1;1
202300029486;155 628 277;7;2;0;2;1;1
202300029487;155 628 276;32;0;1;2;1;1
202300029488;155 628 273;2;0;0;0;17;1
202300029488;155 628 275;7;0;0;0;15;1
202300029489;155 628 271;7;0;2;1;1;1
202300029489;155 628 272;7;0;2;1;1;1
202300029490;155 628 268;7;0;2;7;19;1
202300029490;155 628 270;10;0;2;1;1;1
202300029491;155 628 266;30;1;2;1;0;1
202300029491;155 628 267;7;0;2;2;1;1
202300029492;155 628 269;7;0;2;1;21;1
202300029492;155 628 274;33;0;2;0;0;1
202300029493;155 628 265;7;2;0;1;0;0
202300029494;155 628 263;7;0;2;3;15;1
202300029494;155 628 264;34;0;2;7;17;1
202300029495;155 628 260;7;0;2;3;2;1
202300029495;155 628 261;7;0;2;3;1;1
202300029495;155 628 262;7;0;2;3;1;1
202300029496;155 628 259;7;0;1;1;1;1
202300029497;155 628 254;15;3;0;6;10;1
202300029497;155 628 256;7;0;2;9;2;1
202300029497;155 628 258;7;0;2;1;2;1
202300029498;155 628 253;7;0;2;3;1;2
202300029498;155 628 255;80;0;2;1;13;3
202300029499;155 628 257;7;13;0;3;21;1
202300029500;155 628 251;7;0;2;3;13;1
202300029500;155 628 252;7;0;2;3;1;1
202300029501;155 628 248;7;0;2;6;2;3
202300029501;155 628 249;7;0;2;4;2;1
202300029501;155 628 250;7;0;2;2;11;1
202300029502;155 628 246;7;2;0;1;1;1
202300029503;155 628 241;7;0;2;1;1;1
202300029503;155 628 244;7;0;2;1;1;1
202300029504;155 628 242;7;0;2;2;21;1
202300029504;155 628 245;7;0;2;2;1;1
202300029504;155 628 247;7;0;2;2;14;1
202300029505;155 628 243;1;0;1;1;7;5
202300029506;155 628 239;7;0;2;2;1;1
202300029506;155 628 240;1;0;0;4;1;5
202300029507;155 628 236;7;7;0;9;1;1
202300029508;155 628 235;7;0;2;4;23;0
202300029508;155 628 238;7;0;2;1;1;1
202300029509;155 628 232;10;0;2;3;13;1
202300029509;155 628 233;7;0;2;1;1;1
202300029510;155 628 234;7;0;2;2;26;1
202300029510;155 628 237;43;0;2;1;26;1
202300029511;155 628 230;1;0;2;1;1;5
202300029511;155 628 231;7;0;2;2;22;1
202300029512;155 628 229;10;0;0;0;4;1
202300029513;155 628 227;37;0;1;2;9;3
202300029514;155 628 226;7;3;2;1;17;1
202300029514;155 628 228;38;0;2;1;1;1
202300029515;155 628 223;7;0;2;3;15;2
202300029515;155 628 224;43;0;2;1;1;1
202300029516;155 628 221;33;0;2;2;17;1
202300029516;155 628 222;7;0;2;3;15;1
202300029517;155 628 217;1;0;2;1;5;5
202300029517;155 628 220;1;0;2;1;1;5
202300029518;155 628 216;14;0;2;2;1;1
202300029518;155 628 218;7;0;2;8;19;1
202300029519;155 628 219;7;2;0;3;13;1
202300029520;155 628 213;7;0;9;2;1;1
202300029520;155 628 215;1;0;9;0;0;5
202300029521;155 628 211;7;0;2;3;1;1
202300029521;155 628 214;7;0;2;3;13;1
202300029522;155 628 212;7;0;0;0;1;1
202300029523;155 628 208;7;0;1;2;1;1
202300029524;155 628 209;7;0;1;2;1;1
202300029525;155 628 207;7;0;2;3;15;0