Num_Acc;id_vehicule;categorie_vehicule;obstacle_fixe;obstacle_mobile;point_choc_initial;manoeuvre_principale;motorisation
202300029525;155 628 210;7;0;2;1;1;0
202300029526;155 628 205;7;0;1;1;21;1
202300029527;155 628 204;7;4;0;3;1;1
202300029528;155 628 201;7;2;0;3;13;1
202300029529;155 628 200;7;0;2;2;11;1
202300029529;155 628 203;7;0;2;3;1;1
202300029530;155 628 199;7;0;0;6;23;1
202300029530;155 628 202;10;0;2;2;2;1
202300029531;155 628 198;7;0;1;3;1;1
202300029532;155 628 196;1;0;0;0;1;5
202300029533;155 628 195;10;0;2;2;1;1
202300029533;155 628 197;10;0;2;1;16;1
202300029534;155 628 191;7;4;0;1;12;6
202300029535;155 628 192;7;0;2;1;13;1
202300029535;155 628 193;10;0;2;3;1;1
202300029536;155 628 190;2;0;2;1;1;1
202300029536;155 628 194;10;0;2;3;19;1
202300029537;155 628 189;7;1;0;2;1;1
202300029538;155 628 188;14;15;0;2;2;1
202300029539;155 628 184;7;4;0;3;13;1
202300029540;155 628 185;10;0;2;3;1;1
202300029540;155 628 187;33;0;2;3;13;1
202300029541;155 628 183;7;0;2;8;1;1
202300029541;155 628 186;14;0;2;3;9;1
202300029542;155 628 180;10;0;2;6;26;1
202300029542;155 628 182;2;0;2;1;0;1
202300029543;155 628 178;2;0;2;1;1;1
202300029543;155 628 179;7;0;2;1;10;1
202300029543;155 628 181;7;0;2;2;1;1
202300029544;155 628 176;7;13;0;2;14;1
202300029545;155 628 175;7;1;2;8;13;4
202300029546;155 628 174;33;0;2;1;5;1
202300029546;155 628 177;7;0;2;3;1;1
202300029547;155 628 172;1;0;1;1;1;5
202300029548;155 628 171;7;0;2;3;15;1
202300029548;155 628 173;2;0;2;1;0;1
202300029549;155 628 167;30;0;2;4;1;1
202300029549;155 628 170;7;0;2;1;1;1
202300029550;155 628 166;7;0;2;3;1;0
202300029550;155 628 168;7;0;2;3;1;0
202300029551;155 628 162;7;0;2;1;5;0
202300029551;155 628 163;7;0;2;1;1;0
202300029551;155 628 165;7;0;2;8;1;0
202300029552;155 628 161;50;0;2;1;1;3
202300029552;155 628 164;7;0;2;3;15;1
202300029553;155 628 158;7;0;2;7;21;0
202300029553;155 628 160;2;0;2;8;1;1
202300029554;155 628 157;10;0;2;8;15;1
202300029554;155 628 159;2;0;2;3;1;1
202300029555;155 628 156;7;2;0;3;13;1
202300029556;155 628 152;7;0;2;1;17;1
202300029556;155 628 154;7;0;2;3;1;1
202300029557;155 628 153;7;0;2;2;17;1
202300029557;155 628 155;2;0;0;6;15;1
202300029558;155 628 148;7;0;2;3;15;1
202300029558;155 628 151;33;0;2;1;17;1
202300029559;155 628 149;33;0;0;0;23;1
202300029560;155 628 147;7;0;2;1;2;1
202300029560;155 628 150;7;4;0;4;2;1
202300029561;155 628 146;2;16;0;7;1;3
202300029562;155 628 140;7;4;2;2;2;1
202300029562;155 628 144;15;0;0;6;2;1
202300029563;155 628 141;7;0;0;5;1;1
202300029563;155 628 143;33;9;0;1;1;1
202300029564;155 628 139;33;0;2;1;1;1
202300029564;155 628 142;33;0;2;1;1;1
202300029564;155 628 145;7;0;2;4;15;0
202300029565;155 628 137;2;8;0;2;14;1
202300029566;155 628 136;7;0;2;7;1;1
202300029566;155 628 138;10;15;2;1;1;1
202300029567;155 628 133;7;0;0;8;9;1
202300029567;155 628 135;30;0;2;1;1;1
202300029568;155 628 134;7;13;0;3;13;1
202300029569;155 628 131;7;0;2;2;1;1
202300029569;155 628 132;2;0;2;1;5;1
202300029570;155 628 130;7;0;1;1;1;1
202300029571;155 628 129;34;6;0;1;1;1
202300029572;155 628 127;7;2;2;3;1;3
202300029572;155 628 128;7;2;2;3;17;1
202300029573;155 628 126;7;0;1;1;1;1
202300029574;155 628 122;33;0;0;3;1;1
202300029575;155 628 120;7;0;2;4;15;1
202300029575;155 628 123;7;0;2;1;1;1
202300029576;155 628 121;31;0;2;2;21;1
202300029576;155 628 124;7;0;2;6;23;1
202300029576;155 628 125;7;0;2;1;1;1
202300029577;155 628 118;7;0;2;3;20;1
202300029577;155 628 119;7;0;2;3;1;1
202300029578;155 628 117;7;2;0;1;1;1
202300029579;155 628 114;7;0;1;1;1;1
202300029580;155 628 113;7;0;2;3;15;1
202300029580;155 628 116;2;0;2;1;1;1
202300029581;155 628 112;10;0;2;3;9;1
202300029581;155 628 115;7;0;0;2;1;1
202300029582;155 628 111;7;13;0;3;13;1
202300029583;155 628 109;3;0;2;3;13;1
202300029583;155 628 110;7;0;2;3;1;1
202300029584;155 628 105;33;0;2;1;17;1
202300029584;155 628 107;33;0;0;4;15;1
202300029585;155 628 104;7;0;2;1;1;1
202300029585;155 628 108;7;0;2;1;13;1
202300029586;155 628 100;7;0;2;7;9;1
202300029586;155 628 103;31;0;2;3;2;1
202300029587;155 628 102;33;0;2;1;19;1
202300029587;155 628 106;7;0;0;6;1;1
202300029588;155 628 098;7;0;2;3;3;1
202300029588;155 628 099;7;0;2;2;2;1
202300029588;155 628 101;7;0;2;1;1;1
202300029589;155 628 096;2;0;2;1;1;1
202300029589;155 628 097;2;0;0;4;1;1
202300029590;155 628 093;7;0;2;1;1;1
202300029590;155 628 095;50;0;2;8;19;3
202300029591;155 628 092;1;0;0;9;26;5
202300029592;155 628 091;1;0;2;1;26;5
202300029592;155 628 094;7;0;9;2;21;1
202300029593;155 628 089;2;0;2;4;1;1
202300029593;155 628 090;7;0;2;1;2;1
202300029594;155 628 087;33;0;2;1;1;1
202300029594;155 628 088;7;0;0;8;15;1
202300029595;155 628 086;7;7;0;9;1;4
202300029596;155 628 083;7;0;2;7;19;1
202300029596;155 628 085;2;0;2;1;1;1
202300029597;155 628 079;7;13;0;0;11;1
202300029598;155 628 078;16;0;2;6;14;1
202300029598;155 628 080;3;0;2;3;14;1
202300029599;155 628 076;7;0;1;4;4;1
202300029600;155 628 073;2;0;2;7;1;1
202300029600;155 628 075;10;0;2;1;1;1
202300029601;155 628 074;7;0;2;1;17;1
202300029601;155 628 077;7;0;2;1;1;1
202300029601;155 628 084;7;5;2;6;1;1
202300029602;155 628 071;7;0;2;1;1;1
202300029602;155 628 072;7;0;2;1;5;1
202300029603;155 628 068;7;6;0;7;14;1
202300029604;155 628 067;7;0;2;1;1;1
202300029604;155 628 069;7;0;2;2;1;1
202300029605;155 628 064;7;0;2;2;11;1
202300029605;155 628 065;7;0;2;6;1;1
202300029606;155 628 063;7;0;1;3;1;0
202300029607;155 628 066;33;0;2;1;1;1
202300029607;155 628 070;10;0;0;4;1;1
202300029608;155 628 061;50;0;2;1;5;3
202300029608;155 628 062;1;0;2;1;1;5
202300029609;155 628 059;10;2;0;3;1;1
202300029610;155 628 057;7;13;2;3;1;1
202300029610;155 628 058;0;0;2;0;1;0
202300029611;155 628 055;7;0;2;2;16;1
202300029611;155 628 056;1;0;2;6;2;5
202300029612;155 628 053;1;0;0;1;1;5
202300029613;155 628 048;7;15;2;8;19;1
202300029613;155 628 052;7;0;2;2;1;1
202300029614;155 628 049;7;0;2;2;17;1
202300029614;155 628 050;33;0;2;8;1;1
202300029615;155 628 051;7;0;2;2;1;1
202300029615;155 628 054;7;0;2;3;1;1
202300029616;155 628 046;7;13;0;1;1;1
202300029617;155 628 045;2;0;0;4;0;1
202300029617;155 628 047;7;0;2;1;0;1
202300029618;155 628 044;7;0;1;2;1;1
202300029619;155 628 043;3;2;0;1;1;1
202300029620;155 628 039;7;2;2;8;11;0
202300029620;155 628 040;7;0;2;1;1;0
202300029621;155 628 042;33;0;0;8;2;1
202300029622;155 628 038;7;0;2;5;15;1
202300029622;155 628 041;7;0;2;2;1;2
202300029623;155 628 036;7;0;0;0;0;0
202300029623;155 628 037;7;0;2;1;1;1
202300029624;155 628 033;2;0;2;1;1;1
202300029624;155 628 035;21;0;2;6;1;1
202300029625;155 628 032;7;6;0;1;1;1
202300029626;155 628 034;7;4;0;2;1;1
202300029627;155 628 031;33;3;0;7;3;1
202300029628;155 628 030;7;2;0;1;13;0
202300029629;155 628 027;7;0;2;6;1;1
202300029629;155 628 029;7;0;2;2;2;1
202300029630;155 628 026;7;0;2;3;15;1
202300029630;155 628 028;33;0;2;1;1;1
202300029631;155 628 023;7;13;0;1;14;1
202300029632;155 628 022;7;11;2;1;6;1
202300029632;155 628 025;7;0;2;3;1;1
202300029633;155 628 024;7;3;0;1;14;1
202300029634;155 628 020;7;0;2;1;14;1
202300029634;155 628 021;7;0;2;8;1;1
202300029635;155 628 019;7;0;1;3;1;1
202300029636;155 628 018;7;6;0;1;0;2
202300029637;155 628 017;7;0;1;0;1;1
202300029638;155 628 015;1;0;2;2;1;5
202300029638;155 628 016;7;0;9;6;9;1
202300029639;155 628 014;7;0;1;3;16;1
202300029640;155 628 008;1;0;2;3;1;5
202300029640;155 628 011;17;0;2;5;16;1
202300029641;155 628 010;7;16;0;0;1;1
202300029642;155 628 005;7;0;1;1;1;0
202300029643;155 628 004;7;3;2;1;26;1
202300029643;155 628 006;7;0;2;4;0;1
202300029643;155 628 007;7;3;2;0;0;1
202300029643;155 628 009;7;3;2;0;21;1
202300029643;155 628 012;14;0;2;2;21;1
202300029643;155 628 013;10;0;2;0;21;1
202300029644;155 628 003;1;0;1;1;1;5
202300029645;155 628 000;30;0;2;1;13;1
202300029645;155 628 002;32;0;2;1;1;1
202300029646;155 627 999;7;0;1;4;20;1
202300029647;155 627 998;7;0;2;3;15;0
202300029647;155 628 001;2;0;2;1;17;0
202300029648;155 627 996;7;0;2;3;13;1
202300029648;155 627 997;14;0;2;3;1;6
202300029649;155 627 995;7;0;1;0;1;0
202300029650;155 627 992;3;0;2;8;19;1
202300029650;155 627 994;17;0;2;1;1;1
202300029651;155 627 991;1;0;1;3;1;5
202300029652;155 627 990;21;0;2;8;15;1
202300029652;155 627 993;33;0;2;1;17;1
202300029653;155 627 988;7;0;2;2;5;1
202300029653;155 627 989;7;0;2;2;1;1
202300029654;155 627 987;50;0;1;1;1;3
202300029655;155 627 986;7;8;0;1;13;1
202300029656;155 627 984;7;0;2;3;2;0
202300029656;155 627 985;2;0;2;1;1;0
202300029657;155 627 983;7;0;1;2;16;1
202300029658;155 627 981;33;0;0;7;3;1
202300029659;155 627 980;33;0;2;1;1;1
202300029659;155 627 982;7;0;2;3;10;1
202300029660;155 627 979;7;0;1;2;16;1
202300029661;155 627 977;7;0;1;2;0;1
202300029662;155 627 976;33;0;2;3;1;1
202300029662;155 627 978;10;0;2;1;19;1
202300029663;155 627 974;7;0;2;2;16;2
202300029663;155 627 975;1;0;2;3;1;5
202300029664;155 627 973;7;17;0;2;1;1
202300029665;155 627 971;7;0;2;3;1;1
202300029665;155 627 972;7;0;2;3;17;1
202300029666;155 627 970;50;0;0;0;1;3
202300029667;155 627 968;1;0;0;4;2;5
202300029667;155 627 969;7;0;9;1;1;1
202300029668;155 627 966;34;0;2;8;1;1
202300029668;155 627 967;7;8;2;2;15;1
202300029669;155 627 964;33;0;0;0;17;1
202300029670;155 627 965;32;0;1;1;1;0
202300029671;155 627 963;33;0;0;7;1;1
202300029672;155 627 959;7;0;1;0;15;0
202300029673;155 627 960;7;11;0;3;15;1
202300029673;155 627 962;7;11;0;1;19;1
202300029674;155 627 958;10;0;2;1;19;1
202300029674;155 627 961;33;0;2;1;1;1
202300029675;155 627 957;7;0;1;1;0;1
202300029676;155 627 956;30;9;0;1;0;1
202300029677;155 627 955;7;2;0;2;1;1
202300029678;155 627 952;7;0;2;3;1;1
202300029678;155 627 954;7;0;2;3;1;1
202300029679;155 627 948;33;0;2;1;0;1
202300029679;155 627 951;33;0;2;1;0;1
202300029680;155 627 950;2;0;2;1;1;1
202300029680;155 627 953;7;0;2;2;15;1
202300029681;155 627 947;7;0;2;1;1;1
202300029681;155 627 949;7;0;2;1;5;1
202300029682;155 627 945;7;0;1;1;26;1
202300029683;155 627 944;1;1;0;1;1;5
202300029683;155 627 946;14;0;2;6;24;1
202300029684;155 627 942;7;0;2;2;12;1
202300029684;155 627 943;7;8;2;8;0;1
202300029685;155 627 939;7;0;0;4;2;0
202300029685;155 627 941;7;0;2;1;2;0
202300029686;155 627 940;31;11;0;1;17;1
202300029687;155 627 938;7;2;0;0;13;1
202300029688;155 627 936;7;0;1;1;1;1
202300029689;155 627 935;7;0;2;7;17;1
202300029689;155 627 937;2;0;2;8;15;1
202300029690;155 627 932;7;0;2;4;2;1
202300029690;155 627 933;7;0;2;1;2;1
202300029691;155 627 931;7;0;2;1;15;1
202300029691;155 627 934;31;0;2;1;1;3
202300029692;155 627 930;33;0;0;2;1;1
202300029693;155 627 927;60;0;2;0;0;5
202300029693;155 627 929;42;0;2;1;19;1
202300029694;155 627 926;7;0;0;8;0;0
202300029694;155 627 928;1;0;0;1;1;5
202300029695;155 627 924;7;0;2;3;1;1
202300029695;155 627 925;7;0;2;3;17;1
202300029696;155 627 923;2;0;0;0;2;1
202300029697;155 627 921;7;0;2;1;13;1
202300029697;155 627 922;7;0;2;1;26;3
202300029698;155 627 920;2;9;0;1;13;1
202300029699;155 627 918;10;0;2;2;2;1
202300029699;155 627 919;2;0;0;4;26;1
202300029700;155 627 916;10;0;2;1;1;1
202300029700;155 627 917;7;0;0;4;1;1
202300029701;155 627 914;7;0;2;4;1;1
202300029701;155 627 915;7;0;2;1;1;1
202300029702;155 627 912;7;14;0;0;26;1
202300029702;155 627 913;7;0;2;4;17;1
202300029703;155 627 907;7;0;2;1;2;0
202300029703;155 627 909;7;0;2;4;2;0
202300029703;155 627 910;7;0;2;4;2;0
202300029704;155 627 908;7;0;2;4;1;1
202300029704;155 627 911;7;0;2;1;1;1
202300029705;155 627 904;7;0;2;8;1;2
202300029705;155 627 906;7;0;2;2;14;1
202300029706;155 627 899;7;0;2;4;1;1
202300029706;155 627 900;10;0;2;1;14;1
202300029706;155 627 901;7;0;2;4;1;1
202300029706;155 627 903;7;0;2;4;1;1
202300029707;155 627 902;7;0;2;1;2;1
202300029707;155 627 905;7;0;2;4;23;1
202300029708;155 627 898;7;0;0;;26;2
202300029709;155 627 896;7;0;2;6;1;1
202300029709;155 627 897;33;0;2;1;3;1
202300029710;155 627 894;7;0;2;3;1;1
202300029710;155 627 895;7;0;2;3;1;1
202300029711;155 627 890;7;0;2;1;0;0
202300029711;155 627 891;7;0;2;1;0;0
202300029711;155 627 892;7;0;2;1;0;0
202300029711;155 627 893;10;0;2;1;1;1
202300029712;155 627 886;7;0;2;1;2;1
202300029712;155 627 887;7;0;2;1;2;1
202300029712;155 627 888;7;0;2;2;0;1
202300029712;155 627 889;7;0;2;4;2;1
202300029713;155 627 884;7;0;2;1;2;1
202300029713;155 627 885;7;0;2;4;1;1
202300029714;155 627 882;7;3;2;2;12;1
202300029714;155 627 883;33;3;2;3;18;1
202300029715;155 627 878;7;0;2;5;14;1
202300029715;155 627 879;33;0;2;1;3;1
202300029716;155 627 876;7;0;2;6;1;1
202300029716;155 627 877;7;3;2;3;1;1
202300029717;155 627 873;7;0;2;6;1;1
202300029717;155 627 874;7;0;2;7;1;1
202300029717;155 627 875;33;0;2;3;1;1
202300029718;155 627 871;33;0;2;1;3;1
202300029718;155 627 872;33;0;2;4;3;1
202300029719;155 627 870;10;0;1;2;1;1
202300029720;155 627 868;7;3;0;4;26;1
202300029720;155 627 869;10;0;2;1;2;1
202300029721;155 627 866;7;0;2;4;23;1
202300029721;155 627 867;10;14;0;1;2;1
202300029722;155 627 863;7;1;0;2;1;1
202300029723;155 627 861;15;0;0;3;23;1
202300029723;155 627 862;7;0;2;4;11;1
202300029723;155 627 864;33;1;0;1;17;1
202300029723;155 627 865;30;0;0;4;0;1
202300029724;155 627 859;7;0;2;4;23;1
202300029724;155 627 860;7;0;2;1;2;1
202300029725;155 627 855;7;1;2;1;13;1
202300029725;155 627 857;10;0;2;1;1;1
202300029726;155 627 856;14;0;2;0;2;1
202300029726;155 627 858;7;0;2;1;2;1
202300029727;155 627 851;7;0;2;1;2;1
202300029727;155 627 853;7;0;1;1;2;2
202300029727;155 627 854;7;0;1;1;26;1
202300029728;155 627 850;33;0;2;7;1;1
202300029728;155 627 852;7;0;2;3;17;1
202300029729;155 627 848;7;0;2;8;1;1
202300029729;155 627 849;2;0;2;1;1;1
202300029730;155 627 847;7;2;0;9;1;1
202300029731;155 627 843;33;0;2;1;17;0
202300029731;155 627 845;7;0;0;8;1;1
202300029731;155 627 846;7;0;2;1;1;0
202300029732;155 627 841;7;0;1;5;4;1
202300029733;155 627 842;7;0;2;2;1;1
202300029733;155 627 844;7;0;2;1;15;1
202300029734;155 627 838;50;0;0;7;2;3
202300029734;155 627 840;7;0;0;3;2;1
202300029735;155 627 837;50;0;2;1;0;3
202300029735;155 627 839;30;0;2;1;26;1
202300029736;155 627 836;37;0;1;1;1;0
202300029737;155 627 832;7;0;2;1;15;1
202300029737;155 627 835;33;0;2;1;1;1
202300029738;155 627 829;7;0;2;1;2;1
202300029738;155 627 830;7;0;2;4;2;1
202300029738;155 627 831;7;0;2;1;2;1
202300029739;155 627 824;7;0;2;1;2;1
202300029739;155 627 826;7;0;2;4;0;1
202300029739;155 627 827;7;0;2;4;1;1
202300029740;155 627 825;7;0;2;8;9;1
202300029740;155 627 828;7;0;2;2;1;1
202300029741;155 627 822;10;0;9;1;9;0
202300029741;155 627 823;50;0;2;7;15;3
202300029742;155 627 821;7;1;1;1;1;1
202300029743;155 627 819;7;0;2;2;0;1
202300029743;155 627 820;33;0;2;1;1;1
202300029744;155 627 817;7;0;0;2;14;1
202300029745;155 627 816;2;0;2;2;1;1
202300029745;155 627 818;14;0;2;1;1;1
202300029746;155 627 815;7;2;0;1;1;1
202300029747;155 627 812;7;0;2;3;9;1
202300029747;155 627 814;33;0;2;1;1;1
202300029748;155 627 810;50;0;1;1;5;3
202300029749;155 627 806;10;0;0;8;15;1
202300029749;155 627 808;33;0;2;1;17;1
202300029749;155 627 809;7;0;0;6;15;1
202300029749;155 627 811;31;0;2;1;2;1
202300029750;155 627 805;33;0;2;1;3;1
202300029750;155 627 807;7;0;2;5;12;1
202300029751;155 627 804;7;8;0;9;1;1
202300029752;155 627 803;36;0;0;6;13;1
202300029753;155 627 801;7;1;2;5;12;1
202300029753;155 627 802;33;0;2;3;3;1
202300029754;155 627 797;7;0;2;1;13;1
202300029754;155 627 798;7;0;2;1;1;1
202300029755;155 627 794;33;0;2;1;1;1
202300029755;155 627 796;7;0;2;1;13;1
202300029756;155 627 795;33;0;0;0;1;1
202300029757;155 627 790;33;0;0;0;3;1
202300029758;155 627 791;7;0;2;2;2;1
202300029758;155 627 793;50;0;2;1;15;3
202300029759;155 627 787;7;0;2;3;0;1
202300029759;155 627 789;7;0;2;5;0;1
202300029760;155 627 785;7;0;2;4;2;1
202300029760;155 627 788;32;0;2;1;2;1
202300029761;155 627 784;7;0;2;3;1;1
202300029761;155 627 786;7;0;2;5;19;1
202300029762;155 627 782;10;0;2;1;2;1
202300029762;155 627 783;7;0;2;4;2;1
202300029763;155 627 781;32;0;1;2;1;1
202300029764;155 627 778;7;0;2;4;2;1
202300029764;155 627 780;7;0;2;1;2;1
202300029765;155 627 777;7;0;2;4;2;1
202300029765;155 627 779;7;0;2;1;2;1
202300029766;155 627 776;50;0;1;1;1;3
202300029767;155 627 771;32;0;2;4;1;1
202300029767;155 627 773;7;0;2;1;12;1
202300029768;155 627 769;7;0;0;0;0;1
202300029768;155 627 772;7;0;2;1;2;1
202300029768;155 627 774;7;0;2;1;2;1
202300029768;155 627 775;10;0;2;1;2;1
202300029769;155 627 768;7;0;2;2;16;1
202300029769;155 627 770;1;0;2;1;1;5
202300029770;155 627 764;50;0;1;1;25;3
202300029771;155 627 762;7;16;2;6;1;1
202300029771;155 627 766;7;4;2;1;12;1
202300029771;155 627 767;7;0;2;2;12;1
202300029772;155 627 763;7;0;2;2;1;1
202300029772;155 627 765;60;0;2;1;19;5
202300029773;155 627 757;7;0;2;1;12;1
202300029773;155 627 759;7;0;2;6;1;1
202300029774;155 627 760;43;0;2;1;1;1
202300029774;155 627 761;80;0;2;8;19;3
202300029775;155 627 756;7;8;0;8;0;1
202300029775;155 627 758;7;0;2;3;16;1
202300029776;155 627 754;50;0;0;0;1;3
202300029777;155 627 751;34;0;2;3;2;1
202300029777;155 627 755;1;0;2;3;2;5
202300029778;155 627 750;7;0;2;1;2;1
202300029778;155 627 753;7;0;2;4;2;1
202300029779;155 627 749;7;0;2;8;23;3
202300029779;155 627 752;50;0;2;7;5;3
202300029780;155 627 748;7;6;0;1;13;1
202300029781;155 627 746;33;4;0;2;1;0
202300029782;155 627 747;1;0;0;0;1;5
202300029783;155 627 743;7;2;0;1;1;1
202300029784;155 627 742;7;0;2;4;23;1
202300029784;155 627 744;10;0;2;1;2;1
202300029785;155 627 741;7;0;2;4;1;1
202300029785;155 627 745;14;0;2;2;1;1
202300029786;155 627 740;1;0;1;1;1;5
202300029787;155 627 735;7;0;2;1;2;1
202300029787;155 627 738;7;0;2;1;1;1
202300029787;155 627 739;7;0;2;1;2;0
202300029788;155 627 737;7;0;1;3;0;1
202300029789;155 627 734;2;0;2;8;9;1
202300029789;155 627 736;7;0;2;1;1;1
202300029790;155 627 731;33;0;2;1;1;1
202300029790;155 627 733;7;0;2;1;1;2
202300029791;155 627 729;7;0;1;2;1;1
202300029792;155 627 727;7;15;2;1;1;1
202300029792;155 627 732;10;0;2;2;1;1
202300029793;155 627 726;7;0;1;1;9;0
202300029794;155 627 724;7;7;0;1;1;1
202300029795;155 627 722;7;0;2;2;17;1
202300029795;155 627 723;80;0;2;3;13;3
202300029796;155 627 721;7;0;2;2;0;1
202300029796;155 627 725;7;0;2;1;1;1
202300029797;155 627 720;7;2;0;1;0;1
202300029798;155 627 716;7;0;2;3;10;1
202300029798;155 627 719;37;0;2;2;1;0
202300029799;155 627 717;7;0;1;0;1;0
202300029800;155 627 715;50;0;2;1;1;3
202300029800;155 627 718;7;0;2;2;15;1
202300029801;155 627 714;7;0;1;1;15;1
202300029802;155 627 711;32;0;2;7;1;1
202300029802;155 627 713;7;0;2;8;1;1
202300029803;155 627 712;33;12;0;0;21;1
202300029804;155 627 708;7;0;2;1;15;1
202300029804;155 627 710;31;0;2;1;17;1
202300029805;155 627 707;7;0;2;1;17;3
202300029805;155 627 709;31;0;2;1;1;0
202300029806;155 627 706;7;0;2;0;1;1
202300029807;155 627 702;7;0;2;8;15;1
202300029807;155 627 705;33;0;2;1;17;1
202300029808;155 627 699;7;0;2;2;9;1
202300029808;155 627 701;2;0;2;1;1;1
202300029809;155 627 697;7;0;2;1;23;1
202300029809;155 627 700;7;0;2;3;19;1
202300029809;155 627 704;7;0;2;7;1;1
202300029810;155 627 694;7;0;2;4;2;1
202300029810;155 627 695;15;0;2;1;2;1
202300029811;155 627 692;33;0;2;1;1;1
202300029811;155 627 693;10;0;2;3;10;1
202300029812;155 627 690;7;1;0;2;2;1
202300029813;155 627 689;7;0;2;1;2;1
202300029813;155 627 691;7;0;0;4;0;1
202300029814;155 627 687;7;0;1;3;7;1
202300029815;155 627 685;7;0;2;2;1;1
202300029815;155 627 688;7;0;2;1;9;1
202300029816;155 627 683;7;0;2;1;2;1
202300029816;155 627 686;15;0;0;4;2;1
202300029817;155 627 682;7;13;0;5;14;1
202300029818;155 627 681;7;0;2;4;2;1
202300029818;155 627 684;10;0;2;1;2;1
202300029819;155 627 677;7;7;0;3;26;1
202300029820;155 627 675;7;0;2;4;2;1
202300029820;155 627 679;7;0;2;1;0;1
202300029821;155 627 676;7;0;2;3;16;1
202300029821;155 627 680;7;0;2;3;1;1
202300029822;155 627 674;7;0;2;2;5;0
202300029822;155 627 678;33;0;2;8;15;1
202300029823;155 627 668;7;2;0;1;13;1
202300029824;155 627 667;1;0;0;0;0;5
202300029824;155 627 670;10;1;0;4;24;1
202300029825;155 627 669;10;0;2;6;1;1
202300029825;155 627 672;33;0;2;3;1;1
202300029825;155 627 673;7;0;2;5;1;1
202300029826;155 627 666;37;0;2;8;0;1
202300029826;155 627 671;7;1;0;1;19;1
202300029827;155 627 664;7;1;0;2;1;1
202300029828;155 627 662;33;0;2;1;1;1
202300029828;155 627 665;7;0;2;3;9;1
202300029829;155 627 660;7;0;2;2;2;0
202300029829;155 627 663;17;0;0;6;2;0
202300029830;155 627 656;7;0;2;2;15;1
202300029830;155 627 658;2;0;2;1;1;1
202300029831;155 627 659;1;0;2;6;2;5
202300029831;155 627 661;7;0;2;2;15;1
202300029832;155 627 655;34;0;2;1;1;1
202300029832;155 627 657;7;0;0;5;4;1
202300029833;155 627 654;7;4;0;9;1;1
202300029834;155 627 651;33;0;2;1;0;1
202300029834;155 627 653;7;0;2;3;19;1
202300029835;155 627 648;7;0;2;4;2;0
202300029835;155 627 650;7;0;2;1;0;1
202300029836;155 627 649;3;0;0;0;0;0
202300029836;155 627 652;32;0;0;0;0;0
202300029837;155 627 646;7;16;0;3;1;1
202300029838;155 627 643;7;3;9;8;0;1
202300029838;155 627 644;10;0;2;1;11;1
202300029838;155 627 647;7;0;2;1;26;1
202300029839;155 627 641;31;0;2;0;1;1
202300029839;155 627 645;7;0;2;2;15;1
202300029840;155 627 639;7;0;1;1;1;1
202300029841;155 627 640;7;0;2;2;1;1
202300029841;155 627 642;7;0;2;1;15;1
202300029842;155 627 638;7;0;1;1;26;0
202300029843;155 627 637;7;0;1;1;1;1
202300029844;155 627 636;7;0;1;0;1;1
202300029845;155 627 633;10;0;2;6;9;1
202300029845;155 627 634;32;0;2;1;1;1
202300029846;155 627 630;7;0;2;0;0;1
202300029846;155 627 635;7;0;2;0;0;0
202300029847;155 627 631;7;0;2;1;1;1
202300029847;155 627 632;7;0;2;2;1;1
202300029848;155 627 627;33;0;2;1;1;1
202300029848;155 627 629;10;0;2;4;1;1
202300029849;155 627 626;7;0;2;1;15;1
202300029849;155 627 628;33;0;2;1;1;1
202300029850;155 627 624;2;0;1;1;26;1
202300029851;155 627 621;7;0;2;1;1;0
202300029851;155 627 623;30;0;2;9;1;0
202300029851;155 627 625;7;0;2;4;1;0
202300029852;155 627 620;31;13;0;1;1;1
202300029853;155 627 617;7;0;2;7;12;1
202300029853;155 627 619;33;0;2;3;1;1
202300029853;155 627 622;7;0;2;1;1;1
202300029854;155 627 616;7;0;2;3;26;1
202300029854;155 627 618;1;0;2;1;1;5
202300029855;155 627 615;7;8;0;2;14;1
202300029856;155 627 614;7;0;0;2;1;1
202300029857;155 627 611;7;0;0;2;2;0
202300029858;155 627 608;7;0;2;4;2;2
202300029858;155 627 613;33;0;2;1;2;1
202300029859;155 627 607;7;0;2;1;1;0
202300029859;155 627 610;10;0;2;4;1;2
202300029859;155 627 612;10;0;2;1;1;1
202300029860;155 627 606;7;0;2;1;19;1
202300029860;155 627 609;7;9;2;6;1;1
202300029861;155 627 605;7;0;1;2;1;1
202300029862;155 627 604;7;0;1;2;15;1
202300029863;155 627 601;7;3;0;2;1;1
202300029864;155 627 599;7;0;2;1;15;1
202300029864;155 627 602;30;0;2;7;1;3
202300029865;155 627 600;33;0;2;2;1;1
202300029865;155 627 603;10;0;2;1;9;0
202300029866;155 627 595;7;14;2;1;1;1
202300029866;155 627 598;7;14;2;8;1;1
202300029867;155 627 594;10;0;2;1;15;1
202300029867;155 627 597;7;10;2;1;1;1
202300029868;155 627 592;7;15;2;1;1;1
202300029868;155 627 596;1;0;0;4;1;5
202300029869;155 627 593;1;14;0;1;1;5
202300029870;155 627 588;33;0;2;1;17;1
202300029870;155 627 590;7;0;2;8;15;1
202300029871;155 627 587;7;2;0;0;26;1
202300029872;155 627 589;7;0;2;3;15;1