Num_Acc;id_vehicule;categorie_vehicule;obstacle_fixe;obstacle_mobile;point_choc_initial;manoeuvre_principale;motorisation
202300029872;155 627 591;43;0;2;1;1;1
202300029873;155 627 586;7;1;0;3;1;0
202300029874;155 627 585;7;3;0;2;1;1
202300029875;155 627 580;33;0;2;3;11;1
202300029875;155 627 584;7;0;2;7;11;1
202300029876;155 627 579;7;0;0;4;23;0
202300029876;155 627 581;80;0;2;1;1;3
202300029877;155 627 575;7;0;2;0;0;3
202300029877;155 627 577;30;0;2;8;2;1
202300029877;155 627 582;7;0;2;1;2;2
202300029878;155 627 573;10;6;2;8;1;1
202300029878;155 627 578;7;0;2;1;19;1
202300029879;155 627 572;33;0;2;6;1;1
202300029879;155 627 576;1;0;2;1;1;5
202300029880;155 627 570;50;0;0;0;1;3
202300029881;155 627 568;34;0;1;1;1;1
202300029882;155 627 567;7;0;2;7;0;1
202300029882;155 627 571;2;0;2;1;1;1
202300029883;155 627 566;7;0;2;8;13;1
202300029883;155 627 569;10;0;2;1;1;1
202300029884;155 627 565;14;12;1;0;13;0
202300029885;155 627 563;7;0;1;2;1;1
202300029886;155 627 561;7;0;2;4;2;1
202300029886;155 627 564;7;0;2;1;2;1
202300029887;155 627 560;10;0;0;3;1;1
202300029887;155 627 562;80;0;2;1;13;3
202300029888;155 627 559;37;0;1;5;26;6
202300029889;155 627 557;7;0;1;4;4;1
202300029890;155 627 558;7;0;1;3;1;1
202300029891;155 627 555;7;0;1;3;16;0
202300029892;155 627 553;7;14;2;1;17;1
202300029892;155 627 556;7;14;2;3;2;1
202300029893;155 627 552;10;0;1;5;4;0
202300029894;155 627 551;7;0;2;1;1;0
202300029894;155 627 554;7;0;2;6;15;0
202300029895;155 627 546;7;0;2;3;1;0
202300029895;155 627 550;7;0;2;3;1;0
202300029896;155 627 545;1;0;2;8;16;5
202300029896;155 627 548;7;0;9;2;15;1
202300029897;155 627 544;50;0;2;1;5;3
202300029897;155 627 549;7;0;2;1;16;1
202300029898;155 627 543;34;0;2;1;2;1
202300029898;155 627 547;7;0;2;2;15;1
202300029899;155 627 541;30;0;2;4;1;1
202300029899;155 627 542;7;0;2;1;2;1
202300029900;155 627 535;7;0;2;1;1;1
202300029900;155 627 538;7;0;2;1;5;1
202300029901;155 627 537;7;0;2;1;5;1
202300029901;155 627 540;34;0;2;1;1;1
202300029902;155 627 536;7;0;9;2;16;1
202300029902;155 627 539;50;0;2;1;1;3
202300029903;155 627 529;7;0;2;1;2;1
202300029903;155 627 532;7;0;2;5;1;2
202300029903;155 627 534;7;0;2;4;2;1
202300029904;155 627 527;50;0;2;3;19;3
202300029904;155 627 533;7;0;2;1;1;1
202300029905;155 627 528;1;0;2;8;16;5
202300029905;155 627 531;10;0;2;7;1;1
202300029906;155 627 526;7;0;2;3;15;1
202300029906;155 627 530;2;0;2;8;1;1
202300029907;155 627 524;7;0;1;2;15;1
202300029908;155 627 522;7;0;2;7;12;1
202300029908;155 627 525;7;0;2;6;1;1
202300029909;155 627 519;7;0;2;1;16;1
202300029910;155 627 520;31;0;2;1;21;1
202300029910;155 627 521;7;0;2;1;5;1
202300029911;155 627 517;7;0;2;8;1;4
202300029911;155 627 518;7;0;2;3;13;1
202300029911;155 627 523;15;16;2;3;1;1
202300029912;155 627 515;7;0;1;1;2;1
202300029913;155 627 514;7;0;1;1;1;0
202300029914;155 627 511;7;0;1;7;1;1
202300029915;155 627 513;7;0;2;4;23;1
202300029915;155 627 516;7;0;2;1;1;1
202300029916;155 627 508;7;0;1;8;9;3
202300029917;155 627 507;50;0;2;2;1;3
202300029917;155 627 510;7;0;9;3;9;1
202300029918;155 627 506;7;0;2;8;1;1
202300029918;155 627 509;7;0;2;1;17;1
202300029919;155 627 505;10;0;1;4;4;1
202300029920;155 627 503;7;0;1;2;1;1
202300029921;155 627 504;7;4;0;1;11;1
202300029922;155 627 500;7;0;2;2;15;1
202300029922;155 627 502;2;0;2;1;1;0
202300029923;155 627 499;33;0;2;2;1;0
202300029923;155 627 501;7;0;2;1;10;0
202300029924;155 627 496;7;0;2;2;1;1
202300029924;155 627 497;7;0;2;8;1;1
202300029925;155 627 495;32;4;0;2;1;1
202300029926;155 627 492;7;0;2;1;1;1
202300029926;155 627 494;36;0;2;6;15;1
202300029927;155 627 486;60;0;0;0;0;5
202300029927;155 627 489;14;0;2;4;21;0
202300029928;155 627 488;10;0;2;1;1;2
202300029928;155 627 491;10;0;2;1;1;1
202300029928;155 627 493;7;0;2;1;5;1
202300029929;155 627 487;15;0;2;6;2;1
202300029929;155 627 490;7;4;2;2;14;1
202300029930;155 627 482;7;0;1;3;1;1
202300029931;155 627 481;7;0;2;2;1;1
202300029931;155 627 484;7;0;2;6;11;1
202300029932;155 627 480;7;0;2;3;21;1
202300029932;155 627 483;1;0;2;0;13;5
202300029933;155 627 479;7;0;2;1;1;0
202300029933;155 627 485;7;0;2;8;15;0
202300029934;155 627 478;31;0;1;8;17;3
202300029935;155 627 477;7;4;0;1;1;1
202300029936;155 627 474;7;3;0;1;1;1
202300029937;155 627 471;7;3;0;7;21;1
202300029938;155 627 470;10;0;2;1;1;1
202300029938;155 627 472;7;0;2;4;23;1
202300029938;155 627 473;10;0;2;4;23;1
202300029939;155 627 467;7;14;0;2;17;1
202300029940;155 627 465;7;14;0;1;1;1
202300029940;155 627 468;7;3;0;2;1;1
202300029940;155 627 469;7;14;0;1;1;1
202300029941;155 627 462;7;0;2;0;9;1
202300029941;155 627 464;30;0;2;7;1;1
202300029942;155 627 463;10;0;2;4;2;1
202300029942;155 627 466;33;0;2;1;2;1
202300029943;155 627 459;7;0;0;7;14;1
202300029944;155 627 457;7;6;0;9;1;1
202300029945;155 627 458;7;4;0;1;1;1
202300029946;155 627 456;15;0;2;8;1;1
202300029946;155 627 460;7;13;2;1;17;1
202300029946;155 627 461;7;0;2;1;16;1
202300029947;155 627 453;7;4;0;1;1;1
202300029948;155 627 452;2;0;0;4;1;1
202300029948;155 627 455;10;0;2;1;2;1
202300029949;155 627 451;7;1;0;3;1;1
202300029949;155 627 454;7;0;0;5;24;1
202300029950;155 627 447;7;0;2;3;15;0
202300029950;155 627 450;7;0;2;3;1;0
202300029951;155 627 448;7;4;0;1;1;1
202300029952;155 627 445;1;0;2;1;26;5
202300029952;155 627 446;1;0;2;1;0;5
202300029953;155 627 444;7;0;2;3;1;1
202300029953;155 627 449;7;0;2;2;9;1
202300029954;155 627 443;7;0;1;1;1;1
202300029955;155 627 442;7;4;0;1;16;1
202300029956;155 627 440;7;0;2;7;22;1
202300029956;155 627 441;0;0;2;0;0;0
202300029957;155 627 439;7;10;0;9;17;1
202300029958;155 627 434;7;13;0;1;1;1
202300029959;155 627 433;7;0;1;3;1;1
202300029960;155 627 432;7;0;2;2;12;1
202300029960;155 627 437;37;0;2;8;1;1
202300029961;155 627 431;7;3;0;3;2;2
202300029962;155 627 429;7;0;1;2;1;1
202300029963;155 627 427;10;0;2;2;2;1
202300029963;155 627 428;7;0;2;4;2;1
202300029964;155 627 424;7;3;0;5;1;1
202300029964;155 627 426;33;0;2;1;2;1
202300029965;155 627 425;36;2;0;2;1;1
202300029966;155 627 423;7;0;1;2;1;1
202300029967;155 627 420;1;0;1;1;0;5
202300029968;155 627 419;7;3;2;2;1;1
202300029968;155 627 422;7;3;2;3;9;1
202300029969;155 627 418;7;0;2;1;14;2
202300029970;155 627 417;99;0;2;1;15;1
202300029970;155 627 421;33;0;2;7;17;1
202300029971;155 627 413;7;0;2;1;1;1
202300029971;155 627 415;7;0;2;8;26;1
202300029972;155 627 412;7;0;2;3;16;1
202300029972;155 627 416;2;0;2;3;15;0
202300029973;155 627 411;7;0;0;6;15;2
202300029973;155 627 414;33;0;2;1;17;1
202300029974;155 627 410;7;2;0;1;1;1
202300029975;155 627 408;2;13;0;0;1;1
202300029976;155 627 406;7;0;2;1;1;1
202300029976;155 627 407;7;0;2;4;23;1
202300029976;155 627 409;7;0;2;4;23;1
202300029977;155 627 405;10;0;1;1;1;1
202300029978;155 627 404;7;0;0;0;1;1
202300029979;155 627 401;7;6;0;1;13;1
202300029980;155 627 399;30;0;0;7;1;6
202300029981;155 627 398;7;13;0;8;1;1
202300029981;155 627 403;7;0;2;1;1;1
202300029982;155 627 397;33;12;0;3;16;1
202300029983;155 627 395;10;0;1;2;15;1
202300029984;155 627 394;7;14;9;1;1;1
202300029984;155 627 396;80;0;2;8;16;3
202300029985;155 627 391;50;0;2;8;19;3
202300029985;155 627 392;7;0;2;1;1;1
202300029986;155 627 388;33;0;2;2;12;0
202300029986;155 627 389;10;0;2;3;2;1
202300029987;155 627 387;3;0;2;2;1;1
202300029987;155 627 390;7;0;2;1;26;1
202300029988;155 627 385;7;0;2;7;19;1
202300029988;155 627 393;7;0;2;1;1;1
202300029989;155 627 384;37;0;0;1;1;1
202300029989;155 627 386;7;0;2;1;13;1
202300029990;155 627 382;1;0;2;1;15;5
202300029990;155 627 383;7;0;2;1;1;1
202300029991;155 627 378;7;0;1;1;1;1
202300029991;155 627 380;43;0;2;1;2;1
202300029992;155 627 377;7;0;2;3;19;0
202300029992;155 627 381;33;0;2;1;1;1
202300029993;155 627 374;7;0;2;3;1;1
202300029993;155 627 376;10;0;2;1;13;1
202300029994;155 627 372;7;0;2;1;16;1
202300029994;155 627 375;7;0;2;7;1;1
202300029994;155 627 379;7;0;2;6;1;1
202300029995;155 627 373;31;13;0;1;1;1
202300029996;155 627 369;7;6;0;1;13;1
202300029997;155 627 370;80;0;0;9;14;3
202300029997;155 627 371;15;0;0;0;1;1
202300029998;155 627 367;7;0;1;1;15;1
202300029999;155 627 366;33;0;0;0;1;1
202300030000;155 627 365;37;0;2;6;0;1
202300030000;155 627 368;2;0;2;7;17;1
202300030001;155 627 362;10;0;2;3;19;1
202300030001;155 627 364;7;0;2;1;1;1
202300030002;155 627 361;33;16;0;1;1;1
202300030003;155 627 358;7;0;2;1;3;1
202300030003;155 627 360;7;0;2;4;1;1
202300030003;155 627 363;7;0;2;0;0;1
202300030004;155 627 356;10;6;0;1;14;1
202300030005;155 627 355;7;15;0;2;14;1
202300030006;155 627 351;33;0;0;2;1;1
202300030007;155 627 352;7;0;2;0;0;1
202300030007;155 627 354;7;0;1;1;13;1
202300030008;155 627 350;7;0;2;7;26;1
202300030008;155 627 353;7;0;2;1;26;1
202300030008;155 627 357;7;0;2;1;26;1
202300030008;155 627 359;7;0;2;9;1;1
202300030009;155 627 348;1;0;2;7;16;5
202300030009;155 627 349;37;0;2;0;11;1
202300030010;155 627 344;7;0;2;4;23;1
202300030010;155 627 347;7;0;2;1;1;1
202300030011;155 627 342;7;0;2;8;1;1
202300030011;155 627 345;7;0;2;3;13;1
202300030012;155 627 341;7;0;2;1;1;1
202300030012;155 627 343;7;0;2;1;1;1
202300030012;155 627 346;7;0;2;0;1;1
202300030013;155 627 337;50;0;2;8;15;3
202300030013;155 627 339;7;0;2;3;1;1
202300030014;155 627 338;7;0;2;1;1;1
202300030014;155 627 340;7;0;0;8;16;1
202300030015;155 627 334;0;0;0;0;0;0
202300030015;155 627 335;2;0;0;0;0;0
202300030016;155 627 333;7;13;0;9;0;1
202300030017;155 627 330;2;0;2;1;1;1
202300030017;155 627 332;21;0;2;1;1;1
202300030018;155 627 328;7;0;4;1;1;1
202300030018;155 627 331;40;0;2;1;1;3
202300030019;155 627 327;30;0;2;3;1;1
202300030019;155 627 329;7;0;2;2;15;1
202300030020;155 627 326;7;2;0;3;14;1
202300030021;155 627 325;33;7;0;8;1;1
202300030022;155 627 322;7;0;2;1;1;1
202300030022;155 627 324;50;0;2;7;1;3
202300030023;155 627 320;7;0;2;2;1;1
202300030023;155 627 323;13;0;2;4;19;1
202300030024;155 627 319;7;13;0;1;13;1
202300030025;155 627 318;7;0;2;1;1;1
202300030025;155 627 321;7;0;2;1;1;1
202300030026;155 627 316;37;0;1;7;1;1
202300030027;155 627 313;30;0;2;1;13;1
202300030027;155 627 317;7;0;2;0;1;1
202300030028;155 627 312;10;0;0;3;1;1
202300030028;155 627 314;33;0;2;1;17;1
202300030029;155 627 309;2;0;2;2;0;0
202300030029;155 627 310;7;0;2;3;1;0
202300030030;155 627 307;10;17;0;3;13;1
202300030031;155 627 306;33;0;2;8;17;1
202300030031;155 627 311;7;0;2;3;1;1
202300030032;155 627 305;50;0;2;2;13;3
202300030032;155 627 308;50;0;2;2;15;3
202300030033;155 627 303;31;0;2;1;19;1
202300030033;155 627 304;7;0;2;2;11;1
202300030034;155 627 302;7;8;0;3;13;1
202300030035;155 627 299;7;0;1;7;1;1
202300030036;155 627 298;30;0;2;8;1;1
202300030036;155 627 300;0;0;9;7;16;1
202300030037;155 627 297;33;0;2;3;1;1
202300030037;155 627 301;7;0;2;1;1;1
202300030038;155 627 295;7;0;1;2;16;1
202300030039;155 627 291;17;13;0;0;1;6
202300030039;155 627 294;7;0;0;1;15;1
202300030039;155 627 296;7;0;0;1;23;1
202300030040;155 627 292;7;0;0;9;1;1
202300030041;155 627 290;7;0;1;3;1;1
202300030042;155 627 289;2;0;9;1;1;1
202300030042;155 627 293;7;0;2;7;9;1
202300030043;155 627 287;2;0;2;1;5;1
202300030043;155 627 288;7;0;2;3;1;1
202300030044;155 627 283;7;0;2;2;15;1
202300030044;155 627 286;33;0;2;1;21;1
202300030045;155 627 282;7;0;2;1;2;1
202300030045;155 627 285;7;0;2;4;1;1
202300030046;155 627 281;10;0;2;7;1;1
202300030046;155 627 284;2;0;2;1;1;1
202300030047;155 627 277;33;0;2;1;13;1
202300030047;155 627 279;37;0;2;2;1;1
202300030048;155 627 275;2;0;2;7;1;1
202300030048;155 627 278;7;0;2;3;9;1
202300030049;155 627 273;7;0;2;1;2;1
202300030049;155 627 276;7;0;2;4;2;1
202300030050;155 627 272;10;0;2;0;15;0
202300030050;155 627 274;33;0;0;7;1;1
202300030051;155 627 269;7;0;2;1;15;1
202300030051;155 627 270;33;0;2;7;1;1
202300030052;155 627 268;50;0;2;2;1;3
202300030052;155 627 271;10;0;9;3;1;1
202300030053;155 627 266;0;0;1;2;1;1
202300030054;155 627 264;10;0;2;1;9;1
202300030054;155 627 267;7;0;2;2;9;1
202300030055;155 627 262;7;0;1;2;1;1
202300030056;155 627 261;36;0;2;0;1;1
202300030056;155 627 263;7;0;2;1;1;1
202300030056;155 627 265;7;0;2;8;1;1
202300030057;155 627 258;7;0;1;1;1;1
202300030058;155 627 257;7;0;2;0;14;0
202300030058;155 627 260;33;0;2;3;1;1
202300030059;155 627 256;7;0;2;2;17;1
202300030059;155 627 259;7;0;2;2;1;3
202300030060;155 627 255;7;0;1;2;1;1
202300030061;155 627 253;7;0;0;1;13;1
202300030061;155 627 254;30;0;2;1;1;1
202300030062;155 627 250;7;2;0;0;1;1
202300030063;155 627 248;7;0;2;4;2;1
202300030063;155 627 252;14;0;2;2;26;1
202300030064;155 627 249;33;0;2;1;1;1
202300030064;155 627 251;7;0;2;3;9;1
202300030065;155 627 246;50;0;2;1;17;3
202300030065;155 627 247;7;0;2;1;15;1
202300030066;155 627 243;7;0;2;1;2;1
202300030066;155 627 245;21;0;2;4;2;1
202300030067;155 627 242;7;8;0;2;1;1
202300030068;155 627 241;7;0;2;3;1;1
202300030068;155 627 244;7;0;2;1;13;1
202300030069;155 627 240;7;1;2;1;1;1
202300030070;155 627 234;7;6;2;3;1;1
202300030070;155 627 238;7;0;2;1;19;1
202300030071;155 627 233;30;0;2;1;26;1
202300030071;155 627 236;7;0;2;2;26;1
202300030072;155 627 230;7;0;2;2;1;1
202300030072;155 627 232;10;0;2;3;1;1
202300030072;155 627 235;7;0;2;1;19;1
202300030073;155 627 229;7;5;0;1;1;1
202300030074;155 627 227;7;0;2;1;2;1
202300030074;155 627 231;7;0;2;4;2;1
202300030074;155 627 237;7;0;2;4;23;1
202300030074;155 627 239;10;0;2;1;1;1
202300030075;155 627 224;1;0;2;0;13;5
202300030075;155 627 225;7;0;9;3;14;2
202300030076;155 627 223;7;0;1;1;1;1
202300030077;155 627 221;10;0;2;8;1;1
202300030077;155 627 226;7;0;2;8;1;1
202300030077;155 627 228;7;0;2;1;1;1
202300030078;155 627 217;1;0;0;0;1;5
202300030079;155 627 219;7;2;0;2;1;0
202300030080;155 627 216;7;0;2;2;14;1
202300030080;155 627 220;33;0;2;8;1;1
202300030080;155 627 222;7;0;2;4;1;1
202300030081;155 627 215;30;0;2;2;3;1
202300030081;155 627 218;7;0;2;3;11;1
202300030082;155 627 210;2;0;2;3;15;1
202300030082;155 627 214;7;0;2;2;15;0
202300030083;155 627 207;7;0;2;1;1;1
202300030083;155 627 211;32;0;2;3;15;1
202300030084;155 627 206;33;4;2;8;3;1
202300030084;155 627 209;7;4;2;6;13;1
202300030085;155 627 205;7;0;2;4;23;1
202300030085;155 627 208;7;0;2;4;23;1
202300030085;155 627 212;7;0;2;4;23;1
202300030085;155 627 213;7;0;2;1;2;1
202300030086;155 627 204;2;0;0;7;2;1
202300030087;155 627 201;7;0;1;0;2;1
202300030088;155 627 200;7;2;0;7;17;1
202300030089;155 627 198;7;0;2;4;2;1
202300030089;155 627 203;7;0;2;1;2;1
202300030090;155 627 197;10;0;2;0;0;1
202300030090;155 627 199;7;0;2;3;13;1
202300030090;155 627 202;33;0;2;4;17;1
202300030091;155 627 196;31;0;0;1;13;1
202300030092;155 627 193;7;0;2;1;15;1
202300030092;155 627 195;7;0;2;1;1;1
202300030093;155 627 190;7;0;2;1;1;2
202300030093;155 627 194;10;0;2;6;0;1
202300030094;155 627 191;7;0;1;0;0;0
202300030095;155 627 189;7;0;2;3;15;1
202300030095;155 627 192;2;0;2;1;1;1
202300030096;155 627 188;1;0;0;0;1;5
202300030097;155 627 186;41;0;1;1;1;3
202300030098;155 627 185;32;0;2;1;1;1
202300030098;155 627 187;7;0;2;5;1;1
202300030099;155 627 180;7;0;2;8;0;0
202300030099;155 627 184;7;0;2;1;19;0
202300030100;155 627 181;7;0;2;3;11;0
202300030100;155 627 183;33;0;2;7;3;1
202300030101;155 627 178;80;0;2;0;0;3
202300030101;155 627 182;7;0;9;2;16;1
202300030102;155 627 177;7;0;2;8;0;1
202300030102;155 627 179;15;0;2;2;12;1
202300030103;155 627 176;15;3;0;1;1;1
202300030104;155 627 172;7;0;2;2;15;1
202300030104;155 627 174;33;0;2;1;2;1
202300030105;155 627 170;7;0;2;7;1;1
202300030105;155 627 173;7;0;2;3;11;0
202300030106;155 627 168;14;0;2;1;1;1
202300030106;155 627 175;7;0;2;7;1;1
202300030107;155 627 169;7;4;2;1;11;1
202300030107;155 627 171;7;3;2;5;1;1
202300030108;155 627 165;7;0;1;1;15;1
202300030109;155 627 162;7;4;1;3;23;1
202300030109;155 627 166;7;0;2;1;2;1
202300030110;155 627 163;14;0;2;4;2;1
202300030110;155 627 167;14;0;2;7;2;1
202300030111;155 627 164;7;0;1;4;20;1
202300030112;155 627 160;7;4;0;3;1;1
202300030113;155 627 158;50;0;2;0;0;3
202300030113;155 627 161;7;0;2;0;0;1
202300030114;155 627 156;7;0;2;3;2;1
202300030114;155 627 159;33;0;2;2;21;1
202300030115;155 627 155;7;0;2;2;15;1
202300030115;155 627 157;37;0;2;3;1;1
202300030116;155 627 154;7;4;0;1;0;1
202300030117;155 627 140;7;0;2;1;1;1
202300030117;155 627 143;7;0;2;1;1;1
202300030117;155 627 145;10;0;2;6;23;1
202300030117;155 627 149;7;0;2;7;1;1
202300030117;155 627 153;10;0;2;2;14;1
202300030118;155 627 137;10;0;0;4;24;2
202300030118;155 627 142;10;1;0;1;2;1
202300030119;155 627 138;7;0;2;4;2;1
202300030119;155 627 139;10;0;2;1;2;3
202300030120;155 627 131;14;0;2;6;23;1
202300030120;155 627 134;7;14;0;2;17;1
202300030121;155 627 133;10;0;2;6;2;1
202300030121;155 627 135;10;0;2;4;2;1
202300030121;155 627 136;10;0;2;4;2;1
202300030121;155 627 141;7;0;2;6;2;1
202300030121;155 627 144;7;0;2;4;2;3
202300030121;155 627 148;14;0;2;1;2;1
202300030121;155 627 152;10;0;2;6;2;1
202300030122;155 627 130;7;0;2;3;1;1
202300030123;155 627 129;7;0;2;0;0;1
202300030123;155 627 132;33;0;0;0;0;1
202300030124;155 627 126;7;0;1;1;2;1
202300030125;155 627 124;33;0;2;2;17;1
202300030125;155 627 127;7;0;2;8;15;1
202300030126;155 627 123;50;0;9;1;0;3
202300030126;155 627 128;50;0;9;1;5;3
202300030127;155 627 122;7;0;2;3;1;1
202300030127;155 627 125;7;0;2;2;0;1
202300030128;155 627 116;7;0;2;1;13;1
202300030128;155 627 120;7;0;2;1;1;1
202300030129;155 627 117;1;0;2;0;0;5
202300030129;155 627 121;7;0;2;1;15;1
202300030130;155 627 118;7;0;1;2;2;1
202300030131;155 627 119;7;0;2;2;26;1
202300030132;155 627 113;34;5;2;9;14;6
202300030133;155 627 109;7;0;2;1;1;1
202300030133;155 627 111;10;0;2;9;11;1
202300030133;155 627 115;7;0;2;8;0;1
202300030134;155 627 110;7;0;2;0;0;1
202300030134;155 627 114;7;0;2;3;16;2
202300030135;155 627 108;7;0;2;3;17;1
202300030135;155 627 112;7;0;2;7;2;1
202300030136;155 627 107;33;0;9;1;26;1
202300030137;155 627 105;32;0;2;7;2;1
202300030137;155 627 106;7;0;2;3;15;3
202300030138;155 627 103;7;0;1;1;9;1
202300030139;155 627 104;33;0;9;8;15;0
202300030140;155 627 102;3;0;1;3;15;3
202300030141;155 627 101;7;0;1;2;1;1
202300030142;155 627 098;7;0;2;3;9;1
202300030142;155 627 100;33;0;2;1;1;1
202300030143;155 627 097;10;0;1;1;9;1
202300030144;155 627 096;7;0;2;1;1;1
202300030144;155 627 099;50;0;2;2;1;3
202300030145;155 627 095;7;0;1;3;26;1
202300030146;155 627 094;10;0;1;6;4;1
202300030147;155 627 089;7;0;2;1;2;1
202300030147;155 627 093;7;0;2;4;23;1
202300030148;155 627 088;7;0;2;7;10;2
202300030148;155 627 091;14;0;2;1;1;1
202300030149;155 627 086;7;0;2;4;2;1
202300030149;155 627 090;7;0;2;0;0;1
202300030149;155 627 092;7;0;2;3;2;1
202300030150;155 627 083;10;0;2;1;1;1
202300030150;155 627 085;10;0;2;4;1;1
202300030150;155 627 087;10;0;2;4;1;1
202300030151;155 627 082;7;0;1;1;1;1
202300030152;155 627 081;7;0;2;3;1;1
202300030152;155 627 084;1;0;2;1;1;5
202300030153;155 627 077;10;0;1;1;2;1
202300030154;155 627 079;7;1;0;3;13;1
202300030155;155 627 078;3;0;2;1;19;1
202300030155;155 627 080;7;0;2;8;1;1
202300030156;155 627 075;7;0;2;3;1;1
202300030156;155 627 076;7;0;2;1;15;1
202300030157;155 627 072;7;0;2;3;11;1
202300030157;155 627 074;33;0;2;7;3;1
202300030158;155 627 071;7;0;1;2;1;1
202300030159;155 627 070;7;0;2;1;1;1
202300030159;155 627 073;7;0;2;4;1;1
202300030160;155 627 067;31;0;2;1;1;1
202300030160;155 627 069;7;0;2;3;15;1
202300030161;155 627 064;7;0;2;1;15;2
202300030161;155 627 065;2;0;2;8;1;1
202300030162;155 627 062;7;0;2;1;1;1
202300030162;155 627 068;7;0;2;2;1;1
202300030163;155 627 061;7;0;0;0;0;1
202300030163;155 627 063;7;0;0;8;2;1
202300030163;155 627 066;7;0;2;1;21;1
202300030164;155 627 059;7;0;1;1;1;1
202300030165;155 627 055;10;0;9;7;16;1
202300030165;155 627 058;50;0;2;8;19;3
202300030166;155 627 054;7;0;2;5;19;1
202300030166;155 627 057;38;0;2;1;1;1
202300030166;155 627 060;7;0;2;8;1;1
202300030167;155 627 056;7;0;1;2;16;1
202300030168;155 627 052;30;0;2;7;21;1
202300030168;155 627 053;1;0;2;0;5;5
202300030169;155 627 049;10;0;2;1;2;1
202300030169;155 627 051;10;0;0;6;10;1
202300030170;155 627 048;7;0;1;2;15;1
202300030171;155 627 044;50;0;2;4;1;3
202300030171;155 627 046;43;0;2;1;1;1
202300030172;155 627 041;7;2;0;0;0;1
202300030173;155 627 039;7;7;0;1;13;1
202300030174;155 627 036;7;0;1;2;1;1
202300030175;155 627 034;1;0;2;1;1;5
202300030175;155 627 035;7;0;2;3;1;1
202300030176;155 627 032;1;0;2;4;19;5
202300030176;155 627 033;7;0;2;1;0;1
202300030177;155 627 029;1;0;0;2;1;5
202300030178;155 627 030;7;0;2;5;24;1
202300030178;155 627 031;7;1;0;3;13;1
202300030179;155 627 026;7;1;0;8;1;1
202300030179;155 627 028;10;0;2;1;16;1
202300030180;155 627 025;7;0;2;0;13;1
202300030180;155 627 027;31;0;2;5;1;1
202300030181;155 627 023;31;0;5;1;1;1
202300030182;155 627 020;37;0;2;2;2;1
202300030182;155 627 021;30;0;2;3;2;1
202300030183;155 627 017;7;0;2;8;10;1
202300030183;155 627 019;33;0;2;7;1;1
202300030184;155 627 016;10;0;2;1;13;1
202300030184;155 627 018;7;0;2;1;1;1
202300030185;155 627 014;7;1;2;4;24;1
202300030185;155 627 015;7;0;2;1;1;1
202300030186;155 627 012;7;0;2;3;2;1
202300030186;155 627 013;10;0;2;4;2;1
202300030187;155 627 011;7;0;1;1;1;1
202300030188;155 627 010;7;12;1;1;14;1
202300030189;155 627 008;33;0;2;1;1;1
202300030189;155 627 009;7;0;2;2;15;1
202300030190;155 627 005;31;0;2;3;1;1
202300030190;155 627 006;7;0;2;3;10;1
202300030191;155 627 004;1;0;2;4;12;5
202300030191;155 627 007;7;0;2;3;26;1
202300030192;155 627 003;7;0;1;1;15;1
202300030193;155 627 000;2;0;2;1;1;1
202300030193;155 627 002;7;0;2;2;15;1
202300030194;155 626 999;10;0;2;8;15;1
202300030194;155 627 001;30;0;2;2;17;3
202300030195;155 626 997;1;0;2;8;2;5
202300030195;155 626 998;7;0;2;7;17;
202300030196;155 626 995;60;12;0;0;1;3
202300030197;155 626 994;7;0;2;5;1;1
202300030197;155 626 996;1;0;2;1;1;5
202300030198;155 626 989;7;0;2;0;1;2
202300030198;155 626 991;30;0;2;0;1;1
202300030199;155 626 988;7;0;2;1;26;1
202300030199;155 626 992;2;0;2;4;1;1
202300030200;155 626 987;7;0;1;1;15;0
202300030201;155 626 986;7;0;1;1;1;1
202300030202;155 626 984;7;0;9;8;1;1
202300030202;155 626 985;1;0;2;8;19;5
202300030203;155 626 981;7;0;2;2;15;1
202300030203;155 626 983;33;0;2;3;1;1
202300030204;155 626 980;7;0;0;2;16;1
202300030204;155 626 982;50;0;2;1;1;3
202300030205;155 626 977;1;0;2;8;1;5
202300030205;155 626 979;10;0;9;3;15;1
202300030206;155 626 976;33;0;2;1;1;1
202300030206;155 626 978;7;0;2;7;15;1
202300030207;155 626 975;7;0;1;1;0;1
202300030208;155 626 973;7;0;2;2;9;1
202300030208;155 626 974;50;0;2;2;1;3
202300030209;155 626 970;50;0;2;7;15;3
202300030209;155 626 972;7;0;2;2;1;1
202300030210;155 626 969;7;0;2;2;1;1
202300030210;155 626 971;7;0;2;3;15;1
202300030211;155 626 966;7;0;2;9;21;1
202300030211;155 626 967;37;0;2;3;1;1
202300030211;155 626 968;7;0;2;5;23;1
202300030212;155 626 963;7;12;0;3;1;1
202300030213;155 626 964;7;0;1;1;15;1
202300030214;155 626 962;7;0;2;2;15;1
202300030214;155 626 965;50;0;2;6;1;3
202300030215;155 626 960;7;0;2;1;1;0
202300030215;155 626 961;7;0;2;4;1;1
202300030216;155 626 958;10;0;1;4;20;6
202300030217;155 626 959;7;0;1;3;0;1
202300030218;155 626 957;10;1;0;6;21;0