Num_Acc;id_vehicule;categorie_vehicule;obstacle_fixe;obstacle_mobile;point_choc_initial;manoeuvre_principale;motorisation
202300030219;155 626 951;7;0;2;0;0;0
202300030219;155 626 954;30;0;2;5;2;0
202300030220;155 626 953;7;0;9;2;1;1
202300030220;155 626 955;1;0;2;8;1;5
202300030221;155 626 952;30;0;2;1;15;1
202300030221;155 626 956;30;0;2;1;1;1
202300030222;155 626 947;50;0;2;1;1;3
202300030222;155 626 950;7;0;2;3;2;2
202300030223;155 626 946;50;0;4;3;15;3
202300030223;155 626 949;40;0;2;3;15;3
202300030224;155 626 944;7;0;2;1;2;2
202300030224;155 626 945;7;0;2;4;2;1
202300030224;155 626 948;7;0;2;1;2;1
202300030225;155 626 942;7;0;2;3;15;1
202300030225;155 626 943;2;0;2;1;17;1
202300030226;155 626 938;7;8;0;1;1;1
202300030227;155 626 939;30;0;2;8;9;1
202300030227;155 626 941;7;0;2;1;1;1
202300030228;155 626 937;7;0;2;3;10;1
202300030228;155 626 940;34;0;2;3;2;1
202300030229;155 626 936;43;0;0;0;1;1
202300030230;155 626 931;33;0;2;1;15;0
202300030230;155 626 932;7;0;2;3;9;0
202300030231;155 626 930;7;0;2;1;23;1
202300030231;155 626 934;7;0;2;6;1;1
202300030231;155 626 935;7;0;2;1;12;1
202300030232;155 626 927;10;0;2;0;15;1
202300030232;155 626 929;32;0;2;1;1;1
202300030233;155 626 924;3;0;2;1;1;1
202300030233;155 626 928;7;0;2;8;15;1
202300030234;155 626 925;7;0;2;1;15;1
202300030234;155 626 926;33;0;2;1;1;1
202300030235;155 626 917;2;0;2;3;26;1
202300030235;155 626 919;7;0;2;2;1;1
202300030236;155 626 914;7;0;2;3;2;1
202300030236;155 626 916;7;0;2;4;23;1
202300030236;155 626 920;7;0;2;1;2;1
202300030236;155 626 921;7;0;0;6;23;1
202300030236;155 626 922;7;0;2;7;21;1
202300030236;155 626 923;15;0;2;8;1;1
202300030237;155 626 915;7;0;2;1;1;1
202300030237;155 626 918;7;0;2;7;19;1
202300030238;155 626 909;7;0;2;1;13;1
202300030238;155 626 912;7;0;2;1;1;1
202300030239;155 626 911;7;13;0;0;2;1
202300030240;155 626 908;10;0;2;1;2;1
202300030240;155 626 910;7;0;2;4;2;1
202300030240;155 626 913;7;0;2;4;2;1
202300030241;155 626 906;7;0;2;3;1;0
202300030241;155 626 907;7;0;2;8;1;0
202300030242;155 626 904;7;0;1;7;15;0
202300030243;155 626 903;7;0;2;1;0;1
202300030243;155 626 905;7;0;2;4;0;1
202300030244;155 626 902;7;2;0;2;1;1
202300030245;155 626 897;33;0;0;1;17;1
202300030245;155 626 900;7;0;0;1;16;1
202300030246;155 626 899;7;2;0;4;1;1
202300030247;155 626 898;1;0;2;1;1;5
202300030247;155 626 901;7;0;2;5;20;1
202300030248;155 626 892;7;0;2;3;1;1
202300030248;155 626 895;10;0;2;3;1;1
202300030249;155 626 890;7;0;2;1;1;1
202300030249;155 626 893;7;0;2;1;1;1
202300030249;155 626 896;7;8;0;2;1;1
202300030250;155 626 891;7;0;2;7;26;1
202300030250;155 626 894;33;0;2;1;1;1
202300030251;155 626 889;2;0;0;2;21;1
202300030252;155 626 886;7;0;2;8;15;
202300030252;155 626 888;33;0;2;2;17;1
202300030253;155 626 887;7;0;1;1;1;1
202300030254;155 626 883;50;14;0;8;1;3
202300030255;155 626 881;7;0;2;2;1;1
202300030255;155 626 885;7;8;2;8;1;1
202300030256;155 626 880;7;0;0;0;26;0
202300030256;155 626 882;7;0;0;8;23;3
202300030256;155 626 884;7;1;0;0;1;0
202300030257;155 626 878;7;0;1;1;1;0
202300030258;155 626 877;7;0;1;1;15;1
202300030259;155 626 876;7;0;2;8;15;1
202300030259;155 626 879;30;0;2;1;1;1
202300030260;155 626 873;7;0;2;3;13;1
202300030260;155 626 875;7;0;2;8;1;1
202300030261;155 626 872;7;0;1;1;23;1
202300030261;155 626 874;7;0;2;1;2;1
202300030262;155 626 869;7;13;0;2;1;1
202300030263;155 626 870;7;0;2;1;1;1
202300030263;155 626 871;7;0;2;6;9;1
202300030264;155 626 868;7;0;1;1;1;1
202300030265;155 626 865;1;0;2;4;2;5
202300030265;155 626 867;7;0;2;0;2;0
202300030266;155 626 864;7;0;9;3;9;1
202300030266;155 626 866;1;0;2;1;1;5
202300030267;155 626 863;7;2;9;1;12;1
202300030268;155 626 858;7;0;0;3;23;1
202300030268;155 626 860;10;0;2;2;2;1
202300030268;155 626 862;10;0;2;1;1;1
202300030269;155 626 857;7;0;1;2;26;1
202300030270;155 626 859;7;11;2;1;6;1
202300030270;155 626 861;7;0;2;1;1;1
202300030271;155 626 854;7;0;1;1;15;3
202300030272;155 626 856;7;9;1;3;25;1
202300030273;155 626 852;7;0;2;4;1;1
202300030273;155 626 853;7;0;2;1;1;1
202300030273;155 626 855;7;0;2;4;1;1
202300030274;155 626 849;7;0;0;4;2;1
202300030274;155 626 851;7;0;2;0;0;1
202300030275;155 626 846;7;0;2;4;1;1
202300030275;155 626 848;7;0;2;1;1;1
202300030276;155 626 844;2;8;0;1;1;1
202300030277;155 626 843;7;6;0;1;1;1
202300030278;155 626 842;33;0;0;9;1;1
202300030279;155 626 845;7;0;1;1;1;1
202300030280;155 626 840;50;0;2;3;15;3
202300030280;155 626 841;7;0;9;2;1;2
202300030281;155 626 836;7;0;2;3;13;1
202300030281;155 626 838;7;0;2;3;1;1
202300030282;155 626 837;50;0;2;1;1;3
202300030282;155 626 839;7;0;2;0;16;0
202300030283;155 626 835;7;0;1;2;1;1
202300030284;155 626 832;7;0;9;3;1;1
202300030284;155 626 834;1;0;2;7;0;5
202300030285;155 626 830;7;6;0;1;14;1
202300030286;155 626 831;1;0;2;0;0;0
202300030286;155 626 833;7;0;2;7;1;1
202300030287;155 626 829;7;6;0;1;1;1
202300030288;155 626 828;7;15;0;1;0;0
202300030289;155 626 826;2;0;2;1;2;1
202300030289;155 626 827;7;1;2;3;10;0
202300030290;155 626 824;7;0;0;6;2;1
202300030290;155 626 825;7;0;2;2;2;3
202300030291;155 626 820;7;0;2;1;1;1
202300030291;155 626 822;33;0;2;1;13;1
202300030292;155 626 817;7;0;9;3;15;1
202300030292;155 626 819;1;0;2;1;5;5
202300030293;155 626 816;7;0;9;2;0;0
202300030293;155 626 818;1;0;2;3;1;5
202300030294;155 626 814;7;0;2;1;1;1
202300030294;155 626 815;7;0;2;4;1;1
202300030295;155 626 813;7;0;1;3;12;1
202300030296;155 626 810;7;2;0;1;14;1
202300030297;155 626 808;7;0;1;2;1;1
202300030298;155 626 806;7;0;0;7;1;0
202300030299;155 626 807;7;0;2;3;10;1
202300030299;155 626 809;7;0;2;2;1;1
202300030300;155 626 803;30;0;0;8;15;1
202300030300;155 626 805;7;0;2;2;17;0
202300030301;155 626 804;7;0;1;2;1;1
202300030302;155 626 801;7;0;2;1;1;1
202300030302;155 626 802;7;0;2;1;13;1
202300030303;155 626 800;7;2;0;2;0;1
202300030304;155 626 797;7;1;0;2;14;1
202300030305;155 626 798;7;0;2;3;9;1
202300030305;155 626 799;31;0;2;7;15;1
202300030306;155 626 795;7;0;2;2;15;1
202300030306;155 626 796;32;0;2;1;1;1
202300030307;155 626 793;7;15;0;1;1;1
202300030308;155 626 791;2;12;0;8;1;1
202300030309;155 626 790;7;0;2;3;1;0
202300030309;155 626 792;7;9;2;3;1;0
202300030309;155 626 794;10;0;2;3;1;1
202300030310;155 626 788;7;3;0;8;13;1
202300030311;155 626 785;7;0;2;1;1;0
202300030311;155 626 787;7;0;2;4;23;0
202300030311;155 626 789;7;0;0;4;23;0
202300030312;155 626 784;7;0;0;9;1;1
202300030313;155 626 783;7;0;9;3;1;1
202300030313;155 626 786;1;0;2;1;1;5
202300030314;155 626 782;7;1;0;2;14;1
202300030315;155 626 780;7;0;1;2;26;0
202300030316;155 626 779;7;0;2;2;0;1
202300030316;155 626 781;7;3;0;4;0;1
202300030317;155 626 776;7;0;2;1;17;1
202300030317;155 626 778;7;0;2;1;1;1
202300030318;155 626 775;50;0;1;1;19;3
202300030319;155 626 774;7;0;2;4;2;0
202300030319;155 626 777;7;0;2;1;2;0
202300030320;155 626 772;17;2;0;8;14;1
202300030321;155 626 770;7;0;2;1;9;1
202300030321;155 626 773;7;0;2;4;1;1
202300030322;155 626 769;10;0;0;8;23;1
202300030322;155 626 771;17;1;0;8;2;1
202300030323;155 626 767;7;0;2;8;15;1
202300030323;155 626 768;2;0;2;1;17;1
202300030324;155 626 764;33;0;2;1;1;1
202300030324;155 626 765;7;0;2;1;1;1
202300030325;155 626 763;7;0;2;7;16;1
202300030325;155 626 766;33;0;2;8;18;1
202300030326;155 626 760;37;0;0;6;1;1
202300030326;155 626 762;2;0;0;2;1;1
202300030327;155 626 757;7;0;2;3;15;1
202300030327;155 626 761;43;0;2;2;17;1
202300030328;155 626 758;2;0;2;1;1;1
202300030328;155 626 759;7;0;2;4;23;
202300030329;155 626 755;7;0;2;5;15;1
202300030329;155 626 756;34;0;2;1;1;1
202300030330;155 626 752;1;0;2;7;16;5
202300030330;155 626 754;2;0;2;4;14;3
202300030331;155 626 750;50;0;2;8;19;3
202300030331;155 626 753;7;0;2;1;15;0
202300030332;155 626 749;2;0;2;8;1;1
202300030332;155 626 751;10;0;2;1;1;1
202300030333;155 626 747;7;2;0;8;13;1
202300030334;155 626 746;43;0;2;1;1;1
202300030334;155 626 748;7;0;2;4;9;1
202300030335;155 626 744;2;0;2;1;1;1
202300030335;155 626 745;7;0;2;2;15;1
202300030336;155 626 742;7;0;2;3;20;1
202300030336;155 626 743;2;0;2;2;1;1
202300030337;155 626 741;33;0;1;2;1;1
202300030338;155 626 739;60;0;2;1;19;5
202300030338;155 626 740;7;0;2;6;1;1
202300030339;155 626 737;7;0;2;2;2;1
202300030339;155 626 738;50;0;2;8;2;3
202300030340;155 626 734;7;0;2;3;22;1
202300030340;155 626 736;50;0;0;1;2;3
202300030341;155 626 733;7;0;2;1;5;1
202300030341;155 626 735;7;0;2;1;1;1
202300030342;155 626 730;7;0;2;1;1;1
202300030342;155 626 732;10;0;2;4;23;1
202300030343;155 626 729;7;12;0;1;1;1
202300030344;155 626 728;33;0;2;1;19;1
202300030344;155 626 731;34;0;2;8;1;3
202300030345;155 626 727;7;2;0;1;14;1
202300030346;155 626 725;10;0;1;1;15;1
202300030347;155 626 724;7;0;2;3;15;1
202300030347;155 626 726;2;0;2;1;1;1
202300030348;155 626 723;33;13;0;1;1;1
202300030349;155 626 722;7;1;0;1;1;1
202300030350;155 626 721;1;15;1;2;1;5
202300030351;155 626 720;21;2;0;3;1;1
202300030352;155 626 717;7;0;2;8;10;1
202300030352;155 626 719;30;0;2;2;17;1
202300030353;155 626 716;7;0;2;4;23;1
202300030353;155 626 718;7;0;2;1;2;1
202300030354;155 626 715;1;0;0;0;0;5
202300030355;155 626 711;7;0;2;1;19;0
202300030355;155 626 713;7;0;2;1;0;0
202300030356;155 626 709;7;0;2;4;1;1
202300030356;155 626 712;7;0;2;1;1;1
202300030356;155 626 714;7;0;2;4;1;1
202300030357;155 626 710;7;0;1;7;23;1
202300030358;155 626 708;7;0;1;1;1;1
202300030359;155 626 706;7;3;0;2;0;1
202300030360;155 626 705;7;0;1;1;2;1
202300030361;155 626 704;7;0;;8;1;3
202300030361;155 626 707;1;0;2;1;1;5
202300030362;155 626 703;1;0;1;7;1;5
202300030363;155 626 699;7;0;2;1;1;0
202300030363;155 626 702;10;0;2;4;1;1
202300030364;155 626 698;7;0;2;1;1;1
202300030364;155 626 701;7;1;2;2;9;1
202300030365;155 626 700;7;3;0;1;1;1
202300030366;155 626 697;33;0;1;1;17;1
202300030367;155 626 696;2;0;0;0;1;1
202300030368;155 626 695;7;0;1;2;1;1
202300030369;155 626 692;7;0;1;1;9;1
202300030370;155 626 693;7;0;2;3;15;1
202300030370;155 626 694;33;0;2;3;1;1
202300030371;155 626 691;33;0;0;0;1;1
202300030372;155 626 686;1;0;2;7;9;5
202300030372;155 626 688;7;0;2;1;1;1
202300030373;155 626 685;7;0;2;4;2;1
202300030373;155 626 689;7;0;2;4;2;0
202300030373;155 626 690;7;0;2;4;0;1
202300030374;155 626 684;32;0;2;7;1;3
202300030374;155 626 687;7;0;2;3;10;0
202300030375;155 626 683;7;0;1;3;1;1
202300030376;155 626 680;7;0;2;3;1;1
202300030376;155 626 682;7;0;2;2;1;1
202300030377;155 626 678;10;0;0;4;0;1
202300030377;155 626 681;1;0;0;0;0;5
202300030378;155 626 675;7;3;2;1;1;1
202300030378;155 626 677;10;0;2;6;21;1
202300030378;155 626 679;7;3;2;6;21;1
202300030379;155 626 674;80;0;2;1;1;3
202300030379;155 626 676;7;0;2;3;1;3
202300030380;155 626 672;33;0;2;1;2;1
202300030380;155 626 673;7;0;2;6;15;1
202300030381;155 626 669;7;2;2;6;1;1
202300030381;155 626 670;7;1;2;1;1;1
202300030382;155 626 667;7;0;2;3;1;1
202300030382;155 626 671;1;0;2;1;19;5
202300030383;155 626 666;33;1;2;8;12;1
202300030383;155 626 668;10;0;2;2;12;1
202300030384;155 626 664;7;0;2;5;15;1
202300030384;155 626 665;33;0;2;2;1;1
202300030385;155 626 661;7;0;2;1;1;1
202300030385;155 626 663;7;0;1;1;26;1
202300030386;155 626 660;7;0;2;1;13;1
202300030386;155 626 662;7;0;2;1;2;1
202300030387;155 626 658;7;0;2;8;15;1
202300030387;155 626 659;37;0;2;2;1;1
202300030388;155 626 655;13;1;0;5;1;1
202300030388;155 626 657;13;0;2;5;24;1
202300030389;155 626 654;2;0;2;1;1;1
202300030389;155 626 656;7;0;2;4;23;1
202300030390;155 626 652;32;12;0;1;1;1
202300030391;155 626 651;7;0;2;1;2;1
202300030391;155 626 653;7;0;0;4;2;1
202300030392;155 626 648;7;0;2;8;1;1
202300030392;155 626 650;32;0;2;1;15;1
202300030393;155 626 647;7;0;2;1;1;1
202300030393;155 626 649;7;0;2;6;1;1
202300030394;155 626 644;32;0;2;1;18;1
202300030394;155 626 646;10;0;2;7;19;1
202300030395;155 626 643;7;0;2;1;9;1
202300030395;155 626 645;32;0;2;1;3;1
202300030396;155 626 638;50;0;2;7;1;3
202300030396;155 626 640;7;0;9;1;9;1
202300030397;155 626 634;7;0;2;4;2;1
202300030397;155 626 635;7;0;2;4;2;1
202300030397;155 626 637;7;0;2;4;2;1
202300030397;155 626 639;7;0;2;4;2;1
202300030397;155 626 641;7;0;2;1;2;1
202300030397;155 626 642;7;0;2;4;0;1
202300030398;155 626 632;33;0;2;2;2;1
202300030398;155 626 636;1;0;2;1;15;5
202300030399;155 626 631;10;0;2;1;1;1
202300030399;155 626 633;1;0;2;4;19;5
202300030400;155 626 630;7;0;1;1;2;1
202300030401;155 626 629;7;0;1;1;2;1
202300030402;155 626 627;7;2;0;1;1;1
202300030403;155 626 626;7;0;1;2;1;1
202300030404;155 626 623;7;14;0;1;1;1
202300030404;155 626 624;1;0;2;4;23;5
202300030405;155 626 625;33;0;2;5;1;0
202300030405;155 626 628;7;0;2;5;1;0
202300030406;155 626 619;7;0;2;4;1;1
202300030406;155 626 621;7;0;2;1;1;1
202300030406;155 626 622;7;0;2;1;1;1
202300030407;155 626 618;7;0;2;2;15;1
202300030407;155 626 620;7;0;2;1;1;1
202300030408;155 626 615;7;0;1;5;21;1
202300030409;155 626 617;33;0;0;7;25;0
202300030410;155 626 614;7;0;2;2;15;1
202300030410;155 626 616;7;0;2;1;1;1
202300030411;155 626 613;99;0;1;0;26;0
202300030412;155 626 610;7;0;9;1;10;1
202300030412;155 626 612;50;0;2;1;1;3
202300030413;155 626 608;7;0;2;4;0;1
202300030413;155 626 611;7;0;2;1;0;1
202300030414;155 626 607;7;0;2;0;0;1
202300030414;155 626 609;7;0;2;0;0;1
202300030415;155 626 604;50;0;2;4;2;3
202300030415;155 626 606;7;0;9;1;1;0
202300030416;155 626 605;2;1;0;7;1;1
202300030417;155 626 600;7;0;2;1;5;1
202300030417;155 626 602;7;0;2;1;1;3
202300030418;155 626 599;7;0;2;1;1;1
202300030418;155 626 601;7;0;2;4;1;1
202300030419;155 626 597;7;0;2;2;16;1
202300030419;155 626 598;33;0;2;1;3;1
202300030420;155 626 593;7;2;0;1;14;1
202300030421;155 626 594;33;0;2;7;9;1
202300030421;155 626 596;7;0;2;1;13;1
202300030422;155 626 595;7;0;0;0;26;1
202300030422;155 626 603;32;0;2;2;21;1
202300030423;155 626 590;7;0;2;4;2;1
202300030423;155 626 592;2;14;0;1;1;1
202300030424;155 626 588;7;0;2;7;23;1
202300030424;155 626 591;60;0;2;1;19;5
202300030425;155 626 589;7;0;1;1;1;1
202300030426;155 626 587;7;0;2;1;21;1
202300030427;155 626 586;30;0;1;1;1;1
202300030428;155 626 585;7;0;0;0;1;1
202300030429;155 626 584;14;0;1;0;26;1
202300030430;155 626 581;33;0;2;4;2;1
202300030430;155 626 583;7;0;2;3;2;1
202300030431;155 626 580;1;0;2;7;1;5
202300030431;155 626 582;10;0;2;1;9;1
202300030432;155 626 577;7;0;2;1;16;1
202300030432;155 626 578;1;0;2;8;1;5
202300030433;155 626 579;7;0;0;9;0;1
202300030434;155 626 574;7;0;2;2;1;1
202300030434;155 626 576;7;0;2;1;1;1
202300030435;155 626 572;7;3;2;7;1;1
202300030435;155 626 575;7;2;0;3;14;1
202300030436;155 626 571;37;0;1;3;1;0
202300030437;155 626 570;7;0;2;1;1;1
202300030437;155 626 573;7;0;2;1;1;2
202300030438;155 626 568;7;0;2;8;9;1
202300030438;155 626 569;50;0;2;1;1;3
202300030439;155 626 562;32;0;2;7;17;1
202300030439;155 626 565;7;0;2;8;11;1
202300030439;155 626 567;7;0;2;3;1;1
202300030440;155 626 563;7;0;2;2;1;1
202300030440;155 626 566;1;0;2;0;5;5
202300030441;155 626 561;50;0;2;8;0;3
202300030441;155 626 564;7;0;2;1;2;0
202300030442;155 626 560;7;3;0;3;14;1
202300030443;155 626 559;7;0;1;1;1;1
202300030444;155 626 558;7;4;0;3;1;1
202300030445;155 626 553;7;0;2;1;26;1
202300030445;155 626 556;1;0;2;4;26;5
202300030446;155 626 552;7;0;2;4;15;1
202300030446;155 626 555;7;0;2;1;2;1
202300030447;155 626 554;7;1;2;9;9;1
202300030447;155 626 557;17;0;0;6;24;1
202300030448;155 626 548;7;0;2;1;1;1
202300030448;155 626 550;7;0;2;4;1;0
202300030449;155 626 549;10;0;2;1;1;1
202300030449;155 626 551;7;0;2;1;1;1
202300030450;155 626 543;7;0;2;1;23;1
202300030450;155 626 546;50;0;2;1;0;3
202300030451;155 626 542;7;0;2;1;1;1
202300030451;155 626 544;1;0;2;4;1;5
202300030452;155 626 545;7;0;0;0;0;1
202300030452;155 626 547;1;0;0;0;0;5
202300030453;155 626 539;7;0;2;1;2;1
202300030453;155 626 541;7;0;2;4;2;1
202300030454;155 626 538;7;0;2;1;15;1
202300030454;155 626 540;1;0;2;1;1;5
202300030455;155 626 532;31;0;2;1;1;1
202300030455;155 626 533;7;0;2;4;1;1
202300030456;155 626 530;7;0;2;6;0;1
202300030456;155 626 531;7;0;2;1;1;1
202300030457;155 626 529;7;13;0;1;13;1
202300030458;155 626 527;7;0;1;1;1;1
202300030459;155 626 526;7;0;2;2;15;1
202300030459;155 626 528;7;0;2;1;1;1
202300030460;155 626 524;7;0;2;7;26;1
202300030460;155 626 525;7;0;2;1;1;1
202300030461;155 626 521;7;0;1;1;1;1
202300030462;155 626 522;7;14;2;1;1;1
202300030462;155 626 523;7;0;2;1;1;1
202300030463;155 626 519;7;0;2;1;15;1
202300030463;155 626 520;1;0;2;1;1;5
202300030464;155 626 518;3;0;1;1;19;1
202300030465;155 626 516;13;0;2;0;0;1
202300030465;155 626 517;7;0;2;2;9;1
202300030466;155 626 515;7;0;1;3;1;1
202300030467;155 626 512;33;0;2;1;1;1
202300030467;155 626 513;15;0;2;4;23;1
202300030468;155 626 511;32;0;2;1;1;3
202300030468;155 626 514;7;0;2;4;13;1
202300030469;155 626 508;33;0;2;7;3;1
202300030469;155 626 510;7;0;2;3;11;1
202300030470;155 626 507;50;0;2;7;1;3
202300030470;155 626 509;43;0;2;1;1;1
202300030471;155 626 505;7;0;2;0;12;1
202300030471;155 626 506;33;0;2;1;3;1
202300030472;155 626 503;7;3;0;1;14;1
202300030473;155 626 502;7;0;2;2;1;1
202300030473;155 626 504;7;0;2;6;24;1
202300030474;155 626 500;33;0;2;7;3;1
202300030474;155 626 501;7;0;2;5;1;3
202300030475;155 626 499;7;8;0;1;1;1
202300030476;155 626 496;7;0;2;7;12;0
202300030476;155 626 498;33;0;2;3;18;0
202300030477;155 626 495;7;2;0;1;11;1
202300030478;155 626 494;7;0;2;1;1;1
202300030478;155 626 497;30;0;2;4;2;1
202300030479;155 626 490;33;0;2;3;21;0
202300030479;155 626 492;10;0;2;4;1;1
202300030479;155 626 493;7;0;2;4;1;1
202300030480;155 626 488;1;0;2;7;19;5
202300030480;155 626 491;7;0;2;1;1;1
202300030481;155 626 485;7;0;2;3;15;1
202300030481;155 626 486;33;0;2;7;3;1
202300030482;155 626 487;33;0;2;1;3;1
202300030482;155 626 489;31;0;2;4;3;1
202300030483;155 626 483;1;0;2;1;1;5
202300030483;155 626 484;3;0;2;3;15;1
202300030484;155 626 481;7;0;2;7;12;1
202300030484;155 626 482;33;0;2;8;1;1
202300030485;155 626 479;7;0;1;4;4;1
202300030486;155 626 478;7;4;0;1;26;1
202300030487;155 626 476;30;1;0;2;14;1
202300030488;155 626 474;33;0;2;1;3;1
202300030488;155 626 477;7;0;2;5;1;1
202300030489;155 626 475;7;0;2;2;1;2
202300030489;155 626 480;7;0;2;3;16;2
202300030490;155 626 473;7;3;0;1;14;1
202300030491;155 626 470;7;15;0;1;1;1
202300030492;155 626 469;7;0;2;7;22;1
202300030492;155 626 472;1;0;2;8;1;5
202300030493;155 626 468;33;0;2;1;3;1
202300030493;155 626 471;7;0;2;4;13;1
202300030494;155 626 467;7;1;0;1;0;1
202300030495;155 626 465;10;0;2;3;13;1
202300030495;155 626 466;7;0;2;5;1;1
202300030496;155 626 464;1;0;1;1;1;5
202300030497;155 626 461;7;9;0;1;1;1
202300030498;155 626 462;7;0;0;2;1;1
202300030498;155 626 463;7;0;0;2;15;1
202300030499;155 626 459;7;0;1;1;1;1
202300030500;155 626 458;7;0;1;2;1;1
202300030501;155 626 457;7;0;2;3;1;1
202300030501;155 626 460;32;0;2;2;1;3
202300030502;155 626 454;2;0;2;1;1;0
202300030502;155 626 455;7;0;2;2;15;0
202300030503;155 626 453;7;0;2;3;20;0
202300030503;155 626 456;3;0;2;0;0;0
202300030504;155 626 451;10;13;0;2;14;1
202300030505;155 626 450;33;0;2;4;16;1
202300030505;155 626 452;7;0;2;2;16;2
202300030506;155 626 446;7;0;2;1;2;1
202300030506;155 626 448;7;0;2;3;2;1
202300030506;155 626 449;7;0;2;4;0;1
202300030507;155 626 445;7;2;0;1;0;0
202300030508;155 626 443;1;0;0;0;0;5
202300030509;155 626 442;33;16;0;1;1;1
202300030510;155 626 440;10;0;1;4;26;1
202300030511;155 626 444;80;0;2;1;1;3
202300030511;155 626 447;7;0;2;4;1;1
202300030512;155 626 437;7;0;2;1;1;1
202300030512;155 626 439;7;1;2;4;1;1
202300030512;155 626 441;7;14;2;1;1;3
202300030513;155 626 438;31;13;0;7;13;1
202300030514;155 626 434;43;0;2;1;17;1
202300030514;155 626 436;7;0;2;3;15;2
202300030515;155 626 432;10;0;2;4;1;1
202300030515;155 626 435;7;0;2;1;26;1
202300030516;155 626 431;7;0;2;6;20;1
202300030516;155 626 433;7;0;2;0;0;0
202300030517;155 626 428;1;1;0;2;13;5
202300030517;155 626 430;10;0;2;0;24;0
202300030518;155 626 426;7;0;2;2;18;1
202300030518;155 626 427;2;0;2;1;1;1
202300030519;155 626 425;7;0;2;3;11;0
202300030519;155 626 429;32;0;2;2;1;1
202300030520;155 626 424;80;14;0;9;1;3
202300030521;155 626 422;10;0;2;2;13;1
202300030521;155 626 423;30;0;2;3;1;1
202300030522;155 626 417;7;0;2;2;15;1
202300030522;155 626 420;7;0;2;3;1;1
202300030523;155 626 418;33;0;2;1;1;1
202300030523;155 626 421;10;0;2;8;15;1
202300030524;155 626 416;7;0;2;2;15;1
202300030524;155 626 419;50;0;2;1;1;3
202300030525;155 626 412;7;0;2;2;16;1
202300030525;155 626 415;1;0;2;2;1;5
202300030526;155 626 411;14;0;2;2;12;1
202300030526;155 626 414;7;0;2;6;2;1
202300030527;155 626 410;2;0;2;1;1;1
202300030527;155 626 413;7;0;2;1;15;1
202300030528;155 626 409;33;0;0;7;12;1
202300030529;155 626 407;32;0;2;3;1;1
202300030529;155 626 408;7;0;2;7;15;1
202300030530;155 626 404;7;0;2;3;2;1
202300030530;155 626 406;7;0;2;5;23;2
202300030531;155 626 405;7;0;1;2;1;1
202300030532;155 626 402;7;0;2;5;16;1
202300030532;155 626 403;50;0;2;1;18;3
202300030533;155 626 401;7;0;1;2;1;2
202300030534;155 626 399;7;0;2;3;13;1
202300030534;155 626 400;32;0;2;7;3;1
202300030535;155 626 396;33;0;2;3;1;1
202300030535;155 626 398;7;0;2;2;10;1
202300030536;155 626 397;34;1;1;1;1;1
202300030537;155 626 393;30;0;2;5;1;1
202300030537;155 626 395;30;0;2;3;15;0
202300030538;155 626 392;32;0;2;1;1;1
202300030538;155 626 394;7;0;2;1;9;1
202300030539;155 626 390;14;0;2;1;2;1
202300030539;155 626 391;7;0;2;4;2;1
202300030540;155 626 389;37;0;1;2;1;2
202300030541;155 626 387;7;0;2;8;15;0
202300030541;155 626 388;32;0;2;1;1;1
202300030542;155 626 385;7;0;0;0;1;1
202300030542;155 626 386;33;8;0;4;16;1
202300030543;155 626 384;1;0;0;0;1;5
202300030544;155 626 383;7;0;1;1;15;1
202300030545;155 626 379;7;0;2;0;0;1
202300030545;155 626 381;33;0;2;1;2;1
202300030545;155 626 382;7;0;2;0;0;3
202300030546;155 626 377;7;0;2;3;1;1
202300030546;155 626 380;7;0;2;1;9;1
202300030547;155 626 378;7;0;1;0;1;0
202300030548;155 626 374;7;0;1;1;1;0
202300030549;155 626 373;7;0;1;1;1;1
202300030550;155 626 371;7;0;2;3;10;1
202300030550;155 626 372;33;14;2;1;17;1
202300030551;155 626 368;33;0;2;1;1;0
202300030551;155 626 370;7;0;2;7;9;0
202300030552;155 626 365;7;0;2;4;2;1
202300030552;155 626 366;7;0;2;1;2;1
202300030553;155 626 367;80;0;2;1;1;3
202300030553;155 626 369;80;0;2;1;1;3
202300030554;155 626 363;33;0;2;1;1;1
202300030554;155 626 364;10;8;2;8;9;1
202300030555;155 626 362;7;0;1;1;1;1
202300030556;155 626 361;7;1;0;2;14;1
202300030557;155 626 360;7;6;0;1;26;1
202300030558;155 626 356;50;0;2;1;0;3
202300030559;155 626 357;7;0;2;1;9;1
202300030559;155 626 359;7;0;2;3;1;1
202300030560;155 626 355;7;0;2;3;22;1
202300030560;155 626 358;1;0;2;1;1;5
202300030561;155 626 353;7;0;2;8;22;2
202300030561;155 626 354;32;0;2;1;18;1
202300030562;155 626 351;7;0;1;1;16;1
202300030563;155 626 348;7;0;2;1;9;1
202300030563;155 626 349;33;0;2;1;1;0
202300030564;155 626 347;31;8;0;1;14;1
202300030565;155 626 350;33;0;2;7;17;1
202300030565;155 626 352;7;0;2;3;15;1
202300030566;155 626 345;7;0;2;2;25;1
202300030566;155 626 346;80;0;2;1;1;3
202300030567;155 626 344;2;6;0;7;1;1
202300030568;155 626 341;30;0;0;8;15;1
202300030569;155 626 342;33;0;2;2;17;1