Num_Acc;id_vehicule;categorie_vehicule;obstacle_fixe;obstacle_mobile;point_choc_initial;manoeuvre_principale;motorisation
202300030569;155 626 343;10;0;2;3;15;1
202300030570;155 626 338;1;0;2;1;15;5
202300030570;155 626 340;7;0;2;2;17;1
202300030571;155 626 336;33;0;2;1;2;1
202300030571;155 626 337;7;0;2;6;2;1
202300030571;155 626 339;7;0;0;6;24;1
202300030572;155 626 335;34;14;0;0;16;1
202300030573;155 626 334;1;0;1;1;1;5
202300030574;155 626 333;7;0;1;2;1;1
202300030575;155 626 331;7;0;2;3;13;1
202300030575;155 626 332;2;0;2;1;1;1
202300030576;155 626 330;7;3;0;8;0;1
202300030577;155 626 328;7;0;2;3;15;1
202300030577;155 626 329;30;0;2;7;17;1
202300030578;155 626 327;2;2;0;1;13;1
202300030579;155 626 326;7;0;1;3;1;1
202300030580;155 626 322;7;0;2;2;12;0
202300030580;155 626 325;31;0;2;3;1;1
202300030581;155 626 324;33;0;1;1;1;1
202300030582;155 626 321;31;0;2;7;17;1
202300030582;155 626 323;10;0;2;2;15;1
202300030583;155 626 319;7;0;1;2;1;0
202300030584;155 626 318;7;0;1;1;15;3
202300030585;155 626 315;10;0;0;9;1;1
202300030586;155 626 311;7;0;1;2;1;1
202300030587;155 626 312;43;0;2;1;1;1
202300030587;155 626 314;7;0;0;5;1;3
202300030588;155 626 308;31;0;0;0;13;0
202300030589;155 626 307;7;0;2;3;1;1
202300030589;155 626 309;7;0;2;3;13;1
202300030590;155 626 306;7;0;1;2;1;1
202300030591;155 626 302;7;0;2;1;26;1
202300030591;155 626 304;7;0;2;4;23;1
202300030592;155 626 301;7;0;2;1;1;1
202300030592;155 626 303;33;0;2;1;1;1
202300030593;155 626 300;7;0;2;3;1;1
202300030593;155 626 305;1;0;2;1;5;5
202300030594;155 626 297;33;12;0;1;1;1
202300030595;155 626 298;7;0;1;1;1;1
202300030596;155 626 296;7;0;2;5;1;1
202300030596;155 626 299;33;0;2;3;3;1
202300030597;155 626 292;7;0;2;8;24;1
202300030597;155 626 295;80;1;0;0;0;3
202300030598;155 626 289;7;1;0;2;14;1
202300030599;155 626 288;7;0;2;3;5;1
202300030599;155 626 291;7;0;2;1;1;1
202300030600;155 626 287;7;0;2;2;26;1
202300030600;155 626 290;30;0;2;1;1;1
202300030601;155 626 286;7;2;0;1;1;1
202300030602;155 626 285;33;0;0;7;1;1
202300030603;155 626 284;33;0;0;1;1;1
202300030604;155 626 282;7;0;2;8;15;0
202300030604;155 626 283;43;0;2;2;3;1
202300030605;155 626 278;2;0;2;1;9;1
202300030605;155 626 280;7;0;2;3;13;1
202300030606;155 626 279;30;0;2;1;26;1
202300030606;155 626 281;7;0;2;3;0;1
202300030607;155 626 276;7;2;0;1;13;1
202300030608;155 626 275;32;0;2;1;17;1
202300030608;155 626 277;7;0;2;3;15;2
202300030609;155 626 273;33;0;2;1;1;1
202300030609;155 626 274;7;0;2;1;15;1
202300030610;155 626 270;33;0;2;7;17;1
202300030610;155 626 272;7;0;2;8;15;2
202300030611;155 626 268;7;2;0;1;1;1
202300030612;155 626 267;7;0;2;1;1;2
202300030612;155 626 269;7;0;2;5;2;1
202300030613;155 626 266;10;0;2;2;1;0
202300030613;155 626 271;10;0;2;1;1;1
202300030614;155 626 265;50;0;0;9;1;3
202300030615;155 626 262;2;0;2;1;18;1
202300030615;155 626 264;7;0;2;7;16;1
202300030616;155 626 261;7;1;0;3;13;1
202300030616;155 626 263;1;0;0;7;17;5
202300030617;155 626 258;7;0;2;1;2;1
202300030617;155 626 260;7;0;2;5;2;1
202300030618;155 626 257;1;0;2;4;1;5
202300030618;155 626 259;7;0;2;4;9;1
202300030619;155 626 256;3;0;1;1;1;0
202300030620;155 626 255;7;8;0;8;1;1
202300030621;155 626 253;7;0;2;3;13;1
202300030621;155 626 254;32;0;2;8;1;1
202300030622;155 626 250;7;0;0;3;15;1
202300030622;155 626 252;2;0;2;1;17;1
202300030623;155 626 251;7;0;1;2;1;6
202300030624;155 626 249;10;0;0;0;1;1
202300030625;155 626 248;7;13;0;8;1;1
202300030626;155 626 247;33;0;0;1;13;1
202300030627;155 626 246;7;0;1;1;16;1
202300030628;155 626 244;7;0;2;3;1;1
202300030628;155 626 245;1;0;2;9;10;5
202300030629;155 626 241;7;2;0;1;13;1
202300030630;155 626 239;7;0;2;1;1;1
202300030630;155 626 243;99;0;2;4;23;1
202300030631;155 626 240;7;0;2;3;15;0
202300030631;155 626 242;31;1;2;2;12;1
202300030632;155 626 235;7;0;0;1;13;0
202300030632;155 626 238;7;0;2;1;1;0
202300030633;155 626 233;7;1;0;7;1;1
202300030633;155 626 237;7;15;0;8;24;2
202300030634;155 626 234;38;0;2;7;1;1
202300030634;155 626 236;1;0;2;8;1;5
202300030635;155 626 230;99;0;1;1;0;3
202300030636;155 626 229;33;0;2;1;1;1
202300030636;155 626 231;7;0;2;2;5;1
202300030637;155 626 226;7;0;2;1;26;1
202300030637;155 626 228;50;0;2;0;26;3
202300030638;155 626 225;7;0;2;1;9;1
202300030638;155 626 227;1;0;2;7;1;5
202300030639;155 626 222;50;0;2;1;1;3
202300030639;155 626 224;10;0;2;2;1;1
202300030640;155 626 220;7;0;2;3;13;1
202300030640;155 626 221;7;0;2;3;1;1
202300030641;155 626 218;33;0;2;1;2;1
202300030641;155 626 219;7;0;2;4;2;0
202300030642;155 626 216;2;0;2;1;1;1
202300030642;155 626 217;10;0;2;5;15;1
202300030643;155 626 215;30;1;1;1;17;1
202300030644;155 626 213;7;0;0;3;15;0
202300030644;155 626 214;34;0;2;1;17;0
202300030645;155 626 211;7;1;0;2;14;1
202300030646;155 626 210;33;0;2;1;1;1
202300030646;155 626 212;7;0;2;3;1;1
202300030647;155 626 207;2;0;2;1;3;0
202300030647;155 626 209;7;0;2;1;1;0
202300030648;155 626 208;7;9;0;1;1;0
202300030649;155 626 206;7;0;1;1;1;1
202300030650;155 626 202;7;0;0;4;1;1
202300030650;155 626 205;33;0;2;1;1;1
202300030651;155 626 201;7;8;2;3;26;1
202300030651;155 626 204;7;0;2;5;23;1
202300030652;155 626 200;7;0;2;2;1;1
202300030652;155 626 203;1;0;2;1;9;5
202300030653;155 626 197;3;0;2;7;9;0
202300030653;155 626 199;7;0;2;1;1;1
202300030654;155 626 196;7;0;2;0;0;0
202300030654;155 626 198;32;0;2;0;1;3
202300030655;155 626 194;7;0;2;3;15;1
202300030655;155 626 195;33;0;2;1;17;1
202300030656;155 626 193;36;16;0;0;1;1
202300030657;155 626 190;7;0;2;4;2;1
202300030657;155 626 192;7;0;2;1;2;1
202300030658;155 626 188;3;0;2;4;9;1
202300030658;155 626 191;7;0;2;1;1;1
202300030659;155 626 187;38;0;2;3;1;1
202300030659;155 626 189;7;0;2;3;1;1
202300030660;155 626 186;40;0;1;3;1;3
202300030661;155 626 185;7;0;1;2;1;0
202300030662;155 626 183;14;0;1;5;16;1
202300030663;155 626 182;33;0;2;8;1;1
202300030663;155 626 184;7;0;2;1;1;1
202300030664;155 626 181;30;6;0;7;15;1
202300030665;155 626 179;7;0;2;1;19;1
202300030665;155 626 180;2;0;2;8;1;1
202300030666;155 626 178;10;0;2;1;15;1
202300030667;155 626 176;7;0;2;1;2;1
202300030667;155 626 177;7;0;2;4;1;1
202300030668;155 626 173;7;0;2;1;15;0
202300030668;155 626 174;15;0;2;3;1;0
202300030669;155 626 172;30;0;0;1;17;3
202300030670;155 626 171;7;0;2;1;13;3
202300030670;155 626 175;7;0;2;1;1;1
202300030671;155 626 169;7;2;0;1;0;1
202300030672;155 626 170;50;0;0;0;1;3
202300030673;155 626 165;7;0;2;1;15;1
202300030673;155 626 167;7;0;2;1;1;1
202300030674;155 626 163;7;0;2;8;11;1
202300030674;155 626 166;33;0;2;7;17;1
202300030675;155 626 160;1;0;2;7;0;5
202300030675;155 626 162;7;0;2;1;0;1
202300030676;155 626 159;2;0;2;1;1;1
202300030676;155 626 161;7;0;2;3;1;1
202300030677;155 626 164;7;0;2;2;13;1
202300030677;155 626 168;7;0;0;3;1;1
202300030678;155 626 158;10;0;1;3;1;1
202300030679;155 626 157;7;0;1;2;1;1
202300030680;155 626 155;7;13;0;1;1;1
202300030681;155 626 154;1;0;0;0;1;5
202300030682;155 626 156;7;15;0;1;14;1
202300030683;155 626 153;7;0;1;3;1;1
202300030684;155 626 150;1;0;2;3;1;5
202300030684;155 626 152;10;0;9;2;1;1
202300030685;155 626 147;1;0;2;8;0;5
202300030685;155 626 149;7;0;2;3;15;1
202300030686;155 626 148;7;0;0;4;15;1
202300030686;155 626 151;7;0;0;1;1;1
202300030687;155 626 146;10;0;1;2;1;1
202300030688;155 626 144;7;0;2;3;15;1
202300030688;155 626 145;33;0;2;7;17;1
202300030689;155 626 140;7;0;2;3;1;1
202300030689;155 626 142;33;0;2;1;13;1
202300030690;155 626 138;10;0;2;3;15;1
202300030690;155 626 139;33;0;2;1;1;1
202300030691;155 626 133;7;0;1;2;7;1
202300030692;155 626 134;3;0;2;3;13;1
202300030692;155 626 136;7;0;2;3;1;1
202300030693;155 626 132;7;0;0;1;2;1
202300030694;155 626 130;7;0;2;3;15;1
202300030694;155 626 131;33;0;2;2;3;1
202300030695;155 626 135;7;0;9;1;2;1
202300030695;155 626 137;21;0;0;4;15;1
202300030696;155 626 128;7;9;0;3;0;1
202300030697;155 626 127;7;0;2;2;14;1
202300030697;155 626 129;33;0;2;7;0;1
202300030698;155 626 123;10;0;2;3;1;1
202300030698;155 626 125;1;0;2;7;1;5
202300030699;155 626 122;7;0;2;2;1;1
202300030699;155 626 124;7;0;2;3;1;1
202300030700;155 626 120;7;0;2;1;6;1
202300030700;155 626 121;17;0;2;0;5;1
202300030701;155 626 126;7;13;0;1;1;1
202300030702;155 626 117;7;0;2;1;5;1
202300030702;155 626 119;7;0;2;1;1;1
202300030703;155 626 115;7;0;2;1;13;1
202300030703;155 626 116;7;0;2;1;1;1
202300030704;155 626 112;7;0;2;8;2;1
202300030704;155 626 113;1;0;2;7;2;5
202300030705;155 626 109;7;0;2;1;2;1
202300030705;155 626 110;7;0;2;4;2;1
202300030706;155 626 111;7;0;2;6;1;1
202300030706;155 626 114;7;0;2;3;5;1
202300030707;155 626 106;7;0;2;1;1;0
202300030707;155 626 108;21;0;2;6;15;0
202300030708;155 626 103;7;13;0;2;1;1
202300030709;155 626 101;7;0;1;3;15;1
202300030710;155 626 102;2;0;2;1;1;1
202300030710;155 626 104;7;0;2;3;9;1
202300030711;155 626 100;15;3;0;1;1;1
202300030712;155 626 099;7;0;1;1;1;1
202300030713;155 626 097;7;0;9;2;26;1
202300030713;155 626 098;80;0;2;1;1;3
202300030714;155 626 094;7;13;0;2;14;1
202300030715;155 626 095;7;0;2;2;1;1
202300030715;155 626 096;7;16;0;3;9;1
202300030716;155 626 093;7;0;1;7;1;1
202300030717;155 626 091;33;0;2;4;1;1
202300030717;155 626 092;10;0;2;4;2;0
202300030718;155 626 090;31;0;0;2;1;1
202300030719;155 626 086;7;0;2;1;15;1
202300030719;155 626 088;32;0;2;1;1;1
202300030720;155 626 084;7;0;2;0;2;1
202300030720;155 626 085;33;0;2;1;2;1
202300030720;155 626 087;7;0;2;4;2;1
202300030721;155 626 083;7;0;2;3;9;1
202300030721;155 626 089;41;0;2;7;1;3
202300030722;155 626 082;10;0;1;2;1;1
202300030723;155 626 080;7;2;0;2;1;1
202300030724;155 626 078;7;0;2;4;2;1
202300030724;155 626 079;7;0;2;2;2;1
202300030724;155 626 081;7;0;2;4;1;1
202300030725;155 626 077;34;13;0;8;13;1
202300030726;155 626 074;7;13;0;1;13;1
202300030727;155 626 073;7;0;2;8;15;1
202300030727;155 626 076;32;0;2;2;5;1
202300030728;155 626 072;33;0;2;7;17;1
202300030728;155 626 075;7;0;0;8;15;1
202300030729;155 626 068;33;0;2;1;2;1
202300030729;155 626 070;32;0;0;0;2;1
202300030730;155 626 065;7;0;2;7;10;1
202300030730;155 626 066;31;0;2;1;1;1
202300030731;155 626 067;7;0;1;2;1;1
202300030732;155 626 063;7;12;0;2;14;1
202300030733;155 626 062;7;0;2;3;13;0
202300030733;155 626 064;7;0;2;3;1;0
202300030734;155 626 058;7;0;2;0;0;1
202300030734;155 626 061;33;0;2;1;1;1
202300030735;155 626 057;1;0;2;1;1;5
202300030735;155 626 060;7;0;2;5;1;1
202300030736;155 626 056;7;0;2;6;1;2
202300030736;155 626 059;7;0;2;0;0;1
202300030737;155 626 054;7;0;2;3;15;1
202300030737;155 626 055;50;0;2;0;1;3
202300030738;155 626 053;33;6;0;3;14;1
202300030739;155 626 048;1;0;2;8;15;5
202300030739;155 626 051;30;0;2;1;1;1
202300030740;155 626 046;7;0;2;4;12;1
202300030740;155 626 047;10;0;2;5;1;1
202300030740;155 626 049;0;0;2;1;1;0
202300030741;155 626 041;50;0;2;1;1;3
202300030741;155 626 044;1;0;2;7;2;5
202300030742;155 626 038;10;0;2;5;1;1
202300030742;155 626 040;7;0;2;1;18;1
202300030742;155 626 042;15;0;2;9;0;1
202300030743;155 626 037;80;0;2;1;17;3
202300030743;155 626 039;50;0;2;1;18;3
202300030744;155 626 036;7;0;2;5;1;1
202300030744;155 626 043;7;0;2;1;1;1
202300030744;155 626 045;7;0;2;1;1;1
202300030744;155 626 050;7;0;2;4;1;1
202300030744;155 626 052;7;0;2;1;1;1
202300030745;155 626 033;30;0;2;8;1;1
202300030745;155 626 034;10;0;2;7;1;1
202300030746;155 626 027;7;0;2;4;2;1
202300030746;155 626 030;7;0;2;4;2;1
202300030746;155 626 031;7;0;2;4;2;1
202300030746;155 626 032;7;0;2;1;2;1
202300030746;155 626 035;7;0;2;4;2;1
202300030747;155 626 026;10;0;2;1;15;1
202300030747;155 626 028;50;0;2;3;1;3
202300030748;155 626 024;80;0;0;1;21;3
202300030749;155 626 021;10;0;2;2;21;1
202300030749;155 626 025;7;0;2;4;2;1
202300030749;155 626 029;7;0;2;4;2;1
202300030750;155 626 017;1;0;2;0;1;5
202300030750;155 626 019;50;0;2;1;13;3
202300030751;155 626 018;10;0;2;8;2;0
202300030751;155 626 020;33;0;2;1;3;0
202300030751;155 626 022;7;0;2;4;2;0
202300030751;155 626 023;7;0;0;0;0;1
202300030752;155 626 015;1;0;1;1;21;5
202300030753;155 626 013;7;0;2;6;12;1
202300030753;155 626 016;33;0;2;1;3;1
202300030754;155 626 011;50;0;1;1;21;3
202300030755;155 626 007;10;0;1;3;1;1
202300030756;155 626 006;7;0;2;4;1;1
202300030756;155 626 008;7;0;2;4;1;1
202300030756;155 626 009;10;0;2;4;1;1
202300030756;155 626 010;14;0;2;1;1;1
202300030757;155 626 005;7;0;2;4;2;1
202300030757;155 626 012;10;0;2;1;2;1
202300030757;155 626 014;10;0;2;4;2;1
202300030758;155 626 003;7;0;2;2;9;3
202300030758;155 626 004;30;0;2;2;2;0
202300030759;155 626 000;33;0;2;2;0;0
202300030759;155 626 002;7;0;2;0;2;1
202300030760;155 625 998;34;0;1;1;7;1
202300030761;155 625 999;7;0;2;4;1;1
202300030761;155 626 001;7;0;2;1;1;1
202300030762;155 625 996;7;0;2;4;14;1
202300030762;155 625 997;33;0;2;1;1;1
202300030763;155 625 993;7;0;2;2;0;1
202300030763;155 625 995;7;0;2;3;0;1
202300030764;155 625 989;7;0;2;3;14;1
202300030764;155 625 992;7;0;2;5;1;2
202300030765;155 625 988;7;0;2;3;16;0
202300030765;155 625 991;33;0;2;2;1;0
202300030766;155 625 986;7;0;2;8;11;1
202300030766;155 625 987;33;0;2;7;2;1
202300030767;155 625 983;50;0;2;7;19;3
202300030767;155 625 985;7;0;2;1;2;0
202300030768;155 625 978;31;0;0;0;1;1
202300030769;155 625 976;10;0;2;6;0;1
202300030769;155 625 979;33;0;2;0;3;1
202300030769;155 625 980;7;0;2;2;2;1
202300030770;155 625 975;33;0;2;7;0;1
202300030770;155 625 977;7;0;2;1;13;1
202300030770;155 625 981;10;0;2;0;0;1
202300030770;155 625 982;7;0;2;4;0;1
202300030770;155 625 984;7;0;2;4;0;1
202300030771;155 625 972;7;0;2;3;1;1
202300030771;155 625 974;7;0;2;2;1;0
202300030772;155 625 971;7;0;2;1;2;1
202300030772;155 625 973;7;0;2;4;0;1
202300030773;155 625 968;7;0;2;4;26;1
202300030773;155 625 970;7;0;2;1;2;1
202300030774;155 625 965;7;0;2;4;1;1
202300030774;155 625 967;7;0;2;1;2;1
202300030775;155 625 963;7;0;2;1;2;1
202300030775;155 625 964;7;15;0;4;1;1
202300030776;155 625 961;7;4;2;0;23;0
202300030776;155 625 966;10;0;2;1;2;1
202300030776;155 625 969;10;4;2;1;2;1
202300030777;155 625 958;10;0;2;4;1;1
202300030777;155 625 960;7;0;2;4;1;1
202300030777;155 625 962;17;0;2;1;11;1
202300030778;155 625 957;7;0;2;2;16;1
202300030778;155 625 959;43;0;2;3;16;1
202300030779;155 625 953;7;0;2;1;1;1
202300030779;155 625 955;32;0;2;4;11;1
202300030780;155 625 954;7;0;2;1;2;1
202300030780;155 625 956;7;0;2;4;2;1
202300030781;155 625 951;7;0;2;1;2;1
202300030781;155 625 952;33;0;2;4;2;1
202300030782;155 625 949;50;0;9;0;0;3
202300030783;155 625 947;7;0;2;1;1;1
202300030783;155 625 950;7;13;2;5;26;1
202300030784;155 625 946;10;0;2;4;23;1
202300030784;155 625 948;7;0;2;1;26;1
202300030785;155 625 944;33;0;2;8;9;1
202300030785;155 625 945;13;0;2;2;1;1
202300030786;155 625 943;7;6;0;1;0;0
202300030787;155 625 941;60;15;0;1;1;5
202300030788;155 625 940;7;0;2;3;1;1
202300030788;155 625 942;33;0;2;8;12;1
202300030789;155 625 936;7;0;2;3;15;1
202300030789;155 625 938;32;0;2;2;17;1
202300030790;155 625 930;7;14;2;1;5;6
202300030790;155 625 933;7;0;2;1;23;6
202300030791;155 625 931;7;0;2;3;2;0
202300030791;155 625 935;7;0;2;5;2;0
202300030792;155 625 927;33;15;0;0;21;1
202300030792;155 625 928;10;0;2;0;1;1
202300030793;155 625 925;34;0;2;4;0;1
202300030793;155 625 926;7;0;2;5;1;1
202300030794;155 625 929;7;0;2;1;2;1
202300030794;155 625 932;7;0;2;4;2;1
202300030794;155 625 934;10;0;2;4;2;1
202300030795;155 625 922;10;0;1;2;1;1
202300030796;155 625 921;10;0;2;3;1;1
202300030796;155 625 923;2;0;2;1;1;0
202300030797;155 625 924;7;4;2;1;1;1
202300030798;155 625 919;50;0;2;1;5;3
202300030798;155 625 920;7;0;9;3;1;1
202300030799;155 625 916;33;0;2;7;18;1
202300030799;155 625 918;7;0;2;7;16;1
202300030800;155 625 913;7;0;2;6;1;1
202300030800;155 625 915;7;0;2;3;1;1
202300030801;155 625 914;7;0;2;1;2;1
202300030801;155 625 917;7;0;2;4;2;1
202300030802;155 625 911;33;13;0;0;13;1
202300030803;155 625 910;7;0;2;1;2;1
202300030803;155 625 912;7;0;2;4;23;1
202300030804;155 625 908;7;13;0;3;1;1
202300030805;155 625 906;1;0;1;1;19;0
202300030806;155 625 905;13;0;1;7;1;1
202300030807;155 625 907;33;0;2;1;3;1
202300030807;155 625 909;7;0;2;4;12;1
202300030808;155 625 903;33;0;0;8;1;1
202300030809;155 625 902;1;0;2;1;1;5
202300030809;155 625 904;1;0;2;3;1;5
202300030810;155 625 898;7;0;2;1;1;1
202300030810;155 625 900;17;0;2;4;1;1
202300030811;155 625 899;7;0;2;4;2;0
202300030811;155 625 901;34;0;2;1;26;1
202300030812;155 625 896;7;0;2;1;1;1
202300030812;155 625 897;7;0;0;4;1;1
202300030813;155 625 894;7;2;0;2;1;1
202300030814;155 625 893;7;0;0;1;19;0
202300030814;155 625 895;7;0;0;8;1;1
202300030815;155 625 891;13;0;2;2;12;1
202300030815;155 625 892;7;0;2;8;1;1
202300030816;155 625 890;7;0;1;2;1;0
202300030817;155 625 889;7;0;1;2;1;1
202300030818;155 625 887;7;0;2;3;17;1
202300030819;155 625 886;7;0;2;1;2;1
202300030819;155 625 888;7;3;0;4;2;1
202300030820;155 625 885;7;12;0;8;9;1
202300030821;155 625 883;7;14;0;2;1;1
202300030822;155 625 882;7;0;2;6;1;0
202300030822;155 625 884;7;0;2;2;15;0
202300030823;155 625 879;7;0;2;1;2;1
202300030823;155 625 881;7;0;2;1;2;0
202300030824;155 625 876;15;0;0;0;1;0
202300030824;155 625 878;7;0;9;1;1;0
202300030824;155 625 880;7;0;9;1;1;0
202300030825;155 625 875;7;0;9;1;2;1
202300030825;155 625 877;2;0;2;4;1;1
202300030826;155 625 872;7;0;2;8;15;1
202300030826;155 625 873;1;0;2;1;1;5
202300030827;155 625 871;7;0;2;1;19;1
202300030827;155 625 874;7;0;2;5;19;1
202300030828;155 625 869;7;14;0;1;1;1
202300030828;155 625 870;7;0;1;4;23;1
202300030829;155 625 866;33;0;2;3;1;1
202300030829;155 625 868;10;0;2;1;15;1
202300030830;155 625 865;32;0;2;1;2;1
202300030830;155 625 867;7;0;2;5;2;1
202300030831;155 625 862;7;16;0;9;13;1
202300030832;155 625 861;7;0;0;1;0;1
202300030833;155 625 863;7;0;2;0;0;0
202300030833;155 625 864;0;0;2;0;0;0
202300030834;155 625 860;43;11;0;1;21;1
202300030835;155 625 859;7;13;0;1;0;1
202300030836;155 625 858;32;13;0;9;1;1
202300030837;155 625 857;10;0;1;1;15;1
202300030838;155 625 856;7;0;1;2;16;1
202300030839;155 625 853;2;0;2;2;16;1
202300030839;155 625 855;2;0;2;3;18;0
202300030840;155 625 852;33;0;2;1;1;1
202300030840;155 625 854;10;0;2;2;15;1
202300030841;155 625 850;15;0;0;4;2;1
202300030841;155 625 851;32;0;0;2;2;1
202300030842;155 625 849;7;0;2;1;1;6
202300030843;155 625 847;33;13;0;0;21;1
202300030844;155 625 845;7;0;2;4;2;1
202300030844;155 625 846;10;0;2;1;2;1
202300030845;155 625 843;7;0;2;1;2;1
202300030845;155 625 848;7;0;2;4;0;1
202300030846;155 625 842;7;0;2;8;1;1
202300030846;155 625 844;7;13;2;1;13;1
202300030847;155 625 841;10;0;1;2;1;1
202300030848;155 625 840;33;6;0;1;26;1
202300030849;155 625 835;7;0;2;1;1;1
202300030849;155 625 837;7;0;2;7;9;1
202300030850;155 625 836;2;0;2;9;18;1
202300030850;155 625 839;7;0;2;7;1;1
202300030851;155 625 833;2;15;0;0;14;1
202300030852;155 625 829;7;6;0;1;1;1
202300030853;155 625 830;7;0;2;1;1;1
202300030853;155 625 834;7;0;2;1;1;1
202300030853;155 625 838;7;0;2;1;2;1
202300030854;155 625 826;10;0;2;3;1;1
202300030854;155 625 828;33;0;0;5;16;1
202300030855;155 625 825;7;0;2;8;15;2
202300030855;155 625 827;1;0;2;1;17;5
202300030856;155 625 824;7;0;1;3;1;0
202300030857;155 625 822;7;16;0;9;24;1
202300030858;155 625 821;7;0;2;3;1;1
202300030858;155 625 823;34;0;2;1;1;1
202300030859;155 625 820;33;0;6;1;1;1
202300030860;155 625 819;7;0;1;2;2;1
202300030861;155 625 817;7;13;0;1;1;1
202300030862;155 625 813;1;0;0;9;1;5
202300030863;155 625 815;30;0;2;1;2;1
202300030863;155 625 818;7;0;2;4;2;1
202300030864;155 625 812;33;0;6;3;6;1
202300030865;155 625 810;3;0;2;5;2;1
202300030865;155 625 811;33;0;2;1;2;1
202300030866;155 625 808;7;0;2;1;2;0
202300030866;155 625 809;50;0;0;4;1;3
202300030867;155 625 807;10;0;1;1;1;1
202300030868;155 625 804;31;0;2;1;2;3
202300030868;155 625 806;7;0;2;1;15;1
202300030869;155 625 803;1;0;2;8;11;5
202300030869;155 625 805;7;0;2;1;1;0
202300030870;155 625 799;7;0;2;2;1;1
202300030870;155 625 801;1;0;2;8;19;5
202300030871;155 625 797;2;0;2;1;17;0
202300030871;155 625 800;14;0;0;6;15;1
202300030872;155 625 798;2;0;2;3;1;1
202300030872;155 625 802;7;0;2;3;15;2
202300030873;155 625 794;7;0;2;2;15;1
202300030873;155 625 795;1;0;2;1;1;5
202300030874;155 625 793;10;0;2;7;21;1
202300030874;155 625 796;3;15;2;7;13;1
202300030875;155 625 792;34;12;0;7;14;1
202300030876;155 625 790;7;0;2;8;15;1
202300030876;155 625 791;14;0;2;2;1;0
202300030877;155 625 788;7;0;2;1;15;1
202300030877;155 625 789;34;0;2;1;0;1
202300030878;155 625 785;7;0;1;2;26;1
202300030879;155 625 786;7;5;2;1;1;1
202300030879;155 625 787;7;0;2;4;15;1
202300030880;155 625 783;7;0;2;2;17;1
202300030880;155 625 784;30;0;2;4;1;1
202300030881;155 625 780;10;0;2;1;1;1
202300030881;155 625 782;1;0;2;1;5;5
202300030882;155 625 779;7;0;1;2;1;1
202300030883;155 625 777;7;0;2;5;1;1
202300030883;155 625 781;7;0;2;7;15;1
202300030884;155 625 776;33;0;2;3;1;1
202300030884;155 625 778;7;0;2;3;13;1
202300030885;155 625 773;36;2;0;3;0;1
202300030886;155 625 771;1;0;2;2;19;5
202300030886;155 625 774;7;0;9;3;16;1
202300030887;155 625 769;7;0;2;8;1;1
202300030887;155 625 772;7;0;9;6;1;1
202300030887;155 625 775;7;9;2;1;1;1
202300030888;155 625 768;10;0;0;2;1;1
202300030888;155 625 770;17;0;0;6;1;1
202300030889;155 625 764;10;0;1;2;21;1
202300030890;155 625 766;7;0;2;1;15;1
202300030890;155 625 767;30;0;2;8;1;1
202300030891;155 625 765;3;0;0;3;26;1
202300030892;155 625 761;7;0;2;1;2;1
202300030892;155 625 763;10;0;0;4;2;1
202300030893;155 625 762;0;0;0;0;0;0
202300030894;155 625 759;33;3;0;1;2;1
202300030895;155 625 758;30;0;2;7;0;1
202300030895;155 625 760;7;0;2;1;9;1
202300030896;155 625 757;32;0;1;0;21;0
202300030897;155 625 755;7;0;0;3;2;1
202300030897;155 625 756;33;14;0;1;2;1
202300030898;155 625 754;7;12;0;1;1;1
202300030899;155 625 753;10;0;1;1;17;1
202300030900;155 625 751;7;0;2;9;12;1
202300030900;155 625 752;7;0;2;9;1;1
202300030901;155 625 749;7;0;2;1;1;2
202300030901;155 625 750;50;0;2;8;15;3
202300030902;155 625 748;17;6;0;1;13;1
202300030903;155 625 745;14;0;1;0;0;1
202300030904;155 625 746;7;0;2;6;15;0
202300030904;155 625 747;33;0;2;1;12;1
202300030905;155 625 744;50;0;1;1;1;3
202300030906;155 625 741;7;0;2;8;15;1
202300030906;155 625 743;14;0;2;1;1;1
202300030907;155 625 739;7;0;9;8;16;1
202300030907;155 625 742;80;0;2;7;1;3
202300030908;155 625 735;7;0;2;1;15;1
202300030908;155 625 737;7;0;2;2;1;1
202300030909;155 625 734;33;0;0;9;1;1
202300030910;155 625 729;33;0;2;1;1;1
202300030910;155 625 732;7;0;2;3;15;1
202300030911;155 625 728;7;0;2;3;17;1
202300030911;155 625 730;10;0;2;3;1;1
202300030911;155 625 731;7;0;2;6;26;2
202300030912;155 625 727;7;0;2;2;1;1
202300030912;155 625 733;10;0;2;1;2;1
202300030913;155 625 725;7;0;1;8;15;1
202300030914;155 625 724;50;12;0;1;14;3
202300030914;155 625 726;7;0;0;0;15;1
202300030915;155 625 718;7;0;2;3;9;1
202300030915;155 625 720;33;0;2;7;1;1
202300030916;155 625 719;7;0;2;1;1;1
202300030916;155 625 721;1;0;2;8;16;5
202300030917;155 625 722;7;7;0;3;1;1
202300030917;155 625 723;30;0;2;8;1;1
202300030918;155 625 717;7;2;0;1;2;1
202300030919;155 625 716;7;0;1;1;1;1
202300030920;155 625 715;7;0;1;1;1;1
202300030921;155 625 713;34;0;2;1;2;1