Num_Acc;id_vehicule;categorie_vehicule;obstacle_fixe;obstacle_mobile;point_choc_initial;manoeuvre_principale;motorisation
202300030921;155 625 714;7;0;2;4;2;2
202300030922;155 625 712;7;0;1;1;1;1
202300030923;155 625 709;7;0;2;6;13;3
202300030923;155 625 710;1;0;2;2;14;5
202300030924;155 625 711;7;0;1;0;9;1
202300030925;155 625 708;33;6;0;7;2;1
202300030926;155 625 706;7;0;2;2;9;1
202300030926;155 625 707;99;0;2;3;0;1
202300030927;155 625 703;2;8;0;1;19;0
202300030928;155 625 702;7;0;1;1;1;1
202300030929;155 625 701;7;0;1;3;1;1
202300030930;155 625 697;7;0;2;4;26;1
202300030930;155 625 699;7;0;2;1;2;1
202300030931;155 625 696;33;0;2;9;1;1
202300030931;155 625 700;1;0;2;1;1;5
202300030932;155 625 695;7;0;9;1;1;1
202300030932;155 625 698;1;0;2;4;15;5
202300030933;155 625 693;33;0;0;8;2;1
202300030934;155 625 692;99;0;2;1;13;1
202300030934;155 625 694;10;0;2;1;1;1
202300030935;155 625 690;14;0;2;1;1;1
202300030935;155 625 691;7;0;2;4;1;1
202300030936;155 625 687;7;0;2;3;1;3
202300030936;155 625 688;7;0;2;1;3;1
202300030937;155 625 686;1;0;2;8;19;5
202300030937;155 625 689;10;0;2;1;1;1
202300030938;155 625 683;7;0;2;7;17;1
202300030938;155 625 685;1;0;0;8;1;5
202300030939;155 625 682;7;0;2;1;1;1
202300030939;155 625 684;1;0;2;1;1;5
202300030940;155 625 680;7;0;1;1;1;1
202300030941;155 625 679;3;0;1;1;1;1
202300030942;155 625 678;7;0;1;2;25;0
202300030943;155 625 681;7;0;1;2;1;1
202300030944;155 625 675;7;6;0;4;16;1
202300030944;155 625 677;13;0;2;1;2;1
202300030945;155 625 671;7;4;0;2;1;1
202300030945;155 625 672;7;0;2;4;2;1
202300030945;155 625 674;7;0;2;4;1;1
202300030945;155 625 676;7;0;2;1;1;1
202300030946;155 625 670;7;0;1;1;1;0
202300030947;155 625 673;10;0;1;;16;
202300030948;155 625 667;7;0;2;2;1;1
202300030948;155 625 669;50;0;2;1;1;3
202300030949;155 625 664;30;0;0;4;0;1
202300030949;155 625 665;7;0;2;1;2;1
202300030950;155 625 666;7;0;2;1;1;1
202300030950;155 625 668;7;0;2;1;13;1
202300030951;155 625 661;33;0;2;2;1;1
202300030951;155 625 663;7;0;2;3;9;1
202300030952;155 625 660;31;12;0;2;1;1
202300030953;155 625 659;7;0;2;3;10;1
202300030953;155 625 662;2;0;2;2;2;1
202300030954;155 625 657;7;0;2;1;15;1
202300030954;155 625 658;33;0;2;1;1;1
202300030955;155 625 655;7;15;0;1;26;1
202300030956;155 625 653;50;0;2;1;1;3
202300030956;155 625 654;7;0;2;3;1;1
202300030957;155 625 652;7;0;2;8;16;1
202300030957;155 625 656;7;0;2;2;2;1
202300030958;155 625 650;30;0;2;0;1;1
202300030958;155 625 651;37;0;2;0;1;1
202300030959;155 625 646;7;0;2;0;1;1
202300030959;155 625 648;1;0;2;0;1;5
202300030960;155 625 645;7;0;1;1;1;1
202300030961;155 625 647;7;0;2;8;1;1
202300030961;155 625 649;10;0;2;1;15;1
202300030962;155 625 643;2;0;2;1;3;1
202300030962;155 625 644;7;0;2;3;10;1
202300030963;155 625 639;7;0;2;6;23;1
202300030963;155 625 641;7;0;2;1;2;1
202300030964;155 625 640;1;0;2;8;16;5
202300030964;155 625 642;14;0;2;7;16;1
202300030965;155 625 637;2;0;2;8;15;1
202300030965;155 625 638;43;0;2;1;17;1
202300030966;155 625 635;10;0;2;3;15;1
202300030966;155 625 636;42;0;2;1;1;1
202300030967;155 625 634;7;0;1;1;26;1
202300030968;155 625 632;2;0;2;7;1;1
202300030968;155 625 633;7;0;2;3;9;1
202300030969;155 625 631;7;0;1;2;1;1
202300030970;155 625 630;40;0;1;2;17;6
202300030971;155 625 629;30;0;0;1;1;1
202300030972;155 625 627;50;0;2;1;1;3
202300030972;155 625 628;7;0;2;3;1;0
202300030973;155 625 625;7;0;2;3;15;1
202300030973;155 625 626;2;0;2;1;1;1
202300030974;155 625 623;10;0;2;2;9;1
202300030974;155 625 624;50;0;2;1;25;3
202300030975;155 625 620;7;0;2;3;9;1
202300030975;155 625 622;50;0;2;1;1;3
202300030976;155 625 619;7;0;2;7;15;1
202300030976;155 625 621;30;0;2;1;8;1
202300030977;155 625 617;7;0;2;3;16;1
202300030977;155 625 618;50;0;2;2;19;3
202300030978;155 625 615;7;9;0;1;1;1
202300030979;155 625 616;7;0;1;1;15;2
202300030980;155 625 614;10;0;1;8;1;1
202300030981;155 625 613;10;0;0;0;26;1
202300030982;155 625 612;32;0;1;1;1;1
202300030983;155 625 611;7;0;1;1;1;1
202300030984;155 625 609;30;0;2;2;13;1
202300030984;155 625 610;7;0;2;6;1;1
202300030985;155 625 605;7;0;2;1;26;1
202300030985;155 625 608;43;0;1;1;0;1
202300030986;155 625 606;32;0;2;1;13;1
202300030986;155 625 607;7;0;2;1;1;1
202300030987;155 625 602;10;0;0;4;2;0
202300030987;155 625 603;10;0;0;1;2;0
202300030988;155 625 601;31;0;2;1;1;0
202300030988;155 625 604;7;0;2;8;15;1
202300030989;155 625 600;7;0;1;1;1;1
202300030990;155 625 597;10;0;2;1;1;3
202300030990;155 625 598;7;0;2;5;23;1
202300030991;155 625 593;7;0;2;7;15;1
202300030991;155 625 594;34;0;2;1;1;1
202300030992;155 625 595;7;0;2;8;22;1
202300030992;155 625 596;1;1;0;7;1;5
202300030993;155 625 592;50;12;0;1;0;3
202300030994;155 625 590;2;0;2;2;13;1
202300030994;155 625 591;7;0;2;2;1;1
202300030995;155 625 588;1;0;2;8;2;5
202300030995;155 625 589;7;0;9;7;17;1
202300030996;155 625 586;33;0;2;1;1;1
202300030996;155 625 587;7;0;2;6;10;1
202300030997;155 625 584;50;0;2;3;9;3
202300030997;155 625 585;7;0;2;1;0;1
202300030998;155 625 582;7;0;2;2;15;1
202300030998;155 625 583;2;0;2;1;1;1
202300030999;155 625 581;7;0;1;3;1;0
202300031000;155 625 580;0;0;1;0;26;0
202300031001;155 625 579;1;0;0;0;0;5
202300031002;155 625 578;43;0;6;1;1;1
202300031003;155 625 576;7;0;2;1;1;1
202300031003;155 625 577;2;0;0;6;1;1
202300031004;155 625 574;10;0;2;0;10;1
202300031004;155 625 575;7;0;2;1;1;1
202300031005;155 625 573;33;6;0;0;1;1
202300031006;155 625 572;2;0;1;2;17;1
202300031007;155 625 570;2;0;2;1;2;1
202300031007;155 625 571;7;0;0;4;2;1
202300031008;155 625 569;7;0;1;0;1;0
202300031009;155 625 567;7;0;2;7;0;0
202300031009;155 625 568;7;0;2;1;1;0
202300031010;155 625 565;7;0;2;3;15;1
202300031010;155 625 566;33;0;2;1;1;1
202300031011;155 625 563;7;0;2;4;16;1
202300031011;155 625 564;7;0;2;1;16;1
202300031012;155 625 562;7;0;1;2;1;1
202300031013;155 625 560;31;0;2;2;2;1
202300031013;155 625 561;7;0;0;5;16;1
202300031014;155 625 558;7;0;2;8;9;1
202300031014;155 625 559;1;0;2;2;1;5
202300031015;155 625 557;31;3;0;1;0;1
202300031016;155 625 555;7;0;2;3;15;1
202300031016;155 625 556;33;0;2;1;1;1
202300031017;155 625 554;7;0;0;0;1;1
202300031018;155 625 552;21;0;2;3;13;1
202300031018;155 625 553;7;0;2;3;1;1
202300031019;155 625 550;7;0;2;3;1;1
202300031019;155 625 551;10;0;2;1;19;1
202300031020;155 625 548;1;0;2;7;19;5
202300031020;155 625 549;10;0;2;2;1;1
202300031021;155 625 547;38;0;1;2;20;1
202300031022;155 625 546;7;6;0;2;1;1
202300031023;155 625 544;7;0;2;7;21;1
202300031023;155 625 545;7;0;2;1;17;1
202300031024;155 625 542;7;0;2;1;15;1
202300031024;155 625 543;30;0;2;2;1;3
202300031025;155 625 541;7;8;0;3;13;1
202300031026;155 625 540;7;0;0;9;1;1
202300031027;155 625 538;10;1;0;2;15;1
202300031027;155 625 539;7;0;1;3;23;1
202300031028;155 625 535;7;0;2;1;11;3
202300031028;155 625 536;7;0;2;2;13;1
202300031028;155 625 537;7;0;2;1;16;1
202300031029;155 625 534;33;0;0;0;1;1
202300031030;155 625 533;7;6;9;1;15;0
202300031031;155 625 531;32;0;2;1;1;1
202300031031;155 625 532;10;0;0;4;1;1
202300031032;155 625 530;33;12;0;1;17;1
202300031033;155 625 529;1;0;1;1;2;5
202300031034;155 625 527;10;0;9;1;14;1
202300031034;155 625 528;1;0;2;8;11;5
202300031035;155 625 525;10;1;0;1;1;1
202300031035;155 625 526;7;0;1;4;1;1
202300031036;155 625 524;7;6;0;8;0;1
202300031037;155 625 522;7;0;9;1;1;1
202300031037;155 625 523;50;0;2;7;19;3
202300031038;155 625 520;10;0;1;1;1;1
202300031039;155 625 518;7;0;2;1;1;1
202300031039;155 625 519;7;0;2;4;1;1
202300031040;155 625 517;33;0;2;7;2;1
202300031041;155 625 514;7;0;9;1;2;1
202300031041;155 625 515;7;3;2;3;11;1
202300031041;155 625 516;7;3;2;2;2;1
202300031042;155 625 512;7;0;2;3;11;1
202300031042;155 625 513;43;0;2;2;3;1
202300031043;155 625 508;7;0;2;1;2;1
202300031043;155 625 509;7;0;2;4;2;1
202300031043;155 625 510;7;0;2;4;2;1
202300031043;155 625 511;10;0;2;4;2;1
202300031044;155 625 507;33;0;0;0;1;0
202300031045;155 625 504;10;0;2;6;1;1
202300031045;155 625 505;10;1;2;5;1;1
202300031045;155 625 506;31;0;2;7;3;1
202300031046;155 625 502;7;0;2;1;1;1
202300031046;155 625 503;7;0;2;4;1;1
202300031047;155 625 500;7;0;2;2;12;1
202300031047;155 625 501;33;0;2;8;3;1
202300031048;155 625 498;33;0;2;3;3;1
202300031048;155 625 499;7;0;2;7;12;2
202300031049;155 625 495;7;0;2;4;2;3
202300031049;155 625 496;10;0;2;1;2;1
202300031049;155 625 497;7;0;2;4;2;1
202300031050;155 625 494;7;3;0;3;2;1
202300031051;155 625 492;7;0;2;1;2;1
202300031051;155 625 493;7;0;2;4;2;1
202300031052;155 625 490;32;0;2;1;1;1
202300031052;155 625 491;7;0;2;4;2;1
202300031053;155 625 488;10;0;2;1;1;1
202300031053;155 625 489;7;0;2;4;2;1
202300031054;155 625 486;7;0;2;7;12;1
202300031054;155 625 487;7;0;2;3;1;1
202300031055;155 625 484;7;0;2;8;11;1
202300031055;155 625 485;34;0;2;1;3;1
202300031056;155 625 482;33;0;2;1;13;1
202300031056;155 625 483;7;0;2;1;0;1
202300031057;155 625 479;7;0;2;4;2;1
202300031057;155 625 480;7;0;2;1;2;1
202300031057;155 625 481;7;0;2;4;2;1
202300031058;155 625 476;17;0;2;4;2;1
202300031058;155 625 477;17;0;2;1;2;1
202300031058;155 625 478;17;0;2;1;2;1
202300031059;155 625 471;33;0;0;1;17;1
202300031060;155 625 469;7;0;2;1;13;1
202300031060;155 625 470;7;0;2;3;1;1
202300031061;155 625 467;10;0;2;4;23;1
202300031061;155 625 468;7;0;2;1;1;1
202300031062;155 625 465;7;0;2;8;1;1
202300031062;155 625 466;7;0;2;1;1;1
202300031063;155 625 464;7;0;1;1;23;1
202300031064;155 625 462;1;0;2;8;19;0
202300031064;155 625 463;7;0;2;1;1;1
202300031065;155 625 460;7;0;2;4;1;1
202300031065;155 625 461;33;0;2;1;1;1
202300031066;155 625 458;7;0;0;1;1;1
202300031066;155 625 459;60;0;0;8;19;5
202300031067;155 625 453;43;0;2;1;1;1
202300031067;155 625 454;7;1;2;4;20;1
202300031068;155 625 451;7;0;2;2;1;1
202300031068;155 625 452;1;0;2;1;1;5
202300031069;155 625 449;7;0;2;3;1;1
202300031069;155 625 450;30;0;2;1;13;1
202300031070;155 625 448;7;0;1;1;1;1
202300031071;155 625 446;7;0;9;1;1;1
202300031071;155 625 447;99;0;2;7;19;3
202300031072;155 625 444;14;0;2;7;1;1
202300031072;155 625 445;33;0;1;9;12;1
202300031073;155 625 442;7;15;2;0;13;1
202300031073;155 625 443;1;0;0;0;0;5
202300031074;155 625 440;50;9;0;1;5;3
202300031074;155 625 441;10;0;2;2;1;1
202300031075;155 625 434;7;0;2;2;1;2
202300031075;155 625 435;99;0;2;5;1;3
202300031076;155 625 432;7;0;2;1;1;1
202300031076;155 625 433;7;0;2;7;15;1
202300031077;155 625 430;7;0;2;2;15;1
202300031077;155 625 431;7;0;2;1;1;1
202300031078;155 625 428;33;0;2;3;1;1
202300031078;155 625 429;7;0;2;1;15;1
202300031079;155 625 427;50;12;0;0;1;3
202300031080;155 625 425;7;0;2;4;2;1
202300031080;155 625 426;7;0;2;1;1;1
202300031081;155 625 423;7;0;9;1;15;1
202300031081;155 625 424;80;0;2;1;1;3
202300031082;155 625 422;7;2;0;9;1;1
202300031083;155 625 421;33;6;0;3;26;1
202300031084;155 625 420;7;0;1;2;1;1
202300031085;155 625 419;50;1;0;1;1;3
202300031086;155 625 417;7;0;2;4;2;1
202300031086;155 625 418;7;0;2;1;2;1
202300031087;155 625 416;7;12;0;1;1;1
202300031088;155 625 414;7;6;2;7;1;1
202300031088;155 625 415;7;0;2;1;19;1
202300031089;155 625 412;7;0;2;3;26;1
202300031089;155 625 413;7;0;2;2;1;1
202300031090;155 625 410;7;0;9;2;5;1
202300031090;155 625 411;1;0;2;8;15;5
202300031091;155 625 409;7;0;1;0;26;0
202300031092;155 625 405;7;4;0;1;1;1
202300031093;155 625 404;7;4;0;3;9;1
202300031094;155 625 403;7;0;1;2;9;2
202300031095;155 625 399;7;0;0;0;0;1
202300031095;155 625 400;7;0;2;3;1;1
202300031096;155 625 398;7;14;1;2;10;1
202300031097;155 625 396;7;0;2;3;13;1
202300031097;155 625 397;7;0;2;3;1;1
202300031098;155 625 395;7;1;2;2;5;1
202300031099;155 625 394;7;0;1;7;14;1
202300031100;155 625 392;7;1;2;8;11;1
202300031100;155 625 393;7;0;2;7;1;1
202300031101;155 625 391;32;12;0;9;0;1
202300031102;155 625 390;7;6;0;1;14;1
202300031103;155 625 388;7;0;2;2;15;1
202300031103;155 625 389;33;0;2;1;1;1
202300031104;155 625 387;10;0;1;3;1;6
202300031105;155 625 386;7;0;1;3;26;1
202300031106;155 625 383;7;0;2;7;2;1
202300031106;155 625 384;7;0;2;3;12;1
202300031106;155 625 385;7;0;2;5;2;1
202300031107;155 625 381;33;0;2;1;3;1
202300031107;155 625 382;31;0;2;4;3;1
202300031108;155 625 379;7;0;2;1;1;1
202300031108;155 625 380;7;0;2;4;1;1
202300031109;155 625 377;2;0;2;2;21;3
202300031109;155 625 378;7;0;2;3;21;1
202300031110;155 625 375;37;1;2;5;1;6
202300031110;155 625 376;80;1;2;8;13;3
202300031111;155 625 373;7;0;2;6;1;2
202300031111;155 625 374;7;0;2;1;1;1
202300031112;155 625 371;1;0;2;1;2;5
202300031112;155 625 372;7;0;2;4;16;1
202300031113;155 625 369;7;0;2;7;12;1
202300031113;155 625 370;33;0;2;3;1;1
202300031114;155 625 368;50;0;1;8;1;3
202300031115;155 625 365;7;0;2;7;23;1
202300031115;155 625 366;7;0;2;2;1;1
202300031115;155 625 367;7;0;2;6;23;1
202300031116;155 625 363;33;0;2;3;9;1
202300031116;155 625 364;33;0;2;2;17;1
202300031117;155 625 362;7;0;1;7;12;1
202300031118;155 625 361;7;0;1;2;16;2
202300031119;155 625 359;7;0;2;2;1;1
202300031119;155 625 360;33;0;2;6;1;1
202300031120;155 625 357;7;0;0;4;2;2
202300031120;155 625 358;7;0;0;1;2;1
202300031121;155 625 356;7;12;0;1;5;1
202300031122;155 625 354;7;0;2;1;2;1
202300031122;155 625 355;34;0;2;4;23;1
202300031123;155 625 353;7;0;1;3;1;1
202300031124;155 625 351;7;0;2;5;10;6
202300031124;155 625 352;2;0;2;1;1;0
202300031125;155 625 349;10;0;2;1;2;1
202300031125;155 625 350;10;0;2;4;23;1
202300031126;155 625 346;7;0;2;1;0;0
202300031126;155 625 347;7;0;2;1;0;0
202300031126;155 625 348;7;0;2;1;0;0
202300031127;155 625 344;33;0;2;1;1;0
202300031127;155 625 345;7;0;2;7;15;0
202300031128;155 625 342;7;0;2;7;0;1
202300031128;155 625 343;7;0;2;0;0;0
202300031129;155 625 340;2;0;2;1;1;1
202300031129;155 625 341;7;0;2;3;1;0
202300031130;155 625 339;7;0;1;3;1;1
202300031131;155 625 338;2;12;0;2;19;1
202300031132;155 625 337;7;13;0;2;0;1
202300031133;155 625 336;7;2;0;1;1;0
202300031134;155 625 334;7;0;2;3;15;1
202300031134;155 625 335;33;0;2;1;1;1
202300031135;155 625 332;14;0;2;2;15;1
202300031135;155 625 333;33;0;2;1;1;1
202300031136;155 625 330;7;3;2;2;19;1
202300031136;155 625 331;14;0;2;1;1;1
202300031137;155 625 328;7;0;2;2;1;1
202300031137;155 625 329;7;0;2;1;19;1
202300031138;155 625 327;21;0;1;6;4;1
202300031139;155 625 326;7;2;0;9;1;1
202300031140;155 625 323;7;8;0;6;1;1
202300031141;155 625 322;50;12;0;2;1;3
202300031142;155 625 320;7;0;2;5;15;1
202300031142;155 625 321;2;0;2;1;2;1
202300031143;155 625 318;7;0;2;4;2;1
202300031143;155 625 319;2;0;2;1;1;1
202300031144;155 625 316;7;0;0;6;2;1
202300031144;155 625 317;33;0;0;1;2;1
202300031145;155 625 315;32;0;9;1;17;0
202300031146;155 625 313;21;0;0;0;15;1
202300031146;155 625 314;33;0;0;0;17;1
202300031147;155 625 312;7;0;1;2;1;1
202300031148;155 625 311;33;0;0;9;2;1
202300031149;155 625 310;7;8;0;1;13;0
202300031150;155 625 309;7;13;0;2;0;1
202300031151;155 625 308;1;0;0;0;1;5
202300031152;155 625 306;10;0;0;2;1;1
202300031152;155 625 307;60;0;0;8;1;5
202300031153;155 625 304;7;0;2;1;2;1
202300031153;155 625 305;7;0;2;4;2;1
202300031154;155 625 302;30;0;2;4;1;1
202300031154;155 625 303;7;0;2;1;2;0
202300031155;155 625 301;7;13;0;0;14;1
202300031156;155 625 300;2;12;0;0;1;1
202300031157;155 625 298;7;0;0;3;9;1
202300031157;155 625 299;50;0;2;1;1;3
202300031158;155 625 296;7;0;2;2;15;1
202300031158;155 625 297;7;0;2;3;1;1
202300031159;155 625 295;7;15;0;1;1;1
202300031160;155 625 293;33;0;2;1;1;1
202300031160;155 625 294;7;0;2;2;15;1
202300031161;155 625 291;33;0;2;1;1;1
202300031161;155 625 292;7;0;2;2;15;1
202300031162;155 625 289;7;0;2;1;1;0
202300031162;155 625 290;1;0;2;8;1;5
202300031163;155 625 288;33;0;0;7;1;1
202300031164;155 625 287;33;13;0;1;17;1
202300031165;155 625 285;7;0;2;1;15;1
202300031165;155 625 286;2;0;2;1;1;1
202300031166;155 625 283;7;0;2;2;19;1
202300031166;155 625 284;33;0;2;1;1;1
202300031167;155 625 282;33;13;0;1;1;1
202300031168;155 625 281;31;0;0;0;1;1
202300031169;155 625 280;43;3;0;2;1;1
202300031170;155 625 279;2;12;0;7;1;1
202300031171;155 625 278;33;0;0;0;1;1
202300031172;155 625 277;7;2;0;1;1;1
202300031173;155 625 276;1;0;0;0;1;5
202300031174;155 625 275;7;0;1;2;1;0
202300031175;155 625 273;33;0;2;1;17;0
202300031175;155 625 274;7;0;0;6;1;0
202300031176;155 625 272;21;0;0;1;1;1
202300031177;155 625 270;7;0;0;2;1;1
202300031177;155 625 271;1;0;2;6;1;5
202300031178;155 625 269;7;7;0;3;15;1
202300031179;155 625 268;7;2;0;0;1;1
202300031180;155 625 267;7;3;0;7;9;0
202300031181;155 625 266;33;8;0;1;1;1
202300031182;155 625 264;2;0;2;7;1;1
202300031182;155 625 265;7;0;2;3;15;1
202300031183;155 625 263;7;0;1;3;1;1
202300031184;155 625 261;7;0;2;3;17;1
202300031184;155 625 262;2;0;2;1;1;1
202300031185;155 625 260;7;6;0;0;26;1
202300031186;155 625 259;7;13;0;3;0;1
202300031187;155 625 257;7;0;2;3;19;1
202300031187;155 625 258;33;0;2;8;1;1
202300031188;155 625 255;10;16;0;1;1;1
202300031189;155 625 253;34;0;2;2;3;1
202300031189;155 625 254;7;0;2;6;15;1
202300031190;155 625 251;7;0;2;1;26;0
202300031190;155 625 252;31;0;2;4;2;1
202300031191;155 625 249;33;0;2;8;1;1
202300031191;155 625 250;7;0;2;3;15;1
202300031192;155 625 247;30;0;2;1;2;1
202300031192;155 625 248;7;0;2;1;9;1
202300031193;155 625 246;50;12;0;2;1;3
202300031194;155 625 244;1;0;2;1;1;5
202300031194;155 625 245;33;0;2;2;10;1
202300031195;155 625 243;7;9;0;1;15;1
202300031196;155 625 242;7;4;0;3;26;1
202300031197;155 625 241;7;14;0;1;19;1
202300031198;155 625 240;7;4;0;3;21;1
202300031199;155 625 239;33;0;0;0;1;1
202300031200;155 625 236;7;4;2;1;2;1
202300031200;155 625 237;7;4;2;4;2;1
202300031200;155 625 238;7;4;2;6;2;1
202300031201;155 625 235;7;3;0;2;14;1
202300031202;155 625 233;7;0;2;2;14;2
202300031202;155 625 234;34;0;2;4;1;3
202300031203;155 625 231;7;0;2;6;1;1
202300031203;155 625 232;31;0;2;1;17;1
202300031204;155 625 230;7;0;1;1;16;1
202300031205;155 625 227;7;0;2;2;2;1
202300031205;155 625 228;1;0;2;8;9;5
202300031206;155 625 226;2;12;0;1;0;3
202300031207;155 625 225;7;0;1;1;9;1
202300031208;155 625 224;33;0;0;1;1;1
202300031209;155 625 222;7;0;0;1;17;1
202300031209;155 625 223;7;0;0;1;1;1
202300031210;155 625 221;2;0;0;0;1;1
202300031211;155 625 220;7;0;1;2;16;1
202300031212;155 625 218;50;0;2;1;1;3
202300031212;155 625 219;7;0;2;1;15;0
202300031213;155 625 217;1;0;1;1;1;5
202300031214;155 625 215;10;0;2;3;15;1
202300031214;155 625 216;31;0;2;7;3;1
202300031215;155 625 214;10;0;1;6;26;1
202300031216;155 625 209;10;0;2;1;1;1
202300031216;155 625 210;60;0;2;1;5;5
202300031217;155 625 208;7;0;1;1;1;1
202300031218;155 625 207;10;0;1;1;15;1
202300031219;155 625 206;10;0;1;1;1;1
202300031220;155 625 205;7;0;1;2;1;1
202300031221;155 625 203;7;0;2;2;15;1
202300031221;155 625 204;7;0;2;3;1;3
202300031222;155 625 201;30;0;2;1;1;1
202300031222;155 625 202;7;0;2;0;16;1
202300031223;155 625 200;7;12;0;1;1;1
202300031224;155 625 197;7;8;0;1;23;1
202300031224;155 625 198;7;1;2;1;2;1
202300031224;155 625 199;7;1;2;4;2;1
202300031225;155 625 196;7;0;1;2;1;3
202300031226;155 625 195;37;0;1;6;1;1
202300031227;155 625 194;50;0;2;2;1;1
202300031228;155 625 192;7;0;2;1;1;1
202300031228;155 625 193;7;0;2;4;2;1
202300031229;155 625 191;7;0;1;1;1;1
202300031230;155 625 189;7;0;2;3;15;1
202300031230;155 625 190;7;0;2;3;16;1
202300031231;155 625 187;7;0;2;1;15;1
202300031231;155 625 188;7;0;2;1;1;1
202300031232;155 625 186;7;0;1;1;15;1
202300031233;155 625 184;7;0;2;1;1;1
202300031233;155 625 185;7;0;2;6;1;1
202300031234;155 625 183;10;0;1;1;15;1
202300031235;155 625 182;7;0;1;1;1;1
202300031236;155 625 180;7;0;2;3;16;1
202300031236;155 625 181;7;0;2;2;1;1
202300031237;155 625 179;7;0;0;9;1;1
202300031238;155 625 177;7;0;2;2;15;1
202300031238;155 625 178;50;0;2;1;5;3
202300031239;155 625 174;7;0;2;1;2;1
202300031239;155 625 175;7;0;2;1;0;1
202300031239;155 625 176;7;0;2;4;2;1
202300031240;155 625 172;7;0;0;0;0;1
202300031240;155 625 173;7;0;2;1;19;1
202300031241;155 625 170;7;0;2;4;1;0
202300031241;155 625 171;7;0;2;1;1;0
202300031242;155 625 168;7;0;2;1;1;1
202300031242;155 625 169;7;0;2;3;15;1
202300031243;155 625 167;7;14;0;1;1;1
202300031244;155 625 165;7;0;2;3;16;1
202300031244;155 625 166;50;0;2;5;1;3
202300031245;155 625 164;7;0;1;1;1;1
202300031246;155 625 163;7;0;1;2;1;1
202300031247;155 625 161;7;0;2;8;23;1
202300031247;155 625 162;50;0;2;2;1;3
202300031248;155 625 159;7;0;2;2;1;1
202300031248;155 625 160;3;0;2;1;1;1
202300031249;155 625 158;37;0;1;0;26;1
202300031250;155 625 156;7;0;2;8;1;1
202300031250;155 625 157;7;0;2;7;1;1
202300031251;155 625 152;7;0;2;1;0;1
202300031251;155 625 153;7;0;2;1;2;1
202300031251;155 625 154;7;0;2;4;2;1
202300031251;155 625 155;7;0;2;1;2;1
202300031252;155 625 150;10;0;2;4;20;1
202300031252;155 625 151;2;0;2;0;1;1
202300031253;155 625 149;10;0;1;3;0;1
202300031254;155 625 147;2;0;2;7;1;1
202300031254;155 625 148;7;0;2;1;13;1
202300031255;155 625 146;10;0;1;2;1;1
202300031256;155 625 144;14;0;2;1;1;1
202300031256;155 625 145;7;0;2;7;1;1
202300031257;155 625 142;7;0;2;3;15;1
202300031257;155 625 143;33;8;2;1;1;1
202300031258;155 625 140;7;0;2;1;1;1
202300031258;155 625 141;1;0;2;4;1;5
202300031259;155 625 138;13;0;2;8;1;1
202300031259;155 625 139;7;3;2;7;14;1
202300031260;155 625 137;7;0;0;9;26;1
202300031261;155 625 134;7;0;2;4;1;0
202300031261;155 625 135;7;0;2;1;1;1
202300031261;155 625 136;7;0;2;4;1;1
202300031262;155 625 133;7;0;1;3;15;0
202300031263;155 625 131;1;0;2;4;1;5
202300031263;155 625 132;7;0;2;1;1;1
202300031264;155 625 129;7;0;2;4;23;2
202300031264;155 625 130;7;0;2;1;1;1
202300031265;155 625 127;7;0;2;3;1;1
202300031265;155 625 128;1;0;2;1;15;5
202300031266;155 625 126;7;0;1;3;1;1
202300031267;155 625 125;7;4;0;3;13;1
202300031268;155 625 123;7;0;2;1;1;1
202300031268;155 625 124;7;0;2;2;1;1
202300031269;155 625 121;7;1;2;2;14;1
202300031269;155 625 122;30;0;2;1;1;1
202300031270;155 625 119;10;0;2;1;1;1
202300031270;155 625 120;50;0;2;8;15;3
202300031271;155 625 117;7;0;2;2;10;0
202300031271;155 625 118;33;0;2;1;1;0
202300031272;155 625 115;7;12;0;1;13;1
202300031272;155 625 116;10;12;0;1;1;1
202300031273;155 625 113;7;0;2;1;5;1
202300031273;155 625 114;7;0;2;1;2;1
202300031274;155 625 112;7;0;1;1;16;0
202300031275;155 625 111;80;0;1;1;0;3
202300031276;155 625 110;7;0;1;3;15;1
202300031277;155 625 109;7;0;1;1;1;1
202300031278;155 625 107;7;0;2;2;2;1
202300031278;155 625 108;7;0;2;6;1;1
202300031279;155 625 104;7;0;2;4;1;1
202300031279;155 625 105;14;0;2;8;1;1
202300031279;155 625 106;32;0;2;2;18;1
202300031280;155 625 101;7;0;2;5;1;3
202300031280;155 625 102;10;0;2;8;1;1
202300031280;155 625 103;32;0;2;7;13;1
202300031281;155 625 099;10;0;2;2;1;1
202300031281;155 625 100;50;0;2;8;19;3
202300031282;155 625 098;7;0;1;3;1;1
202300031283;155 625 097;33;0;0;8;1;1
202300031284;155 625 096;37;0;1;2;1;1
202300031285;155 625 094;7;0;2;7;15;3
202300031285;155 625 095;34;0;2;7;15;1
202300031286;155 625 092;7;0;2;3;15;2
202300031286;155 625 093;7;0;1;2;17;1
202300031287;155 625 090;7;0;2;1;17;1
202300031287;155 625 091;43;0;2;1;1;1
202300031288;155 625 088;1;0;2;1;1;5
202300031288;155 625 089;80;0;2;4;1;3
202300031289;155 625 087;50;0;1;1;1;3
202300031290;155 625 085;33;0;2;3;17;1