Num_Acc;id_vehicule;categorie_vehicule;obstacle_fixe;obstacle_mobile;point_choc_initial;manoeuvre_principale;motorisation
202300031290;155 625 086;33;0;2;3;17;1
202300031291;155 625 084;7;1;0;1;1;1
202300031292;155 625 082;2;0;2;4;26;3
202300031292;155 625 083;10;0;2;3;26;0
202300031293;155 625 080;34;0;2;1;2;1
202300031293;155 625 081;7;0;2;3;15;1
202300031294;155 625 079;7;0;1;3;15;1
202300031295;155 625 078;7;0;1;3;15;1
202300031296;155 625 076;7;0;2;1;26;1
202300031296;155 625 077;10;1;0;4;24;1
202300031297;155 625 075;3;0;0;0;1;0
202300031298;155 625 073;1;0;2;1;0;5
202300031298;155 625 074;3;0;9;4;2;0
202300031299;155 625 071;7;0;2;3;15;1
202300031299;155 625 072;43;0;2;2;17;1
202300031300;155 625 070;0;0;1;0;7;0
202300031301;155 625 068;10;0;9;8;22;1
202300031301;155 625 069;1;1;0;1;1;5
202300031302;155 625 067;7;0;1;0;2;0
202300031303;155 625 065;33;0;2;3;1;1
202300031303;155 625 066;7;0;2;1;15;1
202300031304;155 625 064;7;0;1;7;2;0
202300031305;155 625 062;2;0;2;1;1;1
202300031305;155 625 063;7;0;2;2;15;1
202300031306;155 625 059;7;0;2;4;23;1
202300031306;155 625 060;7;0;2;2;17;1
202300031306;155 625 061;7;0;2;1;1;1
202300031307;155 625 057;0;0;2;0;0;0
202300031307;155 625 058;33;0;2;6;1;1
202300031308;155 625 053;7;0;2;1;1;1
202300031308;155 625 054;7;0;2;8;1;1
202300031308;155 625 055;15;0;2;6;12;1
202300031308;155 625 056;15;0;2;2;1;1
202300031309;155 625 051;17;0;2;1;1;1
202300031309;155 625 052;7;0;2;4;23;1
202300031310;155 625 050;33;16;0;7;26;1
202300031311;155 625 046;7;0;2;3;13;0
202300031311;155 625 048;33;0;2;2;3;1
202300031312;155 625 045;10;0;2;3;20;1
202300031312;155 625 047;2;0;2;2;2;3
202300031313;155 625 042;7;0;2;6;1;1
202300031313;155 625 043;7;0;2;1;15;1
202300031314;155 625 041;7;0;1;2;1;1
202300031315;155 625 039;30;0;2;1;1;1
202300031315;155 625 040;7;0;2;0;5;1
202300031316;155 625 037;7;0;2;2;2;1
202300031316;155 625 038;7;0;2;1;13;1
202300031317;155 625 036;7;0;0;0;1;1
202300031318;155 625 034;7;0;1;1;15;1
202300031319;155 625 032;34;0;2;3;17;1
202300031319;155 625 033;7;0;2;3;1;1
202300031319;155 625 035;7;0;2;6;21;1
202300031320;155 625 030;33;3;0;1;0;1
202300031321;155 625 029;30;0;2;1;1;1
202300031321;155 625 031;32;0;2;1;15;1
202300031322;155 625 028;7;1;0;3;16;1
202300031323;155 625 025;10;0;2;1;9;1
202300031323;155 625 027;1;0;2;7;26;5
202300031324;155 625 024;7;0;2;1;1;1
202300031324;155 625 026;7;0;2;6;15;2
202300031325;155 625 022;7;0;2;1;12;1
202300031325;155 625 023;1;0;2;4;1;5
202300031326;155 625 019;33;0;0;0;26;1
202300031327;155 625 016;7;0;2;3;1;1
202300031327;155 625 018;1;0;2;2;0;5
202300031328;155 625 015;7;0;2;2;1;1
202300031328;155 625 017;31;0;2;3;9;1
202300031329;155 625 014;30;14;0;1;25;1
202300031330;155 625 012;7;0;2;7;11;1
202300031330;155 625 013;33;4;2;7;0;1
202300031331;155 625 009;32;0;2;1;1;1
202300031331;155 625 010;7;0;2;5;15;1
202300031332;155 625 008;50;0;9;1;1;3
202300031333;155 625 007;7;0;9;3;26;1
202300031334;155 625 005;7;1;0;1;0;1
202300031334;155 625 006;15;1;2;1;24;0
202300031335;155 625 004;10;0;1;1;16;1
202300031336;155 625 003;7;0;9;9;1;0
202300031337;155 625 002;2;1;0;1;13;1
202300031338;155 624 999;7;0;2;8;15;1
202300031338;155 625 001;32;0;2;2;17;1
202300031339;155 625 000;7;0;1;2;13;1
202300031340;155 624 997;30;0;0;8;16;1
202300031341;155 624 996;7;0;2;8;19;1
202300031341;155 624 998;7;0;2;2;1;1
202300031342;155 624 994;7;0;2;8;11;1
202300031342;155 624 995;43;0;2;7;1;1
202300031343;155 624 992;7;0;2;3;15;1
202300031343;155 624 993;7;6;2;2;17;1
202300031344;155 624 991;7;0;1;8;1;1
202300031345;155 624 989;7;0;9;7;19;1
202300031345;155 624 990;2;0;2;1;1;1
202300031346;155 624 988;7;0;1;0;1;0
202300031347;155 624 986;10;0;1;2;26;1
202300031348;155 624 978;10;0;1;3;1;1
202300031349;155 624 974;7;1;0;2;14;1
202300031349;155 624 976;17;0;2;6;24;1
202300031350;155 624 975;7;0;2;1;1;1
202300031350;155 624 977;7;0;2;8;1;1
202300031351;155 624 972;7;2;0;3;13;1
202300031352;155 624 969;7;0;2;8;11;2
202300031352;155 624 971;7;1;2;7;1;1
202300031352;155 624 973;7;0;2;5;0;2
202300031353;155 624 968;7;0;2;2;19;1
202300031353;155 624 970;7;0;2;1;2;1
202300031354;155 624 964;33;0;1;8;2;1
202300031355;155 624 963;7;0;2;4;23;1
202300031355;155 624 965;7;1;0;1;1;1
202300031356;155 624 961;80;1;0;1;21;3
202300031356;155 624 962;10;0;2;8;24;1
202300031357;155 624 959;7;0;2;0;1;1
202300031357;155 624 960;7;0;2;0;0;1
202300031358;155 624 957;7;0;2;3;13;1
202300031358;155 624 958;7;0;2;3;0;1
202300031359;155 624 955;7;0;2;1;1;1
202300031359;155 624 956;7;0;2;1;17;1
202300031360;155 624 954;7;8;0;2;16;1
202300031361;155 624 952;7;0;2;7;2;1
202300031361;155 624 953;7;0;2;6;2;1
202300031362;155 624 949;7;0;2;2;22;1
202300031362;155 624 951;1;0;2;1;1;5
202300031363;155 624 948;2;0;2;1;1;1
202300031363;155 624 950;7;0;2;1;1;1
202300031364;155 624 945;7;9;0;1;1;1
202300031365;155 624 946;10;0;2;4;20;1
202300031365;155 624 947;1;0;2;1;1;5
202300031366;155 624 944;7;0;1;1;1;1
202300031367;155 624 940;7;0;2;1;2;3
202300031367;155 624 942;7;0;2;4;23;1
202300031367;155 624 943;7;0;2;4;23;1
202300031368;155 624 939;50;0;2;1;15;3
202300031368;155 624 941;7;0;9;1;1;1
202300031369;155 624 936;1;1;2;0;1;5
202300031369;155 624 938;7;0;2;0;22;1
202300031370;155 624 935;7;0;2;1;1;1
202300031370;155 624 937;7;0;2;1;1;1
202300031371;155 624 932;7;0;2;1;1;1
202300031371;155 624 934;1;0;2;7;1;5
202300031372;155 624 931;7;0;2;2;1;1
202300031372;155 624 933;7;0;2;3;1;1
202300031373;155 624 930;7;0;1;1;15;0
202300031374;155 624 929;7;6;0;1;15;1
202300031375;155 624 927;33;0;2;7;1;1
202300031375;155 624 928;7;0;2;1;1;1
202300031376;155 624 925;7;0;2;8;1;1
202300031376;155 624 926;50;0;2;1;15;3
202300031377;155 624 923;32;0;2;4;1;1
202300031377;155 624 924;7;0;2;0;0;0
202300031378;155 624 921;7;0;2;2;1;1
202300031378;155 624 922;31;0;2;3;2;1
202300031379;155 624 920;7;4;0;9;13;1
202300031380;155 624 918;7;0;1;6;15;1
202300031381;155 624 917;7;0;2;3;13;1
202300031381;155 624 919;7;0;2;2;1;1
202300031382;155 624 914;7;0;2;4;11;1
202300031382;155 624 916;7;0;2;1;1;1
202300031383;155 624 913;14;0;2;1;1;1
202300031383;155 624 915;7;0;2;1;13;1
202300031384;155 624 912;7;9;2;9;2;0
202300031385;155 624 911;7;13;0;2;2;1
202300031386;155 624 909;15;3;0;8;1;1
202300031387;155 624 908;7;0;2;3;16;1
202300031387;155 624 910;7;0;2;3;1;1
202300031388;155 624 906;7;0;2;3;1;1
202300031388;155 624 907;7;0;2;3;21;1
202300031389;155 624 904;7;0;2;1;2;1
202300031389;155 624 905;7;0;2;4;1;1
202300031390;155 624 902;1;0;2;1;2;5
202300031390;155 624 903;1;0;2;4;2;5
202300031391;155 624 901;10;0;1;3;1;1
202300031392;155 624 900;7;13;0;2;21;0
202300031393;155 624 899;7;0;1;1;1;0
202300031394;155 624 897;7;13;2;3;0;1
202300031394;155 624 898;7;0;2;3;0;1
202300031395;155 624 896;7;16;0;7;14;1
202300031396;155 624 895;2;0;0;0;0;1
202300031397;155 624 893;7;0;2;7;15;1
202300031397;155 624 894;32;0;2;7;1;1
202300031398;155 624 892;7;6;0;1;0;1
202300031399;155 624 889;7;0;2;1;15;1
202300031399;155 624 891;7;0;2;1;1;1
202300031400;155 624 888;7;0;2;1;0;1
202300031400;155 624 890;7;2;0;4;2;1
202300031401;155 624 886;33;0;0;9;1;1
202300031402;155 624 885;7;0;2;1;26;1
202300031402;155 624 887;2;0;2;4;23;1
202300031403;155 624 883;7;0;1;1;1;1
202300031404;155 624 884;7;2;0;3;1;1
202300031405;155 624 879;7;0;2;1;1;1
202300031405;155 624 881;7;0;2;1;1;1
202300031406;155 624 880;1;0;2;4;16;5
202300031406;155 624 882;7;0;2;2;16;1
202300031407;155 624 878;1;0;0;0;1;5
202300031408;155 624 877;7;4;0;3;1;1
202300031409;155 624 876;7;13;0;1;0;1
202300031410;155 624 874;17;0;2;1;16;1
202300031410;155 624 875;7;0;2;1;1;1
202300031411;155 624 873;7;0;1;4;4;1
202300031412;155 624 869;7;0;0;3;26;1
202300031412;155 624 871;30;0;0;1;0;1
202300031413;155 624 870;2;0;2;1;1;1
202300031413;155 624 872;7;0;2;3;15;1
202300031414;155 624 868;7;1;0;2;0;0
202300031415;155 624 866;7;0;0;5;1;1
202300031416;155 624 863;7;14;0;9;1;1
202300031417;155 624 862;7;0;2;1;1;1
202300031417;155 624 864;7;0;2;1;13;1
202300031418;155 624 861;33;0;0;9;1;1
202300031419;155 624 860;7;0;1;3;1;1
202300031420;155 624 858;33;6;2;3;1;1
202300031420;155 624 859;7;0;2;6;9;1
202300031421;155 624 857;7;0;1;2;16;1
202300031422;155 624 856;7;0;1;2;1;1
202300031423;155 624 853;7;2;0;7;13;1
202300031424;155 624 854;7;0;2;1;9;1
202300031424;155 624 855;7;0;2;4;9;1
202300031425;155 624 852;33;1;0;1;1;1
202300031426;155 624 851;7;0;1;1;1;1
202300031427;155 624 850;7;9;0;1;1;1
202300031428;155 624 848;7;8;2;1;15;2
202300031428;155 624 849;7;0;2;1;18;1
202300031429;155 624 846;7;0;2;3;15;1
202300031429;155 624 847;33;0;1;7;17;1
202300031430;155 624 845;7;0;1;1;1;1
202300031431;155 624 843;7;0;2;7;17;0
202300031431;155 624 844;1;0;0;8;1;5
202300031432;155 624 841;7;14;0;1;14;1
202300031433;155 624 840;1;0;2;1;5;5
202300031433;155 624 842;7;0;2;1;1;1
202300031434;155 624 836;10;0;2;1;1;1
202300031434;155 624 837;7;0;2;4;1;1
202300031434;155 624 839;7;0;2;4;1;1
202300031435;155 624 835;31;0;2;1;13;1
202300031435;155 624 838;7;0;2;3;1;1
202300031436;155 624 834;7;0;0;0;1;1
202300031437;155 624 833;7;0;1;3;15;1
202300031438;155 624 831;7;13;2;4;1;1
202300031438;155 624 832;43;0;2;1;1;1
202300031439;155 624 828;2;0;2;1;1;1
202300031439;155 624 830;10;0;2;4;26;1
202300031440;155 624 826;7;0;2;3;21;1
202300031440;155 624 827;7;0;2;5;1;1
202300031440;155 624 829;7;0;0;0;13;0
202300031441;155 624 823;7;0;2;1;1;0
202300031441;155 624 825;7;8;2;1;19;1
202300031442;155 624 822;7;0;2;3;1;1
202300031442;155 624 824;33;0;2;3;13;1
202300031443;155 624 821;30;0;1;0;17;1
202300031444;155 624 818;7;0;2;8;5;1
202300031444;155 624 820;7;0;2;3;1;1
202300031445;155 624 817;32;0;2;1;17;1
202300031445;155 624 819;7;0;2;4;1;1
202300031446;155 624 814;7;0;0;0;0;1
202300031446;155 624 816;36;0;0;9;0;1
202300031447;155 624 813;33;0;2;1;1;1
202300031447;155 624 815;7;0;2;8;15;1
202300031448;155 624 811;7;13;0;9;1;1
202300031449;155 624 808;10;0;2;2;17;1
202300031449;155 624 809;1;0;0;4;2;5
202300031450;155 624 807;7;0;2;7;1;1
202300031450;155 624 810;7;14;0;1;0;1
202300031450;155 624 812;7;0;2;1;15;1
202300031451;155 624 806;33;0;0;9;15;1
202300031452;155 624 803;2;7;0;0;0;1
202300031453;155 624 805;34;0;1;1;2;1
202300031454;155 624 801;30;0;2;7;3;1
202300031454;155 624 802;7;0;2;3;19;1
202300031455;155 624 798;7;0;2;1;16;1
202300031455;155 624 800;7;0;2;7;1;1
202300031456;155 624 797;1;0;2;3;15;5
202300031456;155 624 799;7;0;2;2;17;0
202300031457;155 624 796;33;0;0;0;1;1
202300031458;155 624 794;7;0;2;3;1;1
202300031458;155 624 795;7;0;2;3;13;1
202300031459;155 624 792;7;0;2;1;1;0
202300031459;155 624 793;7;0;2;1;13;0
202300031460;155 624 790;7;0;0;6;15;1
202300031460;155 624 791;33;0;2;1;1;1
202300031461;155 624 789;10;13;0;3;13;1
202300031462;155 624 788;1;3;0;9;21;5
202300031463;155 624 786;7;1;1;1;5;1
202300031463;155 624 787;7;1;0;6;20;1
202300031464;155 624 785;1;0;6;1;1;5
202300031465;155 624 784;7;2;0;7;1;1
202300031466;155 624 781;1;0;0;1;1;5
202300031466;155 624 782;1;0;5;1;1;5
202300031466;155 624 783;1;16;0;1;1;5
202300031467;155 624 779;7;0;2;2;15;1
202300031467;155 624 780;1;0;2;1;1;5
202300031468;155 624 777;7;0;2;3;1;1
202300031468;155 624 778;2;0;2;1;1;1
202300031469;155 624 776;7;0;0;0;0;0
202300031470;155 624 772;7;0;9;3;17;1
202300031470;155 624 773;1;0;2;8;1;5
202300031470;155 624 774;1;0;2;8;1;5
202300031470;155 624 775;1;0;2;8;1;5
202300031471;155 624 771;3;0;0;8;13;1
202300031472;155 624 770;33;0;0;8;15;1
202300031473;155 624 768;7;16;2;1;2;1
202300031473;155 624 769;7;0;0;4;1;1
202300031474;155 624 766;7;0;2;3;0;1
202300031474;155 624 767;7;0;2;3;0;1
202300031475;155 624 765;33;0;0;9;1;1
202300031476;155 624 763;2;0;2;1;13;1
202300031476;155 624 764;7;0;2;2;1;1
202300031477;155 624 761;2;0;1;1;0;3
202300031478;155 624 760;14;0;1;3;1;1
202300031479;155 624 757;7;0;0;4;1;1
202300031479;155 624 758;7;15;2;7;14;1
202300031479;155 624 759;7;0;2;8;1;1
202300031480;155 624 756;7;3;0;1;21;1
202300031481;155 624 754;7;0;2;5;2;1
202300031481;155 624 755;33;0;2;1;2;1
202300031482;155 624 751;7;0;2;1;2;1
202300031482;155 624 752;7;0;0;4;2;2
202300031482;155 624 753;7;0;0;8;2;1
202300031483;155 624 750;33;14;0;1;1;1
202300031484;155 624 749;33;5;0;0;1;1
202300031485;155 624 746;7;0;2;4;1;1
202300031485;155 624 747;7;0;2;4;1;1
202300031485;155 624 748;7;0;2;1;1;1
202300031486;155 624 745;10;13;0;2;14;1
202300031487;155 624 744;7;0;1;3;21;1
202300031488;155 624 742;7;0;2;1;1;1
202300031488;155 624 743;10;0;2;3;13;1
202300031489;155 624 739;13;16;2;5;1;1
202300031489;155 624 740;7;0;2;1;1;1
202300031489;155 624 741;10;0;2;1;1;1
202300031490;155 624 738;7;2;0;1;1;1
202300031491;155 624 736;32;0;2;1;2;1
202300031491;155 624 737;32;0;2;6;2;1
202300031492;155 624 734;33;0;2;1;17;1
202300031492;155 624 735;7;0;2;3;15;0
202300031493;155 624 732;7;0;2;8;11;1
202300031493;155 624 733;50;0;2;1;1;3
202300031494;155 624 730;7;0;2;3;13;0
202300031494;155 624 731;33;13;2;3;1;1
202300031495;155 624 728;7;0;2;1;13;1
202300031495;155 624 729;10;0;2;6;0;1
202300031496;155 624 727;7;0;0;0;0;1
202300031497;155 624 726;2;0;0;9;1;1
202300031498;155 624 724;33;12;2;5;1;1
202300031498;155 624 725;7;0;2;5;26;1
202300031499;155 624 723;7;6;0;1;2;0
202300031500;155 624 721;7;0;2;3;13;1
202300031500;155 624 722;7;0;2;3;1;1
202300031501;155 624 720;7;0;1;5;4;1
202300031502;155 624 719;50;0;0;1;1;3
202300031503;155 624 718;7;6;0;3;2;0
202300031504;155 624 716;31;0;2;1;1;1
202300031504;155 624 717;7;0;2;3;19;1
202300031505;155 624 714;7;0;2;0;0;1
202300031505;155 624 715;1;0;2;0;13;5
202300031506;155 624 712;7;0;2;3;15;1
202300031506;155 624 713;1;0;2;8;1;5
202300031507;155 624 710;7;0;0;4;2;2
202300031507;155 624 711;2;0;2;1;2;1
202300031508;155 624 707;7;0;2;8;1;1
202300031508;155 624 708;7;0;2;3;1;1
202300031508;155 624 709;7;0;2;1;9;1
202300031509;155 624 705;7;0;2;1;2;1
202300031509;155 624 706;7;0;2;4;2;1
202300031510;155 624 704;43;14;0;1;1;1
202300031511;155 624 701;99;0;2;3;1;1
202300031511;155 624 702;7;0;2;4;1;1
202300031511;155 624 703;7;0;2;4;1;1
202300031512;155 624 700;33;16;0;8;1;1
202300031513;155 624 697;34;0;2;7;1;1
202300031513;155 624 699;7;0;0;0;0;0
202300031514;155 624 696;7;1;2;3;2;1
202300031514;155 624 698;17;0;2;3;0;0
202300031515;155 624 691;7;0;2;4;1;1
202300031515;155 624 693;7;0;2;4;1;1
202300031515;155 624 694;7;0;2;1;1;1
202300031515;155 624 695;7;0;2;1;1;1
202300031516;155 624 689;7;0;2;8;1;1
202300031516;155 624 690;7;0;2;1;13;1
202300031516;155 624 692;7;0;2;8;1;1
202300031517;155 624 687;7;0;0;5;0;1
202300031517;155 624 688;7;0;2;1;1;1
202300031518;155 624 684;7;4;0;9;26;1
202300031519;155 624 685;7;0;2;1;2;0
202300031519;155 624 686;7;0;2;4;1;1
202300031520;155 624 682;7;6;0;1;1;0
202300031521;155 624 681;7;0;2;7;0;1
202300031521;155 624 683;7;0;2;0;1;1
202300031522;155 624 679;7;0;1;2;0;0
202300031523;155 624 677;33;0;2;3;21;1
202300031523;155 624 678;7;0;2;3;1;1
202300031523;155 624 680;7;0;2;2;12;1
202300031524;155 624 676;7;0;1;1;16;1
202300031525;155 624 674;36;0;2;3;13;1
202300031525;155 624 675;7;0;2;3;1;1
202300031526;155 624 673;7;15;0;2;14;1
202300031527;155 624 672;7;0;1;4;4;1
202300031528;155 624 670;10;0;1;1;1;1
202300031529;155 624 671;32;0;1;1;1;1
202300031530;155 624 668;7;0;2;3;9;1
202300031530;155 624 669;7;0;2;0;0;1
202300031531;155 624 666;7;0;2;2;1;1
202300031531;155 624 667;7;5;0;8;15;2
202300031532;155 624 663;7;0;2;0;2;0
202300031532;155 624 664;7;0;2;8;23;1
202300031532;155 624 665;7;0;2;4;2;1
202300031533;155 624 659;7;0;2;2;16;1
202300031533;155 624 661;7;0;2;3;1;1
202300031534;155 624 660;7;0;9;1;9;1
202300031534;155 624 662;1;0;2;8;5;5
202300031535;155 624 658;30;0;1;0;0;1
202300031536;155 624 657;7;0;1;1;21;1
202300031537;155 624 655;7;0;2;2;14;1
202300031537;155 624 656;2;0;2;1;1;1
202300031538;155 624 651;7;0;2;1;5;1
202300031538;155 624 653;7;0;2;1;1;1
202300031539;155 624 652;50;0;2;3;1;3
202300031539;155 624 654;7;0;9;5;17;1
202300031540;155 624 649;7;0;2;8;1;1
202300031540;155 624 650;7;0;2;2;1;1
202300031541;155 624 647;7;0;2;1;1;1
202300031541;155 624 648;60;0;9;8;19;5
202300031542;155 624 646;7;9;0;2;1;0
202300031543;155 624 640;7;0;2;1;2;1
202300031543;155 624 644;7;0;2;4;1;1
202300031544;155 624 634;7;0;2;2;1;1
202300031544;155 624 635;32;0;2;3;16;1
202300031545;155 624 633;7;0;2;1;1;1
202300031545;155 624 636;7;0;2;3;1;1
202300031546;155 624 631;33;0;2;7;21;1
202300031546;155 624 632;33;0;2;8;16;1
202300031547;155 624 629;7;0;2;3;1;1
202300031547;155 624 630;7;7;2;1;9;1
202300031548;155 624 628;7;0;1;2;1;1
202300031549;155 624 627;33;12;0;1;14;1
202300031550;155 624 625;37;1;0;0;0;1
202300031550;155 624 626;7;0;1;2;17;1
202300031551;155 624 623;33;0;0;1;26;1
202300031552;155 624 622;7;0;2;1;15;1
202300031552;155 624 624;50;0;2;3;1;3
202300031553;155 624 621;7;9;0;0;13;1
202300031554;155 624 618;7;0;2;2;15;1
202300031554;155 624 619;7;0;2;2;16;1
202300031555;155 624 617;7;0;2;3;1;1
202300031555;155 624 620;50;0;2;1;1;3
202300031556;155 624 614;7;0;1;2;2;1
202300031557;155 624 613;7;0;2;2;15;1
202300031557;155 624 615;1;0;2;1;1;5
202300031558;155 624 612;32;8;0;0;1;1
202300031559;155 624 609;7;0;0;3;16;1
202300031559;155 624 610;1;0;2;1;1;5
202300031560;155 624 608;7;0;2;3;9;1
202300031560;155 624 611;7;0;2;2;1;1
202300031561;155 624 606;7;0;2;2;19;1
202300031561;155 624 607;32;0;2;1;19;1
202300031562;155 624 605;32;0;0;8;1;1
202300031563;155 624 604;30;0;0;7;1;0
202300031564;155 624 602;7;0;0;1;17;1
202300031565;155 624 601;7;0;2;1;1;1
202300031565;155 624 603;7;0;2;1;21;1
202300031566;155 624 600;10;13;0;9;1;1
202300031567;155 624 597;7;0;1;7;1;1
202300031568;155 624 596;7;0;2;1;21;1
202300031568;155 624 598;7;0;2;1;16;1
202300031568;155 624 599;7;0;2;1;23;1
202300031569;155 624 594;7;0;1;1;26;0
202300031570;155 624 595;7;6;0;2;13;1
202300031571;155 624 592;2;0;2;1;1;1
202300031571;155 624 593;7;0;2;8;16;1
202300031572;155 624 591;7;1;1;2;26;1
202300031573;155 624 589;50;0;2;0;0;3
202300031573;155 624 590;7;0;2;2;16;1
202300031574;155 624 588;7;0;1;5;1;1
202300031575;155 624 587;7;1;0;2;1;1
202300031576;155 624 586;7;0;1;1;26;1
202300031577;155 624 583;14;0;2;1;2;0
202300031577;155 624 585;7;0;2;4;1;1
202300031578;155 624 584;7;0;1;2;1;1
202300031579;155 624 582;2;0;0;7;1;1
202300031580;155 624 580;50;0;2;1;1;3
202300031580;155 624 581;7;0;2;6;10;1
202300031581;155 624 579;1;0;0;0;26;5
202300031582;155 624 578;30;1;0;1;1;1
202300031583;155 624 577;37;0;1;2;1;3
202300031584;155 624 575;7;0;2;2;15;1
202300031584;155 624 576;33;0;2;1;1;1
202300031585;155 624 574;10;0;0;0;0;1
202300031586;155 624 572;7;0;2;3;15;1
202300031586;155 624 573;32;0;2;2;1;1
202300031587;155 624 571;7;0;0;1;0;1
202300031588;155 624 570;7;0;1;1;16;1
202300031589;155 624 568;7;0;2;1;1;1
202300031589;155 624 569;7;0;2;4;23;1
202300031590;155 624 566;33;16;0;8;1;1
202300031591;155 624 565;1;12;0;8;13;5
202300031591;155 624 567;7;0;9;7;17;1
202300031592;155 624 563;50;0;2;5;26;3
202300031592;155 624 564;7;0;2;3;2;1
202300031593;155 624 561;7;0;0;0;1;1
202300031594;155 624 560;10;0;1;2;1;2
202300031595;155 624 558;7;0;2;1;13;1
202300031595;155 624 559;7;0;2;1;0;1
202300031595;155 624 562;7;1;2;3;0;1
202300031596;155 624 557;32;0;0;2;0;0
202300031597;155 624 553;2;0;2;1;5;1
202300031597;155 624 556;7;0;2;8;23;1
202300031598;155 624 554;1;0;1;0;1;5
202300031599;155 624 552;7;0;2;2;15;1
202300031599;155 624 555;33;0;2;1;0;1
202300031600;155 624 550;7;0;2;1;2;1
202300031600;155 624 551;7;0;0;4;2;1
202300031601;155 624 546;33;0;2;1;1;1
202300031601;155 624 549;7;0;2;4;11;0
202300031602;155 624 545;31;0;2;1;13;1
202300031602;155 624 547;1;0;2;1;1;5
202300031603;155 624 543;30;0;2;1;16;1
202300031603;155 624 548;7;0;2;2;15;1
202300031604;155 624 542;7;0;2;7;14;1
202300031604;155 624 544;33;0;2;8;3;1
202300031605;155 624 540;7;0;1;7;20;2
202300031606;155 624 538;1;0;2;1;1;5
202300031606;155 624 541;1;0;2;3;1;5
202300031607;155 624 536;7;;2;2;;
202300031607;155 624 539;7;0;1;3;1;1
202300031608;155 624 534;7;0;2;3;1;1
202300031608;155 624 535;7;0;2;9;1;1
202300031608;155 624 537;7;0;2;8;11;1
202300031609;155 624 533;7;8;0;2;1;1
202300031610;155 624 532;7;0;1;4;4;1
202300031611;155 624 531;7;2;0;1;0;1
202300031612;155 624 529;43;0;0;8;18;1
202300031613;155 624 527;10;0;2;4;23;1
202300031613;155 624 530;7;0;2;1;26;1
202300031614;155 624 528;7;8;1;1;16;1
202300031615;155 624 524;99;9;0;3;6;1
202300031616;155 624 523;7;0;2;3;9;1
202300031616;155 624 526;7;0;2;2;1;1
202300031617;155 624 520;7;0;2;1;17;1
202300031617;155 624 522;10;0;2;4;1;1
202300031618;155 624 519;7;0;2;4;2;1
202300031618;155 624 521;7;0;2;4;2;1
202300031618;155 624 525;10;0;2;1;2;1
202300031619;155 624 518;30;0;0;0;1;1
202300031620;155 624 516;15;3;0;7;1;1
202300031621;155 624 515;7;0;2;0;0;0
202300031621;155 624 517;7;0;2;3;2;3
202300031622;155 624 513;7;0;2;5;2;2
202300031622;155 624 514;2;0;2;1;2;1
202300031623;155 624 509;7;0;2;3;13;1
202300031623;155 624 511;7;0;2;9;1;0
202300031624;155 624 508;33;0;2;1;17;1
202300031624;155 624 512;7;0;2;8;15;1
202300031625;155 624 507;1;0;0;0;0;5
202300031625;155 624 510;7;0;2;1;1;1
202300031626;155 624 502;7;0;1;1;26;1
202300031627;155 624 505;7;0;2;3;1;3
202300031627;155 624 506;32;0;2;3;13;3
202300031628;155 624 501;31;0;2;7;18;1
202300031628;155 624 504;1;0;2;2;1;5
202300031629;155 624 499;33;0;6;2;1;1
202300031630;155 624 500;7;0;2;2;15;1
202300031630;155 624 503;33;0;2;2;17;1
202300031631;155 624 497;37;0;1;1;15;1
202300031632;155 624 496;2;0;1;3;1;1
202300031633;155 624 492;7;0;2;4;0;0
202300031633;155 624 498;7;0;2;1;1;1
202300031634;155 624 490;7;0;2;1;2;1
202300031634;155 624 494;7;0;2;4;2;1
202300031635;155 624 489;7;0;2;2;12;1
202300031635;155 624 493;31;0;2;1;3;1
202300031636;155 624 491;31;0;2;1;0;1
202300031636;155 624 495;7;0;2;3;15;1
202300031637;155 624 487;7;0;2;0;2;1
202300031638;155 624 485;10;0;1;1;1;3
202300031639;155 624 484;80;0;2;2;14;3
202300031639;155 624 486;7;0;2;3;9;0
202300031640;155 624 488;50;0;0;0;21;3
202300031641;155 624 482;10;0;2;5;2;1
202300031641;155 624 483;33;0;2;5;2;1
202300031642;155 624 480;33;12;0;1;6;1
202300031643;155 624 476;7;0;2;3;1;1
202300031643;155 624 481;1;0;2;1;1;5
202300031644;155 624 477;33;3;0;8;1;1
202300031645;155 624 475;7;0;2;3;15;1
202300031645;155 624 479;2;0;2;2;17;1
202300031646;155 624 478;7;0;1;2;15;1
202300031647;155 624 473;7;0;2;8;15;1
202300031647;155 624 474;33;0;2;7;2;1
202300031648;155 624 470;10;0;2;0;5;1
202300031648;155 624 472;43;0;2;0;21;1
202300031649;155 624 469;7;0;2;2;17;1
202300031649;155 624 471;7;2;2;0;1;1
202300031650;155 624 467;10;0;1;2;16;1
202300031651;155 624 468;7;0;1;2;5;1
202300031652;155 624 465;10;0;2;3;1;1
202300031652;155 624 466;7;0;2;1;1;1
202300031653;155 624 462;1;0;2;0;17;5
202300031653;155 624 464;1;8;2;0;1;5
202300031654;155 624 461;31;0;2;8;13;1
202300031654;155 624 463;7;0;2;8;1;1
202300031655;155 624 460;7;0;1;0;0;1
202300031656;155 624 458;7;0;2;2;15;1
202300031656;155 624 459;50;0;2;1;1;3