Num_Acc;id_vehicule;categorie_vehicule;obstacle_fixe;obstacle_mobile;point_choc_initial;manoeuvre_principale;motorisation
202300031657;155 624 455;33;0;0;0;13;1
202300031658;155 624 454;7;1;0;6;13;1
202300031658;155 624 456;80;0;2;1;17;3
202300031659;155 624 453;7;0;2;1;1;1
202300031659;155 624 457;2;0;2;7;3;1
202300031660;155 624 452;3;0;1;1;15;2
202300031661;155 624 450;7;8;0;2;14;0
202300031662;155 624 449;7;0;2;3;15;1
202300031662;155 624 451;33;0;2;3;1;1
202300031663;155 624 447;30;0;1;1;1;1
202300031664;155 624 446;7;0;2;1;15;1
202300031664;155 624 448;1;0;2;1;5;5
202300031665;155 624 441;10;0;2;2;1;1
202300031665;155 624 445;7;0;2;3;1;1
202300031666;155 624 442;33;0;2;5;1;1
202300031666;155 624 444;7;0;2;1;9;1
202300031667;155 624 440;32;0;0;0;1;3
202300031668;155 624 436;7;0;0;8;1;1
202300031668;155 624 439;7;0;2;1;1;1
202300031668;155 624 443;7;0;2;1;1;1
202300031669;155 624 437;7;0;2;2;16;2
202300031669;155 624 438;2;0;2;1;5;3
202300031670;155 624 433;7;0;2;1;1;1
202300031670;155 624 435;2;0;2;4;1;1
202300031671;155 624 434;7;8;1;1;15;1
202300031672;155 624 432;7;0;1;1;26;1
202300031673;155 624 430;10;1;0;1;13;4
202300031674;155 624 429;33;0;2;1;5;0
202300031674;155 624 431;7;0;2;1;1;1
202300031675;155 624 427;2;0;2;1;15;0
202300031675;155 624 428;32;0;2;1;1;0
202300031676;155 624 426;7;3;0;1;1;1
202300031677;155 624 425;30;0;1;9;1;3
202300031678;155 624 422;2;0;0;1;1;1
202300031678;155 624 424;7;0;2;2;15;1
202300031679;155 624 420;2;0;2;1;1;1
202300031679;155 624 423;10;0;2;5;10;1
202300031680;155 624 421;7;0;1;3;1;1
202300031681;155 624 417;32;0;2;3;15;3
202300031681;155 624 419;10;0;2;3;1;1
202300031682;155 624 414;7;0;2;2;2;3
202300031682;155 624 416;80;0;2;2;19;3
202300031683;155 624 413;37;0;1;3;15;1
202300031684;155 624 410;33;0;0;8;26;1
202300031685;155 624 409;31;0;2;1;1;1
202300031685;155 624 412;7;0;2;1;15;1
202300031686;155 624 406;37;0;2;1;2;3
202300031686;155 624 408;15;0;2;4;2;3
202300031686;155 624 411;7;0;2;4;2;1
202300031687;155 624 405;32;0;2;6;21;1
202300031687;155 624 407;7;0;9;6;26;2
202300031688;155 624 404;2;0;0;9;1;1
202300031689;155 624 403;80;0;0;1;1;3
202300031690;155 624 402;80;0;1;8;1;3
202300031691;155 624 400;31;0;5;0;1;1
202300031692;155 624 398;7;0;2;1;17;1
202300031692;155 624 401;14;0;2;1;1;1
202300031693;155 624 397;7;1;0;8;20;2
202300031693;155 624 399;7;0;2;2;1;1
202300031694;155 624 396;33;8;0;0;21;1
202300031695;155 624 393;7;0;1;1;17;1
202300031696;155 624 391;7;16;0;4;15;1
202300031696;155 624 395;15;0;2;1;1;1
202300031697;155 624 392;10;0;2;0;2;0
202300031697;155 624 394;1;0;2;0;2;5
202300031698;155 624 390;7;10;0;1;1;1
202300031699;155 624 388;7;13;0;1;13;1
202300031700;155 624 387;7;2;0;1;13;3
202300031701;155 624 385;7;0;2;3;9;1
202300031701;155 624 389;33;0;2;1;1;1
202300031702;155 624 382;7;13;0;0;1;1
202300031703;155 624 381;7;0;1;8;15;1
202300031704;155 624 380;32;0;2;1;0;1
202300031704;155 624 383;7;0;2;8;15;1
202300031705;155 624 378;7;;2;1;1;1
202300031705;155 624 379;7;0;2;4;23;1
202300031706;155 624 376;7;0;1;1;26;1
202300031707;155 624 374;7;0;2;3;13;1
202300031707;155 624 377;2;0;2;8;1;1
202300031708;155 624 375;7;0;1;2;16;1
202300031709;155 624 371;50;0;2;8;2;3
202300031709;155 624 373;7;0;2;2;16;2
202300031710;155 624 369;7;0;2;1;2;1
202300031710;155 624 372;10;0;2;4;1;1
202300031711;155 624 364;50;0;2;5;14;3
202300031711;155 624 368;7;0;9;6;13;1
202300031712;155 624 361;10;0;2;4;1;1
202300031712;155 624 365;7;0;2;5;1;1
202300031712;155 624 366;7;0;2;8;0;1
202300031712;155 624 367;7;0;2;4;1;1
202300031712;155 624 370;10;0;2;3;26;1
202300031713;155 624 360;50;0;2;8;19;3
202300031713;155 624 362;7;0;2;1;16;1
202300031714;155 624 359;7;0;2;8;15;1
202300031714;155 624 363;7;0;2;1;1;1
202300031715;155 624 357;7;7;0;1;14;1
202300031716;155 624 355;31;0;2;0;0;1
202300031716;155 624 358;7;0;2;0;0;1
202300031717;155 624 356;10;8;0;1;26;1
202300031718;155 624 351;10;8;0;1;1;1
202300031719;155 624 348;7;0;2;3;1;1
202300031719;155 624 352;7;0;2;2;1;1
202300031720;155 624 350;2;0;1;2;17;1
202300031721;155 624 349;33;0;2;1;1;1
202300031721;155 624 353;10;0;2;3;1;1
202300031721;155 624 354;7;0;2;5;23;1
202300031722;155 624 347;7;0;1;7;1;1
202300031723;155 624 345;7;2;0;1;13;1
202300031724;155 624 342;7;9;2;1;5;1
202300031724;155 624 344;7;8;2;1;15;1
202300031725;155 624 341;7;0;2;2;1;1
202300031725;155 624 343;7;0;2;3;23;1
202300031725;155 624 346;7;0;2;1;1;1
202300031726;155 624 339;7;8;0;1;1;1
202300031727;155 624 337;33;0;0;8;0;1
202300031727;155 624 340;10;0;0;8;0;1
202300031728;155 624 335;33;0;2;0;0;1
202300031728;155 624 338;7;0;2;8;10;0
202300031729;155 624 334;7;0;2;3;15;3
202300031729;155 624 336;32;0;2;1;2;1
202300031730;155 624 333;7;0;1;6;1;1
202300031731;155 624 328;7;0;2;8;19;1
202300031731;155 624 331;43;0;2;8;9;1
202300031732;155 624 329;7;15;0;1;0;1
202300031733;155 624 326;7;0;0;6;1;1
202300031733;155 624 330;7;0;2;1;0;1
202300031733;155 624 332;10;0;2;1;1;1
202300031734;155 624 325;7;0;2;1;1;1
202300031734;155 624 327;7;0;2;4;1;1
202300031735;155 624 324;30;0;1;1;1;1
202300031736;155 624 322;7;4;9;2;1;0
202300031737;155 624 323;33;0;0;7;24;1
202300031738;155 624 321;50;0;1;1;1;3
202300031739;155 624 320;33;0;0;1;1;1
202300031740;155 624 318;1;13;0;2;14;5
202300031741;155 624 315;7;0;2;1;0;1
202300031741;155 624 319;7;0;2;1;0;1
202300031742;155 624 314;7;0;2;3;9;1
202300031742;155 624 316;33;0;2;1;1;1
202300031743;155 624 313;30;0;2;1;1;1
202300031743;155 624 317;7;0;2;8;1;1
202300031744;155 624 312;7;3;0;9;0;1
202300031745;155 624 311;7;13;0;3;1;1
202300031746;155 624 306;7;3;0;2;1;1
202300031747;155 624 305;7;0;2;2;1;1
202300031747;155 624 307;7;0;2;5;1;2
202300031747;155 624 309;7;0;2;3;1;1
202300031747;155 624 310;7;0;2;1;1;1
202300031748;155 624 304;7;0;2;2;1;1
202300031748;155 624 308;7;1;2;8;20;1
202300031749;155 624 303;33;12;0;7;1;1
202300031750;155 624 298;33;0;2;1;1;4
202300031750;155 624 299;7;0;2;8;15;4
202300031751;155 624 297;2;0;2;3;1;1
202300031751;155 624 300;7;0;2;5;16;1
202300031752;155 624 296;7;0;2;1;14;1
202300031752;155 624 301;17;0;0;4;1;1
202300031753;155 624 295;2;0;2;2;1;1
202300031753;155 624 302;7;0;2;8;7;1
202300031754;155 624 291;2;15;0;3;0;1
202300031755;155 624 289;7;0;2;2;5;2
202300031755;155 624 293;1;0;2;8;5;5
202300031756;155 624 290;7;0;2;1;12;1
202300031756;155 624 294;31;0;2;7;11;1
202300031757;155 624 288;7;0;0;4;2;1
202300031757;155 624 292;7;0;2;1;2;1
202300031758;155 624 286;7;0;9;1;0;1
202300031759;155 624 285;7;0;2;1;1;1
202300031759;155 624 287;10;0;2;2;9;3
202300031760;155 624 278;7;0;1;1;1;1
202300031761;155 624 279;7;0;2;3;9;2
202300031761;155 624 282;7;0;2;5;1;1
202300031762;155 624 281;10;0;2;1;15;1
202300031762;155 624 284;10;14;0;1;1;1
202300031763;155 624 277;31;0;2;1;1;0
202300031763;155 624 280;33;0;2;1;1;0
202300031763;155 624 283;7;0;2;1;1;0
202300031764;155 624 274;7;0;1;1;1;1
202300031765;155 624 273;7;0;2;0;2;0
202300031765;155 624 275;50;0;2;0;2;3
202300031766;155 624 271;50;0;2;1;1;3
202300031766;155 624 276;7;0;9;3;9;1
202300031767;155 624 270;2;0;2;1;1;1
202300031767;155 624 272;7;0;2;8;15;1
202300031768;155 624 268;33;13;0;0;1;1
202300031769;155 624 267;30;0;0;1;26;1
202300031770;155 624 266;7;0;2;0;22;1
202300031770;155 624 269;1;0;2;0;2;5
202300031771;155 624 261;7;0;2;3;13;1
202300031771;155 624 264;15;0;2;1;1;1
202300031772;155 624 258;7;0;2;0;0;0
202300031772;155 624 262;1;0;2;7;1;5
202300031773;155 624 256;7;0;2;2;23;1
202300031773;155 624 259;7;6;2;8;1;1
202300031774;155 624 254;15;0;2;1;2;1
202300031774;155 624 257;15;0;2;1;2;1
202300031774;155 624 260;7;0;2;4;2;1
202300031774;155 624 263;13;0;2;1;2;1
202300031774;155 624 265;7;0;0;0;9;1
202300031775;155 624 252;7;13;0;1;14;1
202300031776;155 624 253;33;0;2;1;0;1
202300031776;155 624 255;7;0;0;6;10;1
202300031777;155 624 251;7;15;0;1;14;0
202300031778;155 624 247;7;0;2;3;9;1
202300031778;155 624 250;1;0;2;5;2;5
202300031779;155 624 245;7;0;2;3;1;1
202300031779;155 624 249;7;0;2;2;15;1
202300031780;155 624 244;10;0;2;3;13;1
202300031780;155 624 246;10;0;2;3;1;1
202300031781;155 624 242;7;0;2;1;5;1
202300031781;155 624 248;7;0;2;4;1;1
202300031782;155 624 239;7;0;2;1;1;3
202300031782;155 624 241;7;0;2;3;1;1
202300031782;155 624 243;7;0;2;1;0;3
202300031783;155 624 238;7;13;0;1;21;1
202300031784;155 624 233;99;0;0;8;19;1
202300031784;155 624 236;33;0;2;1;1;1
202300031785;155 624 234;7;0;2;1;1;1
202300031785;155 624 237;7;0;2;1;1;1
202300031786;155 624 232;31;0;2;1;1;1
202300031786;155 624 235;7;0;2;3;9;1
202300031787;155 624 230;1;8;2;1;2;5
202300031787;155 624 231;10;0;2;7;14;1
202300031788;155 624 228;7;4;0;7;1;1
202300031789;155 624 229;7;2;0;1;13;1
202300031790;155 624 225;36;13;0;1;14;1
202300031791;155 624 224;10;0;2;3;19;1
202300031791;155 624 227;7;0;2;3;1;1
202300031792;155 624 222;10;0;2;3;1;1
202300031792;155 624 226;10;0;2;1;13;1
202300031793;155 624 219;7;0;2;1;2;1
202300031793;155 624 220;7;0;2;4;2;1
202300031793;155 624 221;7;0;2;4;2;3
202300031793;155 624 223;10;0;0;4;2;1
202300031794;155 624 218;7;2;0;2;1;6
202300031795;155 624 216;33;0;0;9;17;1
202300031796;155 624 217;7;2;0;2;1;1
202300031797;155 624 215;7;0;1;2;1;1
202300031798;155 624 213;7;3;0;1;1;1
202300031799;155 624 212;7;0;0;2;0;1
202300031800;155 624 211;7;0;2;1;1;1
202300031800;155 624 214;7;0;2;1;13;1
202300031801;155 624 210;7;6;0;8;13;6
202300031802;155 624 209;7;0;1;3;2;1
202300031803;155 624 208;32;13;0;7;1;1
202300031804;155 624 205;80;0;1;0;21;3
202300031805;155 624 206;10;3;2;1;1;1
202300031805;155 624 207;7;3;2;1;13;1
202300031806;155 624 204;7;0;1;2;2;1
202300031807;155 624 200;2;0;0;2;1;0
202300031808;155 624 202;7;0;2;4;23;1
202300031808;155 624 203;15;0;2;1;2;1
202300031809;155 624 198;7;15;0;1;5;1
202300031809;155 624 201;7;0;0;1;1;1
202300031810;155 624 197;10;2;0;1;0;1
202300031811;155 624 195;33;13;0;2;1;1
202300031812;155 624 194;7;13;0;1;1;1
202300031813;155 624 196;33;0;0;8;1;1
202300031813;155 624 199;10;0;2;1;1;1
202300031814;155 624 192;7;0;2;3;1;1
202300031814;155 624 193;7;0;2;3;13;1
202300031815;155 624 190;7;2;0;1;17;1
202300031816;155 624 188;2;0;0;4;0;1
202300031816;155 624 191;2;0;2;1;0;1
202300031817;155 624 189;7;2;0;3;16;1
202300031818;155 624 187;7;0;0;0;0;1
202300031819;155 624 186;33;13;0;1;13;1
202300031820;155 624 185;1;0;0;0;1;5
202300031821;155 624 181;7;13;0;9;0;1
202300031822;155 624 179;2;0;2;1;1;1
202300031822;155 624 182;7;0;2;2;17;1
202300031822;155 624 184;10;0;2;6;23;1
202300031823;155 624 177;10;0;2;3;1;1
202300031823;155 624 180;7;3;2;1;1;1
202300031823;155 624 183;7;0;2;1;13;1
202300031824;155 624 175;33;0;2;1;1;1
202300031824;155 624 178;7;0;2;2;19;1
202300031825;155 624 174;33;13;0;1;0;1
202300031826;155 624 173;7;0;0;0;2;1
202300031826;155 624 176;7;0;0;0;2;1
202300031827;155 624 169;7;0;2;2;1;1
202300031827;155 624 171;7;0;2;2;15;1
202300031828;155 624 168;1;0;2;1;1;5
202300031828;155 624 170;7;0;2;1;1;0
202300031829;155 624 167;7;15;2;2;1;1
202300031829;155 624 172;7;0;2;1;16;1
202300031830;155 624 165;17;0;2;1;1;1
202300031830;155 624 166;7;0;2;1;13;1
202300031831;155 624 163;10;1;1;2;1;1
202300031832;155 624 162;7;0;1;2;1;1
202300031833;155 624 161;36;13;0;7;10;1
202300031834;155 624 160;7;0;2;7;1;2
202300031834;155 624 164;7;0;2;1;19;1
202300031835;155 624 158;7;13;0;1;1;1
202300031836;155 624 157;7;13;0;3;15;1
202300031837;155 624 156;7;6;2;2;1;0
202300031837;155 624 159;10;0;2;1;1;1
202300031838;155 624 154;7;0;2;3;1;1
202300031838;155 624 155;7;0;2;1;10;1
202300031839;155 624 152;7;8;0;3;2;1
202300031840;155 624 151;7;0;1;2;1;0
202300031841;155 624 150;7;0;1;1;2;1
202300031842;155 624 148;50;0;0;0;0;3
202300031843;155 624 147;7;2;0;1;1;0
202300031844;155 624 146;30;0;2;7;1;1
202300031844;155 624 149;7;0;2;2;15;1
202300031845;155 624 144;7;0;2;3;1;0
202300031845;155 624 145;7;0;2;0;0;0
202300031846;155 624 139;7;0;2;1;1;1
202300031846;155 624 142;7;0;2;1;13;1
202300031847;155 624 140;7;0;9;1;9;0
202300031847;155 624 143;50;0;0;0;0;3
202300031848;155 624 136;7;2;0;1;1;1
202300031849;155 624 137;7;0;2;2;1;1
202300031849;155 624 141;7;0;2;3;0;1
202300031850;155 624 134;7;3;0;1;1;1
202300031851;155 624 135;7;0;2;4;0;1
202300031851;155 624 138;7;0;2;1;0;1
202300031852;155 624 131;7;0;2;3;1;0
202300031852;155 624 133;21;0;2;3;1;0
202300031853;155 624 129;7;8;2;8;1;0
202300031853;155 624 132;7;0;2;1;1;0
202300031854;155 624 127;33;0;2;3;26;1
202300031854;155 624 130;10;0;2;7;14;1
202300031855;155 624 126;7;17;0;1;1;1
202300031856;155 624 125;36;13;0;1;0;1
202300031857;155 624 119;7;0;2;5;14;1
202300031857;155 624 123;33;0;2;8;1;1
202300031858;155 624 121;10;0;2;2;1;1
202300031858;155 624 124;3;16;0;4;2;1
202300031859;155 624 116;7;0;2;8;10;1
202300031859;155 624 118;33;0;2;1;2;1
202300031859;155 624 120;7;0;2;3;1;1
202300031860;155 624 110;33;0;2;7;0;1
202300031860;155 624 114;10;0;0;6;1;1
202300031860;155 624 115;33;0;2;6;0;1
202300031861;155 624 109;10;0;2;3;15;1
202300031861;155 624 113;7;0;2;1;1;1
202300031862;155 624 107;7;14;0;1;1;1
202300031862;155 624 111;7;1;1;1;26;1
202300031862;155 624 117;7;0;0;1;23;1
202300031862;155 624 122;7;14;0;0;1;1
202300031863;155 624 105;7;2;0;7;13;1
202300031864;155 624 104;7;0;0;1;21;1
202300031865;155 624 101;7;0;2;0;0;1
202300031865;155 624 103;7;0;2;3;1;1
202300031865;155 624 108;7;0;2;6;1;0
202300031865;155 624 112;31;0;2;1;1;1
202300031866;155 624 100;10;0;0;9;13;1
202300031867;155 624 097;7;0;2;1;9;1
202300031867;155 624 099;33;0;0;7;1;1
202300031868;155 624 096;7;0;2;5;11;1
202300031868;155 624 098;33;0;2;1;3;1
202300031869;155 624 094;7;0;2;8;21;1
202300031870;155 624 093;10;0;2;6;19;1
202300031870;155 624 095;43;0;2;1;1;1
202300031871;155 624 090;7;0;2;2;0;1
202300031871;155 624 092;31;0;0;4;0;1
202300031872;155 624 085;10;8;0;6;16;1
202300031872;155 624 088;7;0;2;2;1;1
202300031873;155 624 086;31;0;2;2;17;0
202300031873;155 624 089;13;0;2;3;1;0
202300031874;155 624 084;33;0;2;1;3;1
202300031874;155 624 087;7;0;2;6;1;1
202300031874;155 624 091;7;0;2;2;12;0
202300031875;155 624 083;7;13;0;1;0;1
202300031876;155 624 081;7;0;2;1;1;1
202300031876;155 624 082;31;0;2;1;1;1
202300031877;155 624 077;33;0;2;2;3;1
202300031877;155 624 080;10;0;2;6;2;1
202300031878;155 624 076;33;0;2;1;17;1
202300031878;155 624 078;7;0;2;1;1;1
202300031879;155 624 073;7;0;2;2;2;1
202300031879;155 624 075;7;0;0;6;2;1
202300031880;155 624 074;7;0;2;2;2;1
202300031880;155 624 079;7;0;2;1;19;1
202300031881;155 624 071;7;0;1;3;1;0
202300031882;155 624 069;7;0;2;8;1;1
202300031882;155 624 072;33;0;2;7;3;1
202300031883;155 624 067;7;0;2;2;17;1
202300031883;155 624 070;1;0;2;8;15;5
202300031884;155 624 068;7;0;1;3;1;1
202300031885;155 624 064;10;0;1;3;1;1
202300031886;155 624 062;7;0;2;1;2;1
202300031886;155 624 065;2;0;0;4;2;1
202300031887;155 624 063;7;0;2;1;1;1
202300031887;155 624 066;7;0;2;4;1;1
202300031888;155 624 059;7;9;0;7;1;1
202300031889;155 624 056;1;0;2;8;1;5
202300031889;155 624 060;38;0;2;8;23;1
202300031890;155 624 055;33;4;2;1;2;1
202300031890;155 624 057;7;4;2;8;11;1
202300031891;155 624 052;1;0;2;1;1;5
202300031891;155 624 054;1;0;2;1;9;5
202300031892;155 624 049;33;0;2;1;11;1
202300031892;155 624 051;7;0;2;1;11;1
202300031893;155 624 045;7;0;2;4;2;1
202300031893;155 624 048;7;0;2;4;2;1
202300031893;155 624 050;7;0;0;4;1;1
202300031893;155 624 053;10;0;2;2;2;1
202300031894;155 624 043;7;0;2;3;15;1
202300031894;155 624 047;7;0;2;3;1;1
202300031895;155 624 041;31;3;0;5;1;1
202300031896;155 624 037;32;0;2;2;17;1
202300031896;155 624 039;7;0;2;8;11;1
202300031896;155 624 042;10;0;2;2;1;1
202300031897;155 624 038;10;0;2;1;2;1
202300031897;155 624 040;7;0;2;4;2;1
202300031897;155 624 044;17;0;2;4;2;1
202300031897;155 624 046;7;0;2;4;2;1
202300031898;155 624 034;7;0;2;1;2;1
202300031898;155 624 035;3;0;0;4;2;1
202300031899;155 624 033;7;0;0;4;1;1
202300031899;155 624 036;7;0;2;1;1;1
202300031900;155 624 029;7;6;9;7;13;1
202300031901;155 624 031;34;0;1;1;26;1
202300031902;155 624 030;7;0;2;1;11;1
202300031902;155 624 032;17;0;2;4;1;1
202300031903;155 624 027;7;10;0;2;1;1
202300031904;155 624 026;7;0;2;6;13;1
202300031904;155 624 028;7;0;2;3;1;1
202300031905;155 624 021;7;2;0;1;0;1
202300031906;155 624 020;7;0;2;7;9;1
202300031906;155 624 025;7;0;2;3;12;1
202300031907;155 624 019;32;4;2;8;3;1
202300031907;155 624 023;33;4;2;1;3;1
202300031907;155 624 024;7;4;2;7;14;1
202300031908;155 624 018;80;0;2;2;1;3
202300031908;155 624 022;7;0;2;3;9;1
202300031909;155 624 016;7;0;2;1;13;1
202300031909;155 624 017;7;0;2;2;1;1
202300031910;155 624 006;7;0;0;4;1;1
202300031910;155 624 010;7;0;2;1;1;1
202300031911;155 624 009;7;0;0;4;2;1
202300031911;155 624 012;7;0;2;1;2;1
202300031912;155 624 008;10;0;2;4;2;1
202300031912;155 624 011;10;0;2;4;2;1
202300031912;155 624 014;7;0;2;1;2;1
202300031913;155 624 007;15;4;2;1;13;1
202300031913;155 624 013;7;0;2;2;1;2
202300031913;155 624 015;14;0;2;7;1;1
202300031914;155 624 001;7;4;2;8;1;1
202300031914;155 624 004;15;0;2;7;12;1
202300031915;155 624 000;7;0;2;3;13;1
202300031915;155 624 003;7;0;2;3;1;1
202300031916;155 623 999;7;0;2;2;1;0
202300031916;155 624 005;10;0;2;3;16;1
202300031917;155 623 998;7;3;0;1;1;1
202300031917;155 624 002;7;3;0;4;1;1
202300031918;155 623 995;33;0;2;1;26;1
202300031918;155 623 997;3;0;2;3;19;1
202300031919;155 623 993;7;0;1;7;1;1
202300031920;155 623 991;7;0;2;6;18;1
202300031920;155 623 996;15;0;2;2;12;1
202300031921;155 623 992;7;0;2;6;12;1
202300031921;155 623 994;33;0;2;2;3;1
202300031922;155 623 986;32;0;1;1;1;1
202300031923;155 623 987;3;6;0;1;1;1
202300031924;155 623 984;10;0;2;5;12;1
202300031924;155 623 988;7;12;2;3;12;1
202300031925;155 623 982;10;0;2;4;2;1
202300031925;155 623 983;7;0;2;1;2;1
202300031925;155 623 985;15;0;2;6;2;1
202300031926;155 623 978;7;0;1;2;15;1
202300031927;155 623 973;7;0;2;1;0;1
202300031927;155 623 977;7;0;2;0;0;1
202300031927;155 623 980;7;0;2;0;0;4
202300031927;155 623 981;7;0;2;0;0;1
202300031928;155 623 975;7;0;2;5;15;1
202300031928;155 623 979;2;0;2;1;1;1
202300031929;155 623 972;17;0;2;1;1;1
202300031929;155 623 974;7;0;2;4;23;1
202300031929;155 623 976;7;0;2;4;23;1
202300031930;155 623 968;32;0;2;1;18;1
202300031930;155 623 971;7;0;2;5;16;1
202300031931;155 623 965;7;0;2;7;12;1
202300031931;155 623 969;34;0;2;8;3;1
202300031932;155 623 964;7;0;2;4;1;1
202300031932;155 623 967;7;0;2;4;1;1
202300031932;155 623 970;7;0;2;8;1;1
202300031933;155 623 962;7;3;0;0;1;1
202300031934;155 623 960;7;4;0;3;13;1
202300031935;155 623 961;7;0;1;5;20;1
202300031936;155 623 963;10;0;2;2;19;1
202300031936;155 623 966;10;0;2;3;1;1
202300031937;155 623 957;7;3;0;1;1;1
202300031938;155 623 955;33;0;2;0;3;1
202300031938;155 623 958;7;0;0;2;0;0
202300031938;155 623 959;7;0;0;4;0;1
202300031939;155 623 953;7;0;2;1;1;1
202300031939;155 623 956;7;0;2;1;1;1
202300031940;155 623 952;32;0;2;7;1;1
202300031940;155 623 954;7;0;2;1;15;1
202300031941;155 623 951;10;4;0;3;26;1
202300031942;155 623 949;7;6;0;1;15;1
202300031943;155 623 945;33;0;2;7;3;1
202300031943;155 623 948;7;0;2;8;11;1
202300031944;155 623 943;7;0;2;6;2;1
202300031944;155 623 947;7;0;2;1;2;1
202300031944;155 623 950;7;0;2;4;1;1
202300031945;155 623 941;32;0;2;8;3;1
202300031946;155 623 937;33;0;2;5;2;1
202300031946;155 623 939;7;0;2;5;2;2
202300031947;155 623 936;7;0;2;1;0;1
202300031947;155 623 940;7;0;2;1;0;1
202300031947;155 623 942;7;0;2;3;0;1
202300031948;155 623 934;42;0;0;0;0;1
202300031949;155 623 933;7;0;2;1;1;1
202300031949;155 623 935;7;0;2;4;23;1
202300031949;155 623 938;7;0;2;2;21;1
202300031950;155 623 931;10;9;0;1;1;0
202300031951;155 623 930;7;0;2;4;1;1
202300031951;155 623 932;10;0;2;1;1;1
202300031952;155 623 928;1;0;2;8;15;5
202300031952;155 623 929;50;0;2;2;17;3
202300031953;155 623 926;7;6;0;3;13;1
202300031954;155 623 923;7;3;2;0;21;1
202300031954;155 623 925;7;3;2;1;2;1
202300031954;155 623 927;7;3;2;4;2;1
202300031955;155 623 922;33;0;2;3;17;1
202300031955;155 623 924;99;0;2;3;15;1
202300031956;155 623 919;33;0;2;7;1;1
202300031956;155 623 921;7;0;2;4;4;1
202300031957;155 623 918;7;0;1;1;1;1
202300031958;155 623 916;2;0;2;1;1;1
202300031958;155 623 920;10;0;2;4;1;1
202300031959;155 623 914;10;4;2;8;1;1
202300031959;155 623 915;10;4;2;1;2;1
202300031959;155 623 917;7;4;2;7;14;1
202300031960;155 623 910;7;1;1;2;17;1
202300031961;155 623 908;7;0;2;2;1;1
202300031961;155 623 912;10;0;2;3;9;1
202300031962;155 623 911;30;0;2;7;1;1
202300031962;155 623 913;7;0;2;8;22;1
202300031963;155 623 903;7;1;2;1;2;1
202300031963;155 623 905;7;0;2;4;2;1
202300031964;155 623 902;50;0;1;2;25;3
202300031965;155 623 901;7;4;2;1;2;1
202300031965;155 623 906;10;4;2;4;2;1
202300031965;155 623 907;7;4;2;4;2;1
202300031965;155 623 909;7;4;2;4;2;1
202300031966;155 623 904;7;0;1;3;15;1
202300031967;155 623 900;7;0;1;1;1;1
202300031968;155 623 897;7;0;2;3;1;2
202300031968;155 623 898;7;0;0;5;1;1
202300031969;155 623 895;7;0;2;3;1;1
202300031969;155 623 899;1;0;2;1;1;5
202300031970;155 623 896;50;0;1;2;21;3
202300031971;155 623 893;7;0;2;1;15;1
202300031971;155 623 894;32;0;2;1;1;1
202300031972;155 623 891;33;0;2;9;21;1
202300031972;155 623 892;33;0;2;9;26;1
202300031973;155 623 889;7;0;1;8;1;2
202300031974;155 623 887;7;0;1;3;1;1
202300031975;155 623 885;7;0;2;1;13;1
202300031975;155 623 888;7;0;2;1;1;1
202300031975;155 623 890;10;0;2;3;1;1
202300031976;155 623 884;7;0;2;1;1;1
202300031976;155 623 886;7;0;2;4;1;1
202300031977;155 623 881;14;0;2;7;1;1
202300031977;155 623 883;80;0;2;8;19;3
202300031978;155 623 880;1;0;2;0;0;5
202300031978;155 623 882;7;0;9;8;1;1
202300031979;155 623 878;30;0;2;1;1;1
202300031979;155 623 879;7;0;2;4;23;1
202300031980;155 623 876;7;0;2;1;2;1
202300031980;155 623 877;7;0;2;4;2;1
202300031981;155 623 872;7;0;2;2;15;1
202300031981;155 623 875;32;0;2;1;1;1
202300031982;155 623 870;7;0;2;4;1;0
202300031982;155 623 874;7;0;0;1;0;0
202300031983;155 623 871;7;0;2;8;26;1
202300031983;155 623 873;30;0;2;8;1;1
202300031984;155 623 869;7;0;1;1;26;0
202300031985;155 623 865;2;14;0;1;26;1
202300031986;155 623 864;7;0;2;1;13;1
202300031986;155 623 867;10;0;2;3;1;1
202300031987;155 623 862;30;0;2;1;1;1
202300031987;155 623 868;33;0;2;2;1;1
202300031988;155 623 861;99;0;1;3;1;2
202300031989;155 623 859;7;0;1;2;1;1
202300031990;155 623 858;7;15;0;1;14;1
202300031991;155 623 855;33;0;2;1;1;1
202300031991;155 623 857;7;0;2;1;5;1
202300031991;155 623 860;7;0;2;1;1;1
202300031992;155 623 851;33;0;2;5;1;1
202300031992;155 623 854;7;0;2;5;15;1
202300031993;155 623 847;7;1;0;1;1;1
202300031993;155 623 850;7;1;0;1;23;1
202300031993;155 623 852;7;0;2;4;23;1
202300031994;155 623 846;50;0;2;1;1;3
202300031994;155 623 848;7;0;2;7;16;1
202300031995;155 623 845;7;1;2;2;1;1
202300031995;155 623 849;10;0;2;3;15;1
202300031996;155 623 844;7;0;1;1;1;1
202300031997;155 623 839;1;0;2;2;1;5
202300031997;155 623 843;7;0;2;1;20;1
202300031998;155 623 838;7;0;1;2;1;1
202300031999;155 623 837;7;0;2;1;1;1
202300031999;155 623 841;33;0;2;1;1;1
202300032000;155 623 836;34;14;0;8;15;1