Num_Acc;id_vehicule;categorie_vehicule;obstacle_fixe;obstacle_mobile;point_choc_initial;manoeuvre_principale;motorisation
202300032001;155 623 831;13;0;2;1;2;1
202300032001;155 623 833;7;0;2;4;2;1
202300032002;155 623 832;7;0;2;5;23;1
202300032002;155 623 835;33;0;2;1;1;1
202300032003;155 623 830;7;0;2;2;16;1
202300032003;155 623 834;1;0;2;1;1;5
202300032004;155 623 827;7;0;2;1;1;1
202300032004;155 623 829;7;1;2;5;1;1
202300032005;155 623 825;7;0;2;1;1;1
202300032005;155 623 828;13;0;2;8;0;1
202300032006;155 623 824;7;0;1;1;1;1
202300032007;155 623 823;7;5;0;1;2;1
202300032008;155 623 822;7;4;0;0;0;1
202300032008;155 623 826;7;0;2;1;0;1
202300032009;155 623 819;30;0;2;2;12;1
202300032009;155 623 821;7;0;2;0;0;1
202300032010;155 623 820;7;1;0;3;2;1
202300032011;155 623 817;2;0;2;1;1;1
202300032011;155 623 818;10;0;2;2;16;1
202300032012;155 623 813;37;0;2;2;2;1
202300032012;155 623 816;50;0;2;4;11;3
202300032013;155 623 811;1;0;2;1;19;5
202300032013;155 623 814;7;0;2;0;0;1
202300032014;155 623 807;7;0;1;5;4;1
202300032015;155 623 805;2;0;0;0;1;5
202300032016;155 623 806;7;0;2;3;5;1
202300032016;155 623 809;7;0;2;3;0;1
202300032016;155 623 815;7;0;2;3;1;1
202300032017;155 623 802;7;0;2;3;9;0
202300032017;155 623 804;1;0;2;2;1;5
202300032018;155 623 801;7;0;1;1;16;1
202300032019;155 623 803;7;0;1;1;5;1
202300032020;155 623 800;7;14;0;9;13;1
202300032021;155 623 796;33;0;2;5;17;1
202300032021;155 623 799;7;0;2;3;13;1
202300032022;155 623 793;50;0;2;1;5;3
202300032022;155 623 797;10;0;2;1;1;1
202300032023;155 623 792;10;0;1;4;26;1
202300032024;155 623 788;7;0;2;1;1;1
202300032024;155 623 790;7;0;2;0;0;1
202300032024;155 623 791;7;0;2;8;26;1
202300032025;155 623 786;7;1;0;1;13;1
202300032026;155 623 785;7;7;2;1;19;1
202300032026;155 623 789;7;9;2;8;1;1
202300032027;155 623 784;7;0;1;2;1;1
202300032028;155 623 783;99;0;2;2;0;1
202300032028;155 623 787;7;0;0;1;19;1
202300032029;155 623 780;7;0;2;1;26;1
202300032029;155 623 782;33;0;2;1;17;1
202300032030;155 623 779;33;0;2;1;2;1
202300032030;155 623 781;13;0;2;4;2;1
202300032031;155 623 775;7;0;2;3;9;1
202300032031;155 623 778;2;0;2;1;1;1
202300032032;155 623 771;7;0;2;5;17;0
202300032032;155 623 774;7;0;2;1;1;1
202300032032;155 623 777;7;0;2;2;26;1
202300032033;155 623 773;33;0;2;1;17;1
202300032033;155 623 776;7;0;2;3;21;1
202300032034;155 623 769;7;0;2;1;1;1
202300032034;155 623 772;7;0;2;8;15;1
202300032035;155 623 768;7;0;2;1;1;0
202300032035;155 623 770;7;0;2;1;19;0
202300032036;155 623 765;7;0;2;0;0;0
202300032036;155 623 767;80;0;9;4;1;3
202300032037;155 623 766;1;0;0;0;1;5
202300032038;155 623 764;7;0;1;3;15;1
202300032039;155 623 763;7;0;1;3;15;1
202300032040;155 623 761;31;12;0;2;14;1
202300032041;155 623 759;1;0;2;1;2;5
202300032041;155 623 762;7;0;9;7;10;1
202300032042;155 623 758;7;0;2;6;15;1
202300032042;155 623 760;33;0;2;2;1;1
202300032043;155 623 757;32;0;1;8;17;0
202300032044;155 623 751;7;0;2;4;1;1
202300032044;155 623 756;7;0;2;1;1;1
202300032045;155 623 750;7;4;0;2;0;1
202300032045;155 623 753;7;4;0;2;3;1
202300032046;155 623 749;7;0;2;5;1;1
202300032046;155 623 755;37;0;2;4;23;1
202300032047;155 623 752;33;0;2;7;17;1
202300032047;155 623 754;7;0;2;3;16;1
202300032048;155 623 746;7;0;1;1;2;1
202300032049;155 623 745;7;2;0;1;1;1
202300032050;155 623 744;7;0;2;2;26;1
202300032050;155 623 748;30;0;2;3;1;1
202300032051;155 623 743;7;0;2;0;0;0
202300032051;155 623 747;31;0;2;1;19;0
202300032052;155 623 739;10;0;2;1;1;1
202300032052;155 623 741;7;0;0;4;23;1
202300032053;155 623 737;7;0;2;1;15;1
202300032053;155 623 742;7;0;2;3;1;1
202300032054;155 623 738;7;13;0;9;1;1
202300032055;155 623 736;50;0;2;8;1;3
202300032055;155 623 740;3;0;2;2;14;1
202300032056;155 623 735;7;13;0;9;21;1
202300032057;155 623 733;7;0;1;3;1;1
202300032058;155 623 732;7;0;2;3;1;1
202300032058;155 623 734;7;0;2;3;15;1
202300032059;155 623 731;7;0;1;1;1;1
202300032060;155 623 730;7;0;1;1;15;1
202300032061;155 623 729;30;12;0;3;0;1
202300032062;155 623 727;1;0;2;8;1;5
202300032062;155 623 728;7;0;2;7;17;1
202300032063;155 623 726;7;0;1;2;1;1
202300032064;155 623 723;7;0;1;7;16;1
202300032065;155 623 724;7;0;2;2;15;1
202300032065;155 623 725;30;0;2;1;1;1
202300032066;155 623 722;7;0;1;2;1;1
202300032067;155 623 718;33;0;2;1;1;1
202300032067;155 623 720;7;0;2;2;15;1
202300032068;155 623 719;7;0;2;1;13;1
202300032068;155 623 721;10;0;2;3;1;1
202300032069;155 623 712;7;0;2;8;15;1
202300032069;155 623 714;34;0;2;1;17;1
202300032070;155 623 715;7;0;2;1;13;1
202300032070;155 623 717;17;0;2;1;5;1
202300032071;155 623 711;7;0;2;2;26;0
202300032071;155 623 716;7;0;2;2;1;1
202300032072;155 623 710;7;0;1;4;1;1
202300032072;155 623 713;7;0;0;1;15;1
202300032073;155 623 703;7;0;2;2;15;1
202300032073;155 623 707;7;0;2;7;1;1
202300032074;155 623 706;7;0;1;1;16;3
202300032075;155 623 702;7;0;9;2;1;1
202300032075;155 623 705;1;0;2;1;5;5
202300032076;155 623 701;7;0;2;4;1;2
202300032076;155 623 704;7;0;2;4;1;1
202300032076;155 623 708;7;0;2;1;1;1
202300032077;155 623 699;7;1;0;1;14;1
202300032078;155 623 697;33;0;2;7;15;1
202300032078;155 623 700;7;0;2;3;1;1
202300032079;155 623 696;2;0;2;0;11;1
202300032079;155 623 698;7;0;2;3;1;1
202300032080;155 623 695;50;12;0;1;1;3
202300032081;155 623 691;50;0;2;1;1;3
202300032081;155 623 693;7;0;2;1;15;1
202300032082;155 623 692;1;0;0;1;16;5
202300032082;155 623 694;15;0;2;1;1;1
202300032083;155 623 689;7;0;2;3;15;1
202300032083;155 623 690;33;0;2;3;1;1
202300032084;155 623 686;7;0;2;1;1;1
202300032084;155 623 688;7;0;2;4;1;1
202300032085;155 623 687;7;13;0;1;1;1
202300032086;155 623 685;7;0;1;1;1;1
202300032087;155 623 684;1;0;1;1;15;5
202300032088;155 623 682;7;0;2;3;13;1
202300032088;155 623 683;7;0;2;3;1;1
202300032089;155 623 679;7;9;2;3;1;1
202300032089;155 623 681;7;9;2;3;1;1
202300032090;155 623 676;33;0;2;1;1;1
202300032090;155 623 680;7;0;2;6;19;6
202300032091;155 623 674;7;0;0;9;16;1
202300032092;155 623 672;32;0;2;1;1;1
202300032092;155 623 673;7;0;2;6;16;1
202300032093;155 623 675;32;0;2;3;1;1
202300032093;155 623 678;7;0;2;2;12;1
202300032094;155 623 670;10;0;2;3;13;1
202300032094;155 623 671;7;0;2;3;1;1
202300032095;155 623 668;7;2;0;1;13;0
202300032096;155 623 666;7;0;2;8;1;1
202300032096;155 623 669;7;0;2;8;13;1
202300032097;155 623 667;7;0;1;5;4;1
202300032098;155 623 665;7;4;0;3;26;1
202300032099;155 623 663;33;0;2;1;1;1
202300032099;155 623 664;10;0;9;2;15;1
202300032100;155 623 657;7;0;2;6;1;1
202300032100;155 623 659;7;0;2;2;15;1
202300032101;155 623 655;7;0;1;2;1;1
202300032102;155 623 651;7;0;2;2;13;1
202300032102;155 623 654;7;0;2;1;1;1
202300032103;155 623 652;7;0;2;1;0;1
202300032103;155 623 656;7;0;2;1;0;1
202300032104;155 623 650;7;0;2;1;1;1
202300032104;155 623 653;7;0;2;1;13;1
202300032105;155 623 648;32;0;2;2;1;1
202300032105;155 623 649;7;12;0;2;15;1
202300032106;155 623 647;7;15;0;1;13;1
202300032107;155 623 645;7;0;1;2;1;1
202300032108;155 623 646;50;2;0;0;0;3
202300032109;155 623 643;7;0;2;1;2;1
202300032109;155 623 644;33;0;2;4;2;1
202300032110;155 623 642;7;13;0;1;14;1
202300032111;155 623 641;10;2;0;1;1;1
202300032112;155 623 639;7;1;0;1;14;1
202300032112;155 623 640;7;0;2;4;24;1
202300032113;155 623 637;7;0;1;4;4;0
202300032114;155 623 638;36;13;0;0;15;1
202300032115;155 623 636;37;0;1;7;1;0
202300032116;155 623 630;15;0;2;4;1;0
202300032116;155 623 634;15;0;2;4;1;0
202300032116;155 623 635;15;0;2;1;2;0
202300032117;155 623 629;7;0;2;3;13;1
202300032117;155 623 632;16;0;2;3;1;1
202300032118;155 623 631;30;12;0;3;15;1
202300032119;155 623 627;7;0;2;1;1;1
202300032119;155 623 633;1;0;2;1;16;5
202300032120;155 623 625;7;0;2;2;1;1
202300032120;155 623 628;7;0;2;5;15;1
202300032121;155 623 621;3;2;0;1;1;1
202300032122;155 623 619;7;0;2;3;1;1
202300032122;155 623 623;37;0;2;1;0;1
202300032122;155 623 626;31;0;2;1;17;1
202300032123;155 623 620;7;0;2;3;1;1
202300032123;155 623 624;7;0;2;3;15;1
202300032124;155 623 618;7;12;0;1;1;1
202300032124;155 623 622;7;0;9;1;1;1
202300032125;155 623 612;7;0;2;7;19;1
202300032125;155 623 615;3;0;2;1;1;1
202300032126;155 623 613;1;0;2;4;2;5
202300032126;155 623 614;7;0;2;2;2;1
202300032127;155 623 609;1;0;2;0;1;5
202300032127;155 623 611;7;0;9;2;2;1
202300032128;155 623 608;21;0;2;1;2;1
202300032128;155 623 610;7;0;2;4;13;1
202300032129;155 623 605;37;0;1;2;1;1
202300032130;155 623 602;7;0;2;1;1;1
202300032130;155 623 607;7;0;2;7;1;1
202300032131;155 623 601;1;0;2;4;1;5
202300032131;155 623 604;15;0;2;2;1;1
202300032132;155 623 600;7;0;2;1;2;1
202300032132;155 623 603;7;0;2;4;2;1
202300032132;155 623 606;7;0;2;5;2;1
202300032133;155 623 599;7;0;1;1;1;1
202300032134;155 623 593;7;13;0;0;17;0
202300032134;155 623 598;7;0;0;0;13;0
202300032135;155 623 594;7;0;2;3;15;1
202300032135;155 623 596;31;0;2;2;1;1
202300032136;155 623 591;7;0;0;5;1;1
202300032136;155 623 597;7;6;0;2;9;1
202300032137;155 623 592;7;0;2;8;1;1
202300032137;155 623 595;7;0;2;1;16;1
202300032138;155 623 587;7;0;1;1;1;1
202300032139;155 623 586;7;0;2;3;13;1
202300032139;155 623 590;7;0;2;3;2;1
202300032140;155 623 585;7;0;2;1;1;1
202300032140;155 623 589;7;0;2;1;15;1
202300032141;155 623 583;7;9;2;1;5;1
202300032141;155 623 588;7;0;2;1;1;1
202300032142;155 623 582;10;0;2;4;1;1
202300032142;155 623 584;7;0;2;1;2;1
202300032143;155 623 578;7;0;2;1;9;1
202300032143;155 623 581;32;0;2;8;1;1
202300032144;155 623 577;21;0;2;2;19;1
202300032144;155 623 580;7;0;2;3;2;1
202300032145;155 623 575;33;0;2;1;1;1
202300032145;155 623 579;7;0;2;3;15;1
202300032146;155 623 576;7;0;1;1;16;1
202300032147;155 623 574;60;16;0;0;1;5
202300032148;155 623 569;7;0;2;7;2;6
202300032148;155 623 571;1;0;2;1;19;5
202300032149;155 623 570;1;0;2;1;1;5
202300032149;155 623 573;7;0;2;3;9;1
202300032150;155 623 566;0;0;2;0;0;0
202300032150;155 623 567;60;0;2;1;26;5
202300032151;155 623 568;7;0;2;6;23;1
202300032151;155 623 572;34;0;0;0;0;0
202300032152;155 623 563;13;0;1;1;1;1
202300032153;155 623 561;7;13;0;1;1;1
202300032154;155 623 562;7;0;2;1;2;6
202300032154;155 623 564;7;0;2;2;19;6
202300032154;155 623 565;7;0;2;7;23;1
202300032155;155 623 558;7;0;2;2;14;1
202300032155;155 623 560;7;0;2;3;1;1
202300032156;155 623 557;7;0;2;3;10;1
202300032156;155 623 559;33;0;2;1;1;1
202300032157;155 623 554;33;0;2;7;11;1
202300032157;155 623 556;7;0;2;1;1;1
202300032158;155 623 550;10;0;2;8;1;1
202300032158;155 623 553;7;0;2;1;1;1
202300032158;155 623 555;7;0;2;2;1;1
202300032159;155 623 546;7;0;2;1;0;1
202300032159;155 623 548;7;0;2;6;1;1
202300032159;155 623 552;7;0;2;1;13;1
202300032160;155 623 545;7;0;2;3;1;1
202300032160;155 623 549;7;3;2;9;3;1
202300032160;155 623 551;7;0;2;6;1;1
202300032161;155 623 540;7;0;2;6;10;1
202300032161;155 623 542;7;0;2;3;1;1
202300032162;155 623 539;7;0;2;1;2;1
202300032162;155 623 541;7;0;2;4;2;1
202300032163;155 623 538;7;13;0;2;5;1
202300032164;155 623 537;7;0;2;1;1;1
202300032164;155 623 543;7;0;2;2;15;1
202300032165;155 623 535;7;17;0;1;1;1
202300032166;155 623 534;7;0;1;1;15;1
202300032167;155 623 533;7;0;2;8;11;1
202300032167;155 623 536;31;0;2;7;1;1
202300032168;155 623 531;7;0;0;0;26;1
202300032169;155 623 529;7;2;0;3;1;1
202300032170;155 623 526;10;0;2;1;1;1
202300032170;155 623 528;7;0;2;4;23;1
202300032170;155 623 532;7;0;2;4;23;1
202300032171;155 623 525;33;0;2;7;12;1
202300032171;155 623 527;33;0;2;8;3;1
202300032171;155 623 530;7;0;2;8;1;1
202300032172;155 623 521;7;0;2;5;1;2
202300032172;155 623 523;33;0;2;7;3;1
202300032172;155 623 524;7;0;2;8;13;1
202300032173;155 623 518;7;4;0;3;13;1
202300032174;155 623 519;33;0;2;1;2;1
202300032174;155 623 522;7;0;0;4;2;1
202300032175;155 623 517;7;0;2;1;1;1
202300032175;155 623 520;32;0;2;4;1;1
202300032176;155 623 514;10;2;0;1;2;1
202300032177;155 623 513;32;0;2;3;3;1
202300032177;155 623 516;7;0;2;5;2;2
202300032178;155 623 511;7;0;2;5;1;1
202300032178;155 623 512;7;0;2;3;1;1
202300032178;155 623 515;33;0;2;1;3;1
202300032179;155 623 510;7;0;1;1;1;1
202300032180;155 623 509;7;17;0;2;14;1
202300032181;155 623 507;43;0;2;4;2;1
202300032181;155 623 508;2;0;2;1;2;1
202300032182;155 623 504;7;0;2;3;13;1
202300032182;155 623 506;7;0;2;3;1;1
202300032183;155 623 503;15;0;2;8;1;1
202300032183;155 623 505;10;0;2;3;1;1
202300032184;155 623 498;7;0;2;3;15;0
202300032184;155 623 501;50;0;2;7;1;3
202300032185;155 623 500;7;6;2;1;0;1
202300032185;155 623 502;7;0;2;1;0;1
202300032186;155 623 497;50;0;0;0;26;3
202300032187;155 623 496;7;0;2;3;9;1
202300032187;155 623 499;1;0;2;2;1;5
202300032188;155 623 494;33;3;0;7;1;1
202300032189;155 623 495;1;8;0;1;21;5
202300032190;155 623 492;7;0;2;8;9;1
202300032190;155 623 493;30;0;2;1;9;1
202300032191;155 623 491;7;13;0;8;1;1
202300032192;155 623 488;33;2;0;1;1;1
202300032193;155 623 489;50;0;2;0;21;3
202300032194;155 623 486;7;0;2;3;15;1
202300032194;155 623 487;50;0;2;1;19;3
202300032195;155 623 485;7;0;2;7;1;2
202300032195;155 623 490;31;0;2;8;1;1
202300032196;155 623 483;7;8;2;1;17;1
202300032196;155 623 484;7;0;2;3;15;1
202300032197;155 623 482;34;0;2;0;1;1
202300032198;155 623 478;7;0;0;4;23;1
202300032198;155 623 481;10;0;2;1;2;1
202300032199;155 623 475;7;0;2;8;15;1
202300032199;155 623 479;7;0;2;1;17;1
202300032200;155 623 474;31;0;2;1;1;1
202300032200;155 623 476;7;0;2;3;9;1
202300032201;155 623 477;1;0;2;0;1;5
202300032201;155 623 480;7;0;2;7;20;1
202300032202;155 623 472;33;0;1;1;1;1
202300032203;155 623 468;1;12;0;2;14;5
202300032204;155 623 469;7;0;2;3;13;0
202300032204;155 623 471;7;0;2;3;1;0
202300032205;155 623 466;7;0;2;1;1;1
202300032205;155 623 467;7;0;2;4;2;1
202300032206;155 623 463;7;0;2;5;22;2
202300032206;155 623 465;50;1;0;3;1;3
202300032207;155 623 462;7;15;0;2;1;1
202300032208;155 623 460;50;0;0;0;1;3
202300032209;155 623 457;33;0;2;3;1;0
202300032209;155 623 459;7;0;2;2;11;1
202300032210;155 623 455;15;0;1;3;20;1
202300032211;155 623 458;7;0;2;2;1;1
202300032211;155 623 464;50;0;2;4;1;3
202300032212;155 623 456;33;0;2;7;5;1
202300032212;155 623 461;7;0;2;3;15;1
202300032213;155 623 453;10;8;2;1;7;1
202300032213;155 623 454;10;0;2;7;16;1
202300032214;155 623 452;7;0;1;1;1;1
202300032215;155 623 451;7;0;1;1;1;1
202300032216;155 623 449;7;0;1;2;1;1
202300032217;155 623 450;30;0;0;1;26;0
202300032218;155 623 446;7;0;2;3;1;1
202300032218;155 623 448;10;0;2;8;1;1
202300032219;155 623 445;7;0;2;6;1;1
202300032219;155 623 447;7;0;2;2;17;1
202300032220;155 623 442;7;0;1;1;1;1
202300032221;155 623 443;7;0;2;3;9;1
202300032221;155 623 444;1;0;2;7;1;5
202300032222;155 623 441;7;0;1;2;16;1
202300032223;155 623 437;14;0;9;1;21;1
202300032223;155 623 440;1;0;2;4;1;5
202300032224;155 623 436;7;0;2;3;1;1
202300032224;155 623 438;7;0;2;3;21;1
202300032225;155 623 434;7;0;2;1;0;3
202300032225;155 623 439;7;0;2;4;26;1
202300032226;155 623 432;7;0;2;7;15;1
202300032226;155 623 435;2;0;2;1;1;1
202300032227;155 623 431;7;0;0;1;1;1
202300032228;155 623 429;7;0;1;1;1;0
202300032229;155 623 428;50;0;2;1;1;3
202300032229;155 623 430;7;0;2;1;1;1
202300032230;155 623 423;7;0;2;3;17;1
202300032230;155 623 426;7;0;2;1;1;1
202300032231;155 623 422;7;0;2;2;0;0
202300032231;155 623 425;7;0;2;5;1;1
202300032232;155 623 424;7;0;2;0;13;1
202300032232;155 623 427;33;0;2;1;1;1
202300032233;155 623 417;1;1;0;1;26;5
202300032234;155 623 419;7;0;2;0;0;1
202300032234;155 623 421;30;0;2;3;16;1
202300032235;155 623 416;7;0;2;4;1;1
202300032235;155 623 418;7;0;2;1;1;1
202300032236;155 623 415;7;0;2;1;1;0
202300032236;155 623 420;7;0;2;4;23;0
202300032237;155 623 414;7;0;1;1;25;1
202300032238;155 623 412;7;8;0;2;1;1
202300032239;155 623 408;7;1;0;9;1;1
202300032240;155 623 407;7;6;0;2;1;1
202300032241;155 623 410;7;0;2;8;15;1
202300032241;155 623 411;34;0;2;1;1;1
202300032242;155 623 404;7;0;2;1;26;0
202300032242;155 623 405;7;0;2;1;23;6
202300032243;155 623 402;32;12;0;0;16;1
202300032244;155 623 399;10;0;2;1;1;1
202300032244;155 623 403;7;0;2;1;5;1
202300032244;155 623 406;7;0;2;6;1;1
202300032244;155 623 409;7;0;2;1;2;1
202300032244;155 623 413;7;1;0;6;1;1
202300032245;155 623 398;7;0;2;4;2;1
202300032245;155 623 401;7;0;2;1;2;1
202300032246;155 623 397;7;0;2;3;13;1
202300032246;155 623 400;7;0;2;3;1;1
202300032247;155 623 395;7;0;1;1;1;1
202300032248;155 623 394;7;6;1;1;0;1
202300032249;155 623 393;7;0;2;1;1;1
202300032249;155 623 396;7;0;2;1;13;1
202300032250;155 623 391;7;11;0;1;1;1
202300032251;155 623 390;7;0;2;2;15;1
202300032251;155 623 392;33;0;2;1;1;1
202300032252;155 623 389;7;0;1;1;9;1
202300032253;155 623 386;3;0;2;0;0;1
202300032253;155 623 388;10;0;2;3;1;1
202300032254;155 623 387;50;0;1;8;1;3
202300032255;155 623 383;32;0;2;1;17;1
202300032255;155 623 384;7;0;2;3;1;1
202300032256;155 623 382;7;0;2;1;1;1
202300032256;155 623 385;7;0;2;6;2;1
202300032257;155 623 378;33;0;2;2;15;1
202300032257;155 623 381;7;0;2;3;15;0
202300032258;155 623 377;33;0;2;1;1;1
202300032258;155 623 379;7;0;2;7;0;1
202300032259;155 623 376;7;0;1;1;1;0
202300032260;155 623 373;7;0;2;2;1;1
202300032260;155 623 380;7;0;2;3;1;1
202300032261;155 623 369;32;0;2;1;26;1
202300032261;155 623 372;7;0;0;0;0;1
202300032262;155 623 366;33;0;2;2;21;1
202300032262;155 623 368;7;0;2;3;15;1
202300032263;155 623 365;7;0;2;4;2;1
202300032263;155 623 371;7;0;2;4;2;1
202300032263;155 623 375;10;0;2;1;2;1
202300032264;155 623 367;7;0;2;8;15;1
202300032264;155 623 370;7;0;2;1;17;1
202300032265;155 623 364;7;0;1;1;15;2
202300032266;155 623 362;50;0;2;8;19;3
202300032266;155 623 363;7;0;9;1;0;1
202300032267;155 623 355;7;0;2;3;1;0
202300032267;155 623 361;7;0;2;6;15;0
202300032268;155 623 356;7;0;9;1;15;6
202300032268;155 623 360;50;0;2;7;1;3
202300032269;155 623 353;7;0;1;2;17;1
202300032270;155 623 352;30;0;2;1;1;1
202300032270;155 623 358;7;0;2;3;16;1
202300032271;155 623 351;7;0;2;4;2;1
202300032271;155 623 354;7;0;2;4;2;2
202300032271;155 623 357;10;0;2;3;2;1
202300032271;155 623 359;7;0;2;4;2;1
202300032272;155 623 348;7;0;2;3;15;1
202300032272;155 623 350;33;0;2;2;17;1
202300032273;155 623 347;7;0;1;3;1;1
202300032274;155 623 349;33;0;0;0;0;1
202300032275;155 623 345;7;0;2;1;1;1
202300032275;155 623 346;50;0;2;1;5;3
202300032276;155 623 344;7;9;0;2;14;1
202300032277;155 623 343;7;3;0;3;1;1
202300032278;155 623 336;7;0;2;2;14;1
202300032278;155 623 340;32;0;2;3;1;1
202300032279;155 623 335;7;0;2;2;1;1
202300032279;155 623 339;1;0;2;8;1;5
202300032280;155 623 337;10;0;1;1;1;1
202300032281;155 623 334;7;0;2;1;2;1
202300032281;155 623 338;10;0;2;4;2;1
202300032282;155 623 333;7;0;1;1;1;1
202300032283;155 623 331;32;0;0;0;0;1
202300032284;155 623 330;7;0;1;3;20;1
202300032285;155 623 327;7;0;2;1;1;1
202300032285;155 623 332;7;0;2;4;1;1
202300032286;155 623 326;7;0;2;6;9;1
202300032286;155 623 328;33;0;2;1;1;1
202300032287;155 623 323;7;1;0;2;1;1
202300032288;155 623 324;7;0;1;1;0;0
202300032289;155 623 322;10;0;2;4;2;0
202300032289;155 623 325;7;0;2;1;2;0
202300032289;155 623 329;7;0;2;4;2;0
202300032290;155 623 320;10;0;1;1;1;1
202300032291;155 623 315;7;0;2;4;1;1
202300032291;155 623 319;7;0;2;4;2;1
202300032291;155 623 321;7;0;2;1;2;1
202300032292;155 623 316;33;0;0;1;21;1
202300032293;155 623 313;10;0;2;4;15;1
202300032293;155 623 318;7;0;2;1;15;1
202300032294;155 623 312;34;0;2;7;17;1
202300032294;155 623 317;7;0;2;8;15;1
202300032295;155 623 310;43;0;0;0;3;1
202300032296;155 623 309;7;0;2;5;1;1
202300032296;155 623 314;50;0;2;1;1;3
202300032297;155 623 307;1;0;2;5;15;5
202300032297;155 623 311;7;0;2;2;1;1
202300032298;155 623 305;2;0;2;1;26;0
202300032298;155 623 308;7;0;2;3;1;1
202300032299;155 623 301;7;0;2;4;1;0
202300032299;155 623 304;10;0;2;4;0;0
202300032299;155 623 306;7;0;2;1;1;6
202300032300;155 623 295;7;0;2;4;1;1
202300032300;155 623 300;7;0;2;1;2;1
202300032300;155 623 303;7;0;2;1;2;1
202300032301;155 623 294;7;0;2;1;2;1
202300032301;155 623 298;7;0;2;4;2;1
202300032301;155 623 302;7;0;2;4;2;1
202300032302;155 623 292;7;0;2;4;23;1
202300032302;155 623 296;7;0;2;1;2;1
202300032302;155 623 299;7;0;2;5;23;1
202300032303;155 623 291;7;0;2;3;19;1
202300032303;155 623 297;7;0;2;1;1;1
202300032304;155 623 290;10;0;2;5;15;1
202300032304;155 623 293;33;0;2;1;1;1
202300032305;155 623 288;7;0;1;1;2;1
202300032306;155 623 287;7;0;2;5;2;3
202300032306;155 623 289;7;0;2;1;2;1
202300032307;155 623 284;7;1;0;2;14;1
202300032308;155 623 282;7;0;2;8;15;1
202300032308;155 623 285;33;0;2;1;1;1
202300032309;155 623 283;7;0;2;1;1;1
202300032309;155 623 286;7;0;2;2;1;1
202300032310;155 623 279;7;0;1;3;1;1
202300032311;155 623 277;7;0;2;5;15;1
202300032311;155 623 280;10;0;2;2;1;1
202300032312;155 623 275;2;0;2;1;2;1
202300032312;155 623 278;10;0;2;5;15;1
202300032313;155 623 276;7;2;0;7;17;1
202300032314;155 623 272;7;0;2;2;15;1
202300032314;155 623 274;7;0;2;1;1;1
202300032315;155 623 271;50;0;2;1;1;3
202300032315;155 623 273;7;0;2;1;1;1
202300032316;155 623 267;30;0;2;1;3;1
202300032316;155 623 270;7;0;2;4;15;1
202300032317;155 623 265;50;0;2;7;19;3
202300032317;155 623 268;7;0;2;1;1;1
202300032318;155 623 266;31;0;2;1;2;1
202300032318;155 623 269;7;0;2;2;15;6
202300032319;155 623 262;7;0;2;2;15;1
202300032319;155 623 263;2;0;2;1;1;1
202300032320;155 623 260;31;0;0;0;0;1
202300032321;155 623 261;7;0;2;7;17;1
202300032321;155 623 264;80;0;2;8;15;3
202300032322;155 623 259;7;0;1;1;19;1
202300032323;155 623 258;32;1;0;1;1;1
202300032324;155 623 255;33;0;0;8;1;1
202300032325;155 623 256;10;0;2;2;2;1
202300032325;155 623 257;7;0;0;4;23;1
202300032326;155 623 249;7;0;2;7;15;1
202300032326;155 623 250;2;0;2;1;1;1
202300032327;155 623 248;7;0;2;3;11;1
202300032327;155 623 251;7;0;2;7;1;1
202300032328;155 623 253;7;0;2;1;2;1
202300032328;155 623 254;7;0;0;4;2;1
202300032329;155 623 245;7;0;2;3;13;1
202300032329;155 623 247;2;0;2;0;1;1
202300032330;155 623 243;7;0;2;3;1;1
202300032330;155 623 244;7;0;2;8;1;1
202300032330;155 623 252;7;0;2;1;17;1
202300032331;155 623 239;10;0;9;7;15;1
202300032331;155 623 242;50;0;2;1;1;3
202300032332;155 623 238;37;0;1;7;1;1
202300032333;155 623 237;1;0;2;1;5;5
202300032333;155 623 240;7;0;2;1;1;1
202300032334;155 623 236;7;9;2;7;1;1
202300032334;155 623 241;7;9;2;8;0;1
202300032334;155 623 246;7;9;2;1;1;1
202300032335;155 623 233;34;0;1;7;3;1
202300032336;155 623 234;30;0;2;1;7;1
202300032336;155 623 235;10;0;2;2;0;1
202300032337;155 623 229;7;0;2;2;1;1
202300032337;155 623 231;7;0;2;3;13;1
202300032338;155 623 228;50;0;2;1;7;3
202300032338;155 623 232;7;16;2;3;15;1
202300032339;155 623 227;1;0;0;0;0;5
202300032339;155 623 230;7;0;2;1;26;1
202300032340;155 623 224;99;0;9;0;0;1
202300032340;155 623 226;32;0;0;0;0;1
202300032341;155 623 223;7;0;2;3;1;1
202300032341;155 623 225;7;0;2;3;13;1
202300032342;155 623 220;38;0;0;3;1;1
202300032342;155 623 222;7;0;0;3;13;1
202300032343;155 623 219;7;0;1;1;1;0
202300032344;155 623 218;10;1;0;1;1;1
202300032345;155 623 217;7;0;2;2;1;1
202300032345;155 623 221;1;0;2;6;1;0
202300032346;155 623 215;7;0;2;4;1;1
202300032346;155 623 216;10;0;2;1;1;1
202300032347;155 623 213;7;0;1;2;14;0
202300032348;155 623 212;7;0;2;7;19;1
202300032348;155 623 214;7;0;2;3;0;1
202300032349;155 623 208;7;0;2;4;11;1