Num_Acc;id_vehicule;categorie_vehicule;obstacle_fixe;obstacle_mobile;point_choc_initial;manoeuvre_principale;motorisation
202300032349;155 623 211;33;0;2;1;3;1
202300032350;155 623 204;7;0;2;4;2;1
202300032350;155 623 207;10;0;2;4;2;1
202300032350;155 623 209;7;0;2;1;2;1
202300032351;155 623 203;7;0;1;3;20;1
202300032352;155 623 200;7;0;2;3;1;1
202300032352;155 623 205;7;0;2;6;15;1
202300032353;155 623 198;17;13;0;2;13;1
202300032354;155 623 199;7;0;2;1;1;1
202300032354;155 623 201;7;0;2;4;1;1
202300032354;155 623 206;7;0;2;1;1;1
202300032354;155 623 210;7;0;2;4;1;1
202300032355;155 623 197;31;0;2;1;26;1
202300032355;155 623 202;7;0;2;8;15;1
202300032356;155 623 195;50;0;2;1;5;3
202300032356;155 623 196;1;0;2;1;1;5
202300032357;155 623 193;7;9;1;4;20;1
202300032358;155 623 192;7;0;1;3;15;1
202300032359;155 623 190;7;0;2;3;0;1
202300032359;155 623 194;7;0;2;3;0;1
202300032360;155 623 188;7;0;2;2;1;1
202300032360;155 623 191;31;0;2;1;9;1
202300032361;155 623 187;31;0;2;1;1;1
202300032361;155 623 189;7;0;2;7;15;1
202300032362;155 623 185;7;0;1;2;1;1
202300032363;155 623 184;7;0;1;2;0;1
202300032364;155 623 183;7;0;2;3;26;1
202300032364;155 623 186;30;0;2;5;1;0
202300032365;155 623 182;80;0;0;7;15;3
202300032366;155 623 181;7;1;0;9;1;1
202300032367;155 623 178;7;0;2;1;1;1
202300032367;155 623 180;33;0;2;1;1;1
202300032368;155 623 175;1;9;0;1;1;5
202300032369;155 623 176;2;0;2;1;1;1
202300032369;155 623 179;7;0;2;3;15;1
202300032370;155 623 174;7;0;1;2;1;1
202300032371;155 623 173;7;0;2;4;26;1
202300032371;155 623 177;7;0;1;4;2;1
202300032372;155 623 166;50;1;0;2;1;3
202300032372;155 623 170;7;0;2;0;0;1
202300032373;155 623 169;7;1;0;1;20;3
202300032374;155 623 168;33;0;2;3;1;1
202300032374;155 623 172;7;0;2;3;15;1
202300032375;155 623 165;10;0;2;1;2;1
202300032375;155 623 167;7;0;2;4;2;1
202300032375;155 623 171;10;3;2;3;1;1
202300032376;155 623 162;7;0;9;2;15;2
202300032376;155 623 164;50;0;2;3;1;3
202300032377;155 623 161;31;0;0;8;1;1
202300032378;155 623 159;7;0;1;1;1;1
202300032379;155 623 158;10;0;2;7;14;1
202300032379;155 623 160;7;0;2;8;26;1
202300032379;155 623 163;7;1;2;8;26;1
202300032380;155 623 153;7;0;0;0;15;1
202300032380;155 623 156;7;0;2;1;1;1
202300032380;155 623 157;7;0;2;1;17;1
202300032381;155 623 150;50;0;2;0;19;3
202300032381;155 623 154;3;0;2;1;7;1
202300032382;155 623 151;43;3;2;1;2;1
202300032382;155 623 155;7;0;0;0;2;1
202300032383;155 623 148;30;0;2;2;1;1
202300032383;155 623 152;7;0;2;6;20;1
202300032384;155 623 147;7;0;2;8;15;1
202300032384;155 623 149;30;0;2;5;17;1
202300032385;155 623 143;7;0;1;1;1;1
202300032386;155 623 144;7;0;1;5;20;1
202300032387;155 623 140;34;0;2;1;0;1
202300032387;155 623 142;7;0;2;5;15;1
202300032388;155 623 139;2;13;0;0;1;1
202300032389;155 623 136;7;0;2;3;23;1
202300032389;155 623 141;32;0;2;1;1;1
202300032390;155 623 137;31;4;0;0;1;1
202300032391;155 623 134;1;0;2;1;19;5
202300032391;155 623 138;7;0;2;2;26;1
202300032392;155 623 133;21;6;0;5;14;1
202300032393;155 623 132;7;13;0;8;1;1
202300032394;155 623 131;10;0;2;1;1;1
202300032394;155 623 135;1;0;2;4;1;5
202300032395;155 623 129;33;4;0;1;14;1
202300032396;155 623 125;7;0;1;3;21;1
202300032397;155 623 124;10;0;2;7;1;1
202300032397;155 623 128;7;0;2;1;1;1
202300032398;155 623 123;43;0;2;1;1;1
202300032398;155 623 126;7;0;2;4;1;1
202300032399;155 623 122;7;0;2;5;23;1
202300032399;155 623 127;7;0;2;4;23;2
202300032399;155 623 130;7;0;2;1;1;1
202300032400;155 623 119;31;9;0;1;1;1
202300032401;155 623 117;33;0;2;1;1;1
202300032401;155 623 121;10;0;2;3;16;1
202300032402;155 623 118;7;0;1;1;1;1
202300032403;155 623 116;7;12;0;3;1;1
202300032404;155 623 114;7;0;1;8;1;1
202300032405;155 623 111;31;0;0;3;2;1
202300032406;155 623 112;3;16;0;2;21;1
202300032407;155 623 109;7;0;2;1;2;1
202300032407;155 623 113;10;0;2;4;2;1
202300032407;155 623 115;7;0;2;4;2;1
202300032408;155 623 110;7;0;1;1;16;1
202300032409;155 623 107;2;0;0;1;1;3
202300032410;155 623 106;7;0;2;3;19;1
202300032410;155 623 108;7;0;2;1;1;1
202300032411;155 623 104;7;0;1;8;2;2
202300032412;155 623 100;7;0;2;1;15;1
202300032412;155 623 103;33;0;2;1;1;1
202300032413;155 623 102;80;0;2;1;0;3
202300032413;155 623 105;7;0;2;1;16;1
202300032414;155 623 099;34;0;2;1;1;1
202300032414;155 623 101;10;0;2;4;23;1
202300032415;155 623 096;33;6;0;8;1;1
202300032416;155 623 095;7;0;2;3;9;1
202300032416;155 623 098;7;0;2;8;1;1
202300032417;155 623 092;7;0;1;1;1;1
202300032418;155 623 093;7;0;2;6;23;2
202300032418;155 623 097;32;0;2;1;1;1
202300032419;155 623 091;2;0;2;2;1;1
202300032419;155 623 094;7;0;2;3;16;2
202300032420;155 623 090;2;0;0;8;1;1
202300032421;155 623 089;7;0;0;1;26;1
202300032422;155 623 086;33;11;0;1;1;1
202300032423;155 623 087;7;0;1;1;16;1
202300032424;155 623 085;7;1;1;3;20;0
202300032425;155 623 084;33;0;2;8;1;1
202300032425;155 623 088;7;0;2;3;15;1
202300032426;155 623 083;30;0;1;0;0;0
202300032427;155 623 077;33;0;2;1;17;1
202300032427;155 623 082;33;0;2;4;17;1
202300032428;155 623 075;7;0;0;4;2;1
202300032428;155 623 080;7;0;2;1;2;1
202300032429;155 623 079;7;14;0;1;17;1
202300032430;155 623 078;7;0;2;1;2;1
202300032430;155 623 081;10;0;2;4;1;1
202300032431;155 623 076;3;0;1;8;1;0
202300032432;155 623 074;33;2;0;1;1;1
202300032433;155 623 069;99;0;1;2;1;1
202300032434;155 623 070;7;0;2;1;15;1
202300032434;155 623 073;1;0;2;1;15;5
202300032435;155 623 068;7;0;2;3;15;1
202300032435;155 623 072;30;0;2;1;13;1
202300032436;155 623 067;7;0;4;1;15;1
202300032436;155 623 071;40;0;2;8;1;0
202300032437;155 623 066;7;8;0;1;0;0
202300032438;155 623 063;7;0;2;2;2;1
202300032438;155 623 065;33;0;2;0;0;1
202300032439;155 623 062;10;0;2;3;15;1
202300032439;155 623 064;33;0;2;5;17;1
202300032440;155 623 058;7;0;2;1;15;1
202300032440;155 623 059;31;0;2;0;0;1
202300032441;155 623 057;7;0;1;2;1;1
202300032442;155 623 060;7;0;2;1;5;1
202300032442;155 623 061;33;0;2;1;15;1
202300032443;155 623 055;7;0;1;3;15;1
202300032444;155 623 054;15;0;1;2;1;1
202300032445;155 623 051;7;0;2;2;21;1
202300032445;155 623 056;2;0;2;1;16;1
202300032446;155 623 050;1;0;2;8;0;5
202300032446;155 623 053;7;0;2;3;1;1
202300032447;155 623 049;7;0;1;1;1;1
202300032448;155 623 048;33;0;2;1;2;1
202300032448;155 623 052;10;0;2;3;2;0
202300032449;155 623 045;7;0;2;2;13;1
202300032449;155 623 047;50;0;2;1;2;3
202300032450;155 623 046;2;0;0;0;1;1
202300032451;155 623 041;7;0;2;1;26;1
202300032451;155 623 044;7;0;2;1;26;1
202300032452;155 623 040;15;0;0;6;2;1
202300032452;155 623 043;38;0;2;2;1;1
202300032453;155 623 039;7;0;2;2;1;1
202300032453;155 623 042;1;0;2;7;19;5
202300032454;155 623 036;7;0;2;1;2;0
202300032454;155 623 038;32;0;2;7;2;0
202300032455;155 623 037;7;12;0;1;13;1
202300032456;155 623 033;7;4;2;4;12;1
202300032456;155 623 035;13;0;2;3;1;1
202300032457;155 623 031;34;8;0;1;1;1
202300032458;155 623 030;10;0;1;4;26;1
202300032459;155 623 025;7;0;2;5;15;1
202300032459;155 623 029;7;0;0;4;15;1
202300032459;155 623 032;10;0;2;3;1;1
202300032459;155 623 034;7;0;2;1;13;1
202300032460;155 623 024;33;0;2;8;2;1
202300032460;155 623 028;7;0;0;8;1;1
202300032461;155 623 022;32;0;2;8;13;1
202300032461;155 623 026;1;0;2;2;17;5
202300032462;155 623 021;7;0;2;2;0;1
202300032462;155 623 027;7;0;2;1;1;3
202300032463;155 623 020;7;4;0;2;14;1
202300032464;155 623 017;7;0;2;0;0;1
202300032464;155 623 023;30;0;2;0;0;1
202300032465;155 623 014;7;0;2;1;1;1
202300032465;155 623 018;17;0;0;4;1;1
202300032466;155 623 009;7;3;2;3;13;1
202300032466;155 623 012;17;0;2;6;0;1
202300032467;155 623 010;7;0;2;2;12;1
202300032467;155 623 016;7;4;0;5;17;1
202300032468;155 623 011;7;0;2;3;11;1
202300032468;155 623 013;33;0;2;7;1;1
202300032469;155 623 007;10;0;1;1;16;1
202300032470;155 623 006;2;0;2;1;1;1
202300032470;155 623 008;7;0;2;5;16;1
202300032471;155 623 000;33;0;2;1;2;1
202300032471;155 623 004;7;0;2;4;2;1
202300032472;155 622 998;7;0;2;1;9;1
202300032472;155 623 003;7;0;2;3;1;1
202300032473;155 622 996;2;0;2;7;5;1
202300032473;155 622 999;10;0;2;7;21;1
202300032474;155 622 997;33;0;2;3;3;1
202300032474;155 623 002;34;0;2;0;1;1
202300032474;155 623 005;7;0;2;7;12;1
202300032475;155 622 995;7;0;2;3;20;1
202300032475;155 623 001;30;0;2;0;0;1
202300032476;155 622 994;7;2;0;1;14;1
202300032477;155 622 990;7;0;0;5;15;1
202300032477;155 622 992;34;0;2;1;1;1
202300032478;155 622 988;33;1;1;1;1;1
202300032478;155 622 993;10;0;2;8;24;1
202300032479;155 622 983;7;0;2;4;1;2
202300032479;155 622 985;7;0;2;1;1;1
202300032479;155 622 987;33;0;2;5;3;1
202300032479;155 622 991;7;0;2;2;1;2
202300032480;155 622 980;15;0;2;1;1;1
202300032480;155 622 982;10;16;0;3;1;0
202300032481;155 622 981;30;0;1;7;1;3
202300032482;155 622 974;10;0;2;3;26;1
202300032482;155 622 978;10;7;2;2;1;1
202300032483;155 622 976;2;0;2;3;21;0
202300032483;155 622 979;7;0;2;7;22;3
202300032484;155 622 972;7;0;2;3;1;1
202300032484;155 622 975;7;0;2;3;13;1
202300032485;155 622 973;1;0;2;1;9;5
202300032485;155 622 977;7;0;2;1;1;1
202300032486;155 622 970;7;2;0;3;0;0
202300032487;155 622 968;7;0;2;3;1;0
202300032487;155 622 971;50;0;2;1;2;3
202300032488;155 622 967;2;0;2;8;1;1
202300032488;155 622 969;7;0;0;0;16;0
202300032489;155 622 965;10;0;2;3;13;1
202300032489;155 622 966;50;0;2;1;17;3
202300032490;155 622 963;7;13;0;3;1;1
202300032491;155 622 964;33;15;0;1;0;1
202300032492;155 622 962;7;0;1;2;1;2
202300032493;155 622 959;7;7;0;1;1;2
202300032494;155 622 957;7;0;2;6;0;1
202300032494;155 622 961;15;0;2;1;13;1
202300032495;155 622 958;33;0;2;1;1;1
202300032495;155 622 960;7;0;2;8;15;0
202300032496;155 622 952;34;0;0;8;1;1
202300032497;155 622 953;50;0;1;1;1;3
202300032498;155 622 951;33;0;2;1;2;1
202300032498;155 622 954;10;0;0;5;15;1
202300032499;155 622 955;7;0;2;1;1;2
202300032499;155 622 956;2;0;2;8;18;3
202300032500;155 622 943;7;3;0;3;1;1
202300032501;155 622 945;33;0;1;1;1;1
202300032502;155 622 944;32;0;2;2;1;1
202300032502;155 622 948;7;0;2;6;11;1
202300032502;155 622 950;7;0;2;4;1;1
202300032503;155 622 940;33;0;0;1;1;1
202300032504;155 622 937;7;0;2;1;1;2
202300032504;155 622 939;80;0;2;8;1;3
202300032505;155 622 936;7;0;2;2;23;1
202300032505;155 622 938;7;0;2;4;23;1
202300032505;155 622 941;10;0;2;7;23;1
202300032505;155 622 942;7;0;2;4;23;1
202300032505;155 622 946;33;0;2;4;23;1
202300032505;155 622 947;7;0;2;1;1;2
202300032505;155 622 949;37;0;2;6;23;6
202300032506;155 622 933;10;0;2;1;2;1
202300032506;155 622 934;7;0;2;4;2;1
202300032506;155 622 935;7;0;0;5;2;1
202300032507;155 622 930;7;0;2;3;15;3
202300032507;155 622 931;33;0;2;1;1;1
202300032508;155 622 929;33;0;2;7;3;1
202300032508;155 622 932;7;0;2;1;23;1
202300032509;155 622 928;7;4;0;8;1;1
202300032510;155 622 925;7;4;0;8;13;1
202300032511;155 622 926;7;0;2;0;13;1
202300032511;155 622 927;1;0;2;7;1;5
202300032512;155 622 924;30;0;1;0;1;0
202300032513;155 622 923;33;14;0;8;1;1
202300032514;155 622 921;7;0;2;3;13;1
202300032514;155 622 922;34;0;2;1;1;1
202300032515;155 622 920;33;0;1;1;1;1
202300032516;155 622 919;7;2;0;2;14;1
202300032517;155 622 917;10;0;1;2;16;1
202300032518;155 622 916;2;0;2;7;21;3
202300032518;155 622 918;7;0;2;0;15;1
202300032519;155 622 914;21;0;2;3;15;1
202300032519;155 622 915;30;0;0;1;16;1
202300032520;155 622 913;32;0;1;1;1;1
202300032521;155 622 911;7;0;2;3;1;3
202300032521;155 622 912;1;0;2;7;1;5
202300032522;155 622 909;7;0;2;6;15;1
202300032522;155 622 910;50;0;2;1;2;3
202300032523;155 622 905;33;0;2;1;2;1
202300032523;155 622 908;7;0;2;7;15;1
202300032524;155 622 906;43;0;2;3;11;1
202300032524;155 622 907;7;0;2;2;12;2
202300032525;155 622 904;33;13;0;1;1;1
202300032526;155 622 901;10;13;0;3;26;1
202300032527;155 622 900;7;0;2;7;12;1
202300032527;155 622 903;32;0;2;3;18;1
202300032528;155 622 899;7;0;2;1;26;1
202300032528;155 622 902;33;0;0;1;15;1
202300032529;155 622 898;2;0;0;9;16;1
202300032530;155 622 897;30;0;0;0;2;1
202300032531;155 622 894;34;0;2;1;1;1
202300032531;155 622 896;7;16;0;4;14;1
202300032532;155 622 893;7;0;2;3;9;1
202300032532;155 622 895;1;0;2;0;1;5
202300032533;155 622 891;7;0;2;1;1;1
202300032533;155 622 892;50;0;2;7;19;3
202300032534;155 622 887;7;0;1;0;0;1
202300032535;155 622 888;50;0;2;8;14;3
202300032535;155 622 890;7;0;2;1;1;1
202300032536;155 622 886;99;0;2;1;1;1
202300032536;155 622 889;7;0;2;1;13;1
202300032537;155 622 882;7;0;9;6;15;1
202300032537;155 622 884;1;0;2;2;1;5
202300032538;155 622 880;7;0;2;2;1;0
202300032538;155 622 885;7;6;2;3;9;1
202300032539;155 622 881;30;0;2;1;1;1
202300032539;155 622 883;7;0;2;2;1;1
202300032540;155 622 877;1;0;2;1;5;5
202300032540;155 622 879;1;0;2;1;1;5
202300032541;155 622 876;2;0;2;1;1;1
202300032541;155 622 878;7;0;2;1;13;1
202300032542;155 622 875;10;0;1;1;1;4
202300032543;155 622 874;7;0;1;1;1;0
202300032544;155 622 870;7;0;2;2;1;1
202300032544;155 622 873;7;0;2;3;9;1
202300032545;155 622 871;34;0;2;2;17;1
202300032545;155 622 872;10;0;2;3;15;1
202300032546;155 622 869;7;0;1;3;0;2
202300032547;155 622 866;31;0;2;2;5;1
202300032547;155 622 867;7;0;2;3;1;1
202300032548;155 622 865;7;0;2;7;13;1
202300032548;155 622 868;7;0;2;1;1;1
202300032549;155 622 862;7;0;2;4;2;2
202300032549;155 622 863;7;0;2;1;2;1
202300032549;155 622 864;7;0;2;4;2;1
202300032550;155 622 861;32;0;1;2;17;1
202300032551;155 622 859;7;8;2;3;1;1
202300032551;155 622 860;7;0;2;2;19;1
202300032552;155 622 857;10;0;2;2;26;1
202300032552;155 622 858;7;9;2;3;1;1
202300032553;155 622 855;7;0;2;2;12;1
202300032553;155 622 856;37;0;2;3;1;1
202300032554;155 622 852;7;0;2;3;9;1
202300032554;155 622 854;80;0;2;7;1;3
202300032555;155 622 851;1;0;2;1;5;5
202300032555;155 622 853;7;0;2;1;1;1
202300032556;155 622 847;7;0;0;3;1;1
202300032556;155 622 849;7;0;2;3;13;1
202300032557;155 622 845;3;0;9;0;15;0
202300032557;155 622 848;3;0;2;3;21;0
202300032557;155 622 850;34;0;2;3;1;0
202300032558;155 622 846;10;0;1;1;1;0
202300032559;155 622 841;7;0;2;3;1;1
202300032559;155 622 843;30;0;2;1;0;3
202300032560;155 622 838;99;0;2;3;15;1
202300032560;155 622 840;1;0;2;1;1;5
202300032561;155 622 837;7;0;2;1;19;1
202300032561;155 622 839;7;0;2;3;0;1
202300032561;155 622 842;7;0;2;1;0;3
202300032561;155 622 844;32;3;2;3;0;1
202300032562;155 622 835;34;0;2;1;3;1
202300032562;155 622 836;7;0;2;3;15;0
202300032563;155 622 832;33;15;0;1;0;1
202300032563;155 622 833;7;0;0;1;0;1
202300032563;155 622 834;7;0;0;1;0;1
202300032564;155 622 831;7;0;1;3;1;1
202300032565;155 622 830;1;0;0;0;1;5
202300032566;155 622 827;30;0;2;1;19;1
202300032566;155 622 829;7;0;2;3;1;1
202300032567;155 622 825;2;0;2;5;1;1
202300032567;155 622 826;7;0;2;2;3;1
202300032568;155 622 824;60;0;2;1;26;5
202300032568;155 622 828;7;0;2;3;26;1
202300032569;155 622 823;50;8;0;1;0;3
202300032570;155 622 822;80;8;0;1;0;3
202300032571;155 622 819;1;0;2;4;13;5
202300032571;155 622 821;10;0;2;1;1;1
202300032572;155 622 820;7;0;1;2;16;0
202300032573;155 622 815;7;0;2;3;20;1
202300032573;155 622 818;30;0;2;1;1;3
202300032574;155 622 816;21;0;0;0;15;6
202300032575;155 622 814;30;0;2;1;2;0
202300032575;155 622 817;7;0;2;3;17;1
202300032576;155 622 812;33;0;0;1;17;1
202300032577;155 622 811;31;0;2;2;21;1
202300032577;155 622 813;7;0;2;3;15;1
202300032578;155 622 809;33;0;0;0;0;1
202300032579;155 622 810;7;1;1;2;1;1
202300032580;155 622 806;7;0;2;1;1;1
202300032580;155 622 808;7;0;2;1;13;1
202300032581;155 622 804;7;2;2;1;1;1
202300032581;155 622 807;7;0;2;4;1;1
202300032582;155 622 803;2;6;0;1;1;1
202300032583;155 622 801;7;0;2;1;2;0
202300032583;155 622 802;7;0;0;4;1;0
202300032584;155 622 805;7;0;1;3;15;1
202300032585;155 622 799;1;0;0;4;1;5
202300032585;155 622 800;7;0;2;2;1;1
202300032586;155 622 792;7;0;2;1;2;1
202300032586;155 622 796;15;0;0;4;2;1
202300032587;155 622 791;33;0;2;1;1;0
202300032587;155 622 794;7;0;0;4;0;0
202300032587;155 622 795;7;0;0;9;1;0
202300032587;155 622 798;7;0;2;1;1;0
202300032588;155 622 793;10;0;9;3;1;1
202300032588;155 622 797;1;0;0;0;0;5
202300032589;155 622 790;31;0;0;7;3;1
202300032590;155 622 788;1;0;2;7;1;5
202300032590;155 622 789;7;0;2;3;9;0
202300032591;155 622 785;7;0;1;2;16;1
202300032592;155 622 783;7;0;2;2;19;1
202300032592;155 622 787;33;0;2;5;2;1
202300032593;155 622 784;31;0;9;1;2;0
202300032593;155 622 786;1;0;0;4;2;5
202300032594;155 622 778;7;0;2;1;13;2
202300032594;155 622 781;34;0;2;1;1;1
202300032595;155 622 779;2;0;2;3;1;1
202300032595;155 622 782;10;1;2;2;15;0
202300032596;155 622 777;7;0;2;1;1;1
202300032596;155 622 780;17;0;0;0;1;1
202300032597;155 622 776;33;0;0;5;1;1
202300032598;155 622 771;50;0;2;1;2;3
202300032598;155 622 774;7;0;2;4;23;1
202300032599;155 622 770;7;0;0;1;13;0
202300032599;155 622 772;10;0;0;1;1;0
202300032600;155 622 766;7;0;2;3;16;1
202300032600;155 622 767;7;0;2;3;23;1
202300032601;155 622 765;32;0;1;1;1;0
202300032602;155 622 763;7;0;2;4;23;1
202300032602;155 622 764;7;0;2;1;1;1
202300032603;155 622 761;7;0;2;1;1;0
202300032603;155 622 762;7;0;2;1;1;1
202300032604;155 622 758;10;0;9;6;15;1
202300032604;155 622 760;32;16;0;7;17;1
202300032605;155 622 755;7;9;2;8;15;1
202300032605;155 622 757;7;9;2;2;15;1
202300032606;155 622 756;34;0;2;3;9;1
202300032606;155 622 759;7;0;2;3;21;1
202300032607;155 622 753;13;0;1;3;5;1
202300032608;155 622 752;7;0;9;7;15;1
202300032608;155 622 754;1;0;2;1;1;5
202300032609;155 622 749;7;0;2;7;26;1
202300032609;155 622 751;7;0;2;1;1;1
202300032610;155 622 748;15;0;2;3;12;1
202300032610;155 622 750;7;0;0;5;1;1
202300032611;155 622 745;2;0;2;1;1;1
202300032611;155 622 747;7;0;2;1;15;1
202300032612;155 622 744;7;0;2;1;1;0
202300032612;155 622 746;7;0;2;1;5;1
202300032613;155 622 742;7;0;2;1;1;1
202300032613;155 622 743;7;0;2;4;1;1
202300032614;155 622 741;7;0;1;1;15;1
202300032615;155 622 739;7;0;0;8;15;1
202300032615;155 622 740;33;0;0;1;17;1
202300032616;155 622 736;7;0;0;9;1;1
202300032617;155 622 737;7;0;2;3;1;1
202300032617;155 622 738;2;0;2;1;13;1
202300032618;155 622 731;2;0;2;1;1;1
202300032618;155 622 734;50;0;2;1;5;3
202300032619;155 622 732;7;4;0;4;23;1
202300032619;155 622 735;7;0;2;1;21;1
202300032620;155 622 730;7;0;2;3;1;1
202300032620;155 622 733;2;0;2;3;5;1
202300032621;155 622 728;31;5;0;1;17;1
202300032622;155 622 727;33;0;0;5;1;1
202300032622;155 622 729;7;0;2;2;15;1
202300032623;155 622 726;7;0;1;1;1;0
202300032624;155 622 725;7;2;0;2;14;1
202300032625;155 622 721;33;0;2;1;17;0
202300032625;155 622 724;7;0;2;8;15;0
202300032626;155 622 720;7;0;2;3;26;1
202300032626;155 622 723;32;0;2;1;1;1
202300032627;155 622 719;7;0;1;1;1;1
202300032627;155 622 722;7;0;2;3;1;1
202300032628;155 622 718;7;0;1;2;19;1
202300032629;155 622 716;10;0;2;2;17;1
202300032629;155 622 717;2;0;2;1;2;1
202300032630;155 622 713;33;0;0;7;1;1
202300032631;155 622 711;7;0;2;1;0;1
202300032631;155 622 714;7;0;2;1;0;1
202300032632;155 622 710;33;0;2;5;2;1
202300032632;155 622 712;10;0;2;1;15;1
202300032633;155 622 709;33;0;1;1;3;1
202300032634;155 622 706;7;0;2;2;9;1
202300032634;155 622 708;1;0;2;3;2;5
202300032635;155 622 703;7;0;2;1;17;1
202300032635;155 622 707;15;0;2;4;16;1
202300032636;155 622 702;7;2;0;8;1;1
202300032637;155 622 704;7;0;2;4;2;1
202300032637;155 622 705;10;0;2;1;2;1
202300032638;155 622 700;10;0;1;3;1;1
202300032639;155 622 697;10;0;2;4;1;1
202300032639;155 622 699;10;0;2;1;2;1
202300032640;155 622 695;7;0;2;2;13;1
202300032640;155 622 698;33;0;2;1;1;1
202300032641;155 622 696;7;16;0;0;1;1
202300032642;155 622 693;31;12;0;1;1;6
202300032643;155 622 692;7;0;2;1;1;2
202300032643;155 622 694;7;0;2;7;13;1
202300032644;155 622 689;7;0;2;7;17;1
202300032644;155 622 690;33;0;0;8;1;1
202300032645;155 622 688;7;0;2;8;1;1
202300032645;155 622 691;7;0;2;1;19;1
202300032646;155 622 687;21;9;0;1;1;1
202300032647;155 622 686;7;0;1;2;1;1
202300032648;155 622 685;50;0;0;0;1;3
202300032649;155 622 683;10;0;1;1;1;1
202300032650;155 622 682;7;0;2;2;5;1
202300032650;155 622 684;33;0;2;1;0;1
202300032651;155 622 679;7;0;1;2;1;1
202300032652;155 622 680;7;0;2;7;1;1
202300032652;155 622 681;33;0;2;8;1;1
202300032653;155 622 676;7;0;0;8;1;0
202300032653;155 622 678;7;0;2;1;1;0
202300032654;155 622 675;2;0;0;3;1;1
202300032655;155 622 674;33;1;0;1;2;1
202300032655;155 622 677;7;0;0;6;2;1
202300032656;155 622 669;7;0;2;3;2;1
202300032656;155 622 671;33;0;0;4;15;1
202300032657;155 622 670;33;0;2;1;17;1
202300032657;155 622 673;7;0;2;3;15;1
202300032658;155 622 672;7;0;1;3;15;1
202300032659;155 622 667;36;0;1;0;0;0
202300032660;155 622 664;7;12;0;8;13;0
202300032661;155 622 663;2;0;2;1;1;1
202300032661;155 622 666;7;0;2;1;19;1
202300032662;155 622 660;32;0;2;6;0;0
202300032662;155 622 662;7;0;2;2;0;1
202300032663;155 622 659;10;2;0;8;14;1
202300032664;155 622 658;7;0;9;1;1;1
202300032664;155 622 661;1;0;2;4;1;5
202300032665;155 622 656;7;0;2;2;2;1
202300032665;155 622 657;7;0;2;6;18;1
202300032666;155 622 653;7;0;2;3;13;1
202300032666;155 622 655;7;0;2;3;1;1
202300032667;155 622 652;21;0;2;1;1;1
202300032667;155 622 654;7;13;2;1;1;2
202300032668;155 622 650;7;0;2;2;21;1
202300032668;155 622 651;7;0;2;6;0;1
202300032669;155 622 645;10;0;9;0;1;1
202300032669;155 622 648;7;16;0;1;1;1
202300032670;155 622 646;33;0;0;7;21;1
202300032670;155 622 649;10;0;2;1;9;1
202300032671;155 622 647;7;0;1;3;1;1
202300032672;155 622 641;14;0;2;2;12;0
202300032672;155 622 643;7;4;2;8;1;0
202300032673;155 622 638;10;0;2;1;2;1
202300032673;155 622 639;7;0;2;6;2;1
202300032673;155 622 642;7;0;2;5;2;3
202300032674;155 622 640;7;0;2;1;1;1
202300032674;155 622 644;7;0;2;1;15;1
202300032675;155 622 631;10;0;2;1;2;1
202300032675;155 622 634;7;3;2;4;0;1
202300032675;155 622 636;10;0;2;4;26;1
202300032675;155 622 637;7;3;2;4;2;1
202300032676;155 622 633;7;0;2;3;13;1
202300032676;155 622 635;7;0;2;3;1;1
202300032677;155 622 632;7;0;1;3;1;1
202300032678;155 622 628;7;0;2;4;1;1
202300032678;155 622 630;43;0;2;1;3;1
202300032679;155 622 627;7;0;2;1;1;1
202300032679;155 622 629;10;0;2;7;1;1
202300032680;155 622 626;7;0;0;0;13;1
202300032681;155 622 624;7;2;0;1;2;1
202300032682;155 622 622;7;0;2;3;11;1
202300032682;155 622 625;7;0;2;8;1;1
202300032683;155 622 623;7;2;0;2;1;1
202300032684;155 622 621;7;0;1;1;1;1
202300032685;155 622 619;7;0;2;1;2;1
202300032685;155 622 620;7;0;2;6;2;3
202300032686;155 622 615;10;0;2;1;0;1
202300032686;155 622 617;7;0;2;1;1;1
202300032687;155 622 616;2;10;2;8;1;1
202300032687;155 622 618;13;0;2;6;1;1
202300032688;155 622 614;7;13;0;2;1;3
202300032689;155 622 611;7;0;2;8;1;1
202300032689;155 622 613;13;0;2;2;12;1
202300032690;155 622 612;2;0;0;0;1;1
202300032691;155 622 607;7;0;2;3;1;1
202300032691;155 622 610;7;0;2;3;15;1
202300032692;155 622 605;7;0;1;3;0;1
202300032693;155 622 604;7;0;0;1;1;0
202300032693;155 622 606;7;0;2;3;13;0
202300032693;155 622 608;7;0;0;6;15;0
202300032694;155 622 603;7;0;1;1;26;1
202300032695;155 622 609;10;0;1;3;15;1
202300032696;155 622 601;7;0;2;1;13;1
202300032696;155 622 602;7;0;2;1;1;1
202300032697;155 622 599;7;0;2;1;9;1
202300032697;155 622 600;1;0;2;1;1;6
202300032698;155 622 598;7;6;0;0;0;1
202300032699;155 622 596;7;0;2;1;13;1
202300032699;155 622 597;7;0;2;1;1;1
202300032700;155 622 594;7;0;2;1;13;0