Num_Acc;id_vehicule;categorie_vehicule;obstacle_fixe;obstacle_mobile;point_choc_initial;manoeuvre_principale;motorisation
202300032700;155 622 595;7;0;2;1;21;0
202300032701;155 622 591;7;0;0;0;2;0
202300032701;155 622 592;7;0;0;0;17;0
202300032702;155 622 589;7;0;2;2;17;1
202300032702;155 622 590;30;0;2;1;1;1
202300032703;155 622 588;7;0;2;3;9;1
202300032703;155 622 593;7;0;2;1;1;1
202300032704;155 622 586;33;3;0;9;17;1
202300032705;155 622 585;33;0;2;1;1;1
202300032705;155 622 587;7;0;0;8;15;1
202300032706;155 622 582;30;0;2;1;1;1
202300032706;155 622 584;7;0;2;4;0;1
202300032707;155 622 580;7;0;2;1;1;0
202300032707;155 622 581;7;0;2;3;5;0
202300032708;155 622 577;7;0;2;1;26;1
202300032708;155 622 579;7;0;2;1;13;1
202300032709;155 622 578;7;0;2;2;15;1
202300032709;155 622 583;2;0;2;1;1;1
202300032710;155 622 576;7;13;0;9;1;0
202300032711;155 622 573;7;4;2;2;16;1
202300032711;155 622 575;7;0;2;3;15;1
202300032712;155 622 570;7;0;2;2;0;1
202300032712;155 622 571;7;0;2;3;1;1
202300032712;155 622 574;20;0;2;6;1;1
202300032713;155 622 572;2;0;0;0;1;1
202300032714;155 622 567;7;0;2;1;1;1
202300032714;155 622 569;7;0;2;4;1;1
202300032715;155 622 562;7;13;2;1;23;1
202300032715;155 622 565;15;11;2;1;15;1
202300032715;155 622 568;15;11;2;1;1;1
202300032716;155 622 563;7;0;2;2;11;1
202300032716;155 622 564;2;0;2;8;1;1
202300032717;155 622 561;21;0;2;8;15;1
202300032717;155 622 566;17;0;2;2;17;1
202300032718;155 622 560;33;0;0;0;26;1
202300032719;155 622 558;7;0;2;3;16;1
202300032719;155 622 559;1;0;2;1;19;5
202300032720;155 622 556;7;13;0;1;1;2
202300032721;155 622 553;10;0;2;1;2;1
202300032721;155 622 555;7;0;2;4;23;1
202300032722;155 622 552;7;0;2;1;1;1
202300032722;155 622 557;7;0;2;6;15;2
202300032723;155 622 550;10;0;0;3;24;1
202300032723;155 622 551;7;1;0;2;17;1
202300032723;155 622 554;7;0;0;8;1;2
202300032724;155 622 548;7;0;2;2;1;1
202300032724;155 622 549;33;0;2;4;11;1
202300032725;155 622 545;7;1;0;1;0;1
202300032726;155 622 544;15;0;2;2;1;1
202300032726;155 622 546;7;0;0;4;0;1
202300032727;155 622 543;7;15;0;1;14;1
202300032728;155 622 541;50;0;2;8;18;3
202300032728;155 622 547;15;0;2;7;2;1
202300032729;155 622 539;7;0;2;3;15;1
202300032729;155 622 542;30;0;2;1;1;1
202300032730;155 622 538;10;0;2;3;1;1
202300032730;155 622 540;33;0;2;1;1;1
202300032731;155 622 535;2;0;2;1;2;1
202300032731;155 622 537;7;0;2;4;1;1
202300032732;155 622 534;7;0;0;1;0;1
202300032733;155 622 533;33;16;0;7;1;1
202300032733;155 622 536;7;0;0;0;0;1
202300032734;155 622 531;7;0;2;1;1;1
202300032734;155 622 532;1;0;2;7;19;5
202300032735;155 622 527;7;0;2;3;15;1
202300032735;155 622 529;33;3;2;1;18;1
202300032736;155 622 525;7;8;0;0;13;1
202300032737;155 622 530;33;2;0;1;13;1
202300032738;155 622 523;99;0;0;0;0;3
202300032739;155 622 518;7;0;2;3;16;1
202300032739;155 622 521;30;0;0;0;0;1
202300032740;155 622 519;30;0;2;1;2;1
202300032740;155 622 522;7;0;0;6;2;1
202300032741;155 622 517;1;0;0;4;2;5
202300032741;155 622 520;7;0;2;2;2;1
202300032742;155 622 514;7;1;2;8;1;1
202300032742;155 622 516;7;1;2;1;9;1
202300032743;155 622 510;7;2;0;5;1;1
202300032744;155 622 512;2;0;2;1;1;1
202300032744;155 622 513;10;0;2;2;15;1
202300032745;155 622 508;30;12;0;7;1;6
202300032746;155 622 509;13;0;2;2;14;1
202300032746;155 622 511;7;4;0;6;1;1
202300032746;155 622 515;10;0;2;1;1;1
202300032747;155 622 506;7;0;9;3;9;0
202300032747;155 622 507;50;0;0;8;11;3
202300032748;155 622 504;7;0;2;1;1;1
202300032748;155 622 505;32;0;2;8;1;1
202300032749;155 622 501;7;0;2;2;16;1
202300032749;155 622 502;30;0;2;1;1;1
202300032750;155 622 503;7;0;1;1;16;1
202300032751;155 622 499;31;0;2;1;1;1
202300032751;155 622 500;7;0;2;2;15;1
202300032752;155 622 497;7;1;0;1;1;1
202300032753;155 622 495;7;0;0;5;23;3
202300032753;155 622 498;7;0;2;1;2;1
202300032754;155 622 493;33;0;2;1;1;1
202300032754;155 622 494;10;0;2;8;26;3
202300032755;155 622 492;1;15;9;1;2;5
202300032756;155 622 489;7;0;2;3;2;1
202300032756;155 622 491;1;0;2;1;19;5
202300032757;155 622 490;15;0;2;4;1;1
202300032757;155 622 496;7;0;2;1;1;1
202300032758;155 622 487;7;0;0;9;1;1
202300032759;155 622 484;7;0;2;1;1;1
202300032759;155 622 488;7;0;2;2;1;1
202300032760;155 622 486;7;0;0;0;20;1
202300032761;155 622 483;7;0;2;1;9;0
202300032761;155 622 485;50;0;2;7;1;3
202300032762;155 622 480;10;0;2;1;13;1
202300032762;155 622 481;1;0;2;1;16;5
202300032763;155 622 477;2;13;0;4;2;1
202300032763;155 622 479;0;0;2;1;2;0
202300032764;155 622 478;32;0;2;1;2;1
202300032764;155 622 482;7;0;2;5;2;1
202300032765;155 622 475;7;0;9;3;0;1
202300032765;155 622 476;1;0;2;3;1;5
202300032766;155 622 471;7;0;2;3;16;1
202300032766;155 622 474;7;0;2;2;1;1
202300032767;155 622 472;7;0;0;1;1;1
202300032767;155 622 473;7;0;0;8;1;1
202300032768;155 622 469;1;0;2;1;1;5
202300032768;155 622 470;7;0;9;2;15;1
202300032769;155 622 465;10;0;2;7;15;1
202300032769;155 622 467;33;0;2;1;1;1
202300032770;155 622 466;7;0;2;1;9;0
202300032770;155 622 468;7;0;2;3;1;0
202300032771;155 622 463;34;0;2;3;18;0
202300032771;155 622 464;10;0;2;7;16;0
202300032772;155 622 460;7;0;2;4;1;1
202300032772;155 622 462;7;0;2;1;2;1
202300032773;155 622 459;33;0;0;1;1;1
202300032773;155 622 461;30;0;0;7;0;1
202300032774;155 622 454;7;0;2;1;2;1
202300032774;155 622 457;7;0;0;4;2;1
202300032775;155 622 452;7;0;2;6;1;1
202300032775;155 622 455;7;0;2;8;1;1
202300032775;155 622 458;13;0;2;2;14;1
202300032776;155 622 453;7;0;2;4;2;1
202300032776;155 622 456;30;0;2;1;2;1
202300032777;155 622 448;7;0;2;4;1;1
202300032777;155 622 451;7;0;2;1;1;1
202300032778;155 622 447;7;0;2;1;13;1
202300032778;155 622 449;7;0;2;7;1;1
202300032778;155 622 450;7;0;2;4;1;1
202300032779;155 622 444;7;0;2;1;13;1
202300032779;155 622 446;7;0;2;1;1;1
202300032780;155 622 443;7;0;2;7;1;1
202300032780;155 622 445;10;0;2;0;0;1
202300032781;155 622 438;34;0;2;1;3;1
202300032781;155 622 440;7;0;2;8;1;1
202300032781;155 622 441;7;0;2;5;1;1
202300032782;155 622 439;7;0;2;2;17;1
202300032782;155 622 442;50;0;2;3;19;3
202300032783;155 622 435;34;0;2;1;3;1
202300032783;155 622 437;7;4;2;6;13;1
202300032784;155 622 434;2;0;2;1;0;1
202300032784;155 622 436;10;0;2;2;1;1
202300032785;155 622 432;32;0;2;1;1;1
202300032785;155 622 433;7;0;2;4;1;1
202300032786;155 622 431;34;4;0;7;14;1
202300032787;155 622 428;33;0;2;2;1;1
202300032787;155 622 430;7;0;2;6;11;1
202300032788;155 622 426;7;0;2;1;17;1
202300032788;155 622 427;7;0;2;1;1;1
202300032788;155 622 429;7;0;2;1;1;0
202300032789;155 622 421;7;0;2;1;2;1
202300032789;155 622 423;7;0;2;4;2;1
202300032789;155 622 425;7;0;2;4;2;1
202300032790;155 622 422;33;0;2;1;1;1
202300032790;155 622 424;7;0;2;3;9;1
202300032791;155 622 419;7;2;0;1;0;0
202300032792;155 622 418;10;0;2;8;1;1
202300032792;155 622 420;33;0;2;8;0;1
202300032793;155 622 417;7;0;1;1;1;1
202300032794;155 622 416;43;15;0;1;26;0
202300032795;155 622 412;10;0;2;1;2;1
202300032795;155 622 414;15;0;2;4;2;1
202300032796;155 622 413;10;0;2;1;5;1
202300032796;155 622 415;7;0;2;1;1;1
202300032797;155 622 410;7;2;0;1;0;1
202300032798;155 622 408;7;0;2;1;1;0
202300032798;155 622 409;7;0;2;4;1;0
202300032798;155 622 411;7;0;2;4;1;0
202300032799;155 622 407;7;3;0;3;1;1
202300032800;155 622 403;33;0;2;2;3;1
202300032800;155 622 406;7;0;2;3;12;1
202300032801;155 622 404;17;0;2;3;1;1
202300032801;155 622 405;7;0;2;7;12;1
202300032802;155 622 399;31;0;2;3;12;1
202300032802;155 622 401;7;0;2;0;0;1
202300032803;155 622 400;7;0;2;4;2;1
202300032803;155 622 402;7;0;2;1;2;1
202300032804;155 622 396;33;0;2;7;3;1
202300032804;155 622 398;7;0;2;8;11;1
202300032805;155 622 394;7;0;2;5;2;1
202300032805;155 622 395;32;0;2;1;2;1
202300032805;155 622 397;7;0;2;5;2;3
202300032806;155 622 390;14;0;2;1;1;1
202300032806;155 622 392;10;0;2;4;1;1
202300032806;155 622 393;7;0;2;4;1;0
202300032807;155 622 389;7;0;2;5;1;1
202300032807;155 622 391;32;0;2;1;2;1
202300032808;155 622 384;7;1;0;1;9;1
202300032808;155 622 386;15;0;2;6;24;1
202300032809;155 622 385;14;0;2;3;1;1
202300032809;155 622 387;7;0;2;8;9;1
202300032809;155 622 388;7;0;2;5;1;1
202300032810;155 622 379;7;0;2;1;1;1
202300032810;155 622 381;7;0;2;1;1;1
202300032810;155 622 383;7;0;2;4;1;1
202300032811;155 622 378;7;0;2;1;2;1
202300032811;155 622 380;7;0;2;4;2;1
202300032811;155 622 382;7;0;2;4;2;1
202300032812;155 622 373;10;0;2;1;2;1
202300032812;155 622 376;7;0;2;1;2;1
202300032812;155 622 377;10;0;2;0;0;1
202300032813;155 622 374;7;0;2;4;2;1
202300032813;155 622 375;37;0;2;1;0;1
202300032814;155 622 370;34;0;2;1;2;1
202300032814;155 622 372;10;0;2;6;2;1
202300032815;155 622 369;10;0;2;2;12;1
202300032815;155 622 371;33;0;2;8;3;1
202300032816;155 622 367;32;0;0;;26;3
202300032816;155 622 368;7;0;0;;0;0
202300032817;155 622 363;14;0;2;4;13;1
202300032817;155 622 364;10;0;2;4;1;1
202300032817;155 622 365;7;0;2;1;1;1
202300032817;155 622 366;7;0;2;1;1;1
202300032818;155 622 362;7;9;1;1;23;1
202300032819;155 622 358;7;0;1;1;1;
202300032820;155 622 359;7;0;2;3;15;1
202300032820;155 622 360;7;0;2;5;24;1
202300032820;155 622 361;33;1;2;3;1;1
202300032821;155 622 354;7;0;2;3;21;1
202300032821;155 622 355;3;0;2;2;1;1
202300032822;155 622 350;7;0;2;1;19;1
202300032822;155 622 351;50;0;2;7;1;3
202300032823;155 622 346;31;0;2;1;10;0
202300032823;155 622 348;7;0;9;1;1;0
202300032824;155 622 344;7;0;2;1;9;1
202300032824;155 622 345;7;0;2;7;2;1
202300032825;155 622 342;7;0;2;1;9;0
202300032825;155 622 343;1;0;0;1;0;5
202300032826;155 622 340;7;0;0;1;9;0
202300032826;155 622 341;7;15;0;7;1;0
202300032827;155 622 339;7;0;1;4;4;1
202300032828;155 622 337;7;0;2;1;1;1
202300032828;155 622 338;7;0;2;5;1;1
202300032829;155 622 334;7;0;2;1;2;1
202300032829;155 622 335;7;0;2;4;2;3
202300032829;155 622 336;7;0;2;1;2;1
202300032830;155 622 333;7;13;0;2;14;1
202300032831;155 622 332;37;0;1;1;1;1
202300032832;155 622 329;10;0;2;6;19;1
202300032832;155 622 331;50;0;2;6;1;3
202300032833;155 622 327;10;0;2;1;1;1
202300032833;155 622 328;10;0;2;6;1;1
202300032833;155 622 330;10;0;0;4;1;1
202300032834;155 622 325;7;0;9;1;9;1
202300032834;155 622 326;2;0;2;4;14;3
202300032835;155 622 322;7;0;2;1;19;1
202300032835;155 622 324;32;0;2;1;1;1
202300032836;155 622 321;7;0;2;7;1;1
202300032836;155 622 323;7;0;2;1;1;1
202300032837;155 622 319;7;0;1;1;1;1
202300032838;155 622 317;7;0;2;7;16;1
202300032838;155 622 318;50;0;2;1;19;3
202300032839;155 622 316;7;0;0;0;0;0
202300032839;155 622 320;7;0;2;8;1;0
202300032840;155 622 314;7;0;2;5;16;1
202300032840;155 622 315;80;0;2;8;7;3
202300032841;155 622 311;7;0;2;1;26;1
202300032841;155 622 313;30;0;2;7;15;1
202300032842;155 622 310;7;0;2;8;23;0
202300032842;155 622 312;43;0;2;8;14;1
202300032843;155 622 309;33;5;0;0;26;1
202300032844;155 622 305;7;0;2;8;11;1
202300032844;155 622 308;33;0;2;7;1;1
202300032845;155 622 306;7;0;2;0;0;1
202300032845;155 622 307;33;0;2;0;0;1
202300032846;155 622 302;50;0;2;8;19;3
202300032846;155 622 304;7;0;2;1;11;1
202300032847;155 622 303;32;0;0;0;1;1
202300032848;155 622 300;0;0;2;8;11;0
202300032848;155 622 301;34;0;2;7;1;1
202300032849;155 622 297;7;0;2;1;1;1
202300032849;155 622 298;30;0;2;1;5;3
202300032850;155 622 296;7;0;2;2;1;1
202300032850;155 622 299;50;0;2;1;15;3
202300032851;155 622 293;15;0;2;8;15;1
202300032851;155 622 295;7;0;2;1;17;4
202300032852;155 622 294;1;0;0;4;1;5
202300032853;155 622 291;31;0;2;1;1;1
202300032853;155 622 292;7;0;9;3;15;1
202300032854;155 622 289;1;0;1;1;1;5
202300032855;155 622 288;7;0;2;2;1;0
202300032855;155 622 290;50;0;2;1;10;3
202300032856;155 622 286;0;0;1;0;0;0
202300032857;155 622 285;10;0;1;3;9;0
202300032858;155 622 284;1;0;2;1;1;5
202300032858;155 622 287;10;9;2;2;16;1
202300032859;155 622 282;7;0;2;2;26;1
202300032859;155 622 283;7;0;2;6;2;1
202300032860;155 622 281;50;0;0;0;19;3
202300032861;155 622 280;7;0;1;2;1;1
202300032862;155 622 278;7;0;2;1;1;1
202300032862;155 622 279;7;14;2;1;1;1
202300032863;155 622 276;7;0;2;3;16;1
202300032863;155 622 277;7;0;2;2;1;1
202300032864;155 622 274;37;0;2;7;15;1
202300032864;155 622 275;33;0;2;8;1;1
202300032865;155 622 273;10;0;1;3;0;1
202300032866;155 622 271;7;0;2;3;15;1
202300032866;155 622 272;32;0;2;2;1;1
202300032867;155 622 268;7;0;2;1;1;1
202300032867;155 622 270;7;0;2;8;1;1
202300032868;155 622 267;3;0;2;3;13;1
202300032868;155 622 269;7;0;2;6;1;1
202300032869;155 622 265;33;0;2;0;1;1
202300032869;155 622 266;7;0;2;3;9;1
202300032870;155 622 262;7;0;2;2;15;1
202300032870;155 622 264;2;0;2;1;1;1
202300032871;155 622 261;7;0;2;5;1;1
202300032871;155 622 263;1;0;2;5;19;5
202300032872;155 622 259;7;0;2;3;20;1
202300032872;155 622 260;7;0;2;3;1;1
202300032873;155 622 257;7;0;2;4;23;0
202300032873;155 622 258;7;4;2;1;21;0
202300032874;155 622 256;7;0;1;1;15;1
202300032875;155 622 253;7;0;2;3;15;1
202300032875;155 622 255;2;0;2;1;17;1
202300032876;155 622 254;7;0;1;3;1;2
202300032877;155 622 251;2;0;2;1;17;1
202300032877;155 622 252;7;0;2;3;20;1
202300032878;155 622 247;7;0;0;1;0;0
202300032878;155 622 249;33;0;0;0;0;0
202300032879;155 622 248;7;0;2;6;11;1
202300032879;155 622 250;50;0;2;1;3;3
202300032880;155 622 245;30;0;2;1;16;1
202300032880;155 622 246;1;0;2;1;5;5
202300032881;155 622 244;1;0;1;1;1;5
202300032882;155 622 242;7;0;2;1;26;1
202300032882;155 622 243;7;0;2;7;11;1
202300032883;155 622 241;50;12;0;1;1;3
202300032884;155 622 240;40;0;1;7;1;3
202300032885;155 622 239;7;0;1;3;15;6
202300032886;155 622 238;30;0;0;0;10;1
202300032887;155 622 235;7;0;9;3;17;1
202300032887;155 622 237;50;0;2;1;1;3
202300032888;155 622 234;1;0;2;8;21;5
202300032888;155 622 236;7;0;2;5;23;1
202300032889;155 622 230;7;0;2;3;1;1
202300032889;155 622 233;7;0;2;0;0;1
202300032890;155 622 231;2;0;0;6;1;1
202300032890;155 622 232;7;0;2;3;1;1
202300032891;155 622 227;50;0;2;7;19;3
202300032891;155 622 229;7;0;2;3;2;1
202300032892;155 622 223;50;0;0;0;0;3
202300032892;155 622 225;7;2;0;2;16;1
202300032893;155 622 221;33;14;0;4;23;1
202300032894;155 622 216;1;0;2;1;1;5
202300032894;155 622 218;7;0;2;3;15;1
202300032895;155 622 214;50;0;2;1;2;3
202300032895;155 622 215;7;0;2;5;23;1
202300032896;155 622 210;30;0;2;1;13;1
202300032896;155 622 212;7;0;2;3;1;1
202300032897;155 622 211;32;0;2;1;1;1
202300032897;155 622 213;7;0;2;7;15;1
202300032898;155 622 208;7;0;2;1;1;1
202300032899;155 622 207;10;0;2;2;1;1
202300032899;155 622 209;7;0;2;8;15;1
202300032900;155 622 206;7;0;1;1;1;1
202300032901;155 622 204;32;0;2;3;1;1
202300032901;155 622 205;15;0;2;3;15;1
202300032902;155 622 202;7;0;2;1;15;1
202300032902;155 622 203;50;0;2;8;1;3
202300032903;155 622 200;7;0;2;8;0;1
202300032903;155 622 201;80;0;2;1;0;3
202300032904;155 622 199;7;0;1;1;26;1
202300032905;155 622 198;10;0;1;2;1;1
202300032906;155 622 196;2;0;2;1;1;1
202300032906;155 622 197;7;0;2;3;15;1
202300032907;155 622 192;50;0;2;1;1;3
202300032907;155 622 193;7;0;2;3;15;3
202300032908;155 622 194;2;0;2;1;1;1
202300032908;155 622 195;7;0;2;6;23;1
202300032909;155 622 188;1;0;2;1;9;5
202300032909;155 622 191;7;0;2;1;1;1
202300032910;155 622 189;0;0;2;1;0;0
202300032910;155 622 190;1;0;2;4;1;5
202300032911;155 622 187;7;0;1;2;26;0
202300032912;155 622 184;7;0;2;1;1;1
202300032912;155 622 186;7;0;2;7;1;1
202300032913;155 622 180;10;8;0;1;1;0
202300032914;155 622 181;33;0;2;1;3;1
202300032914;155 622 182;7;0;2;1;2;1
202300032914;155 622 183;7;0;2;4;2;1
202300032914;155 622 185;10;0;2;4;2;3
202300032915;155 622 179;7;0;1;2;1;1
202300032916;155 622 176;7;0;1;2;14;1
202300032917;155 622 177;7;0;2;7;12;1
202300032917;155 622 178;33;0;2;8;3;1
202300032918;155 622 172;7;0;2;1;14;1
202300032918;155 622 175;7;0;2;1;1;1
202300032919;155 622 173;33;0;2;1;17;1
202300032919;155 622 174;7;0;2;8;15;1
202300032920;155 622 168;14;0;1;3;1;1
202300032921;155 622 169;7;0;2;2;2;1
202300032921;155 622 170;10;0;2;3;22;1
202300032921;155 622 171;50;0;2;1;1;3
202300032922;155 622 167;1;0;1;1;1;5
202300032923;155 622 166;34;8;1;1;21;1
202300032924;155 622 164;7;4;2;1;1;1
202300032924;155 622 165;7;0;2;1;13;1
202300032925;155 622 163;7;8;0;0;12;0
202300032926;155 622 161;1;0;2;1;1;5
202300032926;155 622 162;7;0;2;1;15;1
202300032927;155 622 159;1;1;1;7;1;5
202300032928;155 622 158;99;0;2;2;1;1
202300032928;155 622 160;7;0;2;2;9;1
202300032929;155 622 157;2;0;0;0;1;1
202300032930;155 622 155;10;0;2;2;14;1
202300032930;155 622 156;42;0;2;3;23;1
202300032931;155 622 154;33;13;0;1;0;1
202300032932;155 622 152;2;0;2;3;0;0
202300032932;155 622 153;7;0;2;3;0;0
202300032933;155 622 150;38;0;2;3;1;1
202300032933;155 622 151;7;0;2;1;13;1
202300032934;155 622 148;7;0;2;1;1;1
202300032934;155 622 149;33;0;2;4;23;1
202300032935;155 622 146;21;0;0;3;15;1
202300032935;155 622 147;33;0;2;1;17;1
202300032936;155 622 144;7;0;2;1;13;1
202300032936;155 622 145;7;0;2;1;1;1
202300032937;155 622 143;7;13;0;1;13;1
202300032938;155 622 141;7;0;2;1;1;1
202300032938;155 622 142;7;0;2;1;1;1
202300032939;155 622 139;32;0;2;1;1;1
202300032939;155 622 140;2;0;2;1;1;1
202300032940;155 622 137;7;0;2;7;9;1
202300032940;155 622 138;33;0;2;1;1;1
202300032941;155 622 135;7;0;2;8;19;3
202300032941;155 622 136;33;0;2;1;15;1
202300032942;155 622 134;7;0;1;2;15;1
202300032943;155 622 133;7;2;0;2;13;0
202300032944;155 622 132;3;8;0;5;1;0
202300032945;155 622 131;7;15;0;9;1;1
202300032946;155 622 129;33;0;0;7;23;1
202300032947;155 622 128;1;0;0;0;0;5
202300032948;155 622 127;32;0;0;0;1;1
202300032949;155 622 126;2;1;0;1;1;1
202300032950;155 622 122;7;0;2;1;2;1
202300032950;155 622 123;7;0;2;1;1;0
202300032950;155 622 124;7;0;2;4;1;0
202300032951;155 622 121;7;2;0;9;0;1
202300032952;155 622 119;31;0;2;1;1;1
202300032952;155 622 120;7;0;2;1;15;0
202300032953;155 622 117;7;0;9;2;1;1
202300032953;155 622 118;1;0;2;0;15;5
202300032954;155 622 116;7;0;0;9;0;1
202300032955;155 622 115;7;0;1;0;1;0
202300032956;155 622 114;7;13;0;0;0;1
202300032957;155 622 113;1;0;0;0;26;5
202300032958;155 622 111;7;0;2;3;15;1
202300032958;155 622 112;1;0;2;1;1;5
202300032959;155 622 110;7;2;0;1;13;0
202300032960;155 622 109;7;0;1;3;1;6
202300032961;155 622 108;2;0;0;0;0;1
202300032962;155 622 106;7;0;2;8;1;0
202300032962;155 622 107;7;0;2;3;13;1
202300032963;155 622 104;33;8;0;1;0;1
202300032963;155 622 105;7;0;0;0;0;0
202300032964;155 622 102;7;0;2;6;15;1
202300032964;155 622 103;31;0;2;5;15;1
202300032965;155 622 100;34;0;2;1;1;1
202300032965;155 622 101;7;0;2;3;13;2
202300032966;155 622 099;7;2;0;3;13;1
202300032967;155 622 097;7;4;2;1;3;1
202300032967;155 622 098;13;0;2;6;2;1
202300032968;155 622 096;7;2;0;1;14;1
202300032969;155 622 095;10;0;0;0;1;0
202300032970;155 622 094;31;0;0;7;14;1
202300032971;155 622 092;7;0;2;3;5;1
202300032971;155 622 093;7;0;2;3;1;1
202300032972;155 622 090;2;0;2;3;17;1
202300032972;155 622 091;7;0;2;3;1;1
202300032973;155 622 089;7;2;0;3;13;1
202300032974;155 622 087;7;0;2;2;15;1
202300032974;155 622 088;7;0;2;2;1;1
202300032975;155 622 086;7;13;0;3;1;1
202300032976;155 622 084;7;0;0;1;17;1
202300032976;155 622 085;7;0;0;6;15;1
202300032977;155 622 083;33;13;0;0;2;1
202300032978;155 622 082;7;0;1;1;1;1
202300032979;155 622 080;7;6;2;7;15;1
202300032979;155 622 081;0;0;2;3;1;0
202300032980;155 622 079;33;0;0;6;1;1
202300032981;155 622 077;7;0;0;7;15;1
202300032981;155 622 078;33;0;2;8;1;1
202300032982;155 622 075;2;0;2;1;15;1
202300032982;155 622 076;7;0;2;2;15;1
202300032983;155 622 072;7;0;2;1;1;1
202300032983;155 622 073;7;0;2;8;13;1
202300032983;155 622 074;7;0;2;1;21;1
202300032984;155 622 070;7;0;2;1;1;1
202300032984;155 622 071;7;0;2;3;16;1
202300032985;155 622 068;33;0;0;4;26;1
202300032985;155 622 069;31;0;2;1;0;1
202300032986;155 622 067;33;0;5;1;1;1
202300032987;155 622 065;10;0;2;8;1;1
202300032987;155 622 066;2;0;2;1;1;1
202300032988;155 622 063;7;0;2;3;0;1
202300032988;155 622 064;7;0;2;7;0;1
202300032989;155 622 061;7;0;2;4;1;1
202300032989;155 622 062;7;0;2;1;1;1
202300032990;155 622 060;7;4;0;1;12;1
202300032991;155 622 058;33;0;2;1;12;1
202300032991;155 622 059;7;0;2;3;1;1
202300032992;155 622 056;7;0;2;4;2;1
202300032992;155 622 057;7;0;2;1;1;1
202300032993;155 622 054;7;0;2;1;2;1
202300032993;155 622 055;7;0;2;4;2;1
202300032994;155 622 052;7;0;2;1;2;1
202300032994;155 622 053;7;0;2;4;2;1
202300032995;155 622 049;3;0;2;4;1;1
202300032995;155 622 050;7;0;2;3;11;1
202300032995;155 622 051;7;0;2;1;26;1
202300032996;155 622 047;7;0;2;1;1;1
202300032996;155 622 048;7;0;2;4;1;1
202300032997;155 622 045;7;0;2;8;11;1
202300032997;155 622 046;33;0;2;7;1;1
202300032998;155 622 043;7;0;2;4;2;0
202300032998;155 622 044;7;0;2;1;2;0
202300032999;155 622 041;31;0;2;8;1;1
202300032999;155 622 042;7;0;2;7;14;1
202300033000;155 622 039;7;3;2;4;1;1
202300033000;155 622 040;7;0;2;1;1;1
202300033001;155 622 037;33;0;2;1;3;1
202300033001;155 622 038;7;0;2;5;23;1
202300033002;155 622 035;7;0;2;1;2;1
202300033002;155 622 036;7;0;2;4;2;1
202300033003;155 622 033;7;0;2;8;1;1
202300033003;155 622 034;7;0;2;3;26;1
202300033004;155 622 031;7;0;2;0;11;1
202300033004;155 622 032;33;0;2;0;1;1
202300033005;155 622 029;7;0;2;1;1;1
202300033005;155 622 030;10;0;2;1;13;1
202300033006;155 622 027;10;0;2;4;1;1
202300033006;155 622 028;7;9;2;1;2;1
202300033007;155 622 024;7;0;0;4;23;1
202300033007;155 622 025;7;1;0;6;2;1
202300033007;155 622 026;7;0;2;2;21;1
202300033008;155 622 023;7;0;1;1;1;1
202300033009;155 622 022;34;0;2;1;2;1
202300033010;155 622 021;32;0;1;1;1;1
202300033011;155 622 019;7;0;2;1;1;1
202300033011;155 622 020;7;0;2;4;1;1
202300033012;155 622 017;7;1;2;1;1;1
202300033012;155 622 018;50;0;2;8;1;3
202300033013;155 622 015;7;0;2;3;15;2
202300033013;155 622 016;33;0;2;1;1;1
202300033014;155 622 012;10;0;2;4;2;2
202300033014;155 622 013;10;0;2;1;0;1
202300033014;155 622 014;10;0;2;1;2;1
202300033015;155 622 011;7;0;1;2;20;1
202300033016;155 622 009;7;0;2;4;1;1
202300033016;155 622 010;7;0;2;1;1;1
202300033017;155 622 007;31;0;2;8;17;1
202300033017;155 622 008;7;0;2;3;15;2
202300033018;155 622 005;7;0;2;2;9;1
202300033018;155 622 006;7;0;2;6;1;1
202300033019;155 622 002;7;0;1;2;1;1
202300033020;155 622 001;7;0;9;1;1;1
202300033021;155 621 999;7;0;2;1;1;1
202300033021;155 622 000;1;0;2;7;19;5
202300033022;155 621 998;7;0;1;3;1;1
202300033023;155 621 997;7;0;1;1;1;1
202300033024;155 621 995;7;0;2;3;26;1
202300033024;155 621 996;7;0;2;2;26;1
202300033025;155 621 993;7;0;2;1;1;1
202300033025;155 621 994;50;0;2;1;1;3
202300033026;155 621 991;7;0;2;1;1;1
202300033026;155 621 992;50;0;2;1;12;3
202300033027;155 621 990;7;0;1;1;1;1
202300033028;155 621 989;34;14;0;1;26;1
202300033029;155 621 988;7;0;0;7;16;0
202300033030;155 621 987;10;0;1;1;1;1
202300033031;155 621 985;7;0;2;3;15;1
202300033031;155 621 986;1;0;2;7;15;5
202300033032;155 621 983;7;1;2;3;13;1
202300033032;155 621 984;38;0;2;3;1;1
202300033033;155 621 981;7;0;2;3;12;1
202300033033;155 621 982;33;0;2;7;1;1
202300033034;155 621 980;7;4;0;1;26;1
202300033035;155 621 979;7;0;2;0;14;1
202300033036;155 621 978;7;0;1;2;2;1
202300033037;155 621 976;1;0;2;8;19;5
202300033037;155 621 977;7;0;2;3;1;1
202300033038;155 621 974;7;0;2;1;2;1
202300033038;155 621 975;7;0;2;4;2;1