Num_Acc;id_vehicule;categorie_vehicule;obstacle_fixe;obstacle_mobile;point_choc_initial;manoeuvre_principale;motorisation
202300033039;155 621 972;7;0;2;1;1;1
202300033039;155 621 973;7;0;2;4;1;1
202300033040;155 621 971;33;0;0;0;1;1
202300033041;155 621 969;7;0;2;2;1;1
202300033041;155 621 970;1;0;2;1;1;5
202300033042;155 621 968;7;6;0;1;1;1
202300033043;155 621 967;50;0;1;1;1;3
202300033044;155 621 965;7;0;2;1;1;1
202300033044;155 621 966;7;0;2;4;23;1
202300033045;155 621 963;7;0;2;3;20;1
202300033045;155 621 964;50;0;2;7;1;3
202300033046;155 621 959;10;0;2;8;23;1
202300033046;155 621 961;7;0;2;1;1;1
202300033047;155 621 957;7;0;2;1;1;1
202300033047;155 621 958;7;0;2;2;15;1
202300033048;155 621 960;50;0;2;3;1;3
202300033048;155 621 962;7;0;2;2;14;1
202300033049;155 621 956;32;0;0;7;16;1
202300033050;155 621 954;7;0;2;3;1;1
202300033050;155 621 955;7;0;2;3;13;1
202300033051;155 621 953;33;4;0;8;13;1
202300033052;155 621 951;32;0;1;3;1;3
202300033053;155 621 950;7;0;9;3;1;1
202300033053;155 621 952;1;0;2;1;1;5
202300033054;155 621 947;30;0;2;2;13;1
202300033054;155 621 949;7;0;2;8;1;1
202300033055;155 621 948;32;0;0;9;26;1
202300033056;155 621 945;30;0;2;1;1;1
202300033056;155 621 946;1;0;2;1;15;5
202300033057;155 621 944;34;0;1;1;17;1
202300033058;155 621 940;7;0;2;3;22;1
202300033058;155 621 941;1;0;2;1;1;5
202300033059;155 621 939;7;0;1;6;15;1
202300033060;155 621 935;7;0;0;0;0;0
202300033060;155 621 938;2;0;2;4;1;1
202300033061;155 621 936;1;0;2;1;1;5
202300033061;155 621 937;30;0;2;1;9;3
202300033062;155 621 933;7;0;1;1;1;1
202300033063;155 621 934;32;14;0;1;1;1
202300033064;155 621 931;30;0;2;1;17;1
202300033064;155 621 932;7;0;2;8;15;1
202300033065;155 621 930;7;0;1;4;26;1
202300033066;155 621 929;33;0;0;8;15;1
202300033067;155 621 926;10;0;2;1;2;1
202300033067;155 621 928;7;1;2;2;14;1
202300033068;155 621 925;33;0;2;2;0;1
202300033068;155 621 927;7;0;2;3;10;1
202300033069;155 621 923;10;15;0;1;14;1
202300033070;155 621 922;7;0;2;5;12;1
202300033070;155 621 924;37;0;2;3;1;1
202300033071;155 621 920;80;0;2;3;1;3
202300033071;155 621 921;13;0;2;5;15;3
202300033072;155 621 919;7;0;1;1;1;1
202300033073;155 621 916;7;0;2;1;1;1
202300033073;155 621 918;50;0;2;7;1;3
202300033074;155 621 915;7;0;2;4;2;1
202300033074;155 621 917;80;14;0;4;1;3
202300033075;155 621 914;34;0;1;6;17;1
202300033076;155 621 913;1;0;0;2;15;5
202300033077;155 621 909;10;0;2;1;2;1
202300033077;155 621 911;32;0;2;8;15;1
202300033078;155 621 908;14;0;2;1;1;1
202300033078;155 621 910;7;0;2;1;16;1
202300033078;155 621 912;7;0;2;1;15;1
202300033079;155 621 905;41;0;2;6;18;3
202300033079;155 621 907;7;0;2;2;16;1
202300033080;155 621 902;10;0;1;2;0;0
202300033081;155 621 903;33;0;2;1;0;1
202300033081;155 621 904;7;0;2;3;1;1
202300033081;155 621 906;7;0;2;6;1;1
202300033082;155 621 899;7;0;2;4;2;1
202300033082;155 621 901;7;0;2;1;2;1
202300033083;155 621 900;7;0;1;1;15;1
202300033084;155 621 896;33;1;2;6;1;1
202300033084;155 621 897;7;0;2;5;12;1
202300033085;155 621 895;7;0;2;2;15;1
202300033085;155 621 898;43;0;2;1;1;1
202300033086;155 621 893;7;0;2;7;19;1
202300033086;155 621 894;43;0;2;1;2;1
202300033087;155 621 891;0;0;1;0;0;0
202300033088;155 621 889;7;0;2;3;17;1
202300033088;155 621 890;7;16;0;3;1;3
202300033088;155 621 892;7;0;2;1;1;1
202300033089;155 621 887;7;0;0;3;1;1
202300033089;155 621 888;7;0;2;2;21;1
202300033090;155 621 885;7;0;1;3;1;1
202300033091;155 621 884;1;0;2;4;14;5
202300033091;155 621 886;7;0;2;4;14;1
202300033092;155 621 881;7;0;2;0;0;1
202300033092;155 621 883;32;0;2;1;1;1
202300033093;155 621 880;7;0;2;5;1;1
202300033093;155 621 882;1;0;2;1;1;5
202300033094;155 621 879;1;0;1;1;2;5
202300033095;155 621 878;7;0;1;5;26;1
202300033096;155 621 876;7;0;2;7;15;1
202300033096;155 621 877;33;0;2;1;1;1
202300033097;155 621 875;30;0;0;7;1;1
202300033098;155 621 874;30;14;0;3;1;1
202300033099;155 621 872;7;0;2;2;10;1
202300033099;155 621 873;33;0;2;1;1;1
202300033100;155 621 870;33;8;2;9;18;1
202300033100;155 621 871;7;0;2;2;16;1
202300033101;155 621 867;7;12;0;8;1;1
202300033101;155 621 868;7;1;0;2;1;2
202300033102;155 621 866;7;0;2;4;2;1
202300033102;155 621 869;33;0;2;1;2;1
202300033103;155 621 865;0;0;1;1;1;0
202300033104;155 621 862;34;0;2;0;0;1
202300033105;155 621 863;10;0;2;1;11;1
202300033105;155 621 864;33;0;2;1;3;1
202300033106;155 621 861;7;4;0;3;1;1
202300033107;155 621 857;7;0;2;3;11;0
202300033107;155 621 858;10;3;2;2;17;1
202300033108;155 621 855;10;0;2;4;1;1
202300033108;155 621 856;31;0;2;1;3;1
202300033108;155 621 859;7;0;2;4;12;1
202300033108;155 621 860;7;0;2;1;1;2
202300033109;155 621 853;7;0;2;1;1;1
202300033109;155 621 854;7;0;2;4;2;1
202300033110;155 621 851;17;3;0;3;12;1
202300033111;155 621 850;33;8;2;2;1;1
202300033111;155 621 852;7;0;2;2;1;1
202300033112;155 621 848;7;4;2;3;2;1
202300033112;155 621 849;17;4;2;7;14;1
202300033113;155 621 846;30;0;0;0;21;3
202300033114;155 621 844;1;0;1;1;1;5
202300033115;155 621 842;32;0;1;1;1;1
202300033116;155 621 843;7;0;2;1;2;1
202300033116;155 621 845;7;0;2;4;2;1
202300033116;155 621 847;7;0;2;4;2;2
202300033117;155 621 840;7;0;2;3;15;1
202300033117;155 621 841;32;0;2;2;17;1
202300033118;155 621 836;7;0;2;1;1;1
202300033118;155 621 837;2;0;2;1;5;1
202300033119;155 621 838;10;0;2;5;12;1
202300033119;155 621 839;31;0;2;1;3;1
202300033120;155 621 834;43;0;2;8;1;1
202300033120;155 621 835;7;0;2;2;1;1
202300033121;155 621 831;32;0;2;7;18;1
202300033121;155 621 832;10;0;2;8;16;1
202300033122;155 621 833;33;4;0;1;26;1
202300033123;155 621 830;7;0;1;5;4;1
202300033124;155 621 828;7;0;1;8;1;1
202300033125;155 621 827;7;0;2;3;11;1
202300033125;155 621 829;33;0;0;4;1;1
202300033126;155 621 825;10;0;2;2;16;1
202300033126;155 621 826;33;0;2;8;1;1
202300033127;155 621 822;32;0;2;1;2;1
202300033127;155 621 823;7;0;2;6;2;1
202300033128;155 621 821;7;0;1;1;16;1
202300033129;155 621 824;7;4;0;5;1;1
202300033130;155 621 819;7;0;2;4;4;1
202300033130;155 621 820;1;0;2;1;1;5
202300033131;155 621 818;50;12;0;1;25;3
202300033132;155 621 816;50;12;0;1;14;3
202300033133;155 621 813;7;0;1;2;14;3
202300033134;155 621 812;7;8;0;1;0;1
202300033135;155 621 814;7;0;2;8;1;1
202300033135;155 621 815;7;0;2;6;2;1
202300033135;155 621 817;7;0;2;2;1;1
202300033136;155 621 810;7;0;2;1;0;1
202300033136;155 621 811;7;0;2;4;2;1
202300033137;155 621 807;30;0;2;1;18;1
202300033137;155 621 808;10;0;2;7;16;1
202300033138;155 621 804;7;0;2;3;1;1
202300033138;155 621 806;7;0;2;2;1;1
202300033139;155 621 802;43;0;1;1;1;1
202300033140;155 621 803;7;0;2;4;1;1
202300033140;155 621 805;7;0;2;1;1;1
202300033140;155 621 809;7;0;2;4;1;2
202300033141;155 621 800;1;0;2;0;19;5
202300033141;155 621 801;7;0;2;7;2;1
202300033142;155 621 798;7;0;1;3;1;1
202300033143;155 621 797;10;0;2;1;2;1
202300033143;155 621 799;10;0;2;4;2;1
202300033144;155 621 795;7;0;2;4;2;1
202300033144;155 621 796;7;0;2;1;1;1
202300033145;155 621 794;7;0;0;3;2;1
202300033146;155 621 792;10;6;1;1;1;1
202300033147;155 621 789;7;0;2;5;9;1
202300033147;155 621 791;31;0;2;1;1;1
202300033148;155 621 788;30;12;0;2;1;1
202300033149;155 621 787;7;0;1;1;1;1
202300033150;155 621 786;7;0;2;2;9;1
202300033150;155 621 790;7;0;2;3;1;1
202300033151;155 621 784;50;0;2;1;1;3
202300033151;155 621 785;32;0;2;2;1;1
202300033152;155 621 782;7;0;2;1;15;1
202300033152;155 621 783;32;0;2;8;16;1
202300033153;155 621 779;7;0;2;1;15;0
202300033153;155 621 780;30;0;2;8;1;1
202300033154;155 621 781;7;1;1;2;1;1
202300033155;155 621 776;10;0;2;3;1;1
202300033155;155 621 778;50;0;2;2;5;3
202300033156;155 621 774;10;0;1;2;1;1
202300033157;155 621 775;2;1;2;1;13;1
202300033157;155 621 777;7;0;2;7;15;1
202300033158;155 621 771;7;0;2;2;15;1
202300033158;155 621 773;7;0;2;3;1;1
202300033159;155 621 770;7;0;2;3;26;1
202300033159;155 621 772;7;0;2;1;26;1
202300033160;155 621 768;7;0;2;1;2;6
202300033160;155 621 769;7;0;0;4;1;6
202300033161;155 621 766;2;0;1;1;1;3
202300033162;155 621 764;2;0;2;8;13;1
202300033162;155 621 765;21;0;2;8;1;1
202300033163;155 621 760;1;0;2;7;15;5
202300033163;155 621 762;7;0;2;1;9;0
202300033164;155 621 761;10;0;2;1;1;1
202300033164;155 621 763;10;0;0;4;1;0
202300033165;155 621 756;1;0;2;8;1;5
202300033165;155 621 758;7;0;9;1;15;1
202300033166;155 621 754;31;14;0;7;1;1
202300033167;155 621 753;7;0;2;4;2;1
202300033167;155 621 755;7;0;2;4;0;1
202300033167;155 621 757;7;0;2;4;2;0
202300033167;155 621 759;7;0;2;1;2;1
202300033168;155 621 749;7;0;2;1;2;1
202300033168;155 621 751;7;0;2;4;1;1
202300033169;155 621 747;7;0;2;1;1;1
202300033169;155 621 750;7;0;2;2;19;0
202300033170;155 621 745;7;0;2;5;23;1
202300033170;155 621 746;7;0;2;2;0;1
202300033170;155 621 748;7;1;0;3;1;1
202300033171;155 621 743;1;0;2;7;1;5
202300033171;155 621 744;7;0;2;2;14;1
202300033172;155 621 738;15;0;2;0;1;1
202300033172;155 621 741;7;0;2;8;1;1
202300033172;155 621 742;7;0;2;3;1;1
202300033173;155 621 735;7;0;2;5;26;1
202300033173;155 621 737;7;0;2;2;21;1
202300033174;155 621 734;7;0;2;6;16;1
202300033174;155 621 736;7;0;2;1;2;1
202300033175;155 621 731;7;3;0;1;0;1
202300033175;155 621 732;7;0;0;6;23;1
202300033175;155 621 733;7;14;0;2;2;1
202300033176;155 621 728;7;0;9;5;1;1
202300033176;155 621 729;1;0;2;1;1;5
202300033177;155 621 727;37;0;0;0;1;0
202300033178;155 621 725;7;0;2;3;13;1
202300033178;155 621 726;7;0;2;3;1;1
202300033179;155 621 721;7;0;2;3;15;1
202300033179;155 621 723;7;0;2;3;1;1
202300033180;155 621 719;7;0;2;9;14;1
202300033180;155 621 720;7;0;2;1;1;1
202300033180;155 621 722;7;4;0;3;1;1
202300033180;155 621 724;10;0;2;9;14;1
202300033181;155 621 717;7;0;2;3;1;1
202300033181;155 621 718;2;0;2;7;15;1
202300033182;155 621 715;1;12;0;0;25;5
202300033183;155 621 713;50;0;2;7;1;3
202300033183;155 621 716;7;0;2;1;9;0
202300033184;155 621 707;21;0;0;0;1;1
202300033184;155 621 708;20;0;0;0;1;1
202300033184;155 621 709;21;0;0;0;1;1
202300033184;155 621 711;7;0;2;3;1;1
202300033184;155 621 712;7;0;2;1;1;1
202300033184;155 621 714;33;0;2;3;17;1
202300033185;155 621 705;7;0;2;2;15;1
202300033185;155 621 706;7;0;2;1;1;1
202300033185;155 621 710;7;0;2;1;23;1
202300033186;155 621 704;7;6;0;1;14;0
202300033187;155 621 702;7;13;0;1;1;2
202300033188;155 621 700;7;2;0;3;1;1
202300033189;155 621 699;7;6;2;4;23;1
202300033189;155 621 701;7;0;2;1;1;1
202300033189;155 621 703;7;14;0;1;12;1
202300033190;155 621 696;7;0;2;1;1;1
202300033190;155 621 697;7;8;2;4;1;1
202300033190;155 621 698;1;13;2;4;1;5
202300033191;155 621 694;7;0;1;2;19;1
202300033192;155 621 695;7;4;0;1;26;1
202300033193;155 621 693;7;6;0;1;13;1
202300033194;155 621 692;34;0;1;1;1;1
202300033195;155 621 690;7;0;2;3;15;1
202300033195;155 621 691;7;0;2;1;1;0
202300033196;155 621 688;7;0;2;8;0;1
202300033196;155 621 689;7;0;2;7;1;1
202300033197;155 621 686;10;0;2;8;0;1
202300033197;155 621 687;7;0;2;3;1;1
202300033198;155 621 685;7;0;1;1;1;1
202300033199;155 621 684;7;0;1;3;15;1
202300033200;155 621 682;7;0;2;1;1;1
202300033200;155 621 683;1;0;2;4;19;5
202300033201;155 621 680;50;1;0;1;1;3
202300033201;155 621 681;7;0;2;3;22;1
202300033202;155 621 678;3;0;2;3;1;1
202300033202;155 621 679;7;0;0;0;0;0
202300033203;155 621 676;7;0;2;1;15;3
202300033203;155 621 677;1;0;2;8;1;5
202300033204;155 621 675;7;0;1;2;1;1
202300033205;155 621 673;7;0;2;1;9;1
202300033205;155 621 674;1;0;2;7;1;5
202300033206;155 621 672;7;1;0;1;1;1
202300033207;155 621 671;7;0;1;2;15;1
202300033208;155 621 669;80;0;2;7;19;3
202300033208;155 621 670;7;0;2;1;1;1
202300033209;155 621 667;7;0;2;1;11;1
202300033209;155 621 668;1;0;2;1;1;5
202300033210;155 621 666;7;4;0;2;1;1
202300033211;155 621 664;10;0;2;8;15;1
202300033211;155 621 665;31;0;2;1;2;1
202300033212;155 621 662;7;0;2;6;1;1
202300033212;155 621 663;7;0;2;0;1;1
202300033213;155 621 660;7;0;2;3;1;2
202300033213;155 621 661;7;0;2;8;1;1
202300033214;155 621 658;99;0;2;1;0;3
202300033214;155 621 659;7;0;2;1;11;1
202300033215;155 621 656;40;0;2;1;2;3
202300033215;155 621 657;7;0;4;8;6;1
202300033216;155 621 655;7;0;1;3;15;1
202300033217;155 621 654;30;0;0;0;1;1
202300033218;155 621 652;7;0;2;7;15;1
202300033218;155 621 653;7;0;2;8;1;1
202300033219;155 621 651;7;0;1;1;1;1
202300033220;155 621 649;32;0;2;1;2;1
202300033220;155 621 650;50;0;2;4;2;3
202300033221;155 621 647;1;0;2;2;15;5
202300033221;155 621 648;7;0;2;3;16;1
202300033222;155 621 645;7;0;2;8;1;1
202300033222;155 621 646;31;0;2;1;1;0
202300033223;155 621 644;7;4;0;2;1;1
202300033224;155 621 643;7;0;1;2;1;1
202300033225;155 621 640;7;0;2;4;2;1
202300033225;155 621 641;7;0;2;1;2;1
202300033226;155 621 639;7;0;1;1;1;1
202300033227;155 621 638;7;0;1;1;1;1
202300033228;155 621 636;7;0;0;3;20;1
202300033228;155 621 637;7;0;2;2;2;1
202300033229;155 621 634;2;0;2;1;2;3
202300033229;155 621 635;7;0;2;3;20;1
202300033230;155 621 632;32;0;2;7;1;1
202300033230;155 621 633;3;0;2;1;9;1
202300033231;155 621 630;7;0;0;4;2;1
202300033231;155 621 631;10;0;2;1;2;1
202300033232;155 621 628;7;0;2;4;23;1
202300033232;155 621 629;7;0;2;1;1;1
202300033233;155 621 626;35;0;2;8;9;3
202300033233;155 621 627;1;0;2;1;1;5
202300033234;155 621 624;30;0;2;1;1;1
202300033234;155 621 625;10;0;2;3;9;1
202300033235;155 621 622;7;0;2;1;1;1
202300033235;155 621 623;10;0;2;2;2;1
202300033236;155 621 620;7;0;2;1;2;1
202300033236;155 621 621;7;0;2;4;9;1
202300033237;155 621 618;2;0;2;1;1;1
202300033237;155 621 619;7;0;2;5;15;1
202300033238;155 621 616;10;0;2;4;1;1
202300033238;155 621 617;33;0;2;1;12;1
202300033239;155 621 615;1;0;0;0;21;5
202300033240;155 621 614;1;0;1;1;1;5
202300033241;155 621 612;1;0;2;2;1;5
202300033241;155 621 613;10;0;2;3;9;1
202300033242;155 621 610;14;0;2;1;1;1
202300033242;155 621 611;7;0;2;6;23;1
202300033243;155 621 609;50;0;0;0;1;3
202300033244;155 621 608;43;14;0;3;7;1
202300033245;155 621 607;50;0;1;8;1;3
202300033246;155 621 604;32;0;2;2;1;1
202300033246;155 621 605;7;0;2;3;9;1
202300033247;155 621 602;31;0;1;8;17;3
202300033247;155 621 603;10;0;2;6;1;1
202300033248;155 621 601;1;12;0;3;13;5
202300033249;155 621 599;7;0;2;3;15;2
202300033249;155 621 600;30;0;2;6;1;3
202300033250;155 621 598;7;0;1;6;4;0
202300033251;155 621 596;7;0;2;1;15;0
202300033251;155 621 597;7;0;2;8;2;0
202300033252;155 621 595;32;0;1;1;1;1
202300033253;155 621 593;7;0;2;3;1;1
202300033253;155 621 594;7;0;2;2;15;1
202300033254;155 621 592;7;0;1;1;26;1
202300033255;155 621 590;7;0;2;3;15;3
202300033255;155 621 591;33;0;2;1;1;1
202300033256;155 621 588;1;0;2;0;19;5
202300033256;155 621 589;7;0;9;0;0;1
202300033257;155 621 587;7;6;0;1;26;0
202300033258;155 621 586;7;0;1;1;16;1
202300033259;155 621 585;7;0;1;3;15;0
202300033260;155 621 583;50;0;2;0;0;3
202300033260;155 621 584;10;0;2;3;24;1
202300033261;155 621 582;7;0;1;1;1;1
202300033262;155 621 580;7;0;2;1;15;1
202300033262;155 621 581;33;0;2;1;1;1
202300033263;155 621 578;34;0;2;1;12;1
202300033263;155 621 579;7;0;2;8;9;1
202300033264;155 621 577;33;12;0;8;2;1
202300033265;155 621 576;30;0;1;2;1;1
202300033266;155 621 575;2;1;1;1;5;1
202300033267;155 621 573;1;0;2;2;2;5
202300033267;155 621 574;7;0;9;6;2;1
202300033268;155 621 572;7;0;0;0;0;3
202300033269;155 621 570;31;0;0;0;0;1
202300033269;155 621 571;7;1;0;1;2;1
202300033270;155 621 569;10;0;1;2;12;1
202300033271;155 621 567;7;0;2;1;1;1
202300033271;155 621 568;7;0;2;4;23;1
202300033272;155 621 565;7;0;2;4;2;1
202300033272;155 621 566;10;0;2;1;2;1
202300033273;155 621 561;15;0;2;1;2;1
202300033273;155 621 562;15;0;2;4;2;1
202300033273;155 621 563;15;0;2;4;2;1
202300033273;155 621 564;15;0;2;4;2;1
202300033274;155 621 559;10;0;2;4;2;1
202300033274;155 621 560;7;0;2;1;2;1
202300033275;155 621 557;33;0;2;8;3;1
202300033275;155 621 558;7;0;2;7;12;1
202300033276;155 621 555;10;0;2;0;18;0
202300033276;155 621 556;31;0;2;1;1;1
202300033277;155 621 553;7;0;2;1;2;1
202300033277;155 621 554;7;0;2;4;23;1
202300033278;155 621 552;43;4;0;1;14;1
202300033279;155 621 550;7;0;2;6;2;1
202300033279;155 621 551;43;0;2;1;2;1
202300033280;155 621 549;7;0;1;2;1;1
202300033281;155 621 547;7;0;1;1;15;1
202300033282;155 621 545;7;0;9;0;15;1
202300033282;155 621 546;50;0;2;7;17;3
202300033283;155 621 539;7;0;2;4;2;1
202300033283;155 621 540;7;0;2;1;2;1
202300033283;155 621 541;7;0;2;1;2;1
202300033283;155 621 542;7;0;2;1;2;1
202300033283;155 621 543;7;0;2;1;2;0
202300033283;155 621 544;7;0;2;1;2;1
202300033284;155 621 537;33;0;2;7;14;1
202300033284;155 621 538;7;0;2;8;1;1
202300033285;155 621 535;1;0;2;8;5;5
202300033285;155 621 536;7;6;0;1;9;1
202300033286;155 621 533;7;0;2;1;1;1
202300033286;155 621 534;2;0;2;8;1;1
202300033287;155 621 531;2;0;2;4;16;1
202300033287;155 621 532;7;0;0;0;0;1
202300033288;155 621 529;1;0;2;8;1;5
202300033288;155 621 530;43;0;2;7;1;1
202300033289;155 621 527;1;0;2;1;2;5
202300033289;155 621 528;7;0;2;2;15;1
202300033290;155 621 526;7;6;0;1;1;1
202300033291;155 621 524;7;0;2;6;15;1
202300033291;155 621 525;10;0;2;2;14;1
202300033292;155 621 522;1;0;2;1;1;5
202300033292;155 621 523;7;0;2;3;22;1
202300033293;155 621 519;7;4;2;3;13;1
202300033293;155 621 520;7;4;2;3;1;1
202300033294;155 621 518;7;0;1;1;15;1
202300033295;155 621 516;1;0;2;1;1;5
202300033295;155 621 517;7;0;2;3;15;1
202300033296;155 621 514;7;0;2;1;15;1
202300033296;155 621 515;50;0;2;3;1;3
202300033297;155 621 513;7;0;1;1;2;0
202300033298;155 621 512;7;2;0;1;1;1
202300033299;155 621 510;7;0;2;3;1;1
202300033299;155 621 511;31;0;2;1;13;1
202300033300;155 621 509;7;0;1;2;1;1
202300033301;155 621 507;1;0;2;2;1;5
202300033301;155 621 508;7;0;2;2;16;1
202300033302;155 621 504;7;0;1;5;16;1
202300033303;155 621 502;2;0;2;1;1;1
202300033303;155 621 503;37;0;2;2;15;1
202300033304;155 621 501;7;0;1;0;0;0
202300033305;155 621 500;7;0;1;1;1;1
202300033306;155 621 499;7;0;1;0;0;0
202300033307;155 621 497;80;0;0;0;0;3
202300033307;155 621 498;7;0;0;1;16;3
202300033308;155 621 495;1;0;2;0;7;5
202300033308;155 621 496;7;0;9;0;0;1
202300033309;155 621 494;7;0;1;1;1;1
202300033310;155 621 492;80;0;2;1;1;3
202300033310;155 621 493;7;0;2;8;9;1
202300033311;155 621 491;7;0;1;1;15;1
202300033312;155 621 490;7;13;0;2;12;1
202300033313;155 621 489;7;0;1;3;1;1
202300033314;155 621 487;7;16;0;0;1;1
202300033314;155 621 488;7;0;1;3;1;1
202300033315;155 621 486;7;0;1;1;9;1
202300033316;155 621 484;50;0;2;1;1;3
202300033316;155 621 485;7;0;2;2;0;1
202300033317;155 621 482;1;0;2;8;0;5
202300033317;155 621 483;7;0;2;1;0;2
202300033318;155 621 479;7;0;2;1;1;2
202300033318;155 621 480;7;0;2;4;1;1
202300033318;155 621 481;7;0;2;4;26;0
202300033319;155 621 477;10;0;2;2;15;1
202300033319;155 621 478;33;0;2;1;1;1
202300033320;155 621 476;7;0;1;3;1;3
202300033321;155 621 472;7;0;2;9;0;1
202300033321;155 621 473;7;0;2;1;0;1
202300033321;155 621 474;7;0;2;0;0;1
202300033321;155 621 475;7;0;2;1;0;1
202300033322;155 621 470;7;0;2;4;1;1
202300033322;155 621 471;7;0;2;1;0;1
202300033323;155 621 468;7;0;0;6;24;1
202300033323;155 621 469;7;1;0;1;2;1
202300033324;155 621 467;34;4;0;8;1;1
202300033325;155 621 464;7;0;2;1;1;1
202300033325;155 621 465;7;0;2;1;1;0
202300033325;155 621 466;7;0;2;4;1;1
202300033326;155 621 461;7;0;2;5;1;1
202300033326;155 621 462;7;0;2;4;1;1
202300033326;155 621 463;7;0;0;1;12;1
202300033327;155 621 459;7;0;0;0;0;0
202300033327;155 621 460;33;0;2;1;1;1
202300033328;155 621 458;7;14;0;1;1;1
202300033329;155 621 457;10;3;2;1;1;1
202300033330;155 621 456;7;4;0;9;17;1
202300033331;155 621 454;7;0;2;8;2;3
202300033331;155 621 455;14;0;2;2;12;1
202300033332;155 621 452;7;0;2;2;12;1
202300033332;155 621 453;7;0;2;6;1;3
202300033333;155 621 449;7;0;2;4;23;3
202300033333;155 621 450;10;0;2;1;2;1
202300033333;155 621 451;7;0;2;4;23;1
202300033334;155 621 448;7;0;1;2;1;1
202300033335;155 621 446;30;0;2;1;15;1
202300033335;155 621 447;30;0;2;1;1;1
202300033336;155 621 443;7;;2;1;15;
202300033336;155 621 444;33;0;2;7;1;1
202300033337;155 621 442;7;6;0;2;1;1
202300033338;155 621 441;2;0;0;2;1;1
202300033339;155 621 438;7;15;2;4;21;1
202300033339;155 621 439;7;16;0;0;14;1
202300033339;155 621 440;7;0;2;1;1;1
202300033340;155 621 436;7;0;0;3;15;1
202300033340;155 621 437;34;8;0;2;17;1
202300033341;155 621 434;10;6;2;1;2;1
202300033341;155 621 435;7;6;0;3;15;1
202300033342;155 621 432;7;0;2;0;9;1
202300033342;155 621 433;2;0;2;1;11;1
202300033343;155 621 430;2;0;2;8;1;1
202300033343;155 621 431;7;0;2;2;15;1
202300033344;155 621 428;50;0;2;1;19;3
202300033344;155 621 429;7;0;2;6;19;1
202300033345;155 621 426;7;0;2;3;15;1
202300033345;155 621 427;30;0;2;1;1;3
202300033346;155 621 425;7;1;0;1;1;1
202300033347;155 621 423;7;0;2;3;5;1
202300033347;155 621 424;32;0;2;3;1;1
202300033348;155 621 421;7;0;2;2;1;2
202300033348;155 621 422;7;0;2;1;10;1
202300033349;155 621 419;7;0;2;1;1;1
202300033349;155 621 420;50;0;2;8;1;3
202300033350;155 621 417;32;0;2;1;2;1
202300033350;155 621 418;7;0;0;6;15;1
202300033351;155 621 416;32;0;2;0;0;0
202300033352;155 621 414;7;0;2;1;9;1
202300033352;155 621 415;1;0;2;1;1;5
202300033353;155 621 412;7;0;2;8;9;0
202300033353;155 621 413;7;0;2;1;1;0
202300033354;155 621 410;7;0;2;1;0;1
202300033354;155 621 411;7;0;2;1;0;1
202300033355;155 621 406;7;0;2;3;9;0
202300033355;155 621 407;3;0;2;1;1;0
202300033356;155 621 405;7;9;0;1;1;1
202300033357;155 621 403;7;0;2;1;13;1
202300033357;155 621 404;7;0;2;2;15;1
202300033358;155 621 402;7;6;0;2;14;1
202300033359;155 621 400;7;0;2;3;1;1
202300033359;155 621 401;7;0;2;3;13;1
202300033360;155 621 399;33;0;0;4;0;1
202300033361;155 621 397;7;0;2;4;15;1
202300033361;155 621 398;7;0;2;1;2;1
202300033362;155 621 395;7;0;2;2;15;1
202300033362;155 621 396;33;0;2;3;16;1
202300033363;155 621 394;2;15;0;2;14;1
202300033364;155 621 393;7;0;1;2;0;1
202300033365;155 621 391;30;0;2;4;9;1
202300033365;155 621 392;7;0;2;1;9;1
202300033366;155 621 389;50;0;2;1;1;3
202300033366;155 621 390;7;0;9;3;9;1
202300033367;155 621 385;7;0;2;1;2;1
202300033367;155 621 386;7;0;2;4;2;1
202300033367;155 621 387;7;0;2;4;2;1
202300033367;155 621 388;7;0;2;4;2;1
202300033368;155 621 383;7;0;2;3;19;1
202300033368;155 621 384;33;0;2;1;19;1
202300033369;155 621 381;7;8;2;3;19;1
202300033369;155 621 382;7;0;2;1;15;1
202300033370;155 621 379;1;0;2;1;1;5
202300033370;155 621 380;80;0;2;1;1;3
202300033371;155 621 377;30;0;2;1;1;1
202300033371;155 621 378;7;0;2;0;10;1
202300033372;155 621 375;7;0;0;1;1;1
202300033372;155 621 376;7;0;0;4;1;1
202300033373;155 621 373;2;0;2;1;1;1
202300033373;155 621 374;7;0;2;8;1;1
202300033374;155 621 371;7;0;2;3;1;1
202300033374;155 621 372;7;0;2;2;15;1
202300033375;155 621 370;7;0;1;1;15;1
202300033376;155 621 368;7;0;2;1;16;1
202300033376;155 621 369;50;0;2;7;1;3
202300033377;155 621 366;50;0;2;7;1;3
202300033377;155 621 367;7;0;2;1;16;1
202300033378;155 621 364;1;0;2;2;1;5
202300033378;155 621 365;7;0;2;3;15;1
202300033379;155 621 362;7;0;2;0;26;1
202300033379;155 621 363;7;0;2;0;1;1
202300033380;155 621 361;7;0;0;0;1;1
202300033381;155 621 359;7;0;2;1;15;1
202300033381;155 621 360;50;0;2;8;1;3
202300033382;155 621 358;7;0;0;1;9;1
202300033383;155 621 357;7;0;1;1;15;1
202300033384;155 621 355;7;0;2;3;9;1