Num_Acc;id_vehicule;categorie_vehicule;obstacle_fixe;obstacle_mobile;point_choc_initial;manoeuvre_principale;motorisation
202300033384;155 621 356;30;0;2;1;1;1
202300033385;155 621 354;7;8;0;9;1;1
202300033386;155 621 352;1;0;2;7;1;5
202300033386;155 621 353;7;0;2;3;9;1
202300033387;155 621 350;7;0;2;3;15;1
202300033387;155 621 351;33;0;2;1;1;1
202300033388;155 621 348;7;0;2;5;19;1
202300033388;155 621 349;33;0;2;1;1;1
202300033389;155 621 347;7;6;0;1;1;1
202300033390;155 621 345;0;0;2;5;17;0
202300033390;155 621 346;50;0;2;0;1;3
202300033391;155 621 343;1;0;2;3;1;5
202300033391;155 621 344;7;0;2;3;15;1
202300033392;155 621 342;7;12;1;2;1;1
202300033393;155 621 340;7;0;2;3;19;1
202300033393;155 621 341;7;0;2;2;16;1
202300033394;155 621 339;7;8;1;0;14;1
202300033395;155 621 338;7;0;1;1;1;1
202300033396;155 621 336;7;0;2;6;15;1
202300033396;155 621 337;2;0;2;1;2;1
202300033397;155 621 334;7;0;2;4;23;1
202300033397;155 621 335;7;0;2;1;1;1
202300033398;155 621 332;7;11;2;3;13;1
202300033398;155 621 333;7;0;2;3;1;1
202300033399;155 621 329;10;0;2;9;1;1
202300033399;155 621 330;10;0;2;2;2;0
202300033399;155 621 331;10;0;2;1;15;1
202300033400;155 621 328;1;14;0;4;1;5
202300033401;155 621 326;7;0;2;3;1;1
202300033401;155 621 327;30;0;2;1;13;1
202300033402;155 621 325;33;0;2;8;1;1
202300033403;155 621 323;10;0;2;7;9;1
202300033403;155 621 324;1;0;2;8;2;5
202300033404;155 621 321;33;0;2;7;17;1
202300033404;155 621 322;7;0;2;0;0;1
202300033405;155 621 319;30;0;2;1;5;1
202300033405;155 621 320;2;0;2;1;23;1
202300033406;155 621 318;7;0;1;2;1;1
202300033407;155 621 317;7;12;0;9;26;1
202300033408;155 621 315;30;0;2;1;1;1
202300033408;155 621 316;7;0;2;4;2;1
202300033409;155 621 313;7;0;2;3;1;1
202300033409;155 621 314;50;0;2;1;19;3
202300033410;155 621 312;7;0;1;6;4;1
202300033411;155 621 308;13;0;2;3;2;1
202300033411;155 621 309;34;0;2;1;17;1
202300033412;155 621 307;36;6;0;1;14;1
202300033413;155 621 305;7;0;2;6;1;1
202300033413;155 621 306;7;0;2;1;1;2
202300033414;155 621 303;7;0;2;1;1;1
202300033414;155 621 304;7;0;2;1;13;1
202300033415;155 621 302;37;0;1;1;1;1
202300033416;155 621 300;7;0;2;2;15;0
202300033416;155 621 301;31;0;2;1;1;0
202300033417;155 621 299;32;0;1;0;26;1
202300033418;155 621 296;7;0;2;1;2;1
202300033418;155 621 297;7;0;2;4;2;1
202300033418;155 621 298;7;0;2;4;2;3
202300033419;155 621 295;36;6;0;2;5;1
202300033420;155 621 293;7;0;2;4;0;1
202300033420;155 621 294;7;0;2;1;1;1
202300033421;155 621 291;7;0;2;1;1;1
202300033421;155 621 292;2;0;2;1;13;1
202300033422;155 621 289;2;0;2;7;0;0
202300033422;155 621 290;7;0;2;6;1;3
202300033423;155 621 287;7;0;2;1;2;1
202300033423;155 621 288;7;0;2;8;15;1
202300033424;155 621 286;10;0;1;1;16;0
202300033425;155 621 284;7;0;2;3;15;1
202300033425;155 621 285;7;0;2;3;1;1
202300033426;155 621 282;7;0;2;1;13;1
202300033426;155 621 283;7;0;2;1;1;2
202300033427;155 621 280;10;0;2;6;15;1
202300033427;155 621 281;33;0;2;1;1;1
202300033428;155 621 277;37;0;2;3;17;6
202300033428;155 621 278;7;0;2;0;2;1
202300033428;155 621 279;32;8;2;5;17;1
202300033429;155 621 275;7;0;2;2;15;1
202300033429;155 621 276;33;0;2;1;1;1
202300033430;155 621 273;33;0;2;1;1;1
202300033430;155 621 274;7;0;2;8;15;1
202300033431;155 621 271;7;0;2;1;1;1
202300033431;155 621 272;7;0;2;8;15;1
202300033432;155 621 268;99;11;2;7;6;1
202300033432;155 621 269;99;0;2;8;1;1
202300033432;155 621 270;99;0;2;1;1;1
202300033433;155 621 266;7;0;2;1;13;1
202300033433;155 621 267;7;0;0;1;1;1
202300033434;155 621 265;10;0;1;2;1;1
202300033435;155 621 264;33;0;0;1;0;0
202300033436;155 621 262;37;0;2;6;1;1
202300033436;155 621 263;33;0;2;1;17;1
202300033437;155 621 260;1;0;2;1;9;5
202300033437;155 621 261;7;0;2;8;1;1
202300033438;155 621 259;32;0;0;1;2;1
202300033439;155 621 258;33;0;0;8;1;1
202300033440;155 621 257;33;0;0;8;1;1
202300033441;155 621 255;7;0;2;3;15;3
202300033441;155 621 256;33;0;2;2;17;1
202300033442;155 621 253;7;0;2;2;1;2
202300033442;155 621 254;43;0;2;2;1;1
202300033443;155 621 251;33;0;2;1;1;1
202300033443;155 621 252;10;0;2;2;15;1
202300033444;155 621 249;34;1;2;1;1;1
202300033444;155 621 250;7;0;2;3;1;1
202300033445;155 621 247;34;0;2;2;1;1
202300033445;155 621 248;10;0;2;1;9;1
202300033446;155 621 243;10;0;2;4;23;1
202300033446;155 621 244;7;0;2;4;23;2
202300033446;155 621 245;7;0;2;1;1;1
202300033446;155 621 246;7;0;2;4;23;1
202300033447;155 621 242;7;0;1;8;2;1
202300033448;155 621 241;7;0;1;1;15;2
202300033449;155 621 240;7;0;1;1;15;0
202300033450;155 621 238;10;1;2;3;1;1
202300033450;155 621 239;7;0;2;1;1;1
202300033451;155 621 236;7;12;2;3;19;1
202300033451;155 621 237;7;12;2;0;0;1
202300033452;155 621 235;10;0;1;1;15;1
202300033453;155 621 232;10;0;2;7;16;1
202300033453;155 621 233;34;0;2;1;1;1
202300033453;155 621 234;7;0;2;1;23;1
202300033454;155 621 230;7;0;2;1;9;1
202300033454;155 621 231;1;0;2;4;3;5
202300033455;155 621 228;7;0;2;4;1;1
202300033455;155 621 229;7;0;2;1;1;1
202300033456;155 621 226;2;0;2;5;1;1
202300033456;155 621 227;10;0;2;3;15;1
202300033457;155 621 225;7;1;0;2;1;1
202300033458;155 621 223;7;0;2;3;21;1
202300033458;155 621 224;7;0;0;1;1;1
202300033459;155 621 221;34;0;2;1;1;1
202300033459;155 621 222;7;0;2;2;9;1
202300033460;155 621 218;7;4;0;1;17;1
202300033461;155 621 217;10;1;0;1;9;1
202300033462;155 621 215;7;0;2;1;15;1
202300033462;155 621 216;7;0;2;3;15;1
202300033463;155 621 213;10;0;2;2;1;1
202300033463;155 621 214;7;0;2;5;1;1
202300033464;155 621 211;7;0;2;4;2;1
202300033464;155 621 212;37;0;2;1;2;2
202300033465;155 621 210;7;2;0;3;0;0
202300033466;155 621 208;7;0;2;1;1;1
202300033466;155 621 209;15;0;2;1;1;1
202300033467;155 621 206;7;0;2;1;1;3
202300033467;155 621 207;7;0;2;4;23;1
202300033468;155 621 203;33;1;2;0;0;1
202300033468;155 621 204;7;0;2;4;24;1
202300033468;155 621 205;7;0;2;8;1;0
202300033469;155 621 202;31;13;0;8;1;1
202300033470;155 621 201;2;14;0;1;1;1
202300033471;155 621 200;7;6;0;1;5;1
202300033472;155 621 198;7;0;2;3;1;1
202300033472;155 621 199;7;0;2;3;1;1
202300033473;155 621 197;33;6;0;1;1;1
202300033474;155 621 195;7;0;2;4;2;1
202300033474;155 621 196;7;0;2;1;2;1
202300033475;155 621 193;7;2;0;3;1;1
202300033476;155 621 194;50;0;1;8;1;3
202300033477;155 621 192;2;0;0;0;0;1
202300033478;155 621 189;7;0;2;8;10;6
202300033478;155 621 191;33;0;2;7;17;1
202300033479;155 621 188;33;0;2;1;2;1
202300033479;155 621 190;7;0;2;4;2;1
202300033480;155 621 186;7;13;0;2;1;1
202300033481;155 621 183;80;0;2;4;1;3
202300033481;155 621 185;7;0;2;2;17;1
202300033482;155 621 184;7;0;2;3;1;2
202300033482;155 621 187;7;0;2;7;1;1
202300033483;155 621 182;13;16;0;0;0;1
202300033484;155 621 181;50;14;0;1;1;3
202300033485;155 621 179;50;0;2;4;1;3
202300033485;155 621 180;7;0;2;5;1;1
202300033486;155 621 177;7;0;2;8;22;1
202300033486;155 621 178;1;0;2;1;1;5
202300033487;155 621 175;7;0;2;3;0;0
202300033487;155 621 176;33;0;2;1;0;1
202300033488;155 621 173;33;0;0;3;2;1
202300033489;155 621 172;7;0;2;3;15;1
202300033489;155 621 174;33;0;2;1;1;1
202300033490;155 621 169;7;0;9;1;0;1
202300033490;155 621 171;1;0;2;1;0;5
202300033491;155 621 168;32;0;2;1;1;1
202300033491;155 621 170;7;0;2;7;1;2
202300033492;155 621 167;33;2;0;1;0;1
202300033493;155 621 163;7;6;0;1;13;1
202300033493;155 621 165;7;15;0;3;21;1
202300033494;155 621 164;1;0;2;2;19;5
202300033494;155 621 166;43;0;2;1;1;1
202300033495;155 621 162;7;2;0;1;1;1
202300033496;155 621 159;7;2;0;1;14;1
202300033497;155 621 155;7;0;2;3;9;0
202300033497;155 621 157;7;0;2;2;21;0
202300033498;155 621 154;30;0;2;1;3;1
202300033498;155 621 156;1;0;0;8;15;5
202300033499;155 621 153;7;0;1;1;15;0
202300033500;155 621 151;33;4;0;2;1;1
202300033501;155 621 150;7;0;2;2;15;0
202300033501;155 621 152;1;0;2;1;1;5
202300033502;155 621 149;33;13;0;1;1;1
202300033503;155 621 147;7;0;2;1;1;1
202300033503;155 621 148;80;0;2;1;5;3
202300033504;155 621 145;7;0;2;3;19;1
202300033504;155 621 146;7;0;2;6;0;1
202300033505;155 621 143;2;0;0;0;0;1
202300033506;155 621 142;7;0;2;2;15;2
202300033506;155 621 144;80;0;2;3;15;3
202300033507;155 621 140;7;0;2;1;1;1
202300033507;155 621 141;7;0;2;7;13;1
202300033508;155 621 139;7;0;1;1;1;2
202300033509;155 621 137;7;0;9;2;2;1
202300033509;155 621 138;1;0;0;4;2;5
202300033510;155 621 133;33;0;2;1;1;1
202300033510;155 621 134;7;0;2;6;15;1
202300033511;155 621 135;1;0;0;0;1;5
202300033511;155 621 136;7;0;0;1;16;6
202300033512;155 621 131;7;0;2;2;1;1
202300033512;155 621 132;10;0;2;3;1;1
202300033513;155 621 130;10;0;1;4;4;1
202300033514;155 621 128;33;10;0;7;0;1
202300033515;155 621 127;7;0;2;1;15;1
202300033515;155 621 129;33;0;2;1;1;0
202300033516;155 621 125;1;0;2;1;1;5
202300033516;155 621 126;13;0;9;3;19;1
202300033517;155 621 124;7;2;0;1;5;1
202300033518;155 621 121;7;8;0;3;0;1
202300033519;155 621 122;3;0;2;7;1;1
202300033519;155 621 123;7;0;2;1;1;1
202300033520;155 621 119;33;0;2;1;16;1
202300033520;155 621 120;7;0;2;1;5;1
202300033521;155 621 116;7;0;2;1;1;1
202300033521;155 621 117;17;0;0;4;1;1
202300033522;155 621 115;7;0;2;1;1;1
202300033522;155 621 118;7;0;2;7;19;1
202300033523;155 621 113;10;2;0;1;1;0
202300033524;155 621 112;33;0;2;2;16;1
202300033524;155 621 114;7;0;0;3;1;1
202300033525;155 621 109;7;0;2;3;1;0
202300033525;155 621 111;7;0;2;1;2;0
202300033526;155 621 107;7;0;1;1;1;1
202300033527;155 621 106;33;0;0;4;2;1
202300033527;155 621 108;10;0;2;1;2;1
202300033527;155 621 110;7;0;0;6;2;1
202300033528;155 621 104;32;0;1;1;2;0
202300033529;155 621 101;7;0;2;2;1;1
202300033529;155 621 102;1;0;2;8;1;5
202300033530;155 621 103;33;0;2;1;2;1
202300033530;155 621 105;33;0;0;8;15;1
202300033531;155 621 098;7;0;0;9;14;1
202300033532;155 621 096;37;0;2;6;23;0
202300033532;155 621 099;7;0;2;0;0;1
202300033532;155 621 100;31;0;2;1;3;1
202300033533;155 621 095;33;0;2;1;1;1
202300033533;155 621 097;14;0;2;1;19;1
202300033534;155 621 093;33;4;0;0;1;1
202300033535;155 621 094;10;0;1;3;1;0
202300033536;155 621 090;33;0;2;1;2;1
202300033536;155 621 091;7;0;2;4;2;1
202300033537;155 621 092;2;6;0;1;1;1
202300033538;155 621 089;7;0;1;5;20;1
202300033539;155 621 084;7;0;2;4;1;1
202300033539;155 621 086;15;0;2;1;1;1
202300033539;155 621 087;7;0;2;4;1;1
202300033539;155 621 088;10;0;2;6;1;1
202300033540;155 621 085;7;0;1;2;1;1
202300033541;155 621 083;7;0;0;1;14;1
202300033542;155 621 081;7;0;2;3;16;3
202300033542;155 621 082;30;0;2;2;1;1
202300033543;155 621 078;7;0;2;2;2;1
202300033543;155 621 079;7;0;2;6;2;1
202300033544;155 621 076;7;4;0;2;3;1
202300033545;155 621 073;7;0;2;1;12;1
202300033545;155 621 075;10;4;2;8;1;1
202300033546;155 621 072;7;0;2;0;0;0
202300033546;155 621 074;7;0;2;2;19;0
202300033546;155 621 077;33;0;2;7;2;0
202300033547;155 621 070;7;5;2;7;21;1
202300033547;155 621 071;7;0;2;3;1;1
202300033548;155 621 067;7;0;2;1;1;1
202300033548;155 621 069;50;0;2;8;26;3
202300033549;155 621 066;7;1;1;3;15;1
202300033550;155 621 065;7;0;2;1;2;1
202300033550;155 621 068;7;0;2;4;2;1
202300033551;155 621 064;32;0;1;1;1;1
202300033552;155 621 061;7;0;2;4;1;1
202300033552;155 621 062;7;0;2;4;1;1
202300033552;155 621 063;7;0;2;1;1;1
202300033553;155 621 060;7;0;1;2;1;1
202300033554;155 621 058;7;1;0;1;1;1
202300033555;155 621 059;33;4;0;8;13;1
202300033556;155 621 056;7;0;1;1;1;0
202300033557;155 621 055;7;0;2;4;4;1
202300033557;155 621 057;32;0;2;1;2;1
202300033558;155 621 053;7;0;2;4;26;0
202300033558;155 621 054;31;0;2;1;26;0
202300033559;155 621 052;7;0;1;3;1;1
202300033560;155 621 051;7;0;1;3;15;1
202300033561;155 621 050;7;0;1;2;0;1
202300033562;155 621 048;7;0;0;6;22;1
202300033562;155 621 049;43;0;2;7;17;1
202300033563;155 621 047;7;0;1;2;1;0
202300033564;155 621 045;10;0;2;2;16;1
202300033564;155 621 046;99;0;2;1;1;0
202300033565;155 621 044;7;0;1;2;16;1
202300033566;155 621 042;10;0;2;2;26;1
202300033567;155 621 041;7;0;2;2;26;1
202300033567;155 621 043;1;0;2;1;5;5
202300033568;155 621 040;30;0;2;5;1;1
202300033569;155 621 034;30;0;2;6;2;1
202300033569;155 621 037;7;0;2;4;2;1
202300033570;155 621 035;7;0;2;3;0;1
202300033570;155 621 039;7;0;2;5;19;1
202300033571;155 621 036;7;0;2;1;1;1
202300033571;155 621 038;7;0;2;4;1;1
202300033572;155 621 033;30;0;0;2;1;1
202300033573;155 621 032;7;8;0;1;13;1
202300033574;155 621 030;7;0;1;1;15;1
202300033575;155 621 028;10;0;2;2;0;1
202300033575;155 621 031;10;0;2;5;1;1
202300033576;155 621 026;7;0;2;1;2;1
202300033576;155 621 027;7;0;2;8;22;1
202300033576;155 621 029;80;0;2;1;2;3
202300033577;155 621 024;7;0;2;1;23;1
202300033577;155 621 025;7;0;2;4;23;1
202300033578;155 621 022;1;0;2;1;5;5
202300033578;155 621 023;1;0;2;4;21;5
202300033579;155 621 019;7;0;2;3;1;1
202300033579;155 621 020;7;0;2;6;1;0
202300033580;155 621 021;7;0;1;1;15;2
202300033581;155 621 017;7;0;0;3;17;2
202300033581;155 621 018;30;0;0;2;17;1
202300033582;155 621 016;7;0;1;2;14;1
202300033583;155 621 014;31;0;1;1;1;1
202300033584;155 621 013;7;0;2;3;1;0
202300033584;155 621 015;7;0;2;3;13;0
202300033585;155 621 012;7;0;1;1;1;1
202300033586;155 621 008;7;0;0;1;0;1
202300033586;155 621 011;7;0;0;3;19;1
202300033587;155 621 009;32;0;0;7;1;1
202300033587;155 621 010;14;0;0;1;1;6
202300033588;155 621 007;7;8;0;2;16;0
202300033589;155 621 003;7;0;2;7;1;2
202300033589;155 621 005;7;0;2;3;1;2
202300033590;155 621 002;31;0;0;0;9;1
202300033590;155 621 004;1;0;2;4;1;5
202300033590;155 621 006;1;0;2;1;2;5
202300033591;155 621 000;38;0;1;1;1;1
202300033592;155 620 998;33;0;2;2;1;1
202300033592;155 621 001;7;0;2;3;1;3
202300033593;155 620 997;7;0;2;1;26;1
202300033593;155 620 999;7;0;2;4;23;1
202300033594;155 620 994;7;0;2;1;11;1
202300033594;155 620 996;7;0;2;3;1;1
202300033595;155 620 993;7;0;2;4;1;1
202300033595;155 620 995;1;0;2;4;1;5
202300033596;155 620 992;33;0;0;0;1;1
202300033597;155 620 989;80;0;2;4;2;3
202300033597;155 620 991;7;0;2;2;2;2
202300033598;155 620 988;33;0;2;0;19;1
202300033598;155 620 990;7;0;2;0;1;1
202300033599;155 620 986;2;0;2;1;1;1
202300033599;155 620 987;7;0;2;3;17;1
202300033600;155 620 983;1;0;2;2;16;5
202300033600;155 620 985;7;0;2;3;1;3
202300033601;155 620 981;7;4;0;1;1;1
202300033602;155 620 979;30;0;2;0;1;0
202300033602;155 620 980;1;0;2;0;19;5
202300033603;155 620 977;14;14;0;1;1;6
202300033604;155 620 976;7;0;0;1;1;1
202300033605;155 620 975;1;0;1;2;1;5
202300033606;155 620 974;7;0;1;0;16;1
202300033607;155 620 972;7;0;1;3;1;1
202300033608;155 620 971;7;0;2;7;19;1
202300033608;155 620 973;2;0;2;1;1;1
202300033609;155 620 970;7;8;0;4;4;1
202300033610;155 620 966;3;0;2;8;22;3
202300033610;155 620 968;80;0;2;1;1;3
202300033611;155 620 967;2;0;2;3;1;1
202300033611;155 620 969;7;0;2;2;15;1
202300033612;155 620 965;50;0;0;0;1;3
202300033613;155 620 963;7;13;0;1;2;1
202300033614;155 620 962;7;0;2;3;15;1
202300033614;155 620 964;2;0;2;8;1;0
202300033615;155 620 961;1;0;1;7;1;5
202300033616;155 620 960;7;6;0;2;1;0
202300033617;155 620 959;7;0;1;1;0;1
202300033618;155 620 956;7;0;2;1;15;0
202300033618;155 620 958;33;0;2;8;1;0
202300033619;155 620 954;16;0;0;2;2;1
202300033619;155 620 957;1;0;0;0;1;5
202300033620;155 620 952;33;0;2;3;1;1
202300033620;155 620 955;7;0;2;1;15;1
202300033621;155 620 950;7;13;0;0;14;1
202300033622;155 620 951;7;1;0;1;1;1
202300033622;155 620 953;37;0;0;4;23;0
202300033623;155 620 949;30;0;1;1;26;1
202300033624;155 620 947;7;6;0;2;1;1
202300033625;155 620 946;7;0;2;3;10;1
202300033625;155 620 948;43;0;2;0;13;1
202300033626;155 620 944;7;0;0;3;0;1
202300033627;155 620 945;7;0;1;1;1;1
202300033628;155 620 942;7;0;2;2;10;1
202300033628;155 620 943;7;0;2;3;1;1
202300033629;155 620 941;7;1;0;1;1;1
202300033630;155 620 939;7;0;2;7;13;1
202300033630;155 620 940;7;0;2;1;1;1
202300033631;155 620 937;7;0;2;4;1;1
202300033631;155 620 938;7;0;2;1;1;1
202300033632;155 620 935;7;6;0;0;1;1
202300033633;155 620 934;7;0;0;7;15;0
202300033633;155 620 936;7;0;2;1;1;0
202300033634;155 620 931;33;0;2;8;15;1
202300033634;155 620 933;7;0;2;8;5;0
202300033635;155 620 930;7;13;0;3;13;1
202300033636;155 620 929;7;0;2;3;1;1
202300033636;155 620 932;7;0;2;5;19;1
202300033637;155 620 928;7;0;1;2;1;1
202300033638;155 620 927;33;15;0;0;13;1
202300033639;155 620 925;7;0;1;4;20;1
202300033640;155 620 924;7;0;2;8;15;1
202300033640;155 620 926;13;0;2;3;1;1
202300033641;155 620 920;7;0;1;2;19;0
202300033642;155 620 919;2;0;2;2;13;1
202300033642;155 620 922;7;0;2;3;9;1
202300033643;155 620 917;7;0;2;1;2;1
202300033643;155 620 918;7;0;2;6;15;6
202300033643;155 620 921;7;13;2;2;21;1
202300033644;155 620 913;7;0;2;1;1;1
202300033644;155 620 915;7;0;2;1;15;1
202300033645;155 620 912;7;0;2;1;13;1
202300033645;155 620 914;7;0;2;3;1;1
202300033645;155 620 916;7;2;2;1;1;1
202300033646;155 620 910;7;8;0;2;1;1
202300033647;155 620 908;7;0;2;6;1;0
202300033647;155 620 909;7;0;2;1;0;1
202300033648;155 620 907;7;0;1;1;1;1
202300033649;155 620 906;10;0;1;2;2;1
202300033650;155 620 903;31;0;0;0;1;1
202300033651;155 620 904;50;0;2;3;0;3
202300033651;155 620 905;7;0;9;1;23;1
202300033652;155 620 902;7;0;2;2;1;1
202300033652;155 620 911;7;0;2;2;5;1
202300033653;155 620 900;1;0;2;1;5;5
202300033653;155 620 901;43;0;2;7;16;1
202300033654;155 620 898;7;4;2;1;2;1
202300033654;155 620 899;7;0;0;5;2;1
202300033655;155 620 897;50;1;0;1;5;3
202300033656;155 620 895;7;0;0;4;2;1
202300033656;155 620 896;10;0;2;1;2;1
202300033657;155 620 893;7;0;2;7;3;2
202300033657;155 620 894;7;0;2;3;2;1
202300033658;155 620 891;7;1;0;8;2;1
202300033659;155 620 889;7;0;2;4;23;1
202300033659;155 620 890;7;0;2;1;2;1
202300033660;155 620 888;7;2;0;1;2;1
202300033661;155 620 884;7;0;1;1;1;1
202300033662;155 620 883;7;0;2;1;1;1
202300033662;155 620 886;7;0;2;1;1;1
202300033663;155 620 885;7;0;2;1;2;1
202300033663;155 620 887;7;0;2;4;23;1
202300033663;155 620 892;7;0;2;4;23;2
202300033664;155 620 880;7;8;0;1;1;1
202300033665;155 620 878;7;0;2;1;1;1
202300033665;155 620 879;7;13;2;0;13;1
202300033665;155 620 882;7;0;2;1;1;1
202300033666;155 620 875;33;0;0;0;1;1
202300033667;155 620 874;10;16;0;1;1;1
202300033668;155 620 877;7;0;2;3;1;1
202300033668;155 620 881;7;0;2;7;1;1
202300033669;155 620 872;7;4;0;2;14;1
202300033670;155 620 871;7;0;2;1;5;1
202300033670;155 620 873;17;0;2;1;13;1
202300033671;155 620 870;7;8;0;1;14;1
202300033672;155 620 868;7;6;0;1;14;1
202300033673;155 620 866;7;0;1;1;1;0
202300033674;155 620 865;7;2;0;1;1;1
202300033675;155 620 867;1;0;2;1;1;5
202300033675;155 620 869;7;0;2;5;22;1
202300033676;155 620 863;7;0;0;0;0;1
202300033677;155 620 862;7;0;0;6;2;1
202300033677;155 620 864;33;0;2;1;2;1
202300033678;155 620 857;10;0;2;4;23;1
202300033678;155 620 860;10;1;0;1;1;1
202300033679;155 620 855;7;1;2;7;21;1
202300033679;155 620 856;14;0;2;6;23;1
202300033679;155 620 859;7;3;0;1;13;1
202300033680;155 620 852;7;0;2;2;15;1
202300033680;155 620 854;31;0;2;1;1;1
202300033681;155 620 858;80;0;2;2;14;3
202300033681;155 620 861;80;0;2;8;2;3
202300033682;155 620 850;7;13;2;8;11;0
202300033682;155 620 851;15;0;2;1;1;0
202300033682;155 620 853;7;0;2;2;17;0
202300033683;155 620 848;7;0;2;1;0;1
202300033683;155 620 849;7;0;2;7;0;1
202300033684;155 620 847;31;14;0;6;17;1
202300033685;155 620 842;7;0;2;1;17;1
202300033685;155 620 844;7;0;2;1;1;1
202300033686;155 620 845;7;0;2;3;15;0
202300033686;155 620 846;30;0;2;3;17;1
202300033687;155 620 841;2;0;0;3;1;1
202300033687;155 620 843;10;0;0;3;1;1
202300033688;155 620 837;7;0;2;1;1;1
202300033688;155 620 840;10;0;2;1;9;1
202300033689;155 620 838;10;13;0;1;14;1
202300033690;155 620 836;2;0;2;1;2;1
202300033690;155 620 839;10;0;2;4;2;1
202300033691;155 620 835;2;9;0;0;1;1
202300033692;155 620 833;33;12;0;1;1;1
202300033693;155 620 831;10;0;2;4;1;1
202300033693;155 620 832;7;0;2;1;1;1
202300033694;155 620 829;7;0;2;3;1;1
202300033694;155 620 834;7;0;2;1;1;1
202300033695;155 620 828;7;0;2;1;0;1
202300033695;155 620 830;7;0;2;1;1;1
202300033696;155 620 826;7;8;0;1;0;1
202300033697;155 620 823;1;0;2;7;2;5
202300033697;155 620 827;7;0;2;1;2;1
202300033698;155 620 822;7;0;2;3;15;1
202300033698;155 620 825;43;0;2;1;1;1
202300033699;155 620 821;7;0;2;1;1;1
202300033699;155 620 824;7;0;2;2;15;1
202300033700;155 620 818;10;9;0;1;13;1
202300033701;155 620 819;7;12;0;1;19;1
202300033702;155 620 817;7;0;0;1;1;1
202300033703;155 620 816;14;0;2;7;16;1
202300033703;155 620 820;1;0;2;1;1;5
202300033704;155 620 813;7;0;2;1;13;1
202300033704;155 620 815;17;0;2;1;1;1
202300033705;155 620 812;7;0;1;7;1;1
202300033706;155 620 809;10;0;2;1;2;1
202300033706;155 620 810;7;0;0;4;2;1
202300033707;155 620 808;33;13;0;2;1;1
202300033708;155 620 807;31;2;1;3;25;0
202300033709;155 620 806;7;1;0;1;13;1
202300033710;155 620 804;7;0;2;1;11;1
202300033710;155 620 811;7;0;2;4;1;2
202300033710;155 620 814;7;0;2;6;2;1
202300033711;155 620 802;7;9;0;1;14;3
202300033712;155 620 801;32;0;2;1;17;1
202300033712;155 620 803;7;0;2;8;15;1
202300033713;155 620 800;7;0;2;1;9;1
202300033713;155 620 805;2;0;2;8;1;1
202300033714;155 620 798;7;0;2;1;2;1
202300033714;155 620 799;7;0;2;4;2;1
202300033715;155 620 795;7;6;0;1;1;1
202300033716;155 620 794;7;0;2;7;14;1
202300033716;155 620 797;1;0;2;8;1;5
202300033717;155 620 796;37;0;2;0;21;0
202300033718;155 620 792;7;0;2;1;1;1
202300033718;155 620 793;7;0;2;1;5;1
202300033719;155 620 791;33;0;0;0;1;1
202300033720;155 620 788;34;0;2;1;14;1
202300033720;155 620 790;1;0;2;4;1;5
202300033721;155 620 786;7;0;2;3;2;1
202300033721;155 620 789;7;0;2;5;11;1
202300033722;155 620 785;7;0;2;8;1;1
202300033722;155 620 787;14;0;2;2;14;1
202300033723;155 620 781;7;0;2;1;1;1
202300033723;155 620 783;37;0;0;6;1;1
202300033723;155 620 784;7;0;2;1;1;1
202300033724;155 620 780;7;3;0;1;12;1
202300033725;155 620 778;32;0;2;2;1;3
202300033725;155 620 782;7;0;2;3;1;1
202300033726;155 620 777;7;0;0;3;15;1
202300033726;155 620 779;33;0;2;1;1;1
202300033727;155 620 775;10;0;1;7;16;1
202300033728;155 620 773;43;0;2;2;3;1
202300033728;155 620 776;7;0;2;3;0;1
202300033729;155 620 769;7;1;2;8;1;0
202300033729;155 620 772;60;0;2;1;1;5
202300033730;155 620 766;17;0;2;2;12;1
202300033730;155 620 768;7;0;2;3;1;1
202300033731;155 620 764;7;0;2;2;1;1
202300033731;155 620 771;7;0;2;1;19;1
202300033732;155 620 765;10;0;2;1;2;1
202300033732;155 620 767;7;0;2;4;2;1
202300033732;155 620 770;7;0;2;4;2;1
202300033732;155 620 774;7;0;2;4;2;1
202300033733;155 620 760;7;1;0;2;1;1
202300033733;155 620 763;7;0;2;4;23;1
202300033734;155 620 756;13;0;2;2;12;1
202300033734;155 620 757;7;0;2;8;18;1
202300033735;155 620 753;15;0;2;8;1;1
202300033735;155 620 755;7;0;9;1;1;1
202300033735;155 620 758;7;0;9;1;1;1
202300033736;155 620 759;7;0;2;1;26;1
202300033736;155 620 762;33;0;2;8;0;1
202300033737;155 620 752;7;4;0;6;1;1
202300033738;155 620 750;10;0;2;2;15;1
202300033738;155 620 754;7;0;2;3;1;1
202300033739;155 620 747;1;0;2;5;1;5
202300033739;155 620 751;7;0;2;1;9;1
202300033740;155 620 748;30;0;0;0;1;0
202300033741;155 620 745;7;0;2;9;2;3
202300033741;155 620 746;7;0;2;1;2;1
202300033741;155 620 749;7;0;2;3;2;1
202300033742;155 620 741;43;4;0;8;21;1
202300033743;155 620 742;7;3;2;8;5;1
202300033743;155 620 744;15;0;2;2;1;1
202300033744;155 620 740;7;0;2;8;24;1
202300033744;155 620 743;50;1;0;1;2;3