Num_Acc;id_vehicule;categorie_vehicule;obstacle_fixe;obstacle_mobile;point_choc_initial;manoeuvre_principale;motorisation
202300033745;155 620 737;7;13;0;1;1;0
202300033746;155 620 736;7;0;2;2;16;1
202300033746;155 620 739;43;0;2;3;1;1
202300033747;155 620 735;7;0;1;3;2;1
202300033748;155 620 733;7;0;2;2;12;1
202300033748;155 620 734;33;0;2;8;3;1
202300033748;155 620 738;10;0;2;6;1;1
202300033749;155 620 729;7;0;2;1;1;1
202300033749;155 620 731;33;0;2;0;0;1
202300033750;155 620 726;15;0;0;0;1;1
202300033750;155 620 728;34;0;0;0;18;1
202300033751;155 620 725;7;13;2;2;1;1
202300033751;155 620 730;7;15;2;1;9;2
202300033752;155 620 722;7;2;0;8;1;1
202300033753;155 620 721;7;4;2;4;1;1
202300033753;155 620 723;10;4;2;1;2;1
202300033754;155 620 727;36;0;2;5;16;1
202300033754;155 620 732;31;0;2;1;2;1
202300033755;155 620 724;7;4;0;3;1;1
202300033756;155 620 716;33;4;2;1;3;1
202300033756;155 620 719;10;4;2;3;1;1
202300033757;155 620 717;7;0;1;2;9;1
202300033758;155 620 715;1;0;2;1;0;5
202300033758;155 620 720;7;0;9;2;0;1
202300033759;155 620 718;30;13;0;8;13;1
202300033760;155 620 713;7;0;2;4;11;1
202300033760;155 620 714;32;0;2;1;3;1
202300033761;155 620 711;33;0;0;9;1;1
202300033762;155 620 710;7;0;9;8;15;1
202300033762;155 620 712;1;0;2;1;1;5
202300033763;155 620 709;7;0;1;2;16;1
202300033764;155 620 708;10;0;1;4;4;1
202300033765;155 620 704;7;0;2;6;23;1
202300033765;155 620 707;7;0;2;1;2;1
202300033766;155 620 702;7;0;1;1;1;1
202300033767;155 620 703;7;0;2;5;23;1
202300033767;155 620 706;7;9;2;1;1;1
202300033768;155 620 701;10;1;0;3;13;1
202300033769;155 620 699;7;0;2;3;19;0
202300033769;155 620 705;7;0;2;3;1;0
202300033770;155 620 697;1;0;2;6;19;5
202300033770;155 620 700;32;0;2;1;1;1
202300033771;155 620 698;1;0;1;1;1;5
202300033772;155 620 693;14;0;2;3;1;1
202300033772;155 620 695;7;0;2;1;1;1
202300033772;155 620 696;7;0;2;3;11;1
202300033773;155 620 694;33;0;1;7;18;1
202300033774;155 620 688;30;0;0;0;2;3
202300033775;155 620 689;7;0;2;7;16;1
202300033775;155 620 692;37;0;2;1;7;1
202300033776;155 620 687;7;0;9;2;1;1
202300033776;155 620 691;50;0;2;1;19;3
202300033777;155 620 686;7;0;2;8;19;1
202300033777;155 620 690;7;0;2;3;1;1
202300033778;155 620 680;7;0;2;2;16;2
202300033778;155 620 683;1;0;2;2;1;5
202300033779;155 620 679;7;0;2;1;2;1
202300033779;155 620 681;7;0;0;4;2;1
202300033779;155 620 684;7;0;2;4;2;1
202300033780;155 620 678;7;0;2;0;2;1
202300033780;155 620 682;7;0;2;1;2;1
202300033780;155 620 685;7;0;2;1;2;1
202300033781;155 620 673;7;4;0;3;13;1
202300033782;155 620 672;33;0;2;1;1;1
202300033782;155 620 675;7;0;2;7;10;1
202300033783;155 620 671;30;1;0;1;14;1
202300033784;155 620 670;7;0;2;9;9;1
202300033784;155 620 674;7;4;2;1;6;1
202300033785;155 620 668;10;0;2;0;23;1
202300033785;155 620 669;32;0;2;1;1;1
202300033786;155 620 664;30;0;2;1;13;1
202300033786;155 620 665;7;0;0;8;15;1
202300033787;155 620 662;7;0;1;1;2;1
202300033788;155 620 660;3;0;1;1;9;1
202300033789;155 620 661;7;0;2;2;15;1
202300033789;155 620 666;31;0;2;1;1;1
202300033790;155 620 659;7;0;2;4;23;2
202300033790;155 620 663;7;0;2;1;1;1
202300033791;155 620 657;7;0;2;8;10;1
202300033791;155 620 658;7;0;2;2;0;1
202300033792;155 620 654;7;2;0;1;1;1
202300033793;155 620 653;1;0;0;0;1;5
202300033794;155 620 652;33;12;0;0;0;1
202300033795;155 620 651;1;0;2;1;1;5
202300033795;155 620 655;10;0;2;5;22;6
202300033796;155 620 650;7;0;9;3;9;1
202300033796;155 620 656;1;0;2;1;1;5
202300033797;155 620 648;1;0;0;8;21;5
202300033798;155 620 645;7;0;2;3;9;1
202300033798;155 620 649;80;0;2;1;1;3
202300033799;155 620 644;7;0;2;7;19;1
202300033799;155 620 646;14;0;2;1;1;1
202300033800;155 620 641;7;0;2;8;1;6
202300033800;155 620 647;34;0;2;1;1;1
202300033801;155 620 640;7;0;1;1;16;1
202300033802;155 620 638;7;2;0;1;1;1
202300033803;155 620 637;13;13;2;3;1;0
202300033803;155 620 643;7;0;2;2;19;0
202300033804;155 620 632;43;6;0;2;14;1
202300033805;155 620 629;32;0;2;7;17;1
202300033805;155 620 634;7;0;2;6;15;3
202300033806;155 620 631;1;0;2;1;1;5
202300033806;155 620 635;7;0;9;8;13;3
202300033807;155 620 630;7;0;2;0;0;1
202300033807;155 620 636;50;0;2;0;0;3
202300033808;155 620 628;33;0;2;1;1;1
202300033808;155 620 633;7;0;2;6;15;1
202300033809;155 620 626;1;0;2;1;2;5
202300033809;155 620 627;1;0;2;3;19;5
202300033810;155 620 621;10;13;0;8;15;1
202300033810;155 620 624;33;0;2;1;17;1
202300033811;155 620 619;7;0;2;7;19;1
202300033811;155 620 625;7;0;2;1;1;1
202300033812;155 620 618;7;0;2;7;16;1
202300033812;155 620 622;33;0;2;1;18;1
202300033813;155 620 620;7;0;2;1;15;1
202300033813;155 620 623;33;0;2;1;1;0
202300033814;155 620 617;80;0;1;1;5;3
202300033815;155 620 616;7;2;0;8;1;1
202300033816;155 620 611;10;0;2;1;1;0
202300033816;155 620 615;10;0;2;1;15;0
202300033817;155 620 610;7;0;2;3;9;1
202300033817;155 620 614;2;0;2;7;26;1
202300033818;155 620 609;0;0;2;0;0;0
202300033818;155 620 613;3;0;2;5;9;0
202300033819;155 620 608;7;0;2;2;1;2
202300033819;155 620 612;32;0;2;3;9;1
202300033820;155 620 607;2;0;0;1;1;1
202300033821;155 620 601;7;0;2;2;1;1
202300033821;155 620 606;32;0;2;1;1;1
202300033822;155 620 603;7;0;2;3;10;1
202300033822;155 620 604;31;0;2;1;5;1
202300033823;155 620 600;32;0;2;3;9;1
202300033823;155 620 602;80;0;2;2;1;3
202300033824;155 620 597;7;0;2;3;9;1
202300033824;155 620 599;50;0;2;5;15;3
202300033825;155 620 595;32;6;0;1;14;1
202300033826;155 620 593;7;0;1;2;13;1
202300033827;155 620 592;10;0;2;1;12;3
202300033827;155 620 594;7;0;2;4;24;1
202300033828;155 620 596;7;0;2;1;15;0
202300033828;155 620 598;7;0;2;3;1;1
202300033829;155 620 590;2;0;0;0;1;1
202300033830;155 620 588;10;0;2;3;1;1
202300033830;155 620 591;10;0;2;3;5;1
202300033831;155 620 586;50;0;1;1;1;3
202300033832;155 620 585;2;0;2;3;2;0
202300033832;155 620 589;7;0;2;3;13;1
202300033833;155 620 583;43;0;1;1;1;1
202300033834;155 620 584;33;0;2;1;1;1
202300033834;155 620 587;33;0;0;4;23;1
202300033835;155 620 578;10;0;2;3;1;1
202300033835;155 620 581;7;0;9;3;13;1
202300033836;155 620 579;10;0;2;3;15;1
202300033836;155 620 582;1;0;2;1;1;5
202300033837;155 620 576;7;1;1;3;1;1
202300033838;155 620 575;1;0;2;8;1;5
202300033838;155 620 580;7;0;2;2;1;1
202300033839;155 620 574;33;0;2;4;2;1
202300033839;155 620 577;7;0;2;1;2;1
202300033840;155 620 570;7;0;1;1;1;1
202300033841;155 620 568;1;0;2;4;16;5
202300033841;155 620 571;7;0;9;1;1;1
202300033842;155 620 567;30;0;2;1;5;0
202300033842;155 620 572;7;0;2;3;1;1
202300033843;155 620 566;7;0;0;4;1;0
202300033843;155 620 569;7;1;0;1;1;1
202300033843;155 620 573;7;1;0;4;1;0
202300033844;155 620 565;7;10;0;5;0;1
202300033845;155 620 560;50;0;2;1;5;3
202300033845;155 620 563;37;0;2;1;7;0
202300033846;155 620 562;7;0;1;1;1;1
202300033847;155 620 557;33;3;2;0;1;1
202300033847;155 620 559;7;0;2;6;11;1
202300033848;155 620 555;2;6;0;0;1;1
202300033849;155 620 553;10;0;1;1;1;1
202300033850;155 620 552;43;0;0;4;1;1
202300033850;155 620 554;7;0;2;3;1;1
202300033851;155 620 550;1;0;1;1;1;5
202300033852;155 620 551;10;0;2;3;23;1
202300033852;155 620 556;7;0;2;1;15;1
202300033852;155 620 558;7;0;2;3;1;1
202300033853;155 620 549;7;16;0;1;13;1
202300033854;155 620 548;7;1;1;2;26;1
202300033855;155 620 545;33;0;2;8;3;1
202300033855;155 620 546;7;0;2;7;12;1
202300033856;155 620 544;7;0;2;1;16;1
202300033856;155 620 547;1;0;0;0;0;5
202300033857;155 620 543;7;0;1;4;4;0
202300033858;155 620 541;7;0;1;2;26;1
202300033859;155 620 540;7;13;0;2;15;1
202300033859;155 620 542;7;13;0;1;1;1
202300033860;155 620 537;34;0;1;8;19;0
202300033861;155 620 539;7;6;0;1;16;1
202300033862;155 620 535;7;2;0;3;1;1
202300033863;155 620 533;33;0;2;1;1;1
202300033863;155 620 536;7;0;2;8;19;0
202300033864;155 620 531;99;0;2;4;2;1
202300033864;155 620 534;7;0;2;4;2;1
202300033864;155 620 538;7;0;2;1;2;1
202300033865;155 620 529;3;0;9;2;2;3
202300033865;155 620 532;1;0;0;8;1;5
202300033866;155 620 527;7;13;0;2;1;1
202300033867;155 620 528;2;0;2;1;1;1
202300033867;155 620 530;10;0;2;3;9;1
202300033868;155 620 525;7;2;0;2;14;1
202300033869;155 620 524;7;0;2;4;1;1
202300033869;155 620 526;33;0;2;1;1;1
202300033870;155 620 522;50;0;2;1;1;3
202300033870;155 620 523;7;0;2;5;16;1
202300033871;155 620 519;7;15;0;2;1;1
202300033872;155 620 518;7;0;1;3;1;1
202300033873;155 620 516;7;0;2;1;13;1
202300033873;155 620 521;7;0;2;2;1;1
202300033874;155 620 514;7;0;2;4;2;1
202300033874;155 620 517;7;0;2;4;2;1
202300033874;155 620 520;7;0;2;1;2;1
202300033875;155 620 511;7;0;0;9;1;1
202300033876;155 620 510;7;0;2;2;2;1
202300033876;155 620 513;7;0;2;3;20;1
202300033877;155 620 509;7;0;2;4;1;1
202300033877;155 620 512;37;8;0;1;6;1
202300033877;155 620 515;7;0;2;3;5;1
202300033878;155 620 503;7;0;2;4;2;1
202300033878;155 620 506;7;0;2;1;2;1
202300033879;155 620 501;33;0;2;8;1;1
202300033879;155 620 505;7;0;2;2;15;1
202300033880;155 620 500;50;0;9;2;1;3
202300033880;155 620 504;7;0;2;2;13;1
202300033881;155 620 499;17;0;2;1;1;1
202300033881;155 620 502;7;0;2;4;1;1
202300033882;155 620 495;33;13;0;1;14;1
202300033883;155 620 494;33;0;0;2;26;1
202300033884;155 620 492;7;1;0;5;0;1
202300033885;155 620 491;7;0;2;1;2;2
202300033885;155 620 496;7;0;2;4;23;1
202300033886;155 620 488;7;0;2;2;1;1
202300033886;155 620 490;7;0;2;4;0;0
202300033886;155 620 493;7;0;2;4;2;1
202300033886;155 620 497;10;0;2;1;2;1
202300033887;155 620 485;7;0;2;2;15;1
202300033887;155 620 489;7;0;2;1;1;1
202300033888;155 620 483;7;0;2;1;1;1
202300033888;155 620 486;50;0;2;2;25;3
202300033889;155 620 484;37;0;2;7;20;0
202300033889;155 620 487;30;0;2;3;7;0
202300033890;155 620 481;30;0;0;0;0;1
202300033891;155 620 476;7;6;0;1;1;1
202300033892;155 620 478;14;0;1;6;1;1
202300033893;155 620 477;7;0;2;3;1;2
202300033893;155 620 480;7;0;2;4;2;2
202300033893;155 620 482;7;0;2;1;1;1
202300033894;155 620 475;31;0;2;3;1;1
202300033894;155 620 479;7;0;2;2;15;1
202300033895;155 620 474;7;0;1;2;26;1
202300033896;155 620 470;7;4;0;3;1;1
202300033897;155 620 468;14;0;0;6;4;1
202300033897;155 620 471;7;0;2;2;1;1
202300033898;155 620 467;7;0;2;8;1;1
202300033898;155 620 473;33;0;2;8;13;1
202300033899;155 620 466;7;0;1;1;1;0
202300033900;155 620 465;7;0;2;2;15;1
202300033900;155 620 469;33;0;2;1;1;1
202300033901;155 620 463;31;0;2;1;3;1
202300033901;155 620 464;7;0;2;1;11;1
202300033902;155 620 462;1;0;0;0;1;5
202300033903;155 620 458;7;15;0;1;1;1
202300033904;155 620 453;15;0;2;3;23;1
202300033904;155 620 455;33;0;2;1;2;0
202300033905;155 620 454;7;0;2;1;2;1
202300033905;155 620 457;7;0;2;4;2;1
202300033905;155 620 459;7;0;2;4;2;1
202300033906;155 620 452;7;0;2;3;1;1
202300033906;155 620 461;7;15;0;2;1;1
202300033907;155 620 450;7;13;0;1;14;1
202300033908;155 620 449;7;13;0;1;13;1
202300033909;155 620 445;7;0;2;4;23;1
202300033909;155 620 448;10;0;2;1;1;1
202300033910;155 620 444;7;0;2;3;13;1
202300033910;155 620 447;7;0;2;8;21;1
202300033911;155 620 443;7;0;2;0;0;1
202300033911;155 620 446;17;0;2;7;1;1
202300033911;155 620 451;33;0;2;8;1;1
202300033912;155 620 441;7;4;0;2;21;1
202300033913;155 620 440;10;0;2;1;2;1
202300033913;155 620 442;15;0;2;4;1;1
202300033914;155 620 439;7;0;1;1;15;3
202300033915;155 620 434;10;0;2;6;1;1
202300033915;155 620 437;33;0;2;1;15;1
202300033916;155 620 432;7;8;2;1;5;0
202300033916;155 620 436;7;0;2;1;1;0
202300033917;155 620 433;7;0;2;1;9;6
202300033917;155 620 435;31;0;2;7;17;1
202300033918;155 620 431;7;0;2;1;11;1
202300033918;155 620 438;7;0;2;4;1;1
202300033919;155 620 430;7;0;1;2;1;3
202300033920;155 620 429;7;2;0;8;1;1
202300033921;155 620 428;7;6;0;1;1;1
202300033922;155 620 426;33;0;0;8;1;1
202300033923;155 620 424;80;0;1;1;1;3
202300033924;155 620 422;33;0;2;1;3;1
202300033924;155 620 425;7;0;2;3;0;3
202300033924;155 620 427;14;0;2;0;0;0
202300033925;155 620 419;7;0;2;5;2;1
202300033925;155 620 420;7;0;2;1;2;1
202300033926;155 620 418;7;13;2;2;1;1
202300033926;155 620 421;7;0;2;3;19;1
202300033927;155 620 417;7;0;2;3;13;1
202300033927;155 620 423;7;0;2;3;0;1
202300033928;155 620 415;7;0;9;1;1;1
202300033929;155 620 414;7;0;2;8;11;2
202300033929;155 620 416;32;0;2;7;3;1
202300033930;155 620 413;7;4;0;1;1;1
202300033931;155 620 411;7;0;1;1;10;0
202300033932;155 620 410;7;0;2;3;23;1
202300033932;155 620 412;10;0;2;3;13;1
202300033933;155 620 409;7;1;0;1;13;3
202300033934;155 620 408;7;4;0;1;0;1
202300033935;155 620 407;7;2;0;1;1;1
202300033936;155 620 406;7;2;0;1;1;1
202300033937;155 620 404;7;0;2;1;2;1
202300033938;155 620 401;2;0;0;8;14;1
202300033939;155 620 400;2;0;0;3;5;1
202300033939;155 620 405;7;0;0;3;14;1
202300033940;155 620 399;31;0;2;7;17;1
202300033940;155 620 403;7;0;0;6;15;1
202300033941;155 620 398;2;0;2;8;16;1
202300033941;155 620 402;10;0;9;2;16;1
202300033942;155 620 395;2;0;2;2;5;1
202300033942;155 620 397;7;0;2;3;1;0
202300033943;155 620 392;7;2;0;1;1;1
202300033944;155 620 393;7;0;2;1;1;1
202300033944;155 620 396;7;0;2;7;11;1
202300033945;155 620 391;2;0;2;1;1;1
202300033945;155 620 394;7;0;9;2;15;1
202300033946;155 620 389;7;0;1;2;26;1
202300033947;155 620 386;7;13;0;9;1;1
202300033948;155 620 388;2;0;2;2;17;1
202300033948;155 620 390;7;0;2;3;15;2
202300033949;155 620 385;7;0;2;3;1;1
202300033949;155 620 387;7;0;2;3;13;1
202300033950;155 620 383;30;0;0;0;18;1
202300033951;155 620 382;7;0;2;1;19;1
202300033951;155 620 384;33;0;2;8;1;1
202300033952;155 620 379;7;0;0;3;13;1
202300033952;155 620 381;10;0;0;3;1;1
202300033953;155 620 380;1;0;0;0;1;5
202300033954;155 620 378;7;0;1;2;1;1
202300033955;155 620 373;7;0;2;8;1;0
202300033955;155 620 377;7;0;2;8;13;0
202300033956;155 620 374;7;0;1;2;1;1
202300033957;155 620 375;2;16;0;7;1;1
202300033958;155 620 371;30;0;0;0;0;1
202300033958;155 620 376;2;0;0;0;0;1
202300033959;155 620 368;7;0;0;1;1;0
202300033960;155 620 367;7;0;2;1;14;1
202300033960;155 620 370;30;0;2;1;1;1
202300033960;155 620 372;37;0;2;3;1;1
202300033961;155 620 363;7;0;2;2;1;0
202300033961;155 620 369;7;0;2;1;1;0
202300033962;155 620 364;7;0;2;1;1;1
202300033962;155 620 365;34;0;2;4;1;1
202300033963;155 620 361;2;0;0;0;1;0
202300033963;155 620 366;7;0;0;2;2;0
202300033964;155 620 358;7;2;0;1;1;0
202300033965;155 620 359;7;0;2;1;2;1
202300033965;155 620 362;17;0;2;6;2;1
202300033966;155 620 360;33;0;1;1;1;1
202300033967;155 620 355;50;0;2;1;1;3
202300033967;155 620 357;7;0;2;0;16;1
202300033968;155 620 354;36;8;0;2;1;1
202300033969;155 620 349;7;0;2;1;1;1
202300033969;155 620 352;1;0;2;4;1;5
202300033970;155 620 348;10;0;2;1;23;1
202300033970;155 620 351;50;0;2;0;19;3
202300033971;155 620 347;7;14;0;0;2;1
202300033971;155 620 350;7;0;2;1;2;1
202300033971;155 620 353;17;0;2;4;1;1
202300033971;155 620 356;7;14;0;0;2;1
202300033972;155 620 345;10;2;0;1;0;1
202300033973;155 620 344;31;0;0;1;1;1
202300033974;155 620 341;7;0;2;7;0;1
202300033974;155 620 346;7;0;2;1;7;1
202300033975;155 620 339;33;0;2;3;17;0
202300033975;155 620 342;7;0;2;0;0;0
202300033976;155 620 340;7;0;2;3;2;1
202300033976;155 620 343;50;0;2;4;2;3
202300033977;155 620 336;7;0;2;7;15;1
202300033977;155 620 338;1;0;2;7;5;5
202300033978;155 620 332;1;0;2;1;2;5
202300033978;155 620 335;7;0;2;3;2;1
202300033979;155 620 333;10;0;2;2;1;1
202300033979;155 620 337;7;6;2;7;1;1
202300033980;155 620 330;7;0;2;1;2;1
202300033980;155 620 334;10;0;2;4;2;1
202300033981;155 620 329;7;13;0;9;26;1
202300033982;155 620 326;7;0;2;3;15;1
202300033982;155 620 331;2;0;2;1;1;1
202300033983;155 620 328;33;3;0;7;21;1
202300033984;155 620 325;37;0;0;4;23;1
202300033984;155 620 327;2;0;9;1;2;1
202300033985;155 620 323;33;0;2;1;26;1
202300033985;155 620 324;7;0;2;4;24;1
202300033986;155 620 320;10;13;0;9;1;1
202300033987;155 620 316;10;13;2;2;19;1
202300033987;155 620 322;10;13;2;3;2;1
202300033988;155 620 317;7;0;2;3;20;6
202300033988;155 620 319;31;0;2;1;21;6
202300033989;155 620 314;7;4;0;9;13;1
202300033990;155 620 313;10;0;2;5;4;0
202300033990;155 620 315;7;0;2;1;1;1
202300033991;155 620 308;7;0;2;8;9;1
202300033991;155 620 311;2;0;2;1;1;1
202300033992;155 620 309;10;0;0;4;2;1
202300033992;155 620 312;10;0;2;1;2;1
202300033993;155 620 306;10;0;1;1;1;1
202300033994;155 620 304;7;1;0;3;2;1
202300033994;155 620 305;7;1;0;1;2;2
202300033994;155 620 310;7;1;0;2;2;3
202300033994;155 620 318;7;0;0;6;2;3
202300033994;155 620 321;7;0;0;6;2;1
202300033995;155 620 303;50;0;2;1;2;3
202300033995;155 620 307;7;0;9;8;16;1
202300033996;155 620 302;20;0;1;0;1;1
202300033997;155 620 299;7;0;2;3;13;3
202300033997;155 620 301;10;0;2;3;13;1
202300033998;155 620 298;7;0;2;1;1;0
202300033998;155 620 300;7;0;2;0;0;0
202300033999;155 620 294;2;0;0;8;1;1
202300033999;155 620 297;17;0;2;5;17;1
202300034000;155 620 293;7;0;2;2;1;1
202300034000;155 620 296;80;0;2;1;1;3
202300034001;155 620 292;7;0;2;8;9;1
202300034001;155 620 295;33;0;2;1;1;1
202300034002;155 620 291;7;0;1;1;15;1
202300034003;155 620 290;7;0;1;1;1;1
202300034004;155 620 288;7;0;1;3;1;1
202300034005;155 620 287;7;0;2;1;1;1
202300034005;155 620 289;7;0;2;5;15;1
202300034006;155 620 286;7;2;0;1;13;1
202300034007;155 620 284;7;0;1;7;1;0
202300034008;155 620 281;7;0;1;3;1;3
202300034009;155 620 283;7;0;2;5;15;1
202300034009;155 620 285;32;0;2;1;1;1
202300034010;155 620 280;7;0;2;2;14;1
202300034010;155 620 282;15;0;2;6;1;1
202300034011;155 620 278;10;0;2;1;2;1
202300034011;155 620 279;7;0;2;4;2;1
202300034012;155 620 276;7;0;1;1;1;2
202300034013;155 620 274;7;0;2;1;1;1
202300034013;155 620 277;7;0;2;1;13;1
202300034014;155 620 272;10;0;2;3;1;1
202300034014;155 620 275;33;0;2;1;1;1
202300034015;155 620 271;7;7;0;1;19;1
202300034016;155 620 269;10;0;2;2;1;1
202300034016;155 620 273;7;9;2;1;1;1
202300034017;155 620 266;7;0;2;1;1;1
202300034017;155 620 270;30;0;2;2;0;1
202300034018;155 620 265;7;8;0;1;13;1
202300034019;155 620 262;7;13;0;1;1;1
202300034020;155 620 258;10;0;1;4;4;1
202300034021;155 620 257;31;0;0;0;1;1
202300034022;155 620 256;10;0;2;2;13;1
202300034022;155 620 259;10;0;2;1;0;1
202300034023;155 620 255;31;0;2;3;1;1
202300034023;155 620 260;7;0;2;2;1;1
202300034024;155 620 253;7;0;2;2;0;1
202300034024;155 620 254;34;9;0;0;0;1
202300034025;155 620 247;7;0;2;1;1;1
202300034025;155 620 251;7;0;2;8;9;1
202300034026;155 620 248;10;0;2;7;13;1
202300034026;155 620 252;7;0;2;1;1;2
202300034027;155 620 245;7;0;2;3;1;1
202300034027;155 620 249;7;0;2;3;1;1
202300034028;155 620 246;7;0;2;1;5;1
202300034028;155 620 250;7;0;2;1;1;1
202300034029;155 620 243;43;8;0;1;14;1
202300034030;155 620 242;7;13;0;1;13;1
202300034031;155 620 241;7;0;2;1;19;1
202300034031;155 620 244;33;0;2;8;1;1
202300034032;155 620 238;7;0;2;7;2;1
202300034032;155 620 240;33;0;2;8;2;1
202300034033;155 620 237;7;13;6;1;1;0
202300034034;155 620 235;33;16;0;8;16;1
202300034035;155 620 233;7;0;2;4;2;1
202300034035;155 620 236;7;0;0;8;2;1
202300034036;155 620 228;7;0;2;4;1;1
202300034036;155 620 231;7;0;2;4;15;1
202300034036;155 620 234;7;0;2;1;1;1
202300034037;155 620 226;99;0;2;1;5;0
202300034037;155 620 229;7;0;2;3;15;1
202300034038;155 620 227;30;0;2;2;17;1
202300034038;155 620 230;10;0;2;3;15;1
202300034039;155 620 225;7;0;2;6;17;1
202300034039;155 620 232;33;1;2;2;17;1
202300034040;155 620 224;7;17;0;2;1;1
202300034041;155 620 223;7;0;1;1;15;1
202300034042;155 620 220;7;0;1;2;9;1
202300034043;155 620 222;7;0;1;1;26;1
202300034044;155 620 221;2;12;0;2;1;1
202300034045;155 620 216;33;13;0;1;2;1
202300034046;155 620 214;7;0;2;1;1;1
202300034046;155 620 219;10;0;2;6;19;1
202300034047;155 620 212;7;0;2;3;1;3
202300034047;155 620 215;10;0;2;1;11;1
202300034048;155 620 211;7;0;2;7;15;1
202300034048;155 620 213;7;0;2;2;1;1
202300034048;155 620 218;10;0;2;6;1;1
202300034049;155 620 208;7;0;1;0;1;0
202300034050;155 620 207;1;0;0;8;26;5
202300034050;155 620 210;7;0;2;7;17;1
202300034051;155 620 203;99;1;0;1;3;0
202300034051;155 620 206;7;0;2;7;1;1
202300034052;155 620 201;7;0;2;3;1;1
202300034052;155 620 205;7;0;2;2;15;1
202300034053;155 620 199;33;0;0;1;17;1
202300034054;155 620 198;15;0;2;1;1;1
202300034054;155 620 202;15;0;0;4;1;1
202300034055;155 620 200;7;0;2;1;2;1
202300034055;155 620 204;7;0;2;4;23;1
202300034055;155 620 209;7;0;2;4;23;1
202300034055;155 620 217;7;0;2;4;23;1
202300034056;155 620 196;34;0;2;1;2;1
202300034056;155 620 197;50;0;2;8;2;3
202300034057;155 620 193;7;0;0;8;1;1
202300034057;155 620 195;7;0;2;8;17;1
202300034058;155 620 191;31;0;2;1;1;0
202300034058;155 620 194;7;0;2;1;1;0
202300034059;155 620 189;7;0;1;2;1;1
202300034060;155 620 187;50;0;0;0;26;3
202300034061;155 620 185;7;0;2;4;1;0
202300034061;155 620 188;7;0;0;4;1;1
202300034061;155 620 190;7;0;0;4;1;1
202300034061;155 620 192;7;0;2;1;1;1
202300034062;155 620 182;7;0;2;1;1;1
202300034062;155 620 184;7;0;2;4;2;1
202300034062;155 620 186;7;0;2;4;2;1
202300034063;155 620 181;7;0;1;8;10;1
202300034064;155 620 180;7;0;2;3;13;0
202300034064;155 620 183;7;0;2;3;1;0
202300034065;155 620 179;7;4;0;3;1;1
202300034066;155 620 178;33;0;1;1;0;0
202300034067;155 620 176;7;0;2;4;2;1
202300034067;155 620 177;7;0;2;1;2;2
202300034068;155 620 175;33;16;0;7;1;1
202300034069;155 620 172;99;16;0;1;26;1
202300034070;155 620 171;7;0;9;3;20;1
202300034070;155 620 173;1;0;2;3;0;5
202300034071;155 620 170;10;0;2;1;1;1
202300034071;155 620 174;17;0;2;4;1;1
202300034072;155 620 168;7;0;0;4;16;1
202300034073;155 620 167;30;0;1;8;15;0
202300034074;155 620 166;17;0;2;5;1;1
202300034074;155 620 169;10;3;2;6;1;1
202300034075;155 620 165;99;0;1;1;15;0
202300034076;155 620 163;7;0;0;9;0;1
202300034077;155 620 160;2;0;2;1;1;1
202300034077;155 620 162;7;0;2;1;15;0
202300034078;155 620 158;10;0;2;5;0;1
202300034078;155 620 161;10;0;2;3;26;1
202300034079;155 620 159;30;0;2;2;1;1
202300034079;155 620 164;7;0;2;3;1;1
202300034080;155 620 157;7;0;0;0;26;1
202300034081;155 620 156;7;0;2;1;1;1
202300034082;155 620 152;7;0;2;4;2;1
202300034082;155 620 155;7;0;2;1;2;1
202300034083;155 620 149;7;0;2;3;10;1
202300034083;155 620 154;33;0;2;1;5;1
202300034084;155 620 148;7;0;2;1;1;1
202300034084;155 620 153;7;0;2;3;16;1
202300034085;155 620 147;7;0;2;1;1;1
202300034085;155 620 151;10;0;2;6;1;1
202300034086;155 620 145;38;0;2;1;1;1
202300034086;155 620 150;7;0;0;3;2;1
202300034087;155 620 144;10;0;2;6;2;1
202300034087;155 620 146;7;0;2;2;2;1
202300034088;155 620 139;14;3;0;8;0;1
202300034089;155 620 137;7;0;2;4;1;0
202300034089;155 620 140;7;0;2;1;1;0
202300034089;155 620 143;7;0;2;4;1;0
202300034090;155 620 138;7;2;0;1;21;2
202300034091;155 620 136;7;4;2;4;1;1
202300034091;155 620 141;7;0;2;1;18;1
202300034092;155 620 135;7;0;2;1;2;1
202300034092;155 620 142;7;0;2;1;9;1
202300034093;155 620 133;1;0;0;0;1;5
202300034094;155 620 130;7;0;2;5;10;1
202300034094;155 620 132;7;0;2;1;1;1
202300034095;155 620 129;7;0;2;4;1;1
202300034095;155 620 131;7;0;2;1;2;1
202300034095;155 620 134;7;0;2;4;1;1
202300034096;155 620 126;1;6;0;3;1;5
202300034097;155 620 127;7;0;1;8;15;1
202300034098;155 620 123;33;0;2;4;26;1
202300034098;155 620 125;7;0;2;1;26;1
202300034098;155 620 128;7;0;2;1;26;1
202300034099;155 620 120;10;0;0;4;4;1
202300034099;155 620 124;30;0;2;1;1;3
202300034100;155 620 119;7;0;2;5;14;1
202300034100;155 620 121;7;0;2;6;1;1