Num_Acc;id_vehicule;categorie_vehicule;obstacle_fixe;obstacle_mobile;point_choc_initial;manoeuvre_principale;motorisation
202300034462;155 619 494;33;0;2;1;3;1
202300034463;155 619 492;7;8;0;1;14;1
202300034464;155 619 489;7;1;0;3;1;1
202300034465;155 619 486;1;0;2;7;1;5
202300034465;155 619 490;7;0;2;1;9;1
202300034466;155 619 487;7;0;2;4;23;0
202300034466;155 619 488;7;0;2;1;2;0
202300034467;155 619 482;10;1;1;4;4;3
202300034468;155 619 483;7;0;2;1;1;1
202300034468;155 619 484;7;0;2;7;10;1
202300034469;155 619 479;7;8;0;1;15;1
202300034470;155 619 478;7;0;1;2;9;1
202300034471;155 619 474;7;0;2;1;1;1
202300034471;155 619 477;7;0;2;1;13;1
202300034472;155 619 472;43;0;2;2;14;1
202300034472;155 619 475;7;0;2;2;9;1
202300034473;155 619 473;7;0;2;2;15;3
202300034473;155 619 476;1;0;2;1;1;5
202300034474;155 619 470;7;0;2;1;2;1
202300034474;155 619 471;10;0;2;4;23;1
202300034475;155 619 469;7;8;0;1;13;1
202300034476;155 619 468;7;1;0;3;15;0
202300034477;155 619 466;17;0;2;1;2;1
202300034477;155 619 467;7;0;2;4;2;1
202300034478;155 619 464;7;0;1;3;1;6
202300034479;155 619 463;32;0;2;2;13;1
202300034479;155 619 465;7;0;2;3;1;0
202300034480;155 619 462;7;0;1;1;16;1
202300034481;155 619 459;7;0;1;1;9;1
202300034482;155 619 458;7;0;2;3;13;1
202300034482;155 619 460;7;0;2;8;1;3
202300034483;155 619 457;3;0;2;6;15;0
202300034483;155 619 461;33;0;2;1;1;0
202300034484;155 619 456;7;0;1;1;1;1
202300034485;155 619 453;7;0;2;3;1;1
202300034485;155 619 455;50;0;2;3;9;3
202300034486;155 619 451;1;0;2;8;19;5
202300034486;155 619 452;10;0;2;1;16;1
202300034487;155 619 450;7;0;2;1;2;0
202300034487;155 619 454;7;0;2;4;2;1
202300034488;155 619 449;31;0;1;1;1;1
202300034489;155 619 448;7;0;1;1;0;2
202300034490;155 619 447;7;0;1;5;4;1
202300034491;155 619 445;7;0;2;3;9;1
202300034491;155 619 446;7;0;1;5;2;1
202300034492;155 619 444;31;1;2;1;1;3
202300034493;155 619 443;7;0;1;1;26;1
202300034494;155 619 439;33;0;2;1;2;1
202300034494;155 619 441;33;0;2;0;2;1
202300034494;155 619 442;33;0;2;7;2;1
202300034495;155 619 437;7;0;2;3;1;1
202300034495;155 619 440;7;0;2;7;15;1
202300034496;155 619 438;7;11;0;1;0;1
202300034497;155 619 436;7;0;1;2;1;1
202300034498;155 619 433;7;0;9;3;1;1
202300034498;155 619 435;50;0;2;8;1;3
202300034499;155 619 432;20;0;2;1;1;0
202300034499;155 619 434;7;0;0;4;1;1
202300034500;155 619 430;31;0;2;1;1;1
202300034500;155 619 431;7;0;2;1;15;1
202300034501;155 619 427;50;0;0;0;1;3
202300034502;155 619 426;7;0;2;1;2;1
202300034502;155 619 429;10;0;2;4;1;1
202300034503;155 619 422;7;0;2;2;17;1
202300034503;155 619 424;7;0;2;3;10;1
202300034504;155 619 423;10;0;2;1;1;0
202300034504;155 619 425;7;0;2;1;1;0
202300034504;155 619 428;3;0;2;4;1;0
202300034505;155 619 419;7;0;2;2;2;3
202300034505;155 619 420;7;0;2;4;2;1
202300034505;155 619 421;7;0;2;4;2;1
202300034506;155 619 418;30;12;1;0;21;1
202300034507;155 619 414;7;2;0;7;14;1
202300034508;155 619 415;10;0;1;2;2;1
202300034509;155 619 413;34;0;2;1;3;1
202300034509;155 619 416;7;0;2;3;1;1
202300034509;155 619 417;7;0;2;3;1;1
202300034510;155 619 412;7;13;0;2;14;1
202300034511;155 619 408;7;0;2;3;15;1
202300034511;155 619 410;7;0;2;2;1;1
202300034512;155 619 409;7;0;2;1;1;1
202300034512;155 619 411;7;0;2;4;1;1
202300034513;155 619 406;33;0;2;7;15;1
202300034513;155 619 407;7;0;2;1;18;1
202300034514;155 619 403;50;0;4;8;13;3
202300034514;155 619 405;40;0;2;2;1;3
202300034515;155 619 402;10;0;2;2;2;1
202300034515;155 619 404;7;0;0;4;1;1
202300034516;155 619 400;7;0;2;2;16;1
202300034516;155 619 401;50;0;2;1;1;3
202300034517;155 619 398;50;0;2;3;1;3
202300034517;155 619 399;7;0;2;2;15;1
202300034518;155 619 393;10;0;2;1;2;1
202300034518;155 619 395;7;0;2;0;23;1
202300034518;155 619 397;7;0;2;4;11;1
202300034519;155 619 392;50;0;9;1;1;3
202300034520;155 619 391;7;0;1;8;15;1
202300034521;155 619 394;7;0;2;1;1;1
202300034521;155 619 396;7;0;2;4;1;3
202300034522;155 619 387;30;0;2;1;2;1
202300034522;155 619 389;30;0;2;8;15;1
202300034523;155 619 383;33;0;2;1;21;1
202300034523;155 619 384;7;0;2;3;1;1
202300034523;155 619 386;7;0;0;0;0;1
202300034524;155 619 382;7;0;2;7;15;1
202300034524;155 619 385;30;0;2;7;21;1
202300034525;155 619 381;10;0;1;3;23;1
202300034526;155 619 379;1;0;2;8;2;5
202300034526;155 619 380;7;0;9;2;1;1
202300034527;155 619 378;10;0;1;3;1;1
202300034528;155 619 376;7;0;0;7;15;1
202300034528;155 619 377;33;0;2;1;1;1
202300034529;155 619 375;7;15;0;1;1;1
202300034530;155 619 373;31;0;2;1;1;6
202300034530;155 619 374;10;0;2;5;15;1
202300034531;155 619 372;7;2;0;1;16;1
202300034532;155 619 370;1;0;2;1;13;5
202300034532;155 619 371;7;0;2;1;1;1
202300034533;155 619 368;31;0;2;8;15;1
202300034533;155 619 369;31;0;2;1;17;1
202300034534;155 619 366;7;0;2;7;14;1
202300034534;155 619 367;2;0;2;8;2;1
202300034535;155 619 363;14;0;2;2;1;0
202300034535;155 619 364;7;0;2;8;1;2
202300034535;155 619 365;7;0;2;1;1;1
202300034536;155 619 362;7;0;1;1;1;0
202300034537;155 619 361;2;11;0;1;13;1
202300034538;155 619 358;3;0;2;3;13;1
202300034538;155 619 360;10;3;2;3;1;1
202300034539;155 619 357;14;0;2;5;1;1
202300034539;155 619 359;31;0;2;6;3;1
202300034540;155 619 354;7;0;2;1;9;1
202300034540;155 619 356;15;0;0;4;9;1
202300034541;155 619 353;14;0;2;1;19;1
202300034541;155 619 355;50;0;2;8;1;3
202300034542;155 619 351;10;0;1;1;1;1
202300034543;155 619 350;7;0;2;1;2;1
202300034543;155 619 352;15;0;0;4;1;1
202300034544;155 619 349;50;0;1;1;1;3
202300034545;155 619 348;7;2;0;1;11;1
202300034546;155 619 345;7;0;2;3;1;1
202300034546;155 619 347;7;0;2;1;1;1
202300034547;155 619 341;30;0;2;8;1;1
202300034547;155 619 343;7;0;2;1;15;1
202300034548;155 619 342;7;2;0;7;14;1
202300034549;155 619 339;7;0;1;4;20;1
202300034550;155 619 338;7;0;2;3;13;1
202300034550;155 619 340;21;0;2;3;1;1
202300034551;155 619 336;7;0;2;3;12;1
202300034551;155 619 337;7;0;2;5;1;1
202300034552;155 619 334;7;0;2;2;15;1
202300034552;155 619 335;34;0;2;1;1;1
202300034553;155 619 332;10;0;2;5;16;1
202300034553;155 619 333;7;0;2;3;1;2
202300034554;155 619 330;2;0;2;1;17;1
202300034554;155 619 331;7;0;2;3;1;1
202300034555;155 619 328;1;0;2;1;1;5
202300034555;155 619 329;10;0;2;3;15;1
202300034556;155 619 325;7;0;2;3;13;1
202300034556;155 619 326;33;0;2;3;1;1
202300034556;155 619 327;33;0;2;3;1;1
202300034557;155 619 324;1;0;1;8;1;5
202300034558;155 619 322;7;0;2;1;1;2
202300034558;155 619 323;7;0;2;7;26;1
202300034559;155 619 320;7;0;2;3;1;1
202300034559;155 619 321;32;0;2;1;1;1
202300034560;155 619 318;7;0;9;2;2;1
202300034560;155 619 319;1;0;2;8;1;5
202300034561;155 619 317;32;0;0;7;16;1
202300034562;155 619 315;7;4;0;5;1;0
202300034563;155 619 314;7;0;2;3;1;1
202300034563;155 619 316;33;0;2;1;13;1
202300034564;155 619 313;7;0;1;1;15;1
202300034565;155 619 312;33;0;0;1;0;1
202300034566;155 619 309;31;0;2;7;2;3
202300034566;155 619 311;7;0;2;7;15;0
202300034567;155 619 308;7;0;2;1;9;1
202300034567;155 619 310;50;0;2;7;1;3
202300034568;155 619 306;7;13;0;7;0;0
202300034569;155 619 305;7;0;2;1;0;0
202300034569;155 619 307;50;0;2;4;0;3
202300034570;155 619 304;7;0;1;1;2;1
202300034571;155 619 302;7;0;2;1;1;1
202300034571;155 619 303;2;0;2;1;13;1
202300034572;155 619 300;1;0;5;8;1;5
202300034573;155 619 299;10;0;2;1;1;1
202300034573;155 619 301;10;0;2;6;1;1
202300034574;155 619 296;7;0;2;3;16;1
202300034574;155 619 298;33;0;2;1;1;1
202300034575;155 619 297;99;0;1;2;19;0
202300034576;155 619 295;33;0;0;8;1;1
202300034577;155 619 293;7;0;2;3;9;1
202300034577;155 619 294;33;0;2;1;1;1
202300034578;155 619 292;7;2;0;1;1;0
202300034579;155 619 289;7;0;2;2;15;0
202300034579;155 619 291;7;0;2;3;1;1
202300034580;155 619 288;7;0;2;1;15;1
202300034580;155 619 290;7;0;2;1;1;1
202300034581;155 619 284;10;0;2;7;17;1
202300034581;155 619 286;21;0;2;3;15;1
202300034582;155 619 285;14;0;2;0;2;1
202300034582;155 619 287;1;0;2;0;2;5
202300034583;155 619 283;7;13;0;3;2;1
202300034584;155 619 282;7;0;1;2;16;0
202300034585;155 619 280;7;0;2;3;15;1
202300034585;155 619 281;2;0;2;1;1;1
202300034586;155 619 279;7;6;0;2;14;1
202300034587;155 619 278;33;0;0;9;1;1
202300034588;155 619 275;7;0;2;8;10;1
202300034588;155 619 276;33;0;2;1;17;1
202300034589;155 619 274;7;0;2;1;15;1
202300034589;155 619 277;33;0;2;7;1;1
202300034590;155 619 273;7;3;0;1;17;1
202300034591;155 619 271;7;3;0;1;1;1
202300034592;155 619 270;10;0;2;1;0;0
202300034592;155 619 272;3;3;0;4;0;0
202300034593;155 619 269;10;0;1;3;1;1
202300034594;155 619 267;7;0;2;3;13;0
202300034594;155 619 268;32;0;2;7;17;1
202300034595;155 619 263;7;0;2;1;5;1
202300034595;155 619 264;7;0;2;1;1;1
202300034596;155 619 262;7;4;0;0;0;1
202300034596;155 619 265;7;1;0;1;0;1
202300034596;155 619 266;7;0;0;1;0;1
202300034597;155 619 260;7;0;2;1;0;1
202300034597;155 619 261;7;0;2;3;0;1
202300034598;155 619 259;10;3;0;8;12;1
202300034599;155 619 258;10;6;0;1;1;1
202300034600;155 619 256;7;6;0;6;1;1
202300034601;155 619 254;7;8;0;0;1;1
202300034602;155 619 253;7;2;0;5;0;1
202300034603;155 619 251;10;0;2;1;1;1
202300034603;155 619 252;7;0;0;4;0;1
202300034604;155 619 249;33;16;0;0;17;1
202300034605;155 619 250;7;2;0;3;11;1
202300034606;155 619 247;14;3;1;2;1;1
202300034607;155 619 248;2;6;0;1;1;1
202300034608;155 619 244;7;0;2;2;15;1
202300034608;155 619 246;34;0;2;2;1;1
202300034609;155 619 241;33;0;0;9;1;1
202300034609;155 619 242;7;0;0;0;1;1
202300034610;155 619 243;7;8;0;3;13;0
202300034610;155 619 245;7;8;0;3;26;1
202300034611;155 619 239;33;0;2;3;1;1
202300034611;155 619 240;7;0;2;6;19;1
202300034612;155 619 238;7;0;9;1;1;0
202300034613;155 619 237;10;0;1;2;1;1
202300034614;155 619 236;7;0;1;2;16;1
202300034615;155 619 233;7;0;2;1;1;1
202300034615;155 619 234;7;0;2;3;1;1
202300034615;155 619 235;33;0;2;3;5;1
202300034616;155 619 230;7;0;1;2;1;1
202300034617;155 619 231;14;0;4;2;1;1
202300034617;155 619 232;39;0;4;1;1;1
202300034618;155 619 227;7;0;2;5;15;1
202300034618;155 619 229;2;0;2;1;1;1
202300034619;155 619 225;10;0;2;1;1;1
202300034619;155 619 226;7;0;2;1;1;1
202300034620;155 619 223;7;0;2;3;15;1
202300034620;155 619 224;33;0;2;1;1;0
202300034621;155 619 220;7;0;2;6;15;1
202300034621;155 619 221;33;0;2;7;17;1
202300034621;155 619 222;33;0;2;7;17;1
202300034622;155 619 219;10;0;1;2;2;1
202300034623;155 619 217;38;0;2;8;15;1
202300034623;155 619 218;14;0;2;2;17;1
202300034624;155 619 214;7;0;2;1;1;1
202300034624;155 619 215;50;0;2;0;19;3
202300034625;155 619 213;10;0;2;1;1;1
202300034625;155 619 216;7;0;2;1;13;1
202300034626;155 619 212;1;0;1;1;25;5
202300034627;155 619 210;7;2;0;1;14;1
202300034628;155 619 207;7;0;2;3;1;1
202300034628;155 619 208;7;0;0;8;13;1
202300034629;155 619 209;7;2;0;4;26;1
202300034629;155 619 211;7;2;2;1;21;1
202300034630;155 619 206;7;0;9;2;1;1
202300034631;155 619 205;7;0;1;2;1;1
202300034632;155 619 202;7;0;0;4;1;1
202300034632;155 619 203;33;0;0;1;1;1
202300034632;155 619 204;7;0;0;1;1;1
202300034633;155 619 199;7;0;0;2;1;1
202300034633;155 619 200;1;0;0;4;1;5
202300034634;155 619 197;33;11;0;0;21;1
202300034635;155 619 198;7;0;2;1;15;1
202300034635;155 619 201;7;7;2;1;1;1
202300034636;155 619 194;7;15;0;1;1;2
202300034637;155 619 193;10;0;2;7;1;1
202300034637;155 619 195;7;0;2;0;0;1
202300034637;155 619 196;33;0;2;0;0;1
202300034638;155 619 191;33;0;2;2;14;1
202300034638;155 619 192;13;0;2;8;1;1
202300034639;155 619 189;7;0;2;6;19;0
202300034639;155 619 190;31;0;2;3;1;0
202300034640;155 619 187;32;0;2;1;12;1
202300034640;155 619 188;7;0;2;6;23;1
202300034641;155 619 183;7;0;2;1;2;1
202300034641;155 619 185;7;0;2;4;2;1
202300034642;155 619 182;7;0;2;1;13;1
202300034642;155 619 184;7;0;2;1;1;2
202300034642;155 619 186;10;0;2;3;1;1
202300034643;155 619 180;7;0;2;1;2;0
202300034643;155 619 181;7;0;0;4;2;0
202300034644;155 619 178;7;0;1;3;1;1
202300034645;155 619 177;7;0;2;1;2;1
202300034645;155 619 179;7;0;2;4;2;1
202300034646;155 619 174;10;0;2;7;12;1
202300034646;155 619 176;33;0;2;3;1;1
202300034647;155 619 171;34;0;2;8;3;1
202300034647;155 619 172;7;0;2;7;1;1
202300034648;155 619 170;30;0;2;1;1;1
202300034648;155 619 173;32;0;2;3;9;1
202300034649;155 619 168;10;0;2;1;2;1
202300034649;155 619 169;10;3;2;4;2;1
202300034650;155 619 166;10;0;0;1;26;1
202300034651;155 619 167;7;8;0;1;6;1
202300034652;155 619 164;7;0;2;7;14;1
202300034652;155 619 165;33;0;2;8;0;1
202300034653;155 619 161;10;5;0;1;1;1
202300034653;155 619 163;7;5;0;1;13;1
202300034654;155 619 159;7;0;2;1;2;2
202300034654;155 619 160;7;0;2;4;2;1
202300034654;155 619 162;7;0;2;4;2;1
202300034655;155 619 158;7;0;0;0;0;0
202300034656;155 619 156;33;0;2;8;1;1
202300034656;155 619 157;7;0;2;5;12;1
202300034657;155 619 154;2;0;0;3;2;1
202300034657;155 619 155;7;0;2;0;21;1
202300034658;155 619 152;33;0;2;5;3;1
202300034658;155 619 153;7;0;2;6;11;1
202300034659;155 619 148;10;0;2;3;11;1
202300034659;155 619 150;32;0;2;1;3;1
202300034660;155 619 147;33;0;2;1;1;1
202300034660;155 619 149;33;0;2;1;1;1
202300034661;155 619 144;7;0;2;0;9;1
202300034661;155 619 146;1;0;2;0;1;5
202300034662;155 619 143;7;0;0;2;11;1
202300034662;155 619 145;33;0;0;1;1;1
202300034663;155 619 138;7;0;2;1;2;1
202300034663;155 619 140;7;0;2;4;2;1
202300034664;155 619 136;7;0;2;4;0;0
202300034664;155 619 137;7;0;2;1;3;1
202300034665;155 619 139;34;0;1;2;2;1
202300034666;155 619 131;7;0;2;3;9;1
202300034666;155 619 133;38;0;2;3;1;1
202300034666;155 619 134;7;0;2;3;1;1
202300034666;155 619 135;7;0;2;3;1;2
202300034667;155 619 129;7;8;0;9;1;1
202300034668;155 619 130;7;3;2;0;0;1
202300034668;155 619 132;7;3;2;0;0;1
202300034669;155 619 128;7;2;0;0;1;1
202300034670;155 619 126;33;0;1;1;1;1
202300034671;155 619 124;33;0;2;1;13;1
202300034671;155 619 127;7;0;2;1;1;1
202300034672;155 619 122;7;0;9;1;2;1
202300034672;155 619 123;80;0;9;0;0;3
202300034673;155 619 120;7;0;9;5;16;1
202300034673;155 619 121;31;0;2;8;1;1
202300034674;155 619 119;7;0;1;1;1;1
202300034675;155 619 117;7;0;9;8;19;1
202300034675;155 619 118;2;0;2;1;1;1
202300034676;155 619 114;7;0;2;6;1;1
202300034676;155 619 115;1;0;2;1;1;5
202300034677;155 619 116;7;2;0;2;1;1
202300034678;155 619 112;34;0;2;8;2;0
202300034678;155 619 113;7;0;2;7;2;0
202300034679;155 619 111;7;0;0;1;13;1
202300034680;155 619 109;10;0;0;8;13;1
202300034681;155 619 107;7;0;2;1;1;1
202300034681;155 619 108;7;0;2;4;23;1
202300034682;155 619 105;7;0;2;1;1;1
202300034682;155 619 106;21;0;2;2;15;1
202300034683;155 619 104;7;0;1;3;15;1
202300034684;155 619 103;7;2;0;1;0;3
202300034685;155 619 102;7;8;0;1;1;1
202300034686;155 619 098;33;0;2;1;1;1
202300034686;155 619 101;2;0;2;1;1;1
202300034687;155 619 099;7;0;9;1;9;1
202300034687;155 619 100;1;0;2;7;1;5
202300034688;155 619 096;7;2;0;1;2;1
202300034689;155 619 093;7;4;0;6;15;1
202300034690;155 619 091;7;0;2;5;1;1
202300034690;155 619 092;14;0;2;2;26;1
202300034691;155 619 089;33;0;1;2;0;1
202300034692;155 619 090;7;4;0;3;11;1
202300034693;155 619 088;80;0;1;1;1;3
202300034694;155 619 087;7;4;0;3;1;1
202300034695;155 619 085;80;14;2;1;1;3
202300034695;155 619 086;1;14;2;1;1;5
202300034696;155 619 082;3;0;1;2;2;1
202300034697;155 619 081;7;0;1;1;1;1
202300034698;155 619 083;7;0;2;4;1;0
202300034698;155 619 084;7;0;2;1;1;0
202300034699;155 619 077;50;0;2;8;1;3
202300034699;155 619 080;7;0;2;1;15;1
202300034700;155 619 073;7;0;2;3;17;1
202300034700;155 619 074;30;0;2;7;17;1
202300034701;155 619 075;10;0;2;1;1;1
202300034701;155 619 076;10;0;2;5;1;1
202300034701;155 619 078;15;0;2;8;1;1
202300034701;155 619 079;7;0;2;8;11;1
202300034702;155 619 072;7;0;0;1;13;0
202300034703;155 619 071;33;4;2;7;26;1
202300034704;155 619 069;10;0;2;2;15;1
202300034704;155 619 070;2;0;2;1;18;1
202300034705;155 619 065;7;1;0;1;1;1
202300034705;155 619 066;7;0;2;6;24;1
202300034706;155 619 064;10;0;2;4;2;1
202300034706;155 619 067;7;0;2;4;2;1
202300034706;155 619 068;14;0;2;1;2;1
202300034707;155 619 061;7;0;2;7;1;1
202300034707;155 619 063;7;0;2;1;5;1
202300034708;155 619 062;7;0;1;7;2;1
202300034709;155 619 059;7;3;2;1;2;1
202300034710;155 619 057;7;0;2;4;2;3
202300034710;155 619 058;7;0;2;4;2;1
202300034710;155 619 060;10;0;2;1;2;1
202300034711;155 619 054;33;0;2;1;0;1
202300034711;155 619 056;14;0;2;8;11;1
202300034712;155 619 051;7;0;2;2;1;1
202300034712;155 619 053;50;0;2;1;15;3
202300034713;155 619 050;10;0;1;4;4;1
202300034714;155 619 052;7;0;2;4;1;1
202300034714;155 619 055;7;0;2;1;1;1
202300034715;155 619 048;7;6;0;1;13;1
202300034716;155 619 049;7;0;1;3;15;1
202300034717;155 619 046;50;0;2;1;26;3
202300034717;155 619 047;7;0;2;3;26;1
202300034718;155 619 043;3;0;2;3;10;3
202300034718;155 619 045;31;0;2;7;1;1
202300034719;155 619 042;50;0;2;7;1;3
202300034719;155 619 044;7;0;2;2;1;1
202300034720;155 619 039;43;0;2;8;23;1
202300034720;155 619 041;15;0;2;7;14;1
202300034721;155 619 040;7;0;1;3;1;1
202300034722;155 619 036;7;0;2;1;1;1
202300034722;155 619 037;31;0;2;4;1;1
202300034723;155 619 035;7;0;2;4;23;1
202300034723;155 619 038;7;0;2;1;2;1
202300034724;155 619 033;7;0;2;1;1;1
202300034724;155 619 034;7;0;2;6;1;1
202300034725;155 619 029;7;0;2;2;15;1
202300034725;155 619 030;2;0;2;1;1;1
202300034726;155 619 025;31;0;2;2;1;1
202300034726;155 619 026;21;0;2;3;15;1
202300034727;155 619 022;7;0;2;7;16;1
202300034727;155 619 024;50;0;2;1;1;3
202300034728;155 619 018;33;0;2;1;2;1
202300034728;155 619 019;7;0;2;5;23;1
202300034729;155 619 015;7;0;2;1;9;1
202300034729;155 619 017;30;0;2;4;9;1
202300034730;155 619 014;7;0;2;1;15;1
202300034730;155 619 016;7;0;2;8;1;1
202300034731;155 619 013;33;0;1;1;1;1
202300034732;155 619 012;7;0;1;2;1;1
202300034733;155 619 010;7;0;2;4;23;1
202300034733;155 619 011;34;0;2;1;26;1
202300034734;155 619 008;7;4;1;1;25;1
202300034735;155 619 005;10;0;2;3;15;1
202300034735;155 619 006;33;0;2;1;1;1
202300034736;155 619 007;50;0;2;5;1;3
202300034736;155 619 009;7;14;2;1;1;1
202300034737;155 619 002;7;0;2;4;21;0
202300034737;155 619 003;7;0;2;4;2;0
202300034737;155 619 004;7;0;2;1;2;0
202300034738;155 619 001;7;0;1;1;16;2
202300034739;155 618 999;50;0;2;1;19;3
202300034739;155 619 000;7;0;2;2;1;1
202300034740;155 618 998;7;0;1;2;2;0
202300034741;155 618 997;17;0;0;8;1;1
202300034742;155 618 994;50;8;0;1;1;3
202300034743;155 618 995;33;0;2;1;1;1
202300034743;155 618 996;99;0;2;7;15;1
202300034744;155 618 993;7;0;1;3;1;0
202300034745;155 618 990;38;0;2;3;1;3
202300034745;155 618 992;7;0;2;3;13;1
202300034746;155 618 989;7;0;2;2;5;1
202300034746;155 618 991;7;0;2;2;1;1
202300034747;155 618 986;7;0;1;1;1;1
202300034748;155 618 987;10;8;2;3;1;0
202300034748;155 618 988;10;0;2;1;1;0
202300034749;155 618 983;7;0;1;3;1;1
202300034750;155 618 982;7;15;2;1;13;1
202300034750;155 618 984;7;0;2;1;2;1
202300034750;155 618 985;7;0;2;1;2;1
202300034751;155 618 981;7;2;0;1;14;1
202300034752;155 618 979;50;0;1;7;1;3
202300034753;155 618 977;7;0;2;1;5;1
202300034753;155 618 978;10;0;2;6;1;1
202300034753;155 618 980;10;0;2;1;1;1
202300034754;155 618 974;33;0;0;0;1;1
202300034755;155 618 973;7;0;2;7;1;1
202300034755;155 618 975;7;0;2;3;1;1
202300034755;155 618 976;7;0;2;1;1;1
202300034756;155 618 972;10;0;1;2;1;0
202300034757;155 618 970;7;0;2;7;12;1
202300034757;155 618 971;43;0;2;8;1;1
202300034758;155 618 968;33;0;2;9;26;1
202300034758;155 618 969;7;0;2;8;1;1
202300034759;155 618 964;7;0;2;3;24;1
202300034759;155 618 966;7;0;2;8;15;1
202300034759;155 618 967;33;0;2;1;17;1
202300034760;155 618 963;7;0;2;1;15;1
202300034760;155 618 965;31;0;2;3;5;1
202300034761;155 618 962;7;0;1;2;1;1
202300034762;155 618 961;10;0;1;5;4;1
202300034763;155 618 959;10;0;2;3;1;1
202300034763;155 618 960;33;0;2;2;16;1
202300034764;155 618 955;50;0;2;4;19;3
202300034764;155 618 957;7;0;2;2;1;1
202300034765;155 618 950;30;0;2;4;2;3
202300034765;155 618 952;7;0;2;3;2;1
202300034766;155 618 949;7;0;2;9;9;1
202300034766;155 618 951;7;0;2;6;1;1
202300034766;155 618 953;7;0;2;7;1;1
202300034766;155 618 954;7;4;2;9;0;1
202300034766;155 618 956;7;0;2;4;1;3
202300034766;155 618 958;7;0;2;5;1;3
202300034767;155 618 947;1;1;0;1;1;5
202300034767;155 618 948;7;0;2;8;24;1
202300034768;155 618 945;7;0;1;2;1;1
202300034769;155 618 944;7;0;2;3;15;0
202300034769;155 618 946;7;16;2;1;1;1
202300034770;155 618 942;7;0;9;7;1;1
202300034770;155 618 943;50;0;2;1;19;3
202300034771;155 618 940;7;0;2;1;5;1
202300034771;155 618 941;15;0;2;1;1;0
202300034772;155 618 938;7;0;2;3;9;1
202300034772;155 618 939;7;0;2;2;2;1
202300034773;155 618 936;7;0;2;1;5;1
202300034773;155 618 937;10;0;2;1;1;1
202300034774;155 618 935;7;0;1;2;1;1
202300034775;155 618 933;34;0;2;8;1;1
202300034775;155 618 934;7;0;2;7;17;0
202300034776;155 618 931;7;0;2;1;9;1
202300034776;155 618 932;7;0;2;7;26;2
202300034777;155 618 930;7;0;1;1;1;1
202300034778;155 618 929;10;0;1;1;1;1
202300034779;155 618 928;7;16;0;2;0;1
202300034780;155 618 926;1;0;2;8;1;5
202300034780;155 618 927;7;0;2;1;1;1
202300034781;155 618 925;7;1;1;2;13;2
202300034782;155 618 924;10;0;0;1;16;1
202300034783;155 618 923;33;0;0;0;1;1
202300034784;155 618 922;7;0;1;3;1;1
202300034785;155 618 920;60;0;2;3;1;5
202300034785;155 618 921;7;0;2;1;9;1
202300034786;155 618 918;1;0;2;1;2;5
202300034786;155 618 919;7;0;2;5;16;1
202300034787;155 618 916;7;0;2;3;13;1
202300034787;155 618 917;10;0;2;3;1;1
202300034788;155 618 914;7;0;2;1;1;1
202300034788;155 618 915;7;0;2;5;1;1
202300034789;155 618 912;7;0;1;2;21;1
202300034790;155 618 911;7;0;9;2;9;1
202300034790;155 618 913;1;0;2;3;1;5
202300034791;155 618 909;7;0;1;6;4;1
202300034792;155 618 906;2;0;1;2;0;1
202300034793;155 618 907;7;0;2;1;2;1
202300034793;155 618 908;7;0;2;4;2;1
202300034793;155 618 910;7;0;2;1;2;1
202300034794;155 618 903;33;0;1;1;1;1
202300034795;155 618 900;50;0;2;8;19;3
202300034795;155 618 901;37;0;2;1;1;0
202300034796;155 618 899;7;0;1;2;1;1
202300034797;155 618 897;7;0;2;3;0;1
202300034797;155 618 898;33;0;2;1;17;1
202300034798;155 618 896;7;0;1;3;19;1
202300034799;155 618 894;7;0;2;8;9;1
202300034799;155 618 895;7;0;2;2;1;1
202300034800;155 618 892;7;0;2;1;1;1
202300034800;155 618 893;50;0;2;4;1;3
202300034801;155 618 890;7;0;1;1;15;1
202300034802;155 618 888;7;0;2;4;2;1
202300034802;155 618 889;7;0;2;4;2;1
202300034802;155 618 891;7;0;2;0;2;1
202300034803;155 618 887;7;0;0;0;0;1
202300034804;155 618 886;7;8;0;3;1;1
202300034805;155 618 883;7;0;2;3;26;1
202300034805;155 618 885;30;0;2;1;1;1
202300034806;155 618 882;37;0;2;1;1;6
202300034806;155 618 884;1;0;2;7;14;5
202300034807;155 618 881;10;0;1;3;15;0
202300034808;155 618 880;7;0;1;3;1;1
202300034809;155 618 879;2;0;1;1;1;2
202300034810;155 618 876;50;12;2;1;19;3
202300034810;155 618 877;10;12;2;2;16;1
202300034811;155 618 875;43;0;2;8;1;1
202300034811;155 618 878;7;0;2;3;15;1
202300034812;155 618 873;7;0;2;1;0;1
202300034812;155 618 874;7;0;2;3;15;1
202300034813;155 618 871;7;8;4;0;10;1
202300034813;155 618 872;40;0;2;2;1;6
202300034814;155 618 870;10;8;0;1;14;1
202300034815;155 618 869;7;9;0;3;1;1
202300034816;155 618 868;7;0;1;1;1;1
202300034817;155 618 866;7;0;2;1;15;1
202300034817;155 618 867;7;0;2;3;1;1
202300034818;155 618 864;7;0;2;2;9;3
202300034818;155 618 865;80;0;2;3;1;3
202300034819;155 618 862;7;0;2;3;15;1