Num_Acc;id_vehicule;categorie_vehicule;obstacle_fixe;obstacle_mobile;point_choc_initial;manoeuvre_principale;motorisation
202300034819;155 618 863;37;0;2;2;7;4
202300034820;155 618 861;30;16;0;0;1;1
202300034821;155 618 860;33;0;0;1;2;1
202300034822;155 618 859;1;16;0;0;1;5
202300034823;155 618 857;7;0;2;2;20;1
202300034823;155 618 858;50;0;2;1;1;3
202300034824;155 618 856;7;0;1;3;15;1
202300034825;155 618 855;7;0;1;1;15;1
202300034826;155 618 853;10;0;2;1;2;4
202300034826;155 618 854;50;0;2;4;2;3
202300034827;155 618 852;7;0;1;1;1;1
202300034828;155 618 850;1;0;2;0;1;5
202300034828;155 618 851;7;0;2;0;15;1
202300034829;155 618 849;7;0;1;6;4;1
202300034830;155 618 848;99;0;1;1;26;1
202300034831;155 618 847;7;0;1;1;1;2
202300034832;155 618 845;7;1;0;7;17;1
202300034832;155 618 846;1;1;0;8;18;5
202300034833;155 618 843;7;0;9;3;15;1
202300034833;155 618 844;50;0;2;1;1;3
202300034834;155 618 841;10;0;2;8;1;3
202300034834;155 618 842;10;0;2;3;15;1
202300034835;155 618 839;7;0;2;1;1;1
202300034835;155 618 840;7;0;2;2;1;1
202300034836;155 618 837;80;0;2;3;1;3
202300034836;155 618 838;7;0;2;2;5;1
202300034837;155 618 835;2;0;2;1;1;1
202300034837;155 618 836;7;0;2;3;15;1
202300034838;155 618 833;7;0;0;0;0;1
202300034838;155 618 834;50;0;2;1;2;3
202300034839;155 618 832;7;0;1;1;1;1
202300034840;155 618 831;10;5;0;1;1;1
202300034841;155 618 828;10;0;2;1;1;1
202300034841;155 618 829;7;0;2;1;14;1
202300034842;155 618 826;1;0;2;4;2;5
202300034842;155 618 827;10;0;2;2;2;1
202300034843;155 618 824;7;0;2;2;15;1
202300034843;155 618 825;7;0;2;1;0;1
202300034844;155 618 822;7;0;2;1;0;0
202300034844;155 618 823;1;0;2;4;1;5
202300034845;155 618 820;32;0;2;8;1;1
202300034845;155 618 821;10;0;2;0;0;0
202300034846;155 618 819;7;0;1;1;26;1
202300034847;155 618 818;7;0;1;1;1;1
202300034848;155 618 816;50;0;2;1;1;3
202300034848;155 618 817;7;0;9;8;1;1
202300034849;155 618 815;10;2;0;2;14;1
202300034850;155 618 812;7;0;2;3;17;1
202300034850;155 618 813;7;0;2;8;1;1
202300034850;155 618 814;7;0;2;1;1;3
202300034851;155 618 811;7;0;1;1;26;1
202300034852;155 618 809;7;0;2;2;1;1
202300034852;155 618 810;7;0;2;6;1;1
202300034853;155 618 806;7;0;2;4;1;1
202300034853;155 618 807;7;0;2;4;1;1
202300034853;155 618 808;7;0;2;1;1;1
202300034854;155 618 804;7;0;2;2;15;1
202300034854;155 618 805;2;0;2;1;1;1
202300034855;155 618 801;7;0;1;3;9;1
202300034856;155 618 800;7;0;1;3;15;1
202300034857;155 618 798;1;0;2;1;1;5
202300034857;155 618 799;7;0;9;3;26;1
202300034858;155 618 796;10;0;2;6;9;0
202300034858;155 618 797;50;0;2;1;1;3
202300034859;155 618 794;7;0;2;7;0;1
202300034859;155 618 795;7;0;2;1;1;1
202300034860;155 618 792;33;0;2;1;17;1
202300034860;155 618 793;31;0;2;1;1;1
202300034861;155 618 790;7;0;2;1;13;1
202300034861;155 618 791;7;0;2;1;1;1
202300034862;155 618 788;7;0;2;2;5;1
202300034862;155 618 789;7;0;2;7;21;1
202300034863;155 618 786;1;0;0;8;19;5
202300034863;155 618 787;7;0;2;2;1;1
202300034864;155 618 784;2;0;2;2;14;1
202300034864;155 618 785;7;0;2;1;0;1
202300034865;155 618 782;7;0;2;3;15;1
202300034865;155 618 783;21;0;2;2;26;1
202300034866;155 618 780;7;0;2;1;1;1
202300034866;155 618 781;7;0;2;8;15;1
202300034867;155 618 777;7;0;2;9;13;1
202300034867;155 618 778;7;0;2;3;1;1
202300034867;155 618 779;7;0;2;9;2;1
202300034868;155 618 776;7;0;0;9;1;1
202300034869;155 618 775;7;0;1;2;1;1
202300034870;155 618 774;31;9;0;2;26;1
202300034871;155 618 773;10;3;0;3;1;1
202300034872;155 618 771;7;0;2;3;17;1
202300034872;155 618 772;7;0;2;3;1;1
202300034873;155 618 770;33;8;0;1;1;1
202300034874;155 618 769;7;10;0;3;0;1
202300034875;155 618 768;33;0;0;0;0;1
202300034876;155 618 767;7;6;0;1;1;0
202300034877;155 618 765;10;0;2;7;19;1
202300034877;155 618 766;7;0;2;1;1;1
202300034878;155 618 763;7;0;2;1;15;1
202300034878;155 618 764;2;0;2;7;5;1
202300034879;155 618 761;33;0;2;1;1;1
202300034879;155 618 762;7;0;2;1;1;0
202300034880;155 618 760;31;0;6;1;1;1
202300034881;155 618 758;31;0;2;3;1;1
202300034881;155 618 759;7;0;2;3;15;1
202300034882;155 618 757;33;0;0;7;1;1
202300034883;155 618 755;7;6;0;1;1;0
202300034884;155 618 753;33;0;2;0;5;0
202300034884;155 618 754;7;0;2;3;1;1
202300034885;155 618 752;7;13;0;2;14;1
202300034886;155 618 751;7;2;0;1;1;1
202300034887;155 618 750;10;8;0;8;0;6
202300034888;155 618 749;7;13;0;3;1;1
202300034889;155 618 748;7;0;1;3;1;1
202300034890;155 618 747;7;0;0;1;0;1
202300034891;155 618 744;7;0;2;3;0;1
202300034891;155 618 745;7;0;2;6;1;1
202300034891;155 618 746;7;0;2;1;1;1
202300034892;155 618 742;7;0;2;7;19;1
202300034892;155 618 743;7;0;2;1;1;2
202300034893;155 618 740;7;0;2;2;13;1
202300034893;155 618 741;7;0;2;2;0;1
202300034894;155 618 739;7;0;0;8;26;1
202300034895;155 618 735;7;0;2;1;16;1
202300034895;155 618 736;1;0;2;1;5;5
202300034896;155 618 733;14;0;0;0;1;1
202300034896;155 618 734;7;3;0;1;1;1
202300034897;155 618 732;10;0;1;1;1;0
202300034898;155 618 729;10;0;0;0;1;1
202300034898;155 618 730;33;0;9;1;1;1
202300034898;155 618 731;7;0;9;1;1;2
202300034899;155 618 727;32;0;2;1;17;1
202300034899;155 618 728;7;0;0;3;15;1
202300034900;155 618 725;7;0;2;3;1;1
202300034900;155 618 726;2;0;2;1;5;1
202300034901;155 618 722;2;0;0;0;0;1
202300034901;155 618 723;7;0;0;2;0;1
202300034901;155 618 724;31;0;2;2;0;1
202300034902;155 618 720;7;0;2;1;17;1
202300034902;155 618 721;7;0;2;1;1;2
202300034903;155 618 718;7;0;2;1;1;1
202300034903;155 618 719;7;0;2;8;1;1
202300034904;155 618 716;33;12;2;3;13;1
202300034904;155 618 717;7;0;2;3;1;1
202300034905;155 618 714;7;0;2;8;13;1
202300034905;155 618 715;7;0;2;1;1;2
202300034906;155 618 713;7;6;0;1;0;1
202300034907;155 618 710;7;0;2;3;13;1
202300034907;155 618 711;7;0;2;3;1;1
202300034907;155 618 712;7;0;2;8;1;1
202300034908;155 618 709;7;0;1;1;1;0
202300034909;155 618 707;10;0;2;1;13;1
202300034909;155 618 708;7;0;2;1;1;1
202300034910;155 618 705;33;0;2;1;2;1
202300034910;155 618 706;7;0;0;6;2;1
202300034911;155 618 703;7;0;2;1;13;1
202300034911;155 618 704;33;0;2;8;21;1
202300034912;155 618 700;7;0;2;3;0;1
202300034912;155 618 701;7;0;2;3;5;1
202300034912;155 618 702;34;5;2;1;0;1
202300034913;155 618 699;10;0;1;2;1;0
202300034914;155 618 696;7;0;2;3;13;1
202300034914;155 618 697;7;0;2;1;1;1
202300034914;155 618 698;7;0;9;1;1;1
202300034915;155 618 694;7;0;2;8;13;1
202300034915;155 618 695;7;0;2;8;0;1
202300034916;155 618 693;15;2;0;7;14;1
202300034917;155 618 691;7;0;2;3;15;1
202300034917;155 618 692;33;0;2;1;0;1
202300034918;155 618 689;33;0;2;1;2;1
202300034918;155 618 690;7;0;2;8;15;1
202300034919;155 618 687;7;0;2;3;1;1
202300034919;155 618 688;7;0;2;1;1;1
202300034920;155 618 685;1;0;0;3;1;5
202300034920;155 618 686;7;0;9;2;15;1
202300034921;155 618 683;33;6;0;9;1;1
202300034921;155 618 684;7;0;0;1;1;1
202300034922;155 618 681;7;0;0;6;15;1
202300034922;155 618 682;2;0;2;0;17;1
202300034923;155 618 680;7;9;0;2;15;1
202300034924;155 618 679;7;8;2;2;1;1
202300034925;155 618 677;7;0;2;4;1;1
202300034925;155 618 678;33;0;2;1;1;1
202300034926;155 618 675;7;0;2;7;12;1
202300034926;155 618 676;33;0;2;8;2;1
202300034927;155 618 672;7;3;2;4;2;1
202300034927;155 618 673;7;3;2;4;2;1
202300034927;155 618 674;7;3;2;1;2;1
202300034928;155 618 670;17;0;2;2;1;1
202300034928;155 618 671;7;0;2;8;26;1
202300034929;155 618 667;7;0;2;1;2;1
202300034929;155 618 668;7;0;2;4;2;1
202300034929;155 618 669;10;0;2;4;2;1
202300034930;155 618 665;10;0;2;1;11;0
202300034930;155 618 666;7;0;2;4;12;0
202300034931;155 618 662;7;0;2;1;2;1
202300034931;155 618 663;7;0;2;4;2;1
202300034931;155 618 664;7;0;2;4;2;1
202300034932;155 618 660;30;0;2;4;9;1
202300034932;155 618 661;7;0;2;3;1;1
202300034933;155 618 657;7;0;2;1;1;1
202300034933;155 618 658;10;0;2;4;1;1
202300034933;155 618 659;7;0;2;4;1;1
202300034934;155 618 653;10;0;2;1;2;1
202300034934;155 618 654;7;0;2;1;2;1
202300034934;155 618 655;7;0;2;1;2;1
202300034934;155 618 656;15;0;2;4;2;1
202300034935;155 618 651;7;0;2;1;1;1
202300034935;155 618 652;7;0;2;4;1;1
202300034936;155 618 649;7;0;2;5;12;1
202300034936;155 618 650;34;0;2;3;3;1
202300034937;155 618 647;33;0;2;5;11;1
202300034937;155 618 648;7;0;2;3;1;0
202300034938;155 618 642;10;0;2;4;2;1
202300034938;155 618 643;7;0;2;4;2;1
202300034938;155 618 644;7;0;2;4;2;1
202300034938;155 618 645;7;0;2;4;2;1
202300034938;155 618 646;10;0;2;1;2;1
202300034939;155 618 641;38;2;0;1;14;1
202300034940;155 618 639;33;0;2;2;2;1
202300034940;155 618 640;7;0;2;6;23;1
202300034941;155 618 638;31;0;0;8;17;1
202300034942;155 618 636;10;0;2;2;2;1
202300034942;155 618 637;7;0;2;6;2;1
202300034943;155 618 634;7;0;1;4;1;1
202300034943;155 618 635;7;0;2;1;1;1
202300034944;155 618 633;50;0;1;1;25;3
202300034945;155 618 631;32;0;2;1;3;0
202300034945;155 618 632;7;0;9;1;15;1
202300034946;155 618 629;7;0;2;7;17;1
202300034946;155 618 630;1;0;2;8;1;0
202300034947;155 618 626;1;0;2;7;1;5
202300034947;155 618 627;7;0;2;5;16;1
202300034947;155 618 628;7;0;2;1;16;1
202300034948;155 618 625;7;13;0;1;15;1
202300034949;155 618 624;7;0;1;3;1;1
202300034950;155 618 622;31;0;2;1;1;1
202300034950;155 618 623;7;0;2;5;1;1
202300034951;155 618 620;7;0;2;8;1;1
202300034951;155 618 621;7;7;2;1;19;1
202300034952;155 618 618;43;0;2;1;1;1
202300034952;155 618 619;7;0;0;0;1;2
202300034953;155 618 616;7;0;2;4;23;1
202300034953;155 618 617;10;0;2;1;2;1
202300034954;155 618 614;7;0;2;1;15;1
202300034954;155 618 615;33;12;0;2;0;1
202300034955;155 618 608;7;0;2;0;9;0
202300034955;155 618 609;50;0;2;0;0;3
202300034956;155 618 606;7;1;2;3;15;1
202300034956;155 618 607;33;1;0;1;1;1
202300034957;155 618 605;36;0;0;1;1;0
202300034958;155 618 603;99;0;2;7;12;1
202300034958;155 618 604;31;0;2;8;1;1
202300034959;155 618 602;7;2;0;1;0;1
202300034960;155 618 601;7;0;1;1;1;2
202300034961;155 618 599;13;0;2;1;2;1
202300034961;155 618 600;13;0;2;4;2;1
202300034962;155 618 597;1;0;2;1;1;5
202300034962;155 618 598;10;0;2;6;23;1
202300034963;155 618 591;7;0;1;4;4;1
202300034964;155 618 589;10;0;2;4;2;1
202300034964;155 618 590;33;0;2;1;2;1
202300034965;155 618 588;50;0;0;0;14;3
202300034966;155 618 586;33;0;2;2;1;1
202300034966;155 618 587;7;0;2;4;1;1
202300034967;155 618 585;7;12;0;1;0;1
202300034968;155 618 583;99;0;2;3;1;1
202300034968;155 618 584;99;0;2;8;2;6
202300034969;155 618 581;7;0;2;3;15;1
202300034969;155 618 582;1;0;2;7;15;5
202300034970;155 618 579;7;0;2;2;1;1
202300034970;155 618 580;2;0;2;1;1;1
202300034971;155 618 578;10;0;1;1;1;1
202300034972;155 618 576;7;0;2;7;14;1
202300034972;155 618 577;50;0;2;1;1;3
202300034973;155 618 574;7;0;2;2;15;3
202300034973;155 618 575;7;0;2;3;1;1
202300034974;155 618 570;33;0;2;1;17;1
202300034974;155 618 571;7;0;2;3;15;1
202300034975;155 618 569;7;0;1;2;26;1
202300034976;155 618 567;1;0;2;7;14;5
202300034976;155 618 568;7;0;2;8;9;1
202300034977;155 618 565;10;0;2;6;19;1
202300034977;155 618 566;2;0;2;1;17;1
202300034978;155 618 564;30;0;0;1;1;1
202300034979;155 618 562;31;0;2;1;17;1
202300034979;155 618 563;7;0;2;3;19;1
202300034980;155 618 561;30;12;0;3;1;1
202300034981;155 618 559;7;0;2;3;9;1
202300034981;155 618 560;32;0;2;8;2;1
202300034982;155 618 558;7;0;1;1;1;1
202300034983;155 618 556;7;0;2;1;1;1
202300034983;155 618 557;7;7;0;4;23;1
202300034984;155 618 554;30;1;2;1;1;1
202300034984;155 618 555;7;1;2;4;4;1
202300034985;155 618 552;33;0;2;7;17;1
202300034985;155 618 553;7;0;2;8;15;1
202300034986;155 618 550;7;0;2;8;15;1
202300034986;155 618 551;33;0;2;1;2;1
202300034987;155 618 549;7;9;0;1;1;1
202300034988;155 618 547;7;0;2;3;20;1
202300034988;155 618 548;50;0;2;3;17;3
202300034989;155 618 545;7;0;2;5;16;1
202300034989;155 618 546;37;0;2;1;1;1
202300034990;155 618 543;7;0;2;1;1;1
202300034990;155 618 544;7;0;2;3;0;1
202300034991;155 618 541;7;0;2;7;15;1
202300034991;155 618 542;33;0;2;1;1;1
202300034992;155 618 536;7;0;1;8;21;1
202300034993;155 618 537;7;0;2;5;14;1
202300034993;155 618 538;31;0;2;3;1;1
202300034994;155 618 534;31;0;0;0;14;1
202300034995;155 618 533;30;0;2;8;2;1
202300034995;155 618 535;7;0;2;1;15;1
202300034996;155 618 532;30;0;0;7;15;1
202300034997;155 618 531;43;11;9;1;1;1
202300034998;155 618 529;38;0;1;1;1;1
202300034999;155 618 527;7;0;2;4;23;1
202300034999;155 618 528;7;0;2;1;1;1
202300034999;155 618 530;7;0;2;4;1;1
202300035000;155 618 525;7;0;1;1;1;0
202300035001;155 618 524;10;0;2;2;0;0
202300035001;155 618 526;10;0;2;2;15;0
202300035002;155 618 523;7;0;1;1;1;0
202300035003;155 618 521;17;0;2;1;1;1
202300035003;155 618 522;7;0;2;1;13;1
202300035004;155 618 520;37;0;1;1;7;1
202300035005;155 618 517;7;0;1;3;0;1
202300035006;155 618 516;10;0;2;1;1;1
202300035006;155 618 518;7;0;2;2;15;1
202300035007;155 618 515;7;2;0;2;1;1
202300035008;155 618 514;7;0;1;2;1;1
202300035009;155 618 512;7;3;0;1;1;1
202300035010;155 618 513;7;0;1;1;1;1
202300035011;155 618 509;7;0;2;3;15;1
202300035011;155 618 510;34;0;2;1;17;1
202300035012;155 618 504;7;0;2;3;15;1
202300035012;155 618 506;60;0;2;4;1;5
202300035013;155 618 502;7;0;2;7;0;1
202300035014;155 618 501;7;0;2;1;1;1
202300035014;155 618 503;7;0;2;3;15;1
202300035015;155 618 498;7;0;2;3;15;1
202300035015;155 618 499;7;0;2;3;1;1
202300035016;155 618 496;10;0;2;1;1;1
202300035016;155 618 497;2;0;2;4;1;1
202300035016;155 618 500;7;0;2;4;1;1
202300035017;155 618 494;7;13;0;1;1;2
202300035018;155 618 495;7;7;1;1;21;1
202300035019;155 618 493;37;0;1;1;14;1
202300035020;155 618 491;7;0;2;1;2;1
202300035020;155 618 492;15;0;2;6;23;1
202300035021;155 618 489;7;0;2;1;26;1
202300035021;155 618 490;1;0;0;0;0;5
202300035022;155 618 487;7;0;2;3;16;1
202300035022;155 618 488;2;0;2;1;25;1
202300035023;155 618 485;7;0;2;1;1;1
202300035023;155 618 486;10;0;2;1;5;1
202300035024;155 618 484;7;0;1;1;1;1
202300035025;155 618 481;7;0;2;5;9;1
202300035025;155 618 483;33;0;2;8;1;1
202300035026;155 618 480;30;0;2;2;1;1
202300035026;155 618 482;7;0;2;2;5;1
202300035027;155 618 477;10;0;1;1;2;1
202300035028;155 618 478;7;0;2;2;9;1
202300035028;155 618 479;14;0;2;6;9;1
202300035029;155 618 476;7;0;6;1;0;1
202300035030;155 618 473;7;0;2;1;1;1
202300035030;155 618 475;7;0;2;8;15;1
202300035031;155 618 472;7;0;2;3;15;1
202300035031;155 618 474;31;0;2;1;1;1
202300035032;155 618 471;10;0;1;3;1;1
202300035033;155 618 470;7;0;1;5;15;1
202300035034;155 618 469;7;8;0;0;19;1
202300035035;155 618 467;33;0;2;8;17;1
202300035035;155 618 468;7;0;2;8;15;1
202300035036;155 618 465;7;0;2;1;1;1
202300035036;155 618 466;15;0;2;3;1;1
202300035037;155 618 463;7;0;2;1;5;1
202300035037;155 618 464;7;0;2;1;1;1
202300035038;155 618 461;33;0;2;3;9;1
202300035038;155 618 462;7;0;2;2;9;1
202300035039;155 618 459;7;0;2;1;1;0
202300035039;155 618 460;31;0;2;2;15;1
202300035040;155 618 457;7;0;2;3;22;1
202300035040;155 618 458;50;1;0;1;1;3
202300035041;155 618 456;40;0;1;2;1;3
202300035042;155 618 454;7;0;2;1;2;1
202300035042;155 618 455;1;0;2;7;13;5
202300035043;155 618 452;7;0;2;1;13;1
202300035043;155 618 453;50;0;2;1;1;3
202300035044;155 618 450;7;0;2;8;1;1
202300035044;155 618 451;7;1;2;1;5;1
202300035045;155 618 447;33;0;2;1;21;1
202300035045;155 618 448;7;0;2;4;1;1
202300035046;155 618 445;7;0;2;2;15;1
202300035046;155 618 446;1;0;2;1;1;5
202300035047;155 618 444;7;0;1;2;0;1
202300035048;155 618 442;31;0;1;1;19;0
202300035049;155 618 441;7;0;2;1;2;1
202300035049;155 618 443;7;0;2;4;2;1
202300035050;155 618 440;37;0;1;3;15;1
202300035051;155 618 439;7;2;0;1;1;1
202300035052;155 618 437;7;0;2;3;15;1
202300035052;155 618 438;32;0;2;5;1;1
202300035053;155 618 435;2;0;2;2;1;1
202300035053;155 618 436;7;0;2;1;15;1
202300035054;155 618 434;10;0;1;2;1;1
202300035055;155 618 433;7;5;0;3;1;1
202300035056;155 618 430;7;1;0;2;14;1
202300035056;155 618 431;7;1;2;2;24;1
202300035056;155 618 432;7;1;0;6;24;1
202300035057;155 618 428;30;0;2;1;1;1
202300035057;155 618 429;7;0;2;3;9;1
202300035058;155 618 427;15;0;1;8;1;1
202300035059;155 618 426;1;12;0;1;1;5
202300035060;155 618 425;3;3;0;3;2;1
202300035061;155 618 422;1;0;2;8;17;5
202300035061;155 618 424;7;0;2;8;1;1
202300035062;155 618 421;7;0;2;6;9;1
202300035062;155 618 423;7;0;2;3;1;1
202300035063;155 618 419;7;0;1;1;15;1
202300035064;155 618 418;7;0;2;7;15;1
202300035064;155 618 420;30;0;2;8;1;1
202300035065;155 618 415;10;0;2;1;2;1
202300035065;155 618 417;13;0;2;4;23;1
202300035066;155 618 414;33;0;2;1;17;1
202300035066;155 618 416;7;0;2;8;15;1
202300035067;155 618 412;7;0;2;1;19;1
202300035067;155 618 413;1;0;2;7;1;5
202300035068;155 618 410;37;0;2;3;1;0
202300035068;155 618 411;7;14;2;1;17;0
202300035069;155 618 406;1;0;2;8;2;5
202300035069;155 618 408;10;0;2;7;14;1
202300035069;155 618 409;1;0;2;8;2;5
202300035070;155 618 405;7;0;2;3;15;1
202300035070;155 618 407;34;0;2;5;15;0
202300035071;155 618 403;2;0;0;4;26;1
202300035072;155 618 402;14;0;9;4;1;1
202300035072;155 618 404;33;4;0;0;1;1
202300035073;155 618 400;7;4;0;3;6;1
202300035074;155 618 399;60;0;2;1;1;5
202300035074;155 618 401;7;0;9;2;0;3
202300035075;155 618 398;7;2;0;2;1;1
202300035076;155 618 392;7;0;0;1;2;1
202300035076;155 618 393;7;0;0;4;23;3
202300035077;155 618 394;33;0;2;2;17;1
202300035077;155 618 395;7;0;2;3;15;1
202300035078;155 618 388;7;0;2;3;13;1
202300035078;155 618 390;33;0;2;2;15;1
202300035079;155 618 386;7;0;2;1;13;1
202300035079;155 618 387;7;0;2;1;1;1
202300035080;155 618 385;40;0;1;1;1;3
202300035081;155 618 383;50;0;2;1;1;3
202300035081;155 618 384;7;0;2;3;9;1
202300035082;155 618 381;7;0;2;2;2;1
202300035082;155 618 382;33;0;2;2;2;1
202300035083;155 618 379;50;0;2;3;1;3
202300035083;155 618 380;7;0;2;5;16;1
202300035084;155 618 377;7;15;0;9;1;6
202300035085;155 618 376;7;0;2;5;16;1
202300035085;155 618 378;30;0;2;3;18;1
202300035086;155 618 375;7;0;1;1;1;1
202300035087;155 618 374;17;0;1;2;0;1
202300035088;155 618 372;2;0;2;1;1;1
202300035088;155 618 373;7;0;2;4;1;1
202300035089;155 618 370;37;0;2;4;23;3
202300035089;155 618 371;1;0;2;1;12;5
202300035090;155 618 368;7;0;2;4;1;1
202300035090;155 618 369;7;0;2;1;1;1
202300035091;155 618 367;10;0;1;6;4;3
202300035092;155 618 365;7;0;2;7;16;1
202300035092;155 618 366;7;0;2;1;14;1
202300035093;155 618 363;34;0;2;7;1;1
202300035093;155 618 364;7;0;2;8;22;2
202300035094;155 618 361;33;0;2;4;2;1
202300035094;155 618 362;7;0;2;1;2;1
202300035095;155 618 359;1;0;2;8;1;5
202300035095;155 618 360;30;0;2;1;1;0
202300035096;155 618 357;7;0;2;1;23;1
202300035096;155 618 358;7;0;2;1;6;1
202300035097;155 618 355;7;0;2;2;15;1
202300035097;155 618 356;30;0;2;1;16;1
202300035098;155 618 353;10;0;2;7;19;1
202300035098;155 618 354;7;0;2;1;19;1
202300035099;155 618 350;10;0;2;7;12;1
202300035099;155 618 351;2;0;2;9;1;1
202300035100;155 618 349;30;0;1;2;17;3
202300035101;155 618 348;7;6;0;1;19;1
202300035102;155 618 346;80;0;2;8;1;3
202300035102;155 618 347;7;0;2;3;14;1
202300035103;155 618 345;7;0;1;1;1;1
202300035104;155 618 342;7;0;0;8;1;1
202300035105;155 618 343;80;0;2;4;1;3
202300035105;155 618 344;37;0;2;2;14;0
202300035106;155 618 340;7;0;1;1;15;1
202300035107;155 618 339;30;0;2;1;1;1
202300035107;155 618 341;1;0;2;8;1;5
202300035108;155 618 337;7;0;2;1;1;0
202300035108;155 618 338;10;0;2;1;13;0
202300035109;155 618 336;32;0;1;1;1;1
202300035110;155 618 335;7;13;0;1;14;1
202300035111;155 618 334;30;0;0;8;1;3
202300035112;155 618 333;30;0;1;1;1;3
202300035113;155 618 331;7;0;2;1;1;1
202300035113;155 618 332;7;0;2;1;13;1
202300035114;155 618 330;7;3;0;2;1;1
202300035115;155 618 329;50;0;1;1;16;3
202300035116;155 618 327;33;0;1;1;1;1
202300035117;155 618 325;1;0;2;1;1;5
202300035117;155 618 326;1;0;2;1;13;5
202300035118;155 618 324;7;2;0;1;20;1
202300035119;155 618 319;7;0;2;1;15;1
202300035119;155 618 323;34;0;2;1;0;1
202300035120;155 618 318;7;0;2;4;2;1
202300035120;155 618 320;7;0;2;4;2;1
202300035120;155 618 321;10;0;2;1;2;1
202300035120;155 618 322;7;0;2;4;2;1
202300035121;155 618 317;7;1;0;3;13;1
202300035122;155 618 316;7;0;1;1;2;1
202300035123;155 618 314;10;0;2;4;4;6
202300035123;155 618 315;1;0;2;1;1;5
202300035124;155 618 312;7;0;2;3;15;1
202300035124;155 618 313;7;0;2;1;1;1
202300035125;155 618 310;33;14;2;1;2;1
202300035125;155 618 311;7;0;2;4;0;1
202300035126;155 618 308;7;0;2;8;15;1
202300035126;155 618 309;33;0;2;2;17;1
202300035127;155 618 305;7;0;2;1;2;1
202300035127;155 618 306;7;0;2;4;2;1
202300035128;155 618 303;32;0;2;7;17;1
202300035128;155 618 304;7;0;2;8;1;1
202300035129;155 618 302;7;0;1;7;1;1
202300035130;155 618 299;7;0;2;1;1;1
202300035130;155 618 300;7;0;2;3;1;1
202300035130;155 618 301;7;0;2;3;13;2
202300035131;155 618 292;7;0;1;0;2;0
202300035132;155 618 291;7;0;1;3;15;1
202300035133;155 618 289;7;0;2;4;1;1
202300035133;155 618 290;7;0;2;1;1;1
202300035134;155 618 288;7;3;0;3;13;1
202300035135;155 618 286;7;0;2;3;19;1
202300035135;155 618 287;7;0;2;3;1;1
202300035136;155 618 285;14;0;1;1;1;1
202300035137;155 618 284;10;0;0;0;1;1
202300035138;155 618 282;7;0;0;0;0;1
202300035138;155 618 283;7;0;0;0;0;1
202300035139;155 618 280;7;0;2;7;19;1
202300035139;155 618 281;7;0;2;1;19;1
202300035140;155 618 278;10;0;2;3;1;1
202300035140;155 618 279;7;0;2;7;6;1
202300035141;155 618 277;7;0;1;3;15;1
202300035142;155 618 275;7;0;2;4;2;1
202300035142;155 618 276;7;0;2;1;2;1
202300035143;155 618 273;7;0;2;1;1;1
202300035143;155 618 274;7;0;2;2;9;1
202300035144;155 618 270;7;0;2;1;1;1
202300035144;155 618 271;7;0;2;4;1;1
202300035144;155 618 272;10;0;2;4;1;1
202300035145;155 618 268;7;0;2;7;1;1
202300035145;155 618 269;7;0;2;1;1;1
202300035146;155 618 264;7;0;2;4;2;1
202300035146;155 618 265;7;0;2;1;2;1
202300035146;155 618 266;7;0;2;4;2;1
202300035146;155 618 267;7;0;2;4;2;1
202300035147;155 618 260;32;0;2;1;3;1
202300035147;155 618 261;32;0;2;4;3;1
202300035147;155 618 262;33;0;2;4;3;1
202300035148;155 618 259;1;0;1;8;1;5
202300035149;155 618 257;37;0;2;5;13;3
202300035149;155 618 258;32;0;2;8;15;3
202300035150;155 618 255;7;0;2;3;1;2
202300035150;155 618 256;10;0;2;2;12;0
202300035151;155 618 254;50;0;1;2;1;3
202300035152;155 618 253;7;0;1;6;1;2
202300035153;155 618 252;7;0;1;2;16;1
202300035154;155 618 251;10;0;1;1;15;1
202300035155;155 618 249;7;0;2;4;1;1
202300035155;155 618 250;7;0;2;1;1;1
202300035156;155 618 248;30;0;0;0;17;1
202300035157;155 618 247;37;4;0;2;1;3
202300035158;155 618 246;30;0;0;0;21;1
202300035159;155 618 245;1;0;1;1;1;5
202300035160;155 618 244;1;0;0;0;1;5
202300035161;155 618 242;30;0;2;1;18;1
202300035161;155 618 243;13;0;2;5;23;1
202300035162;155 618 241;33;0;1;1;1;1
202300035163;155 618 239;32;0;2;2;15;1
202300035163;155 618 240;1;0;2;8;7;5
202300035164;155 618 237;10;0;2;4;1;1
202300035164;155 618 238;7;0;2;2;1;1
202300035165;155 618 235;7;0;2;4;2;1
202300035165;155 618 236;7;0;2;1;2;1
202300035166;155 618 233;7;0;2;1;17;1
202300035166;155 618 234;7;0;2;4;23;1
202300035167;155 618 231;50;0;2;8;1;3
202300035167;155 618 232;7;0;9;8;15;1
202300035168;155 618 230;7;0;1;3;15;1
202300035169;155 618 229;36;0;1;1;1;1
202300035170;155 618 227;7;0;2;3;15;0
202300035170;155 618 228;13;1;2;2;1;1
202300035171;155 618 225;30;0;2;1;1;1
202300035171;155 618 226;30;0;2;7;15;1
202300035172;155 618 223;7;0;2;3;0;0
202300035172;155 618 224;7;0;2;2;1;0