Num_Acc;id_vehicule;categorie_vehicule;obstacle_fixe;obstacle_mobile;point_choc_initial;manoeuvre_principale;motorisation
202300035173;155 618 221;33;0;2;1;1;1
202300035173;155 618 222;7;0;2;3;10;1
202300035174;155 618 219;7;0;2;8;10;0
202300035174;155 618 220;10;0;2;1;1;0
202300035175;155 618 217;7;0;2;2;1;1
202300035175;155 618 218;31;0;2;1;1;1
202300035176;155 618 216;10;0;1;1;1;1
202300035177;155 618 214;34;0;2;1;16;1
202300035177;155 618 215;7;0;2;5;15;1
202300035178;155 618 212;7;8;2;8;6;1
202300035178;155 618 213;7;0;2;8;1;1
202300035179;155 618 211;99;0;1;4;4;1
202300035180;155 618 210;7;15;0;2;1;1
202300035181;155 618 208;2;0;2;5;26;1
202300035181;155 618 209;7;0;2;3;16;1
202300035182;155 618 207;7;4;0;1;1;1
202300035183;155 618 204;7;0;1;3;11;1
202300035184;155 618 202;7;0;2;4;1;1
202300035184;155 618 203;7;0;2;1;1;1
202300035185;155 618 201;14;4;0;1;1;1
202300035186;155 618 199;10;0;2;4;2;1
202300035186;155 618 200;10;0;2;1;2;1
202300035187;155 618 198;31;0;0;8;2;1
202300035188;155 618 195;7;0;2;4;1;1
202300035188;155 618 196;10;0;2;4;2;1
202300035188;155 618 197;10;0;2;1;2;1
202300035189;155 618 192;7;0;2;4;2;1
202300035189;155 618 193;7;0;2;4;2;1
202300035189;155 618 194;10;0;2;1;11;1
202300035190;155 618 189;7;0;2;4;2;1
202300035190;155 618 190;7;0;2;1;2;1
202300035190;155 618 191;10;0;2;4;2;1
202300035191;155 618 187;33;0;2;7;1;1
202300035191;155 618 188;7;0;2;8;3;1
202300035192;155 618 184;7;0;2;2;12;1
202300035192;155 618 185;33;0;2;8;3;1
202300035192;155 618 186;7;0;2;8;1;1
202300035193;155 618 180;7;0;2;2;1;1
202300035193;155 618 181;7;0;2;5;1;2
202300035193;155 618 182;10;0;2;7;1;1
202300035193;155 618 183;33;0;2;3;3;1
202300035194;155 618 179;10;3;0;3;1;1
202300035195;155 618 177;0;0;0;0;13;
202300035195;155 618 178;7;3;0;1;2;1
202300035196;155 618 175;7;0;2;1;21;1
202300035196;155 618 176;7;0;2;4;2;1
202300035197;155 618 172;7;0;2;2;2;1
202300035197;155 618 173;17;0;2;3;2;1
202300035197;155 618 174;7;0;2;4;2;1
202300035198;155 618 170;10;0;2;3;13;1
202300035198;155 618 171;33;0;2;1;1;1
202300035199;155 618 167;7;0;2;1;26;1
202300035199;155 618 168;33;0;2;3;26;0
202300035199;155 618 169;7;0;2;3;26;1
202300035200;155 618 165;7;0;2;1;1;1
202300035200;155 618 166;1;0;2;1;13;5
202300035201;155 618 164;2;0;0;0;1;1
202300035202;155 618 162;43;0;2;1;19;1
202300035202;155 618 163;7;0;2;3;19;1
202300035203;155 618 160;33;0;2;0;26;1
202300035203;155 618 161;7;0;2;3;15;1
202300035204;155 618 159;7;1;0;2;15;1
202300035205;155 618 158;7;0;1;2;1;1
202300035206;155 618 156;30;0;2;7;1;1
202300035206;155 618 157;7;0;2;3;20;1
202300035207;155 618 154;7;0;2;3;15;1
202300035207;155 618 155;2;0;2;8;1;1
202300035208;155 618 150;7;0;2;1;15;0
202300035208;155 618 151;2;0;2;1;1;1
202300035209;155 618 149;7;2;0;1;19;1
202300035210;155 618 146;7;16;0;1;13;1
202300035210;155 618 147;7;0;2;2;1;1
202300035210;155 618 148;7;0;2;2;21;1
202300035211;155 618 144;7;0;2;0;17;1
202300035211;155 618 145;50;0;2;0;0;3
202300035212;155 618 143;7;5;0;9;16;1
202300035213;155 618 141;7;0;2;8;1;1
202300035213;155 618 142;7;0;2;1;1;1
202300035214;155 618 139;7;0;2;2;15;1
202300035214;155 618 140;32;0;2;1;1;1
202300035215;155 618 138;33;0;1;1;9;1
202300035216;155 618 136;7;0;2;8;1;1
202300035216;155 618 137;7;0;2;1;19;1
202300035217;155 618 135;7;0;1;8;26;1
202300035218;155 618 134;7;6;0;1;19;1
202300035219;155 618 133;7;3;0;2;1;1
202300035220;155 618 132;3;16;0;2;16;1
202300035221;155 618 131;7;0;1;3;1;1
202300035222;155 618 130;34;0;0;7;1;1
202300035223;155 618 128;7;0;2;6;1;1
202300035223;155 618 129;7;0;2;2;1;1
202300035224;155 618 126;7;0;2;6;9;1
202300035224;155 618 127;33;0;2;1;1;1
202300035225;155 618 125;7;12;0;2;15;1
202300035226;155 618 124;7;0;1;3;1;1
202300035227;155 618 123;7;8;0;2;0;1
202300035228;155 618 121;34;0;2;1;17;1
202300035228;155 618 122;10;0;2;3;15;1
202300035229;155 618 120;7;8;0;1;13;1
202300035230;155 618 119;7;14;0;1;1;1
202300035231;155 618 117;7;0;2;3;15;1
202300035231;155 618 118;30;0;2;1;19;1
202300035232;155 618 116;7;9;1;2;1;1
202300035233;155 618 114;80;0;2;3;19;3
202300035233;155 618 115;43;0;2;2;1;1
202300035234;155 618 113;7;0;1;1;1;2
202300035235;155 618 112;30;0;1;8;21;3
202300035236;155 618 111;7;1;0;1;1;1
202300035237;155 618 110;7;0;1;3;1;1
202300035238;155 618 109;7;0;1;3;15;1
202300035239;155 618 108;30;0;0;7;1;3
202300035240;155 618 106;7;0;2;3;13;1
202300035240;155 618 107;13;0;2;1;1;1
202300035241;155 618 105;7;0;1;1;2;1
202300035242;155 618 104;10;2;0;3;13;1
202300035243;155 618 102;33;0;2;3;17;1
202300035243;155 618 103;33;0;2;3;1;1
202300035244;155 618 101;7;8;0;1;1;1
202300035245;155 618 099;7;0;2;2;17;1
202300035245;155 618 100;33;3;2;6;1;1
202300035246;155 618 097;7;0;0;1;0;1
202300035246;155 618 098;7;0;0;1;0;1
202300035247;155 618 094;7;0;2;1;15;1
202300035247;155 618 095;1;0;2;1;1;5
202300035248;155 618 093;7;0;1;1;1;1
202300035249;155 618 092;7;16;0;9;1;1
202300035250;155 618 091;10;0;1;1;1;1
202300035251;155 618 090;7;0;1;7;1;1
202300035252;155 618 088;7;0;0;5;20;1
202300035252;155 618 089;33;0;2;1;1;1
202300035253;155 618 086;7;0;2;0;2;0
202300035253;155 618 087;7;0;0;6;1;0
202300035254;155 618 084;7;0;2;4;1;2
202300035254;155 618 085;7;0;2;1;2;1
202300035255;155 618 082;34;0;2;1;2;1
202300035255;155 618 083;7;0;2;4;2;1
202300035256;155 618 081;7;3;0;2;0;1
202300035257;155 618 080;7;3;0;3;13;1
202300035258;155 618 077;7;0;2;8;1;0
202300035258;155 618 078;7;0;2;5;1;1
202300035258;155 618 079;10;0;2;3;11;1
202300035259;155 618 075;7;0;0;0;0;1
202300035259;155 618 076;10;0;0;0;0;1
202300035260;155 618 072;7;0;2;1;2;1
202300035260;155 618 073;7;0;2;4;2;1
202300035260;155 618 074;7;0;2;1;2;1
202300035261;155 618 071;33;0;0;0;2;1
202300035262;155 618 069;7;0;2;6;0;1
202300035262;155 618 070;7;0;2;2;0;1
202300035263;155 618 065;10;0;2;8;26;1
202300035263;155 618 066;10;0;2;0;0;1
202300035263;155 618 067;7;0;2;1;3;1
202300035263;155 618 068;33;0;2;4;3;1
202300035264;155 618 063;7;0;2;1;26;1
202300035264;155 618 064;7;0;2;4;26;2
202300035265;155 618 060;10;0;2;4;2;1
202300035265;155 618 061;10;0;2;4;2;1
202300035265;155 618 062;7;0;2;1;2;1
202300035266;155 618 059;33;0;0;6;1;1
202300035267;155 618 058;7;4;0;2;1;1
202300035268;155 618 057;7;4;0;2;1;1
202300035269;155 618 056;7;4;0;1;1;1
202300035270;155 618 055;7;4;0;1;1;1
202300035271;155 618 053;7;0;2;1;2;1
202300035271;155 618 054;7;0;2;4;2;1
202300035272;155 618 052;30;9;0;0;26;1
202300035273;155 618 049;10;0;0;5;2;1
202300035273;155 618 050;7;9;2;1;2;1
202300035274;155 618 047;7;1;2;1;1;1
202300035274;155 618 048;7;0;2;2;16;1
202300035275;155 618 045;7;0;2;3;16;1
202300035275;155 618 046;2;0;2;7;1;1
202300035276;155 618 043;1;1;2;8;17;5
202300035276;155 618 044;7;0;2;8;24;1
202300035277;155 618 041;31;0;2;1;1;1
202300035277;155 618 042;7;0;2;8;15;1
202300035278;155 618 040;50;0;0;0;0;3
202300035279;155 618 039;7;0;1;5;24;1
202300035280;155 618 038;7;0;1;1;1;1
202300035281;155 618 036;7;0;2;1;1;1
202300035281;155 618 037;1;0;2;1;1;5
202300035282;155 618 035;7;0;1;0;21;1
202300035283;155 618 033;7;0;2;0;1;1
202300035283;155 618 034;2;0;2;8;19;1
202300035284;155 618 031;7;0;2;3;15;2
202300035284;155 618 032;2;0;2;1;1;1
202300035285;155 618 029;2;0;2;0;0;1
202300035285;155 618 030;7;0;2;0;0;1
202300035286;155 618 027;7;0;2;2;1;1
202300035286;155 618 028;80;0;2;1;1;3
202300035287;155 618 025;7;0;2;2;20;1
202300035287;155 618 026;32;0;2;3;1;1
202300035288;155 618 023;7;4;2;1;13;0
202300035288;155 618 024;7;4;2;1;0;0
202300035289;155 618 022;1;9;1;1;2;5
202300035290;155 618 020;50;0;2;8;1;3
202300035290;155 618 021;1;0;2;1;1;0
202300035291;155 618 018;30;0;2;1;1;0
202300035291;155 618 019;34;0;2;1;1;1
202300035292;155 618 016;7;0;2;1;15;1
202300035292;155 618 017;7;0;2;3;1;1
202300035293;155 618 014;33;0;2;1;17;0
202300035293;155 618 015;7;0;2;6;15;1
202300035294;155 618 013;33;0;0;0;0;1
202300035295;155 618 012;7;9;0;2;1;1
202300035296;155 618 010;0;0;2;0;2;0
202300035296;155 618 011;34;0;2;4;23;1
202300035297;155 618 008;7;0;2;7;1;1
202300035297;155 618 009;7;0;2;8;13;1
202300035298;155 618 005;7;1;0;3;13;1
202300035298;155 618 006;7;0;2;3;26;1
202300035298;155 618 007;7;1;0;2;24;6
202300035299;155 618 003;33;0;2;4;26;0
202300035299;155 618 004;7;0;2;1;0;1
202300035300;155 618 002;7;0;1;2;15;1
202300035301;155 618 001;10;0;1;1;1;1
202300035302;155 617 999;7;9;2;1;13;1
202300035302;155 618 000;7;0;2;6;1;1
202300035303;155 617 997;1;0;2;4;2;5
202300035303;155 617 998;7;0;2;1;2;1
202300035304;155 617 995;7;0;2;1;2;1
202300035304;155 617 996;7;0;2;4;23;1
202300035305;155 617 994;7;9;1;0;2;0
202300035306;155 617 992;7;0;2;2;1;1
202300035306;155 617 993;60;0;2;8;1;5
202300035307;155 617 991;7;0;1;0;0;0
202300035308;155 617 990;7;0;1;1;1;1
202300035309;155 617 988;7;0;2;4;12;1
202300035309;155 617 989;33;0;2;1;3;1
202300035310;155 617 986;2;0;2;1;2;1
202300035310;155 617 987;7;0;2;4;2;2
202300035311;155 617 983;7;0;2;4;23;1
202300035311;155 617 984;7;0;2;1;1;1
202300035311;155 617 985;7;0;2;4;23;1
202300035312;155 617 981;1;0;0;0;0;5
202300035312;155 617 982;1;0;0;0;0;5
202300035313;155 617 980;7;1;0;7;14;1
202300035314;155 617 979;7;0;1;4;26;1
202300035315;155 617 977;1;0;2;0;1;5
202300035315;155 617 978;3;0;2;1;1;3
202300035316;155 617 975;30;0;2;1;2;1
202300035316;155 617 976;7;0;2;2;1;2
202300035317;155 617 974;7;2;0;3;1;1
202300035318;155 617 969;7;0;2;2;15;1
202300035318;155 617 970;7;0;2;2;1;1
202300035319;155 617 967;7;0;9;1;16;1
202300035319;155 617 968;50;0;2;7;19;3
202300035320;155 617 964;7;0;2;2;2;1
202300035320;155 617 965;32;0;2;1;26;1
202300035320;155 617 966;7;0;0;6;1;1
202300035321;155 617 962;7;0;2;1;15;1
202300035321;155 617 963;34;0;2;1;1;1
202300035322;155 617 960;7;0;2;0;14;1
202300035322;155 617 961;1;0;2;0;1;5
202300035323;155 617 958;7;0;2;5;2;1
202300035323;155 617 959;1;0;2;5;2;5
202300035324;155 617 956;7;0;2;4;1;1
202300035324;155 617 957;33;0;2;1;1;1
202300035325;155 617 954;7;0;2;6;15;1
202300035325;155 617 955;7;0;2;1;2;1
202300035326;155 617 952;7;0;2;4;23;1
202300035326;155 617 953;30;0;2;1;2;1
202300035327;155 617 951;7;0;1;1;2;1
202300035328;155 617 948;7;0;2;1;2;1
202300035328;155 617 949;7;0;2;4;2;1
202300035328;155 617 950;7;0;2;4;2;1
202300035329;155 617 946;7;0;2;7;15;1
202300035329;155 617 947;33;0;2;1;1;1
202300035330;155 617 944;1;0;2;7;1;5
202300035330;155 617 945;7;0;9;8;22;1
202300035331;155 617 942;7;0;2;4;1;1
202300035331;155 617 943;7;0;2;1;1;1
202300035332;155 617 940;1;0;2;3;15;5
202300035332;155 617 941;7;0;2;7;1;1
202300035333;155 617 938;7;0;2;8;26;1
202300035333;155 617 939;33;0;2;1;0;1
202300035334;155 617 937;7;0;1;2;16;1
202300035335;155 617 935;7;1;0;8;26;1
202300035335;155 617 936;1;1;0;7;1;5
202300035336;155 617 933;10;0;2;5;1;1
202300035336;155 617 934;7;0;2;1;5;1
202300035337;155 617 931;7;0;2;8;1;1
202300035337;155 617 932;7;0;2;3;1;1
202300035338;155 617 929;7;0;2;4;2;1
202300035338;155 617 930;7;0;2;1;2;1
202300035339;155 617 927;7;0;2;0;15;1
202300035339;155 617 928;30;1;0;6;14;1
202300035340;155 617 925;50;0;2;1;0;3
202300035340;155 617 926;7;0;2;3;2;1
202300035341;155 617 924;7;0;1;1;26;1
202300035342;155 617 923;7;0;1;1;1;1
202300035343;155 617 921;7;7;2;1;1;1
202300035343;155 617 922;10;7;0;1;1;1
202300035344;155 617 920;10;0;1;1;16;1
202300035345;155 617 919;7;9;0;1;14;1
202300035346;155 617 918;7;0;2;1;1;1
202300035347;155 617 917;30;0;0;0;1;1
202300035348;155 617 914;7;0;2;4;2;1
202300035348;155 617 915;7;0;2;4;2;1
202300035348;155 617 916;7;0;2;1;2;1
202300035349;155 617 913;7;0;1;1;15;1
202300035350;155 617 912;7;0;1;3;1;1
202300035351;155 617 910;7;0;2;8;1;1
202300035351;155 617 911;1;0;2;1;1;5
202300035352;155 617 909;50;0;0;0;1;3
202300035353;155 617 907;7;0;2;1;1;1
202300035353;155 617 908;7;0;2;4;1;1
202300035354;155 617 905;1;0;2;8;9;5
202300035354;155 617 906;7;0;2;1;9;1
202300035355;155 617 903;7;0;2;1;15;1
202300035355;155 617 904;50;0;2;1;1;3
202300035356;155 617 901;7;0;2;5;15;1
202300035356;155 617 902;33;0;2;2;21;1
202300035357;155 617 900;7;0;1;3;1;0
202300035358;155 617 898;7;0;2;3;15;1
202300035358;155 617 899;33;0;2;3;1;1
202300035359;155 617 897;7;0;1;1;1;1
202300035360;155 617 895;7;0;9;2;15;1
202300035360;155 617 896;1;0;2;1;1;5
202300035361;155 617 893;7;0;2;1;2;1
202300035361;155 617 894;10;0;2;4;1;1
202300035362;155 617 891;7;1;2;2;1;1
202300035362;155 617 892;7;0;2;3;1;1
202300035363;155 617 889;7;0;2;3;9;1
202300035363;155 617 890;38;0;2;2;1;1
202300035364;155 617 887;1;0;2;1;1;5
202300035364;155 617 888;7;0;2;3;9;1
202300035365;155 617 885;7;0;2;6;14;1
202300035365;155 617 886;7;0;2;4;1;1
202300035366;155 617 884;7;0;1;1;1;2
202300035367;155 617 882;7;0;2;2;1;1
202300035367;155 617 883;33;0;2;8;1;1
202300035368;155 617 880;35;0;2;1;1;3
202300035368;155 617 881;50;0;2;1;5;3
202300035369;155 617 878;7;0;2;3;23;1
202300035369;155 617 879;31;0;2;1;1;1
202300035370;155 617 876;10;0;2;2;15;1
202300035370;155 617 877;33;0;2;1;3;1
202300035371;155 617 874;10;0;2;3;20;1
202300035371;155 617 875;31;0;2;2;1;1
202300035372;155 617 872;7;4;2;1;9;1
202300035372;155 617 873;7;0;2;1;1;1
202300035373;155 617 871;50;0;1;1;1;3
202300035374;155 617 870;41;0;1;4;2;1
202300035375;155 617 868;7;0;2;0;0;1
202300035375;155 617 869;7;0;2;0;0;1
202300035376;155 617 867;37;0;1;0;0;1
202300035377;155 617 866;7;0;9;1;1;1
202300035378;155 617 865;7;0;1;1;1;1
202300035379;155 617 863;7;0;2;4;1;
202300035379;155 617 864;34;0;0;0;;
202300035380;155 617 862;30;0;9;1;25;1
202300035381;155 617 860;7;0;2;1;15;1
202300035381;155 617 861;7;0;2;2;2;1
202300035382;155 617 859;1;0;1;1;2;5
202300035383;155 617 857;2;0;2;1;2;1
202300035383;155 617 858;7;0;2;0;9;1
202300035384;155 617 855;1;0;2;4;9;5
202300035384;155 617 856;7;0;9;1;9;1
202300035385;155 617 854;10;13;0;1;2;1
202300035386;155 617 852;31;0;2;1;1;0
202300035386;155 617 853;30;0;2;3;15;0
202300035387;155 617 850;10;0;2;1;1;1
202300035387;155 617 851;7;0;2;1;5;1
202300035388;155 617 848;7;0;2;2;15;1
202300035388;155 617 849;30;0;2;1;26;1
202300035389;155 617 846;7;1;0;0;0;1
202300035389;155 617 847;33;0;2;7;1;0
202300035390;155 617 845;7;0;1;3;2;1
202300035391;155 617 843;7;0;2;2;1;1
202300035391;155 617 844;10;0;2;2;15;1
202300035392;155 617 842;35;11;0;0;2;1
202300035393;155 617 840;7;0;2;1;13;1
202300035393;155 617 841;7;0;2;8;1;1
202300035394;155 617 837;7;0;2;1;1;1
202300035394;155 617 838;7;0;2;4;1;1
202300035394;155 617 839;7;0;2;4;1;1
202300035395;155 617 835;31;0;2;1;17;1
202300035395;155 617 836;7;0;2;4;15;0
202300035396;155 617 833;7;0;2;2;16;1
202300035396;155 617 834;7;0;2;8;18;1
202300035397;155 617 831;7;0;2;8;1;1
202300035397;155 617 832;30;0;2;7;17;1
202300035398;155 617 830;7;0;1;3;1;1
202300035399;155 617 828;7;0;2;1;1;1
202300035399;155 617 829;7;0;2;3;1;1
202300035400;155 617 827;7;0;9;7;1;1
202300035401;155 617 825;33;0;2;8;3;1
202300035401;155 617 826;7;0;2;7;1;1
202300035402;155 617 823;1;0;2;1;1;5
202300035402;155 617 824;7;0;2;5;16;1
202300035403;155 617 821;7;0;2;2;9;6
202300035403;155 617 822;2;0;2;1;25;3
202300035404;155 617 819;7;0;2;8;22;1
202300035404;155 617 820;1;0;2;1;1;5
202300035405;155 617 817;7;0;2;1;15;0
202300035405;155 617 818;1;0;2;0;1;5
202300035406;155 617 815;32;9;0;8;1;1
202300035406;155 617 816;7;9;0;1;1;1
202300035407;155 617 813;7;0;2;1;2;1
202300035407;155 617 814;7;0;0;4;23;1
202300035408;155 617 811;7;0;0;3;1;1
202300035408;155 617 812;7;0;0;3;1;1
202300035409;155 617 809;1;1;0;1;1;5
202300035409;155 617 810;7;1;0;8;24;1
202300035410;155 617 807;7;0;2;8;26;1
202300035410;155 617 808;50;0;2;1;1;3
202300035411;155 617 805;7;0;2;3;15;1
202300035411;155 617 806;31;0;2;2;2;1
202300035412;155 617 803;7;0;2;0;0;0
202300035412;155 617 804;1;0;2;0;0;5
202300035413;155 617 801;7;0;2;1;2;1
202300035413;155 617 802;32;0;2;4;2;1
202300035414;155 617 799;7;0;2;7;1;1
202300035414;155 617 800;33;0;2;8;1;1
202300035415;155 617 797;3;0;2;1;1;1
202300035415;155 617 798;7;0;2;8;1;1
202300035416;155 617 796;7;1;0;3;1;1
202300035417;155 617 794;7;0;2;4;23;1
202300035417;155 617 795;33;1;0;1;2;1
202300035418;155 617 792;7;0;2;2;1;1
202300035418;155 617 793;13;0;2;5;2;1
202300035419;155 617 789;7;0;2;3;15;0
202300035419;155 617 790;34;0;2;1;1;0
202300035419;155 617 791;1;0;2;1;5;5
202300035420;155 617 788;30;0;0;0;1;1
202300035421;155 617 786;7;0;2;2;12;1
202300035421;155 617 787;1;14;0;8;2;5
202300035422;155 617 784;7;0;2;1;1;1
202300035422;155 617 785;7;0;2;1;1;1
202300035423;155 617 782;7;0;2;3;15;1
202300035423;155 617 783;33;0;2;1;1;1
202300035424;155 617 781;33;0;6;1;1;1
202300035425;155 617 778;1;0;2;1;1;5
202300035425;155 617 779;7;0;2;3;9;0
202300035426;155 617 777;0;8;0;0;0;1
202300035427;155 617 776;7;0;9;0;1;1
202300035428;155 617 774;10;0;2;1;19;1
202300035428;155 617 775;33;0;2;8;1;1
202300035429;155 617 772;15;0;2;2;26;1
202300035429;155 617 773;7;14;2;1;1;1
202300035430;155 617 771;7;4;0;3;1;0
202300035431;155 617 769;33;0;9;2;5;1
202300035431;155 617 770;7;0;0;1;1;1
202300035432;155 617 767;7;0;2;3;0;1
202300035432;155 617 768;7;0;2;3;13;1
202300035433;155 617 765;2;0;2;1;13;1
202300035433;155 617 766;7;0;2;3;1;1
202300035434;155 617 763;7;0;2;2;1;1
202300035434;155 617 764;7;0;2;3;9;1
202300035435;155 617 760;7;0;2;1;2;1
202300035435;155 617 761;7;0;2;4;23;1
202300035435;155 617 762;7;0;2;4;23;1
202300035436;155 617 758;7;0;2;8;15;1
202300035436;155 617 759;1;0;2;7;17;5
202300035437;155 617 756;10;0;2;2;17;3
202300035437;155 617 757;1;0;2;8;1;5
202300035438;155 617 755;7;0;1;7;1;0
202300035439;155 617 753;7;0;2;2;15;1
202300035439;155 617 754;33;0;2;8;1;1
202300035440;155 617 752;7;1;0;1;1;1
202300035441;155 617 750;30;0;2;1;1;0
202300035441;155 617 751;3;0;2;2;15;0
202300035442;155 617 748;7;0;2;7;14;1
202300035442;155 617 749;7;0;2;8;2;1
202300035443;155 617 746;7;0;2;4;1;1
202300035443;155 617 747;2;0;2;1;1;1
202300035444;155 617 744;33;0;2;8;3;1
202300035444;155 617 745;7;0;2;7;12;1
202300035445;155 617 741;7;0;2;1;2;0
202300035445;155 617 742;13;0;2;4;2;0
202300035446;155 617 740;7;0;2;1;15;1
202300035446;155 617 743;2;0;2;7;1;1
202300035447;155 617 737;10;0;1;2;1;1
202300035448;155 617 736;7;0;2;1;2;1
202300035448;155 617 738;10;0;2;7;14;1
202300035448;155 617 739;15;0;2;8;1;1
202300035449;155 617 734;31;0;0;0;21;1
202300035450;155 617 733;7;0;2;1;1;1
202300035450;155 617 735;1;0;2;8;1;5
202300035451;155 617 732;7;4;0;3;2;1
202300035452;155 617 731;7;0;0;1;13;1
202300035453;155 617 730;31;0;2;0;1;1
202300035454;155 617 729;7;8;0;1;14;1
202300035455;155 617 727;7;0;2;2;1;1
202300035455;155 617 728;7;0;2;3;11;1
202300035456;155 617 724;33;0;2;8;3;1
202300035456;155 617 726;10;0;2;0;0;0
202300035457;155 617 723;7;0;2;3;0;1
202300035457;155 617 725;7;0;2;2;9;1
202300035458;155 617 720;33;0;2;2;1;1
202300035458;155 617 721;7;0;2;6;1;1
202300035458;155 617 722;7;0;2;4;1;1
202300035459;155 617 718;7;4;0;0;0;1
202300035460;155 617 719;7;0;1;1;1;1
202300035461;155 617 717;7;3;0;0;0;1
202300035462;155 617 715;7;0;2;1;26;0
202300035462;155 617 716;1;0;2;7;19;5
202300035463;155 617 713;10;0;2;3;1;1
202300035463;155 617 714;10;0;2;3;1;1
202300035464;155 617 712;7;8;0;1;1;1
202300035465;155 617 708;7;6;0;1;21;1
202300035466;155 617 706;2;0;2;1;1;1
202300035466;155 617 707;7;0;2;3;1;1
202300035467;155 617 704;30;0;2;1;13;1
202300035467;155 617 705;0;0;2;3;15;0
202300035468;155 617 695;7;0;2;1;1;1
202300035468;155 617 698;7;0;2;4;1;1
202300035468;155 617 701;7;0;2;4;1;1
202300035469;155 617 696;7;1;0;5;24;1
202300035469;155 617 700;7;1;1;7;24;1
202300035469;155 617 702;7;1;1;2;16;1
202300035469;155 617 703;7;1;0;5;24;1
202300035470;155 617 694;7;15;2;1;1;1
202300035470;155 617 697;7;8;2;6;1;1
202300035470;155 617 699;7;0;2;1;15;1
202300035471;155 617 692;7;16;0;1;1;1
202300035472;155 617 691;50;0;2;1;1;3
202300035472;155 617 693;7;0;9;1;16;1
202300035473;155 617 690;7;1;0;2;1;1
202300035474;155 617 688;7;2;0;1;21;1
202300035475;155 617 685;7;0;2;2;14;1
202300035475;155 617 687;7;0;2;6;2;1
202300035475;155 617 689;7;0;2;7;2;1
202300035476;155 617 682;7;14;0;1;17;1
202300035476;155 617 684;7;0;2;4;23;1
202300035476;155 617 686;7;0;2;4;23;1
202300035477;155 617 679;32;0;2;1;2;1
202300035477;155 617 681;7;0;2;5;2;2
202300035478;155 617 680;7;0;2;8;15;1
202300035478;155 617 683;34;0;2;2;17;1
202300035479;155 617 675;10;4;0;9;26;1
202300035480;155 617 674;7;0;2;2;2;0
202300035480;155 617 676;7;0;2;4;2;1
202300035481;155 617 673;7;0;2;1;1;1
202300035481;155 617 677;7;0;2;1;1;1
202300035481;155 617 678;7;0;2;4;1;1
202300035482;155 617 671;50;0;0;0;0;3
202300035483;155 617 668;10;0;2;1;2;3
202300035483;155 617 670;7;0;2;4;2;1
202300035483;155 617 672;7;0;2;4;2;1
202300035484;155 617 667;0;0;9;9;21;0
202300035485;155 617 666;2;0;2;1;13;1
202300035485;155 617 669;7;0;2;1;1;1
202300035486;155 617 662;7;0;2;1;2;1
202300035486;155 617 664;10;0;2;4;2;1
202300035487;155 617 660;7;6;1;8;1;1
202300035487;155 617 665;7;0;2;1;1;1
202300035488;155 617 661;33;0;0;1;1;1
202300035488;155 617 663;7;0;0;4;2;1
202300035489;155 617 658;10;0;1;4;23;1
202300035490;155 617 656;2;0;2;4;1;3
202300035490;155 617 657;7;8;2;3;17;1
202300035491;155 617 655;7;0;2;1;2;1
202300035491;155 617 659;7;0;2;4;2;1
202300035492;155 617 653;7;0;1;2;1;2
202300035493;155 617 652;7;1;0;2;14;1
202300035493;155 617 654;7;0;2;8;23;1
202300035494;155 617 651;7;0;1;1;1;1
202300035495;155 617 647;7;1;0;2;1;1
202300035496;155 617 646;7;0;2;3;22;1
202300035496;155 617 648;80;0;2;7;1;3
202300035497;155 617 645;7;0;2;1;15;1
202300035497;155 617 649;7;0;2;1;1;1
202300035497;155 617 650;7;0;2;3;23;1
202300035498;155 617 642;30;0;2;8;18;1
202300035498;155 617 644;7;0;2;1;1;1
202300035499;155 617 639;7;0;2;4;23;2
202300035499;155 617 640;7;0;2;1;1;1
202300035499;155 617 643;7;0;2;4;23;1
202300035500;155 617 637;32;0;1;1;1;1
202300035501;155 617 636;7;4;0;2;0;3
202300035502;155 617 634;50;0;1;1;25;3
202300035503;155 617 632;7;0;2;1;13;1
202300035503;155 617 635;7;0;2;1;1;1
202300035504;155 617 631;7;1;1;0;1;1
202300035505;155 617 627;7;0;2;4;23;1
202300035505;155 617 629;7;0;2;1;2;1
202300035506;155 617 628;7;0;2;2;26;1
202300035506;155 617 630;80;0;2;1;2;3
202300035507;155 617 626;7;8;1;2;1;2
202300035508;155 617 625;43;0;1;1;1;1
202300035509;155 617 621;33;0;1;2;1;1
202300035510;155 617 619;1;0;2;2;19;5
202300035510;155 617 620;37;0;2;2;1;1
202300035511;155 617 617;30;0;2;1;9;1
202300035511;155 617 618;30;0;2;3;9;1
202300035512;155 617 614;10;0;2;2;16;1
202300035512;155 617 616;1;0;2;3;1;5
202300035513;155 617 611;7;0;2;1;15;1
202300035513;155 617 612;7;15;2;1;1;1
202300035514;155 617 609;7;0;2;6;23;1
202300035514;155 617 610;1;1;0;1;1;5
202300035515;155 617 607;37;0;1;3;26;0
202300035516;155 617 608;30;6;0;1;1;3
202300035517;155 617 606;80;0;1;1;1;3
202300035518;155 617 601;10;0;2;1;2;1
202300035518;155 617 603;43;0;2;4;2;1
202300035518;155 617 605;7;0;2;4;2;1
202300035519;155 617 599;2;0;2;3;1;1
202300035519;155 617 600;2;0;2;8;19;0
202300035520;155 617 596;7;0;2;1;2;1