Num_Acc;id_vehicule;categorie_vehicule;obstacle_fixe;obstacle_mobile;point_choc_initial;manoeuvre_principale;motorisation
202300035866;155 616 969;7;0;1;1;26;1
202300035867;155 616 971;33;0;2;1;17;1
202300035867;155 616 975;7;0;2;8;11;1
202300035868;155 616 970;7;0;9;8;1;1
202300035868;155 616 974;30;0;2;1;17;1
202300035869;155 616 965;7;0;2;1;13;1
202300035869;155 616 968;7;0;2;1;1;1
202300035870;155 616 964;7;0;1;2;1;1
202300035871;155 616 961;1;0;2;0;1;5
202300035871;155 616 967;1;0;0;0;0;5
202300035872;155 616 962;7;0;2;2;2;1
202300035872;155 616 966;1;0;0;4;2;5
202300035873;155 616 960;50;0;2;7;1;3
202300035873;155 616 963;7;0;2;1;15;1
202300035874;155 616 958;7;0;1;1;1;1
202300035875;155 616 956;7;0;2;1;13;1
202300035875;155 616 959;14;0;2;2;21;1
202300035876;155 616 955;7;0;2;1;1;1
202300035876;155 616 957;50;0;2;8;19;3
202300035877;155 616 952;10;0;2;3;15;1
202300035877;155 616 954;43;0;2;2;17;1
202300035878;155 616 951;7;1;2;0;22;1
202300035878;155 616 953;1;1;0;0;1;5
202300035879;155 616 950;7;0;1;1;1;1
202300035880;155 616 949;7;16;0;2;14;1
202300035881;155 616 944;10;0;1;1;15;1
202300035882;155 616 945;2;12;0;1;1;1
202300035883;155 616 941;7;0;2;1;5;5
202300035883;155 616 943;7;0;2;1;1;5
202300035883;155 616 946;1;0;2;1;5;5
202300035883;155 616 948;1;0;2;1;5;5
202300035884;155 616 940;7;8;0;1;1;1
202300035885;155 616 936;2;0;0;0;1;0
202300035886;155 616 934;7;0;2;1;1;1
202300035886;155 616 938;33;0;1;4;23;1
202300035887;155 616 932;7;0;0;4;0;2
202300035887;155 616 937;7;0;2;2;2;1
202300035887;155 616 939;7;0;0;5;2;1
202300035887;155 616 942;7;0;2;9;2;1
202300035887;155 616 947;7;0;2;1;2;1
202300035888;155 616 931;7;0;2;1;2;1
202300035888;155 616 935;33;0;2;4;2;1
202300035889;155 616 933;7;15;0;1;14;1
202300035890;155 616 930;1;0;0;2;1;5
202300035891;155 616 926;7;0;2;2;1;1
202300035891;155 616 929;2;0;0;4;1;1
202300035892;155 616 924;1;0;9;0;0;5
202300035892;155 616 928;50;0;9;0;0;3
202300035893;155 616 923;3;0;1;1;1;3
202300035894;155 616 921;2;0;2;2;1;1
202300035894;155 616 927;7;0;2;3;9;1
202300035895;155 616 922;7;0;2;3;13;1
202300035895;155 616 925;7;0;2;3;1;1
202300035896;155 616 920;7;6;0;7;1;1
202300035897;155 616 919;37;0;1;2;1;0
202300035898;155 616 918;7;0;1;3;1;1
202300035899;155 616 916;7;0;1;1;1;1
202300035900;155 616 914;1;0;1;1;0;5
202300035901;155 616 915;2;0;2;1;15;1
202300035901;155 616 917;7;0;2;8;1;1
202300035902;155 616 913;1;0;1;1;25;5
202300035903;155 616 910;7;5;0;1;2;1
202300035904;155 616 911;7;0;2;1;1;1
202300035905;155 616 909;10;0;2;8;1;1
202300035905;155 616 912;3;0;2;1;1;3
202300035906;155 616 905;7;3;0;1;16;1
202300035907;155 616 906;7;0;2;5;1;1
202300035907;155 616 908;31;0;2;1;1;1
202300035908;155 616 903;7;0;2;1;2;1
202300035908;155 616 907;7;0;2;4;2;1
202300035909;155 616 900;60;1;9;8;1;5
202300035909;155 616 902;10;1;2;8;24;1
202300035910;155 616 901;30;0;2;3;1;1
202300035910;155 616 904;7;0;2;2;15;1
202300035911;155 616 899;7;8;0;1;1;1
202300035912;155 616 890;7;0;2;4;1;1
202300035912;155 616 895;7;0;2;1;1;1
202300035912;155 616 897;7;0;2;4;1;1
202300035913;155 616 893;2;0;0;3;1;1
202300035913;155 616 896;15;0;2;0;1;1
202300035913;155 616 898;99;0;2;3;1;6
202300035914;155 616 887;7;0;2;3;1;1
202300035914;155 616 894;32;0;2;1;1;1
202300035915;155 616 889;7;0;2;3;13;1
202300035915;155 616 891;7;0;2;6;1;1
202300035916;155 616 888;7;0;0;4;2;1
202300035916;155 616 892;7;0;2;1;1;1
202300035917;155 616 885;7;0;1;1;2;1
202300035918;155 616 880;7;0;2;3;1;1
202300035918;155 616 883;2;0;2;1;13;1
202300035919;155 616 881;7;0;2;1;1;1
202300035919;155 616 886;7;0;2;1;1;1
202300035920;155 616 879;7;0;2;1;19;1
202300035920;155 616 884;7;13;0;8;1;1
202300035921;155 616 878;7;0;2;0;0;1
202300035922;155 616 877;30;0;2;7;1;1
202300035922;155 616 882;7;0;2;1;15;1
202300035923;155 616 875;7;2;0;3;13;1
202300035924;155 616 874;7;0;9;2;2;1
202300035924;155 616 876;80;0;0;8;13;3
202300035925;155 616 873;10;0;1;7;1;1
202300035926;155 616 865;10;0;2;3;19;1
202300035926;155 616 871;7;0;2;2;1;1
202300035927;155 616 864;7;0;2;1;1;1
202300035927;155 616 867;7;0;2;4;1;1
202300035927;155 616 870;17;0;2;2;21;1
202300035928;155 616 863;7;4;0;6;14;0
202300035929;155 616 860;7;3;0;0;13;1
202300035930;155 616 858;7;0;1;2;1;1
202300035931;155 616 857;7;0;2;1;1;1
202300035931;155 616 861;7;0;2;2;0;1
202300035932;155 616 856;7;0;2;3;16;1
202300035932;155 616 859;1;0;0;1;1;5
202300035933;155 616 853;33;0;0;0;1;1
202300035934;155 616 852;7;15;0;5;1;1
202300035934;155 616 855;7;14;2;1;19;1
202300035935;155 616 848;7;10;0;1;14;1
202300035936;155 616 849;50;0;2;2;0;3
202300035936;155 616 854;7;0;9;1;19;1
202300035937;155 616 847;10;0;2;3;19;1
202300035937;155 616 851;2;0;2;1;1;1
202300035938;155 616 846;10;0;2;8;2;1
202300035938;155 616 850;10;0;2;2;2;1
202300035939;155 616 845;7;9;1;2;9;1
202300035940;155 616 840;7;0;1;6;1;1
202300035941;155 616 841;2;0;0;0;0;1
202300035942;155 616 839;7;0;2;3;15;1
202300035942;155 616 843;33;0;2;1;0;1
202300035943;155 616 838;33;0;2;1;1;1
202300035943;155 616 842;7;0;0;6;15;1
202300035944;155 616 837;7;0;1;1;1;1
202300035945;155 616 833;7;0;2;1;1;1
202300035945;155 616 835;7;0;2;1;1;1
202300035946;155 616 832;14;0;2;3;1;1
202300035946;155 616 836;7;0;2;3;0;1
202300035947;155 616 831;7;16;0;1;14;1
202300035948;155 616 830;10;9;0;1;16;1
202300035949;155 616 829;33;14;0;1;1;1
202300035950;155 616 825;7;0;2;3;9;1
202300035950;155 616 827;7;0;2;2;1;1
202300035951;155 616 826;7;0;2;3;0;1
202300035951;155 616 828;2;0;2;1;5;1
202300035952;155 616 822;7;0;1;2;1;1
202300035953;155 616 820;7;0;2;1;1;1
202300035953;155 616 824;7;0;2;1;13;1
202300035954;155 616 817;7;13;0;3;13;1
202300035955;155 616 821;7;0;2;1;26;0
202300035955;155 616 823;7;0;2;1;19;0
202300035956;155 616 816;7;0;2;1;13;1
202300035956;155 616 818;7;0;2;1;1;1
202300035957;155 616 815;7;0;2;3;1;1
202300035957;155 616 819;7;0;2;1;1;1
202300035958;155 616 814;10;0;1;1;21;1
202300035959;155 616 812;3;13;0;8;14;1
202300035960;155 616 810;7;0;2;3;19;1
202300035960;155 616 813;32;0;2;1;3;1
202300035961;155 616 809;2;0;2;4;1;1
202300035961;155 616 811;7;0;2;1;1;1
202300035962;155 616 806;1;0;2;1;13;5
202300035962;155 616 807;10;0;9;1;1;1
202300035963;155 616 805;7;0;2;8;1;1
202300035963;155 616 808;3;0;2;3;13;1
202300035964;155 616 803;7;0;0;2;1;1
202300035964;155 616 804;7;0;0;3;15;1
202300035965;155 616 802;7;0;1;2;1;1
202300035966;155 616 801;32;0;1;1;26;1
202300035967;155 616 799;34;0;2;1;1;1
202300035967;155 616 800;7;0;2;2;15;1
202300035968;155 616 797;7;0;1;1;1;1
202300035969;155 616 796;33;0;2;9;1;1
202300035969;155 616 798;10;0;2;1;1;1
202300035970;155 616 795;7;0;1;1;1;1
202300035971;155 616 794;7;1;0;1;1;1
202300035972;155 616 792;2;1;0;4;0;1
202300035972;155 616 793;2;0;2;0;0;1
202300035973;155 616 787;7;0;1;1;1;1
202300035974;155 616 786;33;5;0;1;0;1
202300035975;155 616 788;7;0;2;1;9;1
202300035975;155 616 790;31;0;2;1;5;1
202300035976;155 616 784;7;0;2;1;13;1
202300035976;155 616 789;7;0;2;3;1;1
202300035977;155 616 785;7;0;2;1;1;1
202300035977;155 616 791;7;0;0;8;19;1
202300035978;155 616 783;7;6;0;0;0;1
202300035979;155 616 782;1;0;0;1;1;5
202300035980;155 616 779;7;0;1;0;0;0
202300035980;155 616 781;7;0;1;0;0;0
202300035981;155 616 777;7;0;1;3;15;1
202300035982;155 616 775;7;0;2;3;1;0
202300035982;155 616 778;7;0;2;1;17;0
202300035983;155 616 773;7;0;2;7;16;3
202300035983;155 616 774;33;0;2;7;18;1
202300035984;155 616 771;33;0;1;7;1;1
202300035985;155 616 776;7;0;2;5;16;1
202300035985;155 616 780;1;0;2;1;1;5
202300035986;155 616 770;99;0;2;3;15;1
202300035986;155 616 772;33;0;2;1;17;1
202300035987;155 616 766;1;0;2;8;9;5
202300035987;155 616 769;7;0;2;2;1;1
202300035988;155 616 767;32;1;0;5;14;1
202300035989;155 616 765;7;0;2;8;1;1
202300035989;155 616 768;7;0;2;3;13;1
202300035990;155 616 763;7;0;1;2;1;1
202300035991;155 616 761;10;0;2;2;15;1
202300035991;155 616 764;33;0;2;1;1;1
202300035992;155 616 760;7;0;2;1;1;1
202300035992;155 616 762;3;8;0;4;1;1
202300035993;155 616 757;10;0;1;2;9;3
202300035994;155 616 756;7;0;2;4;2;1
202300035994;155 616 759;1;0;2;1;2;5
202300035995;155 616 754;7;8;2;1;13;1
202300035995;155 616 758;31;0;2;1;1;1
202300035996;155 616 752;1;0;2;1;15;5
202300035996;155 616 755;7;0;2;1;1;1
202300035997;155 616 750;7;0;2;1;11;2
202300035997;155 616 753;7;0;2;1;1;2
202300035998;155 616 747;7;2;0;3;13;1
202300035999;155 616 748;7;0;2;3;10;1
202300035999;155 616 751;34;0;2;1;17;1
202300036000;155 616 745;1;0;0;7;1;5
202300036001;155 616 743;7;0;1;2;1;1
202300036002;155 616 741;7;0;0;4;2;1
202300036002;155 616 746;1;0;2;1;2;5
202300036003;155 616 742;7;1;0;4;4;1
202300036004;155 616 740;7;0;2;4;1;1
202300036004;155 616 744;7;0;2;4;1;1
202300036004;155 616 749;10;0;2;1;1;1
202300036005;155 616 739;80;6;0;1;1;3
202300036006;155 616 737;7;0;1;1;1;1
202300036007;155 616 734;50;0;1;1;1;3
202300036008;155 616 731;32;0;2;8;18;1
202300036008;155 616 735;7;0;2;1;15;1
202300036009;155 616 730;7;0;0;6;24;1
202300036009;155 616 733;7;2;2;1;6;1
202300036009;155 616 738;7;1;0;6;1;1
202300036010;155 616 732;7;0;2;1;9;1
202300036010;155 616 736;1;0;2;5;1;5
202300036011;155 616 726;7;0;0;0;9;1
202300036011;155 616 729;80;0;0;0;21;3
202300036012;155 616 724;7;0;2;1;14;2
202300036012;155 616 727;7;0;2;1;13;1
202300036013;155 616 728;1;0;1;1;1;5
202300036014;155 616 720;33;0;2;1;17;1
202300036014;155 616 723;7;0;2;2;1;1
202300036015;155 616 721;7;0;2;2;12;1
202300036015;155 616 722;32;0;2;3;1;1
202300036015;155 616 725;7;0;2;1;2;1
202300036016;155 616 719;7;2;0;1;14;1
202300036017;155 616 717;7;0;1;2;15;1
202300036018;155 616 713;80;0;2;4;2;3
202300036018;155 616 716;7;0;2;3;9;1
202300036019;155 616 714;7;0;0;4;23;1
202300036019;155 616 718;10;0;2;1;2;1
202300036020;155 616 712;7;0;0;0;16;1
202300036021;155 616 711;33;0;2;1;0;1
202300036021;155 616 715;7;0;2;5;23;2
202300036022;155 616 708;1;0;2;8;19;5
202300036022;155 616 710;7;0;2;2;1;1
202300036023;155 616 709;7;0;1;1;1;0
202300036024;155 616 707;33;0;6;7;1;1
202300036025;155 616 703;7;0;2;6;2;1
202300036025;155 616 705;7;0;2;2;13;1
202300036026;155 616 704;31;12;2;2;13;1
202300036026;155 616 706;7;0;2;3;1;1
202300036027;155 616 700;7;0;1;1;14;1
202300036028;155 616 697;33;0;2;1;17;1
202300036028;155 616 701;33;0;2;1;1;1
202300036029;155 616 695;7;0;2;7;2;1
202300036029;155 616 698;33;0;2;8;0;1
202300036030;155 616 694;50;0;0;4;2;3
202300036031;155 616 696;7;0;1;1;9;1
202300036032;155 616 693;7;6;0;1;1;0
202300036033;155 616 692;33;12;0;1;14;1
202300036034;155 616 689;33;2;0;0;1;1
202300036035;155 616 688;33;0;2;1;21;1
202300036035;155 616 691;33;0;2;8;0;1
202300036036;155 616 686;10;0;2;4;1;1
202300036036;155 616 690;7;0;2;2;15;1
202300036037;155 616 687;10;0;1;4;20;1
202300036038;155 616 683;1;0;2;1;2;5
202300036038;155 616 684;7;0;9;6;2;0
202300036039;155 616 681;33;0;6;1;0;1
202300036040;155 616 680;7;0;2;1;19;1
202300036040;155 616 685;7;0;2;3;26;1
202300036041;155 616 678;7;4;0;3;1;1
202300036042;155 616 679;32;0;2;1;1;1
202300036042;155 616 682;10;0;2;5;9;1
202300036043;155 616 677;7;15;0;0;1;1
202300036044;155 616 674;33;7;0;1;1;1
202300036045;155 616 676;31;0;0;9;19;1
202300036046;155 616 672;7;0;2;7;13;1
202300036046;155 616 675;7;0;2;2;1;1
202300036047;155 616 671;7;0;1;1;1;1
202300036048;155 616 669;7;10;0;7;1;1
202300036049;155 616 668;7;0;2;3;1;1
202300036049;155 616 673;50;0;2;1;1;3
202300036050;155 616 667;2;0;2;1;5;1
202300036050;155 616 670;7;0;2;1;1;1
202300036051;155 616 666;33;0;0;8;1;1
202300036052;155 616 664;33;0;2;4;1;1
202300036052;155 616 665;7;0;2;3;1;1
202300036053;155 616 659;7;0;1;3;1;1
202300036054;155 616 662;7;0;2;5;16;1
202300036054;155 616 663;33;0;2;1;3;1
202300036055;155 616 656;7;0;0;1;1;1
202300036055;155 616 660;7;0;0;8;1;1
202300036056;155 616 654;7;13;0;3;1;0
202300036057;155 616 655;7;4;0;7;1;6
202300036057;155 616 658;7;0;2;8;18;1
202300036058;155 616 653;7;0;2;1;13;1
202300036058;155 616 657;7;0;2;1;2;1
202300036058;155 616 661;7;0;2;1;1;1
202300036059;155 616 649;31;0;2;0;1;1
202300036059;155 616 652;7;0;2;7;15;1
202300036060;155 616 647;1;0;2;8;19;5
202300036060;155 616 651;7;0;9;1;1;1
202300036061;155 616 646;7;15;0;7;1;1
202300036061;155 616 650;7;16;0;3;1;1
202300036062;155 616 644;7;0;0;3;9;1
202300036062;155 616 648;50;0;0;7;1;3
202300036063;155 616 642;7;2;0;3;1;1
202300036064;155 616 643;7;0;9;1;15;0
202300036065;155 616 640;7;0;2;1;1;1
202300036065;155 616 645;7;0;2;3;15;1
202300036066;155 616 639;10;4;0;2;0;1
202300036067;155 616 633;7;13;0;1;1;1
202300036068;155 616 632;7;0;2;2;15;1
202300036068;155 616 637;34;0;2;1;1;1
202300036069;155 616 631;7;0;1;1;15;1
202300036070;155 616 634;7;0;2;7;15;1
202300036070;155 616 635;2;0;2;1;1;1
202300036071;155 616 625;30;14;0;1;14;1
202300036072;155 616 621;7;0;0;4;2;0
202300036072;155 616 623;7;0;2;3;11;1
202300036072;155 616 627;7;0;2;5;2;0
202300036072;155 616 629;7;0;2;4;2;0
202300036073;155 616 622;32;0;2;1;1;1
202300036073;155 616 626;7;0;2;4;4;0
202300036074;155 616 620;7;0;2;8;15;1
202300036074;155 616 624;33;0;2;1;1;1
202300036075;155 616 618;10;0;2;2;15;1
202300036075;155 616 619;1;0;2;1;1;5
202300036076;155 616 612;10;0;2;1;21;1
202300036076;155 616 614;7;0;2;3;1;1
202300036076;155 616 616;7;0;0;6;23;1
202300036077;155 616 613;15;0;2;1;0;1
202300036077;155 616 617;7;0;2;1;0;1
202300036078;155 616 609;33;0;2;1;2;1
202300036078;155 616 610;7;0;0;4;2;1
202300036079;155 616 607;7;0;1;1;1;1
202300036080;155 616 605;7;6;0;8;13;1
202300036081;155 616 604;3;0;2;1;2;1
202300036081;155 616 606;7;0;0;4;2;1
202300036082;155 616 601;7;0;2;5;1;1
202300036082;155 616 603;7;0;2;3;13;1
202300036083;155 616 600;7;0;2;2;1;1
202300036083;155 616 602;7;0;0;4;1;1
202300036084;155 616 594;50;0;2;1;15;3
202300036084;155 616 595;1;0;2;1;1;5
202300036085;155 616 591;7;1;0;8;1;1
202300036085;155 616 593;7;1;0;5;1;1
202300036085;155 616 596;7;4;0;2;1;1
202300036086;155 616 590;7;16;0;6;1;1
202300036087;155 616 585;2;0;2;8;0;1
202300036087;155 616 588;10;0;2;7;0;1
202300036088;155 616 597;7;3;2;3;21;1
202300036088;155 616 608;7;5;2;3;1;1
202300036089;155 616 584;1;0;2;1;5;5
202300036089;155 616 587;7;0;2;2;18;1
202300036090;155 616 589;7;0;0;7;23;0
202300036090;155 616 599;7;2;0;9;1;0
202300036090;155 616 611;7;0;2;1;1;0
202300036090;155 616 615;7;0;2;1;0;0
202300036091;155 616 579;7;0;2;1;2;1
202300036091;155 616 582;1;0;0;4;2;5
202300036092;155 616 580;15;5;0;5;0;1
202300036093;155 616 581;7;0;1;8;13;1
202300036094;155 616 577;33;0;2;7;1;1
202300036094;155 616 583;7;0;2;8;19;1
202300036095;155 616 576;7;0;2;1;15;0
202300036095;155 616 578;7;0;2;2;1;0
202300036095;155 616 586;7;0;2;1;1;0
202300036096;155 616 575;2;4;0;1;19;1
202300036097;155 616 569;7;0;2;5;12;1
202300036097;155 616 572;38;0;2;3;1;6
202300036098;155 616 570;7;0;2;5;2;1
202300036098;155 616 574;7;0;2;3;15;1
202300036099;155 616 568;3;12;0;2;15;1
202300036100;155 616 567;33;0;2;1;1;1
202300036100;155 616 571;7;0;2;8;10;1
202300036101;155 616 566;7;0;0;7;17;0
202300036101;155 616 573;7;7;0;9;1;0
202300036102;155 616 562;10;2;0;1;1;1
202300036103;155 616 561;7;0;0;6;1;1
202300036103;155 616 563;33;0;2;2;17;1
202300036104;155 616 560;7;0;2;4;11;1
202300036104;155 616 565;33;0;2;1;1;1
202300036105;155 616 558;33;0;2;1;1;1
202300036105;155 616 564;7;0;2;3;15;1
202300036106;155 616 557;7;0;0;0;1;1
202300036107;155 616 556;7;0;2;1;1;0
202300036107;155 616 559;7;0;2;1;13;0
202300036108;155 616 554;33;14;0;1;23;1
202300036109;155 616 550;7;0;2;1;2;1
202300036109;155 616 555;7;0;2;4;2;1
202300036110;155 616 547;7;0;1;1;1;1
202300036111;155 616 545;7;1;2;3;1;1
202300036111;155 616 552;7;0;2;1;15;1
202300036112;155 616 548;7;0;0;6;15;1
202300036112;155 616 553;7;0;0;1;1;1
202300036113;155 616 546;10;0;2;3;13;1
202300036113;155 616 549;7;0;2;8;1;1
202300036113;155 616 551;7;0;2;3;13;2
202300036114;155 616 544;31;0;0;0;1;1
202300036115;155 616 541;7;2;0;1;14;1
202300036116;155 616 540;7;0;2;3;19;0
202300036116;155 616 542;34;0;2;1;1;1
202300036117;155 616 539;7;0;0;0;1;1
202300036118;155 616 533;31;0;2;1;1;1
202300036118;155 616 536;33;0;2;4;1;1
202300036119;155 616 534;7;3;2;1;1;1
202300036119;155 616 537;17;0;0;4;1;1
202300036120;155 616 531;33;0;2;3;1;1
202300036120;155 616 535;7;0;2;1;15;1
202300036121;155 616 530;10;0;2;3;11;1
202300036121;155 616 532;33;0;2;7;3;1
202300036122;155 616 528;10;0;2;4;1;1
202300036122;155 616 529;10;0;2;1;1;1
202300036123;155 616 524;7;0;2;8;15;1
202300036123;155 616 527;32;0;2;7;17;1
202300036124;155 616 525;7;3;0;1;13;1
202300036125;155 616 522;7;0;2;5;1;1
202300036125;155 616 526;33;0;2;1;1;1
202300036126;155 616 520;7;0;2;2;15;1
202300036126;155 616 523;2;0;2;3;1;1
202300036127;155 616 514;7;0;2;1;1;1
202300036127;155 616 517;7;0;2;4;1;1
202300036128;155 616 515;32;0;2;0;1;1
202300036128;155 616 518;7;0;2;2;9;1
202300036129;155 616 512;7;0;2;6;1;1
202300036129;155 616 516;7;0;2;5;23;1
202300036129;155 616 521;7;0;2;3;2;1
202300036130;155 616 509;32;8;0;0;13;1
202300036131;155 616 508;7;2;0;1;14;1
202300036132;155 616 510;2;0;2;1;13;0
202300036132;155 616 513;7;0;2;3;0;0
202300036133;155 616 506;7;0;2;1;2;1
202300036133;155 616 507;10;0;2;4;2;1
202300036133;155 616 511;7;0;2;4;2;1
202300036134;155 616 502;7;0;2;1;2;1
202300036134;155 616 505;7;0;2;4;2;1
202300036135;155 616 500;7;0;2;3;17;1
202300036135;155 616 504;10;0;2;3;1;1
202300036136;155 616 499;2;0;0;4;1;1
202300036136;155 616 503;7;0;2;2;2;1
202300036137;155 616 497;7;0;2;4;2;1
202300036137;155 616 501;33;0;2;1;2;1
202300036138;155 616 496;33;0;2;1;2;1
202300036138;155 616 498;7;0;2;4;2;1
202300036139;155 616 491;7;2;0;1;6;1
202300036140;155 616 492;7;0;2;4;1;1
202300036140;155 616 495;43;0;2;1;2;1
202300036141;155 616 490;7;2;0;1;21;1
202300036142;155 616 493;32;0;2;2;1;1
202300036142;155 616 494;7;0;2;7;15;1
202300036143;155 616 488;7;0;2;4;2;1
202300036143;155 616 489;10;0;2;1;2;1
202300036144;155 616 484;21;0;0;7;15;1
202300036145;155 616 483;1;0;2;7;2;5
202300036145;155 616 487;14;0;9;7;2;1
202300036146;155 616 482;7;0;2;1;12;1
202300036146;155 616 486;15;0;2;5;1;1
202300036147;155 616 481;7;13;2;3;1;1
202300036147;155 616 485;7;6;2;6;19;1
202300036148;155 616 479;7;0;1;1;1;1
202300036149;155 616 476;43;0;2;7;14;1
202300036149;155 616 480;7;0;2;3;1;1
202300036150;155 616 474;7;0;2;7;12;1
202300036150;155 616 478;33;0;2;3;3;1
202300036151;155 616 472;7;0;1;6;26;0
202300036152;155 616 473;7;0;2;3;13;1
202300036152;155 616 475;7;0;2;3;1;1
202300036153;155 616 470;33;0;0;6;1;1
202300036154;155 616 469;7;0;2;6;1;1
202300036154;155 616 471;7;0;2;8;1;1
202300036154;155 616 477;7;0;2;3;13;1
202300036155;155 616 466;7;0;2;1;2;1
202300036155;155 616 468;7;0;2;4;2;1
202300036156;155 616 463;7;0;1;7;14;1
202300036157;155 616 461;32;0;2;3;3;1
202300036157;155 616 462;7;0;2;2;1;1
202300036157;155 616 465;14;0;2;1;1;1
202300036158;155 616 456;7;0;0;9;1;1
202300036159;155 616 457;7;0;2;1;1;1
202300036159;155 616 460;7;0;2;4;1;1
202300036160;155 616 455;7;0;9;2;2;1
202300036160;155 616 458;1;0;0;4;2;5
202300036161;155 616 453;3;0;2;3;1;0
202300036161;155 616 459;3;0;2;8;1;0
202300036162;155 616 452;10;1;0;1;26;1
202300036162;155 616 454;10;0;2;4;24;1
202300036163;155 616 450;7;2;0;3;13;1
202300036164;155 616 449;7;0;2;1;1;1
202300036164;155 616 451;10;0;2;4;1;1
202300036165;155 616 447;33;13;0;8;1;1
202300036166;155 616 448;7;2;0;1;1;1
202300036167;155 616 444;7;0;2;1;1;1
202300036167;155 616 445;7;0;2;4;1;1
202300036168;155 616 440;7;0;2;3;15;1
202300036168;155 616 443;33;0;2;1;1;1
202300036169;155 616 442;7;5;2;3;1;1
202300036169;155 616 446;7;11;2;1;16;3
202300036170;155 616 441;15;0;1;3;1;1
202300036171;155 616 434;7;0;2;2;1;2
202300036171;155 616 438;7;0;2;8;1;1
202300036172;155 616 433;7;0;2;1;15;1
202300036172;155 616 436;33;0;2;1;1;1
202300036173;155 616 430;14;0;2;4;2;1
202300036173;155 616 432;10;0;2;1;0;1
202300036174;155 616 426;7;0;2;1;5;1
202300036174;155 616 428;30;0;2;1;1;1
202300036175;155 616 422;7;0;2;2;2;1
202300036175;155 616 425;2;0;2;6;0;1
202300036176;155 616 423;2;0;2;1;1;1
202300036176;155 616 427;7;0;2;1;15;1
202300036177;155 616 421;14;0;2;1;2;1
202300036177;155 616 424;7;0;2;4;2;0
202300036178;155 616 416;0;0;1;0;0;0
202300036179;155 616 417;7;0;2;1;1;0
202300036179;155 616 420;7;0;2;7;15;0
202300036180;155 616 414;7;0;2;3;19;0
202300036180;155 616 419;7;0;0;6;1;1
202300036181;155 616 413;10;3;2;1;17;1
202300036181;155 616 415;7;0;2;8;1;1
202300036181;155 616 418;7;0;2;3;12;1
202300036182;155 616 410;7;0;2;2;12;1
202300036182;155 616 412;33;0;2;8;3;1
202300036183;155 616 407;2;0;2;1;1;1
202300036183;155 616 409;7;0;2;2;15;1
202300036184;155 616 402;7;0;2;3;1;1
202300036184;155 616 403;15;0;2;6;1;1
202300036184;155 616 405;7;0;2;1;1;1
202300036185;155 616 406;7;0;2;3;15;1
202300036185;155 616 408;33;0;2;1;1;1
202300036186;155 616 401;31;0;2;3;26;1
202300036186;155 616 404;7;0;2;7;12;1
202300036187;155 616 400;10;2;0;2;14;1
202300036188;155 616 397;7;0;2;1;2;1
202300036188;155 616 399;7;0;2;4;23;1
202300036188;155 616 411;7;0;2;3;2;1
202300036189;155 616 394;7;0;2;8;1;0
202300036189;155 616 396;32;0;2;7;12;1
202300036190;155 616 392;7;0;2;1;17;1
202300036190;155 616 395;14;0;0;8;17;1
202300036191;155 616 393;32;0;2;7;26;1
202300036191;155 616 398;7;0;2;1;26;1
202300036192;155 616 390;7;3;2;1;17;1
202300036192;155 616 391;7;3;2;4;17;1
202300036193;155 616 387;7;13;0;1;13;1
202300036194;155 616 386;7;0;2;3;11;1
202300036194;155 616 389;33;0;2;2;1;1
202300036195;155 616 382;7;0;2;4;2;0
202300036195;155 616 383;7;0;2;4;0;1
202300036195;155 616 385;10;0;2;1;2;1
202300036196;155 616 381;7;17;0;1;1;1
202300036197;155 616 375;7;0;2;1;2;1
202300036197;155 616 377;10;0;2;4;2;1
202300036198;155 616 374;33;0;2;0;0;1
202300036198;155 616 378;7;0;2;3;1;2
202300036198;155 616 380;7;0;2;4;1;1
202300036199;155 616 373;7;0;1;2;1;6
202300036200;155 616 372;7;0;2;1;12;1
202300036200;155 616 376;7;0;2;4;1;1
202300036200;155 616 379;33;0;2;1;3;1
202300036201;155 616 366;7;0;2;1;1;1
202300036201;155 616 370;7;0;0;0;0;0
202300036202;155 616 367;7;0;2;3;1;1
202300036202;155 616 369;7;0;2;3;13;1
202300036203;155 616 365;33;0;2;6;2;1
202300036203;155 616 368;32;0;2;1;2;1
202300036204;155 616 360;10;0;2;8;1;1
202300036204;155 616 364;7;0;2;1;1;1
202300036205;155 616 361;7;0;2;1;9;1
202300036205;155 616 363;2;0;2;1;26;1
202300036206;155 616 358;7;0;2;1;2;1
202300036206;155 616 371;17;0;2;4;2;1
202300036207;155 616 359;10;0;2;2;1;0
202300036207;155 616 362;1;0;2;8;18;5
202300036208;155 616 355;33;0;0;7;12;0
202300036209;155 616 353;7;0;2;1;1;1
202300036209;155 616 356;7;0;2;1;1;1
202300036210;155 616 354;7;0;2;7;15;1
202300036210;155 616 357;33;0;2;2;1;1
202300036211;155 616 349;7;4;2;6;1;1
202300036211;155 616 351;31;4;2;2;12;1
202300036212;155 616 350;1;0;2;1;1;5
202300036212;155 616 352;7;0;0;0;23;1
202300036213;155 616 346;1;0;2;3;2;5
202300036213;155 616 347;7;0;9;5;17;1
202300036214;155 616 345;7;0;2;1;19;1
202300036214;155 616 348;1;0;2;7;2;5
202300036215;155 616 343;7;0;2;6;26;1