Num_Acc;id_vehicule;categorie_vehicule;obstacle_fixe;obstacle_mobile;point_choc_initial;manoeuvre_principale;motorisation
202300036215;155 616 344;33;0;2;2;3;1
202300036216;155 616 342;50;0;1;0;1;3
202300036217;155 616 341;7;0;1;1;15;0
202300036218;155 616 339;7;0;1;1;1;3
202300036219;155 616 338;32;0;2;2;3;1
202300036219;155 616 340;10;0;2;8;11;0
202300036220;155 616 331;10;0;2;1;2;1
202300036220;155 616 334;7;0;2;4;2;1
202300036221;155 616 330;7;0;2;4;1;1
202300036221;155 616 333;7;0;2;1;1;1
202300036221;155 616 336;7;0;2;4;1;1
202300036222;155 616 337;33;1;0;4;14;1
202300036223;155 616 329;7;0;2;1;1;1
202300036224;155 616 332;7;0;2;1;13;1
202300036224;155 616 335;7;0;2;1;1;1
202300036225;155 616 325;30;0;0;8;1;1
202300036225;155 616 328;7;0;0;1;1;2
202300036226;155 616 323;37;0;2;2;1;1
202300036226;155 616 326;7;0;2;1;9;1
202300036227;155 616 322;7;0;2;1;2;1
202300036227;155 616 324;14;0;2;4;1;1
202300036228;155 616 321;1;0;0;7;1;5
202300036229;155 616 318;7;1;0;1;13;1
202300036230;155 616 317;2;0;2;0;5;0
202300036230;155 616 320;7;0;2;2;1;1
202300036231;155 616 316;14;0;2;0;0;1
202300036231;155 616 319;7;0;2;0;9;1
202300036232;155 616 312;1;0;2;1;19;5
202300036232;155 616 314;31;0;2;8;1;1
202300036233;155 616 310;10;0;2;1;1;1
202300036233;155 616 315;33;0;2;3;1;1
202300036234;155 616 311;7;4;2;5;12;1
202300036234;155 616 313;33;4;2;1;3;1
202300036235;155 616 308;30;0;1;1;1;1
202300036236;155 616 306;33;0;2;7;17;1
202300036236;155 616 309;80;0;2;8;1;3
202300036237;155 616 305;10;0;2;2;2;1
202300036237;155 616 307;7;0;2;6;2;1
202300036238;155 616 302;7;0;2;3;15;1
202300036238;155 616 304;2;0;2;1;1;1
202300036239;155 616 301;10;0;2;1;11;1
202300036239;155 616 303;7;0;2;7;1;2
202300036240;155 616 297;7;0;2;4;1;1
202300036240;155 616 298;10;0;2;1;1;1
202300036241;155 616 300;30;0;1;1;1;0
202300036242;155 616 296;7;0;1;1;1;1
202300036243;155 616 293;7;2;0;1;13;1
202300036244;155 616 294;7;0;2;5;11;1
202300036244;155 616 295;33;0;2;1;3;1
202300036245;155 616 290;7;0;2;8;11;1
202300036245;155 616 292;15;0;2;1;1;1
202300036246;155 616 289;7;0;2;1;1;1
202300036246;155 616 291;10;0;2;4;2;1
202300036247;155 616 288;30;0;1;2;1;0
202300036248;155 616 284;33;0;2;8;3;1
202300036248;155 616 286;10;0;2;7;12;0
202300036249;155 616 281;7;0;2;3;15;3
202300036249;155 616 283;31;0;2;2;17;1
202300036250;155 616 279;7;0;2;4;11;1
202300036250;155 616 282;33;0;2;1;3;1
202300036251;155 616 277;33;0;0;1;1;1
202300036252;155 616 275;10;0;0;7;14;1
202300036253;155 616 274;7;0;2;4;2;1
202300036253;155 616 276;7;0;2;1;2;1
202300036254;155 616 270;31;0;2;1;1;1
202300036254;155 616 272;7;0;2;8;11;1
202300036255;155 616 269;33;0;2;2;13;1
202300036255;155 616 271;7;0;2;6;17;1
202300036256;155 616 273;32;0;0;0;21;1
202300036257;155 616 266;33;0;2;1;11;1
202300036257;155 616 268;10;0;2;6;2;1
202300036258;155 616 265;10;0;2;1;1;1
202300036258;155 616 267;20;0;2;5;15;1
202300036259;155 616 263;50;0;1;0;25;3
202300036260;155 616 261;1;0;2;8;1;5
202300036260;155 616 262;7;0;2;3;15;1
202300036261;155 616 258;7;0;2;3;1;2
202300036261;155 616 260;80;0;2;1;1;3
202300036262;155 616 256;10;0;2;2;1;1
202300036262;155 616 264;7;0;2;3;1;1
202300036263;155 616 257;60;0;2;1;1;5
202300036263;155 616 259;7;0;2;8;9;2
202300036264;155 616 254;7;1;2;5;15;3
202300036264;155 616 255;7;1;2;2;21;1
202300036265;155 616 253;7;0;1;1;5;1
202300036266;155 616 249;7;0;0;4;23;0
202300036266;155 616 251;7;0;2;1;0;0
202300036267;155 616 250;80;0;2;8;1;3
202300036267;155 616 252;7;0;2;7;16;1
202300036268;155 616 247;7;0;2;6;11;1
202300036268;155 616 248;7;0;2;1;2;1
202300036269;155 616 245;1;0;2;8;1;5
202300036269;155 616 246;80;0;2;0;11;3
202300036270;155 616 244;7;0;1;4;26;0
202300036271;155 616 243;7;1;0;3;1;1
202300036272;155 616 241;1;0;2;1;1;5
202300036272;155 616 242;7;0;2;3;11;1
202300036273;155 616 239;30;0;2;1;1;0
202300036273;155 616 240;7;0;2;3;9;1
202300036274;155 616 238;10;0;1;1;16;1
202300036275;155 616 237;32;0;1;1;17;1
202300036276;155 616 233;7;0;2;0;0;0
202300036276;155 616 235;1;0;2;1;0;5
202300036277;155 616 234;10;0;2;8;24;1
202300036277;155 616 236;1;0;2;1;1;5
202300036278;155 616 231;7;0;1;0;0;1
202300036279;155 616 229;7;0;1;2;21;1
202300036280;155 616 230;32;0;2;1;2;1
202300036280;155 616 232;32;0;2;4;2;1
202300036281;155 616 227;7;7;0;1;9;2
202300036282;155 616 226;30;0;2;1;1;1
202300036282;155 616 228;37;0;2;4;7;1
202300036283;155 616 225;2;0;1;1;1;1
202300036284;155 616 224;7;0;1;1;1;1
202300036285;155 616 223;32;0;1;1;18;1
202300036286;155 616 222;7;0;1;2;1;1
202300036287;155 616 220;7;0;2;2;17;0
202300036287;155 616 221;37;0;2;3;1;6
202300036288;155 616 219;7;1;0;1;1;1
202300036289;155 616 218;60;0;0;0;0;5
202300036290;155 616 215;7;0;2;5;23;1
202300036290;155 616 217;1;0;2;1;1;5
202300036291;155 616 216;7;8;1;1;16;0
202300036292;155 616 213;33;0;9;1;1;1
202300036292;155 616 214;1;0;2;8;19;5
202300036293;155 616 212;7;0;1;1;0;1
202300036294;155 616 211;7;1;0;1;0;1
202300036295;155 616 208;7;0;2;5;15;1
202300036295;155 616 210;2;0;2;1;1;1
202300036296;155 616 209;32;0;1;1;1;1
202300036297;155 616 206;7;0;2;5;15;0
202300036297;155 616 207;2;0;2;1;1;1
202300036298;155 616 205;7;9;0;1;1;1
202300036299;155 616 203;7;0;2;3;9;1
202300036299;155 616 204;1;0;0;7;1;5
202300036300;155 616 201;7;0;0;0;0;1
202300036300;155 616 202;2;0;2;1;0;1
202300036301;155 616 199;33;0;2;1;5;1
202300036301;155 616 200;10;0;2;3;2;1
202300036302;155 616 198;7;0;1;7;1;1
202300036303;155 616 197;7;0;1;1;1;1
202300036304;155 616 196;7;0;1;1;15;0
202300036305;155 616 194;7;0;2;1;1;0
202300036305;155 616 195;7;0;2;2;6;0
202300036306;155 616 192;1;0;2;0;0;5
202300036306;155 616 193;14;0;2;7;2;1
202300036307;155 616 189;1;0;0;1;14;5
202300036308;155 616 188;17;0;2;1;1;1
202300036308;155 616 190;7;0;2;1;13;1
202300036309;155 616 187;7;0;2;1;1;1
202300036309;155 616 191;7;0;0;1;13;1
202300036310;155 616 186;1;0;0;1;1;5
202300036311;155 616 185;10;13;0;7;21;1
202300036312;155 616 184;7;13;0;2;1;1
202300036313;155 616 182;7;13;0;9;0;1
202300036314;155 616 181;31;0;2;3;1;3
202300036314;155 616 183;7;0;2;2;12;1
202300036315;155 616 179;31;2;2;4;17;1
202300036315;155 616 180;7;0;2;3;15;1
202300036316;155 616 175;7;0;2;3;2;1
202300036316;155 616 178;7;3;0;7;2;1
202300036317;155 616 174;7;0;2;2;16;2
202300036317;155 616 177;1;0;2;4;2;5
202300036318;155 616 173;7;0;2;1;5;0
202300036318;155 616 176;7;0;2;1;1;0
202300036319;155 616 171;7;0;2;7;1;1
202300036319;155 616 172;7;0;2;1;15;1
202300036320;155 616 169;33;0;0;7;1;1
202300036321;155 616 168;1;0;2;2;11;5
202300036321;155 616 170;10;0;2;4;4;1
202300036322;155 616 167;7;9;0;5;5;1
202300036323;155 616 164;7;0;2;2;16;2
202300036323;155 616 165;1;0;2;2;1;5
202300036324;155 616 162;7;0;2;3;17;1
202300036324;155 616 166;7;0;2;1;1;1
202300036325;155 616 160;10;0;2;4;1;1
202300036325;155 616 161;7;0;2;4;1;1
202300036325;155 616 163;7;0;2;1;1;1
202300036326;155 616 157;7;0;2;3;1;1
202300036326;155 616 159;7;0;2;8;1;1
202300036327;155 616 156;32;1;2;1;17;1
202300036327;155 616 158;7;0;2;3;15;3
202300036328;155 616 151;7;0;2;3;1;1
202300036328;155 616 152;7;0;2;3;1;1
202300036329;155 616 153;7;0;2;1;1;1
202300036329;155 616 154;7;0;2;4;1;1
202300036329;155 616 155;7;0;2;4;1;1
202300036330;155 616 150;7;0;1;1;0;0
202300036331;155 616 148;10;0;1;2;1;1
202300036332;155 616 149;7;16;0;1;14;1
202300036333;155 616 145;7;0;2;6;0;1
202300036333;155 616 147;33;0;2;1;2;1
202300036334;155 616 143;20;0;2;3;1;1
202300036334;155 616 144;7;0;2;2;17;1
202300036334;155 616 146;7;1;0;1;1;1
202300036335;155 616 142;7;0;1;1;1;2
202300036336;155 616 141;7;1;0;2;1;1
202300036337;155 616 138;7;0;2;2;5;1
202300036337;155 616 140;10;0;2;2;5;1
202300036338;155 616 136;32;0;2;1;1;1
202300036339;155 616 137;7;0;2;1;9;1
202300036339;155 616 139;33;0;2;7;1;1
202300036340;155 616 135;7;0;1;2;1;3
202300036341;155 616 133;31;0;0;0;26;1
202300036342;155 616 134;7;0;1;8;1;0
202300036343;155 616 131;14;0;2;3;1;1
202300036343;155 616 132;7;0;2;3;13;1
202300036344;155 616 128;7;0;2;2;16;1
202300036344;155 616 130;34;0;2;8;18;1
202300036345;155 616 125;17;0;2;1;21;1
202300036345;155 616 127;7;0;2;1;13;1
202300036346;155 616 122;60;0;0;4;2;5
202300036346;155 616 124;7;0;2;2;1;1
202300036346;155 616 126;1;0;0;0;2;5
202300036346;155 616 129;1;0;0;0;2;5
202300036347;155 616 120;7;0;2;2;1;1
202300036347;155 616 123;7;0;2;1;1;1
202300036348;155 616 119;7;2;0;1;13;1
202300036349;155 616 118;7;0;2;1;15;1
202300036349;155 616 121;7;0;2;1;1;1
202300036350;155 616 116;50;0;2;1;25;3
202300036350;155 616 117;1;0;2;1;25;5
202300036351;155 616 114;7;0;1;1;15;1
202300036352;155 616 113;2;0;2;2;1;1
202300036352;155 616 115;7;0;0;6;9;1
202300036353;155 616 110;2;0;0;0;0;1
202300036354;155 616 111;7;0;2;5;1;1
202300036354;155 616 112;7;0;2;3;1;1
202300036355;155 616 108;7;0;0;4;17;1
202300036355;155 616 109;7;0;2;1;2;1
202300036356;155 616 106;7;0;0;0;14;0
202300036357;155 616 105;7;0;2;6;20;1
202300036357;155 616 107;33;0;2;1;0;1
202300036358;155 616 102;10;0;1;5;16;0
202300036359;155 616 103;7;0;2;5;12;1
202300036359;155 616 104;32;0;2;8;0;1
202300036360;155 616 100;80;0;2;7;1;3
202300036360;155 616 101;7;0;2;7;16;0
202300036361;155 616 099;7;0;0;2;1;1
202300036362;155 616 094;7;0;2;2;16;1
202300036362;155 616 097;43;0;2;3;18;1
202300036363;155 616 092;7;0;2;3;13;1
202300036363;155 616 093;7;0;2;1;1;1
202300036363;155 616 096;7;0;2;3;1;1
202300036364;155 616 089;37;0;2;8;15;0
202300036364;155 616 091;50;0;2;1;7;3
202300036365;155 616 088;17;0;0;4;2;1
202300036365;155 616 090;7;0;2;1;2;0
202300036366;155 616 087;7;0;1;3;0;1
202300036367;155 616 085;50;1;0;1;26;3
202300036367;155 616 086;7;1;0;0;24;1
202300036368;155 616 084;32;0;0;8;9;1
202300036369;155 616 083;7;4;0;0;2;1
202300036370;155 616 081;7;0;1;1;1;1
202300036371;155 616 079;7;0;2;3;11;1
202300036371;155 616 080;7;0;2;7;17;1
202300036371;155 616 082;15;0;2;8;2;1
202300036372;155 616 077;7;0;1;1;1;1
202300036373;155 616 078;7;2;0;1;1;1
202300036374;155 616 075;31;0;2;1;1;1
202300036374;155 616 076;7;0;2;3;20;1
202300036375;155 616 072;7;0;2;2;16;0
202300036375;155 616 074;30;0;2;3;18;1
202300036376;155 616 071;7;0;2;3;1;1
202300036376;155 616 073;7;0;2;0;1;1
202300036377;155 616 068;7;0;2;2;12;1
202300036377;155 616 070;15;0;0;6;0;1
202300036378;155 616 067;30;0;2;7;16;1
202300036378;155 616 069;30;0;2;1;18;1
202300036379;155 616 065;7;0;1;2;1;1
202300036380;155 616 063;7;0;2;3;1;1
202300036380;155 616 066;1;0;2;1;3;5
202300036381;155 616 061;15;1;0;1;1;1
202300036381;155 616 062;10;0;0;4;24;1
202300036381;155 616 064;7;0;0;3;24;1
202300036382;155 616 058;1;0;2;1;0;5
202300036382;155 616 060;7;0;2;3;1;3
202300036383;155 616 057;10;0;0;1;0;1
202300036384;155 616 056;7;0;2;3;13;1
202300036384;155 616 059;15;0;2;8;1;1
202300036385;155 616 055;7;0;0;2;1;1
202300036386;155 616 054;7;0;1;0;0;0
202300036387;155 616 053;33;12;0;1;5;1
202300036388;155 616 052;7;0;1;0;1;1
202300036389;155 616 049;7;0;2;1;19;0
202300036389;155 616 051;7;0;2;2;1;0
202300036390;155 616 048;43;13;0;1;1;1
202300036391;155 616 047;7;0;5;1;1;1
202300036391;155 616 050;7;0;2;3;13;1
202300036392;155 616 045;7;0;1;2;1;1
202300036393;155 616 041;7;0;9;1;2;1
202300036393;155 616 042;50;0;0;8;13;3
202300036394;155 616 039;60;0;2;8;19;5
202300036394;155 616 043;10;0;2;1;19;1
202300036395;155 616 038;33;0;2;1;17;1
202300036395;155 616 040;7;0;0;6;15;1
202300036396;155 616 037;37;6;0;1;1;1
202300036397;155 616 035;10;0;2;6;11;1
202300036397;155 616 036;32;0;2;7;1;1
202300036398;155 616 034;7;2;0;1;14;1
202300036399;155 616 032;1;0;2;8;16;5
202300036399;155 616 033;14;0;2;7;16;1
202300036400;155 616 027;7;0;0;8;1;1
202300036400;155 616 030;7;0;0;1;19;1
202300036401;155 616 028;33;0;2;3;1;0
202300036401;155 616 031;7;0;2;5;12;0
202300036402;155 616 026;7;0;2;5;10;0
202300036402;155 616 029;33;0;2;1;16;0
202300036403;155 616 024;7;6;1;4;26;1
202300036404;155 616 025;33;0;2;1;0;1
202300036405;155 616 021;15;0;2;4;11;1
202300036405;155 616 023;13;0;2;1;1;1
202300036406;155 616 019;80;0;2;1;0;3
202300036406;155 616 022;7;0;9;3;0;1
202300036407;155 616 020;33;0;9;0;1;1
202300036408;155 616 016;7;0;2;1;5;1
202300036408;155 616 018;7;0;2;1;1;1
202300036409;155 616 015;7;0;2;8;11;1
202300036409;155 616 017;33;0;2;7;1;1
202300036410;155 616 012;80;0;0;0;26;3
202300036411;155 616 011;7;4;0;1;1;1
202300036412;155 616 013;7;0;2;6;11;1
202300036412;155 616 014;43;0;2;2;3;1
202300036413;155 616 009;7;0;1;6;4;1
202300036414;155 616 007;7;4;2;6;9;0
202300036414;155 616 010;10;0;2;2;14;0
202300036415;155 616 006;7;0;2;4;1;1
202300036415;155 616 008;7;0;2;1;1;1
202300036416;155 616 004;7;0;0;9;5;1
202300036417;155 616 003;7;0;2;1;13;1
202300036417;155 616 005;7;0;2;1;1;1
202300036418;155 616 000;10;0;2;2;12;1
202300036418;155 616 002;33;0;2;3;3;1
202300036419;155 615 999;7;4;0;3;1;0
202300036420;155 615 997;7;0;2;1;1;1
202300036420;155 615 998;33;0;0;4;1;1
202300036420;155 616 001;43;0;2;4;1;1
202300036421;155 615 995;7;4;0;1;2;1
202300036422;155 615 994;7;2;0;7;0;1
202300036423;155 615 991;33;0;0;9;13;1
202300036424;155 615 990;7;0;2;1;1;1
202300036424;155 615 992;7;0;2;4;2;1
202300036425;155 615 993;31;14;0;1;1;1
202300036425;155 615 996;7;0;2;4;23;2
202300036426;155 615 985;7;0;0;0;16;0
202300036426;155 615 987;80;0;0;0;1;3
202300036427;155 615 983;7;0;0;3;1;1
202300036427;155 615 988;7;0;2;3;13;1
202300036428;155 615 984;7;0;2;4;2;1
202300036428;155 615 986;7;0;2;1;2;1
202300036428;155 615 989;7;0;2;4;2;1
202300036429;155 615 982;1;0;0;0;1;5
202300036430;155 615 981;10;13;0;3;1;1
202300036431;155 615 978;10;0;2;4;23;1
202300036431;155 615 980;7;0;2;1;2;1
202300036432;155 615 977;7;0;2;1;13;1
202300036432;155 615 979;7;0;2;1;1;1
202300036433;155 615 975;1;0;2;7;9;5
202300036433;155 615 976;1;0;2;1;1;5
202300036434;155 615 973;7;0;2;3;15;1
202300036434;155 615 974;2;0;2;1;1;1
202300036435;155 615 970;7;0;0;5;15;0
202300036435;155 615 971;33;0;2;3;1;1
202300036436;155 615 969;1;0;2;5;2;5
202300036436;155 615 972;2;0;2;3;2;3
202300036437;155 615 968;7;2;0;0;1;1
202300036438;155 615 966;32;0;2;1;17;1
202300036438;155 615 967;7;0;2;3;19;1
202300036439;155 615 964;7;0;2;3;5;1
202300036439;155 615 965;7;0;2;1;1;1
202300036440;155 615 963;7;2;0;2;1;1
202300036441;155 615 961;7;0;2;3;13;1
202300036441;155 615 962;13;0;2;3;1;1
202300036442;155 615 959;7;0;2;1;1;1
202300036442;155 615 960;7;0;0;1;0;1
202300036443;155 615 958;7;0;1;1;17;1
202300036444;155 615 957;7;13;0;1;0;1
202300036445;155 615 956;10;0;1;4;20;1
202300036446;155 615 952;7;0;0;4;2;1
202300036446;155 615 953;7;0;2;1;2;1
202300036447;155 615 950;7;0;2;1;1;1
202300036447;155 615 951;7;0;2;7;19;1
202300036448;155 615 948;21;0;0;0;21;1
202300036448;155 615 949;33;0;2;8;21;1
202300036449;155 615 946;1;0;2;1;15;5
202300036449;155 615 947;7;0;2;2;1;1
202300036450;155 615 945;43;13;0;1;1;1
202300036451;155 615 943;10;0;0;4;23;1
202300036451;155 615 944;33;1;0;1;26;1
202300036452;155 615 942;14;0;1;4;4;1
202300036453;155 615 941;33;0;0;0;1;1
202300036454;155 615 939;33;0;2;8;17;1
202300036454;155 615 940;7;0;2;7;17;1
202300036455;155 615 938;7;8;0;3;26;1
202300036456;155 615 936;7;0;2;3;1;1
202300036456;155 615 937;7;0;2;3;1;1
202300036457;155 615 934;33;0;2;1;1;1
202300036457;155 615 935;7;0;2;3;19;1
202300036458;155 615 932;33;13;2;8;1;1
202300036458;155 615 933;7;0;2;7;15;1
202300036459;155 615 930;33;0;2;1;1;1
202300036459;155 615 931;7;0;2;3;15;1
202300036460;155 615 929;7;2;0;1;1;1
202300036461;155 615 927;33;0;2;2;17;1
202300036461;155 615 928;7;0;2;3;1;0
202300036462;155 615 925;7;0;2;2;16;1
202300036462;155 615 926;33;0;2;6;1;1
202300036463;155 615 923;10;0;2;1;1;1
202300036463;155 615 924;15;0;0;4;1;1
202300036464;155 615 921;36;0;2;3;13;1
202300036464;155 615 922;10;0;2;3;1;1
202300036465;155 615 919;2;0;2;1;1;1
202300036465;155 615 920;7;0;2;6;10;1
202300036466;155 615 917;7;0;2;1;2;1
202300036466;155 615 918;10;0;0;4;1;1
202300036467;155 615 916;33;13;0;8;17;1
202300036468;155 615 914;7;0;2;2;1;0
202300036468;155 615 915;7;0;2;3;16;0
202300036469;155 615 912;33;0;2;1;1;1
202300036469;155 615 913;7;0;2;3;15;1
202300036470;155 615 910;7;3;2;1;2;1
202300036470;155 615 911;7;0;2;6;2;1
202300036471;155 615 908;31;0;2;8;1;1
202300036471;155 615 909;33;0;0;7;23;1
202300036472;155 615 906;7;0;2;3;9;1
202300036472;155 615 907;33;0;2;2;1;1
202300036473;155 615 905;33;16;0;9;0;1
202300036474;155 615 903;33;0;2;1;5;1
202300036474;155 615 904;7;0;2;3;1;0
202300036475;155 615 901;7;0;2;4;2;1
202300036475;155 615 902;33;0;2;1;2;1
202300036476;155 615 900;10;3;0;1;13;1
202300036477;155 615 898;1;0;2;8;1;5
202300036477;155 615 899;7;0;2;1;1;3
202300036478;155 615 897;7;17;0;1;1;1
202300036479;155 615 895;7;0;2;3;13;1
202300036479;155 615 896;7;0;2;3;1;1
202300036480;155 615 893;7;0;2;1;13;1
202300036480;155 615 894;7;0;0;1;23;1
202300036481;155 615 892;7;6;0;1;13;1
202300036482;155 615 891;1;0;0;0;1;5
202300036483;155 615 890;7;0;0;0;1;1
202300036484;155 615 889;35;8;0;1;16;1
202300036485;155 615 888;2;7;0;0;1;0
202300036486;155 615 886;10;0;2;5;1;1
202300036486;155 615 887;34;0;2;5;1;1
202300036487;155 615 884;7;0;2;2;1;1
202300036487;155 615 885;34;0;2;8;18;1
202300036488;155 615 880;7;0;2;4;1;1
202300036488;155 615 881;7;0;2;4;1;0
202300036488;155 615 882;7;0;2;4;1;1
202300036488;155 615 883;7;0;2;1;1;0
202300036489;155 615 878;7;0;2;6;1;1
202300036489;155 615 879;7;0;2;0;0;1
202300036490;155 615 877;7;4;0;0;1;1
202300036491;155 615 876;7;3;0;0;1;1
202300036492;155 615 874;7;0;2;1;1;1
202300036492;155 615 875;7;0;2;4;1;0
202300036493;155 615 872;20;0;2;1;2;1
202300036493;155 615 873;7;0;2;4;2;1
202300036494;155 615 870;0;0;2;2;14;0
202300036494;155 615 871;43;0;2;3;3;1
202300036495;155 615 868;7;0;2;2;0;1
202300036495;155 615 869;7;0;2;6;23;1
202300036496;155 615 864;10;0;2;6;1;1
202300036496;155 615 865;7;0;2;8;12;2
202300036496;155 615 866;10;0;2;4;1;1
202300036496;155 615 867;33;0;2;7;3;1
202300036497;155 615 863;30;8;0;1;1;1
202300036498;155 615 861;33;0;2;1;1;1
202300036498;155 615 862;7;0;2;8;9;2
202300036499;155 615 859;7;0;2;1;1;1
202300036499;155 615 860;2;0;2;3;1;1
202300036500;155 615 857;37;0;2;3;1;1
202300036500;155 615 858;10;0;2;2;16;1
202300036501;155 615 856;30;6;0;1;14;1
202300036502;155 615 854;10;1;2;1;2;1
202300036502;155 615 855;7;1;2;4;2;1
202300036503;155 615 853;33;12;2;0;1;1
202300036504;155 615 851;7;0;2;8;0;1
202300036504;155 615 852;7;0;2;3;1;1
202300036505;155 615 849;2;0;2;8;1;1
202300036505;155 615 850;7;0;9;1;15;1
202300036506;155 615 847;33;0;2;1;1;1
202300036506;155 615 848;30;0;2;1;13;1
202300036507;155 615 846;2;14;9;0;13;1
202300036508;155 615 844;7;0;2;3;14;1
202300036508;155 615 845;99;0;2;3;2;0
202300036509;155 615 842;7;0;2;8;0;1
202300036509;155 615 843;2;0;2;8;15;1
202300036510;155 615 840;1;0;0;0;0;5
202300036510;155 615 841;7;0;0;0;1;0
202300036511;155 615 838;7;0;0;5;16;1
202300036511;155 615 839;31;0;2;1;2;1
202300036512;155 615 837;7;4;0;1;1;1
202300036513;155 615 833;7;0;2;4;2;1
202300036513;155 615 834;7;0;2;4;2;1
202300036513;155 615 835;7;0;2;4;2;1
202300036513;155 615 836;7;0;2;1;2;0
202300036514;155 615 832;7;6;0;1;9;1
202300036515;155 615 831;7;6;0;1;16;1
202300036516;155 615 830;7;0;1;2;1;1
202300036517;155 615 828;7;0;9;3;26;0
202300036517;155 615 829;50;0;2;1;19;3
202300036518;155 615 826;43;0;2;1;21;1
202300036518;155 615 827;7;0;9;4;23;1
202300036519;155 615 824;7;0;2;4;1;1
202300036519;155 615 825;7;0;2;4;16;1
202300036520;155 615 822;1;0;2;2;26;5
202300036520;155 615 823;10;0;9;2;26;1
202300036521;155 615 820;7;0;2;2;1;1
202300036521;155 615 821;7;0;2;2;1;1
202300036522;155 615 819;7;0;1;1;2;1
202300036523;155 615 818;7;0;1;1;15;1
202300036524;155 615 816;7;0;2;1;1;1
202300036524;155 615 817;7;0;2;4;1;1
202300036525;155 615 815;7;0;1;2;16;1
202300036526;155 615 813;33;0;2;1;26;1
202300036526;155 615 814;7;0;2;4;26;1
202300036527;155 615 812;7;8;0;2;14;1
202300036528;155 615 811;50;0;0;8;0;3
202300036529;155 615 809;7;0;2;3;14;1
202300036529;155 615 810;7;0;2;8;23;1
202300036530;155 615 808;17;0;1;1;1;1
202300036531;155 615 806;33;0;2;1;17;1
202300036531;155 615 807;7;0;2;3;15;1
202300036532;155 615 804;7;0;0;1;1;0
202300036532;155 615 805;99;0;2;1;15;0
202300036533;155 615 803;7;0;1;1;1;1
202300036534;155 615 801;7;0;2;5;1;1
202300036534;155 615 802;7;0;2;1;15;1
202300036535;155 615 799;7;0;2;1;1;1
202300036535;155 615 800;50;0;2;3;19;3
202300036536;155 615 798;7;0;1;2;1;1
202300036537;155 615 796;7;0;2;2;15;1
202300036537;155 615 797;1;0;2;1;1;5
202300036538;155 615 795;10;1;2;0;0;1
202300036539;155 615 794;10;0;1;2;2;1
202300036540;155 615 792;1;0;2;0;0;5
202300036540;155 615 793;13;0;2;7;0;0
202300036541;155 615 791;2;11;0;1;1;1
202300036542;155 615 790;33;14;0;8;1;1
202300036543;155 615 788;50;0;2;8;19;3
202300036543;155 615 789;7;0;2;1;16;1
202300036544;155 615 786;7;0;2;3;15;1
202300036544;155 615 787;32;0;2;1;1;1
202300036545;155 615 784;15;13;2;0;14;1
202300036545;155 615 785;7;13;2;0;21;1
202300036546;155 615 782;7;0;2;1;2;1
202300036546;155 615 783;33;0;2;4;1;1
202300036547;155 615 781;50;0;0;0;1;3
202300036548;155 615 780;7;9;0;1;0;1
202300036549;155 615 778;30;0;2;1;1;0
202300036549;155 615 779;7;0;2;3;15;1
202300036550;155 615 774;7;0;2;2;2;1
202300036550;155 615 776;43;0;2;1;2;1
202300036550;155 615 777;7;0;2;4;2;1
202300036551;155 615 773;32;0;2;1;1;1
202300036551;155 615 775;10;0;2;1;15;1
202300036552;155 615 771;7;0;2;1;2;1
202300036552;155 615 772;7;0;0;4;1;3
202300036553;155 615 769;7;0;2;3;15;1
202300036553;155 615 770;33;0;2;3;1;1
202300036554;155 615 767;7;0;2;2;12;1
202300036554;155 615 768;31;0;2;3;3;1
202300036555;155 615 765;30;0;2;0;1;1
202300036555;155 615 766;0;0;0;0;13;0
202300036556;155 615 763;33;0;2;1;3;1
202300036556;155 615 764;7;0;2;6;11;0
202300036557;155 615 761;38;0;9;1;1;1
202300036557;155 615 762;50;0;2;4;11;3
202300036558;155 615 758;7;0;2;5;23;1
202300036558;155 615 760;10;0;2;3;14;1
202300036559;155 615 757;2;0;2;1;1;1
202300036559;155 615 759;7;0;2;3;15;1
202300036560;155 615 756;50;0;1;1;1;3
202300036561;155 615 754;31;0;2;4;17;1
202300036561;155 615 755;7;0;2;1;15;1
202300036562;155 615 752;60;0;2;1;19;5
202300036562;155 615 753;50;0;2;7;9;3
202300036563;155 615 750;7;0;0;1;5;1
202300036563;155 615 751;33;0;0;1;1;1
202300036564;155 615 749;10;0;1;2;21;3
202300036565;155 615 745;7;0;2;3;1;1
202300036565;155 615 748;7;0;2;3;13;1
202300036566;155 615 746;1;0;2;1;5;5
202300036566;155 615 747;10;0;2;3;1;1
202300036567;155 615 742;7;0;2;1;2;1
202300036567;155 615 744;31;0;0;4;1;1
202300036568;155 615 739;10;0;2;8;15;1
202300036568;155 615 740;2;0;2;1;17;1
202300036569;155 615 741;7;0;2;1;13;1
202300036569;155 615 743;7;0;2;1;1;1
202300036570;155 615 737;37;1;0;1;1;1
202300036570;155 615 738;37;0;0;4;23;1
202300036571;155 615 735;7;0;2;1;15;6
202300036571;155 615 736;7;0;2;1;1;6
202300036572;155 615 733;7;0;2;2;1;1
202300036572;155 615 734;1;0;2;4;1;5
202300036573;155 615 732;50;0;0;1;2;3