Num_Acc;id_vehicule;categorie_vehicule;obstacle_fixe;obstacle_mobile;point_choc_initial;manoeuvre_principale;motorisation
202300036931;155 615 107;7;0;2;1;1;1
202300036932;155 615 103;10;0;1;3;1;1
202300036933;155 615 102;7;0;1;2;1;1
202300036934;155 615 104;50;0;2;2;0;3
202300036934;155 615 105;7;0;2;2;16;0
202300036935;155 615 100;7;0;2;1;1;1
202300036935;155 615 101;7;0;2;4;15;1
202300036936;155 615 096;7;0;2;2;1;1
202300036936;155 615 097;33;0;0;4;23;1
202300036937;155 615 098;1;0;2;1;1;5
202300036937;155 615 099;7;0;2;0;0;0
202300036938;155 615 095;2;0;0;0;1;1
202300036939;155 615 093;7;3;0;0;1;1
202300036940;155 615 092;7;0;2;2;15;1
202300036940;155 615 094;7;0;2;3;1;1
202300036941;155 615 091;33;16;0;3;17;1
202300036942;155 615 090;7;0;1;2;1;1
202300036943;155 615 087;7;0;2;4;24;1
202300036943;155 615 089;7;1;0;1;1;1
202300036944;155 615 083;7;0;2;5;12;1
202300036944;155 615 084;33;0;2;1;1;1
202300036945;155 615 081;7;16;2;3;20;1
202300036945;155 615 082;33;0;2;1;1;1
202300036946;155 615 079;10;0;2;3;1;1
202300036946;155 615 080;10;0;2;3;13;1
202300036947;155 615 076;7;0;2;1;1;1
202300036947;155 615 078;10;0;2;8;1;1
202300036948;155 615 075;7;0;2;1;2;1
202300036948;155 615 077;10;0;2;4;23;1
202300036949;155 615 072;7;0;2;1;1;1
202300036949;155 615 073;10;0;2;1;2;1
202300036949;155 615 074;10;0;2;4;2;1
202300036950;155 615 070;7;0;2;8;15;1
202300036950;155 615 071;33;0;2;1;1;1
202300036951;155 615 069;7;4;0;2;1;1
202300036952;155 615 067;33;0;2;4;2;1
202300036952;155 615 068;10;0;2;1;2;1
202300036953;155 615 064;7;0;2;1;1;1
202300036953;155 615 066;1;0;2;8;19;5
202300036954;155 615 063;7;0;2;2;13;2
202300036954;155 615 065;33;0;2;7;1;1
202300036955;155 615 062;7;0;1;1;1;1
202300036956;155 615 060;7;0;0;0;0;1
202300036956;155 615 061;33;0;0;0;0;1
202300036957;155 615 056;7;4;2;1;5;1
202300036957;155 615 058;34;4;2;1;1;1
202300036958;155 615 055;7;0;2;3;9;1
202300036958;155 615 057;1;0;2;1;1;5
202300036959;155 615 054;7;4;0;1;1;1
202300036960;155 615 052;37;0;1;5;20;3
202300036961;155 615 053;1;0;1;7;1;5
202300036962;155 615 050;80;0;2;1;1;3
202300036962;155 615 051;7;0;2;6;22;1
202300036963;155 615 048;7;0;1;6;4;1
202300036964;155 615 047;7;0;2;1;2;1
202300036964;155 615 049;7;0;2;4;2;1
202300036965;155 615 045;7;0;2;1;1;2
202300036965;155 615 046;60;0;2;7;19;5
202300036966;155 615 042;10;0;2;0;1;1
202300036966;155 615 044;7;0;2;0;1;1
202300036967;155 615 041;7;0;2;2;22;1
202300036967;155 615 043;32;0;2;1;1;1
202300036968;155 615 040;34;0;1;1;1;3
202300036969;155 615 037;7;0;2;8;16;1
202300036969;155 615 039;31;0;2;8;16;1
202300036970;155 615 034;7;0;2;6;22;2
202300036970;155 615 035;1;0;2;7;1;5
202300036971;155 615 036;7;0;2;1;23;1
202300036971;155 615 038;10;0;2;4;4;1
202300036972;155 615 032;7;0;2;3;15;0
202300036972;155 615 033;33;0;2;1;1;0
202300036973;155 615 029;1;0;2;4;2;5
202300036973;155 615 031;7;0;2;1;2;1
202300036974;155 615 028;33;0;2;1;1;1
202300036974;155 615 030;50;0;2;4;15;3
202300036975;155 615 025;33;0;2;7;1;1
202300036975;155 615 026;7;0;2;1;15;1
202300036976;155 615 023;10;1;0;8;13;1
202300036977;155 615 024;7;0;0;4;1;1
202300036977;155 615 027;7;0;2;1;1;1
202300036978;155 615 020;50;0;2;3;16;3
202300036978;155 615 021;7;0;2;7;2;1
202300036979;155 615 019;30;0;2;1;17;1
202300036979;155 615 022;7;0;2;1;15;1
202300036980;155 615 016;7;0;2;3;13;1
202300036980;155 615 017;30;0;2;7;17;1
202300036981;155 615 013;10;0;2;1;1;1
202300036981;155 615 014;7;0;2;0;0;1
202300036981;155 615 015;7;0;2;0;0;1
202300036981;155 615 018;7;0;2;0;0;1
202300036982;155 615 011;7;0;2;2;16;1
202300036982;155 615 012;32;0;2;1;7;1
202300036983;155 615 010;7;4;0;1;15;1
202300036984;155 615 007;7;0;2;5;15;0
202300036984;155 615 008;30;0;2;1;2;0
202300036985;155 615 005;7;2;0;1;1;1
202300036986;155 615 003;33;0;2;1;3;1
202300036986;155 615 004;10;0;2;2;12;1
202300036986;155 615 006;7;0;2;7;1;1
202300036986;155 615 009;7;0;2;5;1;1
202300036987;155 615 001;33;0;2;3;13;1
202300036987;155 615 002;7;0;2;3;15;1
202300036988;155 614 998;7;0;2;1;1;1
202300036988;155 614 999;10;0;2;1;15;1
202300036989;155 615 000;7;0;1;2;1;1
202300036990;155 614 997;7;16;0;8;1;1
202300036991;155 614 995;7;0;2;1;2;1
202300036991;155 614 996;7;0;2;5;2;1
202300036992;155 614 994;7;3;0;0;0;1
202300036993;155 614 992;2;0;0;0;1;0
202300036994;155 614 989;7;0;2;3;5;1
202300036994;155 614 990;7;0;2;3;1;1
202300036995;155 614 991;1;0;2;4;1;5
202300036995;155 614 993;7;0;9;1;1;1
202300036996;155 614 987;7;0;2;1;1;1
202300036996;155 614 988;7;0;2;1;5;1
202300036997;155 614 986;7;13;0;1;1;1
202300036998;155 614 982;7;0;2;2;13;1
202300036998;155 614 983;7;0;2;3;1;1
202300036999;155 614 984;7;0;2;7;9;1
202300036999;155 614 985;7;0;2;1;1;1
202300037000;155 614 980;7;0;2;1;9;1
202300037000;155 614 981;1;0;0;5;1;5
202300037001;155 614 979;7;4;0;1;0;0
202300037002;155 614 978;7;0;1;7;2;1
202300037003;155 614 975;2;0;2;1;1;1
202300037003;155 614 977;7;0;2;3;6;0
202300037004;155 614 974;7;0;2;2;14;1
202300037004;155 614 976;33;0;2;3;3;1
202300037005;155 614 973;7;7;0;0;2;1
202300037006;155 614 969;7;0;2;3;13;1
202300037006;155 614 971;7;0;2;3;1;1
202300037007;155 614 970;33;0;2;0;0;0
202300037007;155 614 972;7;0;0;0;20;1
202300037008;155 614 967;30;0;0;1;1;1
202300037009;155 614 966;0;0;1;1;1;0
202300037010;155 614 964;21;0;2;4;1;1
202300037010;155 614 965;33;0;2;4;1;1
202300037010;155 614 968;33;0;2;1;1;1
202300037011;155 614 963;33;0;0;9;10;1
202300037012;155 614 962;7;0;1;1;26;1
202300037013;155 614 959;7;0;2;3;5;1
202300037013;155 614 961;7;0;0;1;1;1
202300037014;155 614 958;1;0;2;8;1;5
202300037014;155 614 960;3;0;2;3;1;1
202300037015;155 614 957;7;13;0;1;0;1
202300037016;155 614 953;7;0;2;1;2;0
202300037016;155 614 956;31;0;2;4;23;1
202300037017;155 614 954;7;6;2;3;1;0
202300037017;155 614 955;7;0;2;3;13;0
202300037018;155 614 949;7;0;2;3;15;5
202300037018;155 614 951;7;0;9;2;17;1
202300037019;155 614 950;33;0;2;0;1;1
202300037019;155 614 952;7;0;2;4;26;1
202300037020;155 614 948;7;0;1;3;1;1
202300037021;155 614 946;7;0;0;9;1;1
202300037022;155 614 947;7;0;1;1;1;1
202300037023;155 614 942;10;0;2;4;2;1
202300037023;155 614 943;7;0;2;4;2;1
202300037023;155 614 944;7;0;0;4;1;1
202300037023;155 614 945;7;0;2;1;2;1
202300037024;155 614 940;7;0;1;2;1;1
202300037025;155 614 939;2;14;0;1;5;1
202300037026;155 614 941;33;0;0;0;1;1
202300037027;155 614 936;7;0;2;3;21;1
202300037027;155 614 937;7;0;2;1;19;1
202300037028;155 614 935;10;0;2;1;15;1
202300037028;155 614 938;21;0;2;0;0;1
202300037029;155 614 934;7;8;9;1;1;1
202300037030;155 614 933;33;0;0;1;1;1
202300037031;155 614 929;7;0;0;6;1;1
202300037031;155 614 930;7;0;0;2;1;1
202300037031;155 614 931;7;0;0;3;1;1
202300037031;155 614 932;7;0;0;5;1;1
202300037032;155 614 927;2;0;0;0;1;1
202300037033;155 614 926;33;0;2;7;1;1
202300037033;155 614 928;10;0;2;3;11;0
202300037034;155 614 925;7;0;1;2;1;1
202300037035;155 614 924;7;6;0;3;1;1
202300037036;155 614 920;7;0;2;1;1;2
202300037036;155 614 922;7;0;2;8;1;0
202300037037;155 614 918;7;2;0;9;21;1
202300037038;155 614 919;14;0;2;1;2;1
202300037038;155 614 921;10;0;2;4;2;1
202300037038;155 614 923;7;0;2;4;2;1
202300037039;155 614 912;7;0;2;1;21;1
202300037039;155 614 914;7;0;2;4;2;1
202300037039;155 614 915;7;0;2;1;2;1
202300037039;155 614 916;7;0;2;6;2;1
202300037040;155 614 913;1;0;1;1;8;5
202300037041;155 614 910;2;1;0;1;0;1
202300037041;155 614 911;7;0;2;6;24;1
202300037042;155 614 908;32;0;1;1;16;0
202300037043;155 614 904;7;0;2;3;10;3
202300037043;155 614 906;7;0;2;2;1;1
202300037044;155 614 905;2;0;2;0;5;1
202300037044;155 614 907;1;0;2;1;15;5
202300037044;155 614 909;1;0;2;0;19;5
202300037045;155 614 901;2;0;0;8;1;1
202300037046;155 614 900;7;0;2;1;15;1
202300037046;155 614 902;2;0;2;1;1;1
202300037047;155 614 898;7;0;2;2;1;1
202300037047;155 614 899;7;8;2;1;1;1
202300037048;155 614 894;7;0;2;3;1;0
202300037048;155 614 895;7;0;2;3;11;0
202300037049;155 614 896;3;0;2;3;13;3
202300037049;155 614 897;50;0;2;2;1;3
202300037050;155 614 892;7;0;2;1;1;1
202300037050;155 614 893;7;0;2;1;13;1
202300037051;155 614 890;7;14;0;2;1;1
202300037052;155 614 889;7;2;0;3;1;1
202300037053;155 614 888;10;0;2;8;9;1
202300037053;155 614 891;33;0;2;1;1;1
202300037054;155 614 886;7;0;2;1;9;1
202300037054;155 614 887;80;0;2;7;2;3
202300037055;155 614 885;33;16;0;7;19;1
202300037056;155 614 883;7;0;2;3;1;1
202300037056;155 614 884;7;0;2;2;1;1
202300037057;155 614 880;7;0;2;1;15;6
202300037057;155 614 882;31;0;2;8;1;3
202300037058;155 614 879;50;0;1;0;26;3
202300037059;155 614 875;7;0;2;7;15;1
202300037059;155 614 877;7;0;2;2;1;1
202300037060;155 614 876;7;0;2;5;24;0
202300037060;155 614 878;80;1;0;8;1;3
202300037061;155 614 872;7;0;2;1;1;1
202300037061;155 614 873;7;0;2;1;13;1
202300037061;155 614 874;7;0;2;6;1;1
202300037062;155 614 868;7;0;2;2;23;1
202300037062;155 614 869;7;0;2;1;23;1
202300037062;155 614 870;10;0;2;4;26;1
202300037063;155 614 866;7;13;0;8;21;1
202300037064;155 614 867;1;0;2;8;17;5
202300037064;155 614 871;1;0;2;0;1;5
202300037065;155 614 865;7;4;0;3;13;1
202300037066;155 614 863;7;0;0;0;1;1
202300037066;155 614 864;2;0;2;0;1;1
202300037067;155 614 861;7;0;2;6;1;1
202300037067;155 614 862;7;0;2;2;17;1
202300037068;155 614 860;50;0;0;1;1;3
202300037069;155 614 858;7;4;2;1;2;1
202300037069;155 614 859;7;0;2;4;2;1
202300037070;155 614 856;33;0;2;1;2;1
202300037071;155 614 855;1;0;2;1;1;5
202300037071;155 614 857;31;0;2;2;15;1
202300037072;155 614 851;7;0;2;4;2;2
202300037072;155 614 853;10;0;2;1;2;1
202300037072;155 614 854;7;0;2;4;2;1
202300037073;155 614 852;1;12;0;2;14;5
202300037074;155 614 849;7;0;2;3;11;1
202300037074;155 614 850;7;0;2;2;1;1
202300037075;155 614 848;50;0;1;2;1;3
202300037076;155 614 846;7;0;2;2;2;1
202300037076;155 614 847;7;0;2;6;23;2
202300037077;155 614 841;7;0;2;4;2;1
202300037077;155 614 842;7;0;2;1;2;1
202300037077;155 614 843;10;0;2;4;2;1
202300037077;155 614 844;7;0;2;4;2;1
202300037078;155 614 840;30;0;1;0;1;1
202300037079;155 614 845;7;0;1;2;1;2
202300037080;155 614 839;41;0;1;1;17;0
202300037081;155 614 838;30;0;1;1;25;1
202300037082;155 614 837;10;0;1;1;1;1
202300037083;155 614 835;30;0;2;1;1;1
202300037083;155 614 836;7;0;2;7;1;1
202300037084;155 614 834;7;0;1;1;1;1
202300037085;155 614 832;7;0;1;1;1;1
202300037086;155 614 831;30;0;2;0;2;1
202300037086;155 614 833;7;0;2;6;16;1
202300037087;155 614 830;7;15;0;3;1;1
202300037088;155 614 828;7;0;1;3;9;1
202300037089;155 614 827;7;0;2;5;12;0
202300037089;155 614 829;2;0;2;3;1;0
202300037090;155 614 826;33;0;0;1;1;1
202300037091;155 614 822;7;0;2;8;1;1
202300037091;155 614 824;7;0;2;1;19;1
202300037092;155 614 823;7;0;2;1;2;1
202300037092;155 614 825;7;0;2;4;2;1
202300037093;155 614 819;7;0;2;2;1;2
202300037093;155 614 821;32;0;2;5;1;1
202300037094;155 614 817;99;0;0;1;1;3
202300037095;155 614 818;7;0;2;1;2;0
202300037095;155 614 820;50;0;2;7;2;3
202300037096;155 614 816;7;0;1;8;1;1
202300037097;155 614 814;7;9;0;1;13;1
202300037098;155 614 813;2;0;2;1;1;1
202300037098;155 614 815;7;0;2;2;15;1
202300037099;155 614 809;7;0;2;4;2;1
202300037099;155 614 810;7;0;2;1;1;1
202300037099;155 614 811;34;0;2;4;26;1
202300037099;155 614 812;7;0;2;6;1;1
202300037100;155 614 807;7;0;2;1;1;1
202300037100;155 614 808;7;0;2;1;11;1
202300037101;155 614 806;7;0;1;2;0;1
202300037102;155 614 804;7;1;0;1;1;1
202300037102;155 614 805;7;0;2;4;23;1
202300037103;155 614 801;10;0;2;1;1;1
202300037103;155 614 803;7;0;2;8;19;1
202300037104;155 614 800;7;12;0;2;14;1
202300037105;155 614 799;7;3;0;1;26;1
202300037106;155 614 798;43;0;1;1;26;1
202300037107;155 614 794;33;0;2;1;1;0
202300037107;155 614 796;10;0;0;5;1;0
202300037108;155 614 792;7;0;1;7;1;1
202300037109;155 614 790;50;0;9;0;0;3
202300037109;155 614 791;7;0;2;3;22;1
202300037110;155 614 788;7;0;2;9;1;1
202300037110;155 614 789;7;0;2;1;9;1
202300037111;155 614 786;7;0;2;1;2;0
202300037111;155 614 787;1;0;2;4;7;5
202300037112;155 614 785;7;0;1;4;4;1
202300037113;155 614 782;50;0;2;2;19;3
202300037113;155 614 784;7;0;2;1;1;1
202300037114;155 614 783;7;0;1;1;26;1
202300037115;155 614 780;7;0;2;1;9;2
202300037115;155 614 781;2;0;2;7;15;1
202300037116;155 614 778;7;0;1;1;16;1
202300037117;155 614 777;1;0;2;1;26;5
202300037117;155 614 779;7;0;2;1;26;0
202300037118;155 614 776;7;0;1;2;1;1
202300037119;155 614 772;7;0;2;1;1;0
202300037119;155 614 774;7;0;0;0;0;1
202300037120;155 614 773;7;0;2;3;15;1
202300037120;155 614 775;32;0;2;0;0;1
202300037121;155 614 770;7;0;2;1;1;1
202300037121;155 614 771;7;0;2;4;1;0
202300037122;155 614 769;10;0;1;3;16;1
202300037123;155 614 768;7;0;1;1;0;1
202300037124;155 614 767;60;0;2;0;1;5
202300037125;155 614 764;7;6;0;1;1;1
202300037126;155 614 765;7;0;2;1;10;1
202300037126;155 614 766;2;0;2;1;1;1
202300037127;155 614 763;7;0;1;1;1;3
202300037128;155 614 761;7;8;0;1;1;1
202300037129;155 614 762;50;0;1;1;0;3
202300037130;155 614 760;7;0;1;3;1;1
202300037131;155 614 758;7;0;9;2;2;1
202300037131;155 614 759;1;0;0;4;2;5
202300037132;155 614 757;7;0;1;1;1;1
202300037133;155 614 755;7;0;1;8;9;1
202300037134;155 614 754;7;0;2;3;8;2
202300037134;155 614 756;33;0;2;2;1;1
202300037135;155 614 751;7;0;2;1;15;1
202300037135;155 614 753;7;0;2;2;1;1
202300037136;155 614 750;1;0;1;8;0;5
202300037136;155 614 752;10;0;2;7;1;0
202300037137;155 614 748;1;0;2;4;1;5
202300037137;155 614 749;7;0;2;2;1;1
202300037138;155 614 747;7;0;1;3;16;1
202300037139;155 614 744;7;0;2;0;23;2
202300037139;155 614 746;32;0;1;1;3;1
202300037140;155 614 743;7;0;2;1;1;1
202300037140;155 614 745;7;0;2;8;15;1
202300037141;155 614 742;2;0;0;0;1;1
202300037142;155 614 741;7;1;0;2;0;1
202300037143;155 614 739;7;4;0;3;17;0
202300037143;155 614 740;7;0;2;2;1;0
202300037144;155 614 736;7;0;2;2;1;1
202300037144;155 614 738;1;0;2;4;1;5
202300037145;155 614 735;33;0;0;1;17;1
202300037145;155 614 737;7;0;0;6;15;1
202300037146;155 614 731;7;0;2;6;17;1
202300037146;155 614 733;7;0;2;2;17;1
202300037147;155 614 732;7;0;2;1;1;1
202300037147;155 614 734;7;0;2;2;15;1
202300037148;155 614 728;7;0;2;1;1;1
202300037148;155 614 730;1;0;2;7;1;5
202300037149;155 614 727;7;0;2;2;2;1
202300037149;155 614 729;2;0;2;4;2;0
202300037150;155 614 725;7;0;2;3;11;3
202300037150;155 614 726;43;0;2;2;1;1
202300037151;155 614 722;2;0;0;1;1;1
202300037151;155 614 723;10;0;0;8;15;1
202300037152;155 614 721;7;0;2;1;1;1
202300037152;155 614 724;7;0;2;1;19;1
202300037153;155 614 719;7;0;2;6;17;1
202300037153;155 614 720;33;0;2;1;17;1
202300037154;155 614 717;33;12;0;7;2;1
202300037155;155 614 714;7;0;2;3;5;1
202300037155;155 614 716;7;0;2;2;1;1
202300037156;155 614 715;7;0;2;3;15;1
202300037156;155 614 718;7;0;2;3;1;1
202300037157;155 614 711;7;0;2;3;19;1
202300037157;155 614 712;15;0;0;3;1;1
202300037157;155 614 713;15;0;2;2;1;1
202300037158;155 614 709;7;0;2;3;15;1
202300037158;155 614 710;31;0;2;1;1;1
202300037159;155 614 708;7;0;1;1;2;1
202300037160;155 614 706;7;0;2;2;1;1
202300037160;155 614 707;10;3;2;6;1;1
202300037161;155 614 704;7;0;2;0;0;1
202300037161;155 614 705;32;0;2;0;0;1
202300037162;155 614 702;1;0;2;1;2;5
202300037162;155 614 703;1;0;0;4;2;5
202300037163;155 614 700;7;0;2;3;15;1
202300037163;155 614 701;31;0;2;3;1;1
202300037164;155 614 698;7;0;2;2;15;0
202300037164;155 614 699;7;0;2;3;1;0
202300037165;155 614 694;33;0;2;1;1;1
202300037165;155 614 695;33;0;2;7;1;1
202300037165;155 614 696;33;0;2;7;2;1
202300037165;155 614 697;7;0;2;4;1;1
202300037166;155 614 693;7;15;0;1;13;1
202300037167;155 614 692;7;8;0;1;14;1
202300037168;155 614 690;7;4;2;1;1;1
202300037168;155 614 691;7;0;2;1;5;1
202300037169;155 614 689;7;0;1;2;1;1
202300037170;155 614 687;7;0;2;7;1;2
202300037170;155 614 688;10;0;2;2;5;1
202300037171;155 614 683;15;0;2;2;14;1
202300037171;155 614 684;50;0;2;4;1;3
202300037172;155 614 681;1;0;2;3;15;5
202300037172;155 614 682;7;0;2;2;1;1
202300037173;155 614 680;7;6;0;1;14;1
202300037174;155 614 678;7;13;2;7;17;1
202300037174;155 614 679;7;0;2;8;1;1
202300037175;155 614 676;7;0;2;1;1;6
202300037175;155 614 677;7;0;2;1;1;6
202300037176;155 614 675;2;17;0;1;1;1
202300037177;155 614 673;2;0;2;1;17;1
202300037177;155 614 674;21;0;2;6;15;1
202300037178;155 614 671;3;0;2;2;15;1
202300037178;155 614 672;33;0;2;1;1;1
202300037179;155 614 668;7;6;0;1;1;1
202300037180;155 614 667;2;0;1;1;1;1
202300037181;155 614 665;7;0;9;2;1;1
202300037181;155 614 666;1;0;2;7;1;5
202300037182;155 614 664;7;0;0;9;1;1
202300037183;155 614 663;7;2;0;0;1;1
202300037184;155 614 661;7;0;2;3;1;0
202300037184;155 614 662;32;0;2;1;13;0
202300037185;155 614 659;7;0;9;3;1;1
202300037185;155 614 660;1;0;2;1;1;5
202300037186;155 614 657;7;0;2;3;1;1
202300037186;155 614 658;17;0;0;1;4;1
202300037187;155 614 655;7;0;2;1;1;0
202300037187;155 614 656;2;0;2;1;1;0
202300037188;155 614 653;7;0;2;6;15;1
202300037188;155 614 654;31;0;2;1;17;1
202300037189;155 614 652;10;6;0;1;0;1
202300037190;155 614 651;2;0;6;8;1;1
202300037191;155 614 649;80;0;2;3;13;3
202300037191;155 614 650;10;0;2;3;14;1
202300037192;155 614 646;7;0;2;1;11;1
202300037192;155 614 647;7;0;2;1;1;1
202300037193;155 614 643;7;0;2;1;1;1
202300037193;155 614 644;2;0;2;1;1;1
202300037193;155 614 645;10;0;2;3;17;1
202300037194;155 614 641;2;0;2;3;13;1
202300037194;155 614 642;20;0;2;3;1;1
202300037195;155 614 639;10;0;2;3;9;1
202300037195;155 614 640;7;0;2;2;2;1
202300037196;155 614 637;7;0;2;2;16;1
202300037196;155 614 638;33;0;2;1;1;1
202300037197;155 614 630;10;1;0;1;1;1
202300037197;155 614 631;7;0;0;4;1;1
202300037197;155 614 632;7;1;0;1;1;1
202300037197;155 614 633;10;0;1;1;14;1
202300037197;155 614 634;7;1;0;1;1;1
202300037198;155 614 628;7;0;0;3;15;1
202300037198;155 614 629;1;0;2;1;1;5
202300037199;155 614 625;33;0;2;4;23;1
202300037199;155 614 626;17;1;0;2;11;1
202300037200;155 614 623;1;0;2;1;16;5
202300037200;155 614 624;7;0;9;3;11;1
202300037201;155 614 621;7;0;2;1;1;1
202300037201;155 614 622;7;8;2;8;6;1
202300037202;155 614 620;10;15;0;0;0;1
202300037203;155 614 619;7;0;1;5;20;1
202300037204;155 614 618;7;6;0;1;13;1
202300037205;155 614 616;7;0;9;3;15;1
202300037205;155 614 617;1;0;2;1;19;5
202300037206;155 614 614;1;0;2;2;26;5
202300037206;155 614 615;7;0;2;8;9;1
202300037207;155 614 612;33;0;2;2;0;1
202300037207;155 614 613;7;0;2;3;0;1
202300037208;155 614 610;7;0;2;8;15;1
202300037208;155 614 611;33;0;2;1;1;1
202300037209;155 614 608;7;0;2;1;1;1
202300037209;155 614 609;10;0;2;1;5;1
202300037210;155 614 607;7;0;1;1;1;1
202300037211;155 614 606;33;9;0;2;14;1
202300037212;155 614 605;7;9;0;1;1;1
202300037213;155 614 603;33;0;2;1;1;1
202300037213;155 614 604;14;0;2;6;15;1
202300037214;155 614 601;10;0;0;3;13;0
202300037214;155 614 602;7;6;0;3;1;0
202300037215;155 614 599;7;0;2;2;13;1
202300037215;155 614 600;1;0;2;3;1;5
202300037216;155 614 597;7;0;2;1;1;1
202300037216;155 614 598;7;0;2;1;5;1
202300037217;155 614 595;31;0;2;1;1;0
202300037217;155 614 596;7;0;2;1;9;0
202300037218;155 614 593;10;0;2;6;1;1
202300037218;155 614 594;7;0;2;1;1;1
202300037219;155 614 592;7;4;0;1;1;1
202300037220;155 614 590;7;0;2;1;2;1
202300037220;155 614 591;7;0;2;4;2;1
202300037221;155 614 588;7;0;2;1;1;3
202300037221;155 614 589;7;0;2;4;1;1
202300037222;155 614 586;7;0;2;3;1;1
202300037222;155 614 587;17;0;2;2;12;1
202300037223;155 614 584;7;0;2;1;2;1
202300037223;155 614 585;7;0;2;4;2;1
202300037224;155 614 583;31;0;0;0;21;1
202300037225;155 614 582;33;4;0;8;13;1
202300037226;155 614 580;7;0;2;7;1;1
202300037226;155 614 581;7;0;2;8;11;1
202300037227;155 614 578;33;0;2;1;2;1
202300037227;155 614 579;7;0;2;4;2;1
202300037228;155 614 576;7;4;2;2;14;1
202300037228;155 614 577;14;0;2;6;1;1
202300037229;155 614 574;10;0;2;7;12;1
202300037229;155 614 575;43;0;2;8;1;1
202300037230;155 614 573;7;4;0;3;1;1
202300037231;155 614 572;7;4;0;9;1;1
202300037232;155 614 570;7;0;2;2;12;1
202300037232;155 614 571;7;3;2;6;1;1
202300037233;155 614 568;10;4;2;5;1;1
202300037233;155 614 569;33;0;2;0;3;1
202300037234;155 614 555;7;0;2;3;1;1
202300037234;155 614 556;7;3;0;8;0;1
202300037234;155 614 557;7;0;2;1;2;1
202300037234;155 614 558;7;3;2;5;2;1
202300037234;155 614 559;7;0;2;0;21;1
202300037234;155 614 560;7;4;0;4;2;3
202300037234;155 614 561;7;0;0;6;2;1
202300037234;155 614 562;7;0;2;4;2;1
202300037234;155 614 563;17;3;2;1;21;1
202300037234;155 614 564;7;4;2;6;1;3
202300037234;155 614 565;7;3;2;2;2;1
202300037234;155 614 566;7;4;0;2;21;1
202300037234;155 614 567;7;3;0;4;21;1
202300037235;155 614 551;7;0;0;3;1;1
202300037235;155 614 552;7;0;0;4;1;1
202300037235;155 614 553;7;0;0;2;12;1
202300037235;155 614 554;7;0;0;4;1;1
202300037236;155 614 550;7;0;1;1;1;1
202300037237;155 614 548;7;0;2;2;13;1
202300037237;155 614 549;7;0;2;1;1;1
202300037238;155 614 546;7;1;9;4;26;1
202300037238;155 614 547;1;0;2;1;2;5
202300037239;155 614 544;7;0;1;2;1;1
202300037240;155 614 542;7;0;2;3;1;1
202300037240;155 614 543;10;0;2;3;13;1
202300037241;155 614 541;7;0;1;0;9;1
202300037242;155 614 538;33;0;2;1;1;1
202300037242;155 614 539;7;0;2;8;9;1
202300037242;155 614 540;33;0;2;1;1;1
202300037243;155 614 536;50;0;9;4;2;3
202300037243;155 614 537;50;0;9;4;2;3
202300037244;155 614 535;2;0;0;0;1;1
202300037245;155 614 534;7;0;1;1;1;1
202300037246;155 614 532;31;0;2;8;1;1
202300037246;155 614 533;7;0;2;1;15;1
202300037247;155 614 531;7;0;2;1;1;1
202300037248;155 614 529;2;0;2;7;26;1
202300037248;155 614 530;33;0;2;8;15;1
202300037249;155 614 528;7;0;1;2;26;1
202300037250;155 614 526;7;0;2;8;1;1
202300037250;155 614 527;32;0;2;8;13;1
202300037251;155 614 523;10;0;2;8;1;1
202300037251;155 614 524;10;0;2;1;1;1
202300037252;155 614 521;10;0;2;3;15;1
202300037252;155 614 522;30;0;2;2;13;1
202300037253;155 614 520;7;3;0;9;1;1
202300037254;155 614 518;7;0;2;2;1;1
202300037254;155 614 519;50;0;2;2;19;3
202300037255;155 614 516;7;0;2;7;19;1
202300037255;155 614 517;7;0;2;1;19;1
202300037256;155 614 511;7;0;2;1;16;1
202300037256;155 614 512;7;0;2;3;1;1
202300037256;155 614 513;7;0;2;7;1;1
202300037257;155 614 510;33;0;0;7;14;1
202300037258;155 614 508;7;0;2;2;2;1
202300037258;155 614 509;7;0;0;6;1;1
202300037259;155 614 506;7;0;2;2;15;1
202300037259;155 614 507;31;4;2;1;1;1
202300037260;155 614 505;7;0;1;1;9;1
202300037261;155 614 503;7;0;2;2;15;1
202300037261;155 614 504;33;0;2;1;1;1
202300037262;155 614 502;7;3;0;3;13;1
202300037263;155 614 501;7;0;1;3;1;1
202300037264;155 614 499;1;12;2;1;2;5
202300037264;155 614 500;1;0;0;4;2;5
202300037265;155 614 498;7;0;1;1;1;1
202300037266;155 614 497;7;1;2;1;14;0
202300037267;155 614 496;7;2;0;1;2;1
202300037268;155 614 495;7;2;0;0;1;1
202300037269;155 614 492;17;0;2;2;2;1
202300037269;155 614 493;7;0;2;8;2;1
202300037269;155 614 494;10;0;2;1;1;1
202300037270;155 614 490;7;0;2;2;1;1
202300037270;155 614 491;1;0;2;1;1;5
202300037271;155 614 488;7;0;2;8;13;1
202300037271;155 614 489;43;1;2;7;17;1
202300037272;155 614 487;2;6;0;1;1;1
202300037273;155 614 485;7;0;2;1;2;1
202300037273;155 614 486;7;0;1;4;2;1
202300037274;155 614 484;37;0;1;2;1;1
202300037275;155 614 483;35;0;0;9;1;1
202300037276;155 614 481;7;0;2;1;13;1
202300037276;155 614 482;7;0;2;1;1;1