Num_Acc;id_vehicule;categorie_vehicule;obstacle_fixe;obstacle_mobile;point_choc_initial;manoeuvre_principale;motorisation
202300037277;155 614 479;7;0;2;3;1;1
202300037277;155 614 480;7;0;2;3;13;1
202300037278;155 614 477;7;0;2;3;9;1
202300037278;155 614 478;7;6;0;5;1;1
202300037279;155 614 476;10;0;1;1;15;1
202300037280;155 614 475;7;0;1;2;1;1
202300037281;155 614 474;7;6;0;1;14;1
202300037282;155 614 472;40;0;2;1;1;3
202300037282;155 614 473;50;0;4;8;19;3
202300037283;155 614 471;7;0;1;1;1;1
202300037284;155 614 470;32;12;0;1;1;1
202300037285;155 614 468;7;0;2;3;15;1
202300037285;155 614 469;32;0;2;3;15;1
202300037286;155 614 466;32;0;2;3;1;3
202300037286;155 614 467;13;0;2;1;9;1
202300037287;155 614 465;14;0;1;2;1;1
202300037288;155 614 463;10;0;2;1;1;1
202300037288;155 614 464;33;0;2;1;1;1
202300037289;155 614 461;7;0;0;1;1;1
202300037289;155 614 462;33;0;2;8;1;1
202300037290;155 614 460;43;0;1;1;1;1
202300037291;155 614 458;50;0;2;5;1;3
202300037291;155 614 459;15;0;2;0;16;1
202300037292;155 614 457;37;0;1;2;1;1
202300037293;155 614 455;7;0;0;6;23;1
202300037293;155 614 456;50;0;2;1;2;3
202300037294;155 614 454;1;14;0;1;1;5
202300037295;155 614 451;7;14;2;1;2;1
202300037295;155 614 452;7;14;2;4;0;1
202300037295;155 614 453;7;0;2;4;0;0
202300037296;155 614 449;50;0;2;7;26;3
202300037296;155 614 450;33;0;9;1;1;1
202300037297;155 614 447;10;0;2;1;1;3
202300037297;155 614 448;1;0;2;4;1;5
202300037298;155 614 445;7;0;2;3;0;1
202300037298;155 614 446;7;0;2;3;0;1
202300037299;155 614 443;7;0;2;1;15;1
202300037299;155 614 444;1;0;2;8;1;5
202300037300;155 614 441;32;0;2;7;1;1
202300037300;155 614 442;7;0;2;1;9;1
202300037301;155 614 439;7;0;2;3;15;1
202300037301;155 614 440;33;0;2;2;1;1
202300037302;155 614 437;7;0;2;5;16;1
202300037302;155 614 438;32;0;2;3;18;1
202300037303;155 614 436;7;0;1;1;1;1
202300037304;155 614 434;7;0;2;1;1;1
202300037304;155 614 435;7;0;2;6;1;1
202300037305;155 614 431;7;0;2;1;13;1
202300037305;155 614 432;7;0;2;3;0;1
202300037305;155 614 433;7;0;9;3;23;1
202300037306;155 614 428;37;0;2;4;23;1
202300037306;155 614 429;7;0;2;4;23;1
202300037306;155 614 430;7;0;2;1;1;1
202300037307;155 614 427;33;8;0;5;14;1
202300037308;155 614 425;7;0;2;1;20;1
202300037308;155 614 426;43;0;2;2;1;1
202300037309;155 614 424;1;0;0;7;1;5
202300037310;155 614 422;33;0;2;8;1;1
202300037310;155 614 423;7;0;2;0;12;0
202300037311;155 614 420;33;0;2;1;1;1
202300037311;155 614 421;7;0;0;3;0;0
202300037312;155 614 419;7;8;0;2;0;1
202300037313;155 614 418;7;1;0;2;13;1
202300037314;155 614 416;39;0;2;3;1;3
202300037314;155 614 417;7;0;4;2;1;1
202300037315;155 614 413;7;0;2;1;15;1
202300037315;155 614 414;7;0;2;3;0;1
202300037315;155 614 415;7;0;2;3;2;1
202300037316;155 614 412;2;0;0;0;1;1
202300037317;155 614 410;7;4;2;2;1;6
202300037317;155 614 411;17;0;0;6;13;6
202300037318;155 614 408;7;0;2;2;14;1
202300037318;155 614 409;15;0;2;6;1;1
202300037319;155 614 407;17;0;1;2;21;1
202300037320;155 614 406;7;0;1;1;1;1
202300037321;155 614 405;33;2;0;1;0;0
202300037322;155 614 404;10;0;1;1;2;1
202300037323;155 614 402;1;0;2;2;13;5
202300037323;155 614 403;10;0;9;2;1;1
202300037324;155 614 401;7;0;0;2;1;1
202300037325;155 614 398;10;0;2;7;17;1
202300037325;155 614 399;15;0;2;8;15;1
202300037326;155 614 397;7;0;1;3;9;1
202300037327;155 614 395;7;0;2;2;1;1
202300037327;155 614 396;7;7;2;6;23;1
202300037328;155 614 394;7;0;0;9;1;1
202300037329;155 614 392;10;0;2;3;1;1
202300037329;155 614 393;21;0;2;3;1;1
202300037330;155 614 390;7;0;2;1;15;1
202300037330;155 614 391;2;0;2;1;1;1
202300037331;155 614 387;7;0;2;2;1;1
202300037331;155 614 388;33;0;2;1;1;1
202300037331;155 614 389;7;0;2;3;19;1
202300037332;155 614 386;2;5;0;2;1;1
202300037333;155 614 385;21;0;0;9;1;1
202300037334;155 614 384;80;0;0;0;1;3
202300037335;155 614 382;7;0;2;8;9;1
202300037335;155 614 383;33;0;2;3;2;1
202300037336;155 614 381;33;15;0;1;13;1
202300037337;155 614 380;10;7;0;1;1;1
202300037338;155 614 378;10;0;2;1;13;1
202300037338;155 614 379;7;0;2;1;1;1
202300037339;155 614 376;7;0;2;1;2;1
202300037339;155 614 377;15;0;0;4;2;1
202300037340;155 614 374;33;0;0;8;1;1
202300037340;155 614 375;7;0;2;7;12;1
202300037341;155 614 373;15;0;0;7;14;1
202300037342;155 614 372;33;8;0;2;1;1
202300037343;155 614 371;7;0;1;2;1;2
202300037344;155 614 369;7;3;0;6;1;1
202300037344;155 614 370;10;0;2;2;17;1
202300037345;155 614 367;7;0;0;8;1;1
202300037345;155 614 368;7;0;2;1;17;6
202300037346;155 614 366;33;0;0;8;1;1
202300037347;155 614 365;10;0;1;6;4;1
202300037348;155 614 363;7;0;0;1;1;1
202300037348;155 614 364;7;0;0;8;15;1
202300037349;155 614 362;7;0;1;1;1;1
202300037350;155 614 360;1;0;2;1;1;5
202300037350;155 614 361;7;0;9;8;15;1
202300037351;155 614 358;7;0;9;2;2;0
202300037351;155 614 359;1;0;2;4;0;5
202300037352;155 614 357;33;1;0;1;2;1
202300037353;155 614 355;7;0;2;6;15;1
202300037353;155 614 356;10;0;2;1;1;1
202300037354;155 614 354;10;0;1;1;15;3
202300037355;155 614 353;33;0;0;0;1;1
202300037356;155 614 352;10;0;0;0;1;1
202300037357;155 614 349;33;0;2;2;21;1
202300037357;155 614 350;7;0;2;6;26;1
202300037358;155 614 346;7;0;2;2;1;1
202300037358;155 614 347;7;0;2;3;1;2
202300037358;155 614 348;7;0;2;6;11;1
202300037359;155 614 344;7;0;2;1;2;1
202300037359;155 614 345;7;0;2;4;2;1
202300037360;155 614 341;32;0;2;1;2;1
202300037360;155 614 342;7;0;2;3;9;1
202300037361;155 614 339;50;0;2;4;1;3
202300037361;155 614 340;50;0;2;1;1;3
202300037362;155 614 338;37;0;1;5;9;1
202300037363;155 614 337;7;8;0;1;14;1
202300037364;155 614 335;7;0;2;3;17;1
202300037364;155 614 336;7;0;2;3;1;1
202300037365;155 614 334;30;0;2;7;21;1
202300037366;155 614 333;32;0;0;0;0;1
202300037367;155 614 332;10;0;1;2;0;1
202300037368;155 614 330;10;0;4;2;19;1
202300037368;155 614 331;40;0;2;1;2;3
202300037369;155 614 328;33;0;2;1;3;1
202300037369;155 614 329;7;0;2;1;9;3
202300037370;155 614 326;7;0;2;1;1;1
202300037370;155 614 327;7;0;2;1;0;1
202300037371;155 614 324;7;0;2;1;1;1
202300037371;155 614 325;13;0;0;6;2;1
202300037372;155 614 319;7;0;2;2;15;1
202300037372;155 614 320;33;0;2;2;1;1
202300037373;155 614 317;7;0;2;1;1;1
202300037373;155 614 318;7;0;2;8;1;1
202300037374;155 614 315;30;0;2;8;17;1
202300037374;155 614 316;7;0;2;8;1;1
202300037375;155 614 313;7;0;2;3;1;1
202300037375;155 614 314;7;0;2;2;16;1
202300037376;155 614 311;50;0;2;1;1;3
202300037376;155 614 312;7;0;2;0;0;0
202300037377;155 614 310;7;0;1;1;21;0
202300037378;155 614 308;10;0;2;1;1;1
202300037378;155 614 309;7;0;2;3;15;1
202300037379;155 614 306;7;0;2;1;9;1
202300037379;155 614 307;33;0;2;1;1;1
202300037380;155 614 303;50;0;0;0;1;3
202300037381;155 614 301;7;0;2;1;20;1
202300037381;155 614 302;30;0;2;4;23;1
202300037382;155 614 299;7;0;2;4;0;1
202300037382;155 614 300;7;0;2;1;0;1
202300037383;155 614 297;7;0;9;2;16;1
202300037383;155 614 298;99;0;2;1;1;0
202300037384;155 614 295;7;0;2;4;26;1
202300037384;155 614 296;7;0;2;4;0;1
202300037385;155 614 293;7;0;2;3;1;1
202300037385;155 614 294;7;0;2;3;1;1
202300037386;155 614 292;7;0;1;3;1;1
202300037387;155 614 290;7;0;2;3;9;1
202300037387;155 614 291;33;0;2;1;1;1
202300037388;155 614 288;34;0;2;0;1;1
202300037388;155 614 289;30;0;2;0;19;1
202300037389;155 614 286;7;0;2;1;1;1
202300037389;155 614 287;7;0;2;8;1;1
202300037390;155 614 285;7;0;1;1;1;1
202300037391;155 614 284;7;0;0;1;9;1
202300037392;155 614 282;1;0;2;7;1;5
202300037392;155 614 283;7;0;2;1;15;1
202300037393;155 614 281;7;0;1;3;1;1
202300037394;155 614 278;7;0;2;1;1;1
202300037394;155 614 279;7;1;2;5;15;1
202300037394;155 614 280;7;0;2;3;23;2
202300037395;155 614 276;7;0;2;6;9;1
202300037395;155 614 277;31;0;2;8;21;1
202300037396;155 614 274;42;0;2;1;2;1
202300037396;155 614 275;7;0;2;4;2;1
202300037397;155 614 273;30;12;0;8;13;1
202300037398;155 614 272;32;8;0;1;1;1
202300037399;155 614 270;33;0;2;8;1;1
202300037399;155 614 271;7;0;2;7;9;1
202300037400;155 614 268;7;0;2;4;23;3
202300037400;155 614 269;14;0;2;1;1;1
202300037401;155 614 265;7;0;2;2;15;
202300037401;155 614 266;2;0;2;1;1;
202300037401;155 614 267;7;1;0;0;23;
202300037402;155 614 264;33;0;0;8;15;1
202300037403;155 614 262;7;8;2;8;15;1
202300037403;155 614 263;15;0;2;3;1;1
202300037404;155 614 261;7;0;1;2;1;1
202300037405;155 614 259;30;0;2;0;0;1
202300037405;155 614 260;7;0;2;3;15;1
202300037406;155 614 258;7;0;1;1;15;1
202300037407;155 614 256;34;0;0;0;0;1
202300037407;155 614 257;7;0;0;0;12;1
202300037408;155 614 255;33;0;0;0;1;1
202300037409;155 614 254;7;0;1;1;1;1
202300037410;155 614 252;7;0;2;1;2;1
202300037410;155 614 253;7;0;2;4;0;1
202300037411;155 614 250;7;0;2;1;1;1
202300037411;155 614 251;7;0;2;4;2;1
202300037412;155 614 249;7;8;0;3;15;1
202300037413;155 614 247;7;0;2;8;9;1
202300037413;155 614 248;7;0;2;1;2;1
202300037414;155 614 246;7;9;0;1;1;1
202300037415;155 614 244;7;0;2;2;9;1
202300037415;155 614 245;1;0;2;1;9;5
202300037416;155 614 242;50;0;2;1;1;3
202300037416;155 614 243;7;0;2;8;1;0
202300037417;155 614 241;7;8;0;1;14;1
202300037418;155 614 239;7;0;2;0;15;1
202300037418;155 614 240;32;0;2;1;26;1
202300037419;155 614 238;14;0;1;7;1;1
202300037420;155 614 236;33;0;2;1;1;1
202300037420;155 614 237;7;0;2;6;15;1
202300037421;155 614 234;80;0;4;1;1;3
202300037421;155 614 235;40;0;2;7;1;6
202300037422;155 614 232;7;0;2;5;5;1
202300037422;155 614 233;7;0;2;4;1;1
202300037423;155 614 228;1;0;2;1;1;5
202300037423;155 614 229;7;0;2;3;15;1
202300037424;155 614 227;0;0;1;1;18;0
202300037425;155 614 225;7;0;2;1;1;1
202300037425;155 614 226;7;0;2;1;13;1
202300037426;155 614 223;1;0;2;7;0;5
202300037426;155 614 224;7;0;2;3;1;1
202300037427;155 614 221;50;0;2;8;15;3
202300037427;155 614 222;7;0;2;1;2;1
202300037428;155 614 219;7;0;2;2;14;1
202300037428;155 614 220;33;0;2;6;1;1
202300037429;155 614 217;7;0;2;1;1;1
202300037429;155 614 218;1;0;2;3;15;5
202300037430;155 614 215;7;0;2;4;2;1
202300037430;155 614 216;43;0;0;1;2;1
202300037431;155 614 214;10;1;0;3;2;1
202300037432;155 614 212;7;0;2;1;2;1
202300037432;155 614 213;1;0;2;7;6;5
202300037433;155 614 210;7;0;2;1;0;1
202300037433;155 614 211;7;0;2;4;23;1
202300037434;155 614 208;7;0;2;1;1;1
202300037434;155 614 209;7;0;2;4;1;1
202300037435;155 614 205;7;0;2;3;17;1
202300037435;155 614 206;7;0;2;3;1;1
202300037435;155 614 207;15;0;2;3;1;1
202300037436;155 614 204;7;2;0;2;16;1
202300037437;155 614 203;7;9;0;1;0;1
202300037438;155 614 202;32;9;0;2;15;0
202300037439;155 614 201;7;9;0;0;6;1
202300037440;155 614 199;7;0;2;3;1;1
202300037440;155 614 200;7;0;2;9;16;1
202300037441;155 614 197;7;0;2;8;0;1
202300037441;155 614 198;7;0;2;1;15;1
202300037442;155 614 195;7;0;9;3;9;1
202300037442;155 614 196;1;0;2;1;1;5
202300037443;155 614 193;7;0;2;2;15;1
202300037443;155 614 194;7;0;2;1;1;1
202300037444;155 614 191;7;0;2;0;0;0
202300037444;155 614 192;33;0;2;0;1;1
202300037445;155 614 189;7;0;2;3;15;3
202300037445;155 614 190;30;0;2;7;21;1
202300037446;155 614 187;50;0;2;1;25;3
202300037446;155 614 188;7;0;2;2;1;1
202300037447;155 614 185;33;0;2;3;1;1
202300037447;155 614 186;7;0;2;6;26;1
202300037448;155 614 183;34;0;2;8;1;1
202300037448;155 614 184;7;0;2;8;15;1
202300037449;155 614 182;7;0;1;1;1;1
202300037450;155 614 180;2;0;2;2;1;1
202300037450;155 614 181;7;0;2;1;9;1
202300037451;155 614 178;33;0;2;1;3;1
202300037451;155 614 179;7;0;2;2;12;1
202300037452;155 614 177;33;0;0;0;3;1
202300037453;155 614 175;7;0;2;4;2;1
202300037453;155 614 176;7;0;2;1;2;1
202300037454;155 614 173;33;0;2;1;3;1
202300037454;155 614 174;33;0;2;4;3;1
202300037455;155 614 170;7;0;2;1;2;3
202300037455;155 614 171;7;0;2;1;2;1
202300037455;155 614 172;7;0;2;4;9;1
202300037456;155 614 168;7;0;2;6;11;1
202300037456;155 614 169;43;0;2;2;3;1
202300037457;155 614 166;1;1;0;7;1;5
202300037457;155 614 167;10;0;2;8;22;1
202300037458;155 614 164;33;0;2;2;17;1
202300037458;155 614 165;7;0;2;6;1;1
202300037459;155 614 163;7;0;1;1;1;1
202300037460;155 614 161;1;0;2;1;1;5
202300037460;155 614 162;1;0;2;1;14;5
202300037461;155 614 159;7;0;2;6;15;1
202300037461;155 614 160;43;0;2;1;1;1
202300037462;155 614 158;50;0;0;0;1;3
202300037463;155 614 156;7;0;2;2;1;2
202300037463;155 614 157;1;0;2;1;1;5
202300037464;155 614 151;38;0;2;1;1;1
202300037464;155 614 152;7;0;2;4;1;1
202300037464;155 614 153;7;0;2;4;1;1
202300037464;155 614 154;7;0;2;4;1;1
202300037464;155 614 155;10;0;2;4;1;1
202300037465;155 614 149;7;0;2;1;2;1
202300037465;155 614 150;7;0;2;4;2;1
202300037466;155 614 148;7;0;1;1;1;1
202300037467;155 614 146;50;0;2;1;1;3
202300037467;155 614 147;1;0;2;1;13;5
202300037468;155 614 144;7;0;2;5;1;2
202300037468;155 614 145;7;0;2;3;1;2
202300037469;155 614 142;1;0;2;2;1;5
202300037469;155 614 143;7;0;2;6;9;1
202300037470;155 614 140;1;0;2;7;1;5
202300037470;155 614 141;10;0;2;8;22;1
202300037471;155 614 135;1;0;2;1;1;5
202300037471;155 614 137;1;0;2;1;5;5
202300037472;155 614 136;7;0;2;3;2;1
202300037472;155 614 138;7;0;2;4;2;1
202300037472;155 614 139;7;0;2;0;2;2
202300037473;155 614 134;30;0;1;1;1;1
202300037474;155 614 130;32;0;2;2;2;1
202300037474;155 614 131;50;0;2;0;2;3
202300037475;155 614 129;34;0;2;1;2;1
202300037475;155 614 132;7;0;2;4;1;1
202300037475;155 614 133;10;0;2;4;1;1
202300037476;155 614 128;7;0;1;1;1;1
202300037477;155 614 127;33;0;1;7;7;1
202300037478;155 614 125;7;0;1;3;1;1
202300037479;155 614 124;7;0;2;7;1;2
202300037479;155 614 126;1;0;2;7;1;5
202300037480;155 614 123;1;0;0;0;21;5
202300037481;155 614 120;14;0;2;0;0;1
202300037481;155 614 121;10;7;2;2;1;1
202300037482;155 614 119;7;0;2;1;1;1
202300037482;155 614 122;7;0;2;7;1;1
202300037483;155 614 117;7;0;1;1;15;0
202300037484;155 614 118;7;14;0;3;1;1
202300037485;155 614 116;10;15;0;1;19;1
202300037486;155 614 112;7;16;0;3;1;1
202300037486;155 614 114;7;16;0;2;5;1
202300037487;155 614 113;7;0;2;2;16;1
202300037487;155 614 115;60;0;2;8;19;5
202300037488;155 614 109;7;0;2;5;11;0
202300037488;155 614 110;31;0;2;8;1;0
202300037489;155 614 107;7;0;2;3;15;1
202300037489;155 614 108;80;0;2;2;21;3
202300037490;155 614 103;10;0;2;8;24;1
202300037490;155 614 105;32;1;2;7;1;0
202300037491;155 614 104;7;0;2;1;26;1
202300037491;155 614 106;7;0;2;4;26;1
202300037492;155 614 100;50;0;2;1;2;3
202300037492;155 614 101;7;0;2;5;2;1
202300037493;155 614 099;7;0;2;8;15;1
202300037493;155 614 102;37;0;2;2;7;6
202300037494;155 614 096;7;0;2;4;0;1
202300037494;155 614 097;7;0;2;1;2;1
202300037495;155 614 095;1;0;2;8;9;5
202300037495;155 614 098;7;0;2;2;2;1
202300037496;155 614 094;7;0;1;3;1;1
202300037497;155 614 092;7;0;2;3;26;1
202300037497;155 614 093;2;0;2;2;1;1
202300037498;155 614 090;10;0;2;3;17;1
202300037498;155 614 091;80;0;2;1;1;3
202300037499;155 614 089;33;0;0;0;3;1
202300037500;155 614 086;30;1;0;6;2;1
202300037500;155 614 087;10;1;0;1;2;1
202300037501;155 614 085;7;0;2;1;15;1
202300037501;155 614 088;33;0;2;8;1;1
202300037502;155 614 083;7;0;2;6;2;1
202300037502;155 614 084;31;0;2;1;2;1
202300037503;155 614 082;99;0;1;1;19;1
202300037504;155 614 079;10;0;2;7;17;0
202300037504;155 614 081;1;0;2;8;2;5
202300037505;155 614 078;1;0;2;1;1;5
202300037505;155 614 080;1;0;2;8;15;5
202300037506;155 614 075;7;0;2;1;1;1
202300037506;155 614 077;7;0;2;4;1;1
202300037507;155 614 073;7;0;2;2;15;1
202300037507;155 614 074;32;0;2;5;17;1
202300037508;155 614 072;1;0;2;0;1;5
202300037508;155 614 076;7;0;2;2;9;0
202300037509;155 614 070;31;0;1;1;0;0
202300037510;155 614 066;7;0;1;0;0;2
202300037511;155 614 067;7;0;2;1;2;1
202300037511;155 614 068;7;0;2;4;2;1
202300037511;155 614 071;7;0;2;4;2;1
202300037512;155 614 065;7;0;2;1;2;1
202300037512;155 614 069;7;0;2;3;2;1
202300037513;155 614 061;38;8;4;8;26;1
202300037513;155 614 064;39;0;2;1;1;3
202300037514;155 614 060;7;0;2;2;2;1
202300037514;155 614 062;7;0;9;4;1;1
202300037515;155 614 059;7;0;2;1;26;1
202300037515;155 614 063;7;0;2;8;26;1
202300037516;155 614 056;33;0;9;4;2;1
202300037516;155 614 058;34;0;2;1;2;1
202300037517;155 614 057;7;0;1;1;19;1
202300037518;155 614 055;7;0;0;3;0;1
202300037519;155 614 050;7;0;2;3;2;1
202300037519;155 614 054;7;0;2;1;1;1
202300037520;155 614 051;80;0;1;1;1;3
202300037521;155 614 049;7;12;2;5;2;1
202300037521;155 614 052;7;12;2;4;2;1
202300037521;155 614 053;7;12;2;2;2;1
202300037522;155 614 048;50;0;0;0;0;3
202300037523;155 614 047;7;0;1;2;0;0
202300037524;155 614 044;33;0;2;6;1;1
202300037524;155 614 045;14;0;2;2;12;1
202300037525;155 614 046;38;0;1;1;1;0
202300037526;155 614 041;99;14;0;4;2;1
202300037526;155 614 043;32;14;0;1;2;1
202300037527;155 614 040;7;0;1;0;1;1
202300037528;155 614 039;7;0;2;2;16;1
202300037528;155 614 042;1;0;2;1;1;5
202300037529;155 614 037;32;0;2;5;2;1
202300037529;155 614 038;7;0;2;3;2;1
202300037530;155 614 036;7;0;1;1;9;2
202300037531;155 614 033;7;1;0;4;24;2
202300037531;155 614 034;1;0;0;1;0;5
202300037532;155 614 029;7;1;0;1;1;1
202300037532;155 614 032;10;1;0;4;26;1
202300037532;155 614 035;7;0;2;4;26;1
202300037533;155 614 027;7;0;2;1;2;1
202300037533;155 614 030;7;0;2;9;2;1
202300037533;155 614 031;7;0;2;4;2;1
202300037534;155 614 026;30;8;2;7;1;1
202300037534;155 614 028;99;0;2;1;1;1
202300037535;155 614 023;7;0;2;3;1;0
202300037536;155 614 022;7;0;1;3;2;1
202300037536;155 614 024;7;0;2;1;2;1
202300037537;155 614 021;1;0;2;1;21;5
202300037537;155 614 025;10;0;2;7;1;1
202300037538;155 614 020;1;1;0;0;0;5
202300037539;155 614 016;7;0;1;1;1;1
202300037540;155 614 018;30;14;0;0;26;1
202300037541;155 614 017;7;0;2;2;15;1
202300037541;155 614 019;31;0;2;1;1;1
202300037542;155 614 014;7;4;0;2;1;1
202300037543;155 614 012;7;0;2;3;15;1
202300037543;155 614 015;1;0;2;8;1;5
202300037544;155 614 013;7;14;1;0;1;1
202300037545;155 614 008;10;0;2;6;2;1
202300037545;155 614 010;30;0;2;2;17;3
202300037546;155 614 009;0;0;0;0;0;0
202300037547;155 614 006;80;0;1;7;1;3
202300037548;155 614 007;7;0;2;3;9;1
202300037548;155 614 011;7;8;2;2;2;1
202300037549;155 614 004;7;8;0;2;2;1
202300037550;155 614 003;2;0;2;1;5;3
202300037550;155 614 005;7;0;2;2;1;1
202300037551;155 614 000;7;0;2;1;1;1
202300037551;155 614 002;7;0;2;4;23;1
202300037552;155 613 999;7;8;2;1;17;1
202300037552;155 614 001;7;0;2;8;15;1
202300037553;155 613 995;7;0;0;9;1;0
202300037554;155 613 994;7;0;2;3;15;1
202300037554;155 613 997;2;0;2;1;1;1
202300037555;155 613 992;7;0;2;3;16;1
202300037555;155 613 996;34;0;2;1;1;1
202300037555;155 613 998;7;0;2;3;1;1
202300037556;155 613 989;32;0;0;7;9;1
202300037556;155 613 991;7;0;2;1;9;1
202300037557;155 613 990;2;0;1;1;1;1
202300037558;155 613 986;10;0;2;4;26;0
202300037558;155 613 988;3;0;2;1;0;0
202300037559;155 613 985;7;0;0;4;2;1
202300037559;155 613 987;7;0;2;1;2;1
202300037560;155 613 982;7;0;2;1;1;1
202300037560;155 613 983;7;0;2;4;23;1
202300037560;155 613 984;7;0;2;4;23;1
202300037561;155 613 978;33;0;2;2;1;1
202300037561;155 613 980;7;0;2;8;19;1
202300037562;155 613 977;7;0;1;1;1;1
202300037563;155 613 975;7;0;2;1;1;0
202300037563;155 613 976;32;0;2;1;13;1
202300037564;155 613 973;37;0;0;0;1;1
202300037565;155 613 974;7;0;1;1;1;1
202300037566;155 613 971;37;0;0;0;1;1
202300037567;155 613 969;7;0;2;4;17;1
202300037567;155 613 970;7;0;2;1;1;1
202300037568;155 613 964;7;0;2;1;17;1
202300037568;155 613 966;15;0;2;6;1;1
202300037568;155 613 967;7;0;2;1;5;1
202300037569;155 613 963;7;0;2;4;23;1
202300037569;155 613 965;2;0;2;1;1;1
202300037570;155 613 960;10;0;9;3;13;1
202300037570;155 613 962;1;0;2;1;13;5
202300037571;155 613 956;7;13;0;1;1;1
202300037572;155 613 957;7;0;2;1;2;1
202300037572;155 613 959;10;0;2;4;2;1
202300037573;155 613 955;7;0;2;4;1;1
202300037573;155 613 958;7;0;2;4;1;1
202300037573;155 613 961;7;0;2;1;1;1
202300037574;155 613 953;7;0;2;3;15;0
202300037574;155 613 954;33;0;2;1;17;0
202300037575;155 613 950;33;0;0;7;17;1
202300037576;155 613 949;33;0;2;1;1;1
202300037576;155 613 951;7;0;2;1;15;1
202300037577;155 613 952;7;6;1;4;20;1
202300037578;155 613 947;7;0;2;1;1;1
202300037578;155 613 948;7;8;2;2;1;1
202300037579;155 613 946;7;6;0;9;1;1
202300037580;155 613 943;7;8;0;2;1;1
202300037581;155 613 944;7;0;2;1;1;1
202300037581;155 613 945;7;0;2;4;23;1
202300037582;155 613 940;31;0;2;0;0;1
202300037582;155 613 942;30;0;2;1;5;1
202300037583;155 613 938;10;0;2;7;2;1
202300037583;155 613 941;1;0;2;4;1;5
202300037584;155 613 937;7;0;2;2;1;3
202300037584;155 613 939;50;0;2;8;19;3
202300037585;155 613 933;10;0;0;1;1;1
202300037585;155 613 935;15;0;0;2;9;1
202300037586;155 613 932;10;0;1;2;1;1
202300037587;155 613 930;10;0;2;3;11;1
202300037587;155 613 934;33;0;2;1;1;1
202300037588;155 613 931;50;0;2;8;26;3
202300037588;155 613 936;7;0;2;1;1;1
202300037589;155 613 927;2;0;0;1;1;1
202300037589;155 613 929;10;0;0;3;15;1
202300037590;155 613 926;1;0;2;1;19;5
202300037590;155 613 928;7;0;2;3;1;1
202300037591;155 613 923;7;0;1;2;1;1
202300037592;155 613 924;7;0;2;1;15;1
202300037592;155 613 925;33;0;2;8;1;1
202300037593;155 613 921;7;13;0;2;14;1
202300037594;155 613 920;7;0;2;3;19;1
202300037594;155 613 922;7;0;2;2;1;1
202300037595;155 613 918;30;0;2;0;0;0
202300037595;155 613 919;7;0;5;4;0;6
202300037596;155 613 916;7;2;0;1;1;1
202300037597;155 613 915;10;0;0;0;0;0
202300037597;155 613 917;7;0;2;8;1;1
202300037598;155 613 913;7;13;0;3;1;1
202300037599;155 613 912;10;0;2;7;1;0
202300037599;155 613 914;7;0;2;1;1;1
202300037600;155 613 911;7;0;1;2;1;1
202300037601;155 613 909;0;0;0;0;0;0
202300037601;155 613 910;1;0;0;0;0;5
202300037602;155 613 908;7;2;0;3;14;1
202300037603;155 613 905;7;0;2;7;19;1
202300037603;155 613 906;33;0;2;1;1;1
202300037604;155 613 907;7;0;1;2;1;1
202300037605;155 613 903;7;0;2;3;10;1
202300037605;155 613 904;33;0;2;1;1;1
202300037606;155 613 900;7;0;2;3;19;1
202300037606;155 613 902;31;0;2;2;21;1
202300037607;155 613 896;7;0;2;1;15;1
202300037607;155 613 898;1;0;2;1;1;5
202300037608;155 613 897;7;0;2;5;17;1
202300037608;155 613 899;2;0;2;8;13;1
202300037609;155 613 895;7;0;2;2;19;1
202300037609;155 613 901;1;0;2;8;1;5
202300037610;155 613 894;7;0;1;3;1;1
202300037611;155 613 893;7;0;1;8;1;1
202300037612;155 613 889;7;0;2;5;2;1
202300037612;155 613 890;2;0;2;1;1;1
202300037613;155 613 888;7;0;9;1;15;1
202300037613;155 613 892;60;0;0;0;0;5
202300037614;155 613 887;7;0;2;2;15;1
202300037614;155 613 891;10;0;2;3;1;1
202300037615;155 613 884;33;13;2;5;17;1
202300037615;155 613 886;3;0;2;3;15;1
202300037616;155 613 881;2;0;2;3;9;1
202300037616;155 613 883;2;0;2;1;3;1
202300037616;155 613 885;7;0;2;6;23;1
202300037617;155 613 880;7;0;2;1;2;1
202300037617;155 613 882;7;0;0;4;1;1
202300037618;155 613 879;33;8;0;1;17;1
202300037619;155 613 877;7;0;2;1;15;1
202300037619;155 613 878;7;0;2;1;1;1
202300037620;155 613 874;2;0;2;7;5;1
202300037620;155 613 876;7;0;2;1;1;1
202300037621;155 613 873;80;0;2;1;5;3
202300037621;155 613 875;80;0;2;1;17;3
202300037622;155 613 872;7;6;0;1;0;1
202300037623;155 613 869;2;0;2;3;17;1
202300037623;155 613 871;7;0;2;3;15;1
202300037624;155 613 868;40;0;2;2;1;3
202300037624;155 613 870;1;0;4;1;15;5
202300037625;155 613 866;7;0;2;1;9;1
202300037625;155 613 867;33;0;2;1;1;1
202300037626;155 613 862;7;0;0;6;15;1
202300037626;155 613 863;2;0;2;3;17;1