Num_Acc;id_vehicule;categorie_vehicule;obstacle_fixe;obstacle_mobile;point_choc_initial;manoeuvre_principale;motorisation
202300037627;155 613 860;32;0;2;1;5;1
202300037627;155 613 864;7;0;2;8;1;1
202300037628;155 613 858;7;0;2;3;1;0
202300037628;155 613 861;7;0;2;2;0;0
202300037629;155 613 857;7;0;2;1;1;1
202300037629;155 613 859;7;0;2;3;15;1
202300037630;155 613 856;7;0;1;1;1;0
202300037631;155 613 855;1;0;1;3;1;5
202300037632;155 613 854;2;12;0;2;1;1
202300037633;155 613 853;7;0;1;1;1;1
202300037634;155 613 852;33;0;0;7;12;1
202300037635;155 613 850;13;1;0;1;1;1
202300037635;155 613 851;7;1;0;6;23;1
202300037636;155 613 847;2;0;2;1;1;1
202300037636;155 613 849;7;0;2;3;1;1
202300037637;155 613 846;50;0;2;1;1;3
202300037637;155 613 848;7;0;9;2;15;0
202300037638;155 613 842;10;0;2;1;2;1
202300037638;155 613 844;50;0;0;8;15;3
202300037639;155 613 843;7;0;2;3;15;1
202300037639;155 613 845;7;0;2;3;1;1
202300037640;155 613 838;7;15;0;1;1;1
202300037641;155 613 837;7;0;2;2;21;1
202300037641;155 613 840;2;0;2;8;19;1
202300037642;155 613 836;7;0;2;1;2;1
202300037642;155 613 839;7;0;2;4;2;1
202300037642;155 613 841;7;0;2;1;2;1
202300037643;155 613 832;7;0;0;0;15;1
202300037644;155 613 833;7;0;2;4;23;1
202300037644;155 613 835;7;0;2;1;2;1
202300037645;155 613 827;7;0;2;1;26;1
202300037645;155 613 830;1;0;2;2;19;5
202300037646;155 613 829;7;0;0;4;23;1
202300037646;155 613 831;7;1;0;4;2;1
202300037646;155 613 834;10;1;0;1;2;1
202300037647;155 613 826;7;0;9;3;9;1
202300037647;155 613 828;1;0;2;7;1;5
202300037648;155 613 824;7;0;2;8;1;1
202300037648;155 613 825;30;0;2;7;14;1
202300037649;155 613 823;7;2;0;2;1;1
202300037650;155 613 821;7;0;1;3;1;1
202300037651;155 613 818;1;0;2;0;1;5
202300037651;155 613 822;13;0;9;1;1;1
202300037652;155 613 816;7;0;0;6;20;0
202300037652;155 613 819;7;0;2;8;1;0
202300037652;155 613 820;7;0;2;3;1;0
202300037653;155 613 814;7;0;1;4;20;1
202300037654;155 613 812;7;0;2;7;1;1
202300037654;155 613 813;7;0;2;1;1;1
202300037655;155 613 809;7;0;1;1;14;1
202300037656;155 613 807;33;14;0;1;0;0
202300037657;155 613 806;7;0;2;4;1;1
202300037657;155 613 808;10;0;2;1;2;1
202300037658;155 613 803;2;0;2;1;1;1
202300037658;155 613 805;10;0;2;4;4;1
202300037659;155 613 802;7;0;2;1;1;1
202300037659;155 613 804;7;0;2;1;5;1
202300037660;155 613 801;7;0;1;1;1;1
202300037661;155 613 798;7;0;2;4;9;1
202300037661;155 613 800;1;0;0;4;0;5
202300037662;155 613 797;10;0;2;3;15;1
202300037662;155 613 799;7;0;2;1;1;1
202300037663;155 613 795;7;0;2;1;1;1
202300037663;155 613 796;7;0;2;8;19;1
202300037664;155 613 793;7;0;1;1;1;1
202300037665;155 613 792;10;0;2;1;1;3
202300037665;155 613 794;33;0;2;2;19;1
202300037666;155 613 788;33;0;2;1;0;1
202300037666;155 613 791;7;0;2;1;13;1
202300037667;155 613 787;7;0;2;6;2;3
202300037667;155 613 790;7;0;2;1;14;1
202300037668;155 613 789;7;0;1;1;1;1
202300037669;155 613 786;7;2;0;1;20;1
202300037670;155 613 784;31;0;0;6;1;1
202300037671;155 613 783;33;0;2;3;18;1
202300037671;155 613 785;7;0;2;2;1;1
202300037672;155 613 779;7;0;2;1;26;1
202300037672;155 613 781;10;0;2;1;26;1
202300037673;155 613 780;7;0;1;1;1;1
202300037674;155 613 778;7;0;2;5;15;1
202300037674;155 613 782;7;0;2;1;2;1
202300037675;155 613 776;7;1;0;2;14;1
202300037676;155 613 774;7;0;2;1;15;1
202300037676;155 613 777;50;0;2;1;1;3
202300037677;155 613 772;7;0;1;1;2;1
202300037678;155 613 771;1;0;2;0;1;5
202300037678;155 613 773;10;0;2;5;22;0
202300037679;155 613 770;7;0;1;1;9;6
202300037680;155 613 769;50;0;0;0;1;3
202300037681;155 613 768;7;0;1;2;15;1
202300037682;155 613 767;7;2;0;3;1;1
202300037683;155 613 765;7;0;2;4;1;1
202300037683;155 613 766;7;0;2;1;1;1
202300037684;155 613 763;7;0;1;1;1;1
202300037685;155 613 762;7;0;2;3;15;1
202300037685;155 613 764;32;0;2;6;1;1
202300037686;155 613 759;7;0;2;4;1;0
202300037686;155 613 761;7;0;2;1;1;0
202300037687;155 613 757;7;0;2;4;2;1
202300037687;155 613 760;7;0;2;1;2;1
202300037688;155 613 756;50;0;2;4;1;3
202300037688;155 613 758;50;0;2;1;1;3
202300037689;155 613 752;7;0;2;4;1;1
202300037689;155 613 755;7;0;2;1;1;1
202300037690;155 613 749;7;0;2;1;2;2
202300037690;155 613 751;7;0;2;4;2;0
202300037691;155 613 747;2;8;0;3;1;1
202300037692;155 613 745;7;12;0;1;1;3
202300037693;155 613 743;1;0;2;1;1;5
202300037693;155 613 744;1;0;2;1;1;5
202300037693;155 613 746;7;0;2;1;13;1
202300037694;155 613 740;37;0;2;3;1;1
202300037694;155 613 742;34;0;2;1;5;1
202300037695;155 613 739;1;0;2;3;1;5
202300037695;155 613 741;7;0;2;5;20;1
202300037696;155 613 736;7;0;2;4;23;1
202300037696;155 613 738;1;0;2;1;2;5
202300037697;155 613 735;10;0;1;2;1;1
202300037698;155 613 734;10;0;2;2;0;0
202300037698;155 613 737;7;1;0;3;0;0
202300037699;155 613 731;50;0;2;1;5;3
202300037699;155 613 733;7;0;2;3;26;1
202300037700;155 613 730;7;1;2;1;1;1
202300037700;155 613 732;3;1;2;4;15;3
202300037701;155 613 728;7;0;0;1;15;1
202300037701;155 613 729;7;0;0;1;1;1
202300037702;155 613 725;1;0;2;1;1;5
202300037702;155 613 727;7;0;2;1;15;1
202300037703;155 613 724;7;0;2;1;12;1
202300037703;155 613 726;31;0;2;6;3;1
202300037704;155 613 723;33;0;1;3;13;1
202300037705;155 613 720;7;1;0;8;14;1
202300037706;155 613 721;32;0;2;1;3;1
202300037706;155 613 722;7;0;2;5;12;1
202300037707;155 613 718;7;0;2;3;10;1
202300037707;155 613 719;7;0;2;2;15;1
202300037708;155 613 717;7;2;2;1;26;1
202300037709;155 613 716;7;4;0;3;13;1
202300037710;155 613 714;7;0;2;1;1;1
202300037710;155 613 715;21;0;2;2;6;1
202300037711;155 613 712;7;0;1;1;1;1
202300037712;155 613 710;7;0;2;8;1;1
202300037712;155 613 711;7;0;2;1;1;3
202300037712;155 613 713;17;0;2;2;12;1
202300037713;155 613 709;33;7;0;1;1;3
202300037714;155 613 707;10;0;2;1;1;1
202300037714;155 613 708;10;0;2;4;23;1
202300037715;155 613 704;33;0;2;1;1;1
202300037715;155 613 706;7;0;2;0;1;1
202300037716;155 613 703;7;0;0;3;7;2
202300037716;155 613 705;30;0;0;5;9;1
202300037717;155 613 701;7;0;0;4;2;1
202300037717;155 613 702;32;0;2;1;2;1
202300037718;155 613 697;7;6;0;1;13;1
202300037719;155 613 696;99;0;2;8;10;1
202300037719;155 613 699;7;0;2;1;2;1
202300037720;155 613 695;33;0;2;8;3;1
202300037720;155 613 698;17;0;2;8;1;1
202300037720;155 613 700;7;0;2;7;12;0
202300037721;155 613 693;50;0;0;0;25;3
202300037722;155 613 692;7;0;2;4;24;1
202300037722;155 613 694;7;0;2;1;21;1
202300037723;155 613 687;7;0;2;2;16;1
202300037723;155 613 689;43;0;2;3;18;1
202300037724;155 613 686;7;0;2;6;11;1
202300037724;155 613 690;31;0;2;2;1;1
202300037724;155 613 691;10;0;2;4;1;1
202300037725;155 613 685;34;0;0;0;0;1
202300037725;155 613 688;7;0;2;3;15;1
202300037726;155 613 681;7;0;2;1;17;1
202300037726;155 613 682;1;0;2;0;0;5
202300037727;155 613 680;33;0;2;3;3;1
202300037727;155 613 684;10;0;2;8;12;0
202300037728;155 613 679;33;0;2;1;1;1
202300037728;155 613 683;7;0;2;8;19;2
202300037729;155 613 676;7;0;2;3;13;1
202300037729;155 613 678;7;0;2;3;1;1
202300037730;155 613 674;7;0;1;2;1;1
202300037731;155 613 669;43;0;2;7;16;1
202300037731;155 613 671;30;0;2;1;1;1
202300037732;155 613 670;7;0;2;3;17;2
202300037732;155 613 672;7;0;2;6;2;2
202300037732;155 613 673;7;0;2;8;2;1
202300037732;155 613 675;2;0;2;1;2;3
202300037732;155 613 677;7;0;2;1;2;1
202300037733;155 613 667;33;0;2;0;1;1
202300037733;155 613 668;7;0;2;3;1;1
202300037734;155 613 666;2;10;0;1;13;1
202300037735;155 613 664;2;0;2;3;9;1
202300037735;155 613 665;34;0;2;2;1;1
202300037736;155 613 662;7;6;0;1;14;1
202300037737;155 613 661;33;13;0;2;21;1
202300037737;155 613 663;7;0;0;0;17;1
202300037738;155 613 659;1;0;1;1;1;5
202300037739;155 613 660;32;0;1;1;1;1
202300037740;155 613 658;7;0;1;2;16;1
202300037741;155 613 656;7;0;0;2;1;1
202300037742;155 613 657;7;9;0;1;19;1
202300037743;155 613 655;7;0;1;1;1;2
202300037744;155 613 653;7;17;0;3;13;1
202300037745;155 613 650;10;0;2;1;1;1
202300037745;155 613 654;33;0;2;1;1;1
202300037746;155 613 651;14;0;2;7;16;1
202300037746;155 613 652;1;0;2;1;1;5
202300037747;155 613 648;30;0;2;3;1;1
202300037747;155 613 649;21;0;2;6;1;1
202300037748;155 613 647;2;0;0;0;1;1
202300037749;155 613 643;33;0;2;1;1;1
202300037749;155 613 646;7;0;2;2;16;1
202300037750;155 613 642;7;0;2;1;2;1
202300037750;155 613 644;7;0;0;0;2;1
202300037751;155 613 641;7;0;2;1;1;1
202300037751;155 613 645;7;0;2;1;13;1
202300037752;155 613 636;10;0;2;3;13;1
202300037752;155 613 637;7;0;2;3;1;1
202300037753;155 613 639;7;0;2;5;15;1
202300037753;155 613 640;33;0;2;1;1;1
202300037754;155 613 635;10;7;2;1;1;1
202300037754;155 613 638;10;7;0;4;23;1
202300037755;155 613 633;33;0;2;1;17;1
202300037755;155 613 634;37;0;2;1;1;1
202300037756;155 613 630;10;0;2;1;1;1
202300037756;155 613 632;10;0;2;7;15;1
202300037757;155 613 629;7;0;2;1;2;1
202300037757;155 613 631;7;0;0;4;2;1
202300037758;155 613 626;7;12;0;1;1;1
202300037759;155 613 627;43;0;2;1;18;1
202300037759;155 613 628;1;0;2;3;5;5
202300037760;155 613 623;7;0;2;3;1;1
202300037760;155 613 625;1;0;2;8;19;5
202300037761;155 613 620;7;0;2;6;11;2
202300037761;155 613 622;33;0;2;2;3;1
202300037762;155 613 619;7;0;0;9;12;1
202300037763;155 613 618;7;0;1;2;26;1
202300037764;155 613 616;7;3;2;1;2;1
202300037765;155 613 615;10;0;2;3;15;1
202300037765;155 613 617;32;0;2;2;1;1
202300037766;155 613 613;7;0;2;1;2;0
202300037766;155 613 614;7;0;2;1;13;0
202300037767;155 613 612;10;2;0;1;13;1
202300037768;155 613 611;7;0;1;1;15;2
202300037769;155 613 608;7;0;2;1;1;1
202300037769;155 613 609;7;0;2;1;1;1
202300037770;155 613 607;7;0;2;1;1;1
202300037770;155 613 610;7;4;2;1;17;1
202300037771;155 613 604;2;0;0;0;0;1
202300037772;155 613 605;7;0;2;5;1;4
202300037772;155 613 606;30;0;2;3;23;3
202300037773;155 613 602;10;0;2;2;14;1
202300037773;155 613 603;34;0;2;6;1;1
202300037774;155 613 599;7;0;2;8;22;1
202300037774;155 613 601;1;0;2;7;1;5
202300037775;155 613 597;7;0;2;6;15;1
202300037775;155 613 598;10;0;2;3;17;1
202300037776;155 613 596;33;0;2;1;26;1
202300037776;155 613 600;7;0;2;2;9;2
202300037777;155 613 593;7;0;1;3;1;1
202300037778;155 613 592;7;0;2;3;22;1
202300037778;155 613 595;1;0;2;1;1;5
202300037779;155 613 591;1;0;2;8;1;5
202300037779;155 613 594;7;0;2;2;1;1
202300037780;155 613 588;7;0;2;2;15;1
202300037780;155 613 590;33;0;2;1;1;1
202300037781;155 613 587;7;0;2;3;15;1
202300037781;155 613 589;31;0;2;2;17;1
202300037782;155 613 585;7;0;2;4;2;1
202300037782;155 613 586;33;0;2;1;2;1
202300037783;155 613 582;7;0;2;1;1;1
202300037783;155 613 584;7;0;0;4;15;1
202300037784;155 613 580;80;0;2;2;18;3
202300037784;155 613 583;10;0;2;2;16;1
202300037785;155 613 579;7;0;2;1;16;1
202300037785;155 613 581;33;0;2;7;1;1
202300037786;155 613 578;33;5;0;3;0;0
202300037787;155 613 575;30;0;2;1;1;1
202300037787;155 613 577;7;0;2;1;15;1
202300037788;155 613 572;33;0;2;1;1;1
202300037788;155 613 574;7;0;2;0;0;0
202300037788;155 613 576;7;0;2;0;0;1
202300037789;155 613 571;7;0;0;8;17;0
202300037789;155 613 573;33;0;2;8;0;0
202300037790;155 613 569;7;0;2;3;10;1
202300037790;155 613 570;33;0;2;2;1;1
202300037791;155 613 566;7;0;2;2;15;1
202300037791;155 613 568;50;0;2;1;1;3
202300037792;155 613 567;7;0;1;1;2;0
202300037793;155 613 563;7;0;2;2;1;1
202300037793;155 613 565;7;0;2;3;2;1
202300037794;155 613 561;7;0;2;0;0;1
202300037794;155 613 564;7;0;2;0;0;1
202300037795;155 613 560;7;0;2;1;1;1
202300037795;155 613 562;33;0;2;3;1;1
202300037796;155 613 557;32;0;2;3;1;1
202300037796;155 613 559;7;0;2;7;12;1
202300037797;155 613 555;7;0;2;2;9;0
202300037797;155 613 558;33;0;2;1;0;1
202300037798;155 613 554;33;0;2;1;1;1
202300037798;155 613 556;7;0;2;3;9;1
202300037799;155 613 551;33;13;0;1;1;1
202300037800;155 613 552;7;0;2;1;13;1
202300037800;155 613 553;7;0;2;6;15;1
202300037801;155 613 550;7;0;1;2;1;1
202300037802;155 613 549;7;6;0;2;14;1
202300037803;155 613 547;37;0;1;7;20;1
202300037804;155 613 546;50;0;2;1;1;3
202300037804;155 613 548;7;0;0;8;1;1
202300037805;155 613 545;7;6;0;1;1;1
202300037806;155 613 544;7;0;1;3;15;0
202300037807;155 613 540;7;0;2;3;9;1
202300037807;155 613 543;50;0;2;0;0;3
202300037808;155 613 539;7;0;2;3;1;1
202300037808;155 613 542;2;0;2;1;0;1
202300037809;155 613 538;50;0;2;5;1;3
202300037809;155 613 541;7;0;2;1;15;1
202300037810;155 613 537;7;6;0;1;1;1
202300037811;155 613 536;2;12;0;1;0;1
202300037812;155 613 534;7;0;1;1;15;1
202300037813;155 613 532;7;0;2;1;1;1
202300037813;155 613 533;7;0;2;0;0;1
202300037814;155 613 531;7;0;2;3;1;0
202300037814;155 613 535;7;0;2;2;15;0
202300037815;155 613 529;50;0;0;1;5;3
202300037815;155 613 530;7;0;2;2;1;1
202300037816;155 613 527;7;0;2;4;1;1
202300037816;155 613 528;7;0;2;1;1;1
202300037817;155 613 526;7;0;1;1;1;1
202300037818;155 613 522;7;0;1;0;26;1
202300037819;155 613 524;34;0;2;2;17;1
202300037819;155 613 525;7;0;2;3;15;1
202300037820;155 613 519;10;0;1;1;1;0
202300037821;155 613 516;7;13;2;3;5;1
202300037821;155 613 521;7;13;2;3;1;1
202300037822;155 613 515;7;0;2;4;1;1
202300037822;155 613 517;7;0;2;7;0;1
202300037822;155 613 518;7;3;0;1;9;1
202300037822;155 613 520;10;0;2;1;2;1
202300037823;155 613 513;30;0;2;1;19;0
202300037823;155 613 514;7;0;2;3;1;1
202300037824;155 613 511;40;0;1;7;1;4
202300037825;155 613 510;7;3;0;4;1;0
202300037825;155 613 512;33;0;2;1;14;0
202300037826;155 613 508;7;2;0;1;15;1
202300037827;155 613 505;7;0;2;8;16;1
202300037827;155 613 507;80;0;0;7;1;3
202300037828;155 613 506;7;0;2;2;0;1
202300037828;155 613 509;7;0;2;3;1;1
202300037829;155 613 504;7;13;0;2;14;1
202300037830;155 613 502;33;15;0;0;0;1
202300037831;155 613 501;7;0;2;6;23;1
202300037831;155 613 503;1;0;2;1;1;5
202300037832;155 613 500;30;0;0;7;1;1
202300037833;155 613 497;7;0;2;1;1;0
202300037833;155 613 499;1;0;2;8;16;5
202300037834;155 613 496;7;0;1;1;1;1
202300037835;155 613 495;7;0;2;3;2;1
202300037835;155 613 498;30;0;2;2;1;1
202300037836;155 613 494;7;13;0;3;13;1
202300037837;155 613 492;30;0;1;1;1;1
202300037838;155 613 491;10;0;2;4;4;3
202300037838;155 613 493;1;0;2;1;23;5
202300037839;155 613 490;33;0;0;8;2;1
202300037840;155 613 488;7;3;0;1;0;1
202300037841;155 613 487;33;0;0;0;17;1
202300037842;155 613 486;7;0;2;1;0;0
202300037842;155 613 489;50;0;2;1;19;3
202300037843;155 613 485;7;1;0;3;1;1
202300037844;155 613 483;7;14;0;0;0;1
202300037845;155 613 482;33;0;2;1;1;1
202300037845;155 613 484;7;0;2;3;9;1
202300037846;155 613 480;33;0;2;1;2;1
202300037846;155 613 481;7;0;2;4;15;1
202300037847;155 613 479;7;0;1;1;1;1
202300037848;155 613 478;32;0;0;0;23;1
202300037849;155 613 476;7;0;2;3;1;1
202300037849;155 613 477;50;0;2;1;25;3
202300037850;155 613 474;7;0;1;3;1;0
202300037851;155 613 473;7;0;2;3;5;1
202300037851;155 613 475;31;0;2;0;1;1
202300037852;155 613 470;10;15;0;1;0;1
202300037853;155 613 467;7;0;2;7;1;1
202300037853;155 613 469;1;0;2;8;1;5
202300037854;155 613 468;33;0;0;3;1;1
202300037855;155 613 466;7;0;2;3;1;1
202300037855;155 613 471;7;0;2;1;1;1
202300037856;155 613 464;1;0;2;1;1;5
202300037856;155 613 465;2;0;2;1;13;1
202300037857;155 613 463;43;11;0;0;1;1
202300037858;155 613 460;2;0;2;1;2;1
202300037858;155 613 461;7;0;2;2;15;1
202300037859;155 613 457;7;0;2;1;13;1
202300037859;155 613 459;7;0;2;3;1;1
202300037860;155 613 455;33;0;2;1;21;1
202300037860;155 613 456;7;0;2;8;10;1
202300037861;155 613 452;7;0;2;2;1;1
202300037861;155 613 454;80;0;2;4;1;3
202300037862;155 613 453;33;13;0;6;1;1
202300037863;155 613 450;7;0;2;0;0;0
202300037863;155 613 451;33;1;0;1;0;0
202300037864;155 613 448;33;16;0;2;1;1
202300037865;155 613 445;7;0;2;3;1;1
202300037865;155 613 447;7;0;2;1;9;1
202300037866;155 613 446;7;0;2;1;5;1
202300037866;155 613 449;10;0;2;1;1;1
202300037867;155 613 444;7;6;0;3;0;1
202300037868;155 613 441;36;2;0;1;0;1
202300037869;155 613 440;7;0;2;0;0;0
202300037869;155 613 442;7;13;0;0;1;1
202300037870;155 613 439;32;0;2;1;1;1
202300037870;155 613 443;30;0;2;2;1;1
202300037871;155 613 436;34;0;1;1;17;1
202300037872;155 613 434;17;0;2;2;1;1
202300037872;155 613 438;10;0;2;3;19;1
202300037873;155 613 433;17;0;2;1;0;1
202300037873;155 613 435;10;0;2;1;0;1
202300037873;155 613 437;17;3;2;1;19;1
202300037874;155 613 432;7;0;1;1;1;1
202300037875;155 613 431;33;0;0;7;1;1
202300037876;155 613 428;7;0;2;4;2;2
202300037876;155 613 429;10;0;2;1;2;1
202300037877;155 613 427;7;0;0;5;2;1
202300037877;155 613 430;7;0;2;3;2;1
202300037878;155 613 424;7;8;0;1;13;2
202300037879;155 613 423;7;0;0;2;1;1
202300037879;155 613 425;1;0;0;1;1;5
202300037880;155 613 418;33;0;2;3;1;1
202300037880;155 613 422;7;0;2;3;17;1
202300037881;155 613 419;7;0;2;4;23;1
202300037881;155 613 421;30;0;2;1;2;1
202300037882;155 613 417;2;0;0;1;13;1
202300037882;155 613 420;10;0;0;1;1;1
202300037883;155 613 414;13;0;1;2;19;1
202300037884;155 613 412;7;0;2;8;19;1
202300037884;155 613 415;7;0;2;1;2;1
202300037885;155 613 411;34;0;2;7;1;1
202300037885;155 613 413;43;0;2;7;1;1
202300037885;155 613 416;10;0;2;1;1;1
202300037886;155 613 408;7;0;2;3;1;1
202300037886;155 613 410;7;0;2;3;13;1
202300037887;155 613 406;7;0;2;8;1;1
202300037887;155 613 409;7;0;2;1;1;1
202300037888;155 613 405;7;0;2;1;1;1
202300037888;155 613 407;7;0;2;8;1;2
202300037889;155 613 403;15;0;0;0;23;1
202300037889;155 613 404;32;14;0;1;1;3
202300037890;155 613 400;7;0;2;3;1;1
202300037890;155 613 402;7;0;2;3;13;1
202300037891;155 613 397;7;0;2;3;15;1
202300037891;155 613 401;43;0;2;8;1;1
202300037892;155 613 396;7;0;2;1;15;0
202300037892;155 613 398;7;0;2;3;1;0
202300037892;155 613 399;10;0;2;8;23;1
202300037893;155 613 395;10;0;1;3;19;1
202300037894;155 613 394;7;6;0;1;21;1
202300037895;155 613 392;7;0;0;3;1;1
202300037895;155 613 393;7;0;2;3;1;1
202300037896;155 613 390;7;0;2;2;12;1
202300037896;155 613 391;7;0;2;3;1;1
202300037897;155 613 388;0;0;1;1;0;0
202300037898;155 613 387;2;0;2;1;5;1
202300037898;155 613 389;7;0;2;3;1;1
202300037899;155 613 386;7;0;1;4;4;0
202300037900;155 613 384;32;8;0;2;0;1
202300037901;155 613 383;32;14;0;1;6;1
202300037902;155 613 381;7;0;2;5;12;1
202300037902;155 613 382;32;0;2;5;7;1
202300037903;155 613 380;7;0;2;7;19;1
202300037903;155 613 385;7;0;2;1;1;1
202300037904;155 613 378;38;13;0;7;14;6
202300037905;155 613 373;33;0;2;1;2;1
202300037905;155 613 376;33;0;2;4;2;1
202300037906;155 613 374;7;2;0;3;2;1
202300037907;155 613 375;13;0;2;2;1;1
202300037907;155 613 377;7;0;2;8;11;1
202300037908;155 613 369;7;0;2;6;0;0
202300037908;155 613 372;7;0;2;3;0;0
202300037909;155 613 366;7;0;9;2;1;0
202300037909;155 613 368;7;0;2;1;1;0
202300037909;155 613 371;7;0;2;1;13;0
202300037910;155 613 367;33;3;2;1;0;1
202300037910;155 613 370;7;0;2;3;1;1
202300037911;155 613 362;33;0;2;1;0;0
202300037911;155 613 365;10;0;2;6;15;1
202300037912;155 613 360;7;0;2;1;21;1
202300037912;155 613 363;7;0;2;1;13;1
202300037913;155 613 359;7;0;2;4;11;1
202300037913;155 613 361;7;0;2;6;23;1
202300037913;155 613 364;34;0;2;1;11;1
202300037914;155 613 355;7;0;2;3;1;1
202300037914;155 613 357;7;0;2;3;17;1
202300037914;155 613 358;15;0;2;7;1;1
202300037915;155 613 353;7;0;2;5;23;1
202300037915;155 613 356;7;1;2;3;1;1
202300037916;155 613 352;7;0;2;3;1;1
202300037916;155 613 354;7;0;2;2;12;1
202300037917;155 613 351;7;17;0;1;1;1
202300037918;155 613 350;7;13;0;1;1;1
202300037919;155 613 349;7;4;0;3;1;1
202300037920;155 613 347;7;3;2;1;5;1
202300037920;155 613 348;10;0;2;1;1;1
202300037921;155 613 344;1;0;0;7;1;5
202300037921;155 613 346;7;0;0;1;9;1
202300037922;155 613 342;7;0;1;2;1;1
202300037923;155 613 341;7;0;2;1;2;1
202300037923;155 613 343;7;0;2;4;2;2
202300037923;155 613 345;7;0;2;4;2;1
202300037924;155 613 339;1;0;2;4;1;5
202300037924;155 613 340;7;0;2;1;1;0
202300037925;155 613 338;7;5;0;1;13;1
202300037926;155 613 334;7;0;2;1;17;1
202300037926;155 613 336;15;0;2;1;26;1
202300037927;155 613 332;7;0;2;4;1;1
202300037927;155 613 335;7;0;2;4;1;1
202300037927;155 613 337;10;0;2;1;1;1
202300037928;155 613 331;7;0;2;4;16;1
202300037928;155 613 333;10;0;2;1;2;1
202300037929;155 613 325;7;0;2;7;1;1
202300037929;155 613 329;7;0;2;2;1;1
202300037929;155 613 330;10;7;2;1;1;1
202300037930;155 613 323;7;0;2;3;9;1
202300037930;155 613 327;31;0;0;5;1;1
202300037931;155 613 322;50;0;2;1;13;3
202300037931;155 613 326;1;0;2;1;14;5
202300037932;155 613 320;7;0;2;4;1;0
202300037932;155 613 321;7;0;2;1;1;0
202300037932;155 613 324;7;0;2;1;1;0
202300037932;155 613 328;7;0;2;1;1;0
202300037933;155 613 317;7;0;2;2;15;1
202300037933;155 613 319;7;0;2;2;1;1
202300037934;155 613 316;7;15;2;1;0;1
202300037934;155 613 318;7;0;2;4;1;1
202300037935;155 613 315;1;0;1;1;1;5
202300037936;155 613 314;30;0;1;8;17;1
202300037937;155 613 312;10;4;0;2;1;1
202300037938;155 613 310;7;0;2;1;13;1
202300037938;155 613 313;7;0;2;1;1;1
202300037939;155 613 308;7;0;2;1;1;1
202300037939;155 613 311;7;0;2;3;1;1
202300037940;155 613 309;31;0;2;1;13;1
202300037941;155 613 307;17;3;0;0;1;1
202300037942;155 613 306;33;14;0;1;1;1
202300037943;155 613 302;1;0;2;0;1;5
202300037943;155 613 305;1;0;2;0;17;5
202300037944;155 613 301;7;0;2;1;1;0
202300037944;155 613 304;7;0;0;4;1;1
202300037945;155 613 300;33;13;0;7;12;1
202300037946;155 613 298;50;0;0;0;0;3
202300037947;155 613 296;7;0;1;4;4;1
202300037948;155 613 294;7;0;2;3;9;1
202300037948;155 613 297;7;0;2;2;1;1
202300037949;155 613 292;10;0;2;3;9;1
202300037949;155 613 295;10;0;2;2;1;1
202300037950;155 613 290;38;0;2;3;1;1
202300037950;155 613 291;38;0;2;8;1;1
202300037951;155 613 288;30;0;2;1;19;1
202300037951;155 613 293;10;0;2;7;1;1
202300037952;155 613 286;2;0;2;1;9;1
202300037952;155 613 289;1;0;2;1;0;5
202300037953;155 613 285;1;0;0;6;15;5
202300037953;155 613 287;7;0;0;2;17;1
202300037954;155 613 284;7;2;0;0;17;1
202300037955;155 613 283;1;0;2;0;1;5
202300037956;155 613 281;7;0;2;1;1;1
202300037956;155 613 282;7;0;2;4;1;1
202300037957;155 613 278;2;9;2;0;21;1
202300037958;155 613 277;33;0;2;1;1;0
202300037958;155 613 279;7;0;2;3;11;0
202300037959;155 613 275;10;0;2;3;1;1
202300037959;155 613 280;7;0;2;2;15;1
202300037960;155 613 272;7;0;2;3;1;1
202300037960;155 613 276;30;0;2;1;5;1
202300037961;155 613 271;50;0;0;0;0;3
202300037962;155 613 270;7;0;0;2;1;1
202300037962;155 613 274;1;0;2;4;2;5
202300037963;155 613 269;33;0;2;8;2;1
202300037963;155 613 273;7;0;2;1;15;1
202300037964;155 613 264;7;0;2;2;1;1
202300037964;155 613 268;1;0;2;1;1;5
202300037965;155 613 263;7;0;2;7;15;1
202300037965;155 613 265;7;3;2;2;1;1
202300037965;155 613 267;7;0;2;3;23;1
202300037966;155 613 259;7;0;2;3;13;1
202300037966;155 613 262;7;0;2;3;1;1
202300037966;155 613 266;7;13;2;8;1;1
202300037967;155 613 260;7;14;2;1;15;1
202300037967;155 613 261;7;0;2;4;26;1
202300037968;155 613 257;7;0;1;3;0;1
202300037969;155 613 256;7;1;2;2;1;0
202300037969;155 613 258;7;1;2;6;26;0
202300037970;155 613 255;7;9;0;1;9;1
202300037971;155 613 254;34;0;1;3;25;1
202300037972;155 613 250;7;0;2;3;13;1
202300037972;155 613 253;7;0;2;3;1;1
202300037973;155 613 248;7;0;2;1;13;1
202300037973;155 613 251;7;0;2;1;1;1
202300037974;155 613 244;3;2;0;3;2;1
202300037975;155 613 245;7;0;2;4;0;0
202300037975;155 613 247;7;0;2;1;0;0
202300037976;155 613 242;7;0;2;7;1;1
202300037976;155 613 246;30;0;2;1;19;1
202300037977;155 613 241;10;0;2;1;1;0
202300037977;155 613 243;7;0;2;4;1;1