Num_Acc;id_vehicule;categorie_vehicule;obstacle_fixe;obstacle_mobile;point_choc_initial;manoeuvre_principale;motorisation
202300037978;155 613 233;10;4;0;2;2;1
202300037979;155 613 234;7;0;2;1;1;1
202300037979;155 613 237;7;0;2;1;15;1
202300037980;155 613 230;10;0;0;4;23;1
202300037980;155 613 232;7;1;1;5;21;1
202300037980;155 613 235;10;0;2;4;23;1
202300037980;155 613 238;7;1;0;1;21;1
202300037980;155 613 240;7;0;0;0;26;1
202300037981;155 613 228;7;0;2;1;15;0
202300037981;155 613 231;33;0;2;8;2;1
202300037982;155 613 227;7;0;2;1;15;1
202300037982;155 613 229;32;0;2;7;1;1
202300037983;155 613 225;7;0;2;1;1;1
202300037983;155 613 226;7;0;2;1;1;1
202300037984;155 613 224;33;13;0;1;2;1
202300037985;155 613 217;10;0;0;1;1;1
202300037985;155 613 222;10;13;0;1;13;1
202300037986;155 613 220;33;0;0;0;0;0
202300037986;155 613 223;10;0;2;1;16;0
202300037987;155 613 216;13;0;2;3;13;1
202300037987;155 613 219;10;3;2;3;1;1
202300037988;155 613 215;33;0;2;1;2;1
202300037988;155 613 218;33;0;0;4;1;1
202300037988;155 613 221;10;0;0;4;23;1
202300037989;155 613 211;7;0;2;1;13;1
202300037989;155 613 214;14;0;2;1;1;1
202300037990;155 613 209;7;0;9;3;9;1
202300037990;155 613 213;80;0;2;1;1;3
202300037991;155 613 207;7;0;2;6;15;1
202300037991;155 613 210;33;0;2;2;0;1
202300037992;155 613 208;7;0;4;3;1;2
202300037992;155 613 212;39;0;2;2;1;3
202300037993;155 613 204;7;0;2;1;1;0
202300037993;155 613 206;2;0;2;1;1;1
202300037994;155 613 203;2;0;0;0;1;1
202300037995;155 613 202;7;0;2;8;1;2
202300037995;155 613 205;7;0;2;1;19;1
202300037996;155 613 198;15;0;2;4;2;1
202300037996;155 613 200;7;0;2;1;2;1
202300037997;155 613 199;7;0;2;3;15;0
202300037997;155 613 201;33;0;2;8;1;0
202300037998;155 613 197;7;0;1;7;21;0
202300037999;155 613 192;7;13;2;2;1;1
202300037999;155 613 196;7;13;2;3;1;1
202300038000;155 613 191;7;0;2;1;2;1
202300038000;155 613 194;7;0;2;4;2;1
202300038001;155 613 190;7;0;0;0;26;1
202300038001;155 613 193;60;0;2;0;26;5
202300038002;155 613 184;7;0;2;1;1;1
202300038002;155 613 186;7;0;2;2;15;1
202300038003;155 613 185;14;0;2;4;2;1
202300038003;155 613 187;31;0;2;1;2;1
202300038004;155 613 188;7;0;2;3;5;1
202300038004;155 613 189;7;0;2;3;21;1
202300038004;155 613 195;7;0;2;8;21;2
202300038005;155 613 182;33;0;2;1;0;1
202300038005;155 613 183;7;0;2;0;0;1
202300038006;155 613 178;7;0;2;2;12;1
202300038006;155 613 180;33;0;2;3;3;1
202300038007;155 613 177;7;0;2;1;0;1
202300038007;155 613 181;7;0;2;1;0;0
202300038008;155 613 175;7;0;2;1;1;1
202300038008;155 613 179;7;0;2;6;1;1
202300038009;155 613 174;14;0;2;6;9;1
202300038009;155 613 176;33;0;2;1;2;1
202300038010;155 613 172;7;13;0;1;2;1
202300038011;155 613 170;2;0;0;8;1;1
202300038012;155 613 169;7;0;2;1;1;1
202300038012;155 613 171;7;0;2;4;2;1
202300038012;155 613 173;7;0;2;4;2;1
202300038013;155 613 165;43;3;0;3;16;1
202300038014;155 613 166;7;0;1;1;0;1
202300038015;155 613 164;31;0;2;3;1;1
202300038015;155 613 168;7;0;2;3;15;1
202300038016;155 613 163;7;0;2;7;1;1
202300038016;155 613 167;7;0;2;1;9;1
202300038017;155 613 161;7;0;0;0;1;1
202300038018;155 613 160;7;0;2;1;5;1
202300038018;155 613 162;7;0;2;2;2;1
202300038019;155 613 158;7;0;1;1;17;1
202300038020;155 613 157;7;0;2;1;1;1
202300038020;155 613 159;7;0;2;7;15;1
202300038021;155 613 154;7;0;2;4;1;1
202300038021;155 613 156;7;0;2;1;2;0
202300038022;155 613 153;7;0;2;1;2;1
202300038022;155 613 155;7;0;2;4;2;1
202300038023;155 613 150;10;0;2;0;9;1
202300038023;155 613 151;33;0;2;0;0;1
202300038024;155 613 149;7;0;2;5;1;1
202300038024;155 613 152;7;0;2;3;11;1
202300038025;155 613 148;7;3;0;2;1;1
202300038026;155 613 146;7;0;2;4;1;1
202300038026;155 613 147;7;0;2;1;2;1
202300038027;155 613 144;7;6;0;1;1;1
202300038028;155 613 143;7;0;2;0;0;1
202300038028;155 613 145;10;0;2;1;1;1
202300038029;155 613 141;7;0;2;1;2;1
202300038029;155 613 142;7;0;2;4;2;1
202300038030;155 613 140;2;3;0;8;16;1
202300038031;155 613 136;43;16;0;7;21;1
202300038032;155 613 134;7;4;2;7;14;1
202300038032;155 613 137;7;3;2;8;9;1
202300038033;155 613 133;37;0;1;2;17;1
202300038033;155 613 138;20;0;2;1;17;1
202300038034;155 613 132;7;0;2;1;17;1
202300038034;155 613 135;7;0;2;6;1;1
202300038034;155 613 139;7;0;2;1;1;1
202300038035;155 613 129;7;0;2;1;12;1
202300038035;155 613 131;33;0;2;3;3;1
202300038036;155 613 125;7;3;0;1;1;1
202300038036;155 613 128;7;0;2;4;2;1
202300038036;155 613 130;7;0;2;1;1;1
202300038037;155 613 123;7;0;2;1;1;1
202300038037;155 613 126;7;0;2;1;15;1
202300038038;155 613 124;7;0;2;1;1;0
202300038038;155 613 127;7;0;2;2;15;0
202300038039;155 613 119;7;0;2;1;0;0
202300038039;155 613 121;7;0;2;5;1;1
202300038040;155 613 116;30;12;2;0;10;1
202300038040;155 613 118;7;0;2;0;26;1
202300038041;155 613 115;3;5;0;2;1;1
202300038042;155 613 113;15;0;2;8;21;1
202300038042;155 613 114;10;0;2;1;21;1
202300038042;155 613 117;7;0;2;4;1;1
202300038042;155 613 120;15;0;2;5;1;1
202300038042;155 613 122;10;0;2;9;1;1
202300038043;155 613 110;33;0;2;1;2;1
202300038043;155 613 112;7;0;0;6;23;1
202300038044;155 613 108;7;0;2;3;1;1
202300038044;155 613 111;7;0;2;5;12;1
202300038045;155 613 109;7;0;1;1;15;1
202300038046;155 613 106;7;0;2;3;1;1
202300038046;155 613 107;7;0;2;7;1;1
202300038047;155 613 101;7;0;2;4;2;1
202300038047;155 613 103;7;0;2;4;1;1
202300038047;155 613 104;7;0;2;1;2;1
202300038048;155 613 099;7;0;2;3;1;1
202300038048;155 613 105;7;0;0;3;13;1
202300038049;155 613 097;7;0;2;1;1;1
202300038049;155 613 098;7;0;2;8;1;1
202300038049;155 613 100;33;0;2;4;9;1
202300038050;155 613 094;33;7;0;1;13;1
202300038051;155 613 096;1;0;1;1;1;5
202300038052;155 613 091;7;0;2;1;1;1
202300038052;155 613 093;7;0;2;4;1;0
202300038052;155 613 095;7;0;2;4;1;0
202300038053;155 613 087;14;3;2;2;14;0
202300038053;155 613 090;17;0;2;3;1;1
202300038053;155 613 092;10;0;2;3;9;1
202300038054;155 613 086;32;0;2;1;1;1
202300038054;155 613 089;7;0;2;3;1;1
202300038055;155 613 085;1;0;1;1;1;5
202300038056;155 613 084;7;0;2;3;1;1
202300038056;155 613 088;7;0;2;1;13;1
202300038057;155 613 083;7;8;0;3;0;1
202300038058;155 613 081;1;0;2;4;2;5
202300038058;155 613 082;1;0;2;1;2;5
202300038059;155 613 080;7;9;0;1;1;1
202300038060;155 613 079;33;16;0;1;2;1
202300038061;155 613 076;33;16;0;4;2;1
202300038061;155 613 078;33;6;2;1;2;1
202300038062;155 613 074;33;0;2;1;17;1
202300038062;155 613 077;7;0;2;3;10;1
202300038063;155 613 071;1;0;2;7;1;5
202300038063;155 613 075;7;0;2;1;16;1
202300038064;155 613 069;7;0;2;1;2;1
202300038064;155 613 072;7;0;2;1;2;1
202300038064;155 613 073;7;0;2;6;0;1
202300038065;155 613 070;7;6;0;2;15;1
202300038066;155 613 068;1;0;1;1;1;5
202300038067;155 613 066;7;15;0;1;1;1
202300038068;155 613 067;30;0;1;1;16;0
202300038069;155 613 061;33;0;2;7;3;1
202300038069;155 613 063;7;0;2;6;1;1
202300038069;155 613 065;99;0;2;8;12;0
202300038070;155 613 062;1;0;2;1;2;5
202300038070;155 613 064;7;0;2;5;23;1
202300038071;155 613 059;31;0;2;1;2;1
202300038071;155 613 060;1;0;2;8;10;5
202300038072;155 613 055;30;12;0;2;14;1
202300038073;155 613 054;7;0;2;7;1;1
202300038073;155 613 057;33;0;2;3;3;1
202300038074;155 613 056;7;0;2;3;13;1
202300038074;155 613 058;43;0;2;3;1;1
202300038075;155 613 052;7;0;2;7;16;1
202300038075;155 613 053;31;0;2;1;18;1
202300038076;155 613 051;7;0;1;4;20;1
202300038077;155 613 049;10;0;2;2;17;1
202300038077;155 613 050;7;3;2;8;1;1
202300038078;155 613 046;30;0;2;4;13;1
202300038078;155 613 048;10;14;0;3;13;1
202300038079;155 613 045;7;0;2;1;1;1
202300038079;155 613 047;7;0;2;1;15;1
202300038080;155 613 042;2;0;2;3;18;1
202300038080;155 613 044;7;0;2;7;16;0
202300038081;155 613 039;10;4;2;8;1;1
202300038081;155 613 040;7;4;2;1;1;1
202300038081;155 613 043;7;4;2;4;1;1
202300038082;155 613 038;7;0;2;2;14;1
202300038082;155 613 041;1;0;2;4;2;5
202300038083;155 613 037;33;0;0;1;1;1
202300038084;155 613 036;7;1;0;2;1;1
202300038085;155 613 035;7;13;2;9;1;1
202300038086;155 613 033;50;0;0;0;0;3
202300038087;155 613 032;7;0;1;4;20;0
202300038088;155 613 028;7;0;2;1;1;1
202300038088;155 613 030;7;0;2;4;1;1
202300038089;155 613 027;7;1;2;8;2;1
202300038089;155 613 029;7;0;2;3;24;1
202300038089;155 613 031;10;0;2;2;12;1
202300038089;155 613 034;7;0;2;6;24;1
202300038090;155 613 024;7;0;2;3;1;2
202300038090;155 613 026;7;1;2;3;13;1
202300038091;155 613 021;7;0;2;2;15;1
202300038091;155 613 025;7;0;2;0;0;1
202300038092;155 613 019;7;14;0;4;23;1
202300038092;155 613 023;7;0;2;1;23;1
202300038093;155 613 015;31;0;2;1;2;0
202300038093;155 613 017;99;0;0;8;26;0
202300038094;155 613 010;7;0;2;1;21;1
202300038094;155 613 011;7;0;2;0;1;1
202300038094;155 613 014;31;0;2;1;21;1
202300038095;155 613 009;43;0;2;3;1;1
202300038095;155 613 013;7;0;2;3;15;1
202300038096;155 613 008;14;0;1;7;16;1
202300038097;155 613 004;34;0;2;1;1;1
202300038097;155 613 007;7;0;2;5;15;0
202300038098;155 613 001;10;0;0;0;0;0
202300038098;155 613 006;2;0;2;0;0;1
202300038099;155 613 003;15;0;2;1;1;1
202300038099;155 613 005;2;0;2;1;17;1
202300038100;155 613 000;2;0;2;8;1;1
202300038100;155 613 002;7;0;2;2;9;1
202300038101;155 612 997;31;1;1;3;13;1
202300038102;155 612 996;7;0;2;7;9;1
202300038102;155 612 998;34;4;2;1;1;1
202300038103;155 612 995;7;0;0;6;1;1
202300038103;155 612 999;7;0;2;1;1;1
202300038104;155 612 992;7;6;1;3;13;1
202300038105;155 612 991;39;0;2;1;1;3
202300038105;155 612 994;80;0;4;7;19;5
202300038106;155 612 989;10;1;0;3;13;1
202300038107;155 612 990;7;0;2;3;13;1
202300038107;155 612 993;7;0;2;3;1;1
202300038108;155 612 985;2;0;2;7;1;1
202300038108;155 612 988;7;0;2;1;9;1
202300038109;155 612 983;2;1;0;1;1;1
202300038110;155 612 982;2;0;2;1;2;3
202300038110;155 612 986;7;0;2;4;2;1
202300038111;155 612 981;7;0;2;1;1;1
202300038111;155 612 984;10;0;2;1;1;1
202300038111;155 612 987;33;0;2;1;1;1
202300038112;155 612 979;7;0;2;1;13;1
202300038112;155 612 980;7;0;2;1;1;1
202300038113;155 612 978;80;0;0;0;1;3
202300038114;155 612 973;7;0;1;1;1;1
202300038115;155 612 974;10;0;2;0;20;1
202300038115;155 612 976;60;0;2;0;1;5
202300038116;155 612 975;30;0;2;1;2;1
202300038116;155 612 977;7;0;2;6;2;1
202300038117;155 612 972;36;0;0;0;1;1
202300038118;155 612 966;17;0;2;7;1;1
202300038118;155 612 968;7;0;2;1;2;1
202300038118;155 612 970;7;3;2;4;1;1
202300038119;155 612 969;1;0;2;8;19;5
202300038119;155 612 971;7;0;9;1;16;1
202300038120;155 612 965;7;0;2;3;1;2
202300038120;155 612 967;7;0;2;1;1;1
202300038121;155 612 964;7;6;0;1;16;1
202300038122;155 612 960;7;0;2;4;1;1
202300038122;155 612 962;7;0;2;4;1;1
202300038122;155 612 963;7;0;2;4;1;1
202300038123;155 612 957;50;0;2;1;1;3
202300038123;155 612 958;7;0;9;8;9;1
202300038124;155 612 955;7;0;0;9;14;1
202300038125;155 612 954;7;0;2;3;2;1
202300038125;155 612 956;37;0;0;6;2;1
202300038126;155 612 952;30;0;2;1;1;1
202300038126;155 612 953;7;0;2;5;15;1
202300038127;155 612 948;1;0;2;2;17;5
202300038127;155 612 950;7;0;9;3;1;1
202300038128;155 612 946;7;0;1;1;1;1
202300038129;155 612 945;7;0;2;3;13;1
202300038129;155 612 947;7;0;2;3;1;1
202300038130;155 612 944;7;2;0;9;1;1
202300038131;155 612 943;33;0;0;8;1;1
202300038132;155 612 938;7;0;2;1;19;1
202300038132;155 612 942;37;0;2;3;1;1
202300038133;155 612 937;33;14;0;0;1;0
202300038134;155 612 936;1;0;2;0;16;5
202300038134;155 612 939;14;0;2;1;1;1
202300038135;155 612 931;1;0;2;1;1;5
202300038135;155 612 934;7;0;2;7;16;1
202300038136;155 612 930;7;0;2;7;14;0
202300038136;155 612 933;7;0;2;1;1;0
202300038137;155 612 929;7;4;0;2;1;1
202300038137;155 612 932;7;0;2;4;26;1
202300038137;155 612 935;7;0;2;1;1;1
202300038138;155 612 928;7;7;0;1;1;1
202300038139;155 612 927;10;8;0;2;1;1
202300038140;155 612 924;7;13;0;2;2;1
202300038141;155 612 925;7;0;2;3;15;1
202300038141;155 612 926;7;2;2;2;17;1
202300038142;155 612 922;7;0;2;1;0;1
202300038142;155 612 923;7;0;2;1;0;1
202300038143;155 612 921;7;13;0;7;14;1
202300038144;155 612 920;2;13;0;1;1;1
202300038145;155 612 919;7;16;0;1;13;1
202300038146;155 612 918;7;6;0;4;1;1
202300038147;155 612 915;7;2;2;3;9;1
202300038147;155 612 916;7;0;2;1;1;1
202300038148;155 612 917;7;2;0;7;14;1
202300038149;155 612 913;1;0;0;4;2;5
202300038149;155 612 914;2;0;9;2;2;1
202300038150;155 612 911;7;2;0;1;19;1
202300038151;155 612 912;7;4;0;1;1;1
202300038152;155 612 910;7;2;0;1;13;1
202300038153;155 612 908;7;0;0;9;1;1
202300038154;155 612 907;31;0;2;2;1;1
202300038154;155 612 909;7;0;2;3;1;1
202300038155;155 612 906;2;12;0;6;1;1
202300038156;155 612 904;50;0;2;4;0;3
202300038156;155 612 905;10;0;2;2;1;1
202300038157;155 612 903;33;0;0;8;15;1
202300038158;155 612 901;7;0;0;1;1;1
202300038159;155 612 900;33;0;2;4;23;1
202300038159;155 612 902;14;0;2;3;1;1
202300038160;155 612 899;7;13;0;2;14;1
202300038161;155 612 898;7;0;1;1;1;1
202300038162;155 612 895;7;0;0;1;1;1
202300038163;155 612 896;33;0;1;1;17;1
202300038163;155 612 897;1;0;2;1;1;5
202300038164;155 612 892;10;0;2;2;16;1
202300038164;155 612 894;50;8;2;3;1;3
202300038165;155 612 891;7;0;2;1;13;0
202300038165;155 612 893;7;0;2;1;1;0
202300038166;155 612 890;7;0;0;0;1;1
202300038167;155 612 889;7;16;0;3;2;1
202300038168;155 612 888;7;0;0;2;15;1
202300038169;155 612 887;33;2;0;1;17;1
202300038170;155 612 886;7;0;1;1;1;1
202300038171;155 612 883;1;1;0;1;1;5
202300038171;155 612 885;10;0;9;3;23;1
202300038172;155 612 882;7;0;2;1;10;0
202300038172;155 612 884;33;0;2;2;1;0
202300038173;155 612 881;7;15;0;1;14;1
202300038174;155 612 878;7;2;0;1;21;1
202300038174;155 612 879;7;2;0;6;1;1
202300038175;155 612 877;10;0;2;3;1;0
202300038175;155 612 880;7;0;2;1;13;0
202300038176;155 612 876;7;2;0;1;13;1
202300038177;155 612 874;33;0;0;9;1;1
202300038178;155 612 875;33;0;0;0;15;1
202300038179;155 612 873;33;12;0;1;15;1
202300038180;155 612 871;7;0;0;8;19;1
202300038180;155 612 872;33;0;2;2;26;1
202300038181;155 612 868;7;8;0;0;1;1
202300038182;155 612 869;10;0;1;3;15;1
202300038183;155 612 867;7;0;2;1;1;1
202300038183;155 612 870;7;0;2;2;19;1
202300038184;155 612 865;7;9;0;2;1;1
202300038185;155 612 864;7;0;2;3;23;1
202300038185;155 612 866;33;0;2;2;1;1
202300038186;155 612 862;33;2;0;1;10;0
202300038187;155 612 861;34;0;0;0;0;1
202300038187;155 612 863;7;9;0;0;0;1
202300038188;155 612 856;7;0;2;7;1;1
202300038188;155 612 859;7;0;2;1;26;1
202300038189;155 612 857;7;0;2;1;17;1
202300038189;155 612 860;21;0;0;5;15;1
202300038190;155 612 855;33;0;2;3;1;1
202300038190;155 612 858;7;0;2;6;15;1
202300038191;155 612 853;7;0;2;3;6;0
202300038191;155 612 854;7;0;2;2;21;0
202300038192;155 612 849;30;0;2;1;10;1
202300038192;155 612 852;32;0;2;8;1;1
202300038193;155 612 847;7;0;2;3;26;1
202300038193;155 612 851;1;0;2;3;16;5
202300038194;155 612 846;7;0;2;1;13;1
202300038194;155 612 848;7;0;2;1;0;1
202300038194;155 612 850;7;0;2;6;0;1
202300038195;155 612 844;7;0;9;3;1;0
202300038195;155 612 845;99;0;2;1;0;3
202300038196;155 612 842;7;6;0;1;1;1
202300038197;155 612 839;14;0;0;7;1;1
202300038198;155 612 841;1;0;2;4;2;5
202300038198;155 612 843;1;0;2;1;2;5
202300038199;155 612 838;1;0;2;1;14;5
202300038199;155 612 840;7;0;2;2;15;1
202300038200;155 612 836;7;0;2;5;14;1
202300038200;155 612 837;33;0;2;1;1;1
202300038201;155 612 835;7;2;0;8;1;1
202300038202;155 612 834;43;0;1;1;1;1
202300038203;155 612 830;10;0;2;4;2;1
202300038203;155 612 832;15;0;2;1;2;1
202300038203;155 612 833;15;0;2;4;2;0
202300038204;155 612 828;7;0;2;5;1;1
202300038204;155 612 831;1;0;2;3;1;5
202300038205;155 612 829;7;0;0;9;19;1
202300038206;155 612 826;7;0;2;6;2;1
202300038206;155 612 827;17;6;2;7;12;1
202300038207;155 612 823;7;0;9;7;2;1
202300038207;155 612 825;1;0;0;4;2;5
202300038208;155 612 824;33;3;0;1;17;1
202300038209;155 612 821;10;0;2;1;2;1
202300038209;155 612 822;7;0;2;4;2;1
202300038210;155 612 820;7;0;1;1;1;6
202300038211;155 612 817;32;0;2;4;2;1
202300038211;155 612 819;7;0;2;1;2;1
202300038212;155 612 816;33;0;6;1;1;0
202300038213;155 612 814;7;4;0;1;1;1
202300038214;155 612 813;7;0;9;2;0;1
202300038214;155 612 815;1;0;0;4;0;5
202300038215;155 612 812;7;0;2;8;1;1
202300038215;155 612 818;7;0;2;1;1;1
202300038216;155 612 810;1;0;0;0;1;5
202300038217;155 612 809;10;0;2;9;11;1
202300038217;155 612 811;7;0;2;2;1;1
202300038218;155 612 807;7;13;0;9;1;1
202300038219;155 612 804;7;3;2;4;1;1
202300038219;155 612 806;7;0;2;1;17;1
202300038220;155 612 805;7;0;2;6;1;1
202300038220;155 612 808;30;0;2;1;13;1
202300038221;155 612 803;10;0;1;2;2;1
202300038222;155 612 800;7;0;2;3;1;1
202300038222;155 612 801;7;0;2;3;1;1
202300038223;155 612 802;7;4;0;3;9;1
202300038224;155 612 799;30;0;1;1;25;3
202300038225;155 612 798;33;0;6;1;0;1
202300038226;155 612 796;33;15;0;2;1;1
202300038227;155 612 795;50;0;2;8;15;3
202300038227;155 612 797;1;0;2;8;1;5
202300038228;155 612 793;7;6;0;1;1;1
202300038229;155 612 792;7;3;2;3;26;1
202300038229;155 612 794;15;0;2;8;1;1
202300038230;155 612 791;50;12;0;7;14;3
202300038231;155 612 789;15;0;0;6;2;1
202300038231;155 612 790;7;4;0;2;11;0
202300038232;155 612 786;3;0;0;5;0;0
202300038232;155 612 788;7;0;0;2;0;1
202300038233;155 612 785;7;0;2;2;1;1
202300038233;155 612 787;10;0;2;3;13;1
202300038234;155 612 784;3;0;1;1;1;1
202300038235;155 612 780;7;0;2;3;1;1
202300038235;155 612 782;7;0;2;1;15;1
202300038235;155 612 783;7;0;2;1;1;1
202300038236;155 612 779;2;0;9;0;0;1
202300038237;155 612 778;7;0;1;2;1;1
202300038238;155 612 777;10;0;1;0;0;0
202300038239;155 612 775;7;0;2;1;13;1
202300038239;155 612 776;7;0;2;1;1;0
202300038240;155 612 774;7;0;1;3;15;1
202300038241;155 612 773;10;1;0;3;1;1
202300038242;155 612 769;33;0;2;5;1;1
202300038242;155 612 772;99;0;2;2;1;1
202300038243;155 612 765;7;0;1;7;1;1
202300038244;155 612 759;1;0;2;4;1;5
202300038244;155 612 761;1;0;2;4;1;5
202300038244;155 612 763;1;0;2;4;1;5
202300038244;155 612 764;1;0;2;4;1;5
202300038244;155 612 766;1;0;2;4;1;5
202300038244;155 612 767;7;0;2;1;1;1
202300038244;155 612 768;1;0;2;4;1;5
202300038244;155 612 770;1;0;2;4;1;5
202300038244;155 612 771;1;0;2;4;1;5
202300038245;155 612 756;31;0;2;1;26;1
202300038245;155 612 758;7;0;9;3;19;1
202300038246;155 612 755;7;0;2;1;1;1
202300038246;155 612 757;36;0;2;5;9;1
202300038247;155 612 753;34;0;2;1;1;1
202300038247;155 612 754;7;0;2;3;15;1
202300038248;155 612 752;33;0;0;1;0;1
202300038249;155 612 750;33;15;0;1;1;0
202300038250;155 612 751;1;0;9;1;1;5
202300038251;155 612 749;33;8;0;1;0;0
202300038252;155 612 748;7;0;1;2;1;0
202300038253;155 612 745;7;0;2;1;2;1
202300038253;155 612 746;7;0;2;1;1;1
202300038254;155 612 744;7;0;2;7;1;1
202300038254;155 612 747;14;0;2;3;1;1
202300038255;155 612 741;7;0;0;1;1;1
202300038256;155 612 742;7;0;2;2;1;1
202300038256;155 612 743;7;0;2;3;16;1
202300038257;155 612 740;33;0;0;9;1;1
202300038258;155 612 738;7;0;2;4;2;1
202300038258;155 612 739;7;0;2;4;2;1
202300038259;155 612 737;33;0;0;9;14;1
202300038260;155 612 733;7;0;2;1;17;1
202300038260;155 612 736;7;0;2;1;1;1
202300038261;155 612 734;7;0;9;1;16;1
202300038261;155 612 735;1;0;2;1;9;5
202300038262;155 612 732;10;13;0;2;1;6
202300038263;155 612 728;33;0;2;1;2;1
202300038263;155 612 730;7;0;2;4;2;1
202300038264;155 612 729;7;0;2;1;1;1
202300038264;155 612 731;7;0;2;8;16;1
202300038265;155 612 725;30;13;0;1;26;1
202300038266;155 612 726;33;0;2;1;13;1
202300038266;155 612 727;7;0;2;2;1;1
202300038267;155 612 724;33;13;0;1;16;1
202300038268;155 612 722;7;0;2;1;1;1
202300038268;155 612 723;7;1;2;2;15;1
202300038269;155 612 720;2;0;2;1;13;1
202300038269;155 612 721;7;0;2;1;1;1
202300038270;155 612 718;7;0;2;6;1;1
202300038270;155 612 719;7;0;2;1;19;1
202300038271;155 612 717;32;0;0;0;1;1
202300038272;155 612 716;7;2;0;1;26;6
202300038273;155 612 713;7;0;2;3;19;1
202300038273;155 612 715;7;0;2;2;1;1
202300038274;155 612 712;7;0;2;3;2;1
202300038274;155 612 714;7;0;2;3;16;1
202300038275;155 612 709;50;8;0;0;25;3
202300038276;155 612 710;7;0;0;2;1;1
202300038276;155 612 711;31;0;0;8;0;1
202300038277;155 612 707;7;0;2;1;1;0
202300038277;155 612 708;7;1;0;4;1;1
202300038278;155 612 706;33;0;0;7;1;1
202300038279;155 612 705;7;8;0;3;1;1
202300038280;155 612 703;33;14;0;1;1;1
202300038281;155 612 702;7;0;2;6;9;1
202300038281;155 612 704;7;0;2;2;1;1
202300038282;155 612 699;7;0;2;1;1;1
202300038282;155 612 701;1;0;2;8;19;5
202300038283;155 612 696;7;14;0;8;11;1
202300038283;155 612 698;7;0;0;7;1;1
202300038284;155 612 694;7;0;2;3;15;1
202300038284;155 612 697;7;0;2;1;21;1
202300038285;155 612 695;7;9;0;1;13;1
202300038286;155 612 689;30;0;2;1;1;1
202300038286;155 612 691;7;0;2;2;1;1
202300038286;155 612 693;10;0;2;6;13;1
202300038287;155 612 688;7;14;0;3;1;0
202300038288;155 612 684;7;0;2;3;15;0
202300038288;155 612 686;33;0;2;1;1;1
202300038289;155 612 685;7;0;2;6;19;1
202300038289;155 612 687;33;0;2;3;1;1
202300038290;155 612 682;7;0;2;2;1;1
202300038290;155 612 683;7;0;2;8;15;1
202300038291;155 612 681;33;8;0;1;1;1
202300038292;155 612 679;7;8;0;5;1;1
202300038293;155 612 675;33;0;2;1;2;1
202300038293;155 612 676;7;0;2;3;2;1
202300038294;155 612 674;7;15;0;0;16;1
202300038295;155 612 672;7;16;0;9;14;1
202300038296;155 612 673;7;0;0;1;15;1
202300038297;155 612 670;7;0;2;2;2;0
202300038297;155 612 671;7;0;2;8;15;0
202300038298;155 612 669;7;6;0;2;14;0
202300038299;155 612 666;7;0;2;4;1;1
202300038299;155 612 668;7;0;2;1;1;1
202300038300;155 612 665;7;0;2;4;1;0
202300038300;155 612 667;14;0;2;2;1;0
202300038301;155 612 660;33;0;2;1;26;1
202300038301;155 612 662;7;0;2;0;0;1
202300038302;155 612 661;7;0;2;1;1;1
202300038302;155 612 664;36;0;2;7;1;1
202300038303;155 612 659;7;0;2;1;13;1
202300038303;155 612 663;7;0;2;1;2;1
202300038304;155 612 657;34;0;0;0;0;0
202300038305;155 612 655;7;0;2;1;0;1
202300038305;155 612 658;2;0;2;5;0;1
202300038306;155 612 656;33;0;0;0;1;1
202300038307;155 612 652;3;0;2;5;1;1
202300038307;155 612 654;0;0;2;0;0;0
202300038308;155 612 650;7;0;0;6;26;1
202300038308;155 612 651;15;0;2;2;21;1
202300038309;155 612 649;7;0;2;5;1;1
202300038309;155 612 653;7;0;2;1;1;1
202300038310;155 612 647;0;0;2;1;1;0
202300038310;155 612 648;7;0;2;3;1;1
202300038311;155 612 644;32;0;2;1;1;1
202300038311;155 612 646;7;0;2;1;15;1
202300038312;155 612 642;7;0;2;2;17;0
202300038312;155 612 645;7;0;2;1;1;0
202300038313;155 612 641;7;0;2;2;1;1
202300038313;155 612 643;30;0;2;8;1;1
202300038314;155 612 640;7;0;1;1;26;1
202300038315;155 612 638;7;10;0;2;13;1
202300038316;155 612 633;7;0;2;5;1;1
202300038316;155 612 635;31;0;2;1;3;1
202300038317;155 612 634;7;0;2;2;1;1
202300038317;155 612 636;7;0;2;1;1;1
202300038318;155 612 631;7;0;2;5;26;1
202300038318;155 612 632;7;0;2;4;2;1
202300038318;155 612 637;7;0;2;1;2;1
202300038318;155 612 639;7;0;2;1;2;1
202300038319;155 612 628;7;1;0;3;20;1
202300038319;155 612 629;80;0;2;2;1;3
202300038320;155 612 625;7;0;2;1;2;1
202300038320;155 612 627;7;0;2;5;2;1
202300038320;155 612 630;7;0;2;4;2;1
202300038321;155 612 622;14;0;2;0;2;1
202300038321;155 612 624;1;0;2;0;0;5
202300038322;155 612 621;10;0;2;1;13;1
202300038322;155 612 623;7;0;9;3;1;1
202300038322;155 612 626;7;0;9;1;1;1
202300038323;155 612 617;30;0;2;1;1;1
202300038323;155 612 619;7;0;2;3;19;1
202300038324;155 612 618;7;0;2;8;11;1
202300038324;155 612 620;32;0;2;7;1;1