Num_Acc;id_vehicule;categorie_vehicule;obstacle_fixe;obstacle_mobile;point_choc_initial;manoeuvre_principale;motorisation
202300038325;155 612 616;32;0;0;0;1;1
202300038326;155 612 612;7;0;2;1;1;1
202300038326;155 612 614;7;0;2;8;15;1
202300038327;155 612 613;1;0;2;0;1;5
202300038327;155 612 615;1;0;0;0;13;5
202300038328;155 612 608;7;0;2;4;4;1
202300038328;155 612 610;7;0;2;1;2;1
202300038329;155 612 611;2;1;0;1;1;1
202300038330;155 612 607;7;0;0;0;22;1
202300038330;155 612 609;31;0;0;0;1;1
202300038331;155 612 606;7;2;0;1;21;1
202300038332;155 612 605;7;0;0;0;0;0
202300038333;155 612 603;7;0;1;3;1;1
202300038334;155 612 602;7;0;2;8;22;1
202300038334;155 612 604;1;1;0;1;1;5
202300038335;155 612 599;21;0;2;6;1;0
202300038335;155 612 601;10;0;2;2;2;1
202300038336;155 612 596;7;2;0;1;1;1
202300038337;155 612 597;7;0;2;3;15;1
202300038337;155 612 598;7;0;2;3;1;1
202300038338;155 612 595;7;0;2;1;19;1
202300038338;155 612 600;7;0;2;8;1;1
202300038339;155 612 594;33;6;0;0;0;1
202300038340;155 612 592;7;1;0;8;22;1
202300038340;155 612 593;80;1;0;1;21;3
202300038341;155 612 590;7;0;2;7;15;1
202300038341;155 612 591;2;0;2;1;1;1
202300038342;155 612 587;7;0;0;1;1;1
202300038343;155 612 585;7;0;2;6;15;1
202300038343;155 612 588;2;0;2;1;5;1
202300038344;155 612 584;7;13;0;1;21;1
202300038344;155 612 586;7;13;2;8;19;1
202300038344;155 612 589;15;0;2;1;1;1
202300038345;155 612 582;1;13;2;3;1;5
202300038345;155 612 583;7;0;2;3;13;1
202300038346;155 612 581;7;9;1;1;26;1
202300038347;155 612 580;1;0;0;0;1;5
202300038348;155 612 577;7;0;9;2;16;1
202300038348;155 612 579;60;0;2;1;1;5
202300038349;155 612 575;7;0;2;3;1;1
202300038349;155 612 578;7;0;2;1;1;1
202300038350;155 612 573;7;2;0;1;1;1
202300038351;155 612 574;1;0;2;6;16;5
202300038351;155 612 576;7;0;0;5;9;1
202300038352;155 612 571;33;16;0;1;1;1
202300038353;155 612 570;7;0;2;3;1;1
202300038353;155 612 572;7;0;2;2;1;1
202300038354;155 612 569;33;3;0;1;13;1
202300038355;155 612 567;7;0;2;3;15;1
202300038355;155 612 568;2;0;2;8;1;1
202300038356;155 612 566;7;0;1;4;1;1
202300038357;155 612 564;2;0;2;1;1;1
202300038357;155 612 565;7;0;2;2;13;1
202300038358;155 612 563;7;4;0;1;9;1
202300038359;155 612 560;7;0;9;3;21;1
202300038359;155 612 562;50;0;2;4;15;3
202300038360;155 612 558;7;0;1;5;1;1
202300038361;155 612 559;33;0;0;4;2;1
202300038361;155 612 561;33;0;2;1;2;1
202300038362;155 612 554;7;0;2;4;23;1
202300038362;155 612 557;7;0;2;1;2;0
202300038363;155 612 551;10;0;2;1;0;0
202300038363;155 612 553;7;0;2;1;1;0
202300038364;155 612 552;7;0;1;1;1;1
202300038365;155 612 550;50;0;0;0;25;3
202300038366;155 612 548;33;3;0;1;13;1
202300038367;155 612 547;7;0;2;1;13;1
202300038367;155 612 549;7;0;2;1;1;1
202300038368;155 612 546;33;0;0;9;1;1
202300038369;155 612 543;3;0;2;7;1;1
202300038369;155 612 544;7;0;2;1;1;1
202300038370;155 612 541;7;0;2;2;1;1
202300038370;155 612 545;2;0;2;8;9;1
202300038371;155 612 542;7;1;0;8;0;1
202300038372;155 612 540;7;0;1;2;5;1
202300038373;155 612 537;7;2;0;2;0;1
202300038374;155 612 536;7;0;2;3;21;1
202300038374;155 612 539;10;0;2;1;5;1
202300038375;155 612 531;39;0;2;3;19;3
202300038375;155 612 533;7;0;4;2;23;1
202300038376;155 612 534;33;0;2;1;1;1
202300038376;155 612 535;7;0;2;1;15;1
202300038376;155 612 538;33;0;2;8;1;1
202300038377;155 612 527;7;0;2;3;13;1
202300038377;155 612 530;7;0;2;3;1;1
202300038378;155 612 526;7;3;2;2;5;1
202300038378;155 612 528;7;0;2;2;1;1
202300038378;155 612 529;14;0;2;2;1;1
202300038379;155 612 525;7;0;1;2;2;1
202300038380;155 612 523;7;4;0;2;0;1
202300038381;155 612 521;7;0;0;6;15;1
202300038381;155 612 524;33;0;2;1;1;1
202300038382;155 612 519;33;0;0;8;10;1
202300038383;155 612 518;7;0;1;4;4;1
202300038384;155 612 520;33;0;2;8;2;1
202300038384;155 612 522;33;1;2;7;1;1
202300038385;155 612 515;7;0;2;2;15;1
202300038385;155 612 517;43;0;2;3;1;1
202300038386;155 612 514;7;13;0;1;26;1
202300038387;155 612 516;7;2;0;1;1;1
202300038388;155 612 509;7;0;2;1;1;1
202300038388;155 612 512;10;0;2;3;13;1
202300038389;155 612 510;7;0;2;2;13;1
202300038389;155 612 513;7;0;2;7;1;1
202300038390;155 612 506;10;8;0;9;1;1
202300038391;155 612 504;1;0;2;8;19;5
202300038391;155 612 507;7;0;0;0;0;0
202300038391;155 612 508;7;0;0;0;2;0
202300038391;155 612 511;10;0;0;0;2;0
202300038392;155 612 502;7;0;2;1;13;1
202300038392;155 612 505;10;0;2;1;1;1
202300038393;155 612 501;7;0;2;3;1;1
202300038393;155 612 503;33;0;2;1;0;1
202300038394;155 612 500;10;2;0;1;1;1
202300038395;155 612 498;33;0;0;7;1;1
202300038396;155 612 496;31;1;0;1;1;0
202300038397;155 612 495;13;0;2;3;15;1
202300038397;155 612 497;30;0;2;1;1;1
202300038398;155 612 494;7;8;2;3;9;1
202300038398;155 612 499;7;0;2;2;1;1
202300038399;155 612 492;2;1;0;7;1;1
202300038400;155 612 491;7;6;2;1;1;1
202300038400;155 612 493;7;3;2;2;13;1
202300038401;155 612 486;7;0;2;1;19;1
202300038401;155 612 489;7;0;2;1;1;1
202300038402;155 612 488;2;0;2;1;9;1
202300038402;155 612 490;7;0;2;2;1;1
202300038403;155 612 485;33;0;2;1;1;1
202300038403;155 612 487;7;0;2;1;1;1
202300038404;155 612 481;10;13;0;1;1;1
202300038405;155 612 480;7;13;0;2;1;1
202300038406;155 612 479;7;0;2;1;13;1
202300038406;155 612 483;7;0;2;1;1;1
202300038407;155 612 476;10;0;2;6;15;1
202300038407;155 612 478;1;0;2;1;1;5
202300038408;155 612 474;10;0;2;1;13;1
202300038408;155 612 477;10;0;2;3;1;1
202300038409;155 612 473;7;0;9;3;9;1
202300038409;155 612 475;50;0;2;1;9;3
202300038410;155 612 471;7;2;0;2;1;1
202300038411;155 612 469;7;0;2;3;1;0
202300038411;155 612 472;30;0;2;1;1;0
202300038412;155 612 468;7;0;2;1;13;0
202300038412;155 612 470;7;0;2;1;1;0
202300038413;155 612 466;2;10;0;1;0;1
202300038414;155 612 465;7;16;0;9;1;1
202300038415;155 612 461;10;0;2;1;1;1
202300038415;155 612 463;2;0;2;1;1;1
202300038416;155 612 464;7;0;2;1;1;1
202300038416;155 612 467;7;0;2;7;1;1
202300038417;155 612 462;7;0;1;0;1;0
202300038418;155 612 460;7;2;0;1;1;1
202300038419;155 612 457;7;0;2;1;1;0
202300038419;155 612 458;2;0;2;1;1;0
202300038420;155 612 456;7;3;2;7;1;1
202300038420;155 612 459;7;3;2;2;19;3
202300038421;155 612 453;2;0;2;8;15;1
202300038421;155 612 455;2;0;2;2;17;1
202300038422;155 612 452;10;2;0;4;23;1
202300038423;155 612 448;33;0;2;8;1;0
202300038423;155 612 450;10;0;2;6;19;0
202300038424;155 612 447;7;0;2;1;1;1
202300038424;155 612 449;33;0;2;1;1;1
202300038425;155 612 451;2;0;2;1;1;1
202300038425;155 612 454;7;0;2;2;19;1
202300038426;155 612 444;1;0;2;4;1;5
202300038426;155 612 445;7;0;2;1;1;1
202300038427;155 612 441;33;15;0;1;17;1
202300038428;155 612 438;10;0;2;1;1;1
202300038428;155 612 440;7;0;2;7;15;1
202300038429;155 612 437;36;14;9;1;1;1
202300038430;155 612 439;7;0;2;5;1;1
202300038430;155 612 442;2;0;2;1;15;1
202300038431;155 612 436;7;13;0;2;13;1
202300038432;155 612 435;33;0;0;3;1;1
202300038433;155 612 432;10;0;2;1;1;1
202300038433;155 612 434;7;7;2;3;1;1
202300038434;155 612 431;7;0;2;7;13;1
202300038434;155 612 433;7;0;2;1;1;1
202300038435;155 612 426;33;0;0;1;2;1
202300038435;155 612 430;7;0;0;4;2;1
202300038436;155 612 424;7;0;2;3;15;2
202300038436;155 612 428;33;0;2;7;17;1
202300038437;155 612 423;7;0;2;1;2;1
202300038437;155 612 425;7;0;2;1;2;1
202300038437;155 612 427;7;4;2;3;13;1
202300038437;155 612 429;7;4;2;5;17;1
202300038438;155 612 420;7;2;0;1;1;1
202300038439;155 612 421;17;0;2;3;1;0
202300038439;155 612 422;10;0;2;3;13;0
202300038440;155 612 418;33;0;2;1;1;1
202300038440;155 612 419;7;0;2;4;1;0
202300038441;155 612 417;7;4;0;1;0;1
202300038442;155 612 415;10;2;0;1;1;1
202300038443;155 612 416;33;1;0;1;1;1
202300038444;155 612 413;7;1;1;2;1;1
202300038445;155 612 411;7;0;2;1;2;1
202300038445;155 612 412;7;0;2;4;2;1
202300038445;155 612 414;7;0;2;4;2;3
202300038446;155 612 410;33;0;0;0;0;1
202300038447;155 612 408;42;0;2;2;2;1
202300038447;155 612 409;7;0;2;2;2;1
202300038448;155 612 407;7;13;0;1;1;1
202300038449;155 612 403;7;0;2;1;1;1
202300038449;155 612 406;7;0;2;1;5;1
202300038450;155 612 402;7;0;2;4;2;1
202300038450;155 612 404;7;0;2;1;2;1
202300038450;155 612 405;10;0;2;1;2;1
202300038451;155 612 400;10;0;2;3;15;1
202300038451;155 612 401;7;15;2;1;17;1
202300038452;155 612 397;7;0;2;3;0;1
202300038452;155 612 398;33;0;2;2;0;1
202300038453;155 612 395;7;16;0;9;1;1
202300038454;155 612 394;32;0;2;3;3;1
202300038455;155 612 393;2;0;0;4;2;1
202300038455;155 612 396;7;0;2;2;2;1
202300038456;155 612 392;7;4;0;2;1;1
202300038457;155 612 391;2;0;1;1;21;1
202300038458;155 612 388;2;0;2;0;17;1
202300038458;155 612 390;7;0;2;8;15;1
202300038459;155 612 389;7;4;0;3;2;1
202300038460;155 612 386;7;0;2;3;13;1
202300038460;155 612 387;10;0;2;3;1;1
202300038461;155 612 385;31;3;0;8;1;1
202300038462;155 612 382;7;13;0;2;1;1
202300038463;155 612 379;7;0;2;2;2;1
202300038463;155 612 381;43;0;2;1;3;1
202300038463;155 612 383;7;0;2;6;2;1
202300038464;155 612 380;7;0;0;7;1;1
202300038464;155 612 384;2;0;2;1;1;1
202300038465;155 612 375;7;0;2;2;11;1
202300038465;155 612 378;15;0;2;6;1;1
202300038466;155 612 374;10;0;2;2;1;1
202300038466;155 612 377;7;0;2;2;13;1
202300038467;155 612 376;33;13;0;0;14;1
202300038468;155 612 371;30;0;0;0;26;1
202300038468;155 612 372;7;0;2;0;26;1
202300038469;155 612 368;7;0;0;3;16;1
202300038469;155 612 370;32;0;0;1;1;0
202300038470;155 612 369;33;0;0;9;0;1
202300038471;155 612 366;30;0;2;1;17;
202300038471;155 612 367;7;0;2;3;1;
202300038472;155 612 364;31;13;0;9;1;1
202300038473;155 612 362;60;0;2;1;16;5
202300038473;155 612 365;7;0;2;7;1;1
202300038474;155 612 361;7;0;2;8;0;1
202300038474;155 612 363;7;0;2;1;1;1
202300038475;155 612 359;33;13;0;0;17;1
202300038476;155 612 358;7;2;0;1;14;1
202300038477;155 612 357;33;0;2;0;13;1
202300038477;155 612 360;7;0;2;1;1;1
202300038478;155 612 356;7;0;1;2;20;1
202300038479;155 612 355;7;0;1;0;0;0
202300038480;155 612 354;2;15;0;0;1;3
202300038481;155 612 353;2;14;0;0;1;1
202300038482;155 612 352;50;0;0;0;0;3
202300038483;155 612 351;33;0;6;1;1;1
202300038484;155 612 348;33;0;2;1;0;1
202300038484;155 612 349;7;0;2;4;0;1
202300038485;155 612 347;36;12;0;0;17;1
202300038486;155 612 345;50;8;0;1;1;3
202300038487;155 612 343;7;0;2;1;5;0
202300038487;155 612 346;33;0;2;1;1;1
202300038488;155 612 342;31;0;0;1;14;1
202300038489;155 612 341;7;1;2;8;1;1
202300038489;155 612 344;7;1;2;8;1;1
202300038490;155 612 340;7;3;0;1;14;1
202300038491;155 612 338;7;13;0;1;13;1
202300038492;155 612 335;7;6;2;9;13;1
202300038492;155 612 336;7;0;2;2;2;1
202300038493;155 612 337;1;1;2;1;1;5
202300038493;155 612 339;7;0;2;5;23;1
202300038494;155 612 331;99;0;0;0;0;0
202300038494;155 612 333;3;0;2;5;1;1
202300038495;155 612 330;7;0;2;1;2;1
202300038495;155 612 334;7;0;2;4;2;1
202300038496;155 612 327;7;4;2;3;14;1
202300038496;155 612 328;43;0;2;8;1;1
202300038497;155 612 326;7;0;2;8;1;1
202300038497;155 612 329;7;6;2;1;1;1
202300038498;155 612 325;33;0;2;3;2;1
202300038498;155 612 332;33;0;0;5;2;1
202300038499;155 612 321;7;0;2;3;1;1
202300038499;155 612 323;33;0;2;0;13;1
202300038500;155 612 320;7;0;2;8;1;1
202300038500;155 612 322;7;0;2;6;1;1
202300038500;155 612 324;7;0;2;2;21;1
202300038501;155 612 314;14;4;0;1;13;1
202300038502;155 612 312;7;5;0;3;13;1
202300038503;155 612 310;7;0;1;8;1;1
202300038504;155 612 304;7;0;2;4;1;1
202300038504;155 612 306;7;0;2;8;1;2
202300038504;155 612 308;7;0;2;4;1;0
202300038504;155 612 309;7;0;2;4;1;1
202300038504;155 612 311;7;0;2;4;1;0
202300038504;155 612 313;7;0;2;1;3;1
202300038504;155 612 316;7;0;2;4;1;1
202300038505;155 612 305;15;0;0;4;0;1
202300038505;155 612 307;7;0;2;1;0;1
202300038506;155 612 302;7;0;2;1;1;1
202300038506;155 612 303;10;0;2;3;1;1
202300038507;155 612 297;1;0;2;1;5;5
202300038507;155 612 299;7;0;2;1;1;1
202300038508;155 612 294;17;0;1;2;1;0
202300038508;155 612 298;7;0;0;3;24;0
202300038509;155 612 292;7;0;2;4;1;1
202300038509;155 612 295;7;0;2;2;2;1
202300038509;155 612 296;7;0;2;6;1;1
202300038510;155 612 291;7;0;2;3;15;1
202300038510;155 612 293;1;0;2;2;1;5
202300038511;155 612 289;7;4;2;1;26;1
202300038511;155 612 290;7;0;2;4;1;1
202300038512;155 612 287;7;0;1;2;1;1
202300038513;155 612 285;7;0;0;1;2;1
202300038513;155 612 288;7;0;0;4;2;1
202300038514;155 612 281;7;0;2;7;1;2
202300038514;155 612 283;50;0;2;8;26;3
202300038515;155 612 278;7;16;0;7;1;1
202300038516;155 612 277;7;4;0;0;2;1
202300038516;155 612 279;7;0;2;1;2;1
202300038516;155 612 280;7;0;2;2;2;0
202300038517;155 612 282;7;0;2;1;2;1
202300038517;155 612 284;7;0;2;4;2;1
202300038517;155 612 286;7;0;2;4;2;1
202300038518;155 612 275;10;0;1;2;14;1
202300038519;155 612 273;7;0;2;1;2;1
202300038519;155 612 274;7;0;2;4;2;1
202300038519;155 612 276;7;0;2;4;2;1
202300038520;155 612 271;7;1;0;1;13;1
202300038521;155 612 270;7;0;2;3;1;0
202300038521;155 612 272;7;0;2;3;5;0
202300038522;155 612 269;7;0;1;2;1;1
202300038523;155 612 267;7;0;2;1;13;0
202300038523;155 612 268;2;0;0;4;11;0
202300038524;155 612 265;31;0;2;1;2;1
202300038524;155 612 266;7;0;2;6;15;1
202300038525;155 612 263;33;0;2;1;17;0
202300038525;155 612 264;7;0;0;8;15;0
202300038526;155 612 262;7;0;1;2;1;1
202300038527;155 612 261;7;13;0;9;12;1
202300038528;155 612 260;7;0;1;3;1;1
202300038529;155 612 258;7;0;2;8;10;1
202300038529;155 612 259;99;0;2;1;1;1
202300038530;155 612 257;10;0;5;2;1;1
202300038531;155 612 254;7;1;0;3;13;1
202300038532;155 612 253;7;0;2;3;13;1
202300038532;155 612 255;7;0;2;1;1;1
202300038532;155 612 256;7;0;9;0;1;1
202300038533;155 612 251;7;8;9;3;13;1
202300038534;155 612 250;7;0;2;3;6;1
202300038534;155 612 252;7;0;2;2;1;1
202300038535;155 612 249;7;6;0;1;1;1
202300038536;155 612 248;33;16;0;1;21;1
202300038537;155 612 246;7;0;2;8;1;1
202300038537;155 612 247;7;0;2;1;26;1
202300038538;155 612 244;7;0;2;1;2;1
202300038538;155 612 245;7;0;0;4;2;1
202300038539;155 612 243;33;0;0;1;26;1
202300038540;155 612 241;7;0;1;3;15;1
202300038541;155 612 240;7;0;9;7;16;1
202300038541;155 612 242;1;0;2;8;1;5
202300038542;155 612 238;7;0;2;2;1;1
202300038542;155 612 239;50;0;2;1;19;3
202300038543;155 612 236;7;0;2;3;9;1
202300038543;155 612 237;33;0;2;2;2;1
202300038544;155 612 234;7;0;1;1;15;3
202300038545;155 612 233;30;0;2;8;1;1
202300038545;155 612 235;10;0;2;1;9;0
202300038546;155 612 230;7;8;0;9;1;1
202300038547;155 612 229;7;0;1;2;2;1
202300038547;155 612 231;7;1;0;1;2;3
202300038547;155 612 232;7;1;0;2;2;2
202300038548;155 612 228;7;15;0;2;14;1
202300038549;155 612 221;7;0;2;3;18;1
202300038549;155 612 223;7;0;2;1;1;1
202300038549;155 612 225;7;0;2;4;23;1
202300038549;155 612 226;7;0;2;3;1;1
202300038549;155 612 227;7;0;2;2;1;1
202300038550;155 612 219;2;0;2;2;17;1
202300038550;155 612 220;7;0;2;3;13;1
202300038551;155 612 218;7;2;0;1;13;1
202300038552;155 612 217;7;0;1;1;1;1
202300038553;155 612 216;34;13;0;9;1;1
202300038554;155 612 215;7;8;0;1;15;1
202300038555;155 612 213;7;0;2;3;9;6
202300038555;155 612 214;1;0;2;7;9;5
202300038556;155 612 212;7;0;1;2;1;0
202300038557;155 612 208;30;0;2;1;2;1
202300038557;155 612 209;30;0;2;4;2;1
202300038557;155 612 211;30;0;2;1;2;1
202300038558;155 612 207;7;0;2;7;15;1
202300038558;155 612 210;30;0;2;1;2;1
202300038559;155 612 206;7;4;0;2;14;2
202300038560;155 612 204;7;0;1;3;1;1
202300038561;155 612 203;10;0;2;4;4;1
202300038561;155 612 205;2;0;2;1;9;1
202300038562;155 612 202;31;0;0;8;3;1
202300038563;155 612 200;33;0;2;1;13;1
202300038563;155 612 201;7;0;2;3;1;1
202300038564;155 612 199;80;14;0;1;9;3
202300038565;155 612 195;33;0;2;1;1;0
202300038565;155 612 197;13;0;2;2;15;0
202300038566;155 612 196;32;0;2;1;1;1
202300038566;155 612 198;30;0;2;8;10;1
202300038567;155 612 193;30;0;2;6;1;1
202300038567;155 612 194;10;0;0;3;1;4
202300038568;155 612 191;7;0;2;1;1;1
202300038568;155 612 192;7;0;2;7;15;1
202300038569;155 612 189;32;0;2;1;1;1
202300038569;155 612 190;7;0;2;2;15;1
202300038570;155 612 186;7;0;2;1;15;1
202300038570;155 612 188;7;7;2;3;1;1
202300038571;155 612 185;32;0;2;2;14;1
202300038571;155 612 187;7;0;2;3;1;1
202300038572;155 612 184;80;3;0;2;1;3
202300038573;155 612 183;10;0;1;2;1;3
202300038574;155 612 180;80;0;2;1;16;3
202300038574;155 612 182;7;0;2;1;1;1
202300038575;155 612 181;7;4;0;9;13;1
202300038576;155 612 177;33;0;2;7;1;1
202300038576;155 612 179;10;0;2;5;15;1
202300038577;155 612 178;7;0;1;2;1;1
202300038578;155 612 174;7;0;2;3;1;1
202300038578;155 612 176;7;0;2;1;1;1
202300038579;155 612 173;7;0;2;2;12;3
202300038579;155 612 175;32;0;2;1;7;1
202300038580;155 612 171;1;5;2;3;1;5
202300038580;155 612 172;1;0;2;1;1;5
202300038581;155 612 170;37;0;1;2;16;4
202300038582;155 612 168;50;0;0;0;1;3
202300038583;155 612 169;7;0;0;0;1;1
202300038584;155 612 167;80;12;0;1;1;3
202300038585;155 612 165;33;0;2;1;1;1
202300038585;155 612 166;10;0;2;1;13;1
202300038586;155 612 164;7;17;0;3;13;1
202300038587;155 612 162;34;0;2;1;1;1
202300038587;155 612 163;1;0;2;2;19;5
202300038588;155 612 160;7;0;2;3;13;0
202300038588;155 612 161;10;0;2;3;1;1
202300038589;155 612 159;7;0;1;1;1;0
202300038590;155 612 154;7;0;2;1;1;1
202300038590;155 612 156;7;0;2;1;1;1
202300038590;155 612 158;7;0;2;3;1;1
202300038591;155 612 152;7;0;1;2;2;2
202300038592;155 612 151;31;0;2;1;1;6
202300038592;155 612 153;10;0;2;7;15;6
202300038593;155 612 149;10;0;1;4;23;1
202300038594;155 612 148;7;0;2;7;1;2
202300038594;155 612 150;7;0;2;1;9;0
202300038595;155 612 147;7;0;0;2;0;0
202300038596;155 612 144;33;0;2;1;1;1
202300038596;155 612 145;10;0;2;5;15;1
202300038597;155 612 146;7;0;1;3;1;3
202300038598;155 612 142;7;0;1;3;1;1
202300038599;155 612 141;7;0;2;3;15;1
202300038599;155 612 143;32;0;2;5;1;1
202300038600;155 612 139;33;0;0;8;1;1
202300038600;155 612 140;7;0;2;3;9;1
202300038601;155 612 137;1;0;2;0;0;5
202300038601;155 612 138;7;0;2;5;15;1
202300038602;155 612 135;10;0;2;4;2;1
202300038602;155 612 136;7;0;2;1;2;1
202300038603;155 612 133;7;4;0;1;13;1
202300038604;155 612 132;7;0;2;1;0;3
202300038604;155 612 134;7;0;2;2;15;1
202300038605;155 612 130;7;0;2;1;1;1
202300038605;155 612 131;7;0;2;4;1;1
202300038606;155 612 129;10;0;1;2;16;1
202300038607;155 612 126;7;0;2;4;1;1
202300038607;155 612 127;15;0;2;4;1;1
202300038607;155 612 128;10;0;2;1;14;1
202300038608;155 612 123;7;0;2;3;1;1
202300038608;155 612 125;7;0;2;1;15;1
202300038609;155 612 122;33;0;2;1;2;1
202300038609;155 612 124;7;0;2;0;0;1
202300038610;155 612 120;7;0;2;7;12;0
202300038610;155 612 121;33;0;2;8;3;1
202300038611;155 612 119;7;13;0;1;1;1
202300038612;155 612 117;7;0;2;5;23;1
202300038612;155 612 118;10;0;2;1;1;1
202300038613;155 612 115;10;0;2;3;15;1
202300038613;155 612 116;7;0;2;3;1;3
202300038614;155 612 114;33;4;0;8;17;1
202300038615;155 612 112;7;2;0;7;1;1
202300038616;155 612 111;34;0;2;1;1;1
202300038616;155 612 113;7;0;0;4;15;2
202300038617;155 612 110;7;8;0;1;1;1
202300038618;155 612 109;7;0;2;5;26;1
202300038619;155 612 108;7;0;1;3;1;1
202300038620;155 612 106;7;0;2;3;1;1
202300038620;155 612 107;15;0;2;8;13;1
202300038621;155 612 105;7;0;0;9;1;1
202300038622;155 612 101;1;0;2;4;1;5
202300038622;155 612 104;7;0;2;2;2;1
202300038623;155 612 102;7;8;2;3;1;1
202300038623;155 612 103;7;0;2;3;1;1
202300038624;155 612 099;32;5;1;0;1;6
202300038625;155 612 098;7;0;2;1;13;1
202300038625;155 612 100;10;0;2;1;1;1
202300038626;155 612 096;7;13;0;1;1;1
202300038627;155 612 094;7;0;2;8;21;1
202300038627;155 612 095;7;0;2;7;21;1
202300038627;155 612 097;7;0;2;1;21;1
202300038628;155 612 091;7;13;0;0;21;1
202300038628;155 612 093;7;0;0;0;0;0
202300038629;155 612 090;7;0;2;6;15;1
202300038629;155 612 092;31;0;2;1;2;1
202300038630;155 612 087;3;0;0;6;2;1
202300038630;155 612 089;7;0;2;2;13;2
202300038631;155 612 086;30;0;2;1;26;1
202300038631;155 612 088;2;0;2;1;5;1
202300038632;155 612 083;7;0;2;1;1;1
202300038632;155 612 085;7;0;2;8;0;1
202300038633;155 612 082;7;0;2;3;0;1
202300038633;155 612 084;50;0;2;3;1;3
202300038634;155 612 079;2;0;2;1;1;1
202300038634;155 612 081;7;0;2;3;1;1
202300038635;155 612 078;10;0;2;1;1;1
202300038635;155 612 080;7;0;2;4;1;1
202300038636;155 612 074;7;0;2;8;1;1
202300038636;155 612 077;7;0;2;1;1;1
202300038637;155 612 069;7;0;2;4;1;1
202300038637;155 612 070;7;0;2;1;2;1
202300038637;155 612 072;7;0;2;4;1;1
202300038637;155 612 073;7;0;2;4;1;1
202300038637;155 612 075;7;0;2;4;1;1
202300038637;155 612 076;7;0;2;4;1;1
202300038638;155 612 068;7;0;9;1;1;1
202300038638;155 612 071;50;0;2;7;1;3
202300038639;155 612 066;7;0;0;9;26;1
202300038640;155 612 065;7;0;2;3;13;1
202300038640;155 612 067;7;0;2;2;1;1
202300038641;155 612 064;10;0;1;1;15;1
202300038642;155 612 062;7;0;2;1;9;1
202300038642;155 612 063;7;0;2;8;1;1
202300038643;155 612 060;33;0;2;1;1;1
202300038643;155 612 061;7;0;2;7;19;1
202300038644;155 612 059;31;17;0;1;13;1
202300038645;155 612 058;7;2;0;3;14;1
202300038646;155 612 057;7;13;0;1;13;1
202300038647;155 612 053;7;4;2;1;5;1
202300038647;155 612 055;7;0;0;0;1;3
202300038647;155 612 056;7;0;2;1;2;1
202300038648;155 612 052;7;13;0;1;14;1
202300038649;155 612 050;7;0;2;1;9;0
202300038649;155 612 051;7;0;2;2;1;0
202300038650;155 612 049;7;0;1;3;15;0
202300038651;155 612 047;7;0;2;2;19;1
202300038651;155 612 048;7;0;2;2;1;0
202300038652;155 612 046;7;13;0;1;1;0
202300038653;155 612 044;7;8;0;0;0;1
202300038654;155 612 041;32;0;2;1;5;1
202300038654;155 612 043;7;0;2;1;24;1
202300038654;155 612 045;7;0;2;1;0;1
202300038655;155 612 040;7;0;2;1;13;1
202300038655;155 612 042;7;0;2;1;1;1
202300038656;155 612 039;7;0;0;0;0;1
202300038657;155 612 037;7;0;2;1;1;1
202300038657;155 612 038;1;0;2;1;1;5
202300038658;155 612 035;7;15;0;3;1;1
202300038659;155 612 036;7;2;0;1;15;1
202300038660;155 612 034;7;13;0;0;1;1
202300038661;155 612 033;7;2;0;1;1;1
202300038662;155 612 031;30;14;0;1;1;1
202300038663;155 612 032;7;0;1;3;15;1
202300038664;155 612 030;33;0;6;1;1;1
202300038665;155 612 029;3;0;1;7;1;3
202300038666;155 612 028;7;13;0;1;1;1
202300038667;155 612 027;30;0;1;4;14;1
202300038668;155 612 023;34;0;2;3;1;1
202300038668;155 612 025;7;0;2;1;1;0
202300038669;155 612 022;7;0;2;2;1;1
202300038669;155 612 024;7;0;2;2;1;1
202300038669;155 612 026;7;3;2;8;13;1
202300038670;155 612 020;7;0;2;3;9;1
202300038670;155 612 021;33;0;2;7;1;1
202300038671;155 612 018;7;0;2;3;1;1
202300038671;155 612 019;7;0;2;3;13;1
202300038672;155 612 016;7;0;0;9;1;1
202300038673;155 612 015;7;0;2;7;1;2
202300038673;155 612 017;7;0;2;1;9;1
202300038674;155 612 012;7;0;2;0;1;1
202300038674;155 612 013;50;0;2;1;19;3
202300038675;155 612 011;7;7;2;1;1;1
202300038675;155 612 014;7;8;2;7;19;1
202300038676;155 612 009;33;0;2;7;1;1
202300038676;155 612 010;7;0;2;6;15;1
202300038677;155 612 008;36;0;0;9;0;1
202300038678;155 612 007;7;0;1;2;1;0
202300038679;155 612 005;7;0;2;1;15;1
202300038679;155 612 006;32;0;0;7;1;1
202300038680;155 612 003;43;0;2;1;1;1
202300038680;155 612 004;7;0;2;1;13;1
202300038681;155 612 001;7;0;2;8;11;1
202300038681;155 612 002;33;0;2;1;1;1
202300038682;155 612 000;7;0;1;1;2;1
202300038683;155 611 998;33;15;0;7;1;1
202300038684;155 611 997;7;1;0;1;1;1
202300038684;155 611 999;15;0;0;4;24;1
202300038685;155 611 996;31;4;0;2;14;1
202300038686;155 611 995;7;13;0;0;1;1