Num_Acc;id_vehicule;categorie_vehicule;obstacle_fixe;obstacle_mobile;point_choc_initial;manoeuvre_principale;motorisation
202300039031;155 611 364;7;0;2;2;15;1
202300039032;155 611 361;50;0;2;2;17;3
202300039032;155 611 362;7;0;2;3;15;1
202300039033;155 611 359;10;0;2;3;9;1
202300039033;155 611 360;33;0;2;1;17;1
202300039034;155 611 355;7;0;2;3;9;1
202300039034;155 611 357;1;0;2;1;1;5
202300039035;155 611 356;32;0;2;7;17;1
202300039035;155 611 358;10;0;2;3;15;1
202300039036;155 611 353;7;0;2;3;22;1
202300039036;155 611 354;80;0;2;1;1;3
202300039037;155 611 352;7;0;1;3;2;1
202300039038;155 611 349;33;0;2;1;2;1
202300039038;155 611 351;7;0;2;4;2;1
202300039039;155 611 348;10;0;2;1;1;1
202300039039;155 611 350;7;0;2;3;10;1
202300039040;155 611 346;80;0;2;7;1;3
202300039040;155 611 347;43;0;2;7;1;1
202300039041;155 611 344;7;0;1;1;1;1
202300039042;155 611 343;32;0;2;7;1;1
202300039042;155 611 345;7;0;2;2;15;1
202300039043;155 611 342;1;12;0;0;14;5
202300039044;155 611 339;1;0;2;1;2;5
202300039044;155 611 341;80;0;2;4;23;3
202300039045;155 611 338;7;4;0;3;1;1
202300039045;155 611 340;10;0;2;3;13;1
202300039046;155 611 336;7;0;2;1;1;1
202300039046;155 611 337;34;0;2;4;23;1
202300039047;155 611 334;3;0;2;0;0;0
202300039047;155 611 335;60;0;2;0;0;5
202300039048;155 611 333;1;0;1;1;25;5
202300039049;155 611 331;10;0;2;8;22;1
202300039049;155 611 332;80;0;2;1;1;3
202300039050;155 611 328;1;0;2;0;1;5
202300039050;155 611 330;7;0;9;0;15;3
202300039051;155 611 327;30;0;2;1;1;3
202300039051;155 611 329;7;0;2;5;10;1
202300039052;155 611 325;37;15;0;1;2;1
202300039052;155 611 326;7;15;0;4;2;1
202300039053;155 611 323;7;0;2;2;1;0
202300039053;155 611 324;50;0;2;8;15;3
202300039054;155 611 321;10;0;2;1;17;1
202300039054;155 611 322;1;0;2;6;15;5
202300039055;155 611 320;7;0;1;2;1;1
202300039056;155 611 317;7;0;2;8;13;1
202300039056;155 611 318;33;0;2;7;1;1
202300039057;155 611 316;7;0;2;5;22;1
202300039057;155 611 319;50;0;2;1;1;3
202300039058;155 611 315;50;12;0;1;1;3
202300039059;155 611 314;15;0;1;0;23;0
202300039060;155 611 311;7;0;2;8;10;1
202300039060;155 611 313;33;0;2;7;1;1
202300039061;155 611 312;7;0;1;2;26;1
202300039062;155 611 309;30;0;2;1;1;1
202300039062;155 611 310;7;0;2;4;15;1
202300039063;155 611 308;10;6;0;1;0;1
202300039064;155 611 306;34;1;2;9;21;1
202300039064;155 611 307;7;0;2;3;15;1
202300039065;155 611 303;7;0;2;2;10;1
202300039065;155 611 305;33;0;2;1;1;1
202300039066;155 611 301;7;0;2;2;16;1
202300039066;155 611 302;1;0;2;1;1;5
202300039067;155 611 299;7;0;2;1;1;1
202300039067;155 611 300;30;0;2;1;5;1
202300039068;155 611 297;7;0;2;2;1;1
202300039068;155 611 298;7;0;2;1;1;1
202300039069;155 611 294;7;0;2;0;12;1
202300039069;155 611 296;33;0;2;2;2;1
202300039070;155 611 292;7;0;2;2;15;1
202300039070;155 611 293;32;0;2;1;1;1
202300039071;155 611 291;7;9;0;2;1;1
202300039072;155 611 295;7;1;1;1;2;1
202300039073;155 611 289;7;1;0;1;1;1
202300039073;155 611 290;7;1;0;3;15;1
202300039074;155 611 287;7;0;2;1;9;1
202300039074;155 611 288;7;0;2;2;1;1
202300039075;155 611 285;1;0;2;4;2;5
202300039075;155 611 286;34;0;2;1;1;1
202300039076;155 611 284;1;0;0;0;1;5
202300039077;155 611 282;7;0;2;2;0;1
202300039077;155 611 283;1;0;2;6;0;5
202300039078;155 611 279;30;0;2;1;2;1
202300039078;155 611 280;10;0;2;4;1;3
202300039078;155 611 281;1;0;2;0;0;5
202300039079;155 611 277;7;0;2;3;15;0
202300039079;155 611 278;32;0;2;2;1;0
202300039080;155 611 275;33;0;2;3;1;1
202300039080;155 611 276;7;0;2;3;15;1
202300039081;155 611 273;7;0;2;1;2;1
202300039081;155 611 274;10;0;2;4;2;1
202300039082;155 611 272;7;0;1;3;2;1
202300039083;155 611 270;7;0;2;6;2;1
202300039083;155 611 271;10;0;2;1;2;1
202300039084;155 611 268;7;0;2;5;1;1
202300039084;155 611 269;31;0;2;1;2;1
202300039085;155 611 266;7;0;2;1;1;1
202300039085;155 611 267;7;0;2;5;1;1
202300039086;155 611 264;7;0;0;0;0;0
202300039086;155 611 265;34;0;2;1;17;1
202300039087;155 611 262;7;0;2;3;9;1
202300039087;155 611 263;34;0;2;1;17;1
202300039088;155 611 261;33;12;0;1;6;1
202300039089;155 611 259;7;0;2;8;24;0
202300039089;155 611 260;7;1;2;2;17;0
202300039090;155 611 257;1;0;2;1;1;5
202300039090;155 611 258;7;0;0;4;1;1
202300039091;155 611 255;15;0;0;2;1;1
202300039091;155 611 256;7;6;0;8;9;1
202300039092;155 611 254;7;0;0;9;1;1
202300039093;155 611 252;10;0;2;5;15;1
202300039093;155 611 253;33;0;2;1;1;1
202300039094;155 611 250;7;0;2;1;1;1
202300039094;155 611 251;10;0;2;2;1;1
202300039095;155 611 248;13;0;2;4;4;1
202300039095;155 611 249;80;0;2;1;23;3
202300039096;155 611 246;33;0;2;1;1;1
202300039096;155 611 247;7;0;2;6;1;1
202300039097;155 611 244;7;0;2;5;0;1
202300039097;155 611 245;7;0;2;1;2;1
202300039098;155 611 242;7;0;2;4;23;1
202300039098;155 611 243;17;0;2;3;2;1
202300039099;155 611 240;7;0;2;4;1;2
202300039099;155 611 241;7;0;2;1;1;1
202300039100;155 611 238;7;0;2;7;1;1
202300039100;155 611 239;31;0;2;1;12;1
202300039101;155 611 236;7;0;2;0;0;1
202300039101;155 611 237;7;0;2;0;1;1
202300039102;155 611 235;7;4;0;1;0;1
202300039103;155 611 233;33;0;2;6;1;1
202300039103;155 611 234;10;0;2;7;12;1
202300039104;155 611 231;7;0;2;1;13;1
202300039104;155 611 232;7;0;2;1;1;1
202300039105;155 611 229;1;0;9;0;1;5
202300039105;155 611 230;7;0;9;0;16;0
202300039106;155 611 227;37;0;9;2;1;1
202300039106;155 611 228;1;0;2;7;1;5
202300039107;155 611 226;7;0;1;1;1;0
202300039108;155 611 225;7;0;0;0;1;2
202300039109;155 611 221;7;6;2;1;1;1
202300039109;155 611 222;33;0;2;3;1;1
202300039109;155 611 223;33;0;2;3;1;1
202300039109;155 611 224;33;0;2;3;1;1
202300039110;155 611 219;10;0;2;1;13;1
202300039110;155 611 220;7;0;2;3;1;1
202300039111;155 611 217;10;0;2;1;1;1
202300039111;155 611 218;7;0;2;1;17;1
202300039112;155 611 215;7;0;2;3;15;1
202300039112;155 611 216;33;0;2;5;17;1
202300039113;155 611 213;33;0;2;1;17;1
202300039113;155 611 214;7;0;2;4;15;1
202300039114;155 611 212;10;0;1;8;15;1
202300039115;155 611 211;7;0;1;3;21;1
202300039116;155 611 209;7;0;2;1;1;1
202300039116;155 611 210;7;0;2;7;1;2
202300039117;155 611 207;7;0;2;1;0;1
202300039117;155 611 208;33;0;2;1;0;1
202300039118;155 611 206;13;1;0;1;23;1
202300039119;155 611 204;7;0;2;4;1;1
202300039119;155 611 205;31;0;2;1;13;1
202300039120;155 611 203;7;12;0;1;25;1
202300039121;155 611 200;7;0;9;1;1;0
202300039121;155 611 201;7;0;2;0;0;0
202300039121;155 611 202;7;0;2;0;0;1
202300039122;155 611 198;7;0;2;1;12;1
202300039122;155 611 199;7;0;2;6;1;1
202300039123;155 611 197;37;0;1;2;1;1
202300039124;155 611 195;10;0;2;2;9;0
202300039124;155 611 196;33;0;2;1;21;0
202300039125;155 611 193;7;0;2;4;2;1
202300039125;155 611 194;7;0;2;1;2;0
202300039126;155 611 192;33;12;0;8;1;1
202300039127;155 611 191;7;4;0;3;14;1
202300039128;155 611 189;7;0;2;1;9;1
202300039128;155 611 190;1;0;2;8;9;5
202300039129;155 611 188;7;0;1;5;9;1
202300039130;155 611 186;30;0;2;1;13;1
202300039130;155 611 187;7;0;2;2;1;1
202300039131;155 611 185;7;0;1;1;9;2
202300039132;155 611 183;7;4;2;9;1;1
202300039132;155 611 184;7;0;2;1;1;1
202300039133;155 611 181;7;0;2;3;15;1
202300039133;155 611 182;10;0;2;2;1;1
202300039134;155 611 178;7;0;2;4;2;1
202300039134;155 611 179;7;0;2;9;2;1
202300039134;155 611 180;7;0;2;1;2;1
202300039135;155 611 176;7;0;2;1;1;1
202300039135;155 611 177;7;0;2;2;1;1
202300039136;155 611 174;7;1;0;4;24;1
202300039136;155 611 175;7;0;2;1;2;1
202300039137;155 611 172;7;9;2;1;1;1
202300039137;155 611 173;7;0;2;1;1;1
202300039138;155 611 169;7;0;2;4;1;1
202300039138;155 611 170;7;0;2;4;1;1
202300039138;155 611 171;7;0;2;1;1;1
202300039139;155 611 168;7;0;0;3;1;1
202300039140;155 611 164;7;0;2;6;23;1
202300039140;155 611 165;7;0;2;1;2;1
202300039141;155 611 163;7;8;0;1;15;1
202300039142;155 611 161;7;0;2;1;2;1
202300039142;155 611 162;7;0;2;4;2;1
202300039143;155 611 159;10;0;2;2;13;1
202300039143;155 611 160;34;14;2;8;21;1
202300039144;155 611 157;7;0;2;1;16;1
202300039144;155 611 158;1;0;2;7;1;5
202300039145;155 611 156;7;0;1;3;1;1
202300039146;155 611 154;7;0;2;3;15;1
202300039146;155 611 155;1;0;2;1;1;5
202300039147;155 611 152;33;0;2;1;1;1
202300039147;155 611 153;7;0;2;4;1;1
202300039148;155 611 150;7;0;9;2;15;0
202300039148;155 611 151;50;0;2;1;1;3
202300039149;155 611 149;7;0;1;1;1;1
202300039150;155 611 147;7;0;2;8;26;1
202300039150;155 611 148;2;0;2;1;1;1
202300039151;155 611 146;7;6;0;1;14;0
202300039152;155 611 144;33;0;2;5;1;1
202300039152;155 611 145;7;0;2;3;9;1
202300039153;155 611 142;7;0;2;1;15;1
202300039153;155 611 143;37;0;2;1;1;1
202300039154;155 611 140;7;0;2;1;1;1
202300039154;155 611 141;7;0;2;8;1;1
202300039155;155 611 139;7;6;0;2;14;1
202300039156;155 611 137;30;0;2;1;1;1
202300039156;155 611 138;37;0;2;4;23;1
202300039157;155 611 134;10;0;2;3;1;1
202300039157;155 611 135;33;0;2;1;1;1
202300039158;155 611 132;7;0;2;3;1;1
202300039158;155 611 133;30;0;2;1;13;1
202300039159;155 611 131;7;0;1;3;26;1
202300039160;155 611 130;1;1;0;1;1;5
202300039161;155 611 128;50;0;2;1;1;3
202300039161;155 611 129;7;0;2;3;1;1
202300039162;155 611 126;7;0;0;0;0;2
202300039162;155 611 127;32;8;2;8;1;1
202300039163;155 611 124;7;0;2;0;17;0
202300039163;155 611 125;30;0;2;8;1;1
202300039164;155 611 122;7;0;2;4;2;1
202300039164;155 611 123;7;0;2;1;2;1
202300039165;155 611 120;15;0;2;1;2;1
202300039165;155 611 121;7;0;2;4;2;1
202300039166;155 611 119;7;12;0;8;1;1
202300039167;155 611 117;10;0;2;4;12;1
202300039167;155 611 118;32;0;2;1;3;1
202300039168;155 611 116;80;0;1;1;21;3
202300039169;155 611 115;50;0;1;1;2;3
202300039170;155 611 113;10;0;0;4;2;1
202300039170;155 611 114;80;0;2;1;2;3
202300039171;155 611 112;33;0;0;0;21;1
202300039172;155 611 110;80;0;2;1;1;3
202300039172;155 611 111;7;0;2;8;24;1
202300039173;155 611 108;33;0;2;1;17;1
202300039173;155 611 109;7;0;2;3;15;0
202300039174;155 611 106;7;0;2;1;1;1
202300039174;155 611 107;2;0;2;4;10;1
202300039175;155 611 104;7;0;2;1;1;1
202300039175;155 611 105;10;0;2;4;1;1
202300039176;155 611 100;7;0;2;1;0;1
202300039176;155 611 101;7;0;2;4;1;1
202300039176;155 611 102;7;0;2;4;23;1
202300039176;155 611 103;10;0;2;4;23;1
202300039177;155 611 098;31;0;2;2;17;0
202300039177;155 611 099;7;0;2;3;9;0
202300039178;155 611 096;50;0;2;1;1;3
202300039178;155 611 097;7;16;2;3;9;0
202300039179;155 611 094;7;0;2;7;1;1
202300039179;155 611 095;7;0;2;1;9;0
202300039180;155 611 093;7;9;0;9;21;1
202300039181;155 611 091;31;0;2;4;1;1
202300039181;155 611 092;7;0;2;2;19;1
202300039182;155 611 089;7;0;2;2;1;2
202300039182;155 611 090;7;0;0;1;1;1
202300039183;155 611 086;7;0;2;1;9;1
202300039183;155 611 087;7;0;2;1;9;1
202300039183;155 611 088;7;0;2;7;0;1
202300039184;155 611 084;10;0;2;1;9;1
202300039184;155 611 085;1;0;2;7;19;5
202300039185;155 611 082;2;0;2;1;2;1
202300039185;155 611 083;10;0;0;4;23;1
202300039186;155 611 080;2;0;2;7;1;1
202300039186;155 611 081;7;0;2;3;16;2
202300039187;155 611 078;33;9;9;1;17;1
202300039187;155 611 079;1;0;0;3;13;5
202300039188;155 611 076;2;0;0;0;0;1
202300039188;155 611 077;7;0;0;3;0;1
202300039189;155 611 074;7;0;2;2;14;1
202300039189;155 611 075;10;0;0;8;23;1
202300039190;155 611 072;34;0;0;1;13;0
202300039190;155 611 073;7;0;0;4;15;0
202300039191;155 611 070;10;1;0;2;14;1
202300039191;155 611 071;16;0;2;8;24;1
202300039192;155 611 068;7;3;2;2;13;1
202300039192;155 611 069;15;0;2;5;21;6
202300039193;155 611 067;36;15;0;0;13;1
202300039194;155 611 065;7;0;0;8;1;1
202300039194;155 611 066;10;0;2;1;19;1
202300039195;155 611 064;2;6;0;1;0;1
202300039196;155 611 062;2;0;2;7;15;1
202300039196;155 611 063;7;0;2;1;1;3
202300039197;155 611 060;33;0;2;3;1;1
202300039197;155 611 061;32;0;2;1;1;1
202300039198;155 611 059;15;3;0;3;0;1
202300039199;155 611 058;7;2;0;1;1;0
202300039200;155 611 056;7;0;2;3;1;1
202300039200;155 611 057;99;0;2;3;1;1
202300039201;155 611 054;7;0;2;2;2;1
202300039201;155 611 055;2;0;0;6;2;1
202300039202;155 611 052;7;4;2;3;13;1
202300039202;155 611 053;15;4;2;3;1;1
202300039203;155 611 050;7;0;2;1;13;1
202300039203;155 611 051;7;0;2;1;21;1
202300039204;155 611 048;7;0;2;1;13;0
202300039204;155 611 049;7;0;2;1;1;0
202300039205;155 611 046;33;13;0;1;2;1
202300039205;155 611 047;33;13;0;1;2;1
202300039206;155 611 045;7;6;0;1;0;1
202300039207;155 611 044;31;0;6;7;1;1
202300039208;155 611 043;7;6;0;1;13;1
202300039209;155 611 041;7;0;2;2;17;1
202300039209;155 611 042;3;0;2;6;1;1
202300039210;155 611 039;7;0;0;3;1;1
202300039210;155 611 040;7;0;0;3;1;1
202300039211;155 611 038;7;15;0;3;1;1
202300039212;155 611 036;10;0;2;2;2;0
202300039212;155 611 037;1;0;2;2;2;5
202300039213;155 611 034;33;0;2;1;1;1
202300039213;155 611 035;10;0;2;3;15;1
202300039214;155 611 032;33;4;0;1;2;1
202300039214;155 611 033;17;0;2;8;1;1
202300039215;155 611 030;7;0;2;3;1;2
202300039215;155 611 031;31;0;2;1;13;1
202300039216;155 611 029;7;0;2;2;1;1
202300039217;155 611 028;7;3;0;2;1;1
202300039218;155 611 026;7;0;2;3;1;1
202300039218;155 611 027;31;0;2;3;13;1
202300039219;155 611 025;15;0;2;2;1;1
202300039220;155 611 024;7;6;0;1;26;1
202300039221;155 611 022;10;0;2;2;13;1
202300039221;155 611 023;7;0;2;2;21;1
202300039222;155 611 020;2;0;2;1;1;1
202300039222;155 611 021;7;0;0;5;23;1
202300039223;155 611 019;7;13;0;1;2;1
202300039224;155 611 017;7;0;0;8;1;3
202300039224;155 611 018;7;0;2;8;9;1
202300039225;155 611 015;33;0;1;1;1;1
202300039226;155 611 013;7;0;2;1;13;1
202300039226;155 611 014;33;0;2;8;1;1
202300039227;155 611 011;7;0;2;2;15;1
202300039227;155 611 012;7;0;2;3;1;1
202300039228;155 611 009;7;0;2;3;1;1
202300039228;155 611 010;33;0;2;3;1;1
202300039229;155 611 007;33;0;2;1;2;1
202300039229;155 611 008;7;0;0;4;23;1
202300039230;155 611 006;1;0;2;1;2;5
202300039231;155 611 004;2;0;2;1;1;1
202300039231;155 611 005;7;0;2;1;19;1
202300039232;155 611 002;7;0;2;7;19;1
202300039232;155 611 003;7;0;2;1;1;1
202300039233;155 611 001;7;6;0;1;13;2
202300039234;155 610 999;7;0;9;7;2;1
202300039234;155 611 000;1;0;2;8;2;5
202300039235;155 610 997;33;0;0;8;1;1
202300039236;155 610 996;7;0;0;0;21;1
202300039237;155 610 993;7;0;2;1;1;1
202300039237;155 610 994;7;0;2;4;1;1
202300039237;155 610 995;7;0;2;4;1;1
202300039238;155 610 992;10;0;1;2;1;1
202300039239;155 610 990;31;0;2;4;2;1
202300039239;155 610 991;7;0;0;4;2;1
202300039240;155 610 988;15;0;2;4;2;1
202300039240;155 610 989;10;0;2;1;2;1
202300039241;155 610 986;7;0;2;0;1;1
202300039241;155 610 987;7;0;2;0;1;1
202300039242;155 610 984;7;0;2;1;1;1
202300039242;155 610 985;7;0;2;6;1;1
202300039243;155 610 981;7;1;0;2;14;1
202300039243;155 610 982;7;0;2;8;1;1
202300039243;155 610 983;7;0;2;7;14;1
202300039244;155 610 979;7;0;2;1;1;1
202300039244;155 610 980;7;0;2;4;1;1
202300039245;155 610 978;7;3;0;1;0;1
202300039246;155 610 977;7;4;0;9;2;1
202300039247;155 610 975;7;0;2;1;1;1
202300039247;155 610 976;7;0;2;4;11;1
202300039248;155 610 972;7;0;2;1;2;1
202300039248;155 610 973;7;0;2;4;2;1
202300039248;155 610 974;7;0;2;4;1;1
202300039249;155 610 970;7;0;2;1;2;1
202300039249;155 610 971;7;0;2;6;2;1
202300039250;155 610 969;33;0;;;1;1
202300039251;155 610 967;31;0;2;8;3;1
202300039251;155 610 968;7;0;2;5;1;1
202300039252;155 610 964;7;1;0;1;1;2
202300039252;155 610 965;7;0;2;4;26;1
202300039252;155 610 966;7;1;0;1;1;1
202300039253;155 610 962;7;3;2;8;1;1
202300039253;155 610 963;7;0;2;7;1;3
202300039254;155 610 960;7;0;2;4;20;1
202300039254;155 610 961;2;0;2;3;21;1
202300039255;155 610 958;32;0;2;1;0;1
202300039255;155 610 959;7;0;2;1;1;1
202300039256;155 610 956;7;14;2;1;1;1
202300039256;155 610 957;7;14;2;4;1;1
202300039257;155 610 955;7;4;0;8;0;1
202300039258;155 610 953;2;0;2;1;2;1
202300039258;155 610 954;7;0;2;8;2;1
202300039259;155 610 950;7;0;2;1;2;1
202300039259;155 610 951;7;0;2;4;2;1
202300039259;155 610 952;7;0;2;4;2;1
202300039260;155 610 948;7;0;2;1;9;1
202300039260;155 610 949;7;0;2;2;1;1
202300039261;155 610 946;7;0;2;6;0;1
202300039261;155 610 947;0;0;2;4;2;0
202300039262;155 610 944;7;0;2;2;9;1
202300039262;155 610 945;1;0;2;1;1;5
202300039263;155 610 943;7;2;0;1;0;1
202300039264;155 610 942;50;0;0;0;2;3
202300039265;155 610 940;50;0;2;8;1;3
202300039265;155 610 941;7;0;2;2;17;1
202300039266;155 610 937;10;0;0;0;1;1
202300039266;155 610 938;33;14;0;1;1;1
202300039267;155 610 935;33;0;2;3;17;1
202300039267;155 610 936;7;0;2;3;15;1
202300039268;155 610 934;10;0;9;1;0;3
202300039269;155 610 933;7;2;0;1;0;1
202300039270;155 610 932;30;0;0;0;1;1
202300039271;155 610 930;7;0;2;0;2;1
202300039271;155 610 931;30;0;2;1;2;1
202300039272;155 610 928;7;0;2;0;13;0
202300039272;155 610 929;7;0;2;8;1;2
202300039273;155 610 926;7;0;2;0;15;1
202300039273;155 610 927;33;0;2;1;0;1
202300039274;155 610 924;7;0;2;2;9;1
202300039274;155 610 925;30;0;2;1;9;3
202300039275;155 610 922;7;0;2;1;15;1
202300039275;155 610 923;33;0;2;1;16;1
202300039276;155 610 921;7;0;0;1;14;1
202300039277;155 610 919;7;0;2;1;2;1
202300039277;155 610 920;7;0;2;4;1;2
202300039278;155 610 918;80;0;5;9;21;3
202300039279;155 610 916;1;0;2;1;1;5
202300039279;155 610 917;7;0;2;7;1;1
202300039280;155 610 914;50;0;2;1;1;3
202300039280;155 610 915;7;0;2;3;15;1
202300039281;155 610 912;15;0;2;2;16;6
202300039281;155 610 913;1;0;2;0;1;5
202300039282;155 610 911;10;0;0;1;14;1
202300039283;155 610 909;3;0;2;3;13;1
202300039283;155 610 910;7;0;2;3;1;1
202300039284;155 610 907;31;1;0;1;13;1
202300039284;155 610 908;7;0;0;0;1;1
202300039285;155 610 905;7;0;9;3;1;1
202300039285;155 610 906;50;0;2;1;0;3
202300039286;155 610 903;1;0;2;1;1;5
202300039286;155 610 904;7;0;9;2;1;1
202300039287;155 610 902;7;13;0;0;1;1
202300039288;155 610 900;33;0;2;1;1;1
202300039288;155 610 901;10;0;0;5;1;1
202300039289;155 610 898;7;0;2;2;1;1
202300039289;155 610 899;1;0;2;1;19;5
202300039290;155 610 897;7;13;0;1;0;1
202300039291;155 610 894;15;0;0;6;0;1
202300039291;155 610 895;15;1;0;5;2;1
202300039291;155 610 896;15;0;9;1;1;1
202300039292;155 610 892;33;0;2;1;1;0
202300039292;155 610 893;10;0;2;3;15;1
202300039293;155 610 890;2;0;2;3;15;1
202300039293;155 610 891;10;0;2;7;17;1
202300039294;155 610 888;7;0;2;3;15;1
202300039294;155 610 889;31;15;2;2;17;1
202300039295;155 610 887;7;13;0;1;13;1
202300039296;155 610 886;2;12;0;1;0;1
202300039297;155 610 883;7;0;2;8;26;1
202300039297;155 610 884;32;0;2;8;26;1
202300039297;155 610 885;7;0;2;1;1;1
202300039298;155 610 881;33;0;2;3;1;1
202300039298;155 610 882;7;0;2;1;1;1
202300039299;155 610 879;7;0;2;1;1;1
202300039299;155 610 880;7;0;2;7;19;1
202300039300;155 610 875;10;0;2;1;2;1
202300039300;155 610 876;17;0;0;4;2;1
202300039301;155 610 874;7;1;0;1;0;1
202300039302;155 610 873;33;0;0;8;1;1
202300039303;155 610 870;7;0;2;4;23;1
202300039303;155 610 871;7;0;2;4;23;1
202300039303;155 610 872;10;0;2;1;2;1
202300039304;155 610 868;7;0;2;8;17;1
202300039304;155 610 869;1;0;2;3;1;5
202300039305;155 610 866;10;13;2;3;1;1
202300039305;155 610 867;7;0;2;3;1;1
202300039306;155 610 865;31;0;0;0;20;1
202300039307;155 610 864;2;0;0;0;26;1
202300039308;155 610 863;33;0;0;8;1;1
202300039309;155 610 861;2;0;9;1;5;1
202300039309;155 610 862;17;0;2;1;1;1
202300039310;155 610 859;7;0;2;2;15;1
202300039310;155 610 860;33;0;2;8;1;1
202300039311;155 610 850;7;0;2;8;1;1
202300039311;155 610 851;7;0;2;7;1;1
202300039311;155 610 852;7;0;0;4;1;1
202300039311;155 610 853;7;0;0;4;1;2
202300039311;155 610 854;7;0;0;4;1;1
202300039311;155 610 855;10;0;0;4;1;1
202300039311;155 610 856;7;1;0;4;1;1
202300039311;155 610 857;10;1;0;4;1;1
202300039311;155 610 858;7;1;0;1;1;1
202300039312;155 610 849;33;0;0;7;3;1
202300039313;155 610 848;33;0;0;0;1;1
202300039314;155 610 847;7;7;0;7;14;1
202300039315;155 610 845;7;0;2;2;1;1
202300039315;155 610 846;15;0;2;4;1;1
202300039316;155 610 843;14;0;2;7;12;1
202300039316;155 610 844;7;4;2;8;1;1
202300039317;155 610 841;7;0;2;7;12;1
202300039317;155 610 842;33;0;2;8;1;1
202300039318;155 610 839;7;3;2;1;2;3
202300039318;155 610 840;7;3;2;4;2;3
202300039319;155 610 837;7;0;2;4;2;1
202300039319;155 610 838;33;0;2;1;2;1
202300039320;155 610 836;32;0;0;0;26;1
202300039321;155 610 834;10;3;0;1;19;1
202300039321;155 610 835;7;0;2;8;2;1
202300039322;155 610 833;7;4;0;1;1;1
202300039323;155 610 831;7;0;2;4;12;1
202300039323;155 610 832;33;0;2;1;3;1
202300039324;155 610 829;7;0;2;0;0;0
202300039324;155 610 830;7;0;2;7;1;1
202300039325;155 610 827;33;0;2;1;3;1
202300039325;155 610 828;7;0;2;6;1;1
202300039326;155 610 825;7;0;2;2;1;1
202300039326;155 610 826;7;0;2;6;1;1
202300039327;155 610 823;7;0;2;6;2;1
202300039327;155 610 824;10;0;2;2;2;1
202300039328;155 610 820;7;0;2;1;2;1
202300039328;155 610 821;7;0;2;4;2;1
202300039328;155 610 822;7;0;2;4;2;1
202300039329;155 610 819;36;0;0;0;1;1
202300039330;155 610 818;99;0;1;1;2;1
202300039331;155 610 816;1;0;2;2;1;5
202300039331;155 610 817;7;0;2;2;15;1
202300039332;155 610 815;7;0;1;2;26;2
202300039333;155 610 814;7;0;1;1;1;1
202300039334;155 610 811;10;0;2;1;1;1
202300039334;155 610 812;7;0;2;4;1;1
202300039334;155 610 813;7;0;2;6;1;1
202300039335;155 610 809;7;0;2;2;0;1
202300039335;155 610 810;10;0;2;6;0;1
202300039336;155 610 807;7;0;2;1;2;1
202300039336;155 610 808;7;0;9;4;2;1
202300039337;155 610 805;60;0;2;8;1;5
202300039337;155 610 806;7;0;0;0;0;0
202300039338;155 610 804;7;0;1;3;1;1
202300039339;155 610 803;7;0;1;1;1;1
202300039340;155 610 801;7;0;2;3;1;1
202300039340;155 610 802;31;0;2;1;13;1
202300039341;155 610 800;7;1;1;4;1;1
202300039342;155 610 794;7;0;2;1;1;1
202300039342;155 610 795;33;0;2;4;1;1
202300039343;155 610 792;7;0;2;8;2;1
202300039343;155 610 793;31;0;2;1;2;1
202300039344;155 610 787;7;1;0;3;1;1
202300039344;155 610 788;7;0;2;5;24;1
202300039345;155 610 784;7;16;2;1;10;1
202300039345;155 610 785;7;1;2;1;1;1
202300039345;155 610 786;7;0;2;6;0;1
202300039346;155 610 783;50;0;0;0;14;3
202300039347;155 610 781;7;0;2;1;2;1
202300039347;155 610 782;7;0;2;4;23;1
202300039348;155 610 779;50;0;2;8;1;3
202300039348;155 610 780;7;0;2;1;1;1
202300039349;155 610 777;33;0;2;1;17;1
202300039349;155 610 778;7;0;2;6;15;0
202300039350;155 610 775;10;0;2;1;2;1
202300039350;155 610 776;7;0;1;2;23;1
202300039351;155 610 773;33;0;2;1;1;1
202300039351;155 610 774;7;0;2;3;15;1
202300039352;155 610 770;7;0;2;4;1;1
202300039352;155 610 771;7;0;2;1;1;1
202300039352;155 610 772;7;0;2;1;1;1
202300039353;155 610 768;7;0;2;6;19;1
202300039353;155 610 769;7;0;2;1;1;1
202300039354;155 610 766;7;0;2;3;17;1
202300039354;155 610 767;1;0;2;1;0;5
202300039355;155 610 765;7;0;1;1;1;1
202300039356;155 610 760;7;0;1;4;4;1
202300039357;155 610 758;7;0;2;3;0;1
202300039357;155 610 759;7;0;2;1;0;0
202300039358;155 610 756;1;0;2;1;1;5
202300039358;155 610 757;7;0;2;7;15;1
202300039359;155 610 753;7;0;2;1;23;3
202300039359;155 610 754;7;0;2;3;15;1
202300039359;155 610 755;7;0;2;1;1;1
202300039360;155 610 751;32;0;2;0;0;1
202300039360;155 610 752;99;0;2;8;23;0
202300039361;155 610 749;10;0;2;4;1;1
202300039361;155 610 750;2;0;2;1;21;1
202300039362;155 610 747;10;0;2;1;2;1
202300039362;155 610 748;7;0;2;4;1;1
202300039363;155 610 745;7;0;2;1;2;1
202300039363;155 610 746;7;0;2;4;1;1
202300039364;155 610 744;10;0;1;3;16;1
202300039365;155 610 742;7;0;2;2;16;1