Num_Acc;id_vehicule;categorie_vehicule;obstacle_fixe;obstacle_mobile;point_choc_initial;manoeuvre_principale;motorisation
202300039365;155 610 743;7;0;2;3;0;1
202300039366;155 610 741;7;0;1;3;1;1
202300039367;155 610 739;7;0;2;5;9;1
202300039367;155 610 740;7;0;2;5;23;1
202300039368;155 610 736;7;0;2;1;13;1
202300039368;155 610 737;38;0;2;2;1;1
202300039368;155 610 738;7;0;2;1;1;1
202300039369;155 610 734;7;0;2;4;2;1
202300039369;155 610 735;7;0;2;1;0;1
202300039370;155 610 733;33;15;0;1;19;1
202300039371;155 610 731;30;0;2;2;21;1
202300039371;155 610 732;36;0;2;6;13;1
202300039372;155 610 729;7;0;2;7;16;1
202300039372;155 610 730;1;0;2;8;1;5
202300039373;155 610 727;50;0;2;1;13;3
202300039373;155 610 728;50;0;2;1;1;3
202300039374;155 610 726;7;6;0;1;14;1
202300039375;155 610 725;33;6;0;7;26;1
202300039376;155 610 723;30;11;1;0;1;0
202300039377;155 610 721;1;0;2;1;15;5
202300039377;155 610 722;7;0;2;3;1;2
202300039378;155 610 720;7;0;1;1;1;1
202300039379;155 610 719;7;0;1;2;17;1
202300039380;155 610 717;33;0;2;1;17;1
202300039380;155 610 718;16;0;2;6;15;1
202300039381;155 610 715;7;0;2;8;13;1
202300039381;155 610 716;34;0;2;7;1;1
202300039382;155 610 713;7;0;2;4;23;1
202300039382;155 610 714;7;0;2;1;1;1
202300039383;155 610 711;33;0;2;1;2;1
202300039383;155 610 712;7;0;2;6;2;1
202300039384;155 610 710;7;0;1;2;1;1
202300039385;155 610 705;7;0;1;1;15;1
202300039386;155 610 704;7;1;1;0;13;0
202300039387;155 610 702;0;0;9;6;26;1
202300039387;155 610 703;80;0;2;6;1;3
202300039388;155 610 700;7;0;9;1;1;1
202300039388;155 610 701;60;0;2;0;19;5
202300039389;155 610 699;7;0;1;3;1;3
202300039390;155 610 697;7;0;2;1;13;1
202300039390;155 610 698;7;0;2;1;0;1
202300039391;155 610 695;1;0;2;5;1;5
202300039391;155 610 696;7;0;2;2;1;1
202300039392;155 610 693;7;0;0;4;15;3
202300039392;155 610 694;7;0;2;1;1;1
202300039393;155 610 692;7;1;1;5;20;1
202300039394;155 610 690;1;0;2;1;15;5
202300039394;155 610 691;7;0;2;2;0;1
202300039395;155 610 689;33;0;0;8;23;1
202300039396;155 610 687;31;0;2;2;1;1
202300039396;155 610 688;7;0;2;8;9;2
202300039397;155 610 684;7;0;2;4;2;1
202300039397;155 610 685;7;0;2;1;2;1
202300039397;155 610 686;7;0;2;4;2;1
202300039398;155 610 681;7;0;2;2;12;1
202300039398;155 610 682;7;0;2;3;1;1
202300039398;155 610 683;7;0;2;5;1;1
202300039399;155 610 679;7;0;2;8;11;1
202300039399;155 610 680;32;0;2;7;1;1
202300039400;155 610 676;7;0;2;4;2;1
202300039400;155 610 677;7;0;2;1;2;1
202300039400;155 610 678;7;0;2;4;2;1
202300039401;155 610 674;7;0;0;8;15;1
202300039401;155 610 675;1;0;2;1;15;5
202300039402;155 610 672;7;0;2;4;2;1
202300039402;155 610 673;33;0;2;1;2;1
202300039403;155 610 670;2;0;2;8;2;3
202300039403;155 610 671;1;0;2;1;5;5
202300039404;155 610 668;2;0;2;1;1;1
202300039404;155 610 669;7;0;2;5;1;1
202300039405;155 610 667;1;0;1;1;1;5
202300039406;155 610 666;1;12;0;1;13;5
202300039407;155 610 664;1;0;2;1;1;5
202300039407;155 610 665;7;0;0;3;1;1
202300039408;155 610 662;1;0;2;1;1;5
202300039408;155 610 663;7;0;2;3;22;1
202300039409;155 610 661;1;0;1;1;1;5
202300039410;155 610 659;1;0;2;8;1;5
202300039410;155 610 660;7;0;2;7;12;0
202300039411;155 610 657;7;0;2;8;19;1
202300039411;155 610 658;2;0;2;1;2;1
202300039412;155 610 655;33;0;2;0;1;1
202300039412;155 610 656;2;0;2;7;1;1
202300039413;155 610 654;7;0;1;2;1;2
202300039414;155 610 652;10;0;2;5;1;1
202300039414;155 610 653;30;0;2;1;21;3
202300039415;155 610 650;7;0;2;1;1;2
202300039415;155 610 651;1;0;2;4;23;5
202300039416;155 610 648;10;0;2;4;2;1
202300039416;155 610 649;7;0;2;1;2;1
202300039417;155 610 646;7;0;2;1;1;1
202300039417;155 610 647;50;0;2;7;1;3
202300039418;155 610 645;7;0;1;1;15;2
202300039419;155 610 643;17;0;2;4;2;1
202300039419;155 610 644;14;0;2;1;2;1
202300039420;155 610 641;7;0;2;2;15;2
202300039420;155 610 642;32;0;2;1;1;1
202300039421;155 610 640;7;0;1;3;1;1
202300039422;155 610 637;7;0;2;4;23;1
202300039422;155 610 638;7;0;2;4;23;1
202300039422;155 610 639;7;0;2;1;1;1
202300039423;155 610 635;34;0;1;1;2;1
202300039424;155 610 636;7;8;0;3;1;1
202300039425;155 610 632;50;0;2;7;19;3
202300039425;155 610 634;14;0;2;3;1;1
202300039426;155 610 631;33;0;1;1;3;1
202300039426;155 610 633;7;0;2;3;1;1
202300039427;155 610 630;7;0;1;1;1;1
202300039428;155 610 628;7;0;1;3;1;1
202300039429;155 610 627;7;0;2;1;5;1
202300039429;155 610 629;7;0;2;1;1;1
202300039430;155 610 626;7;0;1;1;1;1
202300039431;155 610 623;7;0;2;3;16;2
202300039431;155 610 625;31;0;2;7;1;1
202300039432;155 610 622;34;0;2;3;21;1
202300039432;155 610 624;50;0;2;1;21;3
202300039433;155 610 620;33;0;1;1;1;1
202300039434;155 610 619;7;0;9;5;23;0
202300039434;155 610 621;31;0;2;1;9;1
202300039435;155 610 618;7;0;1;1;20;1
202300039436;155 610 616;99;0;2;3;19;0
202300039436;155 610 617;33;0;2;1;0;0
202300039437;155 610 614;7;0;2;2;15;1
202300039437;155 610 615;33;0;2;1;1;1
202300039438;155 610 612;7;0;2;4;2;2
202300039438;155 610 613;10;0;2;1;2;1
202300039439;155 610 610;7;0;2;1;1;1
202300039439;155 610 611;7;0;2;4;1;1
202300039440;155 610 608;10;0;1;2;17;1
202300039441;155 610 607;33;0;2;0;0;1
202300039441;155 610 609;7;0;2;1;1;1
202300039442;155 610 606;7;0;0;2;15;0
202300039443;155 610 604;7;0;2;3;0;1
202300039443;155 610 605;33;0;2;5;0;1
202300039444;155 610 602;7;12;0;3;16;1
202300039445;155 610 601;7;0;2;4;23;1
202300039445;155 610 603;30;0;2;1;2;1
202300039446;155 610 600;7;0;1;2;1;1
202300039447;155 610 598;7;0;2;5;16;0
202300039447;155 610 599;2;0;2;1;1;0
202300039448;155 610 595;7;0;2;4;1;1
202300039448;155 610 597;1;0;2;1;1;5
202300039449;155 610 594;30;0;2;1;5;1
202300039449;155 610 596;7;0;2;2;1;1
202300039450;155 610 593;32;0;1;2;17;1
202300039451;155 610 592;7;9;0;1;14;3
202300039452;155 610 590;43;0;2;1;2;1
202300039452;155 610 591;17;1;0;4;2;1
202300039453;155 610 589;7;6;0;1;14;1
202300039454;155 610 587;7;0;1;1;1;1
202300039455;155 610 586;7;0;1;3;1;1
202300039456;155 610 584;7;0;2;6;24;1
202300039456;155 610 585;2;1;0;2;0;1
202300039457;155 610 583;7;0;1;2;1;1
202300039458;155 610 581;16;0;2;3;20;1
202300039458;155 610 582;7;0;2;2;1;1
202300039459;155 610 579;7;0;2;1;1;1
202300039459;155 610 580;7;0;2;4;1;1
202300039460;155 610 577;7;0;2;1;1;1
202300039460;155 610 578;30;0;2;1;13;1
202300039461;155 610 576;7;13;0;1;1;1
202300039462;155 610 575;10;0;1;1;1;1
202300039463;155 610 574;7;3;0;1;1;1
202300039464;155 610 572;32;0;2;1;1;1
202300039464;155 610 573;7;0;2;2;15;1
202300039465;155 610 570;7;0;2;3;16;1
202300039465;155 610 571;7;8;0;3;21;1
202300039466;155 610 568;30;0;2;1;1;1
202300039466;155 610 569;7;0;2;2;15;1
202300039467;155 610 566;7;0;2;1;0;1
202300039467;155 610 567;7;0;2;1;1;1
202300039468;155 610 564;1;0;2;8;15;5
202300039468;155 610 565;7;0;2;2;1;1
202300039469;155 610 563;7;0;1;1;16;1
202300039470;155 610 562;7;0;1;3;16;1
202300039471;155 610 560;30;0;2;3;18;1
202300039471;155 610 588;7;0;2;2;16;1
202300039472;155 610 559;7;0;2;3;15;1
202300039472;155 610 561;2;0;2;1;1;1
202300039473;155 610 558;33;0;0;1;0;1
202300039474;155 610 555;7;0;2;0;15;0
202300039474;155 610 556;7;0;2;1;1;0
202300039475;155 610 554;7;0;2;2;1;1
202300039475;155 610 557;7;0;2;3;1;1
202300039476;155 610 552;1;0;2;1;1;5
202300039476;155 610 553;7;0;2;1;9;1
202300039477;155 610 550;33;13;0;1;1;1
202300039478;155 610 549;7;0;2;3;1;1
202300039478;155 610 551;7;0;2;1;9;1
202300039479;155 610 547;7;0;2;1;15;1
202300039479;155 610 548;1;0;2;1;5;5
202300039480;155 610 546;7;0;1;2;1;1
202300039481;155 610 545;7;3;0;3;1;1
202300039482;155 610 544;33;0;0;9;1;1
202300039483;155 610 542;7;0;1;3;0;1
202300039484;155 610 541;7;0;2;2;0;1
202300039484;155 610 543;7;0;2;7;19;1
202300039485;155 610 540;7;0;0;9;1;1
202300039486;155 610 538;33;0;2;8;13;1
202300039486;155 610 539;7;0;2;3;1;1
202300039487;155 610 537;31;0;6;1;1;
202300039488;155 610 533;7;0;2;1;13;1
202300039488;155 610 535;7;3;2;1;1;3
202300039488;155 610 536;7;0;9;3;2;2
202300039489;155 610 534;7;0;1;2;2;6
202300039490;155 610 530;7;3;0;1;14;1
202300039490;155 610 532;17;0;0;7;11;1
202300039491;155 610 528;7;0;4;2;1;1
202300039491;155 610 529;39;0;2;3;1;2
202300039492;155 610 527;50;0;2;1;1;3
202300039492;155 610 531;7;0;2;8;9;1
202300039493;155 610 525;7;0;2;3;9;1
202300039493;155 610 526;10;0;2;1;1;1
202300039494;155 610 522;15;0;2;3;1;1
202300039494;155 610 523;10;0;2;3;13;1
202300039495;155 610 524;7;0;1;1;1;1
202300039496;155 610 520;7;0;2;1;13;1
202300039496;155 610 521;7;0;0;1;1;1
202300039497;155 610 518;7;13;2;2;17;1
202300039497;155 610 519;7;0;2;3;15;1
202300039498;155 610 517;7;15;0;1;15;0
202300039499;155 610 515;7;0;2;8;9;0
202300039499;155 610 516;2;0;2;1;1;0
202300039500;155 610 514;10;15;0;1;1;1
202300039501;155 610 511;21;0;2;3;1;1
202300039501;155 610 513;2;0;2;3;16;1
202300039502;155 610 512;7;4;0;3;26;1
202300039503;155 610 506;7;13;0;0;1;1
202300039504;155 610 505;7;0;2;1;26;1
202300039504;155 610 507;7;0;2;3;26;1
202300039504;155 610 508;7;0;2;2;1;1
202300039505;155 610 504;7;0;1;1;1;1
202300039506;155 610 501;7;0;2;1;5;1
202300039506;155 610 502;7;0;2;1;1;1
202300039507;155 610 500;7;0;2;3;1;1
202300039507;155 610 503;7;0;2;1;15;1
202300039508;155 610 499;7;8;0;1;14;0
202300039509;155 610 498;7;13;0;1;1;1
202300039510;155 610 494;7;0;2;1;1;1
202300039510;155 610 496;7;0;2;6;1;0
202300039511;155 610 492;7;8;0;3;0;1
202300039512;155 610 487;7;0;2;1;1;1
202300039512;155 610 488;1;0;2;4;1;5
202300039513;155 610 489;7;13;2;3;13;1
202300039513;155 610 490;10;0;2;1;1;1
202300039514;155 610 483;7;0;2;1;15;0
202300039514;155 610 485;7;0;2;3;1;1
202300039515;155 610 481;10;2;0;1;14;1
202300039516;155 610 476;7;0;2;2;15;1
202300039516;155 610 477;2;0;2;1;1;1
202300039516;155 610 479;2;0;2;1;1;1
202300039517;155 610 478;7;0;2;2;18;1
202300039517;155 610 480;7;0;2;2;1;1
202300039518;155 610 474;33;0;2;1;1;1
202300039518;155 610 475;7;0;0;6;19;3
202300039519;155 610 472;10;0;2;2;17;1
202300039519;155 610 473;10;0;2;3;1;1
202300039520;155 610 471;7;2;0;3;0;1
202300039521;155 610 467;7;0;2;1;13;1
202300039521;155 610 468;7;0;2;1;1;1
202300039521;155 610 470;7;0;2;1;1;1
202300039522;155 610 465;33;0;0;0;0;1
202300039523;155 610 466;7;0;2;2;9;1
202300039523;155 610 469;7;0;2;3;9;1
202300039524;155 610 464;7;0;1;2;0;1
202300039525;155 610 462;10;9;0;2;1;1
202300039526;155 610 461;1;0;2;1;5;5
202300039526;155 610 463;10;0;9;2;15;1
202300039527;155 610 460;50;12;0;1;25;3
202300039528;155 610 458;10;0;2;4;12;1
202300039528;155 610 459;33;0;2;1;3;1
202300039529;155 610 456;32;14;0;7;1;1
202300039530;155 610 454;7;0;2;4;2;0
202300039530;155 610 455;7;0;2;1;2;0
202300039530;155 610 457;7;0;2;4;2;0
202300039531;155 610 453;30;0;1;1;26;1
202300039532;155 610 446;10;0;2;4;2;1
202300039532;155 610 447;10;0;2;4;2;1
202300039532;155 610 448;7;0;2;4;2;1
202300039532;155 610 449;7;0;2;4;2;2
202300039532;155 610 450;7;0;2;1;2;1
202300039533;155 610 444;7;0;2;5;2;1
202300039533;155 610 445;10;0;2;3;2;1
202300039534;155 610 443;7;0;1;2;5;1
202300039535;155 610 442;7;14;1;0;14;2
202300039536;155 610 440;7;0;2;3;10;1
202300039536;155 610 441;2;0;2;1;2;1
202300039537;155 610 437;7;0;2;1;23;1
202300039537;155 610 438;7;0;2;2;13;1
202300039537;155 610 439;7;0;2;3;23;1
202300039538;155 610 435;80;0;2;2;19;3
202300039538;155 610 436;33;0;2;1;1;1
202300039539;155 610 434;7;0;1;1;0;1
202300039540;155 610 432;7;0;2;3;23;1
202300039540;155 610 433;7;1;0;1;13;1
202300039541;155 610 431;7;12;0;0;1;1
202300039542;155 610 429;30;0;2;1;1;1
202300039542;155 610 430;7;0;2;7;15;1
202300039543;155 610 428;37;0;1;1;1;1
202300039544;155 610 426;15;0;1;1;1;1
202300039545;155 610 427;7;0;1;3;16;1
202300039546;155 610 423;32;0;2;1;21;1
202300039546;155 610 425;10;0;2;3;21;1
202300039547;155 610 419;7;0;2;1;15;1
202300039547;155 610 421;30;0;2;1;8;1
202300039548;155 610 418;7;0;2;2;15;1
202300039548;155 610 420;2;0;2;1;1;1
202300039549;155 610 416;33;0;2;7;17;1
202300039549;155 610 417;7;0;2;3;15;1
202300039550;155 610 413;32;0;2;1;0;1
202300039550;155 610 414;1;0;2;8;19;5
202300039551;155 610 412;7;0;2;1;1;1
202300039551;155 610 415;7;0;2;8;1;2
202300039552;155 610 410;7;0;1;0;9;0
202300039553;155 610 409;7;1;0;2;15;1
202300039553;155 610 411;7;0;2;6;24;1
202300039554;155 610 407;7;3;0;9;1;1
202300039555;155 610 406;7;0;2;1;1;1
202300039555;155 610 408;30;0;2;4;1;1
202300039556;155 610 405;7;0;1;3;15;0
202300039557;155 610 402;7;0;2;4;23;1
202300039557;155 610 403;7;0;2;1;1;1
202300039557;155 610 404;7;0;2;4;23;1
202300039558;155 610 401;7;0;1;1;16;1
202300039559;155 610 399;10;0;2;2;9;1
202300039559;155 610 400;7;0;2;3;1;1
202300039560;155 610 397;50;0;2;7;2;3
202300039560;155 610 398;10;0;2;1;0;1
202300039561;155 610 396;7;0;1;1;26;1
202300039562;155 610 395;1;0;1;1;1;5
202300039563;155 610 393;33;0;2;1;2;1
202300039563;155 610 394;10;0;2;7;15;1
202300039564;155 610 392;7;1;0;2;1;3
202300039565;155 610 389;33;0;2;2;19;1
202300039565;155 610 391;7;0;2;3;15;1
202300039566;155 610 388;13;0;2;1;15;0
202300039566;155 610 390;33;0;2;8;1;1
202300039567;155 610 387;2;0;2;6;2;0
202300039568;155 610 385;7;0;2;1;15;1
202300039568;155 610 386;99;0;0;0;0;0
202300039569;155 610 383;7;1;2;1;0;1
202300039569;155 610 384;7;12;2;4;20;1
202300039570;155 610 380;7;12;0;1;2;1
202300039570;155 610 382;1;0;2;1;0;5
202300039571;155 610 379;33;0;2;1;1;1
202300039571;155 610 381;10;0;2;6;23;1
202300039572;155 610 377;7;8;0;2;1;1
202300039573;155 610 376;50;0;2;3;25;3
202300039573;155 610 378;10;0;9;2;16;1
202300039574;155 610 371;7;0;9;8;22;0
202300039574;155 610 373;50;1;2;1;1;3
202300039575;155 610 372;7;0;2;1;2;1
202300039575;155 610 374;7;0;2;4;2;1
202300039575;155 610 375;31;0;2;4;2;1
202300039576;155 610 370;37;0;1;2;16;1
202300039577;155 610 369;7;0;1;1;1;1
202300039578;155 610 366;7;0;2;7;16;1
202300039578;155 610 368;31;0;2;8;1;1
202300039579;155 610 367;99;6;0;1;19;1
202300039580;155 610 363;10;0;2;3;1;1
202300039580;155 610 365;7;0;2;3;13;1
202300039581;155 610 362;7;0;2;1;1;1
202300039581;155 610 364;10;0;2;1;19;1
202300039582;155 610 361;10;0;1;3;15;1
202300039583;155 610 359;7;0;2;3;13;1
202300039583;155 610 360;31;0;2;1;1;1
202300039584;155 610 358;32;0;1;1;1;1
202300039585;155 610 355;7;0;2;1;1;1
202300039585;155 610 356;7;0;2;8;1;1
202300039585;155 610 357;7;0;2;1;1;1
202300039586;155 610 352;7;0;2;1;15;1
202300039586;155 610 354;10;0;2;8;16;1
202300039587;155 610 351;7;0;2;3;15;1
202300039587;155 610 353;33;0;2;6;1;1
202300039588;155 610 348;7;0;0;9;17;1
202300039589;155 610 349;34;1;0;8;13;1
202300039589;155 610 350;7;1;2;8;22;1
202300039590;155 610 347;7;2;0;7;1;1
202300039591;155 610 346;32;0;1;1;21;1
202300039592;155 610 345;2;0;0;0;1;1
202300039593;155 610 343;7;13;0;1;1;1
202300039594;155 610 342;7;0;0;0;1;1
202300039594;155 610 344;1;0;2;4;1;5
202300039595;155 610 340;7;0;2;1;1;0
202300039595;155 610 341;1;8;2;8;19;5
202300039596;155 610 337;30;0;0;7;7;1
202300039596;155 610 339;10;0;0;0;16;1
202300039597;155 610 336;7;0;2;2;0;1
202300039597;155 610 338;7;0;2;2;1;1
202300039598;155 610 334;7;13;0;1;17;1
202300039599;155 610 333;7;0;2;2;16;1
202300039599;155 610 335;30;0;2;3;1;3
202300039600;155 610 332;7;1;0;2;0;1
202300039601;155 610 331;7;0;1;3;1;1
202300039602;155 610 329;10;0;9;7;2;1
202300039602;155 610 330;1;0;2;4;2;5
202300039603;155 610 327;7;2;0;0;0;1
202300039604;155 610 328;30;12;0;1;13;3
202300039605;155 610 326;7;0;1;2;16;1
202300039606;155 610 325;50;0;1;1;5;3
202300039607;155 610 324;7;0;1;1;1;1
202300039608;155 610 323;50;0;1;1;25;3
202300039609;155 610 321;2;1;0;1;1;1
202300039609;155 610 322;7;0;0;5;15;1
202300039610;155 610 320;7;0;1;2;16;2
202300039611;155 610 319;31;16;0;0;0;0
202300039612;155 610 318;7;6;0;8;0;1
202300039613;155 610 316;1;0;2;1;18;5
202300039613;155 610 317;13;0;2;4;4;1
202300039614;155 610 314;7;0;2;1;3;0
202300039614;155 610 315;15;0;0;4;1;0
202300039615;155 610 311;32;0;2;6;15;1
202300039615;155 610 313;7;0;2;2;1;1
202300039616;155 610 306;10;0;2;1;1;1
202300039616;155 610 307;7;0;2;1;1;1
202300039616;155 610 309;7;0;0;4;1;1
202300039617;155 610 305;32;0;2;1;1;1
202300039617;155 610 308;80;0;2;1;16;3
202300039618;155 610 302;38;0;2;2;2;1
202300039618;155 610 304;7;15;2;3;19;1
202300039619;155 610 303;7;6;0;1;21;0
202300039620;155 610 300;7;0;2;3;5;0
202300039620;155 610 301;7;0;2;2;1;0
202300039621;155 610 298;7;0;2;4;2;1
202300039621;155 610 299;7;0;2;1;2;1
202300039622;155 610 296;50;0;0;0;0;3
202300039623;155 610 294;10;15;0;2;26;1
202300039624;155 610 293;7;0;2;3;0;1
202300039624;155 610 295;7;0;2;1;0;1
202300039625;155 610 291;10;0;2;1;18;3
202300039625;155 610 292;32;0;2;5;1;1
202300039626;155 610 290;33;0;0;8;17;1
202300039627;155 610 288;7;8;0;1;14;0
202300039628;155 610 289;17;0;0;0;21;1
202300039629;155 610 285;50;0;2;1;1;3
202300039629;155 610 287;7;0;9;5;1;1
202300039630;155 610 284;7;0;2;1;9;1
202300039630;155 610 286;7;0;2;7;26;1
202300039631;155 610 283;7;0;1;6;4;1
202300039632;155 610 282;10;0;0;0;1;1
202300039633;155 610 280;60;0;2;0;19;5
202300039633;155 610 281;7;0;2;2;16;0
202300039634;155 610 278;2;0;2;7;1;1
202300039634;155 610 279;3;0;2;7;19;1
202300039635;155 610 277;30;0;1;2;3;0
202300039636;155 610 274;2;0;2;1;7;0
202300039636;155 610 275;7;0;2;7;16;1
202300039637;155 610 271;7;4;0;2;14;1
202300039638;155 610 269;7;0;2;3;1;1
202300039638;155 610 272;7;0;2;2;9;1
202300039639;155 610 268;7;0;2;1;1;1
202300039639;155 610 270;7;0;2;3;23;1
202300039639;155 610 273;10;0;2;2;9;1
202300039640;155 610 263;7;0;2;9;9;1
202300039640;155 610 265;7;0;2;2;1;1
202300039640;155 610 267;7;0;2;2;1;1
202300039641;155 610 262;7;8;0;2;1;1
202300039642;155 610 264;34;0;2;2;17;1
202300039642;155 610 266;7;0;2;3;15;1
202300039643;155 610 261;32;0;1;1;1;1
202300039644;155 610 259;7;0;9;1;15;1
202300039645;155 610 258;7;0;0;4;2;1
202300039645;155 610 260;7;0;0;3;2;1
202300039646;155 610 255;7;0;2;3;15;1
202300039646;155 610 257;1;0;2;1;17;5
202300039647;155 610 256;7;0;1;1;1;1
202300039648;155 610 251;7;0;2;3;9;1
202300039648;155 610 253;7;0;2;2;15;1
202300039649;155 610 252;30;0;1;1;1;1
202300039650;155 610 248;1;0;0;0;0;5
202300039650;155 610 249;7;0;2;5;23;1
202300039651;155 610 245;7;0;2;3;15;1
202300039651;155 610 247;1;0;2;8;1;5
202300039652;155 610 244;7;0;2;2;1;1
202300039652;155 610 246;7;0;2;4;1;1
202300039652;155 610 250;7;0;2;4;1;1
202300039653;155 610 243;33;0;2;1;26;1
202300039654;155 610 241;7;0;2;1;21;0
202300039654;155 610 242;33;0;2;4;1;1
202300039655;155 610 238;7;0;2;3;19;0
202300039655;155 610 240;43;0;2;1;1;0
202300039656;155 610 236;7;0;0;9;19;1
202300039657;155 610 235;7;0;2;4;1;0
202300039657;155 610 237;7;0;2;0;0;0
202300039657;155 610 239;7;0;2;0;0;0
202300039658;155 610 233;7;0;2;8;22;1
202300039658;155 610 234;1;1;0;7;1;5
202300039659;155 610 232;7;16;0;9;1;1
202300039660;155 610 231;7;0;1;1;9;1
202300039661;155 610 230;7;1;0;2;2;1
202300039662;155 610 228;1;15;0;0;1;5
202300039663;155 610 226;7;0;2;1;26;1
202300039663;155 610 229;7;0;2;4;1;1
202300039664;155 610 225;50;0;2;3;13;3
202300039664;155 610 227;15;0;2;2;1;1
202300039665;155 610 224;7;4;0;1;0;1
202300039666;155 610 222;7;0;1;3;1;1
202300039667;155 610 221;7;0;2;2;9;1
202300039667;155 610 223;32;0;2;1;17;1
202300039668;155 610 218;7;3;0;2;0;1
202300039668;155 610 220;7;1;0;1;2;1
202300039669;155 610 217;7;0;2;1;13;3
202300039669;155 610 219;7;0;2;1;1;1
202300039670;155 610 214;7;6;0;1;1;1
202300039671;155 610 213;7;9;0;4;23;0
202300039671;155 610 215;7;0;2;4;23;0
202300039671;155 610 216;7;0;2;1;1;0
202300039672;155 610 210;34;1;0;2;1;1
202300039673;155 610 207;7;9;0;3;1;1
202300039674;155 610 205;7;8;0;1;1;1
202300039675;155 610 204;7;0;2;1;1;1
202300039675;155 610 206;17;0;2;6;12;1
202300039676;155 610 203;7;2;0;1;14;6
202300039677;155 610 198;33;0;2;1;3;1
202300039677;155 610 200;7;0;2;8;11;1
202300039678;155 610 197;7;0;2;1;1;1
202300039678;155 610 199;7;0;2;1;1;1
202300039679;155 610 195;7;4;0;0;1;1
202300039680;155 610 194;7;0;2;1;13;1
202300039680;155 610 196;15;0;2;1;1;1
202300039681;155 610 191;21;0;2;8;1;1
202300039681;155 610 192;7;0;2;7;1;1
202300039681;155 610 193;7;0;2;1;1;1
202300039682;155 610 188;2;0;2;1;1;1
202300039682;155 610 190;7;0;2;5;23;1
202300039683;155 610 187;7;0;2;1;15;1
202300039683;155 610 189;7;0;1;5;1;1
202300039684;155 610 185;7;0;2;3;13;1
202300039684;155 610 186;7;0;2;8;1;1
202300039685;155 610 180;7;0;2;8;13;1
202300039685;155 610 183;10;0;2;8;1;1
202300039686;155 610 182;7;0;2;2;9;1
202300039686;155 610 184;32;0;2;1;1;1
202300039687;155 610 178;7;0;2;1;1;1
202300039687;155 610 181;7;0;2;1;1;1
202300039688;155 610 176;7;0;2;3;15;1
202300039688;155 610 179;31;0;2;1;17;1
202300039689;155 610 174;7;0;2;8;15;1
202300039689;155 610 177;7;0;2;6;26;1
202300039690;155 610 172;7;0;2;3;13;1
202300039690;155 610 173;10;0;2;3;1;1
202300039690;155 610 175;7;0;2;8;1;1
202300039691;155 610 170;7;0;2;1;2;1
202300039691;155 610 171;33;0;2;4;1;1
202300039692;155 610 167;7;8;2;3;9;1
202300039692;155 610 168;33;0;2;1;2;1
202300039693;155 610 165;7;0;2;8;24;1
202300039693;155 610 166;1;1;0;7;1;0
202300039694;155 610 164;7;0;2;1;1;1
202300039694;155 610 169;7;0;2;8;1;1
202300039695;155 610 162;2;0;0;0;0;1
202300039696;155 610 161;7;0;2;7;1;1
202300039696;155 610 163;7;7;2;1;1;1
202300039697;155 610 160;32;0;0;1;1;0
202300039698;155 610 157;33;0;0;1;21;1
202300039699;155 610 156;7;0;2;2;13;1
202300039699;155 610 158;7;0;2;2;21;1
202300039700;155 610 154;7;0;2;4;2;1
202300039700;155 610 155;10;0;2;4;1;1
202300039700;155 610 159;7;0;2;1;2;1
202300039701;155 610 151;7;0;2;1;1;1
202300039701;155 610 153;7;0;2;4;1;1
202300039702;155 610 148;7;0;2;2;10;1
202300039702;155 610 149;33;8;2;1;1;1
202300039703;155 610 146;7;3;0;1;9;1
202300039704;155 610 145;7;0;2;4;2;2
202300039704;155 610 147;30;0;2;4;2;1
202300039704;155 610 150;7;0;2;1;2;1
202300039705;155 610 144;2;9;0;1;0;1
202300039706;155 610 140;32;0;2;7;18;1
202300039706;155 610 143;7;0;2;7;16;1
202300039707;155 610 138;7;0;2;4;1;1
202300039707;155 610 139;7;0;2;1;2;1
202300039707;155 610 141;7;0;2;5;1;1
202300039708;155 610 137;7;0;0;3;13;1
202300039709;155 610 135;31;0;2;1;2;1
202300039709;155 610 136;7;0;2;4;11;1
202300039710;155 610 133;7;13;0;1;2;1
202300039711;155 610 131;50;0;2;1;17;3
202300039711;155 610 134;10;0;9;2;1;1
202300039712;155 610 126;7;0;9;1;1;1
202300039712;155 610 128;50;0;2;1;15;3
202300039713;155 610 124;7;0;2;1;1;1
202300039713;155 610 129;7;0;2;2;19;1
202300039714;155 610 125;7;0;2;4;2;0
202300039714;155 610 127;7;0;2;1;2;1
202300039714;155 610 130;7;0;2;4;2;1
202300039714;155 610 132;10;0;2;4;2;1
202300039715;155 610 121;33;13;0;1;1;1
202300039716;155 610 120;7;0;2;1;2;1
202300039716;155 610 122;7;0;2;4;16;1
202300039717;155 610 119;7;0;2;1;16;6
202300039717;155 610 123;7;0;2;1;15;6
202300039718;155 610 118;7;0;1;2;1;1
202300039719;155 610 115;1;9;2;8;26;5
202300039719;155 610 117;7;9;2;1;15;0
202300039720;155 610 114;7;13;0;3;13;1
202300039721;155 610 113;7;0;2;1;1;1
202300039721;155 610 116;7;0;2;1;5;1
202300039722;155 610 110;1;0;2;3;14;5
202300039722;155 610 112;7;0;2;2;3;1