Num_Acc;id_vehicule;categorie_vehicule;obstacle_fixe;obstacle_mobile;point_choc_initial;manoeuvre_principale;motorisation
202300039723;155 610 109;7;0;2;1;1;1
202300039723;155 610 111;7;0;2;1;17;1
202300039724;155 610 107;10;0;2;2;2;1
202300039724;155 610 108;32;0;2;8;10;1
202300039725;155 610 104;7;0;2;3;1;1
202300039725;155 610 105;7;0;2;3;1;1
202300039726;155 610 103;7;0;2;4;1;1
202300039726;155 610 106;10;14;0;1;1;1
202300039727;155 610 098;7;8;2;1;1;1
202300039727;155 610 100;7;0;2;1;15;1
202300039728;155 610 099;7;0;2;1;1;2
202300039728;155 610 102;50;0;2;8;1;3
202300039729;155 610 097;7;0;2;4;2;1
202300039729;155 610 101;10;0;2;1;2;0
202300039730;155 610 096;7;0;1;2;16;1
202300039731;155 610 095;7;0;1;3;1;2
202300039732;155 610 093;33;0;2;2;17;0
202300039732;155 610 094;7;0;2;3;15;0
202300039733;155 610 091;10;15;0;3;1;6
202300039734;155 610 089;7;0;2;1;1;1
202300039734;155 610 090;7;0;2;4;1;1
202300039735;155 610 088;1;0;2;6;19;5
202300039735;155 610 092;7;0;2;6;16;0
202300039736;155 610 084;33;0;2;1;21;1
202300039736;155 610 086;33;0;2;1;26;1
202300039737;155 610 083;30;0;2;4;0;1
202300039737;155 610 087;10;0;2;1;0;1
202300039738;155 610 082;1;0;2;1;15;5
202300039738;155 610 085;7;0;2;3;9;1
202300039739;155 610 081;17;3;0;1;1;1
202300039740;155 610 078;7;2;0;3;0;1
202300039741;155 610 077;7;0;2;3;0;1
202300039741;155 610 080;1;0;2;2;19;5
202300039742;155 610 076;2;0;2;2;1;1
202300039742;155 610 079;10;0;2;3;9;1
202300039743;155 610 075;33;4;0;0;1;1
202300039744;155 610 074;7;0;1;1;1;1
202300039745;155 610 071;10;0;2;3;1;1
202300039745;155 610 073;1;0;2;1;1;5
202300039746;155 610 068;7;15;1;1;25;1
202300039747;155 610 066;7;0;1;1;1;1
202300039748;155 610 067;7;0;2;5;18;1
202300039748;155 610 069;1;0;2;0;0;5
202300039748;155 610 070;1;0;2;2;1;5
202300039749;155 610 062;7;15;0;1;1;1
202300039750;155 610 060;7;0;2;1;2;1
202300039750;155 610 061;7;0;2;4;2;1
202300039750;155 610 064;7;0;2;1;2;1
202300039750;155 610 065;10;0;2;1;2;1
202300039751;155 610 059;2;0;2;1;15;1
202300039751;155 610 063;7;0;2;2;1;1
202300039752;155 610 055;7;0;2;4;1;1
202300039752;155 610 057;33;0;2;1;2;1
202300039753;155 610 054;7;0;9;3;1;1
202300039754;155 610 052;7;16;0;3;0;1
202300039755;155 610 050;7;0;1;2;9;1
202300039756;155 610 049;43;8;0;1;26;1
202300039757;155 610 047;7;0;2;1;0;1
202300039757;155 610 048;7;0;2;7;0;1
202300039758;155 610 046;7;0;1;2;1;1
202300039759;155 610 044;7;0;2;4;1;1
202300039759;155 610 045;7;4;2;1;13;1
202300039760;155 610 041;7;0;2;1;13;1
202300039760;155 610 042;10;0;0;3;1;1
202300039761;155 610 040;7;0;2;1;2;1
202300039761;155 610 043;1;0;2;4;2;5
202300039762;155 610 039;30;14;0;0;26;3
202300039763;155 610 038;33;0;1;1;26;1
202300039764;155 610 037;32;0;1;1;0;1
202300039765;155 610 035;7;0;0;8;15;1
202300039765;155 610 036;33;7;2;1;0;1
202300039766;155 610 034;7;13;0;1;0;1
202300039767;155 610 032;10;0;2;1;13;6
202300039767;155 610 033;7;0;2;1;1;6
202300039768;155 610 027;50;0;2;7;1;3
202300039768;155 610 028;7;0;2;3;1;1
202300039769;155 610 026;7;0;2;2;0;0
202300039769;155 610 030;7;0;2;0;0;0
202300039770;155 610 022;7;0;2;1;2;1
202300039770;155 610 025;7;0;2;4;2;1
202300039770;155 610 029;7;0;2;4;2;1
202300039770;155 610 031;7;0;0;4;2;1
202300039771;155 610 021;30;0;2;1;1;3
202300039771;155 610 024;7;0;2;8;1;1
202300039772;155 610 023;1;0;0;1;1;5
202300039773;155 610 019;7;0;2;5;17;3
202300039773;155 610 020;7;3;2;3;13;2
202300039774;155 610 017;7;0;2;3;1;1
202300039774;155 610 018;30;0;2;1;13;3
202300039775;155 610 016;7;13;0;1;26;1
202300039776;155 610 015;7;14;0;2;14;1
202300039777;155 610 012;7;0;2;1;0;1
202300039777;155 610 014;7;0;2;1;26;1
202300039778;155 610 011;7;4;0;1;14;1
202300039779;155 610 010;7;0;9;3;15;1
202300039779;155 610 013;1;0;0;8;1;5
202300039780;155 610 006;1;0;2;1;1;5
202300039780;155 610 009;7;0;2;3;13;1
202300039781;155 610 005;33;0;2;1;1;1
202300039781;155 610 007;7;0;2;4;26;1
202300039782;155 610 004;2;0;2;1;1;1
202300039782;155 610 008;7;0;2;8;15;1
202300039783;155 610 001;7;0;0;4;2;1
202300039783;155 610 003;7;0;2;1;2;1
202300039784;155 609 998;7;3;0;8;2;1
202300039784;155 610 000;7;0;0;0;0;1
202300039785;155 609 996;2;0;2;1;5;1
202300039785;155 609 999;7;0;2;3;1;1
202300039786;155 609 995;7;0;2;3;9;1
202300039786;155 609 997;2;0;2;7;1;1
202300039787;155 609 994;7;13;0;1;2;0
202300039788;155 609 993;7;4;0;8;1;1
202300039789;155 609 991;7;7;0;1;9;1
202300039790;155 609 988;7;0;2;1;1;1
202300039790;155 609 992;3;0;2;6;0;3
202300039791;155 609 986;33;0;2;0;3;1
202300039791;155 609 989;7;0;2;4;11;1
202300039792;155 609 987;7;0;2;1;1;1
202300039792;155 609 990;7;0;2;7;15;1
202300039793;155 609 984;7;1;0;3;13;1
202300039794;155 609 981;10;6;2;3;1;1
202300039794;155 609 983;7;0;2;2;19;1
202300039795;155 609 982;33;0;2;2;26;1
202300039795;155 609 985;7;0;2;3;11;1
202300039796;155 609 980;7;13;0;1;14;1
202300039797;155 609 977;7;0;2;1;2;1
202300039797;155 609 978;7;0;2;4;0;1
202300039798;155 609 975;7;0;2;3;1;0
202300039798;155 609 979;7;0;2;6;1;0
202300039799;155 609 974;7;0;9;0;15;2
202300039799;155 609 976;1;0;2;0;0;5
202300039800;155 609 970;7;0;2;1;1;1
202300039800;155 609 972;7;0;2;4;1;1
202300039801;155 609 968;7;0;2;4;2;2
202300039801;155 609 971;10;0;2;1;2;1
202300039801;155 609 973;38;0;2;1;12;1
202300039802;155 609 967;7;0;2;3;20;1
202300039802;155 609 969;30;0;2;0;1;1
202300039803;155 609 964;32;0;2;2;1;1
202300039803;155 609 966;7;0;2;8;9;1
202300039804;155 609 963;7;15;0;2;26;1
202300039805;155 609 962;34;0;2;7;12;1
202300039805;155 609 965;15;0;2;2;2;1
202300039806;155 609 961;7;0;5;0;1;1
202300039807;155 609 959;7;0;1;7;19;1
202300039808;155 609 960;7;0;1;1;1;1
202300039809;155 609 958;7;0;1;2;15;1
202300039810;155 609 955;7;0;2;8;1;1
202300039810;155 609 957;7;0;2;1;1;0
202300039811;155 609 954;7;0;2;2;19;1
202300039811;155 609 956;7;0;2;8;1;1
202300039812;155 609 949;7;0;2;1;26;1
202300039812;155 609 952;7;0;2;8;19;1
202300039812;155 609 953;7;0;2;1;19;1
202300039813;155 609 950;80;0;1;1;1;3
202300039814;155 609 948;7;0;2;2;1;1
202300039814;155 609 951;7;8;0;2;1;3
202300039815;155 609 946;7;0;1;2;15;1
202300039816;155 609 943;1;0;2;1;21;5
202300039816;155 609 945;7;0;2;0;1;1
202300039817;155 609 944;33;0;2;2;17;1
202300039817;155 609 947;10;0;2;6;15;1
202300039818;155 609 938;17;0;2;8;2;1
202300039818;155 609 939;7;0;2;2;2;1
202300039818;155 609 942;7;0;2;4;2;1
202300039819;155 609 937;1;0;2;8;10;5
202300039819;155 609 940;30;0;2;1;21;3
202300039820;155 609 936;7;0;2;4;1;1
202300039820;155 609 941;7;0;2;1;26;1
202300039821;155 609 934;2;0;2;7;15;1
202300039821;155 609 935;7;0;2;3;1;1
202300039822;155 609 932;7;2;0;1;14;1
202300039823;155 609 933;7;0;1;3;4;1
202300039824;155 609 930;38;0;2;3;16;1
202300039824;155 609 931;33;0;2;1;26;1
202300039825;155 609 928;7;0;2;8;10;1
202300039825;155 609 929;32;0;2;1;1;1
202300039826;155 609 926;7;0;1;1;1;1
202300039827;155 609 924;80;0;1;1;1;3
202300039828;155 609 925;7;0;2;8;11;1
202300039828;155 609 927;34;0;2;2;3;1
202300039829;155 609 922;30;0;2;8;1;1
202300039829;155 609 923;7;1;0;8;1;1
202300039830;155 609 921;7;0;1;1;1;1
202300039831;155 609 917;10;0;1;4;4;1
202300039832;155 609 918;33;0;2;1;3;1
202300039832;155 609 919;7;0;2;3;1;1
202300039832;155 609 920;7;0;2;5;1;1
202300039833;155 609 916;43;0;1;1;1;1
202300039834;155 609 912;7;0;2;2;2;1
202300039834;155 609 915;50;0;2;1;19;3
202300039835;155 609 911;10;0;2;4;4;3
202300039835;155 609 913;1;0;2;1;1;5
202300039836;155 609 910;34;0;2;1;2;3
202300039836;155 609 914;7;0;2;5;2;1
202300039837;155 609 908;7;0;2;3;1;1
202300039837;155 609 909;7;0;2;3;1;1
202300039838;155 609 905;7;0;2;3;15;1
202300039838;155 609 907;30;0;2;1;1;1
202300039839;155 609 903;33;0;2;1;1;1
202300039839;155 609 906;7;0;2;8;10;1
202300039840;155 609 904;7;9;0;1;26;1
202300039841;155 609 899;7;0;2;1;15;1
202300039841;155 609 902;50;0;2;2;1;3
202300039842;155 609 897;50;0;2;7;5;3
202300039842;155 609 901;10;0;2;7;1;1
202300039843;155 609 898;2;0;2;2;1;1
202300039843;155 609 900;7;0;0;3;15;1
202300039844;155 609 895;33;12;0;7;1;1
202300039845;155 609 893;1;0;2;1;5;5
202300039845;155 609 896;17;0;2;6;1;1
202300039846;155 609 892;7;0;2;5;16;1
202300039846;155 609 894;80;0;2;1;1;3
202300039847;155 609 888;7;0;2;3;1;1
202300039847;155 609 890;10;0;2;3;1;3
202300039847;155 609 891;7;0;2;3;13;1
202300039848;155 609 887;1;0;2;7;15;5
202300039848;155 609 889;7;0;2;1;1;2
202300039849;155 609 886;80;9;0;1;1;3
202300039850;155 609 885;50;0;1;1;1;3
202300039851;155 609 884;50;0;1;1;15;3
202300039852;155 609 883;1;12;0;1;25;5
202300039853;155 609 880;7;0;2;7;10;1
202300039853;155 609 882;43;0;2;1;1;1
202300039854;155 609 879;33;0;2;2;17;1
202300039854;155 609 881;7;0;2;3;15;2
202300039855;155 609 876;7;0;1;3;1;1
202300039856;155 609 875;2;0;2;1;1;3
202300039856;155 609 877;7;0;2;3;15;1
202300039857;155 609 878;7;0;1;1;1;1
202300039858;155 609 873;34;0;2;7;17;1
202300039858;155 609 874;7;0;2;2;15;1
202300039859;155 609 869;7;0;2;1;9;1
202300039859;155 609 870;50;0;2;8;1;3
202300039860;155 609 867;7;0;2;3;10;1
202300039860;155 609 872;37;0;2;2;1;1
202300039861;155 609 868;7;0;2;2;1;1
202300039861;155 609 871;32;0;2;4;15;1
202300039862;155 609 863;7;0;2;3;1;1
202300039862;155 609 865;7;0;2;2;1;1
202300039863;155 609 860;1;0;2;1;26;5
202300039863;155 609 862;7;0;2;5;1;1
202300039864;155 609 861;7;6;0;1;15;2
202300039865;155 609 859;7;0;1;1;1;1
202300039866;155 609 856;7;0;2;1;15;1
202300039866;155 609 857;30;0;2;1;1;0
202300039867;155 609 855;7;0;2;3;1;1
202300039867;155 609 858;33;0;2;0;23;1
202300039868;155 609 852;7;0;2;3;1;1
202300039868;155 609 853;7;0;2;5;12;1
202300039869;155 609 851;7;0;2;1;1;1
202300039869;155 609 854;7;0;2;2;26;1
202300039870;155 609 849;7;1;0;5;17;1
202300039870;155 609 850;7;0;2;5;24;2
202300039871;155 609 847;7;8;0;1;14;1
202300039872;155 609 846;7;1;0;6;24;1
202300039872;155 609 848;7;1;0;2;1;1
202300039873;155 609 844;7;0;2;3;21;1
202300039873;155 609 845;1;0;2;7;19;5
202300039874;155 609 843;7;9;0;1;13;1
202300039875;155 609 841;33;0;2;1;17;1
202300039875;155 609 842;80;0;2;6;19;3
202300039876;155 609 840;30;13;0;1;15;0
202300039877;155 609 837;1;0;2;1;1;5
202300039877;155 609 839;7;0;2;2;17;1
202300039878;155 609 836;2;0;2;3;16;1
202300039878;155 609 838;7;0;2;3;15;1
202300039879;155 609 834;10;0;2;3;15;1
202300039879;155 609 835;32;0;2;8;23;1
202300039880;155 609 831;34;0;2;1;1;0
202300039880;155 609 832;3;0;2;1;11;0
202300039881;155 609 830;7;0;2;3;15;1
202300039881;155 609 833;30;0;2;1;1;1
202300039882;155 609 828;7;0;2;3;1;3
202300039882;155 609 829;7;0;2;3;15;1
202300039883;155 609 826;10;0;2;8;20;1
202300039883;155 609 827;33;0;2;1;1;1
202300039884;155 609 823;7;0;2;4;23;1
202300039884;155 609 825;32;14;2;1;1;1
202300039885;155 609 822;7;0;2;1;15;0
202300039885;155 609 824;50;0;2;1;1;3
202300039886;155 609 819;33;0;2;1;17;1
202300039886;155 609 821;7;0;2;7;15;2
202300039887;155 609 818;7;0;2;3;1;1
202300039887;155 609 820;99;0;2;1;21;3
202300039888;155 609 813;7;0;2;2;16;1
202300039888;155 609 817;1;0;2;1;2;5
202300039889;155 609 815;7;0;2;1;2;1
202300039889;155 609 816;7;0;2;4;23;1
202300039890;155 609 812;7;0;2;2;15;1
202300039890;155 609 814;7;0;2;1;1;1
202300039891;155 609 810;7;1;0;3;13;1
202300039892;155 609 809;32;0;2;1;18;1
202300039892;155 609 811;7;0;2;7;16;1
202300039893;155 609 807;7;0;2;1;9;0
202300039893;155 609 808;7;0;2;1;8;0
202300039894;155 609 803;7;0;2;3;2;1
202300039894;155 609 804;7;0;2;5;2;1
202300039894;155 609 806;7;0;2;4;2;2
202300039895;155 609 801;7;0;2;8;26;1
202300039895;155 609 805;7;0;2;1;26;1
202300039896;155 609 800;7;0;2;7;0;1
202300039896;155 609 802;31;0;2;7;17;1
202300039897;155 609 798;7;0;0;8;22;1
202300039897;155 609 799;1;1;0;1;1;5
202300039898;155 609 793;10;0;2;1;2;1
202300039898;155 609 796;7;0;2;4;2;1
202300039898;155 609 797;10;0;2;4;1;1
202300039899;155 609 795;2;17;0;0;1;1
202300039900;155 609 794;7;4;0;2;0;1
202300039901;155 609 792;7;0;0;9;1;1
202300039902;155 609 791;7;13;0;1;2;1
202300039903;155 609 789;7;0;2;3;0;1
202300039903;155 609 790;2;0;2;1;13;1
202300039904;155 609 788;33;2;0;1;1;1
202300039905;155 609 786;7;0;2;8;15;1
202300039905;155 609 787;7;1;2;2;1;1
202300039906;155 609 785;7;4;0;9;14;1
202300039907;155 609 781;7;0;2;3;0;1
202300039907;155 609 784;7;0;2;2;0;1
202300039908;155 609 782;7;16;2;1;1;0
202300039908;155 609 783;7;16;2;1;13;1
202300039909;155 609 779;2;12;0;9;10;1
202300039910;155 609 780;7;7;0;3;0;1
202300039911;155 609 777;7;0;0;1;14;3
202300039912;155 609 776;7;0;2;6;1;1
202300039912;155 609 778;30;0;2;1;1;1
202300039913;155 609 775;10;9;0;1;1;1
202300039914;155 609 771;7;0;2;4;1;1
202300039914;155 609 773;7;0;2;4;15;1
202300039914;155 609 774;7;0;2;1;1;1
202300039915;155 609 770;1;0;2;1;5;5
202300039915;155 609 772;7;0;2;2;16;1
202300039916;155 609 767;7;0;9;2;1;1
202300039916;155 609 769;1;13;0;6;1;5
202300039917;155 609 765;7;0;2;1;1;1
202300039917;155 609 766;10;0;2;6;1;1
202300039917;155 609 768;7;0;2;4;1;1
202300039918;155 609 764;7;2;0;1;1;1
202300039919;155 609 763;7;7;0;1;13;1
202300039920;155 609 762;2;0;0;7;14;1
202300039921;155 609 761;7;17;0;2;13;1
202300039922;155 609 758;7;0;9;2;16;1
202300039922;155 609 759;50;0;2;1;1;3
202300039923;155 609 754;7;0;1;1;1;2
202300039924;155 609 753;31;0;2;1;0;1
202300039924;155 609 755;7;0;2;2;0;1
202300039925;155 609 751;7;0;2;2;16;3
202300039925;155 609 752;80;0;2;7;25;3
202300039926;155 609 749;7;0;2;2;19;1
202300039926;155 609 750;33;0;2;8;1;1
202300039927;155 609 747;7;13;0;2;1;1
202300039928;155 609 748;34;12;1;1;14;1
202300039929;155 609 745;7;15;0;1;1;1
202300039930;155 609 743;1;0;0;0;0;5
202300039931;155 609 744;7;0;2;4;1;3
202300039931;155 609 746;10;0;2;1;1;1
202300039932;155 609 740;7;13;0;1;1;1
202300039933;155 609 739;7;9;2;3;15;1
202300039933;155 609 741;80;0;2;8;1;3
202300039934;155 609 737;7;0;0;7;1;1
202300039935;155 609 735;7;0;0;1;1;1
202300039936;155 609 734;33;0;2;7;1;1
202300039936;155 609 736;7;0;2;3;19;1
202300039937;155 609 732;7;2;0;8;14;1
202300039938;155 609 731;2;0;2;1;1;1
202300039938;155 609 733;7;0;2;1;5;0
202300039939;155 609 728;2;0;2;1;2;1
202300039939;155 609 729;7;0;0;6;1;1
202300039940;155 609 730;32;0;0;7;19;1
202300039941;155 609 727;7;0;0;0;1;1
202300039942;155 609 724;32;8;0;1;1;1
202300039943;155 609 721;7;13;0;1;19;0
202300039944;155 609 720;7;0;2;1;1;1
202300039944;155 609 722;7;0;2;4;1;1
202300039944;155 609 723;7;0;2;4;1;1
202300039945;155 609 718;7;0;1;7;0;1
202300039946;155 609 716;7;0;2;3;17;1
202300039946;155 609 717;7;0;2;3;1;1
202300039946;155 609 719;7;0;9;1;1;1
202300039947;155 609 715;7;0;1;3;19;1
202300039948;155 609 714;7;6;0;1;1;1
202300039949;155 609 711;2;0;2;1;1;1
202300039949;155 609 713;7;0;2;3;1;1
202300039950;155 609 710;38;0;2;3;1;1
202300039950;155 609 712;33;0;2;1;13;1
202300039951;155 609 709;7;13;0;1;1;1
202300039952;155 609 708;30;0;1;1;1;1
202300039953;155 609 705;2;0;2;3;2;1
202300039953;155 609 706;7;0;2;1;9;1
202300039954;155 609 704;7;16;0;9;0;1
202300039955;155 609 702;33;0;2;1;13;1
202300039955;155 609 703;7;0;2;3;1;1
202300039956;155 609 700;43;12;0;2;14;0
202300039957;155 609 699;7;0;2;7;13;1
202300039957;155 609 701;7;0;2;7;1;1
202300039958;155 609 698;30;0;0;0;1;1
202300039959;155 609 695;2;0;2;0;1;0
202300039959;155 609 697;7;0;2;0;11;0
202300039960;155 609 693;99;0;2;4;1;1
202300039960;155 609 694;7;0;2;0;2;1
202300039960;155 609 696;7;0;2;4;1;1
202300039961;155 609 691;7;9;2;6;15;1
202300039961;155 609 692;33;0;2;1;17;1
202300039962;155 609 689;32;0;2;1;1;1
202300039962;155 609 690;7;0;2;3;11;2
202300039963;155 609 685;7;0;2;1;26;1
202300039963;155 609 686;7;0;2;3;1;1
202300039963;155 609 688;7;0;2;1;21;3
202300039964;155 609 684;7;0;2;3;1;1
202300039964;155 609 687;7;0;2;8;15;1
202300039965;155 609 680;7;0;2;1;1;1
202300039965;155 609 683;7;0;2;1;13;1
202300039966;155 609 681;32;0;2;1;2;1
202300039966;155 609 682;7;0;2;6;2;2
202300039967;155 609 677;34;0;2;1;3;1
202300039967;155 609 678;7;0;2;5;1;1
202300039968;155 609 676;7;0;2;3;15;1
202300039968;155 609 679;1;0;2;8;1;5
202300039969;155 609 673;7;0;2;8;1;1
202300039969;155 609 675;15;0;2;2;12;1
202300039970;155 609 674;10;14;0;1;6;1
202300039971;155 609 670;33;0;2;1;3;1
202300039971;155 609 672;10;0;2;5;1;1
202300039972;155 609 669;7;0;2;1;17;1
202300039972;155 609 671;33;0;2;1;1;1
202300039973;155 609 667;33;15;9;1;1;1
202300039974;155 609 666;7;0;2;8;1;1
202300039974;155 609 668;33;0;2;7;17;1
202300039975;155 609 664;7;0;2;1;2;1
202300039976;155 609 663;10;0;2;5;1;1
202300039976;155 609 665;7;0;2;2;2;1
202300039977;155 609 662;1;0;1;1;1;5
202300039978;155 609 660;7;0;2;8;1;1
202300039978;155 609 661;15;0;2;2;12;1
202300039979;155 609 658;31;0;2;1;2;1
202300039979;155 609 659;7;0;2;5;2;1
202300039980;155 609 654;7;0;2;4;2;0
202300039980;155 609 656;7;0;2;4;2;1
202300039980;155 609 657;10;0;2;1;2;1
202300039981;155 609 653;50;0;2;1;2;3
202300039981;155 609 655;7;0;2;5;23;1
202300039982;155 609 650;33;0;2;7;2;1
202300039982;155 609 652;7;0;2;8;11;1
202300039983;155 609 649;32;0;2;1;1;1
202300039983;155 609 651;1;0;2;7;19;5
202300039984;155 609 647;10;0;1;2;16;1
202300039985;155 609 645;33;0;2;3;3;1
202300039985;155 609 646;10;0;2;5;0;1
202300039985;155 609 648;7;0;2;3;12;1
202300039986;155 609 642;7;0;1;3;1;1
202300039987;155 609 643;80;0;2;7;15;3
202300039987;155 609 644;7;0;2;3;12;1
202300039988;155 609 640;7;0;1;2;1;1
202300039989;155 609 638;7;0;1;2;16;1
202300039990;155 609 636;7;0;2;3;13;1
202300039990;155 609 637;7;0;2;3;16;1
202300039991;155 609 635;1;0;0;0;1;5
202300039992;155 609 633;7;0;2;4;2;1
202300039992;155 609 634;33;0;2;1;2;1
202300039993;155 609 632;2;0;2;7;9;1
202300039994;155 609 630;32;0;2;2;17;1
202300039994;155 609 631;2;0;2;8;15;1
202300039995;155 609 628;1;0;2;1;1;5
202300039995;155 609 629;7;0;2;2;1;1
202300039996;155 609 627;7;0;1;1;9;1
202300039997;155 609 625;7;0;2;3;15;1
202300039997;155 609 626;50;0;2;8;1;3
202300039998;155 609 623;7;0;2;2;1;1
202300039998;155 609 624;1;0;2;2;13;0
202300039999;155 609 622;31;12;0;1;0;1
202300040000;155 609 621;7;8;0;3;0;1
202300040001;155 609 619;99;0;2;3;1;1
202300040001;155 609 620;33;0;2;7;1;1
202300040002;155 609 617;7;0;2;2;2;1
202300040002;155 609 618;7;0;2;6;1;1
202300040003;155 609 615;7;0;2;4;0;1
202300040003;155 609 616;7;0;2;1;0;1
202300040004;155 609 614;0;0;1;0;0;0
202300040005;155 609 613;7;0;0;1;11;1
202300040006;155 609 610;37;0;2;3;9;1
202300040006;155 609 611;7;0;2;8;17;1
202300040007;155 609 609;7;0;2;2;14;1
202300040007;155 609 612;7;0;2;6;0;0
202300040008;155 609 608;7;0;1;2;1;1
202300040009;155 609 606;43;0;2;1;2;1
202300040009;155 609 607;7;0;2;4;2;1
202300040010;155 609 604;2;0;0;1;1;1
202300040010;155 609 605;7;0;0;1;15;1
202300040011;155 609 603;7;13;0;9;1;1
202300040012;155 609 600;7;1;2;5;1;1
202300040012;155 609 602;10;0;2;2;26;1
202300040013;155 609 598;7;1;0;1;5;1
202300040014;155 609 597;7;0;2;4;1;1
202300040014;155 609 599;7;0;2;4;2;1
202300040014;155 609 601;7;0;2;1;2;1
202300040015;155 609 595;7;3;0;4;26;1
202300040016;155 609 594;37;0;2;7;1;1
202300040016;155 609 596;7;0;2;1;19;1
202300040017;155 609 591;7;0;2;1;2;3
202300040017;155 609 593;7;0;2;4;2;3
202300040018;155 609 592;7;0;1;1;1;1
202300040019;155 609 588;10;0;2;1;1;0
202300040019;155 609 590;10;0;2;1;10;0
202300040020;155 609 587;7;0;2;4;1;1
202300040020;155 609 589;7;0;2;3;11;1
202300040021;155 609 585;7;0;2;1;13;1
202300040021;155 609 586;43;0;2;1;1;1
202300040022;155 609 582;7;0;9;2;2;1
202300040022;155 609 583;1;0;2;4;2;5
202300040023;155 609 581;33;0;2;1;1;1
202300040023;155 609 584;10;0;2;4;1;1
202300040024;155 609 579;30;0;2;0;0;0
202300040024;155 609 580;1;0;2;7;21;5
202300040025;155 609 577;7;0;2;2;1;1
202300040025;155 609 578;7;0;2;9;14;1
202300040026;155 609 575;7;0;2;7;20;1
202300040026;155 609 576;60;0;2;3;1;5
202300040027;155 609 573;7;0;2;7;14;1
202300040028;155 609 572;7;0;2;4;23;1
202300040028;155 609 574;7;0;2;1;2;1
202300040029;155 609 570;7;0;2;1;2;1
202300040029;155 609 571;50;0;2;4;1;3
202300040030;155 609 568;7;0;2;0;0;1
202300040030;155 609 569;34;0;2;1;0;1
202300040031;155 609 567;50;0;1;1;1;3
202300040032;155 609 564;7;0;1;2;1;1
202300040033;155 609 565;31;0;2;1;17;1
202300040033;155 609 566;7;0;2;8;15;1
202300040034;155 609 562;30;0;0;0;1;1
202300040035;155 609 561;7;0;2;2;15;1
202300040035;155 609 563;7;0;2;3;1;2
202300040036;155 609 555;31;0;2;1;3;1
202300040036;155 609 557;7;0;2;5;2;1
202300040037;155 609 559;7;0;2;4;2;1
202300040037;155 609 560;7;0;2;1;2;1
202300040038;155 609 556;7;0;2;2;15;3
202300040038;155 609 558;1;0;2;1;1;0
202300040039;155 609 553;7;0;2;4;2;1
202300040039;155 609 554;33;0;2;1;2;1
202300040040;155 609 551;7;3;0;1;1;1
202300040041;155 609 549;7;0;2;4;1;2
202300040041;155 609 550;7;0;2;1;13;0
202300040042;155 609 546;7;0;2;2;12;0
202300040042;155 609 547;7;0;2;8;1;0
202300040043;155 609 548;7;0;2;2;1;1
202300040043;155 609 552;7;0;2;3;11;0
202300040044;155 609 543;7;0;2;6;4;1
202300040044;155 609 544;2;0;2;2;17;1
202300040045;155 609 542;7;0;2;3;15;1
202300040045;155 609 545;43;0;2;8;1;1
202300040046;155 609 540;7;0;2;1;15;1
202300040046;155 609 541;50;0;2;8;1;3
202300040047;155 609 539;99;0;1;1;21;0
202300040048;155 609 537;33;0;2;7;13;1
202300040048;155 609 538;7;0;2;5;15;1
202300040049;155 609 535;50;0;2;1;1;3
202300040049;155 609 536;7;0;2;7;15;1
202300040050;155 609 532;7;0;0;3;15;1
202300040050;155 609 533;1;0;0;1;2;5
202300040051;155 609 530;33;0;2;3;13;1
202300040051;155 609 531;7;0;2;3;0;1
202300040052;155 609 528;7;0;2;8;19;1
202300040052;155 609 534;7;0;2;2;1;1
202300040053;155 609 527;7;0;2;8;10;1
202300040053;155 609 529;33;0;2;1;1;1
202300040054;155 609 523;2;0;2;0;5;3
202300040054;155 609 525;1;1;2;1;1;5
202300040055;155 609 522;7;0;2;1;13;1
202300040055;155 609 526;7;0;2;1;1;1
202300040056;155 609 521;33;0;2;1;1;1
202300040056;155 609 524;7;0;2;1;13;1
202300040057;155 609 519;7;0;1;1;15;2
202300040058;155 609 518;10;0;1;5;16;0
202300040059;155 609 516;7;0;1;3;1;1
202300040060;155 609 514;7;0;2;7;1;1
202300040060;155 609 515;7;0;2;1;1;1
202300040061;155 609 512;7;0;2;0;24;1
202300040061;155 609 513;31;6;0;1;13;1
202300040062;155 609 509;7;0;2;1;1;1
202300040062;155 609 511;7;0;2;4;1;1
202300040063;155 609 508;7;0;2;3;1;1
202300040063;155 609 510;7;0;2;3;15;1
202300040064;155 609 506;30;0;2;8;16;1
202300040064;155 609 507;30;0;2;1;15;0
202300040065;155 609 503;7;0;2;1;26;1
202300040065;155 609 505;1;0;2;0;0;5
202300040066;155 609 501;33;0;2;1;18;1
202300040066;155 609 504;10;0;2;2;16;1
202300040067;155 609 499;7;0;2;3;1;1
202300040067;155 609 502;80;0;2;1;1;3
202300040068;155 609 498;7;0;2;1;21;1
202300040068;155 609 500;7;0;2;1;5;1
202300040069;155 609 496;80;0;1;1;1;3
202300040070;155 609 495;7;0;1;2;15;1
202300040071;155 609 494;7;0;2;4;23;1
202300040071;155 609 497;7;0;2;1;1;1
202300040072;155 609 490;7;0;1;1;1;1
202300040073;155 609 492;7;0;2;4;0;1
202300040073;155 609 493;2;0;2;1;0;1
202300040074;155 609 491;7;0;1;6;26;0