Num_Acc;id_vehicule;categorie_vehicule;obstacle_fixe;obstacle_mobile;point_choc_initial;manoeuvre_principale;motorisation
202300040075;155 609 489;7;6;0;1;1;2
202300040076;155 609 486;7;9;2;3;1;1
202300040076;155 609 488;7;0;2;2;9;1
202300040077;155 609 485;33;0;2;1;1;1
202300040077;155 609 487;7;0;2;5;15;3
202300040078;155 609 484;2;0;0;7;21;1
202300040079;155 609 481;7;0;9;7;2;0
202300040079;155 609 483;1;1;2;8;2;5
202300040080;155 609 480;50;0;2;1;1;3
202300040080;155 609 482;13;0;2;2;16;1
202300040081;155 609 479;37;0;1;2;1;0
202300040082;155 609 475;10;0;2;4;1;1
202300040082;155 609 477;7;0;2;1;1;1
202300040083;155 609 474;7;0;2;6;0;1
202300040083;155 609 476;7;0;2;1;24;1
202300040083;155 609 478;30;0;2;1;3;1
202300040084;155 609 471;7;2;0;3;1;1
202300040085;155 609 472;7;0;2;1;2;1
202300040085;155 609 473;7;0;2;4;26;1
202300040086;155 609 469;33;0;2;1;12;1
202300040086;155 609 470;7;0;2;5;1;1
202300040087;155 609 465;7;0;2;1;1;1
202300040087;155 609 468;7;0;2;3;15;1
202300040088;155 609 464;7;0;2;1;1;1
202300040088;155 609 467;7;0;2;4;23;1
202300040089;155 609 462;7;0;2;4;2;1
202300040089;155 609 463;7;0;2;4;2;1
202300040089;155 609 466;7;0;2;1;2;0
202300040090;155 609 459;7;0;2;3;9;1
202300040090;155 609 461;1;0;2;2;1;5
202300040091;155 609 457;32;0;0;2;0;1
202300040092;155 609 458;13;0;2;4;2;1
202300040092;155 609 460;31;0;2;1;2;1
202300040093;155 609 454;7;0;2;7;19;1
202300040093;155 609 456;7;0;2;1;1;1
202300040094;155 609 453;7;13;0;1;0;1
202300040095;155 609 452;7;10;2;1;13;1
202300040095;155 609 455;7;4;2;4;2;1
202300040096;155 609 451;7;0;1;1;26;1
202300040097;155 609 448;7;4;0;1;1;1
202300040098;155 609 445;7;0;2;2;12;1
202300040098;155 609 447;7;0;2;6;11;1
202300040099;155 609 446;7;0;2;2;21;1
202300040099;155 609 450;7;0;2;3;0;1
202300040100;155 609 443;33;0;2;1;21;1
202300040100;155 609 444;7;0;2;5;1;1
202300040101;155 609 441;7;0;1;1;1;1
202300040102;155 609 437;33;0;2;1;21;1
202300040102;155 609 439;7;0;2;6;9;1
202300040103;155 609 436;30;0;2;9;17;1
202300040103;155 609 438;7;0;2;8;1;1
202300040104;155 609 435;7;0;2;1;1;1
202300040104;155 609 440;31;3;0;8;1;1
202300040104;155 609 442;33;16;0;0;1;1
202300040105;155 609 432;7;0;2;6;2;1
202300040105;155 609 433;10;0;2;1;2;2
202300040106;155 609 431;7;0;2;3;1;1
202300040106;155 609 434;32;0;2;7;1;1
202300040107;155 609 429;7;0;2;3;1;1
202300040107;155 609 430;7;0;2;1;1;1
202300040108;155 609 426;33;0;2;1;0;0
202300040108;155 609 428;10;0;2;2;0;1
202300040109;155 609 423;7;0;2;1;1;2
202300040109;155 609 425;7;0;2;2;15;1
202300040110;155 609 424;7;0;2;1;1;1
202300040110;155 609 427;7;0;2;3;15;1
202300040111;155 609 421;10;1;1;8;18;1
202300040112;155 609 420;7;0;2;1;15;0
202300040112;155 609 422;10;0;2;3;1;1
202300040113;155 609 419;7;2;0;1;1;1
202300040114;155 609 418;7;0;1;7;1;1
202300040115;155 609 416;7;0;2;4;15;1
202300040115;155 609 417;2;0;2;0;0;0
202300040116;155 609 414;30;0;2;0;0;0
202300040116;155 609 415;7;0;2;8;15;1
202300040117;155 609 412;50;0;2;1;19;3
202300040117;155 609 413;7;0;2;6;1;1
202300040118;155 609 411;33;14;0;9;1;1
202300040119;155 609 408;7;0;2;8;1;1
202300040119;155 609 410;7;0;2;2;1;1
202300040120;155 609 409;33;0;1;3;0;1
202300040121;155 609 407;7;4;0;3;1;1
202300040122;155 609 406;7;0;1;1;2;1
202300040123;155 609 405;7;3;0;1;1;1
202300040124;155 609 403;7;0;1;2;1;1
202300040125;155 609 401;38;0;2;4;1;1
202300040125;155 609 402;7;0;2;1;1;1
202300040125;155 609 404;7;0;2;4;1;1
202300040126;155 609 397;2;0;2;1;1;1
202300040126;155 609 399;7;0;2;5;15;1
202300040127;155 609 395;7;0;2;0;1;1
202300040127;155 609 396;7;0;2;1;2;1
202300040127;155 609 398;7;0;2;1;2;1
202300040127;155 609 400;7;0;2;2;13;1
202300040128;155 609 391;7;0;2;2;1;1
202300040128;155 609 394;32;0;2;4;2;1
202300040129;155 609 392;10;0;2;3;15;1
202300040129;155 609 393;31;0;2;1;17;1
202300040130;155 609 389;7;6;0;3;1;1
202300040131;155 609 387;7;0;2;1;2;1
202300040131;155 609 388;7;0;2;1;2;1
202300040131;155 609 390;2;0;2;4;1;1
202300040132;155 609 383;37;0;2;3;1;1
202300040132;155 609 385;7;0;2;3;0;1
202300040133;155 609 384;7;0;2;2;16;1
202300040133;155 609 386;7;0;2;3;1;1
202300040134;155 609 378;7;0;2;4;1;1
202300040134;155 609 380;33;0;2;1;1;1
202300040134;155 609 381;15;0;2;4;24;1
202300040135;155 609 379;7;0;2;1;0;1
202300040135;155 609 382;7;0;2;5;11;1
202300040136;155 609 377;7;3;0;1;0;1
202300040137;155 609 375;30;0;2;7;15;1
202300040137;155 609 376;10;0;2;1;1;1
202300040138;155 609 373;7;0;2;7;26;1
202300040138;155 609 374;7;0;2;1;9;1
202300040139;155 609 371;7;0;2;1;2;1
202300040139;155 609 372;7;0;2;4;2;1
202300040140;155 609 368;7;0;1;1;19;1
202300040141;155 609 369;2;0;2;1;1;1
202300040141;155 609 370;7;0;2;3;5;1
202300040142;155 609 364;7;0;2;2;14;1
202300040142;155 609 366;10;0;2;3;0;1
202300040142;155 609 367;7;4;2;9;21;1
202300040143;155 609 362;33;0;2;1;3;1
202300040143;155 609 363;7;0;0;5;1;1
202300040143;155 609 365;7;0;0;8;1;1
202300040144;155 609 361;7;1;0;1;26;1
202300040145;155 609 359;14;0;0;0;0;0
202300040145;155 609 360;30;0;2;7;0;1
202300040146;155 609 358;7;12;1;7;1;1
202300040147;155 609 357;7;0;1;1;9;0
202300040148;155 609 355;7;0;2;8;15;1
202300040148;155 609 356;33;0;2;1;1;1
202300040149;155 609 353;7;0;2;2;15;1
202300040149;155 609 354;1;0;2;0;1;5
202300040150;155 609 352;7;0;1;3;26;1
202300040151;155 609 349;1;0;2;0;0;5
202300040151;155 609 351;50;0;2;0;5;3
202300040152;155 609 348;7;0;2;5;15;1
202300040152;155 609 350;32;0;2;1;1;1
202300040153;155 609 347;7;1;0;2;14;1
202300040154;155 609 345;7;0;2;1;1;1
202300040154;155 609 346;80;0;2;8;19;3
202300040155;155 609 344;10;0;1;7;21;1
202300040156;155 609 342;7;0;2;1;1;1
202300040156;155 609 343;7;0;2;4;1;1
202300040157;155 609 341;7;0;1;1;0;1
202300040158;155 609 338;7;0;1;1;26;1
202300040159;155 609 337;7;0;2;3;1;1
202300040159;155 609 339;7;0;2;4;1;1
202300040159;155 609 340;7;0;2;1;13;1
202300040160;155 609 335;7;0;5;1;19;1
202300040161;155 609 334;7;0;2;2;1;2
202300040161;155 609 336;1;0;2;8;9;5
202300040162;155 609 332;7;0;1;1;1;1
202300040163;155 609 331;7;0;2;8;0;1
202300040163;155 609 333;7;0;2;8;0;1
202300040164;155 609 329;30;0;2;2;15;1
202300040164;155 609 330;30;0;2;1;1;1
202300040165;155 609 327;1;0;2;4;1;5
202300040165;155 609 328;7;0;2;1;1;1
202300040166;155 609 325;7;0;2;1;1;1
202300040166;155 609 326;7;0;2;6;15;1
202300040167;155 609 322;7;0;2;7;15;1
202300040167;155 609 324;7;0;2;8;1;1
202300040168;155 609 320;7;14;0;4;2;1
202300040168;155 609 321;7;0;2;1;2;1
202300040168;155 609 323;7;14;2;1;2;1
202300040169;155 609 319;7;0;1;1;1;1
202300040170;155 609 316;7;0;2;5;1;1
202300040170;155 609 317;33;0;2;1;1;1
202300040171;155 609 315;0;;;;;
202300040171;155 609 318;7;0;2;4;1;1
202300040172;155 609 314;7;1;0;3;16;1
202300040173;155 609 311;1;6;0;1;0;5
202300040174;155 609 312;10;0;2;2;16;1
202300040174;155 609 313;1;0;2;8;19;5
202300040175;155 609 308;16;0;2;2;17;1
202300040175;155 609 310;50;0;2;8;13;3
202300040176;155 609 307;31;0;2;1;17;1
202300040176;155 609 309;7;0;2;8;10;1
202300040177;155 609 305;1;0;2;1;1;5
202300040177;155 609 306;7;0;2;5;20;1
202300040178;155 609 304;7;12;0;1;6;1
202300040179;155 609 302;10;0;2;2;1;1
202300040179;155 609 303;7;0;2;6;1;1
202300040180;155 609 301;7;0;1;3;1;1
202300040181;155 609 300;7;0;1;1;14;1
202300040182;155 609 297;1;0;2;6;15;5
202300040182;155 609 299;37;0;9;8;7;1
202300040183;155 609 296;7;0;2;1;2;0
202300040183;155 609 298;7;0;2;4;2;0
202300040184;155 609 295;32;0;1;1;1;1
202300040185;155 609 293;10;0;2;7;2;1
202300040185;155 609 294;50;0;2;8;1;3
202300040186;155 609 291;33;0;0;7;2;1
202300040187;155 609 290;7;0;2;3;1;1
202300040187;155 609 292;33;0;2;5;14;0
202300040188;155 609 286;1;0;2;1;1;5
202300040188;155 609 288;7;0;9;3;15;1
202300040189;155 609 285;7;0;2;9;3;1
202300040189;155 609 287;7;0;2;4;1;2
202300040189;155 609 289;7;0;2;7;1;1
202300040190;155 609 282;7;0;2;6;1;1
202300040190;155 609 284;7;0;2;1;19;1
202300040191;155 609 281;1;0;2;0;16;5
202300040191;155 609 283;1;0;2;2;1;5
202300040192;155 609 279;7;9;0;1;1;1
202300040193;155 609 278;10;0;2;4;23;1
202300040193;155 609 280;7;0;2;1;1;1
202300040194;155 609 277;43;0;1;8;1;1
202300040195;155 609 274;7;0;2;3;13;1
202300040195;155 609 276;7;0;2;7;1;1
202300040196;155 609 271;7;0;2;3;15;1
202300040196;155 609 272;31;0;2;2;17;1
202300040197;155 609 273;7;9;2;7;1;2
202300040197;155 609 275;7;0;2;3;15;1
202300040198;155 609 268;38;0;2;1;1;1
202300040198;155 609 270;1;0;2;7;19;5
202300040199;155 609 267;7;0;2;2;1;1
202300040199;155 609 269;7;0;2;3;15;1
202300040200;155 609 266;80;1;0;1;2;3
202300040201;155 609 264;7;0;2;1;15;1
202300040201;155 609 265;1;0;2;8;1;5
202300040202;155 609 262;7;0;1;1;2;1
202300040203;155 609 260;7;0;1;2;1;1
202300040204;155 609 259;7;0;2;1;26;1
202300040204;155 609 261;7;0;2;4;0;1
202300040204;155 609 263;7;0;2;7;0;1
202300040205;155 609 256;7;4;0;3;1;1
202300040206;155 609 255;1;0;2;7;1;5
202300040206;155 609 257;1;0;2;8;15;5
202300040207;155 609 253;7;0;2;7;1;1
202300040207;155 609 254;7;6;2;1;21;1
202300040207;155 609 258;50;0;2;1;5;3
202300040208;155 609 252;33;3;0;1;3;1
202300040209;155 609 250;7;0;2;3;20;1
202300040209;155 609 251;43;0;2;2;1;1
202300040210;155 609 247;50;0;2;1;16;3
202300040210;155 609 249;7;0;9;1;1;1
202300040211;155 609 246;32;1;0;1;1;1
202300040212;155 609 244;7;0;2;7;0;1
202300040212;155 609 245;7;0;2;1;21;1
202300040212;155 609 248;7;0;2;6;0;1
202300040213;155 609 243;7;0;1;1;1;2
202300040214;155 609 240;7;3;0;1;1;1
202300040215;155 609 241;33;1;2;0;1;1
202300040215;155 609 242;2;1;0;0;19;1
202300040216;155 609 236;7;0;2;4;1;1
202300040216;155 609 237;7;0;2;1;2;1
202300040217;155 609 235;7;1;0;1;1;1
202300040218;155 609 234;10;0;1;2;0;1
202300040219;155 609 232;10;0;2;4;2;1
202300040219;155 609 233;7;0;2;1;2;1
202300040220;155 609 231;7;12;0;3;17;1
202300040221;155 609 229;30;8;0;1;14;3
202300040222;155 609 228;7;0;2;2;17;1
202300040222;155 609 230;7;0;2;2;1;1
202300040223;155 609 226;7;0;2;2;1;1
202300040223;155 609 227;2;0;2;5;19;1
202300040224;155 609 225;7;1;0;1;14;1
202300040225;155 609 223;7;0;0;3;1;1
202300040225;155 609 224;31;0;2;1;11;1
202300040226;155 609 220;7;0;2;2;15;1
202300040226;155 609 222;7;0;2;1;26;1
202300040227;155 609 218;7;0;2;1;1;1
202300040227;155 609 219;7;0;2;4;1;1
202300040227;155 609 221;7;0;2;4;1;1
202300040228;155 609 217;7;0;1;3;1;1
202300040229;155 609 214;10;0;1;1;1;1
202300040230;155 609 213;10;0;2;1;1;1
202300040230;155 609 215;7;0;2;4;1;1
202300040230;155 609 216;7;0;2;1;1;1
202300040231;155 609 209;50;0;2;7;1;5
202300040231;155 609 210;7;0;0;0;0;3
202300040232;155 609 212;7;0;1;8;1;1
202300040233;155 609 208;50;0;2;1;1;3
202300040233;155 609 211;7;0;2;8;15;0
202300040234;155 609 204;7;0;2;2;16;1
202300040234;155 609 206;7;0;2;6;1;2
202300040235;155 609 205;1;0;0;0;0;5
202300040235;155 609 207;7;0;2;2;26;1
202300040236;155 609 203;10;0;1;3;15;1
202300040237;155 609 199;7;0;1;3;1;1
202300040238;155 609 198;7;0;2;1;15;1
202300040238;155 609 202;7;0;2;7;1;1
202300040239;155 609 197;7;1;0;4;24;1
202300040239;155 609 200;3;1;2;4;0;1
202300040239;155 609 201;7;1;0;4;24;1
202300040240;155 609 194;7;1;0;9;0;0
202300040241;155 609 193;7;0;2;4;26;1
202300040241;155 609 196;7;0;2;0;0;0
202300040242;155 609 192;7;0;2;3;1;1
202300040242;155 609 195;7;0;2;1;19;1
202300040243;155 609 190;7;0;2;0;0;0
202300040243;155 609 191;30;0;2;2;15;0
202300040244;155 609 189;7;0;5;1;1;1
202300040245;155 609 186;7;0;2;6;4;0
202300040245;155 609 187;7;0;2;6;23;0
202300040246;155 609 185;7;0;2;1;1;1
202300040246;155 609 188;7;0;2;3;15;1
202300040247;155 609 181;7;0;2;2;1;1
202300040247;155 609 184;7;0;2;7;15;1
202300040248;155 609 182;7;0;2;3;13;1
202300040248;155 609 183;32;0;2;2;2;1
202300040249;155 609 180;36;0;2;1;1;1
202300040250;155 609 177;7;0;1;1;1;1
202300040251;155 609 178;7;0;1;3;1;1
202300040252;155 609 174;7;0;1;3;1;1
202300040253;155 609 175;33;0;2;1;1;1
202300040253;155 609 179;7;0;2;8;1;1
202300040254;155 609 173;10;0;2;1;1;1
202300040254;155 609 176;7;0;2;4;1;1
202300040255;155 609 169;7;0;0;4;23;1
202300040255;155 609 172;7;3;2;2;21;1
202300040256;155 609 167;7;0;2;8;1;1
202300040256;155 609 170;7;8;2;1;1;1
202300040257;155 609 168;7;0;2;3;15;1
202300040257;155 609 171;30;0;2;8;1;1
202300040258;155 609 166;1;10;0;0;0;5
202300040259;155 609 164;7;0;2;1;2;2
202300040259;155 609 165;7;0;2;4;2;1
202300040260;155 609 163;7;0;1;3;15;1
202300040261;155 609 157;7;0;2;8;1;1
202300040261;155 609 160;7;0;2;1;1;1
202300040261;155 609 161;7;0;2;1;13;1
202300040262;155 609 158;33;0;0;9;1;1
202300040263;155 609 159;7;13;2;3;13;1
202300040263;155 609 162;7;13;2;3;1;1
202300040264;155 609 154;33;0;1;1;1;1
202300040265;155 609 155;7;0;2;9;13;1
202300040265;155 609 156;10;0;2;1;15;1
202300040266;155 609 152;7;6;0;1;0;1
202300040267;155 609 150;7;0;2;1;0;1
202300040267;155 609 151;2;0;2;8;9;1
202300040268;155 609 145;15;0;2;2;15;1
202300040268;155 609 148;33;0;2;1;1;1
202300040269;155 609 144;7;0;2;4;23;0
202300040269;155 609 146;32;0;2;9;3;1
202300040270;155 609 143;7;0;0;9;2;1
202300040270;155 609 147;7;1;0;1;1;1
202300040270;155 609 149;7;1;0;2;1;1
202300040270;155 609 153;7;0;2;9;2;1
202300040271;155 609 142;7;9;0;1;1;1
202300040272;155 609 141;7;0;1;0;1;3
202300040273;155 609 139;33;0;1;1;1;1
202300040274;155 609 138;33;0;2;1;2;6
202300040274;155 609 140;7;0;0;5;2;6
202300040275;155 609 137;3;0;1;2;26;1
202300040276;155 609 136;7;0;1;1;26;1
202300040277;155 609 135;7;13;0;2;1;1
202300040278;155 609 133;7;1;0;2;1;1
202300040279;155 609 132;7;0;2;7;26;1
202300040279;155 609 134;7;0;2;1;1;1
202300040280;155 609 131;7;1;0;7;1;6
202300040281;155 609 128;2;15;0;1;1;1
202300040281;155 609 130;7;0;2;3;15;0
202300040282;155 609 127;7;0;2;1;13;1
202300040282;155 609 129;7;0;2;1;1;1
202300040283;155 609 125;10;0;2;1;13;1
202300040283;155 609 126;7;0;2;1;1;1
202300040284;155 609 123;7;8;0;7;13;1
202300040285;155 609 120;7;14;0;1;2;1
202300040285;155 609 122;7;1;0;0;0;4
202300040285;155 609 124;7;14;0;2;2;1
202300040286;155 609 119;33;0;2;1;2;1
202300040286;155 609 121;7;0;2;4;1;1
202300040287;155 609 116;7;0;2;1;9;1
202300040287;155 609 117;1;0;2;7;0;5
202300040288;155 609 115;7;0;2;1;26;1
202300040288;155 609 118;7;0;2;1;1;1
202300040289;155 609 113;7;0;2;3;1;1
202300040289;155 609 114;7;0;2;3;1;1
202300040290;155 609 110;7;8;0;3;14;1
202300040291;155 609 109;7;0;1;1;17;1
202300040292;155 609 107;7;0;2;3;13;1
202300040292;155 609 108;7;0;2;8;1;3
202300040293;155 609 105;7;0;1;1;1;1
202300040294;155 609 104;7;0;1;3;1;1
202300040295;155 609 106;7;13;0;2;1;1
202300040296;155 609 101;37;0;2;8;1;1
202300040296;155 609 103;1;0;2;1;16;5
202300040297;155 609 099;7;0;2;1;1;0
202300040297;155 609 102;7;0;2;1;15;0
202300040298;155 609 100;33;3;0;8;1;1
202300040299;155 609 097;7;3;0;1;1;1
202300040300;155 609 095;2;0;0;0;1;1
202300040301;155 609 096;7;0;2;1;15;1
202300040301;155 609 098;2;0;2;8;1;1
202300040302;155 609 094;7;0;1;1;0;0
202300040303;155 609 093;33;0;0;8;26;1
202300040304;155 609 091;2;0;2;1;1;3
202300040304;155 609 092;7;0;2;4;23;1
202300040305;155 609 089;7;0;2;4;0;1
202300040305;155 609 090;7;0;2;1;0;1
202300040306;155 609 088;7;6;0;2;2;1
202300040307;155 609 085;7;0;2;1;1;1
202300040307;155 609 087;7;0;2;4;1;1
202300040308;155 609 083;32;0;2;1;1;1
202300040308;155 609 086;7;0;2;3;1;1
202300040309;155 609 084;7;2;0;1;14;1
202300040310;155 609 081;7;0;2;4;1;1
202300040310;155 609 082;7;0;2;1;1;1
202300040311;155 609 080;33;12;0;9;1;1
202300040312;155 609 078;7;0;2;7;15;1
202300040312;155 609 079;31;0;2;1;18;1
202300040313;155 609 076;7;0;1;2;20;1
202300040314;155 609 075;7;0;2;2;2;0
202300040314;155 609 077;1;0;2;8;2;5
202300040315;155 609 073;7;0;2;8;13;1
202300040315;155 609 074;7;0;2;7;1;1
202300040316;155 609 072;37;0;1;2;1;4
202300040317;155 609 071;7;0;1;1;1;1
202300040318;155 609 067;7;0;0;0;0;1
202300040318;155 609 070;7;0;2;4;2;1
202300040319;155 609 066;7;0;2;4;23;0
202300040319;155 609 068;7;0;2;4;23;1
202300040319;155 609 069;7;0;2;1;2;1
202300040320;155 609 065;7;13;0;1;1;1
202300040321;155 609 064;7;0;1;0;1;1
202300040322;155 609 063;99;0;0;0;1;1
202300040323;155 609 060;7;0;2;7;1;1
202300040323;155 609 062;31;0;2;8;13;1
202300040324;155 609 061;31;15;0;1;0;1
202300040325;155 609 057;7;2;0;1;1;1
202300040326;155 609 056;7;0;1;1;1;1
202300040327;155 609 053;31;16;0;9;1;1
202300040328;155 609 051;7;2;0;1;1;1
202300040329;155 609 050;33;8;2;3;0;1
202300040329;155 609 052;7;0;2;2;12;1
202300040330;155 609 046;99;0;2;8;26;5
202300040330;155 609 048;7;0;2;7;1;1
202300040331;155 609 044;7;0;2;4;2;1
202300040331;155 609 047;7;0;2;1;2;1
202300040332;155 609 045;7;4;2;1;0;1
202300040332;155 609 049;7;0;2;3;1;1
202300040333;155 609 042;7;0;2;1;1;1
202300040333;155 609 043;7;0;2;1;6;1
202300040334;155 609 037;7;0;2;1;1;1
202300040334;155 609 040;10;0;2;1;1;1
202300040334;155 609 041;7;0;2;3;15;1
202300040335;155 609 035;30;0;2;7;17;1
202300040335;155 609 038;7;0;2;8;15;1
202300040336;155 609 036;7;0;2;1;15;1
202300040336;155 609 039;30;0;2;8;1;1
202300040337;155 609 033;7;2;0;1;0;1
202300040338;155 609 032;31;0;2;1;17;3
202300040338;155 609 034;7;0;2;8;15;2
202300040339;155 609 031;2;0;0;2;1;1
202300040340;155 609 029;7;2;0;2;13;1
202300040341;155 609 023;7;0;2;0;0;1
202300040341;155 609 025;7;0;2;0;0;1
202300040341;155 609 027;10;0;2;0;0;1
202300040342;155 609 024;7;0;2;1;2;1
202300040342;155 609 026;10;0;2;4;2;1
202300040342;155 609 028;7;0;2;4;2;1
202300040343;155 609 022;7;0;0;9;21;1
202300040344;155 609 019;7;0;2;3;15;1
202300040344;155 609 021;32;0;2;1;1;1
202300040345;155 609 018;7;0;2;2;1;1
202300040345;155 609 020;7;0;2;7;10;1
202300040346;155 609 015;50;0;2;2;19;3
202300040346;155 609 017;10;0;2;0;1;1
202300040347;155 609 013;7;0;2;4;23;1
202300040347;155 609 014;7;0;2;4;26;1
202300040347;155 609 016;7;0;2;1;26;1
202300040348;155 609 011;7;0;0;0;1;1
202300040349;155 609 010;7;0;2;2;15;1
202300040349;155 609 012;7;0;2;3;1;1
202300040350;155 609 005;7;0;2;1;1;1
202300040350;155 609 007;7;0;2;4;1;1
202300040351;155 609 006;10;2;0;1;1;1
202300040352;155 609 003;7;0;2;3;1;1
202300040352;155 609 004;7;0;2;3;1;2
202300040353;155 609 001;7;0;1;3;15;1
202300040354;155 608 999;1;1;0;7;2;5
202300040355;155 609 000;7;0;2;1;15;1
202300040355;155 609 002;7;0;2;1;1;1
202300040356;155 608 998;10;0;1;3;1;1
202300040357;155 608 997;7;0;1;1;9;1
202300040358;155 608 996;7;8;0;3;13;1
202300040359;155 608 994;7;0;2;3;15;1
202300040359;155 608 995;33;0;2;8;1;1
202300040360;155 608 990;7;13;0;2;0;1
202300040361;155 608 989;7;0;2;6;13;1
202300040361;155 608 991;10;0;2;3;1;1
202300040362;155 608 984;33;0;2;1;2;1
202300040362;155 608 987;7;0;2;4;2;3
202300040363;155 608 986;31;15;0;1;1;1
202300040364;155 608 985;7;0;2;1;2;1
202300040364;155 608 988;7;0;2;1;13;1
202300040365;155 608 980;2;0;2;1;1;1
202300040365;155 608 983;7;0;2;3;10;1
202300040366;155 608 979;10;0;9;4;4;1
202300040366;155 608 981;1;0;2;0;1;5
202300040367;155 608 978;7;0;2;7;1;1
202300040367;155 608 982;2;0;2;1;1;1
202300040368;155 608 973;7;0;2;3;15;1
202300040368;155 608 976;1;0;2;1;1;5
202300040369;155 608 970;7;0;9;4;2;1
202300040369;155 608 972;33;0;2;1;2;1
202300040369;155 608 975;33;0;2;1;2;1
202300040370;155 608 971;7;0;2;4;2;1
202300040370;155 608 974;7;0;2;1;2;1
202300040370;155 608 977;7;0;2;4;2;1
202300040371;155 608 969;2;0;1;1;1;1
202300040372;155 608 967;7;3;0;1;14;1
202300040373;155 608 966;7;0;2;1;0;1
202300040373;155 608 968;1;0;2;0;0;5
202300040374;155 608 965;80;0;1;1;21;3
202300040375;155 608 960;7;0;2;4;1;1
202300040375;155 608 962;7;0;2;4;1;1
202300040375;155 608 963;7;0;2;1;1;1
202300040376;155 608 959;7;0;2;4;1;1
202300040376;155 608 964;7;0;2;1;1;1
202300040377;155 608 958;7;0;2;7;1;1
202300040377;155 608 961;7;0;2;1;1;1
202300040378;155 608 956;10;6;2;2;17;1
202300040379;155 608 953;7;14;0;1;13;1
202300040380;155 608 952;1;0;2;1;1;5
202300040380;155 608 954;7;0;2;3;1;0
202300040381;155 608 947;34;0;2;1;1;1
202300040381;155 608 949;34;0;2;7;19;1
202300040382;155 608 948;1;0;2;1;1;5
202300040382;155 608 951;7;0;2;8;19;3
202300040383;155 608 946;7;0;2;2;17;1
202300040383;155 608 950;7;0;2;3;1;6
202300040384;155 608 943;7;0;1;8;1;1
202300040385;155 608 944;50;0;2;0;0;3
202300040385;155 608 945;7;0;2;0;0;3
202300040386;155 608 941;7;0;2;1;2;1
202300040386;155 608 942;7;0;2;4;2;1
202300040387;155 608 939;7;0;1;1;1;1
202300040388;155 608 938;7;0;2;6;10;1
202300040388;155 608 940;2;0;2;1;1;1
202300040389;155 608 935;7;0;1;1;15;1
202300040390;155 608 934;7;0;2;1;1;0
202300040390;155 608 937;7;3;0;4;2;0
202300040391;155 608 933;7;0;2;1;15;1
202300040391;155 608 936;31;0;2;1;1;1
202300040392;155 608 931;7;0;1;1;17;1
202300040393;155 608 928;33;0;2;1;2;1
202300040393;155 608 930;10;0;2;4;2;1
202300040394;155 608 927;7;0;2;5;0;1
202300040394;155 608 929;7;0;2;1;14;1
202300040394;155 608 932;7;0;2;4;2;1
202300040395;155 608 926;33;0;0;1;3;1
202300040396;155 608 925;7;0;1;2;1;1
202300040397;155 608 923;7;0;2;1;1;1
202300040397;155 608 924;7;0;2;4;1;1
202300040398;155 608 920;7;0;2;6;10;1
202300040398;155 608 921;32;0;2;1;2;1
202300040399;155 608 919;32;0;2;3;1;3
202300040399;155 608 922;7;0;2;6;2;0
202300040400;155 608 918;33;3;0;3;14;1
202300040401;155 608 917;3;8;0;0;0;1
202300040402;155 608 914;1;0;0;1;2;5
202300040403;155 608 915;10;0;2;1;2;1
202300040403;155 608 916;7;0;2;4;1;1
202300040404;155 608 913;7;0;1;2;26;6
202300040405;155 608 911;7;6;0;2;1;1
202300040406;155 608 910;10;0;2;2;1;1
202300040406;155 608 912;33;0;2;8;15;1
202300040407;155 608 908;7;2;0;8;0;1
202300040408;155 608 906;30;0;1;2;1;3
202300040409;155 608 905;7;0;2;1;0;1
202300040409;155 608 907;7;0;2;4;0;0
202300040409;155 608 909;7;0;2;4;0;1
202300040410;155 608 901;32;0;0;7;0;1
202300040411;155 608 900;1;0;2;1;1;5
202300040411;155 608 903;7;0;2;6;1;1
202300040412;155 608 899;7;0;2;1;2;1
202300040412;155 608 902;15;0;0;3;1;1
202300040412;155 608 904;7;0;2;4;2;1
202300040413;155 608 894;15;0;2;2;1;1
202300040413;155 608 898;50;0;0;4;1;3
202300040414;155 608 895;30;0;2;6;5;1
202300040414;155 608 897;50;0;2;1;1;3
202300040415;155 608 892;7;0;2;1;2;1
202300040415;155 608 893;7;0;2;4;23;1
202300040415;155 608 896;7;0;0;4;23;1
202300040416;155 608 890;7;0;2;3;1;1
202300040416;155 608 891;7;0;6;3;13;1
202300040417;155 608 888;50;0;2;1;1;3
202300040417;155 608 889;50;0;2;4;1;3
202300040418;155 608 886;7;0;0;4;23;1
202300040418;155 608 887;7;0;2;1;1;1
202300040419;155 608 884;7;6;0;2;2;1
202300040420;155 608 883;10;0;2;3;20;0
202300040420;155 608 885;32;0;2;2;26;1
202300040421;155 608 881;33;13;0;1;13;1
202300040422;155 608 880;10;0;2;1;0;1
202300040422;155 608 882;10;0;2;1;26;1
202300040423;155 608 877;7;0;1;1;1;1
202300040424;155 608 875;7;0;2;4;2;1
202300040424;155 608 878;7;0;2;1;2;1
202300040424;155 608 879;7;0;2;4;2;1
202300040425;155 608 874;33;0;2;0;11;1
202300040425;155 608 876;7;0;0;0;0;1
202300040426;155 608 873;7;0;1;1;1;0
202300040427;155 608 871;7;0;2;1;10;1
202300040427;155 608 872;7;0;2;1;1;1