Num_Acc;id_vehicule;categorie_vehicule;obstacle_fixe;obstacle_mobile;point_choc_initial;manoeuvre_principale;motorisation
202300041141;155 607 617;31;0;0;8;1;1
202300041142;155 607 616;7;15;0;1;2;1
202300041143;155 607 615;30;1;0;7;1;3
202300041144;155 607 614;7;8;0;2;1;1
202300041145;155 607 613;7;1;0;4;1;1
202300041146;155 607 611;7;0;2;4;1;1
202300041146;155 607 612;10;0;2;1;1;1
202300041147;155 607 609;7;0;2;1;1;1
202300041147;155 607 610;7;0;2;4;1;1
202300041148;155 607 607;30;0;2;1;5;1
202300041148;155 607 608;7;0;2;8;1;1
202300041149;155 607 606;7;6;0;3;13;1
202300041150;155 607 604;33;0;2;1;1;1
202300041150;155 607 605;7;0;9;3;1;1
202300041151;155 607 603;31;3;0;2;2;1
202300041152;155 607 602;33;7;0;2;1;1
202300041153;155 607 601;21;2;0;3;1;1
202300041154;155 607 600;7;13;0;2;14;1
202300041155;155 607 597;3;0;2;1;19;1
202300041155;155 607 598;7;0;2;1;23;1
202300041155;155 607 599;1;0;2;8;1;5
202300041156;155 607 595;15;1;1;1;2;1
202300041156;155 607 596;7;0;0;4;23;1
202300041157;155 607 592;7;0;2;1;14;0
202300041157;155 607 593;7;0;0;6;1;0
202300041157;155 607 594;7;0;2;1;1;0
202300041158;155 607 591;7;0;1;2;15;1
202300041159;155 607 590;2;3;0;1;1;1
202300041160;155 607 589;33;0;0;0;26;0
202300041161;155 607 587;17;0;2;8;1;1
202300041161;155 607 588;17;3;2;3;6;1
202300041162;155 607 586;7;2;0;1;2;0
202300041163;155 607 584;7;0;0;3;13;1
202300041163;155 607 585;7;0;0;1;1;0
202300041164;155 607 583;33;0;0;8;1;1
202300041165;155 607 582;33;0;0;0;0;1
202300041166;155 607 580;33;0;2;1;3;1
202300041166;155 607 581;7;0;2;3;11;1
202300041167;155 607 579;7;6;0;3;1;1
202300041168;155 607 577;7;3;2;3;13;1
202300041168;155 607 578;10;0;2;3;13;1
202300041169;155 607 575;33;0;2;1;1;1
202300041169;155 607 576;7;0;2;7;15;1
202300041170;155 607 574;33;13;0;9;14;1
202300041171;155 607 573;10;9;0;1;14;1
202300041172;155 607 572;7;2;0;9;1;0
202300041173;155 607 571;7;14;0;7;1;1
202300041174;155 607 570;2;0;0;0;0;1
202300041175;155 607 569;33;13;0;1;13;1
202300041176;155 607 567;32;0;2;1;2;1
202300041176;155 607 568;7;0;2;3;15;1
202300041177;155 607 566;7;5;0;2;15;1
202300041178;155 607 565;7;13;0;2;1;1
202300041179;155 607 564;32;0;0;1;1;1
202300041180;155 607 562;7;0;2;1;1;1
202300041180;155 607 563;7;0;2;2;15;1
202300041181;155 607 561;7;12;0;1;16;1
202300041182;155 607 560;7;13;0;9;1;1
202300041183;155 607 559;7;16;0;2;1;1
202300041184;155 607 558;33;0;0;0;1;1
202300041185;155 607 556;7;0;0;3;15;0
202300041185;155 607 557;31;0;2;1;1;0
202300041186;155 607 555;7;2;0;1;1;1
202300041187;155 607 553;7;0;2;2;16;1
202300041187;155 607 554;33;0;2;1;15;1
202300041188;155 607 552;21;0;0;9;0;1
202300041189;155 607 550;7;0;2;1;1;1
202300041189;155 607 551;7;0;2;1;1;1
202300041190;155 607 547;7;0;0;3;13;1
202300041190;155 607 548;7;0;0;3;1;1
202300041190;155 607 549;15;0;0;3;0;1
202300041191;155 607 545;7;0;2;3;20;1
202300041191;155 607 546;33;0;2;2;17;1
202300041192;155 607 544;60;0;0;0;0;5
202300041193;155 607 542;10;0;2;1;13;1
202300041193;155 607 543;17;0;2;1;1;1
202300041194;155 607 540;7;0;9;3;13;0
202300041194;155 607 541;21;0;2;3;1;1
202300041195;155 607 539;10;0;0;1;1;1
202300041196;155 607 537;15;0;2;4;2;1
202300041196;155 607 538;7;0;2;1;2;1
202300041197;155 607 534;0;0;0;0;0;0
202300041197;155 607 535;7;0;0;5;0;1
202300041198;155 607 533;50;0;0;0;0;3
202300041199;155 607 531;7;0;2;2;9;1
202300041199;155 607 532;33;0;2;7;21;1
202300041200;155 607 529;7;0;2;3;13;1
202300041200;155 607 530;7;0;2;3;1;1
202300041201;155 607 527;7;0;2;7;13;1
202300041201;155 607 528;7;0;2;2;1;1
202300041202;155 607 525;3;0;0;8;15;1
202300041202;155 607 526;32;0;2;1;1;1
202300041203;155 607 524;15;3;0;3;0;1
202300041204;155 607 523;2;15;0;8;1;1
202300041205;155 607 522;2;13;0;0;0;1
202300041206;155 607 519;7;0;2;3;2;1
202300041206;155 607 520;7;0;2;5;2;1
202300041206;155 607 521;7;0;0;4;2;1
202300041207;155 607 516;33;0;2;3;18;1
202300041207;155 607 517;7;0;2;2;16;1
202300041207;155 607 518;7;0;2;6;23;1
202300041208;155 607 514;2;0;0;7;10;1
202300041208;155 607 515;7;0;2;2;0;0
202300041209;155 607 513;31;14;0;1;1;1
202300041210;155 607 512;7;8;0;1;1;1
202300041211;155 607 511;7;6;0;1;1;1
202300041212;155 607 509;7;0;2;2;16;0
202300041212;155 607 510;33;0;2;3;1;0
202300041213;155 607 508;1;0;0;0;26;5
202300041214;155 607 506;1;0;2;1;1;5
202300041214;155 607 507;1;0;2;1;5;5
202300041215;155 607 505;7;15;0;1;1;1
202300041216;155 607 504;7;2;0;1;0;1
202300041217;155 607 500;33;0;2;1;17;1
202300041217;155 607 501;7;0;2;4;17;1
202300041217;155 607 502;3;0;2;8;1;1
202300041217;155 607 503;7;0;2;2;1;1
202300041218;155 607 499;7;11;0;9;1;1
202300041219;155 607 498;13;13;0;2;0;1
202300041220;155 607 496;21;0;2;3;1;
202300041220;155 607 497;2;0;2;3;1;1
202300041221;155 607 495;32;12;0;2;0;1
202300041222;155 607 494;10;0;1;2;2;1
202300041223;155 607 492;7;0;2;3;15;1
202300041223;155 607 493;32;0;2;1;1;1
202300041224;155 607 491;2;6;0;1;19;1
202300041225;155 607 489;7;0;0;8;19;1
202300041225;155 607 490;1;0;2;1;1;5
202300041226;155 607 487;7;0;2;8;1;1
202300041226;155 607 488;31;0;2;1;13;1
202300041227;155 607 486;7;3;0;9;1;1
202300041228;155 607 485;33;5;0;1;0;1
202300041229;155 607 483;7;0;2;1;1;1
202300041229;155 607 484;21;0;2;8;19;1
202300041230;155 607 481;7;0;2;1;1;1
202300041230;155 607 482;7;0;2;4;1;1
202300041231;155 607 479;7;0;2;4;1;1
202300041231;155 607 480;31;0;2;1;2;1
202300041232;155 607 477;33;0;2;1;2;1
202300041232;155 607 478;33;0;2;4;2;1
202300041233;155 607 475;7;0;2;1;2;1
202300041233;155 607 476;7;0;2;4;23;1
202300041234;155 607 473;7;0;2;2;12;1
202300041234;155 607 474;7;0;2;6;12;1
202300041235;155 607 471;43;4;2;3;3;1
202300041235;155 607 472;7;3;2;5;14;1
202300041236;155 607 469;31;0;2;1;2;1
202300041236;155 607 470;7;0;2;4;1;1
202300041237;155 607 463;7;0;2;4;0;1
202300041237;155 607 464;10;0;2;4;2;1
202300041237;155 607 465;7;0;2;5;2;1
202300041237;155 607 466;10;0;2;4;2;1
202300041237;155 607 467;10;0;2;4;2;1
202300041237;155 607 468;10;0;2;1;2;1
202300041238;155 607 461;7;0;2;8;11;1
202300041238;155 607 462;33;0;2;7;0;1
202300041239;155 607 460;7;0;0;1;2;1
202300041240;155 607 457;7;0;2;1;2;1
202300041240;155 607 458;7;0;2;4;2;1
202300041240;155 607 459;10;0;2;4;2;1
202300041241;155 607 454;10;0;2;2;1;1
202300041241;155 607 455;7;0;2;6;1;1
202300041241;155 607 456;32;0;2;3;3;1
202300041242;155 607 452;7;0;2;7;12;1
202300041242;155 607 453;43;0;2;1;3;1
202300041243;155 607 451;13;0;1;1;1;1
202300041244;155 607 449;10;0;2;2;26;1
202300041244;155 607 450;1;0;2;8;15;5
202300041245;155 607 448;7;0;1;7;15;1
202300041246;155 607 447;1;0;0;0;3;5
202300041247;155 607 446;7;0;1;2;26;0
202300041248;155 607 445;7;16;0;9;2;1
202300041249;155 607 444;2;14;0;1;1;1
202300041250;155 607 443;7;2;0;3;1;1
202300041251;155 607 441;33;12;0;3;1;1
202300041251;155 607 442;7;12;0;3;15;1
202300041252;155 607 439;2;0;2;1;1;1
202300041252;155 607 440;2;0;2;1;0;1
202300041253;155 607 437;30;0;9;1;2;1
202300041253;155 607 438;1;0;9;4;23;5
202300041254;155 607 435;33;0;2;1;17;1
202300041254;155 607 436;7;0;2;4;17;1
202300041255;155 607 434;7;0;2;3;15;1
202300041256;155 607 432;50;0;2;7;1;3
202300041256;155 607 433;7;0;2;1;1;1
202300041257;155 607 431;50;12;0;1;0;3
202300041258;155 607 429;7;0;2;1;13;1
202300041258;155 607 430;7;0;2;1;1;1
202300041259;155 607 427;7;0;2;2;1;1
202300041259;155 607 428;7;0;2;3;1;1
202300041260;155 607 425;32;0;2;7;1;1
202300041260;155 607 426;7;0;2;3;11;1
202300041261;155 607 424;7;8;0;1;26;1
202300041262;155 607 422;7;0;2;1;1;1
202300041262;155 607 423;7;0;2;7;16;1
202300041263;155 607 419;7;14;2;1;1;1
202300041263;155 607 420;7;0;2;4;23;1
202300041263;155 607 421;7;0;2;4;23;1
202300041264;155 607 417;80;0;2;1;17;3
202300041264;155 607 418;13;0;2;3;9;1
202300041265;155 607 415;7;0;2;6;1;1
202300041265;155 607 416;10;0;2;1;1;1
202300041266;155 607 413;7;1;2;2;1;1
202300041266;155 607 414;7;0;2;3;24;1
202300041267;155 607 411;14;0;2;2;1;1
202300041267;155 607 412;2;0;2;3;15;1
202300041268;155 607 407;7;0;2;4;0;1
202300041268;155 607 408;7;0;2;4;23;1
202300041269;155 607 406;7;0;1;2;17;1
202300041270;155 607 404;7;0;2;1;1;1
202300041270;155 607 405;7;0;2;1;1;1
202300041271;155 607 402;30;0;2;4;16;1
202300041271;155 607 403;7;0;2;1;12;1
202300041272;155 607 400;7;0;2;3;1;1
202300041272;155 607 401;7;0;2;2;19;1
202300041273;155 607 399;1;0;0;0;1;5
202300041274;155 607 397;7;0;2;1;19;6
202300041274;155 607 398;30;0;0;8;1;1
202300041275;155 607 396;33;0;1;1;1;1
202300041276;155 607 394;7;0;2;5;12;1
202300041276;155 607 395;14;0;2;3;1;1
202300041277;155 607 393;7;14;0;1;2;1
202300041278;155 607 391;2;0;2;8;1;1
202300041278;155 607 392;7;0;2;2;15;1
202300041279;155 607 388;7;0;2;1;1;1
202300041279;155 607 389;1;0;2;8;19;5
202300041280;155 607 386;7;0;2;7;1;1
202300041280;155 607 387;7;0;2;1;1;1
202300041281;155 607 384;7;0;2;1;2;1
202300041281;155 607 385;1;0;2;4;1;5
202300041282;155 607 382;7;0;2;3;1;1
202300041282;155 607 383;1;0;2;8;1;5
202300041283;155 607 381;7;0;1;2;0;0
202300041284;155 607 379;36;0;2;3;15;1
202300041284;155 607 380;7;0;2;2;1;1
202300041285;155 607 377;99;0;2;3;19;1
202300041285;155 607 378;14;0;9;3;9;1
202300041286;155 607 375;7;0;2;1;0;1
202300041286;155 607 376;7;0;2;8;26;1
202300041287;155 607 373;7;0;2;1;1;1
202300041287;155 607 374;60;0;2;7;19;5
202300041288;155 607 371;7;0;2;1;19;1
202300041288;155 607 372;7;1;2;2;1;0
202300041289;155 607 369;32;0;2;2;15;1
202300041289;155 607 370;1;0;2;1;1;5
202300041290;155 607 368;30;0;0;0;1;0
202300041291;155 607 366;7;0;2;6;15;1
202300041291;155 607 367;32;0;2;7;2;1
202300041292;155 607 363;7;0;2;0;3;1
202300041292;155 607 364;7;0;2;8;2;1
202300041292;155 607 365;7;0;2;7;2;1
202300041293;155 607 361;7;0;2;1;1;1
202300041293;155 607 362;7;0;2;5;15;1
202300041294;155 607 360;7;0;1;1;15;1
202300041295;155 607 359;7;0;1;1;25;1
202300041296;155 607 357;10;0;2;2;1;1
202300041296;155 607 358;50;0;2;1;1;3
202300041297;155 607 355;50;0;2;1;1;3
202300041297;155 607 356;7;0;2;3;19;1
202300041298;155 607 353;33;0;2;1;1;1
202300041298;155 607 354;7;0;2;7;19;1
202300041299;155 607 351;7;0;2;3;9;1
202300041299;155 607 352;1;0;2;2;1;5
202300041300;155 607 349;1;0;2;1;1;5
202300041300;155 607 350;1;0;2;1;1;5
202300041301;155 607 347;1;0;2;8;15;5
202300041301;155 607 348;7;0;9;2;1;1
202300041302;155 607 345;30;0;2;3;9;1
202300041302;155 607 346;7;0;2;3;9;1
202300041303;155 607 343;2;0;2;4;9;1
202300041303;155 607 344;10;0;2;2;2;1
202300041304;155 607 342;10;0;1;2;1;1
202300041305;155 607 341;33;1;0;2;13;1
202300041306;155 607 339;7;0;2;5;16;3
202300041306;155 607 340;1;0;2;1;1;5
202300041307;155 607 337;30;0;2;1;2;1
202300041307;155 607 338;10;0;2;4;2;1
202300041308;155 607 334;7;0;2;1;1;1
202300041308;155 607 335;7;0;2;4;1;1
202300041308;155 607 336;7;0;2;4;1;1
202300041309;155 607 332;1;0;2;7;14;5
202300041309;155 607 333;7;0;2;8;13;1
202300041310;155 607 331;10;0;1;2;26;1
202300041311;155 607 329;7;0;2;3;13;1
202300041311;155 607 330;7;7;2;5;1;1
202300041312;155 607 328;80;14;0;7;1;3
202300041313;155 607 327;7;14;0;1;19;1
202300041314;155 607 326;2;16;0;1;1;1
202300041315;155 607 324;7;0;2;2;16;1
202300041315;155 607 325;50;0;2;1;25;3
202300041316;155 607 323;30;1;0;2;17;3
202300041317;155 607 321;7;1;2;3;15;1
202300041317;155 607 322;2;0;2;1;1;3
202300041318;155 607 319;32;0;2;8;1;1
202300041318;155 607 320;7;0;2;7;21;1
202300041319;155 607 318;7;2;0;1;1;1
202300041320;155 607 316;33;0;2;9;1;1
202300041320;155 607 317;7;0;2;7;12;1
202300041321;155 607 315;7;1;0;1;13;1
202300041322;155 607 313;7;0;2;1;1;1
202300041322;155 607 314;1;0;2;1;1;5
202300041323;155 607 311;7;0;2;1;26;1
202300041323;155 607 312;7;0;2;1;1;1
202300041324;155 607 310;7;1;0;1;26;1
202300041325;155 607 308;7;0;2;7;14;1
202300041325;155 607 309;7;0;2;3;1;1
202300041326;155 607 307;7;9;0;1;0;1
202300041327;155 607 305;30;0;2;1;2;1
202300041327;155 607 306;7;0;2;6;23;1
202300041328;155 607 304;1;0;;0;0;5
202300041329;155 607 302;7;0;9;2;16;1
202300041329;155 607 303;50;0;2;1;1;3
202300041330;155 607 300;3;0;2;5;26;1
202300041330;155 607 301;7;0;2;3;0;1
202300041331;155 607 298;7;0;2;1;1;1
202300041331;155 607 299;7;0;2;3;1;1
202300041332;155 607 297;7;1;1;1;26;1
202300041333;155 607 296;7;0;1;1;1;1
202300041334;155 607 294;7;0;2;2;0;1
202300041334;155 607 295;34;0;2;1;1;1
202300041335;155 607 293;34;0;1;1;7;1
202300041336;155 607 290;30;0;2;2;11;1
202300041336;155 607 292;7;0;2;1;1;1
202300041337;155 607 289;2;0;2;1;1;1
202300041337;155 607 291;7;0;2;4;1;1
202300041338;155 607 288;7;8;0;1;5;0
202300041339;155 607 287;7;0;1;1;1;2
202300041340;155 607 286;30;0;0;1;1;1
202300041341;155 607 283;7;0;2;8;9;1
202300041341;155 607 285;30;0;2;2;1;1
202300041342;155 607 280;32;0;2;1;1;1
202300041342;155 607 282;32;0;2;8;10;1
202300041343;155 607 277;7;0;2;1;1;1
202300041343;155 607 278;7;0;2;8;1;1
202300041343;155 607 279;7;0;2;8;1;1
202300041344;155 607 281;7;0;2;3;15;1
202300041344;155 607 284;32;0;2;1;1;1
202300041345;155 607 274;7;0;2;1;15;1
202300041345;155 607 275;30;0;2;1;17;1
202300041346;155 607 271;7;0;0;3;1;1
202300041346;155 607 273;2;0;2;1;5;1
202300041346;155 607 276;2;0;0;0;1;1
202300041347;155 607 270;31;0;2;1;2;3
202300041347;155 607 272;7;0;2;4;2;0
202300041348;155 607 268;31;0;2;3;3;1
202300041348;155 607 269;10;0;2;0;12;1
202300041349;155 607 267;7;3;0;1;1;1
202300041350;155 607 266;37;0;1;2;1;4
202300041351;155 607 265;7;2;0;1;15;1
202300041352;155 607 263;32;0;2;1;1;1
202300041352;155 607 264;7;0;2;0;23;3
202300041353;155 607 262;7;2;0;3;13;1
202300041354;155 607 260;7;0;2;4;1;2
202300041354;155 607 261;7;0;2;1;1;3
202300041355;155 607 258;7;0;2;2;12;1
202300041355;155 607 259;33;0;2;3;1;1
202300041356;155 607 255;80;0;2;1;19;3
202300041356;155 607 256;1;0;2;3;1;5
202300041357;155 607 257;7;0;1;2;1;1
202300041358;155 607 253;2;0;2;1;1;3
202300041358;155 607 254;7;0;2;3;9;1
202300041359;155 607 251;10;0;2;8;1;1
202300041359;155 607 252;10;0;2;1;17;1
202300041360;155 607 249;7;0;2;5;16;3
202300041360;155 607 250;2;0;2;3;1;1
202300041361;155 607 247;7;0;1;3;1;1
202300041362;155 607 248;7;0;1;0;1;0
202300041363;155 607 245;7;0;2;7;15;1
202300041363;155 607 246;31;0;2;1;1;3
202300041364;155 607 244;7;13;0;0;1;1
202300041365;155 607 243;30;9;0;7;14;1
202300041366;155 607 240;1;0;2;1;1;5
202300041366;155 607 241;7;1;2;1;20;2
202300041367;155 607 239;10;0;2;1;1;1
202300041367;155 607 242;7;0;2;3;15;1
202300041368;155 607 237;1;0;2;7;7;5
202300041368;155 607 238;7;0;2;1;9;1
202300041369;155 607 235;7;0;2;2;2;1
202300041369;155 607 236;2;0;2;6;15;1
202300041370;155 607 233;33;0;2;8;1;1
202300041370;155 607 234;7;0;2;2;15;1
202300041371;155 607 231;33;0;2;1;1;1
202300041371;155 607 232;7;0;2;6;19;1
202300041372;155 607 230;1;0;1;0;1;5
202300041373;155 607 227;31;0;0;1;1;1
202300041374;155 607 228;21;0;2;8;15;1
202300041374;155 607 229;2;0;2;7;17;1
202300041375;155 607 225;7;8;2;1;1;1
202300041375;155 607 226;50;16;2;2;19;3
202300041376;155 607 224;7;0;0;9;21;1
202300041377;155 607 223;80;0;0;0;23;3
202300041378;155 607 222;7;0;1;3;15;1
202300041379;155 607 221;7;2;0;3;1;1
202300041380;155 607 219;7;0;2;5;23;2
202300041380;155 607 220;7;0;2;3;13;2
202300041381;155 607 216;10;0;2;4;4;1
202300041381;155 607 217;1;0;2;4;23;5
202300041382;155 607 215;7;7;2;1;5;1
202300041382;155 607 218;7;0;2;3;1;1
202300041383;155 607 212;10;0;2;1;1;3
202300041383;155 607 214;7;0;2;8;1;0
202300041384;155 607 211;7;0;0;1;1;1
202300041384;155 607 213;7;0;0;7;1;1
202300041385;155 607 210;7;14;0;1;19;1
202300041386;155 607 208;2;1;0;2;1;1
202300041387;155 607 207;7;0;2;7;12;1
202300041387;155 607 209;34;0;2;8;3;1
202300041388;155 607 205;7;2;0;3;1;1
202300041389;155 607 202;7;0;2;1;1;1
202300041389;155 607 203;10;0;2;7;15;1
202300041390;155 607 201;7;10;0;2;1;1
202300041391;155 607 198;7;0;2;3;20;6
202300041391;155 607 200;33;0;2;7;2;6
202300041392;155 607 197;7;0;0;6;15;1
202300041392;155 607 199;33;0;2;1;17;1
202300041393;155 607 195;33;0;2;3;1;1
202300041393;155 607 196;7;0;2;5;19;1
202300041394;155 607 194;7;2;0;1;1;1
202300041395;155 607 192;7;0;2;3;16;1
202300041395;155 607 193;50;0;2;1;1;3
202300041396;155 607 191;7;0;1;5;26;1
202300041397;155 607 190;7;0;1;2;1;3
202300041398;155 607 189;7;0;1;3;26;1
202300041399;155 607 187;7;0;2;3;9;1
202300041399;155 607 188;10;0;2;1;1;1
202300041400;155 607 185;80;0;2;1;1;3
202300041400;155 607 186;7;0;2;3;23;1
202300041401;155 607 182;1;0;2;0;0;5
202300041401;155 607 184;50;0;2;2;11;3
202300041402;155 607 181;10;0;2;1;1;1
202300041402;155 607 183;7;11;2;6;19;1
202300041403;155 607 177;7;0;0;1;23;0
202300041403;155 607 179;33;1;2;0;0;0
202300041403;155 607 180;33;1;2;0;0;0
202300041404;155 607 176;0;0;9;0;0;0
202300041404;155 607 178;1;0;2;8;0;5
202300041405;155 607 170;50;1;0;1;0;3
202300041405;155 607 172;7;0;9;8;22;1
202300041406;155 607 171;7;0;2;8;1;2
202300041406;155 607 173;17;0;2;2;17;1
202300041407;155 607 167;7;0;2;8;1;1
202300041407;155 607 169;10;0;2;1;15;1
202300041408;155 607 168;14;0;0;0;2;1
202300041409;155 607 165;14;1;0;6;1;1
202300041409;155 607 166;7;0;2;0;0;0
202300041410;155 607 164;10;14;1;3;2;3
202300041411;155 607 163;7;15;0;2;1;1
202300041412;155 607 161;7;0;9;3;1;0
202300041412;155 607 162;1;0;2;1;1;5
202300041413;155 607 158;7;0;2;3;15;1
202300041413;155 607 159;31;0;2;1;17;1
202300041414;155 607 157;7;0;0;9;13;1
202300041415;155 607 155;7;0;2;4;16;1
202300041415;155 607 156;34;0;2;1;16;1
202300041416;155 607 154;33;0;0;8;0;1
202300041417;155 607 153;50;0;0;0;10;3
202300041418;155 607 149;31;0;2;1;1;1
202300041418;155 607 152;7;0;2;3;16;1
202300041419;155 607 150;7;0;0;8;13;1
202300041419;155 607 151;33;0;2;7;17;1
202300041420;155 607 145;30;0;2;3;1;1
202300041420;155 607 147;7;0;2;3;15;0
202300041421;155 607 146;33;0;2;1;1;1
202300041421;155 607 148;7;0;2;8;15;1
202300041422;155 607 143;2;6;0;1;13;1
202300041423;155 607 142;7;8;2;8;2;1
202300041423;155 607 144;7;0;2;1;15;1
202300041424;155 607 140;3;0;1;1;16;1
202300041425;155 607 139;7;0;2;3;0;1
202300041425;155 607 141;15;0;2;3;1;1
202300041426;155 607 138;7;8;0;3;13;1
202300041427;155 607 135;7;0;2;1;1;1
202300041427;155 607 137;38;0;2;3;26;1
202300041428;155 607 133;10;0;2;3;9;1
202300041428;155 607 134;7;0;2;5;1;1
202300041429;155 607 132;7;13;0;9;1;0
202300041430;155 607 130;7;0;1;2;1;0
202300041431;155 607 131;7;0;2;3;1;1
202300041431;155 607 136;7;0;2;1;0;1
202300041432;155 607 129;7;8;0;1;1;0
202300041433;155 607 127;7;0;2;3;6;1
202300041433;155 607 128;31;0;2;8;1;1
202300041434;155 607 126;7;0;1;1;1;1
202300041435;155 607 124;33;0;0;7;21;0
202300041436;155 607 125;7;2;0;2;1;1
202300041437;155 607 123;7;6;0;1;1;1
202300041438;155 607 122;7;17;0;1;0;0
202300041439;155 607 118;7;0;2;1;5;1
202300041439;155 607 119;7;0;2;1;1;1
202300041440;155 607 116;2;0;0;8;1;1
202300041441;155 607 117;7;2;0;1;14;1
202300041442;155 607 113;33;0;2;0;1;1
202300041442;155 607 114;33;0;2;8;1;1
202300041443;155 607 112;33;0;2;1;5;1
202300041443;155 607 115;10;0;2;3;1;1
202300041444;155 607 111;7;8;0;1;17;1
202300041445;155 607 110;33;16;0;0;2;1
202300041446;155 607 108;7;1;0;1;2;1
202300041446;155 607 109;7;0;0;4;23;1
202300041447;155 607 105;7;0;2;6;1;0
202300041447;155 607 106;7;0;2;2;1;1
202300041448;155 607 103;7;0;2;4;2;1
202300041448;155 607 104;7;0;2;1;2;1
202300041449;155 607 099;7;0;2;1;1;1
202300041449;155 607 100;7;0;2;4;0;1
202300041449;155 607 101;7;0;2;2;0;1
202300041449;155 607 102;7;0;2;6;0;1
202300041450;155 607 097;10;0;2;6;11;1
202300041450;155 607 098;43;0;2;2;1;1
202300041451;155 607 095;7;0;2;1;1;1
202300041451;155 607 096;7;0;2;6;1;1
202300041452;155 607 092;10;0;2;1;1;1
202300041452;155 607 093;7;0;2;4;2;2
202300041452;155 607 094;7;0;2;4;2;2
202300041453;155 607 090;7;0;2;1;10;1
202300041453;155 607 091;34;0;2;7;1;0
202300041454;155 607 087;1;0;2;4;1;5
202300041454;155 607 088;31;0;2;1;1;1
202300041455;155 607 085;7;0;2;1;2;1
202300041455;155 607 086;7;0;2;4;24;1
202300041455;155 607 089;7;0;2;1;2;1
202300041456;155 607 084;7;0;1;2;1;1
202300041457;155 607 083;7;6;0;1;1;1
202300041458;155 607 081;33;0;2;0;3;1
202300041458;155 607 082;10;0;2;0;1;3
202300041459;155 607 080;10;4;0;1;13;1
202300041460;155 607 076;32;0;2;6;1;1
202300041460;155 607 079;7;0;2;2;12;1
202300041461;155 607 075;7;0;2;1;2;1
202300041461;155 607 077;10;0;2;4;2;1
202300041461;155 607 078;7;0;0;4;2;1
202300041462;155 607 073;50;14;2;1;21;3
202300041462;155 607 074;34;0;2;1;1;1
202300041463;155 607 072;7;4;2;1;26;1
202300041464;155 607 070;7;4;0;1;13;1
202300041465;155 607 068;32;1;2;1;1;1
202300041465;155 607 069;7;0;2;3;1;1
202300041465;155 607 071;32;0;0;0;23;0
202300041466;155 607 067;7;3;0;8;13;1
202300041467;155 607 066;99;12;0;1;2;0
202300041468;155 607 063;7;0;2;4;1;1
202300041468;155 607 064;7;0;2;2;1;1
202300041468;155 607 065;7;0;2;4;1;1
202300041469;155 607 061;33;0;2;3;1;1
202300041469;155 607 062;7;0;2;2;12;2
202300041470;155 607 060;7;14;0;0;0;1
202300041471;155 607 058;1;0;2;1;1;5
202300041471;155 607 059;80;0;2;8;11;3
202300041472;155 607 057;7;4;0;3;15;1
202300041473;155 607 056;2;0;0;8;1;1
202300041474;155 607 055;7;4;0;3;16;1
202300041475;155 607 053;50;0;2;1;1;3
202300041475;155 607 054;7;14;2;2;1;1
202300041476;155 607 052;7;4;0;1;2;1
202300041477;155 607 049;33;0;2;0;0;1
202300041478;155 607 050;7;0;2;2;15;1
202300041478;155 607 051;34;0;2;1;1;1
202300041479;155 607 046;10;0;1;3;2;1
202300041480;155 607 047;7;0;2;3;11;1
202300041480;155 607 048;31;0;2;2;2;1
202300041481;155 607 044;7;5;0;1;1;1
202300041482;155 607 045;34;0;0;;1;0
202300041483;155 607 043;31;0;0;0;1;1
202300041484;155 607 041;33;1;2;8;14;1
202300041484;155 607 042;7;0;2;2;9;1
202300041485;155 607 038;33;0;0;0;1;1
202300041486;155 607 036;7;0;2;4;1;1
202300041486;155 607 037;7;0;2;7;1;1
202300041486;155 607 039;7;0;2;4;1;1
202300041486;155 607 040;7;0;2;3;11;1
202300041487;155 607 035;10;0;1;3;1;0
202300041488;155 607 033;7;0;2;2;15;1
202300041488;155 607 034;30;0;2;1;1;1
202300041489;155 607 032;10;0;1;1;15;1
202300041490;155 607 030;7;0;2;3;0;1
202300041490;155 607 031;33;0;2;8;1;1
202300041491;155 607 028;7;0;2;7;17;0
202300041491;155 607 029;50;0;2;1;1;3
202300041492;155 607 027;7;0;0;2;15;1
202300041493;155 607 025;10;0;0;3;22;0
202300041493;155 607 026;1;1;0;1;17;5
202300041494;155 607 024;1;0;9;1;1;5
202300041495;155 607 021;15;0;2;0;21;1
202300041495;155 607 022;7;0;2;3;17;1
202300041495;155 607 023;7;0;2;3;0;1
202300041496;155 607 020;50;1;0;0;1;3
202300041497;155 607 017;33;6;2;7;0;1
202300041497;155 607 018;10;6;2;8;9;1
202300041498;155 607 016;37;0;2;1;1;1
202300041498;155 607 019;7;0;2;7;1;1
202300041499;155 607 015;7;9;1;1;21;1
202300041500;155 607 013;7;0;1;2;26;1
202300041501;155 607 012;50;0;2;1;1;3
202300041501;155 607 014;7;0;2;8;1;1
202300041502;155 607 009;7;0;2;1;9;1
202300041502;155 607 010;33;0;2;1;1;1
202300041503;155 607 008;7;0;2;8;19;1
202300041503;155 607 011;30;0;2;1;1;1
202300041504;155 607 005;7;0;2;1;15;1
202300041504;155 607 007;31;0;2;7;1;1