Num_Acc;id_vehicule;categorie_vehicule;obstacle_fixe;obstacle_mobile;point_choc_initial;manoeuvre_principale;motorisation
202300041505;155 607 004;7;0;0;3;1;1
202300041506;155 607 002;1;0;2;3;1;5
202300041506;155 607 003;99;0;9;3;1;1
202300041507;155 607 001;7;0;1;1;1;0
202300041508;155 606 999;7;0;2;1;2;1
202300041508;155 607 000;7;7;0;4;1;1
202300041509;155 606 997;7;0;2;5;15;1
202300041509;155 606 998;33;0;2;1;1;1
202300041510;155 606 995;7;0;2;3;13;1
202300041510;155 606 996;7;0;2;6;1;1
202300041511;155 606 994;7;12;0;1;11;1
202300041512;155 606 985;7;0;2;0;23;0
202300041512;155 606 986;7;0;2;0;1;1
202300041512;155 606 987;7;0;2;4;21;1
202300041512;155 606 989;7;0;2;0;0;1
202300041512;155 606 990;7;0;2;4;26;1
202300041512;155 606 992;17;0;2;6;1;1
202300041512;155 606 993;7;4;2;2;21;1
202300041513;155 606 984;7;0;2;3;15;1
202300041513;155 606 988;7;0;2;5;2;1
202300041514;155 606 983;7;13;0;6;1;1
202300041515;155 606 982;7;1;1;3;13;1
202300041516;155 606 980;33;12;0;1;0;1
202300041517;155 606 978;7;0;2;3;26;1
202300041517;155 606 979;7;0;2;3;26;1
202300041518;155 606 977;15;0;1;5;4;1
202300041519;155 606 976;7;0;1;1;15;1
202300041520;155 606 974;7;0;2;3;13;1
202300041520;155 606 975;7;0;2;3;1;0
202300041521;155 606 968;7;0;2;8;1;1
202300041521;155 606 970;7;0;2;8;1;1
202300041521;155 606 971;15;0;2;3;1;1
202300041521;155 606 972;10;0;2;3;13;1
202300041522;155 606 967;7;0;2;2;0;1
202300041522;155 606 969;7;0;2;1;0;1
202300041523;155 606 966;1;0;0;8;1;5
202300041524;155 606 963;7;0;2;3;26;1
202300041524;155 606 965;30;0;2;2;1;1
202300041525;155 606 962;7;7;2;3;1;1
202300041525;155 606 964;7;0;2;2;9;1
202300041526;155 606 959;7;0;2;3;9;1
202300041526;155 606 961;7;0;2;2;1;1
202300041527;155 606 958;38;0;9;5;15;1
202300041527;155 606 960;1;0;2;1;25;5
202300041528;155 606 956;1;0;2;1;1;5
202300041528;155 606 957;50;0;2;8;1;3
202300041529;155 606 954;10;0;0;6;22;1
202300041530;155 606 952;33;9;0;1;1;1
202300041531;155 606 951;7;0;2;1;9;1
202300041531;155 606 953;31;0;2;0;0;1
202300041532;155 606 949;7;0;9;4;4;1
202300041532;155 606 950;1;0;2;1;1;5
202300041533;155 606 946;1;0;2;3;2;5
202300041534;155 606 945;1;0;2;3;2;5
202300041535;155 606 941;7;0;5;1;1;1
202300041535;155 606 943;7;0;5;1;1;0
202300041535;155 606 944;7;0;5;3;1;0
202300041536;155 606 939;7;0;2;0;5;1
202300041536;155 606 940;10;0;2;1;0;1
202300041537;155 606 937;7;0;9;3;15;1
202300041537;155 606 938;1;0;2;1;0;5
202300041538;155 606 933;7;0;2;1;2;1
202300041538;155 606 934;2;0;2;4;2;1
202300041539;155 606 932;10;0;2;2;1;1
202300041539;155 606 935;7;0;2;1;13;1
202300041539;155 606 936;7;0;2;1;1;1
202300041540;155 606 931;36;13;0;3;21;1
202300041541;155 606 929;7;0;2;1;18;1
202300041541;155 606 930;1;0;2;4;16;5
202300041542;155 606 928;1;0;0;0;1;5
202300041543;155 606 925;7;2;0;3;0;1
202300041544;155 606 926;7;0;2;1;9;1
202300041544;155 606 927;30;0;2;7;26;3
202300041545;155 606 922;7;0;2;1;1;1
202300041545;155 606 924;1;0;2;1;19;5
202300041546;155 606 921;7;0;0;0;0;0
202300041546;155 606 923;7;0;0;0;0;1
202300041547;155 606 918;3;14;2;2;17;1
202300041548;155 606 919;7;8;0;4;2;1
202300041548;155 606 920;14;0;2;1;2;1
202300041549;155 606 913;7;0;2;1;9;1
202300041549;155 606 915;7;0;2;7;1;1
202300041550;155 606 914;1;0;2;1;1;5
202300041550;155 606 916;7;0;9;2;15;1
202300041551;155 606 910;7;0;2;1;2;1
202300041551;155 606 912;10;0;0;3;15;1
202300041552;155 606 908;7;0;2;4;2;1
202300041552;155 606 909;7;0;2;1;2;1
202300041552;155 606 911;7;0;2;4;2;1
202300041553;155 606 906;2;0;2;2;26;1
202300041553;155 606 907;7;0;2;1;1;1
202300041554;155 606 905;7;4;0;1;0;0
202300041555;155 606 903;30;0;2;1;1;1
202300041555;155 606 904;10;0;2;3;1;1
202300041556;155 606 901;7;1;1;4;24;0
202300041557;155 606 900;2;0;2;7;1;1
202300041557;155 606 902;7;0;0;7;15;1
202300041558;155 606 898;15;0;1;2;1;1
202300041559;155 606 897;7;2;0;1;1;1
202300041560;155 606 896;50;0;2;1;19;3
202300041560;155 606 899;7;0;2;3;1;1
202300041561;155 606 895;15;8;0;7;14;1
202300041562;155 606 893;7;0;2;2;1;1
202300041562;155 606 894;33;0;2;1;5;1
202300041563;155 606 891;10;0;2;3;13;1
202300041563;155 606 892;7;0;2;3;1;1
202300041564;155 606 889;33;1;0;1;0;1
202300041564;155 606 890;7;0;2;1;0;1
202300041565;155 606 886;7;0;2;3;1;1
202300041565;155 606 887;7;0;2;3;1;1
202300041566;155 606 888;37;12;1;7;7;2
202300041567;155 606 882;7;3;2;2;17;1
202300041567;155 606 884;7;3;2;6;17;1
202300041568;155 606 880;13;0;2;1;1;1
202300041568;155 606 881;7;0;2;4;1;1
202300041568;155 606 883;7;0;2;4;1;1
202300041568;155 606 885;7;0;2;4;1;1
202300041569;155 606 877;7;13;0;2;1;1
202300041570;155 606 878;50;0;2;1;1;3
202300041570;155 606 879;7;0;2;8;26;0
202300041571;155 606 875;1;0;2;7;1;5
202300041571;155 606 876;31;0;2;1;1;1
202300041572;155 606 874;7;0;1;1;1;1
202300041573;155 606 872;7;0;2;1;13;1
202300041573;155 606 873;7;0;2;1;14;1
202300041574;155 606 868;1;0;0;4;1;5
202300041574;155 606 870;7;0;2;2;2;0
202300041575;155 606 869;7;0;2;8;10;1
202300041575;155 606 871;7;0;2;1;13;1
202300041576;155 606 865;1;0;2;3;15;5
202300041576;155 606 867;7;0;2;2;15;1
202300041577;155 606 864;7;0;2;1;9;1
202300041577;155 606 866;7;0;2;4;9;1
202300041578;155 606 862;33;0;2;1;9;1
202300041578;155 606 863;7;0;2;7;26;0
202300041579;155 606 860;10;0;2;1;15;1
202300041579;155 606 861;33;0;2;1;1;1
202300041580;155 606 858;31;0;2;1;16;1
202300041580;155 606 859;7;0;2;3;1;1
202300041581;155 606 856;40;0;1;3;1;3
202300041582;155 606 855;30;0;2;1;5;1
202300041582;155 606 857;7;0;2;3;1;1
202300041583;155 606 853;7;0;2;0;11;1
202300041583;155 606 854;30;0;2;8;0;3
202300041584;155 606 852;7;8;0;3;1;1
202300041585;155 606 850;7;0;1;2;1;1
202300041586;155 606 849;7;0;2;5;15;1
202300041586;155 606 851;7;0;2;2;1;1
202300041587;155 606 847;7;0;2;3;15;1
202300041587;155 606 848;2;0;2;1;1;1
202300041588;155 606 846;7;13;0;2;15;0
202300041589;155 606 844;33;8;0;1;1;1
202300041590;155 606 843;7;0;2;3;13;1
202300041590;155 606 845;13;12;2;8;1;1
202300041591;155 606 841;7;0;2;1;1;1
202300041591;155 606 842;7;0;2;8;9;1
202300041592;155 606 839;7;0;2;3;15;1
202300041592;155 606 840;2;0;2;1;1;1
202300041593;155 606 838;10;0;1;3;15;1
202300041594;155 606 837;7;0;1;2;2;1
202300041595;155 606 833;7;0;0;4;2;1
202300041595;155 606 835;7;0;2;4;2;1
202300041595;155 606 836;10;0;2;1;2;1
202300041596;155 606 832;32;0;2;5;1;1
202300041596;155 606 834;32;0;2;1;0;1
202300041597;155 606 830;10;0;2;4;1;1
202300041597;155 606 831;33;0;2;1;1;1
202300041598;155 606 829;7;0;1;8;15;1
202300041599;155 606 826;7;0;2;1;2;1
202300041599;155 606 827;7;0;2;4;2;1
202300041599;155 606 828;7;0;2;4;2;1
202300041600;155 606 824;7;0;2;1;13;1
202300041600;155 606 825;7;0;2;1;1;1
202300041601;155 606 821;7;0;2;4;11;0
202300041601;155 606 822;33;0;2;1;1;1
202300041601;155 606 823;7;0;2;6;1;1
202300041602;155 606 818;7;0;2;3;14;1
202300041602;155 606 819;7;0;2;1;1;1
202300041603;155 606 817;7;0;9;4;2;0
202300041603;155 606 820;7;0;2;4;2;6
202300041604;155 606 814;10;0;2;1;2;1
202300041604;155 606 815;7;0;2;4;2;1
202300041605;155 606 813;2;0;1;1;1;1
202300041606;155 606 810;7;0;2;3;2;1
202300041606;155 606 811;7;0;2;5;2;1
202300041606;155 606 812;7;0;2;5;0;1
202300041607;155 606 808;32;0;0;7;21;1
202300041608;155 606 804;7;0;2;1;1;1
202300041608;155 606 807;7;0;2;1;1;6
202300041608;155 606 809;7;0;2;4;1;1
202300041609;155 606 803;14;0;2;4;1;1
202300041609;155 606 805;10;0;2;1;9;1
202300041609;155 606 806;14;0;2;1;1;1
202300041610;155 606 800;7;0;2;4;1;1
202300041610;155 606 802;7;0;2;1;2;1
202300041611;155 606 799;7;0;2;8;1;0
202300041611;155 606 801;33;0;2;3;1;1
202300041612;155 606 797;10;0;2;4;2;1
202300041612;155 606 798;7;0;2;1;2;1
202300041613;155 606 796;1;14;0;1;1;5
202300041614;155 606 795;15;2;0;1;1;1
202300041615;155 606 793;7;0;1;0;2;3
202300041616;155 606 792;7;0;2;1;7;1
202300041616;155 606 794;1;0;2;4;7;5
202300041617;155 606 789;7;0;2;1;1;1
202300041617;155 606 790;7;0;2;5;23;1
202300041618;155 606 787;7;0;2;6;2;1
202300041618;155 606 788;7;0;2;1;2;1
202300041619;155 606 784;7;0;0;3;11;1
202300041619;155 606 786;2;0;2;2;1;1
202300041620;155 606 783;7;0;2;4;23;2
202300041620;155 606 785;7;0;2;1;1;1
202300041621;155 606 781;7;0;1;3;1;3
202300041622;155 606 782;32;12;0;1;14;3
202300041623;155 606 778;7;0;2;1;1;1
202300041623;155 606 780;1;0;2;1;15;5
202300041624;155 606 777;7;0;2;1;15;1
202300041624;155 606 779;34;0;2;1;1;1
202300041625;155 606 774;7;0;2;3;15;1
202300041625;155 606 776;31;0;2;1;1;3
202300041626;155 606 770;7;0;2;4;1;1
202300041626;155 606 772;7;0;2;0;1;1
202300041626;155 606 773;7;0;2;4;1;1
202300041626;155 606 775;7;0;2;1;1;1
202300041627;155 606 769;50;0;2;1;1;3
202300041627;155 606 771;7;0;2;3;1;1
202300041628;155 606 768;7;2;0;1;13;1
202300041629;155 606 765;7;2;2;9;26;1
202300041630;155 606 766;1;0;2;1;1;5
202300041630;155 606 767;1;0;2;8;1;5
202300041631;155 606 763;7;1;2;3;16;1
202300041631;155 606 764;33;1;2;7;1;1
202300041632;155 606 760;32;0;2;7;14;3
202300041632;155 606 762;7;0;2;3;1;1
202300041633;155 606 758;7;0;2;4;2;1
202300041633;155 606 759;7;0;2;9;2;1
202300041633;155 606 761;10;0;2;1;2;0
202300041634;155 606 755;10;0;2;4;12;0
202300041634;155 606 756;10;0;2;1;12;1
202300041635;155 606 754;7;0;2;1;1;1
202300041635;155 606 757;30;0;2;4;26;1
202300041636;155 606 752;7;0;2;1;13;1
202300041636;155 606 753;7;0;2;1;1;1
202300041637;155 606 751;0;0;1;1;0;0
202300041638;155 606 749;50;0;0;1;1;3
202300041639;155 606 748;10;0;2;2;1;2
202300041639;155 606 750;10;0;2;3;3;1
202300041640;155 606 747;32;0;2;7;1;1
202300041641;155 606 746;50;0;1;1;25;3
202300041642;155 606 745;30;0;0;0;0;1
202300041643;155 606 740;7;0;2;8;15;1
202300041643;155 606 742;32;0;2;1;1;1
202300041644;155 606 739;7;0;2;5;15;1
202300041644;155 606 741;2;0;2;7;21;1
202300041645;155 606 738;7;6;0;1;1;1
202300041646;155 606 735;30;0;2;1;18;1
202300041646;155 606 737;7;0;0;7;16;1
202300041647;155 606 734;7;0;2;2;1;1
202300041647;155 606 736;7;0;2;8;16;1
202300041648;155 606 733;30;0;1;1;25;0
202300041649;155 606 731;50;0;0;7;1;3
202300041650;155 606 729;7;0;2;6;10;0
202300041650;155 606 732;34;0;2;1;1;0
202300041651;155 606 728;30;0;2;2;1;0
202300041651;155 606 730;10;0;2;3;15;1
202300041652;155 606 726;1;0;2;1;1;5
202300041652;155 606 727;7;0;2;1;15;1
202300041653;155 606 723;33;0;2;1;3;1
202300041653;155 606 724;7;0;2;3;9;1
202300041654;155 606 722;7;0;2;1;1;1
202300041655;155 606 721;7;13;0;2;14;1
202300041656;155 606 720;33;0;1;1;0;1
202300041657;155 606 718;7;0;2;1;1;1
202300041657;155 606 719;7;0;2;0;0;1
202300041658;155 606 717;7;6;0;1;1;1
202300041659;155 606 715;31;0;2;1;11;1
202300041659;155 606 716;7;0;2;2;1;1
202300041660;155 606 714;33;16;0;0;14;1
202300041661;155 606 712;7;6;0;3;13;1
202300041662;155 606 710;7;4;0;1;15;1
202300041663;155 606 709;33;0;2;1;1;1
202300041663;155 606 711;7;0;2;4;15;1
202300041663;155 606 713;10;0;2;1;1;1
202300041664;155 606 708;7;8;0;2;14;1
202300041665;155 606 707;7;0;1;0;20;1
202300041666;155 606 704;32;0;2;1;17;1
202300041666;155 606 705;7;0;2;4;1;1
202300041666;155 606 706;7;0;2;3;2;1
202300041667;155 606 703;7;6;0;1;1;1
202300041668;155 606 701;7;6;0;3;13;1
202300041669;155 606 700;7;0;2;4;1;3
202300041669;155 606 702;7;0;2;1;1;1
202300041670;155 606 699;7;0;0;0;0;1
202300041671;155 606 698;7;13;0;9;1;1
202300041672;155 606 696;7;0;2;4;2;1
202300041672;155 606 697;33;0;2;1;2;1
202300041673;155 606 695;7;0;0;9;1;1
202300041674;155 606 692;7;0;2;0;0;1
202300041674;155 606 694;33;0;2;0;0;1
202300041675;155 606 691;1;0;2;7;1;5
202300041675;155 606 693;7;0;2;3;9;3
202300041676;155 606 690;7;13;0;2;1;0
202300041677;155 606 689;2;0;0;1;1;1
202300041678;155 606 687;7;12;0;1;1;1
202300041679;155 606 685;21;0;2;1;15;1
202300041679;155 606 688;2;0;2;8;1;3
202300041680;155 606 684;7;0;2;3;15;1
202300041680;155 606 686;2;0;2;1;17;1
202300041681;155 606 681;10;0;2;2;16;0
202300041681;155 606 683;2;0;2;3;0;1
202300041682;155 606 680;7;0;2;1;1;1
202300041682;155 606 682;7;0;2;7;1;1
202300041683;155 606 679;36;13;0;3;1;1
202300041684;155 606 678;7;13;0;2;14;1
202300041685;155 606 677;33;0;0;7;2;1
202300041686;155 606 673;33;0;2;1;17;1
202300041686;155 606 675;7;0;2;1;15;1
202300041687;155 606 671;7;8;0;8;1;1
202300041688;155 606 672;7;0;2;1;15;1
202300041688;155 606 674;7;9;2;1;1;1
202300041689;155 606 669;7;0;2;3;13;1
202300041689;155 606 670;7;0;2;8;1;1
202300041690;155 606 668;7;6;0;8;1;1
202300041691;155 606 667;10;7;0;1;1;1
202300041692;155 606 666;7;0;1;4;4;1
202300041693;155 606 665;7;3;0;3;11;1
202300041694;155 606 662;7;14;0;1;1;1
202300041694;155 606 664;7;0;2;4;23;1
202300041695;155 606 661;33;0;2;0;0;0
202300041695;155 606 663;7;0;2;5;26;1
202300041696;155 606 658;7;12;0;9;14;1
202300041697;155 606 657;7;0;2;3;1;1
202300041697;155 606 660;7;0;2;3;1;1
202300041698;155 606 656;1;0;2;3;1;5
202300041698;155 606 659;7;0;2;3;23;1
202300041699;155 606 653;7;0;0;9;2;1
202300041700;155 606 652;7;0;2;1;19;1
202300041700;155 606 655;7;0;2;1;1;0
202300041701;155 606 651;7;0;2;1;1;1
202300041701;155 606 654;50;0;2;6;19;3
202300041702;155 606 649;32;0;1;3;13;1
202300041703;155 606 645;7;0;2;4;2;1
202300041703;155 606 648;7;0;2;1;2;1
202300041703;155 606 650;7;0;2;4;2;1
202300041704;155 606 643;7;0;2;3;0;1
202300041704;155 606 646;33;0;2;4;21;1
202300041704;155 606 647;33;0;2;1;1;1
202300041705;155 606 641;33;11;0;8;1;1
202300041706;155 606 638;7;0;2;1;1;1
202300041706;155 606 640;7;0;2;4;12;1
202300041707;155 606 639;7;9;0;1;1;1
202300041708;155 606 637;7;2;0;1;2;3
202300041709;155 606 634;7;0;2;8;9;0
202300041709;155 606 636;10;0;2;1;2;1
202300041710;155 606 633;7;0;2;7;0;1
202300041710;155 606 635;7;0;2;1;9;1
202300041711;155 606 631;7;2;0;1;16;1
202300041712;155 606 628;7;2;5;1;14;0
202300041713;155 606 627;7;0;2;1;13;1
202300041713;155 606 630;7;0;2;1;1;1
202300041714;155 606 626;7;0;2;1;1;1
202300041714;155 606 629;3;0;2;4;23;1
202300041715;155 606 622;7;0;2;3;13;1
202300041715;155 606 624;7;0;0;3;1;1
202300041716;155 606 621;7;0;2;1;15;1
202300041716;155 606 625;33;0;2;0;0;1
202300041717;155 606 620;7;0;2;1;15;1
202300041717;155 606 623;7;0;2;1;1;1
202300041718;155 606 618;7;0;2;1;1;1
202300041718;155 606 619;10;0;2;1;5;1
202300041719;155 606 616;7;0;2;3;16;1
202300041719;155 606 617;7;0;2;3;1;1
202300041720;155 606 614;33;0;2;7;1;1
202300041720;155 606 615;7;0;2;6;1;1
202300041721;155 606 613;7;0;1;1;16;1
202300041722;155 606 611;7;0;1;1;1;1
202300041723;155 606 610;33;0;0;0;1;1
202300041724;155 606 609;33;3;2;2;1;1
202300041724;155 606 612;7;0;2;2;1;1
202300041725;155 606 608;7;9;0;1;0;1
202300041726;155 606 604;0;0;1;0;0;0
202300041727;155 606 606;1;0;2;7;0;5
202300041727;155 606 607;7;0;2;0;0;0
202300041728;155 606 602;7;0;2;3;1;1
202300041728;155 606 603;7;0;2;8;1;1
202300041728;155 606 605;7;0;2;2;6;1
202300041729;155 606 600;33;0;0;7;1;1
202300041730;155 606 599;10;0;2;8;1;1
202300041730;155 606 601;15;0;2;2;1;1
202300041731;155 606 596;33;0;2;1;3;1
202300041731;155 606 597;10;0;2;4;2;1
202300041732;155 606 595;7;0;2;4;1;1
202300041732;155 606 598;7;0;2;1;1;1
202300041733;155 606 594;1;8;0;1;1;5
202300041734;155 606 590;7;0;2;4;2;1
202300041734;155 606 592;7;0;2;1;2;1
202300041735;155 606 589;7;1;0;2;14;1
202300041735;155 606 593;15;0;0;6;24;1
202300041736;155 606 588;30;0;0;3;1;1
202300041737;155 606 587;7;0;2;8;15;1
202300041737;155 606 591;2;0;2;1;1;1
202300041738;155 606 583;2;0;2;1;21;1
202300041738;155 606 584;7;0;2;7;15;1
202300041739;155 606 585;7;0;2;1;5;1
202300041739;155 606 586;7;0;2;1;2;1
202300041740;155 606 581;30;0;2;1;15;1
202300041740;155 606 582;7;0;2;3;2;1
202300041741;155 606 580;2;0;1;1;1;1
202300041742;155 606 577;7;6;0;3;4;1
202300041743;155 606 578;7;3;2;0;17;1
202300041743;155 606 579;7;3;2;0;12;1
202300041744;155 606 576;7;0;1;1;0;1
202300041745;155 606 574;1;0;2;3;15;5
202300041745;155 606 575;32;0;2;1;1;1
202300041746;155 606 573;7;0;0;0;1;1
202300041747;155 606 571;7;0;2;1;2;6
202300041747;155 606 572;7;0;2;4;2;1
202300041748;155 606 569;7;13;0;1;1;1
202300041749;155 606 568;7;8;0;1;14;1
202300041750;155 606 570;1;0;1;1;1;5
202300041751;155 606 566;10;0;1;2;1;1
202300041752;155 606 562;7;0;2;2;14;1
202300041752;155 606 564;7;0;2;6;2;2
202300041753;155 606 561;50;0;2;7;5;3
202300041753;155 606 563;7;0;2;1;9;1
202300041754;155 606 565;7;0;9;2;17;1
202300041754;155 606 567;1;0;2;4;15;5
202300041755;155 606 557;7;0;0;1;13;1
202300041755;155 606 559;14;0;2;1;1;1
202300041756;155 606 556;30;0;2;1;5;1
202300041756;155 606 558;10;0;2;1;1;1
202300041757;155 606 555;7;0;2;2;15;1
202300041757;155 606 560;7;0;2;3;1;2
202300041758;155 606 553;32;0;2;1;1;1
202300041758;155 606 554;7;0;2;2;15;1
202300041759;155 606 549;10;0;2;3;1;1
202300041759;155 606 551;50;0;2;7;2;3
202300041760;155 606 550;80;0;2;8;1;5
202300041760;155 606 552;7;0;2;2;19;1
202300041761;155 606 547;7;1;0;3;1;1
202300041762;155 606 546;7;0;2;1;15;1
202300041762;155 606 548;7;0;2;3;2;1
202300041763;155 606 545;7;6;0;3;14;1
202300041764;155 606 539;10;0;2;8;22;1
202300041764;155 606 540;33;0;2;1;3;1
202300041764;155 606 542;7;0;2;2;1;1
202300041764;155 606 543;7;0;2;5;1;1
202300041764;155 606 544;7;0;2;6;1;1
202300041765;155 606 538;7;0;2;8;19;1
202300041765;155 606 541;7;0;2;1;1;1
202300041766;155 606 535;99;0;0;1;5;1
202300041766;155 606 537;7;0;0;2;1;1
202300041767;155 606 536;37;0;1;2;7;1
202300041768;155 606 534;30;1;2;1;18;1
202300041769;155 606 533;10;0;1;4;4;1
202300041770;155 606 530;7;0;2;8;1;1
202300041770;155 606 531;7;0;2;1;13;1
202300041771;155 606 529;7;0;2;8;17;1
202300041771;155 606 532;33;2;2;7;17;1
202300041772;155 606 528;50;0;1;1;1;3
202300041773;155 606 526;7;0;2;4;1;1
202300041773;155 606 527;7;0;2;4;1;1
202300041774;155 606 524;10;0;1;1;1;1
202300041775;155 606 523;7;0;2;3;1;1
202300041775;155 606 525;1;0;2;6;12;5
202300041776;155 606 522;7;0;1;1;1;1
202300041777;155 606 520;7;0;0;7;15;3
202300041778;155 606 521;7;3;0;1;14;1
202300041779;155 606 516;7;0;2;2;15;1
202300041779;155 606 518;1;0;2;1;1;5
202300041780;155 606 517;7;6;0;1;1;1
202300041781;155 606 515;7;0;2;3;16;1
202300041781;155 606 519;7;0;2;5;0;2
202300041782;155 606 513;31;0;0;8;21;1
202300041783;155 606 510;7;14;2;1;1;1
202300041783;155 606 512;7;14;2;4;1;1
202300041783;155 606 514;7;14;2;4;1;1
202300041784;155 606 511;7;0;1;7;2;1
202300041785;155 606 506;7;8;2;3;1;0
202300041785;155 606 508;7;0;2;2;19;1
202300041786;155 606 503;10;0;2;1;2;1
202300041786;155 606 505;7;0;2;4;2;1
202300041786;155 606 509;7;0;2;4;2;1
202300041787;155 606 502;33;1;0;1;1;1
202300041788;155 606 501;7;0;2;1;17;1
202300041788;155 606 504;7;0;2;3;1;1
202300041788;155 606 507;7;0;2;1;1;1
202300041789;155 606 498;7;0;2;1;2;1
202300041789;155 606 499;33;0;2;4;2;1
202300041790;155 606 496;7;0;0;8;1;1
202300041790;155 606 500;7;0;2;2;9;1
202300041791;155 606 495;13;0;2;1;2;1
202300041791;155 606 497;7;0;2;4;2;1
202300041792;155 606 494;31;0;1;1;1;1
202300041793;155 606 490;32;0;1;2;1;1
202300041794;155 606 491;7;0;2;1;13;0
202300041794;155 606 493;1;0;2;4;1;5
202300041795;155 606 486;7;0;2;1;1;0
202300041795;155 606 488;2;0;2;8;19;0
202300041796;155 606 487;7;0;2;1;2;1
202300041796;155 606 489;7;0;2;4;2;1
202300041796;155 606 492;7;0;2;4;2;2
202300041797;155 606 485;7;16;0;0;13;6
202300041798;155 606 482;1;0;2;1;2;5
202300041798;155 606 484;14;0;0;5;2;1
202300041799;155 606 478;7;13;0;3;0;1
202300041800;155 606 479;7;0;2;1;2;0
202300041800;155 606 481;30;0;2;4;2;1
202300041801;155 606 480;7;0;2;4;2;1
202300041801;155 606 483;7;0;2;1;11;1
202300041802;155 606 475;7;0;2;3;13;1
202300041802;155 606 476;7;0;2;1;1;1
202300041803;155 606 473;7;0;0;4;15;1
202300041803;155 606 477;31;0;2;1;17;1
202300041804;155 606 472;10;0;1;4;20;1
202300041805;155 606 471;15;0;0;0;0;0
202300041805;155 606 474;7;3;2;1;1;1
202300041806;155 606 467;7;0;2;3;1;1
202300041806;155 606 470;7;0;2;1;1;1
202300041807;155 606 469;33;13;0;3;26;1
202300041808;155 606 468;33;9;0;9;26;0
202300041809;155 606 466;7;4;0;3;1;1
202300041810;155 606 461;7;0;2;1;17;1
202300041810;155 606 463;7;0;2;3;15;1
202300041810;155 606 465;10;0;2;1;1;1
202300041811;155 606 460;33;0;2;1;1;1
202300041811;155 606 464;31;0;2;1;1;1
202300041812;155 606 459;7;0;2;1;1;0
202300041812;155 606 462;7;0;2;3;1;0
202300041813;155 606 458;7;0;0;9;19;1
202300041814;155 606 456;10;0;0;0;13;1
202300041815;155 606 454;7;0;2;6;15;6
202300041815;155 606 457;2;0;2;1;2;6
202300041816;155 606 453;7;0;2;3;23;1
202300041816;155 606 455;33;0;2;2;2;1
202300041817;155 606 450;2;0;0;8;1;1
202300041818;155 606 449;99;3;0;1;1;1
202300041819;155 606 447;7;2;0;3;1;1
202300041820;155 606 446;7;0;2;1;2;1
202300041820;155 606 448;7;0;2;4;23;1
202300041820;155 606 451;7;0;2;4;23;1
202300041820;155 606 452;7;0;2;4;23;1
202300041821;155 606 442;7;0;2;5;2;1
202300041821;155 606 445;7;13;2;1;2;1
202300041822;155 606 443;32;0;0;8;3;1
202300041823;155 606 440;1;0;2;3;13;5
202300041823;155 606 444;7;0;2;3;1;1
202300041824;155 606 438;33;0;0;8;3;1
202300041825;155 606 436;33;0;2;0;1;1
202300041825;155 606 439;7;0;2;3;15;1
202300041826;155 606 435;7;0;2;4;1;1
202300041826;155 606 437;7;0;2;1;2;1
202300041826;155 606 441;7;0;2;4;2;1
202300041827;155 606 433;7;4;0;3;13;1
202300041828;155 606 434;33;0;1;1;1;1
202300041829;155 606 429;7;0;9;2;17;2
202300041829;155 606 431;17;4;0;1;1;1
202300041829;155 606 432;7;0;9;3;1;1
202300041830;155 606 427;7;13;0;9;1;1
202300041831;155 606 428;80;0;1;1;1;3
202300041832;155 606 426;10;0;2;5;12;1
202300041832;155 606 430;7;1;0;2;1;1
202300041833;155 606 425;10;4;0;8;19;1
202300041834;155 606 419;34;0;2;8;9;1
202300041834;155 606 422;7;0;2;5;12;1
202300041835;155 606 420;33;0;2;6;19;1
202300041835;155 606 424;2;0;2;1;1;1
202300041836;155 606 418;32;0;2;2;1;1
202300041836;155 606 421;7;0;2;5;15;1
202300041837;155 606 416;7;0;2;1;21;1
202300041837;155 606 423;7;0;2;5;1;1
202300041838;155 606 414;7;0;1;2;1;1
202300041839;155 606 415;33;8;0;1;1;1
202300041840;155 606 413;7;0;2;7;19;0
202300041840;155 606 417;33;0;2;1;1;0
202300041841;155 606 412;7;4;0;1;21;1
202300041842;155 606 408;32;0;2;1;17;1
202300041842;155 606 410;7;0;2;1;9;1
202300041843;155 606 409;33;0;2;1;1;1
202300041843;155 606 411;7;0;2;3;19;1
202300041844;155 606 406;2;0;2;1;1;1
202300041844;155 606 407;7;0;2;7;1;1
202300041845;155 606 401;7;0;2;4;2;1
202300041845;155 606 405;7;0;2;1;2;1
202300041846;155 606 400;7;13;0;2;1;1
202300041847;155 606 399;7;0;2;3;22;1
202300041847;155 606 403;1;0;2;1;1;5
202300041848;155 606 398;33;0;0;0;1;1
202300041849;155 606 396;31;0;2;1;1;1
202300041849;155 606 397;7;0;2;1;15;1
202300041850;155 606 393;34;0;2;3;15;1
202300041850;155 606 395;50;0;2;1;5;3
202300041851;155 606 390;33;11;2;7;17;1
202300041851;155 606 391;10;0;2;8;11;1
202300041852;155 606 392;7;0;2;6;16;1
202300041852;155 606 394;30;0;2;1;1;1
202300041853;155 606 387;7;0;2;1;13;1
202300041853;155 606 388;7;0;2;3;1;1
202300041854;155 606 386;1;0;2;1;5;5
202300041854;155 606 389;7;0;2;3;15;1
202300041855;155 606 382;7;0;2;3;13;2