Num_Acc;id_vehicule;categorie_vehicule;obstacle_fixe;obstacle_mobile;point_choc_initial;manoeuvre_principale;motorisation
202300041855;155 606 383;10;0;2;3;1;1
202300041856;155 606 384;33;0;2;1;1;1
202300041856;155 606 385;7;0;2;7;19;2
202300041857;155 606 380;32;0;2;1;13;1
202300041857;155 606 381;7;0;2;2;11;1
202300041858;155 606 378;7;0;2;2;1;1
202300041858;155 606 379;1;0;2;4;1;5
202300041859;155 606 375;7;9;0;9;12;2
202300041860;155 606 374;7;16;0;4;19;1
202300041860;155 606 376;7;0;2;1;1;1
202300041861;155 606 373;7;0;9;8;1;1
202300041861;155 606 377;7;0;2;2;1;1
202300041862;155 606 372;33;8;0;0;0;1
202300041863;155 606 366;7;0;2;3;13;1
202300041863;155 606 368;7;0;2;3;1;1
202300041864;155 606 365;34;0;2;1;0;1
202300041864;155 606 367;33;0;2;1;1;1
202300041864;155 606 370;7;0;2;6;1;1
202300041864;155 606 371;17;0;2;2;1;1
202300041865;155 606 364;37;0;2;8;1;6
202300041865;155 606 369;7;0;2;1;19;2
202300041866;155 606 362;7;0;0;6;23;1
202300041866;155 606 363;10;0;2;2;1;1
202300041867;155 606 360;10;0;2;3;1;1
202300041867;155 606 361;10;0;2;1;5;1
202300041868;155 606 357;7;0;0;0;5;1
202300041868;155 606 358;33;0;0;9;1;1
202300041869;155 606 356;7;0;2;5;1;1
202300041869;155 606 359;7;0;2;1;1;1
202300041870;155 606 354;7;0;1;3;26;1
202300041871;155 606 351;7;0;2;3;2;1
202300041871;155 606 353;7;0;2;4;1;1
202300041871;155 606 355;7;0;2;2;2;1
202300041872;155 606 352;34;0;0;0;1;1
202300041873;155 606 350;7;0;1;2;2;1
202300041874;155 606 349;7;3;0;1;21;1
202300041875;155 606 347;7;0;1;1;20;1
202300041876;155 606 346;14;0;2;3;1;0
202300041876;155 606 348;7;12;2;3;13;1
202300041877;155 606 344;15;0;2;8;1;1
202300041877;155 606 345;7;0;2;3;1;1
202300041878;155 606 343;33;2;0;7;1;1
202300041879;155 606 340;32;0;2;1;1;1
202300041879;155 606 342;7;0;0;0;0;1
202300041880;155 606 338;7;0;2;4;1;1
202300041880;155 606 341;7;0;2;1;2;1
202300041881;155 606 336;1;0;0;1;5;5
202300041882;155 606 334;7;0;2;2;2;1
202300041882;155 606 335;7;0;2;4;2;1
202300041883;155 606 337;33;0;2;1;1;1
202300041883;155 606 339;7;0;2;3;1;1
202300041884;155 606 333;33;0;1;1;1;1
202300041885;155 606 326;7;0;2;3;12;1
202300041885;155 606 328;32;0;2;1;3;1
202300041885;155 606 330;7;0;2;6;1;1
202300041885;155 606 332;7;0;2;5;1;1
202300041886;155 606 329;2;0;2;1;26;1
202300041886;155 606 331;7;0;2;2;26;1
202300041887;155 606 325;2;0;2;2;17;0
202300041887;155 606 327;10;0;2;3;15;0
202300041888;155 606 324;30;0;2;7;17;1
202300041889;155 606 319;33;0;2;8;1;1
202300041889;155 606 322;7;0;2;2;16;1
202300041890;155 606 321;10;0;2;3;1;1
202300041890;155 606 323;2;0;2;2;1;1
202300041891;155 606 318;31;0;2;7;1;1
202300041891;155 606 320;7;0;2;5;9;1
202300041892;155 606 317;7;1;0;7;1;1
202300041893;155 606 313;7;0;2;3;1;1
202300041893;155 606 315;31;0;2;1;1;1
202300041894;155 606 314;10;0;2;3;17;1
202300041894;155 606 316;7;0;2;6;1;1
202300041895;155 606 312;37;0;0;0;1;1
202300041896;155 606 310;7;0;2;3;15;1
202300041896;155 606 311;43;0;2;1;1;1
202300041897;155 606 309;7;0;1;3;1;1
202300041898;155 606 305;7;0;2;4;1;1
202300041898;155 606 306;7;0;2;4;11;1
202300041898;155 606 307;7;0;2;4;1;1
202300041898;155 606 308;7;0;2;1;1;1
202300041899;155 606 304;7;6;0;7;1;1
202300041900;155 606 301;7;1;2;8;13;1
202300041900;155 606 303;7;0;2;2;1;1
202300041901;155 606 300;7;0;2;3;1;1
202300041901;155 606 302;7;0;2;3;13;1
202300041902;155 606 299;50;0;1;3;26;3
202300041903;155 606 298;7;3;0;2;14;0
202300041904;155 606 297;33;2;0;7;0;1
202300041905;155 606 296;7;0;0;1;26;1
202300041906;155 606 293;14;0;2;7;19;1
202300041906;155 606 295;7;0;2;1;1;1
202300041907;155 606 291;10;0;2;3;2;1
202300041907;155 606 294;1;0;2;4;2;5
202300041908;155 606 290;7;0;2;5;19;0
202300041908;155 606 292;30;0;2;1;1;0
202300041909;155 606 287;80;0;2;3;16;3
202300041909;155 606 289;7;0;2;1;1;1
202300041910;155 606 286;7;0;2;6;17;1
202300041910;155 606 288;33;0;2;8;1;1
202300041911;155 606 284;7;0;2;2;1;1
202300041911;155 606 285;7;0;2;7;15;1
202300041912;155 606 282;17;0;2;5;17;1
202300041912;155 606 283;1;0;0;3;2;5
202300041913;155 606 280;7;0;2;0;0;0
202300041913;155 606 281;33;0;2;0;0;0
202300041914;155 606 277;7;0;2;2;1;1
202300041914;155 606 279;10;0;0;6;16;1
202300041915;155 606 275;2;0;0;0;1;1
202300041916;155 606 273;7;0;2;4;1;0
202300041916;155 606 274;7;0;2;1;1;0
202300041917;155 606 272;7;13;0;3;1;1
202300041918;155 606 271;50;0;;0;0;3
202300041919;155 606 270;30;12;0;0;1;1
202300041920;155 606 267;7;0;1;1;1;1
202300041921;155 606 268;7;0;2;4;1;1
202300041921;155 606 269;7;0;2;1;1;1
202300041922;155 606 264;7;0;1;4;4;1
202300041923;155 606 263;7;0;2;4;2;1
202300041923;155 606 265;7;0;2;1;2;1
202300041923;155 606 266;7;0;2;5;2;1
202300041924;155 606 260;7;0;2;1;1;1
202300041924;155 606 262;7;0;2;7;26;1
202300041925;155 606 261;7;0;1;1;15;1
202300041926;155 606 258;1;0;2;1;1;5
202300041926;155 606 259;7;0;0;4;1;1
202300041927;155 606 257;33;1;0;1;13;1
202300041928;155 606 256;33;0;0;0;1;1
202300041929;155 606 255;1;0;0;0;16;5
202300041930;155 606 254;10;0;1;1;1;0
202300041931;155 606 252;10;2;0;1;1;0
202300041932;155 606 250;14;0;2;1;1;1
202300041932;155 606 251;7;12;2;7;1;1
202300041933;155 606 249;7;6;0;7;26;1
202300041934;155 606 248;7;0;0;9;0;1
202300041935;155 606 247;7;10;0;1;14;1
202300041936;155 606 245;31;0;2;3;1;1
202300041936;155 606 246;7;0;2;2;15;1
202300041937;155 606 242;33;13;0;1;14;1
202300041938;155 606 243;7;0;2;2;16;1
202300041938;155 606 244;1;0;2;1;19;5
202300041939;155 606 238;7;0;2;3;17;0
202300041939;155 606 241;2;0;2;1;1;1
202300041940;155 606 239;32;0;2;1;1;1
202300041940;155 606 240;7;0;2;5;15;1
202300041941;155 606 236;33;0;2;2;1;1
202300041941;155 606 237;7;0;2;2;9;1
202300041942;155 606 233;7;0;2;0;0;1
202300041942;155 606 235;7;0;2;0;0;1
202300041943;155 606 232;32;0;0;1;2;1
202300041943;155 606 234;10;0;0;4;2;1
202300041944;155 606 230;1;0;2;4;2;5
202300041944;155 606 231;7;0;2;1;9;1
202300041945;155 606 228;7;0;2;3;5;1
202300041945;155 606 229;14;0;2;3;1;1
202300041946;155 606 226;50;0;2;1;0;3
202300041946;155 606 227;7;0;9;1;1;1
202300041947;155 606 225;7;8;0;9;1;1
202300041948;155 606 224;10;0;1;1;0;1
202300041949;155 606 223;50;0;0;0;1;3
202300041950;155 606 220;33;0;2;1;1;1
202300041950;155 606 222;7;0;2;3;15;2
202300041951;155 606 219;7;0;2;3;13;1
202300041951;155 606 221;10;0;2;3;1;1
202300041952;155 606 217;7;0;0;9;0;1
202300041953;155 606 216;80;12;0;1;1;3
202300041954;155 606 215;7;0;2;2;1;1
202300041954;155 606 218;50;0;2;2;19;3
202300041955;155 606 214;7;0;1;1;1;1
202300041956;155 606 210;3;0;2;3;13;1
202300041956;155 606 212;7;0;2;3;1;1
202300041957;155 606 209;7;0;2;4;2;1
202300041957;155 606 211;7;0;2;1;2;1
202300041958;155 606 206;7;0;2;1;1;0
202300041958;155 606 208;1;0;2;0;1;5
202300041959;155 606 205;31;15;0;1;17;1
202300041960;155 606 204;7;0;2;3;10;1
202300041960;155 606 207;7;0;2;2;1;1
202300041961;155 606 202;7;1;2;2;1;1
202300041961;155 606 203;2;0;2;6;19;1
202300041962;155 606 201;7;0;1;7;1;1
202300041963;155 606 199;7;0;2;3;9;1
202300041963;155 606 200;1;0;2;2;26;5
202300041964;155 606 197;7;0;2;5;15;1
202300041964;155 606 198;7;0;2;3;18;1
202300041965;155 606 195;2;0;2;1;1;1
202300041965;155 606 196;7;0;2;8;10;1
202300041966;155 606 193;1;0;2;0;2;5
202300041966;155 606 194;7;0;2;1;15;1
202300041967;155 606 192;7;0;1;7;21;1
202300041968;155 606 190;7;0;1;5;4;1
202300041969;155 606 191;30;0;1;1;13;1
202300041970;155 606 188;7;5;0;1;2;1
202300041971;155 606 186;7;0;2;6;2;1
202300041971;155 606 187;1;0;2;1;17;5
202300041971;155 606 189;7;0;2;3;15;1
202300041972;155 606 183;7;0;2;4;2;1
202300041972;155 606 185;7;0;2;1;2;1
202300041973;155 606 182;13;0;2;0;0;1
202300041973;155 606 184;30;0;2;3;0;1
202300041974;155 606 180;7;0;2;6;1;1
202300041974;155 606 181;7;0;2;1;12;1
202300041975;155 606 178;2;0;2;1;1;1
202300041975;155 606 179;7;0;2;3;15;1
202300041976;155 606 175;7;0;2;6;2;1
202300041976;155 606 176;15;0;2;3;21;1
202300041977;155 606 174;7;0;9;1;1;1
202300041977;155 606 177;1;0;2;1;1;5
202300041978;155 606 172;7;0;1;1;1;1
202300041979;155 606 171;14;0;0;6;2;1
202300041979;155 606 173;7;0;2;2;3;1
202300041980;155 606 169;7;0;1;7;26;1
202300041981;155 606 168;15;0;2;6;12;1
202300041981;155 606 170;7;0;2;6;1;1
202300041982;155 606 167;7;0;1;1;17;1
202300041983;155 606 166;7;0;9;1;1;1
202300041984;155 606 161;7;1;0;1;2;1
202300041984;155 606 165;7;1;0;3;2;1
202300041985;155 606 162;7;0;2;1;1;1
202300041985;155 606 163;7;0;2;4;2;1
202300041985;155 606 164;7;0;2;4;2;1
202300041986;155 606 158;7;0;2;4;2;1
202300041986;155 606 159;7;0;2;1;2;1
202300041987;155 606 155;1;0;2;0;0;5
202300041987;155 606 157;21;14;0;7;14;1
202300041988;155 606 154;10;0;2;4;23;1
202300041988;155 606 156;60;0;2;1;1;5
202300041989;155 606 153;7;0;2;1;1;1
202300041989;155 606 160;7;0;2;1;17;1
202300041990;155 606 150;30;0;2;2;17;1
202300041990;155 606 151;7;0;2;3;20;1
202300041991;155 606 149;7;1;1;2;0;0
202300041991;155 606 152;30;0;0;0;0;0
202300041992;155 606 146;50;0;2;1;1;3
202300041992;155 606 148;7;0;2;6;16;1
202300041993;155 606 145;7;0;2;2;2;1
202300041993;155 606 147;7;0;2;4;2;1
202300041994;155 606 144;7;0;1;1;1;1
202300041995;155 606 142;1;0;1;1;1;5
202300041996;155 606 143;33;15;0;2;26;1
202300041997;155 606 137;7;0;2;3;15;1
202300041997;155 606 138;33;0;2;1;1;1
202300041998;155 606 136;13;0;2;3;15;1
202300041998;155 606 139;43;0;2;8;1;1
202300041999;155 606 135;7;0;2;4;2;1
202300041999;155 606 140;33;0;2;4;2;1
202300041999;155 606 141;7;0;2;1;2;1
202300042000;155 606 132;33;0;2;3;1;1
202300042000;155 606 134;7;0;2;3;1;1
202300042001;155 606 131;30;13;0;2;14;1
202300042002;155 606 130;7;0;2;1;19;1
202300042002;155 606 133;7;0;2;7;1;3
202300042003;155 606 127;7;0;2;1;15;1
202300042003;155 606 129;34;0;2;8;19;1
202300042004;155 606 125;7;0;2;4;15;1
202300042004;155 606 128;7;0;2;1;1;1
202300042005;155 606 124;10;0;2;7;1;1
202300042005;155 606 126;1;0;2;1;1;5
202300042006;155 606 122;34;0;2;7;1;1
202300042006;155 606 123;15;0;2;8;1;1
202300042007;155 606 120;7;0;1;2;1;1
202300042008;155 606 118;7;0;2;2;15;1
202300042008;155 606 121;7;0;2;0;0;3
202300042009;155 606 117;2;0;2;8;1;1
202300042009;155 606 119;7;0;2;1;15;1
202300042010;155 606 112;7;0;2;1;1;1
202300042010;155 606 114;7;0;2;8;1;1
202300042011;155 606 115;7;0;9;0;16;1
202300042011;155 606 116;1;0;2;0;0;5
202300042012;155 606 111;7;0;2;7;1;1
202300042012;155 606 113;7;0;2;1;1;1
202300042013;155 606 108;7;4;2;1;1;1
202300042013;155 606 110;13;4;2;3;13;1
202300042014;155 606 106;7;2;1;1;1;1
202300042015;155 606 107;33;0;2;1;2;1
202300042015;155 606 109;10;0;2;3;10;1
202300042016;155 606 102;2;0;2;1;17;1
202300042016;155 606 105;7;0;2;6;15;1
202300042017;155 606 104;2;0;0;3;1;3
202300042018;155 606 099;7;0;1;2;17;1
202300042019;155 606 100;14;0;2;1;1;1
202300042019;155 606 101;7;0;2;8;1;1
202300042020;155 606 098;7;0;2;3;11;1
202300042020;155 606 103;31;0;2;2;3;1
202300042021;155 606 097;3;14;0;1;14;1
202300042022;155 606 095;1;0;1;1;1;5
202300042023;155 606 094;7;4;0;2;14;1
202300042024;155 606 090;43;0;2;3;17;1
202300042024;155 606 092;7;0;2;3;17;0
202300042025;155 606 089;7;1;2;4;4;1
202300042025;155 606 093;7;0;2;7;1;2
202300042025;155 606 096;7;0;2;1;24;1
202300042026;155 606 086;7;0;2;2;1;1
202300042026;155 606 088;33;0;2;2;9;1
202300042027;155 606 085;7;0;9;1;1;1
202300042028;155 606 083;7;0;2;2;26;1
202300042028;155 606 084;7;0;2;3;1;1
202300042029;155 606 082;14;2;0;1;14;1
202300042030;155 606 081;7;9;0;1;2;3
202300042031;155 606 079;7;0;2;1;2;1
202300042031;155 606 080;10;0;2;2;2;1
202300042032;155 606 077;21;0;0;4;1;1
202300042032;155 606 078;1;0;9;1;1;5
202300042033;155 606 070;7;0;2;1;23;0
202300042033;155 606 074;7;0;2;1;13;1
202300042034;155 606 069;7;0;9;1;1;1
202300042034;155 606 075;50;0;2;8;19;3
202300042035;155 606 072;7;1;0;3;13;1
202300042035;155 606 073;2;0;2;3;1;1
202300042036;155 606 068;7;0;2;3;1;1
202300042036;155 606 071;7;0;2;1;1;1
202300042037;155 606 065;7;4;2;3;1;1
202300042037;155 606 067;7;0;2;3;1;1
202300042038;155 606 063;3;0;1;1;1;3
202300042039;155 606 061;7;0;2;1;1;1
202300042039;155 606 066;7;0;2;2;15;1
202300042040;155 606 062;7;0;2;5;16;3
202300042040;155 606 064;80;0;2;1;1;3
202300042041;155 606 060;15;0;0;7;1;1
202300042042;155 606 057;10;0;1;7;1;1
202300042043;155 606 055;7;0;2;1;1;1
202300042043;155 606 059;7;0;2;4;1;1
202300042044;155 606 056;34;12;0;2;16;1
202300042045;155 606 054;33;0;2;1;1;1
202300042045;155 606 058;10;0;2;4;4;1
202300042046;155 606 053;33;0;0;9;1;0
202300042047;155 606 049;7;0;2;4;2;1
202300042047;155 606 052;7;0;2;1;2;1
202300042048;155 606 048;15;14;2;3;1;1
202300042048;155 606 051;7;0;2;3;15;1
202300042049;155 606 047;7;0;2;1;1;2
202300042049;155 606 050;33;0;2;4;23;1
202300042050;155 606 046;2;0;0;8;17;1
202300042051;155 606 044;1;0;1;1;1;5
202300042052;155 606 045;7;0;0;3;1;0
202300042053;155 606 042;10;14;0;1;1;1
202300042054;155 606 043;7;0;1;7;1;2
202300042055;155 606 040;7;13;0;0;1;1
202300042056;155 606 038;33;14;0;1;1;1
202300042057;155 606 036;1;0;1;1;19;5
202300042058;155 606 035;7;0;2;7;15;1
202300042058;155 606 037;7;0;2;1;1;1
202300042059;155 606 032;10;0;2;3;1;1
202300042059;155 606 034;10;0;2;3;1;1
202300042060;155 606 033;32;0;1;3;1;1
202300042061;155 606 031;7;15;0;8;1;1
202300042062;155 606 030;31;14;0;1;16;1
202300042063;155 606 029;7;0;1;1;0;1
202300042064;155 606 024;33;0;2;7;17;1
202300042064;155 606 028;7;0;2;3;15;1
202300042065;155 606 022;33;0;2;1;1;1
202300042065;155 606 025;7;0;2;3;9;1
202300042066;155 606 023;2;0;2;1;1;1
202300042066;155 606 027;7;0;2;4;23;1
202300042067;155 606 021;7;8;0;3;1;1
202300042067;155 606 026;7;0;2;1;19;1
202300042068;155 606 019;7;0;1;2;21;0
202300042069;155 606 018;7;0;2;2;16;1
202300042069;155 606 020;31;0;2;8;16;1
202300042070;155 606 017;1;0;0;6;13;5
202300042071;155 606 016;7;0;1;2;1;2
202300042072;155 606 014;7;8;0;1;0;0
202300042073;155 606 013;7;0;2;4;2;2
202300042073;155 606 015;33;0;2;1;2;1
202300042074;155 606 009;7;0;2;2;15;1
202300042074;155 606 012;1;0;2;3;1;5
202300042075;155 606 011;2;8;0;2;1;3
202300042076;155 606 008;7;0;2;7;1;0
202300042076;155 606 010;7;0;2;1;16;0
202300042077;155 606 007;33;0;0;7;1;1
202300042078;155 606 005;7;6;0;1;15;1
202300042079;155 606 001;7;0;2;8;0;1
202300042079;155 606 004;7;0;2;1;0;1
202300042080;155 606 002;14;0;2;8;1;1
202300042080;155 606 003;7;0;2;3;1;1
202300042080;155 606 006;31;0;2;1;17;1
202300042081;155 605 997;43;0;5;1;1;1
202300042082;155 605 996;7;0;1;1;1;1
202300042083;155 605 995;7;0;2;8;1;1
202300042083;155 605 999;7;0;2;1;1;1
202300042084;155 605 998;2;0;2;1;1;0
202300042084;155 606 000;1;0;2;7;19;5
202300042085;155 605 992;7;0;2;1;2;1
202300042085;155 605 994;7;13;0;4;15;1
202300042086;155 605 990;7;0;2;4;23;1
202300042086;155 605 993;7;0;2;1;2;1
202300042087;155 605 989;31;0;1;8;1;1
202300042088;155 605 985;14;0;2;1;1;1
202300042088;155 605 988;7;0;2;1;1;1
202300042089;155 605 987;10;0;2;1;1;0
202300042089;155 605 991;7;0;2;8;1;1
202300042090;155 605 984;7;0;0;1;1;0
202300042090;155 605 986;7;0;2;1;15;1
202300042091;155 605 980;80;0;2;1;1;3
202300042091;155 605 982;7;0;2;3;1;1
202300042092;155 605 979;7;0;0;4;23;1
202300042092;155 605 983;7;0;2;1;1;1
202300042093;155 605 978;7;0;2;1;1;0
202300042093;155 605 981;1;0;2;8;1;5
202300042094;155 605 975;7;0;0;9;17;1
202300042095;155 605 973;7;0;2;7;15;1
202300042095;155 605 974;7;0;2;3;1;1
202300042096;155 605 967;7;0;1;0;1;0
202300042097;155 605 969;7;0;2;1;13;1
202300042097;155 605 971;10;0;2;1;0;1
202300042098;155 605 968;33;0;2;9;2;1
202300042098;155 605 970;7;0;2;1;1;1
202300042099;155 605 966;7;0;2;2;16;1
202300042099;155 605 972;1;0;2;4;1;5
202300042100;155 605 962;7;0;2;3;1;1
202300042100;155 605 965;1;0;2;1;1;5
202300042101;155 605 964;7;9;0;1;1;1
202300042102;155 605 959;14;0;2;8;1;1
202300042102;155 605 961;2;0;2;1;1;1
202300042103;155 605 960;10;0;2;3;1;1
202300042103;155 605 963;7;0;2;3;13;1
202300042104;155 605 957;32;0;1;1;1;1
202300042105;155 605 953;7;9;2;3;1;1
202300042105;155 605 955;7;4;2;1;1;1
202300042106;155 605 956;7;0;2;1;1;1
202300042106;155 605 958;43;0;2;4;23;1
202300042107;155 605 952;7;0;2;1;0;1
202300042107;155 605 954;7;0;2;4;1;1
202300042108;155 605 951;32;0;0;0;21;1
202300042109;155 605 948;7;0;2;4;9;1
202300042109;155 605 949;7;14;0;0;0;1
202300042110;155 605 947;7;0;2;8;1;1
202300042110;155 605 950;17;0;2;1;9;1
202300042111;155 605 945;30;0;0;8;19;1
202300042112;155 605 946;0;0;1;7;24;0
202300042113;155 605 943;33;12;2;3;13;1
202300042114;155 605 942;7;0;2;1;1;1
202300042114;155 605 944;7;0;0;7;19;1
202300042115;155 605 938;30;0;2;1;3;1
202300042115;155 605 939;7;0;2;8;1;1
202300042115;155 605 941;7;0;2;5;1;1
202300042116;155 605 937;7;1;0;7;14;1
202300042116;155 605 940;7;0;0;2;17;1
202300042117;155 605 936;7;2;0;1;14;1
202300042118;155 605 935;7;0;1;1;1;2
202300042119;155 605 931;17;0;2;3;1;1
202300042119;155 605 934;30;0;2;1;13;1
202300042120;155 605 932;7;0;1;1;1;1
202300042121;155 605 929;7;0;2;3;11;1
202300042121;155 605 933;17;0;2;3;1;1
202300042122;155 605 928;7;0;2;7;15;3
202300042122;155 605 930;50;0;2;0;1;3
202300042123;155 605 925;33;0;2;8;2;1
202300042123;155 605 926;7;0;2;2;2;2
202300042124;155 605 923;31;0;2;2;17;0
202300042124;155 605 924;1;0;2;0;15;5
202300042125;155 605 922;7;0;1;4;26;1
202300042126;155 605 917;7;0;2;7;1;0
202300042126;155 605 919;7;0;2;5;1;1
202300042126;155 605 921;33;0;2;1;2;1
202300042127;155 605 916;10;0;2;1;1;1
202300042127;155 605 918;7;0;2;4;1;1
202300042127;155 605 920;7;0;2;4;1;1
202300042128;155 605 915;10;0;1;0;0;1
202300042129;155 605 913;32;0;0;7;1;1
202300042130;155 605 912;2;0;2;2;10;3
202300042130;155 605 914;10;0;2;1;1;1
202300042131;155 605 909;7;0;1;1;2;1
202300042132;155 605 908;32;0;2;1;1;1
202300042132;155 605 911;7;0;2;3;1;1
202300042133;155 605 906;17;0;2;8;1;1
202300042133;155 605 907;7;0;2;7;21;1
202300042133;155 605 910;10;0;2;3;13;1
202300042134;155 605 903;7;10;0;2;1;1
202300042135;155 605 902;7;0;0;0;0;6
202300042135;155 605 905;99;0;0;0;0;0
202300042136;155 605 899;7;0;0;9;14;1
202300042137;155 605 901;50;0;2;2;0;3
202300042137;155 605 904;7;0;2;3;15;1
202300042138;155 605 898;7;0;2;3;19;1
202300042138;155 605 900;33;0;2;7;1;1
202300042139;155 605 896;7;0;1;2;1;1
202300042140;155 605 897;34;0;0;1;1;1
202300042141;155 605 893;32;0;2;1;21;1
202300042141;155 605 894;7;0;2;2;15;1
202300042142;155 605 891;7;0;2;1;1;1
202300042142;155 605 895;7;1;2;7;1;1
202300042143;155 605 888;32;0;2;9;17;1
202300042143;155 605 890;7;0;2;3;1;1
202300042143;155 605 892;7;0;0;4;1;1
202300042144;155 605 887;7;0;2;2;0;1
202300042144;155 605 889;7;0;2;3;1;1
202300042145;155 605 886;7;0;1;2;7;1
202300042146;155 605 884;7;0;0;1;1;1
202300042147;155 605 883;7;0;2;2;15;2
202300042147;155 605 885;7;0;2;1;1;1
202300042148;155 605 881;7;0;1;0;4;0
202300042149;155 605 880;7;0;2;2;15;2
202300042149;155 605 882;1;0;2;1;0;5
202300042150;155 605 879;10;0;0;8;16;3
202300042151;155 605 877;7;6;0;1;0;1
202300042152;155 605 873;7;0;0;1;0;1
202300042153;155 605 874;7;0;2;3;15;1
202300042153;155 605 878;31;0;2;2;1;1
202300042154;155 605 871;3;8;0;1;14;1
202300042155;155 605 872;1;0;9;4;2;5
202300042155;155 605 875;1;0;9;1;2;5
202300042155;155 605 876;1;0;9;1;2;5
202300042156;155 605 870;2;0;6;1;1;1
202300042157;155 605 865;7;0;0;7;1;1
202300042158;155 605 867;7;0;1;0;26;0
202300042159;155 605 866;7;0;2;1;1;1
202300042159;155 605 869;7;0;2;4;0;1
202300042160;155 605 864;7;0;2;4;1;1
202300042160;155 605 868;7;0;2;1;1;1
202300042161;155 605 863;10;1;0;2;14;1
202300042162;155 605 860;7;0;2;3;15;1
202300042162;155 605 862;7;0;2;2;1;1
202300042163;155 605 857;7;9;0;3;1;1
202300042164;155 605 859;7;0;1;1;1;1
202300042165;155 605 858;7;0;2;2;15;1
202300042165;155 605 861;30;0;2;1;3;1
202300042166;155 605 855;7;1;0;1;0;1
202300042167;155 605 851;7;0;2;1;9;1
202300042167;155 605 854;1;0;2;0;0;5
202300042168;155 605 850;32;12;2;4;26;1
202300042168;155 605 853;7;0;2;1;2;1
202300042169;155 605 849;7;0;2;1;1;1
202300042169;155 605 852;7;0;2;3;15;1
202300042169;155 605 856;7;8;9;6;1;1
202300042170;155 605 846;80;0;2;3;1;3
202300042170;155 605 848;50;0;2;3;1;3
202300042171;155 605 844;2;0;2;1;1;1
202300042171;155 605 847;7;0;2;1;1;1
202300042172;155 605 842;7;0;2;6;11;1
202300042172;155 605 845;33;3;2;7;3;1
202300042173;155 605 841;2;0;0;9;1;1
202300042173;155 605 843;2;0;2;0;17;0
202300042174;155 605 836;7;0;2;0;9;1
202300042174;155 605 838;1;0;2;1;9;5
202300042175;155 605 833;7;0;2;8;1;1
202300042175;155 605 837;7;0;2;3;1;1
202300042176;155 605 835;7;0;2;6;11;1
202300042176;155 605 840;33;0;2;2;17;1
202300042177;155 605 831;13;0;1;0;0;1
202300042178;155 605 832;7;0;2;1;1;1
202300042178;155 605 834;7;0;2;4;1;1
202300042178;155 605 839;7;0;2;4;0;1
202300042179;155 605 828;7;0;2;1;15;1
202300042179;155 605 830;2;0;2;8;18;1
202300042180;155 605 829;1;12;0;1;2;5
202300042181;155 605 825;2;0;2;1;1;1
202300042181;155 605 827;7;0;0;3;2;1
202300042182;155 605 822;7;0;0;1;13;0
202300042182;155 605 824;7;0;0;1;0;0
202300042183;155 605 823;7;1;2;2;1;1
202300042183;155 605 826;32;0;2;8;23;3
202300042184;155 605 821;30;0;0;0;26;1
202300042185;155 605 820;3;0;1;3;1;6
202300042186;155 605 818;33;0;0;0;17;1
202300042187;155 605 816;7;0;2;5;1;2
202300042187;155 605 819;32;0;2;1;1;1
202300042188;155 605 815;30;0;2;1;18;1
202300042188;155 605 817;7;0;2;2;16;3
202300042189;155 605 813;32;0;1;1;1;3
202300042190;155 605 812;2;0;2;4;2;1
202300042190;155 605 814;7;0;2;1;1;1
202300042191;155 605 810;10;0;2;4;20;1
202300042191;155 605 811;10;0;2;1;1;1
202300042192;155 605 808;7;0;2;4;23;1
202300042192;155 605 809;1;0;2;1;2;5
202300042193;155 605 806;34;0;2;1;2;1
202300042193;155 605 807;1;0;2;4;1;5
202300042194;155 605 805;7;0;1;3;15;1
202300042195;155 605 802;7;0;2;3;15;1
202300042195;155 605 804;33;0;2;2;17;1
202300042196;155 605 801;7;0;0;3;13;1
202300042197;155 605 800;30;0;2;8;1;0
202300042197;155 605 803;7;0;2;2;1;0
202300042198;155 605 798;7;0;2;2;15;1
202300042198;155 605 799;32;0;2;3;16;1
202300042199;155 605 795;7;0;2;3;10;1
202300042199;155 605 797;7;0;2;2;1;1
202300042200;155 605 794;50;0;2;6;1;3
202300042200;155 605 796;13;0;2;2;17;1
202300042201;155 605 792;7;0;2;6;9;2
202300042201;155 605 793;32;1;0;1;21;3
202300042202;155 605 789;7;0;2;2;1;3
202300042202;155 605 791;32;0;2;3;1;1
202300042203;155 605 790;7;2;0;2;13;1
202300042204;155 605 788;1;0;1;1;1;5
202300042205;155 605 784;60;0;0;0;0;5
202300042205;155 605 787;7;0;2;1;16;2
202300042206;155 605 785;2;0;2;1;13;1
202300042206;155 605 786;10;0;2;3;1;1
202300042207;155 605 783;33;0;1;1;1;1
202300042208;155 605 780;7;7;0;1;1;1
202300042208;155 605 782;33;0;2;1;13;1
202300042209;155 605 779;7;0;2;8;26;1
202300042209;155 605 781;7;0;1;2;9;1
202300042210;155 605 777;33;0;2;1;2;0
202300042210;155 605 778;7;0;2;2;15;0
202300042211;155 605 775;7;0;2;1;2;1
202300042211;155 605 776;7;0;2;4;23;1
202300042212;155 605 772;7;0;2;7;1;1
202300042212;155 605 774;2;0;2;8;3;1
202300042213;155 605 771;7;0;2;2;15;1
202300042213;155 605 773;33;0;2;3;1;1