Num_Acc;id_vehicule;categorie_vehicule;obstacle_fixe;obstacle_mobile;point_choc_initial;manoeuvre_principale;motorisation
202300042214;155 605 769;7;0;2;5;17;1
202300042214;155 605 770;7;0;2;3;1;1
202300042215;155 605 766;7;0;2;2;1;1
202300042215;155 605 768;33;0;2;1;1;1
202300042216;155 605 765;7;0;1;3;1;1
202300042217;155 605 764;7;0;2;3;13;1
202300042217;155 605 767;7;0;2;3;1;1
202300042218;155 605 762;7;1;2;2;13;0
202300042218;155 605 763;1;0;2;2;1;5
202300042219;155 605 760;2;0;2;2;1;1
202300042219;155 605 761;7;0;2;2;17;1
202300042220;155 605 757;7;0;1;4;4;1
202300042221;155 605 758;7;0;2;4;0;1
202300042221;155 605 759;33;0;2;1;2;1
202300042222;155 605 756;2;11;0;1;1;1
202300042223;155 605 753;7;0;2;0;0;2
202300042223;155 605 755;7;0;2;6;1;2
202300042224;155 605 752;7;0;2;1;1;1
202300042224;155 605 754;3;2;2;1;19;1
202300042225;155 605 749;7;0;2;3;15;1
202300042225;155 605 751;7;0;2;2;1;2
202300042226;155 605 748;7;8;2;1;12;1
202300042226;155 605 750;7;0;2;4;1;1
202300042227;155 605 746;10;1;0;1;9;1
202300042228;155 605 745;37;0;1;0;16;0
202300042229;155 605 744;7;0;2;1;15;1
202300042229;155 605 747;7;0;2;1;1;1
202300042230;155 605 743;7;0;1;3;1;1
202300042231;155 605 741;7;7;2;8;9;1
202300042231;155 605 742;14;0;2;1;1;1
202300042232;155 605 739;10;0;2;7;1;0
202300042232;155 605 740;30;0;2;1;1;0
202300042233;155 605 738;1;0;2;1;14;5
202300042234;155 605 737;2;0;0;5;1;1
202300042235;155 605 735;33;13;0;1;1;1
202300042236;155 605 733;37;0;2;1;9;1
202300042236;155 605 736;50;0;2;7;1;3
202300042237;155 605 732;7;0;0;3;19;1
202300042237;155 605 734;7;0;2;1;1;1
202300042238;155 605 726;7;0;0;1;1;0
202300042238;155 605 729;7;9;2;8;1;0
202300042239;155 605 725;7;0;2;4;1;1
202300042239;155 605 728;7;0;2;4;1;1
202300042239;155 605 730;7;0;2;1;2;1
202300042240;155 605 727;1;0;2;4;1;5
202300042240;155 605 731;7;0;2;3;9;1
202300042241;155 605 722;7;0;2;1;11;1
202300042241;155 605 724;7;0;2;1;1;1
202300042242;155 605 721;14;0;2;5;1;1
202300042242;155 605 723;32;0;2;1;9;1
202300042243;155 605 719;33;3;0;1;14;1
202300042244;155 605 716;10;0;2;4;2;0
202300042244;155 605 718;2;0;2;1;2;0
202300042245;155 605 715;7;2;0;3;1;1
202300042246;155 605 714;7;0;9;0;1;1
202300042246;155 605 717;7;2;0;1;14;1
202300042247;155 605 711;7;0;2;1;5;1
202300042247;155 605 713;33;0;2;1;2;1
202300042248;155 605 710;7;1;2;3;2;0
202300042248;155 605 712;7;0;2;1;20;0
202300042249;155 605 708;33;0;2;1;1;1
202300042249;155 605 709;7;0;0;6;1;1
202300042250;155 605 706;32;0;2;1;15;1
202300042250;155 605 707;7;0;2;1;1;1
202300042251;155 605 705;7;6;0;1;1;1
202300042252;155 605 703;7;8;0;1;1;1
202300042253;155 605 702;7;8;0;1;1;1
202300042254;155 605 701;1;1;0;1;1;5
202300042254;155 605 704;7;0;0;8;22;0
202300042255;155 605 698;7;0;1;4;4;1
202300042256;155 605 697;7;0;2;3;13;1
202300042256;155 605 699;7;0;2;3;1;1
202300042257;155 605 696;7;0;2;6;15;1
202300042257;155 605 700;43;0;2;1;1;1
202300042258;155 605 695;7;2;0;1;0;1
202300042259;155 605 694;31;2;0;1;1;1
202300042260;155 605 692;7;2;0;3;0;1
202300042261;155 605 693;33;0;0;7;1;1
202300042262;155 605 689;7;0;2;1;1;1
202300042262;155 605 691;7;0;2;1;17;1
202300042263;155 605 688;2;0;2;1;2;1
202300042263;155 605 690;7;0;2;6;15;1
202300042264;155 605 687;2;0;0;0;0;1
202300042265;155 605 684;1;2;2;2;0;5
202300042265;155 605 686;2;0;2;4;17;1
202300042266;155 605 685;1;0;0;0;1;5
202300042267;155 605 682;7;15;0;3;1;1
202300042268;155 605 680;7;0;0;2;1;1
202300042268;155 605 681;7;0;0;3;1;1
202300042269;155 605 678;7;8;0;3;1;1
202300042270;155 605 677;7;0;2;1;1;1
202300042270;155 605 679;7;0;2;7;13;1
202300042271;155 605 676;7;6;0;1;0;1
202300042272;155 605 675;7;13;0;2;1;1
202300042273;155 605 671;10;0;2;1;1;1
202300042273;155 605 673;7;0;0;8;15;1
202300042274;155 605 669;2;0;2;1;1;1
202300042274;155 605 670;7;0;2;4;0;1
202300042275;155 605 667;7;0;2;8;1;1
202300042275;155 605 668;7;0;2;8;15;1
202300042275;155 605 672;7;0;2;1;1;1
202300042276;155 605 664;7;0;6;1;1;1
202300042276;155 605 666;7;0;2;1;1;1
202300042277;155 605 662;7;0;0;9;26;0
202300042278;155 605 660;7;0;0;6;23;1
202300042278;155 605 661;7;0;0;6;23;1
202300042278;155 605 663;7;14;0;1;2;1
202300042278;155 605 665;10;0;6;1;23;1
202300042279;155 605 659;7;13;0;0;17;1
202300042280;155 605 656;10;0;2;7;19;1
202300042280;155 605 658;7;0;2;1;1;1
202300042281;155 605 657;7;0;1;1;1;1
202300042282;155 605 654;7;2;0;1;14;1
202300042283;155 605 653;7;0;0;4;1;1
202300042283;155 605 655;7;0;0;1;2;1
202300042284;155 605 652;7;10;0;2;1;1
202300042285;155 605 647;7;0;2;1;13;1
202300042285;155 605 649;7;0;2;6;1;1
202300042285;155 605 651;10;0;2;1;1;1
202300042286;155 605 648;30;0;2;1;1;1
202300042286;155 605 650;7;0;2;5;15;1
202300042287;155 605 645;10;0;2;1;1;1
202300042287;155 605 646;7;3;0;4;1;1
202300042288;155 605 643;7;0;2;2;16;1
202300042288;155 605 644;60;0;2;3;19;5
202300042289;155 605 642;10;13;0;1;0;1
202300042290;155 605 640;7;0;2;1;2;1
202300042290;155 605 641;14;0;0;4;2;1
202300042291;155 605 636;33;0;2;7;1;1
202300042291;155 605 639;7;0;2;3;15;1
202300042292;155 605 637;7;0;2;2;15;1
202300042292;155 605 638;2;0;2;1;1;1
202300042293;155 605 630;7;0;2;1;1;1
202300042293;155 605 634;7;0;2;1;13;1
202300042294;155 605 631;7;0;2;3;15;1
202300042294;155 605 633;7;0;2;3;1;1
202300042295;155 605 632;7;0;2;3;14;1
202300042295;155 605 635;34;0;2;1;13;1
202300042296;155 605 627;80;0;2;8;15;3
202300042296;155 605 629;7;0;9;1;17;1
202300042297;155 605 624;7;0;0;5;1;1
202300042297;155 605 626;7;0;0;1;1;1
202300042298;155 605 623;99;0;2;1;2;6
202300042298;155 605 625;17;0;9;3;9;1
202300042299;155 605 622;2;0;0;0;0;1
202300042300;155 605 620;2;0;0;0;16;1
202300042301;155 605 619;7;0;2;2;1;1
202300042301;155 605 621;31;0;2;7;15;1
202300042302;155 605 616;7;0;2;3;13;1
202300042302;155 605 617;7;0;2;3;1;1
202300042302;155 605 618;7;0;2;8;1;1
202300042303;155 605 614;7;0;1;3;1;1
202300042304;155 605 613;3;0;2;1;1;1
202300042304;155 605 615;7;0;2;1;1;1
202300042305;155 605 612;7;0;0;1;0;1
202300042306;155 605 611;10;0;1;2;1;1
202300042307;155 605 609;33;0;0;0;1;0
202300042308;155 605 610;7;0;0;9;0;0
202300042309;155 605 607;1;0;2;6;0;5
202300042309;155 605 608;7;0;2;2;1;1
202300042310;155 605 606;2;8;0;3;1;1
202300042311;155 605 602;7;0;2;6;1;1
202300042311;155 605 604;7;0;2;1;13;1
202300042312;155 605 601;7;0;2;8;19;1
202300042312;155 605 605;10;0;2;2;1;1
202300042313;155 605 599;7;0;2;1;13;0
202300042313;155 605 600;7;0;2;1;1;0
202300042313;155 605 603;7;3;2;1;1;0
202300042314;155 605 598;7;3;0;9;14;1
202300042315;155 605 596;7;0;2;7;15;1
202300042315;155 605 597;33;0;2;1;1;0
202300042316;155 605 594;7;0;2;1;15;1
202300042316;155 605 595;7;0;2;1;1;1
202300042317;155 605 591;7;0;2;3;13;1
202300042317;155 605 592;34;0;2;2;3;1
202300042317;155 605 593;7;0;2;5;2;1
202300042318;155 605 590;7;1;0;1;17;1
202300042319;155 605 589;50;0;0;0;0;3
202300042320;155 605 586;31;2;0;1;13;1
202300042321;155 605 584;7;0;2;2;1;1
202300042321;155 605 587;7;0;2;4;1;1
202300042321;155 605 588;7;0;2;1;1;1
202300042322;155 605 583;10;0;2;1;17;1
202300042322;155 605 585;7;0;2;6;15;1
202300042323;155 605 580;33;0;2;1;1;1
202300042323;155 605 582;7;0;0;4;15;1
202300042324;155 605 579;31;0;2;6;3;1
202300042324;155 605 581;10;0;2;1;1;1
202300042325;155 605 576;7;14;0;1;1;1
202300042326;155 605 574;7;0;2;2;19;1
202300042326;155 605 578;2;0;2;1;1;1
202300042327;155 605 575;7;0;2;7;17;0
202300042327;155 605 577;31;0;2;8;2;0
202300042328;155 605 570;33;0;2;7;17;1
202300042328;155 605 572;7;0;2;6;1;0
202300042329;155 605 569;7;0;2;1;2;0
202300042329;155 605 571;7;0;2;4;2;0
202300042329;155 605 573;7;0;2;4;2;0
202300042330;155 605 565;10;0;0;0;15;1
202300042330;155 605 567;7;0;2;3;13;1
202300042330;155 605 568;7;0;2;3;1;1
202300042331;155 605 563;7;0;0;1;17;1
202300042331;155 605 566;7;0;0;1;1;1
202300042332;155 605 562;33;0;2;1;3;0
202300042332;155 605 564;7;0;2;4;12;0
202300042333;155 605 561;7;13;0;3;21;1
202300042334;155 605 560;10;13;0;3;5;1
202300042335;155 605 558;7;0;2;5;12;1
202300042335;155 605 559;33;0;2;1;3;1
202300042336;155 605 556;7;0;1;2;1;1
202300042337;155 605 555;7;0;2;1;23;1
202300042337;155 605 557;7;0;0;4;15;0
202300042338;155 605 553;7;0;2;7;11;1
202300042338;155 605 554;43;0;2;7;1;1
202300042339;155 605 549;7;0;2;3;1;1
202300042339;155 605 551;7;0;2;3;1;1
202300042340;155 605 547;7;0;2;3;1;1
202300042340;155 605 552;7;0;2;2;19;1
202300042341;155 605 546;7;0;2;4;1;1
202300042341;155 605 548;33;0;2;2;3;1
202300042341;155 605 550;7;0;2;3;13;1
202300042342;155 605 545;1;12;0;3;25;5
202300042343;155 605 544;7;6;0;1;1;1
202300042344;155 605 543;7;4;0;2;1;1
202300042345;155 605 541;7;0;0;4;23;1
202300042345;155 605 542;30;0;2;1;2;1
202300042346;155 605 537;7;0;2;0;11;1
202300042346;155 605 538;33;0;2;0;3;1
202300042347;155 605 536;7;17;0;1;14;1
202300042348;155 605 535;10;6;0;1;1;1
202300042349;155 605 533;10;0;2;6;11;1
202300042349;155 605 534;32;0;2;7;3;1
202300042350;155 605 531;7;4;0;7;1;1
202300042351;155 605 528;7;0;2;4;23;1
202300042351;155 605 530;7;1;0;1;1;1
202300042351;155 605 532;7;1;0;3;1;3
202300042352;155 605 523;7;0;2;4;1;1
202300042352;155 605 525;7;0;2;4;1;1
202300042352;155 605 527;7;0;2;1;2;1
202300042353;155 605 522;7;0;2;7;12;1
202300042353;155 605 524;7;0;2;3;0;1
202300042353;155 605 526;7;0;2;3;0;1
202300042353;155 605 529;7;0;2;0;0;2
202300042354;155 605 521;7;0;1;7;1;1
202300042355;155 605 519;31;4;2;7;1;1
202300042356;155 605 517;7;0;2;8;19;1
202300042356;155 605 518;33;0;2;1;1;1
202300042357;155 605 512;10;0;2;1;2;1
202300042357;155 605 514;7;0;2;4;2;1
202300042357;155 605 516;7;0;2;4;2;1
202300042357;155 605 520;7;0;2;4;2;1
202300042358;155 605 511;7;0;1;1;1;0
202300042359;155 605 510;7;0;2;5;1;1
202300042359;155 605 513;7;0;2;6;1;1
202300042359;155 605 515;10;0;2;3;13;1
202300042360;155 605 507;50;0;0;0;0;3
202300042361;155 605 505;7;0;2;3;15;1
202300042361;155 605 508;7;0;0;2;1;1
202300042362;155 605 503;7;0;2;1;2;1
202300042362;155 605 504;7;0;2;9;2;1
202300042362;155 605 506;7;0;2;9;2;1
202300042362;155 605 509;7;0;2;4;2;1
202300042363;155 605 501;7;2;0;8;1;1
202300042364;155 605 500;7;3;0;1;1;1
202300042365;155 605 499;7;0;2;2;15;1
202300042365;155 605 502;33;0;2;1;1;1
202300042366;155 605 497;2;0;2;1;1;1
202300042366;155 605 498;7;0;2;3;1;1
202300042367;155 605 494;10;0;2;2;12;1
202300042367;155 605 496;33;0;2;8;3;1
202300042368;155 605 489;7;4;0;1;2;1
202300042369;155 605 488;7;0;2;1;12;1
202300042369;155 605 490;7;0;2;4;2;1
202300042369;155 605 491;7;0;2;4;1;1
202300042370;155 605 487;7;0;1;2;16;1
202300042371;155 605 485;7;3;0;1;1;1
202300042372;155 605 483;7;0;2;5;1;1
202300042372;155 605 486;7;0;2;3;13;1
202300042373;155 605 484;32;0;0;2;1;1
202300042374;155 605 479;2;2;0;2;1;1
202300042375;155 605 476;7;0;2;3;2;1
202300042375;155 605 478;7;0;2;4;2;1
202300042375;155 605 481;7;0;2;4;2;1
202300042376;155 605 477;7;0;2;1;1;1
202300042376;155 605 480;7;0;2;1;1;1
202300042376;155 605 482;7;0;2;4;0;1
202300042377;155 605 474;7;4;0;1;1;1
202300042378;155 605 473;7;13;0;9;0;0
202300042379;155 605 471;7;0;2;4;1;1
202300042379;155 605 472;10;0;2;1;0;0
202300042379;155 605 475;7;0;2;4;2;1
202300042380;155 605 470;3;12;2;1;26;1
202300042381;155 605 467;7;0;2;3;15;1
202300042381;155 605 469;2;0;2;3;1;1
202300042382;155 605 465;7;0;2;4;2;1
202300042382;155 605 468;7;0;2;1;2;1
202300042383;155 605 463;7;0;0;0;0;1
202300042383;155 605 466;7;0;0;0;0;1
202300042384;155 605 460;7;0;2;4;2;1
202300042384;155 605 461;7;0;2;1;2;1
202300042385;155 605 457;10;0;2;4;2;1
202300042385;155 605 459;10;0;2;1;2;1
202300042385;155 605 462;7;0;2;4;2;1
202300042385;155 605 464;7;0;2;4;2;1
202300042386;155 605 456;33;0;2;3;13;1
202300042386;155 605 458;30;0;2;3;13;1
202300042387;155 605 451;7;0;0;0;0;1
202300042387;155 605 453;33;0;9;0;2;1
202300042388;155 605 450;7;0;2;3;15;1
202300042388;155 605 452;7;0;2;3;1;1
202300042389;155 605 449;7;0;2;4;2;1
202300042389;155 605 454;7;0;2;1;2;1
202300042389;155 605 455;7;0;2;4;2;1
202300042390;155 605 447;7;0;2;3;16;1
202300042390;155 605 448;7;0;2;2;16;1
202300042391;155 605 444;7;0;2;1;1;1
202300042391;155 605 446;10;0;2;0;0;1
202300042392;155 605 443;7;0;2;1;2;1
202300042392;155 605 445;7;0;2;4;2;1
202300042393;155 605 442;7;0;1;1;1;1
202300042394;155 605 439;10;0;0;4;2;1
202300042394;155 605 441;7;0;2;1;1;1
202300042395;155 605 438;7;0;2;3;13;1
202300042395;155 605 440;7;0;2;3;26;1
202300042396;155 605 435;7;0;2;3;15;1
202300042396;155 605 437;50;0;2;7;1;3
202300042397;155 605 434;7;0;2;5;12;1
202300042397;155 605 436;33;0;2;1;3;1
202300042398;155 605 432;33;0;0;8;21;6
202300042398;155 605 433;7;0;0;0;0;0
202300042399;155 605 431;7;0;0;1;26;1
202300042400;155 605 427;7;1;2;4;26;1
202300042401;155 605 428;7;0;0;1;1;1
202300042402;155 605 425;10;0;2;4;2;1
202300042402;155 605 426;10;0;2;1;2;1
202300042402;155 605 429;7;0;2;4;2;1
202300042402;155 605 430;7;0;2;4;2;1
202300042403;155 605 424;7;;;;0;
202300042404;155 605 421;33;0;2;1;17;1
202300042404;155 605 423;7;0;9;6;15;1
202300042405;155 605 420;10;0;2;4;1;1
202300042405;155 605 422;10;0;2;1;1;1
202300042406;155 605 419;7;0;1;7;16;1
202300042407;155 605 418;33;4;0;7;0;1
202300042408;155 605 416;1;0;2;8;26;5
202300042409;155 605 415;33;0;2;7;3;1
202300042409;155 605 417;7;0;2;6;11;1
202300042410;155 605 413;33;0;2;1;9;1
202300042410;155 605 414;7;0;2;8;9;1
202300042411;155 605 412;7;0;1;3;1;1
202300042412;155 605 410;7;0;2;5;2;1
202300042412;155 605 411;43;0;2;1;2;1
202300042413;155 605 407;10;0;2;3;1;1
202300042413;155 605 409;33;0;2;1;17;1
202300042414;155 605 406;7;0;1;2;1;1
202300042415;155 605 405;7;0;2;3;1;1
202300042415;155 605 408;7;0;2;3;21;1
202300042416;155 605 403;33;0;1;1;1;1
202300042417;155 605 402;13;0;2;8;23;1
202300042417;155 605 404;7;11;2;1;15;1
202300042418;155 605 400;7;4;2;3;13;1
202300042419;155 605 399;10;0;2;3;2;1
202300042419;155 605 401;14;0;2;1;1;1
202300042420;155 605 398;7;0;1;1;1;1
202300042421;155 605 397;7;0;1;1;26;1
202300042422;155 605 396;32;0;2;4;23;1
202300042423;155 605 393;10;0;2;2;15;1
202300042423;155 605 395;7;0;2;1;1;1
202300042424;155 605 392;7;0;2;1;13;1
202300042424;155 605 394;7;0;2;1;1;1
202300042425;155 605 390;7;0;2;3;11;1
202300042425;155 605 391;34;0;2;1;2;1
202300042426;155 605 386;7;0;2;7;15;1
202300042426;155 605 389;30;0;2;1;1;1
202300042427;155 605 385;7;0;2;9;13;1
202300042427;155 605 387;7;0;2;2;1;1
202300042427;155 605 388;7;0;2;3;1;1
202300042428;155 605 383;32;0;2;2;15;1
202300042428;155 605 384;7;0;2;3;15;1
202300042429;155 605 382;7;0;1;1;1;1
202300042430;155 605 381;50;0;1;1;1;3
202300042431;155 605 380;7;0;0;9;19;1
202300042432;155 605 378;7;0;2;1;2;1
202300042432;155 605 379;7;0;2;4;2;1
202300042433;155 605 376;7;0;2;3;1;1
202300042433;155 605 377;50;0;2;1;19;3
202300042434;155 605 373;10;0;2;1;2;1
202300042434;155 605 375;7;0;2;4;2;1
202300042435;155 605 372;7;0;2;1;1;1
202300042435;155 605 374;7;0;2;4;1;1
202300042436;155 605 368;7;0;2;4;2;1
202300042436;155 605 370;32;0;2;3;2;1
202300042437;155 605 364;50;0;2;2;1;3
202300042437;155 605 366;7;0;9;3;9;1
202300042438;155 605 362;50;0;0;0;13;3
202300042439;155 605 363;7;0;2;2;2;1
202300042439;155 605 365;10;0;2;1;9;1
202300042440;155 605 361;7;0;1;2;1;1
202300042441;155 605 359;7;0;2;3;13;1
202300042441;155 605 360;7;0;2;1;1;1
202300042442;155 605 357;7;0;2;1;0;0
202300042442;155 605 358;7;0;2;5;1;0
202300042443;155 605 353;7;0;2;1;1;0
202300042443;155 605 355;13;0;2;4;1;0
202300042444;155 605 354;7;0;2;4;2;1
202300042444;155 605 356;7;0;2;1;2;1
202300042445;155 605 351;7;0;1;1;16;1
202300042446;155 605 349;30;0;2;2;1;1
202300042446;155 605 350;7;0;2;3;9;1
202300042447;155 605 345;7;0;2;1;2;1
202300042447;155 605 346;7;0;2;4;2;1
202300042447;155 605 347;7;0;0;4;23;1
202300042448;155 605 344;7;0;2;3;26;1
202300042448;155 605 348;7;0;2;1;26;1
202300042449;155 605 341;10;0;2;4;2;1
202300042449;155 605 342;7;0;2;4;23;1
202300042449;155 605 343;7;0;2;1;2;1
202300042450;155 605 340;10;0;1;1;26;1
202300042451;155 605 338;30;0;2;1;2;1
202300042451;155 605 339;7;0;2;4;2;3
202300042452;155 605 337;7;13;0;1;1;1
202300042453;155 605 333;7;0;2;1;1;1
202300042453;155 605 335;33;0;2;1;5;1
202300042454;155 605 334;7;0;2;2;19;1
202300042454;155 605 336;1;0;2;0;0;5
202300042455;155 605 330;33;0;2;1;19;1
202300042455;155 605 332;7;0;2;6;19;2
202300042456;155 605 329;33;0;2;5;1;1
202300042456;155 605 331;7;0;2;2;17;1
202300042457;155 605 327;7;0;2;0;1;0
202300042457;155 605 328;50;0;2;0;15;3
202300042458;155 605 325;7;1;0;2;1;1
202300042459;155 605 324;1;0;2;7;1;5
202300042459;155 605 326;7;0;2;3;1;0
202300042460;155 605 323;7;0;1;2;1;1
202300042461;155 605 321;7;0;2;3;15;0
202300042461;155 605 322;33;0;2;1;17;0
202300042462;155 605 319;7;8;2;8;0;1
202300042462;155 605 320;7;0;2;1;0;1
202300042463;155 605 317;1;0;2;1;13;5
202300042463;155 605 318;7;0;2;1;1;3
202300042464;155 605 316;7;0;1;2;1;2
202300042465;155 605 312;10;0;2;3;15;1
202300042465;155 605 314;7;0;2;1;1;1
202300042466;155 605 313;10;0;2;8;15;1
202300042466;155 605 315;30;0;2;1;17;1
202300042467;155 605 311;7;13;0;9;14;1
202300042468;155 605 309;7;0;2;8;10;2
202300042468;155 605 310;7;0;2;3;1;1
202300042469;155 605 307;2;9;2;7;1;1
202300042469;155 605 308;7;0;2;7;15;1
202300042470;155 605 304;7;0;2;1;15;1
202300042470;155 605 306;1;0;2;8;19;5
202300042471;155 605 303;7;0;2;4;1;1
202300042471;155 605 305;7;0;2;1;1;1
202300042472;155 605 302;7;1;0;2;14;1
202300042473;155 605 300;7;0;2;3;1;1
202300042473;155 605 301;7;0;2;3;1;1
202300042474;155 605 297;10;0;2;3;9;1
202300042474;155 605 299;30;0;2;1;17;1
202300042475;155 605 296;7;0;2;1;1;1
202300042475;155 605 298;7;0;2;8;1;1
202300042476;155 605 293;7;0;2;1;1;1
202300042476;155 605 295;7;0;2;4;1;1
202300042477;155 605 292;33;0;2;7;17;1
202300042477;155 605 294;7;0;2;8;15;1
202300042478;155 605 289;10;0;2;5;1;1
202300042478;155 605 291;30;0;2;1;1;1
202300042479;155 605 288;7;0;2;3;1;1
202300042479;155 605 290;2;0;2;8;19;1
202300042480;155 605 286;50;0;1;1;1;3
202300042481;155 605 287;30;16;0;8;13;1
202300042482;155 605 284;43;0;2;1;1;1
202300042482;155 605 285;10;0;2;5;1;6
202300042483;155 605 283;7;0;1;1;1;1
202300042484;155 605 281;7;0;2;6;1;1
202300042484;155 605 282;33;0;2;3;1;1
202300042485;155 605 280;7;0;1;2;1;1
202300042486;155 605 279;33;0;0;7;1;1
202300042487;155 605 278;7;0;1;3;1;1
202300042488;155 605 277;80;0;0;8;10;3
202300042489;155 605 276;7;0;1;1;26;4
202300042490;155 605 275;7;0;1;2;1;1
202300042491;155 605 273;1;0;0;8;1;5
202300042492;155 605 272;1;0;2;1;5;5
202300042492;155 605 274;10;0;2;1;1;1
202300042493;155 605 271;7;0;1;2;1;1
202300042494;155 605 270;7;0;1;1;21;1
202300042495;155 605 268;7;0;1;1;15;1
202300042496;155 605 267;1;0;2;8;13;5
202300042496;155 605 269;7;0;0;7;17;1
202300042497;155 605 263;50;0;0;0;9;3
202300042497;155 605 265;0;0;0;0;0;0
202300042498;155 605 261;2;0;2;1;1;1
202300042498;155 605 262;7;0;2;8;1;1
202300042499;155 605 264;7;0;2;2;15;0
202300042499;155 605 266;7;0;2;3;1;0
202300042500;155 605 259;30;0;2;4;1;1
202300042500;155 605 260;7;0;2;1;2;0
202300042501;155 605 256;30;0;2;7;1;1
202300042501;155 605 257;7;0;2;1;1;0
202300042502;155 605 258;7;16;0;0;1;1
202300042503;155 605 254;7;0;2;2;15;1
202300042503;155 605 255;10;0;2;5;1;1
202300042504;155 605 250;1;0;0;8;1;5
202300042504;155 605 253;10;1;2;1;1;1
202300042505;155 605 251;7;0;2;4;15;1
202300042505;155 605 252;33;0;2;1;1;1
202300042506;155 605 248;7;0;2;8;1;1
202300042506;155 605 249;10;0;2;1;19;1
202300042507;155 605 246;10;0;2;4;15;1
202300042507;155 605 247;10;0;2;1;1;1
202300042508;155 605 245;10;0;1;3;1;1
202300042509;155 605 244;31;0;0;7;17;1
202300042510;155 605 242;3;0;2;2;1;3
202300042511;155 605 241;1;0;2;1;15;5
202300042511;155 605 243;7;0;2;1;1;1
202300042512;155 605 238;7;1;0;1;1;1
202300042512;155 605 239;10;0;2;4;23;1
202300042512;155 605 240;10;1;0;4;1;1
202300042513;155 605 236;7;0;1;0;20;1
202300042514;155 605 235;7;0;2;3;15;1
202300042514;155 605 237;33;0;2;1;1;1
202300042515;155 605 233;7;0;2;1;13;1
202300042515;155 605 234;7;0;2;1;0;3
202300042516;155 605 232;7;0;1;7;1;3
202300042517;155 605 230;7;0;2;1;9;1
202300042517;155 605 231;50;0;2;7;1;3
202300042518;155 605 227;33;0;0;7;1;1
202300042519;155 605 226;10;0;1;1;1;1
202300042520;155 605 224;7;0;2;3;1;0
202300042520;155 605 225;33;0;2;7;1;0
202300042521;155 605 223;7;13;0;1;13;1
202300042522;155 605 219;1;14;0;0;0;5
202300042522;155 605 221;7;14;0;2;15;1
202300042523;155 605 217;50;0;2;1;1;3
202300042523;155 605 220;7;0;2;2;15;1
202300042524;155 605 214;10;0;2;1;1;1
202300042524;155 605 215;7;0;2;4;1;1
202300042524;155 605 218;7;0;2;4;1;1
202300042525;155 605 216;7;1;0;3;13;1
202300042526;155 605 210;10;0;2;1;1;1
202300042526;155 605 212;10;0;2;4;1;1
202300042527;155 605 209;7;0;2;4;2;0
202300042527;155 605 211;7;0;2;1;2;0
202300042527;155 605 213;7;0;2;4;2;0
202300042528;155 605 207;7;0;1;1;1;1
202300042529;155 605 205;7;0;1;2;1;1
202300042530;155 605 206;80;0;2;2;1;3
202300042530;155 605 208;7;0;9;3;15;1
202300042531;155 605 203;7;0;2;1;9;1
202300042531;155 605 204;50;0;2;7;1;3
202300042532;155 605 202;7;6;0;1;1;1
202300042533;155 605 200;50;0;9;1;1;3
202300042533;155 605 201;50;0;2;1;5;3
202300042534;155 605 199;10;0;1;1;1;2
202300042535;155 605 197;1;0;2;0;15;5
202300042535;155 605 198;7;0;2;1;1;1
202300042536;155 605 196;7;0;0;0;26;1
202300042537;155 605 194;7;0;2;1;1;1
202300042537;155 605 195;7;0;2;1;13;1
202300042538;155 605 193;0;0;1;7;0;0
202300042539;155 605 191;7;0;2;3;20;1
202300042539;155 605 192;1;0;2;1;1;5
202300042540;155 605 189;37;0;1;2;1;4
202300042541;155 605 188;1;0;2;1;0;5
202300042541;155 605 190;7;0;2;3;19;1
202300042542;155 605 186;10;0;2;8;10;1
202300042542;155 605 187;33;0;2;1;1;1
202300042543;155 605 182;7;0;2;2;15;1
202300042543;155 605 183;80;0;2;1;1;3
202300042544;155 605 180;7;0;2;4;2;2
202300042544;155 605 181;7;0;2;4;2;1
202300042544;155 605 184;15;0;2;1;2;1
202300042545;155 605 177;2;0;0;0;15;1
202300042546;155 605 176;7;0;2;1;5;1
202300042546;155 605 178;30;0;2;9;1;1
202300042547;155 605 175;7;6;0;1;0;1
202300042548;155 605 172;7;0;2;4;23;1
202300042548;155 605 173;7;0;2;4;23;1
202300042548;155 605 174;7;0;2;1;2;1
202300042549;155 605 170;31;0;2;0;18;1
202300042549;155 605 171;21;0;2;7;13;1
202300042550;155 605 179;30;7;0;1;1;3
202300042551;155 605 168;7;0;2;0;15;0
202300042551;155 605 169;2;0;2;1;1;1
202300042552;155 605 167;2;12;0;7;1;0
202300042553;155 605 165;7;2;0;1;1;1
202300042554;155 605 164;31;0;2;7;1;1
202300042554;155 605 166;7;0;2;1;1;1
202300042555;155 605 162;10;0;1;3;15;1
202300042556;155 605 161;1;0;2;1;1;5
202300042556;155 605 163;7;0;2;2;15;0
202300042557;155 605 158;7;0;2;1;19;1
202300042557;155 605 159;7;0;0;6;1;1
202300042558;155 605 157;7;0;2;7;15;1
202300042558;155 605 160;7;0;2;3;1;1
202300042559;155 605 156;7;0;1;2;17;1
202300042560;155 605 154;7;0;2;2;16;1
202300042560;155 605 155;80;0;2;8;1;3
202300042561;155 605 149;7;0;2;3;16;1
202300042561;155 605 152;7;0;2;2;19;1