Num_Acc;id_vehicule;categorie_vehicule;obstacle_fixe;obstacle_mobile;point_choc_initial;manoeuvre_principale;motorisation
202300042562;155 605 150;10;0;2;3;2;1
202300042562;155 605 151;7;0;2;1;1;1
202300042562;155 605 153;7;0;2;5;15;1
202300042563;155 605 146;7;1;0;2;1;1
202300042563;155 605 148;15;1;0;6;23;0
202300042564;155 605 145;7;0;0;5;23;1
202300042564;155 605 147;2;0;2;1;1;1
202300042565;155 605 143;7;0;1;1;1;1
202300042566;155 605 140;7;12;2;1;13;1
202300042566;155 605 142;7;0;2;1;1;1
202300042567;155 605 138;1;0;2;0;25;5
202300042567;155 605 139;7;0;2;0;1;1
202300042568;155 605 137;3;0;1;0;1;0
202300042569;155 605 135;7;2;0;2;13;0
202300042570;155 605 134;7;0;2;7;15;1
202300042570;155 605 136;7;0;2;3;14;2
202300042571;155 605 130;7;0;1;1;1;2
202300042572;155 605 131;10;13;0;2;1;1
202300042573;155 605 132;7;0;2;1;9;1
202300042573;155 605 133;7;0;2;1;1;1
202300042574;155 605 129;7;0;9;1;21;1
202300042575;155 605 128;7;0;1;1;1;1
202300042576;155 605 127;7;0;1;2;1;1
202300042577;155 605 122;33;0;2;1;21;1
202300042577;155 605 124;33;0;2;1;2;1
202300042577;155 605 126;10;0;2;6;19;1
202300042578;155 605 121;2;0;1;1;26;1
202300042579;155 605 119;7;0;0;4;2;1
202300042579;155 605 120;7;0;2;9;2;1
202300042579;155 605 123;33;0;2;9;2;1
202300042579;155 605 125;7;0;2;1;2;1
202300042580;155 605 118;7;0;1;1;1;1
202300042581;155 605 115;7;0;1;1;15;1
202300042582;155 605 113;2;0;2;1;1;1
202300042582;155 605 116;7;0;2;5;15;1
202300042583;155 605 114;7;0;2;4;26;1
202300042583;155 605 117;10;0;2;1;26;1
202300042584;155 605 109;7;0;2;0;0;1
202300042584;155 605 112;7;0;2;0;0;1
202300042585;155 605 108;7;0;2;3;1;1
202300042585;155 605 111;7;0;2;3;21;1
202300042586;155 605 105;37;0;2;1;15;0
202300042586;155 605 107;7;0;2;1;15;0
202300042586;155 605 110;50;0;2;1;17;3
202300042587;155 605 102;33;2;2;2;17;1
202300042587;155 605 104;7;0;2;3;17;1
202300042588;155 605 103;0;;2;3;20;
202300042588;155 605 106;31;0;2;7;1;1
202300042589;155 605 101;7;8;0;2;1;1
202300042590;155 605 097;1;0;2;8;21;5
202300042590;155 605 098;10;0;2;1;19;1
202300042591;155 605 095;1;0;2;6;13;5
202300042591;155 605 096;7;0;0;3;15;1
202300042592;155 605 094;7;13;0;1;1;1
202300042593;155 605 092;7;13;0;3;2;1
202300042594;155 605 099;7;0;2;1;1;6
202300042594;155 605 100;34;16;0;4;1;6
202300042595;155 605 093;7;0;1;1;1;1
202300042596;155 605 090;7;0;2;8;1;1
202300042596;155 605 091;2;0;2;1;9;1
202300042597;155 605 089;1;7;0;2;15;5
202300042598;155 605 087;33;0;0;9;13;1
202300042599;155 605 088;10;0;1;1;15;1
202300042600;155 605 086;2;8;0;1;0;1
202300042601;155 605 082;7;0;2;3;19;1
202300042601;155 605 083;2;0;2;1;1;1
202300042602;155 605 084;60;9;0;0;0;5
202300042602;155 605 085;3;5;0;5;16;0
202300042603;155 605 080;7;0;2;3;20;1
202300042603;155 605 081;2;0;2;1;1;1
202300042604;155 605 077;7;0;2;1;1;0
202300042604;155 605 078;80;0;0;7;1;3
202300042605;155 605 075;7;1;2;3;2;1
202300042605;155 605 076;7;1;2;5;2;1
202300042605;155 605 079;7;0;2;5;24;1
202300042606;155 605 073;10;0;2;3;19;1
202300042606;155 605 074;7;0;2;2;1;1
202300042607;155 605 071;7;0;2;1;5;1
202300042607;155 605 072;7;0;2;1;1;1
202300042608;155 605 068;7;0;2;3;1;1
202300042608;155 605 070;7;0;2;5;1;1
202300042609;155 605 065;38;16;2;3;1;1
202300042609;155 605 069;7;4;2;2;9;1
202300042610;155 605 066;32;0;2;1;1;1
202300042610;155 605 067;7;0;2;2;10;1
202300042611;155 605 064;7;0;1;1;1;1
202300042612;155 605 061;7;0;0;1;1;1
202300042613;155 605 062;7;0;2;2;1;1
202300042613;155 605 063;80;0;2;6;1;3
202300042614;155 605 060;33;12;0;2;1;1
202300042615;155 605 057;7;2;0;1;1;1
202300042616;155 605 053;7;0;2;3;13;1
202300042616;155 605 055;15;0;2;3;1;1
202300042617;155 605 054;15;0;2;8;1;1
202300042617;155 605 056;7;0;2;4;1;1
202300042617;155 605 058;7;0;2;1;1;1
202300042617;155 605 059;7;3;2;1;1;1
202300042618;155 605 052;7;0;1;4;4;1
202300042619;155 605 050;10;1;0;1;1;0
202300042620;155 605 049;7;0;2;1;1;1
202300042620;155 605 051;7;3;2;1;13;1
202300042621;155 605 048;10;0;1;2;19;1
202300042622;155 605 046;7;0;2;1;1;1
202300042622;155 605 047;7;0;0;5;15;1
202300042623;155 605 042;7;0;2;5;15;1
202300042623;155 605 043;7;0;2;1;1;1
202300042624;155 605 040;7;0;2;3;1;2
202300042624;155 605 041;33;0;2;3;17;1
202300042625;155 605 039;33;12;0;1;1;1
202300042626;155 605 044;33;0;2;1;13;1
202300042626;155 605 045;7;0;2;1;1;1
202300042627;155 605 038;33;14;0;1;1;1
202300042628;155 605 036;7;0;2;6;11;1
202300042628;155 605 037;33;0;0;9;17;0
202300042629;155 605 033;2;0;2;0;16;1
202300042629;155 605 034;7;0;2;8;1;1
202300042630;155 605 035;33;0;0;0;1;1
202300042631;155 605 032;7;0;1;3;26;1
202300042632;155 605 030;31;14;0;1;1;1
202300042632;155 605 031;33;3;2;9;1;1
202300042633;155 605 029;33;0;2;3;0;1
202300042634;155 605 026;10;0;2;1;11;1
202300042634;155 605 027;7;0;2;4;1;1
202300042635;155 605 025;10;5;0;1;0;1
202300042636;155 605 028;10;1;1;2;1;0
202300042637;155 605 023;33;0;2;1;21;1
202300042637;155 605 024;7;0;2;4;1;1
202300042638;155 605 021;7;0;2;1;2;1
202300042638;155 605 022;7;0;2;4;2;1
202300042639;155 605 018;7;0;2;4;2;1
202300042639;155 605 019;10;0;2;1;2;1
202300042639;155 605 020;14;0;2;1;2;1
202300042640;155 605 015;7;0;2;1;1;1
202300042640;155 605 016;7;0;2;4;2;1
202300042641;155 605 013;10;0;2;6;11;1
202300042641;155 605 014;33;0;2;1;3;1
202300042642;155 605 011;7;0;2;7;12;1
202300042642;155 605 012;33;0;2;3;3;1
202300042643;155 605 010;7;0;2;2;15;1
202300042643;155 605 017;7;0;2;1;1;1
202300042644;155 605 008;33;0;2;1;3;1
202300042644;155 605 009;7;0;2;6;11;1
202300042645;155 605 006;33;0;2;1;3;1
202300042645;155 605 007;7;0;2;6;11;1
202300042646;155 605 000;7;0;2;4;12;1
202300042646;155 605 001;33;0;2;1;3;1
202300042647;155 604 998;7;0;2;7;12;1
202300042647;155 604 999;43;0;2;8;3;1
202300042648;155 604 995;7;0;2;4;1;1
202300042648;155 604 996;7;0;2;1;1;1
202300042649;155 604 997;7;0;2;1;1;1
202300042649;155 605 005;7;0;2;3;13;1
202300042650;155 604 994;43;0;2;1;3;1
202300042651;155 604 989;10;0;2;1;2;1
202300042651;155 604 990;7;0;2;4;2;2
202300042651;155 604 991;7;0;2;4;2;1
202300042651;155 604 993;7;0;2;4;2;1
202300042652;155 604 992;7;2;0;8;1;1
202300042653;155 604 987;16;0;2;3;13;1
202300042653;155 604 988;10;0;2;2;1;1
202300042654;155 604 985;10;0;2;1;0;
202300042654;155 604 986;7;0;2;4;2;1
202300042655;155 604 983;7;0;2;3;0;1
202300042655;155 604 984;15;0;2;2;14;1
202300042656;155 604 979;33;0;2;0;12;1
202300042656;155 604 980;14;0;2;8;2;1
202300042656;155 604 981;7;0;2;6;2;1
202300042657;155 604 978;7;0;2;1;1;1
202300042657;155 604 982;10;0;2;1;1;1
202300042658;155 604 972;10;0;2;1;2;1
202300042658;155 604 973;7;0;2;4;2;1
202300042658;155 604 974;7;0;2;4;1;1
202300042658;155 604 975;7;0;2;4;0;0
202300042658;155 604 976;7;0;2;4;2;0
202300042658;155 604 977;7;0;2;4;2;0
202300042659;155 604 970;33;0;2;7;3;1
202300042659;155 604 971;7;0;2;8;11;1
202300042660;155 604 969;7;4;0;1;2;1
202300042661;155 604 966;7;0;2;1;2;1
202300042661;155 604 967;7;0;2;4;1;1
202300042662;155 604 964;33;0;2;1;3;1
202300042662;155 604 965;10;0;2;8;11;1
202300042663;155 604 962;7;0;2;3;1;1
202300042663;155 604 963;2;0;2;1;1;1
202300042664;155 604 960;14;0;1;1;26;1
202300042665;155 604 958;7;0;2;3;13;1
202300042665;155 604 959;7;0;2;3;13;1
202300042666;155 604 956;21;0;2;1;1;1
202300042666;155 604 957;10;0;2;8;15;1
202300042667;155 604 954;7;0;2;4;1;1
202300042667;155 604 955;7;0;2;1;1;1
202300042668;155 604 961;2;0;2;1;1;1
202300042668;155 604 968;7;0;2;6;15;1
202300042669;155 604 951;7;3;0;0;0;1
202300042669;155 604 952;10;0;9;1;1;1
202300042669;155 604 953;7;3;0;1;1;1
202300042670;155 604 947;7;0;2;4;2;1
202300042670;155 604 948;7;0;2;1;2;1
202300042670;155 604 950;7;0;0;4;2;1
202300042671;155 604 946;99;6;0;2;14;1
202300042672;155 604 945;7;8;0;1;2;0
202300042673;155 604 943;7;15;2;2;26;1
202300042673;155 604 944;50;0;2;8;0;3
202300042674;155 604 949;7;13;0;1;17;1
202300042675;155 604 941;32;0;2;3;7;1
202300042675;155 604 942;7;0;2;2;16;1
202300042676;155 604 939;7;0;1;1;1;1
202300042677;155 604 937;31;0;2;1;5;1
202300042677;155 604 938;7;0;2;1;1;1
202300042678;155 604 935;7;14;2;2;1;1
202300042678;155 604 936;1;0;2;4;23;5
202300042679;155 604 940;7;3;0;9;13;0
202300042680;155 604 932;10;0;2;1;26;1
202300042680;155 604 933;7;0;2;1;1;1
202300042680;155 604 934;33;0;2;8;1;1
202300042681;155 604 930;7;0;2;4;1;1
202300042681;155 604 931;7;0;2;1;1;1
202300042682;155 604 928;7;0;2;3;13;1
202300042682;155 604 929;99;0;2;5;26;1
202300042683;155 604 925;7;0;2;1;1;1
202300042683;155 604 926;30;0;0;0;0;0
202300042683;155 604 927;7;0;2;1;13;1
202300042684;155 604 923;10;14;2;3;2;0
202300042684;155 604 924;99;14;2;1;1;6
202300042685;155 604 922;7;0;1;2;1;2
202300042686;155 604 921;7;0;0;3;1;1
202300042687;155 604 918;7;12;0;9;1;1
202300042688;155 604 917;7;0;2;1;1;1
202300042688;155 604 919;7;0;2;6;19;1
202300042689;155 604 916;7;0;0;0;1;1
202300042690;155 604 912;10;0;2;3;19;1
202300042690;155 604 915;33;0;2;8;1;1
202300042691;155 604 911;15;13;2;3;21;1
202300042691;155 604 913;7;13;2;1;13;1
202300042692;155 604 910;7;0;2;1;5;2
202300042692;155 604 914;7;0;2;1;1;1
202300042693;155 604 906;7;0;2;3;15;1
202300042693;155 604 909;7;0;2;3;1;1
202300042694;155 604 905;7;7;2;1;1;1
202300042694;155 604 908;7;0;2;8;15;1
202300042695;155 604 904;7;0;2;1;1;1
202300042695;155 604 907;10;0;0;2;15;1
202300042696;155 604 902;7;0;2;1;15;1
202300042696;155 604 903;43;0;2;1;1;1
202300042697;155 604 900;7;0;2;3;13;1
202300042697;155 604 901;33;0;2;3;0;1
202300042698;155 604 898;10;0;1;2;25;1
202300042699;155 604 897;7;0;2;4;23;1
202300042699;155 604 899;33;1;2;1;1;2
202300042700;155 604 896;7;0;1;3;1;1
202300042701;155 604 894;7;6;0;3;14;1
202300042702;155 604 895;7;0;1;3;15;1
202300042703;155 604 893;7;0;1;1;11;1
202300042704;155 604 892;7;8;0;1;1;1
202300042705;155 604 891;7;6;1;1;1;1
202300042706;155 604 887;7;0;2;1;15;1
202300042706;155 604 889;2;0;2;1;1;1
202300042707;155 604 886;7;15;0;1;1;1
202300042708;155 604 884;7;13;0;1;1;1
202300042709;155 604 880;7;0;2;3;5;1
202300042709;155 604 882;33;0;2;1;1;1
202300042710;155 604 881;7;0;2;1;13;1
202300042710;155 604 883;7;0;2;1;1;1
202300042711;155 604 879;7;15;0;1;1;1
202300042712;155 604 875;50;0;2;0;0;3
202300042712;155 604 878;37;0;2;7;1;3
202300042713;155 604 874;10;0;2;1;2;1
202300042713;155 604 877;17;0;0;4;1;1
202300042714;155 604 873;10;0;2;1;1;1
202300042714;155 604 876;2;15;9;8;1;1
202300042715;155 604 872;32;0;0;7;1;1
202300042716;155 604 869;33;0;2;1;12;1
202300042716;155 604 871;17;0;0;4;1;1
202300042717;155 604 866;7;0;2;1;2;1
202300042717;155 604 867;7;0;0;4;2;1
202300042717;155 604 868;7;0;2;4;2;1
202300042718;155 604 865;7;0;2;3;1;1
202300042718;155 604 870;7;0;2;2;1;1
202300042719;155 604 864;7;4;0;1;1;1
202300042720;155 604 860;33;0;2;7;17;1
202300042720;155 604 863;7;0;2;8;20;1
202300042721;155 604 858;32;0;2;4;1;1
202300042721;155 604 861;7;0;2;5;12;1
202300042722;155 604 856;7;2;0;1;1;1
202300042723;155 604 857;7;0;2;1;26;0
202300042723;155 604 859;0;0;2;6;26;0
202300042723;155 604 862;33;3;0;2;17;1
202300042724;155 604 854;7;6;0;1;14;1
202300042725;155 604 853;7;0;1;1;11;1
202300042726;155 604 855;32;0;;1;1;1
202300042727;155 604 852;7;2;0;0;13;1
202300042728;155 604 851;7;0;2;9;1;1
202300042729;155 604 850;10;0;1;1;15;1
202300042730;155 604 844;7;0;2;2;10;1
202300042730;155 604 847;7;0;2;1;1;1
202300042731;155 604 845;33;0;2;1;2;1
202300042731;155 604 848;7;0;2;4;2;1
202300042732;155 604 846;15;0;2;2;1;1
202300042732;155 604 849;7;0;0;7;9;1
202300042733;155 604 839;7;0;0;3;1;0
202300042733;155 604 841;7;0;2;3;13;0
202300042734;155 604 836;33;0;2;4;2;1
202300042734;155 604 838;10;0;2;1;2;1
202300042735;155 604 835;7;0;2;8;14;1
202300042735;155 604 837;7;0;2;7;1;1
202300042735;155 604 840;7;0;2;7;1;1
202300042735;155 604 842;14;0;2;5;1;1
202300042736;155 604 834;7;6;0;1;0;1
202300042737;155 604 832;7;0;2;2;21;1
202300042737;155 604 833;1;0;2;8;19;5
202300042738;155 604 830;7;0;2;3;1;0
202300042738;155 604 831;10;0;2;5;24;0
202300042739;155 604 827;7;0;2;3;9;1
202300042739;155 604 828;1;0;2;2;16;5
202300042740;155 604 826;10;0;0;7;19;1
202300042740;155 604 829;7;0;2;1;1;1
202300042741;155 604 825;7;4;0;3;1;1
202300042742;155 604 824;7;6;0;1;1;1
202300042743;155 604 822;7;4;0;3;1;1
202300042744;155 604 820;30;0;0;1;1;1
202300042745;155 604 819;7;0;2;3;9;1
202300042745;155 604 821;30;0;2;4;1;1
202300042745;155 604 823;10;0;2;3;1;1
202300042746;155 604 818;31;0;0;7;1;1
202300042747;155 604 816;7;4;2;1;1;1
202300042748;155 604 813;7;0;2;1;13;0
202300042748;155 604 815;7;0;2;1;0;0
202300042749;155 604 814;7;0;2;3;1;1
202300042749;155 604 817;7;9;2;1;15;1
202300042750;155 604 812;7;0;1;2;17;1
202300042751;155 604 810;7;0;1;2;1;1
202300042752;155 604 809;17;0;2;6;1;1
202300042752;155 604 811;7;0;2;2;12;1
202300042753;155 604 807;7;0;2;8;15;1
202300042753;155 604 808;32;0;2;1;1;1
202300042754;155 604 805;7;0;0;3;13;1
202300042755;155 604 802;33;0;2;1;1;1
202300042755;155 604 804;7;0;2;1;13;1
202300042756;155 604 803;7;0;2;1;19;1
202300042756;155 604 806;2;0;2;7;1;1
202300042757;155 604 800;30;0;9;1;26;1
202300042757;155 604 801;50;0;0;0;0;3
202300042758;155 604 797;7;0;0;0;15;1
202300042758;155 604 799;33;0;0;3;21;1
202300042759;155 604 798;7;2;0;1;0;1
202300042760;155 604 794;7;0;0;0;0;0
202300042760;155 604 795;1;0;0;0;0;5
202300042761;155 604 792;3;16;0;9;1;1
202300042762;155 604 793;7;0;2;2;15;1
202300042762;155 604 796;1;0;2;1;1;5
202300042763;155 604 790;30;0;2;1;2;1
202300042763;155 604 791;7;0;2;5;1;1
202300042764;155 604 786;7;13;2;1;0;1
202300042764;155 604 789;7;0;2;6;1;1
202300042765;155 604 785;30;0;2;1;1;1
202300042765;155 604 788;7;0;2;4;4;1
202300042766;155 604 784;50;0;2;1;1;3
202300042766;155 604 787;7;0;2;3;16;1
202300042767;155 604 781;7;0;2;2;2;1
202300042767;155 604 783;1;0;2;8;1;5
202300042768;155 604 780;7;0;2;1;13;1
202300042768;155 604 782;7;7;2;1;1;1
202300042769;155 604 778;7;15;0;1;14;1
202300042770;155 604 773;50;0;2;1;1;3
202300042770;155 604 776;1;0;2;1;13;5
202300042771;155 604 772;7;0;2;3;15;1
202300042771;155 604 774;7;0;2;3;1;1
202300042771;155 604 777;7;0;2;8;1;1
202300042771;155 604 779;7;0;2;6;1;1
202300042772;155 604 771;7;0;0;7;19;1
202300042772;155 604 775;10;0;0;1;1;1
202300042773;155 604 770;7;2;0;0;1;1
202300042774;155 604 767;99;0;2;4;15;1
202300042774;155 604 769;33;0;2;0;0;1
202300042775;155 604 765;7;0;2;1;1;1
202300042775;155 604 768;2;0;2;7;1;1
202300042776;155 604 764;7;0;2;4;23;1
202300042776;155 604 766;7;0;2;1;2;1
202300042777;155 604 759;7;0;2;3;13;1
202300042777;155 604 761;7;0;2;8;1;1
202300042778;155 604 758;7;0;2;3;1;1
202300042778;155 604 762;7;0;2;3;1;1
202300042779;155 604 755;0;1;0;1;1;0
202300042779;155 604 757;7;0;2;4;24;1
202300042780;155 604 753;7;0;1;1;9;1
202300042781;155 604 751;2;0;2;7;1;1
202300042781;155 604 752;7;0;2;1;15;1
202300042782;155 604 744;7;14;0;1;1;1
202300042782;155 604 746;7;0;2;4;23;1
202300042782;155 604 748;7;0;2;4;23;3
202300042782;155 604 749;15;0;2;5;23;1
202300042783;155 604 742;7;0;2;1;2;1
202300042783;155 604 747;7;0;2;4;2;1
202300042784;155 604 743;7;0;2;6;1;1
202300042784;155 604 745;7;0;2;3;1;1
202300042784;155 604 750;7;0;2;8;13;1
202300042785;155 604 739;10;2;0;3;1;0
202300042786;155 604 736;7;0;2;3;16;1
202300042786;155 604 738;7;0;2;2;0;1
202300042787;155 604 735;7;0;2;3;19;1
202300042787;155 604 737;1;0;2;1;19;5
202300042788;155 604 734;7;0;1;1;0;1
202300042789;155 604 732;7;6;0;1;1;1
202300042790;155 604 730;10;0;2;1;13;1
202300042790;155 604 733;7;0;2;3;0;1
202300042791;155 604 727;2;0;2;4;2;1
202300042791;155 604 728;7;0;2;2;2;1
202300042792;155 604 723;33;0;2;1;2;1
202300042792;155 604 724;7;0;2;4;2;1
202300042793;155 604 720;7;0;1;1;1;1
202300042794;155 604 722;10;0;0;3;2;1
202300042794;155 604 726;10;0;0;2;9;1
202300042795;155 604 719;7;0;2;1;2;1
202300042795;155 604 721;7;0;2;4;2;1
202300042796;155 604 715;33;0;2;3;13;1
202300042796;155 604 717;7;0;2;8;1;1
202300042797;155 604 713;10;0;2;1;2;1
202300042797;155 604 716;32;0;2;4;2;1
202300042798;155 604 712;1;0;9;2;25;5
202300042798;155 604 714;50;0;2;3;26;3
202300042799;155 604 707;7;0;2;3;2;1
202300042799;155 604 710;1;0;2;4;2;5
202300042800;155 604 709;7;15;0;1;1;1
202300042801;155 604 708;7;0;2;3;9;1
202300042801;155 604 711;2;0;2;1;17;1
202300042802;155 604 705;7;0;2;3;1;1
202300042802;155 604 706;7;0;2;3;1;1
202300042803;155 604 702;7;0;2;4;1;1
202300042803;155 604 704;7;0;2;1;1;1
202300042804;155 604 701;7;0;2;2;26;1
202300042804;155 604 703;31;0;2;2;1;3
202300042805;155 604 696;7;5;0;9;1;1
202300042806;155 604 695;15;0;2;1;1;1
202300042806;155 604 697;7;0;2;4;23;1
202300042806;155 604 698;7;0;2;4;23;1
202300042806;155 604 699;7;0;2;4;23;2
202300042806;155 604 700;7;0;2;4;23;1
202300042807;155 604 694;7;0;1;2;9;1
202300042808;155 604 691;7;0;2;0;0;1
202300042808;155 604 693;2;0;2;1;1;1
202300042809;155 604 686;7;0;1;1;1;1
202300042810;155 604 687;33;0;2;1;1;1
202300042810;155 604 689;10;0;2;6;15;1
202300042811;155 604 688;7;0;2;2;1;1
202300042811;155 604 690;17;0;2;8;1;1
202300042811;155 604 692;7;0;2;8;0;1
202300042812;155 604 685;7;1;1;2;15;0
202300042813;155 604 682;7;0;2;1;2;2
202300042813;155 604 683;33;0;2;4;2;1
202300042814;155 604 680;34;0;1;1;26;1
202300042814;155 604 681;7;0;2;1;1;1
202300042815;155 604 679;7;0;2;3;1;1
202300042815;155 604 684;7;0;2;6;1;1
202300042816;155 604 674;7;0;2;1;2;1
202300042816;155 604 676;7;0;2;4;2;1
202300042816;155 604 677;7;0;2;4;2;1
202300042817;155 604 675;7;0;2;1;1;1
202300042817;155 604 678;7;0;2;4;2;1
202300042818;155 604 669;7;0;2;8;9;1
202300042818;155 604 672;1;0;2;1;1;5
202300042819;155 604 671;1;0;2;1;5;5
202300042819;155 604 673;7;0;2;2;1;5
202300042820;155 604 668;7;6;0;1;1;1
202300042821;155 604 667;7;0;2;1;1;1
202300042821;155 604 670;7;0;2;4;1;1
202300042822;155 604 665;7;8;0;1;15;1
202300042823;155 604 664;10;0;2;3;0;0
202300042823;155 604 666;34;0;2;1;13;1
202300042824;155 604 660;10;0;2;6;11;0
202300042824;155 604 662;33;0;2;2;3;1
202300042825;155 604 659;7;0;2;4;2;1
202300042825;155 604 661;7;0;2;4;2;0
202300042825;155 604 663;10;0;2;1;2;1
202300042826;155 604 656;7;0;2;2;2;2
202300042826;155 604 658;1;0;2;4;2;5
202300042827;155 604 654;10;0;2;1;2;1
202300042827;155 604 657;7;0;2;4;23;1
202300042828;155 604 651;10;0;2;8;24;1
202300042828;155 604 652;1;1;0;2;1;5
202300042829;155 604 653;10;0;2;1;2;1
202300042829;155 604 655;10;0;2;4;2;1
202300042830;155 604 649;7;0;1;3;1;1
202300042831;155 604 647;31;0;2;8;18;1
202300042831;155 604 650;7;0;2;2;16;1
202300042832;155 604 645;7;0;2;8;1;1
202300042832;155 604 646;7;0;2;5;1;2
202300042832;155 604 648;7;0;2;3;3;1
202300042833;155 604 642;14;0;2;2;1;1
202300042833;155 604 643;1;0;2;4;15;5
202300042834;155 604 641;7;0;2;1;15;1
202300042834;155 604 644;43;0;2;3;1;1
202300042835;155 604 637;10;1;0;4;20;1
202300042835;155 604 638;2;0;0;2;24;1
202300042836;155 604 639;10;0;2;1;2;1
202300042836;155 604 640;17;0;2;4;26;1
202300042837;155 604 635;7;0;2;6;16;2
202300042837;155 604 636;1;0;2;1;19;5
202300042838;155 604 633;7;0;2;6;13;1
202300042838;155 604 634;2;0;2;7;17;3
202300042839;155 604 631;7;0;2;6;1;1
202300042839;155 604 632;31;0;2;1;1;1
202300042840;155 604 628;1;0;2;3;13;5
202300042840;155 604 630;80;0;2;2;13;3
202300042841;155 604 627;2;0;2;7;17;1
202300042841;155 604 629;7;0;2;3;15;1
202300042842;155 604 626;7;8;0;9;13;2
202300042843;155 604 623;50;0;2;3;19;3
202300042843;155 604 625;10;0;2;2;1;1
202300042844;155 604 621;7;0;2;8;22;1
202300042844;155 604 622;80;1;0;0;1;3
202300042845;155 604 619;7;0;2;2;2;1
202300042845;155 604 620;7;0;2;4;23;1
202300042845;155 604 624;7;0;0;4;23;1
202300042846;155 604 618;7;1;0;1;20;1
202300042847;155 604 616;7;0;2;7;16;1
202300042847;155 604 617;37;0;2;8;1;3
202300042848;155 604 613;2;0;2;1;1;2
202300042848;155 604 615;7;0;2;1;15;1
202300042849;155 604 612;34;0;2;3;13;1
202300042849;155 604 614;7;0;2;6;1;1
202300042850;155 604 610;7;0;2;4;23;1
202300042850;155 604 611;30;0;2;1;1;1
202300042851;155 604 607;7;1;0;1;1;1
202300042852;155 604 602;7;0;2;4;1;2
202300042852;155 604 603;7;0;2;4;1;1
202300042852;155 604 605;7;0;2;4;1;1
202300042852;155 604 606;7;0;2;1;9;3
202300042852;155 604 608;7;0;2;4;1;2
202300042852;155 604 609;7;0;2;4;1;1
202300042853;155 604 604;7;0;1;1;1;1
202300042854;155 604 600;1;0;1;1;1;5
202300042855;155 604 597;10;0;2;3;21;1
202300042855;155 604 599;7;0;2;4;1;2
202300042855;155 604 601;7;0;2;4;23;1
202300042856;155 604 596;33;0;2;8;18;1
202300042856;155 604 598;7;0;2;2;16;1
202300042857;155 604 595;31;12;0;1;6;1
202300042858;155 604 593;33;14;0;1;1;6
202300042859;155 604 591;34;0;2;2;1;1
202300042859;155 604 592;7;0;2;8;22;1
202300042860;155 604 590;7;0;0;0;0;1
202300042860;155 604 594;33;0;2;1;13;1
202300042861;155 604 589;7;0;1;3;15;1
202300042862;155 604 588;30;0;1;1;1;3
202300042863;155 604 586;32;0;9;1;1;1
202300042863;155 604 587;50;0;2;8;26;3
202300042864;155 604 584;7;0;2;2;10;1
202300042864;155 604 585;2;0;2;1;1;1
202300042865;155 604 579;7;0;9;1;0;1
202300042865;155 604 582;50;0;2;4;0;3
202300042866;155 604 581;50;0;2;2;1;3
202300042866;155 604 583;7;0;2;3;16;2
202300042867;155 604 578;7;0;2;3;13;2
202300042867;155 604 580;10;0;2;3;1;1
202300042868;155 604 577;34;0;0;0;0;1
202300042869;155 604 573;1;0;2;1;1;5
202300042869;155 604 575;7;0;2;4;1;1
202300042870;155 604 576;30;0;1;8;1;3
202300042871;155 604 571;7;0;1;1;19;6
202300042872;155 604 567;7;0;2;1;15;1
202300042872;155 604 570;1;0;2;8;1;5
202300042873;155 604 568;7;0;2;1;2;2
202300042873;155 604 569;10;0;2;4;1;6
202300042874;155 604 565;7;0;2;7;1;1
202300042874;155 604 566;7;0;2;1;9;1
202300042875;155 604 563;7;0;1;2;1;1
202300042876;155 604 562;7;0;2;1;15;1
202300042876;155 604 564;43;0;2;1;1;1
202300042877;155 604 561;1;12;0;9;13;5
202300042878;155 604 559;1;0;2;1;0;5
202300042878;155 604 560;7;0;2;0;0;2
202300042879;155 604 557;7;4;0;1;1;1
202300042880;155 604 555;50;0;2;1;19;3
202300042880;155 604 556;10;0;2;2;1;3
202300042881;155 604 554;30;0;2;1;1;3
202300042881;155 604 558;7;0;2;7;15;1
202300042882;155 604 552;7;0;1;2;16;1
202300042883;155 604 549;7;3;2;2;17;1
202300042883;155 604 551;7;3;2;8;1;1
202300042884;155 604 550;1;0;2;2;17;5
202300042884;155 604 553;10;0;2;3;13;1
202300042885;155 604 548;7;0;1;1;1;1
202300042886;155 604 546;3;0;2;1;13;1
202300042886;155 604 547;7;0;2;1;1;1
202300042887;155 604 545;14;0;1;3;1;1
202300042888;155 604 543;7;0;2;3;17;1
202300042888;155 604 544;7;0;2;3;1;1
202300042889;155 604 542;7;0;1;4;26;0
202300042890;155 604 540;33;0;2;1;1;1
202300042890;155 604 541;7;0;2;6;1;1
202300042891;155 604 537;1;0;0;7;16;5
202300042892;155 604 535;7;0;2;1;1;0
202300042892;155 604 536;7;0;2;4;1;2
202300042892;155 604 538;7;0;2;2;1;1
202300042892;155 604 539;7;0;2;0;0;1
202300042893;155 604 530;60;0;2;4;2;5
202300042893;155 604 532;7;0;2;3;2;1
202300042894;155 604 533;1;0;1;1;1;5
202300042895;155 604 531;30;0;2;1;2;1
202300042895;155 604 534;7;0;2;0;0;2
202300042896;155 604 525;7;0;2;2;14;0