Num_Acc;id_vehicule;categorie_vehicule;obstacle_fixe;obstacle_mobile;point_choc_initial;manoeuvre_principale;motorisation
202300043236;155 603 888;2;0;2;1;17;0
202300043236;155 603 889;7;0;2;3;15;0
202300043237;155 603 886;7;0;2;1;2;1
202300043237;155 603 887;7;0;2;4;2;1
202300043238;155 603 885;7;1;0;1;0;1
202300043239;155 603 883;7;0;1;1;0;0
202300043239;155 603 884;1;0;2;4;0;5
202300043240;155 603 882;30;0;1;0;0;0
202300043241;155 603 881;7;3;0;3;13;1
202300043242;155 603 880;7;6;0;1;14;1
202300043243;155 603 878;7;0;2;7;15;1
202300043243;155 603 879;7;0;2;1;1;1
202300043244;155 603 875;7;6;2;2;5;1
202300043244;155 603 876;7;0;2;3;15;1
202300043244;155 603 877;33;0;2;1;2;1
202300043245;155 603 872;7;0;2;4;14;1
202300043245;155 603 873;7;0;2;4;1;1
202300043245;155 603 874;7;0;2;1;1;1
202300043246;155 603 870;7;0;2;1;2;0
202300043246;155 603 871;7;0;2;4;2;0
202300043247;155 603 869;32;8;0;1;13;1
202300043248;155 603 867;1;0;2;1;2;5
202300043248;155 603 868;7;0;2;4;23;1
202300043249;155 603 866;31;12;0;1;14;1
202300043250;155 603 864;30;0;2;4;3;1
202300043250;155 603 865;7;0;2;3;1;1
202300043251;155 603 863;7;0;1;1;1;1
202300043252;155 603 862;33;1;0;1;1;1
202300043253;155 603 860;7;0;2;3;15;1
202300043253;155 603 861;32;0;2;1;1;1
202300043254;155 603 857;33;0;2;1;1;1
202300043254;155 603 858;7;0;2;1;1;1
202300043254;155 603 859;7;0;2;7;15;1
202300043255;155 603 856;2;13;0;2;1;1
202300043256;155 603 855;7;0;1;6;20;1
202300043257;155 603 853;7;0;2;2;17;1
202300043257;155 603 854;30;0;2;1;15;3
202300043258;155 603 851;7;0;2;8;15;1
202300043258;155 603 852;7;0;2;1;1;1
202300043259;155 603 850;7;0;1;1;0;1
202300043260;155 603 848;1;0;2;0;0;5
202300043260;155 603 849;7;0;2;7;1;1
202300043261;155 603 847;1;0;0;9;25;5
202300043262;155 603 844;7;0;2;1;2;1
202300043262;155 603 845;32;0;2;4;2;1
202300043262;155 603 846;7;0;2;4;2;1
202300043263;155 603 842;32;0;2;7;1;1
202300043263;155 603 843;7;0;2;3;19;1
202300043264;155 603 841;7;0;1;1;1;1
202300043265;155 603 839;7;0;2;1;5;1
202300043265;155 603 840;7;0;2;1;1;1
202300043266;155 603 837;7;0;2;3;9;1
202300043266;155 603 838;50;0;2;2;1;3
202300043267;155 603 836;7;0;1;1;9;1
202300043268;155 603 834;2;0;2;2;1;1
202300043268;155 603 835;7;0;2;1;15;1
202300043269;155 603 833;7;0;1;3;1;1
202300043270;155 603 832;7;0;1;1;0;1
202300043271;155 603 831;10;0;1;2;15;3
202300043272;155 603 829;7;0;2;5;17;1
202300043272;155 603 830;2;0;2;3;1;4
202300043273;155 603 827;7;0;2;2;1;1
202300043273;155 603 828;50;0;2;6;16;3
202300043274;155 603 825;2;0;2;1;17;1
202300043274;155 603 826;10;0;2;8;15;3
202300043275;155 603 823;2;0;2;2;1;1
202300043275;155 603 824;7;0;9;2;15;1
202300043276;155 603 822;7;1;0;2;1;1
202300043277;155 603 821;7;0;1;2;1;1
202300043278;155 603 820;2;14;0;4;1;1
202300043279;155 603 819;7;0;1;0;0;0
202300043280;155 603 818;7;2;0;1;1;1
202300043281;155 603 817;7;14;0;1;1;1
202300043282;155 603 814;7;0;2;1;1;1
202300043282;155 603 815;7;0;0;1;1;1
202300043283;155 603 812;7;1;0;1;1;1
202300043283;155 603 813;7;0;1;6;24;1
202300043284;155 603 810;7;0;2;4;9;0
202300043284;155 603 811;10;0;2;1;9;1
202300043285;155 603 809;34;0;0;0;2;1
202300043286;155 603 808;30;0;1;1;1;1
202300043287;155 603 806;7;0;2;2;1;1
202300043287;155 603 807;1;0;2;8;19;5
202300043288;155 603 804;7;0;2;3;13;1
202300043288;155 603 805;7;0;2;3;1;1
202300043289;155 603 802;1;0;2;1;1;5
202300043289;155 603 803;7;0;9;1;1;1
202300043290;155 603 800;7;0;2;1;1;1
202300043290;155 603 801;7;0;2;3;15;1
202300043291;155 603 798;1;0;2;4;0;5
202300043291;155 603 799;7;0;2;1;1;1
202300043292;155 603 796;7;0;2;1;1;1
202300043292;155 603 797;31;0;2;8;0;1
202300043293;155 603 794;7;0;2;8;22;6
202300043293;155 603 795;1;1;0;1;1;5
202300043294;155 603 792;3;0;0;4;2;1
202300043294;155 603 793;7;0;0;1;2;1
202300043295;155 603 789;10;0;2;4;1;1
202300043295;155 603 790;7;0;2;1;1;1
202300043295;155 603 791;7;0;2;4;1;1
202300043296;155 603 787;30;0;2;2;1;1
202300043296;155 603 788;37;0;2;3;16;3
202300043297;155 603 784;10;0;2;4;2;1
202300043297;155 603 785;7;0;2;7;12;1
202300043297;155 603 786;43;0;2;8;2;1
202300043298;155 603 782;7;0;2;7;12;1
202300043298;155 603 783;31;0;2;3;3;1
202300043299;155 603 778;7;0;2;7;1;1
202300043299;155 603 779;13;0;2;2;1;1
202300043299;155 603 780;7;0;2;5;1;1
202300043299;155 603 781;7;0;2;9;11;1
202300043300;155 603 776;7;0;2;4;2;1
202300043300;155 603 777;7;0;2;1;2;1
202300043301;155 603 774;7;0;2;8;11;1
202300043301;155 603 775;14;0;2;2;11;1
202300043302;155 603 772;7;0;2;7;12;1
202300043302;155 603 773;33;0;2;3;3;1
202300043303;155 603 770;7;0;2;5;2;1
202300043303;155 603 771;34;0;2;1;2;1
202300043304;155 603 768;15;0;2;7;12;1
202300043304;155 603 769;7;0;2;6;1;1
202300043305;155 603 766;7;0;2;8;11;1
202300043305;155 603 767;31;0;2;7;3;1
202300043306;155 603 764;14;0;2;8;11;1
202300043306;155 603 765;7;0;2;7;1;2
202300043307;155 603 762;7;0;2;4;2;2
202300043307;155 603 763;10;0;2;1;2;1
202300043308;155 603 761;2;0;1;8;1;1
202300043309;155 603 759;33;0;2;4;23;1
202300043309;155 603 760;7;0;2;1;1;1
202300043310;155 603 757;37;0;2;6;1;1
202300043310;155 603 758;13;0;2;6;13;1
202300043311;155 603 755;7;0;2;1;1;1
202300043311;155 603 756;31;0;2;4;14;1
202300043312;155 603 754;10;0;1;6;4;1
202300043313;155 603 753;2;15;0;7;1;3
202300043314;155 603 751;7;0;2;1;15;1
202300043314;155 603 752;50;0;2;6;1;3
202300043315;155 603 749;1;0;2;1;1;5
202300043315;155 603 750;33;1;2;1;9;1
202300043316;155 603 747;31;0;2;1;1;0
202300043316;155 603 748;10;0;2;6;23;1
202300043317;155 603 746;10;9;1;7;14;1
202300043318;155 603 743;1;0;2;9;19;5
202300043318;155 603 744;31;0;2;1;1;1
202300043318;155 603 745;7;0;2;1;1;0
202300043319;155 603 741;7;0;2;1;15;1
202300043319;155 603 742;31;0;2;2;1;1
202300043320;155 603 739;7;0;2;1;1;4
202300043320;155 603 740;33;0;0;1;1;1
202300043321;155 603 737;7;0;2;1;2;3
202300043321;155 603 738;7;0;2;4;23;1
202300043322;155 603 736;43;12;0;7;2;1
202300043323;155 603 734;1;0;2;1;11;5
202300043323;155 603 735;7;0;2;3;1;1
202300043324;155 603 732;7;0;2;1;15;1
202300043324;155 603 733;2;0;2;1;1;1
202300043325;155 603 731;7;0;1;2;17;1
202300043326;155 603 729;7;0;2;7;2;0
202300043326;155 603 730;7;0;2;3;1;0
202300043327;155 603 727;7;0;2;6;0;1
202300043327;155 603 728;7;0;2;3;16;1
202300043328;155 603 726;34;1;0;1;16;0
202300043329;155 603 723;7;0;2;1;2;1
202300043329;155 603 724;7;0;2;4;1;1
202300043329;155 603 725;7;0;2;4;1;1
202300043330;155 603 721;7;0;2;4;23;1
202300043330;155 603 722;17;0;2;1;21;1
202300043331;155 603 718;7;0;2;4;1;1
202300043331;155 603 719;7;0;2;1;26;1
202300043331;155 603 720;7;0;2;1;0;1
202300043332;155 603 716;32;0;2;1;3;1
202300043332;155 603 717;7;0;2;6;11;1
202300043333;155 603 713;7;0;2;1;2;1
202300043333;155 603 714;7;0;2;8;1;1
202300043333;155 603 715;7;0;2;1;1;1
202300043334;155 603 711;7;12;2;6;11;6
202300043334;155 603 712;7;12;2;2;2;0
202300043335;155 603 709;7;0;2;1;1;1
202300043335;155 603 710;7;0;2;4;1;1
202300043336;155 603 707;40;0;2;1;1;3
202300043336;155 603 708;33;8;4;6;1;1
202300043337;155 603 706;30;0;1;1;18;1
202300043338;155 603 704;10;0;2;1;1;1
202300043338;155 603 705;7;0;2;1;1;1
202300043339;155 603 703;7;0;0;7;1;1
202300043340;155 603 701;7;0;2;3;15;1
202300043340;155 603 702;32;0;2;2;1;1
202300043341;155 603 700;32;0;0;8;1;1
202300043342;155 603 698;33;0;2;2;18;1
202300043342;155 603 699;7;0;2;0;0;1
202300043343;155 603 696;7;0;2;1;16;1
202300043343;155 603 697;7;0;2;7;15;1
202300043344;155 603 695;33;0;1;3;21;1
202300043345;155 603 694;31;0;9;1;13;1
202300043346;155 603 692;2;0;6;1;0;1
202300043347;155 603 690;7;0;2;0;0;1
202300043347;155 603 691;7;0;2;4;2;1
202300043347;155 603 693;7;0;2;0;0;1
202300043348;155 603 689;7;2;9;7;14;1
202300043349;155 603 684;7;0;2;2;10;1
202300043349;155 603 686;7;0;2;1;1;3
202300043349;155 603 688;7;0;2;3;23;2
202300043350;155 603 682;7;6;0;1;0;1
202300043351;155 603 681;15;0;2;3;1;1
202300043351;155 603 683;7;0;2;3;13;1
202300043352;155 603 679;7;0;2;1;1;1
202300043352;155 603 680;7;0;2;1;1;1
202300043353;155 603 674;2;0;2;1;2;1
202300043353;155 603 676;7;0;2;8;0;1
202300043354;155 603 675;32;0;0;7;1;1
202300043355;155 603 673;7;0;0;9;1;1
202300043356;155 603 671;7;0;2;0;23;0
202300043356;155 603 672;7;0;2;0;1;0
202300043357;155 603 668;7;0;0;6;2;3
202300043357;155 603 670;33;0;2;1;2;0
202300043358;155 603 667;7;9;2;1;21;0
202300043358;155 603 669;2;0;2;1;1;1
202300043359;155 603 663;7;0;2;1;2;1
202300043359;155 603 665;7;0;2;4;2;1
202300043359;155 603 666;7;0;0;4;2;1
202300043360;155 603 660;7;0;1;3;26;1
202300043361;155 603 659;7;0;2;3;0;1
202300043361;155 603 661;10;0;2;3;0;1
202300043362;155 603 656;10;0;2;2;1;1
202300043362;155 603 658;7;12;2;3;12;1
202300043363;155 603 655;13;0;2;1;1;1
202300043363;155 603 657;7;0;2;1;13;1
202300043364;155 603 653;7;0;1;2;16;1
202300043365;155 603 652;7;0;2;3;9;1
202300043365;155 603 654;32;0;2;1;1;1
202300043366;155 603 650;80;0;4;7;19;3
202300043366;155 603 651;40;0;2;1;1;3
202300043367;155 603 648;7;0;2;1;2;1
202300043367;155 603 649;7;0;0;4;2;1
202300043368;155 603 644;7;0;2;3;1;1
202300043368;155 603 645;7;0;2;3;1;1
202300043369;155 603 646;7;0;2;2;15;1
202300043369;155 603 647;2;0;2;1;1;1
202300043370;155 603 641;2;0;2;2;17;1
202300043370;155 603 643;21;0;2;6;15;1
202300043371;155 603 640;7;0;2;2;1;1
202300043371;155 603 642;7;0;2;1;1;1
202300043372;155 603 637;7;0;2;1;2;1
202300043372;155 603 639;7;0;0;4;2;1
202300043373;155 603 636;7;0;2;6;15;1
202300043373;155 603 638;43;0;2;2;17;1
202300043374;155 603 633;3;0;1;1;0;3
202300043375;155 603 628;7;0;0;5;0;0
202300043375;155 603 629;7;0;0;3;9;0
202300043376;155 603 626;7;0;2;5;15;1
202300043376;155 603 627;7;0;2;5;15;1
202300043377;155 603 624;1;0;2;1;0;5
202300043377;155 603 625;7;0;2;1;0;0
202300043378;155 603 622;7;0;2;1;26;1
202300043378;155 603 623;32;0;2;8;1;1
202300043379;155 603 620;7;0;2;8;15;1
202300043379;155 603 621;7;0;2;1;1;1
202300043380;155 603 618;0;0;2;0;15;0
202300043380;155 603 619;10;0;2;1;1;1
202300043381;155 603 616;33;0;2;1;2;1
202300043381;155 603 617;7;0;2;5;2;1
202300043382;155 603 614;7;1;0;1;5;1
202300043382;155 603 615;7;0;2;1;24;1
202300043383;155 603 610;7;0;2;1;1;1
202300043383;155 603 612;14;0;2;3;1;1
202300043383;155 603 613;7;0;2;7;1;1
202300043384;155 603 609;1;0;2;1;19;5
202300043384;155 603 611;7;0;2;1;0;1
202300043385;155 603 608;7;4;0;3;1;1
202300043386;155 603 607;7;0;1;1;1;1
202300043387;155 603 605;7;0;9;3;9;1
202300043387;155 603 606;1;0;2;1;1;5
202300043388;155 603 604;7;0;1;2;1;1
202300043389;155 603 603;10;0;1;0;1;0
202300043390;155 603 601;2;0;2;1;1;0
202300043390;155 603 602;7;0;2;1;15;0
202300043391;155 603 600;32;0;1;1;1;0
202300043392;155 603 599;7;1;0;3;1;1
202300043393;155 603 597;7;0;2;2;1;0
202300043393;155 603 598;7;0;2;3;13;0
202300043394;155 603 594;7;0;2;1;1;1
202300043394;155 603 596;7;0;2;8;9;1
202300043395;155 603 593;7;0;0;5;15;1
202300043395;155 603 595;33;0;2;1;1;1
202300043396;155 603 591;7;0;2;1;1;1
202300043396;155 603 592;7;0;2;4;20;1
202300043397;155 603 590;30;0;0;0;26;1
202300043398;155 603 586;50;0;2;1;16;3
202300043398;155 603 589;7;0;2;3;1;3
202300043399;155 603 585;7;0;2;5;23;1
202300043399;155 603 587;7;0;2;5;23;1
202300043399;155 603 588;7;0;2;3;1;1
202300043400;155 603 583;7;0;2;5;1;0
202300043400;155 603 584;7;0;2;1;1;1
202300043401;155 603 581;7;0;2;6;1;1
202300043401;155 603 582;7;0;2;3;13;1
202300043402;155 603 580;7;0;1;1;9;0
202300043403;155 603 579;7;1;0;3;26;1
202300043404;155 603 578;7;2;0;1;26;1
202300043405;155 603 577;7;13;0;1;1;1
202300043406;155 603 574;10;0;2;1;26;1
202300043406;155 603 576;7;6;2;6;19;1
202300043407;155 603 572;7;0;2;1;1;1
202300043407;155 603 575;50;0;2;5;1;3
202300043408;155 603 570;7;0;2;9;1;1
202300043408;155 603 571;7;0;0;4;1;1
202300043408;155 603 573;7;0;2;1;1;1
202300043409;155 603 566;7;0;2;1;2;1
202300043409;155 603 568;7;0;2;4;23;1
202300043410;155 603 565;7;0;2;4;23;1
202300043410;155 603 567;7;0;2;1;1;0
202300043410;155 603 569;7;0;2;4;23;1
202300043411;155 603 563;7;0;1;3;17;1
202300043412;155 603 562;33;0;2;1;1;1
202300043412;155 603 564;10;0;2;5;15;1
202300043413;155 603 561;7;0;1;1;17;1
202300043414;155 603 559;7;0;2;4;2;1
202300043414;155 603 560;7;0;2;1;2;1
202300043415;155 603 557;33;0;2;8;15;1
202300043415;155 603 558;33;0;2;1;2;1
202300043416;155 603 555;7;0;2;1;2;1
202300043416;155 603 556;7;0;2;4;2;1
202300043417;155 603 552;7;0;2;8;10;1
202300043417;155 603 553;33;0;2;1;1;1
202300043418;155 603 551;34;12;2;3;21;1
202300043418;155 603 554;1;0;2;8;19;5
202300043419;155 603 549;7;0;2;3;13;1
202300043419;155 603 550;7;0;2;3;1;1
202300043420;155 603 546;32;1;0;1;18;1
202300043421;155 603 545;7;0;2;2;16;1
202300043421;155 603 547;30;0;2;3;1;1
202300043422;155 603 543;1;0;2;7;19;0
202300043422;155 603 544;7;0;2;2;1;3
202300043423;155 603 542;10;0;0;1;13;1
202300043424;155 603 540;10;0;2;2;17;0
202300043424;155 603 541;33;0;2;1;1;1
202300043425;155 603 539;7;13;0;0;26;1
202300043426;155 603 537;10;0;1;4;26;1
202300043427;155 603 536;10;0;9;2;1;0
202300043427;155 603 538;10;0;2;0;3;0
202300043428;155 603 535;7;9;0;1;1;1
202300043429;155 603 532;7;0;2;7;0;1
202300043429;155 603 533;2;0;2;8;0;1
202300043430;155 603 531;7;0;2;4;16;1
202300043430;155 603 534;14;0;2;3;1;0
202300043431;155 603 530;33;0;1;1;17;1
202300043432;155 603 529;2;0;0;3;3;1
202300043433;155 603 528;33;0;6;7;1;1
202300043434;155 603 527;7;0;1;1;1;1
202300043435;155 603 524;7;2;2;5;0;0
202300043435;155 603 526;7;0;2;2;0;0
202300043436;155 603 523;7;0;2;7;1;1
202300043436;155 603 525;7;0;2;2;9;1
202300043437;155 603 522;7;12;0;3;13;1
202300043438;155 603 520;7;9;0;1;1;1
202300043438;155 603 521;7;8;0;1;13;1
202300043439;155 603 519;33;0;0;0;1;1
202300043440;155 603 518;33;0;1;0;0;1
202300043441;155 603 517;7;0;1;1;1;1
202300043442;155 603 514;7;0;0;7;1;1
202300043442;155 603 516;7;0;0;1;1;1
202300043443;155 603 513;7;0;2;6;9;1
202300043443;155 603 515;7;0;2;1;1;1
202300043444;155 603 511;7;1;0;2;1;1
202300043445;155 603 510;7;0;2;3;5;0
202300043445;155 603 512;7;0;2;1;5;0
202300043446;155 603 508;7;0;2;2;1;1
202300043446;155 603 509;7;0;2;3;26;1
202300043447;155 603 507;7;0;1;3;1;1
202300043448;155 603 505;7;0;2;5;13;1
202300043448;155 603 506;7;0;2;1;1;1
202300043449;155 603 503;3;0;2;1;1;1
202300043449;155 603 504;7;0;2;6;4;1
202300043450;155 603 501;2;0;2;1;1;1
202300043450;155 603 502;7;0;2;8;1;1
202300043451;155 603 499;7;0;2;8;11;1
202300043451;155 603 500;32;0;2;7;3;1
202300043452;155 603 497;31;0;2;1;3;1
202300043452;155 603 498;7;0;2;5;1;1
202300043453;155 603 496;7;0;1;1;1;1
202300043454;155 603 495;33;12;0;1;13;1
202300043455;155 603 493;1;0;2;1;1;5
202300043455;155 603 494;10;0;2;3;1;1
202300043456;155 603 491;7;0;2;7;2;1
202300043456;155 603 492;1;0;2;8;1;5
202300043457;155 603 489;7;0;2;1;15;1
202300043457;155 603 490;30;0;2;1;1;1
202300043458;155 603 487;2;0;2;2;20;1
202300043458;155 603 488;50;0;2;3;1;3
202300043459;155 603 485;7;0;2;2;1;2
202300043459;155 603 486;80;0;2;7;1;3
202300043460;155 603 483;33;0;2;1;1;1
202300043460;155 603 484;7;0;2;2;15;1
202300043461;155 603 481;50;0;2;1;1;3
202300043461;155 603 482;10;0;2;4;23;1
202300043462;155 603 479;99;0;2;0;19;3
202300043462;155 603 480;80;0;2;8;1;3
202300043463;155 603 477;1;0;2;1;1;5
202300043463;155 603 478;7;0;2;2;16;1
202300043464;155 603 475;31;0;2;3;16;1
202300043464;155 603 476;7;0;2;2;1;1
202300043465;155 603 474;10;0;1;4;20;1
202300043466;155 603 472;1;12;0;7;21;5
202300043467;155 603 471;7;0;2;3;11;1
202300043467;155 603 473;33;0;2;2;1;1
202300043468;155 603 470;10;8;0;1;1;1
202300043469;155 603 468;10;0;2;1;4;1
202300043469;155 603 469;10;0;2;4;1;1
202300043470;155 603 464;32;0;2;1;26;1
202300043470;155 603 466;15;0;2;6;16;1
202300043471;155 603 463;7;0;2;4;0;1
202300043471;155 603 465;7;0;2;4;0;1
202300043471;155 603 467;7;0;2;1;0;1
202300043472;155 603 461;7;1;0;1;1;1
202300043473;155 603 460;7;0;2;8;1;1
202300043473;155 603 462;7;0;2;1;1;1
202300043474;155 603 459;7;0;1;4;20;1
202300043475;155 603 456;1;0;2;7;0;5
202300043475;155 603 458;7;0;2;1;2;1
202300043476;155 603 455;30;0;2;7;1;1
202300043476;155 603 457;7;0;2;3;11;1
202300043477;155 603 454;32;0;1;1;2;1
202300043478;155 603 453;7;15;0;1;1;1
202300043479;155 603 450;3;0;2;2;15;1
202300043479;155 603 451;34;0;2;1;2;1
202300043480;155 603 449;33;0;2;1;1;1
202300043480;155 603 452;50;0;2;4;1;3
202300043481;155 603 446;7;0;2;2;15;1
202300043481;155 603 448;32;0;2;1;9;1
202300043482;155 603 445;7;0;2;4;2;1
202300043482;155 603 447;7;0;2;1;2;1
202300043483;155 603 442;7;0;2;3;16;1
202300043483;155 603 443;1;0;2;1;19;5
202300043484;155 603 439;10;0;2;1;1;1
202300043484;155 603 440;2;0;2;5;1;1
202300043484;155 603 441;7;0;2;2;1;1
202300043485;155 603 436;7;0;2;3;9;1
202300043485;155 603 438;34;0;2;1;17;1
202300043486;155 603 435;33;0;2;2;21;1
202300043486;155 603 437;7;0;2;6;26;1
202300043487;155 603 432;32;0;2;8;1;1
202300043487;155 603 433;7;0;2;2;20;1
202300043488;155 603 431;50;0;2;8;1;3
202300043488;155 603 434;7;0;2;1;1;1
202300043489;155 603 428;50;0;2;1;1;3
202300043489;155 603 430;7;0;2;3;15;1
202300043490;155 603 427;7;0;1;1;1;1
202300043490;155 603 429;7;0;2;2;1;1
202300043491;155 603 423;10;0;2;8;10;1
202300043491;155 603 424;33;0;2;1;1;1
202300043492;155 603 422;7;0;1;2;1;1
202300043493;155 603 420;7;0;2;3;13;1
202300043493;155 603 421;7;0;2;3;14;1
202300043494;155 603 416;10;0;1;7;1;1
202300043495;155 603 415;7;4;0;3;1;1
202300043496;155 603 412;7;0;1;1;1;2
202300043497;155 603 410;1;0;2;1;0;5
202300043497;155 603 411;7;0;0;0;9;1
202300043498;155 603 409;7;2;0;9;14;1
202300043499;155 603 406;10;2;0;3;1;1
202300043500;155 603 407;99;0;2;1;0;1
202300043500;155 603 408;1;0;2;1;16;5
202300043501;155 603 405;7;13;0;2;1;1
202300043502;155 603 404;7;0;1;1;9;1
202300043503;155 603 403;17;3;0;3;1;1
202300043504;155 603 402;7;13;0;1;19;1
202300043505;155 603 400;7;0;2;1;5;0
202300043505;155 603 401;7;16;2;8;1;0
202300043506;155 603 398;2;0;2;1;1;0
202300043506;155 603 399;2;0;0;4;1;0
202300043507;155 603 397;7;2;0;1;13;1
202300043508;155 603 396;7;2;0;2;1;1
202300043509;155 603 393;7;0;1;5;26;0
202300043510;155 603 392;7;0;2;3;11;1
202300043510;155 603 394;7;2;2;3;1;1
202300043510;155 603 395;10;0;2;2;1;1
202300043511;155 603 390;2;15;0;2;16;1
202300043512;155 603 389;7;0;2;1;1;1
202300043512;155 603 391;10;0;2;1;1;1
202300043513;155 603 388;33;0;5;8;1;1
202300043514;155 603 387;7;0;1;1;1;1
202300043515;155 603 385;7;1;0;1;13;1
202300043516;155 603 384;7;0;2;1;2;0
202300043516;155 603 386;7;0;0;4;23;0
202300043517;155 603 383;7;0;0;9;13;1
202300043518;155 603 381;7;0;2;3;13;1
202300043518;155 603 382;7;0;2;3;1;1
202300043519;155 603 380;14;0;1;1;1;1
202300043520;155 603 379;7;2;0;1;14;1
202300043521;155 603 376;7;0;2;1;9;1
202300043521;155 603 378;7;0;2;1;1;1
202300043522;155 603 374;7;0;2;3;1;1
202300043522;155 603 375;7;0;2;3;13;1
202300043522;155 603 377;17;0;2;3;1;1
202300043523;155 603 372;7;8;0;1;1;1
202300043524;155 603 371;7;1;0;1;2;1
202300043524;155 603 373;7;0;0;6;23;1
202300043525;155 603 368;7;0;2;1;0;1
202300043525;155 603 370;7;0;2;2;0;1
202300043526;155 603 367;33;0;2;1;3;6
202300043526;155 603 369;10;0;2;2;15;6
202300043527;155 603 365;7;6;2;7;17;1
202300043527;155 603 366;7;9;2;8;1;1
202300043528;155 603 363;7;0;0;4;23;1
202300043528;155 603 364;2;0;2;1;2;1
202300043529;155 603 362;33;0;0;7;1;1
202300043530;155 603 356;7;0;2;1;1;1
202300043530;155 603 357;14;0;2;2;15;1
202300043531;155 603 359;7;0;2;1;5;1
202300043531;155 603 361;10;0;2;1;1;1
202300043532;155 603 355;7;0;1;2;1;1
202300043533;155 603 354;7;16;0;0;0;1
202300043534;155 603 353;7;2;0;2;1;1
202300043535;155 603 351;7;13;2;2;1;0
202300043535;155 603 352;7;0;0;9;1;0
202300043536;155 603 349;10;0;2;3;1;1
202300043536;155 603 350;10;14;2;3;1;1
202300043537;155 603 348;7;2;0;8;1;1
202300043538;155 603 345;7;0;0;7;19;1
202300043538;155 603 347;7;0;2;1;1;1
202300043539;155 603 346;7;0;1;1;1;2
202300043540;155 603 344;33;13;0;7;1;1
202300043541;155 603 343;7;6;0;3;14;1
202300043542;155 603 342;7;13;0;9;1;1
202300043543;155 603 340;7;0;0;8;1;1
202300043544;155 603 339;7;0;0;3;13;1
202300043544;155 603 341;7;0;0;3;1;1
202300043545;155 603 338;7;8;0;2;14;1
202300043546;155 603 337;7;0;1;2;13;0
202300043547;155 603 336;2;1;0;0;0;1
202300043548;155 603 334;1;0;0;8;1;5
202300043548;155 603 335;7;0;9;2;1;1
202300043549;155 603 333;2;8;0;1;17;1
202300043550;155 603 331;33;0;0;0;1;1
202300043551;155 603 330;7;0;2;7;15;1
202300043551;155 603 332;2;0;2;1;1;1
202300043552;155 603 327;7;13;2;1;1;1
202300043552;155 603 329;15;0;2;6;1;1
202300043553;155 603 326;7;0;0;1;1;1
202300043553;155 603 328;7;0;0;1;13;1
202300043554;155 603 323;7;0;1;1;1;1
202300043555;155 603 324;7;0;2;5;15;0
202300043555;155 603 325;33;0;2;2;1;0
202300043556;155 603 321;7;6;0;1;1;0
202300043557;155 603 318;7;13;0;3;1;1
202300043558;155 603 317;7;0;9;2;2;1
202300043558;155 603 319;7;0;2;3;13;1
202300043558;155 603 320;7;0;2;3;1;1
202300043558;155 603 322;7;0;2;3;2;1
202300043559;155 603 315;7;0;9;2;1;1
202300043560;155 603 314;7;0;2;2;2;1
202300043560;155 603 316;1;0;2;4;1;5
202300043561;155 603 310;10;0;2;3;13;1
202300043561;155 603 312;33;0;2;3;13;1
202300043562;155 603 311;7;0;2;3;17;1
202300043562;155 603 313;7;0;2;3;5;1
202300043563;155 603 309;7;4;0;2;1;1
202300043564;155 603 308;7;4;0;2;26;1
202300043565;155 603 306;7;16;0;9;1;1
202300043566;155 603 305;7;0;2;1;9;1
202300043566;155 603 307;7;0;2;1;9;1
202300043567;155 603 304;37;0;1;0;20;1
202300043568;155 603 303;17;3;0;2;14;0
202300043569;155 603 301;7;0;2;3;13;1
202300043569;155 603 302;31;0;2;5;21;1
202300043570;155 603 300;7;5;0;2;1;1
202300043571;155 603 297;7;0;0;9;1;1
202300043571;155 603 299;2;6;0;1;13;1
202300043572;155 603 298;7;1;0;2;1;1
202300043573;155 603 295;7;0;2;1;1;1
202300043573;155 603 296;1;0;2;7;26;5
202300043574;155 603 294;10;0;0;0;14;1
202300043575;155 603 293;1;0;1;1;1;5
202300043576;155 603 292;7;0;1;2;14;1
202300043577;155 603 291;50;8;0;0;1;3
202300043578;155 603 290;7;0;0;8;1;1
202300043579;155 603 286;2;0;2;1;9;1
202300043579;155 603 287;7;0;0;8;1;1
202300043580;155 603 284;7;0;2;3;13;1
202300043580;155 603 285;15;0;2;3;1;1
202300043581;155 603 283;50;6;0;1;1;3
202300043582;155 603 281;33;3;0;8;26;1
202300043583;155 603 282;33;0;0;8;1;1
202300043584;155 603 279;7;17;0;0;1;1
202300043585;155 603 278;7;0;2;1;13;1
202300043585;155 603 280;7;0;2;1;1;1
202300043586;155 603 275;2;0;2;1;2;1
202300043586;155 603 277;7;0;0;4;0;1
202300043587;155 603 276;7;0;9;1;1;1
202300043588;155 603 273;7;13;0;1;1;1
202300043589;155 603 272;15;0;0;6;24;1
202300043589;155 603 274;33;1;0;1;0;1
202300043590;155 603 270;33;0;2;1;1;1
202300043590;155 603 271;10;0;2;4;16;1
202300043591;155 603 268;7;0;2;3;5;1
202300043591;155 603 269;7;0;2;3;1;1
202300043592;155 603 266;7;0;2;3;10;1
202300043592;155 603 267;7;0;2;2;2;1
202300043593;155 603 264;7;0;2;2;1;0
202300043593;155 603 265;7;0;2;1;1;0
202300043594;155 603 263;7;2;0;9;14;1