Num_Acc;id_vehicule;categorie_vehicule;obstacle_fixe;obstacle_mobile;point_choc_initial;manoeuvre_principale;motorisation
202300043595;155 603 261;7;0;0;1;21;1
202300043596;155 603 259;7;0;2;4;1;1
202300043596;155 603 260;7;0;2;4;2;2
202300043596;155 603 262;7;0;2;1;2;1
202300043597;155 603 257;7;0;2;1;13;1
202300043597;155 603 258;7;0;2;1;1;1
202300043598;155 603 256;7;4;0;2;1;1
202300043599;155 603 255;33;13;0;1;1;1
202300043600;155 603 252;34;0;2;1;2;1
202300043600;155 603 254;7;1;2;4;2;1
202300043601;155 603 251;7;0;2;3;19;1
202300043601;155 603 253;7;0;2;1;1;1
202300043602;155 603 249;7;0;2;4;1;1
202300043602;155 603 250;10;0;2;1;14;1
202300043603;155 603 247;7;0;2;4;9;1
202300043603;155 603 248;7;0;2;1;9;1
202300043604;155 603 244;7;0;2;2;13;1
202300043604;155 603 246;7;0;2;4;1;1
202300043605;155 603 242;7;0;2;2;9;1
202300043605;155 603 243;7;0;2;4;23;1
202300043605;155 603 245;7;0;2;7;1;1
202300043606;155 603 240;7;0;2;1;2;1
202300043606;155 603 241;7;0;2;4;1;1
202300043607;155 603 237;7;0;2;2;14;3
202300043607;155 603 239;7;0;2;3;1;1
202300043608;155 603 238;7;4;0;1;1;1
202300043609;155 603 234;17;0;2;7;12;1
202300043609;155 603 235;7;0;2;8;1;1
202300043610;155 603 233;7;0;2;2;17;1
202300043610;155 603 236;7;0;2;2;9;1
202300043611;155 603 229;7;0;2;1;2;0
202300043611;155 603 232;17;0;0;0;0;0
202300043612;155 603 230;7;0;2;2;1;2
202300043612;155 603 231;7;0;2;6;1;1
202300043613;155 603 228;7;3;0;1;14;1
202300043614;155 603 226;7;0;2;8;10;1
202300043614;155 603 227;7;0;2;2;1;1
202300043615;155 603 224;7;4;2;4;0;1
202300043615;155 603 225;33;4;2;1;0;0
202300043616;155 603 219;7;4;2;2;2;1
202300043616;155 603 222;7;4;2;8;1;1
202300043616;155 603 223;7;0;2;8;1;2
202300043617;155 603 218;7;0;2;3;13;1
202300043617;155 603 220;33;0;2;6;0;1
202300043617;155 603 221;7;0;2;4;2;1
202300043618;155 603 213;7;0;2;1;2;0
202300043618;155 603 215;7;0;2;3;2;1
202300043618;155 603 217;10;0;2;6;1;1
202300043619;155 603 212;7;0;2;4;2;1
202300043619;155 603 214;7;0;2;4;2;1
202300043619;155 603 216;7;0;2;1;2;1
202300043620;155 603 211;34;14;9;8;1;1
202300043621;155 603 210;7;15;0;1;6;1
202300043622;155 603 207;7;0;0;7;14;1
202300043622;155 603 209;31;0;2;8;3;1
202300043623;155 603 205;7;4;0;1;26;1
202300043624;155 603 206;33;0;2;6;1;1
202300043624;155 603 208;7;0;2;3;11;1
202300043625;155 603 203;7;0;2;4;1;1
202300043625;155 603 204;14;0;2;1;1;1
202300043626;155 603 198;7;0;2;8;11;3
202300043626;155 603 200;43;0;2;7;3;1
202300043627;155 603 197;7;0;2;4;1;0
202300043627;155 603 199;7;0;2;4;1;0
202300043627;155 603 201;7;0;2;1;1;0
202300043627;155 603 202;7;0;2;4;1;0
202300043628;155 603 193;7;0;2;9;1;1
202300043628;155 603 195;14;0;2;8;1;1
202300043628;155 603 196;7;0;2;0;0;1
202300043629;155 603 192;7;0;2;4;1;0
202300043629;155 603 194;10;0;2;1;1;0
202300043630;155 603 189;33;;;1;1;1
202300043631;155 603 188;7;0;2;4;11;1
202300043631;155 603 190;7;0;2;1;2;1
202300043631;155 603 191;0;0;2;2;12;0
202300043632;155 603 186;7;0;2;6;11;1
202300043632;155 603 187;34;0;2;1;3;1
202300043633;155 603 185;14;4;0;7;14;1
202300043634;155 603 181;7;0;2;7;12;1
202300043634;155 603 183;7;0;2;8;1;1
202300043635;155 603 182;10;0;2;1;0;1
202300043635;155 603 184;7;0;2;6;0;3
202300043636;155 603 177;33;0;2;1;0;1
202300043636;155 603 179;7;0;2;5;1;1
202300043637;155 603 178;7;0;2;2;1;1
202300043637;155 603 180;7;0;2;2;1;3
202300043638;155 603 175;7;;0;3;2;1
202300043639;155 603 174;7;0;2;7;1;1
202300043639;155 603 176;7;0;2;1;16;1
202300043640;155 603 173;7;2;0;2;1;1
202300043641;155 603 172;1;0;0;0;1;5
202300043642;155 603 170;7;0;9;7;15;1
202300043642;155 603 171;2;0;2;0;1;0
202300043643;155 603 168;33;0;2;1;11;1
202300043643;155 603 169;7;0;2;4;11;1
202300043644;155 603 167;7;2;0;1;1;1
202300043645;155 603 165;1;0;2;4;19;5
202300043645;155 603 166;7;0;2;1;9;2
202300043646;155 603 163;7;0;2;2;2;1
202300043646;155 603 164;7;0;2;4;2;1
202300043647;155 603 161;7;0;2;7;21;0
202300043648;155 603 160;7;0;2;2;19;1
202300043648;155 603 162;50;0;2;1;1;3
202300043649;155 603 157;7;0;2;1;15;1
202300043649;155 603 159;33;0;2;7;1;1
202300043650;155 603 156;7;0;2;2;1;1
202300043650;155 603 158;2;0;2;1;26;3
202300043651;155 603 154;7;0;2;1;2;1
202300043651;155 603 155;7;0;0;4;2;1
202300043652;155 603 152;7;0;2;1;2;1
202300043652;155 603 153;7;0;2;4;2;1
202300043653;155 603 150;30;0;2;1;1;1
202300043653;155 603 151;7;0;2;7;0;1
202300043654;155 603 147;41;12;0;7;1;3
202300043655;155 603 145;7;1;2;2;1;1
202300043656;155 603 143;14;0;2;1;1;3
202300043656;155 603 144;13;0;2;1;1;0
202300043656;155 603 146;7;0;2;9;1;1
202300043657;155 603 140;7;0;2;1;13;1
202300043657;155 603 142;7;0;2;2;2;1
202300043658;155 603 139;7;0;2;2;15;1
202300043658;155 603 141;7;0;2;1;1;1
202300043659;155 603 138;7;0;0;0;2;1
202300043660;155 603 136;14;0;0;0;1;1
202300043661;155 603 132;7;0;2;5;9;3
202300043661;155 603 133;33;0;2;1;1;1
202300043662;155 603 131;7;0;2;2;19;1
202300043662;155 603 134;2;0;2;8;1;1
202300043663;155 603 130;7;0;1;3;1;3
202300043664;155 603 127;50;0;1;0;1;3
202300043665;155 603 123;7;0;2;2;9;1
202300043665;155 603 125;33;1;2;8;1;1
202300043666;155 603 122;7;15;2;1;19;1
202300043666;155 603 124;10;0;2;1;1;1
202300043667;155 603 121;30;0;0;0;1;1
202300043668;155 603 118;1;0;2;0;0;5
202300043668;155 603 119;7;0;2;1;1;1
202300043669;155 603 117;7;0;2;1;1;1
202300043669;155 603 120;7;0;2;7;1;1
202300043670;155 603 114;7;1;2;1;1;1
202300043670;155 603 116;7;0;2;7;15;1
202300043671;155 603 113;7;0;2;3;21;1
202300043671;155 603 115;7;0;2;3;21;1
202300043672;155 603 111;7;0;1;1;9;1
202300043673;155 603 112;7;15;0;1;13;1
202300043674;155 603 108;7;0;2;1;2;1
202300043674;155 603 110;7;0;2;4;1;1
202300043675;155 603 107;7;8;2;3;1;1
202300043675;155 603 109;7;0;2;2;1;1
202300043676;155 603 106;34;16;0;0;1;1
202300043677;155 603 104;2;0;2;1;1;1
202300043677;155 603 105;7;0;2;2;15;1
202300043678;155 603 103;7;15;0;1;14;1
202300043679;155 603 101;10;0;2;2;1;1
202300043679;155 603 102;7;0;2;2;1;1
202300043680;155 603 100;32;13;0;1;1;1
202300043681;155 603 098;31;0;2;1;17;1
202300043681;155 603 099;7;0;2;3;26;1
202300043682;155 603 094;10;0;2;1;2;1
202300043682;155 603 096;33;0;2;4;0;1
202300043683;155 603 092;7;0;1;3;1;0
202300043684;155 603 091;36;0;2;3;9;1
202300043684;155 603 093;33;0;0;0;0;0
202300043685;155 603 090;7;8;0;1;12;1
202300043686;155 603 088;7;8;2;2;19;1
202300043686;155 603 089;7;0;2;1;1;1
202300043687;155 603 086;1;0;2;7;19;5
202300043687;155 603 087;7;0;2;1;1;1
202300043688;155 603 083;7;16;2;1;13;1
202300043688;155 603 085;7;0;2;1;1;2
202300043689;155 603 082;7;0;2;6;23;1
202300043689;155 603 084;2;0;2;1;1;1
202300043690;155 603 078;30;0;2;1;1;1
202300043690;155 603 080;7;0;2;2;1;1
202300043691;155 603 077;7;0;2;4;1;1
202300043691;155 603 079;7;0;2;1;2;1
202300043691;155 603 081;10;0;9;5;1;1
202300043692;155 603 076;7;0;1;2;1;1
202300043693;155 603 075;7;0;0;9;21;1
202300043694;155 603 073;7;0;1;2;15;0
202300043695;155 603 074;33;0;1;1;1;1
202300043696;155 603 070;50;0;2;1;16;3
202300043696;155 603 072;7;0;2;3;16;1
202300043697;155 603 069;10;0;2;2;2;1
202300043697;155 603 071;7;0;2;6;2;1
202300043698;155 603 067;33;12;1;1;14;1
202300043699;155 603 066;10;0;2;5;1;1
202300043699;155 603 068;7;0;2;1;1;1
202300043700;155 603 064;7;0;2;8;13;1
202300043700;155 603 065;33;0;2;2;3;1
202300043701;155 603 061;30;0;2;1;1;3
202300043701;155 603 063;7;0;2;1;1;1
202300043702;155 603 060;7;1;0;3;19;0
202300043702;155 603 062;7;1;0;1;1;0
202300043703;155 603 058;30;8;0;1;0;6
202300043704;155 603 057;33;0;2;3;3;1
202300043704;155 603 059;7;0;2;5;1;1
202300043705;155 603 054;7;0;0;1;9;1
202300043706;155 603 055;7;0;2;1;15;1
202300043706;155 603 056;34;0;2;1;1;1
202300043707;155 603 052;32;0;2;1;2;1
202300043707;155 603 053;7;0;2;5;2;1
202300043708;155 603 048;7;0;2;1;13;1
202300043708;155 603 049;7;0;2;1;1;1
202300043709;155 603 046;7;0;2;4;2;1
202300043709;155 603 047;7;0;2;1;2;1
202300043710;155 603 040;15;0;2;2;2;1
202300043710;155 603 042;7;0;2;6;2;1
202300043711;155 603 038;7;0;2;1;2;1
202300043711;155 603 039;7;0;0;4;2;1
202300043711;155 603 041;7;0;2;1;2;1
202300043711;155 603 043;7;0;2;1;2;1
202300043711;155 603 044;7;0;2;1;2;1
202300043711;155 603 045;7;0;2;1;2;1
202300043712;155 603 036;7;13;0;9;1;1
202300043713;155 603 035;7;0;2;1;2;2
202300043713;155 603 037;7;0;2;4;2;1
202300043714;155 603 033;7;0;2;6;0;1
202300043714;155 603 034;33;0;2;1;17;1
202300043715;155 603 032;33;3;0;7;14;1
202300043716;155 603 029;33;0;2;1;11;1
202300043716;155 603 031;7;0;2;5;13;2
202300043717;155 603 026;7;0;0;2;0;1
202300043717;155 603 028;7;0;2;1;1;1
202300043717;155 603 030;7;0;2;1;15;1
202300043718;155 603 024;7;0;2;4;2;1
202300043718;155 603 025;17;0;2;4;2;1
202300043718;155 603 027;31;0;2;1;3;1
202300043719;155 603 021;31;0;2;1;12;1
202300043719;155 603 023;10;0;2;0;12;0
202300043720;155 603 020;7;4;0;1;1;1
202300043721;155 603 019;7;0;2;1;19;1
202300043721;155 603 022;7;0;2;8;1;1
202300043722;155 603 015;15;0;2;2;14;0
202300043722;155 603 017;7;0;2;8;1;0
202300043723;155 603 016;10;0;2;2;11;1
202300043723;155 603 018;33;0;2;7;1;1
202300043724;155 603 014;7;6;0;1;1;1
202300043725;155 603 012;7;4;0;1;14;1
202300043726;155 603 013;1;0;0;0;1;5
202300043727;155 603 010;7;0;2;1;1;1
202300043727;155 603 011;7;0;2;4;1;1
202300043728;155 603 007;7;4;0;3;13;1
202300043729;155 603 006;37;0;2;3;14;1
202300043729;155 603 008;99;0;2;3;1;6
202300043729;155 603 009;7;0;2;2;1;1
202300043730;155 603 003;7;0;2;3;1;1
202300043730;155 603 004;37;0;2;6;1;1
202300043730;155 603 005;30;0;2;1;17;1
202300043731;155 603 002;7;1;1;1;1;3
202300043732;155 602 999;7;1;0;1;21;1
202300043732;155 603 000;7;0;2;1;0;1
202300043732;155 603 001;7;1;0;1;0;1
202300043733;155 602 995;7;0;2;1;1;1
202300043733;155 602 996;7;0;2;1;13;1
202300043733;155 602 998;7;0;2;1;1;1
202300043734;155 602 994;60;0;2;2;14;5
202300043734;155 602 997;1;0;2;3;1;5
202300043735;155 602 989;1;0;0;0;0;5
202300043735;155 602 990;33;0;0;0;0;0
202300043735;155 602 991;7;0;2;6;2;2
202300043736;155 602 988;34;0;2;1;1;3
202300043736;155 602 992;7;0;0;6;15;1
202300043737;155 602 987;7;0;1;2;1;1
202300043738;155 602 985;10;0;2;5;1;1
202300043738;155 602 986;2;0;2;1;1;0
202300043739;155 602 984;7;0;1;1;1;1
202300043740;155 602 982;7;0;2;4;23;1
202300043740;155 602 983;1;0;2;1;1;5
202300043741;155 602 981;10;0;1;2;1;0
202300043742;155 602 980;7;0;1;1;1;1
202300043743;155 602 978;34;0;2;3;1;1
202300043743;155 602 979;7;0;2;5;16;1
202300043744;155 602 976;7;0;2;6;10;1
202300043744;155 602 977;7;0;2;1;1;1
202300043745;155 602 975;7;0;1;1;15;1
202300043746;155 602 973;7;0;2;2;1;2
202300043746;155 602 974;7;0;2;3;9;1
202300043747;155 602 971;7;0;2;1;1;6
202300043747;155 602 972;7;0;2;4;4;6
202300043748;155 602 967;1;0;2;1;1;5
202300043748;155 602 970;1;0;2;1;9;5
202300043749;155 602 965;7;0;2;1;9;0
202300043749;155 602 966;33;0;2;7;1;0
202300043750;155 602 963;30;0;2;6;11;1
202300043750;155 602 964;31;0;2;1;2;1
202300043751;155 602 960;7;0;2;3;1;1
202300043751;155 602 961;17;0;2;1;1;1
202300043751;155 602 962;17;0;2;1;11;1
202300043752;155 602 958;50;15;2;1;15;3
202300043752;155 602 959;32;15;2;3;1;1
202300043753;155 602 956;1;0;2;4;23;5
202300043753;155 602 957;7;0;2;1;2;1
202300043754;155 602 953;32;0;2;7;1;3
202300043754;155 602 955;7;0;2;3;10;3
202300043755;155 602 951;7;8;2;1;1;1
202300043755;155 602 952;13;8;2;1;13;1
202300043755;155 602 954;7;8;2;3;1;1
202300043756;155 602 950;30;0;0;0;1;1
202300043757;155 602 949;7;12;0;1;1;1
202300043758;155 602 948;80;0;1;1;1;3
202300043759;155 602 946;7;0;2;1;15;1
202300043759;155 602 947;33;0;2;1;17;1
202300043760;155 602 944;37;0;1;2;1;2
202300043761;155 602 943;1;0;2;0;1;5
202300043761;155 602 945;7;0;2;2;1;1
202300043762;155 602 942;7;0;1;1;1;2
202300043763;155 602 941;7;6;0;3;1;1
202300043764;155 602 939;33;0;2;8;1;1
202300043764;155 602 940;7;0;2;7;12;1
202300043765;155 602 937;33;0;0;1;1;1
202300043766;155 602 936;31;0;2;1;0;1
202300043766;155 602 938;10;0;2;8;15;1
202300043767;155 602 935;32;16;1;7;1;0
202300043768;155 602 933;50;0;2;0;13;3
202300043768;155 602 934;7;0;2;1;10;1
202300043769;155 602 931;1;0;2;8;1;5
202300043769;155 602 932;10;0;2;2;16;1
202300043770;155 602 930;10;0;1;7;1;1
202300043771;155 602 928;7;0;2;3;15;1
202300043771;155 602 929;31;0;2;1;1;1
202300043772;155 602 926;7;0;2;1;7;1
202300043772;155 602 927;7;0;2;2;16;1
202300043773;155 602 924;33;0;2;1;1;1
202300043773;155 602 925;7;0;2;7;16;1
202300043774;155 602 922;33;0;2;1;2;1
202300043774;155 602 923;7;0;2;2;15;1
202300043775;155 602 921;7;9;0;2;1;1
202300043776;155 602 919;33;0;2;6;1;1
202300043776;155 602 920;7;0;2;2;1;1
202300043777;155 602 917;7;0;2;2;16;1
202300043777;155 602 918;1;0;2;2;1;5
202300043778;155 602 914;30;0;2;3;15;1
202300043778;155 602 916;7;0;2;2;2;1
202300043779;155 602 915;7;0;1;1;15;1
202300043780;155 602 910;7;0;2;1;1;1
202300043780;155 602 913;7;0;2;7;15;1
202300043781;155 602 908;7;0;2;4;23;1
202300043781;155 602 909;7;0;2;4;23;1
202300043781;155 602 911;7;0;2;1;1;1
202300043781;155 602 912;7;0;2;4;23;1
202300043782;155 602 906;31;0;2;7;2;1
202300043782;155 602 907;7;0;2;1;9;0
202300043783;155 602 905;7;0;1;3;1;1
202300043784;155 602 901;7;0;2;8;1;1
202300043784;155 602 904;7;0;2;1;16;1
202300043785;155 602 900;7;15;0;2;14;1
202300043786;155 602 896;99;0;2;8;19;3
202300043786;155 602 897;7;0;9;3;15;1
202300043787;155 602 895;7;0;2;8;0;0
202300043787;155 602 898;37;0;2;7;1;1
202300043787;155 602 899;30;0;2;7;3;1
202300043788;155 602 894;7;0;1;2;1;1
202300043789;155 602 893;37;0;1;5;9;2
202300043790;155 602 890;7;0;1;1;1;1
202300043791;155 602 891;7;0;2;2;0;1
202300043791;155 602 892;60;0;2;0;0;5
202300043792;155 602 889;2;0;0;8;21;1
202300043793;155 602 887;50;0;2;7;1;3
202300043793;155 602 888;10;0;2;3;9;1
202300043794;155 602 886;7;1;1;1;1;3
202300043795;155 602 885;7;0;1;3;15;1
202300043796;155 602 884;7;6;0;9;1;2
202300043797;155 602 881;32;0;0;7;1;1
202300043798;155 602 883;7;12;0;1;13;1
202300043799;155 602 880;10;0;2;3;10;1
202300043799;155 602 882;33;0;2;1;1;1
202300043800;155 602 877;32;0;0;0;0;1
202300043800;155 602 878;10;0;2;3;16;1
202300043801;155 602 876;33;0;2;1;1;1
202300043801;155 602 879;7;0;2;2;15;1
202300043802;155 602 874;34;0;2;6;16;1
202300043802;155 602 875;50;0;2;1;1;3
202300043803;155 602 872;7;0;1;1;1;1
202300043804;155 602 871;33;0;2;7;1;1
202300043804;155 602 873;33;0;2;1;1;1
202300043805;155 602 868;7;0;2;7;16;1
202300043805;155 602 869;30;0;2;1;1;1
202300043806;155 602 867;1;0;2;1;1;5
202300043806;155 602 870;7;0;2;3;1;2
202300043807;155 602 866;1;0;1;1;17;5
202300043808;155 602 864;7;0;1;1;16;1
202300043809;155 602 865;1;0;0;8;1;5
202300043810;155 602 860;7;0;2;3;10;2
202300043810;155 602 863;33;0;2;1;17;1
202300043811;155 602 859;1;0;1;1;1;5
202300043812;155 602 858;33;12;0;1;1;1
202300043813;155 602 856;50;0;1;1;1;3
202300043814;155 602 855;7;0;2;3;10;2
202300043814;155 602 857;30;0;2;1;5;3
202300043815;155 602 852;7;0;2;8;10;1
202300043815;155 602 854;7;0;2;1;1;1
202300043816;155 602 851;50;0;2;1;19;3
202300043816;155 602 853;7;0;2;1;15;0
202300043817;155 602 849;7;0;1;1;14;1
202300043818;155 602 848;7;0;2;1;2;1
202300043818;155 602 850;7;0;2;4;23;1
202300043819;155 602 847;7;0;9;0;26;1
202300043820;155 602 845;7;8;1;1;16;1
202300043821;155 602 844;7;0;2;8;0;1
202300043821;155 602 846;7;0;2;1;6;1
202300043822;155 602 838;17;4;2;3;1;1
202300043822;155 602 842;17;4;2;3;1;1
202300043822;155 602 843;7;0;2;3;13;1
202300043823;155 602 839;34;0;2;7;1;1
202300043823;155 602 841;7;12;0;1;13;1
202300043824;155 602 840;33;0;0;0;1;1
202300043825;155 602 834;37;0;2;2;26;1
202300043825;155 602 837;7;0;2;6;9;1
202300043826;155 602 832;7;0;2;1;2;1
202300043826;155 602 835;7;0;2;4;2;1
202300043827;155 602 833;7;0;2;8;20;1
202300043827;155 602 836;30;0;2;7;17;1
202300043828;155 602 830;7;0;0;0;0;1
202300043828;155 602 831;1;0;2;1;2;5
202300043829;155 602 829;10;0;1;1;1;0
202300043830;155 602 827;99;0;2;7;1;1
202300043830;155 602 828;7;0;2;6;1;1
202300043831;155 602 826;1;0;1;1;1;5
202300043832;155 602 824;33;0;2;1;1;1
202300043832;155 602 825;7;0;2;7;9;1
202300043833;155 602 821;32;0;2;1;2;1
202300043833;155 602 822;7;0;2;5;23;1
202300043834;155 602 820;38;0;2;3;26;1
202300043834;155 602 823;7;12;2;3;1;1
202300043835;155 602 815;1;0;2;9;18;5
202300043835;155 602 818;17;0;2;2;16;1
202300043836;155 602 813;7;0;2;4;2;1
202300043836;155 602 814;37;0;2;4;2;1
202300043836;155 602 817;7;0;2;1;2;3
202300043836;155 602 819;7;0;2;4;2;1
202300043837;155 602 812;7;0;1;2;15;1
202300043838;155 602 811;7;6;0;3;20;1
202300043839;155 602 810;10;0;1;7;15;1
202300043840;155 602 808;7;0;2;7;1;1
202300043840;155 602 809;2;0;2;3;1;1
202300043841;155 602 806;7;0;2;8;15;1
202300043841;155 602 807;32;0;2;1;1;1
202300043842;155 602 802;7;0;2;1;1;1
202300043842;155 602 803;7;0;2;8;22;0
202300043842;155 602 804;33;0;2;1;17;1
202300043843;155 602 800;34;8;0;1;13;1
202300043844;155 602 798;7;0;2;0;15;1
202300043844;155 602 799;50;0;2;;2;3
202300043845;155 602 797;30;0;1;1;1;0
202300043846;155 602 795;7;0;2;3;26;1
202300043846;155 602 796;33;0;2;1;17;1
202300043847;155 602 794;80;0;1;1;1;3
202300043848;155 602 792;7;0;1;1;16;1
202300043849;155 602 793;10;0;1;1;1;3
202300043850;155 602 790;32;0;0;0;1;1
202300043851;155 602 788;1;0;0;1;1;5
202300043851;155 602 789;7;0;2;3;17;0
202300043851;155 602 791;1;0;2;1;1;5
202300043852;155 602 786;34;0;2;8;1;1
202300043852;155 602 787;3;0;2;2;10;1
202300043853;155 602 784;7;0;2;3;15;0
202300043853;155 602 785;34;0;2;1;13;1
202300043854;155 602 782;7;0;2;4;2;1
202300043854;155 602 783;10;0;2;1;1;1
202300043855;155 602 781;7;0;1;3;15;0
202300043856;155 602 780;33;0;1;1;1;1
202300043857;155 602 779;38;7;0;8;21;1
202300043858;155 602 777;7;0;0;4;2;2
202300043858;155 602 778;7;0;2;1;2;1
202300043859;155 602 775;7;0;0;9;1;1
202300043860;155 602 776;7;2;0;9;13;1
202300043861;155 602 773;7;0;2;8;15;1
202300043861;155 602 774;7;0;2;3;1;1
202300043862;155 602 772;7;0;0;1;1;1
202300043863;155 602 770;7;17;0;1;1;1
202300043864;155 602 768;7;0;2;1;1;1
202300043864;155 602 771;7;0;2;6;1;1
202300043865;155 602 767;7;0;2;2;14;1
202300043865;155 602 769;15;0;2;6;1;1
202300043866;155 602 763;7;0;2;7;5;1
202300043866;155 602 765;10;0;2;1;5;1
202300043867;155 602 761;1;0;0;0;0;5
202300043868;155 602 762;7;3;2;1;1;1
202300043868;155 602 766;7;0;2;1;13;1
202300043869;155 602 759;31;0;0;7;17;1
202300043869;155 602 760;7;0;2;8;15;0
202300043870;155 602 758;99;12;0;1;0;1
202300043871;155 602 755;7;13;0;0;17;1
202300043872;155 602 754;7;1;0;2;1;0
202300043872;155 602 757;7;0;0;5;24;1
202300043873;155 602 753;7;0;2;1;16;1
202300043873;155 602 756;80;0;2;8;19;3
202300043874;155 602 752;1;0;0;0;1;5
202300043875;155 602 750;7;0;2;1;1;1
202300043875;155 602 751;2;0;2;8;1;1
202300043876;155 602 747;7;0;2;0;0;1
202300043876;155 602 749;30;1;2;2;0;1
202300043877;155 602 748;2;14;0;1;1;1
202300043878;155 602 746;7;3;0;1;1;1
202300043879;155 602 743;7;0;2;1;15;1
202300043879;155 602 744;32;0;2;7;1;1
202300043880;155 602 742;2;12;0;2;14;6
202300043881;155 602 741;7;0;2;1;1;1
202300043881;155 602 745;14;0;2;7;1;1
202300043882;155 602 740;80;0;0;4;19;3
202300043883;155 602 737;34;0;2;1;1;1
202300043883;155 602 739;80;0;0;4;15;3
202300043884;155 602 735;10;0;2;1;2;1
202300043884;155 602 738;7;0;0;4;23;1
202300043885;155 602 736;31;12;0;8;21;3
202300043886;155 602 733;7;0;2;1;1;0
202300043886;155 602 734;1;0;2;1;1;5
202300043887;155 602 730;99;0;2;7;1;0
202300043887;155 602 732;7;0;2;7;16;0
202300043888;155 602 729;99;0;2;8;1;1
202300043888;155 602 731;10;6;2;9;13;1
202300043889;155 602 726;31;0;2;1;1;1
202300043889;155 602 728;80;0;0;4;19;3
202300043890;155 602 724;7;0;2;1;1;1
202300043890;155 602 727;7;13;0;7;19;1
202300043891;155 602 722;7;0;2;5;19;1
202300043891;155 602 725;31;0;2;1;1;1
202300043892;155 602 721;1;0;0;4;1;5
202300043892;155 602 723;7;0;2;1;1;1
202300043893;155 602 720;7;0;1;2;1;1
202300043894;155 602 719;7;6;0;1;2;1
202300043895;155 602 716;31;0;2;1;1;1
202300043895;155 602 718;7;0;2;2;5;0
202300043896;155 602 715;7;0;0;0;26;0
202300043896;155 602 717;1;0;0;0;21;5
202300043897;155 602 710;15;0;2;8;13;1
202300043897;155 602 712;7;3;2;8;21;1
202300043898;155 602 709;7;0;2;2;15;1
202300043898;155 602 714;10;0;2;3;1;1
202300043899;155 602 703;7;0;2;2;17;1
202300043899;155 602 707;7;0;0;6;1;1
202300043900;155 602 701;7;0;2;1;2;1
202300043900;155 602 704;7;0;0;4;2;1
202300043900;155 602 706;7;0;0;6;2;1
202300043901;155 602 702;7;0;2;4;2;1
202300043901;155 602 705;7;0;2;1;2;1
202300043901;155 602 708;10;0;0;4;23;1
202300043902;155 602 700;10;2;0;1;1;1
202300043903;155 602 696;10;14;2;2;1;1
202300043903;155 602 697;7;0;2;2;13;1
202300043904;155 602 695;1;0;0;0;0;5
202300043905;155 602 699;2;0;0;1;1;1
202300043906;155 602 698;7;4;0;3;13;1
202300043907;155 602 693;80;0;2;2;2;3
202300043907;155 602 694;7;0;2;3;9;1
202300043908;155 602 690;1;0;0;4;25;5
202300043908;155 602 692;7;12;9;2;2;1
202300043909;155 602 689;7;13;0;1;14;1
202300043909;155 602 691;7;1;0;3;1;1
202300043910;155 602 686;33;6;0;7;0;1
202300043911;155 602 685;10;0;2;1;13;1
202300043911;155 602 688;13;0;2;1;1;1
202300043912;155 602 684;7;0;2;3;17;1
202300043912;155 602 687;7;0;2;3;1;0
202300043913;155 602 679;7;0;2;1;1;1
202300043913;155 602 682;10;0;2;1;1;1
202300043914;155 602 678;32;0;2;1;1;1
202300043914;155 602 681;7;0;2;3;15;1
202300043915;155 602 677;13;8;0;1;1;1
202300043916;155 602 676;7;13;0;1;19;1
202300043917;155 602 675;7;2;0;3;0;1
202300043918;155 602 674;7;2;0;1;13;1
202300043919;155 602 673;7;2;0;3;1;0
202300043920;155 602 672;7;2;0;1;1;1
202300043921;155 602 668;7;0;0;6;24;1
202300043921;155 602 670;32;1;0;1;9;1
202300043922;155 602 666;7;0;2;1;13;1
202300043922;155 602 669;14;0;2;1;1;1
202300043923;155 602 665;7;13;0;1;1;1
202300043924;155 602 663;7;0;2;1;21;1
202300043924;155 602 664;7;0;2;1;13;1
202300043925;155 602 661;2;0;2;1;26;1
202300043925;155 602 662;7;0;2;1;1;1
202300043926;155 602 660;7;0;1;2;1;1
202300043927;155 602 658;1;2;0;1;1;5
202300043928;155 602 657;7;0;2;3;13;1
202300043928;155 602 659;10;0;2;3;2;1
202300043929;155 602 654;7;1;0;9;1;1
202300043930;155 602 652;1;0;2;1;1;5
202300043930;155 602 655;7;0;2;2;15;1
202300043931;155 602 651;7;0;2;3;1;1
202300043931;155 602 653;7;0;2;2;17;1
202300043932;155 602 648;7;0;0;4;2;1
202300043932;155 602 649;7;0;2;4;2;1
202300043932;155 602 650;7;0;2;1;2;1
202300043933;155 602 647;7;16;0;2;1;1
202300043934;155 602 645;7;0;2;6;11;1
202300043934;155 602 646;33;0;2;2;17;1
202300043935;155 602 641;7;0;9;3;9;1
202300043935;155 602 643;1;0;2;1;1;5
202300043936;155 602 639;7;13;0;0;1;1
202300043937;155 602 638;7;0;2;2;1;1
202300043937;155 602 640;7;0;2;4;1;1
202300043937;155 602 642;15;0;2;3;6;6
202300043937;155 602 644;10;0;2;3;1;0
202300043938;155 602 637;33;13;0;1;17;1
202300043939;155 602 636;7;15;9;3;0;1
202300043940;155 602 634;7;0;1;2;4;6
202300043941;155 602 632;33;0;2;1;2;1
202300043941;155 602 635;7;0;0;4;2;1