Num_Acc;id_vehicule;categorie_vehicule;obstacle_fixe;obstacle_mobile;point_choc_initial;manoeuvre_principale;motorisation
202300043942;155 602 631;7;8;0;1;13;1
202300043943;155 602 630;7;13;0;2;0;1
202300043944;155 602 627;7;0;2;1;6;1
202300043944;155 602 629;33;0;2;7;1;1
202300043945;155 602 626;7;0;1;2;1;1
202300043946;155 602 625;7;0;2;3;1;1
202300043946;155 602 628;1;0;2;8;9;5
202300043947;155 602 621;7;0;2;6;17;1
202300043947;155 602 623;33;0;2;9;17;1
202300043948;155 602 620;43;0;2;3;2;1
202300043948;155 602 624;7;0;0;5;2;1
202300043949;155 602 619;10;0;9;2;15;1
202300043949;155 602 622;1;0;2;5;1;5
202300043950;155 602 616;7;0;2;1;13;1
202300043950;155 602 618;7;0;2;1;1;1
202300043951;155 602 614;1;0;2;1;1;5
202300043951;155 602 617;10;0;0;4;26;1
202300043952;155 602 615;7;2;0;1;21;1
202300043953;155 602 612;2;0;2;1;13;1
202300043953;155 602 613;7;0;2;1;1;1
202300043954;155 602 610;10;2;0;3;13;1
202300043955;155 602 608;7;8;0;1;1;1
202300043956;155 602 607;10;0;2;5;5;0
202300043956;155 602 609;10;0;2;1;0;0
202300043957;155 602 604;1;0;2;3;1;5
202300043957;155 602 606;7;0;2;3;1;1
202300043957;155 602 611;7;0;2;8;19;0
202300043958;155 602 605;7;13;0;1;1;1
202300043959;155 602 603;7;6;0;3;1;1
202300043960;155 602 602;7;0;1;1;16;1
202300043961;155 602 601;7;2;0;3;1;0
202300043962;155 602 600;1;0;0;1;1;5
202300043963;155 602 597;7;0;9;2;1;1
202300043964;155 602 593;7;0;0;4;1;1
202300043964;155 602 595;2;0;2;1;1;1
202300043965;155 602 594;7;0;2;3;1;1
202300043965;155 602 596;10;0;2;1;19;1
202300043966;155 602 592;7;13;0;1;1;1
202300043967;155 602 590;2;16;2;2;2;1
202300043967;155 602 591;7;16;2;3;11;1
202300043968;155 602 588;7;0;1;2;1;1
202300043969;155 602 589;7;12;0;9;1;1
202300043970;155 602 583;33;0;2;3;16;1
202300043970;155 602 586;7;0;2;3;15;1
202300043971;155 602 579;7;0;2;1;1;1
202300043971;155 602 581;15;0;2;3;1;1
202300043971;155 602 584;7;0;2;6;1;1
202300043972;155 602 578;3;0;1;1;1;3
202300043973;155 602 580;10;0;2;3;17;1
202300043973;155 602 582;7;0;2;6;15;1
202300043974;155 602 576;10;0;2;1;1;1
202300043974;155 602 577;30;14;2;1;17;1
202300043975;155 602 575;7;6;0;1;1;2
202300043976;155 602 573;33;0;0;0;0;1
202300043977;155 602 572;7;15;0;2;1;0
202300043977;155 602 574;7;0;2;2;1;0
202300043978;155 602 570;7;6;0;2;25;1
202300043979;155 602 569;7;0;2;1;9;1
202300043979;155 602 571;33;0;2;1;1;1
202300043980;155 602 563;7;0;2;3;1;1
202300043980;155 602 567;10;0;2;8;1;1
202300043980;155 602 568;7;0;2;3;1;1
202300043981;155 602 562;42;0;2;1;1;1
202300043981;155 602 565;7;0;2;1;15;1
202300043982;155 602 560;7;0;2;6;1;1
202300043982;155 602 564;7;0;2;2;19;1
202300043983;155 602 557;7;0;1;3;15;1
202300043984;155 602 559;7;0;2;2;17;1
202300043984;155 602 561;7;0;0;0;17;0
202300043984;155 602 566;7;6;1;8;15;1
202300043985;155 602 556;7;0;2;7;19;1
202300043985;155 602 558;10;0;2;1;0;1
202300043986;155 602 550;7;9;2;3;0;1
202300043986;155 602 554;7;0;2;6;0;2
202300043987;155 602 551;7;0;1;3;1;1
202300043988;155 602 549;7;0;2;1;5;1
202300043988;155 602 553;7;0;2;1;9;1
202300043988;155 602 555;7;0;2;1;1;1
202300043989;155 602 547;7;0;2;1;2;1
202300043989;155 602 548;15;0;0;6;1;1
202300043989;155 602 552;15;0;0;4;2;1
202300043990;155 602 543;7;0;2;1;2;1
202300043990;155 602 546;3;0;0;4;2;1
202300043991;155 602 541;33;0;2;2;17;1
202300043991;155 602 544;10;0;2;6;15;1
202300043992;155 602 539;7;0;2;1;1;1
202300043992;155 602 542;7;0;2;4;1;1
202300043992;155 602 545;10;0;0;8;1;1
202300043993;155 602 537;7;0;1;3;0;1
202300043994;155 602 538;2;0;2;1;1;1
202300043994;155 602 540;7;0;0;3;15;1
202300043995;155 602 536;7;6;0;9;1;1
202300043996;155 602 532;7;0;2;3;15;1
202300043996;155 602 534;2;0;2;1;1;1
202300043997;155 602 531;7;0;2;3;1;1
202300043997;155 602 535;1;0;2;8;16;5
202300043998;155 602 530;32;1;0;1;2;1
202300043998;155 602 533;7;0;0;4;23;1
202300043999;155 602 526;32;0;2;0;1;1
202300043999;155 602 529;7;0;0;0;1;1
202300044000;155 602 525;7;0;0;6;2;1
202300044000;155 602 528;7;0;2;1;2;1
202300044001;155 602 523;14;0;2;2;12;6
202300044001;155 602 527;7;0;2;8;1;1
202300044002;155 602 519;7;0;2;3;1;1
202300044002;155 602 522;7;0;2;6;1;1
202300044002;155 602 524;7;6;2;2;1;1
202300044003;155 602 517;7;0;2;4;2;1
202300044003;155 602 520;7;0;2;1;2;1
202300044004;155 602 516;15;0;2;1;1;1
202300044004;155 602 521;10;0;0;4;1;0
202300044005;155 602 515;7;0;9;1;1;1
202300044005;155 602 518;7;5;0;1;14;1
202300044006;155 602 512;33;0;2;1;3;1
202300044006;155 602 514;7;0;2;2;12;1
202300044007;155 602 511;33;12;0;0;21;1
202300044008;155 602 509;7;0;2;1;2;1
202300044008;155 602 513;10;0;2;4;2;1
202300044009;155 602 507;33;0;0;2;26;1
202300044010;155 602 504;14;0;0;5;1;1
202300044010;155 602 506;33;0;0;1;1;1
202300044011;155 602 499;7;0;2;4;0;1
202300044011;155 602 502;7;0;2;4;1;1
202300044011;155 602 505;7;0;2;4;1;1
202300044011;155 602 508;7;0;2;4;1;1
202300044011;155 602 510;7;0;2;1;1;1
202300044012;155 602 497;7;0;2;1;12;1
202300044012;155 602 498;7;0;2;5;1;1
202300044012;155 602 501;33;0;2;4;12;1
202300044013;155 602 493;7;0;0;4;1;1
202300044013;155 602 496;7;0;2;2;2;1
202300044014;155 602 492;33;4;0;3;0;1
202300044015;155 602 490;7;0;2;1;2;3
202300044015;155 602 495;7;0;2;4;2;1
202300044015;155 602 500;10;0;2;1;2;1
202300044015;155 602 503;7;0;2;4;2;1
202300044016;155 602 489;7;0;2;3;11;1
202300044016;155 602 491;34;0;2;7;3;1
202300044016;155 602 494;7;0;2;6;1;1
202300044017;155 602 485;7;0;2;3;0;1
202300044017;155 602 488;15;0;2;2;12;1
202300044018;155 602 484;32;0;2;7;1;1
202300044018;155 602 487;7;0;2;6;11;3
202300044019;155 602 482;7;0;2;4;2;1
202300044019;155 602 483;10;0;2;1;2;1
202300044020;155 602 480;7;0;2;2;12;1
202300044020;155 602 486;15;0;2;6;1;1
202300044021;155 602 478;37;0;1;6;7;2
202300044022;155 602 474;7;0;2;6;0;1
202300044022;155 602 477;7;0;2;8;1;1
202300044022;155 602 479;7;0;2;2;12;1
202300044022;155 602 481;31;0;2;9;3;1
202300044023;155 602 473;37;0;2;2;1;1
202300044023;155 602 475;13;0;2;3;9;1
202300044024;155 602 472;10;0;0;0;1;1
202300044024;155 602 476;10;0;2;4;1;1
202300044025;155 602 469;7;0;2;2;12;1
202300044025;155 602 471;43;0;2;9;3;1
202300044026;155 602 468;14;0;2;2;1;1
202300044026;155 602 470;10;0;2;6;23;1
202300044027;155 602 466;13;8;0;7;2;1
202300044028;155 602 465;7;0;2;4;1;1
202300044028;155 602 467;7;5;2;8;1;1
202300044029;155 602 464;7;0;1;3;16;2
202300044030;155 602 463;2;0;1;1;1;1
202300044031;155 602 460;10;0;2;2;1;1
202300044031;155 602 462;2;0;2;1;15;1
202300044032;155 602 461;10;4;0;1;1;0
202300044033;155 602 457;33;0;2;1;19;1
202300044033;155 602 459;7;0;2;3;19;2
202300044034;155 602 454;7;0;2;8;11;1
202300044034;155 602 455;33;0;2;7;3;1
202300044035;155 602 452;33;12;0;8;2;1
202300044036;155 602 451;7;0;1;3;1;1
202300044037;155 602 453;2;0;2;1;17;1
202300044037;155 602 456;10;0;2;4;15;1
202300044038;155 602 448;33;0;6;1;1;1
202300044039;155 602 445;7;0;2;1;2;1
202300044039;155 602 449;10;0;2;4;2;1
202300044039;155 602 450;10;0;2;4;2;1
202300044040;155 602 444;7;0;2;5;17;0
202300044040;155 602 447;50;0;2;3;15;3
202300044041;155 602 442;7;0;2;1;1;2
202300044041;155 602 443;7;0;2;6;1;2
202300044041;155 602 446;7;0;2;1;13;3
202300044042;155 602 440;33;0;0;3;26;1
202300044043;155 602 436;7;0;2;1;13;1
202300044043;155 602 441;7;0;2;1;1;1
202300044044;155 602 437;1;0;2;2;1;5
202300044044;155 602 439;7;0;9;3;19;1
202300044045;155 602 438;7;0;1;1;16;1
202300044046;155 602 435;10;13;0;2;14;1
202300044047;155 602 434;7;13;0;2;1;1
202300044048;155 602 432;1;0;1;0;1;5
202300044049;155 602 429;33;0;2;1;2;1
202300044049;155 602 431;7;0;2;5;1;1
202300044050;155 602 430;7;0;2;1;1;1
202300044050;155 602 433;7;0;2;7;15;1
202300044051;155 602 426;10;0;2;2;15;1
202300044051;155 602 428;2;0;2;1;1;1
202300044052;155 602 425;10;0;0;4;15;1
202300044052;155 602 427;7;0;2;1;1;1
202300044053;155 602 421;50;0;2;1;0;3
202300044053;155 602 424;7;0;2;6;0;1
202300044054;155 602 420;30;0;1;1;2;3
202300044055;155 602 419;7;0;2;8;1;2
202300044055;155 602 422;7;0;2;5;1;1
202300044055;155 602 423;33;0;2;9;3;1
202300044056;155 602 418;7;0;1;2;1;0
202300044057;155 602 416;31;0;0;8;21;1
202300044058;155 602 413;60;9;2;2;5;5
202300044058;155 602 417;7;0;2;1;1;1
202300044059;155 602 412;2;0;2;1;6;1
202300044059;155 602 414;10;0;2;3;14;1
202300044060;155 602 408;33;12;0;0;1;1
202300044061;155 602 407;31;3;0;8;15;1
202300044062;155 602 410;50;0;0;0;1;3
202300044063;155 602 409;80;0;2;1;1;3
202300044063;155 602 411;7;0;2;2;14;1
202300044064;155 602 403;40;0;1;2;1;3
202300044065;155 602 404;32;0;2;1;3;1
202300044065;155 602 406;7;0;2;5;23;1
202300044066;155 602 402;7;0;0;9;0;1
202300044067;155 602 401;80;0;2;1;1;3
202300044067;155 602 405;7;0;2;3;15;3
202300044068;155 602 398;7;0;2;3;17;0
202300044068;155 602 400;7;0;2;3;0;1
202300044069;155 602 395;7;0;2;3;13;1
202300044069;155 602 399;7;0;2;3;1;1
202300044070;155 602 394;30;0;2;1;1;1
202300044070;155 602 397;7;0;2;2;0;1
202300044071;155 602 393;32;0;2;4;2;3
202300044071;155 602 396;7;0;2;4;23;1
202300044072;155 602 391;7;0;1;1;1;0
202300044073;155 602 389;7;0;1;2;1;1
202300044074;155 602 388;50;0;2;1;1;3
202300044074;155 602 390;7;0;2;3;15;2
202300044075;155 602 387;7;0;2;7;1;1
202300044075;155 602 392;7;9;2;1;19;1
202300044076;155 602 384;2;0;2;1;1;1
202300044076;155 602 385;10;0;2;3;9;1
202300044077;155 602 383;33;0;1;1;17;1
202300044078;155 602 381;10;0;2;4;1;1
202300044078;155 602 382;7;0;2;4;1;1
202300044078;155 602 386;10;0;2;1;1;1
202300044079;155 602 376;7;0;2;8;0;1
202300044079;155 602 379;7;0;2;3;2;1
202300044080;155 602 378;7;5;1;1;26;1
202300044081;155 602 375;7;0;2;1;13;1
202300044081;155 602 380;33;0;2;1;1;1
202300044082;155 602 374;37;0;2;3;18;1
202300044082;155 602 377;7;0;2;7;17;1
202300044083;155 602 371;2;0;2;1;1;1
202300044083;155 602 373;1;0;2;8;1;5
202300044084;155 602 370;7;0;2;6;11;1
202300044084;155 602 372;34;0;2;7;1;1
202300044085;155 602 366;33;0;2;1;2;1
202300044085;155 602 368;31;0;2;4;2;1
202300044086;155 602 364;30;0;0;8;1;1
202300044087;155 602 363;33;13;0;1;1;1
202300044088;155 602 362;7;0;2;7;15;1
202300044088;155 602 365;31;0;2;1;1;1
202300044089;155 602 359;7;0;2;8;1;1
202300044089;155 602 361;50;0;2;8;0;3
202300044090;155 602 356;7;0;2;1;2;1
202300044090;155 602 360;10;0;2;4;2;1
202300044091;155 602 355;7;0;2;3;13;1
202300044091;155 602 358;33;0;2;1;1;1
202300044092;155 602 354;7;0;2;2;1;3
202300044092;155 602 357;34;0;2;1;0;1
202300044093;155 602 352;7;0;1;2;19;1
202300044094;155 602 349;33;0;2;8;1;1
202300044094;155 602 353;7;0;2;3;0;1
202300044095;155 602 348;7;0;2;1;1;1
202300044095;155 602 351;7;0;2;1;1;1
202300044096;155 602 347;1;0;2;8;1;5
202300044096;155 602 350;7;0;2;1;18;1
202300044097;155 602 345;50;0;0;0;1;3
202300044098;155 602 343;7;0;2;6;16;1
202300044098;155 602 346;32;0;2;1;1;1
202300044099;155 602 340;7;0;0;4;0;1
202300044099;155 602 342;1;0;2;1;2;5
202300044100;155 602 339;7;0;1;2;1;1
202300044101;155 602 335;7;0;2;2;0;1
202300044101;155 602 338;30;0;2;1;3;1
202300044102;155 602 334;21;0;2;2;1;0
202300044102;155 602 337;2;0;2;1;17;1
202300044103;155 602 331;34;0;2;1;1;1
202300044103;155 602 336;7;0;0;0;0;0
202300044104;155 602 328;7;0;2;4;1;1
202300044104;155 602 332;7;0;2;1;1;1
202300044104;155 602 333;7;0;2;4;1;1
202300044105;155 602 324;7;0;2;1;1;1
202300044105;155 602 326;7;0;2;4;1;1
202300044105;155 602 329;7;0;2;4;1;1
202300044106;155 602 322;33;1;2;5;1;1
202300044106;155 602 325;7;0;2;2;11;1
202300044107;155 602 321;7;0;2;1;1;1
202300044107;155 602 323;7;0;2;3;15;1
202300044108;155 602 318;7;0;2;8;11;3
202300044108;155 602 320;43;0;2;7;1;1
202300044109;155 602 317;7;0;1;1;1;1
202300044110;155 602 314;7;0;2;1;5;1
202300044110;155 602 316;10;0;2;1;1;1
202300044111;155 602 315;7;1;1;1;1;0
202300044112;155 602 312;7;0;2;4;1;2
202300044112;155 602 313;7;0;2;1;2;1
202300044113;155 602 308;7;0;2;2;19;1
202300044113;155 602 310;33;0;2;1;13;1
202300044114;155 602 307;7;0;2;5;1;1
202300044114;155 602 309;33;0;2;8;3;1
202300044115;155 602 306;7;0;2;1;16;1
202300044115;155 602 311;50;0;2;0;16;3
202300044116;155 602 304;7;0;2;4;1;3
202300044116;155 602 305;7;0;2;1;2;1
202300044117;155 602 302;7;0;2;1;26;1
202300044117;155 602 303;34;0;2;4;26;1
202300044118;155 602 301;10;0;1;3;15;1
202300044119;155 602 297;33;0;2;1;2;1
202300044119;155 602 300;7;0;2;4;1;1
202300044120;155 602 298;7;0;2;3;16;1
202300044120;155 602 299;10;0;2;2;16;1
202300044121;155 602 294;7;3;0;1;14;1
202300044122;155 602 295;7;0;1;1;1;1
202300044123;155 602 292;30;0;2;3;1;1
202300044123;155 602 293;32;0;2;3;1;3
202300044124;155 602 286;7;0;2;1;1;1
202300044124;155 602 289;7;0;2;4;1;0
202300044125;155 602 285;7;0;2;8;1;1
202300044125;155 602 290;30;0;2;1;9;1
202300044126;155 602 284;7;0;2;3;15;1
202300044126;155 602 288;31;0;2;1;1;1
202300044127;155 602 282;7;0;1;2;1;1
202300044128;155 602 280;1;0;0;1;1;5
202300044129;155 602 279;15;0;2;4;23;1
202300044129;155 602 281;7;0;2;1;2;2
202300044129;155 602 283;10;0;2;4;2;1
202300044130;155 602 278;7;0;1;2;1;1
202300044131;155 602 275;7;0;2;1;2;1
202300044131;155 602 277;7;0;2;4;2;3
202300044132;155 602 273;7;0;1;2;13;0
202300044133;155 602 271;7;1;0;1;1;1
202300044133;155 602 274;31;1;0;4;23;1
202300044133;155 602 276;7;0;2;4;23;1
202300044134;155 602 272;7;2;0;1;1;1
202300044135;155 602 268;50;0;1;1;25;3
202300044136;155 602 267;38;3;2;1;9;1
202300044136;155 602 269;7;3;2;4;0;1
202300044137;155 602 266;7;0;2;1;15;1
202300044137;155 602 270;1;0;2;7;15;5
202300044138;155 602 263;7;0;2;2;0;1
202300044138;155 602 265;33;0;2;1;1;1
202300044139;155 602 260;7;0;2;3;9;1
202300044139;155 602 264;30;0;2;2;2;1
202300044140;155 602 258;10;0;2;1;2;1
202300044140;155 602 261;7;0;2;4;2;1
202300044141;155 602 259;7;0;2;3;13;1
202300044141;155 602 262;7;0;2;3;1;1
202300044142;155 602 254;7;4;0;2;1;1
202300044143;155 602 255;30;0;0;0;1;1
202300044144;155 602 253;7;0;2;8;15;1
202300044144;155 602 257;2;0;2;1;17;1
202300044145;155 602 250;7;14;0;1;1;1
202300044146;155 602 247;33;0;2;2;3;1
202300044146;155 602 251;7;0;2;0;0;1
202300044147;155 602 244;7;0;2;8;2;1
202300044147;155 602 248;31;0;2;2;2;1
202300044148;155 602 243;1;12;0;4;2;5
202300044148;155 602 246;7;0;9;2;2;1
202300044149;155 602 242;7;2;1;2;18;1
202300044150;155 602 240;33;0;0;0;1;1
202300044151;155 602 239;7;0;1;1;1;1
202300044152;155 602 241;7;0;1;1;9;1
202300044153;155 602 235;10;13;0;1;1;1
202300044154;155 602 234;7;0;2;1;13;1
202300044154;155 602 238;33;0;2;1;1;1
202300044155;155 602 233;50;0;2;0;19;3
202300044155;155 602 237;7;0;2;0;1;1
202300044156;155 602 232;38;0;2;3;1;1
202300044156;155 602 236;7;4;2;2;12;1
202300044157;155 602 230;10;13;0;3;17;1
202300044158;155 602 227;7;0;2;1;9;1
202300044158;155 602 231;1;0;2;7;1;5
202300044159;155 602 226;7;0;2;1;13;1
202300044159;155 602 228;7;0;2;1;1;1
202300044160;155 602 225;7;0;2;2;1;1
202300044160;155 602 229;1;0;2;6;1;5
202300044161;155 602 223;33;0;2;1;17;1
202300044161;155 602 224;7;0;2;6;15;3
202300044162;155 602 220;7;0;2;4;23;1
202300044162;155 602 222;7;0;2;1;1;1
202300044163;155 602 221;30;0;0;2;1;1
202300044164;155 602 215;7;0;2;3;19;1
202300044164;155 602 218;7;8;2;1;1;1
202300044165;155 602 217;33;5;2;0;0;1
202300044165;155 602 219;15;0;2;7;9;1
202300044166;155 602 213;33;0;0;1;1;1
202300044166;155 602 214;7;0;2;8;13;
202300044167;155 602 208;7;0;2;3;13;1
202300044167;155 602 210;15;0;2;8;1;1
202300044167;155 602 212;10;0;2;3;1;1
202300044168;155 602 206;50;0;2;8;25;3
202300044168;155 602 209;7;0;9;1;9;1
202300044169;155 602 211;31;0;2;1;15;1
202300044169;155 602 216;7;0;2;8;1;1
202300044170;155 602 205;7;0;2;2;1;1
202300044170;155 602 207;7;0;2;3;11;1
202300044171;155 602 204;7;16;0;9;0;6
202300044172;155 602 199;7;0;2;2;0;1
202300044172;155 602 203;34;0;2;3;1;1
202300044173;155 602 200;1;0;2;8;1;5
202300044173;155 602 202;7;0;2;1;16;1
202300044174;155 602 198;7;0;1;2;1;1
202300044175;155 602 201;7;15;0;3;19;1
202300044176;155 602 195;7;0;0;4;23;1
202300044176;155 602 197;7;0;2;1;2;1
202300044177;155 602 193;7;0;1;1;0;0
202300044178;155 602 192;7;0;2;5;16;1
202300044178;155 602 194;2;0;2;1;1;1
202300044179;155 602 191;7;0;2;3;19;1
202300044179;155 602 196;33;0;2;1;1;1
202300044180;155 602 190;7;0;1;3;1;2
202300044181;155 602 185;80;0;2;7;1;3
202300044181;155 602 188;30;0;2;1;9;3
202300044182;155 602 186;7;0;2;5;1;1
202300044182;155 602 189;7;0;2;3;2;1
202300044183;155 602 187;7;0;1;5;26;1
202300044184;155 602 183;7;0;2;1;13;0
202300044184;155 602 184;7;0;2;1;1;0
202300044185;155 602 182;7;0;1;4;4;1
202300044186;155 602 178;33;8;0;2;14;1
202300044187;155 602 177;7;0;2;1;1;1
202300044187;155 602 180;15;0;2;4;12;1
202300044188;155 602 174;7;0;2;1;1;1
202300044188;155 602 179;7;0;2;7;19;1
202300044189;155 602 172;30;12;0;7;1;1
202300044190;155 602 171;31;0;2;1;5;1
202300044190;155 602 173;7;0;2;1;1;1
202300044191;155 602 169;7;0;1;1;20;1
202300044192;155 602 166;7;0;0;2;16;1
202300044193;155 602 165;7;0;0;6;23;1
202300044193;155 602 167;7;1;2;2;21;1
202300044194;155 602 164;7;1;0;1;15;1
202300044195;155 602 162;7;0;1;4;26;1
202300044196;155 602 159;7;0;2;6;26;1
202300044196;155 602 161;31;0;2;1;2;1
202300044197;155 602 157;7;2;0;1;1;1
202300044198;155 602 156;1;0;2;0;0;5
202300044199;155 602 155;7;0;2;3;1;1
202300044199;155 602 158;7;0;2;3;26;1
202300044200;155 602 153;10;1;0;1;2;0
202300044200;155 602 154;10;0;2;4;24;0
202300044201;155 602 149;7;0;2;3;1;1
202300044201;155 602 152;50;0;2;2;0;3
202300044202;155 602 148;7;0;2;3;17;1
202300044202;155 602 151;7;0;2;1;1;1
202300044203;155 602 147;7;0;2;7;19;1
202300044203;155 602 150;7;0;2;1;1;1
202300044204;155 602 144;7;0;2;5;2;1
202300044204;155 602 146;7;0;2;2;2;3
202300044205;155 602 142;7;0;2;1;13;1
202300044205;155 602 143;7;0;2;1;1;1
202300044206;155 602 141;50;0;2;1;0;3
202300044206;155 602 145;7;0;2;2;1;1
202300044207;155 602 139;33;5;0;1;2;1
202300044208;155 602 140;30;0;1;8;1;1
202300044209;155 602 136;7;0;2;1;2;1
202300044209;155 602 138;7;0;2;1;11;1
202300044210;155 602 134;7;0;2;2;14;1
202300044210;155 602 137;31;0;2;8;1;1
202300044211;155 602 133;1;0;2;2;1;5
202300044211;155 602 135;7;0;9;3;9;0
202300044212;155 602 131;15;2;0;3;13;1
202300044213;155 602 132;7;0;1;1;26;1
202300044214;155 602 129;7;0;1;2;1;0
202300044215;155 602 127;7;0;2;3;13;1
202300044215;155 602 130;7;0;2;3;1;1
202300044216;155 602 124;7;13;0;0;1;1
202300044217;155 602 125;7;0;1;1;14;1
202300044218;155 602 126;31;0;2;1;18;1
202300044218;155 602 128;7;0;2;7;15;1
202300044219;155 602 123;7;0;1;2;1;0
202300044220;155 602 120;13;2;0;4;20;0
202300044221;155 602 118;7;16;2;1;1;1
202300044221;155 602 122;7;0;2;3;16;1
202300044222;155 602 117;99;0;2;3;0;0
202300044222;155 602 121;10;0;2;1;1;1
202300044223;155 602 116;10;0;2;1;1;1
202300044223;155 602 119;32;0;2;1;0;0
202300044224;155 602 111;10;0;2;3;1;1
202300044224;155 602 114;7;13;0;8;15;1
202300044225;155 602 110;7;1;1;3;16;1
202300044226;155 602 108;33;0;2;2;0;1
202300044226;155 602 113;7;0;2;6;1;1
202300044227;155 602 109;7;0;2;4;2;1
202300044227;155 602 112;7;0;2;4;1;1
202300044227;155 602 115;7;0;2;1;2;1
202300044228;155 602 105;7;0;2;1;1;1
202300044228;155 602 107;7;0;2;1;1;1
202300044229;155 602 103;10;0;2;4;4;3
202300044229;155 602 106;1;0;2;1;1;5
202300044230;155 602 102;7;4;0;1;26;1
202300044231;155 602 101;7;13;0;9;1;2
202300044232;155 602 099;30;0;2;1;15;1
202300044232;155 602 100;7;0;2;1;1;1
202300044233;155 602 097;10;0;9;1;17;1
202300044233;155 602 098;50;0;2;1;1;3
202300044234;155 602 095;38;6;0;3;1;1
202300044235;155 602 094;7;0;2;1;13;1
202300044235;155 602 096;7;0;2;1;1;1
202300044236;155 602 091;7;2;0;3;1;1
202300044237;155 602 090;32;0;2;1;9;1
202300044237;155 602 093;7;0;2;6;1;1
202300044238;155 602 088;1;0;2;1;19;5
202300044238;155 602 092;7;0;2;3;1;1
202300044239;155 602 086;13;0;2;3;1;1
202300044239;155 602 087;7;0;2;8;1;1
202300044239;155 602 089;7;0;2;5;15;1
202300044240;155 602 082;7;0;2;3;13;1
202300044240;155 602 085;7;0;2;3;13;1
202300044241;155 602 081;60;0;2;1;1;5
202300044241;155 602 084;7;0;9;3;15;0
202300044242;155 602 079;7;0;2;4;0;1
202300044242;155 602 080;7;0;2;4;0;1
202300044242;155 602 083;10;0;2;1;26;1
202300044243;155 602 073;7;0;2;3;15;1
202300044243;155 602 077;33;0;2;1;17;1
202300044244;155 602 075;7;0;2;0;1;1
202300044244;155 602 078;30;0;2;1;1;1
202300044245;155 602 072;7;2;0;3;1;1
202300044246;155 602 071;7;0;2;8;0;1
202300044246;155 602 074;7;0;2;8;13;1
202300044246;155 602 076;7;0;2;8;21;1
202300044247;155 602 063;15;0;2;6;1;0
202300044247;155 602 066;7;0;2;1;17;0
202300044247;155 602 070;7;0;2;2;1;0
202300044248;155 602 061;7;0;2;0;9;1
202300044248;155 602 068;31;0;2;1;9;1
202300044249;155 602 064;7;0;2;6;15;1
202300044249;155 602 069;31;0;2;1;17;1
202300044250;155 602 060;7;0;2;3;17;0
202300044250;155 602 062;7;0;9;3;1;0
202300044250;155 602 065;7;0;2;3;1;0
202300044250;155 602 067;10;0;2;8;1;1
202300044251;155 602 057;7;0;1;1;16;1
202300044252;155 602 056;7;0;2;0;26;1
202300044252;155 602 059;7;0;2;0;0;1
202300044253;155 602 055;7;0;2;2;1;1
202300044253;155 602 058;7;0;2;3;13;1
202300044254;155 602 054;7;0;1;1;1;1
202300044255;155 602 053;7;0;0;9;14;1
202300044256;155 602 052;7;0;0;2;1;1
202300044257;155 602 051;7;0;1;0;0;1
202300044258;155 602 050;7;0;1;8;1;1
202300044259;155 602 045;7;13;0;8;16;0
202300044260;155 602 046;10;0;2;1;13;1
202300044260;155 602 049;7;0;2;1;1;1
202300044261;155 602 048;33;15;0;1;0;0
202300044262;155 602 044;1;0;2;7;14;5
202300044262;155 602 047;7;0;2;3;0;1
202300044263;155 602 039;7;0;1;1;11;1
202300044264;155 602 038;10;0;2;3;1;0
202300044264;155 602 041;10;0;2;5;15;0
202300044265;155 602 037;7;0;2;6;9;1
202300044265;155 602 040;7;0;2;2;1;1
202300044266;155 602 036;7;4;0;3;1;1
202300044267;155 602 033;7;0;2;1;2;1
202300044267;155 602 035;7;0;2;4;2;3
202300044268;155 602 032;10;4;0;1;1;1
202300044269;155 602 030;7;0;1;1;1;0
202300044270;155 602 031;7;0;2;1;10;1
202300044270;155 602 034;7;0;2;2;1;1
202300044271;155 602 028;33;0;0;8;1;1
202300044272;155 602 023;33;0;0;8;1;1
202300044273;155 602 021;7;0;2;4;2;3
202300044273;155 602 024;7;0;2;1;2;1
202300044273;155 602 026;7;0;2;1;0;4
202300044273;155 602 029;7;0;2;0;9;1
202300044274;155 602 018;7;0;2;1;2;1
202300044274;155 602 020;7;0;2;4;2;3
202300044275;155 602 019;7;0;2;8;9;1
202300044275;155 602 022;7;0;2;1;9;1
202300044275;155 602 025;7;0;2;3;23;1
202300044276;155 602 017;10;0;1;3;1;1
202300044277;155 602 015;31;0;9;1;14;1
202300044278;155 602 013;7;0;1;7;1;1
202300044279;155 602 011;14;0;2;1;21;1
202300044279;155 602 012;7;3;2;1;9;1
202300044280;155 602 009;10;0;2;3;15;1
202300044280;155 602 010;32;0;2;2;17;1
202300044281;155 602 006;50;0;0;0;0;3
202300044282;155 602 005;1;0;2;1;1;5
202300044282;155 602 008;7;0;2;3;1;1
202300044283;155 602 000;7;1;0;3;13;0
202300044283;155 602 003;80;0;2;3;1;3
202300044284;155 601 999;7;3;2;2;0;1
202300044284;155 602 002;7;0;0;3;1;1
202300044285;155 602 001;7;0;2;3;0;1
202300044285;155 602 004;32;0;2;3;5;1
202300044285;155 602 007;10;0;2;8;1;1
202300044286;155 601 998;0;0;1;1;1;0