Num_Acc;id_vehicule;categorie_vehicule;obstacle_fixe;obstacle_mobile;point_choc_initial;manoeuvre_principale;motorisation
202300044287;155 601 994;30;0;2;8;13;1
202300044287;155 601 996;33;0;2;7;17;1
202300044288;155 601 997;10;0;1;1;15;1
202300044289;155 601 991;10;0;2;3;17;1
202300044289;155 601 993;34;0;2;1;1;1
202300044290;155 601 992;7;0;2;3;1;1
202300044290;155 601 995;7;0;2;5;11;1
202300044291;155 601 988;7;0;2;2;15;1
202300044291;155 601 990;33;0;2;1;1;1
202300044292;155 601 986;7;0;1;1;15;0
202300044293;155 601 989;7;0;1;1;2;1
202300044294;155 601 982;10;0;1;2;1;1
202300044295;155 601 981;33;0;2;1;17;1
202300044295;155 601 984;7;0;2;1;1;1
202300044296;155 601 980;7;0;2;1;16;2
202300044296;155 601 983;1;0;2;1;2;5
202300044297;155 601 979;7;0;1;2;1;1
202300044298;155 601 978;7;13;0;0;2;1
202300044299;155 601 977;7;0;1;2;10;1
202300044300;155 601 973;7;0;2;0;1;1
202300044300;155 601 975;30;0;2;1;13;1
202300044301;155 601 972;7;1;0;2;14;1
202300044302;155 601 971;7;0;2;5;15;1
202300044302;155 601 974;7;0;2;2;1;1
202300044303;155 601 966;7;0;2;3;9;1
202300044303;155 601 969;33;0;2;6;1;1
202300044304;155 601 965;7;0;2;2;17;1
202300044304;155 601 968;10;0;2;3;15;1
202300044305;155 601 964;10;0;2;8;22;1
202300044305;155 601 967;80;1;0;2;1;3
202300044306;155 601 962;7;0;1;1;15;1
202300044307;155 601 961;30;0;2;1;1;6
202300044307;155 601 963;7;0;2;1;15;6
202300044308;155 601 959;7;0;2;3;15;1
202300044308;155 601 960;34;0;2;1;1;1
202300044309;155 601 957;2;0;2;1;1;1
202300044309;155 601 958;7;0;2;3;20;1
202300044310;155 601 954;7;0;0;0;0;1
202300044310;155 601 956;17;0;2;3;1;1
202300044311;155 601 953;2;0;2;2;2;1
202300044311;155 601 955;7;0;2;3;2;2
202300044312;155 601 952;7;0;0;9;1;1
202300044313;155 601 949;14;0;0;4;23;1
202300044313;155 601 951;10;0;2;1;2;1
202300044314;155 601 950;7;0;1;3;1;1
202300044315;155 601 946;10;0;2;6;11;1
202300044315;155 601 948;33;0;2;1;1;1
202300044316;155 601 945;7;0;1;3;15;0
202300044317;155 601 944;15;0;2;7;12;1
202300044317;155 601 947;7;0;2;8;1;1
202300044318;155 601 941;7;0;2;3;9;1
202300044318;155 601 942;7;1;2;2;1;1
202300044319;155 601 938;14;0;2;0;1;1
202300044319;155 601 940;7;0;2;0;1;1
202300044319;155 601 943;7;0;2;1;1;1
202300044320;155 601 935;7;0;1;2;1;1
202300044321;155 601 932;7;0;2;4;2;1
202300044321;155 601 934;10;0;2;4;23;1
202300044321;155 601 936;7;0;2;1;2;1
202300044321;155 601 937;7;0;2;4;2;1
202300044321;155 601 939;7;0;2;4;23;1
202300044322;155 601 928;33;0;2;1;3;1
202300044322;155 601 930;7;0;2;6;11;1
202300044323;155 601 931;7;0;2;4;1;1
202300044323;155 601 933;32;0;2;1;3;1
202300044324;155 601 929;50;12;0;0;1;3
202300044325;155 601 923;7;0;1;6;1;1
202300044325;155 601 927;7;0;2;1;1;1
202300044326;155 601 924;33;0;2;1;2;1
202300044326;155 601 926;7;0;2;4;2;1
202300044327;155 601 922;7;0;2;3;15;1
202300044327;155 601 925;7;0;2;2;1;1
202300044328;155 601 920;80;0;1;1;1;3
202300044329;155 601 919;10;0;1;1;1;1
202300044330;155 601 915;10;0;2;4;2;1
202300044330;155 601 918;7;0;2;1;2;1
202300044330;155 601 921;7;0;2;4;2;1
202300044331;155 601 916;33;0;2;1;1;1
202300044331;155 601 917;33;0;0;4;14;1
202300044332;155 601 913;99;0;2;1;1;3
202300044332;155 601 914;7;0;9;2;1;1
202300044333;155 601 910;50;0;1;1;1;3
202300044334;155 601 909;31;0;0;8;1;1
202300044335;155 601 908;10;0;2;1;2;1
202300044335;155 601 911;10;0;2;4;2;1
202300044335;155 601 912;7;0;2;4;2;1
202300044336;155 601 907;7;0;1;1;15;1
202300044337;155 601 906;7;1;1;3;13;0
202300044338;155 601 901;7;0;2;3;11;1
202300044338;155 601 904;32;0;2;7;3;1
202300044338;155 601 905;7;0;2;4;2;1
202300044339;155 601 900;33;0;2;8;1;6
202300044339;155 601 903;7;0;2;1;15;1
202300044340;155 601 899;99;0;2;8;26;5
202300044340;155 601 902;7;0;2;1;16;1
202300044341;155 601 898;1;0;1;1;2;5
202300044342;155 601 897;7;0;0;1;14;1
202300044343;155 601 896;50;0;1;8;1;3
202300044344;155 601 894;32;5;0;3;15;1
202300044345;155 601 891;30;0;2;1;15;3
202300044345;155 601 892;7;0;2;4;15;1
202300044346;155 601 893;33;0;2;1;3;0
202300044346;155 601 895;7;0;2;8;11;0
202300044347;155 601 889;50;0;0;1;1;3
202300044348;155 601 888;30;0;2;1;2;0
202300044348;155 601 890;7;0;2;5;1;0
202300044349;155 601 886;7;0;2;1;2;1
202300044349;155 601 887;10;0;2;4;2;1
202300044350;155 601 883;7;0;2;3;15;1
202300044350;155 601 885;43;0;2;1;17;1
202300044351;155 601 882;34;0;2;7;12;0
202300044351;155 601 884;7;0;2;2;1;1
202300044352;155 601 879;7;0;2;2;2;1
202300044352;155 601 880;33;0;2;4;23;1
202300044353;155 601 878;10;0;0;3;2;1
202300044353;155 601 881;1;0;0;0;0;5
202300044354;155 601 874;31;0;2;2;3;1
202300044354;155 601 875;7;0;2;6;11;1
202300044355;155 601 873;7;6;2;1;17;1
202300044355;155 601 877;7;0;2;3;11;1
202300044356;155 601 870;7;0;2;4;1;1
202300044356;155 601 872;7;0;2;4;1;1
202300044356;155 601 876;10;0;2;2;1;1
202300044357;155 601 868;33;0;2;1;1;1
202300044357;155 601 871;7;0;2;8;16;1
202300044358;155 601 864;7;4;0;3;1;1
202300044359;155 601 865;33;0;2;0;3;1
202300044359;155 601 866;7;0;2;7;12;1
202300044360;155 601 862;50;0;1;1;1;3
202300044361;155 601 863;2;0;2;8;9;1
202300044361;155 601 867;38;0;2;1;1;1
202300044361;155 601 869;7;0;2;2;2;1
202300044362;155 601 861;30;1;0;1;1;1
202300044363;155 601 860;31;0;1;0;1;0
202300044364;155 601 857;7;0;0;3;0;1
202300044364;155 601 859;33;0;0;2;1;1
202300044365;155 601 855;7;0;2;1;1;1
202300044365;155 601 856;7;0;2;4;1;1
202300044365;155 601 858;7;0;2;4;1;1
202300044366;155 601 854;33;16;0;1;1;0
202300044367;155 601 851;7;0;2;2;1;1
202300044367;155 601 852;7;0;2;1;1;1
202300044368;155 601 849;2;0;2;3;18;1
202300044368;155 601 853;7;0;2;2;16;0
202300044369;155 601 848;7;0;2;1;26;1
202300044369;155 601 850;1;0;0;8;26;5
202300044370;155 601 845;7;0;2;3;11;1
202300044370;155 601 846;31;0;2;2;3;1
202300044370;155 601 847;7;0;2;4;1;1
202300044371;155 601 844;1;0;1;1;2;5
202300044372;155 601 840;3;0;2;1;9;1
202300044372;155 601 842;13;0;2;2;1;1
202300044373;155 601 841;7;0;2;3;1;1
202300044373;155 601 843;10;0;2;3;13;1
202300044374;155 601 838;2;1;0;7;2;1
202300044374;155 601 839;7;0;2;3;0;1
202300044375;155 601 836;14;0;1;2;1;1
202300044376;155 601 837;7;6;0;2;1;1
202300044377;155 601 835;1;12;0;0;1;5
202300044378;155 601 833;7;0;2;3;5;1
202300044378;155 601 834;7;0;2;3;1;1
202300044379;155 601 831;7;0;2;2;2;1
202300044379;155 601 832;2;0;0;4;2;1
202300044380;155 601 829;10;0;2;6;10;1
202300044380;155 601 830;31;0;2;2;1;1
202300044381;155 601 827;7;0;2;3;15;1
202300044381;155 601 828;32;0;2;1;18;1
202300044382;155 601 825;7;0;2;1;13;2
202300044382;155 601 826;7;0;2;3;1;1
202300044383;155 601 823;33;6;0;1;1;1
202300044384;155 601 822;33;0;2;1;1;1
202300044384;155 601 824;7;0;2;3;15;1
202300044385;155 601 821;32;5;0;1;17;1
202300044386;155 601 818;17;0;0;4;0;1
202300044386;155 601 819;10;0;2;1;0;1
202300044387;155 601 817;7;1;2;2;24;1
202300044387;155 601 820;32;1;2;2;1;1
202300044388;155 601 816;33;2;0;0;1;1
202300044389;155 601 815;7;3;0;1;13;0
202300044390;155 601 811;7;0;2;3;15;1
202300044390;155 601 813;32;0;2;1;17;1
202300044390;155 601 814;32;0;2;1;0;1
202300044391;155 601 810;33;0;2;3;1;1
202300044391;155 601 812;7;0;2;3;1;1
202300044392;155 601 808;10;0;2;2;17;1
202300044392;155 601 809;10;0;2;6;1;1
202300044393;155 601 806;33;0;2;7;3;1
202300044393;155 601 807;7;0;2;3;14;1
202300044394;155 601 805;32;2;0;1;0;1
202300044395;155 601 803;32;0;1;1;13;1
202300044396;155 601 804;7;13;0;1;26;1
202300044397;155 601 797;7;13;0;1;1;1
202300044398;155 601 798;7;0;2;1;19;0
202300044398;155 601 801;1;1;2;8;1;5
202300044398;155 601 802;7;0;2;8;23;1
202300044399;155 601 796;7;12;2;9;26;1
202300044399;155 601 799;7;0;2;2;26;1
202300044399;155 601 800;7;0;2;3;23;1
202300044400;155 601 792;7;0;2;1;0;0
202300044400;155 601 795;7;0;2;1;0;0
202300044401;155 601 793;10;13;0;3;26;1
202300044402;155 601 791;7;1;2;1;1;1
202300044402;155 601 794;7;1;2;3;1;1
202300044403;155 601 789;7;8;0;2;14;1
202300044404;155 601 788;7;0;0;2;1;0
202300044404;155 601 790;10;0;2;3;19;1
202300044405;155 601 785;33;2;0;1;15;1
202300044406;155 601 782;99;2;0;2;1;1
202300044407;155 601 781;7;0;2;6;1;1
202300044407;155 601 783;7;0;2;1;13;2
202300044407;155 601 784;7;0;2;1;1;1
202300044407;155 601 786;13;0;2;1;1;1
202300044407;155 601 787;7;0;2;7;1;1
202300044408;155 601 777;7;0;2;3;13;1
202300044408;155 601 779;7;8;2;3;0;1
202300044409;155 601 775;10;0;2;5;9;1
202300044409;155 601 780;33;0;2;1;1;1
202300044410;155 601 774;7;0;2;1;2;1
202300044410;155 601 776;7;0;2;4;2;1
202300044410;155 601 778;7;0;2;1;2;1
202300044411;155 601 772;7;0;1;1;15;1
202300044412;155 601 771;2;0;2;3;16;6
202300044412;155 601 773;10;0;2;8;15;6
202300044413;155 601 768;33;13;0;0;1;1
202300044414;155 601 767;7;0;2;8;13;1
202300044414;155 601 770;2;0;2;7;17;1
202300044415;155 601 769;15;14;0;9;1;1
202300044416;155 601 766;33;0;0;7;17;1
202300044417;155 601 765;33;0;0;0;2;1
202300044418;155 601 761;2;0;2;0;0;0
202300044418;155 601 764;7;0;2;2;0;6
202300044419;155 601 760;7;0;9;3;9;1
202300044419;155 601 763;80;0;2;2;1;3
202300044420;155 601 759;7;0;2;1;1;1
202300044420;155 601 762;7;0;2;2;1;1
202300044421;155 601 757;7;0;1;7;1;1
202300044422;155 601 756;7;2;0;3;13;1
202300044423;155 601 755;7;0;0;3;19;1
202300044423;155 601 758;10;0;2;1;1;1
202300044424;155 601 753;7;0;0;3;1;1
202300044424;155 601 754;31;0;0;3;1;1
202300044425;155 601 752;7;0;1;3;1;0
202300044426;155 601 749;1;0;2;1;1;5
202300044426;155 601 751;7;0;2;1;1;1
202300044427;155 601 750;33;13;0;1;1;1
202300044428;155 601 747;7;9;2;3;1;1
202300044428;155 601 748;7;2;2;6;1;1
202300044429;155 601 746;7;12;0;3;13;1
202300044430;155 601 744;7;2;0;1;1;1
202300044431;155 601 741;7;0;2;3;1;1
202300044431;155 601 743;7;0;2;1;2;1
202300044431;155 601 745;17;0;2;8;1;1
202300044432;155 601 740;7;0;2;4;23;1
202300044432;155 601 742;7;0;2;1;2;1
202300044433;155 601 738;7;0;1;3;0;1
202300044434;155 601 736;7;0;2;2;15;1
202300044434;155 601 739;2;0;2;1;1;1
202300044435;155 601 737;7;0;1;1;2;1
202300044436;155 601 735;7;1;0;1;1;1
202300044437;155 601 731;7;0;1;2;1;1
202300044438;155 601 730;7;13;0;1;16;1
202300044439;155 601 732;7;0;2;3;1;1
202300044439;155 601 734;7;0;2;7;16;1
202300044440;155 601 729;7;3;2;3;1;1
202300044440;155 601 733;21;0;2;6;1;1
202300044441;155 601 726;33;0;2;1;2;0
202300044441;155 601 728;7;0;2;3;1;0
202300044442;155 601 720;50;0;2;1;1;3
202300044442;155 601 727;7;0;9;2;15;1
202300044443;155 601 721;2;0;2;7;1;1
202300044443;155 601 725;7;0;2;1;9;1
202300044444;155 601 717;7;0;1;1;0;1
202300044445;155 601 715;1;0;2;8;1;5
202300044445;155 601 718;10;0;2;1;1;0
202300044446;155 601 712;7;0;0;6;2;1
202300044446;155 601 713;33;0;2;7;1;1
202300044446;155 601 716;10;0;0;8;11;1
202300044447;155 601 714;7;13;0;1;1;1
202300044448;155 601 710;15;0;2;1;15;1
202300044448;155 601 711;43;0;2;1;1;1
202300044449;155 601 707;10;0;2;1;1;1
202300044449;155 601 709;1;0;2;4;1;5
202300044450;155 601 705;33;0;2;1;2;1
202300044450;155 601 706;7;0;0;6;2;1
202300044451;155 601 701;10;0;2;4;4;1
202300044451;155 601 702;1;0;2;1;1;5
202300044452;155 601 699;7;0;2;6;15;6
202300044452;155 601 700;33;0;2;1;1;0
202300044453;155 601 698;7;0;1;3;15;1
202300044454;155 601 696;1;0;2;4;2;5
202300044454;155 601 697;10;0;2;2;2;1
202300044455;155 601 693;2;2;0;2;1;1
202300044456;155 601 694;33;0;2;1;1;1
202300044456;155 601 695;7;0;2;6;1;1
202300044457;155 601 691;15;3;0;2;1;1
202300044458;155 601 690;7;1;0;1;21;1
202300044458;155 601 692;7;0;2;4;24;1
202300044459;155 601 689;1;0;0;0;1;5
202300044460;155 601 687;7;5;0;1;1;1
202300044461;155 601 686;37;0;2;3;13;1
202300044461;155 601 688;7;0;2;5;1;1
202300044462;155 601 685;7;0;1;1;1;1
202300044463;155 601 682;7;0;1;3;1;1
202300044464;155 601 681;7;0;0;1;1;1
202300044464;155 601 683;7;0;2;4;23;1
202300044465;155 601 680;7;0;2;2;1;1
202300044465;155 601 684;3;0;2;7;1;3
202300044466;155 601 679;7;0;1;2;1;1
202300044467;155 601 676;7;10;2;3;13;1
202300044467;155 601 678;2;10;2;1;0;1
202300044468;155 601 675;7;0;2;3;13;1
202300044468;155 601 677;13;0;2;0;0;0
202300044469;155 601 673;7;0;1;3;1;1
202300044470;155 601 670;7;0;2;3;13;1
202300044470;155 601 671;7;0;2;3;1;1
202300044471;155 601 668;7;0;2;8;22;1
202300044471;155 601 669;1;1;0;1;21;5
202300044472;155 601 666;7;8;0;1;1;1
202300044473;155 601 665;10;0;2;3;15;1
202300044473;155 601 667;33;6;2;7;3;0
202300044474;155 601 662;7;0;1;3;2;1
202300044475;155 601 663;33;0;2;2;17;1
202300044475;155 601 664;10;0;2;3;1;3
202300044476;155 601 660;33;0;2;2;17;1
202300044476;155 601 661;10;0;0;8;15;1
202300044477;155 601 658;7;0;1;1;1;1
202300044478;155 601 656;7;0;2;4;2;1
202300044478;155 601 659;7;0;2;1;2;1
202300044479;155 601 655;7;0;2;2;1;1
202300044479;155 601 657;33;0;2;3;19;1
202300044480;155 601 653;30;0;0;8;1;1
202300044481;155 601 652;1;0;2;7;1;5
202300044481;155 601 654;80;0;2;1;1;3
202300044482;155 601 649;7;0;2;7;9;1
202300044482;155 601 651;7;0;2;1;1;1
202300044483;155 601 648;7;0;2;7;15;1
202300044483;155 601 650;2;0;2;7;1;1
202300044484;155 601 647;2;0;0;0;1;1
202300044485;155 601 645;7;0;1;1;2;1
202300044486;155 601 644;7;7;0;1;13;2
202300044487;155 601 643;7;0;2;2;1;1
202300044487;155 601 646;30;0;2;8;1;1
202300044488;155 601 639;31;0;2;1;2;1
202300044488;155 601 642;7;0;2;5;2;1
202300044489;155 601 638;17;0;0;4;11;1
202300044489;155 601 641;7;0;2;1;2;2
202300044490;155 601 637;10;0;2;3;9;3
202300044490;155 601 640;1;0;2;2;1;5
202300044491;155 601 636;33;0;0;0;0;1
202300044492;155 601 635;7;0;1;3;2;1
202300044493;155 601 631;7;0;2;1;9;1
202300044493;155 601 633;1;0;2;1;1;5
202300044494;155 601 630;7;0;2;2;15;1
202300044494;155 601 632;30;0;2;1;1;1
202300044495;155 601 629;10;14;0;1;1;0
202300044496;155 601 627;7;0;1;1;1;1
202300044497;155 601 625;7;0;2;3;1;0
202300044497;155 601 628;15;0;2;5;12;0
202300044498;155 601 624;1;0;2;4;1;5
202300044498;155 601 626;7;0;2;2;1;1
202300044499;155 601 620;7;0;2;4;1;1
202300044499;155 601 622;7;0;2;4;1;1
202300044499;155 601 623;7;0;2;1;1;1
202300044500;155 601 618;32;0;2;1;13;1
202300044500;155 601 621;7;0;2;3;1;1
202300044501;155 601 616;7;0;1;3;15;1
202300044502;155 601 613;7;0;2;3;1;1
202300044502;155 601 615;50;0;2;1;15;3
202300044503;155 601 611;10;2;0;1;1;1
202300044504;155 601 610;50;12;0;1;1;3
202300044505;155 601 609;31;0;;0;21;1
202300044506;155 601 606;10;0;2;3;15;1
202300044506;155 601 608;1;0;2;1;0;5
202300044507;155 601 605;7;0;2;1;1;1
202300044507;155 601 607;33;0;2;1;13;1
202300044508;155 601 601;7;0;2;4;1;1
202300044508;155 601 603;7;0;2;1;1;1
202300044509;155 601 602;7;0;2;3;9;1
202300044509;155 601 604;30;1;2;0;1;3
202300044510;155 601 599;33;0;2;3;2;1
202300044510;155 601 600;7;0;0;4;2;1
202300044511;155 601 597;7;0;1;1;1;1
202300044512;155 601 596;7;0;2;0;17;1
202300044512;155 601 598;33;0;0;0;0;1
202300044513;155 601 593;7;6;0;1;0;1
202300044514;155 601 592;7;0;2;1;10;1
202300044514;155 601 594;33;0;2;1;1;1
202300044515;155 601 591;7;0;2;3;17;1
202300044515;155 601 595;7;0;2;3;1;1
202300044516;155 601 588;2;0;2;1;1;1
202300044516;155 601 590;7;0;2;6;19;1
202300044517;155 601 587;7;0;2;3;13;1
202300044517;155 601 589;7;0;2;3;1;1
202300044518;155 601 584;7;0;1;2;1;1
202300044519;155 601 585;7;0;2;3;16;1
202300044519;155 601 586;7;0;2;1;1;1
202300044520;155 601 582;7;0;2;1;15;1
202300044520;155 601 583;31;0;2;5;1;1
202300044521;155 601 579;7;0;0;2;1;1
202300044521;155 601 581;7;0;2;3;9;0
202300044522;155 601 577;37;0;2;1;1;1
202300044522;155 601 578;1;0;2;1;15;5
202300044523;155 601 575;7;1;0;1;14;1
202300044524;155 601 574;7;0;2;7;17;3
202300044524;155 601 576;7;1;2;3;20;1
202300044525;155 601 570;7;0;2;3;7;1
202300044525;155 601 573;7;0;2;2;15;1
202300044526;155 601 569;31;0;2;3;1;1
202300044526;155 601 572;7;0;9;2;15;1
202300044527;155 601 568;33;13;2;8;13;1
202300044527;155 601 571;10;0;0;7;26;1
202300044528;155 601 564;33;8;0;1;17;1
202300044529;155 601 565;33;0;2;0;0;1
202300044529;155 601 567;7;0;2;0;0;3
202300044530;155 601 563;32;0;2;1;1;0
202300044530;155 601 566;7;0;2;1;15;0
202300044531;155 601 560;7;0;2;3;2;0
202300044531;155 601 562;16;0;2;0;14;6
202300044532;155 601 558;33;0;0;8;21;1
202300044532;155 601 561;7;0;2;3;26;1
202300044533;155 601 557;10;0;2;1;1;1
202300044533;155 601 559;7;0;2;4;1;1
202300044534;155 601 554;7;0;1;7;16;1
202300044535;155 601 552;7;0;2;1;1;1
202300044535;155 601 555;7;0;2;3;1;1
202300044536;155 601 550;7;0;0;4;16;1
202300044536;155 601 553;7;0;2;1;1;1
202300044537;155 601 549;7;0;2;1;1;1
202300044537;155 601 551;7;0;2;1;21;1
202300044538;155 601 547;7;0;2;1;15;1
202300044538;155 601 548;7;0;2;1;1;1
202300044539;155 601 545;7;0;2;3;13;1
202300044539;155 601 546;7;0;2;6;0;1
202300044540;155 601 544;7;0;1;1;1;1
202300044541;155 601 542;36;2;0;0;2;1
202300044542;155 601 541;32;0;1;1;1;1
202300044543;155 601 537;10;0;2;3;2;1
202300044543;155 601 540;7;0;2;5;2;1
202300044544;155 601 539;10;0;1;7;1;1
202300044545;155 601 536;10;0;2;1;1;1
202300044545;155 601 538;7;0;2;5;26;3
202300044546;155 601 534;10;0;2;1;1;1
202300044546;155 601 535;10;0;2;4;1;1
202300044547;155 601 531;7;0;2;1;15;1
202300044547;155 601 533;7;0;2;3;1;1
202300044548;155 601 530;31;0;2;1;2;1
202300044548;155 601 532;7;0;2;4;0;1
202300044549;155 601 528;7;7;0;2;1;1
202300044550;155 601 527;1;0;0;0;1;5
202300044550;155 601 529;7;0;0;0;16;1
202300044551;155 601 526;2;0;0;2;1;1
202300044552;155 601 525;2;0;0;0;1;1
202300044553;155 601 522;33;0;0;7;1;1
202300044554;155 601 521;7;0;1;1;1;1
202300044555;155 601 520;7;0;2;6;1;1
202300044555;155 601 523;7;0;2;4;1;1
202300044555;155 601 524;10;0;2;2;1;1
202300044556;155 601 518;7;0;1;1;1;0
202300044557;155 601 517;10;0;1;4;10;1
202300044558;155 601 515;10;0;2;6;2;1
202300044558;155 601 516;7;0;2;2;2;1
202300044558;155 601 519;7;0;2;4;2;1
202300044559;155 601 512;7;0;2;1;1;1
202300044559;155 601 514;50;0;9;4;1;3
202300044560;155 601 510;7;13;2;3;1;1
202300044560;155 601 513;7;0;2;3;1;1
202300044561;155 601 506;7;0;2;4;1;1
202300044561;155 601 509;7;0;2;1;1;1
202300044561;155 601 511;7;0;2;1;1;1
202300044562;155 601 505;99;0;2;6;19;0
202300044562;155 601 508;33;0;2;2;17;0
202300044563;155 601 507;7;0;1;2;9;1
202300044564;155 601 502;7;0;2;4;1;1
202300044564;155 601 504;7;0;2;1;2;1
202300044565;155 601 503;10;0;1;1;19;1
202300044566;155 601 500;7;0;2;2;2;1
202300044566;155 601 501;7;0;2;6;2;0
202300044567;155 601 497;7;0;2;1;2;1
202300044567;155 601 499;7;0;2;4;2;1
202300044568;155 601 494;7;0;2;8;10;1
202300044568;155 601 496;7;0;2;1;1;1
202300044569;155 601 490;7;0;1;1;15;1
202300044570;155 601 489;7;0;2;4;2;1
202300044570;155 601 491;7;0;2;4;2;1
202300044570;155 601 493;7;0;2;1;2;1
202300044571;155 601 488;34;0;2;2;1;1
202300044571;155 601 492;7;0;2;3;15;1
202300044572;155 601 484;7;0;2;1;1;2
202300044572;155 601 487;7;0;2;1;5;1
202300044573;155 601 483;7;0;0;0;9;1
202300044573;155 601 486;32;0;0;8;21;1
202300044574;155 601 482;7;0;2;5;23;1
202300044574;155 601 485;33;0;2;1;2;1
202300044575;155 601 480;7;0;1;2;1;1
202300044576;155 601 479;33;0;2;1;1;1
202300044576;155 601 481;7;0;2;4;2;1
202300044577;155 601 475;7;0;1;2;1;3
202300044578;155 601 476;7;0;2;6;11;1
202300044578;155 601 477;33;0;2;1;0;1
202300044579;155 601 474;7;0;2;2;1;1
202300044579;155 601 478;7;0;2;3;26;1
202300044580;155 601 471;10;0;1;8;1;1
202300044581;155 601 470;7;0;2;0;0;0
202300044581;155 601 472;33;0;2;7;3;1
202300044582;155 601 469;7;0;2;6;2;1
202300044582;155 601 473;3;0;2;2;1;1
202300044583;155 601 467;7;0;1;1;1;1
202300044584;155 601 464;7;0;2;1;1;0
202300044584;155 601 466;33;0;2;4;3;1
202300044585;155 601 463;7;0;2;6;23;0
202300044585;155 601 465;7;0;2;8;11;0
202300044585;155 601 468;33;0;2;1;3;0
202300044586;155 601 461;7;0;2;1;1;1
202300044586;155 601 462;0;0;2;7;19;5
202300044587;155 601 459;7;4;0;2;0;1
202300044588;155 601 458;1;0;2;1;13;5
202300044588;155 601 460;32;0;2;4;17;0
202300044589;155 601 457;7;0;1;2;1;0
202300044590;155 601 454;7;0;2;4;2;1
202300044590;155 601 456;1;0;2;1;2;5
202300044591;155 601 453;10;0;2;4;11;1
202300044591;155 601 455;33;0;2;1;3;1
202300044592;155 601 452;7;0;1;3;1;1
202300044593;155 601 451;33;0;0;8;0;1
202300044594;155 601 449;7;0;1;1;16;3
202300044595;155 601 447;7;0;2;1;17;1
202300044595;155 601 450;7;0;2;1;1;1
202300044596;155 601 446;10;0;2;6;2;0
202300044596;155 601 448;31;0;2;1;3;0
202300044597;155 601 441;50;0;2;7;9;3
202300044597;155 601 445;7;0;2;1;16;1
202300044598;155 601 440;33;0;2;2;17;1
202300044598;155 601 443;7;0;2;3;10;1
202300044599;155 601 433;7;10;0;1;14;1
202300044600;155 601 435;17;0;2;2;12;1
202300044600;155 601 437;7;0;2;3;1;1
202300044600;155 601 438;16;0;2;1;1;1
202300044600;155 601 442;7;0;2;5;1;1
202300044601;155 601 432;10;0;1;3;1;0
202300044602;155 601 429;30;0;2;1;1;1
202300044602;155 601 431;7;0;2;3;15;1
202300044603;155 601 427;7;0;1;3;16;1
202300044604;155 601 422;7;0;2;1;19;1
202300044604;155 601 424;7;0;2;7;1;1
202300044604;155 601 426;7;0;2;1;1;1
202300044605;155 601 423;7;9;0;1;1;1
202300044606;155 601 418;7;0;2;1;2;1
202300044606;155 601 419;7;0;2;4;2;1
202300044606;155 601 420;7;0;2;1;2;1
202300044606;155 601 421;7;0;2;1;2;1
202300044606;155 601 425;7;0;2;1;2;1
202300044606;155 601 428;7;0;2;1;2;1
202300044606;155 601 430;7;0;2;1;2;1
202300044607;155 601 416;7;0;1;3;1;1
202300044608;155 601 415;33;1;2;3;21;1
202300044608;155 601 417;7;0;2;7;15;1
202300044609;155 601 411;2;0;0;0;1;1
202300044610;155 601 410;7;0;2;1;0;1
202300044610;155 601 413;10;0;2;6;15;1
202300044611;155 601 403;7;0;2;4;9;1
202300044611;155 601 406;7;0;2;1;2;1
202300044612;155 601 404;7;0;2;0;0;1
202300044612;155 601 408;15;0;2;0;0;1
202300044612;155 601 409;7;0;2;0;0;1
202300044612;155 601 412;10;0;2;0;0;1
202300044612;155 601 414;10;0;2;0;0;1
202300044613;155 601 400;7;0;2;1;2;1
202300044613;155 601 402;7;14;0;4;2;1
202300044614;155 601 397;7;0;2;1;13;1
202300044614;155 601 399;7;0;2;1;1;1
202300044614;155 601 401;7;0;2;3;13;1
202300044615;155 601 396;31;0;2;8;3;1
202300044615;155 601 398;7;0;2;7;12;1
202300044616;155 601 394;7;0;2;1;15;1
202300044616;155 601 395;33;0;2;1;1;1
202300044617;155 601 393;7;0;0;0;1;1
202300044618;155 601 391;7;0;2;4;11;1
202300044618;155 601 392;31;0;2;1;3;1
202300044619;155 601 388;50;0;2;1;5;3
202300044619;155 601 390;1;0;2;1;1;5
202300044620;155 601 387;7;0;2;7;1;1
202300044620;155 601 389;7;0;2;1;5;1
202300044621;155 601 386;7;0;1;2;1;1
202300044622;155 601 382;10;0;2;7;12;1
202300044622;155 601 384;33;0;2;8;1;1
202300044623;155 601 383;7;0;2;8;15;1
202300044623;155 601 385;31;0;2;1;1;1
202300044624;155 601 377;7;0;2;7;9;1
202300044624;155 601 381;7;0;2;1;9;2
202300044625;155 601 378;7;0;2;1;0;1
202300044625;155 601 380;15;0;2;4;1;1
202300044626;155 601 376;34;;1;1;1;
202300044627;155 601 374;7;0;1;1;20;0
202300044628;155 601 375;7;0;2;3;1;1
202300044628;155 601 379;7;0;2;2;1;1
202300044629;155 601 371;7;13;0;9;14;1
202300044630;155 601 370;7;0;2;8;1;0
202300044630;155 601 372;7;0;2;1;15;1
202300044631;155 601 369;7;0;2;2;1;1
202300044631;155 601 373;2;0;2;0;13;0
202300044632;155 601 367;7;1;0;1;5;1