Num_Acc;id_vehicule;categorie_vehicule;obstacle_fixe;obstacle_mobile;point_choc_initial;manoeuvre_principale;motorisation
202300044633;155 601 363;7;0;2;3;1;2
202300044633;155 601 364;7;0;2;1;1;1
202300044633;155 601 368;10;0;2;3;13;1
202300044634;155 601 360;31;0;2;3;1;1
202300044634;155 601 362;7;0;2;8;14;1
202300044635;155 601 357;7;0;2;7;1;1
202300044635;155 601 359;7;0;2;1;19;1
202300044636;155 601 358;3;0;2;1;1;6
202300044636;155 601 361;2;0;2;8;19;1
202300044637;155 601 354;34;0;2;1;17;1
202300044637;155 601 355;7;0;2;6;1;1
202300044637;155 601 356;33;0;2;7;1;1
202300044638;155 601 352;7;4;0;2;1;1
202300044639;155 601 351;7;0;2;3;2;1
202300044639;155 601 353;10;0;2;6;15;1
202300044640;155 601 349;7;0;2;5;14;1
202300044640;155 601 350;33;0;2;3;3;1
202300044641;155 601 347;7;0;2;7;16;1
202300044641;155 601 348;2;0;2;1;1;1
202300044642;155 601 345;43;0;2;8;1;1
202300044642;155 601 346;7;0;2;7;12;0
202300044643;155 601 342;7;0;2;1;5;1
202300044643;155 601 344;7;0;2;1;0;1
202300044644;155 601 341;7;0;2;1;1;1
202300044644;155 601 343;7;0;2;9;19;1
202300044645;155 601 339;14;9;0;1;13;1
202300044646;155 601 340;17;0;1;2;9;1
202300044647;155 601 336;7;0;1;8;15;1
202300044648;155 601 334;1;0;2;3;1;5
202300044648;155 601 337;1;0;2;5;3;5
202300044649;155 601 335;7;0;2;7;15;1
202300044649;155 601 338;1;0;2;1;1;5
202300044650;155 601 332;7;2;0;2;14;1
202300044651;155 601 333;30;0;1;2;1;0
202300044652;155 601 330;50;0;2;1;1;3
202300044652;155 601 331;7;0;2;2;15;0
202300044653;155 601 326;80;0;2;8;1;3
202300044653;155 601 329;7;0;2;1;1;1
202300044654;155 601 327;43;0;2;3;1;1
202300044654;155 601 328;31;0;2;2;9;1
202300044655;155 601 324;7;15;0;1;14;1
202300044656;155 601 322;7;0;2;6;23;1
202300044656;155 601 325;7;1;1;2;15;1
202300044657;155 601 321;7;0;2;2;16;3
202300044657;155 601 323;33;0;2;8;1;1
202300044658;155 601 319;7;4;0;1;13;1
202300044659;155 601 320;7;8;0;2;16;1
202300044660;155 601 317;10;0;2;1;1;1
202300044660;155 601 318;7;1;2;8;9;1
202300044661;155 601 315;7;0;1;1;0;1
202300044662;155 601 314;7;0;2;1;0;1
202300044662;155 601 316;2;0;2;1;0;1
202300044663;155 601 313;2;0;2;2;1;1
202300044664;155 601 310;50;0;2;6;1;3
202300044664;155 601 312;10;0;9;2;1;0
202300044665;155 601 309;33;0;2;3;1;1
202300044665;155 601 311;7;0;2;8;1;1
202300044666;155 601 306;33;0;2;1;1;1
202300044666;155 601 308;7;0;2;8;13;2
202300044667;155 601 304;50;0;2;1;19;3
202300044667;155 601 307;7;0;9;1;15;1
202300044668;155 601 303;7;0;0;0;0;1
202300044668;155 601 305;33;0;2;0;0;1
202300044669;155 601 302;1;0;1;1;1;5
202300044670;155 601 300;7;16;0;9;14;4
202300044671;155 601 295;7;0;2;3;2;1
202300044671;155 601 297;1;0;2;1;0;5
202300044672;155 601 294;7;0;2;2;22;1
202300044672;155 601 296;1;0;2;1;1;5
202300044673;155 601 298;7;0;2;3;1;1
202300044673;155 601 299;31;0;2;1;21;1
202300044673;155 601 301;10;0;2;3;9;1
202300044674;155 601 291;10;0;2;7;2;1
202300044674;155 601 292;30;0;2;8;13;3
202300044675;155 601 290;7;0;2;3;1;1
202300044675;155 601 293;7;0;2;2;1;1
202300044676;155 601 289;7;3;0;2;14;1
202300044677;155 601 288;50;0;0;0;1;3
202300044678;155 601 285;7;0;2;3;15;1
202300044678;155 601 286;2;0;2;1;1;1
202300044679;155 601 282;7;0;2;1;16;1
202300044679;155 601 284;7;0;2;4;23;1
202300044680;155 601 281;7;0;2;4;23;2
202300044680;155 601 283;7;0;2;4;23;1
202300044680;155 601 287;7;0;2;1;2;1
202300044681;155 601 276;7;0;2;8;10;0
202300044681;155 601 278;34;0;2;3;1;1
202300044682;155 601 274;2;0;2;4;1;1
202300044682;155 601 277;7;0;2;1;1;1
202300044683;155 601 275;7;0;1;3;1;1
202300044684;155 601 271;7;14;2;4;11;1
202300044684;155 601 273;33;0;2;1;2;1
202300044685;155 601 268;30;6;0;3;16;1
202300044686;155 601 269;7;0;2;1;1;1
202300044686;155 601 270;7;0;2;4;1;1
202300044686;155 601 272;7;0;2;4;2;1
202300044687;155 601 267;7;0;1;1;1;1
202300044688;155 601 263;7;0;1;1;1;1
202300044689;155 601 262;7;0;2;7;1;0
202300044689;155 601 264;34;0;2;1;1;0
202300044690;155 601 260;7;0;2;9;13;1
202300044690;155 601 265;7;0;2;3;0;1
202300044690;155 601 266;7;0;2;1;1;2
202300044691;155 601 258;7;0;2;1;1;1
202300044691;155 601 261;7;8;2;2;1;1
202300044692;155 601 257;7;0;2;3;16;1
202300044692;155 601 259;33;0;2;3;5;1
202300044693;155 601 255;30;12;0;8;1;1
202300044694;155 601 254;7;0;2;2;1;1
202300044694;155 601 256;7;0;2;3;9;1
202300044695;155 601 252;7;0;2;4;10;1
202300044695;155 601 253;7;0;2;2;1;1
202300044696;155 601 249;7;0;2;2;15;1
202300044696;155 601 250;7;0;2;2;1;1
202300044697;155 601 247;1;0;2;3;1;5
202300044697;155 601 251;7;0;2;2;12;1
202300044698;155 601 246;7;0;2;6;1;1
202300044698;155 601 248;7;0;2;1;1;1
202300044699;155 601 240;1;0;2;1;18;5
202300044699;155 601 242;7;0;2;2;1;1
202300044700;155 601 243;2;0;1;1;0;0
202300044701;155 601 241;7;0;2;1;1;1
202300044701;155 601 244;7;0;2;2;15;1
202300044701;155 601 245;2;0;2;1;1;1
202300044702;155 601 239;13;0;1;1;2;1
202300044703;155 601 237;33;1;0;1;1;1
202300044704;155 601 236;32;0;2;1;1;1
202300044704;155 601 238;7;0;2;2;10;1
202300044705;155 601 234;7;0;1;4;20;1
202300044706;155 601 233;7;0;2;3;1;1
202300044706;155 601 235;10;8;2;2;15;1
202300044707;155 601 232;7;0;1;0;0;1
202300044708;155 601 231;7;0;1;4;26;1
202300044709;155 601 229;33;0;2;1;17;1
202300044709;155 601 230;7;0;2;8;15;1
202300044710;155 601 227;10;0;2;3;9;1
202300044710;155 601 228;50;0;2;1;1;3
202300044711;155 601 225;32;0;2;3;1;0
202300044711;155 601 226;32;0;2;2;1;1
202300044712;155 601 221;1;0;1;0;1;5
202300044713;155 601 222;7;0;2;2;16;1
202300044713;155 601 223;50;0;2;8;1;3
202300044714;155 601 220;7;0;2;3;0;1
202300044714;155 601 224;33;0;2;7;0;1
202300044715;155 601 219;10;13;0;1;26;0
202300044716;155 601 216;10;0;9;7;0;0
202300044716;155 601 218;1;0;2;1;1;5
202300044717;155 601 213;7;0;2;3;1;1
202300044717;155 601 214;2;0;2;1;1;1
202300044718;155 601 215;7;0;2;1;1;1
202300044718;155 601 217;7;0;2;4;1;1
202300044719;155 601 209;7;0;2;1;5;1
202300044719;155 601 211;1;0;2;1;19;5
202300044720;155 601 208;32;0;2;7;14;1
202300044720;155 601 212;7;0;2;1;9;1
202300044721;155 601 207;7;0;2;8;1;1
202300044721;155 601 210;7;0;2;3;1;1
202300044722;155 601 206;7;0;1;1;1;1
202300044723;155 601 204;7;0;1;3;26;1
202300044724;155 601 203;7;0;0;0;0;1
202300044724;155 601 205;43;0;0;0;0;1
202300044725;155 601 202;7;3;0;1;26;1
202300044726;155 601 201;7;13;0;1;1;1
202300044727;155 601 199;37;0;2;1;1;1
202300044727;155 601 200;7;0;2;6;1;1
202300044728;155 601 197;7;0;0;0;0;1
202300044729;155 601 196;7;0;2;7;11;1
202300044729;155 601 198;34;0;2;8;2;1
202300044730;155 601 193;50;0;0;0;25;3
202300044731;155 601 194;34;0;0;8;1;1
202300044732;155 601 192;7;0;2;2;15;1
202300044732;155 601 195;50;0;2;7;1;3
202300044733;155 601 189;33;13;0;2;1;1
202300044734;155 601 187;7;8;2;3;1;1
202300044734;155 601 191;7;0;2;1;1;1
202300044735;155 601 185;10;0;2;1;2;1
202300044735;155 601 186;10;0;2;4;2;1
202300044735;155 601 188;10;0;2;4;2;1
202300044735;155 601 190;7;0;2;4;2;1
202300044736;155 601 184;33;7;0;1;1;1
202300044737;155 601 182;1;1;1;7;1;5
202300044738;155 601 183;10;0;1;3;1;1
202300044739;155 601 181;7;0;1;2;1;1
202300044740;155 601 180;30;0;0;7;1;1
202300044741;155 601 179;7;0;1;1;15;1
202300044742;155 601 177;7;0;2;6;2;0
202300044742;155 601 178;31;0;2;1;1;1
202300044743;155 601 176;10;0;1;0;1;0
202300044744;155 601 175;7;6;0;1;1;1
202300044745;155 601 173;30;0;1;1;1;1
202300044746;155 601 172;7;0;0;8;10;0
202300044746;155 601 174;33;0;2;1;3;0
202300044747;155 601 170;7;0;2;7;15;1
202300044747;155 601 171;33;0;2;1;1;1
202300044748;155 601 166;10;0;2;7;16;1
202300044748;155 601 169;1;0;2;1;1;5
202300044749;155 601 165;34;0;2;1;5;1
202300044749;155 601 168;7;0;2;1;1;1
202300044750;155 601 164;50;0;2;8;1;3
202300044750;155 601 167;7;0;9;1;16;0
202300044751;155 601 163;7;9;0;1;14;1
202300044752;155 601 162;7;6;0;1;13;1
202300044753;155 601 161;37;6;0;1;13;1
202300044754;155 601 159;42;0;0;9;0;1
202300044755;155 601 158;7;0;2;2;16;1
202300044755;155 601 160;1;0;2;1;1;5
202300044756;155 601 155;33;0;2;4;23;1
202300044756;155 601 157;7;0;2;4;23;1
202300044757;155 601 152;50;0;9;3;26;3
202300044757;155 601 154;1;0;2;1;19;5
202300044758;155 601 151;7;0;2;2;1;1
202300044758;155 601 156;1;0;2;3;11;5
202300044759;155 601 150;1;0;2;1;1;5
202300044759;155 601 153;1;0;2;0;1;5
202300044760;155 601 148;1;0;0;0;1;5
202300044761;155 601 145;2;0;2;1;1;1
202300044762;155 601 142;2;0;2;8;16;1
202300044762;155 601 143;7;0;2;1;15;1
202300044763;155 601 144;7;0;1;2;1;1
202300044764;155 601 140;21;0;2;3;1;1
202300044764;155 601 141;10;0;2;3;1;1
202300044765;155 601 138;7;0;2;2;19;1
202300044765;155 601 139;31;0;2;1;15;1
202300044766;155 601 137;7;12;0;1;1;1
202300044767;155 601 136;7;0;2;3;0;0
202300044768;155 601 134;1;0;2;1;1;5
202300044768;155 601 135;7;0;2;2;1;2
202300044769;155 601 131;7;0;2;1;13;1
202300044769;155 601 133;7;0;2;3;1;1
202300044770;155 601 125;7;0;2;0;0;1
202300044770;155 601 127;7;1;1;1;2;1
202300044771;155 601 126;33;0;2;7;1;1
202300044771;155 601 129;7;0;2;3;15;1
202300044772;155 601 124;7;0;2;1;13;1
202300044772;155 601 128;7;0;2;3;1;1
202300044773;155 601 120;34;0;1;2;17;1
202300044773;155 601 123;7;0;2;3;1;1
202300044774;155 601 121;2;1;0;1;1;1
202300044775;155 601 118;7;14;2;1;2;1
202300044775;155 601 119;7;0;2;4;15;1
202300044775;155 601 122;7;0;2;8;5;3
202300044776;155 601 116;7;0;2;4;1;1
202300044776;155 601 117;7;;;;1;
202300044777;155 601 112;7;0;2;1;1;1
202300044777;155 601 114;7;0;2;1;13;1
202300044778;155 601 113;32;0;2;1;16;1
202300044778;155 601 115;7;0;2;7;15;1
202300044779;155 601 110;7;0;2;6;9;1
202300044779;155 601 111;7;0;2;1;1;2
202300044780;155 601 109;2;0;0;0;15;1
202300044781;155 601 107;7;0;2;2;1;1
202300044781;155 601 108;7;0;2;1;1;1
202300044782;155 601 104;32;0;2;1;1;1
202300044782;155 601 105;7;0;2;1;10;1
202300044783;155 601 101;7;0;2;2;15;1
202300044783;155 601 103;33;0;2;1;1;1
202300044784;155 601 102;7;0;2;1;15;1
202300044784;155 601 106;33;0;0;3;1;1
202300044785;155 601 098;7;8;0;3;26;1
202300044786;155 601 097;10;0;2;8;22;1
202300044786;155 601 100;1;0;2;7;1;5
202300044787;155 601 095;7;0;1;1;20;1
202300044788;155 601 096;7;0;2;2;15;1
202300044788;155 601 099;33;0;2;1;1;1
202300044789;155 601 094;50;0;0;0;19;3
202300044790;155 601 092;7;0;2;3;9;0
202300044790;155 601 093;33;0;2;7;9;0
202300044791;155 601 091;7;6;0;1;1;1
202300044792;155 601 087;7;0;2;3;1;1
202300044792;155 601 090;7;0;2;3;1;1
202300044793;155 601 086;31;0;2;1;2;1
202300044793;155 601 089;7;0;2;6;2;1
202300044794;155 601 085;7;0;2;2;15;1
202300044794;155 601 088;1;0;2;1;1;5
202300044795;155 601 080;33;0;2;1;13;1
202300044795;155 601 083;10;0;2;2;1;1
202300044796;155 601 078;7;0;2;2;15;1
202300044796;155 601 082;30;0;2;1;1;1
202300044797;155 601 077;33;0;2;6;1;1
202300044797;155 601 079;10;0;2;5;1;1
202300044797;155 601 081;7;0;2;6;9;2
202300044797;155 601 084;7;0;2;6;13;1
202300044798;155 601 072;7;0;2;1;1;1
202300044798;155 601 073;32;0;2;0;13;1
202300044799;155 601 071;7;0;2;1;1;1
202300044799;155 601 075;7;7;0;8;1;1
202300044800;155 601 074;7;0;2;1;2;1
202300044800;155 601 076;7;0;2;6;2;1
202300044801;155 601 069;33;13;0;1;14;1
202300044802;155 601 067;7;0;1;1;2;0
202300044803;155 601 068;7;0;2;3;2;1
202300044803;155 601 070;7;0;2;5;23;1
202300044804;155 601 065;7;0;9;2;15;1
202300044804;155 601 066;1;0;2;1;1;5
202300044805;155 601 064;10;0;1;4;4;1
202300044806;155 601 063;7;0;1;1;15;1
202300044807;155 601 059;7;0;2;0;1;0
202300044807;155 601 061;30;1;2;4;1;1
202300044808;155 601 060;1;0;2;1;1;5
202300044808;155 601 062;1;0;2;4;1;5
202300044809;155 601 057;7;0;2;4;1;1
202300044809;155 601 058;31;0;2;1;2;1
202300044810;155 601 055;1;3;0;1;1;5
202300044811;155 601 054;33;0;2;1;1;1
202300044811;155 601 056;7;0;0;5;23;4
202300044812;155 601 051;7;9;0;1;1;1
202300044813;155 601 050;7;0;2;2;1;1
202300044813;155 601 052;7;0;2;1;5;1
202300044814;155 601 048;7;0;2;1;1;1
202300044814;155 601 049;10;0;2;4;23;1
202300044815;155 601 047;32;0;1;0;25;0
202300044816;155 601 046;33;0;0;7;16;1
202300044817;155 601 045;7;9;0;2;1;1
202300044818;155 601 043;16;13;0;3;1;1
202300044819;155 601 042;50;0;2;4;2;3
202300044819;155 601 044;7;0;2;1;0;1
202300044820;155 601 040;10;0;9;2;9;1
202300044820;155 601 041;34;1;2;3;2;1
202300044821;155 601 038;1;0;2;3;16;5
202300044821;155 601 039;7;0;2;1;1;1
202300044822;155 601 034;10;0;2;2;1;0
202300044822;155 601 036;34;0;2;1;14;0
202300044823;155 601 035;7;0;2;2;15;1
202300044823;155 601 037;7;0;2;1;1;1
202300044824;155 601 031;7;0;2;8;19;0
202300044824;155 601 033;2;0;2;1;1;0
202300044825;155 601 030;33;0;2;1;13;1
202300044825;155 601 032;7;0;0;0;0;1
202300044826;155 601 028;10;0;2;3;19;1
202300044826;155 601 029;30;0;2;1;15;0
202300044827;155 601 025;10;0;2;3;5;1
202300044827;155 601 026;7;0;2;3;2;1
202300044828;155 601 024;33;0;2;3;1;0
202300044828;155 601 027;99;0;2;2;1;6
202300044829;155 601 023;43;1;0;1;15;1
202300044830;155 601 021;7;1;0;2;0;1
202300044830;155 601 022;7;1;0;8;0;1
202300044831;155 601 019;7;0;2;1;15;1
202300044831;155 601 020;33;0;2;1;1;1
202300044832;155 601 017;7;0;1;1;1;1
202300044833;155 601 018;33;1;0;1;2;1
202300044834;155 601 016;7;6;0;3;13;1
202300044835;155 601 015;7;0;1;2;1;1
202300044836;155 601 012;33;0;2;1;1;1
202300044836;155 601 014;60;0;2;7;1;5
202300044837;155 601 013;33;12;0;1;1;1
202300044838;155 601 010;33;12;2;1;1;1
202300044838;155 601 011;99;0;2;1;0;3
202300044839;155 601 008;33;12;0;1;1;1
202300044840;155 601 007;2;0;2;1;1;3
202300044840;155 601 009;7;0;2;5;15;2
202300044841;155 601 006;7;0;1;1;;
202300044842;155 601 003;7;0;2;1;1;1
202300044842;155 601 005;7;0;2;1;13;1
202300044843;155 601 002;1;0;2;1;0;5
202300044843;155 601 004;32;0;2;1;0;1
202300044844;155 601 001;30;2;0;0;1;3
202300044845;155 601 000;7;0;1;1;9;1
202300044846;155 600 998;33;0;2;1;11;1
202300044846;155 600 999;38;0;2;8;15;1
202300044847;155 600 996;7;0;0;3;22;0
202300044847;155 600 997;1;1;0;2;1;5
202300044848;155 600 992;7;0;2;3;1;0
202300044848;155 600 995;7;0;2;2;1;0
202300044849;155 600 990;10;0;2;9;1;1
202300044849;155 600 994;10;0;0;5;1;1
202300044850;155 600 991;7;0;2;2;16;1
202300044850;155 600 993;50;0;2;3;19;3
202300044851;155 600 986;14;0;2;3;23;1
202300044851;155 600 988;15;1;0;6;1;1
202300044851;155 600 989;14;0;2;1;23;1
202300044852;155 600 983;7;0;0;4;2;2
202300044852;155 600 985;7;0;2;1;2;1
202300044852;155 600 987;7;0;2;0;0;0
202300044853;155 600 982;7;0;2;1;5;1
202300044853;155 600 984;7;0;2;1;1;1
202300044854;155 600 980;2;0;2;3;15;1
202300044854;155 600 981;7;0;2;3;1;1
202300044855;155 600 977;37;0;2;1;1;2
202300044855;155 600 979;7;0;2;4;1;1
202300044856;155 600 976;7;0;2;3;15;1
202300044856;155 600 978;33;0;2;3;2;1
202300044857;155 600 973;7;0;2;1;12;1
202300044857;155 600 975;50;0;2;4;1;1
202300044858;155 600 971;7;0;2;0;0;1
202300044858;155 600 974;7;0;2;3;1;1
202300044859;155 600 970;7;0;2;1;15;1
202300044859;155 600 972;31;0;2;7;17;1
202300044860;155 600 969;7;3;0;7;0;1
202300044861;155 600 968;7;0;1;2;1;1
202300044862;155 600 963;10;0;2;1;1;0
202300044862;155 600 965;7;0;2;1;1;0
202300044863;155 600 962;10;0;2;8;1;1
202300044863;155 600 964;7;0;2;3;13;1
202300044863;155 600 966;7;0;2;3;1;2
202300044864;155 600 961;7;0;0;5;2;1
202300044864;155 600 967;33;0;2;1;2;1
202300044865;155 600 960;36;6;0;1;1;1
202300044866;155 600 957;7;0;2;2;15;1
202300044866;155 600 959;33;0;2;1;1;1
202300044867;155 600 956;7;0;2;3;19;1
202300044867;155 600 958;2;0;2;1;1;1
202300044868;155 600 954;1;0;0;8;2;5
202300044868;155 600 955;7;0;9;7;2;1
202300044869;155 600 953;31;2;0;8;1;1
202300044870;155 600 951;10;0;2;0;5;1
202300044870;155 600 952;7;0;2;8;1;1
202300044871;155 600 948;7;0;2;1;9;1
202300044871;155 600 950;33;0;2;7;21;1
202300044872;155 600 947;7;0;2;3;13;1
202300044872;155 600 949;7;0;0;3;1;3
202300044873;155 600 944;7;0;2;3;1;1
202300044873;155 600 946;7;3;0;3;1;3
202300044874;155 600 943;7;0;2;3;13;1
202300044874;155 600 945;33;13;2;1;1;1
202300044875;155 600 942;7;17;0;3;13;1
202300044876;155 600 941;33;12;0;7;1;1
202300044877;155 600 939;15;3;0;2;14;1
202300044878;155 600 938;2;0;2;1;1;1
202300044878;155 600 940;7;0;2;2;15;1
202300044879;155 600 937;33;3;0;8;0;1
202300044880;155 600 934;2;13;0;1;21;1
202300044881;155 600 932;7;0;2;7;1;1
202300044881;155 600 935;2;0;2;3;15;1
202300044882;155 600 931;7;13;2;2;12;1
202300044882;155 600 933;7;0;2;3;1;1
202300044882;155 600 936;7;14;0;2;2;1
202300044883;155 600 926;2;0;2;1;15;1
202300044883;155 600 930;7;0;2;2;1;1
202300044884;155 600 927;33;0;2;1;1;1
202300044884;155 600 929;30;0;2;4;1;1
202300044885;155 600 925;7;0;2;2;13;1
202300044885;155 600 928;7;0;2;1;1;1
202300044886;155 600 924;7;2;0;1;0;1
202300044887;155 600 922;1;1;0;1;1;5
202300044888;155 600 921;33;2;2;1;0;1
202300044888;155 600 923;7;0;0;4;26;1
202300044889;155 600 918;33;0;0;0;0;1
202300044890;155 600 917;7;0;2;1;1;1
202300044890;155 600 920;1;0;0;6;19;5
202300044891;155 600 915;2;0;0;0;16;1
202300044892;155 600 912;7;0;2;3;1;1
202300044892;155 600 913;2;0;2;1;1;1
202300044893;155 600 911;2;0;0;7;1;1
202300044894;155 600 907;7;0;2;1;1;2
202300044894;155 600 908;10;0;2;1;13;1
202300044895;155 600 906;14;0;0;7;14;1
202300044895;155 600 909;7;0;0;0;17;1
202300044896;155 600 904;7;0;2;2;1;1
202300044896;155 600 905;7;0;2;6;1;1
202300044897;155 600 901;7;13;2;6;1;1
202300044897;155 600 902;7;0;2;2;13;1
202300044898;155 600 900;7;0;2;8;15;1
202300044898;155 600 903;7;0;2;1;1;1
202300044899;155 600 898;7;0;0;9;14;1
202300044900;155 600 897;7;0;2;4;1;1
202300044900;155 600 899;7;0;2;1;1;1
202300044901;155 600 895;7;0;2;2;15;1
202300044901;155 600 896;30;0;2;1;1;1
202300044902;155 600 893;7;4;0;9;2;1
202300044903;155 600 894;7;0;0;1;16;1
202300044904;155 600 892;7;13;0;3;13;1
202300044905;155 600 889;7;0;2;0;14;1
202300044905;155 600 891;7;0;0;9;21;1
202300044906;155 600 888;33;0;2;8;1;1
202300044906;155 600 890;10;0;2;0;13;0
202300044907;155 600 886;33;0;0;9;1;1
202300044908;155 600 884;31;0;2;2;1;1
202300044908;155 600 887;7;0;2;1;16;1
202300044909;155 600 885;43;0;0;2;12;1
202300044910;155 600 881;2;0;2;1;1;1
202300044910;155 600 883;2;0;2;4;1;1
202300044911;155 600 879;7;0;2;1;2;1
202300044911;155 600 882;7;0;2;4;2;1
202300044912;155 600 878;7;0;2;1;9;1
202300044912;155 600 880;31;0;2;1;1;1
202300044913;155 600 874;7;0;2;1;0;2
202300044913;155 600 877;7;0;2;1;0;1
202300044914;155 600 872;15;0;2;2;12;1
202300044914;155 600 876;7;0;2;6;1;1
202300044915;155 600 873;1;0;2;8;1;5
202300044915;155 600 875;7;0;9;1;15;1
202300044916;155 600 869;33;0;0;0;1;0
202300044917;155 600 870;7;0;2;8;13;1
202300044917;155 600 871;33;3;2;7;17;1
202300044918;155 600 866;33;16;0;0;1;1
202300044919;155 600 867;7;0;2;4;15;1
202300044919;155 600 868;7;0;2;1;1;1
202300044920;155 600 864;7;0;2;7;1;1
202300044920;155 600 865;15;0;2;8;0;1
202300044921;155 600 862;7;0;0;9;1;1
202300044922;155 600 860;32;0;2;3;3;1
202300044922;155 600 863;7;0;2;2;12;1
202300044923;155 600 858;7;2;0;1;1;1
202300044924;155 600 857;7;0;2;1;13;1
202300044924;155 600 859;7;0;2;8;1;1
202300044924;155 600 861;7;0;2;3;1;1
202300044925;155 600 855;7;0;2;1;1;1
202300044925;155 600 856;15;0;2;4;1;1
202300044926;155 600 852;7;0;2;3;16;1
202300044926;155 600 854;2;0;2;1;1;1
202300044927;155 600 850;33;4;2;1;3;1
202300044927;155 600 851;10;4;2;8;11;1
202300044928;155 600 848;15;0;0;4;1;1
202300044928;155 600 849;99;0;2;1;2;1
202300044929;155 600 845;17;0;2;1;1;1
202300044929;155 600 847;7;0;2;1;13;3
202300044930;155 600 844;7;0;2;7;12;1
202300044930;155 600 846;33;0;2;8;1;1
202300044931;155 600 842;7;0;0;6;23;1
202300044931;155 600 843;31;0;2;1;1;1
202300044932;155 600 839;7;0;0;8;15;1
202300044932;155 600 841;31;0;2;2;17;1
202300044933;155 600 838;7;0;2;1;2;1
202300044933;155 600 840;7;0;2;4;2;1
202300044934;155 600 837;3;0;1;3;21;1
202300044935;155 600 836;33;0;1;1;1;0
202300044936;155 600 833;7;4;2;3;11;1
202300044936;155 600 835;7;4;2;5;1;1
202300044937;155 600 832;14;3;0;1;1;1
202300044938;155 600 830;7;0;2;8;1;1
202300044938;155 600 834;7;0;2;1;19;1
202300044939;155 600 829;7;;;;;
202300044939;155 600 831;31;0;2;8;21;1
202300044940;155 600 828;7;6;1;1;15;1
202300044941;155 600 826;7;0;2;3;1;2
202300044941;155 600 827;1;0;2;1;17;5
202300044942;155 600 823;7;0;2;7;12;1
202300044942;155 600 825;33;0;2;8;18;1
202300044943;155 600 822;17;0;2;6;1;1
202300044943;155 600 824;7;0;2;2;3;1
202300044944;155 600 820;7;0;2;3;2;1
202300044944;155 600 821;2;0;2;5;12;1
202300044945;155 600 819;30;0;1;7;17;1
202300044946;155 600 817;7;0;2;1;13;1
202300044946;155 600 818;7;0;2;1;1;1
202300044947;155 600 815;30;12;0;1;14;0
202300044948;155 600 816;10;0;1;1;1;1
202300044949;155 600 813;31;0;2;1;1;1
202300044949;155 600 814;37;0;2;1;1;1
202300044950;155 600 810;7;0;2;3;13;1
202300044950;155 600 812;7;0;2;3;13;1
202300044951;155 600 808;2;4;0;2;1;1
202300044952;155 600 809;7;0;2;1;1;1
202300044952;155 600 811;50;0;2;4;1;3
202300044953;155 600 806;7;0;2;1;2;1
202300044953;155 600 807;14;0;0;4;2;1
202300044954;155 600 804;7;0;1;3;2;1
202300044955;155 600 803;2;0;2;1;1;1
202300044955;155 600 805;7;0;9;4;16;1
202300044956;155 600 799;7;0;2;1;1;1
202300044956;155 600 801;7;0;2;1;13;1
202300044957;155 600 796;34;0;2;0;0;0
202300044957;155 600 798;10;0;2;4;9;1
202300044958;155 600 795;10;0;2;1;0;1
202300044958;155 600 797;7;3;2;4;1;1
202300044958;155 600 800;7;0;2;4;1;1
202300044958;155 600 802;10;0;2;5;1;1
202300044959;155 600 793;60;1;0;1;25;5
202300044959;155 600 794;7;0;0;2;23;1
202300044960;155 600 791;7;6;0;8;13;1
202300044961;155 600 790;7;0;0;5;16;0
202300044961;155 600 792;31;0;0;3;11;0
202300044962;155 600 787;33;0;2;1;1;1
202300044962;155 600 789;7;0;2;3;5;1
202300044963;155 600 786;31;2;0;9;1;1
202300044964;155 600 785;7;0;2;2;1;1
202300044964;155 600 788;7;0;2;3;1;1
202300044965;155 600 780;32;0;2;8;1;1
202300044965;155 600 784;7;0;2;2;1;1
202300044966;155 600 781;7;0;2;1;1;1
202300044966;155 600 783;7;0;2;1;17;1
202300044967;155 600 779;7;0;2;1;1;1
202300044967;155 600 782;7;0;2;3;1;1
202300044968;155 600 774;15;0;2;2;1;1
202300044968;155 600 776;7;0;2;6;1;1
202300044969;155 600 771;7;1;0;1;1;1
202300044969;155 600 773;7;1;0;8;1;1
202300044969;155 600 775;10;0;2;7;1;1
202300044969;155 600 777;7;3;0;4;1;1
202300044970;155 600 768;7;0;2;4;26;1
202300044970;155 600 769;7;0;2;1;1;1
202300044971;155 600 761;7;0;2;6;1;1
202300044971;155 600 762;7;0;2;4;2;1
202300044971;155 600 764;7;0;2;1;2;1
202300044972;155 600 760;7;1;1;1;19;0
202300044973;155 600 757;7;0;2;1;2;1
202300044973;155 600 759;7;0;2;4;2;1
202300044974;155 600 765;7;0;2;2;1;1
202300044974;155 600 767;1;0;2;4;15;5
202300044975;155 600 756;33;0;2;1;26;1
202300044975;155 600 758;17;0;2;6;26;1
202300044976;155 600 751;10;0;2;1;2;1
202300044976;155 600 753;15;0;2;5;2;1
202300044977;155 600 749;7;0;2;4;1;1
202300044977;155 600 750;7;0;2;4;1;1
202300044977;155 600 752;7;0;2;4;1;1
202300044977;155 600 754;7;0;2;4;1;1
202300044977;155 600 755;7;0;2;1;9;1
202300044978;155 600 748;30;11;0;1;13;1
202300044979;155 600 743;7;4;2;4;0;1