Num_Acc;id_vehicule;categorie_vehicule;obstacle_fixe;obstacle_mobile;point_choc_initial;manoeuvre_principale;motorisation
202300044979;155 600 744;7;4;2;4;2;1
202300044979;155 600 746;7;4;2;1;2;1
202300044979;155 600 747;7;4;2;4;1;1
202300044980;155 600 741;7;0;2;1;1;1
202300044980;155 600 742;10;0;2;1;1;1
202300044981;155 600 740;7;3;0;2;0;1
202300044982;155 600 738;33;0;0;7;1;1
202300044983;155 600 737;7;0;2;6;10;1
202300044983;155 600 739;2;0;0;0;0;1
202300044984;155 600 734;33;3;2;4;23;1
202300044984;155 600 736;7;0;2;1;2;3
202300044985;155 600 733;7;0;2;1;15;1
202300044985;155 600 735;7;0;2;7;15;1
202300044986;155 600 729;33;0;2;1;18;1
202300044986;155 600 730;7;0;2;2;15;1
202300044987;155 600 731;7;0;2;1;2;1
202300044987;155 600 732;7;0;2;4;2;1
202300044988;155 600 728;7;8;0;1;13;1
202300044989;155 600 724;7;0;2;2;18;1
202300044989;155 600 725;10;0;0;0;0;1
202300044989;155 600 726;7;0;2;0;0;1
202300044989;155 600 727;32;1;2;2;17;1
202300044990;155 600 723;10;0;1;4;20;1
202300044991;155 600 722;10;0;1;7;17;1
202300044992;155 600 721;7;0;1;2;1;1
202300044993;155 600 719;1;0;2;7;1;5
202300044993;155 600 720;7;0;2;1;9;1
202300044994;155 600 717;7;0;2;3;23;1
202300044994;155 600 718;33;0;2;1;17;1
202300044995;155 600 715;1;0;2;1;19;5
202300044995;155 600 716;7;0;9;6;2;1
202300044996;155 600 714;7;6;0;1;21;1
202300044997;155 600 712;2;0;2;1;1;1
202300044997;155 600 713;7;0;2;3;1;1
202300044998;155 600 711;7;0;1;1;1;1
202300044999;155 600 710;32;0;5;1;1;1
202300045000;155 600 706;30;0;2;2;17;3
202300045000;155 600 707;1;0;2;0;1;5
202300045001;155 600 704;7;0;2;3;9;1
202300045001;155 600 705;7;15;2;5;1;1
202300045002;155 600 702;7;0;2;3;1;1
202300045002;155 600 703;7;0;2;1;15;1
202300045003;155 600 700;7;0;2;1;2;1
202300045003;155 600 701;7;0;2;4;23;1
202300045004;155 600 698;7;0;2;7;16;1
202300045004;155 600 699;30;0;2;8;18;0
202300045005;155 600 696;7;0;2;2;1;1
202300045005;155 600 697;50;0;2;1;15;3
202300045006;155 600 694;30;0;2;2;17;1
202300045006;155 600 695;7;0;2;3;15;1
202300045007;155 600 692;30;0;2;2;16;1
202300045007;155 600 693;31;0;2;3;1;1
202300045008;155 600 690;14;0;2;3;16;1
202300045008;155 600 691;1;0;2;1;1;5
202300045009;155 600 688;15;0;2;7;17;1
202300045009;155 600 689;1;0;2;3;2;5
202300045010;155 600 686;7;0;2;3;0;1
202300045010;155 600 687;1;0;2;7;15;5
202300045011;155 600 684;7;0;2;1;1;1
202300045011;155 600 685;7;0;2;4;1;1
202300045012;155 600 681;7;0;2;4;2;1
202300045012;155 600 682;7;0;2;4;2;1
202300045012;155 600 683;7;0;2;1;2;1
202300045013;155 600 679;7;0;2;3;0;1
202300045013;155 600 680;33;0;2;0;0;1
202300045014;155 600 678;7;1;0;2;1;1
202300045015;155 600 676;7;0;2;7;19;1
202300045015;155 600 677;33;0;2;1;1;1
202300045016;155 600 674;2;0;2;2;1;1
202300045016;155 600 675;10;0;2;3;15;1
202300045017;155 600 671;34;0;2;1;18;1
202300045017;155 600 672;7;0;2;7;1;1
202300045017;155 600 673;10;0;2;3;16;1
202300045018;155 600 670;7;0;1;3;15;6
202300045019;155 600 669;30;0;0;0;14;3
202300045020;155 600 667;7;0;2;8;15;1
202300045020;155 600 668;31;0;2;1;17;1
202300045021;155 600 665;10;0;2;2;1;1
202300045021;155 600 666;7;0;2;6;1;3
202300045022;155 600 663;7;0;2;1;1;1
202300045022;155 600 664;32;0;2;1;5;1
202300045023;155 600 661;32;4;2;1;1;1
202300045023;155 600 662;1;4;2;1;13;5
202300045024;155 600 660;80;0;1;1;1;3
202300045025;155 600 659;7;8;0;1;13;4
202300045026;155 600 657;7;0;2;8;13;3
202300045026;155 600 658;32;0;2;2;1;1
202300045027;155 600 653;7;0;2;1;1;1
202300045027;155 600 654;10;0;2;2;1;1
202300045027;155 600 655;7;0;2;1;1;2
202300045027;155 600 656;32;14;2;1;1;3
202300045028;155 600 651;7;1;0;2;1;1
202300045028;155 600 652;7;0;2;4;23;1
202300045029;155 600 649;7;0;2;2;15;1
202300045029;155 600 650;32;0;2;1;1;1
202300045030;155 600 647;60;0;2;8;19;5
202300045030;155 600 648;1;0;2;1;1;5
202300045031;155 600 645;7;0;2;3;9;1
202300045031;155 600 646;33;0;2;1;1;1
202300045032;155 600 644;1;0;1;1;1;5
202300045033;155 600 642;7;0;2;1;1;1
202300045033;155 600 643;1;0;2;4;1;5
202300045034;155 600 640;1;0;2;4;1;5
202300045034;155 600 641;43;0;2;1;1;1
202300045035;155 600 638;7;0;2;0;1;1
202300045035;155 600 639;1;0;2;1;1;5
202300045036;155 600 637;32;0;0;4;21;1
202300045037;155 600 635;80;0;2;1;1;3
202300045037;155 600 636;50;0;2;1;1;3
202300045038;155 600 633;1;0;2;2;15;5
202300045038;155 600 634;31;0;2;3;17;3
202300045039;155 600 632;1;0;0;0;1;5
202300045040;155 600 631;2;8;0;2;13;3
202300045041;155 600 629;1;0;2;8;19;5
202300045041;155 600 630;50;0;2;1;1;3
202300045042;155 600 625;7;0;2;2;16;1
202300045042;155 600 626;50;0;2;8;2;3
202300045043;155 600 623;10;0;2;1;16;1
202300045043;155 600 624;14;0;2;4;2;1
202300045044;155 600 621;7;0;2;1;1;0
202300045044;155 600 622;7;0;2;4;1;0
202300045045;155 600 619;7;0;2;1;1;1
202300045045;155 600 620;7;0;2;7;1;0
202300045046;155 600 618;13;0;1;0;26;1
202300045047;155 600 616;7;0;2;2;16;0
202300045047;155 600 617;50;0;2;1;1;3
202300045048;155 600 614;7;0;2;3;15;1
202300045048;155 600 615;33;0;2;1;1;1
202300045049;155 600 613;7;8;0;8;0;1
202300045050;155 600 611;10;0;2;0;0;0
202300045050;155 600 612;60;0;2;0;0;5
202300045051;155 600 609;7;0;2;6;23;3
202300045051;155 600 610;43;0;2;1;1;1
202300045052;155 600 608;7;;1;;0;
202300045053;155 600 606;7;0;2;0;0;1
202300045053;155 600 607;1;0;2;0;0;5
202300045054;155 600 605;7;0;1;2;2;1
202300045055;155 600 603;33;0;2;3;11;1
202300045055;155 600 604;7;0;2;6;0;0
202300045056;155 600 601;37;15;0;2;16;0
202300045056;155 600 602;50;15;2;8;18;3
202300045057;155 600 599;99;0;2;2;9;3
202300045057;155 600 600;37;0;2;2;0;0
202300045058;155 600 597;7;0;2;3;10;1
202300045058;155 600 598;1;0;2;1;1;5
202300045059;155 600 595;43;0;2;1;1;1
202300045059;155 600 596;10;0;2;6;19;1
202300045060;155 600 593;33;0;2;1;1;1
202300045060;155 600 594;7;0;2;8;15;1
202300045061;155 600 591;7;0;2;3;1;0
202300045061;155 600 592;2;0;2;1;13;0
202300045062;155 600 589;7;0;0;1;1;1
202300045062;155 600 590;7;0;0;7;1;1
202300045063;155 600 587;7;0;2;1;2;1
202300045063;155 600 588;15;0;0;4;1;1
202300045064;155 600 585;2;0;2;1;19;1
202300045064;155 600 586;7;0;2;3;1;1
202300045065;155 600 583;7;0;2;6;10;1
202300045065;155 600 584;43;0;2;1;1;1
202300045066;155 600 582;2;12;0;1;0;1
202300045067;155 600 581;7;13;0;3;0;1
202300045068;155 600 580;7;4;9;9;1;1
202300045069;155 600 579;7;2;0;1;1;1
202300045070;155 600 578;31;0;0;0;1;1
202300045071;155 600 577;7;1;0;1;1;1
202300045072;155 600 576;7;0;1;4;4;1
202300045073;155 600 575;10;0;1;7;1;0
202300045074;155 600 574;7;2;0;1;1;1
202300045075;155 600 573;33;0;0;0;1;1
202300045076;155 600 571;7;0;2;3;13;1
202300045076;155 600 572;7;0;2;3;1;1
202300045077;155 600 570;1;0;0;0;1;5
202300045078;155 600 568;7;0;2;2;15;1
202300045078;155 600 569;2;0;2;1;1;1
202300045079;155 600 566;7;0;2;7;1;1
202300045079;155 600 567;7;0;2;1;1;1
202300045080;155 600 564;7;0;2;3;1;1
202300045080;155 600 565;10;0;2;3;1;1
202300045081;155 600 562;7;0;2;1;1;1
202300045081;155 600 563;7;0;2;1;1;1
202300045082;155 600 557;7;0;2;1;1;1
202300045082;155 600 558;7;0;2;1;1;1
202300045082;155 600 559;7;0;2;1;13;1
202300045083;155 600 555;7;0;2;4;2;1
202300045083;155 600 556;33;0;2;1;2;1
202300045084;155 600 554;7;13;0;8;1;1
202300045085;155 600 552;7;0;2;2;1;1
202300045085;155 600 553;30;0;2;2;21;1
202300045086;155 600 551;2;0;0;0;1;1
202300045087;155 600 550;33;6;0;1;1;1
202300045088;155 600 549;33;13;0;2;1;1
202300045089;155 600 545;7;0;2;1;13;1
202300045089;155 600 546;7;0;2;2;1;1
202300045090;155 600 543;7;0;2;2;21;1
202300045090;155 600 544;2;0;2;8;15;1
202300045091;155 600 541;7;8;2;3;1;1
202300045091;155 600 542;7;0;2;3;1;1
202300045092;155 600 539;1;0;2;2;2;5
202300045092;155 600 540;1;0;2;3;2;5
202300045093;155 600 537;21;0;2;7;17;1
202300045093;155 600 538;80;0;2;8;1;3
202300045094;155 600 536;2;0;0;2;1;1
202300045095;155 600 534;50;0;2;1;5;3
202300045095;155 600 535;7;0;2;2;9;1
202300045096;155 600 532;10;0;2;3;10;1
202300045096;155 600 533;10;0;2;1;1;1
202300045097;155 600 531;80;15;0;0;2;3
202300045098;155 600 527;17;0;4;7;26;1
202300045098;155 600 528;39;1;2;1;26;0
202300045099;155 600 526;15;17;0;2;1;1
202300045100;155 600 522;7;0;2;1;1;1
202300045100;155 600 523;7;0;2;6;23;1
202300045100;155 600 524;17;0;2;8;23;1
202300045100;155 600 525;7;0;2;4;23;1
202300045101;155 600 520;7;0;0;4;2;1
202300045101;155 600 521;7;0;2;1;2;1
202300045102;155 600 519;33;0;0;6;1;1
202300045103;155 600 517;7;0;2;1;5;1
202300045103;155 600 518;99;0;2;1;1;1
202300045104;155 600 515;7;0;2;1;1;1
202300045104;155 600 516;7;0;2;3;1;1
202300045105;155 600 514;7;2;0;3;13;1
202300045106;155 600 513;33;0;0;0;1;1
202300045107;155 600 512;7;0;1;1;1;1
202300045108;155 600 511;33;12;0;9;16;1
202300045109;155 600 509;14;6;2;3;1;1
202300045109;155 600 510;30;0;2;7;9;1
202300045110;155 600 507;7;0;2;1;5;1
202300045110;155 600 508;33;0;2;1;1;1
202300045111;155 600 505;7;0;2;0;10;1
202300045111;155 600 506;80;15;2;0;1;3
202300045112;155 600 503;33;0;2;7;17;1
202300045112;155 600 504;7;0;2;8;1;1
202300045113;155 600 500;7;0;2;6;1;1
202300045113;155 600 501;7;0;2;1;1;1
202300045113;155 600 502;7;0;2;1;1;1
202300045114;155 600 498;7;0;2;3;2;2
202300045114;155 600 499;7;0;2;2;1;1
202300045115;155 600 495;7;0;2;4;2;1
202300045115;155 600 496;7;0;2;1;2;1
202300045115;155 600 497;7;0;2;4;2;1
202300045116;155 600 493;7;0;2;1;1;1
202300045116;155 600 494;7;0;2;4;1;2
202300045117;155 600 491;33;0;2;1;3;1
202300045117;155 600 492;7;0;2;7;12;1
202300045118;155 600 489;7;0;2;1;1;0
202300045118;155 600 490;17;0;2;4;2;0
202300045119;155 600 485;7;0;2;4;2;1
202300045119;155 600 486;7;0;2;4;2;1
202300045119;155 600 487;7;0;2;1;1;1
202300045119;155 600 488;7;0;2;4;2;1
202300045120;155 600 483;7;1;0;1;0;0
202300045120;155 600 484;17;0;0;6;23;0
202300045121;155 600 478;7;0;2;2;14;1
202300045121;155 600 479;33;0;2;6;1;1
202300045121;155 600 480;7;0;2;8;1;1
202300045121;155 600 481;10;0;2;5;2;1
202300045121;155 600 482;10;0;2;6;2;1
202300045122;155 600 476;7;0;2;7;12;1
202300045122;155 600 477;33;0;2;8;1;1
202300045123;155 600 475;33;15;0;7;0;1
202300045124;155 600 472;33;0;2;1;1;1
202300045124;155 600 473;7;0;2;6;1;1
202300045124;155 600 474;10;0;2;8;1;1
202300045125;155 600 469;7;0;2;6;1;1
202300045125;155 600 470;33;0;2;1;3;1
202300045125;155 600 471;7;0;2;4;2;1
202300045126;155 600 468;33;3;0;1;3;1
202300045127;155 600 466;10;0;2;3;11;0
202300045127;155 600 467;33;0;2;2;3;1
202300045128;155 600 464;10;0;2;4;2;1
202300045128;155 600 465;7;0;2;1;2;2
202300045129;155 600 463;32;0;2;8;9;1
202300045130;155 600 462;7;3;0;8;1;1
202300045131;155 600 461;7;3;9;1;14;1
202300045132;155 600 458;15;0;2;1;22;1
202300045132;155 600 459;7;0;2;5;26;1
202300045132;155 600 460;33;14;2;1;3;1
202300045133;155 600 457;7;3;0;6;1;1
202300045134;155 600 455;7;0;2;5;15;1
202300045134;155 600 456;33;0;2;1;1;1
202300045135;155 600 453;7;0;2;1;2;1
202300045135;155 600 454;7;0;2;4;1;1
202300045136;155 600 451;7;0;2;8;1;1
202300045136;155 600 452;7;6;2;1;19;1
202300045137;155 600 450;7;4;0;1;1;1
202300045138;155 600 447;2;0;2;2;1;1
202300045138;155 600 448;2;0;2;2;1;1
202300045139;155 600 446;7;13;0;1;1;1
202300045140;155 600 445;2;0;0;0;0;0
202300045141;155 600 442;15;0;0;6;1;1
202300045141;155 600 443;38;0;2;1;1;1
202300045141;155 600 444;10;0;2;4;1;1
202300045142;155 600 440;7;4;0;6;2;1
202300045142;155 600 441;7;0;2;2;0;1
202300045143;155 600 438;2;0;2;1;5;1
202300045143;155 600 439;7;0;2;1;1;1
202300045144;155 600 436;33;0;0;8;1;1
202300045144;155 600 437;10;0;2;8;1;1
202300045145;155 600 435;7;13;0;9;14;1
202300045146;155 600 433;2;0;2;5;1;1
202300045146;155 600 434;7;0;2;1;1;0
202300045147;155 600 432;7;13;0;1;1;0
202300045148;155 600 430;7;0;2;1;5;1
202300045148;155 600 431;7;0;2;1;1;1
202300045149;155 600 428;33;0;2;1;17;1
202300045149;155 600 429;7;0;2;6;15;1
202300045150;155 600 427;10;3;0;2;1;1
202300045151;155 600 425;7;0;0;4;15;3
202300045151;155 600 426;7;0;2;1;2;1
202300045152;155 600 424;7;13;0;3;13;0
202300045153;155 600 423;7;13;0;2;1;1
202300045154;155 600 421;7;16;0;7;21;1
202300045154;155 600 422;7;0;2;2;13;1
202300045155;155 600 420;10;13;0;2;1;1
202300045156;155 600 419;7;2;0;8;14;1
202300045157;155 600 416;7;13;0;3;1;1
202300045158;155 600 414;7;0;2;2;15;1
202300045158;155 600 415;7;0;2;2;1;1
202300045159;155 600 412;7;0;2;1;0;0
202300045159;155 600 413;7;0;2;1;0;0
202300045160;155 600 411;7;13;0;2;1;0
202300045161;155 600 409;7;0;2;1;13;1
202300045161;155 600 410;7;0;2;1;1;1
202300045162;155 600 407;10;0;2;3;1;1
202300045162;155 600 408;2;0;2;1;13;1
202300045163;155 600 406;7;2;0;3;1;0
202300045164;155 600 405;1;0;0;0;0;5
202300045165;155 600 403;2;0;2;7;1;1
202300045165;155 600 404;7;0;2;2;14;1
202300045166;155 600 402;10;2;0;9;21;1
202300045167;155 600 400;7;0;2;3;13;1
202300045167;155 600 401;14;6;2;3;1;1
202300045168;155 600 398;2;0;2;8;0;1
202300045168;155 600 399;14;0;2;1;0;1
202300045169;155 600 397;33;13;0;1;1;1
202300045170;155 600 394;7;13;0;7;1;0
202300045171;155 600 393;33;0;0;1;1;1
202300045172;155 600 389;7;0;2;4;23;1
202300045172;155 600 390;7;0;2;2;21;1
202300045172;155 600 391;7;0;2;1;1;1
202300045172;155 600 392;7;0;2;3;10;1
202300045173;155 600 387;2;0;2;1;17;1
202300045173;155 600 388;2;0;2;1;1;1
202300045174;155 600 386;7;15;0;2;1;1
202300045175;155 600 383;13;0;2;4;1;1
202300045175;155 600 384;7;0;2;1;2;1
202300045175;155 600 385;7;0;2;1;12;1
202300045176;155 600 381;7;0;2;2;0;1
202300045176;155 600 382;7;0;0;6;0;1
202300045177;155 600 380;33;0;0;7;1;1
202300045178;155 600 379;2;13;0;7;21;1
202300045179;155 600 377;7;0;2;2;1;1
202300045179;155 600 378;7;0;2;8;9;1
202300045180;155 600 376;33;0;0;9;1;1
202300045181;155 600 375;7;2;0;1;17;1
202300045182;155 600 374;7;13;0;3;0;1
202300045183;155 600 373;7;0;0;0;1;1
202300045184;155 600 372;33;12;0;8;1;1
202300045185;155 600 370;7;3;2;3;1;1
202300045185;155 600 371;7;3;2;3;1;1
202300045186;155 600 368;7;0;2;1;0;0
202300045186;155 600 369;80;0;2;4;2;3
202300045187;155 600 367;2;8;0;1;26;0
202300045188;155 600 366;7;13;0;2;17;1
202300045189;155 600 364;7;0;2;1;1;1
202300045189;155 600 365;1;0;0;4;1;5
202300045190;155 600 362;33;0;2;8;2;1
202300045190;155 600 363;33;0;2;7;2;1
202300045191;155 600 360;7;13;2;2;1;1
202300045191;155 600 361;7;13;0;1;16;1
202300045192;155 600 358;7;0;2;3;24;1
202300045192;155 600 359;7;1;1;3;13;1
202300045193;155 600 356;2;0;1;1;21;1
202300045194;155 600 355;7;0;1;2;1;1
202300045195;155 600 354;33;0;0;0;2;1
202300045196;155 600 352;7;0;2;7;13;1
202300045196;155 600 353;7;0;2;3;1;1
202300045197;155 600 349;7;0;2;8;1;0
202300045197;155 600 350;7;0;2;3;13;1
202300045197;155 600 351;10;0;2;6;1;0
202300045198;155 600 347;7;0;2;3;24;1
202300045198;155 600 348;1;0;2;1;1;5
202300045199;155 600 346;50;14;0;1;1;3
202300045200;155 600 344;7;0;2;5;1;1
202300045200;155 600 345;30;0;2;2;1;1
202300045201;155 600 342;80;0;2;5;5;3
202300045201;155 600 343;7;0;2;1;1;0
202300045202;155 600 340;31;0;2;1;3;1
202300045202;155 600 341;7;0;2;6;3;1
202300045203;155 600 338;7;0;0;0;0;0
202300045203;155 600 339;33;0;2;0;0;0
202300045204;155 600 337;7;6;0;1;1;1
202300045205;155 600 336;7;0;1;1;0;1
202300045206;155 600 335;7;0;1;1;1;1
202300045207;155 600 333;7;1;0;3;1;1
202300045207;155 600 334;7;1;2;3;1;0
202300045208;155 600 331;31;0;2;0;0;0
202300045208;155 600 332;7;0;2;4;1;0
202300045209;155 600 328;7;0;2;4;0;1
202300045209;155 600 329;7;4;0;1;1;1
202300045209;155 600 330;99;4;0;1;1;0
202300045210;155 600 327;33;0;0;8;2;1
202300045211;155 600 325;33;0;2;1;13;1
202300045211;155 600 326;7;0;2;2;1;1
202300045212;155 600 323;7;0;2;8;15;0
202300045212;155 600 324;34;0;2;1;1;0
202300045213;155 600 321;7;0;2;2;19;1
202300045213;155 600 322;7;0;2;8;1;1
202300045214;155 600 319;7;0;2;7;12;1
202300045214;155 600 320;7;4;2;8;1;1
202300045215;155 600 318;43;0;0;1;1;1
202300045216;155 600 316;7;0;2;3;5;1
202300045216;155 600 317;7;0;2;3;5;2
202300045217;155 600 315;33;7;0;0;1;1
202300045218;155 600 314;7;0;1;4;4;1
202300045219;155 600 312;7;13;0;3;0;1
202300045220;155 600 311;2;0;0;1;26;0
202300045221;155 600 310;7;2;0;9;1;1
202300045222;155 600 309;7;15;0;1;1;1
202300045223;155 600 307;2;1;2;1;1;1
202300045224;155 600 305;7;8;2;3;13;1
202300045224;155 600 306;33;0;2;1;1;1
202300045225;155 600 303;7;0;2;3;1;1
202300045225;155 600 304;1;0;2;1;13;5
202300045226;155 600 302;7;2;0;1;1;0
202300045227;155 600 300;7;17;0;1;14;1
202300045228;155 600 299;7;16;0;0;15;1
202300045229;155 600 298;33;2;0;3;1;1
202300045230;155 600 297;7;8;0;2;1;1
202300045231;155 600 296;2;0;0;1;0;1
202300045232;155 600 295;7;8;0;2;1;1
202300045233;155 600 293;7;0;2;2;15;1
202300045233;155 600 294;7;0;2;1;1;1
202300045234;155 600 291;7;0;2;3;19;1
202300045234;155 600 292;7;0;2;2;1;1
202300045235;155 600 289;7;0;2;3;15;1
202300045235;155 600 290;7;0;2;3;1;1
202300045236;155 600 287;7;0;2;6;11;3
202300045236;155 600 288;33;0;2;1;2;1
202300045237;155 600 285;7;0;2;4;15;1
202300045237;155 600 286;7;0;2;2;1;1
202300045238;155 600 284;7;0;1;7;1;1
202300045239;155 600 281;7;0;1;1;1;0
202300045239;155 600 282;7;0;2;1;1;0
202300045240;155 600 280;7;0;1;1;1;1
202300045241;155 600 278;10;3;0;3;13;1
202300045241;155 600 279;7;0;2;1;1;1
202300045242;155 600 276;31;0;2;0;0;6
202300045242;155 600 277;13;0;2;6;15;0
202300045243;155 600 274;7;0;2;2;15;1
202300045243;155 600 275;1;0;2;7;26;5
202300045244;155 600 273;37;0;0;3;0;4
202300045245;155 600 272;7;0;1;1;1;1
202300045246;155 600 270;7;0;2;3;9;1
202300045246;155 600 271;50;0;2;7;1;3
202300045247;155 600 269;7;15;0;1;14;1
202300045248;155 600 267;7;0;2;2;1;1
202300045248;155 600 268;1;0;2;7;19;5
202300045249;155 600 265;7;0;2;3;15;1
202300045249;155 600 266;33;0;2;1;1;1
202300045250;155 600 264;7;3;0;1;1;1
202300045251;155 600 262;7;0;0;1;14;2
202300045252;155 600 261;7;0;2;1;2;1
202300045252;155 600 263;10;0;2;4;2;1
202300045253;155 600 260;7;8;0;1;1;1
202300045254;155 600 258;1;0;2;1;26;5
202300045254;155 600 259;7;0;2;3;1;1
202300045255;155 600 256;7;0;2;1;2;2
202300045255;155 600 257;10;0;2;4;2;1
202300045256;155 600 255;32;0;1;1;1;1
202300045257;155 600 253;10;0;1;2;1;1
202300045258;155 600 252;7;0;2;2;1;3
202300045258;155 600 254;7;0;2;8;15;1
202300045259;155 600 250;30;0;1;1;14;0
202300045260;155 600 249;7;0;2;1;1;3
202300045260;155 600 251;80;0;2;3;9;3
202300045261;155 600 248;7;0;1;4;20;1
202300045262;155 600 246;7;0;2;4;1;1
202300045262;155 600 247;7;0;2;1;1;1
202300045263;155 600 245;7;0;1;2;1;1
202300045264;155 600 243;50;0;1;1;1;3
202300045265;155 600 239;7;15;2;4;4;3
202300045265;155 600 241;1;0;2;1;1;5
202300045266;155 600 238;7;12;2;1;13;1
202300045266;155 600 240;7;0;2;3;1;1
202300045266;155 600 242;7;0;0;6;1;1
202300045266;155 600 244;7;0;9;1;1;1
202300045267;155 600 235;7;0;2;1;15;2
202300045267;155 600 236;32;0;2;1;1;1
202300045268;155 600 237;3;6;0;1;19;1
202300045269;155 600 232;50;0;0;8;15;3
202300045269;155 600 234;10;0;0;2;1;6
202300045270;155 600 228;7;0;2;3;1;1
202300045270;155 600 229;33;0;2;3;1;1
202300045271;155 600 227;7;0;1;2;1;0
202300045272;155 600 225;7;0;2;4;1;0
202300045272;155 600 226;1;0;2;1;2;5
202300045273;155 600 223;7;0;2;6;24;1
202300045273;155 600 224;7;1;0;2;9;2
202300045274;155 600 221;50;0;2;1;14;3
202300045274;155 600 222;1;0;2;1;13;5
202300045275;155 600 219;7;0;2;1;14;0
202300045275;155 600 220;7;0;2;1;13;0
202300045276;155 600 217;7;0;2;1;15;2
202300045276;155 600 218;80;0;2;7;1;3
202300045277;155 600 215;34;0;2;7;1;1
202300045277;155 600 216;7;0;2;0;0;0
202300045278;155 600 214;80;0;1;1;1;3
202300045279;155 600 212;7;0;2;1;5;1
202300045279;155 600 213;10;0;2;1;1;1
202300045280;155 600 211;32;12;0;1;13;1
202300045281;155 600 210;7;0;1;7;0;1
202300045282;155 600 208;1;0;2;1;2;5
202300045282;155 600 209;10;0;0;4;1;1
202300045283;155 600 206;7;0;2;1;26;0
202300045283;155 600 207;7;0;2;8;0;1
202300045284;155 600 205;80;14;0;3;13;3
202300045285;155 600 202;7;8;2;1;2;1
202300045285;155 600 204;7;0;2;4;23;2
202300045286;155 600 203;80;12;0;1;14;3
202300045287;155 600 198;1;0;2;8;19;5
202300045287;155 600 200;7;0;2;1;1;1
202300045287;155 600 201;7;0;2;1;1;1
202300045288;155 600 197;7;15;2;1;26;0
202300045288;155 600 199;7;0;2;1;1;1
202300045289;155 600 196;7;0;1;4;4;0
202300045290;155 600 192;7;0;2;8;11;1
202300045290;155 600 194;33;0;2;2;3;1
202300045291;155 600 193;7;1;2;8;1;1
202300045291;155 600 195;7;0;2;1;1;1
202300045292;155 600 191;30;14;0;7;2;3
202300045293;155 600 190;7;1;0;1;21;1
202300045294;155 600 188;10;0;2;2;22;1
202300045294;155 600 189;1;0;2;3;1;5
202300045295;155 600 187;7;0;1;3;15;1
202300045296;155 600 183;10;0;2;8;13;1
202300045296;155 600 185;32;0;2;2;13;1
202300045296;155 600 186;34;0;2;3;26;1
202300045297;155 600 182;7;0;2;5;15;1
202300045297;155 600 184;33;0;2;1;1;1
202300045298;155 600 178;7;0;2;1;1;0
202300045298;155 600 180;34;0;2;1;17;1
202300045299;155 600 179;1;0;2;3;0;5
202300045299;155 600 181;0;0;2;2;12;0
202300045300;155 600 176;30;0;0;8;1;1
202300045301;155 600 174;7;0;2;4;0;0
202300045301;155 600 175;3;0;2;4;2;0
202300045301;155 600 177;7;0;2;1;2;0
202300045302;155 600 173;7;0;1;3;15;1
202300045303;155 600 172;7;0;0;0;0;1
202300045304;155 600 171;33;0;6;1;1;1
202300045305;155 600 169;7;0;1;0;23;1
202300045305;155 600 170;10;1;0;0;1;1
202300045306;155 600 166;2;0;2;1;1;1
202300045306;155 600 168;7;0;2;2;15;1
202300045307;155 600 164;7;0;2;3;5;1
202300045307;155 600 165;7;0;2;2;1;1
202300045308;155 600 161;3;0;0;9;0;1
202300045309;155 600 162;1;0;2;1;1;5
202300045309;155 600 163;1;0;2;1;1;5
202300045310;155 600 158;7;0;2;8;20;0
202300045310;155 600 160;30;0;2;7;17;1
202300045311;155 600 157;7;0;2;2;16;1
202300045311;155 600 159;1;0;2;0;1;5
202300045312;155 600 154;7;0;2;3;2;1
202300045312;155 600 155;50;0;2;1;5;3
202300045313;155 600 153;7;0;2;1;1;1
202300045313;155 600 156;10;0;2;3;1;1
202300045314;155 600 151;7;0;1;3;1;1
202300045315;155 600 152;7;2;0;1;21;1
202300045316;155 600 149;0;;2;0;0;0
202300045316;155 600 150;31;0;2;3;1;1
202300045317;155 600 148;7;0;1;2;26;1
202300045318;155 600 147;7;0;1;2;0;1
202300045319;155 600 144;10;0;1;1;1;1
202300045320;155 600 143;7;0;1;3;15;1
202300045321;155 600 141;7;0;2;4;4;1
202300045321;155 600 142;1;0;2;1;1;5
202300045322;155 600 139;2;0;2;1;1;1
202300045322;155 600 140;7;0;2;1;9;0
202300045323;155 600 138;7;16;9;2;1;2
202300045324;155 600 137;33;0;0;0;26;1
202300045325;155 600 136;10;0;0;0;0;0
202300045326;155 600 133;7;0;2;7;1;1
202300045326;155 600 134;7;0;2;8;1;1
202300045327;155 600 130;43;14;0;2;3;1
202300045328;155 600 129;7;0;0;6;23;1
202300045328;155 600 131;7;0;2;5;23;1
202300045328;155 600 132;7;0;2;1;2;1
202300045328;155 600 135;0;0;0;0;10;0
202300045329;155 600 128;36;12;0;9;1;1
202300045330;155 600 126;7;0;0;9;13;1
202300045331;155 600 125;33;0;2;1;1;0
202300045331;155 600 127;7;0;2;1;15;0
202300045332;155 600 123;1;0;2;1;1;5
202300045332;155 600 124;7;0;9;5;1;1
202300045333;155 600 122;7;6;0;1;19;1
202300045334;155 600 120;7;0;2;1;1;1
202300045334;155 600 121;7;0;2;1;1;1
202300045335;155 600 118;7;13;0;1;0;1