Num_Acc;id_vehicule;categorie_vehicule;obstacle_fixe;obstacle_mobile;point_choc_initial;manoeuvre_principale;motorisation
202300045336;155 600 117;7;0;0;3;1;1
202300045336;155 600 119;1;0;0;2;16;5
202300045337;155 600 115;60;0;0;0;1;5
202300045338;155 600 114;2;0;2;1;17;1
202300045338;155 600 116;7;0;0;3;15;1
202300045339;155 600 111;7;0;2;1;1;1
202300045339;155 600 112;10;0;0;4;1;1
202300045340;155 600 110;31;0;2;1;17;1
202300045340;155 600 113;7;0;2;6;15;1
202300045341;155 600 108;7;0;0;4;2;1
202300045341;155 600 109;7;0;2;1;2;1
202300045342;155 600 105;7;0;0;9;1;1
202300045343;155 600 106;7;0;2;2;1;1
202300045343;155 600 107;60;0;2;0;19;5
202300045344;155 600 104;7;13;0;3;0;1
202300045345;155 600 101;7;0;2;1;26;1
202300045345;155 600 103;10;0;0;8;1;1
202300045346;155 600 100;7;0;2;1;0;1
202300045346;155 600 102;7;0;2;1;0;1
202300045347;155 600 098;7;0;2;5;19;1
202300045347;155 600 099;2;0;2;1;1;3
202300045348;155 600 095;7;0;2;1;19;1
202300045348;155 600 097;7;0;2;8;1;1
202300045349;155 600 094;33;0;2;1;1;1
202300045349;155 600 096;7;0;0;3;0;0
202300045350;155 600 091;10;0;2;1;16;3
202300045350;155 600 093;7;0;0;5;1;1
202300045351;155 600 088;7;0;2;3;13;1
202300045351;155 600 089;7;0;2;3;1;1
202300045352;155 600 087;7;7;0;6;19;1
202300045352;155 600 090;0;0;2;1;1;0
202300045353;155 600 084;7;0;2;3;13;1
202300045353;155 600 086;33;0;2;1;1;1
202300045354;155 600 083;7;0;0;3;11;1
202300045354;155 600 085;7;0;0;3;1;1
202300045355;155 600 081;7;13;0;1;1;1
202300045356;155 600 080;7;0;2;1;2;1
202300045356;155 600 082;7;0;2;1;5;1
202300045357;155 600 076;7;0;2;1;17;1
202300045357;155 600 079;7;0;2;1;1;1
202300045358;155 600 075;1;0;2;3;2;5
202300045358;155 600 077;7;0;9;2;2;1
202300045358;155 600 078;1;0;2;3;2;5
202300045359;155 600 070;7;0;1;1;1;2
202300045360;155 600 066;7;13;0;1;1;1
202300045361;155 600 067;7;0;2;1;1;1
202300045361;155 600 068;7;0;2;1;13;2
202300045361;155 600 069;7;0;2;1;1;1
202300045362;155 600 064;7;0;0;9;1;1
202300045363;155 600 063;7;0;2;2;2;1
202300045363;155 600 065;1;5;0;4;2;5
202300045364;155 600 062;7;0;0;9;14;1
202300045365;155 600 060;7;0;2;6;1;1
202300045365;155 600 061;33;4;2;3;0;1
202300045366;155 600 057;7;0;2;3;15;1
202300045366;155 600 058;33;0;2;1;1;1
202300045367;155 600 055;2;0;2;6;15;1
202300045367;155 600 056;7;0;2;2;17;1
202300045368;155 600 053;7;2;0;1;1;0
202300045369;155 600 050;7;0;0;1;0;1
202300045369;155 600 051;7;0;0;3;0;0
202300045370;155 600 049;7;6;0;1;1;1
202300045371;155 600 046;7;17;0;3;1;1
202300045372;155 600 044;7;0;2;1;5;1
202300045372;155 600 045;7;0;2;3;1;1
202300045372;155 600 047;7;0;2;2;1;1
202300045372;155 600 048;7;0;2;1;1;1
202300045373;155 600 042;7;0;2;2;1;1
202300045373;155 600 043;1;0;2;8;10;5
202300045374;155 600 040;21;0;0;5;15;0
202300045374;155 600 041;7;0;2;1;1;1
202300045375;155 600 039;10;0;1;3;1;1
202300045376;155 600 037;7;0;2;2;17;1
202300045376;155 600 038;2;0;2;1;26;1
202300045377;155 600 036;50;0;1;1;0;3
202300045378;155 600 035;7;0;0;2;0;0
202300045379;155 600 033;7;0;2;3;17;1
202300045379;155 600 034;2;0;2;1;1;1
202300045380;155 600 031;7;13;0;1;21;1
202300045380;155 600 032;7;0;2;1;1;1
202300045381;155 600 028;7;0;2;3;9;1
202300045381;155 600 030;7;0;2;7;1;1
202300045382;155 600 026;10;0;0;1;1;0
202300045382;155 600 027;32;0;2;2;1;0
202300045382;155 600 029;32;0;9;3;1;0
202300045383;155 600 023;7;0;2;3;15;1
202300045383;155 600 024;2;0;2;1;17;1
202300045384;155 600 021;7;0;0;0;0;1
202300045384;155 600 022;30;0;2;0;0;1
202300045385;155 600 019;7;0;2;3;1;2
202300045385;155 600 020;31;0;2;1;13;1
202300045386;155 600 016;3;0;0;0;21;1
202300045386;155 600 018;33;0;0;0;15;1
202300045387;155 600 014;7;5;0;1;19;1
202300045388;155 600 012;7;0;2;2;15;0
202300045388;155 600 013;33;0;2;8;1;1
202300045389;155 600 011;33;13;0;0;1;1
202300045390;155 600 010;7;0;1;8;23;1
202300045391;155 600 008;7;0;2;1;23;1
202300045391;155 600 009;33;0;2;1;13;1
202300045392;155 600 006;7;6;0;1;14;1
202300045393;155 600 005;7;0;2;1;13;1
202300045393;155 600 007;7;0;2;1;21;1
202300045394;155 600 003;33;0;2;1;13;1
202300045394;155 600 004;7;0;2;2;1;1
202300045395;155 600 002;7;14;0;2;0;1
202300045396;155 600 001;32;0;6;1;19;1
202300045397;155 600 000;7;17;0;1;0;0
202300045398;155 599 997;15;0;2;2;2;1
202300045398;155 599 998;7;0;2;3;1;1
202300045399;155 599 996;7;0;2;8;15;1
202300045399;155 599 999;7;0;2;1;1;1
202300045400;155 599 995;1;0;0;0;1;5
202300045401;155 599 992;2;0;2;1;1;1
202300045401;155 599 994;7;0;2;7;15;1
202300045402;155 599 991;7;0;2;3;1;1
202300045402;155 599 993;7;0;2;3;19;1
202300045403;155 599 990;7;0;0;0;1;1
202300045404;155 599 988;7;0;0;3;26;1
202300045404;155 599 989;2;0;2;1;1;1
202300045405;155 599 987;33;6;0;1;14;1
202300045406;155 599 984;31;0;2;7;1;1
202300045406;155 599 986;7;0;2;2;15;0
202300045407;155 599 981;7;0;2;2;3;1
202300045407;155 599 982;7;0;2;6;1;1
202300045408;155 599 979;7;3;2;1;1;1
202300045408;155 599 980;7;0;0;6;1;1
202300045409;155 599 977;10;0;2;8;11;1
202300045409;155 599 978;32;0;2;2;3;1
202300045410;155 599 976;7;15;0;1;1;1
202300045411;155 599 974;7;0;2;2;12;
202300045411;155 599 975;34;3;2;0;3;1
202300045412;155 599 973;7;9;0;9;1;1
202300045413;155 599 972;34;3;0;0;3;1
202300045414;155 599 970;7;0;0;0;26;1
202300045414;155 599 971;7;0;9;1;1;1
202300045415;155 599 965;7;0;2;3;1;1
202300045415;155 599 967;10;0;2;8;1;1
202300045415;155 599 968;7;0;2;8;21;1
202300045415;155 599 969;7;0;2;8;1;1
202300045416;155 599 964;33;0;2;2;3;1
202300045416;155 599 966;7;0;2;3;11;1
202300045417;155 599 962;33;0;0;7;16;1
202300045418;155 599 957;7;0;2;3;0;1
202300045418;155 599 959;7;0;2;9;0;1
202300045419;155 599 956;7;12;2;7;26;1
202300045419;155 599 958;7;0;2;4;23;1
202300045419;155 599 960;7;0;2;3;1;1
202300045419;155 599 961;7;0;2;2;23;1
202300045419;155 599 963;16;0;2;2;23;1
202300045420;155 599 955;33;16;0;0;1;1
202300045421;155 599 952;10;4;2;1;2;1
202300045421;155 599 954;7;4;2;4;1;1
202300045422;155 599 951;7;0;2;2;1;1
202300045422;155 599 953;17;0;2;8;1;1
202300045423;155 599 949;7;3;2;1;1;1
202300045423;155 599 950;7;3;2;4;1;1
202300045424;155 599 946;7;0;2;1;11;1
202300045424;155 599 948;7;0;2;4;1;1
202300045425;155 599 944;33;0;2;1;3;1
202300045425;155 599 945;10;0;2;6;1;1
202300045425;155 599 947;7;0;2;5;12;1
202300045426;155 599 940;7;0;2;9;21;1
202300045426;155 599 942;7;0;2;6;1;1
202300045426;155 599 943;7;0;2;1;1;1
202300045427;155 599 938;7;0;2;1;2;1
202300045427;155 599 939;7;0;2;4;2;1
202300045427;155 599 941;7;0;0;4;2;1
202300045428;155 599 937;7;4;0;8;2;1
202300045429;155 599 936;7;16;0;1;1;1
202300045430;155 599 934;7;0;2;1;21;1
202300045430;155 599 935;7;0;2;4;2;1
202300045431;155 599 930;14;0;2;3;15;1
202300045431;155 599 932;2;0;2;1;17;3
202300045432;155 599 928;7;0;2;5;1;1
202300045432;155 599 929;7;0;2;3;1;2
202300045432;155 599 931;10;0;2;2;1;1
202300045432;155 599 933;33;0;2;7;1;1
202300045433;155 599 927;2;0;1;8;26;3
202300045434;155 599 926;7;1;2;9;16;1
202300045435;155 599 923;30;0;0;7;16;1
202300045436;155 599 920;7;6;2;1;26;1
202300045436;155 599 921;30;0;2;9;0;3
202300045437;155 599 918;7;0;1;3;1;1
202300045438;155 599 917;7;0;1;1;15;1
202300045439;155 599 915;7;0;2;3;1;1
202300045439;155 599 916;7;0;2;1;5;1
202300045440;155 599 914;7;0;1;3;1;1
202300045441;155 599 911;7;0;2;1;13;1
202300045441;155 599 912;7;0;2;3;0;1
202300045442;155 599 910;7;0;2;1;16;1
202300045442;155 599 913;1;0;2;8;1;5
202300045443;155 599 907;30;0;2;1;1;1
202300045443;155 599 909;7;0;2;4;23;1
202300045444;155 599 906;7;0;2;0;0;1
202300045444;155 599 908;7;0;2;0;0;1
202300045445;155 599 905;7;15;0;3;26;1
202300045446;155 599 904;7;3;0;3;13;1
202300045447;155 599 902;7;0;1;2;1;1
202300045448;155 599 899;33;0;2;1;17;1
202300045448;155 599 900;7;0;2;3;15;1
202300045449;155 599 896;33;12;0;1;0;1
202300045450;155 599 895;7;0;2;1;13;1
202300045450;155 599 897;7;0;2;1;1;1
202300045451;155 599 892;7;0;2;1;1;1
202300045451;155 599 893;31;0;2;1;13;1
202300045452;155 599 890;7;0;2;1;15;1
202300045452;155 599 891;7;0;2;1;1;1
202300045453;155 599 889;7;4;0;1;1;1
202300045454;155 599 884;7;0;2;1;1;1
202300045454;155 599 886;7;0;2;1;17;1
202300045454;155 599 888;7;0;2;1;13;3
202300045455;155 599 883;7;0;2;1;2;1
202300045455;155 599 885;7;0;2;4;1;1
202300045455;155 599 887;14;0;2;4;2;1
202300045456;155 599 879;31;0;2;2;17;1
202300045456;155 599 881;7;0;2;3;15;1
202300045457;155 599 880;17;0;2;1;15;1
202300045457;155 599 882;10;0;2;1;1;1
202300045458;155 599 876;7;0;2;4;1;1
202300045458;155 599 878;30;0;2;1;1;1
202300045459;155 599 875;7;0;2;0;1;1
202300045459;155 599 877;7;0;2;0;2;1
202300045460;155 599 873;3;0;2;2;9;1
202300045460;155 599 874;10;0;2;1;1;1
202300045461;155 599 872;7;8;0;1;1;1
202300045462;155 599 871;7;3;0;3;26;1
202300045463;155 599 869;33;0;2;1;18;1
202300045463;155 599 870;7;0;2;5;15;1
202300045464;155 599 867;7;0;1;2;1;1
202300045465;155 599 866;7;0;9;3;1;1
202300045465;155 599 868;80;0;2;7;1;3
202300045466;155 599 865;7;0;1;2;1;1
202300045467;155 599 864;7;0;1;7;1;1
202300045468;155 599 863;50;0;1;1;25;3
202300045469;155 599 861;7;0;1;2;26;1
202300045470;155 599 859;7;0;2;1;2;1
202300045470;155 599 860;7;0;2;4;2;1
202300045470;155 599 862;7;0;2;4;2;1
202300045471;155 599 857;15;8;;5;14;1
202300045471;155 599 858;15;0;2;0;0;1
202300045472;155 599 856;7;0;1;1;1;1
202300045473;155 599 855;31;4;0;0;0;1
202300045474;155 599 853;7;0;2;3;15;1
202300045474;155 599 854;50;0;2;1;1;3
202300045475;155 599 851;10;0;2;3;9;0
202300045475;155 599 852;33;0;2;1;17;0
202300045476;155 599 848;14;0;2;1;26;1
202300045476;155 599 849;7;3;0;2;1;1
202300045477;155 599 847;7;0;2;2;11;1
202300045477;155 599 850;10;0;2;1;1;1
202300045478;155 599 846;1;3;0;0;1;5
202300045479;155 599 844;7;0;2;3;16;1
202300045479;155 599 845;33;0;2;2;1;1
202300045480;155 599 842;7;0;2;4;23;1
202300045480;155 599 843;7;0;2;1;1;1
202300045481;155 599 840;7;0;2;1;2;1
202300045481;155 599 841;7;0;2;4;23;1
202300045482;155 599 839;7;12;0;2;14;1
202300045483;155 599 838;17;11;0;7;1;1
202300045484;155 599 837;7;0;1;2;1;1
202300045485;155 599 836;7;0;1;1;1;1
202300045486;155 599 835;7;12;0;1;1;1
202300045487;155 599 834;7;0;2;3;15;1
202300045488;155 599 831;43;0;2;1;1;1
202300045488;155 599 833;7;0;2;7;15;1
202300045489;155 599 830;10;0;2;1;9;0
202300045489;155 599 832;2;0;2;5;1;1
202300045490;155 599 828;10;0;1;2;1;1
202300045491;155 599 827;7;0;2;4;10;0
202300045491;155 599 829;33;0;2;1;1;1
202300045492;155 599 825;10;0;2;2;16;1
202300045492;155 599 826;37;0;2;3;1;1
202300045493;155 599 824;50;0;1;1;3;3
202300045494;155 599 823;14;0;1;2;5;1
202300045495;155 599 821;7;0;0;1;1;1
202300045496;155 599 820;80;14;2;1;2;3
202300045496;155 599 822;7;0;2;5;23;2
202300045497;155 599 819;7;0;1;3;1;1
202300045498;155 599 818;7;0;1;1;15;1
202300045499;155 599 817;50;0;1;1;7;3
202300045500;155 599 816;7;3;0;1;1;1
202300045501;155 599 814;7;1;0;1;0;1
202300045502;155 599 813;7;0;2;3;11;1
202300045502;155 599 815;2;0;2;5;1;3
202300045503;155 599 812;7;2;0;1;1;1
202300045504;155 599 810;7;8;0;8;1;1
202300045505;155 599 809;7;1;0;3;2;1
202300045505;155 599 811;7;0;2;5;23;1
202300045506;155 599 807;30;0;2;1;17;1
202300045506;155 599 808;7;0;2;3;15;1
202300045507;155 599 806;7;6;1;0;9;0
202300045508;155 599 804;7;0;2;1;1;1
202300045508;155 599 805;7;0;2;7;15;1
202300045509;155 599 802;7;0;2;2;1;1
202300045509;155 599 803;2;0;2;3;3;1
202300045510;155 599 800;1;0;2;1;2;5
202300045510;155 599 801;7;0;2;1;15;1
202300045511;155 599 798;1;0;2;4;13;5
202300045511;155 599 799;32;0;2;1;17;1
202300045512;155 599 796;7;0;2;8;15;1
202300045512;155 599 797;7;0;2;1;1;1
202300045513;155 599 794;7;0;0;1;1;0
202300045513;155 599 795;7;0;2;6;15;0
202300045514;155 599 792;13;0;2;1;1;1
202300045514;155 599 793;7;0;2;4;1;1
202300045515;155 599 791;7;0;1;4;4;3
202300045516;155 599 789;7;0;2;1;20;1
202300045516;155 599 790;10;0;2;1;1;1
202300045517;155 599 786;33;0;2;1;1;1
202300045517;155 599 788;99;0;2;3;11;1
202300045518;155 599 785;33;0;2;7;12;1
202300045518;155 599 787;7;0;2;8;15;1
202300045519;155 599 783;7;0;1;3;3;1
202300045520;155 599 782;32;0;2;1;13;
202300045520;155 599 784;7;0;2;1;1;
202300045521;155 599 781;10;12;0;1;13;0
202300045522;155 599 778;50;0;2;2;19;3
202300045522;155 599 780;7;0;2;1;9;1
202300045523;155 599 777;43;0;2;7;1;1
202300045523;155 599 779;7;0;2;1;1;0
202300045524;155 599 774;7;0;2;1;5;1
202300045524;155 599 776;13;0;2;1;1;1
202300045525;155 599 773;7;0;2;0;1;1
202300045525;155 599 775;7;0;2;1;9;1
202300045526;155 599 771;1;0;2;1;2;5
202300045526;155 599 772;37;0;2;5;16;1
202300045527;155 599 770;7;0;1;5;1;1
202300045528;155 599 768;7;0;2;1;1;1
202300045528;155 599 769;7;0;2;4;1;1
202300045529;155 599 767;7;15;0;1;5;1
202300045530;155 599 764;7;0;2;0;15;1
202300045530;155 599 766;2;0;2;1;21;1
202300045531;155 599 765;7;0;1;5;18;1
202300045532;155 599 762;10;0;1;4;20;1
202300045533;155 599 761;7;0;2;1;2;0
202300045533;155 599 763;7;0;2;4;2;1
202300045534;155 599 760;7;0;1;1;1;1
202300045535;155 599 759;7;1;1;2;13;1
202300045536;155 599 757;7;14;0;6;23;1
202300045536;155 599 758;2;0;2;1;2;1
202300045537;155 599 754;31;0;2;1;1;1
202300045537;155 599 756;7;0;2;7;1;3
202300045538;155 599 753;7;0;2;4;2;1
202300045538;155 599 755;7;0;2;1;1;1
202300045539;155 599 750;1;0;2;6;0;5
202300045539;155 599 752;14;9;0;7;1;1
202300045540;155 599 749;7;0;2;2;15;1
202300045540;155 599 751;7;0;2;1;1;1
202300045541;155 599 745;50;0;2;1;17;3
202300045541;155 599 748;7;0;2;3;15;1
202300045542;155 599 746;33;0;2;1;1;1
202300045542;155 599 747;7;0;2;7;15;1
202300045543;155 599 743;7;0;1;1;21;3
202300045544;155 599 740;7;0;2;2;15;1
202300045544;155 599 742;7;0;2;3;1;1
202300045545;155 599 736;30;0;2;1;9;1
202300045545;155 599 739;7;0;2;1;1;1
202300045546;155 599 734;32;0;2;1;1;1
202300045546;155 599 735;7;0;2;1;13;1
202300045547;155 599 731;50;0;2;6;17;3
202300045547;155 599 733;37;0;9;6;1;3
202300045548;155 599 732;7;0;0;9;2;1
202300045549;155 599 730;7;0;1;3;1;1
202300045550;155 599 729;7;0;1;2;2;1
202300045551;155 599 727;31;13;0;2;1;1
202300045552;155 599 726;31;0;2;8;1;0
202300045552;155 599 728;7;0;2;1;19;0
202300045553;155 599 720;7;0;2;8;19;1
202300045553;155 599 721;7;0;2;3;1;1
202300045554;155 599 719;7;0;2;1;5;1
202300045554;155 599 722;37;0;2;1;23;1
202300045555;155 599 716;7;0;2;4;15;1
202300045555;155 599 718;2;0;2;1;1;1
202300045556;155 599 715;7;0;2;1;15;1
202300045556;155 599 717;34;0;2;1;1;1
202300045557;155 599 714;10;13;0;8;13;1
202300045558;155 599 711;7;0;2;2;1;1
202300045558;155 599 713;7;0;2;4;1;1
202300045559;155 599 712;7;6;0;1;26;1
202300045560;155 599 710;37;0;1;2;20;1
202300045561;155 599 708;1;0;2;7;1;5
202300045561;155 599 709;7;0;2;3;1;1
202300045562;155 599 707;7;0;1;1;1;1
202300045563;155 599 705;2;0;2;3;9;1
202300045563;155 599 706;7;0;2;2;1;1
202300045564;155 599 704;33;0;0;0;21;1
202300045565;155 599 702;7;0;2;7;13;0
202300045565;155 599 703;2;0;2;1;26;0
202300045566;155 599 701;7;0;1;2;1;1
202300045567;155 599 700;33;0;0;0;0;1
202300045568;155 599 698;7;0;2;1;2;1
202300045568;155 599 699;7;0;2;4;2;1
202300045569;155 599 697;15;2;0;1;1;1
202300045570;155 599 695;7;0;2;1;15;1
202300045570;155 599 696;33;0;2;1;26;1
202300045571;155 599 694;32;14;0;0;1;1
202300045572;155 599 692;32;0;0;0;26;1
202300045573;155 599 691;7;0;2;3;1;1
202300045573;155 599 693;7;0;2;2;1;1
202300045574;155 599 688;7;0;2;3;20;1
202300045574;155 599 689;1;0;2;7;1;5
202300045575;155 599 687;7;0;2;8;1;1
202300045575;155 599 690;2;0;2;2;15;1
202300045576;155 599 685;7;0;2;4;2;1
202300045576;155 599 686;7;0;2;1;2;1
202300045577;155 599 683;7;0;2;2;1;0
202300045577;155 599 684;3;0;0;5;1;1
202300045578;155 599 681;7;0;2;1;2;1
202300045578;155 599 682;7;0;2;4;2;1
202300045579;155 599 677;7;0;2;3;21;1
202300045579;155 599 679;7;0;2;3;13;1
202300045580;155 599 678;33;0;2;1;3;1
202300045580;155 599 680;7;0;2;6;11;1
202300045581;155 599 673;7;0;2;1;0;1
202300045581;155 599 676;1;0;2;4;0;5
202300045582;155 599 672;7;6;0;2;1;1
202300045583;155 599 671;33;0;2;2;3;1
202300045583;155 599 674;7;0;2;3;11;1
202300045583;155 599 675;7;0;2;6;1;1
202300045584;155 599 670;33;0;0;0;13;1
202300045585;155 599 668;7;4;0;1;1;1
202300045586;155 599 667;7;0;2;3;9;1
202300045586;155 599 669;33;0;2;1;2;1
202300045587;155 599 664;14;17;0;2;1;1
202300045588;155 599 665;7;0;2;1;1;1
202300045588;155 599 666;7;0;2;4;1;1
202300045589;155 599 663;7;4;0;3;13;1
202300045590;155 599 660;7;16;0;2;14;1
202300045591;155 599 658;15;6;0;2;1;1
202300045591;155 599 659;10;14;0;1;1;1
202300045591;155 599 662;10;0;2;8;1;1
202300045592;155 599 657;32;0;2;1;1;1
202300045592;155 599 661;33;0;2;3;1;1
202300045593;155 599 655;7;5;0;1;13;1
202300045593;155 599 656;7;0;0;1;1;1
202300045594;155 599 651;10;0;1;1;1;1
202300045595;155 599 649;2;0;0;8;1;3
202300045595;155 599 652;0;0;0;8;17;0
202300045596;155 599 650;7;0;2;1;1;1
202300045596;155 599 653;10;3;2;1;14;1
202300045596;155 599 654;7;3;0;6;17;1
202300045597;155 599 648;50;8;0;0;1;3
202300045598;155 599 647;7;6;0;1;13;1
202300045599;155 599 645;30;0;2;8;13;3
202300045599;155 599 646;0;0;2;7;1;1
202300045600;155 599 644;32;0;6;1;1;1
202300045601;155 599 640;7;3;2;7;13;1
202300045601;155 599 643;15;0;2;8;1;1
202300045602;155 599 641;10;0;2;2;1;1
202300045602;155 599 642;1;0;2;1;1;5
202300045603;155 599 638;7;0;2;1;2;1
202300045603;155 599 639;15;0;2;4;23;1
202300045604;155 599 636;7;0;2;6;15;2
202300045604;155 599 637;1;0;2;1;1;5
202300045605;155 599 634;34;0;2;1;17;1
202300045605;155 599 635;10;0;0;3;15;1
202300045606;155 599 633;7;0;1;1;1;1
202300045607;155 599 630;7;2;0;1;13;1
202300045608;155 599 629;10;0;2;7;1;0
202300045608;155 599 631;37;0;2;1;1;1
202300045609;155 599 626;2;0;2;1;2;1
202300045609;155 599 627;7;0;2;6;1;1
202300045610;155 599 625;7;0;2;1;26;1
202300045610;155 599 628;1;0;2;8;26;5
202300045611;155 599 623;7;0;2;7;12;1
202300045611;155 599 624;80;0;2;1;1;3
202300045612;155 599 621;1;0;2;1;5;5
202300045612;155 599 622;10;0;2;1;1;1
202300045613;155 599 620;1;0;0;0;23;5
202300045614;155 599 618;43;13;0;7;1;1
202300045615;155 599 617;7;0;2;2;1;1
202300045615;155 599 619;1;0;2;1;15;5
202300045616;155 599 616;7;2;0;7;14;1
202300045617;155 599 614;7;0;6;0;21;1
202300045618;155 599 613;7;0;2;2;9;1
202300045618;155 599 615;33;0;2;3;1;1
202300045619;155 599 612;7;13;0;2;14;1
202300045620;155 599 610;33;0;2;1;1;1
202300045620;155 599 611;7;0;2;7;15;1
202300045621;155 599 607;7;1;2;2;14;1
202300045621;155 599 608;7;1;2;6;0;0
202300045622;155 599 606;7;1;0;2;1;6
202300045622;155 599 609;17;0;0;6;24;1
202300045623;155 599 605;7;0;1;1;15;6
202300045624;155 599 603;33;0;2;1;17;0
202300045624;155 599 604;7;0;2;3;1;0
202300045625;155 599 602;7;6;0;8;1;1
202300045626;155 599 599;33;4;0;8;21;1
202300045627;155 599 600;1;0;2;1;1;5
202300045627;155 599 601;10;0;2;4;1;1
202300045628;155 599 597;7;0;0;5;15;1
202300045628;155 599 598;7;0;2;3;2;1
202300045629;155 599 595;7;2;0;1;1;1
202300045630;155 599 596;34;0;1;2;17;1
202300045631;155 599 594;2;6;0;1;0;1
202300045632;155 599 593;7;0;1;8;1;1
202300045633;155 599 592;7;12;0;3;1;1
202300045634;155 599 590;7;0;1;1;1;1
202300045635;155 599 591;13;1;1;1;1;0
202300045636;155 599 588;7;0;2;3;19;1
202300045636;155 599 589;33;0;2;1;1;1
202300045637;155 599 586;7;0;2;7;1;1
202300045637;155 599 587;7;0;2;1;1;1
202300045638;155 599 585;7;0;0;1;1;1
202300045639;155 599 582;33;0;2;1;1;1
202300045639;155 599 584;7;0;2;3;9;1
202300045640;155 599 581;7;0;2;0;14;0
202300045640;155 599 583;33;0;2;1;1;0
202300045641;155 599 579;13;3;0;2;1;1
202300045642;155 599 578;7;13;0;6;21;1
202300045643;155 599 574;7;1;2;3;9;1
202300045643;155 599 576;7;0;2;2;1;1
202300045644;155 599 575;33;0;2;1;1;1
202300045644;155 599 577;7;0;2;3;15;1
202300045645;155 599 573;7;0;1;7;1;2
202300045646;155 599 570;50;0;0;0;1;3
202300045647;155 599 568;7;0;1;2;1;1
202300045648;155 599 569;7;0;2;1;2;1
202300045648;155 599 571;15;0;2;4;1;1
202300045648;155 599 572;10;14;0;3;2;1
202300045649;155 599 566;43;0;2;1;1;1
202300045649;155 599 567;7;0;2;8;10;1
202300045650;155 599 564;7;0;2;1;15;1
202300045651;155 599 563;30;0;2;7;1;1
202300045651;155 599 565;7;0;2;3;11;1
202300045652;155 599 559;7;0;2;1;1;1
202300045652;155 599 561;2;0;2;4;1;1
202300045652;155 599 562;7;0;2;1;1;1
202300045653;155 599 558;7;0;2;3;1;1
202300045653;155 599 560;7;0;2;3;1;1
202300045654;155 599 556;32;0;2;1;1;1
202300045654;155 599 557;7;0;2;3;0;1
202300045655;155 599 554;80;0;2;2;16;3
202300045655;155 599 555;30;0;0;0;16;0
202300045656;155 599 553;7;6;0;2;1;1
202300045657;155 599 551;7;0;9;5;1;1
202300045657;155 599 552;33;0;2;3;11;1
202300045658;155 599 548;2;0;2;1;1;1
202300045658;155 599 549;7;0;2;2;15;1
202300045659;155 599 547;7;12;0;1;1;1
202300045660;155 599 546;7;1;0;1;1;1
202300045661;155 599 542;7;0;2;1;1;1
202300045661;155 599 544;7;0;2;4;1;1
202300045662;155 599 543;7;0;2;1;0;1
202300045662;155 599 545;7;0;2;6;1;0
202300045663;155 599 538;33;0;2;1;17;1
202300045663;155 599 540;7;0;2;3;15;1
202300045664;155 599 539;33;8;0;0;5;1
202300045665;155 599 534;7;0;2;3;13;1
202300045665;155 599 537;17;0;2;3;1;1
202300045665;155 599 541;7;0;2;1;1;1
202300045666;155 599 533;7;0;2;3;15;1
202300045666;155 599 536;31;0;2;1;1;1
202300045667;155 599 532;7;1;2;7;19;0
202300045667;155 599 535;7;6;2;1;1;1
202300045668;155 599 526;13;0;2;5;15;1
202300045668;155 599 529;30;0;2;1;1;1
202300045669;155 599 527;1;0;2;7;1;5
202300045669;155 599 531;7;0;2;3;1;1
202300045670;155 599 528;35;0;2;1;9;1
202300045670;155 599 530;7;0;0;7;1;1
202300045671;155 599 524;10;0;1;2;15;1
202300045672;155 599 523;1;0;2;7;0;5
202300045672;155 599 525;7;0;2;3;0;1
202300045673;155 599 520;7;2;0;3;14;1
202300045674;155 599 517;7;14;0;1;1;1
202300045674;155 599 518;7;0;2;0;0;1
202300045674;155 599 521;31;0;2;0;0;0
202300045675;155 599 519;7;0;9;8;1;1
202300045675;155 599 522;80;0;2;1;1;3
202300045676;155 599 516;7;2;0;8;0;1
202300045677;155 599 515;7;0;1;2;1;1
202300045678;155 599 512;7;0;2;2;1;0
202300045679;155 599 511;7;0;2;2;1;1
202300045679;155 599 513;7;0;2;2;1;1
202300045680;155 599 510;2;0;2;1;1;1
202300045680;155 599 514;10;0;2;2;15;1
202300045681;155 599 508;50;0;0;0;25;3
202300045682;155 599 509;31;0;0;0;1;1
202300045683;155 599 507;33;9;0;1;5;1
202300045684;155 599 504;30;0;9;1;21;1
202300045684;155 599 506;99;1;0;7;26;0
202300045685;155 599 503;10;0;2;3;1;1
202300045685;155 599 505;7;0;2;3;1;1
202300045686;155 599 500;7;0;2;1;1;1
202300045686;155 599 502;7;0;2;1;1;1
202300045687;155 599 497;7;0;2;5;1;1
202300045687;155 599 499;7;0;2;4;1;1
202300045687;155 599 501;10;0;2;3;1;1
202300045688;155 599 498;7;0;1;2;16;0
202300045689;155 599 495;33;6;0;7;2;1
202300045690;155 599 494;33;0;0;7;1;1
202300045691;155 599 493;15;0;2;1;1;1
202300045691;155 599 496;7;14;2;4;1;1
202300045692;155 599 490;7;0;2;3;15;1
202300045692;155 599 492;16;0;2;2;1;1
202300045693;155 599 488;17;0;1;1;1;1
202300045694;155 599 487;7;6;0;1;14;1
202300045695;155 599 484;33;0;2;3;17;1
202300045695;155 599 485;7;0;2;3;1;1