Num_Acc;id_vehicule;categorie_vehicule;obstacle_fixe;obstacle_mobile;point_choc_initial;manoeuvre_principale;motorisation
202300046042;155 598 861;36;13;0;1;1;1
202300046043;155 598 859;7;0;1;2;2;1
202300046044;155 598 860;37;0;2;3;1;1
202300046044;155 598 862;7;0;2;0;17;1
202300046045;155 598 857;36;12;0;0;1;1
202300046046;155 598 856;7;0;2;3;2;1
202300046046;155 598 858;7;0;2;5;1;1
202300046047;155 598 853;10;1;0;2;1;1
202300046047;155 598 855;7;0;2;4;24;1
202300046048;155 598 852;50;0;2;1;1;3
202300046048;155 598 854;7;0;2;3;15;1
202300046049;155 598 849;31;0;2;7;26;1
202300046049;155 598 850;7;0;2;3;12;1
202300046050;155 598 848;7;1;0;2;1;1
202300046051;155 598 846;7;6;0;2;1;1
202300046052;155 598 842;1;0;2;1;13;5
202300046052;155 598 844;60;0;2;1;1;5
202300046053;155 598 845;7;4;0;3;1;1
202300046054;155 598 843;7;0;2;8;14;1
202300046054;155 598 847;7;0;2;1;15;1
202300046055;155 598 838;14;0;2;2;1;1
202300046055;155 598 839;1;0;2;3;18;5
202300046056;155 598 837;7;6;0;1;26;1
202300046057;155 598 836;7;0;0;5;23;2
202300046057;155 598 840;7;1;1;1;1;2
202300046057;155 598 841;7;0;6;1;1;1
202300046058;155 598 833;33;0;2;0;0;1
202300046058;155 598 835;32;0;2;1;3;1
202300046059;155 598 829;30;0;2;0;5;1
202300046059;155 598 834;30;0;2;0;21;1
202300046060;155 598 830;33;0;2;1;3;0
202300046060;155 598 832;10;0;2;6;11;0
202300046061;155 598 828;7;6;2;3;5;1
202300046061;155 598 831;7;0;2;6;14;1
202300046062;155 598 824;1;0;5;1;1;5
202300046063;155 598 826;7;0;2;4;1;1
202300046063;155 598 827;13;0;2;1;2;1
202300046064;155 598 822;7;0;2;2;15;6
202300046064;155 598 823;37;0;2;3;15;1
202300046065;155 598 818;7;0;2;4;23;1
202300046065;155 598 820;7;0;2;4;23;1
202300046065;155 598 821;7;0;2;1;2;1
202300046065;155 598 825;7;0;2;4;23;1
202300046066;155 598 816;7;2;0;1;14;1
202300046067;155 598 815;31;0;2;7;1;1
202300046067;155 598 819;7;0;2;3;9;1
202300046068;155 598 814;7;0;2;3;1;1
202300046068;155 598 817;2;0;2;6;15;1
202300046069;155 598 812;7;0;2;1;1;4
202300046069;155 598 813;33;0;2;1;3;1
202300046070;155 598 811;7;0;1;2;1;1
202300046071;155 598 808;1;0;2;8;9;5
202300046071;155 598 809;7;0;9;7;1;1
202300046072;155 598 805;30;0;1;1;1;1
202300046073;155 598 807;7;0;2;1;1;1
202300046073;155 598 810;7;0;2;4;23;1
202300046074;155 598 804;7;0;2;4;0;1
202300046074;155 598 806;33;0;2;1;0;1
202300046075;155 598 802;1;0;2;1;1;5
202300046075;155 598 803;7;0;2;2;1;1
202300046076;155 598 801;33;2;0;1;14;1
202300046077;155 598 799;7;1;1;1;0;1
202300046078;155 598 798;33;0;2;8;3;1
202300046078;155 598 800;7;0;2;7;12;1
202300046079;155 598 795;10;0;2;8;22;1
202300046079;155 598 797;1;0;2;1;7;5
202300046080;155 598 794;7;0;1;1;1;1
202300046081;155 598 793;30;0;2;1;1;1
202300046081;155 598 796;7;0;2;1;1;1
202300046082;155 598 791;15;0;2;5;17;1
202300046082;155 598 792;7;0;2;3;1;1
202300046083;155 598 790;7;0;1;2;16;1
202300046084;155 598 782;13;0;2;1;1;1
202300046084;155 598 784;14;0;2;1;1;1
202300046084;155 598 786;13;0;2;4;1;1
202300046085;155 598 781;10;0;2;1;2;1
202300046085;155 598 783;7;16;0;4;23;1
202300046086;155 598 779;7;0;2;6;19;2
202300046086;155 598 785;7;0;2;1;19;1
202300046087;155 598 780;7;0;2;2;1;0
202300046087;155 598 787;7;0;2;1;0;0
202300046088;155 598 778;7;0;1;8;1;1
202300046089;155 598 776;38;6;0;1;20;1
202300046090;155 598 774;50;0;2;2;26;3
202300046090;155 598 777;7;0;2;1;26;0
202300046091;155 598 772;7;5;0;1;14;1
202300046092;155 598 771;7;0;2;2;1;1
202300046092;155 598 775;7;0;2;3;1;1
202300046093;155 598 770;7;0;2;3;9;1
202300046093;155 598 773;7;0;2;1;1;1
202300046094;155 598 765;33;0;2;1;1;1
202300046094;155 598 768;7;0;2;4;16;1
202300046095;155 598 764;7;0;0;1;16;1
202300046095;155 598 769;7;0;2;8;1;1
202300046096;155 598 763;10;0;9;7;16;1
202300046096;155 598 766;99;0;2;1;1;3
202300046097;155 598 762;7;0;2;6;2;1
202300046097;155 598 767;33;0;2;1;2;1
202300046098;155 598 758;7;0;0;3;15;3
202300046098;155 598 761;7;0;0;1;15;1
202300046099;155 598 757;2;0;2;1;2;1
202300046099;155 598 760;7;0;0;0;0;1
202300046100;155 598 756;7;0;0;8;10;1
202300046100;155 598 759;33;0;2;1;17;1
202300046101;155 598 755;37;0;1;0;7;2
202300046102;155 598 752;7;0;2;1;17;1
202300046102;155 598 754;7;0;2;1;1;1
202300046103;155 598 749;7;0;2;1;1;1
202300046103;155 598 751;7;0;2;3;0;1
202300046104;155 598 745;10;0;0;3;2;1
202300046104;155 598 748;33;0;0;0;0;1
202300046104;155 598 750;10;0;2;2;21;1
202300046104;155 598 753;7;0;0;5;2;1
202300046105;155 598 744;33;0;2;7;1;1
202300046105;155 598 747;7;0;2;3;10;2
202300046106;155 598 743;7;0;2;7;19;1
202300046106;155 598 746;10;0;2;1;1;0
202300046107;155 598 738;7;0;0;;1;1
202300046107;155 598 741;30;11;0;1;17;1
202300046108;155 598 737;10;0;2;1;15;1
202300046108;155 598 740;7;0;2;1;1;1
202300046109;155 598 732;14;0;0;0;1;1
202300046109;155 598 734;10;0;9;3;1;1
202300046110;155 598 730;10;0;2;2;1;1
202300046110;155 598 735;34;0;2;1;1;3
202300046111;155 598 729;7;0;2;3;13;1
202300046111;155 598 731;33;0;2;1;1;1
202300046112;155 598 728;10;1;2;7;17;1
202300046112;155 598 733;80;1;2;8;3;3
202300046112;155 598 736;7;0;2;0;23;1
202300046113;155 598 727;7;11;1;2;2;1
202300046114;155 598 725;21;2;0;0;0;1
202300046115;155 598 724;14;8;1;1;10;1
202300046116;155 598 722;7;2;0;1;13;1
202300046117;155 598 723;50;0;2;1;25;3
202300046117;155 598 726;1;0;2;1;25;5
202300046118;155 598 721;7;0;0;3;2;1
202300046119;155 598 719;1;0;2;6;2;5
202300046119;155 598 720;7;0;2;2;2;1
202300046120;155 598 714;2;0;1;0;17;1
202300046121;155 598 716;7;0;2;1;1;1
202300046121;155 598 718;2;0;2;7;1;1
202300046122;155 598 712;7;1;0;9;2;2
202300046123;155 598 711;7;3;0;3;0;1
202300046124;155 598 709;1;0;1;1;1;5
202300046125;155 598 706;7;0;2;1;1;0
202300046125;155 598 708;7;0;0;8;1;0
202300046125;155 598 710;33;0;2;8;13;6
202300046126;155 598 705;7;0;0;3;26;1
202300046127;155 598 704;7;0;2;1;1;1
202300046127;155 598 707;1;0;2;1;19;5
202300046128;155 598 702;7;15;0;3;1;1
202300046129;155 598 703;7;0;1;7;2;1
202300046130;155 598 701;7;0;1;1;15;1
202300046131;155 598 698;33;0;2;1;5;1
202300046131;155 598 700;10;0;2;1;1;1
202300046132;155 598 694;7;0;0;0;1;1
202300046132;155 598 699;7;0;2;1;19;1
202300046133;155 598 696;10;0;2;2;12;1
202300046133;155 598 697;32;0;2;2;1;1
202300046134;155 598 693;0;0;0;0;0;0
202300046134;155 598 695;30;0;2;0;0;1
202300046135;155 598 690;7;0;1;1;2;1
202300046136;155 598 689;7;1;1;3;13;1
202300046137;155 598 688;7;0;2;3;17;1
202300046137;155 598 692;7;0;2;3;1;1
202300046138;155 598 687;31;0;2;2;1;1
202300046138;155 598 691;30;0;2;3;16;1
202300046139;155 598 686;33;0;6;1;1;1
202300046140;155 598 683;10;0;2;1;16;1
202300046140;155 598 684;10;0;2;4;16;1
202300046141;155 598 681;7;0;0;6;1;2
202300046141;155 598 685;33;0;0;1;1;1
202300046142;155 598 677;30;0;0;1;0;1
202300046143;155 598 678;7;0;0;5;2;1
202300046143;155 598 680;30;0;2;1;2;1
202300046144;155 598 679;32;0;2;1;1;1
202300046144;155 598 682;7;0;2;2;2;1
202300046145;155 598 675;7;0;2;9;11;1
202300046145;155 598 676;7;0;2;1;1;1
202300046146;155 598 673;7;6;0;8;14;1
202300046147;155 598 672;7;1;2;2;14;1
202300046147;155 598 674;2;0;2;1;26;1
202300046148;155 598 670;17;1;1;2;21;1
202300046149;155 598 669;43;0;2;3;18;1
202300046149;155 598 671;7;0;2;2;16;3
202300046150;155 598 666;33;0;0;8;1;1
202300046151;155 598 665;34;0;2;1;13;
202300046151;155 598 668;7;0;2;1;1;
202300046152;155 598 664;33;0;2;1;1;1
202300046152;155 598 667;7;0;2;4;1;1
202300046153;155 598 663;50;0;0;0;1;3
202300046154;155 598 657;7;3;2;1;2;1
202300046154;155 598 660;7;0;2;4;2;1
202300046155;155 598 658;33;15;0;1;0;1
202300046156;155 598 659;7;0;2;2;16;1
202300046156;155 598 661;1;0;2;1;10;5
202300046157;155 598 655;10;0;2;5;14;1
202300046157;155 598 656;33;0;2;3;1;1
202300046158;155 598 652;7;2;0;1;1;1
202300046159;155 598 651;50;0;2;1;1;3
202300046159;155 598 654;7;0;2;7;15;1
202300046160;155 598 649;7;0;2;8;17;1
202300046160;155 598 650;32;0;2;3;1;1
202300046160;155 598 653;7;0;2;5;1;1
202300046161;155 598 648;2;8;0;2;1;1
202300046162;155 598 647;1;0;1;1;1;5
202300046163;155 598 646;7;0;1;2;15;1
202300046164;155 598 640;34;0;2;1;2;1
202300046164;155 598 643;7;0;2;6;2;2
202300046165;155 598 641;2;0;0;0;2;1
202300046165;155 598 644;1;0;0;0;1;5
202300046166;155 598 633;10;0;2;3;15;1
202300046166;155 598 637;32;0;2;2;17;1
202300046167;155 598 634;10;0;2;2;1;1
202300046167;155 598 638;31;0;2;7;2;1
202300046167;155 598 639;7;0;0;6;2;1
202300046168;155 598 632;7;0;2;8;1;1
202300046168;155 598 636;2;0;2;3;13;1
202300046169;155 598 631;7;0;2;3;14;1
202300046169;155 598 635;7;0;2;2;1;1
202300046169;155 598 642;7;0;2;1;1;1
202300046169;155 598 645;7;0;2;8;1;1
202300046170;155 598 629;7;0;1;1;1;1
202300046171;155 598 628;1;0;2;1;1;5
202300046171;155 598 630;7;0;2;1;1;1
202300046172;155 598 625;7;0;2;2;0;1
202300046172;155 598 627;7;3;2;4;0;1
202300046173;155 598 622;30;0;2;2;17;1
202300046173;155 598 624;7;0;2;3;1;4
202300046174;155 598 621;7;0;2;1;19;1
202300046174;155 598 626;7;0;2;7;1;2
202300046175;155 598 619;7;3;0;3;1;1
202300046176;155 598 620;7;0;2;3;10;1
202300046176;155 598 623;33;0;2;1;17;1
202300046177;155 598 617;7;13;0;1;21;1
202300046178;155 598 615;7;0;2;1;1;1
202300046178;155 598 616;7;0;2;4;1;1
202300046179;155 598 614;80;0;2;1;1;3
202300046179;155 598 618;7;0;2;3;1;1
202300046180;155 598 612;10;0;2;3;17;1
202300046180;155 598 613;30;0;2;5;1;1
202300046181;155 598 608;7;0;2;4;2;1
202300046181;155 598 611;7;0;2;1;2;1
202300046182;155 598 606;7;0;2;1;2;1
202300046182;155 598 609;10;0;2;4;2;1
202300046183;155 598 607;7;0;2;1;13;1
202300046183;155 598 610;7;0;2;8;1;1
202300046184;155 598 604;7;0;2;2;14;2
202300046184;155 598 605;32;0;2;8;1;4
202300046185;155 598 602;7;0;1;1;1;1
202300046186;155 598 603;7;0;0;0;0;1
202300046187;155 598 600;7;0;2;4;1;1
202300046187;155 598 601;7;0;2;1;2;1
202300046188;155 598 599;1;0;1;8;1;5
202300046189;155 598 597;7;0;1;0;15;1
202300046190;155 598 596;7;2;0;8;0;1
202300046191;155 598 595;10;0;2;2;9;1
202300046191;155 598 598;7;0;2;1;1;1
202300046192;155 598 593;7;0;1;2;1;2
202300046193;155 598 592;14;0;2;1;13;1
202300046193;155 598 594;1;0;2;7;0;5
202300046194;155 598 590;30;0;0;0;1;1
202300046195;155 598 589;33;0;2;1;1;1
202300046195;155 598 591;7;0;2;3;1;1
202300046196;155 598 585;50;0;2;8;19;3
202300046196;155 598 587;7;0;2;8;1;3
202300046197;155 598 584;7;0;9;3;1;1
202300046197;155 598 588;1;0;2;1;1;5
202300046198;155 598 586;2;0;6;2;1;1
202300046199;155 598 580;7;0;2;4;2;1
202300046199;155 598 583;7;0;0;4;2;1
202300046200;155 598 577;32;0;2;2;17;1
202300046200;155 598 581;7;0;2;3;15;1
202300046201;155 598 578;16;0;2;1;1;1
202300046201;155 598 582;7;0;2;3;15;1
202300046202;155 598 575;0;12;0;0;0;0
202300046203;155 598 574;7;6;1;3;15;1
202300046204;155 598 576;7;0;1;1;15;1
202300046205;155 598 572;7;0;2;2;14;1
202300046205;155 598 573;7;1;0;6;24;1
202300046206;155 598 568;7;1;0;2;2;1
202300046206;155 598 570;7;1;0;8;24;1
202300046207;155 598 566;7;10;2;1;13;1
202300046207;155 598 569;7;0;2;7;0;1
202300046207;155 598 571;7;0;2;2;1;1
202300046208;155 598 567;7;0;1;4;4;1
202300046209;155 598 565;7;0;1;1;26;1
202300046210;155 598 561;7;0;1;1;1;1
202300046211;155 598 562;7;0;2;1;26;1
202300046211;155 598 564;7;0;2;4;2;1
202300046212;155 598 560;2;0;2;3;11;1
202300046212;155 598 563;10;0;2;2;1;1
202300046213;155 598 558;14;0;2;2;2;1
202300046213;155 598 559;7;0;2;3;16;1
202300046214;155 598 553;7;0;2;5;26;1
202300046214;155 598 556;31;0;2;1;1;0
202300046215;155 598 554;7;13;0;9;1;1
202300046216;155 598 552;7;3;0;9;1;1
202300046217;155 598 551;7;0;2;1;19;1
202300046217;155 598 555;7;0;2;3;5;1
202300046217;155 598 557;7;0;2;8;19;1
202300046218;155 598 546;33;12;2;1;0;0
202300046218;155 598 548;33;12;2;4;0;0
202300046219;155 598 544;7;0;0;5;26;1
202300046219;155 598 550;7;0;2;2;2;1
202300046220;155 598 543;7;0;2;6;1;1
202300046220;155 598 545;7;0;2;1;0;1
202300046220;155 598 549;7;0;2;1;1;1
202300046221;155 598 542;7;0;2;1;1;1
202300046221;155 598 547;7;0;2;6;15;1
202300046222;155 598 539;1;0;0;0;1;5
202300046223;155 598 538;33;0;2;4;23;1
202300046223;155 598 541;10;0;2;2;2;1
202300046224;155 598 535;33;0;2;3;1;1
202300046224;155 598 536;7;0;2;2;1;1
202300046225;155 598 529;1;14;9;1;1;5
202300046225;155 598 532;99;0;2;6;15;3
202300046226;155 598 528;1;0;9;7;14;5
202300046226;155 598 530;1;0;9;8;13;5
202300046227;155 598 527;7;0;2;2;2;0
202300046227;155 598 533;7;0;2;1;2;1
202300046228;155 598 525;7;0;2;3;1;1
202300046228;155 598 526;50;0;2;1;15;3
202300046229;155 598 524;7;0;1;1;20;1
202300046230;155 598 522;3;0;1;1;19;0
202300046231;155 598 521;7;0;2;3;13;0
202300046231;155 598 523;7;0;2;3;1;0
202300046232;155 598 516;7;0;2;5;1;1
202300046232;155 598 519;2;0;2;3;1;1
202300046233;155 598 514;50;0;0;0;0;3
202300046234;155 598 513;7;0;2;1;0;1
202300046234;155 598 517;7;0;2;2;0;1
202300046234;155 598 520;7;0;2;1;0;1
202300046235;155 598 515;50;14;0;0;0;3
202300046235;155 598 518;10;0;2;2;1;1
202300046236;155 598 510;30;0;2;1;1;1
202300046236;155 598 512;7;0;2;6;23;1
202300046237;155 598 507;7;0;2;2;19;0
202300046237;155 598 511;33;0;2;1;1;0
202300046238;155 598 504;7;0;1;2;15;1
202300046239;155 598 505;7;0;2;2;9;1
202300046239;155 598 508;33;0;2;1;15;1
202300046240;155 598 506;38;0;2;7;15;1
202300046240;155 598 509;30;0;2;1;1;3
202300046241;155 598 501;7;0;2;1;1;1
202300046241;155 598 503;15;0;0;6;1;1
202300046242;155 598 498;7;0;2;3;1;1
202300046242;155 598 502;10;0;2;2;16;1
202300046243;155 598 499;7;0;1;2;1;1
202300046244;155 598 497;34;0;2;1;1;1
202300046244;155 598 500;10;0;2;2;15;1
202300046245;155 598 496;7;4;0;2;2;1
202300046246;155 598 492;10;0;2;5;15;1
202300046246;155 598 495;30;0;2;8;1;1
202300046247;155 598 491;7;0;2;3;15;1
202300046247;155 598 494;32;0;2;2;17;1
202300046248;155 598 490;7;0;0;0;15;1
202300046248;155 598 493;1;0;2;0;0;5
202300046249;155 598 489;7;3;0;1;17;1
202300046250;155 598 486;43;0;2;0;1;1
202300046251;155 598 487;7;0;2;0;1;1
202300046251;155 598 488;33;0;2;0;1;1
202300046252;155 598 485;7;0;1;1;10;1
202300046253;155 598 483;7;0;2;2;15;1
202300046253;155 598 484;33;13;0;1;1;1
202300046254;155 598 482;7;15;0;1;1;1
202300046255;155 598 480;99;0;1;1;1;3
202300046256;155 598 479;7;6;0;7;1;1
202300046257;155 598 476;10;0;2;8;1;1
202300046257;155 598 478;10;0;2;7;1;1
202300046257;155 598 481;30;0;2;8;11;1
202300046258;155 598 473;7;0;2;1;2;1
202300046258;155 598 475;7;0;2;0;0;1
202300046259;155 598 474;30;1;0;0;1;1
202300046260;155 598 472;7;0;2;1;1;1
202300046260;155 598 477;7;0;2;3;10;1
202300046261;155 598 469;33;0;2;1;1;1
202300046261;155 598 471;7;0;2;6;19;1
202300046262;155 598 466;39;0;2;1;1;6
202300046262;155 598 470;7;0;4;5;2;1
202300046263;155 598 468;1;0;1;3;1;5
202300046264;155 598 465;32;0;2;4;1;1
202300046264;155 598 467;7;0;2;1;1;0
202300046265;155 598 464;33;0;0;0;0;1
202300046266;155 598 462;7;0;2;1;2;0
202300046266;155 598 463;7;0;2;4;16;0
202300046267;155 598 459;34;13;0;2;0;1
202300046268;155 598 460;10;0;1;2;1;1
202300046269;155 598 458;7;12;2;2;17;2
202300046269;155 598 461;7;12;2;6;1;0
202300046270;155 598 456;7;16;0;2;1;1
202300046271;155 598 455;2;0;2;1;1;1
202300046271;155 598 457;10;0;2;2;1;1
202300046272;155 598 454;7;0;1;1;1;2
202300046273;155 598 453;7;0;1;1;11;1
202300046274;155 598 447;50;0;2;2;5;3
202300046274;155 598 450;43;0;2;1;1;1
202300046275;155 598 445;10;0;0;0;17;1
202300046275;155 598 449;7;0;2;1;21;1
202300046275;155 598 452;10;0;2;3;1;1
202300046276;155 598 446;7;0;0;6;1;1
202300046276;155 598 451;10;0;2;2;1;1
202300046277;155 598 444;7;0;2;1;15;1
202300046277;155 598 448;7;0;2;1;26;1
202300046278;155 598 440;14;2;0;1;0;1
202300046279;155 598 439;7;0;2;2;1;1
202300046279;155 598 441;2;0;2;1;25;1
202300046279;155 598 443;7;0;2;3;13;0
202300046280;155 598 437;7;6;0;7;13;1
202300046281;155 598 431;2;0;2;1;1;1
202300046281;155 598 435;7;0;2;4;23;1
202300046282;155 598 432;2;7;0;1;1;1
202300046283;155 598 430;33;0;2;1;3;1
202300046283;155 598 434;7;0;0;5;1;1
202300046284;155 598 428;7;0;2;3;1;2
202300046284;155 598 429;7;0;2;1;1;2
202300046284;155 598 433;7;0;0;4;1;1
202300046284;155 598 436;2;0;2;1;1;1
202300046284;155 598 438;10;0;2;1;1;1
202300046285;155 598 427;1;13;0;1;1;5
202300046286;155 598 426;43;6;0;1;1;1
202300046287;155 598 419;7;0;2;1;1;1
202300046287;155 598 423;7;0;2;3;1;1
202300046287;155 598 425;7;0;2;3;17;1
202300046288;155 598 418;33;0;2;2;5;1
202300046288;155 598 420;7;0;2;2;2;1
202300046289;155 598 421;1;0;2;8;19;5
202300046289;155 598 424;7;0;2;7;1;1
202300046290;155 598 414;1;6;2;7;0;5
202300046290;155 598 416;7;6;2;1;1;1
202300046291;155 598 415;7;0;2;8;15;1
202300046291;155 598 417;7;0;2;1;1;1
202300046292;155 598 412;7;0;2;1;9;1
202300046292;155 598 413;1;0;2;4;9;5
202300046293;155 598 409;50;0;2;8;1;3
202300046293;155 598 410;10;0;2;1;1;1
202300046294;155 598 404;10;0;2;2;1;1
202300046294;155 598 406;7;0;2;1;13;1
202300046294;155 598 408;7;0;2;8;1;1
202300046295;155 598 405;10;0;2;2;1;1
202300046295;155 598 407;7;0;2;3;9;1
202300046296;155 598 402;7;0;9;1;1;1
202300046296;155 598 403;1;0;2;1;1;5
202300046297;155 598 401;7;0;1;2;19;1
202300046298;155 598 400;7;0;1;3;1;1
202300046299;155 598 397;7;0;9;4;2;1
202300046299;155 598 399;7;0;2;1;2;1
202300046300;155 598 396;7;0;1;3;0;1
202300046301;155 598 395;50;0;0;4;13;3
202300046301;155 598 398;15;0;2;2;17;1
202300046302;155 598 393;7;0;2;5;1;1
202300046302;155 598 394;33;0;2;1;11;1
202300046303;155 598 392;7;8;0;3;13;1
202300046304;155 598 390;2;0;0;9;1;1
202300046305;155 598 388;10;0;2;1;2;1
202300046305;155 598 391;7;0;2;4;2;1
202300046306;155 598 387;7;12;1;2;1;0
202300046307;155 598 386;2;0;2;1;1;1
202300046307;155 598 389;10;0;2;3;1;1
202300046308;155 598 384;7;0;2;6;11;2
202300046308;155 598 385;33;0;2;1;1;0
202300046309;155 598 383;7;2;0;1;14;0
202300046310;155 598 380;7;3;0;8;13;1
202300046311;155 598 381;7;0;2;3;16;1
202300046311;155 598 382;50;0;2;1;1;3
202300046312;155 598 379;36;13;0;1;1;1
202300046313;155 598 376;7;0;1;1;1;1
202300046314;155 598 374;10;0;2;4;0;1
202300046314;155 598 375;7;0;2;4;1;1
202300046314;155 598 377;7;0;2;4;1;1
202300046314;155 598 378;7;0;2;1;1;1
202300046315;155 598 372;33;0;2;7;1;1
202300046315;155 598 373;7;0;2;8;0;0
202300046316;155 598 371;7;0;1;1;1;1
202300046317;155 598 369;17;4;2;6;1;1
202300046317;155 598 370;31;4;2;1;14;1
202300046318;155 598 367;33;0;0;1;1;1
202300046319;155 598 366;30;0;2;2;21;3
202300046319;155 598 368;7;0;2;4;20;1
202300046320;155 598 364;33;0;2;1;21;1
202300046320;155 598 365;7;0;2;5;1;1
202300046321;155 598 362;7;4;0;1;14;1
202300046322;155 598 361;7;0;2;1;0;1
202300046322;155 598 363;7;16;2;1;5;1
202300046323;155 598 359;7;0;2;2;26;1
202300046323;155 598 360;15;0;2;6;0;1
202300046324;155 598 355;7;0;2;2;12;1
202300046324;155 598 356;33;0;2;8;18;1
202300046324;155 598 357;7;0;2;4;1;1
202300046325;155 598 354;7;0;2;3;15;1
202300046325;155 598 358;7;0;2;1;0;1
202300046326;155 598 351;7;0;2;1;0;1
202300046326;155 598 353;10;0;2;4;1;1
202300046327;155 598 350;7;0;2;1;1;1
202300046327;155 598 352;7;9;2;4;1;3
202300046328;155 598 349;50;0;0;0;1;3
202300046329;155 598 345;1;0;2;1;15;5
202300046329;155 598 348;7;0;2;1;16;1
202300046330;155 598 344;7;0;2;7;14;2
202300046330;155 598 347;7;0;2;8;26;0
202300046331;155 598 343;7;0;2;1;1;1
202300046331;155 598 346;7;0;2;8;1;1
202300046332;155 598 341;7;0;2;1;1;1
202300046332;155 598 342;7;0;1;4;1;1
202300046333;155 598 340;7;13;0;0;0;0
202300046334;155 598 338;7;4;0;1;1;1
202300046335;155 598 337;7;0;2;2;17;0
202300046335;155 598 339;2;0;0;6;1;1
202300046336;155 598 334;2;0;0;0;0;1
202300046336;155 598 336;7;0;2;3;15;1
202300046337;155 598 332;7;0;2;3;9;1
202300046337;155 598 335;80;0;2;2;1;3
202300046338;155 598 331;7;0;2;7;21;0
202300046338;155 598 333;7;0;2;1;1;0
202300046339;155 598 329;0;0;2;1;16;0
202300046339;155 598 330;7;14;2;1;15;1
202300046340;155 598 328;7;0;1;1;1;0
202300046341;155 598 325;7;0;1;4;4;1
202300046342;155 598 324;33;0;6;1;0;1
202300046343;155 598 323;31;0;2;1;1;1
202300046343;155 598 326;7;0;2;1;15;1
202300046344;155 598 317;7;0;2;8;26;1
202300046344;155 598 319;7;0;2;1;1;1
202300046345;155 598 320;7;4;2;1;1;0
202300046345;155 598 322;7;4;2;4;0;1
202300046346;155 598 314;1;0;2;0;1;5
202300046346;155 598 315;7;0;2;2;15;1
202300046347;155 598 313;7;0;2;2;15;0
202300046347;155 598 316;7;0;2;1;1;0
202300046348;155 598 310;7;0;2;1;13;1
202300046348;155 598 312;7;8;2;6;1;1
202300046349;155 598 309;33;0;2;1;1;1
202300046349;155 598 311;7;0;2;5;15;1
202300046350;155 598 306;7;0;2;1;16;1
202300046350;155 598 308;30;0;2;1;5;1
202300046351;155 598 305;15;0;2;4;24;1
202300046351;155 598 307;10;0;2;1;1;0
202300046352;155 598 304;7;2;0;1;14;1
202300046353;155 598 302;7;0;2;2;15;1
202300046353;155 598 303;1;0;2;1;15;5
202300046354;155 598 300;7;0;2;8;1;1
202300046354;155 598 301;7;0;2;3;1;1
202300046355;155 598 298;32;0;2;1;1;1
202300046355;155 598 299;7;0;2;1;15;2
202300046356;155 598 296;7;0;2;3;9;1
202300046356;155 598 297;1;0;2;1;1;5
202300046357;155 598 295;7;6;0;2;1;1
202300046358;155 598 294;7;0;1;2;1;1
202300046359;155 598 292;7;0;0;3;15;1
202300046359;155 598 293;7;0;2;1;1;1
202300046360;155 598 289;40;0;2;1;1;3
202300046360;155 598 291;7;0;4;3;16;1
202300046361;155 598 288;7;0;2;3;1;1
202300046361;155 598 290;33;0;2;3;13;1
202300046362;155 598 286;7;13;0;1;1;1
202300046363;155 598 285;7;0;2;1;15;1
202300046363;155 598 287;1;0;2;8;1;5
202300046364;155 598 282;33;0;2;1;2;1
202300046364;155 598 284;7;0;2;5;0;1
202300046365;155 598 281;31;0;2;1;7;1
202300046365;155 598 283;10;0;2;7;16;1
202300046366;155 598 280;7;0;1;4;20;1
202300046367;155 598 278;7;0;2;1;1;1
202300046367;155 598 279;7;0;2;1;13;1
202300046368;155 598 276;7;0;0;7;17;1
202300046368;155 598 277;2;13;0;1;1;1
202300046369;155 598 274;7;0;2;3;2;1
202300046369;155 598 275;21;0;2;4;2;1
202300046370;155 598 273;2;8;0;1;1;1
202300046371;155 598 272;30;0;1;1;1;3
202300046372;155 598 270;7;0;2;3;1;1
202300046372;155 598 271;7;0;2;1;16;1
202300046373;155 598 269;10;0;1;4;26;1
202300046374;155 598 268;80;12;0;0;1;3
202300046375;155 598 267;7;0;1;2;1;1
202300046376;155 598 265;7;0;0;6;2;1
202300046376;155 598 266;33;0;2;1;2;1
202300046377;155 598 264;3;0;1;2;1;1
202300046378;155 598 263;7;1;1;3;1;1
202300046379;155 598 262;7;4;0;1;1;1
202300046380;155 598 260;35;1;0;9;13;1
202300046381;155 598 259;7;0;2;4;1;1
202300046381;155 598 261;7;0;2;2;14;1
202300046382;155 598 256;7;6;0;4;1;1
202300046383;155 598 254;7;0;2;1;1;1
202300046383;155 598 257;7;0;2;1;1;1
202300046383;155 598 258;7;0;2;4;1;1
202300046384;155 598 251;7;0;2;6;1;1
202300046384;155 598 253;7;4;2;5;2;1
202300046384;155 598 255;10;0;2;3;13;1
202300046385;155 598 250;34;5;0;1;1;1
202300046386;155 598 249;7;0;9;3;9;1
202300046386;155 598 252;2;0;2;2;1;1
202300046387;155 598 248;33;0;0;7;1;1
202300046388;155 598 245;7;0;2;8;12;1
202300046388;155 598 247;33;0;2;2;1;1
202300046389;155 598 242;7;0;2;4;1;1
202300046389;155 598 243;33;0;2;1;21;1
202300046390;155 598 241;10;0;2;5;15;1
202300046390;155 598 244;7;0;2;1;1;1