Num_Acc;id_vehicule;categorie_vehicule;obstacle_fixe;obstacle_mobile;point_choc_initial;manoeuvre_principale;motorisation
202300046390;155 598 246;7;0;2;6;1;1
202300046391;155 598 236;10;0;1;8;1;1
202300046392;155 598 237;7;0;2;4;2;1
202300046392;155 598 239;7;0;2;4;2;1
202300046392;155 598 240;7;0;2;1;2;1
202300046393;155 598 235;7;0;2;5;1;3
202300046393;155 598 238;7;0;2;2;1;2
202300046394;155 598 231;7;0;2;2;1;1
202300046394;155 598 233;7;0;2;7;15;1
202300046395;155 598 230;30;0;0;2;1;3
202300046396;155 598 228;10;0;1;4;4;1
202300046397;155 598 227;7;0;2;1;2;1
202300046397;155 598 229;7;0;2;4;2;1
202300046397;155 598 232;7;0;2;6;2;1
202300046397;155 598 234;7;0;2;6;2;1
202300046398;155 598 225;10;0;2;1;0;0
202300046398;155 598 226;7;0;2;2;26;1
202300046399;155 598 221;7;0;2;8;0;1
202300046399;155 598 223;33;0;2;7;0;0
202300046400;155 598 222;7;0;2;5;3;1
202300046400;155 598 224;7;0;2;6;1;1
202300046401;155 598 219;1;0;2;1;1;5
202300046401;155 598 220;7;0;2;7;1;1
202300046402;155 598 216;7;0;0;4;1;0
202300046402;155 598 218;7;0;2;1;1;0
202300046403;155 598 213;7;0;2;1;2;1
202300046403;155 598 215;7;0;2;4;2;1
202300046403;155 598 217;7;0;2;4;2;1
202300046404;155 598 212;7;4;0;2;1;1
202300046405;155 598 211;7;0;2;1;1;1
202300046405;155 598 214;7;0;2;5;13;1
202300046406;155 598 210;43;6;0;7;12;1
202300046407;155 598 207;7;0;2;1;1;1
202300046407;155 598 208;50;0;2;4;1;3
202300046408;155 598 206;32;0;2;0;0;1
202300046408;155 598 209;7;0;2;1;1;1
202300046409;155 598 204;7;4;2;8;11;0
202300046409;155 598 205;34;4;2;1;3;1
202300046410;155 598 202;7;0;1;1;1;2
202300046411;155 598 199;7;0;2;2;2;1
202300046411;155 598 200;7;0;2;6;1;1
202300046412;155 598 198;7;0;2;1;13;1
202300046412;155 598 201;7;0;2;3;0;1
202300046412;155 598 203;7;0;2;1;2;1
202300046413;155 598 196;7;0;1;1;16;1
202300046414;155 598 195;33;0;9;1;17;3
202300046414;155 598 197;7;0;9;3;15;1
202300046415;155 598 193;7;3;2;5;1;1
202300046415;155 598 194;7;3;2;3;21;1
202300046416;155 598 190;33;0;2;7;1;1
202300046416;155 598 191;30;0;2;1;15;1
202300046417;155 598 189;60;0;2;3;19;5
202300046417;155 598 192;30;0;2;1;1;0
202300046418;155 598 187;7;0;2;4;1;0
202300046418;155 598 188;7;0;2;1;0;1
202300046419;155 598 184;7;0;1;2;16;1
202300046420;155 598 183;10;0;2;3;15;1
202300046420;155 598 185;7;0;2;6;1;1
202300046420;155 598 186;7;0;2;8;1;1
202300046421;155 598 182;7;8;0;1;2;1
202300046422;155 598 180;7;0;2;3;20;1
202300046422;155 598 181;2;0;2;7;1;1
202300046423;155 598 177;7;0;2;2;1;3
202300046423;155 598 179;7;0;1;4;23;1
202300046424;155 598 174;7;4;2;5;12;1
202300046424;155 598 175;33;4;2;1;3;1
202300046424;155 598 176;7;0;2;0;0;1
202300046424;155 598 178;7;0;2;0;0;1
202300046425;155 598 172;32;0;1;1;1;1
202300046426;155 598 173;7;0;1;1;15;1
202300046427;155 598 169;15;0;2;0;12;1
202300046427;155 598 171;7;0;2;6;1;1
202300046428;155 598 170;7;0;1;2;1;3
202300046429;155 598 166;7;0;2;2;15;1
202300046429;155 598 168;33;0;2;1;1;1
202300046430;155 598 164;10;0;1;1;1;3
202300046431;155 598 162;7;0;2;4;2;1
202300046431;155 598 163;7;0;2;4;2;1
202300046431;155 598 165;7;0;2;1;1;1
202300046431;155 598 167;7;0;2;4;2;1
202300046432;155 598 161;7;0;1;1;1;1
202300046433;155 598 160;30;12;0;1;14;1
202300046434;155 598 159;7;2;0;1;1;1
202300046435;155 598 157;7;0;2;1;17;1
202300046435;155 598 158;7;0;2;4;0;1
202300046436;155 598 154;10;0;2;7;15;1
202300046436;155 598 156;31;0;2;1;1;1
202300046437;155 598 153;10;0;2;3;15;1
202300046437;155 598 155;33;0;2;1;1;1
202300046438;155 598 150;30;0;0;0;21;1
202300046439;155 598 148;7;0;2;4;23;1
202300046439;155 598 149;7;0;2;4;23;1
202300046439;155 598 151;7;0;2;4;23;1
202300046439;155 598 152;7;0;2;1;1;1
202300046440;155 598 146;7;0;1;1;9;0
202300046441;155 598 147;7;0;1;2;1;1
202300046442;155 598 144;7;0;2;4;1;1
202300046442;155 598 145;7;0;2;1;1;1
202300046443;155 598 143;7;8;0;1;14;1
202300046444;155 598 141;1;0;0;1;1;5
202300046444;155 598 142;7;0;0;1;15;1
202300046445;155 598 139;1;0;2;1;0;5
202300046445;155 598 140;14;0;2;1;1;1
202300046446;155 598 138;7;13;0;9;17;0
202300046447;155 598 136;33;0;2;2;17;1
202300046447;155 598 137;7;0;2;3;15;0
202300046448;155 598 135;31;0;0;0;1;1
202300046449;155 598 134;34;13;0;1;1;1
202300046450;155 598 130;7;0;2;1;1;1
202300046450;155 598 131;7;0;2;4;23;1
202300046451;155 598 129;7;0;2;3;1;1
202300046451;155 598 132;7;0;2;3;1;1
202300046451;155 598 133;7;0;2;6;21;1
202300046452;155 598 128;1;0;0;0;1;5
202300046453;155 598 127;7;13;0;1;1;1
202300046454;155 598 126;50;11;0;1;1;3
202300046455;155 598 122;31;0;2;1;3;1
202300046455;155 598 123;7;0;2;3;15;1
202300046456;155 598 124;15;0;2;4;2;1
202300046456;155 598 125;7;0;2;1;2;1
202300046457;155 598 120;7;1;9;8;0;1
202300046457;155 598 121;1;1;0;0;14;5
202300046458;155 598 119;7;6;0;1;13;0
202300046459;155 598 117;1;0;2;2;25;5
202300046459;155 598 118;7;0;9;7;9;1
202300046460;155 598 115;30;0;2;1;13;1
202300046460;155 598 116;7;0;2;3;1;1
202300046461;155 598 114;7;2;0;3;1;1
202300046462;155 598 112;7;0;2;6;16;1
202300046462;155 598 113;1;0;2;0;0;0
202300046463;155 598 109;17;0;2;3;1;1
202300046463;155 598 111;7;0;2;3;13;1
202300046464;155 598 108;7;0;2;3;1;1
202300046464;155 598 110;30;0;2;1;26;1
202300046465;155 598 107;1;0;0;1;1;5
202300046466;155 598 106;7;0;0;0;1;0
202300046467;155 598 104;7;0;2;1;2;1
202300046467;155 598 105;31;0;2;4;2;1
202300046468;155 598 102;33;13;2;4;2;1
202300046468;155 598 103;10;0;2;3;2;1
202300046469;155 598 100;43;0;2;3;1;1
202300046469;155 598 101;7;0;2;1;15;1
202300046470;155 598 097;7;0;2;2;15;1
202300046470;155 598 098;33;0;2;1;1;1
202300046471;155 598 099;7;0;1;6;15;1
202300046472;155 598 095;7;0;2;1;1;1
202300046472;155 598 096;1;0;2;2;15;5
202300046473;155 598 093;50;0;2;8;1;3
202300046473;155 598 094;7;0;9;0;1;1
202300046474;155 598 090;7;0;2;3;15;1
202300046474;155 598 091;2;0;2;7;17;1
202300046475;155 598 092;7;2;0;2;1;1
202300046476;155 598 085;7;0;2;1;5;1
202300046476;155 598 087;7;0;2;1;1;1
202300046477;155 598 080;7;0;2;1;2;0
202300046477;155 598 082;2;0;2;4;2;1
202300046478;155 598 078;3;0;2;3;5;1
202300046478;155 598 081;7;0;2;3;1;1
202300046479;155 598 076;7;0;0;5;1;1
202300046479;155 598 077;7;0;2;3;0;0
202300046479;155 598 079;7;0;2;5;1;1
202300046480;155 598 074;2;3;0;1;1;1
202300046481;155 598 073;7;0;2;3;9;1
202300046481;155 598 075;30;0;2;1;9;1
202300046482;155 598 069;10;0;2;1;2;1
202300046482;155 598 071;32;0;2;4;23;1
202300046483;155 598 070;33;0;2;7;16;1
202300046483;155 598 072;33;0;2;1;0;1
202300046484;155 598 066;2;0;2;1;1;1
202300046484;155 598 068;7;0;0;4;26;1
202300046485;155 598 065;7;0;2;8;15;1
202300046485;155 598 067;7;0;2;1;2;1
202300046486;155 598 061;33;0;2;2;17;1
202300046486;155 598 063;10;0;2;7;15;1
202300046487;155 598 062;7;0;2;1;1;1
202300046487;155 598 064;7;0;0;8;20;1
202300046488;155 598 059;2;0;2;1;1;1
202300046489;155 598 057;7;0;2;1;9;1
202300046489;155 598 058;31;0;2;7;1;1
202300046489;155 598 060;7;0;2;1;1;1
202300046490;155 598 056;7;13;0;1;1;1
202300046491;155 598 052;7;0;2;8;16;1
202300046491;155 598 054;7;0;2;1;1;1
202300046492;155 598 048;15;0;2;2;1;1
202300046492;155 598 050;7;3;2;1;17;1
202300046493;155 598 049;7;0;2;1;2;3
202300046493;155 598 051;7;0;2;4;2;0
202300046493;155 598 053;7;0;2;4;2;1
202300046493;155 598 055;7;0;2;4;2;4
202300046494;155 598 046;10;0;2;2;1;1
202300046494;155 598 047;7;0;0;6;1;1
202300046495;155 598 043;7;0;2;3;13;1
202300046495;155 598 045;7;0;2;3;1;1
202300046496;155 598 042;7;0;2;3;1;1
202300046496;155 598 044;7;12;2;1;13;1
202300046497;155 598 040;37;8;0;7;14;0
202300046498;155 598 039;7;0;2;1;1;1
202300046498;155 598 041;60;0;2;7;19;5
202300046499;155 598 037;7;0;0;6;19;1
202300046499;155 598 038;7;0;2;1;1;1
202300046500;155 598 034;7;0;1;1;15;1
202300046501;155 598 035;1;0;2;8;19;5
202300046501;155 598 036;1;0;2;1;0;5
202300046502;155 598 033;7;6;0;1;19;3
202300046503;155 598 031;7;1;1;2;17;1
202300046504;155 598 029;50;0;2;7;19;3
202300046504;155 598 032;7;0;2;2;1;1
202300046505;155 598 028;33;0;2;1;1;1
202300046505;155 598 030;7;0;0;4;23;1
202300046506;155 598 027;7;1;0;2;21;1
202300046507;155 598 025;7;1;1;2;1;1
202300046508;155 598 021;50;0;2;8;19;3
202300046508;155 598 023;7;0;2;3;1;1
202300046508;155 598 024;33;0;2;1;17;1
202300046509;155 598 019;7;0;2;3;1;1
202300046509;155 598 026;50;0;2;1;1;3
202300046510;155 598 020;10;0;2;1;2;1
202300046510;155 598 022;7;0;2;4;2;1
202300046511;155 598 016;7;0;1;1;1;1
202300046512;155 598 017;30;0;2;1;5;1
202300046512;155 598 018;7;0;2;3;1;1
202300046513;155 598 014;7;0;2;3;26;0
202300046513;155 598 015;50;0;2;0;0;3
202300046514;155 598 011;31;0;2;4;1;1
202300046514;155 598 012;10;0;2;1;1;1
202300046515;155 598 010;50;0;0;0;0;3
202300046516;155 598 009;7;0;1;3;26;0
202300046517;155 598 008;10;0;2;7;1;1
202300046517;155 598 013;7;0;2;1;1;3
202300046518;155 598 003;1;0;2;1;19;5
202300046518;155 598 006;7;0;2;8;1;1
202300046519;155 598 002;17;0;2;2;12;1
202300046519;155 598 004;7;0;2;8;1;1
202300046520;155 598 001;37;0;2;3;1;1
202300046520;155 598 005;7;0;2;0;1;1
202300046520;155 598 007;7;0;2;1;1;1
202300046521;155 597 996;7;0;2;1;1;1
202300046521;155 597 999;43;0;2;4;23;1
202300046522;155 597 995;7;0;2;4;1;1
202300046522;155 597 997;7;0;2;4;0;1
202300046522;155 598 000;7;0;2;1;2;1
202300046523;155 597 992;7;0;2;8;10;1
202300046523;155 597 994;31;0;2;1;1;1
202300046524;155 597 990;31;0;2;8;1;1
202300046524;155 597 991;7;0;2;7;14;1
202300046525;155 597 993;7;0;2;3;15;1
202300046525;155 597 998;33;0;2;1;1;1
202300046526;155 597 987;1;1;0;2;1;5
202300046526;155 597 989;32;1;0;1;1;1
202300046527;155 597 985;7;0;2;1;2;1
202300046527;155 597 988;7;0;2;4;2;1
202300046528;155 597 986;7;0;1;2;26;1
202300046529;155 597 983;7;0;2;8;1;1
202300046529;155 597 984;7;0;2;7;12;0
202300046530;155 597 981;33;0;2;1;2;1
202300046530;155 597 982;7;0;2;4;2;1
202300046531;155 597 977;7;0;0;4;26;0
202300046531;155 597 979;7;0;2;1;1;0
202300046532;155 597 975;10;0;2;1;2;1
202300046532;155 597 978;10;0;2;4;2;1
202300046533;155 597 976;33;0;2;1;1;1
202300046533;155 597 980;7;0;2;3;15;1
202300046534;155 597 974;21;0;0;0;1;1
202300046535;155 597 973;7;4;0;1;1;1
202300046536;155 597 968;7;0;1;3;17;1
202300046536;155 597 971;1;0;2;7;0;5
202300046537;155 597 966;7;4;0;3;1;1
202300046537;155 597 967;7;1;0;1;2;1
202300046537;155 597 970;7;14;0;1;1;1
202300046538;155 597 965;7;0;2;4;2;1
202300046538;155 597 969;7;0;2;1;2;1
202300046538;155 597 972;7;0;2;4;2;1
202300046539;155 597 962;7;0;2;1;2;1
202300046539;155 597 964;15;0;2;4;1;1
202300046540;155 597 963;7;0;1;1;1;1
202300046541;155 597 961;50;0;1;1;25;3
202300046542;155 597 960;32;0;1;2;1;1
202300046543;155 597 956;7;0;2;1;26;1
202300046543;155 597 957;7;0;2;1;0;1
202300046543;155 597 959;7;0;2;1;0;1
202300046544;155 597 955;7;0;1;2;21;1
202300046545;155 597 954;30;0;2;0;26;1
202300046546;155 597 953;33;0;0;0;1;1
202300046547;155 597 952;7;0;2;2;17;1
202300046547;155 597 958;32;0;2;1;1;1
202300046548;155 597 948;7;0;2;8;2;1
202300046548;155 597 951;7;0;2;1;18;1
202300046549;155 597 947;7;0;2;1;11;1
202300046549;155 597 950;7;0;2;1;1;1
202300046550;155 597 946;99;0;2;3;15;1
202300046550;155 597 949;34;6;2;2;17;1
202300046551;155 597 944;30;0;2;1;13;1
202300046551;155 597 945;7;0;2;1;0;1
202300046552;155 597 942;7;0;2;5;16;1
202300046552;155 597 943;80;0;2;8;2;3
202300046553;155 597 938;7;0;2;0;0;0
202300046553;155 597 941;32;0;2;1;15;1
202300046554;155 597 937;10;0;2;2;2;1
202300046554;155 597 940;10;8;0;6;2;1
202300046555;155 597 934;7;0;0;0;1;0
202300046555;155 597 935;7;0;2;3;1;1
202300046555;155 597 936;7;0;2;3;13;0
202300046555;155 597 939;10;0;0;0;1;1
202300046556;155 597 929;7;0;2;1;1;1
202300046556;155 597 933;7;0;2;4;2;1
202300046557;155 597 930;7;0;0;6;15;1
202300046557;155 597 931;33;0;2;1;2;1
202300046558;155 597 932;32;0;1;1;21;1
202300046559;155 597 927;7;0;1;1;1;1
202300046560;155 597 925;7;0;2;1;2;1
202300046560;155 597 928;7;3;2;3;1;1
202300046561;155 597 923;2;0;2;6;15;1
202300046561;155 597 924;34;0;2;1;7;1
202300046562;155 597 920;2;0;2;1;1;1
202300046562;155 597 922;7;0;2;3;19;1
202300046563;155 597 918;7;0;9;1;16;1
202300046563;155 597 919;1;0;2;8;1;5
202300046564;155 597 921;7;0;2;3;0;1
202300046564;155 597 926;7;0;2;6;15;1
202300046565;155 597 915;7;0;2;1;15;1
202300046565;155 597 917;7;0;2;1;1;1
202300046566;155 597 914;7;0;2;7;1;1
202300046566;155 597 916;7;0;2;1;1;1
202300046567;155 597 913;33;0;0;9;1;1
202300046568;155 597 911;7;0;1;3;15;3
202300046569;155 597 909;1;12;2;4;1;5
202300046569;155 597 910;7;0;2;2;1;1
202300046570;155 597 908;7;0;2;3;9;1
202300046570;155 597 912;7;0;2;5;1;1
202300046571;155 597 906;7;1;0;5;0;1
202300046571;155 597 907;7;1;0;1;14;1
202300046572;155 597 904;7;0;2;2;23;0
202300046572;155 597 905;1;0;2;1;2;5
202300046573;155 597 902;7;0;2;2;2;1
202300046573;155 597 903;7;0;2;3;0;1
202300046574;155 597 900;7;0;1;1;1;1
202300046575;155 597 899;33;0;2;1;1;1
202300046575;155 597 901;7;0;2;3;15;1
202300046576;155 597 895;7;0;2;4;2;1
202300046576;155 597 898;7;0;2;1;2;1
202300046577;155 597 893;7;0;2;2;26;2
202300046577;155 597 896;50;0;2;2;19;3
202300046578;155 597 894;7;0;2;1;1;1
202300046578;155 597 897;7;0;2;1;15;1
202300046579;155 597 892;1;0;0;1;0;5
202300046580;155 597 890;33;0;0;0;0;1
202300046580;155 597 891;7;0;2;3;15;1
202300046581;155 597 886;21;0;2;3;1;1
202300046581;155 597 888;7;0;2;2;1;1
202300046582;155 597 885;3;0;2;2;15;0
202300046582;155 597 887;33;0;2;1;1;6
202300046583;155 597 889;50;0;1;1;1;3
202300046584;155 597 882;7;5;0;3;1;1
202300046585;155 597 881;7;0;2;3;19;0
202300046585;155 597 884;33;0;2;3;1;0
202300046586;155 597 880;33;0;2;1;1;1
202300046586;155 597 883;7;0;2;5;23;1
202300046587;155 597 876;7;0;2;3;15;1
202300046587;155 597 879;33;0;2;0;0;1
202300046588;155 597 875;7;0;2;3;1;1
202300046588;155 597 877;7;0;2;1;15;1
202300046589;155 597 869;7;0;2;3;13;1
202300046589;155 597 871;7;0;0;;1;1
202300046589;155 597 873;7;0;2;3;1;1
202300046590;155 597 868;50;0;2;1;1;3
202300046590;155 597 874;7;0;2;8;1;1
202300046591;155 597 866;7;0;2;3;13;1
202300046591;155 597 867;7;0;2;3;13;1
202300046592;155 597 864;7;0;2;8;9;2
202300046592;155 597 865;33;0;2;1;1;1
202300046593;155 597 863;7;13;0;1;13;4
202300046594;155 597 861;7;0;2;3;2;1
202300046594;155 597 862;7;0;2;5;23;1
202300046595;155 597 858;7;1;0;2;1;1
202300046595;155 597 860;7;1;0;5;23;1
202300046596;155 597 857;7;0;9;4;1;0
202300046596;155 597 859;1;0;2;1;1;5
202300046597;155 597 854;34;13;0;2;2;1
202300046598;155 597 852;10;8;2;8;0;1
202300046598;155 597 855;7;0;2;8;1;1
202300046599;155 597 853;7;0;2;4;2;6
202300046599;155 597 856;7;0;2;1;2;1
202300046600;155 597 847;33;0;2;1;1;1
202300046600;155 597 849;7;0;2;3;9;1
202300046600;155 597 850;7;0;2;1;1;1
202300046601;155 597 845;21;13;0;9;1;1
202300046602;155 597 846;33;0;2;1;2;1
202300046602;155 597 848;7;0;2;4;2;1
202300046603;155 597 843;7;0;2;0;0;0
202300046603;155 597 844;2;0;2;0;0;1
202300046604;155 597 840;7;0;0;3;1;1
202300046604;155 597 841;1;0;2;9;1;5
202300046605;155 597 838;33;0;0;0;1;1
202300046605;155 597 842;7;0;2;6;10;1
202300046606;155 597 837;7;0;2;4;13;3
202300046606;155 597 839;31;0;2;1;1;1
202300046607;155 597 834;7;2;0;3;1;1
202300046608;155 597 832;7;0;2;8;1;1
202300046608;155 597 836;7;0;2;1;1;1
202300046609;155 597 833;1;0;2;3;2;5
202300046609;155 597 835;7;0;2;2;17;4
202300046610;155 597 828;7;1;2;4;23;1
202300046610;155 597 830;7;1;2;2;23;1
202300046610;155 597 831;7;0;2;6;1;1
202300046611;155 597 826;7;0;2;1;1;1
202300046611;155 597 829;7;0;2;2;9;1
202300046612;155 597 827;43;0;1;1;17;1
202300046613;155 597 823;1;0;2;8;1;5
202300046613;155 597 825;7;0;9;7;1;1
202300046614;155 597 822;7;0;2;3;19;1
202300046614;155 597 824;33;0;2;7;1;1
202300046615;155 597 819;7;0;2;4;2;1
202300046615;155 597 821;33;0;2;1;14;1
202300046616;155 597 820;7;0;1;1;2;2
202300046617;155 597 817;7;0;2;1;1;1
202300046617;155 597 818;10;0;2;1;13;1
202300046618;155 597 812;7;0;2;2;1;3
202300046618;155 597 816;7;0;2;2;1;1
202300046619;155 597 811;50;0;2;1;25;3
202300046619;155 597 814;7;0;2;2;0;0
202300046620;155 597 813;2;0;2;6;1;1
202300046620;155 597 815;7;0;2;2;9;1
202300046621;155 597 808;30;0;2;1;1;1
202300046621;155 597 810;80;0;2;4;10;3
202300046622;155 597 807;7;0;2;0;1;1
202300046622;155 597 809;7;0;2;1;1;1
202300046623;155 597 806;32;0;1;1;1;1
202300046624;155 597 802;10;0;2;2;2;1
202300046624;155 597 805;17;0;0;6;1;1
202300046625;155 597 801;7;0;0;4;23;1
202300046625;155 597 804;7;0;2;1;23;1
202300046626;155 597 800;7;0;2;8;10;2
202300046626;155 597 803;30;0;2;1;1;1
202300046627;155 597 799;33;0;0;3;11;1
202300046628;155 597 796;10;0;1;3;15;1
202300046629;155 597 798;1;0;1;1;1;5
202300046630;155 597 797;7;1;0;2;1;1
202300046631;155 597 795;32;3;0;7;26;1
202300046632;155 597 792;7;13;0;2;14;2
202300046633;155 597 793;1;0;2;1;1;5
202300046633;155 597 794;7;0;2;5;15;1
202300046634;155 597 791;1;0;1;1;1;5
202300046635;155 597 790;33;0;0;7;2;0
202300046636;155 597 789;1;0;0;0;1;5
202300046637;155 597 787;7;0;2;1;1;2
202300046637;155 597 788;7;0;2;3;10;1
202300046638;155 597 785;7;0;1;1;15;1
202300046639;155 597 784;1;0;1;1;1;5
202300046640;155 597 781;1;0;2;8;19;5
202300046640;155 597 783;7;0;2;1;1;1
202300046641;155 597 777;33;4;2;7;17;1
202300046641;155 597 779;38;0;2;6;13;1
202300046642;155 597 782;13;0;2;8;20;1
202300046642;155 597 786;50;0;2;1;1;3
202300046643;155 597 776;37;0;1;5;0;1
202300046644;155 597 774;33;0;2;7;1;1
202300046644;155 597 775;10;0;0;6;1;1
202300046645;155 597 772;1;0;1;3;2;5
202300046646;155 597 770;7;14;0;3;6;1
202300046647;155 597 768;33;0;2;5;1;1
202300046647;155 597 773;80;0;0;0;1;3
202300046648;155 597 766;43;0;2;1;1;1
202300046648;155 597 767;7;0;2;2;15;1
202300046649;155 597 762;7;0;2;4;0;0
202300046649;155 597 764;32;0;0;0;0;1
202300046650;155 597 769;7;0;0;6;4;1
202300046650;155 597 771;37;0;0;2;1;0
202300046651;155 597 763;33;0;2;1;1;1
202300046651;155 597 765;10;0;2;4;1;1
202300046652;155 597 761;35;8;0;2;1;3
202300046653;155 597 760;7;0;1;8;15;1
202300046654;155 597 759;7;2;0;0;1;1
202300046655;155 597 755;3;0;0;4;1;1
202300046655;155 597 756;7;0;2;1;17;1
202300046656;155 597 753;7;4;0;3;1;1
202300046657;155 597 749;7;0;2;3;13;1
202300046657;155 597 751;7;0;2;3;1;1
202300046658;155 597 750;33;0;2;1;1;1
202300046658;155 597 752;7;0;2;4;1;3
202300046659;155 597 754;30;0;2;1;21;1
202300046659;155 597 758;7;0;2;3;1;0
202300046660;155 597 746;7;0;2;5;1;1
202300046660;155 597 748;31;0;2;1;2;1
202300046661;155 597 743;7;0;2;3;13;1
202300046661;155 597 744;99;0;2;3;1;3
202300046662;155 597 742;7;13;0;7;1;1
202300046663;155 597 745;50;0;2;1;5;3
202300046663;155 597 747;1;0;2;1;2;5
202300046664;155 597 741;7;4;0;1;17;1
202300046665;155 597 740;1;0;1;1;1;5
202300046666;155 597 737;31;8;0;7;14;1
202300046667;155 597 735;7;0;2;1;1;1
202300046667;155 597 738;7;0;2;8;19;1
202300046668;155 597 736;10;0;2;2;9;1
202300046668;155 597 739;33;0;2;1;17;1
202300046669;155 597 731;7;0;2;3;13;1
202300046669;155 597 733;7;0;2;3;1;3
202300046670;155 597 732;7;0;2;0;0;1
202300046670;155 597 734;33;0;2;0;0;1
202300046671;155 597 728;7;0;0;8;13;1
202300046672;155 597 729;17;0;2;1;13;1
202300046672;155 597 730;10;0;2;3;0;1
202300046673;155 597 727;10;0;1;1;0;1
202300046674;155 597 724;7;0;2;1;13;1
202300046674;155 597 726;7;0;2;1;1;1
202300046675;155 597 723;33;0;0;4;23;1
202300046675;155 597 725;10;0;2;2;1;1
202300046676;155 597 720;32;0;2;2;1;1
202300046676;155 597 722;7;0;2;3;1;1
202300046677;155 597 716;7;0;2;2;15;1
202300046677;155 597 719;7;0;2;3;1;1
202300046678;155 597 717;7;1;0;8;2;1
202300046678;155 597 718;15;1;0;8;2;1
202300046678;155 597 721;10;0;2;4;2;1
202300046679;155 597 714;50;0;2;8;9;3
202300046679;155 597 715;7;0;2;2;1;1
202300046680;155 597 713;21;14;0;2;0;1
202300046681;155 597 710;2;6;0;2;14;1
202300046682;155 597 708;50;7;0;0;0;3
202300046682;155 597 711;15;0;9;2;2;0
202300046683;155 597 709;7;9;0;1;14;1
202300046684;155 597 706;31;13;0;0;1;1
202300046685;155 597 704;1;0;2;3;1;5
202300046685;155 597 707;13;0;2;5;13;1
202300046686;155 597 705;7;0;1;3;1;0
202300046687;155 597 703;10;0;1;3;1;1
202300046688;155 597 701;21;0;2;3;1;1
202300046688;155 597 702;7;0;2;3;1;1
202300046689;155 597 695;7;0;0;1;0;0
202300046689;155 597 697;7;0;2;1;21;0
202300046689;155 597 699;7;0;0;8;21;0
202300046690;155 597 698;37;0;0;5;1;1
202300046690;155 597 700;3;0;0;2;9;1
202300046691;155 597 694;7;0;2;2;2;1
202300046691;155 597 696;50;0;2;4;2;3
202300046692;155 597 690;7;0;2;7;13;1
202300046692;155 597 693;7;0;2;1;1;3
202300046693;155 597 689;7;0;2;0;0;0
202300046693;155 597 691;1;0;2;8;19;5
202300046694;155 597 686;7;0;2;3;5;1
202300046694;155 597 687;15;0;2;6;26;1
202300046694;155 597 688;15;0;2;3;21;1
202300046694;155 597 692;7;0;0;0;21;1
202300046695;155 597 684;31;11;0;1;17;1
202300046696;155 597 681;7;2;0;4;1;1
202300046697;155 597 680;7;0;2;2;15;1
202300046697;155 597 685;33;0;2;1;1;1
202300046698;155 597 676;7;0;2;1;1;1
202300046698;155 597 678;7;0;2;1;1;0
202300046699;155 597 673;15;0;1;4;20;1
202300046700;155 597 674;7;0;2;0;0;0
202300046700;155 597 675;7;0;2;0;0;0
202300046701;155 597 672;7;0;2;2;13;1
202300046701;155 597 677;7;0;2;2;1;1
202300046701;155 597 679;7;0;2;3;2;1
202300046702;155 597 670;7;0;2;1;1;1
202300046702;155 597 671;2;0;0;4;1;1
202300046703;155 597 669;33;10;0;8;15;1
202300046704;155 597 667;7;0;1;1;2;1
202300046705;155 597 666;1;1;0;1;1;5
202300046705;155 597 668;14;0;0;4;23;1
202300046706;155 597 661;7;0;2;1;15;1
202300046706;155 597 664;2;0;2;1;1;1
202300046707;155 597 662;7;0;2;6;15;1
202300046707;155 597 665;33;0;2;7;15;1
202300046708;155 597 660;7;0;2;1;2;0
202300046708;155 597 663;17;0;0;4;2;1
202300046709;155 597 659;1;0;1;3;1;5
202300046710;155 597 654;7;0;2;4;1;1
202300046710;155 597 656;7;0;2;1;2;1
202300046711;155 597 652;7;0;0;6;1;1
202300046711;155 597 653;7;3;2;2;17;2
202300046712;155 597 649;10;0;2;1;2;1
202300046712;155 597 650;7;0;2;4;2;1
202300046713;155 597 648;33;0;2;1;1;1
202300046713;155 597 651;33;0;0;4;1;1
202300046714;155 597 646;17;0;0;5;24;1
202300046714;155 597 647;10;3;2;1;2;1
202300046715;155 597 642;7;0;2;4;2;1
202300046715;155 597 645;10;0;2;1;2;1
202300046716;155 597 641;7;0;0;7;2;1
202300046716;155 597 643;10;0;2;1;2;1
202300046717;155 597 640;7;0;2;3;26;1
202300046717;155 597 644;2;0;2;1;1;1
202300046718;155 597 637;7;4;2;1;12;1
202300046718;155 597 639;10;0;2;3;1;1
202300046719;155 597 636;7;0;2;3;0;1
202300046719;155 597 638;2;0;2;1;13;1
202300046720;155 597 634;32;6;2;4;1;1
202300046721;155 597 633;7;13;0;2;14;1
202300046722;155 597 630;7;2;0;1;1;1
202300046723;155 597 631;7;4;0;3;0;1
202300046724;155 597 632;7;0;2;1;5;1
202300046724;155 597 635;7;0;2;1;1;1
202300046725;155 597 629;7;0;1;3;1;1
202300046726;155 597 628;7;0;1;3;1;1
202300046727;155 597 624;10;0;1;3;1;1
202300046728;155 597 625;33;8;0;1;5;1
202300046729;155 597 623;7;0;2;1;1;1
202300046729;155 597 626;15;0;2;3;1;4
202300046729;155 597 627;7;0;2;3;19;1
202300046730;155 597 621;7;8;0;1;14;1