Num_Acc;id_vehicule;categorie_vehicule;obstacle_fixe;obstacle_mobile;point_choc_initial;manoeuvre_principale;motorisation
202300046731;155 597 620;50;0;4;1;19;3
202300046731;155 597 622;40;0;2;1;1;3
202300046732;155 597 618;7;13;2;3;13;1
202300046732;155 597 619;7;13;2;8;1;3
202300046733;155 597 616;7;0;1;2;1;1
202300046734;155 597 615;7;1;0;1;0;1
202300046734;155 597 617;7;0;2;1;24;1
202300046735;155 597 614;7;7;0;9;1;1
202300046736;155 597 613;50;0;1;1;19;3
202300046737;155 597 612;50;0;1;0;16;3
202300046738;155 597 610;7;0;2;8;9;1
202300046738;155 597 611;33;0;2;7;1;1
202300046739;155 597 609;33;8;0;6;1;1
202300046740;155 597 605;34;0;1;2;1;1
202300046741;155 597 603;7;0;2;6;15;0
202300046741;155 597 604;33;0;2;1;17;1
202300046742;155 597 602;7;4;0;1;1;1
202300046743;155 597 599;32;0;0;7;2;1
202300046744;155 597 598;7;0;2;0;0;1
202300046744;155 597 600;1;1;2;8;13;5
202300046744;155 597 601;38;0;2;2;17;1
202300046745;155 597 596;7;0;2;4;11;1
202300046745;155 597 597;7;0;2;4;12;1
202300046746;155 597 593;10;0;2;2;1;1
202300046746;155 597 595;33;0;2;1;1;1
202300046747;155 597 592;7;0;2;4;1;1
202300046747;155 597 594;7;0;2;4;15;0
202300046748;155 597 590;7;0;2;1;2;1
202300046748;155 597 591;7;0;2;4;2;1
202300046749;155 597 588;7;0;2;1;1;1
202300046749;155 597 589;7;0;2;4;1;1
202300046750;155 597 587;7;0;0;1;1;1
202300046751;155 597 580;10;0;2;4;2;1
202300046751;155 597 582;10;0;2;1;2;1
202300046751;155 597 584;7;0;2;1;2;1
202300046752;155 597 579;7;0;2;2;16;1
202300046752;155 597 581;7;0;2;6;23;1
202300046752;155 597 583;7;0;2;6;1;1
202300046752;155 597 586;7;0;2;8;0;1
202300046753;155 597 577;7;0;2;3;1;1
202300046753;155 597 578;7;0;2;5;15;1
202300046753;155 597 585;7;0;2;8;1;1
202300046754;155 597 574;7;0;2;1;1;1
202300046754;155 597 576;7;0;2;4;1;1
202300046755;155 597 573;10;0;2;1;15;1
202300046755;155 597 575;31;0;2;7;17;1
202300046756;155 597 572;7;3;0;1;1;1
202300046757;155 597 570;10;2;0;1;21;6
202300046758;155 597 569;30;0;2;1;15;1
202300046758;155 597 571;7;0;2;3;15;1
202300046759;155 597 567;7;4;0;8;13;1
202300046759;155 597 568;7;4;0;3;1;1
202300046760;155 597 566;33;0;0;3;16;1
202300046761;155 597 564;7;4;0;1;2;1
202300046762;155 597 563;7;0;0;1;11;1
202300046762;155 597 565;32;0;2;1;1;1
202300046763;155 597 562;7;4;0;1;1;1
202300046764;155 597 561;7;0;1;2;1;1
202300046765;155 597 559;7;0;2;2;1;1
202300046765;155 597 560;34;0;2;1;17;1
202300046766;155 597 558;7;4;0;1;1;1
202300046767;155 597 556;7;13;0;1;1;1
202300046768;155 597 555;7;0;2;7;16;1
202300046768;155 597 557;32;0;2;8;18;1
202300046769;155 597 553;10;0;2;4;12;1
202300046769;155 597 554;7;0;2;1;12;1
202300046770;155 597 551;7;0;1;1;1;1
202300046771;155 597 550;7;0;2;2;5;1
202300046771;155 597 552;34;0;2;1;1;1
202300046772;155 597 549;7;4;0;1;1;1
202300046773;155 597 546;7;4;0;1;16;1
202300046774;155 597 545;7;0;2;4;1;1
202300046774;155 597 548;10;0;2;1;1;1
202300046775;155 597 547;10;0;1;2;16;1
202300046776;155 597 543;10;0;1;1;0;0
202300046777;155 597 542;7;13;0;1;13;1
202300046778;155 597 540;7;0;2;9;26;1
202300046778;155 597 541;7;0;2;4;1;1
202300046778;155 597 544;7;0;2;8;1;1
202300046779;155 597 536;7;0;2;1;1;1
202300046779;155 597 538;7;0;2;4;1;1
202300046780;155 597 535;7;0;2;1;2;1
202300046780;155 597 537;7;0;2;4;23;3
202300046780;155 597 539;7;0;2;4;23;1
202300046781;155 597 534;7;0;1;3;1;1
202300046782;155 597 528;10;0;2;4;1;1
202300046782;155 597 531;7;0;2;4;1;1
202300046782;155 597 533;10;0;2;1;1;1
202300046783;155 597 525;10;6;0;4;26;1
202300046784;155 597 526;31;6;0;8;1;1
202300046785;155 597 524;10;0;2;1;1;1
202300046785;155 597 527;7;0;2;9;1;1
202300046785;155 597 529;7;0;0;0;0;1
202300046785;155 597 530;7;0;2;9;1;1
202300046785;155 597 532;7;0;0;0;0;0
202300046786;155 597 522;43;0;1;1;1;1
202300046787;155 597 521;7;2;0;1;1;1
202300046788;155 597 520;33;0;2;1;1;1
202300046788;155 597 523;7;0;2;7;15;1
202300046789;155 597 517;15;0;2;3;1;1
202300046789;155 597 518;80;0;2;4;12;3
202300046790;155 597 515;7;0;1;3;1;1
202300046791;155 597 512;33;0;0;7;26;1
202300046791;155 597 516;7;0;2;3;9;1
202300046792;155 597 511;7;1;1;4;20;2
202300046793;155 597 510;99;0;1;2;1;1
202300046794;155 597 508;7;0;1;2;20;1
202300046795;155 597 509;43;0;6;1;1;1
202300046796;155 597 506;7;0;2;1;9;1
202300046796;155 597 507;7;0;2;4;1;1
202300046797;155 597 504;33;0;2;8;1;1
202300046797;155 597 505;7;0;9;2;3;0
202300046798;155 597 502;33;14;0;1;1;1
202300046799;155 597 500;10;0;2;6;15;1
202300046799;155 597 503;33;13;2;8;1;1
202300046800;155 597 497;31;0;2;1;11;1
202300046800;155 597 499;7;0;2;8;15;1
202300046801;155 597 492;32;1;2;1;21;1
202300046801;155 597 494;10;0;2;3;22;1
202300046802;155 597 488;2;0;2;1;1;1
202300046802;155 597 489;7;0;2;4;1;1
202300046803;155 597 487;7;9;0;1;19;1
202300046803;155 597 490;10;9;0;8;1;1
202300046804;155 597 486;14;3;0;2;1;1
202300046804;155 597 491;7;3;0;2;1;1
202300046805;155 597 484;7;0;2;5;2;1
202300046805;155 597 485;33;0;2;1;2;1
202300046806;155 597 482;10;0;0;4;23;1
202300046806;155 597 483;10;0;2;1;12;1
202300046807;155 597 479;7;0;0;8;24;1
202300046808;155 597 481;7;2;0;2;1;0
202300046809;155 597 478;80;0;2;1;1;3
202300046809;155 597 480;7;0;9;3;16;1
202300046810;155 597 477;7;0;1;3;16;1
202300046811;155 597 475;1;0;0;0;2;5
202300046812;155 597 476;33;6;0;6;21;1
202300046813;155 597 473;7;0;2;1;16;1
202300046813;155 597 474;33;0;2;6;1;1
202300046814;155 597 472;30;0;2;3;1;1
202300046815;155 597 471;7;13;0;1;1;1
202300046816;155 597 470;7;2;0;8;13;1
202300046817;155 597 466;50;0;2;1;19;3
202300046817;155 597 469;7;0;2;3;1;1
202300046818;155 597 465;7;0;2;1;15;1
202300046818;155 597 468;33;0;2;1;19;1
202300046819;155 597 463;7;0;1;2;19;1
202300046820;155 597 462;7;0;2;2;15;1
202300046820;155 597 464;32;0;2;1;1;1
202300046821;155 597 460;7;0;1;2;1;1
202300046822;155 597 461;33;0;0;8;1;1
202300046823;155 597 458;1;0;2;4;15;5
202300046823;155 597 459;7;0;2;2;1;1
202300046824;155 597 454;7;0;9;1;1;1
202300046824;155 597 457;1;0;2;2;26;5
202300046825;155 597 456;7;0;0;0;1;1
202300046826;155 597 453;32;0;2;1;17;1
202300046826;155 597 455;7;0;2;1;15;1
202300046827;155 597 450;1;0;2;1;1;5
202300046827;155 597 452;1;0;2;1;1;5
202300046828;155 597 449;7;0;1;1;17;0
202300046829;155 597 448;7;0;2;1;1;1
202300046829;155 597 451;7;0;0;8;19;3
202300046830;155 597 446;7;0;1;3;1;1
202300046831;155 597 445;7;0;2;5;15;1
202300046831;155 597 447;32;0;2;1;1;1
202300046832;155 597 442;15;0;0;0;0;0
202300046832;155 597 443;7;0;2;2;14;1
202300046833;155 597 439;7;0;9;1;1;1
202300046833;155 597 441;60;0;2;3;19;5
202300046834;155 597 440;33;0;2;1;2;1
202300046834;155 597 444;7;0;0;5;2;1
202300046835;155 597 436;7;8;0;1;1;1
202300046836;155 597 432;10;0;2;1;13;1
202300046836;155 597 435;10;0;2;1;1;1
202300046837;155 597 430;7;0;2;3;15;1
202300046837;155 597 433;7;0;2;3;1;1
202300046838;155 597 431;10;0;2;2;1;1
202300046838;155 597 434;1;0;2;1;1;5
202300046839;155 597 429;7;0;1;2;9;1
202300046840;155 597 428;7;0;2;3;1;1
202300046841;155 597 425;7;8;0;9;1;1
202300046842;155 597 426;1;0;0;9;1;5
202300046842;155 597 427;7;0;0;0;19;1
202300046843;155 597 423;7;0;2;1;9;1
202300046843;155 597 424;50;0;2;7;1;3
202300046844;155 597 418;10;0;2;2;9;1
202300046844;155 597 422;50;0;2;1;9;3
202300046845;155 597 417;7;0;2;3;13;1
202300046845;155 597 420;7;0;2;1;1;1
202300046846;155 597 419;7;0;2;3;16;1
202300046846;155 597 421;33;0;2;1;1;1
202300046847;155 597 414;7;0;1;1;1;1
202300046848;155 597 413;7;0;2;0;16;1
202300046848;155 597 416;31;12;2;0;17;1
202300046849;155 597 412;10;0;9;2;1;1
202300046849;155 597 415;1;0;2;8;19;5
202300046850;155 597 411;43;3;0;8;1;1
202300046851;155 597 410;7;0;1;4;0;0
202300046852;155 597 407;32;0;1;1;1;1
202300046853;155 597 405;7;0;2;4;23;1
202300046853;155 597 408;7;0;2;1;2;1
202300046854;155 597 404;7;0;2;1;5;1
202300046854;155 597 406;7;0;2;1;1;1
202300046854;155 597 409;7;0;2;7;1;3
202300046855;155 597 402;7;0;2;3;13;1
202300046855;155 597 403;7;0;2;3;1;1
202300046856;155 597 401;7;8;0;1;1;1
202300046857;155 597 398;7;3;0;2;14;1
202300046858;155 597 397;7;0;2;1;1;1
202300046858;155 597 400;7;0;2;6;1;1
202300046859;155 597 395;7;0;2;3;13;0
202300046859;155 597 396;7;0;2;3;0;2
202300046859;155 597 399;7;0;2;1;0;1
202300046860;155 597 392;7;0;2;4;2;1
202300046860;155 597 394;7;0;2;1;26;1
202300046861;155 597 390;7;0;0;0;0;1
202300046861;155 597 393;7;12;0;1;15;1
202300046862;155 597 391;33;2;0;1;1;1
202300046863;155 597 387;1;0;2;8;1;5
202300046863;155 597 389;7;0;2;1;1;1
202300046864;155 597 386;33;0;0;0;1;1
202300046865;155 597 388;7;0;1;1;9;1
202300046866;155 597 383;7;1;2;1;19;1
202300046866;155 597 384;50;0;2;1;19;3
202300046867;155 597 382;7;0;2;1;1;0
202300046867;155 597 385;2;0;2;1;1;1
202300046868;155 597 378;7;0;2;5;15;1
202300046868;155 597 381;33;0;2;1;1;1
202300046869;155 597 377;7;0;2;8;15;1
202300046869;155 597 380;7;0;2;1;1;1
202300046870;155 597 376;30;0;2;1;1;1
202300046870;155 597 379;10;0;2;3;1;1
202300046871;155 597 373;2;0;1;1;1;1
202300046872;155 597 372;32;0;2;1;0;1
202300046872;155 597 375;7;0;2;1;0;0
202300046873;155 597 370;30;0;2;7;9;1
202300046873;155 597 374;7;0;2;3;9;1
202300046874;155 597 367;33;0;2;1;17;1
202300046874;155 597 368;2;0;2;8;19;1
202300046875;155 597 369;7;0;2;5;19;1
202300046875;155 597 371;33;0;2;1;1;1
202300046876;155 597 364;7;0;2;2;2;1
202300046876;155 597 366;7;0;2;3;2;1
202300046877;155 597 363;7;0;2;1;1;0
202300046877;155 597 365;2;0;2;8;1;1
202300046878;155 597 361;7;6;0;1;13;1
202300046879;155 597 359;33;13;0;1;1;1
202300046880;155 597 358;33;0;2;1;3;1
202300046880;155 597 360;7;0;2;2;1;1
202300046880;155 597 362;7;0;2;5;1;2
202300046881;155 597 354;50;0;2;8;13;3
202300046881;155 597 356;7;0;2;2;1;3
202300046882;155 597 355;32;0;2;1;1;1
202300046882;155 597 357;7;0;2;1;15;1
202300046883;155 597 353;43;0;1;1;17;1
202300046884;155 597 352;7;0;1;1;1;2
202300046885;155 597 350;7;0;2;7;17;0
202300046885;155 597 351;7;14;0;8;15;0
202300046886;155 597 348;7;0;2;7;16;1
202300046886;155 597 349;2;0;2;3;3;1
202300046887;155 597 347;33;0;6;1;3;1
202300046888;155 597 345;14;0;2;6;1;1
202300046888;155 597 346;1;0;2;1;15;5
202300046889;155 597 340;7;0;0;3;22;1
202300046889;155 597 342;30;1;0;1;2;3
202300046890;155 597 339;7;0;0;1;1;1
202300046890;155 597 341;7;0;0;3;1;2
202300046891;155 597 338;7;2;0;3;13;1
202300046892;155 597 336;33;0;2;3;1;1
202300046892;155 597 337;80;0;2;1;15;3
202300046893;155 597 334;7;0;2;8;1;1
202300046893;155 597 335;33;0;2;9;5;1
202300046894;155 597 333;7;0;1;1;15;1
202300046895;155 597 332;7;5;0;1;1;1
202300046896;155 597 330;7;13;0;2;1;1
202300046897;155 597 329;43;0;2;6;1;1
202300046897;155 597 331;10;0;2;1;1;1
202300046898;155 597 328;10;4;0;3;16;1
202300046899;155 597 326;7;0;2;3;15;1
202300046899;155 597 327;50;0;2;1;5;3
202300046900;155 597 324;33;0;0;1;1;1
202300046901;155 597 323;7;3;0;4;1;1
202300046901;155 597 325;10;0;2;1;1;1
202300046902;155 597 322;14;0;1;3;15;0
202300046903;155 597 321;7;0;0;9;2;1
202300046904;155 597 319;7;0;2;2;1;1
202300046904;155 597 320;1;0;2;1;19;5
202300046905;155 597 316;7;0;2;7;13;2
202300046905;155 597 317;43;1;2;7;17;1
202300046906;155 597 318;32;4;0;1;1;1
202300046907;155 597 313;7;0;2;3;13;1
202300046907;155 597 315;7;0;2;2;1;0
202300046908;155 597 312;33;0;2;4;10;1
202300046908;155 597 314;32;0;2;1;1;1
202300046909;155 597 311;37;0;1;2;1;6
202300046910;155 597 309;7;0;2;3;20;1
202300046910;155 597 310;2;1;0;1;19;1
202300046911;155 597 304;7;0;2;3;13;1
202300046911;155 597 306;7;0;2;1;1;1
202300046912;155 597 303;7;0;2;1;2;0
202300046912;155 597 305;50;0;2;4;23;3
202300046912;155 597 307;7;0;2;4;23;0
202300046912;155 597 308;37;0;2;4;23;6
202300046913;155 597 300;7;0;2;2;16;0
202300046913;155 597 301;43;0;2;3;26;0
202300046914;155 597 299;7;0;9;2;2;1
202300046914;155 597 302;80;0;2;8;2;3
202300046915;155 597 297;34;0;0;4;23;1
202300046915;155 597 298;14;0;2;1;2;1
202300046916;155 597 296;33;1;0;4;1;1
202300046917;155 597 294;7;0;2;7;1;1
202300046917;155 597 295;43;0;2;8;1;1
202300046918;155 597 293;7;13;0;0;1;1
202300046919;155 597 291;10;12;2;3;15;0
202300046919;155 597 292;43;12;0;2;6;1
202300046920;155 597 290;0;0;1;3;1;0
202300046921;155 597 288;7;0;2;5;1;1
202300046921;155 597 289;37;0;2;3;9;1
202300046922;155 597 287;33;12;0;1;1;1
202300046923;155 597 285;1;0;2;2;1;5
202300046923;155 597 286;10;0;2;3;1;1
202300046924;155 597 283;7;0;2;3;1;1
202300046924;155 597 284;50;0;2;3;13;3
202300046925;155 597 282;1;0;1;1;21;5
202300046926;155 597 280;36;0;2;1;1;0
202300046926;155 597 281;7;0;2;1;15;0
202300046927;155 597 279;30;0;0;0;0;1
202300046928;155 597 278;1;2;0;1;0;5
202300046929;155 597 276;99;0;2;2;2;0
202300046929;155 597 277;7;0;2;3;1;1
202300046930;155 597 274;10;0;2;2;15;1
202300046930;155 597 275;1;0;2;1;1;5
202300046931;155 597 272;33;0;2;0;0;1
202300046931;155 597 273;7;2;0;5;19;1
202300046932;155 597 270;7;0;2;2;16;0
202300046932;155 597 271;1;0;2;8;1;5
202300046933;155 597 268;7;0;2;6;10;1
202300046933;155 597 269;32;0;2;2;17;1
202300046934;155 597 266;50;0;9;1;5;3
202300046934;155 597 267;80;0;9;1;0;3
202300046935;155 597 265;1;0;0;0;0;5
202300046936;155 597 263;32;0;2;7;17;3
202300046936;155 597 264;7;0;2;8;17;1
202300046937;155 597 262;7;1;0;3;26;0
202300046938;155 597 259;10;0;2;2;0;1
202300046938;155 597 260;33;0;2;8;11;1
202300046939;155 597 258;7;0;2;2;1;1
202300046939;155 597 261;7;6;2;3;1;1
202300046940;155 597 257;30;8;0;3;1;1
202300046941;155 597 255;33;0;0;0;1;1
202300046942;155 597 254;7;0;2;1;1;1
202300046942;155 597 256;7;0;2;8;5;1
202300046943;155 597 253;33;3;0;0;1;1
202300046944;155 597 250;10;0;0;2;10;1
202300046944;155 597 251;30;0;0;1;1;1
202300046945;155 597 248;7;0;2;1;1;1
202300046945;155 597 249;31;0;2;7;1;1
202300046946;155 597 247;2;6;0;0;0;1
202300046947;155 597 245;7;0;9;8;23;1
202300046947;155 597 246;80;0;2;2;17;3
202300046948;155 597 244;33;0;5;1;1;1
202300046949;155 597 243;7;2;0;1;1;1
202300046950;155 597 241;7;0;2;3;9;1
202300046950;155 597 242;1;0;2;1;1;5
202300046951;155 597 240;7;1;1;4;24;1
202300046952;155 597 238;7;0;2;3;9;1
202300046952;155 597 239;32;0;2;2;1;1
202300046953;155 597 236;10;0;2;1;1;1
202300046953;155 597 237;7;0;2;8;1;0
202300046954;155 597 235;33;14;0;1;1;1
202300046955;155 597 233;33;0;2;3;0;1
202300046955;155 597 234;33;0;2;3;0;1
202300046956;155 597 231;7;0;2;1;1;1
202300046956;155 597 232;7;0;2;1;0;1
202300046957;155 597 230;7;8;0;1;19;0
202300046958;155 597 227;7;0;9;1;15;1
202300046958;155 597 229;1;0;2;1;1;5
202300046959;155 597 226;7;0;2;1;17;1
202300046959;155 597 228;7;0;2;1;1;1
202300046960;155 597 223;7;0;2;2;1;1
202300046960;155 597 224;7;0;2;2;10;1
202300046961;155 597 222;7;0;0;3;19;0
202300046961;155 597 225;33;0;2;7;1;0
202300046962;155 597 220;7;13;0;3;1;1
202300046963;155 597 219;7;0;2;7;1;1
202300046963;155 597 221;1;0;2;8;1;5
202300046964;155 597 216;33;8;0;1;14;0
202300046965;155 597 215;7;0;2;5;19;1
202300046965;155 597 217;7;0;2;2;1;1
202300046966;155 597 213;33;13;0;0;13;1
202300046967;155 597 212;7;0;2;3;13;1
202300046967;155 597 214;33;0;2;1;1;1
202300046968;155 597 210;7;0;1;2;1;0
202300046969;155 597 209;7;3;0;1;1;1
202300046970;155 597 208;31;8;0;1;14;1
202300046971;155 597 207;7;0;0;2;1;1
202300046972;155 597 205;7;0;9;2;1;0
202300046972;155 597 206;50;0;2;1;5;3
202300046973;155 597 203;7;3;2;2;11;1
202300046973;155 597 204;17;0;2;6;1;1
202300046974;155 597 201;10;0;2;1;13;1
202300046974;155 597 202;7;0;0;1;1;1
202300046975;155 597 200;7;6;0;3;0;1
202300046976;155 597 199;33;3;0;7;14;1
202300046977;155 597 198;33;3;0;8;0;1
202300046978;155 597 196;7;2;2;9;16;1
202300046978;155 597 197;7;0;2;1;1;1
202300046979;155 597 195;7;13;0;2;14;0
202300046980;155 597 192;7;0;2;2;26;0
202300046980;155 597 194;;0;2;0;0;0
202300046981;155 597 191;33;0;0;0;1;1
202300046982;155 597 193;1;0;0;0;0;5
202300046983;155 597 189;7;0;0;3;13;1
202300046983;155 597 190;7;0;0;3;1;1
202300046984;155 597 187;10;2;0;1;13;1
202300046985;155 597 185;7;0;2;6;0;0
202300046985;155 597 186;7;12;0;5;26;0
202300046986;155 597 184;33;10;0;1;14;1
202300046987;155 597 183;33;3;0;3;9;1
202300046988;155 597 181;7;0;2;3;16;1
202300046988;155 597 182;80;0;2;2;1;3
202300046989;155 597 180;7;16;0;1;1;1
202300046990;155 597 179;7;2;0;1;0;1
202300046991;155 597 177;1;0;2;0;17;5
202300046991;155 597 178;10;0;9;6;16;1
202300046992;155 597 174;7;0;2;1;2;1
202300046992;155 597 175;7;0;2;4;2;1
202300046992;155 597 176;7;0;2;4;2;1
202300046993;155 597 172;1;0;2;1;1;5
202300046993;155 597 173;1;0;0;6;21;5
202300046994;155 597 170;33;0;2;3;1;1
202300046994;155 597 171;7;0;2;3;15;1
202300046995;155 597 167;7;0;2;1;23;3
202300046995;155 597 168;33;0;2;1;1;1
202300046995;155 597 169;7;0;2;7;19;1
202300046996;155 597 166;7;0;1;2;1;1
202300046997;155 597 164;7;0;2;2;15;1
202300046997;155 597 165;50;0;2;1;1;3
202300046998;155 597 163;1;0;0;0;1;5
202300046999;155 597 161;7;0;2;1;15;1
202300046999;155 597 162;1;0;2;1;1;5
202300047000;155 597 157;50;0;2;1;2;3
202300047000;155 597 158;50;0;2;4;17;3
202300047001;155 597 156;7;4;0;1;1;1
202300047002;155 597 154;7;0;2;2;15;0
202300047002;155 597 155;33;0;2;1;1;1
202300047003;155 597 152;15;4;9;1;13;1
202300047004;155 597 150;33;0;2;8;5;1
202300047004;155 597 151;7;0;2;3;5;1
202300047005;155 597 148;7;0;2;5;15;1
202300047005;155 597 149;31;0;2;1;1;1
202300047006;155 597 147;7;8;0;9;15;1
202300047007;155 597 145;7;0;2;1;1;1
202300047007;155 597 146;7;0;2;2;9;1
202300047008;155 597 144;7;8;0;3;13;1
202300047009;155 597 142;33;14;0;1;2;1
202300047009;155 597 143;10;0;0;4;23;1
202300047010;155 597 140;7;0;2;3;16;1
202300047010;155 597 141;31;0;0;8;1;1
202300047011;155 597 137;10;0;2;4;1;1
202300047011;155 597 138;7;0;0;0;21;2
202300047011;155 597 139;7;0;2;1;5;2
202300047012;155 597 136;7;2;0;1;14;0
202300047013;155 597 134;43;0;2;1;1;1
202300047013;155 597 135;7;0;2;3;15;1
202300047014;155 597 132;1;0;2;1;2;5
202300047014;155 597 133;7;0;0;4;23;3
202300047015;155 597 130;33;0;0;1;1;0
202300047015;155 597 131;99;0;2;7;19;5
202300047016;155 597 129;31;0;0;9;21;1
202300047017;155 597 127;7;0;2;4;15;1
202300047017;155 597 128;33;0;2;1;17;1
202300047018;155 597 126;7;8;0;1;2;2
202300047019;155 597 124;7;0;2;8;19;1
202300047019;155 597 125;10;0;2;1;1;1
202300047020;155 597 123;99;2;0;1;1;1
202300047021;155 597 122;7;2;0;1;1;1
202300047022;155 597 121;7;0;1;1;1;1
202300047023;155 597 119;10;0;2;8;13;1
202300047023;155 597 120;33;0;2;1;1;1
202300047024;155 597 118;31;0;0;1;1;1
202300047025;155 597 117;2;13;0;1;13;1
202300047026;155 597 116;7;2;0;1;0;1
202300047027;155 597 115;7;8;0;1;14;1
202300047028;155 597 113;33;0;2;1;13;1
202300047028;155 597 114;7;0;2;2;1;2
202300047029;155 597 112;7;4;0;3;0;1
202300047030;155 597 110;7;0;2;3;15;1
202300047030;155 597 111;33;0;2;1;1;1
202300047031;155 597 108;7;0;2;3;13;1
202300047031;155 597 109;7;0;2;3;1;1
202300047032;155 597 107;7;0;1;1;1;1
202300047033;155 597 105;10;0;0;0;1;1
202300047033;155 597 106;1;0;2;3;1;5
202300047034;155 597 104;2;0;0;1;1;1
202300047035;155 597 102;33;0;2;1;1;1
202300047035;155 597 103;7;0;2;1;15;2
202300047036;155 597 101;7;4;0;3;13;1
202300047037;155 597 100;7;0;1;4;4;1
202300047038;155 597 098;7;0;9;1;5;0
202300047038;155 597 099;1;0;2;1;5;5
202300047039;155 597 096;7;0;2;4;24;1
202300047039;155 597 097;33;0;2;1;2;1
202300047040;155 597 094;7;0;2;3;15;1
202300047040;155 597 095;2;0;2;1;13;1
202300047041;155 597 093;1;0;0;0;1;5
202300047042;155 597 091;7;0;2;2;1;6
202300047042;155 597 092;7;0;2;2;13;6
202300047043;155 597 090;7;0;0;7;1;0
202300047044;155 597 089;33;13;0;1;1;1
202300047045;155 597 087;7;0;0;6;15;1
202300047045;155 597 088;33;0;2;1;1;1
202300047046;155 597 086;7;6;0;1;19;1
202300047047;155 597 085;7;8;0;1;1;1
202300047048;155 597 084;7;15;1;1;21;1
202300047049;155 597 082;7;0;2;2;1;1
202300047049;155 597 083;1;0;2;5;19;5
202300047050;155 597 080;7;0;2;2;1;1
202300047050;155 597 081;7;0;0;3;1;1
202300047051;155 597 078;99;0;2;5;21;1
202300047051;155 597 079;2;1;0;5;2;1
202300047052;155 597 077;7;0;1;2;1;1
202300047053;155 597 075;7;0;2;1;15;0
202300047053;155 597 076;43;0;2;1;1;1
202300047054;155 597 072;34;0;2;1;3;1
202300047054;155 597 073;14;0;2;0;1;1
202300047054;155 597 074;14;0;2;0;1;1
202300047055;155 597 070;7;0;2;1;16;1
202300047055;155 597 071;50;0;2;7;1;3
202300047056;155 597 068;33;0;2;8;1;1
202300047056;155 597 069;7;0;2;8;1;1
202300047057;155 597 066;30;0;2;1;1;1
202300047057;155 597 067;7;0;2;3;16;1
202300047058;155 597 064;7;0;2;2;15;1
202300047058;155 597 065;32;0;2;1;1;1
202300047059;155 597 063;7;0;0;2;1;1
202300047060;155 597 062;7;0;1;3;15;1
202300047061;155 597 059;34;0;2;1;3;1
202300047061;155 597 060;14;0;0;5;1;1
202300047061;155 597 061;7;0;0;5;1;1
202300047062;155 597 058;7;0;1;3;1;1
202300047063;155 597 056;1;12;2;0;5;5
202300047063;155 597 057;38;0;0;1;0;1
202300047064;155 597 055;7;2;0;8;0;1
202300047065;155 597 054;7;0;1;2;19;1
202300047066;155 597 052;7;0;2;0;2;0
202300047066;155 597 053;80;0;2;4;19;3
202300047067;155 597 051;7;0;1;2;1;1
202300047068;155 597 049;7;0;2;3;1;6
202300047068;155 597 050;7;0;2;2;0;1
202300047069;155 597 048;2;0;0;4;1;1
202300047070;155 597 045;7;0;2;8;15;1
202300047070;155 597 046;33;0;2;2;17;1
202300047070;155 597 047;33;0;2;2;17;1
202300047071;155 597 044;7;0;0;0;1;0
202300047072;155 597 042;7;0;2;3;13;1
202300047072;155 597 043;15;0;2;3;1;1
202300047073;155 597 041;33;0;0;7;1;1
202300047074;155 597 039;7;0;2;3;1;1
202300047074;155 597 040;7;0;2;3;3;1
202300047075;155 597 038;2;0;0;1;2;1
202300047076;155 597 035;7;0;2;8;1;1
202300047076;155 597 036;15;0;2;1;1;1
202300047076;155 597 037;7;0;2;3;13;1
202300047077;155 597 034;33;0;0;0;17;1
202300047078;155 597 033;2;0;0;0;1;0
202300047079;155 597 031;2;0;2;1;16;1
202300047079;155 597 032;7;0;2;2;1;1
202300047080;155 597 030;2;0;0;0;1;1
202300047081;155 597 029;7;0;1;4;24;1
202300047082;155 597 028;33;13;0;7;1;1
202300047083;155 597 025;7;0;2;1;17;1
202300047083;155 597 026;10;13;2;4;15;1
202300047084;155 597 024;33;7;0;2;1;1
202300047085;155 597 022;10;0;0;6;1;1
202300047085;155 597 023;7;0;2;1;1;1
202300047086;155 597 020;7;0;2;1;1;0
202300047086;155 597 021;2;0;2;1;15;0
202300047087;155 597 019;33;3;0;2;2;1
202300047088;155 597 018;7;2;0;2;1;1
202300047089;155 597 016;1;0;2;8;15;5
202300047089;155 597 017;7;0;2;1;1;1
202300047090;155 597 014;33;0;2;2;17;0
202300047090;155 597 015;7;0;2;6;1;0
202300047091;155 597 013;7;0;1;2;1;1
202300047092;155 597 012;7;6;0;0;1;1
202300047093;155 597 010;7;0;2;2;1;1
202300047093;155 597 011;7;0;2;3;1;1
202300047094;155 597 008;7;0;2;2;1;1
202300047094;155 597 009;10;0;2;1;15;1
202300047095;155 597 006;7;0;2;3;1;0
202300047095;155 597 007;10;0;2;3;1;1
202300047096;155 597 005;7;0;1;1;1;0
202300047097;155 597 004;7;2;0;1;0;1
202300047098;155 597 002;33;0;2;1;13;1
202300047098;155 597 003;7;0;2;1;1;1
202300047099;155 597 001;7;14;0;1;13;1
202300047100;155 597 000;7;0;1;2;1;1
202300047101;155 596 999;7;3;0;1;1;1
202300047102;155 596 998;1;0;0;0;1;5