Num_Acc;id_vehicule;categorie_vehicule;obstacle_fixe;obstacle_mobile;point_choc_initial;manoeuvre_principale;motorisation
202300047103;155 596 996;33;13;2;1;13;1
202300047103;155 596 997;7;0;2;1;15;1
202300047104;155 596 994;50;0;2;1;16;3
202300047104;155 596 995;7;0;0;6;1;1
202300047105;155 596 993;7;2;0;1;1;1
202300047106;155 596 991;7;3;2;3;15;0
202300047106;155 596 992;7;0;2;3;1;0
202300047107;155 596 989;7;0;2;3;1;1
202300047107;155 596 990;33;0;2;1;13;1
202300047108;155 596 988;7;13;0;9;1;1
202300047109;155 596 985;7;0;2;3;1;1
202300047109;155 596 986;7;0;2;1;1;1
202300047109;155 596 987;7;0;2;3;1;1
202300047110;155 596 982;7;8;0;1;6;1
202300047111;155 596 981;37;0;1;7;1;0
202300047112;155 596 979;37;0;2;2;2;1
202300047112;155 596 980;14;0;0;6;16;1
202300047113;155 596 977;32;0;2;1;2;1
202300047113;155 596 978;80;0;2;8;1;3
202300047114;155 596 976;33;3;0;1;1;1
202300047115;155 596 974;7;0;0;6;16;1
202300047115;155 596 975;7;7;2;1;17;1
202300047116;155 596 972;7;0;2;3;17;1
202300047116;155 596 973;33;13;2;8;1;1
202300047117;155 596 969;;0;1;0;2;0
202300047118;155 596 967;10;0;9;3;1;0
202300047118;155 596 968;1;0;2;1;16;5
202300047119;155 596 965;10;0;2;2;2;1
202300047119;155 596 966;36;4;0;6;2;3
202300047120;155 596 962;7;0;2;1;13;1
202300047120;155 596 963;2;0;2;0;0;1
202300047120;155 596 964;7;0;2;1;1;1
202300047121;155 596 960;7;3;2;1;13;1
202300047121;155 596 961;10;0;2;1;1;1
202300047122;155 596 958;7;0;2;2;13;1
202300047122;155 596 959;7;0;2;2;13;1
202300047123;155 596 956;3;0;9;2;17;1
202300047123;155 596 957;80;0;2;4;1;3
202300047124;155 596 954;80;0;2;1;1;3
202300047124;155 596 955;7;0;2;2;15;1
202300047125;155 596 952;7;0;2;2;1;1
202300047125;155 596 953;7;13;0;5;1;1
202300047126;155 596 951;1;13;0;0;0;5
202300047127;155 596 949;33;0;2;7;1;1
202300047127;155 596 950;7;0;2;3;19;1
202300047128;155 596 948;7;8;1;1;15;1
202300047129;155 596 946;7;0;0;3;13;1
202300047129;155 596 947;7;0;0;3;1;1
202300047130;155 596 944;33;0;2;0;0;0
202300047130;155 596 945;7;0;2;8;0;0
202300047131;155 596 943;7;1;0;1;2;0
202300047132;155 596 942;31;0;0;8;1;3
202300047133;155 596 940;7;0;2;3;1;1
202300047133;155 596 941;7;0;2;3;1;1
202300047134;155 596 939;33;0;0;0;1;1
202300047135;155 596 938;7;0;1;4;20;1
202300047136;155 596 935;50;0;2;7;17;3
202300047136;155 596 936;33;0;0;8;13;0
202300047137;155 596 934;7;0;1;3;1;1
202300047138;155 596 932;7;0;2;2;26;0
202300047138;155 596 933;7;0;2;1;26;1
202300047139;155 596 931;36;8;0;1;1;3
202300047140;155 596 929;7;0;2;2;15;1
202300047140;155 596 930;14;0;2;8;15;1
202300047141;155 596 923;1;0;2;7;1;5
202300047141;155 596 924;7;0;2;3;22;1
202300047142;155 596 921;7;0;2;2;1;1
202300047142;155 596 922;7;0;2;5;11;6
202300047143;155 596 920;10;0;1;1;1;1
202300047144;155 596 918;50;0;2;1;1;3
202300047144;155 596 919;7;0;2;7;16;1
202300047145;155 596 916;50;0;2;0;0;3
202300047145;155 596 917;7;0;9;0;0;0
202300047146;155 596 915;7;0;1;1;26;1
202300047147;155 596 913;7;7;2;2;1;2
202300047147;155 596 914;7;0;2;3;15;1
202300047148;155 596 912;31;3;0;0;3;0
202300047149;155 596 910;7;0;2;3;1;1
202300047149;155 596 911;7;0;2;3;1;1
202300047150;155 596 908;1;0;2;1;1;5
202300047150;155 596 909;10;0;9;3;9;1
202300047151;155 596 906;7;0;2;2;23;1
202300047151;155 596 907;7;10;2;3;18;1
202300047152;155 596 904;7;0;2;3;1;1
202300047152;155 596 905;7;0;2;3;0;1
202300047153;155 596 903;7;14;0;1;1;1
202300047154;155 596 901;15;0;2;6;19;1
202300047154;155 596 902;7;0;2;1;1;1
202300047155;155 596 899;99;13;2;3;1;1
202300047155;155 596 900;7;13;2;7;19;1
202300047156;155 596 897;7;0;2;1;1;1
202300047156;155 596 898;7;0;2;1;5;1
202300047157;155 596 896;7;2;0;2;1;1
202300047158;155 596 895;7;6;0;3;0;3
202300047159;155 596 894;10;13;0;1;1;1
202300047160;155 596 893;7;6;0;3;1;1
202300047161;155 596 892;7;0;0;3;0;1
202300047162;155 596 890;7;0;2;1;1;1
202300047162;155 596 891;7;0;2;4;1;1
202300047163;155 596 888;7;0;2;1;1;1
202300047163;155 596 889;7;0;2;4;2;1
202300047164;155 596 887;7;4;0;1;1;1
202300047165;155 596 886;7;3;0;1;9;1
202300047166;155 596 884;7;0;2;4;23;0
202300047166;155 596 885;10;0;2;1;2;1
202300047167;155 596 883;7;4;0;1;26;1
202300047168;155 596 880;10;0;2;8;11;1
202300047168;155 596 881;7;0;2;7;1;1
202300047168;155 596 882;7;0;2;2;1;1
202300047169;155 596 879;7;4;0;1;0;1
202300047170;155 596 876;7;0;2;3;1;1
202300047170;155 596 877;7;0;2;2;1;1
202300047170;155 596 878;99;0;2;0;2;1
202300047171;155 596 875;33;0;0;9;1;1
202300047172;155 596 872;10;0;2;7;2;1
202300047172;155 596 873;10;0;2;1;15;1
202300047172;155 596 874;10;0;2;1;16;1
202300047173;155 596 871;7;0;1;1;1;1
202300047174;155 596 870;7;0;1;1;1;1
202300047175;155 596 867;7;0;2;8;15;1
202300047175;155 596 868;7;0;2;2;17;1
202300047175;155 596 869;10;0;2;3;1;1
202300047176;155 596 865;7;16;2;3;15;1
202300047176;155 596 866;33;0;2;1;1;1
202300047177;155 596 864;33;12;0;1;17;1
202300047178;155 596 863;7;0;1;1;1;1
202300047179;155 596 861;13;0;2;1;0;1
202300047179;155 596 862;30;0;2;1;17;1
202300047180;155 596 855;10;0;2;4;2;1
202300047180;155 596 856;7;0;2;2;1;1
202300047180;155 596 857;7;0;2;8;0;0
202300047180;155 596 858;7;0;2;5;1;1
202300047180;155 596 859;10;3;2;1;1;1
202300047180;155 596 860;7;3;2;0;0;1
202300047181;155 596 853;7;0;2;2;1;1
202300047181;155 596 854;7;0;2;3;1;1
202300047182;155 596 851;2;0;2;1;1;1
202300047182;155 596 852;7;0;2;2;1;1
202300047183;155 596 849;7;0;2;1;13;1
202300047183;155 596 850;7;0;2;1;1;1
202300047184;155 596 848;7;0;1;1;1;0
202300047185;155 596 846;7;0;2;1;2;1
202300047185;155 596 847;7;0;2;4;1;1
202300047186;155 596 844;7;16;0;1;13;1
202300047186;155 596 845;7;16;0;1;1;1
202300047187;155 596 842;7;0;2;1;9;1
202300047187;155 596 843;32;0;2;8;9;1
202300047188;155 596 840;7;0;2;2;16;1
202300047188;155 596 841;31;0;2;1;1;1
202300047189;155 596 835;33;0;2;9;3;1
202300047189;155 596 836;7;0;2;6;12;1
202300047189;155 596 837;7;0;2;4;12;1
202300047189;155 596 838;7;0;2;1;2;1
202300047189;155 596 839;7;0;2;6;2;1
202300047190;155 596 831;10;0;2;1;2;1
202300047190;155 596 832;10;0;2;4;2;1
202300047191;155 596 830;7;4;0;1;13;1
202300047192;155 596 828;1;0;2;1;1;5
202300047192;155 596 829;7;0;2;3;17;1
202300047193;155 596 826;7;0;2;1;13;1
202300047193;155 596 827;15;0;2;1;1;1
202300047194;155 596 825;7;0;1;1;2;1
202300047195;155 596 823;34;0;2;1;1;1
202300047195;155 596 824;7;0;2;5;15;1
202300047196;155 596 821;32;0;2;7;17;1
202300047196;155 596 822;10;0;2;3;15;1
202300047197;155 596 819;7;0;2;8;1;1
202300047197;155 596 820;7;0;2;3;0;1
202300047198;155 596 817;7;0;2;3;15;1
202300047198;155 596 818;31;0;2;1;11;1
202300047199;155 596 814;7;0;0;0;0;0
202300047199;155 596 815;99;0;2;7;25;3
202300047199;155 596 816;99;0;2;7;25;0
202300047200;155 596 812;31;0;2;1;1;1
202300047200;155 596 813;7;0;2;6;1;1
202300047201;155 596 803;50;0;2;1;0;3
202300047201;155 596 804;7;0;2;1;1;1
202300047202;155 596 801;10;0;2;1;2;1
202300047202;155 596 802;7;0;2;4;2;1
202300047203;155 596 799;7;0;2;8;1;1
202300047203;155 596 800;30;0;2;1;26;1
202300047204;155 596 797;7;0;2;8;26;1
202300047204;155 596 798;10;15;2;1;26;1
202300047205;155 596 795;7;0;2;1;11;1
202300047205;155 596 796;7;0;2;1;1;1
202300047206;155 596 793;7;0;2;1;17;1
202300047206;155 596 794;7;0;2;3;15;1
202300047207;155 596 791;7;0;2;3;26;1
202300047207;155 596 792;7;0;2;1;26;1
202300047208;155 596 789;7;0;2;3;9;1
202300047208;155 596 790;2;0;2;5;1;1
202300047209;155 596 787;33;0;2;1;1;1
202300047209;155 596 788;33;0;2;4;1;1
202300047210;155 596 785;7;0;2;2;9;1
202300047210;155 596 786;50;0;2;2;5;3
202300047211;155 596 782;40;0;2;1;1;3
202300047211;155 596 783;7;0;4;8;15;1
202300047211;155 596 784;7;0;4;6;21;1
202300047212;155 596 781;7;0;1;0;1;1
202300047213;155 596 779;7;0;2;3;15;1
202300047213;155 596 780;50;0;2;8;1;3
202300047214;155 596 778;7;0;1;1;16;1
202300047215;155 596 776;7;0;2;7;15;1
202300047215;155 596 777;33;0;2;1;8;1
202300047216;155 596 775;7;0;1;2;1;1
202300047217;155 596 774;7;0;1;3;16;1
202300047218;155 596 772;50;0;2;0;0;3
202300047218;155 596 773;7;0;2;1;15;1
202300047219;155 596 771;7;0;1;4;4;1
202300047220;155 596 769;1;0;2;1;15;5
202300047220;155 596 770;7;0;9;1;16;0
202300047221;155 596 768;33;0;0;7;16;1
202300047222;155 596 767;33;0;0;0;9;1
202300047223;155 596 765;7;0;2;3;16;1
202300047223;155 596 766;7;0;2;1;1;1
202300047224;155 596 762;7;0;2;1;2;1
202300047224;155 596 764;7;0;2;4;2;1
202300047225;155 596 763;50;0;1;1;1;3
202300047226;155 596 758;1;1;0;1;1;5
202300047226;155 596 760;7;0;2;3;24;1
202300047227;155 596 759;7;0;2;3;15;1
202300047227;155 596 761;2;0;2;1;1;1
202300047228;155 596 757;33;14;0;1;2;1
202300047229;155 596 753;7;0;2;3;15;1
202300047229;155 596 755;33;0;2;1;1;1
202300047230;155 596 754;7;0;2;4;1;1
202300047230;155 596 756;7;0;2;1;2;1
202300047231;155 596 752;7;8;0;2;1;1
202300047232;155 596 750;7;0;2;3;1;1
202300047232;155 596 751;33;0;1;1;17;1
202300047233;155 596 748;7;0;2;8;15;1
202300047233;155 596 749;15;0;2;3;1;1
202300047234;155 596 744;7;0;9;2;17;1
202300047234;155 596 746;1;13;2;5;2;5
202300047234;155 596 747;7;0;2;3;17;6
202300047235;155 596 745;7;0;1;1;1;1
202300047236;155 596 743;10;0;1;2;0;1
202300047237;155 596 741;7;13;0;8;1;1
202300047238;155 596 740;7;0;0;4;2;1
202300047238;155 596 742;30;0;2;1;2;1
202300047239;155 596 739;7;8;0;9;1;1
202300047240;155 596 736;7;0;0;5;24;0
202300047240;155 596 737;33;1;0;1;21;0
202300047241;155 596 735;2;0;2;1;26;1
202300047241;155 596 738;7;0;2;1;15;1
202300047242;155 596 734;33;0;0;9;14;1
202300047243;155 596 730;7;4;0;2;17;1
202300047243;155 596 732;7;0;2;3;18;0
202300047244;155 596 731;10;0;2;2;16;1
202300047244;155 596 733;1;0;2;0;0;5
202300047245;155 596 727;7;0;2;1;15;1
202300047245;155 596 729;33;0;2;7;1;1
202300047246;155 596 726;7;0;2;1;2;1
202300047246;155 596 728;7;0;2;4;2;1
202300047247;155 596 725;30;1;0;2;1;1
202300047248;155 596 724;7;0;1;2;1;3
202300047249;155 596 722;7;0;2;1;13;2
202300047249;155 596 723;7;0;2;1;1;1
202300047250;155 596 719;7;0;2;3;1;1
202300047250;155 596 720;7;0;2;3;13;1
202300047251;155 596 717;7;0;2;1;1;1
202300047251;155 596 718;7;0;2;7;21;2
202300047251;155 596 721;7;0;2;1;13;1
202300047252;155 596 715;7;0;2;3;17;1
202300047252;155 596 716;7;0;2;1;1;1
202300047253;155 596 714;33;0;0;3;2;1
202300047254;155 596 712;7;0;2;3;24;1
202300047254;155 596 713;1;1;0;1;1;5
202300047255;155 596 711;33;17;0;1;21;1
202300047256;155 596 707;50;0;2;1;26;3
202300047256;155 596 708;7;0;2;1;1;1
202300047257;155 596 709;7;0;2;5;16;1
202300047257;155 596 710;1;0;2;0;1;5
202300047258;155 596 706;1;0;0;0;1;5
202300047259;155 596 705;7;0;9;3;1;0
202300047260;155 596 702;7;1;1;1;1;0
202300047261;155 596 703;7;0;1;1;1;1
202300047262;155 596 701;7;2;0;1;16;0
202300047263;155 596 699;7;2;0;1;1;1
202300047264;155 596 698;10;0;2;2;10;1
202300047264;155 596 700;32;0;2;1;1;1
202300047265;155 596 697;7;13;0;1;1;1
202300047266;155 596 696;7;0;9;3;15;1
202300047267;155 596 694;32;0;2;1;1;1
202300047267;155 596 695;7;0;2;2;15;1
202300047268;155 596 692;2;0;2;1;2;1
202300047268;155 596 693;7;0;2;6;2;1
202300047269;155 596 689;32;0;2;1;23;1
202300047269;155 596 691;7;0;2;3;15;1
202300047270;155 596 688;50;0;0;4;15;3
202300047270;155 596 690;1;0;9;1;21;5
202300047271;155 596 685;7;0;0;6;1;1
202300047271;155 596 686;33;0;0;1;2;1
202300047272;155 596 683;7;0;2;4;2;1
202300047272;155 596 684;7;0;2;1;2;1
202300047272;155 596 687;7;0;2;4;2;1
202300047273;155 596 679;7;14;0;3;0;1
202300047273;155 596 681;7;0;2;8;1;1
202300047273;155 596 682;17;0;2;0;21;0
202300047274;155 596 678;30;0;2;3;16;3
202300047274;155 596 680;7;0;2;3;23;1
202300047275;155 596 676;7;0;2;3;15;1
202300047275;155 596 677;7;0;2;3;1;1
202300047276;155 596 675;7;0;1;1;1;1
202300047277;155 596 674;7;0;0;1;1;0
202300047278;155 596 671;10;0;2;3;9;1
202300047278;155 596 673;1;0;2;7;1;5
202300047279;155 596 672;7;0;1;1;1;1
202300047280;155 596 667;7;0;9;3;1;1
202300047280;155 596 669;1;0;2;2;1;5
202300047281;155 596 668;7;0;9;1;1;1
202300047281;155 596 670;1;0;2;1;1;5
202300047282;155 596 664;7;0;0;4;23;1
202300047282;155 596 666;7;1;0;1;1;1
202300047283;155 596 665;33;0;1;8;21;1
202300047284;155 596 661;7;12;2;3;1;1
202300047284;155 596 663;10;0;2;3;1;1
202300047285;155 596 660;7;0;2;7;9;1
202300047285;155 596 662;7;0;2;3;1;1
202300047286;155 596 658;7;0;2;8;1;1
202300047286;155 596 659;7;0;2;1;1;1
202300047287;155 596 656;7;0;0;3;15;0
202300047288;155 596 655;7;0;2;1;10;1
202300047288;155 596 657;7;0;2;2;1;1
202300047289;155 596 654;7;2;0;1;1;1
202300047290;155 596 652;7;13;0;7;1;1
202300047291;155 596 651;7;0;2;1;2;1
202300047291;155 596 653;7;0;2;1;2;1
202300047292;155 596 649;7;0;1;8;1;1
202300047293;155 596 648;1;0;0;7;9;5
202300047293;155 596 650;7;0;9;3;9;1
202300047294;155 596 645;43;0;1;1;0;1
202300047295;155 596 641;7;0;2;1;9;1
202300047295;155 596 644;31;0;2;1;3;3
202300047296;155 596 638;7;0;2;3;9;1
202300047296;155 596 640;1;0;2;1;1;5
202300047297;155 596 632;1;0;2;4;9;5
202300047297;155 596 635;0;0;2;0;9;0
202300047298;155 596 633;7;1;0;3;13;1
202300047298;155 596 636;7;0;2;7;23;1
202300047299;155 596 631;7;0;2;4;2;1
202300047299;155 596 634;7;0;2;1;2;1
202300047300;155 596 629;7;0;0;9;13;1
202300047301;155 596 627;7;0;2;3;1;1
202300047301;155 596 630;7;0;2;3;15;1
202300047302;155 596 626;33;0;2;3;3;1
202300047302;155 596 628;7;0;2;5;12;1
202300047303;155 596 625;7;0;0;1;1;1
202300047304;155 596 621;31;0;2;1;1;1
202300047304;155 596 623;7;0;2;2;15;1
202300047305;155 596 620;14;0;2;3;1;1
202300047305;155 596 622;33;0;2;3;3;1
202300047305;155 596 624;10;0;2;7;1;1
202300047306;155 596 619;31;0;0;9;14;1
202300047307;155 596 616;7;0;2;3;26;1
202300047307;155 596 618;1;0;2;1;25;5
202300047308;155 596 615;33;0;2;7;1;1
202300047308;155 596 617;7;0;2;6;11;1
202300047309;155 596 613;7;0;1;3;26;1
202300047310;155 596 614;2;0;0;4;26;1
202300047311;155 596 611;7;0;2;6;1;1
202300047311;155 596 612;7;0;2;2;11;1
202300047312;155 596 609;7;0;1;1;17;1
202300047313;155 596 610;7;0;1;2;2;1
202300047314;155 596 608;7;0;1;1;20;0
202300047315;155 596 606;10;0;1;4;4;1
202300047316;155 596 605;7;0;2;1;1;1
202300047316;155 596 607;32;0;2;4;23;1
202300047317;155 596 599;7;0;2;8;22;1
202300047317;155 596 601;1;0;2;1;1;5
202300047318;155 596 600;7;0;2;1;5;1
202300047318;155 596 604;7;0;2;1;1;1
202300047319;155 596 598;7;0;2;1;1;1
202300047319;155 596 602;7;0;2;4;1;1
202300047319;155 596 603;7;0;2;4;1;1
202300047320;155 596 596;7;0;1;3;16;1
202300047321;155 596 595;7;0;2;2;0;1
202300047321;155 596 597;15;0;2;8;1;6
202300047322;155 596 594;7;2;0;1;14;1
202300047323;155 596 592;7;0;2;6;2;1
202300047323;155 596 593;43;0;2;1;3;1
202300047324;155 596 591;31;0;1;1;1;1
202300047325;155 596 589;33;3;0;3;9;1
202300047326;155 596 587;50;8;0;0;26;3
202300047327;155 596 588;7;0;2;0;1;1
202300047327;155 596 590;7;0;2;3;1;1
202300047328;155 596 584;36;3;0;2;1;1
202300047329;155 596 580;7;0;2;1;2;1
202300047329;155 596 582;7;0;2;1;2;1
202300047329;155 596 585;7;0;2;4;2;1
202300047330;155 596 577;7;0;2;2;23;2
202300047330;155 596 579;7;0;2;7;23;4
202300047330;155 596 581;7;0;2;6;23;1
202300047330;155 596 583;32;14;2;8;3;1
202300047330;155 596 586;10;0;2;5;23;1
202300047331;155 596 576;7;0;1;3;1;1
202300047332;155 596 573;31;0;1;1;1;1
202300047333;155 596 574;15;0;0;4;2;1
202300047333;155 596 575;14;0;2;1;2;1
202300047333;155 596 578;16;0;2;6;2;1
202300047334;155 596 572;30;0;2;3;1;1
202300047335;155 596 569;30;0;2;4;23;1
202300047335;155 596 571;10;12;2;0;1;1
202300047336;155 596 568;10;0;2;1;2;1
202300047336;155 596 570;17;0;0;4;2;1
202300047337;155 596 567;37;0;2;0;26;1
202300047338;155 596 562;14;13;2;1;5;1
202300047338;155 596 564;7;16;2;3;1;1
202300047339;155 596 560;7;0;2;4;2;1
202300047339;155 596 561;7;0;2;1;2;1
202300047339;155 596 563;7;0;2;1;2;1
202300047340;155 596 559;33;0;1;3;1;1
202300047341;155 596 558;7;12;0;3;13;6
202300047342;155 596 555;7;0;2;0;23;1
202300047342;155 596 556;7;0;2;1;4;1
202300047343;155 596 554;31;0;2;1;1;1
202300047343;155 596 557;7;0;2;6;1;1
202300047344;155 596 553;7;0;1;7;14;1
202300047345;155 596 550;7;0;2;1;1;1
202300047345;155 596 552;7;0;2;2;1;6
202300047346;155 596 549;7;0;2;7;15;1
202300047346;155 596 551;33;0;2;1;1;1
202300047347;155 596 545;32;0;2;1;17;1
202300047347;155 596 547;7;0;2;3;15;2
202300047348;155 596 544;7;0;2;1;1;1
202300047348;155 596 548;7;0;2;8;15;1
202300047349;155 596 543;7;0;2;2;16;1
202300047349;155 596 546;33;0;2;1;1;1
202300047350;155 596 541;30;0;2;1;1;1
202300047350;155 596 542;7;0;2;3;1;2
202300047351;155 596 538;50;0;2;9;1;3
202300047351;155 596 539;7;0;2;5;4;1
202300047352;155 596 537;10;0;2;2;1;1
202300047352;155 596 540;7;0;0;6;23;1
202300047353;155 596 536;1;12;0;1;1;5
202300047354;155 596 534;7;0;2;1;15;2
202300047354;155 596 535;80;0;2;1;1;3
202300047355;155 596 531;7;0;2;6;20;1
202300047355;155 596 533;2;0;2;0;0;3
202300047356;155 596 529;10;0;2;1;1;1
202300047356;155 596 532;7;0;2;5;1;1
202300047357;155 596 527;7;0;1;1;1;2
202300047358;155 596 525;10;0;2;1;2;1
202300047358;155 596 526;10;0;2;4;2;1
202300047359;155 596 523;7;0;1;2;1;1
202300047360;155 596 521;7;0;1;1;15;1
202300047361;155 596 520;10;0;2;1;23;1
202300047361;155 596 522;7;0;0;0;11;1
202300047361;155 596 524;33;0;2;1;21;1
202300047362;155 596 517;7;0;2;4;23;1
202300047362;155 596 518;7;0;2;1;1;1
202300047362;155 596 519;7;0;2;4;23;1
202300047363;155 596 516;31;4;0;7;1;1
202300047364;155 596 514;7;0;2;0;0;1
202300047364;155 596 515;1;0;2;0;0;5
202300047365;155 596 513;7;0;1;1;9;1
202300047366;155 596 511;10;0;0;6;15;1
202300047366;155 596 512;33;0;2;1;13;1
202300047367;155 596 509;7;1;0;3;13;2
202300047368;155 596 508;7;0;1;2;1;1
202300047369;155 596 507;34;12;9;3;1;1
202300047370;155 596 510;7;0;1;1;11;1
202300047371;155 596 505;30;0;1;1;1;1
202300047372;155 596 503;7;0;2;7;1;1
202300047372;155 596 506;10;0;2;1;19;1
202300047373;155 596 502;7;0;2;3;2;0
202300047373;155 596 504;50;0;2;2;2;3
202300047374;155 596 500;31;0;2;1;26;1
202300047374;155 596 501;7;0;2;7;26;1
202300047375;155 596 497;7;0;2;1;19;1
202300047375;155 596 499;0;0;2;0;0;6
202300047376;155 596 496;7;0;2;1;1;1
202300047376;155 596 498;2;0;2;4;26;1
202300047377;155 596 493;7;0;2;3;13;1
202300047377;155 596 495;33;0;2;0;0;1
202300047378;155 596 491;37;0;0;0;0;0
202300047378;155 596 494;7;0;0;0;0;0
202300047379;155 596 490;1;0;2;1;0;5
202300047379;155 596 492;7;0;9;1;1;1
202300047380;155 596 486;7;0;1;1;16;1
202300047381;155 596 482;7;0;2;7;2;1
202300047381;155 596 484;1;0;0;8;2;5
202300047382;155 596 480;10;0;2;2;0;2
202300047382;155 596 483;2;0;2;1;0;1
202300047383;155 596 479;7;0;2;1;0;0
202300047383;155 596 481;7;0;2;4;0;0
202300047384;155 596 476;10;0;1;2;0;1
202300047385;155 596 477;7;4;0;0;17;1
202300047386;155 596 471;14;0;0;1;1;1
202300047386;155 596 472;3;0;0;8;15;1
202300047387;155 596 470;10;0;0;7;1;1
202300047387;155 596 473;33;0;2;1;1;1
202300047388;155 596 469;7;0;2;4;2;1
202300047388;155 596 474;7;0;2;4;2;1
202300047388;155 596 475;10;0;2;1;2;0
202300047388;155 596 478;7;0;2;1;2;1
202300047389;155 596 468;7;0;1;1;2;1
202300047390;155 596 466;7;0;9;2;1;1
202300047390;155 596 467;1;0;2;1;1;5
202300047391;155 596 463;7;0;2;8;0;1
202300047391;155 596 465;7;0;2;2;12;1
202300047392;155 596 460;33;4;2;1;21;1
202300047392;155 596 462;7;0;2;3;1;0
202300047393;155 596 461;1;0;2;1;1;5
202300047393;155 596 464;50;0;2;1;13;3
202300047394;155 596 456;80;0;0;0;1;3
202300047394;155 596 458;10;0;0;0;15;1
202300047395;155 596 455;7;0;1;2;1;1
202300047396;155 596 454;10;0;2;7;2;1
202300047396;155 596 457;7;0;2;8;13;1
202300047396;155 596 459;33;0;2;7;3;1
202300047397;155 596 453;7;0;1;2;1;1
202300047398;155 596 452;7;0;1;1;1;1
202300047399;155 596 449;7;13;0;2;1;1
202300047400;155 596 450;33;0;2;3;1;1
202300047400;155 596 451;7;0;2;5;12;1
202300047401;155 596 448;10;0;1;2;1;1
202300047402;155 596 446;7;0;1;1;1;1
202300047403;155 596 445;10;0;2;2;12;1
202300047403;155 596 447;17;0;2;6;12;1
202300047404;155 596 444;7;16;0;9;1;1
202300047405;155 596 443;7;6;0;2;16;1
202300047406;155 596 439;7;0;2;2;1;1
202300047406;155 596 441;7;0;2;8;1;0
202300047406;155 596 442;32;0;2;1;3;0
202300047407;155 596 437;33;0;2;7;1;1
202300047407;155 596 440;7;0;2;2;15;1
202300047408;155 596 434;33;0;2;1;3;1
202300047408;155 596 436;7;0;2;4;2;1
202300047409;155 596 433;7;15;0;6;14;1
202300047410;155 596 432;7;0;2;6;1;1
202300047410;155 596 435;7;12;2;3;1;1
202300047411;155 596 430;33;0;2;1;3;1
202300047411;155 596 431;7;0;2;4;2;1
202300047412;155 596 429;7;6;0;2;0;0
202300047413;155 596 428;7;0;1;3;1;1
202300047414;155 596 424;7;0;2;4;1;1
202300047414;155 596 427;14;0;2;1;1;1
202300047415;155 596 423;7;0;2;3;10;1
202300047415;155 596 426;2;0;2;2;1;1
202300047416;155 596 422;7;0;2;3;15;0
202300047416;155 596 425;2;0;2;1;1;0
202300047417;155 596 418;10;0;2;1;2;1
202300047417;155 596 421;17;0;2;4;2;1
202300047418;155 596 417;7;0;2;3;0;1
202300047418;155 596 420;32;0;2;1;17;1
202300047419;155 596 416;3;0;2;1;13;1
202300047419;155 596 419;14;0;2;3;1;1
202300047420;155 596 413;7;13;0;2;1;0
202300047421;155 596 412;33;0;2;1;9;1
202300047421;155 596 415;7;0;2;6;1;1
202300047422;155 596 411;7;0;2;2;1;0
202300047422;155 596 414;7;0;2;2;1;0
202300047423;155 596 408;7;0;2;7;12;1
202300047423;155 596 410;32;0;2;3;3;1
202300047424;155 596 409;3;2;0;9;26;1
202300047425;155 596 405;10;0;2;4;2;1
202300047425;155 596 406;33;0;2;1;2;1
202300047426;155 596 407;7;0;1;7;1;1
202300047427;155 596 403;7;4;0;9;15;1
202300047428;155 596 402;7;0;0;8;1;0
202300047428;155 596 404;10;0;2;3;19;1
202300047429;155 596 399;13;0;2;0;12;1
202300047429;155 596 401;7;0;2;0;0;1
202300047430;155 596 398;7;15;0;1;1;1
202300047431;155 596 397;7;0;0;0;0;1
202300047431;155 596 400;33;0;0;0;0;1
202300047432;155 596 396;7;1;0;6;11;1
202300047433;155 596 391;7;0;1;1;1;1
202300047433;155 596 395;32;0;9;1;26;1
202300047434;155 596 390;7;0;9;1;15;1
202300047434;155 596 392;1;0;2;1;16;5
202300047435;155 596 388;2;0;2;0;0;1
202300047435;155 596 389;7;0;2;8;2;1
202300047436;155 596 387;7;13;0;2;14;1
202300047437;155 596 384;10;0;1;3;15;0
202300047438;155 596 383;7;0;1;1;1;0
202300047439;155 596 381;50;0;0;0;25;3
202300047440;155 596 379;7;0;2;2;1;1
202300047440;155 596 380;32;0;2;3;15;1
202300047441;155 596 378;7;0;2;3;1;1
202300047441;155 596 382;7;0;2;1;1;1
202300047442;155 596 377;31;0;6;2;1;1
202300047443;155 596 374;7;0;2;0;0;1
202300047443;155 596 376;34;1;0;1;0;1
202300047444;155 596 372;32;0;2;1;17;1
202300047444;155 596 373;99;0;2;3;9;1
202300047445;155 596 368;7;0;1;0;20;1
202300047446;155 596 370;10;0;2;1;1;1
202300047446;155 596 375;7;0;2;1;15;1
202300047447;155 596 369;2;13;2;1;1;1
202300047447;155 596 371;7;0;2;2;1;1
202300047448;155 596 365;7;0;2;5;1;2
202300047448;155 596 367;10;0;2;1;1;1
202300047449;155 596 366;7;13;0;2;16;1
202300047450;155 596 364;7;6;0;1;14;1
202300047451;155 596 363;30;0;0;0;1;3
202300047452;155 596 361;10;0;9;8;22;0
202300047452;155 596 362;1;1;0;1;1;5
202300047453;155 596 360;7;2;0;4;1;1