Num_Acc;id_vehicule;categorie_vehicule;obstacle_fixe;obstacle_mobile;point_choc_initial;manoeuvre_principale;motorisation
202300047454;155 596 354;7;0;2;1;2;1
202300047454;155 596 359;7;0;2;4;2;1
202300047455;155 596 353;7;0;2;3;16;1
202300047455;155 596 356;2;0;2;8;17;1
202300047456;155 596 349;7;13;0;1;19;1
202300047457;155 596 347;7;0;0;3;9;1
202300047457;155 596 350;1;0;2;4;1;5
202300047458;155 596 345;7;13;0;1;1;1
202300047459;155 596 344;50;0;2;2;19;3
202300047459;155 596 346;7;0;9;1;15;1
202300047460;155 596 340;21;0;2;8;0;1
202300047460;155 596 342;1;0;2;1;2;5
202300047461;155 596 341;7;1;0;2;1;1
202300047462;155 596 339;7;0;2;8;1;1
202300047462;155 596 343;7;0;2;2;1;1
202300047463;155 596 338;7;2;0;1;1;1
202300047464;155 596 336;7;0;2;1;15;1
202300047464;155 596 337;1;0;2;7;1;5
202300047465;155 596 335;30;0;1;3;7;0
202300047466;155 596 334;7;13;0;9;13;0
202300047467;155 596 333;7;0;1;1;1;1
202300047468;155 596 330;7;0;0;0;0;1
202300047469;155 596 328;7;0;2;1;1;1
202300047469;155 596 331;7;0;2;1;1;1
202300047470;155 596 329;33;0;2;1;2;1
202300047470;155 596 332;7;0;2;6;15;1
202300047471;155 596 323;7;0;2;7;16;1
202300047471;155 596 326;50;0;2;1;26;3
202300047472;155 596 324;7;0;2;2;2;1
202300047472;155 596 327;15;0;2;6;2;1
202300047473;155 596 325;7;0;1;3;1;1
202300047474;155 596 321;7;13;0;2;0;1
202300047475;155 596 318;1;1;2;1;2;0
202300047475;155 596 320;7;0;2;8;24;1
202300047476;155 596 314;7;0;1;1;1;1
202300047477;155 596 315;7;0;2;3;23;1
202300047477;155 596 317;32;0;2;3;19;1
202300047478;155 596 313;7;0;2;4;1;1
202300047478;155 596 316;7;0;2;1;11;1
202300047478;155 596 319;10;0;2;4;1;1
202300047479;155 596 310;7;0;2;0;2;1
202300047479;155 596 312;30;0;2;8;2;1
202300047480;155 596 308;10;0;2;1;1;1
202300047480;155 596 311;17;0;2;4;1;1
202300047481;155 596 307;7;1;0;1;1;1
202300047482;155 596 306;7;0;2;1;1;1
202300047482;155 596 309;7;0;2;3;1;1
202300047483;155 596 305;7;0;1;3;9;2
202300047484;155 596 304;7;12;0;1;5;1
202300047485;155 596 302;33;12;0;3;16;1
202300047486;155 596 300;7;0;1;1;0;1
202300047487;155 596 301;10;0;2;1;17;0
202300047487;155 596 303;7;0;2;0;1;1
202300047488;155 596 298;31;0;0;0;26;1
202300047489;155 596 297;16;0;0;6;23;1
202300047489;155 596 299;7;1;0;2;17;1
202300047490;155 596 293;7;0;2;6;1;1
202300047490;155 596 296;1;0;2;1;1;5
202300047491;155 596 295;33;3;0;0;1;1
202300047492;155 596 292;15;6;0;2;1;6
202300047492;155 596 294;7;0;9;7;14;1
202300047493;155 596 290;7;0;2;8;15;1
202300047493;155 596 291;33;0;2;1;17;1
202300047494;155 596 287;7;0;2;1;13;1
202300047494;155 596 289;7;0;2;1;1;1
202300047495;155 596 285;7;0;2;1;2;6
202300047495;155 596 288;10;0;0;4;2;1
202300047496;155 596 284;34;0;2;1;1;1
202300047496;155 596 286;7;0;2;1;15;1
202300047497;155 596 282;7;0;2;2;12;1
202300047497;155 596 283;33;0;2;3;1;1
202300047498;155 596 280;2;0;2;1;17;1
202300047498;155 596 281;7;0;2;3;15;1
202300047499;155 596 278;7;0;1;1;15;1
202300047500;155 596 277;10;16;0;7;12;1
202300047500;155 596 279;31;8;2;1;2;1
202300047501;155 596 274;7;0;2;1;16;1
202300047501;155 596 276;1;0;2;1;1;5
202300047502;155 596 273;7;0;2;1;15;1
202300047502;155 596 275;1;0;2;1;1;5
202300047503;155 596 269;7;13;0;1;1;1
202300047504;155 596 270;60;0;2;2;19;5
202300047504;155 596 272;7;0;2;2;26;1
202300047505;155 596 268;7;0;1;4;23;1
202300047505;155 596 271;7;0;2;1;2;1
202300047506;155 596 266;33;12;0;7;0;1
202300047507;155 596 261;7;0;2;3;16;1
202300047507;155 596 263;50;0;2;1;5;3
202300047508;155 596 262;7;0;2;7;2;1
202300047508;155 596 267;1;0;2;8;2;5
202300047509;155 596 258;7;0;9;2;1;1
202300047509;155 596 260;1;0;2;1;9;5
202300047510;155 596 255;33;0;2;1;17;1
202300047510;155 596 257;50;0;2;4;1;3
202300047511;155 596 253;7;0;2;5;22;2
202300047511;155 596 256;50;0;2;1;18;3
202300047512;155 596 252;10;0;1;4;4;3
202300047513;155 596 251;33;0;0;0;0;1
202300047514;155 596 250;50;0;2;0;1;3
202300047514;155 596 254;7;0;2;3;1;1
202300047515;155 596 244;10;0;2;3;9;1
202300047515;155 596 247;33;0;2;7;15;1
202300047516;155 596 245;7;0;0;5;22;1
202300047516;155 596 249;31;0;0;1;18;1
202300047517;155 596 243;32;0;2;1;1;1
202300047517;155 596 246;10;0;2;7;15;1
202300047518;155 596 238;7;0;2;1;1;1
202300047518;155 596 242;7;0;2;3;1;1
202300047518;155 596 248;7;0;2;3;9;1
202300047519;155 596 240;1;12;2;6;19;5
202300047519;155 596 241;34;0;2;3;1;1
202300047520;155 596 236;1;0;2;0;0;5
202300047520;155 596 237;7;0;9;3;15;1
202300047521;155 596 234;7;12;1;3;14;1
202300047522;155 596 235;7;0;2;3;13;1
202300047522;155 596 239;32;0;2;3;1;1
202300047523;155 596 231;7;0;2;5;1;0
202300047523;155 596 233;7;0;2;3;1;0
202300047524;155 596 229;7;9;1;1;1;1
202300047525;155 596 227;30;0;1;3;21;1
202300047526;155 596 226;33;0;2;7;1;1
202300047526;155 596 230;7;;2;3;10;1
202300047527;155 596 225;7;0;2;3;1;1
202300047527;155 596 232;7;0;2;5;12;1
202300047528;155 596 224;33;0;2;1;1;1
202300047528;155 596 228;7;0;2;3;15;1
202300047529;155 596 223;7;1;0;2;1;1
202300047530;155 596 218;10;0;2;2;12;1
202300047530;155 596 222;7;0;2;3;1;1
202300047531;155 596 217;10;0;2;1;1;1
202300047531;155 596 220;50;0;2;7;19;3
202300047532;155 596 215;7;0;2;3;13;1
202300047532;155 596 219;7;0;2;2;1;1
202300047533;155 596 214;31;0;2;5;2;1
202300047533;155 596 216;7;0;2;5;2;1
202300047534;155 596 213;7;0;2;7;1;1
202300047534;155 596 221;7;0;2;1;1;1
202300047535;155 596 211;7;6;0;3;1;0
202300047536;155 596 209;7;9;0;1;6;1
202300047537;155 596 210;7;0;1;3;1;2
202300047538;155 596 207;7;0;2;6;1;1
202300047538;155 596 212;13;0;2;2;1;1
202300047539;155 596 205;7;0;2;3;17;1
202300047539;155 596 208;34;0;2;5;17;1
202300047540;155 596 204;10;3;2;5;13;1
202300047540;155 596 206;7;0;2;1;1;1
202300047541;155 596 203;32;0;1;1;17;1
202300047542;155 596 201;7;6;0;2;1;1
202300047543;155 596 200;32;0;2;1;1;1
202300047543;155 596 202;10;0;2;3;15;1
202300047544;155 596 196;99;0;2;1;5;0
202300047544;155 596 199;32;0;2;1;23;1
202300047545;155 596 197;7;0;0;0;1;0
202300047546;155 596 194;33;0;2;1;1;1
202300047546;155 596 198;7;0;2;3;26;1
202300047547;155 596 193;50;0;2;7;19;3
202300047547;155 596 195;7;0;2;1;1;1
202300047548;155 596 190;2;0;2;1;1;1
202300047548;155 596 191;7;0;2;3;9;1
202300047549;155 596 187;32;0;0;3;1;1
202300047549;155 596 189;7;0;2;4;23;2
202300047550;155 596 186;7;0;2;4;2;0
202300047550;155 596 188;7;0;2;1;2;0
202300047550;155 596 192;7;0;2;4;2;0
202300047551;155 596 181;7;12;2;0;5;0
202300047551;155 596 184;31;12;2;0;1;1
202300047552;155 596 179;7;0;2;1;15;1
202300047552;155 596 182;33;0;2;1;1;1
202300047552;155 596 183;7;0;2;2;1;1
202300047553;155 596 178;30;0;1;1;17;1
202300047554;155 596 177;7;0;2;2;15;1
202300047554;155 596 180;2;0;2;2;1;1
202300047555;155 596 185;7;6;0;1;1;1
202300047556;155 596 172;7;0;2;5;1;1
202300047556;155 596 175;7;0;2;1;1;1
202300047557;155 596 171;7;0;2;2;20;1
202300047557;155 596 174;32;0;2;1;5;1
202300047558;155 596 169;7;0;2;0;0;0
202300047558;155 596 173;2;0;2;0;0;1
202300047559;155 596 165;2;0;0;2;17;0
202300047559;155 596 168;30;0;2;8;15;1
202300047560;155 596 162;7;0;2;0;0;1
202300047560;155 596 167;31;0;2;7;1;1
202300047561;155 596 161;7;0;2;1;2;1
202300047561;155 596 164;10;0;2;4;2;1
202300047562;155 596 163;7;0;1;1;1;1
202300047563;155 596 159;7;0;1;2;17;1
202300047564;155 596 153;34;0;2;1;26;1
202300047564;155 596 156;7;0;2;2;26;1
202300047565;155 596 154;50;0;2;8;1;3
202300047565;155 596 158;30;0;2;1;19;1
202300047566;155 596 152;1;0;2;1;1;5
202300047566;155 596 155;7;0;2;3;15;1
202300047567;155 596 151;7;0;2;8;24;1
202300047567;155 596 157;1;0;2;1;1;5
202300047568;155 596 147;30;0;2;5;1;0
202300047568;155 596 149;99;0;2;5;26;0
202300047569;155 596 148;7;16;9;1;12;1
202300047570;155 596 141;10;0;2;0;26;1
202300047570;155 596 144;1;0;2;1;1;5
202300047571;155 596 142;33;0;2;0;3;1
202300047571;155 596 146;7;0;2;0;1;1
202300047571;155 596 150;32;0;2;0;3;1
202300047571;155 596 160;7;0;2;0;1;1
202300047571;155 596 166;7;0;2;0;1;1
202300047572;155 596 137;7;0;2;3;15;1
202300047572;155 596 140;33;0;2;5;2;1
202300047573;155 596 131;43;0;0;0;0;1
202300047574;155 596 134;7;8;2;1;2;1
202300047574;155 596 138;10;0;2;8;17;1
202300047575;155 596 129;7;0;2;4;2;1
202300047575;155 596 130;7;0;2;4;2;1
202300047575;155 596 133;7;0;2;1;2;2
202300047576;155 596 126;7;0;2;3;1;1
202300047576;155 596 128;10;0;2;4;1;1
202300047576;155 596 132;7;0;2;4;1;2
202300047576;155 596 136;7;0;2;8;1;3
202300047576;155 596 143;7;0;0;4;2;1
202300047576;155 596 145;7;0;2;1;1;1
202300047577;155 596 123;7;0;2;3;15;0
202300047577;155 596 127;32;0;2;1;1;1
202300047578;155 596 122;7;3;0;2;1;1
202300047579;155 596 119;7;1;2;4;20;1
202300047579;155 596 120;7;0;2;1;1;1
202300047580;155 596 121;7;0;2;8;9;1
202300047580;155 596 124;50;0;2;1;1;3
202300047581;155 596 125;7;0;2;8;26;1
202300047581;155 596 135;7;4;2;2;1;1
202300047581;155 596 139;7;0;2;0;0;1
202300047582;155 596 116;10;0;2;1;19;1
202300047582;155 596 118;7;0;2;8;19;1
202300047583;155 596 115;7;1;2;1;2;0
202300047583;155 596 117;7;1;0;4;2;0
202300047584;155 596 114;7;2;0;1;26;1
202300047585;155 596 107;10;0;2;3;11;3
202300047585;155 596 108;31;0;2;6;3;1
202300047586;155 596 106;7;0;2;4;1;1
202300047586;155 596 110;7;0;2;1;1;1
202300047586;155 596 111;7;0;2;4;1;1
202300047587;155 596 099;7;0;2;5;1;1
202300047587;155 596 102;7;4;2;2;12;1
202300047587;155 596 103;7;0;2;6;1;1
202300047588;155 596 101;7;0;2;2;9;1
202300047588;155 596 104;2;0;2;3;1;1
202300047589;155 596 098;50;0;2;1;1;3
202300047589;155 596 100;10;0;2;3;9;1
202300047590;155 596 097;7;8;0;1;13;1
202300047591;155 596 096;1;0;1;1;1;5
202300047592;155 596 105;10;0;1;7;16;1
202300047593;155 596 095;2;16;0;7;1;1
202300047594;155 596 093;7;0;1;3;2;3
202300047595;155 596 091;33;0;2;8;15;1
202300047595;155 596 094;31;0;2;1;1;1
202300047596;155 596 088;33;0;2;1;1;1
202300047596;155 596 090;7;0;2;3;13;1
202300047597;155 596 089;10;0;2;3;20;0
202300047597;155 596 092;7;0;2;2;2;1
202300047598;155 596 083;32;1;2;2;1;1
202300047598;155 596 085;7;0;2;6;23;1
202300047599;155 596 084;7;0;2;8;10;0
202300047599;155 596 086;50;0;2;1;1;3
202300047600;155 596 082;10;0;2;1;1;0
202300047600;155 596 087;7;0;2;5;15;1
202300047601;155 596 081;7;0;1;1;16;2
202300047602;155 596 079;1;0;1;5;1;5
202300047603;155 596 075;7;0;2;8;22;1
202300047603;155 596 078;50;0;2;7;1;3
202300047604;155 596 074;33;0;2;1;2;1
202300047604;155 596 080;80;0;2;8;15;3
202300047605;155 596 073;50;0;1;1;1;3
202300047606;155 596 071;32;0;2;1;3;1
202300047606;155 596 072;10;0;2;3;15;1
202300047607;155 596 065;7;0;2;1;1;1
202300047607;155 596 068;13;0;2;4;1;1
202300047608;155 596 063;7;0;2;0;0;1
202300047608;155 596 066;31;0;2;7;1;1
202300047609;155 596 064;33;0;2;2;1;1
202300047609;155 596 069;7;0;2;6;1;0
202300047610;155 596 062;7;0;2;4;1;1
202300047610;155 596 067;7;0;2;4;2;1
202300047610;155 596 070;7;0;2;1;2;1
202300047611;155 596 059;7;0;2;1;15;1
202300047611;155 596 060;7;0;2;4;15;1
202300047612;155 596 058;37;0;2;0;1;3
202300047612;155 596 061;1;0;2;0;16;5
202300047613;155 596 057;33;6;0;1;14;1
202300047614;155 596 056;10;0;1;3;15;1
202300047615;155 596 054;33;0;1;1;17;1
202300047616;155 596 053;33;0;2;3;1;1
202300047616;155 596 055;10;0;2;3;15;1
202300047617;155 596 050;7;0;1;1;0;1
202300047618;155 596 047;1;0;2;5;14;5
202300047618;155 596 051;43;0;2;1;1;1
202300047619;155 596 042;50;1;0;1;1;3
202300047620;155 596 041;7;0;2;7;1;1
202300047620;155 596 044;7;0;2;1;1;1
202300047621;155 596 039;7;4;0;1;1;2
202300047622;155 596 040;7;0;2;4;1;0
202300047622;155 596 043;7;0;2;2;2;1
202300047623;155 596 036;7;0;2;7;0;1
202300047623;155 596 038;7;0;2;1;0;2
202300047624;155 596 035;7;8;2;1;5;1
202300047624;155 596 037;10;0;2;1;15;1
202300047625;155 596 034;7;0;1;1;16;2
202300047626;155 596 033;50;0;0;0;16;3
202300047627;155 596 030;7;0;2;1;13;1
202300047627;155 596 032;7;0;2;1;1;1
202300047628;155 596 028;33;6;2;1;15;1
202300047628;155 596 031;7;6;2;3;1;1
202300047629;155 596 027;33;0;0;0;0;0
202300047630;155 596 029;38;4;1;7;16;1
202300047631;155 596 025;1;0;1;1;1;5
202300047632;155 596 024;7;0;2;3;5;1
202300047632;155 596 026;80;0;2;1;1;3
202300047633;155 596 022;2;0;1;1;1;3
202300047634;155 596 019;7;0;1;2;1;3
202300047635;155 596 021;50;0;2;1;1;3
202300047635;155 596 023;1;0;2;1;1;5
202300047636;155 596 018;1;0;2;4;26;5
202300047636;155 596 020;50;0;2;1;1;3
202300047637;155 596 013;7;0;2;1;2;1
202300047637;155 596 015;50;0;0;0;0;3
202300047638;155 596 012;7;0;0;3;1;1
202300047638;155 596 016;7;0;0;3;17;1
202300047639;155 596 014;7;0;9;2;1;1
202300047639;155 596 017;50;0;2;8;19;3
202300047640;155 596 009;7;0;1;1;1;1
202300047641;155 596 007;7;0;2;1;2;1
202300047641;155 596 008;7;4;0;8;11;1
202300047642;155 596 005;10;0;0;0;1;0
202300047642;155 596 006;1;0;0;0;0;5
202300047643;155 596 003;7;1;0;2;1;1
202300047644;155 596 002;33;0;2;6;17;1
202300047644;155 596 004;7;0;2;6;15;1
202300047645;155 596 010;14;0;2;5;1;0
202300047645;155 596 011;1;1;2;8;17;5
202300047646;155 596 000;7;2;0;1;13;1
202300047647;155 595 998;7;0;2;1;0;0
202300047647;155 596 001;1;0;2;7;0;5
202300047648;155 595 999;7;0;1;7;1;0
202300047649;155 595 995;7;0;2;1;1;1
202300047649;155 595 997;7;0;2;1;1;1
202300047650;155 595 994;32;1;0;2;14;1
202300047651;155 595 989;33;1;0;2;1;1
202300047652;155 595 987;7;0;2;4;15;1
202300047652;155 595 990;7;0;2;4;1;1
202300047652;155 595 992;10;0;2;1;1;1
202300047653;155 595 988;7;1;2;1;1;1
202300047653;155 595 991;7;0;0;4;23;1
202300047654;155 595 993;2;0;2;1;1;1
202300047654;155 595 996;7;0;2;2;15;3
202300047655;155 595 984;7;0;2;4;2;3
202300047655;155 595 986;7;0;2;1;2;1
202300047656;155 595 983;7;0;0;1;15;1
202300047656;155 595 985;7;15;0;3;0;0
202300047657;155 595 978;7;2;0;3;14;1
202300047658;155 595 979;7;0;1;1;1;1
202300047659;155 595 980;34;0;2;4;2;1
202300047659;155 595 982;7;0;2;4;2;1
202300047660;155 595 977;7;2;0;1;1;0
202300047661;155 595 976;7;0;1;7;1;1
202300047662;155 595 981;30;15;1;2;1;1
202300047663;155 595 975;7;0;0;8;2;1
202300047664;155 595 974;32;0;6;0;2;1
202300047665;155 595 970;7;0;9;7;1;1
202300047665;155 595 973;1;0;2;3;1;5
202300047666;155 595 967;50;0;2;1;1;3
202300047666;155 595 971;7;0;2;2;1;1
202300047667;155 595 966;7;0;2;1;9;1
202300047667;155 595 969;2;0;0;8;23;1
202300047667;155 595 972;10;14;2;8;1;1
202300047668;155 595 968;7;0;1;1;15;1
202300047669;155 595 964;30;0;0;7;1;1
202300047670;155 595 963;7;0;2;2;17;1
202300047670;155 595 965;2;0;2;1;1;1
202300047671;155 595 960;7;2;0;2;1;1
202300047672;155 595 962;7;0;1;1;15;1
202300047673;155 595 956;7;0;2;3;5;1
202300047673;155 595 959;7;0;2;3;1;1
202300047674;155 595 958;50;0;2;0;1;3
202300047674;155 595 961;7;0;2;0;17;0
202300047675;155 595 954;7;0;2;1;13;1
202300047675;155 595 957;7;0;2;3;1;1
202300047676;155 595 953;7;0;2;3;2;1
202300047676;155 595 955;7;0;2;1;13;1
202300047677;155 595 950;33;0;2;1;8;1
202300047677;155 595 952;7;0;2;8;15;1
202300047678;155 595 949;31;3;0;0;1;1
202300047679;155 595 947;7;15;0;1;13;1
202300047680;155 595 948;13;3;2;0;16;6
202300047680;155 595 951;1;3;2;0;16;5
202300047681;155 595 946;7;13;0;2;1;1
202300047682;155 595 944;1;0;2;1;1;5
202300047682;155 595 945;7;0;9;2;15;1
202300047683;155 595 937;7;1;0;2;1;0
202300047684;155 595 939;7;0;2;7;15;1
202300047684;155 595 942;33;0;2;1;1;1
202300047685;155 595 936;33;0;2;1;17;1
202300047685;155 595 940;7;0;2;3;13;0
202300047685;155 595 943;7;0;2;1;1;1
202300047686;155 595 938;31;0;2;6;2;1
202300047686;155 595 941;7;0;2;1;2;1
202300047687;155 595 935;31;0;0;1;1;0
202300047688;155 595 934;7;12;0;1;1;1
202300047689;155 595 933;7;2;0;3;1;1
202300047690;155 595 928;7;0;0;0;0;1
202300047691;155 595 929;7;0;2;2;2;1
202300047691;155 595 931;7;0;2;6;23;3
202300047692;155 595 926;7;0;1;2;9;0
202300047693;155 595 927;7;0;2;5;1;1
202300047693;155 595 932;7;0;2;1;1;1
202300047694;155 595 925;7;10;0;0;0;1
202300047695;155 595 923;7;2;0;8;0;1
202300047696;155 595 921;7;0;1;2;1;1
202300047697;155 595 920;7;0;2;6;15;1
202300047697;155 595 924;1;0;2;1;17;5
202300047698;155 595 915;7;10;2;1;13;1
202300047698;155 595 917;10;0;2;1;1;1
202300047699;155 595 918;7;0;2;8;15;1
202300047699;155 595 919;2;1;2;1;17;1
202300047699;155 595 922;7;0;2;8;24;1
202300047700;155 595 913;7;0;1;4;20;1
202300047701;155 595 911;80;0;0;0;1;3
202300047702;155 595 912;50;0;0;0;0;3
202300047703;155 595 910;7;0;1;5;20;1
202300047704;155 595 907;7;0;1;0;1;1
202300047705;155 595 909;31;0;1;2;21;1
202300047706;155 595 906;7;0;1;2;1;1
202300047707;155 595 904;14;0;0;1;0;0
202300047707;155 595 905;7;0;2;1;0;1
202300047707;155 595 908;10;0;2;1;0;1
202300047708;155 595 903;7;6;0;7;13;1
202300047709;155 595 899;7;0;2;8;5;0
202300047709;155 595 901;33;0;2;8;1;1
202300047710;155 595 898;7;0;2;3;15;1
202300047710;155 595 902;33;0;2;1;21;1
202300047711;155 595 897;7;0;2;2;1;1
202300047711;155 595 900;10;0;2;3;26;1
202300047712;155 595 896;10;0;1;1;16;1
202300047713;155 595 894;7;6;0;9;0;1
202300047714;155 595 890;10;0;2;3;17;1
202300047714;155 595 892;7;0;2;3;1;1
202300047714;155 595 893;7;0;2;1;21;1
202300047714;155 595 895;7;0;2;1;1;1
202300047715;155 595 889;7;3;0;7;0;1
202300047716;155 595 888;10;0;2;1;1;1
202300047716;155 595 891;7;0;2;5;15;0
202300047717;155 595 886;7;0;2;8;22;6
202300047717;155 595 887;1;1;0;1;1;5
202300047718;155 595 884;7;0;1;2;1;0
202300047719;155 595 883;7;0;9;1;15;1
202300047719;155 595 885;1;0;0;7;19;5
202300047720;155 595 881;33;12;2;1;21;1
202300047721;155 595 878;50;0;2;1;19;3
202300047721;155 595 882;7;0;2;1;1;1
202300047722;155 595 876;7;0;2;1;15;1
202300047722;155 595 879;33;0;2;1;1;1
202300047723;155 595 877;7;0;2;2;3;1
202300047723;155 595 880;1;0;2;1;2;5
202300047724;155 595 870;7;0;2;2;19;1
202300047724;155 595 872;2;0;2;1;1;1
202300047725;155 595 869;7;0;2;3;1;1
202300047725;155 595 871;7;0;2;3;1;1
202300047725;155 595 873;7;0;2;6;1;1
202300047725;155 595 875;10;0;2;1;1;1
202300047726;155 595 867;15;5;0;2;14;1
202300047727;155 595 866;50;0;2;1;1;3
202300047727;155 595 874;7;0;2;3;1;6
202300047728;155 595 864;7;0;2;4;0;1
202300047728;155 595 868;50;0;2;1;2;3
202300047729;155 595 863;7;0;2;3;22;1
202300047729;155 595 865;10;1;0;5;1;1
202300047730;155 595 861;7;0;2;3;15;1
202300047730;155 595 862;2;0;2;8;9;1
202300047731;155 595 857;7;0;2;8;9;1
202300047731;155 595 860;2;0;2;1;1;1
202300047732;155 595 856;10;0;2;0;21;0
202300047732;155 595 859;7;0;2;2;15;1
202300047733;155 595 855;13;0;2;4;23;1
202300047733;155 595 858;30;1;0;1;1;3
202300047734;155 595 852;32;0;2;1;15;1
202300047734;155 595 854;7;0;2;6;19;1
202300047735;155 595 851;33;0;9;1;1;1
202300047735;155 595 853;1;0;0;4;10;5
202300047736;155 595 849;2;0;1;1;26;1
202300047737;155 595 846;10;0;2;2;16;1
202300047737;155 595 848;7;0;0;3;1;1
202300047738;155 595 845;7;0;2;3;1;0
202300047738;155 595 850;7;0;2;1;1;0
202300047739;155 595 844;7;0;1;2;1;1
202300047740;155 595 843;7;0;2;5;16;1
202300047740;155 595 847;31;0;2;1;1;1
202300047741;155 595 841;31;0;2;1;1;1
202300047741;155 595 842;7;0;0;4;1;1
202300047742;155 595 839;7;0;1;1;1;1
202300047743;155 595 838;32;0;0;2;17;1
202300047743;155 595 840;7;14;0;3;13;1
202300047744;155 595 837;10;0;1;6;23;1
202300047745;155 595 834;7;0;2;1;1;1
202300047745;155 595 836;7;0;2;2;13;1
202300047746;155 595 833;10;0;2;1;13;1
202300047746;155 595 835;7;0;2;1;1;1
202300047747;155 595 830;10;0;2;3;15;1
202300047747;155 595 832;32;0;2;2;1;1
202300047748;155 595 831;1;0;0;0;1;5
202300047749;155 595 827;7;4;2;7;1;1
202300047749;155 595 829;7;0;2;1;9;1
202300047750;155 595 826;7;0;2;3;15;1
202300047750;155 595 828;33;0;2;1;17;1
202300047751;155 595 821;7;4;2;0;0;1
202300047751;155 595 824;10;0;2;8;0;1
202300047752;155 595 820;7;0;2;3;15;1
202300047752;155 595 823;33;3;0;5;17;1
202300047753;155 595 819;7;8;0;1;1;1
202300047753;155 595 825;7;8;0;0;0;1
202300047754;155 595 818;33;0;2;7;1;1
202300047754;155 595 822;10;0;0;4;20;1
202300047755;155 595 815;7;0;2;4;2;1
202300047755;155 595 817;7;0;2;1;1;1
202300047756;155 595 814;3;8;0;1;1;1
202300047757;155 595 813;7;7;4;3;21;2
202300047757;155 595 816;39;0;2;1;1;3
202300047758;155 595 812;7;3;0;1;1;1
202300047759;155 595 810;2;0;0;0;1;1
202300047760;155 595 809;10;2;0;1;2;0
202300047761;155 595 808;7;0;2;1;15;1
202300047761;155 595 811;43;0;2;7;17;1
202300047762;155 595 805;7;0;2;4;23;2
202300047762;155 595 807;7;1;0;1;9;1
202300047763;155 595 804;7;0;2;2;15;1
202300047763;155 595 806;34;0;2;1;1;1
202300047764;155 595 803;31;12;0;0;21;1
202300047765;155 595 800;32;0;2;1;26;1
202300047765;155 595 802;30;0;2;3;26;1
202300047766;155 595 796;7;0;2;2;17;1
202300047766;155 595 798;33;0;2;1;1;1
202300047767;155 595 792;10;0;2;1;2;1
202300047767;155 595 795;7;0;2;4;2;1
202300047767;155 595 797;7;0;2;4;2;1
202300047767;155 595 799;7;0;2;1;2;1
202300047767;155 595 801;7;0;2;1;2;1
202300047768;155 595 790;7;6;0;1;0;2
202300047769;155 595 791;1;1;0;1;18;5
202300047769;155 595 793;14;0;2;2;23;1
202300047770;155 595 789;7;0;2;4;23;1
202300047770;155 595 794;15;0;2;1;1;1
202300047771;155 595 787;7;2;0;1;1;0
202300047772;155 595 786;33;3;2;1;3;1
202300047772;155 595 788;7;3;2;4;1;1
202300047773;155 595 783;7;8;0;1;20;0
202300047774;155 595 782;10;0;0;1;1;1
202300047774;155 595 784;10;0;2;1;11;1
202300047775;155 595 781;0;0;0;0;0;0
202300047776;155 595 780;14;0;2;1;2;1
202300047776;155 595 785;7;0;9;4;23;1
202300047777;155 595 779;7;0;1;0;17;0
202300047778;155 595 778;7;0;1;3;19;1
202300047779;155 595 774;33;0;2;4;16;1
202300047779;155 595 776;7;0;2;2;21;1
202300047780;155 595 771;7;4;0;2;1;1
202300047781;155 595 770;7;0;2;2;12;1
202300047781;155 595 772;7;0;2;6;23;1
202300047781;155 595 775;15;0;2;6;23;1
202300047782;155 595 773;2;0;2;1;1;1
202300047782;155 595 777;7;0;2;3;1;1
202300047783;155 595 769;7;0;1;2;1;1
202300047784;155 595 767;7;0;1;1;13;1
202300047785;155 595 766;7;1;0;2;1;1
202300047786;155 595 764;7;0;2;4;2;1
202300047786;155 595 765;7;0;2;1;2;1
202300047786;155 595 768;7;0;2;1;2;1
202300047787;155 595 760;7;1;2;2;0;1
202300047787;155 595 762;7;0;2;4;1;1
202300047787;155 595 763;7;0;2;4;1;1
202300047788;155 595 752;7;0;2;8;1;1
202300047788;155 595 755;7;0;2;1;1;1
202300047789;155 595 753;7;0;2;3;1;1
202300047789;155 595 757;7;0;2;1;19;1
202300047790;155 595 750;7;0;2;1;1;1
202300047790;155 595 759;7;0;2;8;1;1
202300047791;155 595 749;10;0;2;0;1;1
202300047791;155 595 751;7;0;2;1;1;1
202300047791;155 595 754;7;0;2;1;0;1
202300047791;155 595 756;7;0;2;0;0;1
202300047791;155 595 758;7;0;2;1;1;1
202300047791;155 595 761;7;0;2;1;1;1
202300047792;155 595 746;7;0;0;4;23;1
202300047792;155 595 748;7;0;2;1;2;1
202300047793;155 595 742;7;0;2;4;1;1
202300047793;155 595 745;7;0;2;1;1;1
202300047794;155 595 741;7;1;0;6;1;0
202300047794;155 595 744;7;0;2;1;1;1
202300047795;155 595 740;7;0;2;7;2;1
202300047795;155 595 747;7;0;2;1;2;1
202300047796;155 595 739;3;0;2;3;1;1
202300047796;155 595 743;7;0;2;3;2;1
202300047797;155 595 738;3;0;1;3;9;1
202300047798;155 595 734;33;0;2;8;26;0
202300047798;155 595 736;7;0;0;0;0;0
202300047799;155 595 735;7;0;2;1;1;1
202300047799;155 595 737;7;0;2;4;1;1