Num_Acc;id_vehicule;categorie_vehicule;obstacle_fixe;obstacle_mobile;point_choc_initial;manoeuvre_principale;motorisation
202300047800;155 595 730;33;0;2;1;1;1
202300047800;155 595 732;7;0;2;2;19;1
202300047801;155 595 727;7;0;0;7;1;1
202300047801;155 595 731;7;0;2;1;1;1
202300047802;155 595 729;7;4;2;2;11;1
202300047802;155 595 733;7;4;2;6;21;1
202300047803;155 595 726;7;0;1;5;4;1
202300047804;155 595 725;7;4;2;1;13;1
202300047804;155 595 728;10;4;2;7;1;1
202300047805;155 595 719;7;0;2;2;17;1
202300047805;155 595 722;7;4;0;6;2;1
202300047806;155 595 720;7;0;2;3;15;1
202300047806;155 595 723;7;0;2;2;1;1
202300047807;155 595 718;99;4;0;0;1;1
202300047808;155 595 715;7;0;2;4;1;1
202300047808;155 595 716;10;0;2;1;1;1
202300047809;155 595 714;2;0;2;1;13;1
202300047809;155 595 717;10;0;2;3;1;1
202300047810;155 595 710;7;0;1;3;26;1
202300047811;155 595 711;7;0;1;1;1;1
202300047812;155 595 709;7;3;2;3;13;0
202300047812;155 595 712;7;0;2;5;1;0
202300047812;155 595 713;38;0;2;4;1;0
202300047813;155 595 703;10;0;2;3;13;1
202300047813;155 595 707;7;0;2;0;0;1
202300047814;155 595 702;10;0;2;3;19;1
202300047814;155 595 706;7;0;2;1;21;1
202300047815;155 595 705;7;0;2;3;15;1
202300047815;155 595 708;80;0;2;7;1;3
202300047816;155 595 701;33;0;2;1;2;1
202300047816;155 595 704;7;0;2;3;13;1
202300047817;155 595 698;7;0;2;3;9;1
202300047817;155 595 700;7;0;2;2;0;1
202300047818;155 595 699;33;0;0;0;16;1
202300047819;155 595 697;7;6;0;4;26;1
202300047820;155 595 694;7;0;2;3;13;1
202300047820;155 595 695;33;0;2;9;3;1
202300047820;155 595 696;7;0;2;4;2;1
202300047821;155 595 692;7;8;0;1;1;1
202300047822;155 595 691;7;0;2;2;1;1
202300047822;155 595 693;7;0;2;4;15;1
202300047823;155 595 690;32;0;0;2;1;1
202300047824;155 595 684;7;0;9;2;1;1
202300047824;155 595 688;50;0;2;3;9;3
202300047825;155 595 681;7;0;2;1;2;1
202300047825;155 595 683;7;0;2;4;2;1
202300047826;155 595 680;7;2;0;1;14;1
202300047827;155 595 682;7;0;2;5;15;3
202300047827;155 595 685;33;0;2;1;1;1
202300047828;155 595 676;7;16;0;1;14;1
202300047829;155 595 678;7;0;9;2;1;1
202300047829;155 595 679;7;0;9;3;1;1
202300047829;155 595 686;7;0;0;6;1;1
202300047830;155 595 675;7;2;0;1;21;1
202300047831;155 595 673;7;0;0;7;1;1
202300047831;155 595 677;13;0;2;0;18;0
202300047832;155 595 670;7;6;0;1;13;1
202300047832;155 595 674;7;6;0;1;13;1
202300047833;155 595 672;10;3;0;7;1;1
202300047834;155 595 667;10;1;0;1;1;1
202300047835;155 595 669;7;0;0;4;1;1
202300047835;155 595 671;7;0;2;1;2;1
202300047836;155 595 666;31;0;2;1;3;1
202300047836;155 595 668;7;0;2;5;1;1
202300047837;155 595 665;43;0;0;0;9;1
202300047838;155 595 661;7;0;2;4;13;1
202300047838;155 595 663;33;0;2;1;3;1
202300047839;155 595 660;7;8;0;3;1;1
202300047840;155 595 658;7;0;2;2;19;1
202300047840;155 595 662;7;0;2;1;2;1
202300047840;155 595 664;7;0;2;1;23;1
202300047841;155 595 657;15;4;0;3;13;1
202300047842;155 595 656;13;6;0;1;1;1
202300047843;155 595 655;7;1;0;4;4;0
202300047844;155 595 653;7;4;0;1;1;1
202300047845;155 595 654;7;0;9;4;26;1
202300047845;155 595 659;1;0;2;1;1;5
202300047846;155 595 651;32;0;2;1;1;1
202300047846;155 595 652;7;0;2;2;15;1
202300047847;155 595 648;7;0;2;3;20;1
202300047847;155 595 650;50;0;2;1;0;3
202300047848;155 595 649;3;0;1;4;4;1
202300047849;155 595 646;7;0;2;2;16;1
202300047849;155 595 647;7;0;2;4;0;1
202300047850;155 595 645;7;1;0;2;1;1
202300047851;155 595 641;7;4;0;3;13;1
202300047852;155 595 639;31;0;6;1;1;1
202300047853;155 595 636;7;6;0;1;1;1
202300047854;155 595 634;7;0;2;2;9;1
202300047854;155 595 637;7;0;2;2;1;1
202300047855;155 595 633;7;0;2;1;1;1
202300047855;155 595 638;7;0;2;3;13;1
202300047855;155 595 640;7;0;2;6;1;1
202300047855;155 595 643;7;0;2;1;1;1
202300047856;155 595 632;7;0;2;7;15;0
202300047856;155 595 635;33;0;2;1;1;1
202300047857;155 595 631;7;0;0;9;16;1
202300047858;155 595 630;33;9;0;0;1;1
202300047859;155 595 626;7;0;0;5;2;1
202300047859;155 595 628;33;0;2;1;3;1
202300047860;155 595 627;33;0;0;0;0;1
202300047861;155 595 625;7;0;2;3;1;1
202300047861;155 595 629;31;0;2;1;17;1
202300047862;155 595 623;7;0;2;3;1;1
202300047862;155 595 624;33;0;2;3;1;1
202300047863;155 595 619;7;0;2;2;12;0
202300047863;155 595 622;33;0;0;8;1;0
202300047864;155 595 618;7;13;2;6;1;1
202300047864;155 595 621;7;0;2;1;19;1
202300047865;155 595 615;7;0;0;0;0;0
202300047865;155 595 617;31;0;2;8;3;1
202300047866;155 595 616;7;0;2;1;17;1
202300047866;155 595 620;17;0;2;1;1;1
202300047867;155 595 611;7;0;2;3;15;1
202300047867;155 595 613;33;0;2;1;17;1
202300047868;155 595 609;7;0;2;3;1;1
202300047868;155 595 614;2;0;2;1;17;1
202300047869;155 595 608;33;0;9;1;2;1
202300047869;155 595 612;1;0;2;5;2;5
202300047870;155 595 606;7;0;1;3;9;1
202300047871;155 595 604;7;0;2;2;19;1
202300047871;155 595 607;7;0;2;8;1;1
202300047871;155 595 610;7;13;2;1;1;1
202300047872;155 595 602;2;0;2;1;17;
202300047872;155 595 603;7;0;2;8;15;0
202300047873;155 595 601;7;2;0;1;13;0
202300047874;155 595 597;7;0;2;1;23;1
202300047874;155 595 605;7;0;0;1;5;1
202300047875;155 595 598;7;0;2;1;15;1
202300047875;155 595 600;34;0;2;1;17;1
202300047876;155 595 593;31;0;2;3;1;1
202300047876;155 595 596;7;0;2;2;1;1
202300047877;155 595 594;7;0;2;4;23;1
202300047877;155 595 595;7;0;2;1;21;1
202300047878;155 595 588;7;0;2;1;6;1
202300047878;155 595 591;7;0;2;1;1;1
202300047879;155 595 586;2;0;2;1;5;1
202300047879;155 595 590;7;0;2;3;1;1
202300047880;155 595 589;33;0;2;3;17;1
202300047880;155 595 592;14;0;2;3;1;1
202300047881;155 595 584;7;6;0;1;1;1
202300047882;155 595 583;10;0;2;1;2;1
202300047882;155 595 585;2;0;2;4;23;1
202300047882;155 595 587;10;0;2;4;15;1
202300047883;155 595 578;7;0;2;2;15;1
202300047883;155 595 582;10;0;2;3;1;1
202300047884;155 595 579;7;0;1;1;1;1
202300047885;155 595 576;7;0;2;1;13;1
202300047885;155 595 581;10;0;2;1;1;1
202300047886;155 595 575;10;0;2;1;2;1
202300047886;155 595 577;7;0;2;6;23;1
202300047886;155 595 580;7;1;2;1;21;1
202300047887;155 595 574;7;7;0;1;1;0
202300047888;155 595 573;7;13;0;0;0;0
202300047889;155 595 570;33;0;2;1;17;1
202300047889;155 595 571;10;0;2;2;1;1
202300047890;155 595 569;7;0;2;1;5;0
202300047890;155 595 572;7;0;2;1;1;1
202300047891;155 595 568;7;12;1;2;1;1
202300047892;155 595 566;31;12;0;1;9;1
202300047893;155 595 563;7;13;0;1;1;1
202300047894;155 595 559;36;0;2;2;9;1
202300047894;155 595 561;7;0;2;2;1;1
202300047895;155 595 560;2;0;0;0;2;1
202300047895;155 595 564;2;0;0;0;2;1
202300047895;155 595 567;2;0;0;0;2;1
202300047896;155 595 557;7;0;2;2;1;1
202300047896;155 595 562;7;0;2;2;15;1
202300047897;155 595 558;33;3;0;1;17;1
202300047898;155 595 555;33;14;0;1;1;1
202300047899;155 595 553;33;0;2;0;17;1
202300047899;155 595 556;7;0;2;8;15;1
202300047900;155 595 550;7;0;2;3;17;1
202300047900;155 595 551;7;0;2;3;1;1
202300047901;155 595 548;50;0;1;8;26;3
202300047902;155 595 547;2;0;0;8;1;1
202300047903;155 595 546;50;0;2;3;16;3
202300047903;155 595 549;30;0;2;3;3;1
202300047904;155 595 544;7;0;2;3;0;1
202300047904;155 595 545;33;0;2;0;0;1
202300047905;155 595 542;7;0;2;8;2;1
202300047905;155 595 543;30;0;2;1;2;1
202300047906;155 595 540;7;0;1;2;16;1
202300047907;155 595 539;13;13;0;2;0;1
202300047908;155 595 538;50;14;0;0;26;3
202300047909;155 595 537;15;0;0;4;1;1
202300047909;155 595 541;7;0;2;1;2;1
202300047910;155 595 536;33;0;;1;0;1
202300047911;155 595 533;34;0;2;0;0;1
202300047911;155 595 535;7;0;2;0;0;1
202300047912;155 595 530;7;0;2;3;1;1
202300047912;155 595 532;7;0;2;1;5;1
202300047912;155 595 534;7;0;2;1;1;1
202300047913;155 595 529;7;0;0;3;9;1
202300047913;155 595 531;7;0;2;1;1;1
202300047914;155 595 528;7;6;0;1;19;1
202300047915;155 595 526;7;3;0;3;1;1
202300047916;155 595 524;7;0;1;2;1;1
202300047917;155 595 525;7;6;0;3;0;1
202300047918;155 595 516;2;0;2;1;1;1
202300047918;155 595 519;7;0;2;3;15;1
202300047918;155 595 521;7;8;0;3;23;1
202300047919;155 595 518;17;3;0;3;1;1
202300047919;155 595 520;7;0;0;1;1;1
202300047919;155 595 522;7;0;9;1;1;1
202300047919;155 595 523;99;0;9;1;1;1
202300047920;155 595 515;7;0;2;2;5;1
202300047920;155 595 517;7;0;2;2;2;1
202300047921;155 595 514;7;0;1;3;1;1
202300047922;155 595 512;7;0;2;8;1;1
202300047922;155 595 513;7;0;2;3;1;2
202300047923;155 595 510;7;0;2;1;2;1
202300047923;155 595 511;7;0;2;1;2;1
202300047924;155 595 509;10;2;0;1;1;1
202300047925;155 595 507;50;0;1;2;1;3
202300047926;155 595 505;2;0;0;0;16;1
202300047927;155 595 502;7;0;2;1;1;1
202300047927;155 595 504;7;0;2;1;13;1
202300047928;155 595 499;7;2;0;2;14;1
202300047929;155 595 500;7;8;2;4;1;1
202300047929;155 595 501;7;0;2;4;1;1
202300047929;155 595 503;7;0;2;4;1;1
202300047929;155 595 506;10;0;2;3;1;1
202300047930;155 595 498;7;3;0;1;14;1
202300047931;155 595 495;7;0;1;2;1;1
202300047932;155 595 494;7;0;2;1;1;1
202300047932;155 595 497;30;0;2;8;1;1
202300047933;155 595 493;1;0;2;1;1;5
202300047933;155 595 496;7;0;2;1;9;1
202300047934;155 595 491;7;0;2;3;15;2
202300047934;155 595 492;32;0;2;2;1;1
202300047935;155 595 490;7;2;0;1;13;1
202300047936;155 595 489;10;0;1;2;1;1
202300047937;155 595 487;7;6;1;1;26;0
202300047938;155 595 486;33;0;2;7;1;1
202300047938;155 595 488;7;0;2;8;11;1
202300047939;155 595 485;7;0;0;0;26;1
202300047940;155 595 484;7;0;1;1;1;1
202300047941;155 595 478;7;0;2;1;2;1
202300047941;155 595 482;14;0;2;6;2;1
202300047942;155 595 480;43;0;1;1;1;1
202300047943;155 595 475;7;0;2;3;1;1
202300047943;155 595 477;7;13;2;9;17;1
202300047944;155 595 473;7;0;2;3;10;1
202300047944;155 595 476;30;0;2;1;1;1
202300047945;155 595 472;10;0;2;3;13;1
202300047945;155 595 474;7;0;2;3;1;1
202300047946;155 595 468;7;4;2;1;2;1
202300047946;155 595 470;7;0;0;0;1;1
202300047947;155 595 467;30;0;2;8;16;3
202300047947;155 595 471;7;0;2;3;15;3
202300047948;155 595 466;32;0;2;2;21;1
202300047948;155 595 469;7;0;2;3;16;1
202300047949;155 595 463;7;0;9;2;0;0
202300047949;155 595 465;50;0;2;8;2;3
202300047950;155 595 462;1;0;2;6;2;5
202300047950;155 595 464;1;0;2;7;17;5
202300047951;155 595 459;10;0;9;2;2;1
202300047951;155 595 461;1;0;0;6;2;5
202300047952;155 595 457;7;0;2;1;2;1
202300047952;155 595 458;7;0;2;4;1;0
202300047952;155 595 460;7;0;2;4;23;1
202300047953;155 595 455;7;0;2;2;10;1
202300047953;155 595 456;30;0;2;7;1;3
202300047954;155 595 452;7;0;2;7;15;1
202300047954;155 595 453;7;0;2;1;1;1
202300047955;155 595 451;7;0;2;3;15;1
202300047955;155 595 454;31;0;2;1;1;1
202300047956;155 595 448;7;0;2;8;22;1
202300047956;155 595 450;1;0;2;1;1;5
202300047957;155 595 447;7;0;2;3;15;1
202300047957;155 595 449;7;0;2;2;1;1
202300047958;155 595 446;7;2;0;3;13;1
202300047959;155 595 444;50;0;2;8;1;3
202300047959;155 595 445;14;0;2;7;17;1
202300047960;155 595 442;7;0;0;1;1;1
202300047961;155 595 441;7;0;2;1;1;1
202300047961;155 595 443;7;0;2;8;16;1
202300047962;155 595 439;7;0;1;4;4;0
202300047963;155 595 435;10;0;2;8;22;1
202300047963;155 595 437;7;0;2;2;1;1
202300047963;155 595 440;1;0;2;1;1;5
202300047964;155 595 434;7;6;0;0;1;1
202300047965;155 595 433;7;0;1;7;1;1
202300047966;155 595 430;43;0;2;2;17;1
202300047966;155 595 432;7;0;2;3;15;1
202300047967;155 595 429;7;0;0;6;19;0
202300047967;155 595 431;7;0;0;1;1;0
202300047968;155 595 428;7;0;0;0;1;1
202300047969;155 595 426;30;0;0;7;1;3
202300047970;155 595 425;1;0;2;4;2;5
202300047970;155 595 427;10;0;2;2;2;1
202300047971;155 595 424;2;0;1;1;17;1
202300047972;155 595 421;33;0;0;0;1;1
202300047973;155 595 420;2;0;2;1;1;1
202300047973;155 595 422;7;0;2;5;15;1
202300047974;155 595 419;2;0;2;1;1;1
202300047974;155 595 423;7;0;2;3;15;1
202300047975;155 595 417;7;0;1;1;1;1
202300047976;155 595 416;32;0;2;1;17;1
202300047976;155 595 418;7;0;2;8;15;1
202300047977;155 595 413;2;0;2;2;15;1
202300047977;155 595 415;7;0;2;2;1;1
202300047978;155 595 412;10;0;2;8;1;1
202300047978;155 595 414;50;0;2;1;1;3
202300047979;155 595 411;7;1;1;1;25;1
202300047980;155 595 409;7;0;1;2;1;1
202300047981;155 595 407;7;0;1;6;4;1
202300047982;155 595 404;7;0;2;3;26;1
202300047982;155 595 406;7;0;2;9;1;1
202300047982;155 595 408;7;0;2;6;1;1
202300047982;155 595 410;7;0;2;1;1;1
202300047983;155 595 402;34;0;2;4;24;1
202300047983;155 595 403;7;1;0;1;2;1
202300047984;155 595 401;33;13;0;1;1;1
202300047985;155 595 399;7;0;2;2;15;1
202300047985;155 595 400;2;0;2;1;1;1
202300047986;155 595 394;7;0;2;3;15;1
202300047986;155 595 397;1;0;2;1;1;5
202300047987;155 595 391;7;4;0;3;1;1
202300047988;155 595 392;7;0;2;1;16;1
202300047988;155 595 395;1;0;0;0;0;5
202300047989;155 595 390;7;0;2;0;0;0
202300047989;155 595 393;3;0;2;1;26;1
202300047990;155 595 389;7;10;0;3;13;1
202300047991;155 595 387;30;0;0;0;1;1
202300047992;155 595 386;7;0;2;3;16;2
202300047992;155 595 388;7;0;2;5;1;1
202300047993;155 595 384;14;0;2;0;1;1
202300047993;155 595 385;7;0;2;6;0;1
202300047994;155 595 382;30;0;0;2;21;1
202300047995;155 595 381;7;4;0;1;1;1
202300047996;155 595 380;10;0;1;4;20;1
202300047997;155 595 378;10;4;0;3;2;1
202300047998;155 595 376;7;0;2;3;1;1
202300047998;155 595 377;50;0;2;1;15;3
202300047999;155 595 373;7;0;2;3;15;1
202300047999;155 595 375;30;0;2;3;5;1
202300048000;155 595 372;31;2;0;1;0;1
202300048001;155 595 368;7;0;2;3;1;1
202300048001;155 595 370;1;0;2;8;9;5
202300048002;155 595 367;7;0;2;2;15;1
202300048002;155 595 369;33;0;2;1;1;1
202300048003;155 595 365;7;2;0;1;1;0
202300048004;155 595 364;10;0;2;1;19;1
202300048004;155 595 366;7;0;2;7;1;1
202300048005;155 595 362;31;13;0;1;9;1
202300048006;155 595 361;50;0;2;1;14;3
202300048006;155 595 363;7;0;2;1;1;0
202300048007;155 595 360;7;2;0;2;1;1
202300048008;155 595 357;7;0;2;2;1;1
202300048008;155 595 359;33;0;2;7;16;1
202300048009;155 595 355;7;0;2;6;15;1
202300048009;155 595 358;2;0;2;1;1;1
202300048010;155 595 356;7;0;1;8;15;1
202300048011;155 595 352;7;0;2;1;19;1
202300048011;155 595 354;7;0;2;5;1;3
202300048012;155 595 351;7;15;0;9;1;1
202300048013;155 595 350;7;0;2;3;15;1
202300048013;155 595 353;33;0;2;1;17;1
202300048014;155 595 348;32;1;0;7;14;1
202300048015;155 595 349;7;4;0;2;17;1
202300048016;155 595 347;7;2;0;1;0;1
202300048017;155 595 346;7;0;1;3;13;1
202300048018;155 595 345;7;16;0;1;1;1
202300048019;155 595 343;7;4;0;9;17;0
202300048020;155 595 344;33;6;0;8;1;1
202300048021;155 595 340;7;3;0;1;26;1
202300048022;155 595 339;7;0;2;3;13;1
202300048022;155 595 341;7;0;2;1;1;1
202300048023;155 595 338;7;0;2;3;12;1
202300048023;155 595 342;7;3;2;0;17;1
202300048024;155 595 335;13;4;0;3;1;0
202300048025;155 595 331;7;2;0;3;2;1
202300048026;155 595 333;7;0;2;1;5;6
202300048026;155 595 334;7;0;2;1;1;6
202300048026;155 595 336;7;0;2;3;1;6
202300048027;155 595 332;7;0;2;2;16;1
202300048027;155 595 337;1;0;2;1;15;5
202300048028;155 595 330;7;2;0;1;13;1
202300048029;155 595 328;21;0;1;8;1;1
202300048030;155 595 326;7;0;1;1;1;1
202300048031;155 595 327;37;0;2;6;23;1
202300048031;155 595 329;7;0;2;1;21;1
202300048032;155 595 325;33;3;0;0;1;1
202300048033;155 595 322;7;0;2;3;1;1
202300048033;155 595 324;7;0;2;1;19;1
202300048034;155 595 321;7;2;0;3;13;1
202300048035;155 595 316;7;0;2;1;1;1
202300048035;155 595 318;7;16;2;1;13;1
202300048036;155 595 317;7;7;0;9;1;1
202300048037;155 595 312;7;0;2;1;5;1
202300048037;155 595 314;7;0;2;1;1;1
202300048038;155 595 311;60;0;2;3;1;5
202300048038;155 595 315;3;0;9;1;19;1
202300048039;155 595 310;7;13;0;1;1;1
202300048040;155 595 309;7;0;2;8;1;1
202300048040;155 595 313;7;0;2;2;1;1
202300048041;155 595 304;2;0;2;1;1;1
202300048041;155 595 307;7;0;0;4;26;0
202300048042;155 595 303;7;0;2;2;14;1
202300048042;155 595 306;1;0;2;8;1;5
202300048043;155 595 305;7;0;2;1;1;2
202300048043;155 595 308;2;0;2;1;1;1
202300048044;155 595 302;7;0;0;1;1;1
202300048045;155 595 299;7;0;2;1;2;1
202300048045;155 595 301;7;0;2;4;0;0
202300048046;155 595 298;34;0;1;1;1;1
202300048046;155 595 300;50;0;2;8;26;3
202300048047;155 595 296;1;0;9;2;17;5
202300048047;155 595 297;1;0;9;3;1;5
202300048048;155 595 294;7;0;1;1;2;1
202300048049;155 595 292;30;1;0;2;1;1
202300048049;155 595 295;7;0;2;6;20;1
202300048050;155 595 290;7;0;2;3;1;1
202300048050;155 595 293;33;0;2;1;1;1
202300048051;155 595 288;7;0;2;1;13;1
202300048051;155 595 291;7;0;2;1;1;1
202300048052;155 595 286;1;0;6;1;2;5
202300048053;155 595 287;33;0;2;3;0;1
202300048053;155 595 289;30;0;0;7;0;1
202300048054;155 595 284;33;0;0;7;1;1
202300048055;155 595 283;7;16;0;9;1;1
202300048056;155 595 282;7;0;2;8;1;1
202300048056;155 595 285;30;0;2;1;5;1
202300048057;155 595 279;7;0;9;4;0;1
202300048057;155 595 280;7;0;2;1;0;0
202300048058;155 595 277;7;0;2;1;9;1
202300048058;155 595 281;17;0;2;6;1;1
202300048059;155 595 276;7;0;2;2;15;1
202300048059;155 595 278;1;0;2;0;0;5
202300048060;155 595 275;2;1;0;1;1;1
202300048061;155 595 274;7;0;1;1;9;1
202300048062;155 595 272;7;0;2;3;13;1
202300048062;155 595 273;30;0;2;1;1;1
202300048063;155 595 271;7;0;1;3;9;1
202300048064;155 595 267;7;0;2;1;1;1
202300048064;155 595 269;7;0;2;4;23;1
202300048064;155 595 270;7;0;2;4;23;1
202300048065;155 595 266;43;0;2;1;1;1
202300048065;155 595 268;7;0;2;2;15;1
202300048066;155 595 264;7;0;2;1;13;1
202300048066;155 595 265;7;0;2;1;1;1
202300048067;155 595 262;30;1;0;3;1;1
202300048068;155 595 261;31;0;2;4;11;1
202300048068;155 595 263;33;0;2;1;3;1
202300048069;155 595 260;7;13;0;1;1;1
202300048070;155 595 259;42;0;0;0;14;1
202300048071;155 595 258;7;0;1;2;15;2
202300048072;155 595 256;10;0;0;9;2;1
202300048073;155 595 255;7;0;6;1;1;1
202300048073;155 595 257;7;0;2;3;1;1
202300048074;155 595 253;1;0;2;0;1;5
202300048074;155 595 254;1;0;2;0;1;5
202300048075;155 595 251;7;15;2;7;17;1
202300048075;155 595 252;7;0;2;8;1;1
202300048076;155 595 248;7;0;2;3;1;1
202300048076;155 595 250;7;0;2;8;1;1
202300048077;155 595 247;7;0;0;5;16;2
202300048077;155 595 249;43;0;2;1;1;1
202300048078;155 595 246;7;2;0;1;1;1
202300048079;155 595 242;7;0;2;3;1;1
202300048079;155 595 245;10;0;2;1;1;1
202300048080;155 595 241;7;0;2;1;15;1
202300048080;155 595 244;50;0;2;8;1;3
202300048081;155 595 240;7;0;2;3;9;1
202300048081;155 595 243;7;0;2;3;1;1
202300048082;155 595 239;10;0;1;4;4;1
202300048083;155 595 238;7;13;0;2;17;1
202300048084;155 595 233;2;0;0;4;2;1
202300048084;155 595 236;7;4;2;2;1;1
202300048085;155 595 231;7;0;2;5;23;0
202300048085;155 595 235;7;0;2;5;1;2
202300048085;155 595 237;7;0;2;6;23;0
202300048086;155 595 232;13;0;2;2;16;1
202300048086;155 595 234;80;0;2;3;16;3
202300048087;155 595 230;33;3;0;3;9;1
202300048088;155 595 226;7;1;0;9;23;2
202300048088;155 595 229;7;1;0;1;2;1
202300048089;155 595 223;33;0;0;7;0;1
202300048090;155 595 224;13;0;2;1;1;1
202300048090;155 595 227;7;0;2;1;1;1
202300048091;155 595 220;7;0;2;4;2;1
202300048091;155 595 222;7;0;2;4;2;1
202300048091;155 595 225;7;0;2;4;2;1
202300048091;155 595 228;10;0;2;1;2;1
202300048092;155 595 219;7;3;2;2;2;0
202300048092;155 595 221;7;;2;9;0;6
202300048093;155 595 218;32;0;1;1;1;0
202300048094;155 595 215;7;0;2;1;2;1
202300048094;155 595 217;7;0;2;4;2;2
202300048095;155 595 214;7;0;2;3;1;0
202300048095;155 595 216;7;0;0;4;11;3
202300048096;155 595 213;7;13;0;2;0;1
202300048097;155 595 211;7;0;1;1;19;1
202300048098;155 595 212;2;0;1;3;1;1
202300048099;155 595 210;1;12;0;0;1;5
202300048100;155 595 208;7;0;2;5;20;0
202300048100;155 595 209;30;0;2;1;1;0
202300048101;155 595 204;1;0;2;0;18;5
202300048101;155 595 207;1;0;2;0;1;5
202300048102;155 595 205;32;11;0;1;1;1
202300048103;155 595 201;7;0;2;6;23;1
202300048103;155 595 206;2;0;2;1;1;2
202300048104;155 595 202;7;0;2;1;1;1
202300048104;155 595 203;1;0;2;8;19;5
202300048105;155 595 197;50;0;2;1;1;3
202300048105;155 595 200;7;0;2;6;1;1
202300048106;155 595 199;80;0;1;1;1;3
202300048107;155 595 196;1;0;2;0;1;5
202300048108;155 595 194;7;0;2;5;1;1
202300048108;155 595 195;7;0;2;3;1;1
202300048108;155 595 198;38;0;2;3;1;1
202300048109;155 595 193;1;8;0;1;1;5
202300048110;155 595 192;80;8;0;1;14;3
202300048111;155 595 190;2;0;2;1;1;1
202300048111;155 595 191;33;0;2;1;1;1
202300048112;155 595 189;7;4;0;3;17;1
202300048113;155 595 188;7;2;0;1;1;0
202300048114;155 595 186;7;1;1;2;2;1
202300048115;155 595 185;33;15;0;8;0;1
202300048116;155 595 184;7;0;1;2;1;1
202300048117;155 595 183;7;0;0;9;1;1
202300048118;155 595 187;7;0;1;2;17;1
202300048119;155 595 180;10;0;2;3;15;1
202300048119;155 595 182;32;0;0;0;0;1
202300048120;155 595 181;7;0;0;1;1;1
202300048121;155 595 179;7;0;1;2;0;5
202300048122;155 595 176;7;0;2;0;0;1
202300048122;155 595 178;7;0;2;1;2;1
202300048123;155 595 175;7;0;2;5;15;1
202300048123;155 595 177;33;0;2;1;1;1
202300048124;155 595 173;7;0;2;3;2;1
202300048124;155 595 174;7;0;2;4;2;1
202300048125;155 595 171;2;0;1;2;17;0
202300048126;155 595 170;7;0;2;1;1;0
202300048126;155 595 172;7;0;2;4;0;1
202300048127;155 595 167;7;0;2;1;2;0
202300048127;155 595 168;7;0;2;4;2;0
202300048127;155 595 169;7;0;2;1;2;0
202300048128;155 595 164;7;0;0;4;24;1
202300048128;155 595 166;7;1;0;1;13;1
202300048129;155 595 163;31;0;0;0;3;1
202300048130;155 595 165;7;14;0;1;0;0
202300048131;155 595 161;7;0;2;3;15;0
202300048131;155 595 162;33;0;2;7;1;1
202300048132;155 595 160;10;4;0;1;14;1
202300048133;155 595 156;99;0;2;7;1;1
202300048133;155 595 158;7;0;2;1;1;1
202300048134;155 595 157;32;0;1;1;17;1
202300048135;155 595 155;7;0;2;1;1;1
202300048135;155 595 159;7;0;2;2;9;1
202300048136;155 595 153;30;0;0;8;15;3
202300048137;155 595 152;10;0;1;4;20;1
202300048138;155 595 154;34;0;0;0;12;1
202300048139;155 595 150;10;0;1;5;4;1
202300048140;155 595 149;33;0;2;0;1;1
202300048140;155 595 151;7;0;2;5;10;1
202300048141;155 595 146;43;0;0;8;1;1
202300048142;155 595 145;7;0;2;8;15;1
202300048142;155 595 148;33;0;2;1;17;1
202300048143;155 595 141;7;0;9;8;1;1
202300048143;155 595 143;1;0;2;8;1;5
202300048144;155 595 140;7;0;2;4;2;1
202300048144;155 595 142;7;0;2;1;2;1
202300048145;155 595 144;7;0;2;1;13;1
202300048145;155 595 147;7;0;2;1;13;2
202300048146;155 595 137;60;0;2;3;13;5
202300048146;155 595 139;7;0;2;3;21;1
202300048147;155 595 136;7;0;2;8;0;0
202300048147;155 595 138;7;0;2;1;1;0
202300048148;155 595 135;7;0;1;1;15;1
202300048149;155 595 130;7;0;2;3;13;0
202300048149;155 595 133;2;0;2;1;1;0
202300048150;155 595 131;7;0;2;3;1;0
202300048150;155 595 134;50;0;2;1;1;3
202300048151;155 595 128;32;0;2;9;17;0
202300048151;155 595 129;10;0;2;8;1;0
202300048151;155 595 132;10;0;2;3;1;0
202300048152;155 595 125;1;0;2;8;1;0
202300048152;155 595 126;7;0;2;7;22;1
202300048153;155 595 123;33;0;2;1;17;1
202300048153;155 595 124;7;0;2;2;1;1
202300048153;155 595 127;7;0;2;3;1;1
202300048154;155 595 121;7;8;2;3;21;1
202300048154;155 595 122;7;0;2;3;1;1
202300048155;155 595 119;7;0;1;4;4;1
202300048156;155 595 117;7;0;2;3;1;1
202300048156;155 595 118;7;0;2;1;1;1
202300048156;155 595 120;7;0;2;1;13;1
202300048157;155 595 115;1;0;2;0;0;5
202300048157;155 595 116;10;0;2;0;17;1
202300048158;155 595 114;2;1;0;2;1;1
202300048159;155 595 113;7;0;1;0;1;0
202300048160;155 595 110;10;6;0;3;1;1
202300048161;155 595 112;37;0;1;7;26;1
202300048162;155 595 107;7;0;2;3;26;1
202300048162;155 595 109;7;0;2;1;0;1
202300048163;155 595 108;7;0;2;2;15;1
202300048163;155 595 111;33;0;2;1;1;1
202300048164;155 595 103;10;0;1;2;13;1