Num_Acc;id_vehicule;categorie_vehicule;obstacle_fixe;obstacle_mobile;point_choc_initial;manoeuvre_principale;motorisation
202300048165;155 595 105;7;4;2;0;2;1
202300048165;155 595 106;7;4;2;3;1;1
202300048166;155 595 100;7;0;2;2;9;0
202300048166;155 595 102;1;0;0;1;15;5
202300048167;155 595 099;7;0;2;1;9;1
202300048167;155 595 101;7;0;2;3;1;1
202300048167;155 595 104;7;0;2;1;0;1
202300048168;155 595 097;7;0;1;3;1;1
202300048169;155 595 095;99;0;2;1;26;1
202300048169;155 595 098;7;0;2;2;0;1
202300048170;155 595 094;7;0;1;1;24;1
202300048171;155 595 093;7;0;2;3;16;0
202300048171;155 595 096;7;0;2;1;1;0
202300048172;155 595 090;33;0;2;7;17;1
202300048172;155 595 091;7;0;2;8;11;1
202300048173;155 595 089;7;1;0;0;0;0
202300048174;155 595 086;7;0;2;2;1;0
202300048174;155 595 088;33;0;2;8;1;0
202300048175;155 595 087;7;0;2;1;1;1
202300048175;155 595 092;7;0;2;7;1;1
202300048176;155 595 084;30;0;2;1;1;3
202300048176;155 595 085;7;0;2;4;23;1
202300048177;155 595 081;7;0;0;1;15;0
202300048177;155 595 083;7;0;0;1;2;0
202300048178;155 595 082;7;0;0;0;1;1
202300048179;155 595 080;7;1;0;2;1;1
202300048180;155 595 078;10;0;9;7;16;3
202300048180;155 595 079;50;0;2;1;1;3
202300048181;155 595 077;33;0;0;8;2;1
202300048182;155 595 075;7;0;2;1;1;1
202300048182;155 595 076;7;0;2;1;1;2
202300048183;155 595 070;7;0;0;6;1;1
202300048183;155 595 072;33;0;2;2;2;1
202300048184;155 595 069;1;0;2;1;2;5
202300048184;155 595 074;7;0;2;5;2;0
202300048185;155 595 068;2;0;0;0;1;1
202300048186;155 595 071;7;0;2;1;0;1
202300048186;155 595 073;37;0;2;1;1;1
202300048187;155 595 065;7;0;2;4;15;1
202300048187;155 595 066;2;0;2;1;2;1
202300048188;155 595 064;10;0;2;2;1;3
202300048188;155 595 067;32;0;2;1;1;0
202300048189;155 595 062;7;0;2;7;17;0
202300048189;155 595 063;1;0;0;8;2;5
202300048190;155 595 060;7;0;1;1;15;2
202300048191;155 595 058;7;0;0;1;15;1
202300048191;155 595 061;10;6;2;1;17;1
202300048192;155 595 054;7;0;2;5;14;1
202300048192;155 595 056;33;0;2;8;2;1
202300048193;155 595 057;7;0;2;1;2;1
202300048193;155 595 059;7;0;2;4;23;1
202300048194;155 595 050;7;0;2;3;10;1
202300048194;155 595 052;7;0;2;2;1;1
202300048195;155 595 047;7;0;2;4;1;1
202300048195;155 595 049;7;0;2;1;14;1
202300048196;155 595 048;7;3;0;5;13;1
202300048196;155 595 051;7;3;2;3;1;1
202300048196;155 595 053;7;1;0;1;1;1
202300048196;155 595 055;7;0;2;5;21;1
202300048197;155 595 042;7;0;2;6;1;1
202300048197;155 595 045;33;0;2;2;2;1
202300048198;155 595 041;33;0;2;1;1;1
202300048198;155 595 043;7;0;2;3;1;1
202300048199;155 595 040;7;0;2;1;13;1
202300048199;155 595 044;7;0;2;1;1;1
202300048200;155 595 046;7;4;0;7;2;1
202300048201;155 595 038;7;4;2;4;1;1
202300048201;155 595 039;7;0;2;1;2;1
202300048202;155 595 036;7;1;0;2;14;1
202300048203;155 595 035;33;0;0;9;14;1
202300048203;155 595 037;33;0;0;9;14;1
202300048204;155 595 032;33;4;2;3;18;1
202300048204;155 595 034;7;0;2;2;23;1
202300048205;155 595 033;7;0;0;9;1;1
202300048206;155 595 029;33;16;0;7;21;1
202300048207;155 595 030;7;0;2;2;2;1
202300048207;155 595 031;1;14;2;4;2;5
202300048208;155 595 028;33;6;0;8;1;1
202300048209;155 595 024;7;0;2;1;2;1
202300048209;155 595 026;7;0;2;4;2;1
202300048209;155 595 027;7;0;2;4;2;1
202300048210;155 595 025;33;16;0;9;0;0
202300048211;155 595 021;7;0;2;5;12;1
202300048211;155 595 022;33;0;2;2;3;1
202300048212;155 595 016;10;0;2;3;2;1
202300048212;155 595 019;10;0;9;2;3;1
202300048213;155 595 018;7;0;2;7;13;1
202300048213;155 595 020;10;0;2;1;1;1
202300048214;155 595 015;7;3;0;3;21;1
202300048215;155 595 013;7;0;2;4;2;1
202300048215;155 595 014;7;0;2;1;2;1
202300048216;155 595 017;7;0;2;4;1;0
202300048216;155 595 023;33;0;2;1;1;0
202300048217;155 595 011;7;0;1;7;0;1
202300048218;155 595 009;10;0;2;1;1;1
202300048218;155 595 010;7;0;2;4;1;1
202300048218;155 595 012;7;0;2;4;1;1
202300048219;155 595 007;7;13;0;1;1;1
202300048220;155 595 006;2;0;2;1;1;1
202300048220;155 595 008;7;0;2;1;15;1
202300048221;155 595 001;10;0;2;1;13;1
202300048221;155 595 004;7;4;2;7;1;1
202300048221;155 595 005;7;13;2;8;1;1
202300048222;155 594 999;7;0;2;1;19;1
202300048222;155 595 002;7;0;2;8;1;1
202300048223;155 595 000;33;0;2;7;21;1
202300048223;155 595 003;2;0;2;1;13;1
202300048224;155 594 995;31;0;2;3;3;1
202300048224;155 594 997;10;0;2;5;1;1
202300048225;155 594 994;7;0;2;2;1;1
202300048225;155 594 998;7;0;2;3;1;1
202300048226;155 594 990;7;4;2;1;0;1
202300048226;155 594 991;7;3;2;8;0;1
202300048226;155 594 992;7;0;2;1;0;1
202300048227;155 594 988;7;4;2;8;1;1
202300048227;155 594 989;15;0;2;0;0;0
202300048228;155 594 986;7;4;2;8;11;1
202300048228;155 594 987;32;4;2;1;3;1
202300048229;155 594 993;7;3;2;1;21;1
202300048229;155 594 996;7;0;2;5;9;1
202300048230;155 594 984;10;0;2;1;2;1
202300048230;155 594 985;7;0;2;4;2;1
202300048231;155 594 982;7;2;0;7;1;1
202300048232;155 594 981;7;1;0;6;9;1
202300048233;155 594 980;7;3;2;1;2;1
202300048233;155 594 983;7;3;2;4;2;1
202300048234;155 594 976;7;0;2;1;1;1
202300048234;155 594 979;10;0;2;1;0;1
202300048235;155 594 973;7;0;2;4;0;0
202300048235;155 594 975;10;0;2;4;0;0
202300048235;155 594 978;10;0;2;1;0;0
202300048236;155 594 972;7;0;2;1;2;1
202300048236;155 594 974;7;0;2;4;2;1
202300048236;155 594 977;7;0;2;4;2;1
202300048237;155 594 967;10;0;2;1;1;1
202300048237;155 594 969;7;0;2;4;1;2
202300048237;155 594 971;7;0;2;1;1;1
202300048238;155 594 968;7;9;9;1;1;1
202300048239;155 594 965;10;0;2;3;1;1
202300048239;155 594 966;33;0;2;3;1;1
202300048240;155 594 964;7;1;0;9;1;0
202300048241;155 594 963;37;9;1;5;20;1
202300048242;155 594 959;7;0;2;3;11;1
202300048242;155 594 962;33;0;2;3;1;1
202300048243;155 594 958;10;0;2;3;15;1
202300048243;155 594 961;32;0;2;3;17;1
202300048244;155 594 957;50;0;2;1;25;3
202300048244;155 594 960;7;0;2;7;9;1
202300048245;155 594 953;33;0;1;5;1;1
202300048246;155 594 952;7;0;2;2;23;0
202300048246;155 594 955;7;0;2;1;1;0
202300048247;155 594 954;7;0;2;1;1;1
202300048247;155 594 956;10;0;2;8;19;1
202300048248;155 594 949;10;0;1;2;1;1
202300048249;155 594 948;2;0;2;1;1;1
202300048249;155 594 950;7;0;2;3;15;1
202300048250;155 594 947;2;0;2;8;1;1
202300048250;155 594 951;7;0;2;1;1;1
202300048251;155 594 945;7;0;2;2;21;1
202300048251;155 594 946;10;0;2;3;21;1
202300048252;155 594 944;7;0;0;2;1;1
202300048253;155 594 941;31;0;2;8;1;1
202300048253;155 594 943;7;0;2;1;15;1
202300048254;155 594 940;33;0;2;1;1;1
202300048254;155 594 942;7;0;2;5;15;1
202300048255;155 594 938;7;0;2;3;1;1
202300048255;155 594 939;7;0;2;3;15;1
202300048256;155 594 935;7;0;2;4;26;1
202300048256;155 594 937;32;0;2;2;2;1
202300048257;155 594 932;7;0;2;7;15;1
202300048257;155 594 934;33;0;2;1;1;1
202300048258;155 594 930;7;0;2;6;15;0
202300048258;155 594 933;31;0;2;6;15;0
202300048259;155 594 931;7;0;1;0;1;3
202300048260;155 594 926;7;0;2;3;9;1
202300048260;155 594 929;33;0;2;1;9;6
202300048261;155 594 925;7;0;2;2;1;1
202300048261;155 594 927;7;0;2;1;1;1
202300048262;155 594 922;7;0;2;6;15;1
202300048262;155 594 923;33;0;2;1;3;1
202300048263;155 594 919;7;0;2;1;1;1
202300048263;155 594 920;7;0;2;1;13;1
202300048263;155 594 921;15;0;2;5;14;1
202300048264;155 594 916;10;0;2;1;2;1
202300048264;155 594 918;7;0;0;4;23;3
202300048265;155 594 914;7;0;2;1;1;1
202300048265;155 594 917;7;0;2;5;1;1
202300048266;155 594 911;7;0;2;1;2;1
202300048266;155 594 913;7;0;2;4;1;1
202300048266;155 594 915;7;0;0;4;1;1
202300048267;155 594 910;7;0;9;2;2;1
202300048267;155 594 912;1;0;0;8;1;5
202300048268;155 594 907;7;0;1;1;23;1
202300048268;155 594 908;7;0;2;3;2;1
202300048269;155 594 909;30;0;0;1;1;1
202300048270;155 594 904;7;0;2;3;26;1
202300048270;155 594 905;10;0;2;1;1;1
202300048271;155 594 901;7;0;2;2;15;1
202300048271;155 594 902;1;0;2;1;1;5
202300048272;155 594 899;33;0;0;8;1;1
202300048273;155 594 898;7;0;2;1;1;1
202300048273;155 594 900;7;0;2;1;13;1
202300048274;155 594 897;7;6;0;1;1;1
202300048275;155 594 896;7;14;0;2;14;1
202300048276;155 594 893;33;0;2;0;1;1
202300048276;155 594 895;7;0;2;3;1;1
202300048277;155 594 892;31;0;2;1;2;1
202300048277;155 594 894;7;0;0;8;13;1
202300048278;155 594 888;32;0;1;7;1;1
202300048279;155 594 889;7;0;2;2;9;1
202300048279;155 594 891;50;0;2;4;19;3
202300048280;155 594 887;7;0;2;1;1;1
202300048280;155 594 890;32;0;2;1;5;1
202300048281;155 594 882;7;0;2;2;1;1
202300048281;155 594 884;10;0;2;3;15;1
202300048282;155 594 880;7;0;0;5;15;1
202300048282;155 594 883;1;0;2;5;1;5
202300048283;155 594 879;7;0;2;2;1;1
202300048283;155 594 881;7;15;2;2;5;1
202300048284;155 594 876;7;0;2;1;1;1
202300048284;155 594 878;7;0;2;1;5;1
202300048285;155 594 874;7;0;1;1;1;1
202300048286;155 594 875;2;0;2;1;1;1
202300048286;155 594 877;10;0;2;1;15;1
202300048287;155 594 870;1;0;2;8;19;5
202300048287;155 594 873;32;0;2;2;1;1
202300048288;155 594 869;7;0;2;3;15;1
202300048288;155 594 871;33;0;2;1;13;1
202300048289;155 594 867;7;1;0;2;14;1
202300048290;155 594 866;7;0;2;3;16;1
202300048290;155 594 868;0;0;2;9;1;1
202300048291;155 594 865;1;0;0;0;0;5
202300048292;155 594 861;7;0;2;1;2;1
202300048292;155 594 863;7;0;2;4;2;3
202300048293;155 594 859;33;0;2;7;1;1
202300048293;155 594 864;7;0;2;8;9;1
202300048294;155 594 856;33;0;2;7;17;1
202300048294;155 594 858;7;0;2;3;1;1
202300048294;155 594 860;7;0;2;8;1;1
202300048294;155 594 862;7;0;2;8;1;1
202300048295;155 594 854;7;0;2;1;13;1
202300048295;155 594 857;10;0;2;1;1;1
202300048296;155 594 855;7;0;1;2;12;1
202300048297;155 594 853;31;16;9;1;1;1
202300048298;155 594 851;7;4;0;2;1;1
202300048299;155 594 850;7;0;2;3;1;1
202300048299;155 594 852;7;0;2;3;15;1
202300048300;155 594 848;7;13;0;3;16;1
202300048301;155 594 847;7;0;2;1;2;0
202300048301;155 594 849;50;0;2;4;0;3
202300048302;155 594 846;32;14;0;1;9;0
202300048303;155 594 843;2;0;2;7;10;1
202300048303;155 594 845;7;0;2;1;1;1
202300048304;155 594 842;7;0;2;1;1;1
202300048304;155 594 844;7;0;2;1;15;1
202300048305;155 594 840;7;0;2;5;15;1
202300048305;155 594 841;7;0;2;1;1;1
202300048306;155 594 838;39;0;1;1;1;3
202300048307;155 594 837;7;0;2;3;9;1
202300048307;155 594 839;80;0;2;7;1;3
202300048308;155 594 835;7;0;2;1;1;1
202300048308;155 594 836;1;0;2;8;19;5
202300048309;155 594 831;50;0;0;6;1;3
202300048309;155 594 833;10;0;2;2;1;1
202300048310;155 594 832;13;0;2;5;15;1
202300048310;155 594 834;31;0;2;1;19;1
202300048311;155 594 829;2;0;2;0;1;1
202300048311;155 594 830;7;0;2;0;15;1
202300048312;155 594 827;7;0;1;4;24;0
202300048313;155 594 826;7;0;0;5;1;1
202300048313;155 594 828;7;0;2;1;19;1
202300048314;155 594 824;7;0;1;1;1;1
202300048315;155 594 820;43;0;2;2;3;1
202300048315;155 594 821;7;0;2;8;1;1
202300048316;155 594 819;30;0;2;1;9;1
202300048316;155 594 823;7;0;2;1;15;1
202300048317;155 594 817;10;0;0;9;1;1
202300048318;155 594 816;30;0;2;1;9;1
202300048318;155 594 818;7;0;2;3;9;1
202300048319;155 594 812;7;3;0;3;14;1
202300048320;155 594 810;33;0;2;1;3;1
202300048320;155 594 813;7;0;2;1;23;1
202300048320;155 594 815;10;0;2;6;11;1
202300048321;155 594 811;7;0;2;4;4;1
202300048321;155 594 814;80;0;2;1;1;3
202300048322;155 594 808;7;0;1;1;1;1
202300048323;155 594 806;7;0;2;1;1;1
202300048323;155 594 809;7;0;2;0;5;1
202300048324;155 594 804;7;0;2;6;18;1
202300048324;155 594 807;7;0;2;2;1;1
202300048325;155 594 803;33;0;2;0;3;1
202300048325;155 594 805;7;0;2;0;11;1
202300048326;155 594 800;7;0;1;1;1;1
202300048327;155 594 798;2;0;2;1;1;0
202300048327;155 594 801;7;0;2;3;11;0
202300048328;155 594 799;10;0;2;1;2;1
202300048328;155 594 802;7;0;2;4;2;1
202300048329;155 594 793;7;8;0;1;26;1
202300048330;155 594 796;33;4;0;3;13;1
202300048331;155 594 792;7;0;2;2;14;1
202300048331;155 594 795;33;0;2;3;1;1
202300048331;155 594 797;99;0;2;5;23;1
202300048332;155 594 790;7;0;2;1;1;1
202300048332;155 594 794;7;0;2;8;19;1
202300048333;155 594 789;1;0;2;2;13;5
202300048333;155 594 791;7;0;2;0;0;0
202300048334;155 594 787;33;0;0;1;3;1
202300048335;155 594 785;7;8;0;3;13;1
202300048335;155 594 788;7;0;2;3;1;1
202300048336;155 594 784;7;0;2;4;2;1
202300048336;155 594 786;7;0;2;1;1;1
202300048337;155 594 782;3;2;0;1;14;1
202300048338;155 594 781;7;0;2;7;2;1
202300048338;155 594 783;33;0;2;8;13;1
202300048339;155 594 778;1;0;2;8;16;5
202300048339;155 594 780;7;0;2;3;1;1
202300048340;155 594 776;33;3;0;7;3;1
202300048341;155 594 777;7;0;2;5;16;1
202300048341;155 594 779;30;0;2;3;1;1
202300048342;155 594 772;1;0;2;1;2;5
202300048342;155 594 774;10;0;2;5;1;1
202300048343;155 594 770;7;4;0;9;1;1
202300048344;155 594 771;31;0;2;2;1;1
202300048344;155 594 775;7;0;2;3;19;1
202300048345;155 594 769;7;0;1;1;2;1
202300048346;155 594 763;7;6;0;1;19;1
202300048347;155 594 761;1;0;2;1;1;5
202300048347;155 594 765;7;0;2;3;1;1
202300048348;155 594 759;7;0;1;3;1;1
202300048349;155 594 755;10;0;2;1;1;1
202300048349;155 594 758;10;0;2;4;23;1
202300048349;155 594 760;7;0;2;4;23;1
202300048350;155 594 756;7;0;2;4;2;1
202300048350;155 594 762;7;0;2;4;2;1
202300048350;155 594 766;14;0;2;1;2;1
202300048351;155 594 754;1;0;2;7;1;5
202300048351;155 594 757;10;0;2;8;22;1
202300048352;155 594 753;7;0;0;7;26;0
202300048352;155 594 767;7;0;0;1;9;0
202300048353;155 594 752;30;0;1;0;0;1
202300048354;155 594 748;7;0;2;8;19;1
202300048354;155 594 750;7;0;2;8;19;1
202300048355;155 594 749;7;0;2;7;12;1
202300048355;155 594 751;31;0;2;1;1;1
202300048356;155 594 745;7;0;1;1;2;0
202300048357;155 594 747;7;0;1;2;5;2
202300048358;155 594 744;1;0;2;1;1;5
202300048358;155 594 746;7;0;2;1;15;1
202300048359;155 594 741;32;0;2;1;1;1
202300048359;155 594 743;7;0;2;5;15;1
202300048360;155 594 739;33;0;2;1;12;1
202300048360;155 594 742;7;0;2;5;1;1
202300048361;155 594 738;1;0;2;1;1;5
202300048361;155 594 740;1;0;2;4;1;5
202300048362;155 594 734;7;0;2;1;1;1
202300048362;155 594 737;7;0;2;4;23;1
202300048363;155 594 732;7;1;0;1;1;1
202300048363;155 594 735;7;0;2;4;23;1
202300048364;155 594 730;33;0;2;5;15;1
202300048364;155 594 736;7;0;2;2;15;0
202300048365;155 594 728;10;0;2;2;2;1
202300048365;155 594 731;7;0;2;7;1;1
202300048365;155 594 733;7;4;2;6;1;1
202300048366;155 594 727;7;0;1;1;1;1
202300048367;155 594 725;31;0;2;1;1;1
202300048367;155 594 726;10;0;2;5;15;1
202300048368;155 594 724;7;0;2;3;15;1
202300048368;155 594 729;33;0;2;1;1;1
202300048369;155 594 720;7;0;2;4;26;1
202300048369;155 594 722;10;0;2;2;1;1
202300048370;155 594 719;7;0;2;1;1;1
202300048370;155 594 723;7;0;2;1;26;1
202300048371;155 594 717;1;0;2;1;18;5
202300048371;155 594 721;7;0;2;7;22;0
202300048372;155 594 715;80;0;2;4;1;3
202300048372;155 594 718;7;0;2;1;2;1
202300048373;155 594 714;7;0;2;3;1;1
202300048373;155 594 716;7;0;2;8;1;1
202300048374;155 594 710;1;0;0;4;1;5
202300048374;155 594 713;7;0;2;1;1;1
202300048375;155 594 712;7;1;0;2;14;1
202300048376;155 594 707;7;0;2;7;12;2
202300048376;155 594 711;30;0;2;1;18;1
202300048377;155 594 706;7;0;2;8;15;0
202300048377;155 594 709;33;0;2;1;17;0
202300048378;155 594 705;7;0;2;7;15;1
202300048378;155 594 708;7;0;2;1;1;1
202300048379;155 594 701;10;0;2;0;16;1
202300048379;155 594 703;2;0;2;0;18;1
202300048380;155 594 700;30;0;2;8;13;1
202300048380;155 594 704;10;0;2;7;1;1
202300048381;155 594 698;7;0;1;1;1;1
202300048382;155 594 699;33;0;2;1;1;1
202300048382;155 594 702;30;0;2;5;19;1
202300048383;155 594 691;7;0;2;1;2;1
202300048383;155 594 695;10;0;2;4;2;1
202300048384;155 594 690;7;0;2;2;15;1
202300048384;155 594 693;32;0;2;1;21;1
202300048385;155 594 689;7;0;1;1;1;1
202300048386;155 594 688;7;0;2;1;1;1
202300048386;155 594 692;7;0;2;7;1;1
202300048387;155 594 687;7;0;2;1;1;1
202300048387;155 594 694;1;0;2;8;1;5
202300048388;155 594 685;7;0;0;9;1;1
202300048389;155 594 684;7;0;2;1;1;1
202300048389;155 594 686;1;0;2;4;15;5
202300048390;155 594 680;7;0;2;3;15;1
202300048390;155 594 683;2;0;2;1;1;1
202300048391;155 594 682;50;0;0;1;21;3
202300048392;155 594 677;7;0;2;2;2;1
202300048392;155 594 679;1;0;2;4;2;5
202300048393;155 594 678;33;0;2;5;0;1
202300048393;155 594 681;7;0;2;4;9;2
202300048394;155 594 673;7;0;2;1;15;1
202300048394;155 594 676;33;0;2;2;1;1
202300048395;155 594 672;7;0;2;1;17;1
202300048395;155 594 675;7;0;2;1;1;1
202300048396;155 594 674;50;15;0;1;1;3
202300048397;155 594 671;7;0;0;1;1;1
202300048398;155 594 667;7;0;2;0;0;1
202300048398;155 594 670;1;0;2;0;0;0
202300048399;155 594 666;33;0;2;1;2;1
202300048399;155 594 668;7;0;2;4;1;1
202300048400;155 594 665;80;0;2;1;1;3
202300048400;155 594 669;7;0;2;3;1;1
202300048401;155 594 660;40;0;2;1;1;3
202300048401;155 594 664;7;0;4;8;15;1
202300048402;155 594 659;7;0;0;8;1;1
202300048402;155 594 663;10;0;0;3;9;1
202300048403;155 594 658;7;0;2;8;20;1
202300048403;155 594 662;10;0;2;2;1;1
202300048404;155 594 657;2;1;0;1;16;1
202300048405;155 594 655;33;0;2;3;11;1
202300048405;155 594 656;7;0;2;3;1;1
202300048405;155 594 661;7;0;2;3;1;1
202300048406;155 594 650;37;1;2;3;17;1
202300048406;155 594 653;7;0;2;1;1;1
202300048407;155 594 648;33;0;2;7;1;1
202300048407;155 594 651;10;0;2;1;10;1
202300048408;155 594 647;33;0;2;1;1;0
202300048408;155 594 654;7;0;2;8;1;0
202300048409;155 594 646;1;0;2;1;1;5
202300048409;155 594 652;7;0;2;6;9;1
202300048410;155 594 645;7;0;2;3;9;1
202300048410;155 594 649;30;0;2;1;1;1
202300048411;155 594 640;50;0;2;1;1;3
202300048411;155 594 644;7;0;2;3;9;1
202300048412;155 594 638;7;0;1;2;16;1
202300048413;155 594 639;33;0;2;8;0;1
202300048413;155 594 641;7;0;2;2;0;3
202300048414;155 594 637;10;0;2;1;2;1
202300048414;155 594 642;7;0;2;6;1;1
202300048415;155 594 636;7;0;2;3;16;1
202300048415;155 594 643;1;0;2;1;1;5
202300048416;155 594 633;33;1;1;1;0;1
202300048417;155 594 632;3;0;2;7;1;1
202300048417;155 594 635;1;0;2;1;25;5
202300048418;155 594 629;7;0;2;1;1;1
202300048418;155 594 634;7;0;2;1;13;1
202300048419;155 594 628;7;0;2;1;13;1
202300048419;155 594 631;1;0;2;8;1;5
202300048420;155 594 627;33;0;4;8;15;1
202300048420;155 594 630;40;0;2;7;1;3
202300048421;155 594 623;10;0;2;8;2;1
202300048421;155 594 626;33;4;2;7;2;1
202300048422;155 594 621;7;0;2;8;15;1
202300048422;155 594 624;33;0;2;0;17;1
202300048423;155 594 619;2;0;2;1;9;1
202300048423;155 594 622;7;0;2;8;1;1
202300048424;155 594 618;7;0;2;1;1;1
202300048424;155 594 620;2;0;2;2;1;1
202300048425;155 594 617;30;0;0;0;0;0
202300048426;155 594 616;7;0;1;1;1;1
202300048427;155 594 612;7;0;2;7;15;0
202300048427;155 594 615;7;0;2;1;1;0
202300048428;155 594 613;30;12;0;1;1;1
202300048429;155 594 610;7;0;2;2;13;1
202300048429;155 594 614;2;0;2;1;1;1
202300048430;155 594 607;7;1;2;2;1;1
202300048430;155 594 609;7;0;2;1;16;1
202300048431;155 594 608;7;6;2;0;1;1
202300048431;155 594 611;7;0;2;0;1;1
202300048432;155 594 601;1;0;2;0;0;0
202300048432;155 594 605;7;0;2;3;1;1
202300048433;155 594 598;7;0;1;7;1;1
202300048434;155 594 596;7;0;2;1;13;0
202300048434;155 594 600;7;0;2;1;1;0
202300048434;155 594 602;7;0;2;1;1;0
202300048434;155 594 604;7;0;2;6;1;0
202300048435;155 594 595;1;0;2;1;1;5
202300048435;155 594 599;7;0;2;3;1;1
202300048436;155 594 591;1;15;0;1;1;5
202300048436;155 594 594;7;0;9;8;22;1
202300048437;155 594 590;7;1;0;3;26;1
202300048437;155 594 593;33;0;2;1;26;1
202300048438;155 594 587;10;0;1;2;1;1
202300048439;155 594 588;1;0;2;3;0;5
202300048439;155 594 592;99;0;2;0;0;0
202300048440;155 594 585;7;0;2;1;15;1
202300048440;155 594 589;34;0;2;7;1;1
202300048441;155 594 583;10;2;2;1;1;1
202300048441;155 594 586;7;0;2;1;1;1
202300048442;155 594 581;7;0;2;1;2;1
202300048442;155 594 584;10;0;2;4;2;1
202300048443;155 594 578;7;2;0;8;17;1
202300048444;155 594 579;7;0;2;2;1;1
202300048444;155 594 582;10;0;2;1;1;1
202300048445;155 594 575;30;0;2;1;1;1
202300048445;155 594 577;10;0;2;1;1;1
202300048446;155 594 576;80;0;2;1;19;3
202300048446;155 594 580;7;0;2;0;1;1
202300048447;155 594 572;7;0;1;1;26;1
202300048448;155 594 571;7;0;2;2;2;1
202300048448;155 594 574;7;0;2;3;1;1
202300048449;155 594 570;7;14;9;2;16;1
202300048449;155 594 573;80;0;2;8;1;3
202300048450;155 594 568;7;0;2;5;0;1
202300048450;155 594 569;2;0;2;0;0;1
202300048451;155 594 565;7;0;1;1;19;1
202300048452;155 594 564;50;0;2;1;1;3
202300048452;155 594 567;10;0;2;2;19;1
202300048453;155 594 562;7;11;0;1;13;1
202300048454;155 594 563;50;0;0;0;0;3
202300048454;155 594 566;7;0;2;0;26;1
202300048455;155 594 560;7;0;1;3;19;1
202300048456;155 594 559;7;0;2;0;2;5
202300048456;155 594 561;7;0;2;6;2;1
202300048457;155 594 557;7;15;0;8;1;1
202300048458;155 594 555;1;0;2;1;9;5
202300048458;155 594 558;7;0;2;7;1;1
202300048459;155 594 553;30;0;0;0;0;3
202300048460;155 594 552;10;1;0;3;1;1
202300048461;155 594 554;1;0;2;7;19;5
202300048461;155 594 556;7;0;9;1;0;1
202300048462;155 594 550;33;0;0;0;1;1
202300048463;155 594 547;7;2;0;1;1;1
202300048464;155 594 546;60;0;2;1;2;5
202300048464;155 594 549;7;0;2;1;2;1
202300048465;155 594 548;7;0;1;3;15;1
202300048466;155 594 545;2;0;2;2;3;1
202300048466;155 594 551;2;0;2;1;1;1
202300048467;155 594 543;33;0;2;1;1;1
202300048468;155 594 541;34;0;2;1;12;1
202300048468;155 594 544;7;0;2;3;2;1
202300048469;155 594 540;7;0;2;4;23;0
202300048469;155 594 542;10;0;2;1;1;0
202300048470;155 594 539;7;0;1;7;26;1
202300048471;155 594 538;7;8;0;1;15;1
202300048472;155 594 535;7;0;2;5;15;1
202300048472;155 594 536;33;0;2;1;0;1
202300048473;155 594 533;33;0;2;1;1;1
202300048473;155 594 537;7;0;2;3;15;1
202300048474;155 594 530;7;0;2;3;15;1
202300048474;155 594 534;33;0;2;1;1;1
202300048475;155 594 528;7;0;2;3;10;1
202300048475;155 594 531;7;0;2;3;1;1
202300048476;155 594 529;20;0;2;2;0;1
202300048476;155 594 532;7;0;2;3;9;1
202300048477;155 594 527;50;16;0;0;1;3
202300048478;155 594 522;7;0;9;2;16;1
202300048478;155 594 525;50;0;2;1;0;3
202300048479;155 594 523;7;0;2;3;19;1
202300048479;155 594 526;33;0;2;2;1;1
202300048480;155 594 520;7;0;2;2;9;1
202300048480;155 594 524;1;0;2;1;1;0
202300048481;155 594 519;7;12;1;1;16;1
202300048482;155 594 518;7;0;2;3;19;1
202300048482;155 594 521;50;0;2;3;19;3
202300048483;155 594 515;36;0;1;1;1;3
202300048484;155 594 514;7;0;2;3;15;1
202300048484;155 594 517;2;0;2;2;23;1
202300048485;155 594 513;50;0;2;3;19;3
202300048485;155 594 516;7;0;2;3;1;0
202300048486;155 594 509;7;3;2;2;12;1
202300048486;155 594 511;7;0;2;6;1;1
202300048487;155 594 507;7;0;2;8;9;1
202300048487;155 594 512;1;0;2;1;1;5
202300048488;155 594 505;7;0;2;4;2;1
202300048488;155 594 508;30;0;2;1;2;1
202300048489;155 594 504;7;1;0;3;6;1
202300048490;155 594 506;7;0;2;7;15;1
202300048490;155 594 510;10;0;2;1;1;1
202300048491;155 594 497;7;0;2;2;9;1
202300048491;155 594 500;2;0;2;1;1;1
202300048492;155 594 499;33;0;2;1;2;1
202300048492;155 594 503;7;0;2;6;1;1
202300048493;155 594 496;7;0;2;1;1;1
202300048493;155 594 502;7;0;2;2;1;1
202300048494;155 594 495;50;0;2;1;5;3
202300048494;155 594 501;7;0;2;2;19;1
202300048495;155 594 494;10;0;9;3;15;1
202300048495;155 594 498;1;0;2;6;1;5
202300048496;155 594 492;2;13;0;1;1;1
202300048497;155 594 488;30;0;2;1;2;1
202300048497;155 594 493;7;0;2;4;1;1
202300048498;155 594 487;33;0;2;1;1;1
202300048498;155 594 489;17;0;2;2;15;1
202300048499;155 594 486;7;0;2;1;1;1
202300048499;155 594 491;80;0;2;7;1;3
202300048500;155 594 483;7;0;2;4;26;6
202300048500;155 594 485;7;0;2;4;26;6
202300048500;155 594 490;7;0;2;1;26;0