Num_Acc;id_vehicule;categorie_vehicule;obstacle_fixe;obstacle_mobile;point_choc_initial;manoeuvre_principale;motorisation
202300048862;155 593 864;7;0;0;6;2;1
202300048862;155 593 868;7;4;2;1;2;1
202300048863;155 593 865;7;0;2;6;26;3
202300048863;155 593 867;80;0;2;1;19;3
202300048864;155 593 861;7;0;2;3;17;1
202300048864;155 593 862;7;0;2;3;1;1
202300048865;155 593 860;33;15;0;0;13;1
202300048866;155 593 859;2;0;0;0;0;6
202300048867;155 593 857;7;13;0;1;6;1
202300048868;155 593 856;33;10;0;8;13;1
202300048869;155 593 855;7;8;2;3;1;1
202300048869;155 593 858;10;15;2;2;1;1
202300048870;155 593 854;7;0;1;2;1;1
202300048871;155 593 851;7;0;2;2;15;1
202300048871;155 593 853;2;0;2;1;1;1
202300048872;155 593 848;33;0;2;2;15;1
202300048872;155 593 852;7;0;2;2;15;1
202300048873;155 593 847;7;0;2;1;1;0
202300048873;155 593 849;7;12;2;1;1;1
202300048874;155 593 846;13;0;2;3;1;1
202300048874;155 593 850;2;0;2;8;5;1
202300048875;155 593 844;7;0;2;2;5;1
202300048875;155 593 845;17;0;2;1;1;1
202300048876;155 593 843;33;2;0;0;2;1
202300048877;155 593 842;7;0;1;1;1;1
202300048878;155 593 841;7;0;1;2;20;1
202300048879;155 593 840;33;0;0;8;1;1
202300048880;155 593 838;33;0;2;4;1;1
202300048880;155 593 839;7;0;2;1;1;1
202300048881;155 593 837;33;0;0;0;1;1
202300048882;155 593 835;7;0;1;0;0;1
202300048883;155 593 831;7;0;2;3;1;1
202300048883;155 593 834;7;0;2;3;1;1
202300048884;155 593 833;7;7;0;2;1;1
202300048885;155 593 827;33;4;0;8;1;1
202300048886;155 593 826;7;0;2;1;0;0
202300048886;155 593 829;7;0;2;1;0;0
202300048887;155 593 825;1;0;2;7;1;5
202300048887;155 593 828;7;0;9;1;19;1
202300048888;155 593 823;7;2;0;1;16;1
202300048889;155 593 820;7;0;2;2;1;1
202300048889;155 593 824;33;0;2;1;13;1
202300048890;155 593 819;1;0;2;3;19;5
202300048890;155 593 821;7;0;2;2;1;1
202300048891;155 593 818;7;13;0;3;13;0
202300048892;155 593 815;7;15;2;7;13;1
202300048892;155 593 817;7;0;2;1;1;1
202300048893;155 593 814;21;0;0;3;0;1
202300048893;155 593 816;1;0;0;1;1;5
202300048894;155 593 811;1;12;0;0;2;5
202300048894;155 593 813;7;0;0;0;2;1
202300048895;155 593 808;7;13;2;3;13;1
202300048895;155 593 809;7;0;2;3;1;1
202300048896;155 593 810;7;0;0;8;9;1
202300048896;155 593 812;7;0;2;1;1;1
202300048897;155 593 806;3;16;0;1;1;0
202300048898;155 593 804;7;14;0;1;13;1
202300048899;155 593 807;36;0;0;0;0;0
202300048900;155 593 805;10;5;0;0;1;1
202300048901;155 593 802;15;0;2;6;1;1
202300048901;155 593 803;7;0;2;1;17;1
202300048902;155 593 799;10;0;2;6;15;0
202300048902;155 593 800;2;0;2;2;1;6
202300048903;155 593 797;7;0;2;1;20;1
202300048903;155 593 801;7;6;2;1;19;1
202300048904;155 593 796;7;2;0;2;21;1
202300048905;155 593 795;7;0;2;4;1;1
202300048905;155 593 798;10;0;2;1;2;1
202300048906;155 593 791;7;0;2;1;1;1
202300048906;155 593 792;17;0;0;4;1;1
202300048906;155 593 794;7;0;2;4;1;1
202300048907;155 593 789;10;0;2;2;19;1
202300048907;155 593 793;7;0;2;3;1;1
202300048908;155 593 787;3;9;0;9;1;1
202300048909;155 593 785;10;0;2;7;2;1
202300048909;155 593 786;33;0;2;1;3;1
202300048909;155 593 788;10;0;2;8;0;1
202300048909;155 593 790;7;0;2;5;1;1
202300048910;155 593 784;80;14;0;1;0;3
202300048911;155 593 782;0;0;0;5;16;0
202300048911;155 593 783;1;0;2;3;1;5
202300048912;155 593 781;7;13;0;1;1;1
202300048913;155 593 778;7;0;2;4;12;1
202300048913;155 593 780;33;0;2;1;3;1
202300048914;155 593 777;33;0;2;1;17;1
202300048914;155 593 779;7;0;2;8;15;1
202300048915;155 593 775;7;0;2;3;1;1
202300048915;155 593 776;21;0;2;1;13;1
202300048916;155 593 772;7;0;2;1;2;1
202300048916;155 593 773;7;0;2;4;2;1
202300048917;155 593 774;37;0;1;7;1;1
202300048918;155 593 769;33;0;2;1;5;1
202300048918;155 593 770;7;0;0;1;1;1
202300048919;155 593 768;10;0;1;3;15;1
202300048920;155 593 767;7;0;1;1;21;1
202300048921;155 593 765;1;0;2;7;1;5
202300048921;155 593 766;7;0;2;8;22;1
202300048922;155 593 763;10;0;2;1;13;1
202300048922;155 593 764;7;0;2;1;1;1
202300048923;155 593 771;33;13;0;1;1;1
202300048924;155 593 761;33;4;2;1;2;1
202300048924;155 593 762;7;0;0;4;0;1
202300048925;155 593 760;32;0;1;3;1;1
202300048926;155 593 757;33;0;2;1;17;1
202300048926;155 593 759;7;0;2;8;15;1
202300048927;155 593 756;7;0;2;1;2;1
202300048927;155 593 758;7;0;0;5;2;1
202300048928;155 593 755;32;0;1;1;1;1
202300048929;155 593 752;7;3;0;8;1;1
202300048930;155 593 751;10;0;2;3;19;1
202300048930;155 593 754;43;0;2;6;1;1
202300048931;155 593 750;7;0;2;2;15;1
202300048931;155 593 753;32;0;2;1;1;1
202300048932;155 593 749;7;17;0;1;14;1
202300048933;155 593 746;32;0;2;3;1;1
202300048933;155 593 748;7;0;2;2;16;2
202300048934;155 593 745;7;0;2;5;12;1
202300048934;155 593 747;7;0;2;3;1;1
202300048935;155 593 742;10;0;2;4;23;1
202300048935;155 593 744;32;0;2;1;1;1
202300048936;155 593 741;7;4;2;1;0;1
202300048936;155 593 743;15;0;2;6;1;1
202300048937;155 593 737;10;2;0;2;14;1
202300048938;155 593 736;14;0;2;6;2;1
202300048938;155 593 738;7;0;2;2;2;1
202300048939;155 593 739;50;0;2;3;1;3
202300048939;155 593 740;7;0;2;3;15;2
202300048940;155 593 734;7;0;2;5;15;1
202300048940;155 593 735;33;0;2;1;1;1
202300048941;155 593 732;2;13;0;1;0;1
202300048942;155 593 731;1;0;2;8;15;5
202300048942;155 593 733;32;0;2;1;15;1
202300048943;155 593 730;7;15;0;3;1;1
202300048944;155 593 729;31;3;0;8;25;1
202300048945;155 593 726;33;4;0;3;1;1
202300048946;155 593 727;7;0;2;1;1;1
202300048946;155 593 728;7;0;2;4;1;1
202300048947;155 593 724;1;0;2;8;26;5
202300048947;155 593 725;7;0;2;2;17;1
202300048948;155 593 722;7;0;1;1;1;1
202300048949;155 593 719;10;2;0;2;1;1
202300048950;155 593 720;7;0;2;4;23;1
202300048950;155 593 721;7;0;2;1;23;0
202300048950;155 593 723;7;0;2;1;1;1
202300048951;155 593 717;7;0;2;2;1;1
202300048951;155 593 718;1;0;2;4;1;5
202300048952;155 593 714;30;0;2;7;17;1
202300048952;155 593 716;7;0;2;3;15;1
202300048953;155 593 713;7;0;2;3;5;2
202300048953;155 593 715;7;0;2;3;1;1
202300048954;155 593 710;7;13;0;3;14;1
202300048955;155 593 708;7;0;0;1;1;1
202300048956;155 593 707;7;0;2;3;1;1
202300048956;155 593 709;1;0;2;1;9;5
202300048957;155 593 706;7;1;0;2;1;1
202300048958;155 593 705;7;9;0;1;1;1
202300048959;155 593 702;1;0;0;0;1;5
202300048960;155 593 703;7;1;1;2;2;1
202300048961;155 593 701;99;0;2;1;19;3
202300048961;155 593 704;99;0;2;2;1;1
202300048962;155 593 699;10;0;2;3;15;1
202300048962;155 593 700;43;1;2;1;17;1
202300048963;155 593 698;7;0;1;3;21;1
202300048964;155 593 695;7;0;0;2;1;1
202300048964;155 593 696;7;0;2;3;1;1
202300048965;155 593 694;7;0;2;3;26;1
202300048965;155 593 697;7;0;2;2;1;1
202300048966;155 593 691;7;0;2;1;2;1
202300048966;155 593 692;10;0;2;4;2;1
202300048967;155 593 690;13;0;1;4;26;1
202300048968;155 593 689;7;3;0;1;1;1
202300048969;155 593 686;7;0;2;3;15;1
202300048969;155 593 688;13;0;2;2;5;1
202300048970;155 593 685;17;0;2;8;9;1
202300048970;155 593 687;10;0;2;1;12;1
202300048971;155 593 683;7;0;2;5;15;1
202300048971;155 593 684;7;0;2;1;1;1
202300048971;155 593 693;7;0;2;2;23;1
202300048972;155 593 682;33;0;1;0;0;0
202300048973;155 593 680;7;10;2;0;17;1
202300048973;155 593 681;7;0;0;7;1;1
202300048974;155 593 679;7;2;0;1;1;0
202300048975;155 593 678;15;0;1;1;1;1
202300048976;155 593 677;7;3;0;1;14;1
202300048977;155 593 672;7;0;2;1;13;1
202300048977;155 593 674;15;0;2;1;21;1
202300048977;155 593 676;7;0;2;1;1;1
202300048978;155 593 670;7;0;2;3;2;1
202300048978;155 593 671;33;0;0;4;2;1
202300048979;155 593 669;1;13;0;1;1;5
202300048980;155 593 668;7;2;0;1;21;1
202300048981;155 593 665;2;0;2;1;1;0
202300048981;155 593 667;7;0;2;1;15;1
202300048982;155 593 663;7;0;2;8;16;0
202300048982;155 593 666;7;0;2;1;1;0
202300048983;155 593 662;3;0;0;4;2;1
202300048983;155 593 664;7;0;2;2;2;1
202300048984;155 593 659;7;0;2;2;2;1
202300048984;155 593 661;1;0;0;4;2;5
202300048985;155 593 657;7;0;2;1;1;1
202300048985;155 593 658;7;0;2;1;1;1
202300048985;155 593 660;7;3;2;1;5;1
202300048986;155 593 655;33;0;2;1;3;1
202300048986;155 593 656;10;0;2;4;13;1
202300048987;155 593 653;1;0;0;0;0;5
202300048988;155 593 651;7;0;2;3;23;1
202300048988;155 593 652;33;0;2;1;1;1
202300048988;155 593 654;7;0;2;3;15;3
202300048989;155 593 650;7;0;1;1;1;1
202300048990;155 593 649;7;5;0;2;1;1
202300048991;155 593 648;7;4;0;8;1;1
202300048992;155 593 647;33;3;0;1;1;1
202300048993;155 593 646;2;0;9;7;26;6
202300048994;155 593 644;2;0;2;3;1;1
202300048994;155 593 645;10;0;2;3;1;1
202300048995;155 593 642;30;0;2;3;13;0
202300048995;155 593 643;7;0;9;3;26;0
202300048996;155 593 641;7;13;0;2;1;1
202300048997;155 593 639;7;2;0;8;1;1
202300048998;155 593 638;7;0;9;2;17;1
202300048998;155 593 640;1;0;0;6;1;5
202300048999;155 593 637;33;15;0;1;1;1
202300049000;155 593 634;33;16;0;0;17;1
202300049001;155 593 633;10;0;2;1;21;1
202300049001;155 593 635;7;0;0;4;1;1
202300049001;155 593 636;15;0;0;4;1;1
202300049002;155 593 632;7;0;0;0;14;0
202300049003;155 593 630;7;0;2;3;0;0
202300049003;155 593 631;7;0;2;1;13;1
202300049004;155 593 628;7;0;2;1;1;1
202300049004;155 593 629;7;0;2;1;1;1
202300049005;155 593 626;7;0;1;2;15;1
202300049006;155 593 625;7;0;0;2;0;1
202300049006;155 593 627;17;0;0;6;1;1
202300049007;155 593 623;43;0;2;7;26;1
202300049007;155 593 624;7;0;2;3;1;1
202300049008;155 593 621;7;0;2;3;5;1
202300049008;155 593 622;38;0;2;3;1;1
202300049009;155 593 619;50;0;2;1;5;3
202300049009;155 593 620;7;0;2;1;1;1
202300049010;155 593 617;7;0;2;2;2;1
202300049010;155 593 618;7;2;2;2;2;1
202300049011;155 593 615;7;0;2;1;1;1
202300049011;155 593 616;7;0;0;4;1;1
202300049012;155 593 613;2;0;2;1;1;1
202300049012;155 593 614;7;0;2;7;15;1
202300049013;155 593 611;10;0;0;4;2;1
202300049013;155 593 612;33;0;2;1;2;1
202300049014;155 593 609;7;0;2;0;1;0
202300049014;155 593 610;1;0;2;4;1;5
202300049015;155 593 607;31;0;6;1;1;1
202300049016;155 593 606;7;0;2;1;2;1
202300049016;155 593 608;17;0;0;4;2;1
202300049017;155 593 605;33;13;0;3;13;1
202300049018;155 593 604;7;1;1;3;1;3
202300049019;155 593 603;7;6;0;1;2;1
202300049020;155 593 602;10;2;0;3;1;1
202300049021;155 593 601;7;16;0;9;1;1
202300049022;155 593 599;7;17;0;2;1;1
202300049023;155 593 598;7;0;2;2;1;1
202300049023;155 593 600;33;0;2;8;1;1
202300049024;155 593 597;10;2;0;2;1;1
202300049025;155 593 593;7;0;2;3;14;1
202300049025;155 593 595;15;0;0;5;1;1
202300049026;155 593 592;33;0;2;1;1;1
202300049026;155 593 594;10;0;2;3;13;3
202300049027;155 593 590;10;0;2;2;1;1
202300049027;155 593 591;7;0;2;1;13;1
202300049028;155 593 588;7;0;2;3;13;1
202300049028;155 593 589;7;0;2;3;1;1
202300049029;155 593 586;7;0;0;3;1;1
202300049029;155 593 587;7;0;0;3;1;1
202300049030;155 593 584;7;0;2;1;13;1
202300049030;155 593 585;7;0;2;3;1;1
202300049031;155 593 582;10;0;1;2;1;1
202300049032;155 593 579;2;0;2;4;1;1
202300049032;155 593 580;7;0;2;2;1;1
202300049032;155 593 581;7;14;2;3;1;1
202300049032;155 593 583;7;14;0;1;21;1
202300049033;155 593 576;7;0;2;2;1;1
202300049033;155 593 578;7;0;2;1;19;1
202300049034;155 593 573;38;0;9;0;1;1
202300049034;155 593 574;33;0;2;1;17;1
202300049034;155 593 575;7;0;2;6;17;1
202300049035;155 593 572;10;0;2;8;15;1
202300049035;155 593 577;33;0;2;1;1;1
202300049036;155 593 571;1;0;0;0;2;5
202300049037;155 593 569;14;0;2;3;1;0
202300049037;155 593 570;7;0;0;8;9;1
202300049038;155 593 567;33;0;2;1;1;1
202300049038;155 593 568;7;0;2;1;9;1
202300049039;155 593 564;33;0;2;1;5;1
202300049039;155 593 565;7;0;2;3;1;1
202300049039;155 593 566;7;0;2;6;1;1
202300049040;155 593 561;1;0;2;6;2;5
202300049040;155 593 562;7;0;2;2;2;1
202300049041;155 593 559;7;0;0;7;0;0
202300049041;155 593 560;7;0;2;3;0;0
202300049042;155 593 557;7;0;2;3;15;1
202300049042;155 593 558;2;0;2;7;1;1
202300049043;155 593 555;7;0;2;3;9;1
202300049043;155 593 556;33;0;2;7;1;1
202300049044;155 593 554;33;7;0;1;1;1
202300049045;155 593 552;10;0;2;6;2;1
202300049045;155 593 553;33;0;2;2;2;1
202300049046;155 593 551;31;0;2;7;3;1
202300049047;155 593 549;7;0;2;4;1;1
202300049047;155 593 550;7;0;2;1;0;0
202300049048;155 593 547;7;2;2;8;9;0
202300049048;155 593 548;17;0;2;7;1;0
202300049049;155 593 545;7;0;2;6;11;1
202300049049;155 593 546;31;0;2;1;3;1
202300049050;155 593 543;33;0;2;2;0;1
202300049050;155 593 544;7;0;2;6;13;1
202300049051;155 593 541;7;4;2;1;1;1
202300049051;155 593 542;10;4;2;4;1;1
202300049052;155 593 539;7;0;2;4;2;1
202300049052;155 593 540;7;0;2;1;2;1
202300049053;155 593 538;7;0;1;4;26;1
202300049054;155 593 537;50;0;0;0;0;3
202300049055;155 593 536;30;2;2;0;1;1
202300049056;155 593 534;7;0;2;1;1;1
202300049056;155 593 535;7;0;2;4;1;1
202300049057;155 593 533;7;0;1;3;1;1
202300049058;155 593 531;1;0;2;1;1;5
202300049058;155 593 532;7;0;2;4;1;1
202300049059;155 593 530;7;0;1;2;26;1
202300049060;155 593 528;7;0;2;3;1;1
202300049060;155 593 529;7;0;2;3;1;1
202300049061;155 593 527;1;0;1;7;19;5
202300049062;155 593 525;7;0;2;2;1;1
202300049062;155 593 526;32;0;2;8;21;1
202300049063;155 593 524;7;8;0;3;1;1
202300049064;155 593 522;7;0;2;8;15;1
202300049064;155 593 523;33;0;2;1;17;1
202300049065;155 593 520;7;0;2;5;1;1
202300049065;155 593 521;7;0;2;3;12;1
202300049066;155 593 519;10;0;1;4;4;1
202300049067;155 593 518;7;12;0;1;16;1
202300049068;155 593 517;7;3;0;3;13;1
202300049069;155 593 515;33;0;2;5;2;1
202300049069;155 593 516;33;0;2;1;2;1
202300049070;155 593 513;7;0;2;8;15;1
202300049070;155 593 514;33;0;2;1;1;1
202300049071;155 593 511;7;0;2;4;2;1
202300049071;155 593 512;10;0;2;1;2;0
202300049072;155 593 509;7;0;0;4;2;1
202300049072;155 593 510;7;0;2;1;2;1
202300049073;155 593 506;7;0;2;1;2;1
202300049073;155 593 507;7;0;2;4;2;1
202300049073;155 593 508;7;0;2;4;1;1
202300049074;155 593 505;7;0;1;3;26;1
202300049075;155 593 503;15;0;2;7;12;1
202300049075;155 593 504;7;0;2;8;1;1
202300049076;155 593 499;7;0;0;0;0;0
202300049076;155 593 500;7;0;2;1;2;0
202300049076;155 593 501;10;0;0;0;0;0
202300049076;155 593 502;7;0;0;0;0;0
202300049077;155 593 497;7;0;2;7;12;1
202300049077;155 593 498;33;0;2;3;0;1
202300049078;155 593 495;33;0;2;1;12;1
202300049078;155 593 496;7;0;2;6;1;1
202300049079;155 593 492;7;0;2;4;1;1
202300049079;155 593 493;7;0;2;1;2;1
202300049079;155 593 494;7;0;2;5;1;1
202300049080;155 593 490;33;0;2;2;14;1
202300049080;155 593 491;7;0;2;8;1;1
202300049081;155 593 487;10;0;2;1;2;1
202300049081;155 593 488;10;0;2;4;2;1
202300049081;155 593 489;7;0;2;4;2;1
202300049082;155 593 485;33;0;2;2;3;1
202300049082;155 593 486;7;0;2;3;11;1
202300049083;155 593 482;7;0;2;4;2;1
202300049083;155 593 483;10;0;2;1;2;1
202300049083;155 593 484;10;0;2;4;2;1
202300049084;155 593 480;33;0;2;1;0;1
202300049084;155 593 481;7;0;2;0;0;0
202300049085;155 593 478;99;0;2;3;11;1
202300049085;155 593 479;33;0;2;1;3;1
202300049086;155 593 475;7;0;2;4;1;1
202300049086;155 593 476;7;0;2;1;1;1
202300049086;155 593 477;7;0;2;4;1;1
202300049087;155 593 473;7;0;2;4;2;1
202300049087;155 593 474;7;0;2;1;2;1
202300049088;155 593 472;7;4;0;1;13;1
202300049089;155 593 468;7;0;2;1;2;1
202300049089;155 593 469;7;0;0;4;2;1
202300049090;155 593 466;30;0;2;1;5;1
202300049090;155 593 467;7;0;2;1;1;1
202300049091;155 593 465;0;0;1;0;0;0
202300049092;155 593 463;7;0;2;2;1;1
202300049092;155 593 464;7;0;2;3;16;1
202300049093;155 593 457;7;0;2;2;2;1
202300049093;155 593 458;7;0;2;4;2;1
202300049094;155 593 456;50;0;1;0;25;3
202300049095;155 593 455;7;1;1;4;4;1
202300049096;155 593 453;7;0;2;1;26;6
202300049096;155 593 454;10;0;2;4;23;0
202300049097;155 593 451;7;0;2;2;9;3
202300049097;155 593 452;33;0;2;4;23;1
202300049098;155 593 449;33;0;2;8;1;1
202300049098;155 593 450;7;0;2;2;12;1
202300049099;155 593 448;30;0;0;7;1;1
202300049100;155 593 447;7;0;0;0;1;1
202300049101;155 593 446;7;4;0;0;16;1
202300049102;155 593 445;7;0;1;1;1;1
202300049103;155 593 443;32;0;2;0;2;1
202300049103;155 593 444;7;0;2;3;9;1
202300049104;155 593 442;7;0;1;1;15;1
202300049105;155 593 440;7;0;2;3;15;1
202300049105;155 593 441;30;0;2;1;1;1
202300049106;155 593 438;10;0;0;5;1;1
202300049106;155 593 439;30;0;2;1;2;1
202300049107;155 593 436;10;0;2;1;1;0
202300049107;155 593 437;7;0;2;8;9;1
202300049108;155 593 435;7;0;2;7;0;1
202300049109;155 593 433;7;0;2;8;16;1
202300049109;155 593 434;50;0;2;1;1;3
202300049110;155 593 431;30;0;2;8;9;1
202300049110;155 593 432;10;0;2;1;9;1
202300049111;155 593 429;7;0;2;1;1;1
202300049111;155 593 430;7;0;0;4;23;0
202300049112;155 593 428;10;0;1;0;1;1
202300049113;155 593 426;7;0;2;8;1;1
202300049113;155 593 427;1;0;2;7;1;5
202300049114;155 593 425;7;4;0;1;2;1
202300049115;155 593 424;7;4;0;1;1;1
202300049116;155 593 423;7;6;0;1;13;1
202300049117;155 593 422;7;0;1;3;26;1
202300049118;155 593 420;7;0;2;2;17;1
202300049118;155 593 421;50;0;2;4;10;3
202300049119;155 593 416;7;0;2;4;2;0
202300049119;155 593 417;7;0;2;4;2;0
202300049119;155 593 418;7;0;2;4;2;0
202300049119;155 593 419;7;0;2;1;2;0
202300049120;155 593 414;30;0;2;0;0;0
202300049120;155 593 415;7;0;2;3;9;1
202300049121;155 593 412;0;0;0;0;0;0
202300049121;155 593 413;3;0;0;0;0;1
202300049122;155 593 411;7;0;1;3;1;1
202300049123;155 593 410;33;0;0;0;26;1
202300049124;155 593 409;7;6;0;3;16;1
202300049125;155 593 407;10;0;2;1;1;1
202300049125;155 593 408;34;0;2;0;0;0
202300049126;155 593 404;7;0;2;6;1;1
202300049126;155 593 405;7;0;2;2;12;0
202300049126;155 593 406;31;0;2;8;3;1
202300049127;155 593 402;7;0;2;1;2;1
202300049127;155 593 403;7;0;2;4;2;1
202300049128;155 593 401;7;6;0;4;12;1
202300049129;155 593 400;10;0;1;1;1;1
202300049130;155 593 398;7;0;2;1;1;3
202300049130;155 593 399;31;0;2;4;1;1
202300049131;155 593 396;7;0;2;2;15;1
202300049131;155 593 397;31;0;2;1;7;1
202300049132;155 593 394;1;1;0;1;1;5
202300049132;155 593 395;7;0;2;8;22;1
202300049133;155 593 392;7;0;2;1;1;1
202300049133;155 593 393;1;0;2;4;15;5
202300049134;155 593 390;33;0;2;1;2;1
202300049134;155 593 391;10;0;2;8;15;1
202300049135;155 593 388;33;0;2;8;15;1
202300049135;155 593 389;30;0;2;1;1;1
202300049136;155 593 386;30;0;2;1;2;1
202300049136;155 593 387;7;0;2;4;2;3
202300049137;155 593 384;7;0;2;1;26;0
202300049137;155 593 385;7;8;2;7;26;1
202300049138;155 593 383;7;0;1;2;1;0
202300049139;155 593 382;7;6;0;1;13;1
202300049140;155 593 380;7;0;2;6;11;2
202300049140;155 593 381;10;0;2;2;2;1
202300049141;155 593 379;7;0;2;1;0;0
202300049142;155 593 377;0;0;2;0;0;
202300049142;155 593 378;2;0;2;7;0;1
202300049143;155 593 375;30;0;0;7;16;1
202300049143;155 593 376;0;0;0;0;0;0
202300049144;155 593 374;10;0;1;0;15;0
202300049145;155 593 373;30;12;0;2;14;1
202300049146;155 593 372;80;0;0;0;1;3
202300049147;155 593 370;7;0;2;1;13;1
202300049147;155 593 371;7;0;2;3;1;1
202300049148;155 593 368;7;0;2;1;13;1
202300049148;155 593 369;7;0;2;3;1;1
202300049149;155 593 366;7;0;2;7;13;1
202300049149;155 593 367;10;0;2;1;1;1
202300049150;155 593 364;7;0;2;1;2;1
202300049150;155 593 365;7;0;2;4;2;1
202300049151;155 593 363;7;2;0;1;14;1
202300049152;155 593 362;7;13;0;2;14;1
202300049153;155 593 360;7;0;2;3;1;1
202300049153;155 593 361;7;0;2;2;13;1
202300049154;155 593 359;7;4;0;2;1;0
202300049155;155 593 357;7;0;2;6;1;1
202300049155;155 593 358;7;0;2;1;5;1
202300049156;155 593 356;36;6;0;2;14;1
202300049157;155 593 355;31;12;0;1;21;1
202300049158;155 593 353;7;0;2;1;13;1
202300049158;155 593 354;7;0;2;1;13;1
202300049159;155 593 352;7;6;0;2;0;1
202300049160;155 593 350;7;0;2;3;13;1
202300049160;155 593 351;7;0;2;3;1;1
202300049161;155 593 348;10;0;0;6;1;1
202300049161;155 593 349;7;0;2;2;1;1
202300049162;155 593 346;7;0;9;3;9;1
202300049162;155 593 347;80;0;2;1;9;3
202300049163;155 593 343;7;0;1;2;1;1
202300049164;155 593 341;7;0;2;3;13;1
202300049164;155 593 342;31;0;2;1;21;1
202300049165;155 593 340;7;0;1;1;1;1
202300049166;155 593 339;7;15;0;1;1;0
202300049167;155 593 338;7;8;6;8;1;1
202300049168;155 593 337;80;0;0;0;1;3
202300049169;155 593 335;33;0;2;1;1;1
202300049169;155 593 336;7;0;2;6;15;1
202300049170;155 593 334;33;0;0;8;1;1
202300049171;155 593 333;7;0;1;3;1;1
202300049172;155 593 331;7;3;2;7;5;1
202300049172;155 593 332;7;0;2;1;5;1
202300049173;155 593 330;7;13;0;2;1;1
202300049174;155 593 329;14;13;9;3;15;1
202300049175;155 593 328;10;0;1;4;4;1
202300049176;155 593 326;7;0;1;1;1;1
202300049177;155 593 324;7;0;9;2;1;1
202300049178;155 593 323;7;0;2;3;15;1
202300049178;155 593 325;34;0;2;3;6;1
202300049179;155 593 317;20;0;0;0;1;1
202300049180;155 593 316;7;0;2;3;1;1
202300049180;155 593 318;7;0;2;1;0;0
202300049180;155 593 319;7;0;2;1;1;1
202300049180;155 593 321;7;0;2;1;1;1
202300049181;155 593 313;7;0;2;3;16;1
202300049181;155 593 315;50;0;2;7;9;3
202300049182;155 593 312;7;0;0;0;1;1
202300049183;155 593 311;10;0;1;4;4;1
202300049184;155 593 308;7;0;2;1;0;
202300049184;155 593 310;50;0;2;1;0;3
202300049185;155 593 305;33;0;1;1;0;1
202300049186;155 593 304;7;0;2;3;1;1
202300049186;155 593 306;10;0;2;2;19;1
202300049187;155 593 302;7;0;2;5;1;0
202300049187;155 593 303;7;0;2;1;2;0
202300049188;155 593 300;7;6;2;1;1;1
202300049188;155 593 301;7;6;2;3;1;1
202300049189;155 593 298;7;0;2;4;2;1
202300049189;155 593 299;7;0;2;1;2;1
202300049190;155 593 296;7;0;2;1;1;1
202300049190;155 593 297;10;0;2;4;1;1
202300049191;155 593 295;7;0;1;8;15;1
202300049192;155 593 293;7;12;0;1;1;1
202300049193;155 593 291;31;0;2;1;13;1
202300049193;155 593 292;33;0;2;1;1;1
202300049194;155 593 290;7;0;1;1;0;1
202300049195;155 593 289;7;0;1;1;0;1
202300049196;155 593 287;7;0;2;3;9;1
202300049196;155 593 288;36;0;2;2;2;1
202300049197;155 593 286;7;0;1;1;1;1
202300049198;155 593 285;7;0;2;5;26;1
202300049199;155 593 284;32;3;0;1;0;1
202300049200;155 593 283;7;3;2;0;17;2
202300049201;155 593 278;7;0;0;0;0;0
202300049202;155 593 275;7;0;2;0;0;0
202300049202;155 593 276;7;0;2;0;0;0
202300049202;155 593 280;7;0;2;4;1;0
202300049202;155 593 281;7;0;2;1;1;0
202300049202;155 593 282;7;0;2;4;1;0
202300049203;155 593 273;7;3;2;9;1;1
202300049203;155 593 277;15;0;2;8;1;1
202300049203;155 593 279;7;0;2;1;1;1
202300049204;155 593 272;2;0;2;1;2;1
202300049204;155 593 274;10;0;0;4;2;1
202300049205;155 593 269;7;0;2;2;26;1
202300049205;155 593 271;7;0;2;3;0;1
202300049206;155 593 267;7;0;2;3;2;3
202300049206;155 593 268;7;4;2;9;1;1
202300049207;155 593 266;13;0;0;7;21;2
202300049207;155 593 270;7;0;0;0;17;1
202300049208;155 593 264;7;0;2;2;2;1
202300049208;155 593 265;7;1;2;3;18;1
202300049209;155 593 260;7;3;0;1;14;1
202300049209;155 593 263;10;0;0;0;2;1
202300049210;155 593 258;7;0;0;9;1;1
202300049210;155 593 259;7;0;0;0;15;1
202300049211;155 593 256;7;0;2;1;9;1
202300049211;155 593 257;7;0;2;1;0;1
202300049211;155 593 261;7;0;2;4;2;0
202300049212;155 593 254;7;1;2;8;14;0
202300049212;155 593 255;10;0;2;4;0;0
202300049213;155 593 252;7;0;1;1;0;1
202300049214;155 593 251;7;0;2;1;1;3
202300049214;155 593 253;7;0;2;1;17;1
202300049215;155 593 250;7;4;0;1;2;1
202300049216;155 593 249;7;0;1;2;17;0
202300049217;155 593 246;7;0;1;5;23;1
202300049217;155 593 248;7;0;2;1;1;1
202300049218;155 593 243;10;0;2;8;1;1
202300049218;155 593 245;7;0;2;7;12;1
202300049218;155 593 247;14;0;2;3;1;1
202300049219;155 593 242;7;0;2;3;13;1
202300049219;155 593 244;14;0;2;6;1;1
202300049220;155 593 241;7;15;0;1;1;1
202300049221;155 593 238;7;13;0;2;1;1