Num_Acc;id_vehicule;categorie_vehicule;obstacle_fixe;obstacle_mobile;point_choc_initial;manoeuvre_principale;motorisation
202300049222;155 593 236;7;0;2;4;2;1
202300049222;155 593 239;10;0;2;1;2;1
202300049223;155 593 237;7;0;2;7;16;1
202300049223;155 593 240;33;0;2;1;1;1
202300049224;155 593 233;7;0;0;0;0;1
202300049224;155 593 235;30;0;0;0;0;1
202300049225;155 593 232;7;4;0;1;16;1
202300049226;155 593 231;1;0;2;3;1;5
202300049226;155 593 234;10;0;2;7;16;1
202300049227;155 593 229;7;0;1;3;1;1
202300049228;155 593 224;10;0;2;3;1;1
202300049228;155 593 227;33;0;2;1;17;1
202300049229;155 593 226;7;0;2;7;1;1
202300049229;155 593 230;10;0;2;1;1;1
202300049230;155 593 223;7;0;2;3;15;1
202300049230;155 593 225;30;0;2;1;1;1
202300049231;155 593 221;2;12;0;1;26;1
202300049232;155 593 219;7;0;1;1;1;1
202300049233;155 593 218;7;0;2;1;0;1
202300049233;155 593 220;7;0;2;4;0;1
202300049233;155 593 222;7;0;2;4;0;1
202300049233;155 593 228;7;0;2;4;0;1
202300049234;155 593 216;7;0;2;1;1;1
202300049234;155 593 217;7;0;2;1;1;1
202300049235;155 593 212;33;0;2;1;13;1
202300049235;155 593 215;99;0;2;1;1;1
202300049236;155 593 213;7;0;2;1;15;1
202300049236;155 593 214;31;0;2;1;1;1
202300049237;155 593 210;17;0;2;3;11;1
202300049237;155 593 211;7;0;2;5;0;1
202300049238;155 593 209;7;0;1;3;17;1
202300049239;155 593 206;7;0;2;5;15;1
202300049239;155 593 207;33;0;2;1;1;1
202300049240;155 593 204;2;0;2;2;17;1
202300049240;155 593 205;99;0;2;3;15;1
202300049241;155 593 202;10;0;2;4;1;1
202300049241;155 593 208;33;0;2;1;1;1
202300049242;155 593 200;7;2;0;0;0;1
202300049243;155 593 199;7;0;2;4;1;1
202300049243;155 593 203;7;0;2;1;1;1
202300049244;155 593 198;50;0;2;1;1;3
202300049244;155 593 201;7;0;2;3;9;1
202300049245;155 593 196;7;8;0;0;15;1
202300049246;155 593 194;7;0;2;3;13;1
202300049246;155 593 197;7;0;2;3;1;1
202300049247;155 593 193;7;0;2;3;13;1
202300049247;155 593 195;7;0;2;3;1;1
202300049248;155 593 192;7;3;0;1;1;1
202300049249;155 593 189;7;0;2;1;5;1
202300049249;155 593 190;10;0;2;1;1;1
202300049250;155 593 184;31;0;2;1;1;1
202300049250;155 593 188;2;0;2;1;3;1
202300049251;155 593 185;7;4;0;3;1;1
202300049252;155 593 182;7;0;2;3;13;1
202300049252;155 593 187;33;0;2;1;1;1
202300049253;155 593 181;7;0;2;0;0;1
202300049253;155 593 183;7;0;2;3;0;1
202300049253;155 593 186;7;0;2;1;15;1
202300049254;155 593 180;33;0;0;1;1;1
202300049255;155 593 179;33;6;0;1;13;1
202300049256;155 593 175;7;3;2;3;17;1
202300049256;155 593 178;7;0;2;7;1;1
202300049257;155 593 169;7;0;2;3;1;6
202300049257;155 593 173;7;0;2;2;15;0
202300049258;155 593 166;7;3;2;2;1;1
202300049258;155 593 168;7;0;2;4;1;1
202300049259;155 593 170;7;0;2;2;15;1
202300049259;155 593 176;31;0;2;1;1;1
202300049260;155 593 163;7;0;2;2;9;1
202300049260;155 593 165;2;0;2;7;23;1
202300049261;155 593 164;7;0;2;1;2;0
202300049261;155 593 167;7;0;2;4;2;1
202300049261;155 593 171;7;0;2;1;2;1
202300049261;155 593 174;7;0;2;4;2;1
202300049262;155 593 158;37;0;1;3;1;1
202300049263;155 593 160;7;0;0;1;1;0
202300049263;155 593 162;10;8;0;6;19;0
202300049264;155 593 159;1;0;2;1;0;5
202300049264;155 593 161;7;0;0;6;16;2
202300049265;155 593 154;7;0;2;4;1;1
202300049265;155 593 156;7;0;2;1;2;1
202300049265;155 593 157;7;0;2;1;2;1
202300049266;155 593 151;7;0;2;1;13;1
202300049266;155 593 155;7;0;2;1;1;1
202300049267;155 593 150;7;0;2;3;1;1
202300049267;155 593 153;7;0;2;1;0;1
202300049268;155 593 149;2;0;2;1;1;1
202300049268;155 593 152;10;0;2;1;23;3
202300049269;155 593 148;7;7;0;1;13;1
202300049270;155 593 145;7;0;2;5;2;1
202300049270;155 593 147;33;0;2;1;2;1
202300049271;155 593 143;15;0;2;3;1;0
202300049271;155 593 144;10;0;2;3;13;0
202300049272;155 593 141;7;0;2;2;15;1
202300049272;155 593 146;2;0;2;1;1;1
202300049273;155 593 140;7;0;1;1;1;1
202300049274;155 593 139;33;0;0;0;1;0
202300049275;155 593 134;10;0;0;0;0;1
202300049275;155 593 138;1;0;2;4;1;5
202300049276;155 593 135;7;0;2;1;0;1
202300049276;155 593 137;7;0;2;4;0;1
202300049277;155 593 133;7;0;1;2;1;1
202300049278;155 593 132;10;0;2;1;1;1
202300049278;155 593 136;15;0;0;6;1;1
202300049279;155 593 129;33;13;0;1;1;1
202300049280;155 593 127;38;0;2;4;23;1
202300049280;155 593 130;7;0;2;1;2;1
202300049281;155 593 126;10;0;2;8;19;1
202300049281;155 593 131;7;0;2;1;1;1
202300049282;155 593 124;7;0;2;2;26;1
202300049282;155 593 128;7;16;0;9;13;1
202300049283;155 593 123;7;3;2;2;1;1
202300049283;155 593 125;7;3;2;8;1;1
202300049284;155 593 119;7;0;2;3;1;1
202300049284;155 593 122;7;0;0;4;15;1
202300049285;155 593 117;7;0;2;6;1;1
202300049285;155 593 121;33;0;0;7;1;1
202300049286;155 593 115;7;0;2;8;11;2
202300049286;155 593 118;33;0;2;2;3;1
202300049287;155 593 114;10;13;2;7;1;1
202300049287;155 593 120;7;0;2;3;19;1
202300049288;155 593 113;7;0;2;3;15;1
202300049288;155 593 116;2;0;2;3;1;1
202300049289;155 593 112;30;0;0;0;1;0
202300049290;155 593 106;32;0;2;1;2;1
202300049290;155 593 109;7;0;2;4;2;1
202300049291;155 593 107;0;0;0;0;1;0
202300049292;155 593 105;33;11;0;1;1;1
202300049293;155 593 103;7;0;2;1;1;1
202300049293;155 593 110;7;0;2;1;1;1
202300049294;155 593 104;7;0;2;1;1;1
202300049294;155 593 108;7;0;2;5;1;1
202300049294;155 593 111;10;0;2;4;1;1
202300049295;155 593 102;30;12;0;1;1;1
202300049296;155 593 100;15;4;0;3;6;0
202300049297;155 593 101;7;4;0;2;14;1
202300049298;155 593 098;7;0;2;7;2;1
202300049298;155 593 099;1;16;0;8;2;5
202300049299;155 593 096;30;0;0;0;1;1
202300049300;155 593 092;33;0;2;1;1;1
202300049300;155 593 095;7;0;2;6;9;1
202300049301;155 593 093;7;0;2;1;1;1
202300049301;155 593 097;7;0;2;4;1;1
202300049302;155 593 088;50;0;2;1;1;3
202300049302;155 593 090;7;0;2;3;15;1
202300049303;155 593 091;1;0;2;3;1;5
202300049303;155 593 094;7;0;2;1;1;1
202300049304;155 593 087;33;13;0;0;0;1
202300049305;155 593 086;10;8;0;6;23;1
202300049305;155 593 089;7;0;2;1;2;1
202300049306;155 593 084;7;4;2;7;2;1
202300049306;155 593 085;33;4;2;8;3;1
202300049307;155 593 082;33;5;0;2;14;1
202300049308;155 593 083;37;0;1;5;1;1
202300049309;155 593 080;37;0;2;0;15;1
202300049310;155 593 079;21;0;2;0;1;1
202300049310;155 593 081;7;0;2;1;1;1
202300049311;155 593 078;7;6;0;1;0;1
202300049312;155 593 075;7;8;0;3;1;1
202300049313;155 593 077;7;4;0;6;26;1
202300049314;155 593 076;34;1;0;1;13;1
202300049315;155 593 073;7;0;2;5;15;1
202300049315;155 593 074;33;0;2;1;1;1
202300049316;155 593 071;80;0;1;2;5;3
202300049317;155 593 070;7;0;2;3;13;1
202300049317;155 593 072;7;0;2;3;1;3
202300049318;155 593 069;7;0;1;1;1;1
202300049319;155 593 066;7;0;2;1;1;1
202300049319;155 593 067;7;0;2;1;17;1
202300049320;155 593 063;7;1;0;2;2;1
202300049321;155 593 064;7;0;2;1;2;1
202300049321;155 593 068;7;0;2;4;2;1
202300049322;155 593 062;33;0;2;1;1;1
202300049322;155 593 065;33;0;0;6;15;1
202300049323;155 593 054;7;0;2;2;13;0
202300049323;155 593 061;7;0;2;1;0;0
202300049324;155 593 055;7;0;0;5;2;1
202300049324;155 593 059;2;0;2;3;2;0
202300049325;155 593 052;7;0;0;0;14;1
202300049326;155 593 050;7;10;0;2;1;1
202300049327;155 593 048;10;1;0;1;13;1
202300049328;155 593 046;7;2;6;2;0;1
202300049329;155 593 049;7;0;2;3;11;1
202300049329;155 593 051;7;0;2;5;1;1
202300049329;155 593 053;10;0;2;8;1;1
202300049329;155 593 057;33;0;2;1;3;1
202300049330;155 593 045;7;0;2;7;16;0
202300049330;155 593 047;1;0;2;8;1;5
202300049331;155 593 044;7;1;0;1;0;1
202300049332;155 593 040;33;0;0;0;0;1
202300049333;155 593 039;7;0;9;1;1;1
202300049333;155 593 042;15;0;0;0;16;1
202300049334;155 593 037;2;0;2;1;1;1
202300049334;155 593 043;7;0;2;3;1;1
202300049335;155 593 038;7;0;2;4;2;1
202300049335;155 593 041;7;0;2;1;2;1
202300049336;155 593 036;7;6;0;2;1;1
202300049337;155 593 035;7;15;0;1;1;1
202300049338;155 593 032;7;0;2;3;9;1
202300049338;155 593 034;50;0;2;7;1;3
202300049339;155 593 029;7;0;2;2;13;0
202300049339;155 593 033;7;0;2;2;1;1
202300049340;155 593 026;7;0;0;9;1;1
202300049341;155 593 024;7;0;2;1;1;1
202300049341;155 593 027;7;0;2;4;1;1
202300049341;155 593 031;7;0;2;4;1;1
202300049342;155 593 023;50;0;1;1;1;3
202300049343;155 593 022;7;1;0;1;0;1
202300049344;155 593 021;7;2;0;7;1;1
202300049345;155 593 018;7;6;0;1;1;1
202300049346;155 593 017;31;0;2;1;0;
202300049346;155 593 020;7;0;2;1;15;1
202300049347;155 593 014;7;0;2;1;2;1
202300049347;155 593 019;7;0;2;4;0;1
202300049348;155 593 013;2;0;2;1;1;1
202300049348;155 593 015;2;0;2;1;1;1
202300049349;155 593 012;7;0;2;1;2;1
202300049349;155 593 016;7;0;2;6;2;1
202300049350;155 593 011;7;2;0;1;1;0
202300049351;155 593 008;7;2;0;1;13;1
202300049352;155 593 006;2;0;0;4;0;1
202300049352;155 593 010;7;0;0;0;1;1
202300049353;155 593 004;7;0;2;1;5;1
202300049353;155 593 007;7;0;2;2;1;1
202300049354;155 593 003;7;0;2;3;13;1
202300049354;155 593 009;15;0;2;2;1;1
202300049355;155 593 001;15;0;1;2;1;1
202300049356;155 593 000;37;0;2;1;9;1
202300049356;155 593 002;7;0;2;6;23;1
202300049356;155 593 005;7;0;2;8;1;1
202300049357;155 592 999;2;9;0;1;1;1
202300049358;155 592 995;7;0;2;2;18;1
202300049358;155 592 997;2;0;0;4;2;1
202300049359;155 592 994;32;0;2;1;17;1
202300049359;155 592 998;7;0;2;3;13;1
202300049360;155 592 992;7;0;1;2;1;1
202300049361;155 592 990;7;0;2;1;2;1
202300049361;155 592 993;7;0;2;4;2;1
202300049361;155 592 996;7;0;2;4;1;1
202300049362;155 592 986;7;0;1;2;1;1
202300049363;155 592 987;7;0;1;1;1;1
202300049364;155 592 983;7;14;0;1;1;1
202300049364;155 592 988;7;0;0;0;24;1
202300049365;155 592 984;33;14;0;1;1;1
202300049366;155 592 981;7;0;2;1;2;1
202300049366;155 592 982;7;0;2;4;2;1
202300049366;155 592 985;10;0;2;4;2;1
202300049367;155 592 980;7;0;1;3;16;1
202300049368;155 592 979;7;0;0;1;1;1
202300049369;155 592 976;3;0;2;2;3;1
202300049369;155 592 978;7;0;2;3;2;1
202300049370;155 592 975;2;0;0;7;1;1
202300049371;155 592 971;7;0;2;5;1;1
202300049371;155 592 974;7;0;2;7;12;1
202300049371;155 592 977;32;4;2;3;1;1
202300049372;155 592 970;17;0;2;1;2;1
202300049372;155 592 972;38;0;0;4;23;1
202300049373;155 592 969;7;0;2;2;15;1
202300049373;155 592 973;80;0;2;7;19;3
202300049374;155 592 966;7;0;2;1;2;1
202300049374;155 592 968;7;0;2;4;2;1
202300049375;155 592 965;7;0;2;1;2;1
202300049375;155 592 967;21;0;2;4;2;1
202300049376;155 592 963;7;0;0;0;0;0
202300049377;155 592 961;10;0;2;2;17;1
202300049377;155 592 964;15;0;2;6;1;1
202300049378;155 592 960;33;8;0;7;1;1
202300049379;155 592 958;7;8;0;5;2;1
202300049379;155 592 962;7;0;2;5;23;1
202300049380;155 592 956;7;0;0;6;11;1
202300049380;155 592 957;33;0;2;1;3;1
202300049381;155 592 951;7;2;0;5;1;1
202300049382;155 592 953;34;0;2;4;1;1
202300049382;155 592 955;7;0;2;4;1;1
202300049383;155 592 950;7;0;2;4;15;1
202300049383;155 592 954;31;0;2;1;2;1
202300049384;155 592 952;7;0;2;5;1;1
202300049384;155 592 959;7;0;2;1;0;0
202300049385;155 592 949;7;0;0;1;1;1
202300049386;155 592 947;7;4;0;3;1;1
202300049387;155 592 946;10;0;2;1;1;1
202300049387;155 592 948;7;0;2;1;1;1
202300049388;155 592 943;7;10;0;1;1;1
202300049389;155 592 944;7;0;1;2;19;1
202300049390;155 592 942;99;0;2;1;2;0
202300049390;155 592 945;7;0;2;4;2;0
202300049391;155 592 940;7;2;0;8;14;1
202300049392;155 592 938;0;0;1;0;0;0
202300049393;155 592 937;7;0;0;3;1;1
202300049393;155 592 939;7;0;2;3;15;1
202300049394;155 592 933;7;0;2;1;1;1
202300049394;155 592 936;7;0;0;8;1;1
202300049395;155 592 931;7;0;9;2;17;1
202300049395;155 592 934;1;0;2;3;15;5
202300049396;155 592 928;7;0;0;1;2;1
202300049396;155 592 932;7;0;0;1;2;1
202300049397;155 592 930;7;0;1;2;21;6
202300049398;155 592 929;7;0;2;1;1;1
202300049398;155 592 935;7;0;2;4;1;1
202300049398;155 592 941;7;0;2;6;1;1
202300049399;155 592 927;32;0;0;0;1;1
202300049400;155 592 923;7;0;2;3;1;1
202300049400;155 592 925;7;0;2;3;5;1
202300049401;155 592 922;7;0;1;7;1;1
202300049402;155 592 919;7;0;2;1;2;1
202300049402;155 592 924;7;0;2;5;2;1
202300049403;155 592 920;7;0;2;8;1;0
202300049403;155 592 926;7;0;2;1;1;0
202300049404;155 592 918;7;0;2;5;15;1
202300049404;155 592 921;33;0;2;1;1;1
202300049405;155 592 914;7;0;1;8;1;1
202300049406;155 592 913;7;0;2;4;2;1
202300049406;155 592 916;10;0;2;1;2;1
202300049407;155 592 915;7;0;1;1;1;0
202300049408;155 592 912;7;6;0;1;1;1
202300049409;155 592 911;7;0;1;1;1;1
202300049410;155 592 907;7;9;0;1;1;1
202300049411;155 592 905;7;0;2;8;15;1
202300049411;155 592 910;2;0;2;1;17;0
202300049412;155 592 909;7;0;1;1;1;1
202300049413;155 592 904;7;0;2;4;11;1
202300049413;155 592 908;17;0;2;2;1;1
202300049414;155 592 901;7;0;2;4;2;1
202300049414;155 592 903;7;0;2;4;2;1
202300049414;155 592 906;7;0;2;1;2;2
202300049415;155 592 899;7;0;2;3;16;1
202300049415;155 592 902;2;0;2;2;1;1
202300049416;155 592 898;7;0;1;3;1;1
202300049417;155 592 896;7;0;2;8;1;1
202300049417;155 592 900;7;0;2;1;16;1
202300049418;155 592 893;2;6;0;1;1;1
202300049419;155 592 892;7;15;0;2;20;1
202300049420;155 592 891;1;0;2;7;1;5
202300049420;155 592 894;7;0;2;7;1;1
202300049421;155 592 888;7;3;0;1;1;1
202300049422;155 592 890;7;0;2;4;1;1
202300049422;155 592 895;7;0;2;1;26;1
202300049422;155 592 897;7;1;2;6;1;1
202300049423;155 592 887;10;0;1;1;1;1
202300049424;155 592 889;7;0;1;1;1;1
202300049425;155 592 885;33;0;0;0;21;3
202300049426;155 592 880;7;0;2;4;2;1
202300049426;155 592 884;7;0;2;1;2;1
202300049427;155 592 883;80;0;1;1;25;3
202300049428;155 592 881;14;0;2;6;1;1
202300049428;155 592 886;7;0;2;2;1;1
202300049429;155 592 879;7;0;2;3;20;1
202300049429;155 592 882;7;0;2;2;1;1
202300049430;155 592 878;7;0;1;1;1;1
202300049431;155 592 875;33;0;1;1;17;1
202300049432;155 592 873;7;0;2;3;16;1
202300049432;155 592 877;33;0;2;7;0;1
202300049433;155 592 874;7;0;2;6;10;1
202300049433;155 592 876;30;0;2;1;15;1
202300049434;155 592 871;7;3;0;1;1;1
202300049435;155 592 870;7;0;2;4;9;1
202300049435;155 592 872;33;0;2;1;1;1
202300049436;155 592 868;7;10;0;3;13;1
202300049437;155 592 866;10;0;1;1;26;1
202300049438;155 592 867;7;0;1;0;1;1
202300049439;155 592 865;7;0;2;3;15;1
202300049439;155 592 869;32;0;2;2;1;1
202300049440;155 592 862;7;0;2;3;9;1
202300049440;155 592 864;33;0;2;7;15;1
202300049441;155 592 859;30;0;2;1;1;3
202300049442;155 592 857;7;0;1;2;26;1
202300049443;155 592 852;7;0;2;1;1;1
202300049443;155 592 854;7;0;2;6;15;1
202300049444;155 592 846;80;0;2;8;1;3
202300049444;155 592 850;7;0;2;1;15;1
202300049445;155 592 843;7;0;2;3;17;1
202300049445;155 592 849;7;0;2;1;1;1
202300049446;155 592 841;1;0;2;1;9;5
202300049446;155 592 844;7;0;2;6;9;1
202300049447;155 592 839;10;0;1;1;26;1
202300049448;155 592 837;40;0;1;1;1;3
202300049449;155 592 836;7;12;0;3;2;1
202300049450;155 592 835;7;0;2;0;1;1
202300049450;155 592 838;7;0;2;0;1;1
202300049450;155 592 840;7;0;2;8;1;1
202300049450;155 592 842;7;0;2;1;1;1
202300049450;155 592 845;10;0;9;1;1;1
202300049450;155 592 848;7;0;9;0;1;1
202300049450;155 592 851;10;3;2;1;1;1
202300049450;155 592 855;7;0;2;0;1;1
202300049450;155 592 856;7;0;2;8;1;1
202300049450;155 592 860;7;4;0;1;1;1
202300049450;155 592 863;7;1;2;1;1;1
202300049451;155 592 833;7;0;2;3;11;1
202300049451;155 592 834;33;0;2;7;3;1
202300049452;155 592 832;7;11;0;1;6;1
202300049453;155 592 829;30;0;2;0;18;1
202300049453;155 592 831;7;0;2;7;16;1
202300049454;155 592 828;32;0;2;8;5;1
202300049454;155 592 830;7;0;2;8;21;1
202300049455;155 592 826;7;9;0;3;15;1
202300049456;155 592 825;7;12;0;1;1;1
202300049457;155 592 823;7;0;2;1;2;1
202300049457;155 592 824;10;0;2;4;2;1
202300049457;155 592 827;10;0;2;4;2;1
202300049458;155 592 819;34;7;0;1;14;1
202300049458;155 592 822;10;0;2;8;1;1
202300049459;155 592 816;10;0;2;1;1;1
202300049459;155 592 818;32;0;2;1;1;1
202300049459;155 592 821;7;0;2;6;16;1
202300049460;155 592 814;7;0;1;5;1;0
202300049461;155 592 815;7;0;2;3;2;2
202300049461;155 592 820;33;0;2;4;2;1
202300049462;155 592 813;7;0;2;1;2;1
202300049462;155 592 817;10;0;2;4;2;1
202300049463;155 592 808;7;0;1;4;1;0
202300049464;155 592 807;7;0;0;2;1;1
202300049464;155 592 812;10;0;0;3;15;1
202300049465;155 592 809;7;8;0;3;0;1
202300049466;155 592 806;33;0;2;1;3;1
202300049466;155 592 810;7;0;2;5;12;1
202300049467;155 592 805;7;0;2;8;15;2
202300049467;155 592 811;33;0;2;1;1;1
202300049468;155 592 804;7;4;0;1;1;1
202300049469;155 592 803;7;0;1;1;1;1
202300049470;155 592 798;33;0;2;1;1;1
202300049470;155 592 802;7;0;2;2;15;1
202300049471;155 592 799;99;9;0;3;13;1
202300049472;155 592 797;7;0;2;1;5;1
202300049472;155 592 801;7;0;2;2;1;4
202300049473;155 592 796;7;4;2;1;2;1
202300049473;155 592 800;7;4;0;1;2;1
202300049474;155 592 794;7;0;0;4;2;1
202300049474;155 592 795;7;0;2;1;2;1
202300049475;155 592 793;33;0;0;1;0;1
202300049476;155 592 792;7;1;0;7;1;1
202300049477;155 592 791;7;4;0;2;0;1
202300049478;155 592 790;36;0;0;9;1;1
202300049479;155 592 789;7;0;1;0;2;1
202300049480;155 592 786;7;3;0;1;1;1
202300049481;155 592 785;50;0;2;1;5;3
202300049481;155 592 788;7;0;2;6;1;0
202300049482;155 592 784;50;0;2;0;0;3
202300049482;155 592 787;7;0;2;3;1;1
202300049483;155 592 781;7;0;2;8;13;1
202300049483;155 592 783;7;0;2;1;1;1
202300049484;155 592 779;7;0;2;3;1;1
202300049484;155 592 782;7;0;2;1;13;1
202300049485;155 592 777;2;0;2;8;2;1
202300049485;155 592 780;7;0;0;8;2;1
202300049486;155 592 776;7;0;2;3;10;1
202300049486;155 592 778;2;0;2;1;2;1
202300049487;155 592 775;7;4;0;1;0;1
202300049488;155 592 772;7;0;2;1;13;1
202300049488;155 592 774;7;0;2;1;1;1
202300049489;155 592 770;50;0;1;9;25;3
202300049490;155 592 771;7;0;2;1;1;1
202300049490;155 592 773;7;0;2;4;1;1
202300049491;155 592 767;1;0;0;9;1;5
202300049492;155 592 764;34;12;2;7;1;1
202300049492;155 592 769;7;0;2;1;1;1
202300049493;155 592 765;7;0;2;8;17;1
202300049493;155 592 768;33;0;2;8;21;1
202300049494;155 592 762;7;0;2;1;2;1
202300049494;155 592 766;7;0;0;4;1;1
202300049495;155 592 756;7;14;0;1;26;1
202300049496;155 592 755;15;0;0;6;2;1
202300049496;155 592 757;7;0;2;2;2;1
202300049497;155 592 753;7;1;2;1;24;1
202300049497;155 592 758;7;0;2;5;16;1
202300049497;155 592 759;7;0;2;0;1;1
202300049498;155 592 754;7;8;1;3;25;1
202300049499;155 592 750;7;0;1;2;14;1
202300049500;155 592 749;31;8;0;1;25;0
202300049501;155 592 746;7;0;2;1;14;1
202300049501;155 592 747;10;0;2;4;1;1
202300049502;155 592 745;15;0;2;1;1;1
202300049502;155 592 748;10;0;2;8;15;1
202300049503;155 592 744;7;0;2;8;13;1
202300049503;155 592 751;33;0;2;1;1;1
202300049504;155 592 742;10;3;0;1;1;1
202300049505;155 592 741;7;0;2;6;11;1
202300049505;155 592 743;7;0;2;2;2;1
202300049506;155 592 739;10;0;1;1;15;1
202300049507;155 592 737;7;0;2;1;2;1
202300049507;155 592 740;7;0;2;4;1;1
202300049508;155 592 733;7;9;2;1;1;1
202300049508;155 592 738;7;0;2;2;15;1
202300049509;155 592 734;7;0;2;1;2;0
202300049509;155 592 735;7;0;2;5;15;0
202300049510;155 592 731;7;2;0;1;26;1
202300049511;155 592 732;7;0;2;6;23;1
202300049511;155 592 736;7;0;2;2;2;1
202300049512;155 592 730;1;15;0;1;17;5
202300049513;155 592 726;50;0;0;1;1;3
202300049514;155 592 725;7;4;0;1;26;1
202300049515;155 592 727;13;0;2;1;1;1
202300049515;155 592 729;7;0;2;4;23;1
202300049516;155 592 723;33;1;0;7;1;1
202300049517;155 592 724;2;0;0;0;18;0
202300049517;155 592 728;7;0;2;2;16;1
202300049518;155 592 720;1;0;1;1;1;5
202300049519;155 592 718;7;0;1;1;26;1
202300049520;155 592 721;7;3;0;7;14;1
202300049521;155 592 717;7;0;2;1;2;1
202300049521;155 592 722;7;0;0;4;2;1
202300049522;155 592 716;32;0;2;3;2;1
202300049522;155 592 719;7;0;2;6;26;1
202300049523;155 592 711;7;0;2;2;13;1
202300049523;155 592 713;7;0;2;2;16;1
202300049524;155 592 712;2;0;2;1;1;0
202300049524;155 592 715;1;0;2;7;19;5
202300049525;155 592 709;37;0;1;7;16;1
202300049526;155 592 708;7;0;2;8;18;1
202300049526;155 592 714;7;0;2;2;1;1
202300049527;155 592 707;7;16;0;1;0;0
202300049527;155 592 710;7;16;0;1;0;0
202300049528;155 592 705;7;4;0;1;1;0
202300049529;155 592 704;7;0;0;0;11;0
202300049530;155 592 701;7;0;2;2;17;1
202300049530;155 592 703;1;0;2;1;1;5
202300049531;155 592 700;7;0;2;1;0;1
202300049531;155 592 702;1;0;2;8;0;5
202300049532;155 592 699;7;14;0;2;14;1
202300049533;155 592 696;33;1;0;1;14;1
202300049534;155 592 697;37;0;2;2;1;2
202300049534;155 592 706;7;0;0;0;0;0
202300049535;155 592 694;7;0;1;3;1;0
202300049536;155 592 695;7;0;2;4;26;1
202300049536;155 592 698;10;0;2;1;2;1
202300049537;155 592 693;7;;;;0;0
202300049538;155 592 692;7;3;0;2;14;1
202300049539;155 592 688;10;0;2;3;15;1
202300049539;155 592 691;33;0;2;0;0;0
202300049540;155 592 687;7;0;2;1;15;1
202300049540;155 592 689;30;0;2;7;1;3
202300049541;155 592 685;7;0;2;5;9;1
202300049541;155 592 690;7;0;2;1;9;1
202300049542;155 592 681;7;0;2;3;13;1
202300049542;155 592 684;7;0;2;1;1;1
202300049543;155 592 678;7;0;2;4;2;0
202300049543;155 592 680;7;0;2;4;2;0
202300049543;155 592 683;7;0;2;4;2;0
202300049543;155 592 686;10;0;2;1;2;1
202300049544;155 592 676;10;0;1;1;1;1
202300049545;155 592 674;33;4;0;8;13;1
202300049546;155 592 675;7;0;2;1;9;1
202300049546;155 592 682;34;0;2;1;1;1
202300049547;155 592 677;7;0;2;3;19;1
202300049547;155 592 679;30;0;2;7;1;1
202300049548;155 592 672;1;0;0;1;1;5
202300049549;155 592 670;7;0;2;3;1;1
202300049549;155 592 673;7;0;2;2;14;1
202300049550;155 592 668;2;2;0;1;1;1
202300049551;155 592 669;2;0;2;1;3;0
202300049551;155 592 671;7;0;2;8;15;0
202300049552;155 592 667;7;0;1;2;16;0
202300049553;155 592 666;50;0;0;0;1;3
202300049554;155 592 661;7;0;2;1;15;1
202300049554;155 592 665;34;0;2;1;1;1
202300049555;155 592 662;7;0;2;1;17;1
202300049555;155 592 664;1;0;9;4;2;5
202300049556;155 592 660;7;0;1;1;20;2
202300049557;155 592 659;7;0;2;1;1;1
202300049557;155 592 663;50;0;2;8;19;3
202300049558;155 592 655;7;1;0;2;1;1
202300049558;155 592 658;7;1;0;6;0;1
202300049559;155 592 654;33;0;2;1;1;1
202300049559;155 592 657;7;0;2;3;10;1
202300049560;155 592 652;7;0;2;1;2;1
202300049560;155 592 656;37;0;2;4;2;1
202300049561;155 592 648;7;4;2;3;13;1
202300049561;155 592 651;7;0;2;8;0;1
202300049562;155 592 649;7;0;2;5;15;1
202300049562;155 592 653;10;0;2;3;1;1
202300049563;155 592 646;33;0;0;8;13;1
202300049564;155 592 647;7;0;2;4;2;3
202300049564;155 592 650;30;0;2;1;2;3
202300049565;155 592 643;7;1;0;1;1;1
202300049566;155 592 641;7;0;2;3;15;1
202300049566;155 592 644;34;0;2;1;1;1
202300049567;155 592 639;7;0;2;1;1;1
202300049567;155 592 642;1;0;2;7;1;5
202300049568;155 592 640;2;0;2;8;1;3
202300049568;155 592 645;7;8;2;1;1;1
202300049569;155 592 638;7;6;0;2;14;1
202300049570;155 592 637;7;12;0;1;0;1
202300049571;155 592 636;7;0;1;2;9;1
202300049572;155 592 634;7;0;0;0;1;0
202300049573;155 592 633;10;5;2;1;23;1
202300049573;155 592 635;7;5;2;1;1;1
202300049574;155 592 630;10;0;1;2;1;1
202300049575;155 592 628;7;0;2;8;15;3
202300049575;155 592 631;7;0;0;0;0;1
202300049576;155 592 627;7;0;2;3;15;1
202300049576;155 592 629;32;0;2;7;2;1
202300049577;155 592 626;7;0;2;7;1;1
202300049577;155 592 632;7;0;2;1;1;1
202300049578;155 592 623;7;0;1;1;1;1
202300049579;155 592 622;7;0;2;2;15;1
202300049579;155 592 625;2;0;2;3;2;3
202300049580;155 592 621;50;0;1;1;0;3
202300049581;155 592 619;7;0;1;3;0;1
202300049582;155 592 620;7;0;2;1;1;3
202300049582;155 592 624;7;0;2;1;1;1
202300049583;155 592 614;1;0;2;1;1;5
202300049583;155 592 618;10;0;2;2;16;1
202300049584;155 592 607;33;0;2;2;7;1