Num_Acc;id_vehicule;categorie_vehicule;obstacle_fixe;obstacle_mobile;point_choc_initial;manoeuvre_principale;motorisation
202300049584;155 592 608;7;0;0;2;16;1
202300049585;155 592 613;43;0;2;1;1;0
202300049585;155 592 617;7;0;2;1;15;1
202300049586;155 592 606;33;15;0;1;1;1
202300049587;155 592 605;2;3;0;1;13;1
202300049588;155 592 604;7;0;1;2;1;1
202300049589;155 592 602;7;0;1;1;2;1
202300049590;155 592 599;7;0;2;4;1;2
202300049590;155 592 601;7;0;2;1;0;0
202300049591;155 592 598;80;0;2;1;17;3
202300049591;155 592 600;1;0;2;1;17;5
202300049592;155 592 596;7;0;2;1;1;1
202300049592;155 592 597;7;0;2;1;13;1
202300049593;155 592 595;7;0;2;2;1;1
202300049593;155 592 603;7;0;2;1;9;1
202300049594;155 592 593;33;12;0;3;17;1
202300049595;155 592 592;7;0;2;4;1;1
202300049595;155 592 594;30;0;2;1;1;1
202300049596;155 592 589;40;0;2;3;1;3
202300049596;155 592 590;1;0;4;1;19;5
202300049597;155 592 585;1;0;2;1;1;5
202300049597;155 592 588;99;0;2;4;1;0
202300049598;155 592 587;50;0;2;8;1;3
202300049598;155 592 591;7;0;2;1;1;1
202300049599;155 592 584;10;0;2;7;12;1
202300049599;155 592 586;33;12;2;3;1;1
202300049600;155 592 582;7;2;0;1;1;1
202300049601;155 592 581;31;0;2;1;3;1
202300049601;155 592 583;7;0;2;3;15;0
202300049602;155 592 579;50;0;1;3;25;3
202300049603;155 592 576;7;2;0;3;2;1
202300049604;155 592 578;32;0;2;1;2;1
202300049604;155 592 580;7;0;2;0;0;1
202300049605;155 592 574;31;0;2;2;15;1
202300049605;155 592 577;7;0;2;3;1;1
202300049606;155 592 572;7;0;2;1;1;1
202300049606;155 592 575;7;0;2;1;1;1
202300049607;155 592 570;10;0;2;0;0;1
202300049607;155 592 573;33;0;0;0;0;1
202300049608;155 592 567;30;8;0;1;1;1
202300049609;155 592 568;7;0;1;3;1;1
202300049610;155 592 569;2;0;2;1;17;1
202300049610;155 592 571;7;0;2;3;1;1
202300049611;155 592 565;50;0;2;1;1;3
202300049611;155 592 566;7;0;2;1;15;1
202300049612;155 592 564;7;0;1;1;1;1
202300049613;155 592 562;7;0;1;1;1;1
202300049614;155 592 560;7;0;1;1;1;1
202300049615;155 592 561;7;0;2;6;15;1
202300049615;155 592 563;7;0;2;3;1;1
202300049616;155 592 559;7;0;1;7;1;1
202300049617;155 592 556;7;0;2;6;23;1
202300049617;155 592 558;33;0;2;1;1;1
202300049618;155 592 553;10;1;2;8;0;3
202300049618;155 592 557;7;0;2;1;1;1
202300049619;155 592 552;7;0;2;6;13;1
202300049619;155 592 555;15;0;2;3;1;1
202300049620;155 592 551;2;9;0;9;16;0
202300049620;155 592 554;99;9;0;3;11;0
202300049621;155 592 547;7;0;2;6;1;1
202300049621;155 592 549;30;0;2;1;1;1
202300049622;155 592 548;7;0;2;2;15;1
202300049622;155 592 550;33;0;2;1;1;1
202300049623;155 592 545;30;0;2;1;1;1
202300049623;155 592 546;7;0;2;3;19;1
202300049624;155 592 541;7;0;2;4;2;0
202300049624;155 592 544;7;0;2;1;2;0
202300049625;155 592 537;7;15;2;1;1;1
202300049625;155 592 543;7;0;0;4;23;1
202300049626;155 592 539;7;0;2;6;0;1
202300049626;155 592 542;7;0;2;3;0;1
202300049627;155 592 535;7;0;2;4;0;0
202300049627;155 592 538;7;0;2;1;26;0
202300049627;155 592 540;7;0;2;7;26;0
202300049628;155 592 534;33;0;2;0;0;0
202300049628;155 592 536;7;0;2;0;0;0
202300049629;155 592 532;50;0;2;1;1;3
202300049629;155 592 533;7;0;2;8;10;1
202300049630;155 592 528;33;0;2;1;13;1
202300049630;155 592 531;7;0;2;3;1;1
202300049631;155 592 530;7;15;0;1;1;1
202300049632;155 592 526;7;13;0;1;1;2
202300049633;155 592 523;7;0;2;1;15;1
202300049633;155 592 525;7;0;2;8;1;1
202300049634;155 592 524;3;0;2;3;0;3
202300049634;155 592 527;7;0;2;2;9;1
202300049635;155 592 519;7;8;2;2;1;1
202300049635;155 592 521;7;7;2;8;1;1
202300049636;155 592 518;1;1;0;1;14;5
202300049637;155 592 516;7;0;2;3;13;1
202300049637;155 592 517;7;0;2;3;1;1
202300049638;155 592 513;10;4;0;3;1;1
202300049639;155 592 509;7;0;0;4;2;1
202300049639;155 592 512;7;0;2;1;2;1
202300049640;155 592 508;33;0;1;1;1;1
202300049641;155 592 505;7;0;2;1;1;1
202300049641;155 592 507;7;0;0;4;1;1
202300049641;155 592 511;7;0;2;4;1;1
202300049642;155 592 504;33;0;2;8;23;1
202300049642;155 592 506;7;0;2;8;1;1
202300049642;155 592 510;33;0;2;8;23;1
202300049643;155 592 501;30;0;2;1;17;1
202300049643;155 592 502;7;0;2;4;2;1
202300049644;155 592 500;7;0;2;0;9;1
202300049644;155 592 503;7;8;2;1;21;1
202300049645;155 592 498;7;0;1;3;1;1
202300049646;155 592 497;17;0;2;1;1;1
202300049646;155 592 499;10;0;2;1;13;1
202300049647;155 592 492;7;0;2;1;13;1
202300049647;155 592 495;7;0;2;1;1;1
202300049648;155 592 489;7;1;0;1;1;1
202300049648;155 592 493;37;0;2;6;2;1
202300049649;155 592 486;7;0;2;3;2;1
202300049649;155 592 490;30;0;2;7;17;1
202300049650;155 592 484;3;0;2;1;5;0
202300049650;155 592 487;3;0;2;1;1;0
202300049650;155 592 491;7;13;0;1;21;0
202300049651;155 592 483;32;0;2;1;3;1
202300049651;155 592 488;10;0;2;6;13;1
202300049652;155 592 482;30;12;0;5;1;1
202300049653;155 592 481;31;0;2;1;1;0
202300049653;155 592 485;7;0;2;3;10;1
202300049654;155 592 479;7;2;0;2;15;1
202300049655;155 592 478;10;0;2;1;2;1
202300049655;155 592 480;7;0;2;4;23;0
202300049656;155 592 473;7;16;0;0;26;1
202300049656;155 592 476;32;0;2;3;1;1
202300049657;155 592 472;10;0;1;3;1;1
202300049658;155 592 470;10;5;0;2;1;1
202300049659;155 592 471;7;0;2;3;1;1
202300049659;155 592 474;7;0;2;3;13;1
202300049660;155 592 466;7;2;0;1;2;1
202300049661;155 592 465;7;4;0;2;1;1
202300049662;155 592 467;7;0;2;9;23;1
202300049662;155 592 468;7;0;2;9;23;1
202300049662;155 592 469;7;0;2;9;23;1
202300049662;155 592 475;7;0;2;4;23;1
202300049662;155 592 477;10;0;2;1;1;1
202300049663;155 592 463;30;16;0;1;1;1
202300049664;155 592 462;1;0;9;1;1;5
202300049665;155 592 460;32;0;2;1;3;1
202300049665;155 592 464;7;0;2;3;9;1
202300049666;155 592 459;7;0;2;6;23;1
202300049666;155 592 461;7;0;2;2;2;1
202300049667;155 592 457;2;0;0;0;1;1
202300049668;155 592 456;7;13;0;3;1;1
202300049669;155 592 455;7;0;2;3;19;1
202300049669;155 592 458;32;0;2;1;17;1
202300049670;155 592 454;7;0;1;1;9;0
202300049671;155 592 451;43;15;0;1;1;1
202300049672;155 592 450;10;0;2;1;2;1
202300049672;155 592 452;7;0;2;4;2;1
202300049672;155 592 453;7;0;2;4;2;1
202300049673;155 592 447;7;0;0;9;21;1
202300049674;155 592 444;1;0;9;1;1;5
202300049675;155 592 445;7;0;2;1;1;1
202300049675;155 592 448;7;0;2;1;15;1
202300049676;155 592 442;7;0;2;1;1;1
202300049676;155 592 446;7;0;2;3;15;1
202300049677;155 592 441;30;0;0;8;1;1
202300049678;155 592 439;10;0;2;1;2;1
202300049678;155 592 440;7;0;2;4;2;1
202300049678;155 592 443;7;0;2;4;2;1
202300049679;155 592 438;7;13;0;2;1;1
202300049680;155 592 435;1;0;2;1;1;5
202300049680;155 592 437;1;0;2;4;1;5
202300049681;155 592 433;1;14;0;1;1;5
202300049682;155 592 434;7;0;2;5;15;2
202300049682;155 592 436;33;0;2;1;0;0
202300049683;155 592 430;7;0;2;2;12;1
202300049683;155 592 432;33;0;2;8;3;1
202300049684;155 592 427;3;0;9;2;1;1
202300049684;155 592 431;1;0;0;0;0;5
202300049685;155 592 423;7;0;2;1;1;1
202300049685;155 592 428;7;0;2;2;13;1
202300049686;155 592 422;7;0;2;5;4;1
202300049686;155 592 426;1;0;2;1;1;5
202300049687;155 592 419;33;9;2;1;13;1
202300049687;155 592 421;7;0;2;6;1;2
202300049688;155 592 417;7;2;0;3;0;1
202300049689;155 592 415;7;3;0;9;1;1
202300049690;155 592 416;7;0;2;1;5;1
202300049690;155 592 420;7;0;2;1;17;1
202300049690;155 592 424;7;14;0;1;17;1
202300049690;155 592 429;17;14;0;2;1;1
202300049691;155 592 414;32;0;2;1;19;1
202300049691;155 592 418;7;0;2;5;1;1
202300049692;155 592 411;50;0;1;1;1;3
202300049693;155 592 408;7;0;2;2;16;1
202300049693;155 592 413;43;0;2;1;18;1
202300049694;155 592 407;1;12;0;7;1;5
202300049695;155 592 406;10;0;2;1;1;1
202300049695;155 592 412;37;0;2;8;1;2
202300049696;155 592 405;7;0;0;6;1;1
202300049696;155 592 410;17;0;2;2;1;1
202300049697;155 592 402;7;1;0;2;13;1
202300049698;155 592 396;7;0;2;3;1;1
202300049698;155 592 401;2;0;2;1;1;1
202300049699;155 592 397;33;0;2;1;17;1
202300049699;155 592 400;7;0;2;1;1;1
202300049700;155 592 395;7;0;2;4;1;1
202300049700;155 592 399;7;0;2;1;2;1
202300049700;155 592 403;7;0;2;1;2;1
202300049701;155 592 394;1;0;2;2;5;5
202300049701;155 592 398;7;0;9;2;1;0
202300049702;155 592 393;31;6;0;1;2;1
202300049703;155 592 389;10;0;2;1;1;1
202300049703;155 592 391;7;0;2;1;1;1
202300049704;155 592 386;7;13;0;1;13;1
202300049705;155 592 388;7;0;2;2;16;1
202300049705;155 592 392;33;0;2;3;1;1
202300049706;155 592 385;7;0;2;8;15;1
202300049706;155 592 390;32;0;2;3;1;1
202300049707;155 592 383;10;0;2;5;17;1
202300049707;155 592 387;30;0;2;1;1;1
202300049708;155 592 381;7;0;1;2;1;1
202300049709;155 592 382;33;0;2;8;9;1
202300049709;155 592 384;7;0;2;5;1;1
202300049710;155 592 375;33;0;0;7;14;1
202300049711;155 592 376;33;12;0;7;13;1
202300049712;155 592 373;7;0;2;1;2;1
202300049712;155 592 378;7;0;2;4;2;1
202300049713;155 592 374;7;0;2;3;10;1
202300049713;155 592 379;2;0;2;7;1;1
202300049714;155 592 371;33;12;0;8;16;1
202300049715;155 592 368;7;4;0;1;26;1
202300049716;155 592 366;7;8;0;9;0;1
202300049717;155 592 370;7;0;2;4;11;1
202300049717;155 592 372;15;0;0;4;1;1
202300049718;155 592 365;7;0;2;6;1;1
202300049718;155 592 369;7;0;2;2;17;1
202300049719;155 592 364;7;0;2;1;15;1
202300049719;155 592 367;43;0;2;8;1;1
202300049720;155 592 361;33;14;0;1;0;1
202300049721;155 592 359;50;0;2;6;17;3
202300049721;155 592 362;33;0;2;3;15;1
202300049722;155 592 360;32;0;2;4;23;1
202300049722;155 592 363;7;14;2;1;2;1
202300049723;155 592 356;10;3;0;9;13;1
202300049724;155 592 355;30;0;2;8;1;1
202300049724;155 592 358;7;0;2;7;17;1
202300049725;155 592 357;7;3;0;9;14;1
202300049726;155 592 353;7;0;1;2;1;1
202300049727;155 592 347;0;0;0;0;0;0
202300049727;155 592 352;50;0;0;0;0;3
202300049728;155 592 343;7;0;2;1;1;0
202300049728;155 592 350;50;0;2;1;1;3
202300049729;155 592 344;31;0;2;1;17;1
202300049729;155 592 349;7;0;0;6;23;1
202300049730;155 592 345;7;2;0;3;0;0
202300049731;155 592 342;7;0;2;3;15;1
202300049731;155 592 348;33;0;2;1;1;1
202300049732;155 592 339;1;13;0;0;1;5
202300049733;155 592 337;1;0;2;8;1;5
202300049733;155 592 341;7;0;9;8;1;1
202300049734;155 592 336;7;0;1;2;1;1
202300049735;155 592 333;7;0;2;3;1;1
202300049735;155 592 338;2;0;2;1;1;1
202300049736;155 592 334;7;0;1;2;14;1
202300049737;155 592 335;50;0;2;0;16;3
202300049737;155 592 340;7;0;2;0;10;0
202300049738;155 592 331;50;12;0;1;1;3
202300049739;155 592 328;7;0;2;3;1;0
202300049739;155 592 332;7;0;2;3;13;0
202300049740;155 592 329;1;0;0;8;15;5
202300049741;155 592 327;7;0;2;3;1;1
202300049741;155 592 330;7;0;2;8;9;1
202300049742;155 592 322;2;0;2;2;1;1
202300049742;155 592 325;7;0;2;3;9;1
202300049743;155 592 324;7;0;1;2;1;1
202300049744;155 592 319;7;8;0;9;1;1
202300049745;155 592 317;7;13;0;0;1;1
202300049746;155 592 320;7;0;0;3;11;1
202300049746;155 592 323;2;6;0;1;1;1
202300049747;155 592 318;1;0;2;0;1;5
202300049747;155 592 321;33;0;2;0;1;1
202300049748;155 592 315;3;0;2;1;1;1
202300049748;155 592 316;7;0;2;1;5;1
202300049749;155 592 313;33;2;0;1;2;1
202300049750;155 592 310;7;12;0;3;13;1
202300049751;155 592 309;7;0;2;7;19;1
202300049751;155 592 314;7;0;2;1;19;2
202300049752;155 592 303;7;0;2;1;2;1
202300049752;155 592 306;7;0;2;4;2;1
202300049753;155 592 304;7;0;2;3;1;1
202300049753;155 592 311;7;0;2;3;15;1
202300049754;155 592 305;7;0;2;7;17;3
202300049754;155 592 308;1;0;2;8;15;5
202300049755;155 592 307;7;0;2;7;26;1
202300049755;155 592 312;7;6;2;8;1;2
202300049756;155 592 301;3;8;0;1;1;1
202300049757;155 592 298;7;1;0;2;1;1
202300049757;155 592 300;14;0;2;6;24;1
202300049758;155 592 297;7;0;2;4;10;0
202300049758;155 592 302;7;0;2;2;1;2
202300049759;155 592 296;7;0;2;1;1;1
202300049759;155 592 299;7;0;2;1;1;1
202300049760;155 592 291;7;0;2;3;15;1
202300049760;155 592 295;2;12;2;7;1;1
202300049761;155 592 289;7;15;0;1;2;2
202300049761;155 592 294;7;0;0;8;9;1
202300049762;155 592 287;1;1;0;1;1;5
202300049762;155 592 292;7;0;2;3;22;1
202300049763;155 592 285;7;0;2;3;17;0
202300049763;155 592 288;2;0;2;1;1;1
202300049764;155 592 281;7;0;9;2;21;1
202300049764;155 592 286;1;0;2;8;2;5
202300049765;155 592 280;10;0;2;3;1;1
202300049765;155 592 284;7;0;2;1;5;1
202300049766;155 592 279;7;16;2;8;11;1
202300049766;155 592 283;7;0;2;1;1;1
202300049767;155 592 278;7;1;0;1;1;1
202300049768;155 592 272;7;0;0;6;23;1
202300049768;155 592 275;10;0;2;2;21;1
202300049768;155 592 277;7;4;2;7;1;1
202300049769;155 592 269;7;0;1;2;1;1
202300049770;155 592 270;10;0;2;2;15;1
202300049770;155 592 273;80;0;2;1;1;3
202300049771;155 592 268;7;0;2;3;1;1
202300049771;155 592 276;7;0;2;3;15;1
202300049772;155 592 267;7;0;1;2;1;1
202300049773;155 592 266;7;4;0;8;13;1
202300049774;155 592 260;7;0;2;1;20;2
202300049774;155 592 265;2;0;2;1;1;1
202300049775;155 592 259;7;0;2;1;9;1
202300049775;155 592 261;31;0;2;2;1;1
202300049776;155 592 257;1;0;0;0;0;5
202300049776;155 592 263;7;0;9;3;9;1
202300049777;155 592 258;7;16;0;4;23;0
202300049777;155 592 264;10;0;2;1;2;1
202300049778;155 592 255;7;9;0;1;0;1
202300049779;155 592 254;7;0;2;1;13;1
202300049779;155 592 256;7;0;2;1;1;2
202300049779;155 592 262;7;0;2;1;1;1
202300049780;155 592 247;10;0;1;5;5;1
202300049781;155 592 251;1;0;2;8;15;5
202300049781;155 592 253;7;0;9;2;17;1
202300049782;155 592 246;33;0;2;1;1;1
202300049782;155 592 252;7;0;2;7;1;1
202300049783;155 592 244;7;0;2;2;0;1
202300049783;155 592 250;10;0;2;2;2;1
202300049784;155 592 242;7;0;1;1;1;1
202300049785;155 592 241;7;0;1;7;19;1
202300049786;155 592 240;7;0;2;1;1;1
202300049786;155 592 245;7;0;2;1;1;1
202300049786;155 592 249;10;0;2;3;1;1
202300049787;155 592 239;7;2;0;7;13;1
202300049788;155 592 236;2;0;0;0;1;1
202300049789;155 592 234;7;0;2;1;13;1
202300049789;155 592 238;7;0;2;1;1;1
202300049790;155 592 232;7;;;;;
202300049790;155 592 237;7;;;;0;
202300049791;155 592 229;7;0;2;1;2;0
202300049791;155 592 231;7;0;2;3;1;0
202300049791;155 592 235;7;0;2;4;24;0
202300049792;155 592 227;7;0;2;3;23;1
202300049792;155 592 233;1;0;2;3;1;5
202300049793;155 592 225;7;0;2;4;1;1
202300049793;155 592 230;10;0;2;2;1;1
202300049794;155 592 226;31;2;0;1;14;1
202300049795;155 592 222;7;0;2;8;11;1
202300049795;155 592 224;7;0;2;1;1;1
202300049795;155 592 228;7;0;2;7;6;1
202300049796;155 592 221;2;6;0;1;1;1
202300049797;155 592 219;33;0;0;0;0;1
202300049798;155 592 218;7;0;2;8;1;1
202300049798;155 592 223;7;0;2;3;1;1
202300049799;155 592 211;33;0;2;3;2;1
202300049799;155 592 215;7;0;2;5;2;1
202300049799;155 592 217;7;0;2;3;0;0
202300049799;155 592 220;7;0;2;3;2;1
202300049800;155 592 210;7;0;1;2;1;1
202300049801;155 592 212;30;0;2;3;26;1
202300049801;155 592 216;7;0;9;5;2;1
202300049802;155 592 208;7;6;2;1;1;1
202300049802;155 592 214;7;3;2;1;1;1
202300049803;155 592 207;7;0;2;3;9;0
202300049803;155 592 209;50;0;2;4;16;3
202300049804;155 592 205;7;3;0;1;11;1
202300049805;155 592 206;7;0;2;1;26;3
202300049805;155 592 213;7;0;2;2;1;1
202300049806;155 592 204;7;2;0;8;1;1
202300049807;155 592 203;2;0;6;0;1;0
202300049808;155 592 198;10;0;0;9;0;1
202300049809;155 592 202;30;8;0;2;1;1
202300049810;155 592 196;10;1;0;2;14;1
202300049810;155 592 200;7;1;0;6;24;1
202300049811;155 592 194;10;0;2;4;1;1
202300049811;155 592 195;7;0;2;1;1;1
202300049811;155 592 197;7;0;2;1;2;1
202300049811;155 592 201;10;0;2;4;1;1
202300049812;155 592 193;7;13;0;9;1;1
202300049813;155 592 188;7;0;9;1;1;1
202300049813;155 592 191;1;0;2;7;19;5
202300049814;155 592 189;7;16;2;1;13;1
202300049814;155 592 199;7;0;2;0;1;1
202300049815;155 592 187;33;12;0;2;16;1
202300049816;155 592 186;7;14;2;3;13;1
202300049816;155 592 192;34;14;2;2;2;1
202300049817;155 592 185;7;0;2;3;0;1
202300049817;155 592 190;7;0;2;1;1;1
202300049818;155 592 184;2;16;0;8;1;0
202300049819;155 592 183;7;0;1;1;1;1
202300049820;155 592 179;31;0;2;7;1;1
202300049820;155 592 182;7;0;2;3;11;1
202300049821;155 592 175;10;0;2;2;1;1
202300049821;155 592 181;7;0;2;5;15;1
202300049822;155 592 177;7;0;2;1;2;1
202300049822;155 592 180;7;0;2;4;23;1
202300049823;155 592 173;7;0;1;1;9;1
202300049824;155 592 171;7;9;1;2;14;1
202300049825;155 592 172;10;0;2;0;1;1
202300049825;155 592 174;33;0;2;1;11;1
202300049825;155 592 178;7;0;2;8;15;1
202300049826;155 592 166;7;0;2;1;1;1
202300049826;155 592 170;33;0;2;4;1;1
202300049827;155 592 162;7;0;2;3;19;1
202300049827;155 592 167;7;0;2;3;1;1
202300049828;155 592 160;7;0;2;4;23;1
202300049828;155 592 165;7;0;2;1;2;1
202300049829;155 592 159;7;0;0;4;2;1
202300049829;155 592 161;14;0;2;1;2;1
202300049829;155 592 168;7;0;2;4;2;1
202300049830;155 592 164;33;0;2;3;1;1
202300049830;155 592 169;10;0;2;2;12;1
202300049831;155 592 157;7;0;2;7;1;1
202300049831;155 592 163;7;0;2;3;9;1
202300049832;155 592 155;33;0;2;3;21;1
202300049832;155 592 158;1;0;2;1;2;5
202300049833;155 592 150;7;0;2;1;1;1
202300049833;155 592 154;7;0;1;4;1;1
202300049834;155 592 148;7;0;2;0;9;0
202300049834;155 592 152;2;0;2;6;9;1
202300049835;155 592 147;7;13;0;2;21;1
202300049836;155 592 149;7;4;2;7;1;1
202300049836;155 592 153;7;0;2;8;0;0
202300049837;155 592 145;7;0;9;1;1;1
202300049837;155 592 146;50;0;2;0;0;3
202300049838;155 592 144;7;0;1;1;1;1
202300049839;155 592 140;50;0;2;0;0;3
202300049839;155 592 143;7;0;2;0;0;0
202300049840;155 592 137;7;0;2;1;2;1
202300049840;155 592 141;10;0;2;4;1;1
202300049841;155 592 136;7;0;9;1;1;0
202300049841;155 592 142;50;0;2;1;19;5
202300049842;155 592 133;14;0;2;3;1;1
202300049842;155 592 139;7;0;2;8;15;1
202300049843;155 592 131;7;0;1;2;2;1
202300049844;155 592 130;7;0;2;1;2;2
202300049844;155 592 135;7;0;2;4;1;1
202300049844;155 592 138;7;0;2;5;1;1
202300049845;155 592 129;7;0;2;1;10;1
202300049845;155 592 134;1;0;2;7;1;5
202300049846;155 592 128;7;0;1;5;1;0
202300049847;155 592 127;7;0;2;3;13;0
202300049847;155 592 132;7;0;2;3;1;0
202300049848;155 592 123;7;0;2;1;1;0
202300049848;155 592 126;10;0;2;1;15;0
202300049849;155 592 121;7;0;1;2;9;1
202300049850;155 592 119;10;0;2;3;16;1
202300049850;155 592 125;7;0;2;1;1;0
202300049851;155 592 118;50;0;2;6;23;3
202300049851;155 592 122;7;1;2;6;15;1
202300049852;155 592 115;7;0;1;0;26;1
202300049853;155 592 114;7;3;0;7;0;1
202300049854;155 592 112;7;2;0;2;1;1
202300049855;155 592 110;7;0;2;8;16;1
202300049855;155 592 116;31;0;2;1;17;1
202300049855;155 592 120;7;0;2;0;1;1
202300049856;155 592 108;7;0;2;0;26;0
202300049856;155 592 111;31;0;2;0;0;0
202300049857;155 592 109;7;0;2;1;2;1
202300049857;155 592 113;7;0;2;4;2;1
202300049857;155 592 117;7;0;2;5;2;1
202300049857;155 592 124;7;0;2;4;2;1
202300049858;155 592 106;7;8;0;1;1;1
202300049859;155 592 103;99;0;2;1;26;5
202300049859;155 592 105;7;0;2;3;20;1
202300049860;155 592 102;33;6;0;2;14;1
202300049861;155 592 099;7;0;1;1;15;1
202300049862;155 592 098;7;0;1;1;2;1
202300049863;155 592 101;7;2;0;1;21;1
202300049864;155 592 096;2;0;0;2;1;1
202300049865;155 592 097;34;0;0;0;13;1
202300049866;155 592 094;7;0;2;8;1;1
202300049866;155 592 100;17;0;2;7;12;1
202300049867;155 592 092;7;0;2;1;1;1
202300049867;155 592 095;7;0;2;4;2;1
202300049868;155 592 091;13;0;2;2;9;1
202300049868;155 592 093;33;0;2;4;1;1
202300049869;155 592 089;7;13;0;1;1;1
202300049870;155 592 087;10;0;1;4;20;1
202300049871;155 592 078;7;0;2;3;0;1
202300049871;155 592 090;7;0;2;3;13;1
202300049872;155 592 076;7;0;2;1;13;1
202300049872;155 592 080;7;0;2;1;1;1
202300049873;155 592 077;10;0;2;2;16;1
202300049873;155 592 082;1;0;2;8;1;5
202300049874;155 592 075;17;0;2;6;1;1
202300049874;155 592 081;7;0;2;8;1;1
202300049874;155 592 086;7;0;2;2;2;1
202300049875;155 592 074;7;0;2;1;1;1
202300049875;155 592 083;10;0;2;1;1;1
202300049875;155 592 085;7;0;2;1;13;1
202300049875;155 592 088;14;0;2;1;1;1
202300049876;155 592 073;7;0;1;3;9;1
202300049877;155 592 079;7;0;2;1;1;1
202300049877;155 592 084;50;0;2;3;1;3
202300049878;155 592 070;7;0;1;2;1;1
202300049879;155 592 071;7;4;0;0;0;1
202300049880;155 592 069;33;8;0;1;14;1
202300049881;155 592 066;7;0;9;7;1;1
202300049881;155 592 072;1;0;2;1;1;5
202300049882;155 592 065;50;0;2;1;2;3
202300049882;155 592 068;10;0;2;1;26;1
202300049883;155 592 064;7;10;2;3;1;1
202300049883;155 592 067;7;0;2;3;1;1
202300049884;155 592 061;31;0;2;7;17;1
202300049884;155 592 063;7;0;2;8;0;1
202300049885;155 592 059;7;0;2;2;17;1
202300049885;155 592 062;7;0;2;6;1;1
202300049886;155 592 052;7;0;1;1;1;1
202300049887;155 592 055;33;0;2;0;3;1
202300049887;155 592 057;10;0;2;4;12;1
202300049888;155 592 054;7;0;2;2;15;1
202300049888;155 592 060;30;0;2;1;1;1
202300049889;155 592 053;10;0;2;0;0;0
202300049889;155 592 058;33;0;2;2;0;3
202300049890;155 592 050;7;0;1;1;1;1
202300049891;155 592 049;7;0;2;3;15;1
202300049891;155 592 051;33;0;2;1;17;1
202300049892;155 592 048;7;0;2;2;1;0
202300049892;155 592 056;7;0;2;3;1;0
202300049893;155 592 047;7;3;0;1;14;1
202300049894;155 592 046;7;2;0;1;0;0
202300049895;155 592 044;7;0;0;9;0;1
202300049896;155 592 043;7;13;0;0;26;0
202300049897;155 592 042;7;0;2;1;0;1
202300049897;155 592 045;7;0;2;4;1;1
202300049898;155 592 038;7;0;2;2;9;1
202300049898;155 592 040;7;0;2;8;1;1
202300049899;155 592 037;7;0;2;1;1;0
202300049899;155 592 041;7;0;2;2;16;1
202300049900;155 592 035;7;8;0;1;1;1
202300049901;155 592 034;7;0;0;5;2;1
202300049901;155 592 039;33;0;2;1;2;1
202300049902;155 592 033;33;0;2;3;1;1
202300049902;155 592 036;7;0;2;5;15;1
202300049903;155 592 032;34;0;1;1;1;1
202300049904;155 592 029;7;0;9;9;0;1
202300049905;155 592 027;7;1;0;2;14;1
202300049906;155 592 028;7;4;2;1;1;1
202300049906;155 592 031;7;0;2;4;2;1
202300049907;155 592 026;7;3;0;5;2;0
202300049908;155 592 025;10;0;2;1;1;1
202300049908;155 592 030;1;0;2;1;1;5
202300049909;155 592 022;33;4;0;0;13;1
202300049910;155 592 020;7;0;2;1;5;1
202300049910;155 592 023;10;0;2;1;1;1
202300049911;155 592 017;50;0;2;2;1;3
202300049911;155 592 024;37;0;2;3;15;3
202300049912;155 592 016;7;0;2;1;1;1
202300049912;155 592 021;10;0;2;3;0;1
202300049913;155 592 015;7;0;2;0;0;1
202300049913;155 592 019;7;1;0;0;26;0
202300049914;155 592 014;14;0;0;7;15;0
202300049915;155 592 013;7;0;2;7;12;1
202300049915;155 592 018;31;0;2;8;1;1
202300049916;155 592 011;33;12;0;8;1;1
202300049917;155 592 006;10;0;2;1;2;0
202300049917;155 592 010;2;0;2;4;2;1
202300049918;155 592 009;7;0;2;8;15;1
202300049918;155 592 012;7;2;2;7;17;1
202300049919;155 592 003;7;0;2;3;15;1
202300049919;155 592 007;99;0;2;1;1;0
202300049920;155 592 002;7;0;9;9;1;1
202300049921;155 592 001;7;0;2;1;15;1
202300049921;155 592 008;1;0;2;0;19;5
202300049922;155 591 999;33;0;2;7;26;1
202300049922;155 592 005;7;0;2;4;1;1
202300049923;155 591 996;7;0;1;1;1;1
202300049924;155 591 994;80;0;2;0;12;3
202300049924;155 591 998;7;0;9;6;16;3
202300049925;155 591 993;7;10;0;4;4;1
202300049926;155 591 992;7;0;2;3;23;2
202300049926;155 591 997;7;1;0;2;1;1
202300049927;155 591 991;7;0;2;8;1;1
202300049927;155 592 000;7;0;2;1;15;1
202300049928;155 591 988;7;2;0;1;19;2
202300049929;155 591 987;7;0;2;3;1;1
202300049929;155 591 990;33;0;2;8;3;1
202300049929;155 591 995;7;0;2;2;12;1
202300049930;155 591 984;1;0;2;0;21;0
202300049930;155 591 989;7;0;2;0;1;0
202300049931;155 591 986;7;12;0;1;14;1
202300049932;155 591 981;7;2;0;9;1;1
202300049932;155 591 985;13;0;0;0;1;1
202300049933;155 591 980;7;0;2;1;16;1
202300049934;155 591 975;7;8;0;0;21;1
202300049935;155 591 979;10;0;2;1;2;1
202300049935;155 591 983;15;0;0;4;2;1