Num_Acc;id_vehicule;categorie_vehicule;obstacle_fixe;obstacle_mobile;point_choc_initial;manoeuvre_principale;motorisation
202300049936;155 591 976;7;3;0;2;1;1
202300049937;155 591 973;7;0;2;2;1;1
202300049937;155 591 977;7;0;2;6;1;1
202300049937;155 591 982;7;0;2;6;12;1
202300049938;155 591 970;7;0;2;4;16;1
202300049938;155 591 974;7;0;2;1;1;1
202300049939;155 591 968;10;0;1;3;15;1
202300049940;155 591 966;7;0;2;3;15;2
202300049940;155 591 971;7;0;2;9;17;1
202300049941;155 591 965;7;4;0;1;2;1
202300049942;155 591 963;31;0;2;2;17;1
202300049942;155 591 969;7;0;2;3;15;1
202300049943;155 591 962;7;0;1;7;2;1
202300049944;155 591 961;1;0;2;0;0;5
202300049944;155 591 964;7;0;2;0;0;0
202300049945;155 591 958;7;0;0;9;1;1
202300049946;155 591 960;32;0;2;1;9;1
202300049946;155 591 967;7;0;2;2;1;1
202300049947;155 591 959;7;0;1;1;1;1
202300049948;155 591 956;7;0;1;2;20;1
202300049949;155 591 954;7;12;0;1;1;0
202300049950;155 591 952;21;0;0;5;15;1
202300049950;155 591 955;7;0;9;1;1;1
202300049951;155 591 947;7;0;1;2;1;3
202300049952;155 591 948;7;0;2;4;2;1
202300049952;155 591 953;10;0;2;1;1;1
202300049952;155 591 957;7;0;2;6;23;1
202300049953;155 591 946;30;0;2;1;2;1
202300049953;155 591 950;7;0;0;4;1;1
202300049954;155 591 944;80;0;2;1;1;3
202300049954;155 591 951;7;0;2;2;16;1
202300049955;155 591 943;1;0;2;0;0;5
202300049955;155 591 949;7;0;2;0;0;1
202300049956;155 591 941;35;0;0;0;1;1
202300049957;155 591 940;7;0;2;1;5;0
202300049957;155 591 945;7;0;2;1;1;0
202300049958;155 591 939;7;0;2;1;1;0
202300049958;155 591 942;7;0;2;1;13;1
202300049959;155 591 935;7;0;1;7;1;3
202300049960;155 591 933;7;0;1;8;1;1
202300049961;155 591 934;10;0;2;4;1;1
202300049961;155 591 938;7;0;2;1;1;1
202300049962;155 591 932;7;0;2;1;13;1
202300049962;155 591 936;7;12;2;1;1;1
202300049963;155 591 929;0;0;1;0;0;0
202300049964;155 591 928;1;0;9;1;0;5
202300049964;155 591 931;50;0;9;1;1;3
202300049965;155 591 927;7;0;2;3;1;1
202300049965;155 591 937;10;0;2;2;19;0
202300049966;155 591 930;7;10;0;1;1;1
202300049967;155 591 922;7;1;0;1;1;1
202300049968;155 591 924;7;0;1;1;1;1
202300049969;155 591 920;33;0;2;2;21;1
202300049969;155 591 926;10;0;2;2;17;0
202300049970;155 591 919;7;0;1;1;15;1
202300049971;155 591 923;50;0;2;3;16;3
202300049971;155 591 925;7;0;2;3;16;1
202300049972;155 591 917;2;0;2;1;2;1
202300049972;155 591 921;10;0;2;4;0;1
202300049973;155 591 916;32;0;1;1;1;1
202300049974;155 591 915;33;0;2;2;2;1
202300049974;155 591 918;80;0;2;1;5;3
202300049975;155 591 914;30;0;1;1;1;1
202300049976;155 591 910;7;0;1;1;1;1
202300049977;155 591 907;10;12;0;5;2;1
202300049977;155 591 912;50;0;0;0;0;3
202300049978;155 591 905;7;0;2;3;13;1
202300049978;155 591 909;7;0;2;3;1;1
202300049979;155 591 904;7;0;2;4;2;1
202300049979;155 591 913;30;0;2;1;2;1
202300049980;155 591 903;30;0;2;1;2;0
202300049980;155 591 908;3;0;2;4;1;0
202300049981;155 591 902;30;0;0;7;2;1
202300049982;155 591 899;10;0;1;4;4;1
202300049983;155 591 900;7;0;1;1;1;1
202300049984;155 591 898;50;0;2;1;21;3
202300049984;155 591 901;80;0;2;1;9;3
202300049985;155 591 893;7;0;2;3;13;1
202300049985;155 591 897;10;0;2;8;21;1
202300049986;155 591 894;7;6;0;1;13;1
202300049987;155 591 888;30;0;2;4;16;1
202300049987;155 591 892;7;0;2;1;1;1
202300049988;155 591 885;7;0;2;1;1;1
202300049988;155 591 890;7;0;2;4;1;0
202300049989;155 591 889;43;0;2;1;14;1
202300049989;155 591 891;10;0;2;5;23;1
202300049989;155 591 896;10;0;2;3;1;1
202300049990;155 591 887;7;0;1;1;1;1
202300049991;155 591 879;7;0;2;4;1;1
202300049991;155 591 883;17;0;2;1;1;1
202300049992;155 591 878;7;0;2;3;1;1
202300049992;155 591 882;7;0;2;1;13;2
202300049993;155 591 880;1;0;2;1;17;5
202300049993;155 591 884;7;0;2;3;15;1
202300049994;155 591 881;1;0;2;8;16;5
202300049994;155 591 886;7;0;2;7;14;1
202300049995;155 591 876;7;1;0;2;1;1
202300049996;155 591 875;7;0;2;1;15;1
202300049996;155 591 877;31;0;2;1;1;1
202300049997;155 591 871;7;0;1;2;14;1
202300049998;155 591 868;7;0;2;1;13;0
202300049998;155 591 874;33;0;2;1;1;1
202300049999;155 591 866;17;0;1;2;1;1
202300050000;155 591 864;10;0;0;1;13;1
202300050000;155 591 869;7;0;2;1;2;1
202300050001;155 591 865;7;0;2;4;2;1
202300050001;155 591 872;2;0;2;1;2;1
202300050002;155 591 863;33;0;2;9;17;1
202300050002;155 591 870;7;0;2;8;13;1
202300050003;155 591 862;7;0;2;8;15;1
202300050003;155 591 873;7;0;2;2;1;1
202300050004;155 591 861;7;0;2;4;4;1
202300050004;155 591 867;32;0;2;8;1;1
202300050005;155 591 859;7;0;0;1;14;1
202300050006;155 591 853;7;3;2;8;11;1
202300050006;155 591 856;7;3;2;5;17;0
202300050007;155 591 852;7;0;1;3;1;3
202300050008;155 591 857;1;0;0;0;16;5
202300050009;155 591 850;7;2;0;1;1;1
202300050010;155 591 851;31;0;2;1;3;1
202300050010;155 591 855;7;0;2;5;1;1
202300050010;155 591 858;31;0;2;1;1;1
202300050010;155 591 860;7;0;2;5;1;1
202300050011;155 591 848;30;0;2;7;17;1
202300050011;155 591 854;7;0;2;8;17;1
202300050012;155 591 846;7;0;2;1;15;1
202300050012;155 591 849;2;0;2;8;18;1
202300050013;155 591 845;7;0;2;2;1;1
202300050013;155 591 847;7;0;2;6;23;1
202300050014;155 591 843;7;12;0;1;26;1
202300050015;155 591 841;1;0;2;3;19;5
202300050015;155 591 844;7;0;2;1;1;
202300050016;155 591 837;7;0;2;3;1;1
202300050016;155 591 842;1;0;2;7;1;5
202300050017;155 591 835;7;0;2;3;15;1
202300050017;155 591 840;7;0;2;2;1;1
202300050018;155 591 833;31;0;2;1;3;1
202300050018;155 591 838;7;0;2;8;1;1
202300050018;155 591 839;7;0;2;7;12;1
202300050019;155 591 831;7;16;0;9;0;1
202300050020;155 591 832;10;0;1;1;26;1
202300050021;155 591 827;33;0;2;4;23;1
202300050021;155 591 829;7;0;2;1;2;1
202300050022;155 591 826;7;2;0;0;17;1
202300050023;155 591 828;7;0;2;3;1;1
202300050023;155 591 830;7;0;2;5;23;1
202300050023;155 591 836;33;0;2;1;1;1
202300050024;155 591 825;33;5;0;1;26;1
202300050025;155 591 815;30;0;0;0;1;1
202300050026;155 591 819;10;0;2;1;1;1
202300050026;155 591 823;33;0;2;1;17;1
202300050027;155 591 817;7;0;2;1;2;1
202300050027;155 591 822;7;0;2;4;2;1
202300050028;155 591 816;1;0;0;0;0;5
202300050029;155 591 812;7;0;2;2;1;1
202300050029;155 591 814;1;0;2;8;1;5
202300050030;155 591 809;7;0;2;3;5;1
202300050030;155 591 811;7;0;2;3;5;1
202300050031;155 591 807;7;0;2;2;20;0
202300050031;155 591 810;16;0;2;7;7;0
202300050032;155 591 806;7;0;2;4;2;1
202300050032;155 591 813;10;0;2;4;2;1
202300050032;155 591 820;38;0;2;1;2;6
202300050033;155 591 805;10;1;1;1;16;0
202300050034;155 591 803;7;0;2;3;15;1
202300050034;155 591 808;30;0;2;1;1;3
202300050035;155 591 802;7;0;1;7;9;6
202300050036;155 591 801;7;0;2;3;1;1
202300050036;155 591 804;1;0;2;7;19;5
202300050037;155 591 799;14;0;1;1;1;1
202300050038;155 591 798;33;3;0;9;13;1
202300050039;155 591 818;33;8;0;1;0;1
202300050040;155 591 794;7;0;2;1;1;1
202300050040;155 591 796;7;0;2;1;13;1
202300050041;155 591 792;7;0;2;2;1;1
202300050041;155 591 800;7;0;2;3;9;1
202300050042;155 591 793;7;0;2;3;26;1
202300050042;155 591 797;2;0;2;0;1;1
202300050043;155 591 791;37;0;1;1;16;1
202300050044;155 591 790;31;0;2;2;3;1
202300050044;155 591 795;10;0;2;8;13;0
202300050045;155 591 788;7;0;1;1;1;1
202300050046;155 591 784;7;0;2;8;11;1
202300050046;155 591 789;33;0;2;1;1;1
202300050047;155 591 782;7;0;2;1;15;1
202300050047;155 591 786;10;0;2;1;1;1
202300050048;155 591 779;30;0;2;5;1;1
202300050048;155 591 783;10;0;2;8;0;1
202300050049;155 591 777;7;1;0;0;24;1
202300050049;155 591 780;33;1;0;1;14;1
202300050050;155 591 774;99;0;2;4;1;1
202300050050;155 591 787;7;0;2;0;0;1
202300050051;155 591 773;7;0;2;4;2;1
202300050051;155 591 778;7;0;2;4;26;1
202300050051;155 591 781;7;0;2;4;26;1
202300050051;155 591 785;7;0;2;4;26;1
202300050052;155 591 771;7;13;0;1;1;1
202300050053;155 591 770;7;0;2;3;9;1
202300050053;155 591 775;50;0;2;7;26;3
202300050054;155 591 769;31;0;2;8;1;1
202300050054;155 591 776;7;0;2;1;15;1
202300050055;155 591 765;7;0;2;8;11;1
202300050055;155 591 767;7;0;2;8;2;1
202300050056;155 591 763;0;0;1;0;0;0
202300050057;155 591 762;7;0;2;6;0;6
202300050057;155 591 766;33;1;0;1;26;1
202300050058;155 591 758;7;0;2;8;15;1
202300050058;155 591 761;1;0;2;1;1;5
202300050059;155 591 757;33;0;2;1;3;1
202300050059;155 591 764;33;0;2;4;3;1
202300050059;155 591 768;7;0;2;6;0;1
202300050059;155 591 772;7;0;2;2;1;2
202300050060;155 591 756;7;0;2;1;19;1
202300050060;155 591 760;7;13;0;0;1;0
202300050061;155 591 755;10;0;2;2;15;1
202300050061;155 591 759;1;0;2;4;15;5
202300050062;155 591 752;7;0;1;1;15;1
202300050063;155 591 751;7;0;1;1;1;1
202300050064;155 591 750;10;0;0;4;2;1
202300050064;155 591 753;7;0;2;1;2;1
202300050065;155 591 748;10;0;2;3;5;1
202300050065;155 591 754;33;0;2;3;2;1
202300050066;155 591 745;7;0;2;2;1;1
202300050066;155 591 749;1;0;2;1;1;5
202300050067;155 591 744;33;0;2;1;3;1
202300050067;155 591 747;7;0;2;6;11;1
202300050068;155 591 738;13;0;0;6;2;1
202300050068;155 591 743;7;0;2;2;2;1
202300050069;155 591 737;7;0;1;1;1;1
202300050070;155 591 741;50;0;2;1;2;3
202300050070;155 591 746;10;0;2;5;2;0
202300050071;155 591 735;1;0;2;7;1;5
202300050071;155 591 740;7;0;2;3;9;1
202300050072;155 591 733;50;0;2;8;2;3
202300050072;155 591 742;17;0;2;0;2;1
202300050073;155 591 731;10;3;2;1;2;1
202300050073;155 591 736;7;3;2;6;2;1
202300050074;155 591 728;33;12;0;3;1;1
202300050075;155 591 730;7;0;2;5;12;1
202300050075;155 591 732;33;0;2;1;3;1
202300050076;155 591 734;10;0;2;1;14;1
202300050076;155 591 739;7;0;2;4;2;2
202300050077;155 591 727;7;0;1;3;1;1
202300050078;155 591 726;7;14;0;2;17;1
202300050078;155 591 729;60;0;0;4;2;5
202300050079;155 591 725;2;0;0;2;1;1
202300050080;155 591 720;7;6;9;2;1;1
202300050081;155 591 719;50;0;0;0;1;3
202300050082;155 591 715;50;0;2;4;2;3
202300050082;155 591 718;7;0;2;1;2;1
202300050083;155 591 714;7;0;2;8;11;0
202300050083;155 591 717;7;0;2;7;1;0
202300050083;155 591 723;7;0;2;6;1;1
202300050084;155 591 711;7;0;2;1;2;1
202300050084;155 591 713;7;0;2;1;2;1
202300050084;155 591 716;7;0;2;4;26;1
202300050085;155 591 709;33;12;0;1;14;1
202300050086;155 591 708;7;4;0;1;1;1
202300050087;155 591 706;33;0;0;7;1;1
202300050088;155 591 704;7;15;0;1;9;1
202300050089;155 591 697;7;0;2;4;2;1
202300050089;155 591 701;7;0;2;4;2;1
202300050089;155 591 703;7;0;2;1;2;1
202300050089;155 591 707;7;0;2;1;2;1
202300050090;155 591 692;50;0;0;0;21;3
202300050091;155 591 694;10;0;2;3;13;1
202300050091;155 591 699;13;0;2;0;0;1
202300050092;155 591 690;7;0;2;0;0;1
202300050092;155 591 695;7;0;2;0;0;1
202300050093;155 591 685;7;0;2;4;2;1
202300050093;155 591 687;7;0;2;4;2;1
202300050093;155 591 691;7;0;2;4;2;1
202300050093;155 591 700;10;0;2;1;2;1
202300050094;155 591 686;7;0;2;0;0;1
202300050094;155 591 688;10;0;2;1;1;1
202300050094;155 591 693;10;0;2;4;1;1
202300050094;155 591 698;7;0;2;0;1;1
202300050094;155 591 702;7;0;2;0;0;1
202300050094;155 591 705;10;0;2;0;0;1
202300050095;155 591 684;7;0;2;3;1;1
202300050095;155 591 689;38;0;2;5;15;1
202300050095;155 591 696;36;0;2;7;3;1
202300050096;155 591 681;1;14;2;8;2;5
202300050096;155 591 683;7;0;9;1;11;1
202300050097;155 591 682;7;0;1;7;2;2
202300050098;155 591 679;50;0;1;1;1;3
202300050099;155 591 678;7;0;1;3;1;1
202300050100;155 591 676;7;0;2;1;2;1
202300050100;155 591 680;7;0;2;4;2;1
202300050101;155 591 675;7;0;2;7;12;1
202300050101;155 591 677;7;0;2;3;1;1
202300050102;155 591 671;30;0;0;0;16;1
202300050103;155 591 674;10;0;0;0;0;1
202300050104;155 591 670;7;3;0;0;14;1
202300050105;155 591 668;7;0;2;3;0;1
202300050105;155 591 672;7;0;2;1;13;1
202300050106;155 591 667;2;0;2;3;1;1
202300050106;155 591 673;7;0;2;2;1;3
202300050107;155 591 657;7;0;2;1;2;1
202300050107;155 591 663;31;0;2;4;2;1
202300050108;155 591 659;7;0;2;1;2;1
202300050108;155 591 669;7;0;2;4;2;2
202300050109;155 591 661;7;0;2;1;1;1
202300050109;155 591 665;7;0;2;4;1;1
202300050110;155 591 658;31;0;2;8;3;1
202300050110;155 591 664;7;0;2;2;12;1
202300050110;155 591 666;10;0;2;4;2;1
202300050111;155 591 654;7;0;2;1;15;1
202300050111;155 591 662;7;0;2;1;1;1
202300050112;155 591 656;14;0;2;1;2;1
202300050112;155 591 660;10;0;2;4;2;1
202300050113;155 591 653;10;0;2;1;21;1
202300050114;155 591 652;30;0;2;6;15;3
202300050114;155 591 655;50;0;2;2;1;3
202300050115;155 591 648;7;0;2;4;2;1
202300050115;155 591 651;7;0;2;1;2;1
202300050116;155 591 647;7;0;2;1;2;0
202300050116;155 591 649;33;0;2;4;11;1
202300050117;155 591 646;7;0;1;2;1;1
202300050118;155 591 644;7;4;0;3;26;1
202300050119;155 591 643;7;0;1;3;15;1
202300050120;155 591 645;7;0;9;7;22;1
202300050120;155 591 650;1;1;0;1;25;5
202300050121;155 591 641;7;15;0;1;26;1
202300050122;155 591 642;30;0;0;0;1;1
202300050123;155 591 637;33;0;2;2;1;1
202300050123;155 591 640;10;0;2;3;11;1
202300050124;155 591 639;50;0;2;8;1;3
202300050125;155 591 636;7;13;0;1;14;1
202300050126;155 591 635;7;9;0;9;1;1
202300050127;155 591 633;30;0;1;1;1;2
202300050128;155 591 632;7;0;2;7;1;1
202300050129;155 591 627;7;9;1;1;14;2
202300050129;155 591 634;7;0;2;1;23;1
202300050130;155 591 626;7;0;2;5;0;1
202300050130;155 591 631;7;0;2;0;0;0
202300050131;155 591 623;7;0;2;4;23;1
202300050131;155 591 629;7;0;2;4;23;1
202300050131;155 591 630;7;0;2;1;2;2
202300050132;155 591 622;7;0;2;3;26;1
202300050132;155 591 625;7;0;1;5;24;1
202300050133;155 591 619;7;0;2;2;15;1
202300050133;155 591 628;7;0;2;3;1;1
202300050134;155 591 620;7;0;2;4;11;1
202300050134;155 591 624;33;0;2;1;3;1
202300050135;155 591 617;50;0;1;1;25;3
202300050136;155 591 611;31;0;2;1;1;1
202300050136;155 591 616;7;0;0;8;1;1
202300050137;155 591 613;7;0;2;1;1;1
202300050137;155 591 621;7;0;2;6;19;1
202300050138;155 591 610;7;0;2;2;15;1
202300050138;155 591 614;37;0;2;1;1;0
202300050139;155 591 615;1;0;2;1;9;5
202300050139;155 591 618;7;0;9;2;16;1
202300050140;155 591 606;7;0;2;1;19;1
202300050140;155 591 609;7;0;2;1;1;1
202300050141;155 591 608;7;0;2;1;1;1
202300050141;155 591 612;7;0;2;4;1;1
202300050142;155 591 605;7;4;0;2;2;6
202300050143;155 591 603;50;0;2;1;1;3
202300050143;155 591 607;7;0;2;3;15;1
202300050144;155 591 604;31;0;0;0;0;
202300050145;155 591 600;33;0;6;2;1;1
202300050146;155 591 596;10;0;2;3;2;1
202300050146;155 591 602;1;0;2;1;0;5
202300050147;155 591 599;7;0;2;3;19;1
202300050147;155 591 601;1;0;2;1;1;5
202300050148;155 591 595;10;1;0;1;0;0
202300050149;155 591 593;7;0;2;1;5;1
202300050149;155 591 597;10;0;2;3;1;1
202300050150;155 591 594;1;0;1;1;5;5
202300050151;155 591 592;7;;;;;
202300050151;155 591 598;7;0;2;1;9;1
202300050152;155 591 591;7;0;1;1;15;1
202300050153;155 591 588;43;10;0;8;26;1
202300050154;155 591 587;1;;;;;5
202300050154;155 591 590;7;0;2;2;1;1
202300050155;155 591 585;1;0;1;1;1;5
202300050156;155 591 584;30;0;0;0;1;1
202300050157;155 591 583;7;0;2;1;1;1
202300050157;155 591 589;7;0;2;3;15;1
202300050158;155 591 582;7;0;2;7;15;1
202300050158;155 591 586;7;0;0;1;1;1
202300050159;155 591 581;7;0;1;3;2;0
202300050160;155 591 577;50;0;2;3;19;3
202300050161;155 591 576;10;0;2;1;1;1
202300050161;155 591 580;7;0;2;4;15;1
202300050162;155 591 574;1;0;2;8;1;5
202300050162;155 591 579;33;0;2;7;15;1
202300050163;155 591 571;7;0;2;1;13;1
202300050163;155 591 573;30;0;2;1;1;1
202300050164;155 591 570;7;0;1;4;4;1
202300050165;155 591 568;3;1;2;3;17;1
202300050165;155 591 572;14;0;2;2;5;1
202300050166;155 591 569;10;0;2;1;2;1
202300050166;155 591 575;7;0;2;4;2;1
202300050166;155 591 578;7;0;2;4;2;1
202300050167;155 591 567;2;0;0;0;26;1
202300050168;155 591 566;3;0;0;1;0;1
202300050169;155 591 561;7;0;0;3;2;1
202300050170;155 591 562;7;0;2;1;1;1
202300050170;155 591 565;10;0;2;4;1;1
202300050171;155 591 557;33;0;2;3;0;1
202300050172;155 591 558;7;0;2;0;1;1
202300050172;155 591 563;50;0;2;0;19;3
202300050173;155 591 556;7;0;2;3;26;1
202300050173;155 591 559;1;0;2;1;5;5
202300050174;155 591 555;40;0;2;3;1;3
202300050174;155 591 560;50;0;4;7;1;3
202300050175;155 591 554;7;0;2;4;23;1
202300050175;155 591 564;7;0;2;1;1;1
202300050176;155 591 552;7;0;1;1;1;1
202300050177;155 591 547;7;0;2;4;23;1
202300050177;155 591 550;7;0;2;1;2;1
202300050178;155 591 544;7;0;2;4;1;2
202300050178;155 591 549;7;0;2;1;1;1
202300050179;155 591 548;32;0;2;0;0;1
202300050180;155 591 546;7;0;0;2;23;1
202300050180;155 591 551;1;1;0;1;1;5
202300050181;155 591 542;7;0;2;6;9;1
202300050181;155 591 543;33;0;2;1;17;1
202300050182;155 591 541;7;0;2;3;17;1
202300050182;155 591 545;7;0;2;6;20;1
202300050183;155 591 538;38;2;0;3;11;1
202300050184;155 591 539;7;0;0;0;15;1
202300050184;155 591 540;50;0;2;0;19;3
202300050185;155 591 533;7;0;2;2;2;1
202300050185;155 591 537;7;0;2;5;2;1
202300050186;155 591 532;10;0;2;7;16;1
202300050186;155 591 535;31;0;2;1;9;1
202300050187;155 591 534;7;0;1;3;18;2
202300050188;155 591 529;7;0;1;1;1;1
202300050189;155 591 528;7;0;2;4;1;1
202300050189;155 591 530;7;0;2;1;1;1
202300050190;155 591 526;7;0;2;3;15;1
202300050190;155 591 536;30;0;2;1;17;1
202300050191;155 591 523;7;9;0;1;1;1
202300050192;155 591 522;14;0;2;5;1;1
202300050192;155 591 525;33;12;2;9;1;1
202300050193;155 591 521;7;0;2;2;17;1
202300050193;155 591 524;99;0;2;8;15;3
202300050194;155 591 512;1;0;2;4;1;5
202300050194;155 591 517;1;0;2;1;1;5
202300050195;155 591 513;7;0;2;6;1;1
202300050195;155 591 520;7;0;2;3;15;3
202300050196;155 591 514;10;0;1;1;1;1
202300050197;155 591 515;33;0;2;1;17;1
202300050197;155 591 519;7;0;2;3;15;1
202300050198;155 591 516;2;0;2;7;13;1
202300050198;155 591 518;7;0;2;1;15;1
202300050199;155 591 510;21;0;0;0;14;0
202300050200;155 591 509;7;0;2;4;1;1
202300050200;155 591 511;7;0;2;1;1;1
202300050201;155 591 506;32;0;2;0;0;1
202300050201;155 591 508;1;0;2;0;0;0
202300050202;155 591 504;7;0;2;1;2;1
202300050202;155 591 507;7;0;2;4;0;1
202300050203;155 591 502;7;0;1;0;26;1
202300050204;155 591 499;7;0;2;3;0;0
202300050204;155 591 503;1;0;2;0;0;5
202300050205;155 591 494;7;0;2;3;13;1
202300050205;155 591 498;7;0;2;3;1;1
202300050206;155 591 495;33;0;0;0;1;1
202300050206;155 591 501;7;0;0;0;19;0
202300050207;155 591 496;33;0;1;1;1;1
202300050208;155 591 487;7;0;2;1;2;1
202300050208;155 591 491;7;0;2;4;2;1
202300050209;155 591 485;7;15;0;1;14;1
202300050210;155 591 484;7;0;9;1;17;1
202300050210;155 591 490;1;0;2;1;1;5
202300050211;155 591 482;7;0;2;4;1;1
202300050211;155 591 488;7;0;2;4;1;1
202300050211;155 591 493;7;0;2;4;1;1
202300050211;155 591 497;7;0;2;1;1;1
202300050212;155 591 483;7;0;2;1;2;1
202300050212;155 591 489;7;0;2;1;2;1
202300050212;155 591 492;7;0;2;4;2;1
202300050213;155 591 480;1;0;2;1;0;5
202300050213;155 591 486;7;0;9;7;1;1
202300050214;155 591 478;7;0;2;2;16;1
202300050214;155 591 481;50;0;2;1;1;3
202300050215;155 591 474;7;0;1;8;15;1
202300050216;155 591 471;37;0;2;8;1;1
202300050216;155 591 472;37;0;0;1;0;0
202300050216;155 591 477;1;0;2;7;13;5
202300050217;155 591 470;30;15;0;1;1;1
202300050218;155 591 468;7;0;1;1;1;1
202300050219;155 591 464;10;0;2;2;2;1
202300050219;155 591 469;1;0;0;4;1;5
202300050220;155 591 463;34;8;0;0;1;0
202300050221;155 591 467;1;14;0;1;21;5
202300050222;155 591 462;50;0;1;1;1;3
202300050223;155 591 456;7;0;2;1;11;1
202300050223;155 591 460;7;0;2;2;1;1
202300050224;155 591 455;50;0;2;8;13;3
202300050224;155 591 459;80;0;2;8;0;5
202300050225;155 591 453;7;0;2;2;17;0
202300050225;155 591 458;33;0;2;8;17;0
202300050226;155 591 454;7;1;0;3;13;1
202300050227;155 591 452;7;13;2;2;1;1
202300050227;155 591 457;7;0;2;3;1;1
202300050228;155 591 447;34;4;0;8;1;1
202300050229;155 591 444;10;0;2;1;2;1
202300050229;155 591 448;7;0;2;4;23;1
202300050230;155 591 442;10;0;2;5;17;1
202300050230;155 591 450;80;0;2;3;13;3
202300050231;155 591 439;99;16;0;4;2;1
202300050231;155 591 441;7;0;2;4;2;1
202300050232;155 591 437;7;3;0;1;14;1
202300050233;155 591 440;7;0;2;8;15;1
202300050233;155 591 446;31;1;2;1;1;1
202300050234;155 591 436;7;1;1;2;1;1
202300050235;155 591 445;2;0;0;8;16;3
202300050236;155 591 433;1;0;2;4;16;5
202300050236;155 591 435;7;0;9;1;16;1
202300050237;155 591 432;7;0;2;8;0;1
202300050237;155 591 434;99;0;2;3;13;1
202300050238;155 591 430;7;0;1;1;1;1
202300050239;155 591 429;7;0;1;3;2;1
202300050240;155 591 428;7;3;0;7;1;1
202300050241;155 591 427;50;0;0;7;9;3
202300050242;155 591 424;7;0;2;1;13;1
202300050242;155 591 426;7;3;2;1;1;1
202300050243;155 591 418;7;0;2;1;10;1
202300050243;155 591 422;31;0;2;8;1;1
202300050244;155 591 417;7;0;2;3;1;1
202300050244;155 591 425;2;0;2;1;1;1
202300050245;155 591 423;50;0;1;1;1;3
202300050246;155 591 416;33;0;2;1;1;1
202300050246;155 591 421;10;0;2;1;15;1
202300050247;155 591 413;7;0;2;4;2;1
202300050247;155 591 414;7;0;2;1;1;1
202300050248;155 591 411;33;0;0;1;1;6
202300050249;155 591 412;7;0;1;1;2;1
202300050250;155 591 415;7;0;2;2;9;1
202300050250;155 591 419;50;0;0;0;0;3
202300050251;155 591 410;33;0;0;1;1;1
202300050252;155 591 408;10;0;2;1;9;0
202300050252;155 591 420;7;8;2;5;15;1
202300050253;155 591 406;7;0;1;1;1;1
202300050254;155 591 405;40;0;1;2;16;3
202300050255;155 591 407;7;0;2;2;16;2
202300050255;155 591 409;30;0;2;3;16;1
202300050256;155 591 404;1;0;1;1;1;5
202300050257;155 591 402;80;0;2;1;1;3
202300050257;155 591 403;7;0;2;1;19;1
202300050258;155 591 401;7;0;1;2;1;1
202300050259;155 591 398;50;0;0;0;1;3
202300050260;155 591 397;7;0;2;4;2;0
202300050260;155 591 400;7;0;2;1;2;0
202300050261;155 591 396;7;0;2;2;1;1
202300050261;155 591 399;2;0;2;1;26;1
202300050262;155 591 392;7;0;2;2;15;1
202300050262;155 591 394;50;0;2;2;0;3
202300050263;155 591 393;50;9;0;7;14;3
202300050264;155 591 391;7;0;2;1;13;1
202300050264;155 591 395;7;13;2;1;1;1
202300050265;155 591 390;7;0;1;6;4;1
202300050266;155 591 389;7;0;1;2;1;1
202300050267;155 591 387;14;0;1;5;16;1
202300050268;155 591 386;10;0;9;4;14;1
202300050268;155 591 388;1;0;2;1;16;5
202300050269;155 591 382;33;0;6;1;1;1
202300050270;155 591 377;7;0;2;3;20;1
202300050270;155 591 383;30;0;2;7;1;1
202300050271;155 591 379;33;0;2;1;1;1
202300050271;155 591 385;7;0;2;3;15;1
202300050272;155 591 376;50;0;2;6;15;3
202300050272;155 591 378;10;0;2;1;15;1
202300050273;155 591 380;10;0;2;8;22;0
202300050273;155 591 384;1;0;2;7;1;5
202300050274;155 591 373;7;0;2;2;16;1
202300050274;155 591 381;1;0;2;1;1;5
202300050275;155 591 369;7;0;1;2;1;1
202300050276;155 591 370;7;0;2;2;19;1
202300050276;155 591 372;2;0;2;7;1;1
202300050277;155 591 365;10;0;2;0;0;1
202300050277;155 591 374;10;0;2;1;2;1
202300050277;155 591 375;7;16;0;0;0;1
202300050278;155 591 362;31;0;2;7;3;1
202300050278;155 591 367;7;0;2;8;12;1
202300050279;155 591 366;7;0;2;1;19;1
202300050279;155 591 368;1;0;2;0;0;5
202300050279;155 591 371;1;0;2;0;0;5
202300050280;155 591 360;10;0;2;3;2;3
202300050280;155 591 363;2;0;2;5;2;1
202300050281;155 591 359;7;0;2;8;2;1
202300050281;155 591 364;7;0;2;1;2;1
202300050282;155 591 356;37;0;1;5;1;3
202300050283;155 591 355;7;0;2;2;17;1
202300050283;155 591 358;2;0;2;3;1;1
202300050284;155 591 353;10;0;2;5;2;1
202300050284;155 591 357;33;0;2;3;2;1
202300050285;155 591 350;14;0;2;5;4;1
202300050285;155 591 352;7;0;2;2;1;1
202300050286;155 591 348;50;0;2;1;5;3
202300050286;155 591 354;7;0;2;2;1;1
202300050287;155 591 344;10;0;2;1;2;1
202300050287;155 591 349;7;0;2;4;15;1
202300050287;155 591 351;7;0;2;4;2;1
202300050288;155 591 345;33;7;0;1;1;1