Num_Acc;id_vehicule;categorie_vehicule;obstacle_fixe;obstacle_mobile;point_choc_initial;manoeuvre_principale;motorisation
202300050289;155 591 341;10;0;2;2;15;1
202300050289;155 591 346;33;0;2;1;1;1
202300050290;155 591 342;10;0;2;3;1;1
202300050290;155 591 347;7;0;2;1;1;1
202300050291;155 591 340;14;0;0;0;0;0
202300050291;155 591 343;7;13;2;7;17;1
202300050292;155 591 335;7;0;1;2;15;1
202300050293;155 591 333;10;0;2;3;1;1
202300050293;155 591 338;7;0;2;3;13;1
202300050294;155 591 332;2;0;0;0;9;1
202300050295;155 591 336;80;0;2;8;1;3
202300050295;155 591 339;80;0;0;7;15;3
202300050296;155 591 331;33;0;6;1;0;1
202300050297;155 591 330;7;0;2;4;1;1
202300050297;155 591 337;10;0;2;1;1;1
202300050298;155 591 329;1;0;2;1;5;5
202300050298;155 591 334;1;0;2;1;1;5
202300050299;155 591 328;80;14;0;1;1;3
202300050300;155 591 325;31;0;0;0;14;1
202300050301;155 591 321;7;0;1;2;1;1
202300050302;155 591 320;7;0;2;3;1;1
202300050302;155 591 324;7;0;2;3;1;1
202300050303;155 591 323;50;0;2;8;1;3
202300050303;155 591 326;7;0;2;0;16;1
202300050304;155 591 319;2;0;2;0;13;1
202300050304;155 591 327;7;0;2;2;1;1
202300050305;155 591 318;2;1;0;3;2;1
202300050305;155 591 322;7;0;2;7;22;1
202300050306;155 591 313;7;9;0;1;14;1
202300050307;155 591 314;7;0;2;1;2;0
202300050307;155 591 317;7;0;2;4;1;0
202300050308;155 591 311;2;0;2;4;1;1
202300050308;155 591 316;7;0;2;1;1;0
202300050309;155 591 309;15;0;2;7;12;1
202300050309;155 591 315;7;0;2;8;1;1
202300050310;155 591 308;2;0;2;7;17;1
202300050310;155 591 312;2;0;2;8;13;1
202300050311;155 591 307;2;0;1;1;25;1
202300050312;155 591 303;7;0;1;3;9;1
202300050313;155 591 302;7;0;0;2;15;1
202300050313;155 591 304;7;0;0;3;1;1
202300050314;155 591 300;10;0;2;1;1;1
202300050314;155 591 306;7;0;2;6;1;1
202300050315;155 591 299;7;0;2;8;1;1
202300050315;155 591 305;1;0;2;1;15;5
202300050316;155 591 296;7;8;0;1;19;2
202300050317;155 591 295;7;0;0;4;1;1
202300050317;155 591 298;30;0;0;1;1;2
202300050318;155 591 291;7;0;2;2;1;1
202300050318;155 591 294;1;0;2;5;19;5
202300050319;155 591 290;7;0;2;2;15;1
202300050319;155 591 293;33;0;2;1;1;1
202300050320;155 591 288;7;0;2;1;2;1
202300050320;155 591 297;7;8;0;0;12;1
202300050320;155 591 301;7;0;2;4;2;1
202300050321;155 591 289;34;0;2;8;1;1
202300050321;155 591 292;7;0;2;7;12;1
202300050322;155 591 286;7;0;2;4;26;0
202300050322;155 591 287;7;0;2;4;26;0
202300050323;155 591 282;2;0;0;7;1;1
202300050324;155 591 281;7;0;2;2;1;1
202300050324;155 591 285;7;0;2;3;1;1
202300050325;155 591 279;10;0;2;6;23;1
202300050325;155 591 284;31;0;2;2;2;1
202300050326;155 591 280;99;0;2;1;26;0
202300050326;155 591 283;10;0;2;1;15;0
202300050327;155 591 275;31;0;2;1;17;1
202300050327;155 591 277;7;0;2;3;15;1
202300050328;155 591 274;7;0;2;4;23;1
202300050328;155 591 276;31;0;2;1;17;1
202300050328;155 591 278;7;0;2;8;23;1
202300050329;155 591 272;7;0;1;2;1;1
202300050330;155 591 269;7;0;2;1;1;1
202300050330;155 591 273;3;0;2;1;17;1
202300050331;155 591 268;31;0;2;1;1;1
202300050331;155 591 271;7;0;2;3;15;1
202300050332;155 591 267;1;0;0;0;1;5
202300050332;155 591 270;2;0;0;0;16;1
202300050333;155 591 266;15;0;1;2;20;1
202300050334;155 591 260;7;6;0;1;2;1
202300050335;155 591 261;7;0;2;4;23;1
202300050335;155 591 264;1;1;2;1;2;5
202300050336;155 591 263;7;0;2;1;1;1
202300050336;155 591 265;10;0;2;2;15;1
202300050337;155 591 256;1;0;2;8;15;5
202300050337;155 591 259;31;0;2;1;2;3
202300050338;155 591 257;7;0;2;3;1;1
202300050338;155 591 262;1;0;2;1;19;5
202300050339;155 591 254;33;0;2;1;2;1
202300050339;155 591 258;7;0;2;6;2;1
202300050340;155 591 251;7;0;2;4;23;1
202300050340;155 591 252;32;0;2;1;2;1
202300050341;155 591 250;7;0;2;1;15;1
202300050341;155 591 255;2;0;2;8;1;1
202300050342;155 591 249;33;0;6;1;1;1
202300050343;155 591 247;1;0;2;7;1;5
202300050343;155 591 253;7;0;2;3;9;1
202300050344;155 591 246;1;0;2;6;11;5
202300050344;155 591 248;31;0;2;2;1;1
202300050345;155 591 241;2;0;2;5;14;1
202300050345;155 591 244;32;0;2;3;2;1
202300050346;155 591 240;7;0;2;3;1;1
202300050346;155 591 243;7;0;2;1;15;1
202300050347;155 591 242;7;0;2;2;26;1
202300050347;155 591 245;10;0;2;3;0;1
202300050348;155 591 236;7;0;2;7;10;0
202300050348;155 591 239;50;0;2;2;2;3
202300050349;155 591 235;7;0;2;3;1;1
202300050349;155 591 238;7;0;2;2;1;1
202300050350;155 591 233;7;0;0;1;1;1
202300050350;155 591 237;7;6;0;5;1;1
202300050351;155 591 232;7;0;2;1;15;1
202300050351;155 591 234;7;0;2;3;1;2
202300050352;155 591 230;43;0;2;1;21;1
202300050353;155 591 229;7;0;2;1;1;1
202300050353;155 591 231;7;14;0;4;15;1
202300050354;155 591 226;10;0;1;1;15;1
202300050355;155 591 224;2;0;2;1;2;1
202300050355;155 591 227;7;0;0;4;1;1
202300050356;155 591 222;80;0;2;7;1;3
202300050356;155 591 225;7;0;2;1;15;1
202300050357;155 591 218;10;0;2;5;19;1
202300050357;155 591 223;33;0;2;1;1;1
202300050358;155 591 215;7;0;2;3;15;1
202300050358;155 591 219;33;0;2;1;1;1
202300050359;155 591 217;15;0;2;1;16;1
202300050359;155 591 221;1;0;2;8;1;5
202300050360;155 591 213;7;0;2;2;1;1
202300050360;155 591 220;21;0;2;4;16;1
202300050361;155 591 214;1;0;2;7;2;5
202300050361;155 591 216;7;0;2;1;1;2
202300050362;155 591 211;7;1;0;1;0;2
202300050363;155 591 209;2;0;0;0;0;1
202300050364;155 591 207;7;0;2;1;2;1
202300050364;155 591 210;7;0;2;4;23;1
202300050364;155 591 212;7;0;2;4;23;1
202300050365;155 591 206;40;0;1;1;26;3
202300050366;155 591 205;7;0;2;2;1;1
202300050366;155 591 208;1;0;2;1;19;5
202300050367;155 591 203;7;13;0;1;1;1
202300050368;155 591 202;7;0;1;1;0;1
202300050369;155 591 198;7;2;0;3;0;1
202300050370;155 591 199;7;0;2;1;2;2
202300050370;155 591 200;1;0;2;8;17;5
202300050371;155 591 194;7;0;2;4;1;0
202300050371;155 591 195;7;1;0;0;26;0
202300050371;155 591 196;1;0;2;1;2;5
202300050372;155 591 193;36;5;2;0;13;1
202300050372;155 591 197;7;0;2;2;1;1
202300050373;155 591 192;7;13;0;0;1;1
202300050374;155 591 189;2;0;0;1;0;1
202300050375;155 591 187;13;0;0;1;23;1
202300050375;155 591 190;43;0;1;1;3;1
202300050376;155 591 185;7;0;9;1;1;1
202300050376;155 591 188;1;0;2;3;1;5
202300050377;155 591 186;7;0;2;1;1;1
202300050377;155 591 191;1;0;2;8;1;5
202300050378;155 591 183;7;0;1;1;1;1
202300050379;155 591 181;7;0;1;3;1;1
202300050380;155 591 182;2;14;0;1;1;1
202300050381;155 591 177;7;0;2;8;9;1
202300050381;155 591 180;32;0;2;1;1;1
202300050382;155 591 173;1;0;2;1;1;5
202300050382;155 591 176;7;0;9;3;1;0
202300050383;155 591 175;7;0;2;0;0;1
202300050383;155 591 178;32;0;2;2;16;1
202300050384;155 591 172;50;0;2;8;19;3
202300050384;155 591 179;7;0;2;1;15;1
202300050385;155 591 174;7;0;2;1;2;1
202300050385;155 591 184;1;0;2;4;2;5
202300050386;155 591 171;2;2;0;1;14;1
202300050387;155 591 167;7;0;2;8;15;1
202300050387;155 591 170;7;0;2;3;1;1
202300050388;155 591 164;10;0;2;1;15;1
202300050388;155 591 168;50;0;2;7;1;3
202300050389;155 591 165;7;1;0;1;14;1
202300050389;155 591 169;21;0;2;6;23;1
202300050390;155 591 162;30;0;2;2;21;1
202300050390;155 591 166;7;0;2;1;15;1
202300050391;155 591 159;33;0;2;2;17;1
202300050391;155 591 161;7;0;0;6;2;1
202300050392;155 591 158;50;0;0;1;2;3
202300050393;155 591 157;33;0;2;7;1;1
202300050393;155 591 163;7;0;2;8;9;1
202300050394;155 591 156;7;0;2;8;9;0
202300050394;155 591 160;31;0;2;1;1;1
202300050395;155 591 152;33;0;2;1;1;0
202300050395;155 591 154;10;0;2;2;1;0
202300050396;155 591 147;7;0;2;3;10;1
202300050396;155 591 150;33;0;2;1;1;1
202300050397;155 591 146;7;8;0;4;0;0
202300050397;155 591 149;7;0;0;4;0;1
202300050398;155 591 145;7;0;1;1;1;0
202300050399;155 591 142;7;0;2;3;10;0
202300050399;155 591 144;32;0;2;2;3;1
202300050400;155 591 143;2;0;2;1;1;1
202300050400;155 591 148;7;0;2;5;1;1
202300050401;155 591 138;7;0;2;3;1;1
202300050401;155 591 140;7;0;2;3;13;1
202300050402;155 591 137;33;11;2;1;1;1
202300050402;155 591 141;34;0;2;8;1;1
202300050403;155 591 135;7;0;2;1;1;1
202300050403;155 591 139;10;0;2;6;19;1
202300050404;155 591 136;7;1;0;0;1;1
202300050405;155 591 134;7;6;0;1;1;1
202300050406;155 591 129;50;1;0;1;25;3
202300050407;155 591 128;7;0;2;2;19;1
202300050407;155 591 133;1;0;2;3;1;5
202300050408;155 591 127;7;3;0;1;2;3
202300050408;155 591 131;7;3;0;9;2;1
202300050409;155 591 126;7;8;0;1;26;1
202300050410;155 591 123;7;0;1;1;1;1
202300050411;155 591 121;7;0;2;9;1;1
202300050411;155 591 125;7;0;2;1;2;1
202300050412;155 591 118;7;4;0;1;2;1
202300050412;155 591 120;7;4;0;4;2;1
202300050412;155 591 122;7;4;0;6;2;1
202300050413;155 591 114;7;0;1;2;1;1
202300050414;155 591 108;30;0;2;1;1;1
202300050414;155 591 112;7;0;2;3;1;1
202300050415;155 591 107;2;0;2;3;17;1
202300050415;155 591 111;7;0;2;3;1;1
202300050415;155 591 116;7;0;2;6;1;1
202300050416;155 591 104;10;0;2;1;1;1
202300050416;155 591 109;7;0;2;4;15;1
202300050416;155 591 113;33;0;2;1;1;1
202300050417;155 591 102;7;0;2;4;1;0
202300050417;155 591 105;10;0;2;1;1;0
202300050417;155 591 110;7;0;2;1;1;1
202300050418;155 591 101;7;0;1;1;15;1
202300050419;155 591 100;7;0;2;0;1;1
202300050420;155 591 096;7;0;2;1;13;1
202300050420;155 591 098;7;0;2;1;1;1
202300050421;155 591 095;80;0;2;1;1;2
202300050421;155 591 099;7;0;2;2;15;1
202300050422;155 591 097;7;6;0;1;0;1
202300050423;155 591 092;7;0;2;2;1;1
202300050423;155 591 093;7;0;2;4;1;1
202300050424;155 591 091;7;0;2;1;1;1
202300050424;155 591 094;7;0;2;7;15;1
202300050425;155 591 089;33;6;2;8;1;1
202300050425;155 591 090;10;0;2;8;13;1
202300050426;155 591 086;10;0;2;1;0;1
202300050426;155 591 088;10;0;2;1;0;1
202300050427;155 591 085;7;0;2;1;2;1
202300050427;155 591 087;10;0;2;4;2;1
202300050428;155 591 080;7;0;2;3;1;1
202300050428;155 591 083;10;0;2;3;13;1
202300050429;155 591 077;30;0;0;0;1;0
202300050430;155 591 081;7;0;2;1;1;1
202300050430;155 591 084;10;0;2;5;15;1
202300050431;155 591 076;33;0;2;1;1;1
202300050431;155 591 079;7;0;2;4;1;1
202300050432;155 591 073;7;15;0;3;13;3
202300050433;155 591 072;7;3;0;4;2;2
202300050433;155 591 074;10;3;2;1;1;1
202300050434;155 591 078;10;0;2;3;1;1
202300050434;155 591 082;7;0;2;0;1;1
202300050435;155 591 071;7;0;2;3;1;1
202300050435;155 591 075;31;0;2;1;13;1
202300050436;155 591 068;7;0;2;0;15;1
202300050436;155 591 070;30;0;2;8;15;1
202300050437;155 591 066;7;0;2;3;9;1
202300050437;155 591 069;31;0;2;7;1;1
202300050438;155 591 062;7;0;2;4;2;1
202300050438;155 591 065;7;0;2;1;2;1
202300050438;155 591 067;7;0;2;1;2;1
202300050439;155 591 058;7;0;1;7;16;1
202300050440;155 591 059;7;0;2;3;10;1
202300050440;155 591 063;33;0;2;2;17;1
202300050441;155 591 056;2;0;2;1;1;1
202300050441;155 591 061;7;0;2;8;19;1
202300050442;155 591 060;7;0;2;1;5;0
202300050442;155 591 064;50;0;2;1;1;3
202300050443;155 591 054;7;0;2;4;2;1
202300050443;155 591 055;7;0;2;5;2;1
202300050443;155 591 057;7;0;2;1;12;1
202300050444;155 591 047;7;0;2;3;1;1
202300050444;155 591 051;32;0;2;1;13;0
202300050445;155 591 050;10;0;2;8;9;1
202300050445;155 591 052;34;0;2;7;3;1
202300050446;155 591 046;7;0;2;8;1;1
202300050446;155 591 049;7;0;2;2;12;1
202300050447;155 591 048;33;0;2;1;1;1
202300050447;155 591 053;10;0;2;5;15;1
202300050448;155 591 043;7;0;1;1;1;1
202300050449;155 591 040;32;3;2;2;2;1
202300050450;155 591 038;7;0;2;2;2;1
202300050450;155 591 039;7;0;2;6;2;1
202300050451;155 591 035;1;0;2;7;26;5
202300050451;155 591 037;7;0;2;1;1;1
202300050452;155 591 033;7;0;2;7;1;1
202300050452;155 591 036;1;0;2;4;19;5
202300050453;155 591 032;7;0;2;1;12;1
202300050453;155 591 034;15;0;0;4;23;1
202300050454;155 591 028;7;0;2;1;1;1
202300050454;155 591 030;37;0;2;4;1;4
202300050455;155 591 044;7;0;0;3;16;1
202300050456;155 591 029;34;0;2;1;1;1
202300050456;155 591 031;7;0;2;2;16;1
202300050457;155 591 027;7;2;0;1;14;1
202300050458;155 591 022;7;3;0;7;0;1
202300050459;155 591 020;7;0;2;1;9;1
202300050459;155 591 023;1;0;2;4;0;5
202300050460;155 591 021;34;0;2;1;17;1
202300050460;155 591 026;7;0;2;8;15;1
202300050461;155 591 019;2;0;2;0;21;1
202300050461;155 591 025;7;0;2;0;1;0
202300050462;155 591 018;1;0;2;1;1;5
202300050462;155 591 024;7;0;2;1;9;1
202300050463;155 591 015;10;0;2;1;1;1
202300050463;155 591 017;7;0;2;8;16;1
202300050464;155 591 013;10;0;1;1;26;1
202300050465;155 591 012;10;0;2;1;1;1
202300050465;155 591 014;7;0;2;4;1;1
202300050466;155 591 009;7;0;2;2;9;1
202300050466;155 591 011;30;0;2;1;1;1
202300050467;155 591 008;7;0;2;5;1;1
202300050467;155 591 010;33;0;2;1;2;1
202300050468;155 591 005;30;0;2;1;1;1
202300050468;155 591 007;7;0;2;2;15;1
202300050469;155 591 006;7;0;1;1;16;0
202300050470;155 591 016;31;16;0;3;1;1
202300050471;155 591 004;7;0;1;1;16;2
202300050472;155 591 002;10;6;0;1;13;1
202300050473;155 590 999;7;0;1;4;4;1
202300050474;155 591 000;7;9;2;5;15;0
202300050474;155 591 003;10;9;2;2;2;1
202300050475;155 590 997;2;0;0;0;1;1
202300050475;155 591 001;0;0;0;0;0;0
202300050476;155 590 998;7;0;1;1;15;1
202300050477;155 590 996;37;1;1;3;1;1
202300050478;155 590 993;7;0;2;1;26;1
202300050478;155 590 995;7;0;2;4;26;1
202300050479;155 590 990;10;0;2;2;15;1
202300050479;155 590 994;33;0;2;1;1;1
202300050480;155 590 989;7;0;0;2;1;1
202300050481;155 590 988;80;0;2;3;5;3
202300050481;155 590 991;7;0;2;3;1;1
202300050482;155 590 987;7;0;1;1;9;1
202300050483;155 590 984;33;0;0;0;17;1
202300050484;155 590 983;7;0;2;1;9;1
202300050484;155 590 986;10;0;2;4;9;1
202300050485;155 590 981;7;4;0;1;1;1
202300050486;155 590 982;10;0;2;1;15;1
202300050486;155 590 992;1;0;2;8;1;5
202300050487;155 590 980;30;0;2;8;1;1
202300050487;155 590 985;7;0;2;3;15;1
202300050488;155 590 979;7;0;1;7;19;1
202300050489;155 590 975;7;0;2;3;15;1
202300050489;155 590 977;50;0;2;8;1;3
202300050490;155 590 974;7;0;2;2;1;1
202300050490;155 590 978;7;0;2;3;2;1
202300050491;155 590 973;10;4;0;2;2;1
202300050491;155 590 976;7;4;0;4;2;1
202300050492;155 590 969;7;4;0;1;14;1
202300050493;155 590 970;7;0;2;2;1;1
202300050493;155 590 971;32;0;2;3;1;1
202300050494;155 590 968;7;0;2;1;2;1
202300050494;155 590 972;7;0;2;4;2;1
202300050495;155 590 964;7;0;1;1;1;1
202300050496;155 590 965;50;0;2;1;1;3
202300050496;155 590 966;7;0;2;6;1;1
202300050497;155 590 961;7;1;0;0;0;1
202300050497;155 590 963;50;0;2;8;1;3
202300050497;155 590 967;10;0;2;0;2;0
202300050498;155 590 960;7;0;2;5;23;1
202300050498;155 590 962;31;0;2;1;2;1
202300050499;155 590 956;7;0;2;3;15;1
202300050499;155 590 958;33;0;2;8;1;1
202300050500;155 590 955;32;0;2;2;1;1
202300050500;155 590 959;7;0;9;2;15;1
202300050501;155 590 952;60;0;0;0;0;5
202300050502;155 590 951;7;15;0;3;1;0
202300050502;155 590 953;7;14;0;2;1;0
202300050503;155 590 949;7;0;9;1;9;1
202300050503;155 590 954;50;0;2;7;1;3
202300050504;155 590 947;7;0;2;4;2;1
202300050504;155 590 950;2;0;2;1;2;1
202300050505;155 590 948;7;0;2;7;17;1
202300050505;155 590 957;2;0;2;8;15;1
202300050506;155 590 945;2;1;0;2;1;1
202300050507;155 590 944;7;14;0;1;1;1
202300050508;155 590 943;7;0;2;1;15;1
202300050508;155 590 946;32;0;2;8;0;1
202300050509;155 590 942;7;16;0;9;1;1
202300050510;155 590 936;7;0;1;3;1;1
202300050511;155 590 937;10;0;2;3;16;1
202300050511;155 590 940;7;0;2;7;0;0
202300050512;155 590 938;1;0;2;1;1;5
202300050512;155 590 941;7;0;2;7;16;1
202300050513;155 590 934;7;0;0;2;1;1
202300050513;155 590 939;7;15;0;7;1;1
202300050514;155 590 932;7;0;2;1;2;1
202300050514;155 590 933;7;0;2;4;23;1
202300050514;155 590 935;7;0;2;5;23;0
202300050515;155 590 931;7;9;0;1;14;1
202300050516;155 590 928;7;0;2;3;9;1
202300050516;155 590 929;31;0;2;2;1;1
202300050517;155 590 925;7;8;0;2;1;1
202300050518;155 590 923;2;0;2;1;0;1
202300050518;155 590 927;7;0;2;2;0;1
202300050519;155 590 922;17;0;2;2;12;0
202300050519;155 590 926;7;0;2;6;1;1
202300050520;155 590 919;32;14;0;1;1;1
202300050521;155 590 918;7;4;0;3;1;1
202300050522;155 590 920;7;0;1;1;1;1
202300050523;155 590 911;7;0;0;7;1;1
202300050524;155 590 912;7;0;2;1;1;0
202300050524;155 590 915;7;0;2;4;1;0
202300050524;155 590 916;7;0;2;4;1;0
202300050525;155 590 909;7;0;2;3;9;1
202300050525;155 590 913;1;0;2;7;2;5
202300050526;155 590 910;30;6;0;7;14;1
202300050527;155 590 908;7;0;2;1;1;1
202300050527;155 590 914;7;0;2;2;15;1
202300050528;155 590 905;1;0;2;1;1;5
202300050528;155 590 907;7;0;2;1;15;1
202300050529;155 590 904;33;0;0;8;1;1
202300050530;155 590 903;43;0;2;8;1;1
202300050530;155 590 906;7;0;2;7;9;1
202300050531;155 590 902;7;0;1;8;1;1
202300050532;155 590 901;80;10;0;1;21;3
202300050533;155 590 897;50;8;0;1;1;3
202300050534;155 590 896;7;0;2;1;2;1
202300050534;155 590 899;7;0;2;4;2;1
202300050535;155 590 895;33;0;2;1;1;1
202300050535;155 590 898;7;0;0;2;15;1
202300050536;155 590 894;1;0;0;8;1;5
202300050537;155 590 892;7;13;0;7;14;1
202300050538;155 590 890;7;13;0;9;1;0
202300050539;155 590 889;7;0;1;1;1;0
202300050540;155 590 886;7;0;2;1;1;0
202300050540;155 590 888;7;0;2;4;1;0
202300050540;155 590 891;7;0;2;4;1;0
202300050541;155 590 885;31;0;2;8;13;1
202300050541;155 590 893;7;0;2;7;17;1
202300050542;155 590 884;7;0;2;4;2;1
202300050542;155 590 887;7;0;2;1;2;0
202300050543;155 590 882;30;0;0;8;26;1
202300050544;155 590 883;33;0;0;1;1;1
202300050545;155 590 876;1;0;2;0;0;5
202300050545;155 590 879;7;0;9;0;17;1
202300050546;155 590 875;10;0;2;1;1;1
202300050546;155 590 878;7;0;2;4;1;2
202300050547;155 590 874;37;0;2;3;9;3
202300050547;155 590 881;7;0;2;2;1;2
202300050548;155 590 873;7;0;2;1;13;1
202300050548;155 590 877;7;0;2;1;1;1
202300050549;155 590 869;50;0;0;0;1;3
202300050550;155 590 872;2;0;2;1;1;1
202300050550;155 590 880;7;0;0;3;13;1
202300050551;155 590 868;7;0;2;6;1;1
202300050551;155 590 871;7;0;2;3;1;1
202300050552;155 590 866;7;0;2;1;2;1
202300050553;155 590 867;37;0;2;7;1;2
202300050553;155 590 870;34;0;2;3;3;1
202300050554;155 590 864;7;0;2;4;15;1
202300050554;155 590 865;80;0;2;4;15;3
202300050555;155 590 863;33;0;2;8;3;1
202300050556;155 590 859;15;0;2;8;1;1
202300050556;155 590 862;7;13;9;8;1;1
202300050557;155 590 858;7;0;2;2;22;1
202300050557;155 590 860;50;0;2;1;1;3
202300050558;155 590 856;7;0;1;1;1;1
202300050559;155 590 857;2;0;2;1;17;1
202300050559;155 590 861;7;0;2;8;15;1
202300050560;155 590 852;7;0;2;1;1;1
202300050560;155 590 855;7;0;2;4;1;1
202300050561;155 590 851;50;0;1;0;25;3
202300050562;155 590 849;7;0;1;1;1;1
202300050563;155 590 846;7;0;2;7;1;1
202300050563;155 590 850;1;0;2;7;1;5
202300050564;155 590 843;7;0;2;4;1;1
202300050564;155 590 847;7;7;2;1;15;1
202300050565;155 590 844;2;0;2;3;19;1
202300050565;155 590 848;7;0;2;2;1;1
202300050566;155 590 842;7;0;2;3;1;1
202300050566;155 590 845;50;0;2;3;17;3
202300050567;155 590 838;7;0;1;1;1;1
202300050568;155 590 836;1;1;0;7;1;5
202300050568;155 590 840;7;0;2;2;0;1
202300050569;155 590 832;7;12;0;1;14;1
202300050570;155 590 833;7;0;0;0;2;1
202300050570;155 590 835;7;0;2;2;2;1
202300050570;155 590 839;7;0;2;1;17;1
202300050571;155 590 831;10;0;4;7;16;1
202300050571;155 590 834;40;0;2;1;1;3
202300050572;155 590 830;7;0;2;1;0;1
202300050572;155 590 837;7;0;2;0;0;1
202300050572;155 590 841;7;0;2;1;23;1
202300050573;155 590 826;7;0;2;1;1;1
202300050573;155 590 828;1;0;2;8;16;5
202300050574;155 590 825;7;0;2;3;1;1
202300050574;155 590 829;1;0;2;1;1;5
202300050575;155 590 823;7;8;0;8;17;1
202300050576;155 590 824;32;1;1;1;17;1
202300050577;155 590 819;17;0;2;1;1;1
202300050577;155 590 822;7;0;2;1;13;1
202300050578;155 590 820;7;0;2;2;1;1
202300050578;155 590 827;7;0;2;5;2;1
202300050579;155 590 818;33;0;2;3;1;1
202300050579;155 590 821;7;0;2;3;1;1
202300050580;155 590 814;2;0;2;1;26;1
202300050580;155 590 817;10;0;2;0;13;1
202300050581;155 590 812;50;0;2;8;3;3
202300050581;155 590 816;7;0;2;3;1;0
202300050582;155 590 811;7;0;2;4;1;1
202300050582;155 590 815;3;0;2;1;21;1
202300050583;155 590 810;7;0;2;1;1;1
202300050583;155 590 813;7;0;2;3;1;1
202300050584;155 590 807;7;0;2;3;9;1
202300050584;155 590 809;33;0;2;1;21;1
202300050585;155 590 804;7;4;2;0;0;1
202300050585;155 590 808;7;0;2;8;1;1
202300050586;155 590 803;0;0;2;1;0;0
202300050586;155 590 806;7;0;0;4;2;1
202300050587;155 590 802;7;0;2;2;15;1
202300050587;155 590 805;43;0;2;1;1;1
202300050588;155 590 801;13;0;1;2;1;1
202300050589;155 590 798;7;0;1;1;1;1
202300050590;155 590 797;7;0;2;6;15;1
202300050590;155 590 800;7;0;2;3;15;1
202300050591;155 590 796;7;0;1;2;1;1
202300050592;155 590 795;33;0;2;1;1;1
202300050592;155 590 799;2;0;2;7;15;1
202300050593;155 590 794;7;0;1;1;1;1
202300050594;155 590 791;7;0;1;1;1;1
202300050595;155 590 792;7;0;0;0;16;3
202300050595;155 590 793;1;0;2;8;1;5
202300050596;155 590 789;7;0;1;5;4;1
202300050597;155 590 790;7;6;0;2;14;1
202300050598;155 590 785;30;0;0;1;21;1
202300050598;155 590 787;7;0;2;0;4;1
202300050599;155 590 786;1;1;0;1;1;5
202300050600;155 590 782;34;0;2;7;1;0
202300050600;155 590 784;7;0;2;3;9;0
202300050601;155 590 781;33;12;2;1;18;1
202300050601;155 590 788;80;12;2;4;1;5
202300050602;155 590 779;7;0;1;1;15;1
202300050603;155 590 778;33;12;0;2;14;1
202300050604;155 590 776;7;2;0;1;1;1
202300050605;155 590 775;7;3;0;2;1;1
202300050606;155 590 774;7;14;0;1;6;1
202300050606;155 590 777;7;0;0;6;0;0
202300050606;155 590 780;7;0;2;6;23;0
202300050606;155 590 783;7;0;2;3;0;0
202300050607;155 590 771;50;0;2;2;19;3
202300050607;155 590 773;33;0;2;1;1;1
202300050608;155 590 767;10;0;1;1;1;1
202300050609;155 590 769;10;0;2;1;11;1
202300050609;155 590 772;30;0;2;2;1;1
202300050610;155 590 765;7;0;2;1;1;1
202300050610;155 590 770;7;0;2;7;1;1
202300050611;155 590 766;38;0;2;2;13;1
202300050611;155 590 768;7;0;2;6;15;1
202300050612;155 590 762;7;0;1;3;1;1
202300050613;155 590 759;7;0;2;1;17;1
202300050613;155 590 761;31;0;2;6;15;1
202300050614;155 590 760;7;0;2;2;1;3
202300050614;155 590 764;34;0;2;3;15;1
202300050615;155 590 757;7;0;2;3;1;1
202300050615;155 590 763;33;0;2;1;1;1
202300050616;155 590 756;7;0;2;1;1;1
202300050616;155 590 758;10;0;2;1;17;1
202300050617;155 590 754;7;1;0;9;13;1
202300050618;155 590 753;10;0;1;6;4;1
202300050619;155 590 751;36;16;0;3;1;1
202300050620;155 590 752;1;0;2;7;17;5
202300050620;155 590 755;1;0;2;8;2;5
202300050621;155 590 750;7;0;1;3;1;1
202300050622;155 590 749;7;2;0;1;14;1
202300050623;155 590 745;2;0;0;8;1;1
202300050624;155 590 743;30;0;0;0;17;3
202300050625;155 590 744;7;0;2;8;9;1
202300050625;155 590 747;7;0;2;1;1;1
202300050626;155 590 742;7;0;1;2;1;1
202300050627;155 590 738;50;0;2;7;26;3
202300050627;155 590 741;10;0;2;1;1;0
202300050628;155 590 739;33;4;0;1;14;1
202300050629;155 590 736;7;0;2;1;9;1
202300050629;155 590 740;1;0;0;8;5;5
202300050630;155 590 735;7;0;2;2;1;1
202300050630;155 590 737;7;0;2;1;1;1
202300050631;155 590 730;1;0;2;0;26;5
202300050631;155 590 733;7;0;2;1;1;1
202300050632;155 590 732;7;0;2;1;13;1
202300050632;155 590 734;10;0;2;1;1;1
202300050633;155 590 727;32;0;2;1;1;1
202300050633;155 590 731;7;0;2;3;9;1
202300050634;155 590 725;7;0;2;2;9;1
202300050634;155 590 729;33;0;9;5;1;1
202300050635;155 590 722;33;0;2;7;2;1
202300050635;155 590 728;7;0;2;3;9;2
202300050636;155 590 723;3;0;0;0;1;6
202300050637;155 590 724;1;0;2;1;1;5
202300050637;155 590 726;7;0;2;2;15;1
202300050638;155 590 719;7;0;9;1;1;1
202300050638;155 590 721;50;0;2;2;19;3
202300050639;155 590 720;33;0;0;0;26;1
202300050640;155 590 717;3;0;1;7;1;0
202300050641;155 590 715;7;0;2;1;2;3