Num_Acc;id_vehicule;categorie_vehicule;obstacle_fixe;obstacle_mobile;point_choc_initial;manoeuvre_principale;motorisation
202300050641;155 590 718;7;0;2;4;2;1
202300050642;155 590 716;2;0;0;0;0;0
202300050643;155 590 714;7;0;1;1;1;1
202300050644;155 590 713;7;0;1;4;19;0
202300050645;155 590 709;7;0;2;0;0;1
202300050645;155 590 711;7;0;2;3;15;1
202300050646;155 590 704;7;12;0;1;14;1
202300050647;155 590 707;31;0;2;1;1;1
202300050647;155 590 710;7;0;2;1;15;1
202300050648;155 590 705;7;0;2;3;13;1
202300050648;155 590 708;7;1;2;8;1;1
202300050648;155 590 712;7;0;2;1;1;1
202300050649;155 590 703;32;0;2;1;1;0
202300050649;155 590 706;7;0;2;1;9;0
202300050650;155 590 702;7;2;0;1;1;1
202300050651;155 590 701;7;2;6;1;1;0
202300050652;155 590 697;7;0;2;3;15;3
202300050652;155 590 700;1;0;2;1;1;5
202300050653;155 590 693;1;0;2;9;1;5
202300050653;155 590 696;21;0;2;5;17;1
202300050654;155 590 694;7;8;2;6;1;2
202300050654;155 590 699;7;0;2;3;1;1
202300050655;155 590 695;7;0;2;4;2;1
202300050655;155 590 698;2;0;2;1;2;1
202300050656;155 590 690;32;15;0;3;1;1
202300050657;155 590 689;7;0;2;3;15;1
202300050657;155 590 691;1;0;2;8;1;5
202300050658;155 590 687;10;8;0;2;1;1
202300050659;155 590 686;7;5;0;9;2;1
202300050660;155 590 684;1;0;2;1;1;5
202300050660;155 590 688;7;0;2;8;10;1
202300050661;155 590 683;7;0;9;0;0;1
202300050661;155 590 685;1;0;2;0;13;5
202300050662;155 590 681;33;0;0;0;1;1
202300050663;155 590 679;7;1;0;2;1;1
202300050664;155 590 676;30;0;2;1;17;1
202300050664;155 590 680;7;0;2;3;1;1
202300050664;155 590 682;7;0;2;6;1;1
202300050665;155 590 677;7;0;1;1;16;1
202300050666;155 590 674;33;0;2;1;1;1
202300050666;155 590 678;7;0;2;3;15;1
202300050667;155 590 670;2;0;0;1;16;1
202300050668;155 590 672;7;0;2;1;1;1
202300050668;155 590 675;35;0;2;7;1;1
202300050669;155 590 667;7;0;2;3;10;1
202300050669;155 590 669;33;0;2;1;17;1
202300050670;155 590 668;7;0;1;1;15;1
202300050671;155 590 666;7;13;0;8;13;1
202300050672;155 590 664;7;3;0;1;0;1
202300050673;155 590 663;50;0;2;1;1;3
202300050673;155 590 665;10;0;2;3;16;1
202300050674;155 590 658;30;0;2;6;1;1
202300050674;155 590 661;10;0;2;2;12;1
202300050675;155 590 660;7;0;1;1;0;0
202300050676;155 590 657;7;0;2;0;0;1
202300050676;155 590 659;7;0;2;1;2;1
202300050676;155 590 662;7;0;2;4;2;1
202300050677;155 590 656;10;0;1;5;1;1
202300050678;155 590 651;7;0;2;4;23;1
202300050678;155 590 654;7;0;2;2;21;1
202300050679;155 590 650;7;2;0;3;1;1
202300050680;155 590 648;7;0;2;4;1;1
202300050680;155 590 653;7;0;2;4;1;1
202300050680;155 590 655;7;0;0;4;23;1
202300050681;155 590 647;1;0;2;1;0;5
202300050681;155 590 652;7;0;2;1;0;1
202300050682;155 590 646;10;0;2;2;15;1
202300050682;155 590 649;32;0;2;3;1;1
202300050683;155 590 642;2;15;0;1;1;1
202300050684;155 590 640;7;0;1;1;1;1
202300050685;155 590 641;10;0;2;1;15;1
202300050685;155 590 644;33;0;2;1;1;1
202300050686;155 590 637;10;0;2;3;15;1
202300050686;155 590 639;33;0;0;2;1;1
202300050687;155 590 636;7;0;1;1;1;1
202300050688;155 590 635;30;0;2;8;1;1
202300050688;155 590 638;34;0;2;1;19;1
202300050689;155 590 634;33;0;0;8;1;1
202300050690;155 590 632;10;0;1;7;0;1
202300050691;155 590 627;40;0;2;1;1;3
202300050691;155 590 631;15;0;4;7;19;1
202300050692;155 590 626;10;0;9;3;9;1
202300050692;155 590 630;1;0;0;2;9;5
202300050693;155 590 624;7;0;2;9;17;0
202300050693;155 590 628;10;0;0;6;24;1
202300050693;155 590 633;7;1;0;2;15;0
202300050694;155 590 625;7;0;2;3;2;1
202300050694;155 590 629;33;0;2;7;2;1
202300050695;155 590 623;38;0;1;3;11;1
202300050696;155 590 621;33;0;0;8;1;1
202300050697;155 590 620;7;0;2;3;15;1
202300050697;155 590 622;32;0;2;1;1;1
202300050698;155 590 616;15;0;0;6;1;1
202300050698;155 590 618;7;0;2;2;12;1
202300050699;155 590 614;33;0;2;2;17;1
202300050699;155 590 617;7;0;2;3;15;1
202300050700;155 590 615;31;0;2;1;1;1
202300050700;155 590 619;7;0;2;1;15;1
202300050701;155 590 612;7;0;1;0;1;1
202300050702;155 590 611;7;0;2;7;15;0
202300050702;155 590 613;2;0;2;1;3;0
202300050703;155 590 606;14;0;2;1;13;0
202300050703;155 590 610;7;0;2;1;1;0
202300050704;155 590 605;7;6;0;1;26;1
202300050705;155 590 604;7;0;2;4;18;1
202300050705;155 590 609;7;0;2;1;2;1
202300050706;155 590 603;99;0;2;1;1;3
202300050706;155 590 608;7;0;2;3;15;1
202300050707;155 590 602;7;0;2;3;1;1
202300050707;155 590 607;2;0;2;2;17;1
202300050708;155 590 598;7;3;0;1;14;2
202300050709;155 590 594;7;0;2;1;21;1
202300050709;155 590 599;7;0;2;6;1;1
202300050710;155 590 593;14;0;2;0;14;1
202300050710;155 590 597;14;0;2;2;1;1
202300050710;155 590 601;33;0;2;8;3;1
202300050711;155 590 592;50;0;2;0;0;3
202300050711;155 590 596;7;0;9;2;16;1
202300050712;155 590 587;10;15;0;1;1;0
202300050713;155 590 589;33;0;2;1;17;1
202300050713;155 590 591;99;0;2;6;11;1
202300050714;155 590 585;33;0;2;1;1;1
202300050714;155 590 588;1;0;2;1;5;5
202300050715;155 590 580;7;0;2;0;11;0
202300050715;155 590 583;31;0;2;8;3;1
202300050716;155 590 578;10;0;2;3;2;1
202300050716;155 590 582;7;0;2;5;23;1
202300050716;155 590 584;7;0;2;5;1;2
202300050716;155 590 586;7;0;2;8;1;2
202300050717;155 590 576;33;0;2;9;1;1
202300050717;155 590 579;7;0;2;0;1;1
202300050718;155 590 575;31;0;0;5;3;1
202300050718;155 590 577;7;0;2;3;10;1
202300050719;155 590 574;7;0;0;6;15;1
202300050719;155 590 581;33;0;2;1;1;1
202300050720;155 590 572;34;0;1;2;1;1
202300050721;155 590 571;33;1;0;1;2;1
202300050722;155 590 570;7;0;2;8;2;1
202300050722;155 590 573;32;0;2;2;3;1
202300050723;155 590 568;31;0;0;0;1;1
202300050724;155 590 566;80;0;1;3;1;3
202300050725;155 590 561;43;0;2;1;3;1
202300050725;155 590 565;7;0;2;4;1;1
202300050726;155 590 564;20;13;0;1;21;1
202300050726;155 590 569;7;0;0;0;15;1
202300050727;155 590 560;30;0;2;7;17;1
202300050727;155 590 562;7;0;2;3;2;1
202300050728;155 590 559;7;0;2;1;5;0
202300050728;155 590 563;7;0;2;1;23;0
202300050728;155 590 567;7;0;2;1;23;0
202300050729;155 590 556;7;0;2;1;1;2
202300050729;155 590 558;80;0;2;6;11;3
202300050730;155 590 554;21;0;0;9;1;1
202300050731;155 590 552;13;0;2;5;1;1
202300050731;155 590 557;33;0;2;3;3;1
202300050732;155 590 551;7;0;2;3;15;1
202300050732;155 590 555;43;0;2;1;3;1
202300050733;155 590 550;7;0;9;0;9;1
202300050733;155 590 553;1;0;2;0;1;5
202300050734;155 590 547;7;0;2;2;1;1
202300050734;155 590 549;1;0;0;4;1;5
202300050735;155 590 546;7;0;2;2;9;1
202300050735;155 590 548;33;0;2;1;1;1
202300050736;155 590 543;34;0;0;0;1;1
202300050736;155 590 545;7;0;2;1;15;1
202300050737;155 590 538;7;0;2;1;1;1
202300050737;155 590 540;30;0;2;1;13;1
202300050738;155 590 539;7;0;1;1;15;1
202300050739;155 590 534;7;0;2;4;23;1
202300050739;155 590 537;7;0;2;1;2;1
202300050739;155 590 541;7;0;2;1;2;1
202300050740;155 590 533;7;0;1;2;1;1
202300050741;155 590 535;32;0;2;2;17;1
202300050741;155 590 536;7;0;2;3;1;2
202300050742;155 590 527;43;12;2;1;1;1
202300050742;155 590 529;7;0;2;8;20;1
202300050743;155 590 528;33;0;2;5;1;1
202300050743;155 590 530;7;0;2;3;13;2
202300050744;155 590 525;7;0;2;3;23;1
202300050744;155 590 531;10;0;2;1;1;1
202300050744;155 590 532;7;0;2;1;11;3
202300050745;155 590 526;7;13;0;1;13;0
202300050746;155 590 523;34;0;1;1;1;1
202300050747;155 590 524;10;0;1;8;15;1
202300050748;155 590 520;33;0;2;3;3;1
202300050748;155 590 522;32;0;2;3;3;1
202300050749;155 590 518;10;0;2;4;1;1
202300050749;155 590 521;7;0;2;1;2;1
202300050750;155 590 517;7;0;1;1;1;1
202300050751;155 590 519;7;0;1;1;1;1
202300050752;155 590 513;10;0;2;6;9;3
202300050752;155 590 516;1;0;2;1;1;5
202300050753;155 590 514;7;0;2;3;13;1
202300050753;155 590 515;7;0;2;3;1;1
202300050754;155 590 510;7;0;2;1;2;0
202300050754;155 590 512;30;0;2;4;1;1
202300050755;155 590 506;10;0;0;4;23;3
202300050755;155 590 509;7;0;2;1;1;1
202300050756;155 590 504;7;0;2;3;1;2
202300050756;155 590 508;50;0;2;1;1;3
202300050757;155 590 502;7;4;0;5;11;1
202300050757;155 590 505;10;0;0;2;17;1
202300050758;155 590 501;7;0;2;1;2;1
202300050758;155 590 507;7;0;2;4;2;3
202300050758;155 590 511;7;0;2;4;2;1
202300050759;155 590 503;33;0;0;0;9;1
202300050760;155 590 498;7;0;2;7;1;1
202300050760;155 590 500;1;0;2;7;1;5
202300050761;155 590 496;7;2;0;1;1;1
202300050762;155 590 495;7;0;2;8;22;1
202300050762;155 590 499;1;0;2;1;1;5
202300050763;155 590 492;7;0;2;3;10;0
202300050763;155 590 494;2;0;2;7;17;1
202300050764;155 590 491;7;0;1;0;1;1
202300050765;155 590 489;10;0;2;6;13;1
202300050765;155 590 493;14;0;2;6;1;1
202300050765;155 590 497;7;0;2;2;1;1
202300050766;155 590 490;7;0;1;1;15;1
202300050767;155 590 485;7;0;2;1;1;1
202300050767;155 590 487;2;0;2;4;23;3
202300050768;155 590 482;7;0;2;1;2;1
202300050768;155 590 484;7;0;2;6;9;1
202300050769;155 590 481;7;0;2;2;12;1
202300050769;155 590 486;33;0;2;8;0;1
202300050770;155 590 480;7;0;2;8;1;1
202300050770;155 590 488;7;0;2;2;1;1
202300050771;155 590 479;32;0;2;1;1;1
202300050771;155 590 483;2;0;2;3;15;1
202300050772;155 590 477;7;7;0;1;1;1
202300050773;155 590 475;7;0;2;1;2;0
202300050773;155 590 478;7;0;2;4;15;1
202300050774;155 590 474;80;0;1;1;1;3
202300050775;155 590 473;7;0;2;4;1;1
202300050775;155 590 476;14;0;2;1;1;1
202300050776;155 590 471;33;0;9;1;1;1
202300050777;155 590 472;7;0;1;7;16;1
202300050778;155 590 470;10;0;1;8;15;1
202300050779;155 590 467;7;0;2;3;16;2
202300050779;155 590 469;1;0;2;8;19;5
202300050780;155 590 466;7;6;0;3;13;1
202300050781;155 590 465;7;1;0;2;1;1
202300050782;155 590 463;7;0;2;3;11;1
202300050782;155 590 464;43;0;2;1;3;1
202300050782;155 590 468;7;0;2;5;1;1
202300050783;155 590 459;7;0;2;3;15;1
202300050783;155 590 462;1;0;2;1;1;5
202300050784;155 590 460;7;0;2;2;9;1
202300050784;155 590 461;7;0;2;1;1;1
202300050785;155 590 455;7;0;2;3;9;1
202300050785;155 590 458;7;0;2;5;15;1
202300050786;155 590 454;43;0;2;1;3;1
202300050786;155 590 457;10;0;2;5;2;1
202300050787;155 590 453;2;0;2;1;1;0
202300050787;155 590 456;7;0;2;4;17;0
202300050788;155 590 449;7;0;2;1;1;1
202300050788;155 590 452;7;0;2;8;1;1
202300050789;155 590 451;7;0;1;4;20;1
202300050790;155 590 445;7;1;0;2;14;3
202300050790;155 590 448;15;0;2;6;0;1
202300050791;155 590 443;2;1;0;3;2;1
202300050792;155 590 444;1;0;2;1;15;5
202300050792;155 590 446;7;0;2;7;15;1
202300050793;155 590 442;7;0;2;1;1;1
202300050793;155 590 447;7;0;2;4;23;1
202300050793;155 590 450;10;0;2;1;1;1
202300050794;155 590 440;30;0;2;3;17;3
202300050794;155 590 441;1;0;2;1;5;5
202300050795;155 590 437;7;0;2;3;26;3
202300050795;155 590 439;33;0;2;7;17;1
202300050796;155 590 435;7;0;2;3;15;1
202300050796;155 590 438;2;0;2;2;12;1
202300050797;155 590 433;2;15;2;3;1;1
202300050797;155 590 436;2;0;2;5;17;1
202300050798;155 590 432;80;0;2;2;17;3
202300050798;155 590 434;10;0;2;2;14;3
202300050799;155 590 429;7;0;0;4;1;0
202300050799;155 590 430;10;0;2;1;2;1
202300050800;155 590 428;33;0;2;8;2;1
202300050800;155 590 431;7;0;2;5;0;1
202300050801;155 590 425;10;0;1;5;1;1
202300050802;155 590 424;7;0;2;0;15;1
202300050802;155 590 427;1;0;2;0;1;5
202300050803;155 590 418;7;0;2;1;13;1
202300050803;155 590 420;7;0;2;1;1;1
202300050803;155 590 422;7;0;2;8;1;1
202300050804;155 590 419;10;0;2;6;2;1
202300050804;155 590 421;31;0;2;1;3;1
202300050805;155 590 411;7;0;2;4;1;1
202300050805;155 590 414;16;0;2;1;1;1
202300050806;155 590 415;10;0;2;1;23;3
202300050806;155 590 417;80;0;2;0;1;3
202300050807;155 590 410;7;0;2;1;2;1
202300050807;155 590 413;7;3;2;7;19;1
202300050808;155 590 423;15;1;0;1;0;0
202300050808;155 590 426;7;0;0;1;24;0
202300050809;155 590 412;7;0;2;3;2;0
202300050809;155 590 416;2;0;2;6;1;0
202300050810;155 590 408;7;0;1;1;1;1
202300050811;155 590 407;7;0;2;6;1;1
202300050811;155 590 409;13;0;2;2;12;1
202300050812;155 590 406;7;0;1;2;23;0
202300050813;155 590 405;7;8;0;1;1;1
202300050814;155 590 402;33;0;0;0;1;1
202300050815;155 590 400;17;0;2;4;1;1
202300050815;155 590 403;15;0;2;1;2;1
202300050815;155 590 404;7;0;2;4;1;1
202300050816;155 590 399;7;0;2;2;1;1
202300050816;155 590 401;33;0;2;1;1;1
202300050817;155 590 395;31;0;2;1;3;1
202300050817;155 590 397;7;0;2;6;0;1
202300050818;155 590 392;37;0;0;2;1;1
202300050818;155 590 394;33;0;0;2;13;1
202300050819;155 590 391;7;0;2;3;13;1
202300050819;155 590 393;7;0;2;3;1;1
202300050819;155 590 396;7;0;2;3;1;1
202300050819;155 590 398;7;0;2;1;1;1
202300050820;155 590 389;10;0;2;5;12;1
202300050820;155 590 390;33;0;2;8;1;1
202300050821;155 590 387;10;0;1;2;1;3
202300050822;155 590 384;50;0;1;1;1;3
202300050823;155 590 382;7;0;2;4;26;1
202300050823;155 590 383;7;0;2;3;1;1
202300050824;155 590 386;7;0;0;2;15;1
202300050824;155 590 388;33;0;2;2;3;1
202300050825;155 590 380;60;9;0;1;1;5
202300050826;155 590 378;7;0;2;6;15;1
202300050826;155 590 379;31;0;2;2;17;1
202300050827;155 590 376;7;1;2;4;23;1
202300050827;155 590 377;2;1;2;1;1;1
202300050828;155 590 381;33;0;2;2;26;1
202300050828;155 590 385;7;0;2;5;1;1
202300050829;155 590 373;10;0;0;3;24;1
202300050829;155 590 374;1;1;0;1;17;5
202300050830;155 590 372;30;0;2;2;1;1
202300050830;155 590 375;7;0;2;7;15;1
202300050831;155 590 369;7;0;2;4;1;1
202300050831;155 590 370;7;0;2;7;12;1
202300050831;155 590 371;33;0;2;8;3;1
202300050832;155 590 368;7;2;0;2;1;0
202300050833;155 590 367;10;0;1;7;16;1
202300050834;155 590 365;15;4;0;1;1;1
202300050835;155 590 364;7;0;2;1;1;1
202300050835;155 590 366;7;0;2;1;11;1
202300050836;155 590 361;7;13;0;8;1;1
202300050837;155 590 362;7;0;2;5;1;1
202300050837;155 590 363;34;0;2;1;2;1
202300050838;155 590 360;7;0;1;3;0;0
202300050839;155 590 357;15;0;2;3;1;1
202300050839;155 590 359;7;0;2;8;1;1
202300050840;155 590 355;7;0;2;3;1;2
202300050840;155 590 358;34;0;2;0;0;1
202300050841;155 590 354;7;0;0;1;1;1
202300050841;155 590 356;7;0;0;4;23;1
202300050842;155 590 351;7;0;2;3;19;1
202300050842;155 590 353;31;0;2;1;1;1
202300050843;155 590 350;7;6;0;1;1;1
202300050844;155 590 349;7;0;2;8;1;1
202300050844;155 590 352;13;0;2;7;14;1
202300050845;155 590 348;7;0;1;2;1;1
202300050846;155 590 344;7;0;0;1;0;1
202300050846;155 590 347;7;0;0;1;0;1
202300050847;155 590 345;7;0;2;6;1;1
202300050847;155 590 346;7;0;2;1;1;1
202300050848;155 590 342;7;0;2;1;5;1
202300050848;155 590 343;7;0;2;1;1;1
202300050849;155 590 341;14;3;0;3;14;1
202300050850;155 590 340;7;0;1;3;0;1
202300050851;155 590 338;31;0;2;1;1;1
202300050851;155 590 339;7;0;2;7;15;1
202300050852;155 590 337;7;;;;;
202300050853;155 590 336;7;0;1;1;1;1
202300050854;155 590 331;7;0;0;1;1;1
202300050854;155 590 333;7;6;0;6;9;1
202300050855;155 590 329;7;0;2;3;15;1
202300050855;155 590 330;33;0;2;2;1;1
202300050856;155 590 328;7;4;2;3;13;1
202300050856;155 590 332;7;0;2;8;1;1
202300050857;155 590 323;7;0;2;1;1;1
202300050857;155 590 327;7;0;2;3;19;1
202300050858;155 590 324;33;0;2;1;2;1
202300050858;155 590 326;3;0;2;3;15;1
202300050859;155 590 322;21;0;2;3;1;1
202300050859;155 590 325;7;0;2;2;13;1
202300050860;155 590 321;7;0;0;9;0;0
202300050861;155 590 320;31;0;0;0;0;1
202300050862;155 590 318;7;0;2;2;0;1
202300050862;155 590 319;60;0;2;1;19;5
202300050863;155 590 316;33;0;6;1;21;1
202300050864;155 590 315;33;0;2;2;15;1
202300050864;155 590 317;7;0;2;3;1;1
202300050865;155 590 313;30;0;2;2;12;1
202300050865;155 590 314;30;0;2;2;2;3
202300050866;155 590 311;7;0;1;1;14;1
202300050867;155 590 310;2;0;2;1;2;1
202300050867;155 590 312;10;0;2;3;26;1
202300050868;155 590 309;40;0;0;0;1;3
202300050869;155 590 308;7;0;1;2;1;1
202300050870;155 590 305;7;0;2;1;13;1
202300050870;155 590 306;7;0;2;0;1;0
202300050871;155 590 304;7;0;2;2;19;1
202300050871;155 590 307;7;0;2;3;0;1
202300050872;155 590 302;10;0;2;3;1;1
202300050872;155 590 303;10;0;2;8;1;1
202300050873;155 590 299;7;0;2;0;0;1
202300050873;155 590 301;2;0;2;1;1;1
202300050874;155 590 297;7;1;0;1;14;1
202300050875;155 590 298;1;0;2;4;1;5
202300050875;155 590 300;0;0;2;0;0;0
202300050876;155 590 296;10;9;1;1;1;1
202300050877;155 590 295;7;2;0;1;14;1
202300050878;155 590 293;7;0;2;1;13;1
202300050878;155 590 294;10;0;2;1;1;1
202300050879;155 590 291;33;0;0;9;1;1
202300050880;155 590 290;7;0;2;4;11;1
202300050880;155 590 292;50;0;2;1;1;3
202300050881;155 590 288;7;0;2;3;15;1
202300050881;155 590 289;2;0;2;1;1;1
202300050882;155 590 285;80;0;2;1;13;3
202300050882;155 590 287;7;0;2;3;1;1
202300050883;155 590 283;7;0;2;4;2;1
202300050883;155 590 284;7;0;0;4;2;1
202300050883;155 590 286;7;0;2;1;2;1
202300050884;155 590 281;1;6;0;0;0;5
202300050884;155 590 282;0;0;0;0;1;1
202300050885;155 590 279;2;0;2;0;13;1
202300050885;155 590 280;7;0;2;2;17;1
202300050886;155 590 277;7;0;1;1;2;1
202300050887;155 590 276;7;0;2;1;1;1
202300050887;155 590 278;7;0;2;7;10;1
202300050888;155 590 271;99;0;1;0;0;0
202300050889;155 590 270;7;0;0;2;23;1
202300050889;155 590 272;7;12;2;3;6;1
202300050889;155 590 274;7;0;0;6;1;1
202300050890;155 590 269;2;0;6;1;1;1
202300050891;155 590 268;37;0;1;0;16;1
202300050892;155 590 266;2;0;2;1;1;1
202300050892;155 590 267;7;0;2;7;15;1
202300050893;155 590 264;7;9;0;1;13;1
202300050894;155 590 263;30;0;2;8;15;1
202300050894;155 590 265;7;0;2;1;17;1
202300050895;155 590 262;7;13;0;0;1;1
202300050896;155 590 260;7;13;0;1;0;1
202300050897;155 590 256;7;0;2;1;1;1
202300050897;155 590 257;7;0;0;4;2;1
202300050897;155 590 259;7;0;0;5;2;1
202300050898;155 590 258;7;0;2;2;15;1
202300050898;155 590 261;33;0;2;1;1;1
202300050899;155 590 254;7;0;2;3;15;1
202300050899;155 590 255;2;0;2;1;17;1
202300050900;155 590 251;7;0;2;1;1;1
202300050900;155 590 253;7;0;2;8;15;1
202300050901;155 590 250;7;0;1;1;1;1
202300050902;155 590 248;7;0;2;9;19;0
202300050902;155 590 249;7;0;2;1;19;0
202300050903;155 590 247;80;0;6;1;1;3
202300050904;155 590 246;32;0;0;7;16;0
202300050905;155 590 244;7;2;0;2;2;1
202300050906;155 590 242;7;0;2;3;19;1
202300050906;155 590 245;7;0;2;2;1;1
202300050907;155 590 243;7;12;0;1;16;1
202300050908;155 590 239;2;0;0;7;1;1
202300050909;155 590 237;50;0;2;3;0;3
202300050909;155 590 238;7;0;2;2;16;1
202300050910;155 590 234;2;0;2;2;1;1
202300050910;155 590 236;7;0;2;3;9;1
202300050911;155 590 232;7;1;0;7;15;1
202300050911;155 590 233;7;0;2;1;1;1
202300050911;155 590 235;7;0;0;3;23;1
202300050912;155 590 230;7;0;1;3;1;1
202300050913;155 590 231;31;0;0;8;1;1
202300050914;155 590 229;33;13;0;8;1;1
202300050915;155 590 228;7;0;1;2;15;0
202300050916;155 590 226;7;0;0;3;15;1
202300050916;155 590 227;31;1;2;1;17;1
202300050917;155 590 225;37;5;0;3;0;1
202300050918;155 590 224;33;13;0;8;1;1
202300050919;155 590 223;7;13;0;3;2;1
202300050920;155 590 222;33;16;0;3;13;1
202300050921;155 590 219;7;0;0;7;15;1
202300050922;155 590 218;33;0;1;0;1;1
202300050923;155 590 216;30;0;2;1;1;1
202300050923;155 590 217;7;0;2;3;16;1
202300050924;155 590 215;7;6;0;2;1;1
202300050925;155 590 213;7;2;0;2;14;1
202300050926;155 590 210;2;0;0;2;11;1
202300050926;155 590 211;7;0;2;3;1;1
202300050927;155 590 212;1;0;2;1;1;5
202300050927;155 590 214;7;0;2;2;15;1
202300050928;155 590 208;7;13;9;1;2;0
202300050929;155 590 206;1;0;2;1;11;5
202300050929;155 590 207;7;0;9;3;2;6
202300050930;155 590 205;7;15;0;1;2;0
202300050931;155 590 200;7;0;2;1;1;3
202300050931;155 590 201;7;0;2;4;1;1
202300050931;155 590 202;10;0;2;1;1;1
202300050931;155 590 203;7;0;2;4;1;2
202300050931;155 590 204;7;0;2;4;1;1
202300050932;155 590 198;7;0;2;4;1;1
202300050932;155 590 199;7;0;2;1;14;1
202300050933;155 590 196;7;4;2;1;1;1
202300050933;155 590 197;15;0;2;6;1;1
202300050934;155 590 193;10;0;2;2;12;1
202300050934;155 590 194;7;0;2;1;1;2
202300050934;155 590 195;7;0;2;8;0;1
202300050935;155 590 191;7;0;2;3;11;1
202300050935;155 590 192;33;0;2;2;3;1
202300050936;155 590 190;10;4;0;3;1;1
202300050937;155 590 189;14;6;0;1;1;1
202300050938;155 590 186;7;0;2;4;2;1
202300050938;155 590 187;7;0;2;1;2;1
202300050938;155 590 188;7;0;2;1;2;1
202300050939;155 590 185;7;4;0;1;1;1
202300050940;155 590 183;7;0;2;6;1;1
202300050940;155 590 184;7;0;2;2;1;1
202300050941;155 590 182;37;0;1;3;1;1
202300050942;155 590 181;7;0;1;1;1;1
202300050943;155 590 180;7;0;1;2;1;1
202300050944;155 590 179;7;0;1;2;1;1
202300050945;155 590 177;7;0;2;1;5;1
202300050945;155 590 178;10;0;2;1;1;1
202300050946;155 590 176;30;0;0;7;16;1
202300050947;155 590 175;7;0;1;3;1;1
202300050948;155 590 173;10;0;2;4;1;1
202300050948;155 590 174;7;0;2;2;1;1
202300050949;155 590 169;7;0;2;4;2;2
202300050949;155 590 170;7;0;5;4;2;1
202300050949;155 590 171;7;0;2;1;2;1
202300050949;155 590 172;7;0;2;1;2;1
202300050950;155 590 167;7;0;2;3;0;1
202300050950;155 590 168;31;0;2;3;6;1
202300050951;155 590 164;7;0;2;2;15;1
202300050951;155 590 165;33;0;2;1;1;6
202300050952;155 590 163;37;0;1;5;0;1
202300050953;155 590 161;2;0;2;2;1;1
202300050953;155 590 162;10;0;2;3;15;3
202300050954;155 590 160;10;0;1;2;1;1
202300050955;155 590 158;7;0;2;1;19;1
202300050955;155 590 159;7;0;2;2;0;1
202300050956;155 590 156;7;0;2;6;15;1
202300050956;155 590 157;2;0;2;1;1;1
202300050957;155 590 153;7;1;2;1;2;1
202300050957;155 590 154;7;1;2;1;0;1
202300050957;155 590 155;7;14;2;2;1;1
202300050958;155 590 151;33;0;2;1;1;1
202300050958;155 590 152;7;0;2;3;9;1
202300050959;155 590 149;7;0;2;2;26;1
202300050959;155 590 150;7;0;2;6;23;1
202300050960;155 590 144;2;11;0;1;13;1
202300050961;155 590 142;1;0;2;8;19;5
202300050961;155 590 143;7;0;2;1;1;1
202300050962;155 590 141;10;0;1;1;1;0
202300050963;155 590 140;30;0;2;7;21;1
202300050964;155 590 138;7;0;2;8;15;1
202300050964;155 590 139;7;0;2;1;1;1
202300050965;155 590 137;10;0;1;2;1;1
202300050966;155 590 135;31;0;2;2;9;1
202300050966;155 590 136;7;0;2;1;9;1
202300050967;155 590 133;7;0;2;1;1;1
202300050967;155 590 134;7;0;2;4;20;1
202300050968;155 590 131;7;0;2;8;1;1
202300050968;155 590 132;7;2;2;9;17;1
202300050969;155 590 129;7;0;2;1;2;1
202300050969;155 590 130;7;0;2;4;2;1
202300050970;155 590 128;7;0;1;1;26;0
202300050971;155 590 126;7;10;0;3;1;1
202300050971;155 590 127;50;10;2;8;19;3
202300050972;155 590 125;50;0;1;1;1;3
202300050973;155 590 123;7;0;2;1;1;1
202300050973;155 590 124;7;0;2;7;13;1
202300050974;155 590 122;50;0;0;0;1;3
202300050975;155 590 120;7;0;2;3;1;1
202300050975;155 590 121;50;0;2;0;1;3
202300050976;155 590 118;7;1;0;2;1;1
202300050976;155 590 119;7;0;2;6;0;0
202300050977;155 590 116;1;0;2;8;13;5
202300050977;155 590 117;7;0;9;2;13;1
202300050978;155 590 115;15;6;0;3;1;1
202300050979;155 590 114;7;0;1;1;1;1
202300050980;155 590 112;7;16;2;5;26;1
202300050980;155 590 113;7;0;2;1;1;1
202300050981;155 590 111;10;0;1;4;4;1
202300050982;155 590 109;7;0;2;3;9;1
202300050982;155 590 110;1;0;2;8;9;5
202300050983;155 590 108;7;0;0;9;11;0
202300050984;155 590 104;15;0;2;3;15;1
202300050984;155 590 105;34;0;2;1;17;1
202300050985;155 590 102;7;0;2;7;13;1
202300050985;155 590 103;17;0;2;1;1;1
202300050986;155 590 101;7;2;0;1;1;1
202300050987;155 590 100;7;2;0;3;1;1
202300050988;155 590 098;7;0;2;2;0;1
202300050988;155 590 099;7;0;2;4;1;1
202300050989;155 590 096;21;0;2;3;1;1
202300050989;155 590 097;10;0;2;2;13;1
202300050990;155 590 094;7;0;2;1;17;1
202300050990;155 590 095;7;0;2;1;1;0
202300050991;155 590 093;14;0;1;2;1;1
202300050992;155 590 092;7;3;0;1;21;1
202300050993;155 590 091;7;2;0;1;13;1
202300050994;155 590 088;3;0;2;2;15;0