Num_Acc;id_vehicule;categorie_vehicule;obstacle_fixe;obstacle_mobile;point_choc_initial;manoeuvre_principale;motorisation
202300050994;155 590 089;7;0;2;3;1;1
202300050994;155 590 090;7;0;2;1;23;1
202300050995;155 590 086;7;0;2;3;1;1
202300050995;155 590 087;7;0;2;3;1;1
202300050996;155 590 084;7;0;2;2;15;0
202300050996;155 590 085;36;0;2;3;1;1
202300050997;155 590 082;7;0;2;2;1;1
202300050997;155 590 083;2;0;2;1;1;3
202300050998;155 590 081;10;6;0;1;1;1
202300050999;155 590 080;7;0;1;1;1;0
202300051000;155 590 077;50;0;2;7;9;3
202300051000;155 590 079;7;0;2;1;9;1
202300051001;155 590 076;7;0;2;3;9;1
202300051001;155 590 078;33;0;2;1;1;1
202300051002;155 590 074;7;0;2;2;1;0
202300051002;155 590 075;1;0;2;1;19;5
202300051003;155 590 072;7;0;0;3;9;1
202300051003;155 590 073;7;15;0;7;19;1
202300051004;155 590 071;1;0;2;2;19;5
202300051005;155 590 068;7;0;1;1;1;1
202300051006;155 590 067;7;0;2;9;9;1
202300051006;155 590 069;7;0;2;9;2;1
202300051006;155 590 070;7;0;2;9;1;1
202300051007;155 590 066;7;0;1;1;15;1
202300051008;155 590 064;15;0;2;7;1;1
202300051008;155 590 065;7;4;2;8;17;1
202300051009;155 590 063;7;2;0;2;13;1
202300051010;155 590 061;7;0;2;0;0;1
202300051010;155 590 062;7;0;2;0;0;1
202300051011;155 590 060;7;13;0;1;2;1
202300051012;155 590 058;7;0;2;4;1;1
202300051012;155 590 059;30;0;2;1;1;1
202300051013;155 590 057;7;13;0;1;0;1
202300051014;155 590 056;43;0;1;1;1;1
202300051015;155 590 054;33;0;2;1;1;1
202300051015;155 590 055;7;0;2;7;15;1
202300051016;155 590 053;7;1;0;5;1;1
202300051017;155 590 051;43;0;2;1;15;1
202300051017;155 590 052;7;0;2;3;15;1
202300051018;155 590 048;7;0;0;1;0;1
202300051018;155 590 050;34;0;2;7;3;1
202300051019;155 590 047;7;0;2;3;15;1
202300051019;155 590 049;2;0;2;1;1;1
202300051020;155 590 045;34;0;2;1;0;1
202300051020;155 590 046;7;0;2;3;0;1
202300051021;155 590 042;33;0;2;1;1;1
202300051021;155 590 044;7;0;2;7;15;3
202300051022;155 590 041;33;0;2;1;17;1
202300051022;155 590 043;7;0;2;6;17;1
202300051023;155 590 039;10;0;2;3;15;1
202300051023;155 590 040;34;3;2;2;1;1
202300051024;155 590 037;2;3;0;8;13;1
202300051025;155 590 036;7;0;2;6;15;1
202300051025;155 590 038;1;0;2;1;1;5
202300051026;155 590 035;7;0;1;2;19;1
202300051027;155 590 030;7;0;2;3;21;0
202300051027;155 590 033;10;0;2;4;26;0
202300051028;155 590 031;1;0;2;8;13;5
202300051028;155 590 034;1;0;2;7;17;5
202300051029;155 590 029;7;0;2;3;1;1
202300051029;155 590 032;7;0;2;1;1;1
202300051030;155 590 028;7;6;0;1;1;1
202300051031;155 590 025;33;0;2;5;15;1
202300051031;155 590 027;50;0;2;8;1;3
202300051032;155 590 026;7;0;2;2;15;1
202300051033;155 590 022;10;0;2;2;9;1
202300051033;155 590 024;2;0;2;1;1;1
202300051034;155 590 019;30;0;2;3;15;1
202300051034;155 590 021;30;0;2;1;1;1
202300051035;155 590 020;60;0;0;0;5;5
202300051035;155 590 023;7;0;2;3;15;1
202300051036;155 590 015;7;0;2;3;15;4
202300051036;155 590 016;34;0;2;1;15;4
202300051037;155 590 017;7;0;2;5;15;1
202300051037;155 590 018;2;0;2;1;1;1
202300051038;155 590 014;7;0;1;2;1;1
202300051039;155 590 011;30;0;0;0;26;1
202300051040;155 590 009;7;1;2;2;26;1
202300051040;155 590 012;7;1;2;6;23;1
202300051040;155 590 013;7;1;0;6;26;1
202300051041;155 590 008;7;0;1;1;15;1
202300051041;155 590 010;7;0;2;2;15;1
202300051042;155 590 005;33;0;2;1;1;1
202300051042;155 590 006;7;0;2;8;10;1
202300051043;155 590 004;7;0;2;2;1;3
202300051043;155 590 007;50;0;2;8;19;3
202300051044;155 590 001;7;0;2;3;15;1
202300051044;155 590 003;50;0;2;1;1;3
202300051045;155 589 999;3;0;2;3;15;0
202300051045;155 590 000;31;0;2;2;0;0
202300051046;155 589 998;7;0;2;3;1;1
202300051046;155 590 002;7;0;2;7;10;1
202300051047;155 589 996;7;0;2;2;20;1
202300051047;155 589 997;1;1;2;4;21;5
202300051048;155 589 994;7;3;0;9;1;2
202300051049;155 589 993;7;0;2;1;1;1
202300051049;155 589 995;7;0;2;4;23;1
202300051050;155 589 988;7;0;2;3;15;0
202300051050;155 589 992;31;0;2;7;1;1
202300051051;155 589 989;7;0;2;3;11;1
202300051051;155 589 991;50;0;2;2;17;3
202300051052;155 589 987;7;0;2;1;26;1
202300051052;155 589 990;7;2;2;1;0;1
202300051053;155 589 984;30;0;2;1;1;1
202300051053;155 589 986;1;0;2;4;19;5
202300051054;155 589 983;7;0;1;2;21;1
202300051055;155 589 981;33;0;2;1;3;1
202300051055;155 589 982;7;0;2;4;1;1
202300051055;155 589 985;7;0;2;7;1;1
202300051056;155 589 979;33;0;0;0;1;1
202300051057;155 589 977;1;8;1;1;1;5
202300051058;155 589 978;7;0;2;3;15;1
202300051058;155 589 980;2;0;2;2;1;1
202300051059;155 589 973;33;0;1;1;1;1
202300051060;155 589 970;7;0;2;4;1;1
202300051060;155 589 972;7;0;2;4;1;1
202300051060;155 589 975;7;0;2;1;2;1
202300051060;155 589 976;7;0;2;4;1;1
202300051061;155 589 969;7;0;0;5;15;1
202300051061;155 589 971;31;0;2;1;1;1
202300051062;155 589 967;31;0;1;0;1;1
202300051063;155 589 963;7;0;2;4;1;1
202300051063;155 589 965;7;0;2;4;0;1
202300051063;155 589 968;7;0;2;3;11;1
202300051064;155 589 962;33;0;0;8;1;1
202300051065;155 589 957;13;0;1;1;1;1
202300051066;155 589 955;7;0;2;6;13;1
202300051066;155 589 958;7;0;2;1;1;1
202300051066;155 589 960;10;0;2;3;1;1
202300051066;155 589 961;7;0;2;5;2;0
202300051067;155 589 956;7;0;0;8;23;1
202300051067;155 589 959;7;1;0;7;22;1
202300051068;155 589 953;32;1;1;1;1;1
202300051068;155 589 954;7;0;2;2;0;0
202300051069;155 589 950;10;0;2;1;2;1
202300051069;155 589 951;7;0;0;0;13;0
202300051069;155 589 952;7;0;0;4;2;1
202300051070;155 589 948;7;0;1;2;1;1
202300051071;155 589 947;7;0;2;3;0;1
202300051071;155 589 949;7;0;2;7;1;1
202300051072;155 589 946;43;0;0;7;1;1
202300051073;155 589 942;7;0;2;1;1;1
202300051073;155 589 945;10;0;2;5;2;1
202300051074;155 589 943;2;12;0;8;16;1
202300051075;155 589 941;7;0;2;1;0;3
202300051075;155 589 944;7;0;2;4;0;1
202300051076;155 589 940;7;0;1;2;16;1
202300051077;155 589 938;36;0;0;0;26;1
202300051078;155 589 934;50;0;2;1;18;3
202300051078;155 589 935;7;0;2;2;16;1
202300051079;155 589 932;7;0;0;7;5;1
202300051080;155 589 929;7;0;2;1;2;1
202300051080;155 589 931;7;0;2;4;1;1
202300051080;155 589 933;7;0;2;4;1;1
202300051080;155 589 936;7;0;2;4;1;1
202300051080;155 589 937;7;0;2;4;1;1
202300051080;155 589 939;7;0;2;4;1;1
202300051081;155 589 927;7;0;2;0;26;1
202300051081;155 589 930;7;0;2;0;0;1
202300051082;155 589 924;7;4;0;1;14;1
202300051083;155 589 923;10;0;2;3;21;1
202300051083;155 589 925;30;0;2;1;0;1
202300051084;155 589 922;7;0;2;3;21;1
202300051084;155 589 926;7;0;2;1;1;1
202300051084;155 589 928;7;0;0;6;9;1
202300051085;155 589 919;7;0;2;3;1;1
202300051085;155 589 921;10;0;2;8;1;1
202300051086;155 589 916;7;0;2;4;1;1
202300051086;155 589 920;7;0;2;9;1;1
202300051087;155 589 914;7;0;0;6;23;1
202300051087;155 589 917;7;0;2;1;5;1
202300051087;155 589 918;7;0;2;1;1;1
202300051088;155 589 913;7;8;2;1;13;0
202300051088;155 589 915;7;0;2;6;1;2
202300051089;155 589 912;7;4;0;1;1;1
202300051090;155 589 910;7;13;0;0;1;1
202300051091;155 589 909;7;12;0;8;15;1
202300051091;155 589 911;30;12;0;1;2;0
202300051092;155 589 905;99;0;2;4;1;1
202300051092;155 589 907;7;0;2;1;2;1
202300051092;155 589 908;7;0;2;2;1;1
202300051093;155 589 904;7;4;0;0;0;1
202300051094;155 589 903;7;0;2;3;16;1
202300051094;155 589 906;1;0;2;1;1;5
202300051095;155 589 902;7;2;0;1;1;0
202300051096;155 589 901;7;4;0;1;0;1
202300051097;155 589 899;7;0;2;7;16;1
202300051097;155 589 900;37;0;2;3;1;1
202300051098;155 589 898;1;0;0;8;1;5
202300051099;155 589 896;7;0;2;2;14;1
202300051100;155 589 895;33;0;2;1;14;1
202300051100;155 589 897;7;0;2;4;1;1
202300051101;155 589 893;10;9;0;1;1;1
202300051102;155 589 894;7;0;1;8;15;3
202300051103;155 589 887;7;0;2;1;2;1
202300051103;155 589 890;7;0;2;1;2;1
202300051103;155 589 891;7;0;2;1;2;3
202300051103;155 589 892;7;0;2;4;1;2
202300051104;155 589 885;31;0;2;8;1;1
202300051104;155 589 888;10;0;2;8;1;1
202300051105;155 589 883;10;0;2;1;1;1
202300051105;155 589 884;7;0;2;4;1;1
202300051106;155 589 882;7;8;0;7;1;1
202300051107;155 589 881;10;0;1;1;15;1
202300051108;155 589 879;7;11;0;1;1;1
202300051109;155 589 875;7;4;2;2;1;1
202300051109;155 589 877;7;4;2;1;1;1
202300051109;155 589 878;7;4;2;2;1;1
202300051109;155 589 880;7;4;2;6;1;1
202300051110;155 589 874;7;6;0;1;1;1
202300051111;155 589 871;7;4;0;2;1;1
202300051112;155 589 870;7;0;2;1;1;1
202300051112;155 589 872;1;0;2;4;1;5
202300051112;155 589 873;1;0;2;4;1;5
202300051112;155 589 876;1;0;2;4;1;5
202300051113;155 589 868;7;4;0;4;1;1
202300051114;155 589 865;80;0;1;7;0;3
202300051115;155 589 866;33;0;0;2;2;1
202300051115;155 589 869;31;0;0;3;1;1
202300051116;155 589 864;31;0;2;1;1;1
202300051116;155 589 867;7;0;2;2;1;1
202300051117;155 589 861;33;0;0;0;21;1
202300051118;155 589 860;7;0;2;7;19;1
202300051118;155 589 863;7;0;2;1;1;1
202300051119;155 589 859;1;0;2;1;15;5
202300051119;155 589 862;2;0;9;0;14;1
202300051120;155 589 857;10;0;2;1;1;1
202300051120;155 589 858;37;0;2;4;23;1
202300051121;155 589 855;7;2;0;1;1;1
202300051122;155 589 851;80;0;1;1;1;3
202300051123;155 589 852;32;0;2;5;23;1
202300051123;155 589 854;10;0;2;1;26;1
202300051124;155 589 848;31;0;2;7;2;1
202300051124;155 589 849;7;0;2;2;0;1
202300051125;155 589 847;7;0;2;3;1;1
202300051125;155 589 850;2;0;2;1;13;1
202300051126;155 589 846;7;0;1;3;1;1
202300051127;155 589 845;7;0;1;1;1;1
202300051128;155 589 843;7;0;2;1;15;0
202300051128;155 589 844;50;0;2;1;1;3
202300051129;155 589 841;7;2;0;7;1;1
202300051130;155 589 840;7;13;0;1;1;1
202300051131;155 589 839;2;0;2;8;16;1
202300051131;155 589 842;7;0;2;2;15;1
202300051132;155 589 837;7;0;0;0;1;2
202300051133;155 589 835;7;0;2;4;1;1
202300051133;155 589 838;50;0;0;4;19;3
202300051134;155 589 836;7;0;0;2;14;1
202300051135;155 589 831;37;0;1;2;1;0
202300051136;155 589 830;7;0;2;1;1;1
202300051136;155 589 832;7;0;2;1;5;1
202300051137;155 589 829;7;0;0;4;26;1
202300051137;155 589 833;33;0;2;1;1;1
202300051138;155 589 828;7;0;2;1;1;1
202300051138;155 589 834;7;0;2;8;15;1
202300051139;155 589 825;1;0;2;8;1;5
202300051139;155 589 827;7;0;2;2;15;1
202300051140;155 589 823;33;0;6;1;1;1
202300051141;155 589 822;0;0;0;1;1;0
202300051141;155 589 826;7;0;0;3;16;1
202300051142;155 589 821;7;0;2;1;13;1
202300051142;155 589 824;7;0;2;1;1;1
202300051143;155 589 818;33;0;0;0;13;1
202300051144;155 589 817;43;0;2;2;1;1
202300051144;155 589 820;1;0;2;3;1;5
202300051145;155 589 816;2;0;2;1;1;1
202300051145;155 589 819;7;0;2;2;15;1
202300051146;155 589 813;37;0;2;1;24;1
202300051146;155 589 815;7;1;2;1;5;1
202300051147;155 589 812;33;0;2;1;13;1
202300051147;155 589 814;7;0;9;3;0;1
202300051148;155 589 810;2;0;1;0;2;1
202300051149;155 589 811;7;0;1;2;1;1
202300051150;155 589 809;1;0;0;0;1;5
202300051151;155 589 807;50;0;2;1;1;3
202300051151;155 589 808;7;0;2;8;1;1
202300051152;155 589 803;7;0;2;1;2;1
202300051152;155 589 806;7;0;2;4;2;1
202300051153;155 589 802;7;0;2;7;15;1
202300051153;155 589 804;33;0;2;8;1;1
202300051154;155 589 801;7;0;1;2;1;1
202300051155;155 589 800;33;0;2;1;1;1
202300051155;155 589 805;32;0;2;3;5;0
202300051156;155 589 799;7;10;0;1;1;1
202300051157;155 589 795;7;0;2;1;2;1
202300051157;155 589 797;2;0;2;4;23;1
202300051158;155 589 794;33;0;0;3;0;0
202300051159;155 589 793;7;0;1;3;15;1
202300051160;155 589 791;7;0;2;4;23;1
202300051160;155 589 792;7;0;2;1;2;1
202300051160;155 589 796;7;0;2;4;23;1
202300051160;155 589 798;7;0;2;4;23;1
202300051161;155 589 787;7;6;0;1;14;1
202300051162;155 589 785;31;0;2;1;1;1
202300051162;155 589 788;7;0;2;2;15;1
202300051163;155 589 784;7;0;2;9;21;1
202300051163;155 589 790;7;0;2;1;0;1
202300051164;155 589 782;7;13;0;1;13;1
202300051165;155 589 780;7;0;2;1;1;1
202300051165;155 589 786;7;0;2;2;15;1
202300051166;155 589 777;34;14;9;3;1;1
202300051166;155 589 781;50;0;2;2;19;3
202300051167;155 589 776;10;0;2;3;1;1
202300051167;155 589 779;7;0;2;3;17;1
202300051167;155 589 783;7;0;2;3;1;1
202300051167;155 589 789;10;0;2;6;2;1
202300051168;155 589 775;7;1;0;2;14;1
202300051169;155 589 774;7;8;2;3;21;1
202300051169;155 589 778;33;0;2;4;23;1
202300051170;155 589 773;7;13;0;2;1;1
202300051171;155 589 770;7;2;0;1;1;1
202300051172;155 589 769;7;0;2;1;1;3
202300051172;155 589 772;7;0;2;1;1;1
202300051173;155 589 765;7;0;2;3;10;1
202300051173;155 589 768;32;0;2;1;1;1
202300051174;155 589 764;33;0;2;7;17;1
202300051174;155 589 766;15;0;2;3;15;1
202300051175;155 589 762;7;0;1;1;1;1
202300051176;155 589 761;7;0;2;3;13;1
202300051176;155 589 763;10;0;2;3;1;1
202300051177;155 589 759;10;2;0;1;2;1
202300051178;155 589 757;1;0;2;1;12;5
202300051178;155 589 758;7;0;2;1;1;1
202300051179;155 589 756;7;0;2;3;1;1
202300051179;155 589 760;7;0;2;3;1;1
202300051180;155 589 753;33;0;0;3;1;1
202300051181;155 589 750;50;0;2;1;9;3
202300051181;155 589 754;7;0;2;2;1;1
202300051182;155 589 748;36;6;0;2;2;1
202300051183;155 589 747;7;0;2;3;15;1
202300051183;155 589 749;7;0;2;2;16;1
202300051184;155 589 746;7;0;2;2;1;0
202300051184;155 589 751;7;0;2;1;16;0
202300051185;155 589 745;7;0;1;0;1;1
202300051186;155 589 740;7;0;2;4;1;1
202300051186;155 589 744;7;0;2;1;1;1
202300051187;155 589 738;2;0;2;1;1;1
202300051187;155 589 742;33;0;2;1;1;1
202300051188;155 589 736;7;1;0;3;17;1
202300051189;155 589 735;3;0;2;1;13;1
202300051189;155 589 741;15;0;2;3;1;1
202300051189;155 589 743;3;0;2;1;1;1
202300051190;155 589 733;7;0;2;1;1;1
202300051190;155 589 739;7;0;2;3;26;1
202300051191;155 589 731;7;0;2;2;0;1
202300051191;155 589 732;30;0;2;1;1;1
202300051192;155 589 730;33;3;0;2;1;1
202300051193;155 589 728;37;0;2;3;1;2
202300051193;155 589 734;7;0;2;3;23;1
202300051193;155 589 737;10;0;2;2;12;1
202300051194;155 589 727;7;0;1;2;16;1
202300051195;155 589 726;1;0;9;1;1;5
202300051195;155 589 729;10;0;9;3;5;1
202300051196;155 589 723;2;0;2;1;1;1
202300051196;155 589 725;7;0;2;1;1;1
202300051197;155 589 722;34;12;0;1;1;1
202300051198;155 589 717;7;0;9;2;1;1
202300051198;155 589 720;50;0;2;3;16;3
202300051199;155 589 716;15;0;2;3;1;0
202300051199;155 589 719;10;0;2;5;12;0
202300051200;155 589 715;7;0;2;1;13;1
202300051200;155 589 718;7;0;2;3;1;1
202300051201;155 589 710;1;0;2;0;0;5
202300051201;155 589 714;7;0;2;3;9;1
202300051202;155 589 711;2;0;2;3;2;1
202300051203;155 589 708;7;2;0;3;13;1
202300051204;155 589 704;7;0;2;1;1;1
202300051204;155 589 707;7;0;2;8;9;1
202300051205;155 589 706;7;0;2;4;23;1
202300051205;155 589 709;7;0;2;1;2;1
202300051206;155 589 701;34;0;2;1;1;1
202300051206;155 589 705;10;0;2;1;1;1
202300051206;155 589 712;10;0;2;3;17;1
202300051207;155 589 700;10;8;1;9;2;1
202300051208;155 589 703;2;0;0;1;1;1
202300051209;155 589 699;7;0;1;2;1;1
202300051210;155 589 697;33;0;0;0;0;1
202300051211;155 589 696;7;0;2;1;1;1
202300051211;155 589 702;7;0;2;5;13;1
202300051212;155 589 694;7;0;1;2;1;1
202300051213;155 589 691;7;0;2;4;1;1
202300051213;155 589 695;7;0;2;1;1;1
202300051214;155 589 689;7;0;2;1;1;1
202300051214;155 589 693;7;0;0;4;23;1
202300051215;155 589 688;1;0;2;4;1;5
202300051215;155 589 692;7;0;2;2;1;1
202300051216;155 589 687;7;6;0;1;1;1
202300051217;155 589 686;7;0;2;2;1;1
202300051217;155 589 690;7;0;2;5;15;1
202300051217;155 589 698;7;0;2;3;23;1
202300051218;155 589 685;7;0;0;2;14;1
202300051219;155 589 681;7;0;1;2;1;1
202300051220;155 589 682;33;4;0;1;2;1
202300051220;155 589 683;33;4;0;4;1;1
202300051221;155 589 678;7;0;2;3;1;2
202300051221;155 589 684;1;0;2;1;1;5
202300051222;155 589 680;7;6;0;1;26;1
202300051223;155 589 677;7;0;2;1;5;1
202300051223;155 589 679;7;0;2;1;1;1
202300051224;155 589 676;7;0;1;1;26;1
202300051225;155 589 675;33;13;0;1;26;1
202300051226;155 589 671;7;0;0;1;26;1
202300051227;155 589 670;31;0;2;7;17;1
202300051227;155 589 673;7;0;2;8;15;1
202300051228;155 589 668;7;0;2;3;1;1
202300051228;155 589 672;7;0;2;3;1;1
202300051228;155 589 674;32;0;2;3;1;1
202300051229;155 589 669;7;13;0;2;1;1
202300051230;155 589 667;7;0;1;1;0;0
202300051231;155 589 666;7;0;0;3;1;1
202300051232;155 589 662;7;0;2;1;2;1
202300051232;155 589 665;7;0;2;5;1;1
202300051233;155 589 660;7;0;2;7;13;1
202300051233;155 589 663;50;0;2;8;0;3
202300051234;155 589 657;7;0;1;2;1;0
202300051235;155 589 659;7;0;2;6;2;1
202300051235;155 589 664;31;0;2;1;3;1
202300051236;155 589 655;7;0;2;6;1;1
202300051236;155 589 661;7;0;2;1;13;1
202300051237;155 589 653;7;0;2;1;21;1
202300051237;155 589 656;33;0;2;0;9;1
202300051238;155 589 654;2;0;0;6;15;1
202300051238;155 589 658;10;6;2;1;1;1
202300051239;155 589 650;7;0;9;1;1;1
202300051240;155 589 647;37;0;9;7;1;1
202300051240;155 589 652;1;0;2;1;21;5
202300051241;155 589 642;33;0;2;1;21;1
202300051241;155 589 648;7;0;0;8;0;1
202300051242;155 589 646;10;0;2;1;2;3
202300051242;155 589 651;38;0;2;4;2;1
202300051243;155 589 644;7;0;2;3;2;1
202300051243;155 589 649;7;0;0;5;0;1
202300051244;155 589 640;7;0;2;1;1;1
202300051244;155 589 645;10;0;2;1;2;1
202300051245;155 589 641;7;0;2;2;1;1
202300051245;155 589 643;33;0;2;1;5;1
202300051246;155 589 631;7;0;2;1;1;1
202300051246;155 589 638;7;0;2;1;1;1
202300051247;155 589 635;7;13;0;1;1;1
202300051248;155 589 636;33;0;0;7;3;1
202300051249;155 589 634;7;0;2;1;1;1
202300051249;155 589 639;7;4;0;1;11;1
202300051250;155 589 632;7;0;2;3;1;1
202300051250;155 589 637;7;0;2;2;19;1
202300051251;155 589 630;7;0;1;1;1;1
202300051252;155 589 628;7;1;0;1;1;1
202300051253;155 589 625;33;0;0;0;1;1
202300051254;155 589 623;2;0;2;1;13;1
202300051254;155 589 627;7;0;2;3;1;1
202300051255;155 589 621;7;0;2;1;1;0
202300051255;155 589 629;7;0;2;4;1;0
202300051255;155 589 633;7;0;0;4;1;0
202300051256;155 589 618;7;8;2;1;2;1
202300051256;155 589 622;7;0;1;4;2;1
202300051257;155 589 616;7;0;2;8;15;1
202300051257;155 589 620;33;0;2;1;17;1
202300051258;155 589 615;33;0;2;8;3;1
202300051258;155 589 619;7;0;2;5;1;1
202300051258;155 589 624;7;0;2;3;1;1
202300051258;155 589 626;7;0;2;2;1;1
202300051259;155 589 608;7;0;2;7;19;1
202300051259;155 589 614;7;0;2;1;1;1
202300051260;155 589 605;7;0;2;2;2;1
202300051260;155 589 609;7;0;2;7;2;1
202300051261;155 589 604;7;0;2;4;26;1
202300051261;155 589 611;7;0;2;1;26;1
202300051261;155 589 617;7;2;0;1;1;1
202300051262;155 589 607;7;0;2;3;1;1
202300051262;155 589 610;50;0;2;1;19;3
202300051263;155 589 601;15;0;2;2;1;1
202300051263;155 589 603;7;0;2;8;1;1
202300051264;155 589 600;34;0;2;1;1;1
202300051264;155 589 606;7;0;2;2;1;1
202300051265;155 589 599;7;0;2;4;1;1
202300051265;155 589 602;7;0;2;1;1;1
202300051266;155 589 598;7;16;0;0;1;1
202300051267;155 589 595;7;2;0;1;13;1
202300051268;155 589 594;2;0;0;7;26;1
202300051268;155 589 597;2;0;0;8;0;1
202300051269;155 589 591;7;0;2;4;2;2
202300051269;155 589 593;7;0;2;7;12;1
202300051269;155 589 596;33;0;2;3;3;1
202300051270;155 589 587;40;0;1;1;19;3
202300051271;155 589 589;7;6;0;2;14;1
202300051272;155 589 585;21;8;2;8;15;1
202300051272;155 589 588;7;0;2;1;17;1
202300051273;155 589 586;32;0;2;1;1;1
202300051273;155 589 592;7;0;2;3;9;1
202300051274;155 589 582;7;0;2;3;1;1
202300051274;155 589 584;33;0;2;1;1;1
202300051275;155 589 579;7;0;2;6;14;0
202300051275;155 589 580;7;0;2;3;11;1
202300051275;155 589 583;7;0;2;3;14;1
202300051275;155 589 590;10;0;2;3;14;1
202300051276;155 589 578;7;13;0;3;1;1
202300051277;155 589 577;7;0;1;4;4;1
202300051278;155 589 576;1;0;2;1;13;5
202300051278;155 589 581;43;0;2;3;1;1
202300051279;155 589 570;7;0;1;1;15;0
202300051280;155 589 574;10;0;1;1;1;1
202300051281;155 589 572;2;0;2;7;9;1
202300051281;155 589 575;7;0;2;1;9;1
202300051282;155 589 571;2;0;0;1;14;1
202300051283;155 589 568;7;0;2;1;2;1
202300051283;155 589 573;2;0;2;4;1;1
202300051284;155 589 566;2;0;2;8;1;0
202300051284;155 589 569;7;0;2;0;9;0
202300051285;155 589 564;7;0;2;7;22;0
202300051285;155 589 567;1;0;2;1;1;5
202300051286;155 589 561;7;8;0;4;0;2
202300051286;155 589 565;7;10;2;1;0;1
202300051287;155 589 562;30;13;0;0;1;1
202300051288;155 589 559;7;0;1;3;1;0
202300051289;155 589 558;7;0;2;3;1;1
202300051289;155 589 563;32;0;2;3;1;1
202300051290;155 589 556;7;0;2;8;1;1
202300051290;155 589 560;33;0;2;8;1;1
202300051291;155 589 551;7;0;0;8;13;1
202300051292;155 589 553;7;0;2;3;15;1
202300051292;155 589 557;31;0;2;1;1;1
202300051293;155 589 554;1;0;1;1;1;5
202300051294;155 589 550;15;0;0;6;0;1
202300051294;155 589 555;7;3;0;1;21;1
202300051295;155 589 552;1;0;0;3;1;5
202300051296;155 589 546;1;0;2;4;7;5
202300051296;155 589 549;37;0;2;2;7;2
202300051297;155 589 545;7;0;2;2;13;1
202300051297;155 589 547;7;0;2;3;1;1
202300051298;155 589 542;1;0;2;7;1;5
202300051298;155 589 548;7;0;2;1;1;1
202300051299;155 589 544;7;0;1;3;15;1
202300051300;155 589 540;7;0;2;2;2;1
202300051300;155 589 543;3;0;2;6;2;1
202300051301;155 589 541;7;6;0;1;15;1
202300051302;155 589 539;7;2;0;1;13;1
202300051303;155 589 536;7;0;1;2;1;0
202300051304;155 589 538;33;0;1;1;1;1
202300051305;155 589 532;7;0;2;1;1;1
202300051305;155 589 537;7;0;2;2;1;1
202300051306;155 589 530;7;0;0;3;19;0
202300051306;155 589 534;31;0;2;1;1;0
202300051307;155 589 528;7;0;2;3;1;2
202300051307;155 589 535;7;0;2;2;15;1
202300051308;155 589 531;7;0;1;2;16;1
202300051309;155 589 526;30;0;0;3;0;1
202300051310;155 589 521;7;12;2;9;1;1
202300051310;155 589 527;7;0;2;1;16;1
202300051311;155 589 522;7;0;2;1;2;1
202300051311;155 589 525;10;0;2;1;2;1
202300051311;155 589 529;15;0;2;8;13;1
202300051311;155 589 533;10;0;2;2;14;1
202300051312;155 589 520;10;0;2;5;1;1
202300051312;155 589 524;30;0;2;5;7;1
202300051313;155 589 518;7;0;2;1;0;0
202300051313;155 589 523;7;0;0;8;1;0
202300051314;155 589 517;7;0;1;1;26;1
202300051315;155 589 515;7;12;0;2;1;1
202300051316;155 589 516;2;0;2;7;1;3
202300051316;155 589 519;2;0;2;1;2;1
202300051317;155 589 511;7;13;0;1;0;1
202300051318;155 589 512;7;0;1;1;1;1
202300051319;155 589 509;1;0;2;1;2;5
202300051319;155 589 513;7;0;2;4;23;0
202300051320;155 589 507;7;8;2;8;1;1
202300051320;155 589 514;7;0;2;1;1;1
202300051321;155 589 508;7;0;2;8;9;1
202300051321;155 589 510;2;0;2;7;1;1
202300051322;155 589 502;7;0;2;3;9;1
202300051322;155 589 506;2;0;2;1;12;1
202300051323;155 589 503;7;0;1;3;15;1
202300051324;155 589 499;7;0;2;2;1;1
202300051324;155 589 505;2;0;2;1;5;1
202300051325;155 589 500;50;0;0;0;21;3
202300051326;155 589 497;33;0;2;7;17;1
202300051326;155 589 501;7;0;9;3;1;1
202300051326;155 589 504;7;0;0;0;21;1
202300051327;155 589 495;7;0;2;4;10;1
202300051327;155 589 498;2;0;2;1;17;1
202300051328;155 589 496;36;8;0;1;0;1
202300051329;155 589 491;7;0;9;3;2;1
202300051329;155 589 494;50;0;2;1;1;3
202300051330;155 589 488;31;0;2;1;0;1
202300051330;155 589 492;7;0;2;6;19;1
202300051331;155 589 489;10;0;1;7;1;3
202300051332;155 589 486;2;0;0;0;2;1
202300051332;155 589 490;10;0;0;0;0;1
202300051333;155 589 484;7;0;2;1;16;1
202300051333;155 589 493;1;0;2;7;19;5
202300051334;155 589 485;7;0;0;1;1;0
202300051334;155 589 487;7;0;0;1;1;0
202300051335;155 589 483;7;8;0;8;1;1
202300051336;155 589 479;31;0;2;1;13;1
202300051336;155 589 482;7;0;2;3;1;1
202300051337;155 589 478;7;0;2;3;17;1
202300051337;155 589 481;7;0;2;1;15;1
202300051338;155 589 473;7;0;2;1;1;1
202300051338;155 589 476;7;0;2;4;2;1
202300051339;155 589 472;7;0;2;1;1;1
202300051339;155 589 480;7;0;2;2;19;1
202300051340;155 589 474;7;8;0;2;1;1
202300051341;155 589 471;7;0;2;1;1;1
202300051341;155 589 475;2;0;2;4;1;3