Num_Acc;id_vehicule;categorie_vehicule;obstacle_fixe;obstacle_mobile;point_choc_initial;manoeuvre_principale;motorisation
202300051342;155 589 470;7;3;2;1;2;1
202300051342;155 589 477;7;3;0;4;2;1
202300051343;155 589 468;7;13;0;1;0;1
202300051344;155 589 464;10;0;1;1;1;1
202300051345;155 589 461;10;6;0;4;25;1
202300051346;155 589 460;7;0;2;5;16;1
202300051346;155 589 465;7;0;2;1;1;1
202300051347;155 589 459;7;6;0;1;1;1
202300051348;155 589 458;7;2;2;6;1;2
202300051348;155 589 463;7;0;2;5;1;1
202300051348;155 589 466;7;0;2;2;3;1
202300051349;155 589 457;7;3;0;2;1;1
202300051350;155 589 456;50;0;2;8;13;3
202300051350;155 589 462;7;0;9;7;13;1
202300051351;155 589 455;10;1;0;2;1;3
202300051352;155 589 450;7;0;9;8;18;0
202300051352;155 589 453;1;0;2;5;2;5
202300051353;155 589 449;30;0;2;1;17;1
202300051353;155 589 454;10;0;2;3;10;1
202300051354;155 589 445;10;0;1;1;1;6
202300051355;155 589 448;31;0;1;1;26;1
202300051356;155 589 444;7;0;2;9;17;1
202300051356;155 589 447;7;0;2;6;23;2
202300051356;155 589 452;7;0;2;5;23;2
202300051357;155 589 443;7;0;2;2;15;1
202300051357;155 589 451;10;0;2;3;1;1
202300051358;155 589 441;7;13;0;1;17;1
202300051359;155 589 439;7;0;1;1;1;1
202300051360;155 589 436;50;6;0;1;1;3
202300051361;155 589 435;7;0;4;3;1;1
202300051361;155 589 440;40;0;2;2;1;3
202300051362;155 589 434;7;0;0;0;0;0
202300051362;155 589 438;7;0;0;0;0;0
202300051363;155 589 431;7;6;0;2;1;1
202300051364;155 589 433;1;0;2;1;1;5
202300051364;155 589 437;7;0;0;7;15;1
202300051365;155 589 430;7;0;1;0;0;0
202300051366;155 589 428;7;3;2;2;17;1
202300051366;155 589 432;7;3;2;6;13;1
202300051367;155 589 425;2;0;2;7;0;0
202300051367;155 589 429;7;0;2;7;9;0
202300051368;155 589 424;33;0;2;1;1;1
202300051368;155 589 427;30;0;2;1;1;1
202300051369;155 589 421;7;1;0;2;21;0
202300051369;155 589 426;7;0;2;3;24;0
202300051370;155 589 422;31;0;0;2;16;1
202300051371;155 589 418;7;0;1;1;9;1
202300051372;155 589 420;7;0;2;1;15;1
202300051372;155 589 423;50;0;2;7;1;3
202300051373;155 589 416;33;16;0;7;1;1
202300051374;155 589 414;7;0;2;1;1;1
202300051374;155 589 419;7;0;0;4;1;1
202300051375;155 589 413;7;0;1;3;1;1
202300051376;155 589 412;50;8;0;6;19;3
202300051377;155 589 409;7;0;2;3;16;1
202300051377;155 589 415;7;0;2;3;15;1
202300051378;155 589 408;7;0;2;2;1;0
202300051378;155 589 417;13;0;2;8;19;0
202300051379;155 589 407;7;0;2;6;11;1
202300051379;155 589 411;7;0;2;1;1;1
202300051380;155 589 406;7;0;2;7;1;1
202300051380;155 589 410;30;0;2;8;17;3
202300051381;155 589 403;7;0;1;1;1;0
202300051382;155 589 398;7;2;0;1;14;1
202300051383;155 589 396;7;0;2;2;12;1
202300051383;155 589 405;7;0;9;6;1;1
202300051384;155 589 397;7;0;2;3;15;2
202300051384;155 589 404;60;0;2;8;19;5
202300051385;155 589 400;38;0;1;5;1;0
202300051386;155 589 394;31;0;2;1;1;1
202300051386;155 589 399;7;0;2;3;1;1
202300051386;155 589 402;7;0;2;3;1;1
202300051387;155 589 395;7;0;2;3;15;2
202300051387;155 589 401;7;0;2;2;1;1
202300051388;155 589 389;7;0;1;3;1;1
202300051389;155 589 385;7;0;2;1;15;1
202300051389;155 589 392;32;0;2;1;1;1
202300051390;155 589 386;32;0;1;1;2;1
202300051391;155 589 387;7;0;2;3;5;1
202300051391;155 589 393;7;0;2;3;1;1
202300051392;155 589 384;7;0;2;4;2;1
202300051392;155 589 390;7;0;2;4;17;1
202300051393;155 589 383;7;0;2;2;1;1
202300051393;155 589 391;14;0;2;6;1;1
202300051394;155 589 382;30;0;2;1;1;6
202300051394;155 589 388;7;0;2;6;9;1
202300051395;155 589 375;33;0;2;1;1;1
202300051395;155 589 381;7;0;2;3;9;1
202300051396;155 589 373;7;0;2;3;1;1
202300051396;155 589 377;50;0;2;1;9;3
202300051397;155 589 372;7;0;2;1;1;1
202300051397;155 589 376;7;0;2;5;1;1
202300051397;155 589 380;7;0;2;6;1;1
202300051398;155 589 370;15;0;2;4;1;1
202300051398;155 589 378;10;0;2;1;1;1
202300051399;155 589 371;7;0;2;1;5;1
202300051399;155 589 379;7;0;2;1;1;1
202300051400;155 589 374;32;0;1;3;1;3
202300051401;155 589 367;7;4;2;1;9;1
202300051401;155 589 369;7;0;2;3;1;1
202300051402;155 589 364;10;0;2;3;15;1
202300051402;155 589 366;1;0;2;3;1;5
202300051403;155 589 363;7;0;2;1;1;0
202300051403;155 589 368;7;0;2;4;1;0
202300051404;155 589 362;7;0;2;3;10;1
202300051404;155 589 365;33;0;2;2;17;1
202300051405;155 589 361;7;0;1;0;0;0
202300051406;155 589 359;2;0;0;2;26;1
202300051407;155 589 358;7;2;0;1;15;1
202300051408;155 589 355;30;16;2;1;1;1
202300051408;155 589 356;10;0;2;4;1;1
202300051409;155 589 357;10;9;0;1;1;0
202300051410;155 589 352;7;0;0;1;1;0
202300051411;155 589 354;3;0;2;3;15;1
202300051411;155 589 360;7;0;2;2;1;1
202300051412;155 589 348;7;0;2;5;2;1
202300051412;155 589 351;7;0;2;3;2;1
202300051413;155 589 349;7;13;2;3;1;1
202300051413;155 589 353;7;0;2;3;13;1
202300051414;155 589 346;17;0;2;1;1;1
202300051414;155 589 347;17;0;2;2;13;1
202300051415;155 589 350;7;0;1;3;1;1
202300051416;155 589 344;7;0;1;2;13;1
202300051417;155 589 342;33;0;2;1;1;1
202300051417;155 589 345;7;0;9;2;15;1
202300051418;155 589 341;7;16;0;1;1;1
202300051419;155 589 338;7;8;0;7;0;1
202300051420;155 589 339;31;0;2;1;13;1
202300051420;155 589 343;7;0;2;3;1;0
202300051421;155 589 335;7;0;2;2;13;1
202300051421;155 589 340;7;0;2;2;1;1
202300051422;155 589 331;1;0;2;1;1;5
202300051422;155 589 334;7;0;2;5;15;1
202300051423;155 589 332;7;0;2;3;16;1
202300051423;155 589 337;7;0;2;7;1;1
202300051424;155 589 333;7;0;2;3;11;1
202300051424;155 589 336;43;0;2;1;3;1
202300051425;155 589 325;7;0;0;4;1;1
202300051425;155 589 329;7;0;2;1;1;1
202300051426;155 589 324;7;0;2;1;1;1
202300051426;155 589 330;7;0;2;7;15;1
202300051427;155 589 323;10;0;2;4;1;1
202300051427;155 589 328;33;0;2;1;2;1
202300051428;155 589 326;33;5;0;3;15;0
202300051429;155 589 321;33;0;2;7;1;1
202300051429;155 589 327;7;0;2;1;19;1
202300051430;155 589 320;7;0;1;1;15;0
202300051431;155 589 319;7;0;0;9;14;1
202300051432;155 589 318;33;0;2;2;3;1
202300051432;155 589 322;7;0;2;3;12;0
202300051433;155 589 311;10;0;2;5;1;1
202300051433;155 589 316;31;0;2;1;14;1
202300051434;155 589 309;7;0;2;6;23;0
202300051434;155 589 312;31;1;0;1;2;1
202300051435;155 589 313;7;0;2;8;1;1
202300051435;155 589 317;1;0;2;3;21;5
202300051436;155 589 308;7;16;0;1;1;1
202300051437;155 589 307;10;0;2;3;1;1
202300051437;155 589 315;1;0;2;0;1;5
202300051438;155 589 306;33;0;2;7;1;1
202300051438;155 589 310;7;0;2;8;1;1
202300051439;155 589 305;7;8;2;3;1;1
202300051439;155 589 314;7;0;2;2;9;1
202300051440;155 589 304;7;4;0;2;16;1
202300051441;155 589 301;7;0;0;1;15;1
202300051441;155 589 303;7;0;0;4;15;1
202300051442;155 589 300;33;0;2;1;1;6
202300051442;155 589 302;7;0;2;3;26;6
202300051443;155 589 297;33;0;1;1;1;1
202300051444;155 589 295;1;0;2;1;9;5
202300051444;155 589 299;7;0;9;3;1;1
202300051445;155 589 294;7;0;9;1;16;1
202300051445;155 589 298;50;0;2;7;19;3
202300051446;155 589 291;7;0;2;3;21;1
202300051446;155 589 296;7;0;2;3;21;1
202300051447;155 589 290;99;0;2;3;12;3
202300051447;155 589 292;7;0;9;2;11;1
202300051448;155 589 289;7;6;0;1;1;1
202300051449;155 589 285;15;0;2;1;1;1
202300051449;155 589 288;80;0;2;4;1;3
202300051450;155 589 283;7;0;2;1;2;1
202300051450;155 589 286;1;0;2;1;1;5
202300051451;155 589 281;7;0;2;8;1;1
202300051451;155 589 287;7;0;2;1;1;1
202300051452;155 589 280;1;0;2;4;2;5
202300051452;155 589 284;7;0;2;2;15;1
202300051453;155 589 278;34;0;2;1;1;1
202300051453;155 589 282;7;0;2;1;1;1
202300051454;155 589 275;7;0;1;1;16;2
202300051455;155 589 277;7;0;2;3;15;1
202300051455;155 589 279;7;6;2;1;1;1
202300051456;155 589 271;7;2;0;1;1;1
202300051457;155 589 272;7;0;2;1;2;1
202300051457;155 589 274;7;0;2;4;2;1
202300051457;155 589 293;7;0;2;1;2;1
202300051458;155 589 270;7;2;0;1;13;1
202300051459;155 589 268;7;0;2;3;1;1
202300051459;155 589 276;7;3;0;2;1;1
202300051460;155 589 265;2;13;0;1;1;1
202300051461;155 589 263;1;0;2;8;16;5
202300051461;155 589 266;7;0;2;0;16;3
202300051462;155 589 261;7;4;0;1;2;1
202300051463;155 589 258;7;2;0;0;0;1
202300051463;155 589 264;7;0;0;4;0;1
202300051463;155 589 267;7;0;2;1;0;1
202300051463;155 589 269;7;0;2;1;0;1
202300051463;155 589 273;7;0;2;1;0;1
202300051464;155 589 256;80;0;2;4;1;3
202300051464;155 589 260;0;0;9;1;1;0
202300051465;155 589 257;32;0;2;8;1;1
202300051465;155 589 262;7;0;2;1;15;1
202300051466;155 589 254;7;0;2;3;13;1
202300051466;155 589 259;7;0;2;3;1;1
202300051467;155 589 249;7;0;2;1;16;1
202300051467;155 589 252;1;0;2;3;1;5
202300051468;155 589 246;2;8;2;2;2;1
202300051468;155 589 251;2;0;2;4;2;1
202300051469;155 589 248;7;0;2;1;1;1
202300051469;155 589 255;7;0;2;1;1;1
202300051470;155 589 245;15;0;2;2;12;1
202300051470;155 589 250;7;0;2;6;1;1
202300051470;155 589 253;42;0;2;1;1;1
202300051471;155 589 243;7;0;2;2;15;1
202300051471;155 589 247;1;0;2;0;0;5
202300051472;155 589 244;33;4;0;0;1;1
202300051473;155 589 240;33;0;0;0;1;1
202300051474;155 589 237;10;13;0;2;21;1
202300051475;155 589 235;33;0;2;1;1;1
202300051475;155 589 239;50;0;0;6;19;3
202300051476;155 589 234;7;0;2;8;11;1
202300051476;155 589 238;33;0;2;2;3;1
202300051477;155 589 233;7;0;2;1;13;1
202300051477;155 589 242;7;0;2;1;1;1
202300051478;155 589 232;7;0;2;8;15;1
202300051478;155 589 241;33;0;2;1;1;1
202300051479;155 589 230;7;0;2;0;9;1
202300051479;155 589 236;2;0;2;0;1;1
202300051480;155 589 225;7;0;1;3;1;1
202300051481;155 589 224;31;0;0;8;3;1
202300051482;155 589 228;7;8;2;1;14;1
202300051482;155 589 231;7;0;0;7;23;1
202300051483;155 589 220;7;9;0;0;6;1
202300051484;155 589 221;7;0;2;1;2;1
202300051484;155 589 227;17;0;2;4;1;1
202300051485;155 589 222;1;0;0;2;0;5
202300051486;155 589 223;7;0;2;3;15;1
202300051486;155 589 226;7;0;2;1;1;1
202300051487;155 589 218;7;15;0;1;13;1
202300051488;155 589 215;7;2;0;9;6;1
202300051489;155 589 213;7;0;2;4;23;1
202300051489;155 589 217;7;0;2;4;23;1
202300051489;155 589 219;7;0;2;1;2;1
202300051490;155 589 212;7;0;1;7;1;1
202300051491;155 589 211;7;6;0;1;14;1
202300051492;155 589 210;7;0;9;2;17;1
202300051492;155 589 216;1;0;2;3;15;5
202300051493;155 589 209;7;0;2;7;12;2
202300051493;155 589 214;32;0;2;8;1;1
202300051494;155 589 207;7;0;2;3;2;1
202300051494;155 589 208;1;0;2;3;12;5
202300051495;155 589 205;7;8;0;1;26;1
202300051496;155 589 201;7;6;0;1;0;0
202300051497;155 589 199;7;8;2;1;5;1
202300051497;155 589 202;7;0;2;2;1;1
202300051498;155 589 197;33;0;2;2;1;1
202300051498;155 589 206;7;0;2;3;16;1
202300051499;155 589 200;2;4;2;8;19;1
202300051499;155 589 204;33;8;2;1;17;1
202300051500;155 589 196;50;0;2;8;17;3
202300051500;155 589 203;7;0;2;2;1;1
202300051501;155 589 195;10;0;2;2;15;1
202300051501;155 589 198;2;0;2;1;1;1
202300051502;155 589 190;7;0;1;2;5;1
202300051503;155 589 187;33;0;2;1;1;1
202300051503;155 589 193;7;7;0;2;19;1
202300051504;155 589 189;7;3;2;8;1;1
202300051504;155 589 194;7;3;2;2;17;1
202300051505;155 589 192;7;13;0;1;15;1
202300051506;155 589 184;7;3;2;1;1;1
202300051506;155 589 188;7;0;0;6;1;1
202300051506;155 589 191;7;0;2;1;1;1
202300051507;155 589 186;30;0;1;0;1;0
202300051508;155 589 181;7;13;0;9;0;0
202300051509;155 589 182;7;0;2;2;23;1
202300051509;155 589 185;31;0;2;0;5;1
202300051510;155 589 179;21;0;1;0;1;1
202300051511;155 589 176;7;0;2;3;1;1
202300051511;155 589 180;7;0;2;3;13;1
202300051512;155 589 175;34;0;2;7;17;1
202300051512;155 589 178;7;0;2;8;15;1
202300051513;155 589 174;7;0;2;6;20;1
202300051513;155 589 183;1;1;2;2;1;5
202300051514;155 589 173;7;0;2;8;1;1
202300051514;155 589 177;10;0;2;2;16;1
202300051515;155 589 171;7;0;1;1;15;1
202300051516;155 589 170;10;0;1;1;1;1
202300051517;155 589 168;7;0;2;2;1;1
202300051517;155 589 172;7;0;2;1;1;1
202300051518;155 589 165;2;0;0;2;15;1
202300051518;155 589 169;7;0;2;2;1;1
202300051519;155 589 164;1;0;2;2;1;5
202300051519;155 589 167;7;0;2;3;1;1
202300051520;155 589 162;1;0;2;0;1;5
202300051520;155 589 163;1;0;2;4;1;5
202300051520;155 589 166;1;0;2;1;1;5
202300051521;155 589 161;7;0;1;1;1;1
202300051522;155 589 158;33;0;0;1;13;1
202300051523;155 589 159;7;15;0;1;1;1
202300051524;155 589 160;7;0;1;1;15;1
202300051525;155 589 154;7;3;2;1;1;1
202300051525;155 589 155;7;0;2;1;1;1
202300051526;155 589 156;0;0;1;1;16;0
202300051527;155 589 153;43;0;2;3;1;1
202300051527;155 589 157;7;0;2;5;1;2
202300051528;155 589 151;7;0;1;2;1;1
202300051529;155 589 152;7;0;1;3;15;1
202300051530;155 589 146;7;0;2;1;15;0
202300051530;155 589 147;31;0;2;1;1;0
202300051531;155 589 148;7;0;2;3;13;1
202300051531;155 589 149;7;0;2;3;1;1
202300051532;155 589 142;7;0;2;2;16;2
202300051532;155 589 144;2;0;2;1;1;1
202300051533;155 589 145;7;0;2;3;26;1
202300051533;155 589 150;33;0;2;1;3;1
202300051534;155 589 135;7;0;2;2;1;1
202300051534;155 589 138;7;0;2;3;13;1
202300051534;155 589 140;7;0;2;3;1;1
202300051535;155 589 141;7;2;0;1;13;1
202300051536;155 589 137;2;13;0;7;1;1
202300051537;155 589 132;7;0;2;0;1;1
202300051537;155 589 134;1;0;2;8;1;5
202300051538;155 589 133;37;0;2;7;7;1
202300051538;155 589 139;50;0;2;8;7;3
202300051539;155 589 131;10;10;0;3;14;1
202300051540;155 589 136;7;0;2;1;15;1
202300051540;155 589 143;7;0;2;1;1;1
202300051541;155 589 126;7;8;0;0;0;1
202300051542;155 589 124;7;0;2;3;15;1
202300051542;155 589 127;1;0;2;8;1;5
202300051543;155 589 123;33;12;0;3;1;1
202300051544;155 589 121;7;0;0;7;19;1
202300051544;155 589 130;7;0;2;1;1;1
202300051545;155 589 122;31;0;0;0;1;3
202300051546;155 589 120;7;0;2;2;1;1
202300051546;155 589 128;7;0;2;3;1;1
202300051547;155 589 125;2;0;0;0;17;1
202300051547;155 589 129;7;0;0;0;15;1
202300051548;155 589 117;7;0;0;2;0;1
202300051548;155 589 119;7;0;0;1;26;1
202300051549;155 589 116;7;13;0;9;1;0
202300051550;155 589 114;10;0;2;6;24;0
202300051550;155 589 118;1;1;0;6;2;5
202300051551;155 589 109;7;0;2;3;15;1
202300051551;155 589 113;2;0;2;0;15;1
202300051552;155 589 112;10;0;2;2;1;1
202300051552;155 589 115;7;0;2;6;1;6
202300051553;155 589 105;7;0;1;7;1;1
202300051554;155 589 106;7;0;0;8;15;1
202300051554;155 589 108;2;0;2;2;17;1
202300051555;155 589 110;50;0;0;2;1;3
202300051556;155 589 107;33;0;2;2;1;1
202300051556;155 589 111;37;0;2;6;13;1
202300051557;155 589 104;7;13;0;2;1;1
202300051558;155 589 101;34;0;2;6;1;1
202300051558;155 589 102;7;0;2;0;0;0
202300051559;155 589 097;7;0;2;6;16;1
202300051559;155 589 100;7;0;2;8;1;1
202300051559;155 589 103;7;0;2;1;2;1
202300051560;155 589 098;7;0;2;2;15;2
202300051560;155 589 099;50;0;2;1;1;3
202300051561;155 589 094;7;0;0;4;2;1
202300051561;155 589 096;7;0;2;1;2;1
202300051562;155 589 088;7;0;1;1;1;1
202300051563;155 589 089;1;0;2;1;1;5
202300051563;155 589 090;7;0;2;2;9;1
202300051564;155 589 092;7;0;1;2;1;1
202300051565;155 589 086;7;0;2;1;13;0
202300051565;155 589 095;15;0;2;1;1;1
202300051566;155 589 087;7;2;0;2;14;1
202300051567;155 589 084;7;0;0;7;1;1
202300051567;155 589 085;7;0;2;1;1;1
202300051567;155 589 091;10;0;2;1;1;1
202300051568;155 589 083;7;0;1;1;1;1
202300051569;155 589 093;7;0;1;1;16;1
202300051570;155 589 081;80;0;2;8;15;3
202300051570;155 589 082;43;0;2;1;1;1
202300051571;155 589 078;7;0;1;3;1;1
202300051572;155 589 076;50;0;1;8;1;3
202300051573;155 589 075;7;0;2;3;13;1
202300051573;155 589 080;7;0;2;6;1;1
202300051574;155 589 070;10;1;1;1;1;1
202300051575;155 589 072;33;0;1;1;1;1
202300051576;155 589 077;7;3;0;2;14;1
202300051577;155 589 071;10;0;2;3;13;1
202300051577;155 589 074;7;0;2;3;1;1
202300051578;155 589 067;7;9;0;1;0;1
202300051579;155 589 069;7;0;2;2;15;1
202300051579;155 589 079;7;0;2;7;21;1
202300051580;155 589 065;33;0;0;9;21;1
202300051581;155 589 063;7;0;1;1;1;1
202300051582;155 589 060;10;0;2;2;16;1
202300051582;155 589 062;33;0;2;2;18;1
202300051583;155 589 068;7;0;1;3;1;1
202300051584;155 589 058;10;7;0;2;13;1
202300051585;155 589 056;50;0;1;1;0;3
202300051586;155 589 052;7;0;2;3;13;1
202300051586;155 589 054;34;0;2;2;17;1
202300051587;155 589 049;7;2;0;1;0;1
202300051588;155 589 053;7;0;2;1;5;1
202300051588;155 589 059;7;0;2;1;1;1
202300051589;155 589 055;7;0;2;4;1;1
202300051589;155 589 061;7;0;2;4;1;1
202300051589;155 589 066;10;0;2;4;1;1
202300051589;155 589 073;7;0;2;1;1;1
202300051590;155 589 048;7;0;2;1;1;1
202300051590;155 589 050;50;0;2;2;9;3
202300051591;155 589 044;7;8;0;6;26;1
202300051592;155 589 043;32;0;2;3;19;1
202300051592;155 589 046;7;0;2;3;19;1
202300051593;155 589 042;32;0;1;1;1;1
202300051594;155 589 047;1;0;1;1;1;5
202300051595;155 589 036;7;0;1;0;26;0
202300051596;155 589 037;7;2;0;1;1;1
202300051597;155 589 035;33;1;9;7;17;1
202300051597;155 589 038;1;1;0;6;17;5
202300051598;155 589 039;15;0;0;4;24;1
202300051598;155 589 045;10;1;0;1;1;1
202300051599;155 589 034;10;0;2;8;1;1
202300051599;155 589 040;32;0;2;7;18;1
202300051600;155 589 030;7;0;2;3;5;1
202300051600;155 589 032;7;0;2;3;1;1
202300051601;155 589 022;7;0;1;4;4;1
202300051602;155 589 023;7;0;2;7;2;2
202300051602;155 589 028;7;0;2;2;20;2
202300051603;155 589 018;7;0;2;0;1;1
202300051603;155 589 024;7;0;2;0;1;1
202300051603;155 589 026;33;0;2;0;3;1
202300051604;155 589 025;7;0;2;3;15;1
202300051604;155 589 029;43;0;2;7;17;1
202300051605;155 589 021;7;2;0;1;1;1
202300051606;155 589 017;7;4;0;3;1;1
202300051606;155 589 019;7;13;0;9;1;1
202300051606;155 589 027;7;13;0;9;1;1
202300051607;155 589 014;7;0;1;1;1;1
202300051608;155 589 020;7;12;2;4;23;3
202300051608;155 589 031;7;0;2;3;16;1
202300051608;155 589 033;7;12;2;4;23;1
202300051609;155 589 012;30;0;2;2;1;1
202300051609;155 589 016;7;0;2;8;1;1
202300051610;155 589 007;7;0;2;1;2;1
202300051610;155 589 010;2;10;2;7;15;1
202300051611;155 589 008;7;0;2;1;2;1
202300051611;155 589 011;7;0;2;1;1;1
202300051611;155 589 015;7;0;2;4;0;3
202300051612;155 589 005;7;0;2;3;13;1
202300051612;155 589 009;7;0;2;3;1;1
202300051613;155 589 006;7;1;0;3;1;1
202300051614;155 588 999;7;13;0;0;1;1
202300051615;155 588 997;7;0;2;2;9;1
202300051615;155 589 002;7;0;2;6;4;1
202300051615;155 589 004;1;0;2;4;1;5
202300051616;155 588 993;7;0;2;1;23;1
202300051616;155 589 000;7;4;0;3;1;1
202300051617;155 588 991;7;0;2;1;2;2
202300051617;155 588 994;32;0;2;1;23;1
202300051617;155 588 998;7;0;2;4;23;1
202300051617;155 589 003;7;0;2;4;23;1
202300051617;155 589 013;7;0;2;8;23;1
202300051618;155 588 992;7;1;0;1;1;1
202300051619;155 588 989;7;9;0;3;16;1
202300051620;155 588 988;7;0;0;1;12;1
202300051621;155 588 987;7;0;2;2;12;1
202300051621;155 588 990;10;0;2;6;1;1
202300051622;155 588 984;7;16;0;1;0;1
202300051623;155 588 982;7;0;2;3;15;1
202300051623;155 588 986;32;0;2;1;17;1
202300051624;155 588 979;2;0;0;3;1;1
202300051625;155 588 976;7;0;2;1;2;1
202300051625;155 588 981;7;0;2;1;2;1
202300051626;155 588 975;17;0;2;2;12;1
202300051626;155 588 977;7;4;2;8;1;1
202300051627;155 588 980;7;0;2;6;11;1
202300051627;155 588 983;31;0;2;2;1;1
202300051628;155 588 978;7;0;2;3;1;1
202300051628;155 588 985;7;0;1;5;23;1
202300051629;155 588 974;33;0;0;0;2;1
202300051630;155 588 969;7;16;0;1;1;1
202300051631;155 588 965;33;0;2;8;2;1
202300051631;155 588 970;7;0;2;7;1;2
202300051631;155 588 972;10;0;2;6;1;1
202300051632;155 588 966;50;0;2;2;19;3
202300051632;155 588 973;7;0;2;3;1;1
202300051633;155 588 962;7;0;2;3;1;1
202300051633;155 588 968;10;0;2;3;13;1
202300051634;155 588 964;7;0;2;3;16;0
202300051634;155 588 971;7;0;2;1;15;0
202300051635;155 588 961;33;0;2;2;17;0
202300051635;155 588 967;7;0;2;3;15;1
202300051636;155 588 960;10;0;2;6;12;1
202300051636;155 588 963;32;0;2;1;1;1
202300051637;155 588 959;10;0;1;2;0;1
202300051638;155 588 956;14;0;2;4;26;1
202300051638;155 588 958;7;0;2;1;23;1
202300051639;155 588 950;32;0;2;3;3;1
202300051639;155 588 953;10;0;2;3;1;1
202300051639;155 588 957;7;0;2;8;1;1
202300051640;155 588 951;1;14;0;1;26;5
202300051641;155 588 948;10;0;1;3;21;1
202300051642;155 588 947;7;0;2;7;15;1
202300051642;155 588 952;50;0;2;7;1;3
202300051643;155 588 944;7;0;0;8;1;1
202300051643;155 588 949;50;0;2;1;1;3
202300051644;155 588 942;7;0;2;1;2;1
202300051644;155 588 945;7;0;2;4;2;1
202300051644;155 588 955;7;0;2;4;2;1
202300051645;155 588 935;7;0;2;1;13;1
202300051645;155 588 940;7;0;2;1;1;1
202300051645;155 588 946;7;0;2;2;1;1
202300051646;155 588 934;80;0;2;3;1;3
202300051646;155 588 939;10;0;2;5;4;1
202300051647;155 588 932;37;1;0;7;17;1
202300051647;155 588 938;7;0;2;6;24;1
202300051648;155 588 933;10;13;0;2;13;1
202300051649;155 588 931;7;0;2;1;1;1
202300051649;155 588 936;7;0;2;4;2;3
202300051649;155 588 943;7;0;2;5;2;1
202300051650;155 588 928;7;0;0;4;0;1
202300051650;155 588 930;7;1;0;1;0;1
202300051651;155 588 921;2;0;0;0;2;1
202300051652;155 588 923;2;0;2;4;1;0
202300051652;155 588 927;10;0;2;2;1;0
202300051653;155 588 919;7;14;2;1;1;1
202300051653;155 588 925;7;3;2;3;2;1
202300051654;155 588 918;7;0;2;1;1;1
202300051654;155 588 924;7;0;2;1;1;1
202300051654;155 588 929;7;0;2;1;5;1
202300051655;155 588 920;7;0;9;1;1;1
202300051655;155 588 926;1;0;2;1;15;5
202300051656;155 588 916;7;0;0;0;2;1
202300051657;155 588 915;7;0;2;1;0;0
202300051657;155 588 922;7;0;2;0;0;0
202300051658;155 588 911;7;0;2;1;1;6
202300051658;155 588 913;7;0;2;1;2;6
202300051658;155 588 917;7;0;2;3;13;6
202300051659;155 588 910;7;0;1;3;16;1
202300051660;155 588 902;7;0;2;1;13;1
202300051660;155 588 907;10;0;2;1;2;1
202300051661;155 588 898;7;0;2;8;23;1
202300051661;155 588 906;7;0;2;1;19;1
202300051661;155 588 914;33;0;2;3;1;1
202300051662;155 588 897;7;0;2;1;5;1
202300051662;155 588 904;7;0;2;1;2;1
202300051662;155 588 908;7;0;2;1;2;1
202300051662;155 588 912;7;0;2;1;1;1
202300051663;155 588 899;7;0;2;2;19;1
202300051663;155 588 903;7;0;2;2;0;1
202300051664;155 588 896;7;0;1;0;1;0
202300051665;155 588 895;80;0;2;1;1;3
202300051665;155 588 901;7;0;2;3;1;1
202300051666;155 588 894;10;14;0;1;1;1
202300051667;155 588 893;15;0;2;4;2;1
202300051667;155 588 900;7;0;2;4;2;1
202300051667;155 588 905;37;0;2;1;2;1
202300051668;155 588 892;2;0;0;0;0;1
202300051669;155 588 887;7;0;2;2;1;1
202300051669;155 588 890;1;0;2;0;13;5
202300051670;155 588 884;7;0;2;3;9;1
202300051670;155 588 891;2;0;2;3;9;1
202300051671;155 588 883;7;0;2;3;13;1
202300051671;155 588 888;15;0;2;3;1;1
202300051672;155 588 880;7;0;2;2;1;1
202300051672;155 588 885;7;0;2;3;1;1
202300051673;155 588 881;7;0;2;3;1;0
202300051673;155 588 889;32;0;0;0;0;0
202300051674;155 588 878;7;0;2;1;0;0
202300051674;155 588 886;7;0;2;1;0;0
202300051675;155 588 877;7;0;2;1;2;1
202300051675;155 588 882;7;0;2;4;2;1
202300051676;155 588 875;7;0;0;2;9;1
202300051676;155 588 879;7;0;0;3;9;1
202300051677;155 588 874;7;0;1;1;1;1
202300051678;155 588 872;7;0;2;2;0;1
202300051678;155 588 876;30;0;2;3;0;1
202300051679;155 588 870;7;0;1;3;15;1
202300051680;155 588 868;17;0;0;6;24;1
202300051680;155 588 873;10;1;0;2;14;1
202300051681;155 588 869;3;0;2;3;15;1
202300051681;155 588 871;7;0;2;3;1;1
202300051682;155 588 867;7;0;1;1;1;0
202300051683;155 588 865;2;3;0;2;1;1
202300051684;155 588 863;7;2;0;2;13;1
202300051685;155 588 861;10;0;2;3;13;1
202300051685;155 588 864;7;0;2;3;1;1
202300051686;155 588 860;33;3;0;8;1;1
202300051687;155 588 854;7;0;9;3;9;0
202300051687;155 588 858;1;0;2;2;1;5
202300051688;155 588 853;7;0;2;1;1;1
202300051688;155 588 856;7;0;2;2;19;1
202300051689;155 588 852;7;0;2;2;15;1
202300051689;155 588 859;32;0;2;1;1;1
202300051690;155 588 851;33;0;2;1;1;1
202300051690;155 588 855;10;0;2;7;15;1