Num_Acc;id_vehicule;categorie_vehicule;obstacle_fixe;obstacle_mobile;point_choc_initial;manoeuvre_principale;motorisation
202300051691;155 588 849;7;0;2;4;2;1
202300051691;155 588 857;7;0;2;4;2;1
202300051691;155 588 862;7;0;2;1;2;1
202300051691;155 588 866;7;0;2;4;2;1
202300051692;155 588 846;7;0;2;1;1;1
202300051692;155 588 850;7;0;2;6;9;1
202300051693;155 588 847;7;0;1;1;15;1
202300051694;155 588 840;2;2;0;1;1;1
202300051695;155 588 841;7;0;2;1;5;1
202300051695;155 588 848;7;0;2;1;1;1
202300051696;155 588 842;7;0;2;5;16;3
202300051696;155 588 845;43;0;2;1;18;1
202300051697;155 588 838;33;0;2;8;9;1
202300051697;155 588 844;7;0;2;5;2;1
202300051698;155 588 836;7;14;0;0;1;1
202300051699;155 588 837;33;0;2;3;13;1
202300051699;155 588 839;7;0;2;7;1;1
202300051700;155 588 834;7;0;2;1;5;0
202300051700;155 588 843;7;12;0;4;5;0
202300051701;155 588 832;10;0;2;3;10;1
202300051701;155 588 835;43;0;2;1;1;1
202300051702;155 588 830;7;0;0;9;1;1
202300051703;155 588 829;7;8;2;7;1;1
202300051703;155 588 831;7;0;2;3;9;1
202300051704;155 588 823;7;0;1;2;1;3
202300051705;155 588 822;7;0;2;7;16;1
202300051705;155 588 828;1;0;2;8;1;5
202300051706;155 588 821;7;0;2;3;19;1
202300051706;155 588 826;2;0;2;1;1;1
202300051707;155 588 817;7;0;9;0;23;1
202300051707;155 588 820;10;0;2;4;2;1
202300051707;155 588 827;10;0;2;1;2;1
202300051708;155 588 819;2;0;2;1;0;1
202300051708;155 588 824;7;0;2;3;1;0
202300051709;155 588 812;7;0;2;3;1;1
202300051709;155 588 816;7;0;2;3;1;1
202300051710;155 588 810;7;6;0;1;14;1
202300051711;155 588 808;7;0;2;3;13;1
202300051711;155 588 811;7;0;2;3;1;1
202300051711;155 588 815;7;3;2;3;1;1
202300051712;155 588 809;33;0;0;0;1;1
202300051713;155 588 813;33;4;0;1;13;1
202300051714;155 588 805;7;0;2;2;1;1
202300051714;155 588 807;7;0;0;4;1;1
202300051714;155 588 814;7;0;2;4;1;1
202300051714;155 588 818;10;0;2;1;2;1
202300051715;155 588 802;15;0;2;1;1;1
202300051715;155 588 806;7;0;2;1;13;1
202300051716;155 588 804;7;0;1;1;9;1
202300051717;155 588 801;7;2;0;3;13;1
202300051718;155 588 798;7;0;2;1;13;1
202300051718;155 588 803;7;0;2;1;1;1
202300051719;155 588 797;30;0;2;4;2;1
202300051719;155 588 800;7;0;2;1;2;1
202300051720;155 588 796;33;0;0;3;0;1
202300051721;155 588 793;33;0;0;3;1;1
202300051722;155 588 790;7;0;1;2;15;1
202300051723;155 588 784;7;8;0;1;1;1
202300051724;155 588 783;2;0;2;3;1;1
202300051724;155 588 788;10;0;2;8;1;1
202300051725;155 588 779;7;0;2;1;13;1
202300051725;155 588 786;7;0;2;1;1;1
202300051725;155 588 791;7;0;2;6;1;1
202300051726;155 588 781;33;6;0;2;1;1
202300051727;155 588 780;7;0;2;1;26;1
202300051727;155 588 787;7;0;2;4;1;1
202300051727;155 588 792;7;0;2;4;1;1
202300051727;155 588 795;10;0;2;2;1;1
202300051727;155 588 799;15;0;2;5;1;1
202300051728;155 588 777;7;0;0;0;9;1
202300051728;155 588 782;7;0;2;1;1;1
202300051728;155 588 789;7;0;2;1;1;1
202300051728;155 588 794;13;3;0;9;1;1
202300051729;155 588 773;7;0;0;4;1;0
202300051729;155 588 776;7;0;2;1;1;0
202300051730;155 588 775;36;0;2;8;26;1
202300051730;155 588 785;33;0;2;1;1;1
202300051731;155 588 771;10;0;2;3;15;1
202300051731;155 588 778;7;0;2;1;1;1
202300051732;155 588 770;1;0;2;4;1;5
202300051732;155 588 774;7;0;2;1;26;1
202300051733;155 588 769;7;7;0;3;0;1
202300051733;155 588 772;7;0;0;2;0;1
202300051734;155 588 767;7;2;0;9;0;1
202300051735;155 588 765;7;0;2;2;1;1
202300051735;155 588 768;7;0;2;2;13;1
202300051736;155 588 764;7;4;0;1;1;1
202300051737;155 588 761;7;0;1;2;21;1
202300051738;155 588 762;7;0;1;2;1;1
202300051739;155 588 759;38;0;2;3;1;1
202300051739;155 588 763;31;0;2;3;26;1
202300051740;155 588 757;1;0;2;0;1;5
202300051740;155 588 760;7;0;9;0;0;1
202300051741;155 588 755;7;2;0;1;1;1
202300051742;155 588 756;7;13;0;3;1;1
202300051743;155 588 751;7;0;1;1;1;1
202300051744;155 588 752;2;0;2;1;13;1
202300051744;155 588 754;7;0;2;3;21;1
202300051745;155 588 749;30;0;0;1;1;1
202300051746;155 588 748;7;0;2;3;1;1
202300051746;155 588 753;7;0;2;3;13;1
202300051747;155 588 747;33;0;2;4;1;1
202300051747;155 588 750;7;0;2;1;1;1
202300051748;155 588 741;10;0;1;1;1;1
202300051749;155 588 739;7;0;2;1;1;1
202300051749;155 588 745;7;0;2;4;23;0
202300051750;155 588 737;33;0;0;7;1;1
202300051751;155 588 734;7;4;0;1;11;1
202300051752;155 588 733;7;0;2;1;13;1
202300051752;155 588 740;10;0;0;1;1;1
202300051753;155 588 738;7;0;0;3;1;1
202300051753;155 588 744;33;0;0;8;1;0
202300051754;155 588 736;33;0;2;1;17;1
202300051754;155 588 743;7;0;2;7;13;1
202300051754;155 588 746;7;0;2;1;1;1
202300051755;155 588 732;10;0;2;2;15;1
202300051755;155 588 742;31;0;2;1;1;1
202300051756;155 588 731;7;0;2;1;2;1
202300051756;155 588 735;7;0;0;4;2;1
202300051757;155 588 722;7;0;2;7;26;1
202300051757;155 588 730;1;0;2;6;1;5
202300051758;155 588 718;7;0;2;2;2;1
202300051758;155 588 729;13;4;2;2;11;6
202300051759;155 588 720;7;0;2;1;15;0
202300051759;155 588 726;33;0;2;1;1;0
202300051760;155 588 717;7;0;2;3;1;1
202300051760;155 588 727;33;0;2;3;1;1
202300051761;155 588 721;7;0;2;1;1;1
202300051761;155 588 728;7;0;2;2;15;1
202300051762;155 588 713;7;3;0;2;1;1
202300051763;155 588 724;31;8;0;1;1;1
202300051764;155 588 715;7;0;2;3;1;1
202300051764;155 588 716;50;0;2;1;13;3
202300051765;155 588 712;7;0;1;4;4;1
202300051766;155 588 719;7;0;0;4;23;1
202300051766;155 588 723;33;0;2;1;1;1
202300051767;155 588 710;7;13;0;1;14;1
202300051768;155 588 711;2;0;2;1;17;1
202300051768;155 588 714;10;0;2;8;15;1
202300051769;155 588 709;7;14;0;9;1;1
202300051770;155 588 707;33;5;0;1;1;1
202300051771;155 588 703;33;0;2;1;3;1
202300051771;155 588 708;7;0;2;7;12;1
202300051772;155 588 704;7;0;2;7;15;1
202300051772;155 588 725;7;0;2;1;1;1
202300051773;155 588 701;7;13;0;4;0;1
202300051774;155 588 699;7;0;2;6;1;1
202300051774;155 588 705;7;0;2;3;1;1
202300051775;155 588 702;7;0;2;3;15;1
202300051775;155 588 706;7;0;2;2;1;1
202300051776;155 588 695;50;0;0;0;0;3
202300051776;155 588 700;99;0;2;0;0;0
202300051777;155 588 692;31;0;2;1;5;1
202300051777;155 588 698;7;0;2;3;1;1
202300051778;155 588 688;2;0;2;1;1;1
202300051778;155 588 694;7;0;2;1;17;1
202300051779;155 588 690;7;0;9;2;1;1
202300051779;155 588 696;1;0;0;4;1;5
202300051780;155 588 689;7;0;2;2;11;2
202300051780;155 588 693;33;0;2;1;3;1
202300051781;155 588 685;7;1;0;3;2;1
202300051781;155 588 691;7;13;0;2;1;1
202300051782;155 588 682;1;0;2;1;1;5
202300051782;155 588 687;7;0;2;3;1;1
202300051783;155 588 679;1;0;2;7;19;5
202300051783;155 588 684;31;0;2;1;0;1
202300051784;155 588 676;33;6;0;1;1;1
202300051785;155 588 674;7;0;2;1;13;1
202300051785;155 588 681;7;0;0;6;1;1
202300051785;155 588 686;7;0;0;1;1;1
202300051785;155 588 697;7;0;2;1;1;1
202300051786;155 588 673;31;0;0;0;0;1
202300051787;155 588 669;7;0;2;3;17;1
202300051787;155 588 675;33;0;2;2;17;1
202300051788;155 588 667;7;0;2;1;1;1
202300051788;155 588 672;7;0;2;4;1;1
202300051788;155 588 680;10;0;2;4;9;1
202300051788;155 588 683;10;0;2;4;1;1
202300051789;155 588 665;7;0;2;2;15;1
202300051789;155 588 671;50;0;2;1;1;3
202300051790;155 588 663;7;0;2;2;0;1
202300051790;155 588 668;7;0;2;0;9;1
202300051790;155 588 678;2;0;2;1;0;1
202300051791;155 588 662;33;0;2;2;2;1
202300051791;155 588 666;7;0;0;6;2;1
202300051792;155 588 658;10;0;2;5;1;1
202300051792;155 588 664;7;0;2;6;12;1
202300051792;155 588 670;33;0;2;2;3;1
202300051792;155 588 677;7;0;2;5;1;1
202300051793;155 588 655;7;0;2;2;17;1
202300051793;155 588 661;1;0;2;3;1;5
202300051794;155 588 657;7;0;2;8;1;1
202300051794;155 588 660;7;0;2;1;1;1
202300051795;155 588 652;7;0;2;1;17;1
202300051795;155 588 659;7;0;2;1;1;1
202300051796;155 588 650;7;0;2;1;1;1
202300051796;155 588 653;7;0;2;1;1;1
202300051797;155 588 646;7;0;2;5;1;1
202300051797;155 588 651;33;0;2;1;3;1
202300051797;155 588 656;13;0;2;3;1;1
202300051798;155 588 643;7;0;2;3;17;1
202300051798;155 588 648;33;0;2;7;17;1
202300051799;155 588 644;7;13;0;2;1;1
202300051800;155 588 642;7;0;0;9;1;1
202300051801;155 588 641;7;0;2;2;16;1
202300051801;155 588 647;1;0;2;1;1;5
202300051802;155 588 640;7;0;5;6;2;1
202300051802;155 588 654;7;0;2;2;2;1
202300051803;155 588 639;7;0;2;1;2;1
202300051803;155 588 645;7;0;2;4;2;1
202300051804;155 588 637;7;13;2;8;1;1
202300051804;155 588 649;7;0;2;1;1;1
202300051805;155 588 636;7;0;1;2;1;0
202300051806;155 588 634;10;16;0;1;2;1
202300051807;155 588 632;10;0;0;0;0;1
202300051808;155 588 627;7;11;0;1;1;1
202300051809;155 588 633;7;0;2;8;16;1
202300051809;155 588 638;2;0;2;1;1;1
202300051810;155 588 629;99;0;2;4;1;1
202300051810;155 588 635;7;0;2;1;1;1
202300051811;155 588 622;2;0;2;2;17;1
202300051811;155 588 628;21;0;2;3;15;0
202300051812;155 588 623;7;13;0;9;21;1
202300051813;155 588 618;17;0;2;4;2;1
202300051813;155 588 624;7;0;2;1;1;1
202300051814;155 588 621;7;0;2;1;1;1
202300051814;155 588 631;7;0;2;2;1;1
202300051815;155 588 619;7;8;2;2;17;1
202300051815;155 588 626;21;0;2;3;15;1
202300051816;155 588 614;7;13;2;7;17;0
202300051816;155 588 617;0;0;2;8;16;0
202300051817;155 588 612;15;0;2;1;12;1
202300051817;155 588 615;7;0;2;8;9;1
202300051818;155 588 613;13;0;2;3;1;1
202300051818;155 588 616;7;0;2;3;13;1
202300051819;155 588 606;7;13;0;9;1;1
202300051820;155 588 607;7;2;0;1;13;1
202300051821;155 588 604;36;0;2;1;26;1
202300051821;155 588 610;36;0;2;1;0;0
202300051822;155 588 605;7;6;0;1;1;1
202300051823;155 588 602;7;0;2;1;2;1
202300051823;155 588 608;7;0;2;1;2;1
202300051823;155 588 611;7;0;2;4;0;0
202300051824;155 588 600;7;0;2;6;1;1
202300051824;155 588 609;10;0;2;3;13;1
202300051825;155 588 601;33;0;0;7;23;1
202300051826;155 588 597;7;0;2;4;2;1
202300051826;155 588 603;7;0;2;1;1;1
202300051827;155 588 598;7;6;0;1;1;1
202300051828;155 588 594;7;2;0;1;13;1
202300051829;155 588 593;7;0;1;1;1;1
202300051830;155 588 595;33;3;2;8;3;1
202300051830;155 588 599;7;3;2;7;14;1
202300051831;155 588 591;50;12;0;1;16;3
202300051832;155 588 589;1;0;2;1;5;5
202300051832;155 588 596;10;0;2;2;1;1
202300051833;155 588 592;7;0;1;3;1;1
202300051834;155 588 586;10;0;2;3;20;1
202300051834;155 588 590;2;0;2;2;2;1
202300051835;155 588 582;38;0;2;3;2;1
202300051835;155 588 587;7;0;2;5;2;1
202300051836;155 588 580;7;0;2;8;0;1
202300051836;155 588 584;14;0;2;1;0;1
202300051837;155 588 579;33;2;0;2;1;1
202300051838;155 588 577;7;0;2;3;1;1
202300051838;155 588 588;7;0;2;2;19;1
202300051839;155 588 575;7;2;0;3;13;1
202300051840;155 588 573;17;1;2;2;14;1
202300051840;155 588 578;10;4;2;7;17;1
202300051840;155 588 585;10;0;2;6;23;1
202300051841;155 588 572;7;0;2;0;0;1
202300051841;155 588 576;32;0;2;8;0;1
202300051842;155 588 571;31;0;2;8;1;1
202300051842;155 588 574;7;0;2;2;16;1
202300051843;155 588 570;7;0;1;2;1;1
202300051844;155 588 565;7;0;1;4;4;1
202300051845;155 588 564;15;0;2;8;11;1
202300051845;155 588 569;43;0;2;7;1;1
202300051846;155 588 562;17;6;0;1;14;1
202300051847;155 588 558;7;0;2;1;1;1
202300051847;155 588 563;33;0;2;7;13;1
202300051848;155 588 556;7;0;1;5;4;1
202300051849;155 588 559;7;0;2;1;5;1
202300051849;155 588 568;7;0;0;1;0;1
202300051850;155 588 557;7;8;0;0;0;1
202300051851;155 588 555;33;0;2;1;14;1
202300051851;155 588 560;7;0;2;3;15;1
202300051851;155 588 566;7;0;2;3;1;1
202300051852;155 588 552;16;0;0;2;14;6
202300051853;155 588 553;10;0;1;1;19;1
202300051854;155 588 551;7;4;0;1;0;1
202300051855;155 588 550;1;0;0;0;1;5
202300051856;155 588 548;10;0;1;2;1;1
202300051857;155 588 549;7;13;0;1;13;1
202300051858;155 588 546;7;6;0;3;0;0
202300051859;155 588 545;7;0;1;1;0;1
202300051860;155 588 540;33;4;0;3;1;1
202300051861;155 588 539;31;0;2;1;18;0
202300051861;155 588 543;7;0;2;2;14;0
202300051862;155 588 538;7;0;2;3;9;1
202300051862;155 588 544;33;1;2;1;1;1
202300051863;155 588 535;7;0;2;7;12;1
202300051863;155 588 541;33;4;2;3;3;1
202300051864;155 588 533;10;13;0;2;14;1
202300051865;155 588 534;7;0;2;1;21;1
202300051865;155 588 536;7;0;0;4;1;1
202300051866;155 588 532;7;0;2;1;2;1
202300051866;155 588 542;7;0;2;4;2;1
202300051867;155 588 527;50;0;2;7;19;3
202300051867;155 588 531;7;0;2;1;1;1
202300051868;155 588 526;32;0;0;0;0;1
202300051869;155 588 528;7;0;2;4;1;1
202300051869;155 588 530;7;0;2;1;2;1
202300051870;155 588 524;7;2;0;3;5;1
202300051871;155 588 523;2;0;2;1;2;1
202300051871;155 588 529;14;0;0;4;23;1
202300051872;155 588 522;32;0;0;9;16;1
202300051873;155 588 521;7;0;0;3;1;1
202300051874;155 588 520;7;0;1;1;1;1
202300051875;155 588 519;7;0;1;3;0;1
202300051876;155 588 516;32;0;1;1;0;1
202300051877;155 588 513;7;6;2;1;1;1
202300051877;155 588 517;7;0;2;1;17;1
202300051878;155 588 512;1;0;0;1;1;5
202300051879;155 588 514;7;0;9;1;23;1
202300051879;155 588 518;1;14;2;3;25;5
202300051880;155 588 510;1;0;9;4;1;5
202300051880;155 588 515;13;0;9;0;17;1
202300051881;155 588 509;7;0;1;4;4;1
202300051882;155 588 511;7;3;0;0;1;1
202300051883;155 588 506;7;0;1;8;15;0
202300051884;155 588 504;7;13;0;9;1;1
202300051885;155 588 502;7;0;1;2;15;1
202300051886;155 588 499;13;12;0;5;1;1
202300051887;155 588 500;7;0;2;1;2;1
202300051887;155 588 505;7;0;2;4;1;1
202300051888;155 588 498;7;0;9;1;1;1
202300051888;155 588 503;1;0;0;4;1;5
202300051889;155 588 495;7;7;2;1;12;1
202300051889;155 588 501;7;0;2;6;1;1
202300051890;155 588 491;14;0;2;2;1;1
202300051890;155 588 496;7;1;2;6;17;1
202300051891;155 588 490;10;2;0;3;1;1
202300051892;155 588 486;7;0;2;1;17;0
202300051892;155 588 492;21;0;0;4;15;0
202300051893;155 588 482;10;0;2;2;2;1
202300051893;155 588 488;7;0;0;6;2;1
202300051894;155 588 480;13;0;1;3;1;0
202300051895;155 588 481;7;0;2;1;2;1
202300051895;155 588 487;7;0;2;4;2;1
202300051895;155 588 493;7;0;0;4;2;2
202300051896;155 588 478;1;0;2;7;15;5
202300051896;155 588 483;10;0;2;2;11;1
202300051897;155 588 476;7;0;2;1;1;1
202300051897;155 588 484;10;0;2;1;5;0
202300051898;155 588 472;33;3;0;0;0;1
202300051899;155 588 470;7;0;2;1;0;1
202300051899;155 588 475;10;0;0;0;0;1
202300051900;155 588 471;2;0;2;1;5;1
202300051900;155 588 477;7;0;2;3;15;1
202300051901;155 588 468;33;0;2;1;1;1
202300051901;155 588 474;7;0;2;3;1;1
202300051902;155 588 469;17;13;0;5;1;1
202300051903;155 588 466;7;0;1;6;4;1
202300051904;155 588 465;7;0;1;1;1;1
202300051905;155 588 464;7;0;0;1;13;1
202300051906;155 588 462;7;6;0;2;14;1
202300051907;155 588 463;7;0;2;4;2;1
202300051907;155 588 473;7;0;2;4;2;1
202300051907;155 588 479;7;0;2;1;2;1
202300051907;155 588 485;7;0;2;1;2;1
202300051908;155 588 458;7;0;2;4;2;1
202300051908;155 588 461;32;0;2;1;2;1
202300051909;155 588 459;7;9;0;1;1;1
202300051910;155 588 456;30;0;0;7;1;1
202300051911;155 588 446;7;0;2;7;12;3
202300051911;155 588 452;33;0;2;3;1;1
202300051912;155 588 450;33;0;6;0;1;1
202300051913;155 588 445;7;8;0;1;1;1
202300051914;155 588 449;7;4;0;1;19;1
202300051915;155 588 443;7;0;2;1;1;1
202300051915;155 588 455;7;0;2;1;2;1
202300051915;155 588 460;7;0;2;1;1;1
202300051915;155 588 467;10;0;2;4;1;1
202300051916;155 588 447;7;0;1;1;0;1
202300051917;155 588 444;2;0;2;1;1;1
202300051917;155 588 451;7;0;0;7;26;1
202300051918;155 588 442;33;0;2;1;21;1
202300051918;155 588 448;7;0;2;5;1;1
202300051919;155 588 441;7;0;2;1;16;1
202300051919;155 588 453;7;0;0;2;1;1
202300051920;155 588 437;15;3;0;1;1;1
202300051921;155 588 439;7;3;0;1;1;1
202300051922;155 588 438;7;8;0;1;1;1
202300051923;155 588 435;7;0;1;1;26;0
202300051924;155 588 436;7;16;0;3;0;0
202300051925;155 588 432;7;0;2;2;1;1
202300051925;155 588 440;7;0;2;1;1;1
202300051926;155 588 433;1;6;0;1;5;5
202300051927;155 588 429;7;0;2;8;24;1
202300051927;155 588 434;50;1;0;1;1;3
202300051928;155 588 431;7;3;0;1;14;1
202300051929;155 588 428;7;0;2;3;0;1
202300051929;155 588 430;7;0;2;3;1;1
202300051930;155 588 427;7;8;0;1;1;1
202300051931;155 588 422;7;0;1;0;0;0
202300051932;155 588 420;7;4;2;1;0;1
202300051933;155 588 419;7;0;0;0;9;0
202300051933;155 588 426;33;0;2;7;0;0
202300051934;155 588 417;32;0;2;1;0;1
202300051934;155 588 424;7;0;2;3;23;1
202300051935;155 588 418;7;0;1;4;4;1
202300051936;155 588 416;7;8;0;9;1;1
202300051936;155 588 423;7;0;2;2;14;0
202300051937;155 588 414;7;13;0;1;13;1
202300051938;155 588 409;30;0;2;2;17;0
202300051938;155 588 413;16;0;0;0;0;0
202300051939;155 588 410;7;13;0;1;1;1
202300051940;155 588 408;7;8;0;1;17;1
202300051941;155 588 406;7;0;2;8;11;1
202300051941;155 588 411;31;0;2;3;3;1
202300051942;155 588 400;7;0;2;2;12;1
202300051942;155 588 402;7;0;2;3;1;1
202300051943;155 588 401;7;0;2;5;2;2
202300051943;155 588 407;43;0;2;1;2;1
202300051944;155 588 399;7;0;2;3;16;1
202300051944;155 588 405;0;1;2;3;23;0
202300051945;155 588 403;30;0;2;0;1;1
202300051946;155 588 396;7;0;1;5;13;1
202300051947;155 588 395;33;0;2;7;17;1
202300051947;155 588 398;7;0;2;3;15;1
202300051948;155 588 397;7;0;2;1;13;1
202300051948;155 588 404;7;0;2;1;1;1
202300051949;155 588 390;1;0;2;2;1;5
202300051949;155 588 392;7;0;9;8;1;1
202300051950;155 588 387;33;0;0;0;20;1
202300051951;155 588 391;7;0;2;3;16;1
202300051951;155 588 394;7;0;2;3;23;1
202300051952;155 588 382;7;0;1;2;1;1
202300051953;155 588 380;7;0;2;5;2;1
202300051953;155 588 383;10;0;2;1;2;1
202300051953;155 588 389;33;0;2;2;2;1
202300051954;155 588 381;7;0;2;4;2;1
202300051954;155 588 386;7;0;2;1;2;1
202300051954;155 588 393;7;0;2;1;2;1
202300051955;155 588 377;7;8;0;1;1;1
202300051956;155 588 376;36;0;2;6;2;1
202300051956;155 588 385;7;0;2;5;15;1
202300051957;155 588 375;7;0;2;1;2;1
202300051957;155 588 388;7;0;2;6;0;1
202300051958;155 588 373;7;3;0;1;1;0
202300051959;155 588 374;7;0;0;5;1;1
202300051959;155 588 378;31;0;0;1;1;1
202300051960;155 588 372;7;0;1;1;1;1
202300051961;155 588 371;2;0;2;1;1;1
202300051962;155 588 367;7;8;0;9;0;1
202300051963;155 588 366;7;4;0;1;1;1
202300051964;155 588 365;33;0;2;2;2;1
202300051964;155 588 370;7;0;2;6;11;1
202300051965;155 588 359;7;0;2;9;1;2
202300051965;155 588 369;7;0;2;3;16;1
202300051966;155 588 361;7;0;2;3;9;1
202300051966;155 588 368;33;0;2;1;1;1
202300051967;155 588 357;7;0;2;8;9;3
202300051967;155 588 362;2;0;2;0;0;1
202300051968;155 588 356;7;0;2;4;23;1
202300051968;155 588 363;15;3;2;1;1;1
202300051969;155 588 354;7;3;0;1;0;1
202300051970;155 588 352;50;0;2;7;1;3
202300051970;155 588 360;7;0;2;1;1;1
202300051971;155 588 345;7;0;1;1;11;1
202300051972;155 588 347;7;0;2;3;1;1
202300051972;155 588 358;7;0;2;2;19;1
202300051973;155 588 346;7;0;2;3;13;1
202300051973;155 588 353;15;0;2;3;1;1
202300051974;155 588 351;7;0;2;1;13;1
202300051974;155 588 355;1;0;2;8;15;5
202300051975;155 588 343;7;0;2;4;1;1
202300051975;155 588 348;7;0;2;1;1;1
202300051976;155 588 344;32;0;2;1;1;1
202300051976;155 588 350;7;0;2;2;15;1
202300051977;155 588 339;7;0;2;3;2;1
202300051977;155 588 342;7;0;2;5;2;1
202300051978;155 588 340;30;0;1;1;0;1
202300051979;155 588 338;7;0;2;1;2;1
202300051979;155 588 341;2;0;2;4;2;3
202300051980;155 588 336;15;9;0;2;0;1
202300051981;155 588 335;7;0;1;2;1;1
202300051982;155 588 332;7;0;1;1;1;1
202300051983;155 588 333;7;0;1;1;2;1
202300051984;155 588 324;30;0;2;9;0;1
202300051985;155 588 322;33;0;2;8;1;1
202300051985;155 588 327;7;0;2;0;26;0
202300051986;155 588 320;13;13;2;3;1;1
202300051986;155 588 325;10;13;2;3;17;1
202300051986;155 588 329;7;13;2;3;1;1
202300051987;155 588 319;7;8;0;3;14;1
202300051987;155 588 323;7;8;0;1;1;1
202300051988;155 588 317;1;0;2;1;1;5
202300051988;155 588 321;7;0;9;2;15;1
202300051989;155 588 316;32;4;0;1;1;1
202300051990;155 588 315;2;0;0;0;1;1
202300051991;155 588 310;10;0;1;0;15;1
202300051992;155 588 308;7;0;2;2;2;1
202300051992;155 588 314;7;0;2;6;1;1
202300051992;155 588 318;7;0;2;7;1;0
202300051992;155 588 330;7;0;2;6;1;1
202300051993;155 588 306;7;0;2;1;15;1
202300051993;155 588 312;32;0;2;8;1;1
202300051994;155 588 309;7;13;0;1;16;1
202300051995;155 588 307;17;6;0;1;14;1
202300051996;155 588 304;7;13;0;3;21;1
202300051997;155 588 301;30;0;2;0;0;0
202300051997;155 588 311;7;0;2;2;15;1
202300051998;155 588 303;7;0;2;4;1;1
202300051998;155 588 313;7;0;2;4;15;1
202300051998;155 588 326;7;0;2;1;1;1
202300051998;155 588 334;7;0;2;3;1;1
202300051999;155 588 300;7;0;2;5;15;1
202300051999;155 588 305;7;0;2;1;1;1
202300052000;155 588 294;7;12;0;2;1;1
202300052001;155 588 297;7;3;0;1;14;1
202300052002;155 588 293;7;0;9;2;1;1
202300052002;155 588 299;2;0;2;8;18;1
202300052003;155 588 292;50;0;2;0;19;3
202300052003;155 588 295;7;0;2;1;1;1
202300052004;155 588 298;7;0;2;1;1;0
202300052004;155 588 302;7;15;2;1;1;0
202300052005;155 588 291;30;0;2;7;2;1
202300052005;155 588 296;7;0;2;4;2;1
202300052006;155 588 288;32;0;1;1;17;1
202300052007;155 588 289;7;12;0;1;1;1
202300052008;155 588 285;2;13;0;0;1;0
202300052009;155 588 284;33;4;0;7;16;0
202300052010;155 588 286;10;0;2;5;1;1
202300052010;155 588 290;1;0;2;3;2;5
202300052011;155 588 283;7;12;0;1;11;1
202300052011;155 588 287;33;12;0;0;1;1
202300052012;155 588 282;10;0;1;1;2;0
202300052013;155 588 280;33;13;0;8;1;1
202300052014;155 588 281;7;0;0;9;1;1
202300052015;155 588 274;7;2;0;1;6;0
202300052016;155 588 271;7;0;2;8;9;1
202300052016;155 588 276;33;0;2;1;1;1
202300052017;155 588 268;7;0;2;1;15;1
202300052017;155 588 272;1;0;2;8;1;5
202300052018;155 588 269;7;0;2;7;1;1
202300052018;155 588 279;7;0;2;1;9;1
202300052019;155 588 270;10;0;2;2;1;0
202300052019;155 588 275;7;4;2;3;11;1
202300052020;155 588 263;7;0;2;2;10;1
202300052020;155 588 273;34;0;2;1;1;1
202300052021;155 588 261;7;0;2;4;1;1
202300052021;155 588 267;7;0;2;4;1;1
202300052021;155 588 277;7;0;2;1;1;1
202300052022;155 588 260;7;0;9;2;2;0
202300052022;155 588 265;80;0;0;4;2;3
202300052023;155 588 253;7;0;2;6;15;1
202300052023;155 588 259;33;0;2;1;17;1
202300052024;155 588 252;30;0;2;7;17;1
202300052024;155 588 258;7;0;2;1;15;1
202300052025;155 588 254;7;0;2;3;26;1
202300052025;155 588 266;33;0;2;7;1;1
202300052026;155 588 250;7;0;2;1;1;1
202300052026;155 588 257;34;0;2;8;15;1
202300052027;155 588 246;7;0;2;8;15;1
202300052027;155 588 255;50;0;2;1;1;3
202300052028;155 588 247;33;3;0;1;1;1
202300052029;155 588 244;7;0;2;1;9;1
202300052029;155 588 248;7;0;2;8;9;1
202300052030;155 588 245;99;0;2;8;1;1
202300052030;155 588 256;43;0;2;1;1;1
202300052031;155 588 242;33;0;0;0;0;0
202300052032;155 588 243;38;0;2;6;2;0
202300052032;155 588 249;30;1;0;1;2;1
202300052033;155 588 237;7;0;2;1;2;1
202300052033;155 588 241;7;0;2;4;23;1
202300052034;155 588 236;1;0;2;7;5;5
202300052034;155 588 240;7;0;2;8;15;1
202300052035;155 588 233;10;0;2;3;1;1
202300052035;155 588 239;30;0;2;7;1;1
202300052036;155 588 234;7;0;0;9;0;1
202300052037;155 588 230;7;0;2;1;19;1
202300052037;155 588 235;43;0;2;1;19;1
202300052038;155 588 231;2;0;2;3;13;1
202300052038;155 588 238;0;0;2;8;17;0
202300052039;155 588 229;7;3;0;2;1;1
202300052040;155 588 224;33;0;2;4;1;1
202300052040;155 588 228;33;1;2;1;1;1
202300052041;155 588 221;7;0;2;2;24;2
202300052041;155 588 226;80;1;2;1;1;3
202300052042;155 588 222;60;6;2;7;1;5
202300052042;155 588 225;7;6;2;1;1;1
202300052043;155 588 223;7;13;0;9;14;1
202300052044;155 588 215;7;0;2;7;17;0
202300052044;155 588 217;80;0;2;6;1;2
202300052045;155 588 214;7;0;2;1;1;1
202300052045;155 588 220;50;0;2;2;1;3
202300052046;155 588 213;7;0;2;4;23;1
202300052046;155 588 219;10;0;2;1;2;1
202300052047;155 588 211;15;0;2;3;21;1