Num_Acc;id_vehicule;categorie_vehicule;obstacle_fixe;obstacle_mobile;point_choc_initial;manoeuvre_principale;motorisation
202300052047;155 588 216;7;0;2;3;13;1
202300052048;155 588 210;10;0;1;1;1;1
202300052049;155 588 212;7;0;9;0;1;0
202300052049;155 588 218;30;0;0;0;1;1
202300052050;155 588 206;2;0;2;1;9;1
202300052050;155 588 209;14;0;2;3;1;1
202300052051;155 588 205;34;0;2;1;1;1
202300052051;155 588 208;7;0;0;8;15;1
202300052052;155 588 201;7;6;0;1;1;1
202300052053;155 588 200;7;0;2;3;9;1
202300052053;155 588 207;50;0;2;1;1;3
202300052054;155 588 202;7;6;0;2;0;1
202300052055;155 588 196;7;0;0;1;1;0
202300052055;155 588 203;7;0;2;8;0;1
202300052056;155 588 198;7;0;2;2;17;1
202300052056;155 588 204;30;0;2;8;1;1
202300052057;155 588 192;43;0;2;7;1;0
202300052057;155 588 199;7;0;2;1;9;0
202300052058;155 588 190;7;0;2;8;10;1
202300052058;155 588 194;33;0;2;1;17;1
202300052059;155 588 187;7;2;0;2;14;1
202300052060;155 588 191;7;0;2;2;19;1
202300052060;155 588 195;1;0;0;2;15;5
202300052061;155 588 182;10;0;1;0;16;1
202300052062;155 588 184;10;0;1;1;20;1
202300052063;155 588 183;50;0;2;1;19;3
202300052063;155 588 189;7;0;2;2;1;1
202300052064;155 588 185;7;0;1;1;19;1
202300052065;155 588 186;7;0;2;4;2;0
202300052065;155 588 197;7;0;2;1;2;0
202300052066;155 588 179;7;0;2;4;2;1
202300052066;155 588 181;7;0;2;1;2;1
202300052066;155 588 188;10;0;2;2;2;1
202300052066;155 588 193;7;0;2;4;2;1
202300052067;155 588 180;7;4;0;1;0;1
202300052068;155 588 175;7;0;1;2;1;1
202300052069;155 588 171;7;0;1;2;1;6
202300052070;155 588 172;7;0;2;8;0;0
202300052070;155 588 177;7;6;2;2;1;1
202300052071;155 588 166;7;0;2;1;2;1
202300052071;155 588 174;7;0;2;4;2;1
202300052072;155 588 170;30;0;1;1;19;1
202300052073;155 588 167;7;0;2;5;15;1
202300052073;155 588 173;34;0;2;1;5;1
202300052074;155 588 165;7;0;2;1;19;1
202300052074;155 588 176;7;13;2;3;1;1
202300052075;155 588 163;7;0;1;3;0;1
202300052076;155 588 168;7;0;2;8;15;1
202300052076;155 588 178;7;0;2;1;17;1
202300052077;155 588 161;7;0;2;7;12;1
202300052077;155 588 164;10;0;2;6;2;1
202300052077;155 588 169;33;0;2;8;3;1
202300052078;155 588 160;50;0;2;0;0;3
202300052078;155 588 162;7;0;2;8;0;0
202300052079;155 588 158;10;0;1;2;15;1
202300052080;155 588 155;7;0;1;4;26;0
202300052081;155 588 151;7;1;0;2;4;1
202300052082;155 588 149;80;0;0;1;1;3
202300052083;155 588 148;7;0;2;0;0;0
202300052083;155 588 156;7;0;2;1;1;1
202300052084;155 588 144;7;0;2;3;1;1
202300052084;155 588 153;7;0;2;3;15;1
202300052085;155 588 150;1;0;2;1;1;5
202300052085;155 588 157;7;0;2;3;1;1
202300052086;155 588 146;99;0;9;0;26;0
202300052086;155 588 154;1;0;2;0;26;5
202300052087;155 588 142;7;13;0;2;0;1
202300052088;155 588 141;7;0;2;4;1;1
202300052088;155 588 147;7;0;2;4;2;1
202300052088;155 588 152;7;0;2;1;2;1
202300052088;155 588 159;7;0;2;4;23;1
202300052089;155 588 138;7;0;2;3;16;1
202300052089;155 588 145;32;0;2;7;1;1
202300052090;155 588 139;31;0;2;2;3;1
202300052090;155 588 143;7;0;2;8;11;1
202300052091;155 588 137;50;0;0;0;2;3
202300052092;155 588 133;7;0;2;2;1;1
202300052092;155 588 140;7;0;2;2;15;1
202300052093;155 588 134;7;0;0;1;1;1
202300052094;155 588 132;7;0;1;4;4;1
202300052095;155 588 128;33;13;0;1;15;1
202300052096;155 588 129;7;6;0;2;2;1
202300052097;155 588 126;7;0;2;3;1;2
202300052097;155 588 135;7;0;2;3;1;1
202300052098;155 588 131;30;0;1;1;1;1
202300052099;155 588 124;7;0;0;1;1;1
202300052099;155 588 130;7;0;0;4;1;1
202300052099;155 588 136;7;0;0;0;0;0
202300052100;155 588 125;50;0;1;1;1;3
202300052101;155 588 123;7;14;0;1;1;1
202300052102;155 588 122;7;0;2;8;9;1
202300052102;155 588 127;7;0;2;1;1;2
202300052103;155 588 119;10;13;9;2;2;0
202300052104;155 588 118;7;0;1;5;4;1
202300052105;155 588 117;32;11;0;1;1;1
202300052106;155 588 116;7;1;0;2;2;1
202300052107;155 588 115;33;0;2;1;2;1
202300052107;155 588 120;7;0;2;2;12;1
202300052108;155 588 111;7;0;2;6;9;1
202300052108;155 588 121;33;0;2;3;1;1
202300052109;155 588 106;32;0;2;1;1;1
202300052109;155 588 112;7;0;2;3;9;1
202300052110;155 588 107;7;0;2;7;26;1
202300052110;155 588 113;50;0;2;8;1;3
202300052111;155 588 103;7;0;2;1;1;1
202300052111;155 588 110;7;0;2;6;23;1
202300052111;155 588 114;7;0;2;1;23;1
202300052112;155 588 109;38;0;1;1;15;1
202300052113;155 588 099;1;0;2;8;19;5
202300052113;155 588 105;10;0;2;1;11;0
202300052114;155 588 096;33;0;2;0;26;1
202300052114;155 588 102;10;0;2;2;2;1
202300052115;155 588 095;7;0;2;4;1;1
202300052115;155 588 100;7;0;2;1;1;1
202300052116;155 588 098;99;0;2;0;0;3
202300052116;155 588 101;7;0;2;3;1;3
202300052117;155 588 093;7;0;2;2;15;1
202300052117;155 588 097;2;0;2;1;1;1
202300052118;155 588 090;7;13;0;0;1;1
202300052119;155 588 087;7;0;2;1;13;1
202300052119;155 588 092;7;13;2;3;1;1
202300052120;155 588 086;7;3;0;2;1;1
202300052121;155 588 088;30;0;0;1;0;0
202300052122;155 588 084;1;0;2;1;1;5
202300052122;155 588 094;7;0;2;2;1;1
202300052123;155 588 085;7;0;2;0;2;1
202300052123;155 588 089;1;0;2;0;2;5
202300052124;155 588 081;7;9;0;8;22;1
202300052125;155 588 080;7;0;9;8;26;1
202300052125;155 588 083;50;0;2;1;0;3
202300052126;155 588 079;7;16;0;2;1;1
202300052127;155 588 069;7;0;1;7;21;1
202300052128;155 588 065;7;8;0;1;0;1
202300052129;155 588 070;7;0;2;4;1;1
202300052129;155 588 076;7;0;2;8;11;1
202300052129;155 588 082;31;3;2;7;1;1
202300052130;155 588 066;33;0;2;1;2;1
202300052130;155 588 074;7;0;2;6;2;1
202300052131;155 588 068;7;0;9;1;15;1
202300052131;155 588 075;50;0;2;1;1;3
202300052132;155 588 072;7;0;2;8;15;0
202300052132;155 588 077;2;0;2;7;17;1
202300052133;155 588 063;2;11;0;1;6;1
202300052134;155 588 064;7;0;2;1;2;1
202300052134;155 588 071;37;0;2;6;23;1
202300052135;155 588 061;7;2;0;3;1;1
202300052136;155 588 059;7;0;2;3;1;1
202300052136;155 588 062;7;0;2;3;9;1
202300052137;155 588 055;17;0;1;8;26;1
202300052138;155 588 051;7;0;2;1;13;1
202300052138;155 588 058;7;0;2;1;1;1
202300052139;155 588 053;7;0;2;5;26;1
202300052139;155 588 060;33;0;2;1;2;1
202300052140;155 588 049;7;0;2;8;1;1
202300052140;155 588 057;33;0;2;8;13;1
202300052141;155 588 050;7;0;2;6;11;1
202300052141;155 588 056;33;0;2;1;3;1
202300052142;155 588 048;33;0;2;1;2;1
202300052142;155 588 054;33;0;2;4;2;1
202300052143;155 588 046;2;0;1;1;1;0
202300052144;155 588 044;7;0;2;2;1;1
202300052144;155 588 047;7;0;2;1;1;1
202300052145;155 588 043;7;3;2;6;1;1
202300052145;155 588 052;7;3;2;2;17;1
202300052146;155 588 042;10;0;1;8;21;0
202300052147;155 588 038;33;0;2;1;3;1
202300052147;155 588 041;7;0;2;4;1;1
202300052148;155 588 035;10;0;1;1;1;1
202300052149;155 588 032;7;0;2;3;1;1
202300052149;155 588 040;10;0;2;5;15;1
202300052149;155 588 045;7;0;2;1;1;1
202300052150;155 588 031;50;0;2;5;19;3
202300052150;155 588 036;7;0;9;1;1;1
202300052151;155 588 033;7;6;0;1;1;1
202300052152;155 588 029;7;0;2;1;2;1
202300052152;155 588 039;7;;2;;23;
202300052153;155 588 027;7;0;1;1;16;1
202300052154;155 588 030;7;13;0;1;1;1
202300052155;155 588 026;10;4;0;0;0;1
202300052156;155 588 023;32;0;1;1;1;1
202300052157;155 588 024;7;4;0;1;13;1
202300052158;155 588 020;7;0;0;1;1;1
202300052159;155 588 019;7;0;1;1;1;1
202300052160;155 588 013;7;0;0;4;23;1
202300052160;155 588 018;7;0;2;1;1;1
202300052160;155 588 021;10;0;2;4;23;1
202300052161;155 588 015;33;0;0;4;1;1
202300052162;155 588 011;7;0;2;2;12;1
202300052162;155 588 014;33;0;2;3;3;1
202300052163;155 588 010;7;0;2;1;26;6
202300052164;155 588 008;7;0;2;1;1;1
202300052164;155 588 016;1;0;2;8;1;5
202300052165;155 588 006;7;0;1;1;1;1
202300052166;155 588 004;7;0;2;2;2;1
202300052166;155 588 009;36;0;2;4;2;1
202300052166;155 588 012;7;0;2;8;2;1
202300052167;155 588 002;30;0;2;1;1;1
202300052167;155 588 007;7;0;2;7;15;1
202300052168;155 587 999;10;0;2;1;2;3
202300052168;155 588 001;7;0;2;4;2;1
202300052169;155 587 996;7;0;2;3;1;1
202300052169;155 588 003;7;0;2;3;13;1
202300052170;155 587 989;7;0;2;2;15;1
202300052171;155 587 995;7;8;2;1;9;1
202300052171;155 587 997;1;0;2;4;1;5
202300052172;155 587 994;7;0;2;3;1;1
202300052172;155 587 998;7;0;2;2;1;1
202300052173;155 587 993;7;0;2;8;23;1
202300052173;155 588 000;7;0;2;1;9;1
202300052173;155 588 005;7;0;2;1;21;1
202300052174;155 587 986;2;0;2;1;26;1
202300052174;155 587 990;7;0;2;3;1;1
202300052175;155 587 987;7;0;2;3;1;1
202300052175;155 587 992;7;0;2;3;1;1
202300052176;155 587 985;15;0;2;1;2;0
202300052176;155 587 988;7;0;2;4;2;0
202300052177;155 587 984;2;0;2;1;15;1
202300052177;155 587 991;7;0;2;2;1;1
202300052178;155 587 978;7;0;2;8;26;1
202300052178;155 587 982;80;0;2;1;1;3
202300052179;155 587 975;7;12;0;2;9;1
202300052180;155 587 973;31;0;2;1;1;1
202300052180;155 587 981;7;0;2;2;15;1
202300052181;155 587 976;1;0;2;6;1;5
202300052181;155 587 980;7;0;2;1;1;1
202300052182;155 587 977;1;0;2;1;26;5
202300052182;155 587 983;10;0;9;3;15;1
202300052183;155 587 974;7;4;2;7;14;1
202300052184;155 587 972;7;3;2;1;2;2
202300052184;155 587 979;10;3;2;4;1;1
202300052185;155 587 967;7;0;2;1;13;0
202300052185;155 587 970;14;0;2;1;1;0
202300052186;155 587 968;7;0;2;3;1;1
202300052186;155 587 971;2;0;2;5;15;1
202300052187;155 587 964;33;0;2;7;1;1
202300052187;155 587 969;7;0;2;8;15;2
202300052188;155 587 960;10;0;1;6;4;1
202300052189;155 587 959;7;3;2;7;1;1
202300052189;155 587 965;7;0;2;1;11;1
202300052190;155 587 958;7;0;2;8;9;2
202300052190;155 587 963;80;0;2;1;1;3
202300052191;155 587 956;7;0;2;2;1;1
202300052191;155 587 966;1;0;2;7;15;5
202300052192;155 587 954;7;0;2;1;1;1
202300052192;155 587 961;7;0;2;4;1;1
202300052193;155 587 952;7;0;1;1;17;1
202300052194;155 587 948;7;0;0;4;23;0
202300052194;155 587 953;7;0;0;4;23;0
202300052194;155 587 957;7;0;0;0;1;0
202300052195;155 587 950;7;0;2;3;1;1
202300052195;155 587 955;7;0;2;1;2;1
202300052195;155 587 962;7;0;2;3;1;1
202300052196;155 587 946;7;0;2;0;22;1
202300052196;155 587 951;1;0;0;0;1;5
202300052197;155 587 947;37;0;1;8;1;1
202300052198;155 587 942;7;15;0;0;1;1
202300052199;155 587 941;7;0;1;1;1;1
202300052200;155 587 939;33;0;1;1;2;1
202300052201;155 587 938;7;0;2;4;1;1
202300052201;155 587 940;7;0;2;4;0;2
202300052201;155 587 945;7;0;2;1;1;1
202300052201;155 587 949;7;0;2;1;1;1
202300052202;155 587 937;1;0;2;1;1;5
202300052202;155 587 944;14;0;2;2;16;1
202300052203;155 587 936;7;0;1;1;1;1
202300052204;155 587 934;7;0;2;2;1;1
202300052204;155 587 943;7;0;2;3;1;2
202300052205;155 587 933;7;0;1;3;1;1
202300052206;155 587 932;37;0;2;5;1;1
202300052206;155 587 935;50;0;2;1;1;3
202300052207;155 587 930;1;0;0;1;21;5
202300052208;155 587 928;7;0;2;1;1;1
202300052208;155 587 931;7;0;2;1;1;1
202300052209;155 587 926;7;13;0;9;13;1
202300052210;155 587 925;7;0;2;4;2;1
202300052210;155 587 929;32;4;2;2;2;1
202300052211;155 587 922;10;0;2;7;17;1
202300052211;155 587 927;2;0;2;8;2;1
202300052212;155 587 919;7;3;2;1;1;0
202300052212;155 587 923;7;0;2;1;1;0
202300052213;155 587 918;80;0;2;2;1;3
202300052213;155 587 924;7;0;2;3;1;1
202300052214;155 587 917;10;0;2;3;9;1
202300052214;155 587 920;50;0;2;7;1;3
202300052215;155 587 916;7;0;2;2;14;1
202300052215;155 587 921;30;0;2;8;1;1
202300052216;155 587 910;7;13;0;9;13;1
202300052217;155 587 912;33;0;0;0;16;1
202300052218;155 587 908;7;0;2;4;2;1
202300052218;155 587 913;7;0;2;1;2;1
202300052219;155 587 909;7;0;2;5;9;2
202300052219;155 587 915;32;0;2;1;1;1
202300052220;155 587 911;7;0;1;1;1;1
202300052221;155 587 906;7;0;1;7;1;1
202300052222;155 587 902;7;0;9;7;15;1
202300052222;155 587 907;2;0;2;1;1;1
202300052223;155 587 899;7;0;1;2;19;1
202300052224;155 587 895;13;0;2;4;23;1
202300052224;155 587 900;14;1;0;1;2;1
202300052225;155 587 896;7;0;2;3;1;0
202300052225;155 587 903;50;0;2;1;1;3
202300052226;155 587 897;2;0;2;1;2;1
202300052226;155 587 901;7;0;2;4;2;1
202300052227;155 587 904;7;0;2;2;9;1
202300052227;155 587 914;2;0;2;7;17;3
202300052228;155 587 894;7;1;0;2;1;1
202300052229;155 587 892;7;0;2;0;1;1
202300052229;155 587 905;7;0;2;0;16;1
202300052230;155 587 888;7;0;1;3;1;1
202300052231;155 587 893;7;0;2;2;16;1
202300052231;155 587 898;2;0;2;1;18;1
202300052232;155 587 887;10;0;2;1;9;1
202300052232;155 587 891;31;0;2;7;1;1
202300052233;155 587 886;10;0;2;3;0;1
202300052233;155 587 890;7;0;2;3;5;1
202300052234;155 587 882;30;0;2;6;2;1
202300052234;155 587 889;7;0;2;2;20;1
202300052235;155 587 885;2;0;0;0;3;1
202300052236;155 587 880;7;0;2;7;19;1
202300052236;155 587 884;33;0;2;1;1;1
202300052237;155 587 877;33;0;0;8;26;1
202300052238;155 587 878;7;0;2;2;14;1
202300052238;155 587 883;31;0;2;1;2;1
202300052239;155 587 876;7;0;2;3;1;1
202300052239;155 587 881;7;0;2;1;13;1
202300052240;155 587 871;80;0;2;7;1;3
202300052240;155 587 879;7;0;2;3;15;1
202300052241;155 587 870;50;0;2;7;19;3
202300052241;155 587 874;7;0;9;3;1;1
202300052242;155 587 869;1;0;2;3;1;5
202300052242;155 587 875;7;0;2;5;16;1
202300052243;155 587 868;7;0;2;3;13;1
202300052243;155 587 872;7;0;2;3;1;1
202300052244;155 587 866;7;0;2;5;22;2
202300052244;155 587 873;30;0;0;8;18;3
202300052245;155 587 863;7;0;0;1;1;1
202300052245;155 587 867;7;0;0;4;2;1
202300052246;155 587 862;7;0;2;1;11;1
202300052246;155 587 865;7;0;2;1;0;1
202300052247;155 587 860;7;4;0;3;13;1
202300052248;155 587 856;7;0;9;8;0;1
202300052248;155 587 864;1;0;2;1;19;5
202300052249;155 587 857;33;0;2;1;2;1
202300052249;155 587 861;7;1;0;2;2;1
202300052250;155 587 858;33;7;0;7;3;1
202300052251;155 587 855;2;0;2;1;0;1
202300052251;155 587 859;2;0;2;1;0;1
202300052252;155 587 849;10;12;0;4;1;0
202300052252;155 587 854;2;0;2;1;1;1
202300052253;155 587 848;2;0;2;8;26;1
202300052253;155 587 852;7;0;2;1;1;1
202300052254;155 587 847;7;0;2;1;1;1
202300052254;155 587 851;1;0;2;1;19;5
202300052255;155 587 853;1;1;0;2;14;5
202300052256;155 587 844;7;0;2;7;15;2
202300052256;155 587 850;7;0;2;1;1;1
202300052257;155 587 841;7;0;2;1;1;1
202300052257;155 587 846;3;0;2;7;15;2
202300052258;155 587 838;7;0;2;1;16;1
202300052258;155 587 842;7;0;2;4;23;1
202300052259;155 587 839;33;0;2;1;18;1
202300052259;155 587 843;7;0;2;2;16;1
202300052260;155 587 840;30;0;2;1;1;1
202300052260;155 587 845;2;0;2;1;1;0
202300052261;155 587 834;14;0;0;6;1;1
202300052261;155 587 836;7;0;2;3;3;2
202300052262;155 587 831;7;0;2;0;0;0
202300052262;155 587 837;2;0;2;0;0;1
202300052263;155 587 832;7;1;0;1;1;1
202300052264;155 587 828;7;0;2;0;0;1
202300052264;155 587 830;7;0;2;3;13;1
202300052265;155 587 827;7;0;2;1;13;1
202300052265;155 587 833;7;0;2;1;1;1
202300052266;155 587 824;10;7;0;1;14;1
202300052267;155 587 826;7;0;2;1;1;1
202300052267;155 587 835;30;0;2;3;1;3
202300052268;155 587 825;10;0;1;1;19;1
202300052269;155 587 822;7;0;2;2;15;2
202300052269;155 587 829;33;0;2;2;18;1
202300052270;155 587 823;7;1;1;2;14;1
202300052271;155 587 820;7;0;1;2;26;1
202300052272;155 587 818;7;8;0;1;26;1
202300052273;155 587 814;7;0;2;1;1;1
202300052273;155 587 819;7;0;2;4;1;1
202300052274;155 587 810;7;13;0;1;0;1
202300052275;155 587 811;7;0;2;3;15;3
202300052275;155 587 816;33;0;2;1;1;1
202300052276;155 587 813;7;0;2;1;1;1
202300052276;155 587 821;7;8;0;2;2;1
202300052277;155 587 807;7;0;2;9;13;1
202300052277;155 587 809;7;0;2;9;1;1
202300052277;155 587 815;7;0;2;9;2;1
202300052278;155 587 804;31;0;0;0;19;1
202300052279;155 587 808;33;0;2;1;1;1
202300052279;155 587 812;10;0;2;7;15;1
202300052280;155 587 806;7;0;4;1;1;1
202300052280;155 587 817;40;0;0;8;1;3
202300052281;155 587 803;7;8;0;1;26;1
202300052282;155 587 799;7;0;0;0;21;1
202300052283;155 587 798;7;0;2;3;1;1
202300052283;155 587 802;33;0;2;2;12;1
202300052284;155 587 794;50;0;2;1;5;3
202300052284;155 587 797;7;0;2;2;15;1
202300052285;155 587 789;30;0;2;8;26;3
202300052285;155 587 796;2;0;2;1;1;1
202300052286;155 587 793;1;0;1;1;1;5
202300052287;155 587 787;1;0;2;4;12;5
202300052287;155 587 795;10;0;2;1;1;1
202300052288;155 587 784;33;0;2;1;1;1
202300052288;155 587 792;7;0;2;6;16;1
202300052289;155 587 786;7;0;9;7;1;1
202300052289;155 587 790;1;0;2;1;26;5
202300052290;155 587 783;7;0;2;4;2;0
202300052290;155 587 788;7;0;2;2;2;1
202300052291;155 587 779;7;0;1;1;15;1
202300052292;155 587 781;7;0;2;3;12;1
202300052292;155 587 785;34;0;0;0;0;1
202300052293;155 587 776;7;0;2;2;1;3
202300052293;155 587 780;31;0;2;1;1;1
202300052294;155 587 771;7;0;2;8;15;1
202300052294;155 587 775;37;0;2;1;1;2
202300052295;155 587 770;7;0;2;4;1;1
202300052295;155 587 777;7;0;2;1;1;1
202300052296;155 587 772;7;0;1;1;9;0
202300052297;155 587 767;30;0;2;4;1;1
202300052297;155 587 769;7;0;2;2;9;1
202300052298;155 587 762;7;0;2;3;5;1
202300052298;155 587 765;7;0;2;3;1;1
202300052298;155 587 768;10;0;2;3;1;1
202300052298;155 587 774;10;0;2;3;1;1
202300052298;155 587 778;7;0;2;3;1;1
202300052298;155 587 782;7;0;2;1;1;1
202300052299;155 587 761;7;12;0;3;15;1
202300052300;155 587 757;99;0;2;2;21;1
202300052300;155 587 764;31;0;2;1;1;0
202300052301;155 587 759;7;0;2;1;13;1
202300052301;155 587 763;7;0;2;1;1;1
202300052302;155 587 753;30;0;2;1;13;1
202300052302;155 587 760;7;0;2;3;1;1
202300052303;155 587 752;7;0;2;3;20;1
202300052303;155 587 758;33;0;2;1;1;1
202300052304;155 587 754;7;0;1;7;1;1
202300052305;155 587 751;33;0;2;2;3;1
202300052305;155 587 755;7;0;2;8;11;0
202300052306;155 587 749;7;0;2;7;13;1
202300052306;155 587 756;7;0;2;1;1;1
202300052307;155 587 747;7;3;2;1;5;1
202300052307;155 587 750;15;16;2;1;1;1
202300052308;155 587 746;7;0;1;2;1;1
202300052309;155 587 744;7;0;1;8;1;1
202300052310;155 587 745;7;0;2;4;26;1
202300052310;155 587 748;10;0;2;1;1;1
202300052311;155 587 742;7;2;0;2;1;1
202300052312;155 587 738;7;0;2;3;1;1
202300052312;155 587 743;7;0;2;2;15;1
202300052313;155 587 740;7;2;0;9;1;1
202300052314;155 587 737;7;0;2;1;26;1
202300052314;155 587 741;7;0;2;1;26;1
202300052315;155 587 736;7;4;0;1;0;1
202300052316;155 587 735;7;1;0;2;1;1
202300052317;155 587 734;31;0;2;2;17;1
202300052317;155 587 739;7;0;2;3;15;1
202300052318;155 587 730;7;0;2;2;1;1
202300052319;155 587 732;33;7;0;1;15;1
202300052320;155 587 728;7;9;0;1;0;1
202300052321;155 587 731;10;0;2;2;1;1
202300052321;155 587 733;7;0;2;7;15;1
202300052322;155 587 727;7;1;0;3;13;1
202300052323;155 587 726;7;2;0;1;13;1
202300052324;155 587 720;7;0;2;1;13;1
202300052324;155 587 724;7;0;2;1;1;1
202300052324;155 587 729;7;0;2;1;1;1
202300052325;155 587 722;10;0;2;3;1;1
202300052325;155 587 725;7;0;2;3;16;1
202300052326;155 587 717;7;0;2;1;1;1
202300052326;155 587 723;7;0;2;8;9;1
202300052327;155 587 713;7;0;2;7;9;1
202300052327;155 587 718;7;0;2;8;1;1
202300052328;155 587 714;7;0;1;2;1;1
202300052329;155 587 715;7;0;2;3;15;2
202300052329;155 587 721;33;0;2;1;1;1
202300052330;155 587 711;10;0;2;3;15;1
202300052330;155 587 719;30;0;2;0;1;1
202300052331;155 587 710;34;0;5;0;0;1
202300052332;155 587 709;34;14;0;1;6;1
202300052333;155 587 707;7;0;2;1;2;1
202300052333;155 587 712;7;0;2;1;2;1
202300052333;155 587 716;7;0;2;4;2;1
202300052334;155 587 708;7;0;1;2;12;1
202300052335;155 587 705;32;0;1;0;0;0
202300052336;155 587 701;7;0;2;5;1;1
202300052336;155 587 706;30;0;2;1;1;1
202300052337;155 587 698;7;0;2;2;2;1
202300052337;155 587 703;32;0;2;6;13;1
202300052338;155 587 697;10;0;2;1;1;1
202300052338;155 587 704;7;0;2;8;1;1
202300052339;155 587 695;7;0;2;8;15;1
202300052339;155 587 702;33;0;2;1;1;1
202300052340;155 587 692;1;13;2;8;1;5
202300052340;155 587 699;7;0;9;1;1;1
202300052341;155 587 693;10;0;2;6;23;1
202300052341;155 587 700;7;0;2;1;1;1
202300052342;155 587 690;30;0;0;8;11;1
202300052343;155 587 689;7;0;2;1;13;1
202300052343;155 587 694;15;0;2;8;1;0
202300052344;155 587 686;50;0;0;0;0;3
202300052345;155 587 683;1;12;0;1;25;5
202300052345;155 587 685;7;0;9;2;21;1
202300052346;155 587 682;10;0;1;1;2;1
202300052347;155 587 681;7;0;1;2;1;1
202300052348;155 587 684;7;0;2;2;15;1
202300052348;155 587 688;7;0;0;2;1;0
202300052349;155 587 680;7;0;2;5;14;2
202300052349;155 587 687;32;0;2;1;3;1
202300052350;155 587 675;7;0;2;1;15;1
202300052350;155 587 678;34;0;2;1;1;1
202300052351;155 587 673;7;0;2;1;13;1
202300052351;155 587 679;15;0;2;3;1;1
202300052352;155 587 668;60;0;2;1;19;5
202300052352;155 587 676;7;0;2;5;1;1
202300052353;155 587 670;7;0;1;3;1;0
202300052354;155 587 669;43;0;2;1;1;1
202300052354;155 587 674;7;0;2;3;11;6
202300052355;155 587 666;7;0;2;1;15;1
202300052355;155 587 672;31;0;2;0;1;1
202300052356;155 587 664;7;0;0;2;20;1
202300052357;155 587 659;7;1;0;1;21;1
202300052358;155 587 658;7;0;2;3;15;1
202300052358;155 587 661;1;0;2;8;15;5
202300052359;155 587 657;10;0;2;4;1;1
202300052359;155 587 660;15;0;2;1;1;1
202300052359;155 587 665;7;0;2;4;1;1
202300052359;155 587 671;7;0;2;4;1;1
202300052359;155 587 677;7;0;2;4;1;1
202300052360;155 587 656;7;0;2;1;1;1
202300052360;155 587 662;7;0;2;1;1;1
202300052361;155 587 650;7;0;2;7;1;1
202300052361;155 587 655;7;0;2;1;26;1
202300052362;155 587 649;7;1;0;1;1;1
202300052363;155 587 648;32;0;2;1;7;0
202300052363;155 587 652;10;0;2;7;14;1
202300052364;155 587 645;50;0;2;7;1;3
202300052364;155 587 654;7;0;2;8;9;1
202300052365;155 587 644;37;1;0;5;20;3
202300052365;155 587 653;10;1;0;6;24;1
202300052366;155 587 640;7;0;1;1;11;0
202300052367;155 587 639;7;0;2;0;0;1
202300052367;155 587 643;7;0;2;1;1;1
202300052367;155 587 646;7;0;2;1;1;1
202300052368;155 587 637;50;0;2;1;5;3
202300052368;155 587 642;10;0;0;1;1;1
202300052369;155 587 638;7;0;1;1;15;1
202300052370;155 587 635;50;0;0;7;16;3
202300052370;155 587 641;0;;2;7;0;
202300052371;155 587 631;7;0;2;1;13;1
202300052371;155 587 634;7;0;2;0;1;1
202300052372;155 587 623;7;0;2;3;2;1
202300052372;155 587 628;7;0;2;4;15;1
202300052373;155 587 626;33;0;0;8;1;1
202300052374;155 587 622;14;0;2;7;16;1
202300052374;155 587 624;1;0;2;1;1;5
202300052375;155 587 629;1;0;2;7;1;5
202300052375;155 587 632;10;0;2;3;15;1
202300052376;155 587 625;7;13;0;2;17;1
202300052376;155 587 630;31;0;0;0;2;0
202300052377;155 587 619;7;2;0;1;0;1
202300052378;155 587 620;7;0;1;7;21;1
202300052379;155 587 618;7;0;2;3;1;1
202300052379;155 587 627;7;0;2;1;1;1
202300052380;155 587 617;7;0;2;1;1;1
202300052380;155 587 621;1;0;2;8;19;5
202300052381;155 587 610;7;0;2;2;1;0
202300052381;155 587 615;7;0;2;5;1;1
202300052382;155 587 609;2;0;2;1;11;1
202300052382;155 587 616;7;0;2;3;15;1
202300052383;155 587 607;1;0;0;0;1;5
202300052384;155 587 608;10;0;0;2;22;1
202300052384;155 587 614;1;0;0;1;1;5
202300052385;155 587 605;30;0;2;7;1;1
202300052385;155 587 613;7;0;2;1;1;1
202300052386;155 587 603;10;0;2;2;15;1
202300052386;155 587 612;33;0;2;1;1;1
202300052387;155 587 604;7;0;1;1;1;1
202300052388;155 587 602;7;0;2;1;2;0
202300052388;155 587 606;7;0;2;1;2;0
202300052388;155 587 611;7;0;2;1;5;2
202300052389;155 587 601;7;12;0;2;21;1
202300052390;155 587 598;7;0;1;4;20;1
202300052391;155 587 595;7;0;2;1;9;1
202300052391;155 587 600;1;0;2;1;1;5
202300052392;155 587 594;17;0;1;1;16;0
202300052393;155 587 591;10;0;2;3;5;1
202300052393;155 587 597;7;0;2;3;1;1
202300052394;155 587 590;7;0;1;3;1;1
202300052395;155 587 596;7;0;2;3;15;3
202300052395;155 587 599;1;0;2;0;17;5
202300052396;155 587 589;7;0;2;1;1;1
202300052396;155 587 592;50;0;2;8;19;3
202300052397;155 587 586;7;0;2;2;1;0
202300052397;155 587 593;7;0;2;1;1;1
202300052398;155 587 584;32;0;2;7;17;1
202300052398;155 587 587;10;0;2;2;9;1