Num_Acc;id_vehicule;categorie_vehicule;obstacle_fixe;obstacle_mobile;point_choc_initial;manoeuvre_principale;motorisation
202300052399;155 587 582;80;16;0;7;5;3
202300052399;155 587 588;10;0;2;1;1;0
202300052400;155 587 579;7;0;2;1;1;1
202300052400;155 587 583;7;0;2;1;5;1
202300052400;155 587 585;10;14;0;1;1;1
202300052401;155 587 578;7;15;1;1;20;0
202300052402;155 587 577;2;0;2;2;17;1
202300052402;155 587 581;7;0;2;3;15;1
202300052403;155 587 575;7;4;0;2;9;1
202300052404;155 587 576;32;0;2;1;2;1
202300052404;155 587 580;7;0;2;2;16;1
202300052405;155 587 574;7;0;1;3;15;1
202300052406;155 587 567;7;0;2;1;15;1
202300052406;155 587 572;7;0;2;3;1;1
202300052407;155 587 570;33;0;2;7;17;6
202300052407;155 587 573;7;0;2;8;17;6
202300052408;155 587 565;7;0;2;3;11;1
202300052408;155 587 568;31;1;2;1;1;1
202300052409;155 587 566;7;1;1;3;1;1
202300052410;155 587 564;33;0;2;1;2;1
202300052410;155 587 571;10;0;2;4;2;1
202300052411;155 587 562;30;0;2;5;1;1
202300052411;155 587 569;7;0;2;1;9;1
202300052412;155 587 561;50;0;0;0;1;3
202300052413;155 587 560;32;0;2;6;1;0
202300052413;155 587 563;13;1;0;3;15;0
202300052414;155 587 559;7;0;1;3;1;1
202300052415;155 587 557;7;0;1;0;0;1
202300052416;155 587 551;7;6;0;1;1;1
202300052417;155 587 553;30;0;2;2;16;1
202300052417;155 587 558;37;0;2;3;1;1
202300052418;155 587 548;7;0;2;5;23;1
202300052418;155 587 554;33;8;2;1;1;1
202300052419;155 587 550;32;0;2;3;13;1
202300052419;155 587 556;7;0;2;5;1;1
202300052420;155 587 549;50;0;2;1;5;3
202300052420;155 587 555;7;0;2;6;1;1
202300052421;155 587 547;10;0;1;2;1;0
202300052422;155 587 546;10;0;2;1;1;1
202300052422;155 587 552;7;0;2;8;0;1
202300052423;155 587 545;7;6;0;3;1;1
202300052424;155 587 539;10;0;2;2;13;0
202300052424;155 587 543;1;0;2;6;13;5
202300052425;155 587 538;33;0;2;1;2;1
202300052425;155 587 542;43;0;2;4;2;1
202300052426;155 587 537;2;0;2;1;1;1
202300052426;155 587 540;10;0;2;1;1;1
202300052427;155 587 536;7;0;2;3;1;1
202300052427;155 587 544;1;0;2;1;1;5
202300052428;155 587 541;1;12;0;8;13;5
202300052429;155 587 530;7;0;2;1;1;1
202300052429;155 587 534;7;0;0;4;1;0
202300052430;155 587 531;33;8;0;0;1;1
202300052431;155 587 533;7;0;2;1;1;1
202300052431;155 587 535;50;0;2;2;0;3
202300052432;155 587 528;7;1;0;3;0;1
202300052433;155 587 527;43;0;2;1;1;1
202300052433;155 587 532;7;0;2;2;1;1
202300052434;155 587 525;2;0;2;4;1;1
202300052434;155 587 529;7;0;2;2;2;1
202300052435;155 587 522;7;2;0;9;1;1
202300052436;155 587 523;7;0;2;2;9;2
202300052436;155 587 526;30;0;2;7;1;3
202300052437;155 587 521;7;4;0;2;14;2
202300052438;155 587 520;50;0;0;0;1;3
202300052439;155 587 518;7;0;2;2;16;1
202300052439;155 587 524;50;0;2;1;1;3
202300052440;155 587 517;7;0;1;3;1;1
202300052441;155 587 508;10;0;1;3;1;1
202300052442;155 587 509;7;0;0;1;1;1
202300052442;155 587 516;7;0;0;1;17;1
202300052443;155 587 507;7;0;2;2;17;0
202300052443;155 587 512;7;0;2;5;1;0
202300052444;155 587 506;10;0;2;1;0;1
202300052444;155 587 511;7;0;2;1;1;1
202300052444;155 587 515;7;0;2;4;1;1
202300052444;155 587 519;7;0;2;1;1;1
202300052445;155 587 505;1;0;1;1;1;5
202300052446;155 587 504;7;7;0;3;12;1
202300052447;155 587 501;50;8;0;1;1;3
202300052448;155 587 499;7;8;0;1;1;1
202300052449;155 587 498;34;0;1;2;17;1
202300052450;155 587 496;2;0;2;0;13;1
202300052450;155 587 497;7;0;0;1;1;1
202300052451;155 587 492;10;0;2;4;2;1
202300052451;155 587 494;33;0;2;1;2;1
202300052452;155 587 502;7;12;0;3;1;3
202300052453;155 587 491;7;0;2;7;1;1
202300052453;155 587 495;31;0;2;1;1;1
202300052454;155 587 489;7;0;1;1;1;1
202300052455;155 587 487;7;9;0;1;1;2
202300052456;155 587 488;7;0;9;3;1;1
202300052456;155 587 493;10;0;0;0;1;1
202300052457;155 587 486;30;0;2;1;17;1
202300052457;155 587 490;7;0;2;8;15;1
202300052458;155 587 483;7;0;2;3;11;1
202300052458;155 587 485;33;14;2;7;3;1
202300052459;155 587 478;33;8;2;4;15;1
202300052459;155 587 482;7;0;2;1;2;0
202300052460;155 587 477;7;0;2;3;13;1
202300052460;155 587 484;10;0;2;3;1;1
202300052461;155 587 476;7;4;0;1;1;1
202300052462;155 587 475;7;0;1;4;20;1
202300052463;155 587 474;7;0;2;3;9;1
202300052463;155 587 480;1;0;2;3;1;5
202300052464;155 587 473;7;0;2;1;0;0
202300052464;155 587 481;7;0;2;3;0;0
202300052465;155 587 468;31;0;2;1;2;1
202300052465;155 587 472;7;0;0;5;1;1
202300052466;155 587 466;7;0;2;8;2;1
202300052466;155 587 471;15;0;2;1;2;1
202300052467;155 587 465;7;0;2;2;1;0
202300052467;155 587 479;7;0;2;3;16;0
202300052468;155 587 463;7;0;2;1;26;1
202300052468;155 587 470;15;0;2;4;1;1
202300052469;155 587 461;33;0;2;1;17;1
202300052469;155 587 467;7;0;2;8;15;1
202300052470;155 587 464;10;0;2;7;14;1
202300052470;155 587 469;80;0;2;8;23;3
202300052471;155 587 460;7;13;0;1;1;1
202300052472;155 587 456;7;1;0;5;16;1
202300052473;155 587 455;7;0;1;1;1;1
202300052474;155 587 453;3;0;2;1;2;1
202300052474;155 587 458;33;0;2;7;16;1
202300052475;155 587 454;33;0;2;8;1;1
202300052475;155 587 459;10;0;2;7;17;0
202300052476;155 587 452;2;0;2;4;14;1
202300052476;155 587 457;7;0;2;1;1;3
202300052477;155 587 451;7;0;1;1;16;1
202300052478;155 587 450;32;14;0;1;1;1
202300052479;155 587 448;7;0;1;1;1;1
202300052480;155 587 447;50;0;0;0;0;3
202300052481;155 587 446;10;0;1;2;1;1
202300052482;155 587 445;7;4;4;8;0;1
202300052482;155 587 449;39;0;2;1;1;1
202300052483;155 587 443;7;0;2;1;5;1
202300052483;155 587 444;7;0;2;1;1;1
202300052484;155 587 441;33;3;0;7;14;1
202300052485;155 587 437;7;0;2;8;15;1
202300052485;155 587 440;33;0;2;1;17;1
202300052486;155 587 438;7;0;2;6;1;2
202300052486;155 587 442;38;0;2;2;14;1
202300052487;155 587 434;10;0;0;0;16;1
202300052488;155 587 435;13;0;2;2;1;1
202300052488;155 587 439;10;0;2;1;9;1
202300052489;155 587 433;10;0;2;2;1;1
202300052489;155 587 436;33;0;2;4;23;1
202300052490;155 587 430;2;0;2;2;10;1
202300052490;155 587 432;7;0;2;3;21;1
202300052491;155 587 428;7;8;0;1;14;1
202300052492;155 587 427;2;0;2;2;3;1
202300052492;155 587 431;7;0;2;6;1;1
202300052493;155 587 426;7;0;0;0;1;1
202300052494;155 587 425;7;1;0;2;1;1
202300052495;155 587 424;7;0;2;7;13;1
202300052495;155 587 429;30;0;2;1;1;1
202300052496;155 587 421;7;0;1;3;26;0
202300052497;155 587 419;10;0;1;2;16;1
202300052498;155 587 420;7;0;2;7;12;1
202300052498;155 587 422;32;0;2;7;3;1
202300052499;155 587 415;7;0;2;8;1;1
202300052499;155 587 418;10;0;2;2;19;1
202300052500;155 587 414;7;0;2;2;15;2
202300052500;155 587 423;7;8;2;1;1;1
202300052501;155 587 413;7;0;2;1;1;1
202300052501;155 587 416;50;0;2;4;2;3
202300052502;155 587 411;7;0;0;0;0;1
202300052503;155 587 412;7;0;2;3;1;1
202300052503;155 587 417;50;0;2;2;17;3
202300052504;155 587 407;7;9;0;8;24;1
202300052504;155 587 408;7;1;0;2;13;1
202300052505;155 587 406;31;0;2;1;3;1
202300052505;155 587 409;7;0;2;6;1;2
202300052506;155 587 405;7;0;1;1;1;1
202300052507;155 587 403;7;0;2;5;1;1
202300052507;155 587 410;34;0;2;1;1;1
202300052508;155 587 404;7;2;0;8;0;1
202300052509;155 587 401;7;5;0;3;1;1
202300052510;155 587 400;1;0;2;1;1;5
202300052510;155 587 402;1;0;2;4;1;5
202300052511;155 587 397;7;0;1;1;1;2
202300052512;155 587 392;1;0;2;3;15;5
202300052512;155 587 396;80;0;2;2;17;3
202300052513;155 587 393;33;0;2;1;3;1
202300052513;155 587 398;7;0;2;5;1;1
202300052514;155 587 394;3;0;1;1;1;1
202300052515;155 587 391;7;6;0;1;13;1
202300052516;155 587 389;7;0;1;2;1;1
202300052517;155 587 388;1;0;2;8;1;5
202300052517;155 587 390;32;0;2;3;15;1
202300052518;155 587 382;21;0;0;5;26;0
202300052518;155 587 386;7;0;2;1;1;0
202300052519;155 587 384;7;4;0;3;13;1
202300052520;155 587 380;31;0;2;2;2;1
202300052520;155 587 385;7;0;2;6;23;1
202300052521;155 587 381;30;1;0;1;13;3
202300052522;155 587 383;7;0;2;2;7;2
202300052522;155 587 387;80;0;2;6;1;3
202300052523;155 587 379;14;0;1;0;1;1
202300052524;155 587 377;33;12;0;9;17;1
202300052525;155 587 378;1;0;1;1;1;5
202300052526;155 587 373;7;0;2;3;2;1
202300052526;155 587 375;33;0;2;7;2;1
202300052527;155 587 372;30;0;2;8;26;1
202300052527;155 587 376;7;0;2;1;0;0
202300052528;155 587 374;7;0;1;2;16;1
202300052529;155 587 371;10;0;1;3;1;1
202300052530;155 587 369;7;0;1;8;1;1
202300052531;155 587 368;7;0;2;1;5;1
202300052531;155 587 370;7;0;2;1;2;3
202300052532;155 587 367;50;0;0;0;21;3
202300052533;155 587 357;7;3;2;2;17;1
202300052533;155 587 362;7;3;2;6;1;1
202300052534;155 587 358;33;0;2;2;17;1
202300052534;155 587 363;7;0;0;6;17;1
202300052535;155 587 359;33;0;1;5;0;1
202300052536;155 587 361;33;0;2;1;1;1
202300052536;155 587 366;7;0;2;5;14;3
202300052537;155 587 360;33;0;2;7;17;1
202300052537;155 587 365;7;0;2;3;15;3
202300052538;155 587 356;7;0;2;5;14;6
202300052538;155 587 364;7;0;2;9;1;1
202300052539;155 587 355;7;0;1;2;1;1
202300052540;155 587 350;7;0;2;8;10;1
202300052540;155 587 353;7;0;2;1;1;1
202300052541;155 587 352;2;0;0;9;1;1
202300052542;155 587 351;1;0;1;1;5;5
202300052543;155 587 348;1;0;2;1;19;5
202300052543;155 587 354;7;0;2;7;15;1
202300052544;155 587 349;33;0;1;1;0;1
202300052545;155 587 346;7;14;0;1;2;1
202300052545;155 587 347;43;0;2;4;23;1
202300052546;155 587 345;50;0;1;7;1;3
202300052547;155 587 344;30;0;0;2;1;1
202300052548;155 587 343;1;0;0;0;21;5
202300052549;155 587 339;7;0;2;1;1;1
202300052549;155 587 342;7;0;2;1;5;1
202300052550;155 587 341;7;0;1;1;16;1
202300052551;155 587 331;7;0;0;5;2;1
202300052551;155 587 333;2;0;2;1;2;1
202300052552;155 587 332;7;0;1;2;1;1
202300052553;155 587 336;7;0;2;5;1;1
202300052553;155 587 340;50;0;2;1;19;3
202300052554;155 587 335;80;0;2;1;1;3
202300052554;155 587 337;50;0;2;0;5;3
202300052555;155 587 326;31;0;2;8;1;1
202300052555;155 587 330;7;0;2;3;1;1
202300052556;155 587 325;7;0;2;1;1;6
202300052556;155 587 329;10;0;2;1;5;6
202300052557;155 587 324;80;0;0;0;1;3
202300052558;155 587 322;7;0;2;1;13;1
202300052558;155 587 327;7;0;2;1;26;1
202300052559;155 587 321;1;0;0;0;0;5
202300052560;155 587 319;33;0;0;2;2;1
202300052561;155 587 315;10;0;2;6;15;1
202300052561;155 587 318;31;0;2;1;1;1
202300052562;155 587 312;37;0;2;1;2;1
202300052562;155 587 316;37;0;2;4;23;1
202300052563;155 587 313;1;0;2;8;23;5
202300052563;155 587 317;33;0;2;1;23;1
202300052564;155 587 314;7;0;2;1;2;1
202300052564;155 587 320;1;0;2;4;2;5
202300052565;155 587 310;37;0;1;7;1;1
202300052566;155 587 304;7;16;2;2;1;2
202300052566;155 587 306;7;9;2;1;1;3
202300052567;155 587 299;7;13;0;1;16;1
202300052568;155 587 302;33;14;2;0;24;1
202300052568;155 587 307;33;1;1;1;1;1
202300052568;155 587 311;33;1;0;4;24;1
202300052569;155 587 297;1;0;2;7;1;5
202300052569;155 587 303;99;0;2;2;9;1
202300052570;155 587 300;7;0;2;1;1;1
202300052570;155 587 305;10;0;2;2;15;1
202300052570;155 587 308;10;0;2;1;1;1
202300052571;155 587 295;31;0;2;1;1;1
202300052571;155 587 298;7;0;2;7;15;1
202300052572;155 587 294;7;0;1;5;4;1
202300052573;155 587 288;7;0;2;3;15;1
202300052573;155 587 292;2;0;2;0;0;1
202300052574;155 587 289;7;0;2;1;0;1
202300052574;155 587 293;7;0;2;4;0;1
202300052575;155 587 285;7;0;2;7;13;1
202300052575;155 587 290;13;0;2;1;1;1
202300052576;155 587 284;1;0;2;8;5;5
202300052576;155 587 287;33;0;2;1;1;1
202300052577;155 587 283;33;0;2;2;3;1
202300052577;155 587 286;7;0;2;8;1;1
202300052577;155 587 291;7;0;2;7;1;1
202300052578;155 587 296;7;0;2;7;1;1
202300052578;155 587 301;80;0;2;8;15;3
202300052579;155 587 278;7;0;2;5;20;1
202300052579;155 587 281;7;0;2;2;1;1
202300052580;155 587 280;1;0;2;7;15;5
202300052580;155 587 282;7;0;2;1;16;1
202300052581;155 587 275;7;0;2;7;17;1
202300052581;155 587 279;31;0;2;8;1;1
202300052582;155 587 277;7;0;1;3;1;1
202300052583;155 587 276;31;0;9;0;16;1
202300052584;155 587 270;1;0;2;1;2;5
202300052584;155 587 273;7;0;2;5;23;2
202300052585;155 587 267;7;0;1;2;1;1
202300052586;155 587 268;7;0;2;8;11;1
202300052586;155 587 272;33;0;2;7;3;1
202300052586;155 587 274;7;0;2;5;1;1
202300052587;155 587 266;17;0;2;1;1;1
202300052587;155 587 271;10;0;2;3;26;1
202300052588;155 587 265;7;15;0;2;15;1
202300052589;155 587 264;2;8;0;1;1;1
202300052590;155 587 261;7;1;0;9;1;1
202300052591;155 587 260;7;0;2;2;15;1
202300052591;155 587 263;50;0;2;1;1;3
202300052592;155 587 259;1;0;2;2;16;5
202300052592;155 587 262;1;0;0;2;2;5
202300052593;155 587 256;33;8;0;9;1;6
202300052594;155 587 255;7;0;2;1;1;1
202300052594;155 587 258;7;0;2;4;1;4
202300052595;155 587 251;7;3;0;1;0;1
202300052596;155 587 253;7;0;2;4;2;1
202300052596;155 587 254;7;0;2;4;1;1
202300052596;155 587 257;10;0;2;1;2;1
202300052597;155 587 252;17;0;1;1;1;1
202300052598;155 587 245;1;0;2;1;1;5
202300052598;155 587 248;7;0;2;4;23;1
202300052599;155 587 243;7;0;2;2;15;1
202300052599;155 587 247;7;0;2;8;1;1
202300052600;155 587 242;7;0;2;6;1;2
202300052600;155 587 246;10;0;2;2;14;1
202300052601;155 587 241;7;0;2;2;15;1
202300052601;155 587 244;50;0;2;1;1;3
202300052602;155 587 239;2;0;1;1;9;0
202300052603;155 587 237;7;4;0;1;0;1
202300052604;155 587 236;7;0;2;1;16;1
202300052604;155 587 240;7;0;2;4;23;1
202300052605;155 587 232;7;0;2;1;1;1
202300052605;155 587 233;7;0;2;4;1;1
202300052605;155 587 235;7;0;2;4;1;1
202300052606;155 587 231;7;0;2;1;0;1
202300052606;155 587 234;2;0;2;1;1;1
202300052606;155 587 238;7;0;2;2;15;1
202300052607;155 587 230;33;0;0;8;13;1
202300052608;155 587 228;7;1;0;7;13;1
202300052609;155 587 225;7;0;1;1;16;1
202300052610;155 587 224;10;0;2;8;10;1
202300052610;155 587 227;30;0;2;1;17;1
202300052611;155 587 223;7;0;2;1;2;1
202300052611;155 587 226;7;0;2;4;2;1
202300052612;155 587 221;10;0;2;3;26;1
202300052612;155 587 229;1;0;2;1;25;5
202300052613;155 587 220;30;0;2;1;2;3
202300052613;155 587 222;7;0;2;6;23;1
202300052614;155 587 217;7;0;1;0;19;1
202300052615;155 587 215;10;0;2;1;5;1
202300052615;155 587 219;10;0;2;1;1;3
202300052616;155 587 212;1;0;0;8;1;5
202300052617;155 587 211;7;0;9;2;1;1
202300052617;155 587 214;17;0;2;4;2;1
202300052617;155 587 218;31;0;2;1;2;1
202300052618;155 587 213;7;0;2;7;1;1
202300052618;155 587 216;37;0;2;7;16;1
202300052619;155 587 208;7;0;2;2;15;1
202300052619;155 587 210;2;0;2;3;1;1
202300052620;155 587 205;7;0;0;1;1;1
202300052621;155 587 207;7;0;2;0;1;1
202300052621;155 587 209;80;0;2;0;1;3
202300052622;155 587 203;10;0;1;5;20;1
202300052623;155 587 204;7;0;2;1;1;1
202300052623;155 587 206;1;0;2;4;1;5
202300052624;155 587 197;7;0;2;4;2;1
202300052624;155 587 201;10;0;2;1;2;1
202300052625;155 587 195;50;0;2;1;1;3
202300052625;155 587 199;7;0;2;2;1;1
202300052626;155 587 194;7;0;2;3;1;1
202300052626;155 587 200;7;0;2;1;13;1
202300052626;155 587 202;7;0;2;3;1;1
202300052627;155 587 192;1;0;2;0;1;5
202300052627;155 587 196;1;0;2;7;1;5
202300052628;155 587 193;34;0;2;1;2;1
202300052628;155 587 198;7;0;2;3;15;1
202300052629;155 587 190;7;13;0;1;13;1
202300052630;155 587 186;33;0;2;8;3;1
202300052630;155 587 188;33;0;2;8;11;1
202300052630;155 587 191;7;0;2;8;1;1
202300052631;155 587 184;50;0;0;0;0;3
202300052631;155 587 189;10;0;2;0;2;0
202300052632;155 587 187;30;0;1;1;1;1
202300052633;155 587 183;7;0;2;7;12;1
202300052633;155 587 185;34;0;2;8;16;1
202300052634;155 587 181;1;0;2;5;0;5
202300052634;155 587 182;7;0;2;2;1;1
202300052635;155 587 178;7;0;2;3;0;1
202300052635;155 587 179;2;0;2;1;26;1
202300052636;155 587 180;7;4;0;2;1;1
202300052637;155 587 177;50;0;0;0;1;3
202300052638;155 587 174;7;0;1;1;15;1
202300052639;155 587 172;30;0;1;1;1;1
202300052640;155 587 175;3;0;2;1;1;1
202300052640;155 587 176;30;0;2;1;9;1
202300052641;155 587 170;7;0;2;4;0;1
202300052641;155 587 171;7;0;2;1;0;1
202300052642;155 587 165;50;0;2;1;2;3
202300052642;155 587 168;7;0;2;5;15;1
202300052643;155 587 166;1;9;2;8;15;5
202300052643;155 587 169;33;0;2;2;2;1
202300052644;155 587 164;43;0;0;0;2;1
202300052645;155 587 163;2;0;2;1;0;0
202300052645;155 587 167;1;0;2;3;15;5
202300052646;155 587 160;7;0;1;1;1;1
202300052647;155 587 162;1;0;2;1;1;5
202300052647;155 587 173;7;0;9;3;9;1
202300052648;155 587 158;7;0;2;0;0;1
202300052648;155 587 159;7;0;2;1;0;1
202300052649;155 587 157;7;0;2;1;1;1
202300052649;155 587 161;1;0;2;7;1;5
202300052650;155 587 155;7;1;1;1;19;1
202300052651;155 587 154;7;0;2;2;1;1
202300052651;155 587 156;3;0;2;3;1;1
202300052652;155 587 152;10;0;0;9;0;1
202300052653;155 587 153;7;0;1;2;19;1
202300052654;155 587 151;7;0;0;9;1;1
202300052655;155 587 148;33;0;2;0;0;1
202300052656;155 587 145;7;0;2;1;19;1
202300052656;155 587 149;34;0;2;8;1;1
202300052657;155 587 144;50;0;2;1;1;3
202300052657;155 587 147;10;0;2;7;22;1
202300052658;155 587 143;33;1;0;1;3;1
202300052658;155 587 146;38;0;2;4;0;1
202300052658;155 587 150;3;0;2;1;0;1
202300052659;155 587 139;1;0;2;2;18;5
202300052659;155 587 142;7;0;2;5;23;1
202300052660;155 587 138;30;0;2;1;1;1
202300052660;155 587 140;7;0;2;3;13;1
202300052661;155 587 137;2;0;0;5;0;0
202300052661;155 587 141;33;0;2;2;14;1
202300052662;155 587 136;7;0;1;1;1;1
202300052663;155 587 133;31;0;0;0;9;1
202300052664;155 587 132;7;1;0;0;0;1
202300052664;155 587 135;1;1;0;2;0;5
202300052665;155 587 131;7;0;2;1;2;0
202300052665;155 587 134;7;0;2;4;2;0
202300052666;155 587 130;15;0;0;8;0;6
202300052667;155 587 129;32;0;1;3;9;1
202300052668;155 587 128;30;14;0;0;26;1
202300052669;155 587 125;7;0;2;1;15;1
202300052669;155 587 127;7;8;2;1;1;1
202300052670;155 587 124;7;0;1;1;1;2
202300052671;155 587 123;7;0;2;1;9;1
202300052671;155 587 126;7;0;2;2;1;1
202300052672;155 587 122;7;4;0;3;1;1
202300052673;155 587 118;7;0;2;6;1;0
202300052673;155 587 121;7;0;2;3;13;1
202300052674;155 587 116;7;0;2;2;1;1
202300052674;155 587 119;7;0;2;3;9;1
202300052675;155 587 117;32;0;2;1;9;1
202300052675;155 587 120;7;0;2;2;9;1
202300052676;155 587 115;1;0;1;1;1;5
202300052677;155 587 110;7;0;2;1;1;1
202300052677;155 587 112;7;0;2;4;23;1
202300052678;155 587 109;7;0;2;;1;
202300052678;155 587 113;34;0;2;8;1;1
202300052679;155 587 108;10;0;2;8;0;1
202300052679;155 587 114;31;0;2;7;9;1
202300052680;155 587 107;7;0;2;3;1;1
202300052680;155 587 111;30;0;2;1;15;1
202300052681;155 587 103;31;0;2;1;23;0
202300052681;155 587 104;3;0;2;6;1;0
202300052682;155 587 102;1;0;2;7;0;5
202300052682;155 587 106;7;0;2;1;9;1
202300052683;155 587 101;0;0;0;0;0;0
202300052683;155 587 105;50;0;2;2;1;3
202300052684;155 587 100;7;13;0;7;1;1
202300052685;155 587 096;50;1;0;1;1;3
202300052685;155 587 099;10;0;2;3;24;1
202300052686;155 587 095;10;0;1;2;1;1
202300052687;155 587 094;7;0;2;1;26;1
202300052687;155 587 098;10;0;2;1;15;1
202300052688;155 587 092;1;12;0;7;16;5
202300052689;155 587 088;7;0;9;1;1;1
202300052689;155 587 090;1;0;2;1;5;5
202300052690;155 587 087;13;0;2;3;26;1
202300052690;155 587 089;7;12;2;3;1;2
202300052691;155 587 085;3;0;1;7;21;3
202300052692;155 587 080;34;0;2;3;2;1
202300052692;155 587 083;10;0;2;5;2;1
202300052693;155 587 078;7;0;2;4;4;1
202300052693;155 587 081;43;0;2;7;1;1
202300052694;155 587 077;7;0;2;3;1;1
202300052694;155 587 079;31;0;2;3;1;1
202300052695;155 587 076;7;0;2;1;1;1
202300052695;155 587 082;3;0;2;7;1;1
202300052696;155 587 074;33;0;2;1;2;1
202300052696;155 587 075;33;0;2;6;10;1
202300052697;155 587 071;7;0;2;1;2;1
202300052697;155 587 072;7;14;2;4;2;1
202300052698;155 587 066;7;0;2;1;2;1
202300052698;155 587 067;7;0;2;6;2;1
202300052698;155 587 070;7;0;2;6;2;1
202300052698;155 587 073;7;0;2;7;2;2
202300052699;155 587 065;7;0;2;7;1;1
202300052699;155 587 069;7;0;2;1;19;1
202300052700;155 587 064;7;0;2;2;22;1
202300052700;155 587 068;50;0;2;1;1;3
202300052701;155 587 057;1;0;2;2;1;0
202300052701;155 587 061;2;0;2;7;23;0
202300052702;155 587 056;7;0;2;4;2;1
202300052702;155 587 060;15;0;2;4;2;1
202300052702;155 587 062;7;0;2;4;2;1
202300052702;155 587 063;10;0;2;1;2;1
202300052703;155 587 055;32;0;2;1;1;1
202300052703;155 587 058;32;0;2;4;20;1
202300052704;155 587 054;7;0;2;1;19;2
202300052704;155 587 059;33;0;2;7;1;1
202300052705;155 587 053;32;6;0;1;1;1
202300052706;155 587 052;7;0;1;3;16;1
202300052707;155 587 049;33;0;2;3;1;1
202300052707;155 587 051;10;0;2;2;1;1
202300052708;155 587 048;7;0;1;1;1;1
202300052709;155 587 047;2;0;2;7;1;1
202300052709;155 587 050;7;0;2;3;15;1
202300052710;155 587 046;7;0;1;1;1;1
202300052711;155 587 043;7;3;0;1;14;1
202300052712;155 587 042;7;0;2;1;1;1
202300052712;155 587 044;7;0;2;2;1;1
202300052713;155 587 041;7;0;2;3;1;1
202300052713;155 587 045;10;0;2;1;19;1
202300052714;155 587 039;30;0;2;5;14;1
202300052714;155 587 040;7;0;2;3;1;1
202300052715;155 587 035;7;0;2;2;2;1
202300052715;155 587 036;33;0;2;6;12;1
202300052716;155 587 032;50;0;2;7;1;3
202300052716;155 587 037;10;0;2;1;16;1
202300052717;155 587 034;7;0;2;1;1;1
202300052717;155 587 038;7;0;2;3;1;1
202300052718;155 587 031;1;0;2;1;1;5
202300052718;155 587 033;7;0;2;1;1;2
202300052719;155 587 030;14;13;0;0;0;1
202300052720;155 587 028;21;0;9;9;1;1
202300052721;155 587 026;32;0;2;7;1;1
202300052721;155 587 029;7;0;2;8;9;1
202300052722;155 587 027;33;0;1;1;1;1
202300052723;155 587 022;50;0;0;0;1;3
202300052724;155 587 023;7;0;2;3;15;1
202300052724;155 587 025;31;0;2;8;1;1
202300052725;155 587 024;7;13;0;3;16;1
202300052726;155 587 021;50;0;0;0;26;3
202300052727;155 587 020;80;0;0;2;1;3
202300052728;155 587 015;7;0;2;1;26;1
202300052728;155 587 017;34;0;2;1;0;1
202300052729;155 587 016;7;0;2;1;15;1
202300052729;155 587 018;30;0;2;1;1;0
202300052730;155 587 014;7;0;2;3;1;1
202300052730;155 587 019;7;0;2;8;9;1
202300052731;155 587 013;7;0;1;1;1;1
202300052732;155 587 012;33;3;0;1;1;1
202300052733;155 587 008;2;0;2;8;1;1
202300052733;155 587 010;7;0;2;5;14;1
202300052734;155 587 009;30;15;0;1;0;0
202300052734;155 587 011;7;0;2;0;0;1
202300052735;155 587 006;33;0;2;8;13;1
202300052735;155 587 007;7;0;2;8;1;1
202300052736;155 586 999;31;0;2;1;1;1
202300052736;155 587 001;10;0;2;2;15;1
202300052737;155 586 997;7;0;2;5;16;1
202300052737;155 587 000;10;0;2;2;1;1
202300052738;155 586 996;7;0;2;1;1;1
202300052738;155 586 998;10;0;2;3;13;1
202300052739;155 586 995;7;0;1;3;1;1
202300052740;155 586 993;7;0;2;3;22;1
202300052740;155 586 994;1;1;0;1;1;5
202300052741;155 586 992;10;13;0;2;1;1
202300052742;155 586 991;7;0;1;2;16;0
202300052743;155 586 990;34;0;0;0;1;1
202300052744;155 586 987;3;0;2;3;1;1
202300052744;155 586 989;36;0;2;1;1;1
202300052745;155 586 986;10;0;1;0;0;0
202300052746;155 586 985;33;0;2;1;1;1
202300052746;155 586 988;7;0;2;2;15;1
202300052747;155 586 983;7;3;2;2;14;3
202300052747;155 586 984;7;4;0;6;1;1
202300052748;155 586 980;7;0;2;3;15;1
202300052748;155 586 982;32;0;2;1;1;1
202300052749;155 586 979;7;0;2;3;9;1
202300052749;155 586 981;50;0;2;2;9;3
202300052750;155 586 977;7;0;2;1;13;1
202300052750;155 586 978;7;0;2;1;1;1
202300052751;155 586 975;7;0;2;2;2;1
202300052751;155 586 976;2;0;2;3;2;1
202300052752;155 586 973;10;0;2;1;1;1
202300052752;155 586 974;7;0;2;4;1;1
202300052753;155 586 970;50;1;0;1;18;3
202300052753;155 586 971;7;0;9;7;22;1
202300052754;155 586 969;7;0;2;1;1;1
202300052754;155 586 972;7;0;2;3;9;1
202300052755;155 586 965;7;0;2;2;15;1
202300052755;155 586 968;10;12;2;1;1;1
202300052756;155 586 964;7;0;0;4;1;0
202300052756;155 586 967;13;0;2;1;1;0
202300052757;155 586 963;2;0;2;1;1;1
202300052757;155 586 966;7;0;2;2;1;1
202300052758;155 586 960;30;0;2;0;0;1
202300052758;155 586 962;10;0;2;1;1;1
202300052759;155 586 958;14;0;2;5;1;1