Num_Acc;id_vehicule;categorie_vehicule;obstacle_fixe;obstacle_mobile;point_choc_initial;manoeuvre_principale;motorisation
202300053114;155 586 335;7;0;2;2;1;1
202300053114;155 586 340;15;0;2;2;15;1
202300053115;155 586 334;7;0;2;3;26;1
202300053115;155 586 343;1;0;2;8;1;5
202300053116;155 586 330;7;0;1;3;15;1
202300053117;155 586 331;7;0;2;3;13;1
202300053117;155 586 332;17;0;0;3;1;1
202300053118;155 586 326;7;0;1;1;1;1
202300053119;155 586 323;7;0;2;3;1;1
202300053119;155 586 329;7;0;2;3;1;1
202300053120;155 586 322;7;0;2;3;1;1
202300053120;155 586 327;50;0;2;1;19;3
202300053121;155 586 321;7;0;1;1;1;1
202300053122;155 586 319;32;0;2;2;17;0
202300053122;155 586 324;7;0;2;8;15;1
202300053123;155 586 316;10;0;2;1;1;1
202300053123;155 586 318;7;7;0;1;1;1
202300053123;155 586 325;7;0;2;1;1;1
202300053124;155 586 315;7;0;2;3;15;1
202300053124;155 586 320;15;0;2;1;1;1
202300053125;155 586 317;7;13;0;5;2;0
202300053125;155 586 328;7;12;2;3;1;0
202300053126;155 586 313;7;0;1;1;1;1
202300053127;155 586 309;7;0;2;3;2;1
202300053127;155 586 314;7;0;2;3;17;1
202300053128;155 586 308;14;0;2;7;26;1
202300053128;155 586 311;7;0;2;3;0;2
202300053129;155 586 310;7;0;1;7;2;1
202300053130;155 586 306;7;8;0;2;1;1
202300053131;155 586 307;14;0;1;0;16;1
202300053132;155 586 301;30;0;2;2;17;3
202300053132;155 586 303;7;0;2;3;1;1
202300053133;155 586 299;7;0;2;1;1;1
202300053133;155 586 304;7;0;2;4;1;1
202300053134;155 586 297;7;0;2;3;9;0
202300053134;155 586 302;2;0;2;7;15;1
202300053135;155 586 296;37;0;2;3;1;1
202300053135;155 586 312;14;0;2;2;1;1
202300053136;155 586 295;7;0;0;4;23;1
202300053136;155 586 300;7;0;2;1;1;1
202300053137;155 586 292;7;6;0;3;1;1
202300053138;155 586 290;15;0;0;6;1;1
202300053138;155 586 294;10;0;2;2;2;1
202300053139;155 586 293;7;0;2;5;14;1
202300053139;155 586 298;33;0;2;3;18;1
202300053140;155 586 288;34;0;2;1;1;1
202300053140;155 586 291;7;0;2;0;15;1
202300053141;155 586 285;3;0;2;2;14;2
202300053141;155 586 287;99;0;2;1;1;3
202300053142;155 586 284;7;0;1;1;1;1
202300053143;155 586 280;33;13;0;1;5;1
202300053144;155 586 282;33;0;2;0;21;1
202300053144;155 586 286;31;0;2;0;0;1
202300053145;155 586 279;7;1;0;3;1;1
202300053146;155 586 281;10;0;2;2;13;1
202300053146;155 586 289;7;13;2;6;1;1
202300053147;155 586 275;7;0;0;4;2;1
202300053147;155 586 277;7;0;2;0;0;1
202300053148;155 586 274;10;0;1;6;26;1
202300053149;155 586 273;7;0;2;1;5;1
202300053149;155 586 278;7;0;2;1;1;1
202300053149;155 586 283;7;0;2;1;1;1
202300053150;155 586 276;32;8;0;1;14;1
202300053151;155 586 268;7;0;0;6;24;2
202300053151;155 586 272;15;1;0;2;1;1
202300053152;155 586 266;7;0;9;1;1;1
202300053152;155 586 270;15;0;0;0;1;0
202300053153;155 586 263;1;0;0;0;0;5
202300053154;155 586 265;10;0;2;1;1;1
202300053154;155 586 271;50;0;2;0;15;3
202300053155;155 586 259;13;0;2;3;2;1
202300053155;155 586 262;7;0;2;4;2;1
202300053155;155 586 267;7;0;0;4;2;3
202300053156;155 586 257;14;0;0;8;1;1
202300053157;155 586 260;7;0;0;5;16;1
202300053157;155 586 264;7;0;2;1;7;1
202300053158;155 586 256;7;2;0;0;1;1
202300053159;155 586 255;7;0;9;3;9;1
202300053159;155 586 261;2;0;2;1;1;1
202300053160;155 586 253;7;0;9;1;1;0
202300053160;155 586 258;1;0;0;4;1;5
202300053161;155 586 249;7;2;0;1;14;1
202300053162;155 586 250;1;0;2;1;1;5
202300053162;155 586 252;7;0;2;3;9;1
202300053163;155 586 244;7;0;0;8;1;1
202300053163;155 586 251;7;0;0;1;1;1
202300053164;155 586 243;7;0;2;1;1;2
202300053164;155 586 248;7;0;2;1;5;1
202300053165;155 586 241;7;0;2;2;26;1
202300053165;155 586 245;50;0;2;2;25;3
202300053166;155 586 240;7;0;2;1;5;1
202300053166;155 586 246;7;0;2;1;1;1
202300053167;155 586 237;7;2;0;7;1;1
202300053168;155 586 238;7;0;2;3;1;1
202300053168;155 586 242;7;0;2;3;1;1
202300053169;155 586 235;7;0;1;1;1;1
202300053170;155 586 233;10;0;2;1;1;1
202300053170;155 586 234;10;0;2;8;19;0
202300053171;155 586 232;7;0;2;5;2;1
202300053171;155 586 236;34;0;2;3;2;1
202300053172;155 586 231;10;7;0;9;1;1
202300053173;155 586 230;7;0;1;1;1;1
202300053174;155 586 224;7;0;2;1;15;1
202300053174;155 586 228;7;9;2;8;1;1
202300053175;155 586 223;7;0;2;1;13;1
202300053175;155 586 225;7;0;2;1;1;1
202300053176;155 586 222;7;0;0;0;1;1
202300053176;155 586 226;7;0;2;1;1;1
202300053176;155 586 229;7;0;2;1;17;1
202300053177;155 586 218;7;0;9;2;2;1
202300053177;155 586 221;1;0;2;8;1;5
202300053178;155 586 216;50;0;0;3;21;3
202300053179;155 586 214;14;0;2;0;0;1
202300053179;155 586 219;7;0;2;5;1;1
202300053180;155 586 215;33;6;2;1;26;1
202300053180;155 586 220;7;0;2;3;15;1
202300053181;155 586 210;7;0;1;7;1;1
202300053182;155 586 211;7;0;2;5;15;3
202300053182;155 586 217;33;0;2;1;1;1
202300053183;155 586 208;7;0;2;1;1;1
202300053183;155 586 212;7;0;2;1;1;1
202300053184;155 586 203;2;9;0;3;26;1
202300053184;155 586 207;1;0;2;0;26;5
202300053185;155 586 202;7;0;1;3;21;2
202300053185;155 586 209;7;0;2;4;0;1
202300053185;155 586 213;7;0;2;1;0;1
202300053186;155 586 204;7;12;0;3;0;1
202300053187;155 586 200;7;0;2;2;16;1
202300053187;155 586 205;1;0;0;0;0;5
202300053188;155 586 201;33;0;2;1;1;1
202300053188;155 586 206;7;0;2;2;15;1
202300053189;155 586 197;7;0;2;2;15;1
202300053189;155 586 199;7;0;2;3;1;3
202300053190;155 586 198;10;0;1;3;1;1
202300053191;155 586 194;7;6;0;7;1;1
202300053192;155 586 193;36;9;0;1;1;1
202300053193;155 586 191;7;0;2;3;13;1
202300053193;155 586 196;7;0;2;3;1;1
202300053194;155 586 187;7;0;2;1;15;1
202300053194;155 586 192;31;0;2;1;1;1
202300053195;155 586 189;7;0;2;3;9;0
202300053195;155 586 195;33;0;2;1;1;0
202300053196;155 586 188;31;0;2;0;1;1
202300053196;155 586 190;7;0;2;3;20;1
202300053197;155 586 183;50;0;0;2;0;3
202300053198;155 586 181;50;0;2;1;19;3
202300053198;155 586 185;7;0;2;2;23;1
202300053199;155 586 179;7;0;2;3;2;1
202300053199;155 586 184;7;0;2;5;2;2
202300053200;155 586 180;7;0;2;3;19;1
202300053200;155 586 186;2;0;2;1;1;1
202300053201;155 586 176;7;2;0;1;1;1
202300053202;155 586 174;7;0;2;2;1;1
202300053202;155 586 178;7;0;2;3;19;1
202300053203;155 586 173;7;0;0;9;1;1
202300053204;155 586 172;21;0;0;0;1;1
202300053205;155 586 168;7;0;1;3;15;1
202300053206;155 586 171;7;2;0;4;14;1
202300053207;155 586 166;2;1;0;2;1;1
202300053208;155 586 163;7;0;2;1;1;1
202300053208;155 586 169;7;0;2;2;15;1
202300053208;155 586 175;7;0;0;3;23;1
202300053209;155 586 165;33;0;2;6;0;1
202300053209;155 586 170;33;0;2;2;21;1
202300053210;155 586 164;7;0;2;1;17;1
202300053210;155 586 167;2;0;2;1;1;1
202300053211;155 586 161;36;0;0;0;1;1
202300053212;155 586 160;2;6;0;3;0;1
202300053213;155 586 158;33;3;0;0;1;1
202300053214;155 586 157;31;0;2;3;17;1
202300053214;155 586 162;7;0;2;3;1;1
202300053215;155 586 155;7;0;2;3;5;1
202300053215;155 586 159;17;0;2;3;1;1
202300053216;155 586 154;10;2;0;1;14;1
202300053217;155 586 149;7;0;2;3;13;0
202300053217;155 586 153;7;0;2;3;1;0
202300053218;155 586 147;7;0;2;3;14;1
202300053218;155 586 151;7;0;2;5;1;1
202300053219;155 586 146;33;0;0;7;1;1
202300053220;155 586 140;1;0;0;6;2;5
202300053220;155 586 143;7;0;2;2;9;1
202300053221;155 586 137;7;0;2;2;1;1
202300053221;155 586 148;10;0;2;3;19;1
202300053222;155 586 139;10;0;2;1;1;1
202300053222;155 586 145;7;0;2;4;23;1
202300053222;155 586 152;7;0;0;4;23;1
202300053223;155 586 138;7;0;1;1;1;1
202300053224;155 586 133;7;0;2;0;2;1
202300053224;155 586 141;7;0;2;4;2;1
202300053224;155 586 144;7;0;2;9;2;1
202300053224;155 586 150;7;0;2;0;2;1
202300053224;155 586 156;7;0;2;0;2;1
202300053225;155 586 134;7;0;2;3;1;1
202300053225;155 586 142;7;0;2;7;1;1
202300053226;155 586 132;17;0;2;3;13;1
202300053226;155 586 135;33;0;2;3;1;1
202300053227;155 586 130;7;0;2;3;1;1
202300053227;155 586 136;50;0;2;7;19;3
202300053228;155 586 129;7;13;0;9;1;1
202300053229;155 586 125;7;16;0;1;1;1
202300053230;155 586 127;10;2;0;2;14;1
202300053231;155 586 123;7;0;2;2;10;3
202300053231;155 586 131;33;0;2;8;1;1
202300053232;155 586 118;7;0;2;1;1;1
202300053232;155 586 126;7;0;2;1;17;1
202300053233;155 586 117;7;0;1;3;2;1
202300053234;155 586 116;30;0;0;7;0;1
202300053235;155 586 120;2;0;2;1;17;1
202300053235;155 586 124;7;0;2;3;15;1
202300053236;155 586 119;50;0;2;1;2;3
202300053236;155 586 122;7;0;2;5;16;1
202300053237;155 586 110;33;13;0;0;1;1
202300053238;155 586 107;7;0;2;1;1;1
202300053238;155 586 113;7;0;0;4;1;3
202300053239;155 586 108;7;13;0;2;1;1
202300053240;155 586 105;7;0;2;1;1;1
202300053240;155 586 112;30;0;2;7;9;1
202300053241;155 586 106;7;0;2;4;2;1
202300053241;155 586 115;7;0;2;4;1;1
202300053241;155 586 121;7;0;2;4;2;1
202300053241;155 586 128;10;0;2;1;2;1
202300053242;155 586 103;30;0;2;0;0;0
202300053242;155 586 111;7;0;2;3;16;6
202300053243;155 586 101;34;0;0;0;0;1
202300053244;155 586 104;7;0;1;1;1;1
202300053245;155 586 099;10;3;2;1;1;1
202300053245;155 586 102;17;0;2;4;1;1
202300053246;155 586 098;7;0;1;3;1;1
202300053247;155 586 095;7;13;0;2;1;1
202300053248;155 586 096;32;0;0;0;2;1
202300053249;155 586 094;7;13;0;5;0;1
202300053250;155 586 092;7;0;0;2;1;1
202300053250;155 586 100;7;0;0;8;1;1
202300053250;155 586 109;7;0;0;3;1;1
202300053251;155 586 093;30;0;2;1;1;1
202300053251;155 586 097;7;0;2;2;15;1
202300053252;155 586 086;15;0;0;2;1;1
202300053252;155 586 090;7;0;2;9;1;1
202300053253;155 586 087;1;0;2;1;13;5
202300053253;155 586 091;7;0;2;2;1;1
202300053254;155 586 085;33;12;0;1;13;1
202300053255;155 586 084;1;0;2;7;1;5
202300053255;155 586 088;7;0;2;3;10;1
202300053256;155 586 081;1;0;2;8;1;5
202300053256;155 586 082;7;0;2;7;2;1
202300053257;155 586 078;0;0;1;0;0;0
202300053258;155 586 076;7;0;2;1;1;0
202300053258;155 586 080;7;0;2;1;1;1
202300053258;155 586 083;7;0;2;4;1;1
202300053259;155 586 071;10;2;0;1;1;1
202300053260;155 586 070;33;12;0;8;0;1
202300053261;155 586 072;50;0;2;1;19;3
202300053261;155 586 079;7;0;2;3;1;1
202300053262;155 586 073;7;0;1;1;1;1
202300053263;155 586 069;7;0;2;3;13;1
202300053263;155 586 077;7;0;2;3;1;1
202300053264;155 586 068;7;14;2;4;1;1
202300053264;155 586 075;7;0;2;1;1;1
202300053265;155 586 066;7;13;0;1;1;1
202300053266;155 586 065;50;0;2;1;5;3
202300053266;155 586 067;7;0;9;1;1;1
202300053267;155 586 057;7;0;1;2;1;1
202300053268;155 586 059;7;2;2;2;14;1
202300053269;155 586 055;7;0;2;8;1;2
202300053269;155 586 064;30;0;2;1;7;1
202300053270;155 586 054;7;0;2;8;1;1
202300053270;155 586 060;7;0;2;1;1;0
202300053270;155 586 062;7;0;2;5;1;1
202300053271;155 586 053;33;0;0;9;13;1
202300053272;155 586 052;15;0;2;3;1;1
202300053272;155 586 056;15;0;0;0;1;1
202300053272;155 586 063;7;0;2;1;0;1
202300053273;155 586 050;7;13;0;1;1;1
202300053274;155 586 049;33;0;0;0;1;1
202300053275;155 586 048;7;3;2;3;1;1
202300053275;155 586 051;7;0;2;1;15;1
202300053276;155 586 046;7;0;1;1;1;1
202300053277;155 586 039;7;16;0;1;17;1
202300053278;155 586 042;21;0;0;0;0;1
202300053279;155 586 038;10;0;2;7;12;0
202300053279;155 586 044;33;0;2;8;3;1
202300053280;155 586 040;7;0;2;3;15;1
202300053280;155 586 045;7;6;2;1;17;1
202300053281;155 586 036;7;0;2;1;15;1
202300053281;155 586 047;30;0;2;1;1;1
202300053282;155 586 035;10;0;2;3;13;1
202300053282;155 586 043;7;0;2;2;1;1
202300053283;155 586 029;7;0;0;1;1;1
202300053284;155 586 037;10;0;2;1;1;1
202300053284;155 586 041;7;0;0;8;9;1
202300053285;155 586 027;7;0;2;2;13;1
202300053285;155 586 031;7;0;2;2;1;1
202300053286;155 586 028;7;0;2;6;1;1
202300053286;155 586 030;10;0;2;2;12;1
202300053287;155 586 033;7;0;1;1;26;2
202300053288;155 586 024;7;13;0;8;2;1
202300053289;155 586 020;7;0;2;1;1;1
202300053289;155 586 026;7;0;2;3;19;1
202300053290;155 586 023;7;0;2;1;17;1
202300053290;155 586 032;7;0;2;6;15;1
202300053291;155 586 019;7;0;2;3;1;1
202300053291;155 586 034;7;0;2;1;26;1
202300053292;155 586 017;7;0;2;2;15;1
202300053292;155 586 025;31;0;2;1;16;1
202300053293;155 586 016;33;17;0;1;1;1
202300053294;155 586 015;31;0;2;1;0;1
202300053294;155 586 021;32;0;2;1;0;1
202300053295;155 586 013;34;0;2;1;1;1
202300053295;155 586 018;7;0;2;1;17;1
202300053296;155 586 011;10;0;2;4;2;1
202300053296;155 586 014;7;0;2;4;2;4
202300053296;155 586 022;10;0;2;3;1;1
202300053297;155 586 008;7;9;1;2;14;1
202300053298;155 586 007;7;3;0;6;2;1
202300053298;155 586 012;7;0;2;3;2;1
202300053299;155 586 006;7;13;0;2;1;1
202300053300;155 586 004;7;0;2;1;16;1
202300053300;155 586 009;30;0;2;2;21;1
202300053301;155 586 002;7;0;1;1;19;1
202300053302;155 586 001;21;0;2;3;19;1
202300053302;155 586 010;33;0;2;1;1;1
202300053303;155 586 000;7;6;0;1;1;1
202300053304;155 585 999;7;0;2;3;0;1
202300053304;155 586 003;33;0;2;3;3;1
202300053305;155 585 997;7;13;0;3;1;1
202300053306;155 585 994;33;0;0;1;26;1
202300053307;155 585 993;7;4;0;1;0;1
202300053307;155 585 996;7;0;2;1;2;1
202300053307;155 585 998;7;0;2;1;1;1
202300053308;155 585 992;7;0;1;2;15;1
202300053309;155 585 989;7;0;2;2;17;1
202300053309;155 586 005;7;0;2;3;13;1
202300053310;155 585 990;7;1;0;0;1;1
202300053311;155 585 987;7;0;2;4;1;0
202300053311;155 585 995;7;0;2;1;1;0
202300053312;155 585 984;33;13;0;1;14;1
202300053313;155 585 982;7;7;0;7;0;1
202300053314;155 585 985;7;0;0;0;15;1
202300053314;155 585 988;1;0;0;0;1;5
202300053315;155 585 979;2;0;2;1;13;1
202300053315;155 585 981;7;0;2;3;1;1
202300053316;155 585 980;2;0;2;1;19;1
202300053316;155 585 991;7;0;2;2;26;1
202300053317;155 585 978;17;0;2;5;1;1
202300053317;155 585 983;17;0;2;1;1;1
202300053317;155 585 986;10;0;2;1;2;1
202300053318;155 585 977;7;6;0;8;26;1
202300053319;155 585 974;33;0;0;8;1;0
202300053320;155 585 973;7;2;0;1;1;1
202300053321;155 585 968;10;0;2;1;1;1
202300053321;155 585 972;7;0;2;2;16;1
202300053322;155 585 964;15;0;2;8;1;1
202300053322;155 585 967;7;0;9;3;1;1
202300053323;155 585 963;7;6;0;1;2;0
202300053324;155 585 970;17;0;2;2;1;1
202300053324;155 585 975;7;0;2;8;4;1
202300053325;155 585 971;7;0;2;1;1;3
202300053325;155 585 976;10;0;2;3;13;1
202300053326;155 585 960;33;0;0;8;1;1
202300053327;155 585 961;7;0;2;8;15;1
202300053327;155 585 966;7;0;2;3;1;1
202300053328;155 585 959;7;7;2;8;0;1
202300053328;155 585 969;7;7;2;1;0;1
202300053329;155 585 955;7;0;0;0;24;1
202300053330;155 585 951;7;0;0;0;1;1
202300053330;155 585 962;33;0;0;2;1;1
202300053331;155 585 949;10;0;2;3;1;1
202300053331;155 585 954;7;0;2;3;13;1
202300053332;155 585 952;3;0;2;2;17;1
202300053332;155 585 957;1;0;0;3;1;5
202300053333;155 585 947;7;6;2;5;9;1
202300053333;155 585 958;10;0;2;3;23;1
202300053333;155 585 965;7;1;2;1;1;1
202300053334;155 585 943;33;13;0;1;1;1
202300053335;155 585 944;2;0;2;0;18;1
202300053335;155 585 953;7;0;2;2;1;1
202300053336;155 585 942;1;0;2;8;13;5
202300053336;155 585 948;31;0;2;8;26;1
202300053337;155 585 941;7;1;0;1;1;1
202300053338;155 585 940;33;0;0;0;15;1
202300053338;155 585 945;33;0;0;0;17;1
202300053339;155 585 938;33;8;0;0;1;0
202300053340;155 585 937;7;0;2;1;1;1
202300053340;155 585 939;7;0;2;1;13;1
202300053341;155 585 933;33;0;2;1;1;1
202300053341;155 585 936;7;0;2;8;10;1
202300053342;155 585 927;33;0;0;4;1;1
202300053342;155 585 934;7;0;2;2;12;1
202300053343;155 585 926;7;6;0;3;13;1
202300053344;155 585 925;10;0;2;1;24;0
202300053344;155 585 931;50;0;0;0;0;3
202300053345;155 585 923;7;0;2;3;15;1
202300053345;155 585 932;33;0;2;1;1;1
202300053346;155 585 920;7;0;2;1;2;1
202300053346;155 585 929;14;0;0;4;2;1
202300053347;155 585 917;7;0;2;2;12;1
202300053347;155 585 924;2;0;2;8;1;1
202300053348;155 585 915;7;0;2;3;13;1
202300053348;155 585 921;7;0;2;3;1;1
202300053349;155 585 914;7;0;1;1;1;1
202300053350;155 585 912;7;1;2;5;1;1
202300053350;155 585 918;34;0;2;1;1;1
202300053350;155 585 922;7;0;2;7;1;1
202300053350;155 585 930;15;0;2;3;1;1
202300053351;155 585 910;17;0;2;3;1;1
202300053351;155 585 913;7;14;0;1;1;1
202300053351;155 585 916;7;0;2;3;13;1
202300053352;155 585 906;7;2;0;1;11;1
202300053353;155 585 908;7;13;0;2;16;1
202300053354;155 585 905;7;0;2;2;9;1
202300053354;155 585 911;1;0;2;4;0;5
202300053355;155 585 907;7;3;0;2;1;1
202300053356;155 585 900;7;0;2;1;1;1
202300053356;155 585 903;2;0;2;4;1;1
202300053357;155 585 902;15;0;1;1;1;1
202300053358;155 585 895;32;4;0;8;2;1
202300053359;155 585 896;38;0;0;3;1;0
202300053359;155 585 901;7;0;0;4;1;0
202300053359;155 585 904;17;0;0;6;9;0
202300053359;155 585 909;7;0;2;5;12;0
202300053360;155 585 893;10;0;1;3;1;1
202300053361;155 585 890;1;0;2;1;19;5
202300053361;155 585 898;7;0;1;3;19;1
202300053362;155 585 886;10;0;2;1;1;1
202300053362;155 585 897;10;0;2;2;1;1
202300053363;155 585 889;7;0;2;3;15;1
202300053363;155 585 894;2;0;2;2;17;1
202300053364;155 585 887;10;3;0;1;26;1
202300053365;155 585 884;7;12;0;3;1;1
202300053366;155 585 885;7;0;2;4;2;1
202300053366;155 585 891;7;0;2;3;2;1
202300053366;155 585 899;7;0;2;4;1;1
202300053367;155 585 879;14;3;0;2;0;1
202300053368;155 585 882;10;0;1;1;15;1
202300053369;155 585 876;7;0;2;4;1;1
202300053369;155 585 881;10;0;2;4;2;1
202300053369;155 585 883;10;0;2;5;2;1
202300053369;155 585 888;7;0;0;4;2;1
202300053369;155 585 892;15;0;2;1;2;1
202300053370;155 585 869;33;0;2;1;1;1
202300053370;155 585 875;7;0;2;3;11;1
202300053371;155 585 871;7;4;0;3;1;1
202300053372;155 585 870;33;0;2;1;2;1
202300053372;155 585 877;7;0;0;4;2;1
202300053373;155 585 868;7;0;2;8;19;1
202300053373;155 585 874;7;0;2;1;1;1
202300053374;155 585 873;1;0;0;0;19;5
202300053374;155 585 878;7;0;2;2;1;1
202300053375;155 585 867;33;0;2;4;1;1
202300053375;155 585 872;7;0;2;1;11;1
202300053376;155 585 865;7;12;0;0;17;1
202300053377;155 585 863;7;4;0;1;0;1
202300053378;155 585 866;10;1;0;1;1;1
202300053379;155 585 861;7;16;0;1;1;1
202300053380;155 585 858;30;11;0;3;13;1
202300053381;155 585 853;7;3;0;8;1;1
202300053381;155 585 857;17;0;2;2;12;1
202300053382;155 585 851;10;0;2;5;2;1
202300053382;155 585 856;33;0;2;3;1;1
202300053383;155 585 855;7;0;2;3;11;1
202300053383;155 585 859;33;0;2;1;26;1
202300053384;155 585 850;35;6;0;0;0;0
202300053385;155 585 848;7;3;0;1;13;1
202300053386;155 585 847;21;0;2;2;15;1
202300053386;155 585 852;7;6;2;1;1;1
202300053387;155 585 843;7;13;2;3;1;1
202300053387;155 585 849;10;0;2;2;19;1
202300053388;155 585 842;10;15;0;1;14;1
202300053389;155 585 837;7;3;0;1;1;1
202300053390;155 585 839;2;0;2;1;9;0
202300053390;155 585 844;7;0;2;1;1;0
202300053391;155 585 835;7;0;0;0;1;1
202300053392;155 585 838;7;0;2;1;2;1
202300053392;155 585 846;7;0;2;4;2;1
202300053393;155 585 833;10;0;1;3;17;1
202300053394;155 585 828;10;0;2;8;13;1
202300053394;155 585 834;7;0;2;8;1;1
202300053394;155 585 840;7;0;2;7;1;1
202300053395;155 585 827;7;0;2;3;15;0
202300053395;155 585 832;33;0;2;2;17;1
202300053396;155 585 824;7;2;0;1;14;1
202300053397;155 585 826;7;4;0;3;1;1
202300053397;155 585 831;13;0;0;4;1;1
202300053397;155 585 836;7;1;0;1;2;1
202300053397;155 585 841;10;0;2;1;1;1
202300053397;155 585 845;7;0;2;3;1;1
202300053397;155 585 854;7;0;0;4;0;1
202300053398;155 585 821;7;5;0;1;1;1
202300053399;155 585 820;7;0;2;3;5;1
202300053399;155 585 830;7;0;2;3;1;1
202300053400;155 585 817;7;2;0;7;13;1
202300053401;155 585 819;7;0;2;1;11;1
202300053401;155 585 823;7;0;2;0;0;1
202300053401;155 585 829;10;0;0;0;0;1
202300053402;155 585 818;7;0;2;3;1;1
202300053402;155 585 825;7;0;2;1;13;1
202300053403;155 585 816;7;0;1;2;1;1
202300053404;155 585 815;30;0;2;1;2;1
202300053404;155 585 822;7;0;2;4;23;1
202300053405;155 585 813;7;0;5;2;1;1
202300053406;155 585 811;33;11;0;1;13;1
202300053407;155 585 810;3;0;2;3;13;1
202300053407;155 585 814;10;0;2;3;1;1
202300053408;155 585 809;7;0;2;3;0;1
202300053408;155 585 812;7;0;2;1;0;1
202300053409;155 585 808;7;0;1;3;1;1
202300053410;155 585 807;30;12;0;2;14;1
202300053411;155 585 801;33;0;0;7;1;1
202300053412;155 585 802;33;3;0;8;26;1
202300053413;155 585 799;7;0;2;3;1;2
202300053413;155 585 805;7;0;2;3;1;1
202300053414;155 585 798;7;0;2;8;15;1
202300053414;155 585 804;33;0;2;1;17;1
202300053415;155 585 797;33;13;0;7;1;1
202300053416;155 585 796;7;0;2;8;20;1
202300053416;155 585 800;33;0;2;7;17;1
202300053417;155 585 795;7;0;0;0;11;1
202300053418;155 585 791;7;8;0;1;1;1
202300053419;155 585 794;10;0;1;1;15;1
202300053420;155 585 789;36;2;0;1;1;1
202300053421;155 585 790;1;0;2;1;1;5
202300053421;155 585 793;1;0;2;1;1;5
202300053422;155 585 785;7;0;2;4;2;1
202300053422;155 585 792;7;0;2;1;1;1
202300053423;155 585 786;7;0;0;9;1;1
202300053424;155 585 782;7;0;2;2;5;1
202300053424;155 585 787;10;0;2;7;13;1
202300053425;155 585 779;13;0;2;8;1;1
202300053425;155 585 783;7;0;2;5;1;1
202300053425;155 585 788;7;0;2;7;17;1
202300053426;155 585 778;10;1;0;2;14;1
202300053427;155 585 780;21;0;2;6;15;1
202300053427;155 585 784;33;0;2;7;17;1
202300053428;155 585 777;7;0;2;7;15;1
202300053428;155 585 781;33;0;2;1;1;1
202300053429;155 585 775;32;0;0;7;26;1
202300053430;155 585 773;7;4;0;3;1;1
202300053431;155 585 776;7;0;1;1;1;1
202300053432;155 585 767;7;0;0;3;1;1
202300053433;155 585 765;21;0;2;6;9;1
202300053433;155 585 770;10;0;2;2;2;1
202300053434;155 585 768;2;0;2;9;21;1
202300053434;155 585 771;7;0;2;1;1;1
202300053434;155 585 774;7;0;2;6;1;1
202300053435;155 585 766;7;13;0;1;14;1
202300053436;155 585 761;7;3;0;1;0;1
202300053437;155 585 763;7;0;2;4;2;1
202300053437;155 585 769;7;0;2;1;1;1
202300053437;155 585 772;10;0;2;4;2;1
202300053438;155 585 759;37;0;0;7;1;1
202300053438;155 585 762;7;0;2;1;1;1
202300053439;155 585 758;7;8;9;3;5;1
202300053439;155 585 764;7;6;0;4;15;0
202300053440;155 585 752;37;0;1;2;21;1
202300053441;155 585 750;10;8;0;1;1;1
202300053442;155 585 749;7;0;1;1;16;1
202300053443;155 585 748;7;0;6;1;1;1
202300053443;155 585 755;37;0;6;1;1;1
202300053444;155 585 742;2;0;2;8;18;1
202300053444;155 585 745;7;0;2;7;16;1
202300053445;155 585 740;7;0;2;4;1;1
202300053445;155 585 747;7;0;2;7;1;1
202300053445;155 585 753;7;0;2;1;2;1
202300053445;155 585 757;10;0;2;7;1;1
202300053445;155 585 760;31;0;2;5;1;1
202300053446;155 585 737;7;0;2;1;1;1
202300053446;155 585 754;15;0;2;4;1;1
202300053447;155 585 743;7;0;9;5;17;0
202300053447;155 585 751;1;0;2;2;1;5
202300053448;155 585 738;7;0;2;1;26;1
202300053448;155 585 744;7;0;2;4;26;1
202300053449;155 585 732;7;0;1;7;1;0
202300053450;155 585 733;7;0;1;2;26;1
202300053451;155 585 731;7;0;2;2;5;1
202300053451;155 585 736;10;0;2;2;2;1
202300053451;155 585 739;7;0;9;3;1;1
202300053452;155 585 730;7;0;1;4;4;0
202300053453;155 585 729;7;0;2;5;12;1
202300053453;155 585 735;33;0;2;1;3;1
202300053454;155 585 728;7;0;2;2;13;1
202300053454;155 585 734;7;0;2;6;1;1
202300053454;155 585 741;7;13;2;1;1;1
202300053454;155 585 746;7;0;2;2;1;1
202300053454;155 585 756;7;0;9;8;1;1
202300053455;155 585 723;7;9;0;9;1;1
202300053456;155 585 720;7;0;2;2;1;1
202300053456;155 585 724;7;0;2;1;1;1
202300053456;155 585 727;7;0;2;6;13;1
202300053457;155 585 719;7;0;2;1;15;1
202300053457;155 585 726;10;0;2;1;1;1
202300053458;155 585 717;33;2;0;1;1;1
202300053459;155 585 715;10;0;1;1;1;1
202300053460;155 585 713;7;15;0;2;1;0
202300053461;155 585 710;7;0;2;5;1;1
202300053461;155 585 718;2;0;2;1;9;1
202300053462;155 585 711;7;0;2;6;11;1
202300053462;155 585 716;7;0;2;3;1;1
202300053462;155 585 721;33;0;2;8;3;1
202300053463;155 585 706;33;0;2;3;21;1
202300053463;155 585 709;10;0;2;5;1;1
202300053464;155 585 705;7;0;2;4;1;2