Num_Acc;id_vehicule;categorie_vehicule;obstacle_fixe;obstacle_mobile;point_choc_initial;manoeuvre_principale;motorisation
202300053464;155 585 714;7;0;2;4;1;1
202300053464;155 585 722;7;0;2;1;1;1
202300053465;155 585 703;7;14;0;1;13;4
202300053466;155 585 699;33;0;6;1;2;1
202300053467;155 585 701;7;0;1;3;1;6
202300053468;155 585 697;7;0;2;3;1;1
202300053468;155 585 704;7;0;2;6;1;1
202300053469;155 585 693;10;0;2;1;0;0
202300053469;155 585 700;2;0;2;7;0;1
202300053470;155 585 690;7;0;2;1;1;1
202300053470;155 585 695;7;0;2;4;1;1
202300053471;155 585 691;7;2;0;1;1;6
202300053472;155 585 689;7;0;2;2;12;0
202300053472;155 585 694;7;0;2;3;1;0
202300053473;155 585 688;7;0;2;2;1;1
202300053473;155 585 698;7;0;2;2;1;1
202300053473;155 585 702;37;0;2;6;1;1
202300053473;155 585 707;7;0;2;8;11;1
202300053474;155 585 687;50;0;2;7;17;1
202300053474;155 585 692;7;0;9;8;2;1
202300053475;155 585 684;7;7;1;4;4;1
202300053476;155 585 683;7;13;0;9;1;1
202300053477;155 585 675;7;0;2;8;9;1
202300053477;155 585 681;2;0;2;1;1;1
202300053478;155 585 673;7;0;2;4;1;1
202300053478;155 585 678;10;0;2;1;1;1
202300053479;155 585 674;7;0;2;1;1;1
202300053479;155 585 682;7;15;2;2;15;1
202300053480;155 585 672;10;0;2;1;1;1
202300053480;155 585 679;7;0;2;4;1;1
202300053480;155 585 685;17;0;2;4;1;1
202300053481;155 585 667;7;0;2;1;13;1
202300053481;155 585 676;7;0;2;1;1;1
202300053482;155 585 671;7;0;1;3;15;1
202300053483;155 585 670;7;0;2;2;24;1
202300053483;155 585 680;7;1;0;2;14;1
202300053484;155 585 666;7;0;2;4;2;1
202300053484;155 585 677;7;0;2;1;2;1
202300053484;155 585 686;7;0;2;4;2;1
202300053484;155 585 696;7;0;2;4;2;1
202300053485;155 585 665;7;0;2;1;2;1
202300053485;155 585 669;10;0;0;4;23;1
202300053486;155 585 662;7;0;2;3;26;1
202300053486;155 585 668;7;0;2;3;0;2
202300053487;155 585 661;1;0;0;0;1;5
202300053488;155 585 658;7;0;2;4;1;1
202300053488;155 585 663;33;0;2;1;14;1
202300053489;155 585 655;1;0;2;1;1;5
202300053489;155 585 660;7;0;2;3;15;1
202300053490;155 585 653;1;0;2;1;19;5
202300053490;155 585 659;2;0;2;5;1;1
202300053491;155 585 654;50;0;2;1;0;3
202300053491;155 585 664;7;0;2;6;15;1
202300053492;155 585 648;33;2;0;1;1;1
202300053493;155 585 650;2;0;2;1;1;1
202300053493;155 585 657;10;0;2;2;20;1
202300053494;155 585 644;32;0;2;4;2;1
202300053495;155 585 646;7;0;2;4;2;1
202300053495;155 585 651;7;0;0;4;2;1
202300053495;155 585 656;7;0;2;1;12;1
202300053496;155 585 643;7;0;2;6;11;1
202300053496;155 585 649;31;0;2;7;1;1
202300053497;155 585 642;7;4;2;6;1;1
202300053497;155 585 647;7;4;2;1;0;1
202300053497;155 585 652;7;4;2;4;1;1
202300053498;155 585 640;7;0;2;3;13;1
202300053498;155 585 645;33;0;0;8;1;1
202300053499;155 585 638;7;2;0;1;0;1
202300053500;155 585 636;37;0;1;6;1;4
202300053501;155 585 632;10;0;0;0;1;1
202300053502;155 585 633;7;0;2;1;1;1
202300053502;155 585 639;1;0;2;0;0;0
202300053503;155 585 637;1;0;0;6;15;5
202300053503;155 585 641;10;0;9;2;17;1
202300053504;155 585 623;7;0;2;4;1;1
202300053504;155 585 628;7;0;2;4;1;1
202300053504;155 585 629;7;0;2;1;1;1
202300053504;155 585 635;7;0;2;4;1;1
202300053505;155 585 620;7;0;2;4;2;1
202300053505;155 585 631;10;0;2;1;2;1
202300053506;155 585 622;7;0;2;1;13;6
202300053506;155 585 626;7;0;2;1;1;1
202300053507;155 585 624;7;0;2;3;1;1
202300053507;155 585 634;50;0;2;2;19;3
202300053508;155 585 619;7;0;0;1;9;1
202300053509;155 585 618;7;0;0;0;0;1
202300053510;155 585 621;7;0;2;1;1;1
202300053510;155 585 627;7;0;2;8;1;1
202300053511;155 585 616;7;0;1;1;1;1
202300053512;155 585 614;7;3;2;1;2;1
202300053513;155 585 610;33;0;2;1;1;1
202300053513;155 585 612;7;0;2;4;2;1
202300053514;155 585 615;7;0;0;0;0;0
202300053514;155 585 625;13;0;2;8;2;1
202300053514;155 585 630;7;0;2;4;2;1
202300053515;155 585 611;7;0;2;1;1;1
202300053515;155 585 617;7;0;2;8;1;1
202300053516;155 585 604;7;6;0;2;1;0
202300053517;155 585 605;7;0;1;1;1;1
202300053518;155 585 602;7;0;2;3;1;0
202300053518;155 585 607;33;0;2;4;1;0
202300053519;155 585 599;10;4;0;2;1;1
202300053520;155 585 598;7;0;2;3;1;1
202300053520;155 585 603;7;0;2;1;1;3
202300053520;155 585 608;7;0;2;2;15;2
202300053521;155 585 606;7;0;1;2;1;1
202300053522;155 585 597;2;0;2;3;15;1
202300053522;155 585 600;7;0;2;7;17;1
202300053523;155 585 593;7;0;2;1;1;1
202300053523;155 585 596;7;4;2;4;1;1
202300053524;155 585 594;21;13;0;7;14;1
202300053525;155 585 591;7;0;2;4;1;1
202300053525;155 585 595;7;0;2;1;1;1
202300053525;155 585 601;7;0;2;4;0;1
202300053526;155 585 587;7;0;2;0;15;1
202300053526;155 585 592;30;0;2;1;1;1
202300053527;155 585 586;7;0;9;4;1;1
202300053528;155 585 585;7;2;0;2;1;1
202300053529;155 585 583;30;0;2;1;17;0
202300053529;155 585 589;7;0;2;8;15;1
202300053530;155 585 579;7;0;2;5;1;2
202300053530;155 585 588;31;0;2;3;3;1
202300053531;155 585 578;33;0;2;8;1;1
202300053531;155 585 584;33;0;2;2;15;1
202300053532;155 585 577;2;0;2;1;17;1
202300053532;155 585 581;7;0;2;1;1;1
202300053532;155 585 590;7;0;2;1;1;1
202300053533;155 585 576;7;0;2;7;1;1
202300053533;155 585 580;1;0;2;8;1;5
202300053534;155 585 574;1;12;0;0;0;5
202300053535;155 585 571;7;0;2;1;2;1
202300053535;155 585 575;7;0;2;4;2;1
202300053535;155 585 582;7;0;2;4;2;1
202300053536;155 585 572;7;4;2;1;16;1
202300053537;155 585 570;7;6;0;1;6;1
202300053538;155 585 566;7;0;2;1;1;1
202300053538;155 585 573;7;0;2;1;1;1
202300053539;155 585 567;10;0;1;0;15;
202300053540;155 585 563;33;0;2;3;1;1
202300053540;155 585 568;10;0;2;3;1;1
202300053541;155 585 562;7;13;0;3;1;1
202300053542;155 585 564;7;0;1;2;1;1
202300053543;155 585 560;50;0;2;1;5;3
202300053543;155 585 569;7;0;9;2;20;1
202300053544;155 585 559;33;0;2;1;2;1
202300053544;155 585 561;7;0;2;7;1;1
202300053545;155 585 557;7;0;2;2;1;0
202300053545;155 585 565;1;0;2;8;1;5
202300053546;155 585 556;7;1;0;1;26;2
202300053547;155 585 555;33;0;2;7;0;1
202300053547;155 585 558;7;0;2;8;0;1
202300053548;155 585 551;7;0;1;2;1;3
202300053549;155 585 552;10;0;1;7;1;1
202300053550;155 585 542;10;0;2;1;0;1
202300053550;155 585 549;7;0;2;6;1;1
202300053551;155 585 548;7;0;1;0;15;1
202300053552;155 585 546;7;0;2;3;1;1
202300053552;155 585 550;7;0;2;3;13;1
202300053553;155 585 543;2;0;2;0;0;0
202300053553;155 585 554;7;0;2;1;2;0
202300053554;155 585 545;2;0;2;1;1;1
202300053554;155 585 553;10;0;2;2;15;1
202300053555;155 585 538;7;16;0;3;1;1
202300053556;155 585 537;7;4;0;7;26;1
202300053557;155 585 539;7;0;2;3;15;3
202300053557;155 585 544;50;0;2;2;17;3
202300053558;155 585 530;33;0;2;1;1;1
202300053558;155 585 534;10;0;2;8;11;1
202300053559;155 585 535;7;6;0;1;15;1
202300053560;155 585 528;7;0;1;1;2;1
202300053561;155 585 526;7;0;2;3;5;1
202300053561;155 585 532;7;0;2;1;1;1
202300053562;155 585 525;7;0;2;4;2;1
202300053562;155 585 533;7;0;2;4;2;1
202300053562;155 585 536;7;0;2;1;2;1
202300053562;155 585 541;7;0;2;4;2;1
202300053563;155 585 524;7;0;2;1;1;1
202300053563;155 585 531;7;0;2;3;1;1
202300053564;155 585 520;7;0;2;2;1;1
202300053564;155 585 527;10;0;2;3;9;1
202300053565;155 585 517;7;0;2;1;17;1
202300053565;155 585 522;10;0;2;1;1;1
202300053566;155 585 516;7;0;2;1;1;1
202300053566;155 585 521;7;0;2;1;13;1
202300053566;155 585 529;15;0;2;0;1;1
202300053567;155 585 513;33;0;0;7;2;1
202300053567;155 585 518;7;0;2;2;2;0
202300053567;155 585 523;1;0;2;8;2;5
202300053568;155 585 509;7;0;1;1;1;1
202300053569;155 585 505;7;0;2;4;2;1
202300053569;155 585 512;7;0;2;1;2;1
202300053569;155 585 514;7;0;2;1;2;2
202300053569;155 585 519;7;0;2;4;2;2
202300053570;155 585 504;1;0;2;8;2;0
202300053570;155 585 515;7;0;2;1;19;1
202300053571;155 585 507;7;0;1;4;20;0
202300053572;155 585 503;2;0;2;1;13;1
202300053572;155 585 510;7;0;2;3;1;1
202300053573;155 585 502;7;0;0;1;13;1
202300053574;155 585 500;7;13;0;9;1;1
202300053575;155 585 499;1;0;0;0;0;5
202300053576;155 585 498;37;0;2;1;1;2
202300053576;155 585 511;7;0;2;7;9;1
202300053577;155 585 491;7;0;2;1;13;1
202300053577;155 585 495;7;0;2;1;1;1
202300053578;155 585 493;33;8;0;1;14;1
202300053579;155 585 488;1;0;2;1;13;5
202300053579;155 585 494;7;0;9;3;1;1
202300053580;155 585 489;32;12;2;7;15;0
202300053580;155 585 496;7;0;2;3;15;1
202300053581;155 585 484;34;15;0;0;0;1
202300053582;155 585 483;7;0;1;3;1;1
202300053583;155 585 482;7;0;2;1;15;0
202300053583;155 585 487;7;0;2;3;1;0
202300053584;155 585 485;1;0;2;1;2;5
202300053584;155 585 492;1;0;2;4;2;5
202300053584;155 585 497;7;0;2;4;2;2
202300053585;155 585 480;14;12;0;8;0;1
202300053586;155 585 478;33;0;2;1;17;1
202300053586;155 585 490;7;0;2;3;9;1
202300053587;155 585 475;7;0;2;5;9;1
202300053587;155 585 479;99;0;2;1;1;5
202300053588;155 585 477;10;0;0;4;2;0
202300053588;155 585 481;7;0;2;4;2;1
202300053588;155 585 486;10;0;2;1;1;1
202300053589;155 585 473;7;0;2;1;1;1
202300053589;155 585 476;7;0;2;4;1;1
202300053590;155 585 469;7;0;1;2;1;1
202300053591;155 585 468;7;0;2;2;1;1
202300053591;155 585 474;7;0;2;6;9;1
202300053592;155 585 466;32;0;0;0;0;1
202300053593;155 585 461;1;0;2;7;1;5
202300053593;155 585 472;7;0;2;0;16;2
202300053594;155 585 459;7;0;2;1;2;1
202300053594;155 585 463;7;0;2;4;2;1
202300053595;155 585 464;31;0;0;9;16;1
202300053596;155 585 457;7;0;2;1;2;1
202300053596;155 585 465;7;0;2;4;2;1
202300053596;155 585 470;7;0;2;1;2;1
202300053597;155 585 458;7;0;2;2;19;1
202300053597;155 585 471;10;0;2;3;0;1
202300053598;155 585 455;30;0;0;1;1;3
202300053599;155 585 453;7;0;2;1;9;1
202300053599;155 585 460;7;0;2;3;9;1
202300053600;155 585 450;33;0;0;3;1;1
202300053601;155 585 447;7;0;2;6;2;1
202300053601;155 585 451;33;0;2;6;17;1
202300053602;155 585 446;7;0;2;1;5;1
202300053602;155 585 452;7;0;2;1;1;1
202300053603;155 585 449;10;0;2;4;1;1
202300053603;155 585 454;33;0;2;1;1;1
202300053604;155 585 442;7;2;2;0;0;1
202300053604;155 585 448;7;0;2;0;0;1
202300053605;155 585 439;7;0;2;4;12;1
202300053605;155 585 444;33;0;2;1;1;1
202300053606;155 585 435;33;0;2;8;9;1
202300053606;155 585 443;7;0;2;6;9;1
202300053607;155 585 437;30;0;1;1;1;1
202300053608;155 585 441;7;0;2;1;26;1
202300053608;155 585 445;1;0;2;8;16;5
202300053609;155 585 436;10;0;1;3;10;0
202300053610;155 585 434;7;0;2;1;15;1
202300053610;155 585 440;7;0;2;2;17;1
202300053611;155 585 429;7;0;2;3;9;1
202300053611;155 585 431;2;0;2;1;1;0
202300053612;155 585 425;7;0;2;1;2;1
202300053612;155 585 432;7;0;2;4;2;1
202300053613;155 585 424;7;2;0;2;26;1
202300053614;155 585 423;7;4;0;3;1;1
202300053615;155 585 422;30;0;1;1;1;0
202300053616;155 585 421;7;0;2;3;10;1
202300053616;155 585 427;33;0;2;1;2;1
202300053617;155 585 418;36;13;0;3;1;1
202300053618;155 585 417;7;0;2;4;1;1
202300053618;155 585 420;7;0;2;8;11;1
202300053618;155 585 428;33;0;2;7;3;1
202300053619;155 585 413;7;1;1;1;1;1
202300053620;155 585 415;31;0;1;2;17;1
202300053621;155 585 414;7;0;2;1;5;0
202300053621;155 585 419;7;0;2;1;2;0
202300053621;155 585 430;7;0;2;1;1;0
202300053622;155 585 411;31;3;0;3;2;1
202300053623;155 585 409;7;0;2;1;2;1
202300053623;155 585 416;33;0;2;4;2;1
202300053624;155 585 407;33;16;0;9;1;1
202300053625;155 585 406;7;0;0;1;1;1
202300053625;155 585 410;7;0;0;7;15;1
202300053626;155 585 405;7;0;2;4;2;1
202300053626;155 585 412;7;0;2;2;2;6
202300053627;155 585 403;10;0;0;1;1;1
202300053627;155 585 408;33;0;2;6;1;1
202300053628;155 585 398;7;14;2;1;5;1
202300053628;155 585 402;7;4;2;1;1;1
202300053629;155 585 396;7;0;2;1;26;1
202300053629;155 585 401;7;3;0;1;13;1
202300053630;155 585 397;37;0;2;2;1;0
202300053630;155 585 400;7;0;2;8;19;0
202300053631;155 585 392;7;4;0;3;21;1
202300053632;155 585 394;7;0;2;7;17;1
202300053632;155 585 399;30;0;2;8;15;1
202300053633;155 585 395;7;0;2;2;15;1
202300053633;155 585 404;7;0;2;3;1;3
202300053634;155 585 389;1;0;0;3;1;5
202300053635;155 585 387;7;0;2;3;1;1
202300053635;155 585 393;32;0;2;1;17;1
202300053636;155 585 383;7;0;2;7;15;1
202300053636;155 585 391;32;0;2;1;1;1
202300053637;155 585 386;7;0;2;1;9;2
202300053637;155 585 390;33;0;2;5;1;1
202300053638;155 585 382;10;0;1;2;1;1
202300053639;155 585 380;7;0;2;1;1;1
202300053639;155 585 388;7;0;2;2;15;1
202300053640;155 585 378;7;4;0;0;1;0
202300053641;155 585 376;50;0;2;1;26;5
202300053641;155 585 381;7;0;2;6;0;1
202300053642;155 585 375;7;0;2;1;2;1
202300053642;155 585 377;7;0;2;4;2;0
202300053642;155 585 384;7;0;0;4;2;0
202300053643;155 585 374;7;0;2;3;1;1
202300053643;155 585 385;15;0;2;5;17;0
202300053644;155 585 372;7;2;0;1;1;1
202300053645;155 585 370;7;0;1;5;1;1
202300053646;155 585 373;7;0;2;7;1;1
202300053646;155 585 379;7;0;2;3;15;1
202300053647;155 585 369;7;0;0;9;1;1
202300053648;155 585 366;7;15;0;2;14;1
202300053649;155 585 365;10;0;1;3;1;1
202300053650;155 585 364;7;0;2;1;5;1
202300053650;155 585 367;7;0;2;8;1;1
202300053650;155 585 371;7;0;2;1;1;2
202300053651;155 585 361;7;0;2;1;2;1
202300053651;155 585 368;7;0;2;3;2;1
202300053652;155 585 362;7;4;0;0;1;1
202300053653;155 585 356;15;0;2;2;12;1
202300053653;155 585 360;7;0;2;6;1;1
202300053654;155 585 352;7;3;0;1;16;1
202300053655;155 585 357;7;16;2;3;13;1
202300053655;155 585 363;7;0;2;8;1;1
202300053656;155 585 354;7;0;2;4;1;1
202300053656;155 585 359;2;0;2;1;1;1
202300053657;155 585 351;7;0;2;3;13;1
202300053657;155 585 358;7;0;2;3;1;1
202300053658;155 585 349;33;0;2;1;17;1
202300053658;155 585 355;7;0;2;8;10;1
202300053659;155 585 350;7;0;2;1;15;1
202300053659;155 585 353;7;0;2;1;1;1
202300053660;155 585 346;1;0;0;0;1;5
202300053661;155 585 347;7;0;0;0;15;1
202300053662;155 585 342;7;0;2;2;16;2
202300053662;155 585 348;50;0;2;8;1;3
202300053663;155 585 344;7;8;0;2;1;1
202300053664;155 585 337;7;0;2;4;1;1
202300053664;155 585 343;10;0;2;2;1;1
202300053665;155 585 338;7;0;2;3;1;1
202300053665;155 585 341;50;0;2;2;25;3
202300053666;155 585 335;7;12;0;9;14;1
202300053667;155 585 332;7;0;2;2;1;0
202300053667;155 585 345;10;0;2;1;1;1
202300053668;155 585 336;7;0;2;3;15;1
202300053668;155 585 340;33;0;2;1;2;1
202300053669;155 585 334;40;0;2;2;1;3
202300053669;155 585 339;7;0;4;8;10;1
202300053670;155 585 331;7;13;0;0;26;1
202300053671;155 585 327;33;0;2;1;1;1
202300053672;155 585 326;80;0;2;1;1;3
202300053672;155 585 328;7;0;2;3;1;1
202300053673;155 585 322;7;0;2;4;2;1
202300053673;155 585 329;10;0;2;1;2;1
202300053674;155 585 323;7;0;2;4;4;1
202300053674;155 585 333;33;0;2;1;1;1
202300053675;155 585 319;7;0;2;1;1;2
202300053675;155 585 325;10;0;2;4;23;1
202300053675;155 585 330;7;0;2;4;23;1
202300053676;155 585 324;7;2;0;1;1;0
202300053677;155 585 315;10;0;2;1;2;1
202300053677;155 585 320;7;0;2;4;23;1
202300053678;155 585 316;7;0;2;4;1;1
202300053678;155 585 321;7;0;2;1;2;1
202300053679;155 585 313;7;0;2;1;21;1
202300053679;155 585 317;1;0;2;0;25;5
202300053680;155 585 312;33;0;2;7;0;0
202300053680;155 585 318;7;0;2;8;2;0
202300053681;155 585 309;7;0;2;8;11;1
202300053681;155 585 314;33;0;2;2;3;1
202300053682;155 585 307;7;13;0;9;13;1
202300053683;155 585 306;7;0;2;2;1;1
202300053683;155 585 311;10;1;2;8;9;1
202300053684;155 585 305;33;0;2;8;1;1
202300053684;155 585 308;7;0;2;8;13;1
202300053685;155 585 304;7;8;0;1;14;1
202300053686;155 585 303;50;0;2;0;5;3
202300053686;155 585 310;7;0;2;2;1;1
202300053687;155 585 302;7;0;1;3;1;1
202300053688;155 585 295;7;17;0;1;13;1
202300053689;155 585 294;7;0;2;2;13;1
202300053689;155 585 301;7;0;2;1;1;1
202300053690;155 585 293;7;0;2;1;9;
202300053690;155 585 300;2;0;2;1;1;
202300053691;155 585 291;7;0;2;1;1;1
202300053691;155 585 298;1;0;2;8;26;5
202300053692;155 585 299;7;0;1;1;16;2
202300053693;155 585 292;7;0;2;1;9;1
202300053693;155 585 296;32;0;2;4;1;1
202300053694;155 585 290;7;0;2;5;12;1
202300053694;155 585 297;32;0;2;3;3;1
202300053695;155 585 286;7;8;0;8;1;1
202300053696;155 585 283;80;0;2;1;19;3
202300053696;155 585 288;7;0;2;3;9;1
202300053697;155 585 279;80;0;1;5;0;3
202300053698;155 585 280;7;0;2;1;1;0
202300053698;155 585 289;7;0;2;6;1;0
202300053699;155 585 277;2;0;2;8;1;1
202300053699;155 585 285;10;0;2;7;16;1
202300053700;155 585 278;7;0;1;2;16;1
202300053701;155 585 275;50;0;2;5;14;3
202300053701;155 585 281;7;0;2;3;1;0
202300053702;155 585 274;1;0;2;8;1;5
202300053702;155 585 282;7;0;9;1;26;2
202300053703;155 585 273;33;0;0;2;0;1
202300053704;155 585 271;33;0;2;1;2;1
202300053704;155 585 276;7;0;2;4;2;1
202300053705;155 585 267;7;0;0;0;26;1
202300053706;155 585 264;32;0;2;0;1;1
202300053706;155 585 272;7;0;2;0;9;0
202300053707;155 585 263;7;0;2;1;1;1
202300053707;155 585 269;2;0;2;1;1;1
202300053708;155 585 262;50;0;2;1;19;3
202300053708;155 585 270;7;0;2;1;1;1
202300053709;155 585 260;7;13;0;1;13;1
202300053710;155 585 257;7;2;0;1;13;1
202300053711;155 585 258;7;0;2;2;9;1
202300053711;155 585 268;7;14;0;8;0;1
202300053712;155 585 261;10;0;2;5;1;1
202300053712;155 585 265;33;0;2;5;16;1
202300053713;155 585 256;10;0;2;3;13;1
202300053713;155 585 259;7;0;2;3;17;1
202300053713;155 585 266;7;0;2;1;1;1
202300053714;155 585 254;30;1;0;2;1;1
202300053715;155 585 252;7;0;1;1;1;1
202300053716;155 585 250;33;0;2;1;2;1
202300053716;155 585 253;33;0;2;4;15;1
202300053717;155 585 245;7;0;1;2;16;1
202300053718;155 585 244;7;0;2;2;1;1
202300053718;155 585 251;1;0;2;1;19;5
202300053719;155 585 243;7;0;0;1;1;1
202300053719;155 585 249;7;0;2;1;5;2
202300053720;155 585 248;7;0;1;2;1;1
202300053721;155 585 241;1;0;1;3;7;5
202300053722;155 585 239;7;15;0;7;0;1
202300053723;155 585 238;7;0;1;1;1;1
202300053724;155 585 234;7;2;0;1;19;1
202300053725;155 585 235;7;0;2;2;1;1
202300053725;155 585 240;7;0;2;3;9;1
202300053726;155 585 233;7;0;2;1;15;1
202300053726;155 585 237;1;0;0;0;0;5
202300053727;155 585 227;7;0;2;1;1;0
202300053727;155 585 231;50;0;2;1;19;3
202300053728;155 585 228;7;0;2;6;1;1
202300053728;155 585 232;33;0;2;3;13;1
202300053729;155 585 226;14;1;2;1;1;1
202300053729;155 585 230;14;0;2;6;23;1
202300053729;155 585 236;7;0;2;1;1;1
202300053730;155 585 224;7;0;1;1;1;1
202300053731;155 585 222;7;0;1;2;1;1
202300053732;155 585 215;7;0;1;1;1;1
202300053733;155 585 216;10;0;2;2;2;1
202300053733;155 585 225;7;0;2;4;0;1
202300053734;155 585 218;7;2;6;7;1;1
202300053735;155 585 220;7;6;2;8;1;1
202300053735;155 585 223;7;0;2;1;26;1
202300053736;155 585 214;30;0;0;0;26;1
202300053737;155 585 213;7;0;9;2;16;1
202300053737;155 585 221;1;0;2;1;1;5
202300053738;155 585 211;7;0;2;3;13;1
202300053738;155 585 217;7;0;2;1;1;1
202300053739;155 585 212;32;0;2;1;5;1
202300053739;155 585 219;1;0;2;8;19;5
202300053740;155 585 209;7;0;0;1;1;1
202300053741;155 585 203;40;0;1;7;1;3
202300053742;155 585 206;30;0;0;0;1;1
202300053743;155 585 201;7;0;2;1;1;1
202300053743;155 585 208;7;0;2;1;5;0
202300053744;155 585 200;7;0;2;3;1;1
202300053744;155 585 204;31;0;2;2;17;1
202300053745;155 585 198;10;0;2;1;2;1
202300053745;155 585 207;15;0;2;4;2;1
202300053746;155 585 199;7;0;9;2;10;0
202300053746;155 585 205;1;0;2;8;2;5
202300053747;155 585 193;7;0;2;8;9;1
202300053747;155 585 197;7;0;2;1;1;0
202300053748;155 585 192;7;4;0;0;1;1
202300053749;155 585 195;7;0;2;1;15;1
202300053749;155 585 196;33;0;2;4;23;0
202300053750;155 585 194;1;8;0;1;15;5
202300053751;155 585 189;7;0;1;6;2;2
202300053752;155 585 188;7;3;0;3;1;1
202300053753;155 585 187;7;4;0;1;1;1
202300053754;155 585 186;10;0;2;0;15;1
202300053754;155 585 191;1;0;2;0;1;5
202300053755;155 585 184;7;0;2;8;1;1
202300053755;155 585 190;7;0;2;3;13;1
202300053756;155 585 183;30;11;0;1;17;1
202300053757;155 585 182;1;0;2;1;2;5
202300053757;155 585 185;7;0;2;4;23;1
202300053758;155 585 175;30;0;0;0;3;1
202300053759;155 585 172;1;0;2;8;1;5
202300053759;155 585 181;7;0;2;1;1;1
202300053760;155 585 178;7;0;1;1;16;1
202300053761;155 585 173;7;0;2;1;1;1
202300053761;155 585 180;37;0;2;4;1;1
202300053762;155 585 174;7;0;2;3;26;1
202300053762;155 585 179;7;0;2;8;1;1
202300053763;155 585 171;7;0;2;6;1;0
202300053763;155 585 177;3;12;2;1;26;1
202300053764;155 585 166;7;0;2;1;1;1
202300053764;155 585 168;33;0;2;4;23;1
202300053765;155 585 170;7;0;2;1;2;1
202300053765;155 585 176;10;0;0;4;2;1
202300053766;155 585 165;32;13;0;8;1;1
202300053767;155 585 160;40;0;2;1;1;3
202300053767;155 585 169;10;8;4;8;16;3
202300053768;155 585 158;7;0;1;8;1;1
202300053769;155 585 162;7;0;2;1;1;1
202300053769;155 585 167;7;3;2;1;5;1
202300053770;155 585 159;1;0;1;8;1;5
202300053771;155 585 155;1;0;2;7;1;5
202300053771;155 585 164;33;0;2;1;1;1
202300053772;155 585 157;7;0;2;2;1;1
202300053772;155 585 161;2;0;2;1;5;1
202300053773;155 585 154;1;0;2;3;0;5
202300053773;155 585 163;7;0;2;3;9;1
202300053774;155 585 153;33;0;1;7;3;1
202300053775;155 585 152;30;0;2;1;1;1
202300053775;155 585 156;7;0;2;3;13;0
202300053776;155 585 149;7;5;0;1;0;1
202300053777;155 585 148;7;0;2;4;1;1
202300053777;155 585 151;7;0;2;1;1;1
202300053778;155 585 146;80;0;2;1;5;3
202300053778;155 585 150;7;0;2;2;16;1
202300053779;155 585 144;7;0;1;0;1;1
202300053780;155 585 141;7;15;0;9;14;0
202300053781;155 585 142;1;0;2;1;1;5
202300053781;155 585 145;2;0;2;1;20;1
202300053782;155 585 140;1;0;2;8;5;5
202300053782;155 585 147;43;0;2;1;1;1
202300053783;155 585 139;7;0;1;5;1;1
202300053784;155 585 138;30;0;0;0;21;1
202300053784;155 585 143;7;0;0;0;0;1
202300053785;155 585 136;7;0;1;1;1;1
202300053786;155 585 130;7;0;2;1;21;1
202300053786;155 585 135;7;0;2;4;1;1
202300053786;155 585 137;7;0;2;5;1;1
202300053787;155 585 128;7;0;2;1;2;1
202300053787;155 585 134;7;0;2;4;23;1
202300053788;155 585 125;7;0;2;0;0;1
202300053788;155 585 133;7;0;2;1;1;1
202300053789;155 585 122;7;0;2;3;15;1
202300053789;155 585 132;2;0;2;1;1;1
202300053790;155 585 121;7;0;2;5;2;1
202300053790;155 585 129;7;0;2;2;2;1
202300053791;155 585 124;7;0;1;2;1;2
202300053792;155 585 123;7;0;2;3;15;1
202300053792;155 585 127;60;0;2;3;1;5
202300053793;155 585 119;7;9;0;1;13;1
202300053794;155 585 120;7;0;2;1;1;1
202300053794;155 585 126;7;0;2;5;15;1
202300053795;155 585 110;7;0;9;0;0;0
202300053795;155 585 115;30;0;2;3;16;1
202300053796;155 585 108;32;0;2;1;2;1
202300053796;155 585 114;32;0;2;4;11;1
202300053796;155 585 118;7;0;2;8;1;1
202300053797;155 585 112;30;0;2;1;21;1
202300053797;155 585 117;10;0;2;3;15;1
202300053798;155 585 106;7;0;1;1;0;1
202300053799;155 585 104;7;0;2;1;19;1
202300053799;155 585 116;33;0;2;7;2;1
202300053800;155 585 102;7;0;2;1;26;1
202300053800;155 585 105;33;0;2;7;1;1
202300053801;155 585 101;50;0;2;1;16;3
202300053801;155 585 107;7;0;2;5;16;1
202300053802;155 585 103;33;0;2;7;0;1
202300053802;155 585 113;0;0;2;0;0;1
202300053803;155 585 100;17;0;2;5;1;1
202300053803;155 585 109;33;0;2;1;1;1
202300053804;155 585 099;10;0;2;6;1;1
202300053804;155 585 111;34;0;2;1;1;1
202300053805;155 585 098;7;3;0;1;1;1
202300053806;155 585 095;7;0;0;1;1;1
202300053807;155 585 091;3;16;0;1;1;1
202300053808;155 585 092;7;0;1;3;1;1
202300053809;155 585 088;7;0;0;4;24;3
202300053809;155 585 096;1;1;0;1;2;5
202300053810;155 585 087;30;14;0;1;2;1
202300053810;155 585 093;7;0;2;4;2;1
202300053811;155 585 085;10;0;2;1;2;1
202300053811;155 585 089;33;0;2;4;23;1
202300053811;155 585 097;7;0;2;8;13;1
202300053812;155 585 086;7;0;1;2;1;1
202300053813;155 585 084;7;0;2;1;15;1
202300053813;155 585 090;50;0;2;8;19;3
202300053814;155 585 083;7;0;1;1;21;0
202300053815;155 585 079;7;12;0;2;1;1