Num_Acc;id_vehicule;categorie_vehicule;obstacle_fixe;obstacle_mobile;point_choc_initial;manoeuvre_principale;motorisation
202300053816;155 585 072;7;0;2;2;1;1
202300053816;155 585 082;7;0;2;1;9;1
202300053817;155 585 074;7;0;2;5;17;1
202300053817;155 585 078;31;0;2;3;1;1
202300053818;155 585 071;7;0;2;1;1;1
202300053818;155 585 077;7;0;2;7;19;1
202300053819;155 585 073;7;8;0;2;1;1
202300053820;155 585 075;1;0;2;4;2;5
202300053820;155 585 080;10;0;2;1;1;1
202300053821;155 585 070;7;0;2;7;0;1
202300053821;155 585 076;2;0;2;7;1;1
202300053821;155 585 081;7;0;2;3;20;0
202300053822;155 585 067;30;4;0;1;13;1
202300053823;155 585 065;30;0;2;1;1;1
202300053823;155 585 068;7;0;2;8;15;1
202300053824;155 585 053;7;0;1;4;4;1
202300053825;155 585 052;7;0;2;1;2;1
202300053825;155 585 059;7;0;2;0;19;3
202300053826;155 585 051;80;0;2;2;1;3
202300053826;155 585 060;32;0;2;3;16;1
202300053827;155 585 056;2;0;2;8;1;1
202300053827;155 585 066;7;0;0;1;15;1
202300053828;155 585 049;7;0;2;1;2;1
202300053828;155 585 054;7;0;2;4;1;1
202300053828;155 585 062;7;0;2;4;23;1
202300053829;155 585 050;7;2;0;1;6;1
202300053830;155 585 046;7;0;1;2;15;1
202300053831;155 585 041;7;0;2;6;15;1
202300053831;155 585 045;7;0;2;2;17;1
202300053832;155 585 042;7;0;1;1;21;1
202300053833;155 585 039;30;0;0;7;2;0
202300053834;155 585 038;7;0;1;3;1;0
202300053835;155 585 040;34;0;2;1;19;1
202300053835;155 585 047;7;0;2;2;1;1
202300053836;155 585 036;50;0;2;7;1;3
202300053836;155 585 043;7;0;0;0;15;0
202300053837;155 585 033;7;8;0;2;26;1
202300053838;155 585 035;7;0;2;2;16;1
202300053838;155 585 037;7;0;2;3;1;1
202300053839;155 585 034;7;0;0;5;26;1
202300053840;155 585 031;7;13;0;3;1;1
202300053841;155 585 025;7;0;2;3;9;1
202300053841;155 585 032;33;0;2;1;1;1
202300053842;155 585 023;1;0;1;1;14;5
202300053843;155 585 022;1;0;;8;1;5
202300053844;155 585 021;7;0;2;2;1;1
202300053844;155 585 026;7;0;2;3;1;1
202300053844;155 585 030;33;0;2;8;17;1
202300053845;155 585 019;7;0;2;3;9;1
202300053845;155 585 027;31;0;2;5;1;1
202300053846;155 585 018;7;0;2;4;2;1
202300053846;155 585 024;7;0;2;1;2;1
202300053846;155 585 029;7;0;2;4;2;1
202300053847;155 585 017;10;0;1;3;16;1
202300053848;155 585 015;10;0;2;1;0;1
202300053848;155 585 020;7;0;2;4;0;0
202300053849;155 585 016;33;0;0;1;1;1
202300053850;155 585 011;7;0;2;3;9;1
202300053850;155 585 014;33;0;2;2;2;1
202300053851;155 585 007;7;0;1;1;1;1
202300053852;155 585 005;7;0;2;2;1;1
202300053852;155 585 013;7;0;2;3;16;1
202300053853;155 585 003;7;0;2;2;15;1
202300053853;155 585 009;31;0;2;0;0;1
202300053854;155 585 002;7;0;2;1;1;1
202300053854;155 585 008;7;0;2;1;1;1
202300053854;155 585 012;7;0;2;1;1;1
202300053855;155 584 999;3;3;0;1;1;1
202300053856;155 585 000;7;0;2;1;13;1
202300053856;155 585 006;7;0;2;6;2;1
202300053856;155 585 010;7;0;2;1;2;1
202300053857;155 584 998;7;0;2;2;5;1
202300053857;155 585 004;7;0;2;5;22;1
202300053858;155 585 001;37;0;1;1;15;1
202300053859;155 584 996;10;0;1;7;1;1
202300053860;155 584 995;7;0;2;7;12;1
202300053860;155 584 997;7;7;2;1;18;1
202300053861;155 584 992;50;0;0;8;25;3
202300053862;155 584 990;10;0;1;1;1;1
202300053863;155 584 989;1;0;2;1;1;5
202300053863;155 584 994;1;0;2;1;1;5
202300053864;155 584 985;7;0;2;2;13;1
202300053864;155 584 991;30;0;2;1;13;1
202300053865;155 584 987;7;1;1;5;24;1
202300053866;155 584 986;7;0;1;2;1;1
202300053867;155 584 984;1;0;2;3;1;5
202300053867;155 584 993;10;0;2;2;1;1
202300053868;155 584 983;7;0;2;5;2;1
202300053868;155 584 988;1;0;2;1;2;5
202300053869;155 584 982;7;2;0;1;0;0
202300053870;155 584 981;7;0;1;8;13;2
202300053871;155 584 977;7;0;1;2;1;1
202300053872;155 584 978;7;0;2;8;11;1
202300053872;155 584 980;33;0;2;7;2;1
202300053873;155 584 972;7;0;2;8;1;1
202300053873;155 584 979;7;0;2;1;1;1
202300053874;155 584 971;7;9;0;1;14;1
202300053875;155 584 968;2;11;2;5;17;1
202300053875;155 584 975;10;0;2;5;4;1
202300053876;155 584 969;7;13;0;2;14;1
202300053877;155 584 970;3;0;2;3;0;1
202300053877;155 584 976;7;0;2;2;2;1
202300053878;155 584 963;7;0;2;1;26;1
202300053878;155 584 973;7;0;2;1;26;1
202300053879;155 584 965;14;0;0;7;14;1
202300053880;155 584 967;50;0;2;1;1;3
202300053880;155 584 974;7;0;2;1;1;1
202300053881;155 584 962;80;0;2;1;1;3
202300053881;155 584 966;50;0;2;1;13;3
202300053882;155 584 961;1;0;2;8;1;5
202300053882;155 584 964;7;0;2;1;15;1
202300053883;155 584 958;80;1;0;1;15;3
202300053884;155 584 950;7;0;1;1;15;1
202300053885;155 584 949;36;0;2;1;1;1
202300053885;155 584 955;7;0;2;4;26;1
202300053886;155 584 945;7;0;2;4;1;1
202300053886;155 584 951;7;0;2;4;1;1
202300053886;155 584 956;7;0;2;1;1;1
202300053886;155 584 959;7;0;2;4;1;1
202300053887;155 584 946;7;0;2;3;15;1
202300053887;155 584 957;7;0;2;2;1;1
202300053888;155 584 944;7;0;2;8;1;1
202300053888;155 584 954;80;0;2;8;23;3
202300053889;155 584 943;33;0;2;1;2;1
202300053889;155 584 952;7;0;2;4;15;1
202300053890;155 584 942;7;0;2;3;15;1
202300053890;155 584 953;50;0;2;1;5;3
202300053891;155 584 940;33;1;2;1;3;1
202300053891;155 584 947;7;0;2;8;23;1
202300053891;155 584 960;43;1;2;1;3;1
202300053892;155 584 939;33;0;2;6;1;1
202300053892;155 584 948;7;0;2;2;15;1
202300053893;155 584 937;10;0;2;2;22;1
202300053893;155 584 941;10;0;2;5;4;1
202300053894;155 584 930;50;0;0;1;1;3
202300053895;155 584 929;50;0;1;1;2;3
202300053896;155 584 925;1;0;2;8;1;5
202300053896;155 584 936;7;0;2;1;1;1
202300053897;155 584 926;31;0;0;2;19;1
202300053897;155 584 934;1;0;0;1;1;5
202300053898;155 584 924;3;1;0;0;1;1
202300053898;155 584 933;0;0;2;0;26;0
202300053899;155 584 927;10;0;1;2;1;1
202300053900;155 584 923;80;0;2;8;15;3
202300053900;155 584 931;32;0;2;7;1;1
202300053901;155 584 922;7;0;1;3;1;1
202300053902;155 584 920;7;0;2;1;1;1
202300053902;155 584 928;7;0;2;1;0;1
202300053903;155 584 916;7;0;0;0;14;0
202300053904;155 584 914;7;0;2;1;2;1
202300053904;155 584 921;31;1;2;4;2;1
202300053905;155 584 913;7;0;2;1;1;0
202300053905;155 584 919;1;0;2;1;1;5
202300053906;155 584 910;7;0;2;2;15;1
202300053906;155 584 915;33;0;2;1;1;1
202300053907;155 584 911;7;5;0;3;13;1
202300053908;155 584 907;7;1;0;3;23;1
202300053909;155 584 908;7;0;2;2;1;1
202300053909;155 584 912;7;0;2;8;11;1
202300053910;155 584 909;7;0;2;1;13;1
202300053910;155 584 918;10;0;2;1;1;3
202300053911;155 584 902;50;1;0;1;1;3
202300053911;155 584 904;10;0;0;8;24;1
202300053912;155 584 900;7;0;2;5;12;1
202300053912;155 584 906;10;0;2;3;12;0
202300053913;155 584 901;7;3;2;1;13;1
202300053913;155 584 905;7;3;2;3;1;3
202300053914;155 584 903;7;0;1;1;15;1
202300053915;155 584 896;7;0;1;2;1;1
202300053916;155 584 895;7;0;2;1;1;0
202300053916;155 584 898;50;0;2;3;15;3
202300053917;155 584 893;50;0;2;8;13;3
202300053917;155 584 897;37;0;2;1;1;1
202300053918;155 584 890;33;6;0;1;1;1
202300053919;155 584 891;7;0;2;1;1;0
202300053919;155 584 894;10;0;2;4;1;0
202300053920;155 584 892;7;0;1;7;1;1
202300053921;155 584 887;7;0;1;3;1;1
202300053922;155 584 889;10;8;1;1;10;1
202300053923;155 584 886;7;0;2;8;1;1
202300053923;155 584 899;7;0;2;1;15;1
202300053924;155 584 882;7;12;0;3;13;1
202300053925;155 584 881;7;0;2;1;1;1
202300053925;155 584 884;2;0;2;5;1;1
202300053926;155 584 885;31;0;2;1;1;1
202300053926;155 584 888;1;0;2;8;15;5
202300053927;155 584 880;31;0;2;1;7;1
202300053927;155 584 883;7;0;2;7;15;1
202300053928;155 584 878;7;5;0;9;14;1
202300053929;155 584 876;7;0;1;8;2;1
202300053930;155 584 875;7;0;1;7;1;1
202300053931;155 584 874;7;1;0;1;1;1
202300053931;155 584 879;7;0;2;3;1;1
202300053932;155 584 877;50;0;0;7;1;3
202300053933;155 584 873;7;0;1;2;1;1
202300053934;155 584 871;1;0;0;0;1;5
202300053935;155 584 868;7;0;2;8;11;1
202300053935;155 584 872;33;0;2;1;1;1
202300053936;155 584 869;7;0;1;2;1;1
202300053937;155 584 864;7;0;1;4;26;1
202300053938;155 584 866;7;0;2;1;2;1
202300053938;155 584 870;2;0;2;4;23;1
202300053939;155 584 863;7;0;1;4;4;1
202300053940;155 584 858;7;0;2;2;15;1
202300053940;155 584 862;33;0;2;1;1;1
202300053941;155 584 860;10;0;2;2;10;1
202300053941;155 584 865;10;0;2;1;1;1
202300053942;155 584 857;7;13;2;3;9;6
202300053942;155 584 867;32;0;2;1;9;1
202300053943;155 584 856;1;0;2;1;2;5
202300053943;155 584 859;7;0;9;5;2;1
202300053944;155 584 855;7;12;0;1;14;1
202300053945;155 584 852;7;0;2;1;13;1
202300053945;155 584 861;7;0;2;1;1;1
202300053946;155 584 851;3;1;1;1;1;1
202300053947;155 584 850;30;0;0;0;21;1
202300053948;155 584 849;30;0;2;8;2;1
202300053948;155 584 853;7;0;2;2;23;1
202300053949;155 584 848;7;8;0;1;1;1
202300053950;155 584 847;7;0;1;1;15;1
202300053951;155 584 846;7;0;2;3;16;1
202300053951;155 584 854;7;0;2;2;1;1
202300053952;155 584 843;7;2;0;1;14;1
202300053953;155 584 842;7;1;0;9;1;1
202300053954;155 584 841;21;0;2;3;15;1
202300053954;155 584 844;7;0;2;2;17;3
202300053955;155 584 837;7;0;1;3;1;1
202300053956;155 584 838;7;0;2;2;1;1
202300053956;155 584 845;7;1;2;1;20;1
202300053957;155 584 840;50;0;0;1;1;3
202300053958;155 584 834;10;15;0;2;2;1
202300053959;155 584 832;50;0;2;1;1;3
202300053959;155 584 836;7;0;2;7;14;1
202300053960;155 584 831;33;0;2;2;26;1
202300053960;155 584 835;7;0;2;7;23;1
202300053960;155 584 839;7;0;2;2;23;1
202300053961;155 584 828;32;0;6;1;1;1
202300053962;155 584 826;7;0;2;1;15;1
202300053962;155 584 833;7;0;2;3;21;1
202300053963;155 584 824;7;0;2;1;1;1
202300053963;155 584 830;7;0;2;1;26;1
202300053964;155 584 825;7;0;1;4;4;1
202300053965;155 584 823;7;0;1;4;20;1
202300053966;155 584 821;7;0;2;2;1;2
202300053966;155 584 829;30;0;2;8;9;1
202300053967;155 584 819;32;0;1;1;1;1
202300053968;155 584 818;7;0;2;3;15;1
202300053968;155 584 827;50;0;2;1;0;3
202300053969;155 584 816;7;4;0;1;0;1
202300053970;155 584 815;7;0;2;3;2;1
202300053970;155 584 820;7;0;2;6;2;1
202300053971;155 584 813;7;0;2;1;1;1
202300053971;155 584 817;7;0;2;4;23;1
202300053971;155 584 822;7;0;2;4;23;1
202300053972;155 584 807;37;1;1;1;2;1
202300053973;155 584 808;7;13;0;9;1;1
202300053974;155 584 809;7;0;2;8;15;1
202300053974;155 584 812;43;0;2;1;17;1
202300053975;155 584 806;50;0;2;0;1;3
202300053975;155 584 814;7;0;9;6;15;1
202300053976;155 584 803;30;0;1;5;0;2
202300053977;155 584 802;32;0;2;1;26;1
202300053977;155 584 811;7;0;2;7;15;0
202300053978;155 584 801;7;0;2;5;15;1
202300053978;155 584 805;1;0;2;1;1;5
202300053979;155 584 800;7;13;0;2;21;1
202300053980;155 584 799;7;0;2;4;2;6
202300053980;155 584 810;7;0;2;1;2;6
202300053981;155 584 795;7;1;0;1;1;0
202300053982;155 584 792;7;0;2;4;1;1
202300053982;155 584 798;7;0;2;1;2;1
202300053983;155 584 790;7;0;2;3;15;1
202300053983;155 584 796;7;0;2;1;1;1
202300053984;155 584 787;7;0;1;1;16;1
202300053985;155 584 785;10;0;1;4;4;1
202300053986;155 584 782;17;0;2;1;2;1
202300053986;155 584 786;14;0;2;4;1;1
202300053986;155 584 791;7;0;2;4;1;1
202300053986;155 584 797;17;0;2;4;1;6
202300053987;155 584 781;10;0;1;4;4;1
202300053988;155 584 789;7;0;2;1;15;1
202300053988;155 584 794;33;0;2;8;1;1
202300053989;155 584 788;7;0;2;1;1;0
202300053989;155 584 793;32;0;2;3;16;1
202300053990;155 584 780;7;0;2;8;0;1
202300053990;155 584 784;10;0;2;3;17;1
202300053991;155 584 779;7;0;1;2;16;1
202300053992;155 584 773;33;0;2;8;1;0
202300053992;155 584 777;7;0;2;7;14;1
202300053993;155 584 774;7;0;9;3;24;2
202300053993;155 584 778;1;1;0;1;1;5
202300053994;155 584 768;99;0;2;2;1;1
202300053994;155 584 776;2;0;2;4;23;1
202300053995;155 584 765;7;0;0;0;15;1
202300053995;155 584 770;2;0;0;1;1;1
202300053996;155 584 766;7;7;2;1;1;1
202300053996;155 584 771;7;0;2;4;15;1
202300053997;155 584 763;7;7;0;1;13;1
202300053998;155 584 764;32;0;2;1;1;1
202300053998;155 584 772;7;0;2;1;15;1
202300053999;155 584 762;33;0;2;8;1;1
202300053999;155 584 767;7;0;2;3;15;0
202300054000;155 584 761;7;0;2;1;15;1
202300054000;155 584 769;7;0;0;0;0;3
202300054001;155 584 760;1;0;2;0;1;5
202300054001;155 584 775;7;0;2;1;1;2
202300054002;155 584 757;33;16;0;0;0;1
202300054003;155 584 753;33;4;0;0;0;1
202300054004;155 584 752;31;0;0;4;1;1
202300054004;155 584 758;7;0;2;1;26;0
202300054004;155 584 759;7;0;2;1;26;1
202300054005;155 584 756;7;0;1;1;1;2
202300054006;155 584 751;30;0;2;2;1;1
202300054006;155 584 754;7;0;2;3;9;1
202300054007;155 584 745;7;1;2;1;1;1
202300054007;155 584 750;32;0;2;1;1;1
202300054008;155 584 746;7;0;2;1;2;1
202300054008;155 584 749;7;0;2;4;2;1
202300054008;155 584 755;7;0;2;4;2;1
202300054009;155 584 743;10;0;0;0;0;0
202300054010;155 584 747;7;0;1;1;15;1
202300054011;155 584 741;1;0;2;8;16;5
202300054011;155 584 748;37;0;2;7;1;3
202300054012;155 584 740;7;0;0;3;1;0
202300054012;155 584 744;7;0;0;3;1;0
202300054013;155 584 738;32;1;0;1;1;1
202300054014;155 584 734;7;1;0;1;1;1
202300054014;155 584 742;7;0;2;4;23;1
202300054015;155 584 736;10;0;2;6;13;0
202300054015;155 584 739;33;0;2;1;3;0
202300054016;155 584 730;7;0;2;4;2;1
202300054016;155 584 737;7;0;2;4;2;0
202300054017;155 584 731;31;0;0;7;1;1
202300054018;155 584 729;7;0;2;1;2;1
202300054018;155 584 735;7;0;2;4;2;1
202300054019;155 584 725;7;9;0;1;0;1
202300054020;155 584 728;7;0;2;3;14;2
202300054020;155 584 732;1;0;2;3;8;5
202300054021;155 584 724;7;0;2;3;15;1
202300054021;155 584 727;34;0;0;2;1;1
202300054022;155 584 723;7;0;2;3;15;1
202300054022;155 584 726;31;0;2;0;17;5
202300054023;155 584 722;7;0;0;0;1;1
202300054024;155 584 720;15;4;0;0;1;0
202300054025;155 584 712;7;0;2;8;11;1
202300054025;155 584 719;33;0;2;2;3;1
202300054026;155 584 713;7;0;2;1;1;1
202300054026;155 584 717;33;0;2;1;26;1
202300054027;155 584 714;7;0;2;2;2;1
202300054027;155 584 718;10;0;2;3;1;3
202300054028;155 584 706;7;13;0;1;1;1
202300054029;155 584 705;99;0;2;0;0;0
202300054029;155 584 711;50;0;2;6;1;3
202300054030;155 584 709;7;0;2;2;1;1
202300054030;155 584 715;7;0;9;3;1;1
202300054031;155 584 703;7;0;2;6;11;1
202300054031;155 584 710;32;0;2;1;1;1
202300054032;155 584 699;10;0;2;7;15;1
202300054032;155 584 708;33;0;2;1;2;1
202300054033;155 584 697;10;0;2;2;21;1
202300054033;155 584 702;10;0;2;0;1;1
202300054033;155 584 707;7;0;2;6;2;1
202300054034;155 584 701;7;0;2;4;23;1
202300054034;155 584 704;7;0;2;4;23;1
202300054034;155 584 716;10;0;2;4;23;1
202300054034;155 584 721;7;0;2;1;2;1
202300054035;155 584 693;7;0;2;1;1;1
202300054035;155 584 698;31;0;2;4;2;1
202300054036;155 584 690;7;10;0;1;1;0
202300054037;155 584 691;80;0;2;2;11;3
202300054037;155 584 695;34;0;9;8;17;1
202300054038;155 584 689;7;0;2;3;1;1
202300054038;155 584 694;32;0;2;3;15;1
202300054039;155 584 688;7;0;2;8;15;1
202300054039;155 584 696;7;0;2;7;15;1
202300054039;155 584 700;1;0;2;1;1;5
202300054040;155 584 685;7;5;0;1;26;1
202300054041;155 584 682;32;0;1;5;14;1
202300054042;155 584 678;50;0;0;0;1;3
202300054043;155 584 677;35;0;1;3;23;3
202300054044;155 584 676;37;0;2;3;1;1
202300054044;155 584 683;7;0;2;1;5;1
202300054044;155 584 686;7;0;2;3;1;1
202300054045;155 584 674;7;2;0;1;13;1
202300054046;155 584 672;7;0;2;1;26;1
202300054046;155 584 681;7;0;2;3;26;2
202300054047;155 584 675;7;0;2;4;2;2
202300054047;155 584 679;33;0;2;1;2;1
202300054048;155 584 671;33;0;2;1;1;1
202300054048;155 584 680;7;0;2;1;15;1
202300054049;155 584 670;7;0;1;1;1;0
202300054050;155 584 673;7;0;2;5;2;1
202300054050;155 584 687;7;0;2;1;2;1
202300054051;155 584 666;7;2;0;2;2;6
202300054052;155 584 664;7;0;1;1;0;0
202300054053;155 584 661;7;0;2;2;1;1
202300054053;155 584 669;7;0;2;8;10;1
202300054054;155 584 662;7;3;0;3;13;1
202300054055;155 584 668;7;0;1;1;1;1
202300054056;155 584 657;7;0;2;3;2;1
202300054056;155 584 663;33;0;2;2;3;1
202300054057;155 584 655;7;0;2;8;15;1
202300054057;155 584 660;31;0;2;8;1;1
202300054058;155 584 658;7;0;2;1;1;1
202300054058;155 584 665;10;0;2;1;13;1
202300054059;155 584 654;7;12;0;1;5;1
202300054060;155 584 656;1;0;2;1;1;5
202300054060;155 584 667;7;0;2;3;1;1
202300054061;155 584 659;10;0;1;3;15;0
202300054062;155 584 653;33;13;0;7;1;1
202300054063;155 584 651;7;0;1;2;0;0
202300054064;155 584 650;33;0;0;1;21;1
202300054065;155 584 646;7;0;1;1;9;1
202300054066;155 584 647;7;3;0;0;1;1
202300054067;155 584 644;7;;1;;1;1
202300054068;155 584 643;7;0;2;2;11;1
202300054068;155 584 652;30;0;2;1;0;1
202300054069;155 584 639;7;0;2;1;1;1
202300054069;155 584 645;7;0;2;1;5;1
202300054069;155 584 649;7;0;0;6;15;1
202300054070;155 584 640;7;0;2;3;9;1
202300054070;155 584 648;1;0;2;1;1;5
202300054071;155 584 637;50;0;2;1;2;3
202300054071;155 584 642;7;0;2;6;4;3
202300054072;155 584 638;7;3;0;3;1;1
202300054073;155 584 634;36;13;0;9;0;1
202300054074;155 584 633;7;0;2;3;2;1
202300054074;155 584 635;7;0;2;5;2;1
202300054075;155 584 631;7;0;1;4;26;1
202300054076;155 584 630;7;0;1;1;1;1
202300054077;155 584 629;7;0;1;3;1;1
202300054078;155 584 626;7;0;2;3;23;1
202300054078;155 584 636;7;0;2;1;9;1
202300054078;155 584 641;7;0;2;9;1;1
202300054079;155 584 625;7;2;0;8;1;1
202300054080;155 584 620;7;8;0;5;0;1
202300054081;155 584 623;7;0;2;0;0;1
202300054081;155 584 627;7;0;2;0;0;1
202300054082;155 584 619;10;0;2;1;1;1
202300054082;155 584 624;7;0;2;8;1;1
202300054083;155 584 617;7;0;1;3;1;1
202300054084;155 584 612;1;0;2;1;1;5
202300054084;155 584 622;10;0;2;3;1;1
202300054085;155 584 618;50;12;0;1;14;3
202300054086;155 584 614;7;0;2;2;15;1
202300054086;155 584 621;7;0;2;1;1;1
202300054087;155 584 610;50;0;2;4;0;3
202300054087;155 584 615;7;0;2;0;0;1
202300054088;155 584 609;80;12;2;8;1;3
202300054088;155 584 613;10;0;9;4;4;1
202300054089;155 584 607;7;2;0;1;14;1
202300054090;155 584 602;7;4;0;3;13;1
202300054091;155 584 601;33;0;0;7;1;1
202300054092;155 584 599;7;0;2;1;13;1
202300054092;155 584 605;10;0;2;1;1;1
202300054093;155 584 598;7;0;2;1;2;1
202300054093;155 584 604;7;0;2;4;2;1
202300054093;155 584 608;7;0;2;1;2;1
202300054093;155 584 611;7;0;2;4;13;1
202300054093;155 584 616;34;0;2;1;0;1
202300054094;155 584 595;7;2;0;2;2;1
202300054095;155 584 596;13;0;2;2;1;1
202300054095;155 584 606;7;0;2;1;1;1
202300054096;155 584 597;1;0;2;8;19;5
202300054096;155 584 603;33;0;2;7;1;1
202300054097;155 584 593;7;0;2;2;16;1
202300054097;155 584 600;50;0;2;8;1;3
202300054098;155 584 588;17;0;0;7;14;1
202300054099;155 584 590;33;0;2;7;15;1
202300054099;155 584 594;7;0;2;1;1;1
202300054100;155 584 589;3;0;1;1;26;1
202300054101;155 584 586;7;0;2;1;5;1
202300054101;155 584 591;10;0;2;1;0;1
202300054102;155 584 585;7;13;0;2;1;1
202300054103;155 584 587;14;0;2;1;15;1
202300054103;155 584 592;7;0;2;8;1;1
202300054104;155 584 583;1;0;1;1;1;5
202300054105;155 584 582;37;0;1;4;4;1
202300054106;155 584 580;7;0;2;3;23;2
202300054106;155 584 584;7;7;2;1;10;1
202300054107;155 584 579;1;0;0;0;0;5
202300054108;155 584 577;10;0;1;1;1;1
202300054109;155 584 578;33;3;0;1;1;1
202300054110;155 584 576;14;0;1;2;21;1
202300054111;155 584 572;7;8;0;3;5;1
202300054112;155 584 570;7;0;2;2;1;1
202300054112;155 584 575;7;0;2;3;1;1
202300054112;155 584 581;7;0;2;1;1;1
202300054113;155 584 565;31;0;0;1;1;1
202300054114;155 584 568;7;0;2;1;23;1
202300054114;155 584 574;7;0;2;4;2;1
202300054115;155 584 566;7;0;1;2;1;1
202300054116;155 584 567;10;0;2;5;1;1
202300054116;155 584 573;1;0;2;1;1;5
202300054117;155 584 562;7;0;9;1;1;1
202300054117;155 584 571;7;4;0;8;1;1
202300054118;155 584 563;10;0;2;2;15;1
202300054118;155 584 569;50;0;2;1;1;3
202300054119;155 584 560;7;6;0;1;1;0
202300054120;155 584 561;7;0;2;8;9;1
202300054120;155 584 564;10;0;2;1;1;1
202300054121;155 584 556;80;0;2;1;15;3
202300054121;155 584 559;7;0;2;6;2;2
202300054122;155 584 551;1;0;2;3;5;5
202300054122;155 584 558;7;0;9;2;16;1
202300054123;155 584 549;7;0;0;1;1;1
202300054124;155 584 553;33;0;1;8;2;1
202300054125;155 584 548;7;2;2;6;1;1
202300054125;155 584 554;7;0;2;3;15;1
202300054126;155 584 555;7;0;2;8;2;1
202300054126;155 584 557;7;0;2;8;23;1
202300054127;155 584 550;7;2;0;1;1;1
202300054128;155 584 545;10;0;2;2;2;1
202300054128;155 584 552;7;0;2;5;11;1
202300054129;155 584 541;7;0;2;2;9;1
202300054129;155 584 546;7;0;2;1;9;1
202300054130;155 584 543;7;0;2;2;11;1
202300054130;155 584 547;7;0;2;1;1;1
202300054131;155 584 539;2;0;2;1;5;1
202300054131;155 584 544;7;0;2;8;1;1
202300054132;155 584 537;7;0;2;1;15;1
202300054132;155 584 542;43;0;2;7;1;1
202300054133;155 584 532;7;3;0;3;21;1
202300054134;155 584 531;7;0;5;1;0;0
202300054134;155 584 536;7;0;5;1;1;1
202300054134;155 584 540;7;0;5;2;1;1
202300054135;155 584 535;7;0;1;1;1;1
202300054136;155 584 530;7;0;9;1;15;1
202300054136;155 584 534;2;0;2;8;1;1
202300054137;155 584 528;31;0;2;3;16;1
202300054137;155 584 538;7;0;2;2;1;1
202300054138;155 584 527;7;0;0;0;0;3
202300054138;155 584 533;1;11;0;0;1;5
202300054139;155 584 524;7;9;0;2;0;1
202300054140;155 584 523;7;2;0;0;14;1
202300054141;155 584 522;1;0;2;8;1;5
202300054141;155 584 525;7;0;2;1;1;1
202300054142;155 584 520;2;6;0;1;1;1
202300054143;155 584 519;7;0;2;1;1;1
202300054143;155 584 529;7;0;2;2;1;1
202300054144;155 584 513;7;13;0;1;1;1
202300054145;155 584 516;32;9;0;1;2;1
202300054146;155 584 512;99;0;2;1;1;1
202300054146;155 584 518;7;0;2;4;15;1
202300054147;155 584 508;1;0;2;2;14;5
202300054147;155 584 515;7;0;0;3;1;1
202300054148;155 584 507;7;0;2;7;15;1
202300054148;155 584 514;34;0;2;1;1;1
202300054149;155 584 506;7;0;2;2;11;1
202300054149;155 584 511;7;0;2;2;1;1
202300054150;155 584 503;7;0;2;4;1;0
202300054150;155 584 510;7;0;2;1;1;0
202300054151;155 584 502;7;0;2;1;1;1
202300054151;155 584 505;7;0;2;9;1;1
202300054151;155 584 517;7;0;2;9;1;1
202300054151;155 584 521;7;0;2;4;1;1
202300054151;155 584 526;7;0;2;9;1;1
202300054152;155 584 499;7;0;2;8;1;0
202300054152;155 584 509;7;0;2;3;16;0
202300054153;155 584 498;1;0;2;7;1;5
202300054153;155 584 504;7;0;2;3;16;1
202300054154;155 584 495;7;0;2;7;17;1
202300054154;155 584 500;1;0;2;3;15;5
202300054155;155 584 497;7;0;1;1;1;1
202300054156;155 584 493;7;8;0;2;14;1
202300054157;155 584 494;7;0;1;2;1;1
202300054158;155 584 489;7;2;0;2;1;1
202300054159;155 584 491;1;1;0;2;2;5
202300054159;155 584 496;7;0;2;3;22;1
202300054160;155 584 492;7;12;2;1;1;0
202300054160;155 584 501;10;0;2;6;2;0
202300054161;155 584 486;7;0;2;1;1;3
202300054161;155 584 490;37;0;0;4;1;1
202300054162;155 584 482;7;0;2;7;1;1
202300054162;155 584 488;30;0;2;1;1;1
202300054163;155 584 483;7;0;0;4;9;1
202300054163;155 584 487;33;0;2;1;1;1
202300054164;155 584 481;7;0;1;1;15;1
202300054165;155 584 479;7;0;0;8;16;1
202300054165;155 584 484;10;0;2;1;1;1
202300054166;155 584 480;7;0;2;6;1;1
202300054166;155 584 485;7;0;2;1;1;1
202300054167;155 584 477;7;0;1;1;1;1
202300054168;155 584 474;7;0;2;7;0;1
202300054168;155 584 478;2;0;2;8;0;1
202300054169;155 584 473;60;0;2;1;26;5
202300054169;155 584 476;7;0;2;7;1;1
202300054170;155 584 471;7;0;1;1;2;1
202300054171;155 584 470;32;0;2;1;1;1
202300054171;155 584 475;1;0;2;0;19;5
202300054172;155 584 468;7;4;0;1;0;1
202300054173;155 584 464;7;0;2;1;2;1
202300054173;155 584 472;17;0;2;4;2;1
202300054174;155 584 462;7;4;0;3;13;1
202300054174;155 584 465;7;4;0;1;13;1
202300054175;155 584 459;7;0;2;1;1;1
202300054175;155 584 469;7;0;2;8;15;1
202300054176;155 584 460;7;0;2;1;1;1
202300054176;155 584 466;7;0;9;1;15;1
202300054177;155 584 463;2;0;2;0;26;1
202300054177;155 584 467;7;0;2;0;15;1
202300054178;155 584 458;10;0;2;3;0;3