Num_Acc;id_vehicule;categorie_vehicule;obstacle_fixe;obstacle_mobile;point_choc_initial;manoeuvre_principale;motorisation
202300054178;155 584 461;2;0;2;2;0;0
202300054179;155 584 453;7;0;2;1;2;1
202300054179;155 584 457;50;0;2;5;1;3
202300054180;155 584 452;1;0;2;1;1;5
202300054180;155 584 456;50;0;2;1;1;3
202300054181;155 584 450;7;0;2;1;1;1
202300054181;155 584 455;7;0;2;1;13;1
202300054182;155 584 445;2;0;2;1;17;1
202300054182;155 584 451;7;0;2;1;1;1
202300054183;155 584 444;7;0;1;7;15;1
202300054184;155 584 447;7;0;1;2;1;1
202300054185;155 584 443;13;0;2;5;2;1
202300054185;155 584 448;7;0;2;6;18;1
202300054186;155 584 440;7;0;0;0;0;0
202300054186;155 584 442;7;0;2;1;0;0
202300054186;155 584 446;7;0;2;4;0;0
202300054187;155 584 436;7;0;1;3;1;2
202300054188;155 584 431;7;0;2;4;1;0
202300054188;155 584 438;1;0;2;1;2;5
202300054189;155 584 432;7;0;2;3;9;2
202300054189;155 584 437;31;0;2;7;1;1
202300054190;155 584 433;7;0;2;3;15;1
202300054190;155 584 439;30;0;2;1;17;1
202300054191;155 584 427;17;0;2;6;17;1
202300054191;155 584 435;33;0;2;1;17;1
202300054192;155 584 424;7;0;2;1;1;1
202300054192;155 584 430;7;0;2;1;1;1
202300054192;155 584 441;7;0;2;5;15;1
202300054193;155 584 426;7;0;2;5;15;1
202300054193;155 584 434;32;0;2;1;1;1
202300054194;155 584 422;30;0;2;7;1;1
202300054194;155 584 429;7;0;2;1;15;1
202300054195;155 584 421;7;0;2;8;15;1
202300054195;155 584 425;37;0;2;1;1;0
202300054196;155 584 420;10;0;1;;1;1
202300054196;155 584 428;10;0;0;;1;1
202300054197;155 584 419;37;0;2;3;16;4
202300054197;155 584 423;7;0;2;2;23;1
202300054198;155 584 412;32;0;2;1;1;1
202300054198;155 584 417;7;0;2;1;15;1
202300054199;155 584 413;7;0;2;1;5;1
202300054199;155 584 418;7;0;2;3;21;1
202300054200;155 584 410;7;0;2;6;1;1
202300054200;155 584 416;32;0;2;6;1;1
202300054201;155 584 411;7;0;2;3;1;1
202300054201;155 584 415;33;0;0;4;23;1
202300054202;155 584 404;33;0;2;8;1;1
202300054202;155 584 407;10;0;2;6;1;1
202300054202;155 584 414;50;0;2;0;10;3
202300054203;155 584 405;30;0;1;1;17;1
202300054204;155 584 406;0;0;2;0;0;
202300054204;155 584 409;80;1;2;3;13;3
202300054205;155 584 403;16;0;2;2;16;1
202300054205;155 584 408;1;0;2;3;1;5
202300054206;155 584 397;7;0;2;3;1;1
202300054206;155 584 402;33;0;2;3;3;1
202300054207;155 584 394;7;0;9;1;0;1
202300054207;155 584 400;50;0;2;1;1;3
202300054208;155 584 389;50;0;2;1;21;3
202300054208;155 584 392;50;0;2;1;16;3
202300054209;155 584 395;33;0;2;2;17;1
202300054209;155 584 401;7;0;0;6;15;1
202300054210;155 584 393;7;0;2;5;15;0
202300054210;155 584 399;33;0;2;1;1;1
202300054211;155 584 387;33;2;0;1;9;1
202300054212;155 584 382;2;0;2;1;1;1
202300054212;155 584 385;2;0;2;1;1;1
202300054213;155 584 384;30;0;2;9;16;3
202300054213;155 584 390;7;0;2;3;1;1
202300054214;155 584 383;7;0;2;6;15;1
202300054214;155 584 396;33;0;2;1;1;1
202300054215;155 584 380;7;0;2;1;2;2
202300054215;155 584 388;30;0;2;4;1;1
202300054216;155 584 379;7;0;2;1;2;1
202300054216;155 584 381;7;0;2;4;2;1
202300054217;155 584 378;7;0;2;1;15;1
202300054217;155 584 386;2;0;2;0;9;1
202300054218;155 584 377;7;0;2;1;16;1
202300054218;155 584 391;7;0;2;0;5;0
202300054218;155 584 398;7;0;2;4;16;1
202300054219;155 584 373;7;1;0;1;14;2
202300054220;155 584 372;33;0;2;1;17;1
202300054220;155 584 374;15;0;0;6;1;1
202300054221;155 584 370;7;0;9;1;1;0
202300054221;155 584 376;1;0;2;8;15;5
202300054222;155 584 369;33;2;0;1;1;1
202300054223;155 584 365;2;14;0;1;1;1
202300054224;155 584 366;7;0;2;3;1;1
202300054224;155 584 375;1;0;2;4;12;5
202300054225;155 584 364;7;0;2;1;2;1
202300054225;155 584 371;7;0;0;4;1;1
202300054226;155 584 363;10;0;1;2;1;1
202300054227;155 584 362;10;0;2;1;26;1
202300054227;155 584 367;7;0;2;1;0;1
202300054228;155 584 357;3;0;2;1;2;1
202300054228;155 584 359;7;0;0;4;1;1
202300054229;155 584 355;7;0;2;3;13;0
202300054229;155 584 358;14;0;2;3;0;6
202300054230;155 584 354;32;0;1;1;1;1
202300054231;155 584 361;1;0;2;1;1;5
202300054231;155 584 368;10;0;9;2;15;1
202300054232;155 584 352;7;0;1;2;1;1
202300054233;155 584 350;1;0;1;1;1;5
202300054234;155 584 353;7;0;2;3;15;2
202300054234;155 584 360;80;0;2;2;1;3
202300054235;155 584 351;36;12;0;1;0;1
202300054236;155 584 349;7;0;2;2;2;1
202300054236;155 584 356;7;0;2;6;2;1
202300054237;155 584 345;7;0;1;5;16;1
202300054238;155 584 344;7;0;1;2;9;1
202300054239;155 584 340;7;0;2;3;1;1
202300054239;155 584 347;7;0;2;1;1;2
202300054240;155 584 343;50;0;1;1;1;3
202300054241;155 584 339;10;0;2;1;15;1
202300054241;155 584 346;33;0;2;1;1;1
202300054242;155 584 335;7;0;1;2;1;2
202300054243;155 584 336;34;0;2;1;1;1
202300054243;155 584 342;7;0;2;3;15;1
202300054244;155 584 334;7;13;2;2;1;1
202300054244;155 584 341;3;0;2;1;15;1
202300054245;155 584 330;7;0;2;1;1;1
202300054245;155 584 337;7;0;2;5;1;1
202300054246;155 584 331;7;0;1;4;26;0
202300054247;155 584 332;99;0;1;3;16;6
202300054248;155 584 329;15;0;0;3;23;1
202300054248;155 584 333;7;1;0;7;1;1
202300054248;155 584 338;7;0;2;2;1;1
202300054248;155 584 348;7;0;2;2;1;2
202300054249;155 584 328;7;0;1;1;15;1
202300054250;155 584 326;7;1;0;1;1;0
202300054251;155 584 327;7;0;1;5;1;1
202300054252;155 584 324;7;5;0;2;1;1
202300054253;155 584 323;33;0;2;1;1;1
202300054253;155 584 325;7;0;2;4;23;1
202300054254;155 584 317;7;0;2;1;1;1
202300054254;155 584 322;7;0;2;1;13;1
202300054255;155 584 316;7;1;1;1;1;1
202300054256;155 584 315;10;0;1;1;1;1
202300054257;155 584 313;7;0;2;8;10;1
202300054257;155 584 320;33;0;2;1;17;1
202300054258;155 584 314;7;7;0;3;1;0
202300054258;155 584 321;7;0;2;1;1;0
202300054259;155 584 311;7;0;1;1;15;1
202300054260;155 584 310;7;0;0;0;26;1
202300054261;155 584 308;7;0;0;0;0;1
202300054261;155 584 319;3;0;0;0;0;1
202300054262;155 584 307;7;0;2;3;15;6
202300054262;155 584 309;30;0;2;1;17;3
202300054263;155 584 298;10;0;2;0;20;1
202300054263;155 584 306;33;0;2;0;1;1
202300054264;155 584 297;7;0;2;7;15;1
202300054264;155 584 303;31;0;2;1;1;1
202300054265;155 584 299;21;0;2;1;26;4
202300054265;155 584 304;7;0;2;2;1;1
202300054266;155 584 294;7;0;2;4;2;1
202300054266;155 584 301;33;0;2;1;2;1
202300054267;155 584 292;30;0;0;7;15;1
202300054268;155 584 295;7;0;2;1;5;0
202300054268;155 584 302;7;0;2;1;23;0
202300054269;155 584 285;7;0;1;3;1;1
202300054270;155 584 282;7;13;0;1;1;0
202300054271;155 584 279;7;0;2;3;1;1
202300054271;155 584 288;50;0;2;1;26;3
202300054272;155 584 287;7;0;2;2;15;1
202300054272;155 584 290;1;0;2;1;1;5
202300054273;155 584 276;1;0;2;8;19;5
202300054273;155 584 280;7;0;2;3;1;0
202300054274;155 584 272;13;1;2;1;5;1
202300054274;155 584 277;13;0;0;1;24;1
202300054274;155 584 284;10;0;2;6;1;1
202300054275;155 584 273;10;0;2;4;2;1
202300054275;155 584 289;10;0;2;1;2;1
202300054275;155 584 291;7;0;2;4;2;1
202300054276;155 584 271;31;0;2;1;3;1
202300054276;155 584 275;7;0;2;5;1;1
202300054276;155 584 281;7;0;2;6;1;3
202300054277;155 584 270;7;0;1;1;16;1
202300054278;155 584 263;7;0;2;7;2;1
202300054278;155 584 267;1;0;2;3;11;5
202300054279;155 584 262;7;0;2;2;16;1
202300054279;155 584 266;7;0;2;3;1;1
202300054280;155 584 259;7;0;2;2;1;1
202300054280;155 584 268;30;0;2;1;0;1
202300054281;155 584 260;15;0;0;4;2;1
202300054281;155 584 265;10;0;2;1;2;1
202300054282;155 584 255;33;0;0;4;1;1
202300054282;155 584 264;7;0;2;1;0;0
202300054283;155 584 256;31;0;2;1;1;1
202300054283;155 584 269;10;0;2;2;1;1
202300054284;155 584 261;7;6;1;1;0;1
202300054285;155 584 252;7;0;2;4;2;1
202300054285;155 584 258;15;0;2;1;2;1
202300054286;155 584 250;31;0;2;1;3;1
202300054286;155 584 254;7;0;2;3;1;1
202300054286;155 584 257;7;0;2;5;1;2
202300054287;155 584 246;0;0;1;0;0;1
202300054288;155 584 240;7;0;9;7;9;1
202300054288;155 584 245;1;0;2;8;13;5
202300054289;155 584 238;7;0;2;3;1;1
202300054289;155 584 251;21;0;2;1;9;1
202300054290;155 584 239;50;0;1;4;25;3
202300054291;155 584 244;80;0;1;2;1;3
202300054292;155 584 243;7;0;2;1;15;1
202300054292;155 584 249;7;0;2;1;1;1
202300054293;155 584 242;2;0;2;4;2;1
202300054293;155 584 247;7;0;2;2;2;1
202300054293;155 584 253;7;0;2;4;2;1
202300054294;155 584 237;7;0;0;4;1;1
202300054294;155 584 248;7;0;2;1;2;1
202300054295;155 584 233;7;0;2;4;2;1
202300054295;155 584 235;7;0;2;1;2;1
202300054295;155 584 241;7;0;2;1;2;1
202300054296;155 584 225;7;0;2;3;21;1
202300054296;155 584 234;35;0;2;2;9;1
202300054297;155 584 230;30;0;0;0;1;3
202300054298;155 584 232;31;0;2;1;2;1
202300054298;155 584 236;1;0;2;4;2;5
202300054299;155 584 228;7;3;0;9;26;6
202300054300;155 584 223;7;0;2;1;1;1
202300054300;155 584 229;50;0;2;8;0;3
202300054301;155 584 222;31;0;9;1;13;1
202300054301;155 584 227;1;0;2;8;10;5
202300054302;155 584 221;7;0;0;2;1;1
202300054302;155 584 226;10;7;0;5;4;1
202300054303;155 584 220;7;0;2;1;1;1
202300054303;155 584 224;7;0;2;6;16;1
202300054304;155 584 217;1;0;1;1;21;5
202300054305;155 584 216;7;3;0;1;1;1
202300054306;155 584 211;33;15;0;3;2;1
202300054307;155 584 212;37;0;0;0;1;3
202300054308;155 584 215;10;0;2;3;1;1
202300054308;155 584 218;1;0;2;6;23;5
202300054309;155 584 209;33;0;2;1;2;0
202300054309;155 584 214;99;0;2;7;15;0
202300054310;155 584 207;7;0;2;5;2;1
202300054310;155 584 219;7;0;2;3;2;1
202300054311;155 584 208;32;0;2;0;1;1
202300054311;155 584 213;10;0;2;0;15;1
202300054312;155 584 204;2;14;0;1;1;1
202300054313;155 584 201;7;0;0;1;1;1
202300054313;155 584 210;7;15;0;2;19;1
202300054314;155 584 200;15;0;2;2;15;1
202300054314;155 584 205;10;0;2;1;2;1
202300054315;155 584 202;7;6;0;1;0;0
202300054315;155 584 206;7;6;2;2;1;0
202300054316;155 584 199;7;0;1;2;1;1
202300054317;155 584 195;7;3;0;1;1;1
202300054318;155 584 191;7;0;2;3;15;1
202300054318;155 584 194;33;0;2;1;1;1
202300054319;155 584 197;7;0;2;1;1;1
202300054319;155 584 203;7;0;0;6;19;2
202300054320;155 584 189;33;6;0;1;13;1
202300054321;155 584 190;33;0;0;0;1;1
202300054322;155 584 188;7;0;2;3;1;0
202300054322;155 584 192;7;0;2;3;1;0
202300054323;155 584 186;7;0;2;7;1;1
202300054323;155 584 193;7;0;2;1;1;1
202300054323;155 584 198;7;0;2;1;15;1
202300054324;155 584 185;30;0;2;1;2;1
202300054325;155 584 182;7;0;0;9;14;1
202300054326;155 584 180;1;0;2;7;17;5
202300054326;155 584 183;1;0;2;8;1;5
202300054327;155 584 184;7;0;2;3;15;1
202300054327;155 584 187;1;0;2;0;1;5
202300054328;155 584 181;7;0;2;3;10;1
202300054328;155 584 196;31;0;2;1;1;1
202300054329;155 584 176;7;2;0;0;14;1
202300054330;155 584 177;7;13;0;9;1;1
202300054331;155 584 174;10;0;2;1;1;1
202300054331;155 584 179;10;0;2;4;1;1
202300054332;155 584 171;33;12;0;1;1;1
202300054333;155 584 169;7;0;2;6;15;1
202300054333;155 584 178;7;0;2;3;1;1
202300054334;155 584 168;10;0;1;4;4;1
202300054335;155 584 167;7;0;2;2;17;0
202300054335;155 584 173;7;0;2;1;2;0
202300054336;155 584 165;7;0;2;4;1;1
202300054336;155 584 172;10;0;2;4;1;1
202300054336;155 584 175;7;0;2;1;1;1
202300054337;155 584 164;21;0;2;3;19;1
202300054337;155 584 170;1;0;2;1;1;5
202300054338;155 584 162;7;4;0;1;1;1
202300054339;155 584 163;33;12;0;9;19;1
202300054340;155 584 161;15;0;2;1;1;1
202300054340;155 584 166;7;0;2;1;15;1
202300054341;155 584 158;1;0;0;1;1;5
202300054342;155 584 157;7;0;1;1;1;1
202300054343;155 584 154;33;0;2;3;1;1
202300054343;155 584 159;7;0;2;2;15;1
202300054344;155 584 151;7;0;0;3;1;1
202300054345;155 584 148;33;0;2;3;1;1
202300054345;155 584 153;33;0;2;3;13;1
202300054346;155 584 150;43;0;2;0;17;1
202300054346;155 584 156;43;0;2;0;5;1
202300054346;155 584 160;33;0;2;0;13;0
202300054347;155 584 146;34;0;2;1;1;1
202300054347;155 584 152;7;0;2;1;9;1
202300054348;155 584 143;33;0;2;8;1;1
202300054348;155 584 145;10;0;2;1;15;1
202300054349;155 584 141;7;0;2;1;1;1
202300054349;155 584 149;7;0;2;4;23;1
202300054349;155 584 155;7;0;2;4;23;1
202300054350;155 584 140;7;0;2;2;15;1
202300054350;155 584 144;33;0;2;1;1;1
202300054351;155 584 142;7;0;1;3;15;1
202300054352;155 584 138;31;9;0;3;1;1
202300054353;155 584 136;7;0;1;3;1;1
202300054354;155 584 137;7;0;2;3;1;1
202300054354;155 584 147;7;0;2;1;1;2
202300054355;155 584 134;7;3;2;9;26;1
202300054355;155 584 139;7;0;2;6;2;1
202300054356;155 584 133;50;0;2;7;19;3
202300054356;155 584 135;7;0;2;1;15;1
202300054357;155 584 127;32;0;1;9;1;1
202300054358;155 584 124;2;12;2;1;2;1
202300054358;155 584 132;7;0;0;5;2;1
202300054359;155 584 123;7;0;2;7;17;1
202300054359;155 584 131;32;6;2;8;2;1
202300054360;155 584 122;7;0;2;0;0;0
202300054360;155 584 130;30;0;2;1;2;1
202300054361;155 584 121;7;0;2;1;9;1
202300054361;155 584 126;7;0;2;4;9;1
202300054362;155 584 120;7;0;0;5;15;1
202300054362;155 584 128;1;0;2;1;19;5
202300054363;155 584 119;2;0;0;1;23;1
202300054363;155 584 125;7;0;2;3;15;1
202300054364;155 584 114;1;0;2;7;17;5
202300054364;155 584 118;1;0;2;6;1;5
202300054365;155 584 117;7;0;2;3;15;1
202300054365;155 584 129;2;1;2;3;1;1
202300054366;155 584 115;7;4;0;1;1;1
202300054367;155 584 112;1;13;0;1;1;5
202300054368;155 584 109;7;0;2;3;6;1
202300054368;155 584 111;2;0;2;2;26;1
202300054369;155 584 108;33;0;2;1;19;1
202300054369;155 584 116;7;0;2;3;1;1
202300054370;155 584 106;7;0;2;1;13;1
202300054370;155 584 113;7;0;2;1;1;1
202300054371;155 584 104;33;13;0;1;1;1
202300054372;155 584 105;33;0;2;2;1;0
202300054372;155 584 110;10;0;2;0;9;0
202300054373;155 584 103;7;0;2;3;9;1
202300054373;155 584 107;33;0;2;1;1;1
202300054374;155 584 102;2;0;2;1;18;1
202300054375;155 584 100;7;0;1;2;16;1
202300054376;155 584 097;7;7;0;2;14;1
202300054377;155 584 096;7;0;1;2;11;1
202300054378;155 584 095;7;0;2;3;15;1
202300054378;155 584 101;2;0;2;7;1;1
202300054379;155 584 091;1;0;2;3;1;5
202300054379;155 584 093;7;0;0;8;1;1
202300054380;155 584 098;7;0;1;4;4;1
202300054381;155 584 089;10;6;0;1;1;1
202300054382;155 584 090;10;0;2;3;16;1
202300054382;155 584 094;2;0;2;1;1;1
202300054383;155 584 092;7;0;2;1;15;1
202300054383;155 584 099;7;13;2;3;1;1
202300054384;155 584 086;7;0;1;6;4;1
202300054385;155 584 085;7;8;0;1;14;1
202300054386;155 584 083;7;0;2;5;15;2
202300054386;155 584 088;2;0;2;1;1;1
202300054387;155 584 080;7;0;2;3;2;1
202300054387;155 584 087;7;0;2;3;2;1
202300054388;155 584 079;7;2;0;1;1;1
202300054389;155 584 076;7;0;2;1;1;1
202300054389;155 584 081;7;0;2;4;1;1
202300054390;155 584 075;7;2;0;3;13;1
202300054391;155 584 072;7;0;1;2;1;1
202300054392;155 584 071;7;0;2;1;17;1
202300054392;155 584 074;7;0;2;1;1;1
202300054393;155 584 077;7;0;2;1;9;1
202300054393;155 584 082;7;0;2;6;2;1
202300054393;155 584 084;7;0;2;1;17;1
202300054394;155 584 078;33;0;1;1;1;1
202300054395;155 584 069;7;0;2;1;1;1
202300054395;155 584 073;7;0;2;1;13;1
202300054396;155 584 067;33;1;0;1;1;1
202300054397;155 584 066;7;0;2;2;1;1
202300054397;155 584 070;1;0;2;3;16;5
202300054398;155 584 068;32;0;1;0;1;0
202300054399;155 584 064;31;2;0;0;16;1
202300054400;155 584 061;33;13;0;1;1;1
202300054401;155 584 058;7;0;1;1;15;1
202300054402;155 584 057;7;0;2;6;1;1
202300054402;155 584 062;33;0;2;7;2;1
202300054403;155 584 060;17;0;1;7;1;1
202300054404;155 584 055;7;0;2;3;1;1
202300054404;155 584 063;7;0;2;2;2;1
202300054404;155 584 065;33;0;2;1;1;1
202300054405;155 584 054;33;0;0;1;1;1
202300054406;155 584 056;31;0;0;7;1;1
202300054407;155 584 052;30;1;0;1;14;1
202300054407;155 584 059;2;0;2;8;26;1
202300054408;155 584 050;33;3;0;8;13;1
202300054409;155 584 053;43;0;1;1;1;1
202300054410;155 584 046;7;0;1;3;1;1
202300054411;155 584 048;3;0;2;7;15;1
202300054411;155 584 051;2;0;2;1;1;1
202300054412;155 584 043;10;0;0;8;9;1
202300054412;155 584 049;33;0;2;2;1;1
202300054413;155 584 041;10;0;2;1;2;1
202300054413;155 584 044;17;0;2;4;2;1
202300054414;155 584 039;7;0;9;7;17;1
202300054414;155 584 045;80;0;0;8;2;3
202300054415;155 584 040;7;0;2;1;0;1
202300054415;155 584 047;10;0;2;2;1;1
202300054416;155 584 037;7;2;0;1;1;1
202300054417;155 584 035;7;6;0;1;1;1
202300054418;155 584 034;7;0;2;8;15;1
202300054418;155 584 042;33;0;2;1;1;1
202300054419;155 584 032;7;0;2;3;15;1
202300054419;155 584 038;32;0;2;1;1;1
202300054420;155 584 031;7;0;2;3;9;1
202300054420;155 584 033;1;0;2;2;9;5
202300054421;155 584 029;7;2;0;1;1;1
202300054422;155 584 022;80;0;2;1;2;3
202300054422;155 584 027;10;0;0;6;4;1
202300054423;155 584 025;7;0;2;3;1;1
202300054423;155 584 030;21;0;2;6;1;1
202300054424;155 584 024;43;0;1;1;2;1
202300054425;155 584 021;7;15;0;1;1;1
202300054426;155 584 019;7;0;1;1;1;1
202300054427;155 584 017;7;0;2;1;2;1
202300054427;155 584 023;1;0;2;7;19;5
202300054428;155 584 015;7;0;2;1;26;0
202300054428;155 584 028;7;0;2;8;23;1
202300054428;155 584 036;10;0;2;3;1;1
202300054429;155 584 018;10;0;2;8;19;1
202300054429;155 584 026;7;0;2;1;1;1
202300054430;155 584 016;7;0;2;2;9;1
202300054430;155 584 020;33;0;2;1;1;1
202300054431;155 584 011;33;0;2;1;1;1
202300054431;155 584 014;7;0;2;3;1;1
202300054432;155 584 010;10;0;1;1;1;0
202300054433;155 584 008;7;8;0;1;0;1
202300054434;155 584 007;15;0;2;7;1;1
202300054434;155 584 012;32;0;2;8;1;1
202300054435;155 584 005;3;0;2;7;19;1
202300054435;155 584 013;33;0;2;1;1;1
202300054436;155 584 001;7;8;0;1;19;1
202300054437;155 584 000;50;0;2;3;19;3
202300054437;155 584 004;7;0;2;1;1;0
202300054438;155 583 999;50;0;2;1;25;3
202300054438;155 584 002;7;0;9;2;16;1
202300054439;155 583 998;7;0;2;1;15;1
202300054439;155 584 003;7;0;2;1;1;1
202300054440;155 583 994;2;0;2;8;1;1
202300054440;155 583 997;2;0;2;8;1;1
202300054441;155 583 993;7;0;2;3;13;1
202300054441;155 583 995;10;0;2;2;1;1
202300054442;155 583 990;7;0;2;3;2;1
202300054442;155 583 996;50;0;2;8;19;3
202300054443;155 583 986;7;0;1;3;16;1
202300054444;155 583 984;7;0;2;1;0;0
202300054444;155 583 991;7;0;2;0;0;0
202300054445;155 583 985;7;3;2;8;1;1
202300054445;155 583 992;17;3;2;3;1;1
202300054446;155 583 982;10;0;2;1;2;1
202300054446;155 583 988;15;0;0;4;2;1
202300054447;155 583 981;33;3;0;1;1;1
202300054448;155 583 983;7;0;2;8;15;1
202300054448;155 583 989;7;0;2;7;17;1
202300054449;155 583 979;7;4;0;9;1;1
202300054450;155 583 977;80;0;2;1;5;3
202300054450;155 583 978;7;15;2;3;1;1
202300054451;155 583 974;37;0;1;7;19;0
202300054452;155 583 972;33;0;2;1;21;1
202300054452;155 583 975;3;0;2;2;9;1
202300054453;155 583 971;7;0;2;1;1;1
202300054453;155 583 976;7;0;2;1;1;1
202300054453;155 583 980;10;0;2;1;5;1
202300054454;155 583 970;7;0;9;7;1;0
202300054455;155 583 964;7;0;9;3;18;0
202300054455;155 583 973;1;0;2;2;14;5
202300054456;155 583 965;7;4;0;3;2;2
202300054457;155 583 962;7;0;2;1;13;1
202300054457;155 583 968;15;0;2;3;1;1
202300054458;155 583 961;7;0;2;0;1;1
202300054458;155 583 966;1;0;0;0;0;5
202300054459;155 583 960;13;0;2;8;0;1
202300054459;155 583 967;7;0;2;3;13;1
202300054460;155 583 957;0;0;0;0;0;0
202300054461;155 583 956;7;0;2;3;1;1
202300054461;155 583 959;7;0;2;3;5;2
202300054462;155 583 952;7;0;0;3;23;1
202300054462;155 583 958;7;0;0;8;24;1
202300054462;155 583 963;7;0;0;8;23;1
202300054462;155 583 969;7;15;2;7;19;1
202300054462;155 583 987;10;0;2;1;1;3
202300054463;155 583 950;33;0;2;1;2;1
202300054463;155 583 955;7;0;0;4;1;2
202300054464;155 583 948;33;0;0;4;2;1
202300054464;155 583 953;33;0;2;1;2;1
202300054465;155 583 949;7;6;2;9;1;1
202300054465;155 583 954;10;0;2;3;21;3
202300054466;155 583 946;7;0;0;6;23;1
202300054466;155 583 951;32;0;2;3;3;1
202300054467;155 583 942;7;0;2;1;15;1
202300054467;155 583 947;33;0;2;1;1;1
202300054468;155 583 943;7;8;0;6;0;0
202300054469;155 583 938;3;14;0;5;17;1
202300054469;155 583 944;2;14;0;0;0;1
202300054470;155 583 940;17;0;2;8;1;1
202300054470;155 583 945;15;0;2;3;13;1
202300054471;155 583 937;7;3;0;3;13;1
202300054472;155 583 935;33;0;0;1;0;1
202300054473;155 583 934;7;2;0;2;2;0
202300054474;155 583 933;50;0;2;1;0;3
202300054474;155 583 941;10;0;2;2;15;1
202300054475;155 583 931;7;0;1;2;1;1
202300054476;155 583 932;7;0;2;4;2;1
202300054476;155 583 936;7;0;2;1;2;1
202300054477;155 583 930;80;0;0;0;0;3
202300054477;155 583 939;7;0;2;3;13;1
202300054478;155 583 926;10;0;2;1;2;1
202300054478;155 583 929;7;0;2;4;2;1
202300054479;155 583 927;7;13;0;1;16;1
202300054480;155 583 923;10;0;2;4;2;1
202300054480;155 583 928;31;0;2;1;2;1
202300054481;155 583 921;50;0;1;1;1;3
202300054482;155 583 919;33;0;2;1;1;1
202300054482;155 583 922;10;0;2;4;2;1
202300054483;155 583 917;7;4;0;8;13;1
202300054484;155 583 915;32;0;0;0;17;1
202300054485;155 583 916;10;0;1;1;1;0
202300054485;155 583 924;7;0;1;8;23;0
202300054486;155 583 910;7;13;0;1;1;1
202300054487;155 583 912;33;7;0;1;9;1
202300054488;155 583 913;7;0;2;3;23;1
202300054488;155 583 918;7;9;2;1;19;1
202300054489;155 583 908;7;0;2;1;1;1
202300054489;155 583 914;7;0;2;4;1;1
202300054489;155 583 920;7;0;2;4;1;1
202300054490;155 583 907;7;0;2;3;15;1
202300054490;155 583 911;33;0;2;1;17;1
202300054491;155 583 902;7;0;0;9;0;1
202300054492;155 583 903;10;0;2;1;1;1
202300054492;155 583 906;7;13;2;2;1;1
202300054493;155 583 901;32;0;2;8;17;1
202300054493;155 583 905;7;0;2;3;14;1
202300054494;155 583 904;31;0;2;0;0;1
202300054494;155 583 909;21;0;2;7;19;1
202300054495;155 583 897;1;0;1;1;1;5
202300054496;155 583 896;33;12;2;1;21;1
202300054497;155 583 900;0;0;1;3;2;0
202300054498;155 583 895;7;0;2;5;1;3
202300054498;155 583 899;13;0;2;3;1;1
202300054499;155 583 893;7;0;0;9;1;1
202300054500;155 583 894;7;0;2;1;15;1
202300054500;155 583 898;32;0;2;8;1;1
202300054501;155 583 891;7;0;1;1;1;0
202300054502;155 583 889;7;0;1;8;1;0
202300054503;155 583 888;7;0;1;3;1;0
202300054504;155 583 883;7;0;0;1;1;0
202300054504;155 583 892;17;0;0;0;0;1
202300054505;155 583 885;7;2;2;8;17;1
202300054505;155 583 890;14;0;2;3;1;1
202300054506;155 583 881;32;0;2;1;3;1
202300054506;155 583 886;7;0;2;5;12;1
202300054507;155 583 879;7;0;2;3;1;1
202300054507;155 583 884;7;0;2;3;1;1
202300054507;155 583 887;7;0;2;3;1;1
202300054508;155 583 878;34;16;0;8;1;1
202300054509;155 583 875;7;0;2;1;5;1
202300054509;155 583 880;7;0;2;1;1;1
202300054510;155 583 877;7;0;1;4;26;0
202300054511;155 583 876;10;0;2;1;19;1
202300054512;155 583 872;7;13;0;1;1;1
202300054513;155 583 870;7;0;2;3;9;1
202300054513;155 583 874;33;0;2;1;2;1
202300054514;155 583 867;10;0;0;5;2;1
202300054514;155 583 873;2;0;2;1;0;1
202300054515;155 583 864;7;0;2;8;9;1
202300054515;155 583 869;33;0;2;2;1;1
202300054516;155 583 861;10;0;2;1;1;1
202300054516;155 583 866;1;0;2;4;2;5
202300054517;155 583 860;7;0;1;2;1;1
202300054518;155 583 858;7;0;1;2;15;1
202300054519;155 583 857;7;14;0;3;0;1
202300054519;155 583 862;7;3;2;1;2;1
202300054519;155 583 868;7;14;0;3;2;2
202300054519;155 583 871;7;0;2;4;2;1
202300054520;155 583 855;7;0;2;6;15;1
202300054520;155 583 863;7;0;2;1;1;1
202300054521;155 583 859;10;0;9;3;15;0
202300054521;155 583 865;1;0;2;1;1;5
202300054522;155 583 852;7;0;2;3;1;1
202300054522;155 583 854;34;0;2;1;1;1
202300054523;155 583 848;7;0;2;3;15;1
202300054523;155 583 853;7;0;2;2;17;1
202300054524;155 583 844;7;13;0;1;1;0
202300054525;155 583 845;7;0;2;1;15;1
202300054525;155 583 849;31;0;2;0;1;1
202300054526;155 583 846;2;0;2;1;18;0
202300054526;155 583 850;7;0;2;7;19;1
202300054527;155 583 843;7;0;2;4;15;1
202300054527;155 583 851;7;0;2;1;1;1
202300054527;155 583 856;13;0;2;8;23;1
202300054528;155 583 841;37;0;1;5;1;1
202300054529;155 583 838;7;0;1;1;1;1