Num_Acc;id_vehicule;categorie_vehicule;obstacle_fixe;obstacle_mobile;point_choc_initial;manoeuvre_principale;motorisation
202300054530;155 583 836;7;0;2;2;15;1
202300054530;155 583 847;32;0;2;3;8;1
202300054531;155 583 839;7;0;2;7;12;1
202300054531;155 583 842;33;0;2;8;3;1
202300054532;155 583 835;7;0;0;1;1;1
202300054533;155 583 830;31;0;2;8;1;1
202300054533;155 583 833;7;12;2;5;15;1
202300054534;155 583 832;7;6;0;2;1;1
202300054535;155 583 831;10;0;2;4;1;1
202300054535;155 583 834;10;0;2;1;1;1
202300054535;155 583 837;7;0;2;1;1;1
202300054535;155 583 840;7;0;2;1;1;1
202300054536;155 583 827;50;0;1;1;1;3
202300054537;155 583 826;7;0;1;3;1;1
202300054538;155 583 824;30;0;2;7;1;6
202300054538;155 583 829;7;0;2;1;1;6
202300054539;155 583 825;7;0;2;1;1;1
202300054539;155 583 828;7;0;2;2;15;1
202300054540;155 583 822;7;4;0;2;0;1
202300054541;155 583 821;7;2;0;1;1;1
202300054542;155 583 820;7;6;0;1;1;1
202300054543;155 583 819;7;0;2;3;26;1
202300054543;155 583 823;7;0;2;5;2;3
202300054544;155 583 814;60;0;2;7;19;5
202300054544;155 583 817;1;0;2;2;2;5
202300054545;155 583 813;3;0;2;1;26;1
202300054545;155 583 816;60;0;2;1;26;5
202300054546;155 583 818;33;0;0;8;1;1
202300054547;155 583 811;7;13;0;1;14;0
202300054548;155 583 810;33;0;2;3;7;1
202300054548;155 583 815;7;0;2;7;16;1
202300054549;155 583 808;7;0;2;3;13;1
202300054549;155 583 812;7;0;2;3;1;2
202300054550;155 583 807;7;3;0;7;1;1
202300054551;155 583 805;7;0;2;1;1;1
202300054551;155 583 809;7;0;2;1;1;1
202300054552;155 583 804;2;6;0;0;0;3
202300054553;155 583 802;60;0;1;8;1;5
202300054554;155 583 800;1;0;0;0;14;5
202300054555;155 583 799;7;0;2;8;15;1
202300054555;155 583 803;33;0;2;1;17;1
202300054556;155 583 798;17;13;0;8;1;0
202300054557;155 583 796;7;9;0;1;0;1
202300054558;155 583 792;7;0;2;1;1;1
202300054558;155 583 797;7;0;2;4;1;2
202300054559;155 583 789;7;0;2;5;17;1
202300054559;155 583 794;15;0;2;3;1;1
202300054560;155 583 787;7;0;2;1;2;1
202300054560;155 583 791;7;0;2;4;2;1
202300054561;155 583 788;7;13;0;1;1;0
202300054562;155 583 786;33;0;2;1;17;1
202300054562;155 583 793;21;0;2;6;15;1
202300054563;155 583 790;60;0;1;7;25;5
202300054564;155 583 784;1;0;0;9;0;5
202300054565;155 583 785;7;0;1;1;1;1
202300054566;155 583 779;33;3;0;1;1;1
202300054567;155 583 777;7;0;2;4;1;1
202300054567;155 583 781;10;0;2;1;1;1
202300054567;155 583 783;10;0;2;4;1;1
202300054568;155 583 773;1;0;2;3;5;5
202300054568;155 583 780;7;0;2;2;1;1
202300054569;155 583 774;7;0;2;3;1;1
202300054569;155 583 782;7;0;2;1;11;1
202300054570;155 583 771;3;13;2;4;1;1
202300054570;155 583 778;10;0;2;1;17;1
202300054571;155 583 770;7;0;1;0;1;1
202300054572;155 583 769;7;0;2;2;1;1
202300054572;155 583 772;10;0;2;7;15;1
202300054573;155 583 768;2;14;9;2;1;1
202300054574;155 583 776;10;0;1;8;0;1
202300054575;155 583 764;7;0;2;1;5;1
202300054575;155 583 775;7;0;2;1;1;1
202300054576;155 583 762;7;0;1;1;1;1
202300054577;155 583 760;7;0;2;5;1;1
202300054577;155 583 765;10;0;2;3;1;1
202300054577;155 583 767;7;0;2;2;12;1
202300054578;155 583 759;7;0;2;4;23;1
202300054578;155 583 763;33;0;2;1;17;1
202300054579;155 583 752;1;0;2;3;19;5
202300054579;155 583 755;7;0;2;2;1;1
202300054580;155 583 753;30;0;2;3;1;1
202300054580;155 583 758;80;0;2;3;15;3
202300054581;155 583 748;7;8;0;2;1;1
202300054582;155 583 747;2;0;0;7;1;1
202300054583;155 583 746;7;0;2;2;2;1
202300054583;155 583 756;2;0;0;4;2;1
202300054584;155 583 749;7;0;2;0;5;1
202300054584;155 583 754;31;0;0;0;1;1
202300054585;155 583 744;7;0;2;1;1;1
202300054585;155 583 751;7;0;2;4;1;1
202300054585;155 583 757;7;0;2;4;1;1
202300054586;155 583 742;33;3;2;8;2;1
202300054586;155 583 745;7;3;2;7;14;1
202300054587;155 583 740;33;0;0;9;1;1
202300054588;155 583 734;7;0;2;3;16;1
202300054588;155 583 737;33;0;2;2;15;1
202300054589;155 583 732;1;0;2;0;0;5
202300054589;155 583 738;7;0;9;2;1;2
202300054590;155 583 735;31;0;2;1;2;0
202300054591;155 583 731;7;0;2;3;1;1
202300054591;155 583 739;1;0;2;7;1;5
202300054592;155 583 729;1;0;2;1;1;5
202300054592;155 583 736;7;0;2;3;1;2
202300054593;155 583 726;7;0;2;6;23;1
202300054593;155 583 730;99;0;2;2;2;1
202300054594;155 583 721;33;15;0;1;1;1
202300054595;155 583 722;33;0;2;1;1;1
202300054595;155 583 727;1;0;2;1;1;5
202300054596;155 583 724;33;0;2;1;1;1
202300054596;155 583 728;7;0;2;7;12;1
202300054597;155 583 719;7;0;2;1;1;1
202300054597;155 583 723;7;0;2;7;13;1
202300054598;155 583 716;43;0;2;1;1;1
202300054598;155 583 720;7;0;2;5;1;1
202300054599;155 583 714;1;0;2;1;1;5
202300054599;155 583 718;7;1;0;2;9;1
202300054600;155 583 713;15;0;2;2;12;1
202300054600;155 583 717;7;0;2;8;1;1
202300054601;155 583 708;7;13;0;1;0;1
202300054602;155 583 710;7;0;2;1;15;1
202300054602;155 583 715;1;0;2;1;1;5
202300054603;155 583 709;33;0;2;1;12;1
202300054603;155 583 712;7;0;2;8;1;1
202300054604;155 583 705;7;0;1;4;20;1
202300054605;155 583 707;7;0;2;2;12;1
202300054605;155 583 711;33;0;2;8;0;1
202300054606;155 583 704;32;0;0;5;1;1
202300054607;155 583 703;7;6;0;3;1;1
202300054608;155 583 702;33;0;2;1;1;1
202300054608;155 583 706;7;0;2;8;19;1
202300054609;155 583 725;7;0;2;6;15;1
202300054609;155 583 733;33;0;2;1;1;1
202300054610;155 583 694;7;0;0;4;2;1
202300054610;155 583 699;7;0;0;1;2;1
202300054611;155 583 691;7;0;2;6;1;1
202300054611;155 583 696;0;0;0;0;0;0
202300054612;155 583 693;14;0;2;1;1;1
202300054612;155 583 700;7;0;2;2;13;1
202300054613;155 583 690;33;0;2;1;3;1
202300054613;155 583 697;33;0;2;4;2;1
202300054614;155 583 688;7;13;2;3;1;1
202300054614;155 583 698;7;13;0;3;0;1
202300054614;155 583 701;7;0;2;0;0;1
202300054615;155 583 685;30;1;0;9;13;1
202300054616;155 583 684;7;13;0;1;1;1
202300054617;155 583 683;7;0;2;2;15;1
202300054617;155 583 689;7;8;0;7;1;1
202300054618;155 583 681;7;0;2;1;1;1
202300054618;155 583 687;7;0;2;4;26;1
202300054618;155 583 695;7;3;2;9;1;1
202300054619;155 583 678;7;0;2;3;11;1
202300054619;155 583 682;33;0;2;2;1;1
202300054620;155 583 679;33;0;0;7;21;1
202300054621;155 583 676;7;3;0;2;14;1
202300054622;155 583 675;7;0;0;9;1;1
202300054623;155 583 674;1;0;2;8;15;5
202300054623;155 583 680;7;0;9;1;1;1
202300054624;155 583 673;7;9;2;3;1;1
202300054624;155 583 677;16;0;0;8;1;1
202300054625;155 583 671;7;15;1;2;26;1
202300054626;155 583 670;7;1;1;3;16;1
202300054627;155 583 672;7;16;0;9;24;1
202300054628;155 583 665;7;0;2;4;2;1
202300054628;155 583 667;10;0;2;4;2;1
202300054628;155 583 669;14;0;2;1;2;1
202300054629;155 583 663;7;0;1;1;1;1
202300054630;155 583 661;1;0;2;1;2;5
202300054630;155 583 664;7;0;2;4;1;1
202300054631;155 583 660;7;0;2;4;1;1
202300054631;155 583 666;7;0;2;3;11;1
202300054631;155 583 668;31;0;2;7;3;1
202300054632;155 583 659;33;0;0;9;1;1
202300054633;155 583 655;99;7;0;1;14;1
202300054634;155 583 654;7;0;2;4;2;1
202300054634;155 583 657;7;0;2;4;2;1
202300054634;155 583 662;7;0;2;1;2;1
202300054635;155 583 653;7;16;0;9;1;1
202300054636;155 583 650;10;0;2;3;13;1
202300054636;155 583 656;7;0;2;3;1;1
202300054637;155 583 648;7;2;0;3;17;1
202300054638;155 583 646;7;0;0;4;23;1
202300054638;155 583 652;7;0;2;1;26;0
202300054639;155 583 641;7;0;1;4;26;0
202300054640;155 583 639;7;0;2;3;5;1
202300054640;155 583 644;7;3;0;5;2;1
202300054640;155 583 649;7;0;2;3;1;2
202300054641;155 583 637;7;0;2;2;21;1
202300054641;155 583 642;7;0;2;6;2;2
202300054642;155 583 633;7;13;0;1;1;1
202300054643;155 583 635;17;0;2;1;1;1
202300054643;155 583 640;7;0;2;1;9;1
202300054643;155 583 645;7;0;2;4;1;1
202300054644;155 583 632;7;0;2;4;0;1
202300054644;155 583 643;7;0;2;4;26;1
202300054644;155 583 647;7;0;2;5;0;1
202300054644;155 583 651;7;0;2;1;26;1
202300054644;155 583 658;7;0;2;0;0;1
202300054645;155 583 630;7;0;2;1;1;3
202300054645;155 583 634;7;0;2;5;9;1
202300054646;155 583 631;33;0;2;7;2;1
202300054646;155 583 636;21;0;0;8;2;1
202300054647;155 583 627;7;0;2;1;1;1
202300054647;155 583 629;7;0;2;1;13;1
202300054648;155 583 626;32;0;6;1;1;1
202300054649;155 583 624;33;4;0;3;1;1
202300054650;155 583 619;7;0;2;1;15;0
202300054651;155 583 622;7;15;0;4;1;1
202300054652;155 583 620;7;0;2;2;12;1
202300054652;155 583 628;7;0;2;6;26;1
202300054653;155 583 617;33;0;0;8;1;1
202300054653;155 583 621;7;0;0;0;9;1
202300054654;155 583 616;7;0;2;3;19;1
202300054654;155 583 625;7;0;2;1;1;1
202300054655;155 583 614;31;0;2;7;2;0
202300054656;155 583 613;33;0;0;0;17;1
202300054657;155 583 615;33;0;0;0;1;1
202300054658;155 583 612;34;0;2;1;2;1
202300054658;155 583 618;7;0;2;6;11;1
202300054658;155 583 623;7;0;2;6;2;1
202300054659;155 583 610;7;2;0;2;1;1
202300054660;155 583 608;33;0;2;1;1;1
202300054660;155 583 611;33;0;2;4;10;1
202300054661;155 583 607;21;0;1;2;1;1
202300054662;155 583 605;7;0;9;1;9;1
202300054662;155 583 609;1;0;2;7;16;5
202300054663;155 583 606;7;6;0;1;19;1
202300054664;155 583 603;7;0;0;9;2;1
202300054665;155 583 600;33;0;9;0;1;1
202300054665;155 583 604;10;12;0;0;0;0
202300054666;155 583 599;34;0;2;8;1;1
202300054666;155 583 602;30;4;2;2;14;1
202300054667;155 583 598;7;5;2;0;21;6
202300054668;155 583 595;7;12;0;2;1;1
202300054669;155 583 593;7;0;2;1;1;1
202300054669;155 583 596;7;0;2;4;1;1
202300054670;155 583 592;7;13;0;3;13;1
202300054671;155 583 594;7;0;1;2;1;1
202300054672;155 583 591;33;13;0;1;1;1
202300054673;155 583 597;7;0;2;7;15;1
202300054673;155 583 601;33;0;2;1;1;1
202300054674;155 583 589;7;1;0;1;19;1
202300054675;155 583 587;7;1;0;1;1;1
202300054675;155 583 590;7;0;0;4;23;1
202300054676;155 583 585;7;1;0;1;1;1
202300054677;155 583 588;7;8;1;1;18;1
202300054678;155 583 583;7;0;0;0;1;1
202300054679;155 583 584;60;12;0;0;1;5
202300054680;155 583 581;7;0;1;2;1;1
202300054681;155 583 580;10;0;2;1;1;1
202300054681;155 583 586;7;0;2;1;1;1
202300054682;155 583 578;33;8;0;2;14;1
202300054683;155 583 576;33;8;0;0;1;1
202300054684;155 583 575;32;0;2;2;13;1
202300054684;155 583 579;7;0;2;1;15;1
202300054685;155 583 574;1;0;0;7;14;5
202300054686;155 583 570;10;0;2;4;1;1
202300054686;155 583 577;7;0;2;1;1;1
202300054687;155 583 572;33;0;2;8;15;1
202300054687;155 583 582;7;0;2;3;15;1
202300054688;155 583 571;7;0;1;1;1;1
202300054689;155 583 567;7;0;2;3;0;4
202300054689;155 583 569;2;0;2;0;1;4
202300054690;155 583 564;14;0;9;3;16;1
202300054690;155 583 566;1;0;2;7;1;5
202300054691;155 583 565;33;0;2;3;23;1
202300054691;155 583 568;33;0;2;3;23;1
202300054691;155 583 573;33;0;2;3;13;1
202300054692;155 583 562;7;3;0;7;14;1
202300054693;155 583 559;7;1;2;7;17;1
202300054693;155 583 561;7;0;2;8;1;1
202300054694;155 583 557;7;0;1;2;2;1
202300054695;155 583 558;15;0;0;3;1;0
202300054695;155 583 563;7;0;0;3;17;0
202300054696;155 583 555;7;0;2;4;26;1
202300054696;155 583 560;7;0;2;1;1;1
202300054697;155 583 552;7;13;0;3;13;1
202300054698;155 583 551;7;0;2;8;9;1
202300054698;155 583 554;50;0;2;1;1;3
202300054699;155 583 556;7;0;9;6;16;1
202300054700;155 583 549;31;0;2;7;2;1
202300054700;155 583 550;7;0;2;3;13;1
202300054701;155 583 548;7;0;2;1;1;1
202300054701;155 583 553;7;0;2;1;13;1
202300054702;155 583 544;2;9;0;1;1;1
202300054703;155 583 543;7;0;2;7;1;1
202300054703;155 583 547;10;0;2;1;1;1
202300054704;155 583 545;33;0;2;1;1;1
202300054705;155 583 541;33;0;1;1;25;1
202300054706;155 583 539;7;8;0;2;0;0
202300054707;155 583 537;14;0;2;1;1;1
202300054707;155 583 542;17;0;2;4;2;1
202300054707;155 583 546;7;0;2;4;2;1
202300054708;155 583 535;7;0;2;1;12;1
202300054708;155 583 538;7;0;2;4;1;1
202300054709;155 583 540;7;5;0;1;14;1
202300054710;155 583 531;7;0;2;1;1;1
202300054710;155 583 534;7;0;2;1;15;1
202300054711;155 583 528;7;0;2;3;5;1
202300054711;155 583 533;7;0;2;6;1;0
202300054711;155 583 536;7;0;2;3;0;1
202300054712;155 583 527;7;0;1;2;1;1
202300054713;155 583 524;17;0;2;5;0;1
202300054713;155 583 529;7;0;2;2;0;1
202300054714;155 583 523;1;0;0;0;23;5
202300054714;155 583 530;7;0;2;2;16;1
202300054715;155 583 521;50;0;2;1;5;3
202300054715;155 583 526;7;0;2;2;26;0
202300054716;155 583 525;2;0;2;7;1;1
202300054716;155 583 532;7;0;2;8;16;1
202300054717;155 583 520;7;0;2;1;1;1
202300054717;155 583 522;7;0;2;2;1;1
202300054718;155 583 515;10;0;1;1;1;1
202300054719;155 583 513;2;0;0;4;1;1
202300054719;155 583 518;2;0;2;1;1;1
202300054720;155 583 511;7;5;2;1;6;1
202300054720;155 583 514;7;0;2;9;1;1
202300054720;155 583 519;7;0;2;2;1;1
202300054721;155 583 509;7;0;1;2;1;1
202300054722;155 583 507;7;0;0;4;2;1
202300054722;155 583 512;7;0;2;1;2;0
202300054723;155 583 505;7;0;2;2;14;2
202300054723;155 583 506;1;0;2;8;13;5
202300054724;155 583 510;2;0;2;1;1;6
202300054724;155 583 516;10;0;9;7;15;1
202300054725;155 583 508;7;0;2;0;0;1
202300054725;155 583 517;7;0;2;7;19;1
202300054726;155 583 499;32;6;0;2;26;1
202300054727;155 583 498;7;0;2;8;13;1
202300054727;155 583 503;16;0;2;2;1;1
202300054728;155 583 500;7;6;2;1;1;1
202300054728;155 583 504;7;0;0;8;15;1
202300054729;155 583 497;30;0;2;1;17;3
202300054729;155 583 501;99;0;2;2;1;1
202300054730;155 583 502;2;1;0;1;1;3
202300054731;155 583 495;7;10;0;3;1;1
202300054732;155 583 493;7;4;0;1;0;1
202300054733;155 583 491;7;0;2;1;2;1
202300054733;155 583 496;7;0;2;4;2;6
202300054734;155 583 489;7;0;2;3;20;1
202300054734;155 583 492;32;0;2;5;1;1
202300054735;155 583 488;14;0;2;1;2;1
202300054735;155 583 490;7;0;2;1;2;1
202300054735;155 583 494;7;0;2;4;1;1
202300054736;155 583 485;7;0;2;5;1;2
202300054736;155 583 487;33;0;2;1;0;1
202300054737;155 583 484;1;0;0;8;15;5
202300054738;155 583 482;2;0;2;4;1;1
202300054738;155 583 486;7;0;2;3;9;1
202300054739;155 583 480;33;0;2;1;9;1
202300054739;155 583 483;7;0;2;7;9;1
202300054740;155 583 479;7;0;2;8;2;1
202300054740;155 583 481;17;0;2;7;14;1
202300054741;155 583 477;1;0;0;0;1;5
202300054742;155 583 473;7;2;0;1;0;1
202300054743;155 583 470;7;0;2;1;1;1
202300054743;155 583 474;7;0;2;4;1;1
202300054743;155 583 476;7;0;2;4;1;1
202300054743;155 583 478;7;0;2;1;1;0
202300054744;155 583 468;7;0;1;2;1;1
202300054745;155 583 469;7;0;2;3;15;1
202300054745;155 583 472;33;0;2;8;1;1
202300054746;155 583 464;10;0;1;2;15;1
202300054747;155 583 465;33;0;2;0;17;1
202300054747;155 583 467;33;0;0;0;17;1
202300054748;155 583 463;7;0;1;3;15;1
202300054749;155 583 462;7;0;2;1;13;1
202300054749;155 583 466;7;0;2;3;1;1
202300054750;155 583 456;2;0;2;2;13;1
202300054750;155 583 459;7;0;2;2;21;1
202300054751;155 583 457;10;0;2;1;13;1
202300054751;155 583 461;7;3;2;4;1;1
202300054752;155 583 455;7;0;1;3;20;1
202300054753;155 583 453;7;0;2;2;15;1
202300054753;155 583 460;7;0;2;1;1;1
202300054754;155 583 452;7;0;2;1;2;1
202300054754;155 583 454;7;0;2;4;2;1
202300054754;155 583 458;7;0;2;4;2;1
202300054755;155 583 450;33;0;0;8;1;1
202300054756;155 583 448;7;1;0;8;26;1
202300054757;155 583 449;7;0;9;3;1;0
202300054757;155 583 451;1;0;0;7;15;5
202300054758;155 583 447;7;3;0;2;16;1
202300054759;155 583 445;7;2;0;1;1;1
202300054760;155 583 441;1;0;2;1;1;5
202300054760;155 583 443;7;0;2;2;15;1
202300054761;155 583 439;10;6;0;3;1;0
202300054762;155 583 440;7;0;2;3;1;1
202300054762;155 583 444;7;0;2;8;1;1
202300054762;155 583 446;33;0;2;7;14;1
202300054763;155 583 438;7;0;1;2;1;1
202300054764;155 583 442;2;6;0;3;2;1
202300054765;155 583 434;2;0;2;8;9;1
202300054765;155 583 437;7;0;2;3;1;1
202300054766;155 583 435;7;0;2;1;1;1
202300054766;155 583 436;2;0;2;6;1;3
202300054767;155 583 433;33;3;0;2;14;1
202300054768;155 583 431;7;0;2;5;1;1
202300054768;155 583 432;7;13;0;3;1;1
202300054769;155 583 429;7;0;1;1;1;2
202300054770;155 583 428;7;0;2;7;1;1
202300054770;155 583 430;30;0;2;1;26;1
202300054771;155 583 427;7;0;0;1;1;1
202300054772;155 583 424;7;0;2;8;9;1
202300054772;155 583 425;33;0;2;8;9;1
202300054773;155 583 423;33;0;2;1;1;1
202300054773;155 583 426;7;0;2;5;13;1
202300054774;155 583 421;7;0;2;8;13;1
202300054774;155 583 422;7;0;2;6;1;1
202300054775;155 583 417;7;8;0;9;13;1
202300054776;155 583 418;10;0;2;3;1;1
202300054776;155 583 420;7;0;2;3;13;1
202300054777;155 583 416;7;0;2;1;1;1
202300054777;155 583 419;7;13;2;1;21;1
202300054778;155 583 415;33;1;0;1;1;1
202300054779;155 583 414;7;0;1;3;1;1
202300054780;155 583 412;7;0;1;1;2;1
202300054781;155 583 411;7;0;2;1;13;1
202300054781;155 583 413;7;0;2;3;1;1
202300054782;155 583 408;7;2;0;7;13;1
202300054783;155 583 407;7;0;2;1;2;1
202300054783;155 583 410;7;0;2;4;2;1
202300054784;155 583 406;7;0;2;7;1;1
202300054784;155 583 409;7;0;2;1;1;1
202300054785;155 583 402;7;0;2;3;11;1
202300054785;155 583 404;32;0;2;1;17;1
202300054786;155 583 401;7;0;2;1;1;1
202300054786;155 583 405;7;0;2;1;13;1
202300054787;155 583 400;7;0;2;3;1;1
202300054787;155 583 403;50;0;2;7;1;3
202300054788;155 583 398;7;13;0;0;1;1
202300054789;155 583 397;32;0;0;2;16;3
202300054790;155 583 396;7;0;2;1;1;1
202300054790;155 583 399;7;13;2;2;12;1
202300054791;155 583 394;7;0;0;3;15;1
202300054791;155 583 395;7;0;0;1;1;1
202300054792;155 583 392;7;0;2;4;2;1
202300054793;155 583 389;7;3;0;3;11;1
202300054794;155 583 388;50;0;2;7;1;3
202300054794;155 583 390;7;0;2;1;1;0
202300054795;155 583 391;7;0;2;3;22;1
202300054795;155 583 393;7;1;0;2;1;0
202300054796;155 583 387;7;0;1;3;11;1
202300054797;155 583 385;7;0;2;1;1;1
202300054797;155 583 386;1;0;2;8;19;5
202300054798;155 583 382;7;0;2;7;12;1
202300054798;155 583 384;33;0;2;8;3;1
202300054799;155 583 381;2;0;2;1;11;1
202300054799;155 583 383;7;0;2;3;15;1
202300054800;155 583 380;7;4;0;1;1;1
202300054801;155 583 378;31;0;2;2;17;1
202300054801;155 583 379;7;0;2;6;1;1
202300054802;155 583 377;15;4;0;3;2;1
202300054803;155 583 374;33;0;2;7;3;1
202300054803;155 583 376;10;0;2;6;11;1
202300054804;155 583 371;7;0;2;1;26;1
202300054804;155 583 372;7;0;2;8;1;1
202300054805;155 583 373;30;0;2;7;2;1
202300054805;155 583 375;30;0;2;1;13;1
202300054806;155 583 369;14;0;2;2;1;1
202300054806;155 583 370;7;0;2;6;12;2
202300054807;155 583 368;7;4;0;1;1;1
202300054808;155 583 367;7;4;0;1;12;1
202300054809;155 583 365;7;0;2;7;11;1
202300054809;155 583 366;31;0;2;8;3;1
202300054810;155 583 363;17;0;2;6;1;1
202300054810;155 583 364;33;0;2;1;3;1
202300054811;155 583 360;7;0;1;1;2;0
202300054812;155 583 358;33;0;2;8;9;1
202300054812;155 583 359;10;0;2;7;1;1
202300054813;155 583 357;31;6;0;0;21;1
202300054814;155 583 356;7;1;1;2;14;1
202300054815;155 583 355;32;0;9;1;0;1
202300054816;155 583 353;7;0;2;3;5;2
202300054816;155 583 354;7;0;2;1;1;1
202300054817;155 583 352;7;0;1;2;1;1
202300054818;155 583 351;7;1;0;8;0;1
202300054819;155 583 349;2;0;2;8;21;1
202300054819;155 583 350;7;0;2;2;17;1
202300054820;155 583 348;7;0;9;4;26;1
202300054821;155 583 346;30;0;2;3;9;1
202300054821;155 583 347;7;0;2;2;9;1
202300054822;155 583 344;7;0;2;7;22;1
202300054822;155 583 345;50;14;2;1;1;3
202400000001;155 781 758;7;0;2;1;13;1
202400000001;155 781 759;14;0;2;2;21;1
202400000002;155 781 757;10;0;1;3;15;1
202400000003;155 781 756;3;9;1;1;1;1
202400000004;155 781 754;34;0;2;0;0;1
202400000004;155 781 755;7;0;2;3;15;0
202400000005;155 781 750;7;0;2;1;9;1
202400000005;155 781 751;7;0;2;1;17;1
202400000005;155 781 752;7;0;0;3;2;1
202400000005;155 781 753;7;0;0;1;2;1
202400000006;155 781 748;7;0;2;1;1;1
202400000006;155 781 749;7;0;2;6;19;1
202400000007;155 781 746;7;0;2;2;15;1
202400000007;155 781 747;7;0;2;3;9;2
202400000008;155 781 742;7;0;2;1;2;1
202400000008;155 781 743;7;0;2;4;2;1
202400000009;155 781 741;7;6;5;2;14;1
202400000010;155 781 740;33;12;0;8;18;1
202400000011;155 781 738;7;0;2;4;1;1
202400000011;155 781 739;7;0;2;1;2;1
202400000012;155 781 737;33;0;0;7;1;1
202400000013;155 781 736;2;0;1;2;1;1
202400000014;155 781 734;1;0;2;2;17;5
202400000014;155 781 735;1;0;2;3;1;5
202400000015;155 781 732;80;0;2;1;1;3
202400000015;155 781 733;80;0;2;1;1;3
202400000016;155 781 730;50;1;0;2;22;3
202400000016;155 781 731;10;1;2;2;22;1
202400000017;155 781 729;7;0;1;4;26;1
202400000018;155 781 727;7;0;2;3;9;1
202400000018;155 781 728;1;0;2;7;1;5
202400000019;155 781 726;7;0;1;1;16;2
202400000020;155 781 724;2;0;2;1;17;1
202400000020;155 781 725;33;0;2;1;1;1
202400000021;155 781 723;50;0;1;1;26;3
202400000022;155 781 722;7;2;0;1;1;1
202400000023;155 781 720;7;0;2;0;0;0
202400000023;155 781 721;7;0;2;3;1;1
202400000024;155 781 719;2;8;0;1;14;1
202400000025;155 781 715;7;0;2;1;2;0
202400000025;155 781 716;7;0;2;4;2;1
202400000025;155 781 717;7;0;2;1;2;0
202400000025;155 781 718;7;0;2;1;2;1
202400000026;155 781 714;50;0;1;1;1;3
202400000027;155 781 713;1;0;1;7;12;5
202400000028;155 781 712;7;0;1;1;0;1
202400000029;155 781 708;10;0;1;8;15;1
202400000030;155 781 704;10;0;2;1;16;1
202400000030;155 781 705;80;0;2;8;1;3
202400000031;155 781 702;7;0;2;8;10;1
202400000031;155 781 703;33;0;2;7;1;1
202400000032;155 781 700;33;0;2;1;1;1
202400000032;155 781 701;7;0;2;6;2;1
202400000033;155 781 699;7;0;1;1;15;1
202400000034;155 781 698;33;0;1;1;1;1
202400000035;155 781 696;10;0;2;2;16;1
202400000035;155 781 697;34;0;2;1;1;1
202400000036;155 781 694;7;0;2;5;15;2
202400000036;155 781 695;33;0;2;2;17;1
202400000037;155 781 693;7;0;0;0;1;1
202400000038;155 781 690;7;3;2;2;11;1
202400000038;155 781 691;7;3;2;6;11;1
202400000038;155 781 692;7;3;2;0;2;1
202400000039;155 781 688;33;0;2;1;17;1
202400000039;155 781 689;7;0;2;3;15;1
202400000040;155 781 685;7;0;2;1;1;1
202400000040;155 781 686;10;0;2;4;1;1
202400000040;155 781 687;7;0;2;4;1;2
202400000041;155 781 684;7;15;0;1;1;1
202400000042;155 781 682;7;0;2;3;1;1
202400000042;155 781 683;7;0;2;8;19;1
202400000043;155 781 681;10;0;1;3;1;0
202400000044;155 781 677;32;0;2;2;3;1
202400000044;155 781 678;17;0;2;8;1;1
202400000044;155 781 680;10;0;2;2;1;1
202400000045;155 781 676;32;0;2;1;1;1
202400000045;155 781 679;7;0;2;1;15;1
202400000046;155 781 675;7;4;0;3;1;1
202400000047;155 781 674;7;0;1;7;1;1
202400000048;155 781 669;7;0;0;4;23;1
202400000048;155 781 671;15;0;2;1;2;1
202400000048;155 781 672;99;0;0;6;23;1
202400000048;155 781 673;7;0;2;9;23;3
202400000049;155 781 670;7;6;0;2;1;1
202400000050;155 781 668;7;4;0;1;26;1
202400000051;155 781 666;7;0;0;0;15;1
202400000051;155 781 667;33;4;0;1;21;1
202400000052;155 781 664;34;0;2;8;11;0
202400000052;155 781 665;7;0;2;2;1;0
202400000053;155 781 663;10;13;0;1;1;1
202400000054;155 781 660;7;0;2;3;1;1
202400000054;155 781 661;33;0;2;1;1;1
202400000054;155 781 662;7;0;2;4;1;3
202400000055;155 781 654;43;0;2;5;17;1
202400000055;155 781 656;7;0;2;3;1;1
202400000055;155 781 658;7;0;2;2;1;1
202400000056;155 781 651;33;0;2;3;18;1
202400000056;155 781 652;7;0;2;7;1;1
202400000057;155 781 650;7;0;2;3;16;1
202400000057;155 781 653;10;0;2;3;15;1
202400000058;155 781 647;7;0;2;7;0;1
202400000058;155 781 649;15;0;2;2;1;1
202400000059;155 781 646;7;0;2;3;13;1
202400000059;155 781 648;7;0;2;3;1;1
202400000060;155 781 643;7;4;2;6;11;1
202400000060;155 781 645;34;4;2;1;3;1
202400000061;155 781 642;7;0;2;4;11;1
202400000061;155 781 644;31;0;2;1;3;1
202400000062;155 781 640;31;12;0;7;26;1
202400000063;155 781 639;7;0;2;5;1;1
202400000063;155 781 641;10;6;2;2;13;1
202400000064;155 781 637;7;0;9;6;10;1
202400000064;155 781 638;1;0;2;1;1;5
202400000065;155 781 636;7;0;0;1;0;1
202400000066;155 781 635;7;12;0;3;1;1
202400000067;155 781 633;7;4;0;3;1;1
202400000068;155 781 632;7;0;2;7;15;1
202400000068;155 781 634;30;0;2;1;1;1