Num_Acc;id_vehicule;categorie_vehicule;obstacle_fixe;obstacle_mobile;point_choc_initial;manoeuvre_principale;motorisation
202400000421;155 781 008;7;0;2;4;2;1
202400000421;155 781 010;7;6;2;1;2;1
202400000421;155 781 011;7;0;2;1;2;3
202400000422;155 781 005;7;0;2;4;1;1
202400000422;155 781 007;33;0;2;8;3;1
202400000422;155 781 009;7;0;2;7;14;1
202400000423;155 781 002;50;14;0;0;1;3
202400000423;155 781 004;50;14;0;0;1;3
202400000424;155 781 001;43;0;2;1;3;1
202400000424;155 781 003;7;0;2;6;2;1
202400000425;155 781 000;7;4;0;9;1;1
202400000426;155 780 998;7;0;2;2;12;1
202400000426;155 780 999;43;0;2;3;3;1
202400000427;155 780 993;7;0;2;3;2;1
202400000427;155 780 995;10;0;2;2;2;1
202400000427;155 780 996;7;0;2;4;2;1
202400000427;155 780 997;7;4;2;1;2;1
202400000428;155 780 994;43;0;5;1;1;1
202400000429;155 780 992;7;4;0;3;1;1
202400000430;155 780 990;10;0;2;1;2;1
202400000430;155 780 991;33;0;2;4;23;1
202400000431;155 780 987;7;0;2;1;0;1
202400000431;155 780 988;7;0;2;6;1;1
202400000431;155 780 989;7;0;2;6;1;1
202400000432;155 780 986;33;4;0;8;11;1
202400000433;155 780 983;7;0;2;5;11;1
202400000433;155 780 985;33;0;2;3;3;1
202400000434;155 780 982;33;0;2;1;2;1
202400000434;155 780 984;33;0;2;4;2;1
202400000435;155 780 980;7;13;0;2;1;1
202400000436;155 780 979;10;0;2;7;1;1
202400000436;155 780 981;7;0;2;2;2;1
202400000437;155 780 974;2;1;2;6;21;1
202400000437;155 780 976;7;5;2;6;24;1
202400000437;155 780 978;7;5;2;5;24;1
202400000438;155 780 975;7;0;2;5;14;1
202400000438;155 780 977;31;0;2;3;3;1
202400000439;155 780 970;7;0;2;1;2;1
202400000439;155 780 971;7;0;2;4;2;2
202400000439;155 780 972;7;0;2;1;2;1
202400000439;155 780 973;7;0;2;6;2;1
202400000440;155 780 968;10;0;2;1;1;1
202400000440;155 780 969;7;0;2;4;1;1
202400000441;155 780 965;7;0;2;1;1;1
202400000441;155 780 966;7;0;2;4;1;2
202400000441;155 780 967;7;0;2;4;1;2
202400000442;155 780 963;33;0;2;1;3;1
202400000442;155 780 964;7;0;2;3;11;1
202400000443;155 780 961;7;0;2;2;1;1
202400000443;155 780 962;14;0;2;6;1;1
202400000444;155 780 959;7;0;2;6;1;1
202400000444;155 780 960;14;0;2;2;1;1
202400000445;155 780 955;7;0;2;4;2;1
202400000445;155 780 956;7;0;2;4;2;2
202400000445;155 780 957;7;0;2;1;2;1
202400000445;155 780 958;7;0;2;4;2;1
202400000446;155 780 953;7;0;2;3;9;0
202400000446;155 780 954;50;0;2;1;1;3
202400000447;155 780 951;30;0;2;1;1;3
202400000447;155 780 952;7;0;2;3;1;1
202400000448;155 780 949;7;0;0;8;1;1
202400000448;155 780 950;1;0;2;1;1;5
202400000449;155 780 946;1;0;2;1;1;5
202400000449;155 780 948;7;0;2;1;13;1
202400000450;155 780 945;7;0;2;2;2;1
202400000450;155 780 947;1;0;2;4;2;5
202400000451;155 780 943;2;0;1;0;2;3
202400000452;155 780 942;7;3;0;4;2;6
202400000452;155 780 944;33;3;2;1;2;6
202400000453;155 780 939;7;0;2;3;23;1
202400000453;155 780 941;33;0;2;8;15;1
202400000454;155 780 938;7;0;2;1;1;1
202400000454;155 780 940;7;0;2;5;1;1
202400000455;155 780 936;7;0;1;1;9;1
202400000456;155 780 934;1;0;2;4;1;5
202400000456;155 780 935;7;0;2;2;17;1
202400000457;155 780 933;37;0;2;0;0;1
202400000457;155 780 937;33;0;2;0;0;0
202400000458;155 780 931;7;0;2;3;15;1
202400000458;155 780 932;33;0;2;1;1;1
202400000459;155 780 929;7;0;2;3;23;1
202400000459;155 780 930;7;1;0;1;0;1
202400000460;155 780 928;7;0;1;7;16;0
202400000461;155 780 927;7;0;0;7;0;1
202400000462;155 780 926;7;0;0;0;0;1
202400000463;155 780 925;7;3;0;1;17;1
202400000464;155 780 923;34;0;2;7;17;1
202400000464;155 780 924;7;0;2;3;15;1
202400000465;155 780 920;1;0;2;1;1;5
202400000465;155 780 921;37;0;2;8;1;1
202400000466;155 780 918;99;0;2;8;2;3
202400000466;155 780 919;10;0;2;0;1;1
202400000467;155 780 917;30;0;0;7;21;1
202400000468;155 780 915;33;0;2;1;1;1
202400000468;155 780 916;7;0;2;5;10;1
202400000469;155 780 913;7;0;2;1;17;1
202400000469;155 780 914;7;0;2;4;1;1
202400000470;155 780 911;1;0;0;0;16;5
202400000471;155 780 910;34;0;0;9;0;1
202400000472;155 780 912;7;0;1;1;26;2
202400000473;155 780 909;7;0;1;4;4;1
202400000474;155 780 907;7;0;1;1;26;1
202400000475;155 780 906;7;1;0;2;1;1
202400000475;155 780 908;7;0;2;8;24;1
202400000476;155 780 905;7;0;1;2;1;1
202400000477;155 780 903;7;12;1;1;1;1
202400000478;155 780 902;7;0;2;5;15;1
202400000478;155 780 904;7;12;2;5;16;2
202400000479;155 780 900;7;0;1;3;1;2
202400000480;155 780 899;7;0;2;3;1;1
202400000480;155 780 901;7;0;2;3;13;1
202400000481;155 780 898;50;0;1;1;25;3
202400000482;155 780 896;7;0;2;3;1;1
202400000482;155 780 897;7;0;2;3;1;1
202400000483;155 780 894;7;0;2;7;15;1
202400000483;155 780 895;14;0;2;1;1;1
202400000484;155 780 893;7;0;1;4;20;1
202400000485;155 780 892;3;13;0;3;13;1
202400000486;155 780 891;7;0;0;3;1;1
202400000487;155 780 886;80;0;2;2;1;3
202400000487;155 780 888;7;0;2;3;1;1
202400000488;155 780 885;7;0;2;1;1;1
202400000488;155 780 887;1;0;2;0;1;5
202400000489;155 780 884;7;2;0;1;1;1
202400000490;155 780 882;7;0;2;8;1;1
202400000490;155 780 883;7;0;2;1;1;1
202400000491;155 780 880;7;0;2;1;1;1
202400000491;155 780 881;7;0;2;4;1;1
202400000492;155 780 877;7;0;2;2;16;2
202400000492;155 780 879;1;0;2;8;1;5
202400000493;155 780 872;7;0;2;1;2;1
202400000493;155 780 873;7;0;2;3;1;1
202400000493;155 780 875;7;0;2;3;13;1
202400000494;155 780 868;30;0;2;1;2;1
202400000494;155 780 870;2;0;2;4;23;1
202400000495;155 780 867;1;0;2;2;1;5
202400000495;155 780 869;7;0;2;3;1;2
202400000496;155 780 866;7;9;0;2;14;1
202400000497;155 780 864;32;0;2;1;17;1
202400000497;155 780 865;32;0;2;3;15;1
202400000498;155 780 863;7;1;0;1;14;1
202400000499;155 780 861;7;0;2;1;1;1
202400000499;155 780 862;7;0;2;1;5;1
202400000500;155 780 860;7;0;1;3;15;1
202400000501;155 780 857;14;0;9;7;0;0
202400000501;155 780 858;1;0;2;5;9;5
202400000502;155 780 856;7;0;2;1;1;1
202400000502;155 780 859;30;0;2;8;1;3
202400000503;155 780 855;7;0;1;2;14;1
202400000504;155 780 854;30;0;0;8;1;1
202400000505;155 780 853;7;0;1;3;15;1
202400000506;155 780 849;7;3;2;7;13;1
202400000506;155 780 851;7;16;2;2;1;1
202400000506;155 780 852;7;16;2;6;14;1
202400000507;155 780 850;50;12;0;1;19;3
202400000508;155 780 846;33;0;5;1;21;1
202400000509;155 780 845;7;0;2;8;15;1
202400000509;155 780 847;30;0;2;7;17;1
202400000510;155 780 843;7;0;1;1;1;1
202400000511;155 780 842;7;0;9;1;1;1
202400000511;155 780 844;1;0;2;1;1;5
202400000512;155 780 841;10;0;2;1;17;1
202400000513;155 780 837;1;0;2;4;9;5
202400000513;155 780 839;7;0;2;1;1;1
202400000514;155 780 833;10;0;2;0;0;0
202400000514;155 780 835;50;0;2;0;0;3
202400000515;155 780 832;7;0;2;1;1;1
202400000515;155 780 834;7;0;2;5;26;1
202400000516;155 780 830;7;1;1;1;5;1
202400000517;155 780 829;7;0;0;1;19;1
202400000517;155 780 831;31;0;0;8;0;1
202400000518;155 780 825;7;7;2;3;0;1
202400000518;155 780 828;7;0;2;1;1;2
202400000519;155 780 826;7;0;2;7;15;2
202400000519;155 780 827;7;0;2;1;1;1
202400000520;155 780 824;43;3;0;1;14;1
202400000521;155 780 820;50;12;0;8;1;3
202400000521;155 780 821;7;12;0;2;16;2
202400000522;155 780 819;50;12;0;1;1;3
202400000523;155 780 817;7;1;0;3;1;1
202400000524;155 780 816;7;0;9;3;1;1
202400000524;155 780 818;1;0;2;2;1;5
202400000525;155 780 812;10;0;2;4;23;6
202400000525;155 780 814;10;0;2;4;23;6
202400000526;155 780 813;33;0;2;8;1;1
202400000526;155 780 815;7;0;2;1;1;2
202400000527;155 780 810;7;0;2;2;15;1
202400000527;155 780 811;1;0;2;1;26;5
202400000528;155 780 808;7;0;2;1;1;2
202400000528;155 780 809;7;0;2;7;16;1
202400000529;155 780 806;7;0;1;3;15;2
202400000530;155 780 803;7;0;2;3;24;2
202400000530;155 780 804;30;0;2;1;1;1
202400000531;155 780 801;7;0;2;3;11;1
202400000531;155 780 802;7;0;2;3;16;1
202400000532;155 780 799;7;9;0;4;1;1
202400000532;155 780 800;7;14;2;1;2;1
202400000533;155 780 797;7;0;2;1;1;1
202400000533;155 780 798;10;0;2;4;1;1
202400000534;155 780 796;50;0;0;0;2;3
202400000535;155 780 794;10;0;2;7;15;1
202400000535;155 780 795;33;0;2;1;0;1
202400000536;155 780 792;7;0;2;1;5;0
202400000537;155 780 791;10;0;2;7;13;1
202400000537;155 780 793;2;8;2;9;17;1
202400000538;155 780 790;15;0;1;6;4;0
202400000539;155 780 788;7;0;2;1;1;1
202400000539;155 780 789;33;0;2;1;1;1
202400000540;155 780 785;1;0;2;1;1;5
202400000540;155 780 787;31;0;2;1;15;1
202400000541;155 780 784;2;0;2;1;2;1
202400000541;155 780 786;7;0;2;4;2;1
202400000542;155 780 782;33;0;2;2;14;1
202400000542;155 780 783;7;0;2;3;1;2
202400000543;155 780 779;33;0;2;1;2;1
202400000543;155 780 780;10;0;0;6;1;1
202400000544;155 780 781;3;0;1;1;1;1
202400000545;155 780 778;7;0;1;3;26;1
202400000546;155 780 776;7;2;0;1;1;1
202400000547;155 780 774;31;0;2;1;1;1
202400000547;155 780 777;10;0;2;1;1;1
202400000548;155 780 772;33;9;0;1;17;1
202400000549;155 780 771;7;8;0;1;1;1
202400000550;155 780 766;7;0;2;2;19;1
202400000550;155 780 769;7;0;2;1;1;1
202400000551;155 780 765;10;0;2;4;1;1
202400000551;155 780 768;7;0;2;1;1;1
202400000551;155 780 770;7;0;2;1;1;1
202400000552;155 780 764;3;0;2;1;9;1
202400000552;155 780 767;2;0;2;1;1;1
202400000553;155 780 761;33;3;0;1;16;1
202400000554;155 780 762;7;0;2;1;13;1
202400000554;155 780 763;7;0;2;1;21;1
202400000555;155 780 759;7;0;2;1;15;1
202400000555;155 780 760;33;0;2;2;3;1
202400000556;155 780 756;7;3;0;9;1;1
202400000556;155 780 758;17;0;0;7;12;1
202400000557;155 780 755;31;0;2;1;2;1
202400000557;155 780 757;15;0;2;4;1;1
202400000558;155 780 753;7;0;2;3;15;1
202400000558;155 780 754;2;0;2;0;1;1
202400000559;155 780 751;7;13;0;9;1;1
202400000560;155 780 749;7;0;0;1;1;1
202400000561;155 780 747;7;0;2;1;13;1
202400000561;155 780 750;10;0;2;1;21;1
202400000562;155 780 746;33;0;0;9;1;1
202400000563;155 780 744;30;0;1;1;1;0
202400000564;155 780 743;7;0;2;1;2;1
202400000564;155 780 745;7;0;2;4;2;1
202400000564;155 780 748;7;0;2;4;2;1
202400000565;155 780 738;7;0;2;1;14;0
202400000565;155 780 741;14;0;2;5;1;0
202400000565;155 780 742;7;0;2;1;1;1
202400000566;155 780 739;7;0;1;3;1;1
202400000567;155 780 737;7;0;2;8;19;1
202400000567;155 780 740;7;0;2;1;1;1
202400000568;155 780 736;7;0;0;3;13;1
202400000569;155 780 734;7;0;2;1;1;1
202400000569;155 780 735;7;0;2;4;1;2
202400000570;155 780 731;33;0;2;1;1;1
202400000570;155 780 733;7;0;2;7;1;1
202400000571;155 780 732;2;0;0;8;10;1
202400000572;155 780 728;43;0;2;1;2;1
202400000572;155 780 730;33;0;2;4;23;1
202400000573;155 780 726;2;13;0;1;1;1
202400000574;155 780 725;2;0;2;1;1;1
202400000574;155 780 727;7;0;2;4;23;1
202400000575;155 780 724;2;8;2;1;1;3
202400000575;155 780 729;7;0;2;5;1;1
202400000576;155 780 721;7;2;0;1;13;1
202400000577;155 780 720;33;0;2;1;21;1
202400000577;155 780 723;7;0;2;6;26;2
202400000578;155 780 718;10;0;9;1;1;1
202400000578;155 780 722;1;0;0;8;19;5
202400000579;155 780 716;1;0;2;1;16;5
202400000579;155 780 719;7;0;2;6;1;1
202400000580;155 780 715;2;0;0;8;14;1
202400000581;155 780 713;17;0;2;3;13;1
202400000581;155 780 717;7;0;2;3;1;1
202400000582;155 780 712;80;0;2;8;11;3
202400000582;155 780 714;7;14;2;7;23;1
202400000583;155 780 711;2;11;0;1;1;1
202400000584;155 780 709;7;0;1;1;1;1
202400000585;155 780 707;7;0;2;3;1;1
202400000585;155 780 710;1;0;2;1;13;5
202400000586;155 780 708;1;1;2;2;14;5
202400000587;155 780 705;33;0;6;0;0;1
202400000588;155 780 701;7;0;2;1;1;1
202400000588;155 780 702;7;0;2;1;1;1
202400000588;155 780 704;7;0;2;3;1;1
202400000589;155 780 700;80;0;0;0;1;3
202400000590;155 780 703;7;0;2;1;9;1
202400000590;155 780 706;1;0;2;1;1;5
202400000591;155 780 699;7;1;0;2;14;2
202400000592;155 780 698;7;0;1;2;1;1
202400000593;155 780 697;7;0;1;3;1;1
202400000594;155 780 695;7;0;2;7;18;1
202400000594;155 780 696;1;0;2;8;1;5
202400000595;155 780 693;7;0;2;1;13;1
202400000595;155 780 694;17;0;2;3;1;1
202400000596;155 780 689;7;0;2;1;1;1
202400000596;155 780 691;7;0;2;4;23;1
202400000597;155 780 688;7;0;2;1;2;1
202400000597;155 780 692;7;0;2;1;13;1
202400000598;155 780 687;7;0;2;2;1;1
202400000598;155 780 690;7;0;2;1;19;1
202400000599;155 780 685;7;0;2;6;2;1
202400000599;155 780 686;32;0;2;1;2;1
202400000600;155 780 684;7;0;0;9;14;1
202400000601;155 780 682;10;13;0;3;13;1
202400000602;155 780 681;34;0;2;1;1;0
202400000602;155 780 683;7;0;2;4;16;0
202400000603;155 780 678;7;5;2;3;1;1
202400000603;155 780 680;7;0;2;2;13;1
202400000604;155 780 677;50;0;2;1;5;3
202400000604;155 780 679;7;0;2;3;2;1
202400000605;155 780 676;31;0;0;0;26;1
202400000606;155 780 674;7;0;2;3;13;1
202400000606;155 780 675;7;0;2;3;1;1
202400000607;155 780 672;7;0;0;0;1;1
202400000608;155 780 671;7;0;2;1;1;1
202400000608;155 780 673;7;0;2;5;1;1
202400000609;155 780 670;7;2;0;3;1;1
202400000610;155 780 668;7;13;0;3;1;1
202400000611;155 780 666;7;0;2;1;1;1
202400000611;155 780 667;7;0;2;4;1;1
202400000611;155 780 669;7;0;2;4;1;1
202400000612;155 780 665;7;8;0;1;14;1
202400000613;155 780 663;50;0;2;7;1;3
202400000613;155 780 664;7;0;2;1;1;1
202400000614;155 780 660;7;12;1;2;1;1
202400000615;155 780 659;7;4;0;0;0;2
202400000616;155 780 657;10;0;0;4;23;1
202400000616;155 780 658;30;0;2;1;1;1
202400000617;155 780 655;1;0;2;8;11;5
202400000617;155 780 656;10;0;9;7;1;1
202400000618;155 780 653;7;0;2;3;20;1
202400000618;155 780 654;33;0;2;1;1;1
202400000619;155 780 652;15;4;0;7;2;1
202400000620;155 780 649;7;0;2;1;2;1
202400000620;155 780 651;7;0;2;4;2;1
202400000621;155 780 648;99;0;2;1;19;1
202400000621;155 780 650;99;0;2;7;13;1
202400000622;155 780 643;30;0;2;1;1;1
202400000622;155 780 646;21;0;2;3;19;1
202400000623;155 780 642;7;0;2;1;1;1
202400000623;155 780 644;7;0;2;1;1;1
202400000623;155 780 645;7;13;0;2;1;1
202400000623;155 780 647;7;0;2;1;17;2
202400000624;155 780 640;7;3;0;3;0;1
202400000625;155 780 639;7;0;2;1;1;2
202400000625;155 780 641;7;0;2;4;13;1
202400000626;155 780 638;7;0;1;2;1;1
202400000627;155 780 636;50;0;2;1;1;3
202400000627;155 780 637;10;0;2;7;1;1
202400000628;155 780 635;10;6;0;1;13;1
202400000629;155 780 634;10;9;0;2;1;1
202400000630;155 780 633;7;1;0;2;1;1
202400000631;155 780 630;7;0;2;3;1;1
202400000631;155 780 632;31;0;2;8;1;1
202400000632;155 780 628;7;0;2;7;15;1
202400000632;155 780 629;10;0;2;1;1;1
202400000632;155 780 631;7;0;2;1;1;1
202400000633;155 780 626;1;14;0;1;2;5
202400000633;155 780 627;7;0;2;4;23;1
202400000634;155 780 621;7;0;2;1;1;1
202400000634;155 780 622;7;0;2;4;1;1
202400000634;155 780 624;7;0;2;4;1;1
202400000634;155 780 625;7;0;2;4;1;1
202400000635;155 780 620;7;3;2;1;1;1
202400000635;155 780 623;7;0;0;4;17;1
202400000636;155 780 618;7;2;0;1;14;1
202400000637;155 780 617;7;0;2;3;23;1
202400000637;155 780 619;7;0;2;3;5;1
202400000638;155 780 614;1;0;2;1;1;5
202400000638;155 780 616;7;0;9;7;15;1
202400000639;155 780 613;10;0;2;3;0;1
202400000639;155 780 615;2;0;2;1;19;1
202400000640;155 780 611;7;0;2;3;15;1
202400000640;155 780 612;1;0;2;1;1;5
202400000641;155 780 610;7;0;1;3;1;1
202400000642;155 780 609;15;6;0;1;13;0
202400000643;155 780 607;15;0;2;1;1;1
202400000643;155 780 608;33;0;2;6;23;1
202400000644;155 780 605;7;0;2;8;15;1
202400000644;155 780 606;2;0;2;1;1;1
202400000645;155 780 604;7;0;1;1;1;1
202400000646;155 780 603;7;13;0;0;13;1
202400000647;155 780 602;7;0;1;1;1;1
202400000648;155 780 600;7;0;2;2;9;1
202400000648;155 780 601;2;0;2;1;1;1
202400000649;155 780 598;7;0;0;0;16;1
202400000649;155 780 599;50;12;0;7;1;3
202400000650;155 780 597;7;0;1;1;16;1
202400000651;155 780 594;7;0;2;8;17;1
202400000651;155 780 595;7;0;2;2;17;3
202400000651;155 780 596;7;0;2;8;1;1
202400000652;155 780 591;7;13;0;9;19;1
202400000653;155 780 590;7;3;2;1;1;1
202400000653;155 780 592;7;0;2;4;1;1
202400000653;155 780 593;7;0;2;4;1;1
202400000654;155 780 588;7;0;2;3;0;1
202400000654;155 780 589;7;0;2;3;1;1
202400000655;155 780 585;37;0;2;3;15;1
202400000655;155 780 587;10;0;2;5;1;3
202400000656;155 780 584;33;0;2;1;12;1
202400000656;155 780 586;7;0;2;4;23;2
202400000657;155 780 583;0;0;1;0;26;0
202400000658;155 780 581;33;0;2;1;1;1
202400000658;155 780 582;7;0;2;7;10;1
202400000659;155 780 579;0;0;2;3;2;0
202400000659;155 780 580;1;0;2;7;2;5
202400000660;155 780 578;33;0;2;8;1;1
202400000661;155 780 576;7;0;2;1;1;1
202400000661;155 780 577;1;0;2;4;2;5
202400000662;155 780 574;2;0;2;2;17;1
202400000662;155 780 575;10;0;2;3;15;1
202400000663;155 780 571;30;0;2;3;15;1
202400000663;155 780 573;7;0;0;0;1;2
202400000664;155 780 570;30;0;2;1;25;1
202400000664;155 780 572;1;0;2;2;1;5
202400000665;155 780 569;7;15;0;1;1;1
202400000666;155 780 568;7;0;1;0;1;0
202400000667;155 780 566;7;0;2;8;7;1
202400000667;155 780 567;50;0;2;7;1;3
202400000668;155 780 563;30;0;2;1;1;1
202400000668;155 780 564;7;0;2;7;1;1
202400000669;155 780 562;7;0;2;7;1;1
202400000669;155 780 565;7;0;2;1;19;1
202400000670;155 780 561;7;0;1;1;1;1
202400000671;155 780 559;7;1;2;5;2;1
202400000671;155 780 560;7;0;2;2;19;1
202400000672;155 780 558;10;0;1;2;12;1
202400000673;155 780 556;31;0;0;3;0;1
202400000674;155 780 555;7;0;2;3;15;1
202400000674;155 780 557;2;0;2;7;17;1
202400000675;155 780 553;7;0;2;1;13;1
202400000675;155 780 554;7;0;2;1;26;1
202400000676;155 780 551;30;0;4;3;19;1
202400000676;155 780 552;39;0;9;2;1;3
202400000677;155 780 550;7;0;1;3;17;1
202400000678;155 780 549;7;0;1;1;1;1
202400000679;155 780 546;7;0;2;1;2;1
202400000679;155 780 548;7;0;2;4;0;1
202400000680;155 780 542;7;0;2;1;2;1
202400000680;155 780 544;7;0;2;4;2;1
202400000681;155 780 543;7;0;2;6;10;1
202400000681;155 780 545;33;0;2;3;21;1
202400000682;155 780 541;7;0;1;3;21;1
202400000683;155 780 540;15;0;1;3;1;6
202400000684;155 780 539;7;0;1;3;15;1
202400000685;155 780 535;7;0;2;2;1;2
202400000685;155 780 537;34;0;2;1;1;1
202400000686;155 780 536;33;0;2;0;0;1
202400000686;155 780 538;7;0;2;1;19;0
202400000687;155 780 532;7;0;2;1;1;1
202400000687;155 780 533;7;0;2;3;1;1
202400000688;155 780 530;50;0;0;0;1;3
202400000689;155 780 529;7;0;2;3;15;1
202400000689;155 780 531;32;0;2;8;1;1
202400000690;155 780 528;50;0;0;0;26;3
202400000691;155 780 527;7;0;1;2;21;1
202400000692;155 780 523;7;0;2;2;1;1
202400000692;155 780 525;7;0;2;2;1;1
202400000692;155 780 526;7;0;2;3;1;1
202400000693;155 780 522;10;0;2;1;1;1
202400000693;155 780 524;7;0;2;4;1;1
202400000694;155 780 520;7;0;9;7;16;1
202400000694;155 780 521;1;0;0;0;0;5
202400000695;155 780 518;7;0;2;3;1;1
202400000695;155 780 519;33;0;2;1;1;1
202400000696;155 780 517;14;0;1;5;26;1
202400000697;155 780 516;7;0;1;1;15;1
202400000698;155 780 514;7;0;2;8;15;1
202400000698;155 780 515;32;0;2;7;17;1
202400000699;155 780 510;7;0;2;3;1;1
202400000699;155 780 512;7;0;2;1;1;1
202400000700;155 780 511;10;0;2;1;1;1
202400000700;155 780 513;10;0;2;4;1;1
202400000701;155 780 506;10;0;2;2;15;1
202400000701;155 780 509;33;0;2;1;2;1
202400000702;155 780 505;7;0;2;4;1;2
202400000702;155 780 507;10;0;2;1;1;3
202400000702;155 780 508;7;0;2;4;1;1
202400000703;155 780 504;7;2;0;7;2;1
202400000704;155 780 503;7;8;0;3;2;1
202400000705;155 780 502;33;12;0;6;14;1
202400000706;155 780 499;50;0;2;1;19;3
202400000706;155 780 501;7;0;2;3;1;2
202400000707;155 780 498;7;0;2;2;16;1
202400000707;155 780 500;2;0;2;8;2;3
202400000708;155 780 497;7;0;1;1;1;0
202400000709;155 780 494;7;0;1;5;19;1
202400000710;155 780 495;7;0;2;5;1;1
202400000710;155 780 496;43;7;2;2;18;1
202400000711;155 780 491;1;0;2;1;17;5
202400000711;155 780 493;1;0;2;1;1;5
202400000712;155 780 490;7;0;2;2;1;1
202400000712;155 780 492;50;0;2;1;1;3
202400000713;155 780 488;15;0;2;7;16;1
202400000713;155 780 489;1;0;2;8;16;5
202400000714;155 780 486;1;0;2;8;1;5
202400000714;155 780 487;10;0;2;7;14;1
202400000715;155 780 484;7;0;2;2;1;1
202400000715;155 780 485;1;0;2;1;19;5
202400000716;155 780 483;30;0;1;8;1;1
202400000717;155 780 482;7;0;1;1;1;1
202400000718;155 780 481;1;0;1;1;1;5
202400000719;155 780 479;43;0;0;0;9;1
202400000720;155 780 478;7;0;2;1;1;1
202400000720;155 780 480;7;0;2;8;16;1
202400000721;155 780 476;7;0;1;2;23;1
202400000722;155 780 475;7;16;2;8;23;0
202400000722;155 780 477;7;0;2;7;11;0
202400000723;155 780 473;50;9;0;2;1;3
202400000724;155 780 472;7;0;2;4;23;1
202400000724;155 780 474;7;14;0;1;2;1
202400000725;155 780 471;10;8;0;1;14;0
202400000726;155 780 470;1;0;1;8;0;5
202400000727;155 780 469;1;12;0;1;1;5
202400000728;155 780 467;7;0;2;2;15;1
202400000728;155 780 468;33;0;2;1;1;1
202400000729;155 780 466;10;0;1;2;20;1
202400000730;155 780 464;50;0;2;8;18;3
202400000730;155 780 465;7;0;9;2;2;1
202400000731;155 780 462;10;0;2;1;2;1
202400000731;155 780 463;7;0;2;4;1;1
202400000732;155 780 461;7;0;1;3;15;1
202400000733;155 780 459;50;0;2;1;19;3
202400000733;155 780 460;7;0;2;0;1;2
202400000734;155 780 457;7;0;2;2;1;1
202400000734;155 780 458;50;16;2;7;19;3
202400000735;155 780 456;7;9;0;1;26;1
202400000736;155 780 454;7;0;2;0;0;3
202400000736;155 780 455;33;0;2;1;2;1
202400000737;155 780 452;7;0;2;1;9;1
202400000737;155 780 453;7;0;2;1;1;1
202400000738;155 780 450;30;0;2;1;5;1
202400000738;155 780 451;30;0;2;1;1;1
202400000739;155 780 447;7;0;2;4;23;1
202400000739;155 780 449;7;0;2;1;1;1
202400000740;155 780 446;7;0;2;1;1;0
202400000740;155 780 448;7;0;2;3;1;2
202400000741;155 780 442;7;0;2;4;2;1
202400000741;155 780 445;7;0;2;1;2;1
202400000742;155 780 443;7;1;0;1;16;1
202400000742;155 780 444;7;1;0;3;0;1
202400000743;155 780 440;7;0;1;0;14;1
202400000744;155 780 439;7;0;2;3;26;1
202400000744;155 780 441;50;0;0;0;0;3
202400000745;155 780 438;30;1;0;1;1;1
202400000746;155 780 435;10;0;2;3;14;0
202400000746;155 780 437;37;0;2;8;7;1
202400000747;155 780 434;50;0;2;1;5;3
202400000747;155 780 436;7;0;2;2;1;6
202400000748;155 780 433;7;0;1;3;19;1
202400000749;155 780 431;7;0;2;6;1;1
202400000749;155 780 432;30;0;2;1;1;1
202400000750;155 780 429;10;0;9;2;15;1
202400000750;155 780 430;50;0;2;1;2;3
202400000751;155 780 428;33;3;0;1;1;1
202400000752;155 780 425;60;0;2;1;1;5
202400000752;155 780 427;7;0;2;7;1;3
202400000753;155 780 423;7;0;2;1;1;1
202400000753;155 780 424;7;0;2;7;15;1
202400000753;155 780 426;7;0;2;1;23;2
202400000754;155 780 422;33;0;2;3;13;1
202400000755;155 780 420;7;0;2;1;15;1
202400000755;155 780 421;30;0;2;3;3;3
202400000756;155 780 418;10;0;2;2;15;1
202400000756;155 780 419;34;0;2;1;1;1
202400000757;155 780 416;2;0;0;4;23;1
202400000757;155 780 417;7;0;2;1;2;1
202400000758;155 780 414;7;0;2;2;1;1
202400000758;155 780 415;1;0;2;8;19;5
202400000759;155 780 413;33;1;0;8;13;1
202400000760;155 780 410;33;0;2;7;1;1
202400000760;155 780 412;7;0;2;2;21;1
202400000761;155 780 409;7;0;2;1;1;1
202400000761;155 780 411;7;0;2;4;23;1
202400000762;155 780 405;7;0;2;3;2;1
202400000762;155 780 407;1;0;0;4;2;5
202400000763;155 780 404;7;4;0;2;0;1
202400000764;155 780 403;10;0;1;1;1;1
202400000765;155 780 400;7;0;0;4;1;1
202400000765;155 780 401;15;0;2;1;1;1
202400000766;155 780 398;7;0;2;2;10;3
202400000766;155 780 399;2;0;2;1;1;1
202400000767;155 780 397;50;0;1;3;25;3
202400000768;155 780 395;7;0;2;1;1;1
202400000768;155 780 396;7;0;2;1;5;1
202400000769;155 780 394;7;11;0;1;1;1
202400000770;155 780 392;1;0;2;2;5;5
202400000770;155 780 393;21;0;2;2;0;1
202400000771;155 780 391;80;6;0;1;1;3
202400000772;155 780 390;37;0;1;0;1;1
202400000773;155 780 387;7;0;1;2;1;1
202400000774;155 780 388;7;0;2;1;9;1
202400000774;155 780 389;2;0;2;4;1;3
202400000775;155 780 386;33;4;0;8;17;1