Num_Acc;id_vehicule;categorie_vehicule;obstacle_fixe;obstacle_mobile;point_choc_initial;manoeuvre_principale;motorisation
202400001138;155 779 767;80;0;0;1;2;3
202400001139;155 779 765;80;14;0;1;15;3
202400001140;155 779 763;7;0;9;3;1;2
202400001140;155 779 766;80;0;2;1;1;3
202400001141;155 779 764;7;6;0;1;1;1
202400001142;155 779 760;7;0;9;3;9;1
202400001142;155 779 762;50;0;2;4;0;3
202400001143;155 779 758;7;0;6;1;1;1
202400001144;155 779 757;38;0;2;1;1;1
202400001144;155 779 759;7;0;2;4;1;2
202400001144;155 779 761;7;0;0;8;15;2
202400001145;155 779 755;7;0;2;1;2;1
202400001145;155 779 756;7;0;2;4;2;1
202400001146;155 779 754;2;15;0;2;1;0
202400001147;155 779 751;7;0;2;1;1;1
202400001147;155 779 753;7;0;2;1;15;1
202400001148;155 779 748;32;0;0;8;1;1
202400001149;155 779 746;7;0;0;6;0;1
202400001149;155 779 749;7;0;0;1;1;1
202400001150;155 779 743;7;0;2;4;16;1
202400001150;155 779 744;10;0;2;1;1;1
202400001151;155 779 739;7;0;2;1;1;1
202400001151;155 779 742;33;0;2;8;15;1
202400001152;155 779 740;7;0;0;3;26;1
202400001152;155 779 741;2;0;0;8;1;1
202400001153;155 779 738;7;1;0;0;0;1
202400001154;155 779 735;7;0;2;0;0;1
202400001154;155 779 736;7;0;2;0;0;1
202400001155;155 779 734;7;0;2;1;13;1
202400001155;155 779 737;33;0;2;1;2;1
202400001156;155 779 732;7;6;0;3;21;1
202400001157;155 779 730;31;0;1;1;1;1
202400001158;155 779 731;7;0;2;7;13;1
202400001158;155 779 733;10;0;2;1;1;1
202400001159;155 779 728;30;0;2;2;17;1
202400001159;155 779 729;10;0;2;3;15;1
202400001160;155 779 727;10;0;1;3;26;1
202400001161;155 779 724;7;0;1;3;1;1
202400001162;155 779 725;7;0;9;2;12;1
202400001162;155 779 726;1;0;2;1;1;5
202400001163;155 779 723;30;6;0;1;19;1
202400001164;155 779 722;7;2;0;2;1;1
202400001165;155 779 721;7;0;1;3;19;1
202400001166;155 779 719;33;0;2;8;1;1
202400001166;155 779 720;7;0;2;3;16;3
202400001167;155 779 717;7;13;0;2;1;1
202400001168;155 779 716;7;0;2;1;13;1
202400001168;155 779 718;15;0;2;1;1;1
202400001169;155 779 714;7;0;2;1;1;3
202400001169;155 779 715;10;0;2;8;19;1
202400001170;155 779 707;2;0;2;1;1;1
202400001170;155 779 710;14;0;2;6;15;1
202400001171;155 779 708;7;3;2;4;1;1
202400001171;155 779 711;7;0;0;6;1;1
202400001171;155 779 712;7;0;2;1;2;2
202400001172;155 779 706;7;0;2;1;1;1
202400001172;155 779 709;2;0;2;1;5;1
202400001173;155 779 703;33;0;1;7;1;1
202400001174;155 779 702;10;0;2;3;19;1
202400001174;155 779 705;33;0;2;1;1;1
202400001175;155 779 701;33;0;2;1;1;1
202400001175;155 779 704;7;0;2;4;1;1
202400001176;155 779 699;31;0;2;1;13;1
202400001176;155 779 700;7;0;2;1;1;1
202400001177;155 779 695;10;0;2;1;26;1
202400001177;155 779 698;33;0;2;4;2;1
202400001178;155 779 696;32;0;1;8;1;1
202400001179;155 779 692;7;0;2;2;12;1
202400001179;155 779 694;33;0;2;3;3;1
202400001180;155 779 690;7;3;0;8;13;1
202400001180;155 779 693;7;1;1;3;1;1
202400001181;155 779 689;10;3;0;4;2;1
202400001181;155 779 691;10;3;2;1;2;1
202400001182;155 779 688;7;0;0;9;12;1
202400001183;155 779 686;10;0;1;2;2;1
202400001184;155 779 685;7;0;2;3;15;2
202400001184;155 779 687;32;0;2;2;17;1
202400001185;155 779 683;7;0;2;6;2;1
202400001185;155 779 684;33;0;2;2;17;1
202400001186;155 779 680;7;0;2;2;12;1
202400001186;155 779 682;30;0;2;8;7;1
202400001187;155 779 677;7;4;2;2;17;2
202400001187;155 779 678;15;0;2;6;1;1
202400001188;155 779 679;7;8;2;2;16;1
202400001188;155 779 681;34;0;2;1;1;1
202400001189;155 779 675;2;0;2;7;17;3
202400001189;155 779 676;7;0;2;3;15;2
202400001190;155 779 674;15;0;0;7;14;1
202400001191;155 779 673;7;0;0;1;0;1
202400001192;155 779 672;7;0;1;1;1;2
202400001193;155 779 669;31;0;0;0;1;1
202400001194;155 779 668;7;0;1;3;1;1
202400001195;155 779 667;7;0;1;1;21;1
202400001195;155 779 670;7;0;2;1;1;1
202400001195;155 779 671;7;0;2;2;1;1
202400001196;155 779 663;7;0;2;4;1;1
202400001196;155 779 666;7;0;2;1;2;2
202400001197;155 779 665;7;13;0;3;1;2
202400001198;155 779 660;1;0;2;1;1;5
202400001198;155 779 661;60;0;2;8;19;5
202400001199;155 779 657;7;0;2;1;13;1
202400001199;155 779 658;7;0;2;3;1;1
202400001200;155 779 656;10;0;2;3;15;0
202400001200;155 779 659;32;0;2;1;17;1
202400001201;155 779 654;1;0;2;1;1;5
202400001201;155 779 655;50;0;2;1;1;3
202400001202;155 779 653;7;0;1;1;1;1
202400001203;155 779 652;7;4;0;1;1;1
202400001204;155 779 650;32;0;1;8;1;3
202400001205;155 779 649;7;0;0;7;15;1
202400001205;155 779 651;38;0;2;1;2;1
202400001206;155 779 647;7;0;2;2;15;1
202400001206;155 779 648;1;0;2;1;1;5
202400001207;155 779 645;7;0;2;3;9;1
202400001207;155 779 646;43;0;2;1;5;1
202400001208;155 779 643;10;0;1;1;1;1
202400001209;155 779 641;17;0;2;8;13;1
202400001209;155 779 644;7;5;2;7;17;1
202400001210;155 779 640;7;0;2;1;26;1
202400001210;155 779 642;2;0;2;1;26;1
202400001211;155 779 639;33;0;1;1;1;1
202400001212;155 779 637;34;0;2;1;1;1
202400001212;155 779 638;7;0;2;3;9;1
202400001213;155 779 636;1;0;0;0;1;5
202400001214;155 779 635;7;13;0;1;1;1
202400001215;155 779 634;7;1;0;1;13;1
202400001216;155 779 633;80;1;0;0;14;3
202400001217;155 779 632;2;1;0;1;1;1
202400001218;155 779 629;10;0;0;8;1;1
202400001219;155 779 627;31;0;2;4;0;1
202400001219;155 779 630;7;0;2;2;14;1
202400001220;155 779 625;7;13;0;6;1;1
202400001221;155 779 623;7;0;2;3;1;1
202400001221;155 779 624;7;0;2;1;1;1
202400001221;155 779 626;7;0;2;6;19;1
202400001222;155 779 622;7;0;1;1;1;1
202400001223;155 779 621;7;6;0;2;15;1
202400001224;155 779 620;37;0;1;2;1;1
202400001225;155 779 619;7;0;1;1;16;1
202400001226;155 779 618;7;16;0;8;1;1
202400001227;155 779 616;10;0;2;2;15;1
202400001227;155 779 617;7;0;2;1;1;1
202400001228;155 779 613;7;7;0;0;17;1
202400001228;155 779 615;7;0;0;0;21;1
202400001229;155 779 612;7;6;2;2;1;1
202400001229;155 779 614;7;0;2;3;15;1
202400001230;155 779 609;7;0;1;1;1;2
202400001231;155 779 610;7;0;2;1;1;1
202400001231;155 779 611;13;0;0;4;9;1
202400001232;155 779 607;7;8;0;1;1;3
202400001233;155 779 606;7;0;2;7;2;1
202400001233;155 779 608;33;0;2;7;1;1
202400001234;155 779 604;7;0;2;1;1;1
202400001234;155 779 605;7;3;2;8;13;1
202400001235;155 779 602;10;0;1;1;1;1
202400001236;155 779 600;7;2;0;1;1;1
202400001237;155 779 599;7;0;2;1;1;1
202400001237;155 779 601;10;17;2;1;17;3
202400001238;155 779 597;80;0;2;2;2;3
202400001238;155 779 598;7;0;2;1;2;1
202400001239;155 779 596;16;0;0;9;1;1
202400001240;155 779 595;7;0;1;3;5;0
202400001241;155 779 592;7;0;2;3;1;1
202400001241;155 779 594;7;0;2;1;26;1
202400001242;155 779 591;7;0;2;2;14;1
202400001242;155 779 593;7;0;2;6;1;1
202400001243;155 779 590;7;0;1;1;15;1
202400001244;155 779 588;7;1;0;2;26;1
202400001245;155 779 585;7;0;2;1;15;1
202400001245;155 779 587;7;0;2;8;1;1
202400001246;155 779 586;7;0;2;4;2;2
202400001246;155 779 589;7;0;2;1;2;1
202400001247;155 779 583;1;0;2;7;2;5
202400001247;155 779 584;99;0;2;8;18;0
202400001248;155 779 582;33;0;6;3;1;1
202400001249;155 779 579;33;0;2;3;1;1
202400001249;155 779 581;7;0;2;2;15;1
202400001250;155 779 577;7;0;1;1;1;2
202400001251;155 779 578;7;0;2;1;2;1
202400001251;155 779 580;7;0;2;4;2;2
202400001252;155 779 574;2;0;2;3;1;1
202400001252;155 779 575;0;0;2;0;17;0
202400001253;155 779 572;7;0;2;8;0;1
202400001253;155 779 576;10;0;2;3;1;1
202400001254;155 779 571;7;0;2;4;2;1
202400001254;155 779 573;33;0;2;1;2;1
202400001255;155 779 570;7;0;0;5;1;1
202400001256;155 779 569;10;0;1;2;1;1
202400001257;155 779 565;7;0;2;1;12;1
202400001257;155 779 567;13;0;2;6;1;1
202400001258;155 779 566;7;0;2;3;1;1
202400001258;155 779 568;1;0;2;0;1;5
202400001259;155 779 563;7;13;0;0;0;1
202400001260;155 779 562;7;0;2;3;15;2
202400001260;155 779 564;1;0;2;1;1;5
202400001261;155 779 561;7;12;1;1;0;1
202400001262;155 779 559;10;0;1;1;15;1
202400001263;155 779 558;7;0;2;4;2;1
202400001263;155 779 560;7;0;2;1;2;0
202400001264;155 779 556;7;0;2;4;1;1
202400001264;155 779 557;7;0;2;1;1;1
202400001265;155 779 555;1;0;1;2;1;5
202400001266;155 779 553;7;0;2;1;2;2
202400001266;155 779 554;7;0;2;1;2;2
202400001267;155 779 552;7;13;0;2;14;1
202400001268;155 779 550;33;0;0;0;0;1
202400001268;155 779 551;7;0;0;0;0;1
202400001269;155 779 547;7;0;2;4;23;1
202400001269;155 779 548;7;14;0;1;1;1
202400001270;155 779 545;10;0;1;2;9;1
202400001271;155 779 546;17;0;2;4;2;6
202400001271;155 779 549;10;0;2;1;1;1
202400001272;155 779 541;50;0;2;1;1;3
202400001272;155 779 543;10;0;2;4;23;1
202400001273;155 779 540;7;0;2;2;12;2
202400001273;155 779 542;31;0;2;8;0;1
202400001274;155 779 539;7;0;2;4;1;1
202400001274;155 779 544;7;0;2;1;17;1
202400001275;155 779 532;32;0;2;1;1;1
202400001275;155 779 535;7;3;0;1;1;1
202400001276;155 779 534;10;0;2;4;0;1
202400001276;155 779 537;33;0;2;1;0;1
202400001277;155 779 531;7;0;2;4;2;1
202400001277;155 779 533;7;0;2;4;2;2
202400001277;155 779 536;7;0;2;4;2;1
202400001277;155 779 538;10;0;2;1;2;1
202400001278;155 779 527;7;5;0;1;18;1
202400001278;155 779 529;7;0;2;1;1;1
202400001279;155 779 526;7;0;2;4;0;2
202400001279;155 779 528;7;0;2;1;0;2
202400001279;155 779 530;7;0;2;4;0;2
202400001280;155 779 524;1;0;2;7;19;5
202400001280;155 779 525;7;0;9;1;1;2
202400001281;155 779 522;0;0;1;0;2;0
202400001282;155 779 521;7;0;2;2;0;0
202400001282;155 779 523;33;0;2;0;0;1
202400001283;155 779 520;7;13;0;9;13;1
202400001284;155 779 519;7;0;0;1;1;1
202400001285;155 779 517;7;11;0;3;1;1
202400001286;155 779 514;7;0;2;4;1;1
202400001286;155 779 516;7;0;2;1;1;1
202400001286;155 779 518;33;0;2;1;1;1
202400001287;155 779 512;7;3;2;1;1;1
202400001287;155 779 515;7;3;2;1;6;1
202400001288;155 779 511;7;0;2;3;1;1
202400001288;155 779 513;7;0;2;3;1;1
202400001289;155 779 509;7;4;0;1;1;1
202400001290;155 779 508;7;0;2;9;1;1
202400001290;155 779 510;15;0;2;0;14;1
202400001291;155 779 505;7;0;2;3;1;1
202400001291;155 779 507;33;0;2;1;17;1
202400001292;155 779 504;7;0;2;1;2;1
202400001292;155 779 506;7;0;2;4;2;1
202400001293;155 779 502;7;0;2;1;11;1
202400001293;155 779 503;33;0;2;2;3;1
202400001294;155 779 500;7;0;9;3;1;1
202400001294;155 779 501;33;0;2;3;13;1
202400001295;155 779 497;7;0;2;1;1;1
202400001295;155 779 499;7;0;2;4;1;1
202400001296;155 779 496;33;4;2;1;17;1
202400001296;155 779 498;7;0;2;6;2;3
202400001297;155 779 493;7;0;9;4;1;1
202400001297;155 779 495;10;0;2;2;2;1
202400001298;155 779 490;7;0;2;4;1;1
202400001298;155 779 492;7;0;2;1;1;1
202400001299;155 779 491;7;0;2;6;2;1
202400001299;155 779 494;7;0;2;1;2;1
202400001300;155 779 487;7;0;2;1;9;1
202400001300;155 779 489;33;0;2;7;1;1
202400001301;155 779 485;33;0;2;1;2;1
202400001301;155 779 488;10;0;2;4;1;1
202400001302;155 779 483;7;1;0;1;2;1
202400001302;155 779 484;7;0;2;6;23;1
202400001302;155 779 486;7;1;2;4;23;1
202400001303;155 779 482;33;0;0;1;1;1
202400001304;155 779 480;7;2;0;1;1;1
202400001305;155 779 478;7;0;2;3;2;1
202400001305;155 779 481;7;0;2;5;2;1
202400001306;155 779 476;7;0;2;2;14;1
202400001306;155 779 477;7;0;2;6;1;1
202400001306;155 779 479;7;0;2;0;0;1
202400001307;155 779 475;7;7;0;0;0;1
202400001308;155 779 474;50;12;0;1;1;3
202400001309;155 779 472;33;0;0;2;0;1
202400001310;155 779 471;7;0;1;8;19;0
202400001311;155 779 470;7;3;2;1;1;2
202400001311;155 779 473;7;0;2;7;21;2
202400001312;155 779 468;7;0;2;2;15;1
202400001312;155 779 469;33;0;2;1;1;1
202400001313;155 779 467;7;4;0;1;1;1
202400001314;155 779 466;7;1;1;3;14;1
202400001315;155 779 462;7;0;2;7;9;1
202400001315;155 779 464;7;0;2;1;1;1
202400001316;155 779 459;10;0;2;1;1;0
202400001316;155 779 461;7;0;2;4;1;1
202400001316;155 779 465;7;0;2;4;1;1
202400001317;155 779 458;7;13;0;4;0;1
202400001318;155 779 453;7;4;0;1;1;1
202400001318;155 779 456;7;0;2;4;1;1
202400001319;155 779 452;7;0;9;2;2;1
202400001319;155 779 454;1;0;2;1;1;5
202400001320;155 779 449;7;8;0;1;14;1
202400001321;155 779 446;7;0;2;2;15;1
202400001321;155 779 447;33;0;2;1;1;1
202400001322;155 779 445;7;0;2;3;1;1
202400001322;155 779 448;2;0;2;1;9;1
202400001323;155 779 443;7;0;2;1;1;1
202400001323;155 779 444;13;0;2;4;0;0
202400001324;155 779 441;7;0;2;1;5;1
202400001324;155 779 442;7;0;2;1;9;1
202400001325;155 779 439;21;0;2;3;14;1
202400001325;155 779 440;7;0;2;1;1;1
202400001326;155 779 438;7;0;1;2;16;1
202400001327;155 779 435;33;0;2;2;17;1
202400001327;155 779 436;7;0;0;6;1;1
202400001327;155 779 437;7;0;0;1;1;1
202400001328;155 779 433;33;13;0;1;2;1
202400001329;155 779 434;30;0;0;0;1;1
202400001330;155 779 430;7;0;2;2;1;1
202400001330;155 779 432;7;0;2;8;15;1
202400001331;155 779 429;30;0;2;1;1;1
202400001331;155 779 431;7;0;9;4;1;0
202400001332;155 779 427;33;0;2;2;17;1
202400001332;155 779 428;7;0;2;3;2;1
202400001333;155 779 425;80;0;2;3;16;3
202400001333;155 779 426;50;0;2;1;1;3
202400001334;155 779 424;7;10;0;3;1;1
202400001335;155 779 423;1;14;0;1;1;5
202400001336;155 779 421;7;0;2;1;1;1
202400001336;155 779 422;7;0;2;8;19;1
202400001337;155 779 420;32;0;1;7;1;1
202400001338;155 779 419;2;6;0;1;0;1
202400001339;155 779 416;7;0;2;7;1;1
202400001339;155 779 418;7;0;2;1;15;1
202400001340;155 779 411;7;0;2;4;1;1
202400001340;155 779 413;7;0;2;1;1;1
202400001341;155 779 408;33;0;0;8;1;1
202400001342;155 779 406;7;7;0;1;1;1
202400001343;155 779 407;7;0;2;3;15;3
202400001343;155 779 409;7;0;2;1;1;1
202400001344;155 779 405;33;0;0;9;1;1
202400001345;155 779 404;1;0;0;7;1;5
202400001346;155 779 403;7;6;0;3;13;1
202400001347;155 779 402;10;0;1;1;1;1
202400001348;155 779 401;33;13;0;0;1;1
202400001349;155 779 399;1;0;2;1;19;5
202400001349;155 779 400;7;0;2;2;23;1
202400001350;155 779 397;7;0;1;3;1;1
202400001351;155 779 396;10;0;2;3;15;1
202400001351;155 779 398;33;6;2;2;17;1
202400001352;155 779 393;33;0;2;2;1;1
202400001352;155 779 394;7;0;2;5;16;1
202400001353;155 779 392;10;0;2;4;15;1
202400001353;155 779 395;7;0;2;1;2;1
202400001354;155 779 390;7;0;1;1;1;1
202400001355;155 779 389;7;0;2;1;0;1
202400001355;155 779 391;7;0;2;1;0;1
202400001356;155 779 386;7;0;2;1;0;1
202400001356;155 779 388;7;0;2;8;0;1
202400001357;155 779 385;50;0;2;1;26;3
202400001357;155 779 387;7;6;9;3;15;1
202400001358;155 779 380;7;0;2;1;16;1
202400001358;155 779 382;7;0;2;6;16;1
202400001359;155 779 379;33;0;2;1;1;1
202400001359;155 779 381;7;0;2;3;9;0
202400001360;155 779 376;7;0;2;1;15;1
202400001360;155 779 377;7;0;2;7;1;1
202400001361;155 779 374;7;2;2;1;13;1
202400001361;155 779 375;32;0;2;1;1;1
202400001362;155 779 373;7;0;1;1;1;1
202400001363;155 779 369;32;6;0;1;0;1
202400001364;155 779 368;7;0;2;2;1;1
202400001364;155 779 370;7;0;2;6;15;1
202400001365;155 779 367;7;13;0;1;1;1
202400001366;155 779 366;7;0;1;1;15;1
202400001367;155 779 364;7;0;2;3;15;1
202400001367;155 779 365;7;0;2;2;17;1
202400001368;155 779 361;43;4;0;7;12;1
202400001369;155 779 362;7;0;2;2;16;1
202400001369;155 779 363;1;0;2;1;19;5
202400001370;155 779 360;33;6;0;7;17;1
202400001371;155 779 358;7;5;0;2;1;1
202400001372;155 779 359;7;0;1;1;1;3
202400001373;155 779 356;7;0;2;0;11;1
202400001373;155 779 357;7;4;2;8;1;1
202400001374;155 779 352;50;0;2;1;25;3
202400001374;155 779 355;7;0;2;7;1;1
202400001375;155 779 351;7;0;0;1;26;1
202400001376;155 779 349;33;0;0;0;1;1
202400001377;155 779 348;7;0;2;1;1;1
202400001377;155 779 350;34;0;2;3;1;1
202400001378;155 779 346;7;3;2;1;2;1
202400001378;155 779 347;7;0;0;4;2;1
202400001379;155 779 344;7;0;2;4;16;1
202400001379;155 779 345;50;0;2;1;1;3
202400001380;155 779 343;33;0;0;1;0;1
202400001381;155 779 342;33;3;0;2;1;1
202400001382;155 779 340;30;0;2;1;1;1
202400001382;155 779 341;10;0;2;6;1;1
202400001383;155 779 339;7;0;1;1;1;1
202400001384;155 779 335;7;0;2;3;13;1
202400001384;155 779 337;7;0;2;3;1;1
202400001385;155 779 336;7;0;2;2;15;1
202400001385;155 779 338;33;0;2;1;0;1
202400001386;155 779 334;33;2;0;1;1;0
202400001387;155 779 332;33;0;2;1;17;1
202400001387;155 779 333;7;0;2;6;15;1
202400001388;155 779 331;7;17;0;1;17;1
202400001389;155 779 329;7;0;2;3;13;1
202400001389;155 779 330;10;0;2;3;1;1
202400001390;155 779 327;7;0;1;1;1;1
202400001391;155 779 325;7;0;0;9;1;1
202400001392;155 779 324;7;0;2;4;0;1
202400001392;155 779 326;7;0;2;4;1;1
202400001392;155 779 328;7;0;2;1;0;1
202400001393;155 779 323;7;0;1;5;1;1
202400001394;155 779 320;17;0;0;5;2;1
202400001394;155 779 322;7;0;2;1;2;1
202400001395;155 779 318;33;0;2;1;1;1
202400001395;155 779 321;33;0;0;1;1;1
202400001396;155 779 315;7;0;2;1;2;1
202400001396;155 779 316;7;0;2;1;2;2
202400001397;155 779 311;7;0;2;4;23;1
202400001397;155 779 313;7;0;2;1;2;2
202400001398;155 779 310;7;0;2;3;1;1
202400001398;155 779 312;7;0;2;1;21;1
202400001398;155 779 314;7;0;0;0;5;1
202400001399;155 779 308;7;3;2;1;2;2
202400001399;155 779 309;7;0;6;4;2;1
202400001400;155 779 305;50;0;2;7;1;3
202400001400;155 779 307;7;0;2;1;1;1
202400001401;155 779 304;7;0;1;2;2;1
202400001402;155 779 303;7;0;2;1;2;1
202400001402;155 779 306;7;0;2;4;1;1
202400001403;155 779 301;7;0;2;9;14;1
202400001404;155 779 300;7;0;2;1;13;1
202400001404;155 779 302;7;0;2;1;1;1
202400001405;155 779 299;7;1;1;2;25;3
202400001406;155 779 296;80;0;0;0;0;3
202400001407;155 779 295;7;4;2;1;2;1
202400001407;155 779 298;7;4;0;4;2;1
202400001408;155 779 293;7;16;0;0;13;1
202400001409;155 779 294;7;16;2;1;26;1
202400001409;155 779 297;7;0;0;0;0;3
202400001410;155 779 291;7;0;2;1;1;1
202400001410;155 779 292;7;0;2;1;1;1
202400001411;155 779 290;50;0;1;1;1;3
202400001412;155 779 287;7;0;2;2;1;1
202400001412;155 779 289;2;0;2;1;5;1
202400001413;155 779 286;7;0;2;2;13;1
202400001413;155 779 288;7;0;2;2;1;1
202400001414;155 779 284;7;0;2;4;1;3
202400001414;155 779 285;7;0;2;1;1;1
202400001415;155 779 281;7;0;2;3;13;1
202400001415;155 779 282;10;0;2;2;1;1
202400001416;155 779 279;50;8;0;1;1;3
202400001417;155 779 278;7;0;0;9;17;1
202400001418;155 779 276;7;0;2;4;1;2
202400001418;155 779 277;7;0;2;1;1;1
202400001419;155 779 273;10;0;2;2;1;1
202400001419;155 779 274;1;0;2;4;1;5
202400001420;155 779 272;50;0;0;0;0;3
202400001421;155 779 271;7;8;0;1;1;1
202400001421;155 779 275;7;8;0;1;1;1
202400001422;155 779 270;7;13;0;1;13;1
202400001423;155 779 268;7;0;2;2;1;6
202400001423;155 779 269;2;0;2;1;13;1
202400001424;155 779 267;7;2;0;9;1;1
202400001425;155 779 264;10;4;0;1;1;1
202400001426;155 779 262;7;0;1;1;1;1
202400001427;155 779 259;7;6;0;1;14;1
202400001428;155 779 260;10;0;2;4;1;1
202400001428;155 779 263;7;0;2;1;1;2
202400001428;155 779 265;7;0;2;2;0;6
202400001428;155 779 266;7;0;2;1;1;1
202400001429;155 779 258;7;0;0;3;15;1
202400001429;155 779 261;2;0;0;1;17;1
202400001430;155 779 254;7;0;2;1;1;1
202400001430;155 779 257;10;0;2;1;13;1
202400001431;155 779 253;7;0;2;3;0;1
202400001431;155 779 255;33;1;0;1;0;1
202400001432;155 779 252;7;0;2;4;1;1
202400001432;155 779 256;7;0;2;1;1;1
202400001433;155 779 248;7;0;2;3;13;1
202400001433;155 779 251;10;0;2;3;1;1
202400001434;155 779 247;7;0;2;1;2;1
202400001434;155 779 249;10;0;2;4;23;1
202400001435;155 779 246;7;13;0;1;1;1
202400001436;155 779 245;7;8;2;1;2;1
202400001436;155 779 250;1;0;2;4;1;5
202400001437;155 779 243;33;0;2;1;5;1
202400001437;155 779 244;7;0;2;3;2;1
202400001438;155 779 242;7;0;1;6;10;1
202400001439;155 779 239;50;0;2;1;1;3
202400001439;155 779 241;7;0;2;8;15;1
202400001440;155 779 237;10;13;0;1;0;1
202400001441;155 779 234;7;0;2;0;1;1
202400001441;155 779 236;7;0;2;0;1;1
202400001441;155 779 238;7;0;2;0;1;1
202400001441;155 779 240;7;0;2;0;0;1
202400001442;155 779 233;7;0;2;1;16;1
202400001442;155 779 235;50;0;2;1;5;3
202400001443;155 779 231;33;0;2;7;3;1
202400001443;155 779 232;7;0;2;3;11;1
202400001444;155 779 225;7;0;2;2;23;1
202400001444;155 779 227;33;0;2;4;23;1
202400001444;155 779 229;7;0;2;4;23;1
202400001444;155 779 230;2;0;2;1;1;1
202400001445;155 779 224;7;0;2;8;11;1
202400001445;155 779 226;33;0;2;8;3;1
202400001445;155 779 228;7;0;2;4;1;2
202400001446;155 779 222;7;0;2;8;1;1
202400001446;155 779 223;31;0;2;1;19;1
202400001447;155 779 221;40;0;1;3;1;3
202400001448;155 779 219;33;0;2;3;18;1
202400001448;155 779 220;10;0;2;1;15;1
202400001449;155 779 217;7;0;2;1;1;1
202400001449;155 779 218;7;6;2;4;23;1
202400001450;155 779 215;50;0;2;1;1;3
202400001450;155 779 216;7;0;2;3;9;2
202400001451;155 779 213;7;0;2;1;1;1
202400001451;155 779 214;7;0;2;8;1;1
202400001452;155 779 212;7;1;0;1;1;1
202400001453;155 779 208;7;0;2;1;2;1
202400001453;155 779 209;10;0;2;1;2;1
202400001453;155 779 210;7;0;2;2;2;1
202400001453;155 779 211;7;0;2;1;5;1
202400001454;155 779 206;2;0;2;1;2;1
202400001454;155 779 207;7;8;2;4;2;1
202400001455;155 779 205;7;0;1;1;26;1
202400001456;155 779 202;7;12;2;1;11;1
202400001456;155 779 203;7;0;2;6;2;1
202400001456;155 779 204;7;0;2;3;1;1
202400001457;155 779 200;7;0;2;1;1;1
202400001457;155 779 201;7;0;2;5;15;1
202400001458;155 779 198;7;1;0;4;24;1
202400001458;155 779 199;7;1;0;2;16;1
202400001459;155 779 195;7;0;2;4;2;1
202400001459;155 779 196;7;0;2;1;2;1
202400001459;155 779 197;7;0;2;4;2;1
202400001460;155 779 193;43;0;2;6;1;1
202400001460;155 779 194;10;0;2;1;1;1
202400001461;155 779 191;32;0;2;2;1;1
202400001461;155 779 192;7;0;2;8;13;1
202400001462;155 779 189;32;0;2;1;5;1
202400001462;155 779 190;7;0;2;3;15;2
202400001463;155 779 188;10;1;1;1;24;1
202400001464;155 779 186;33;0;2;4;1;1
202400001464;155 779 187;32;0;2;1;1;1
202400001465;155 779 185;1;0;1;2;25;5
202400001466;155 779 183;7;0;2;1;1;1
202400001466;155 779 184;43;0;2;7;15;1
202400001467;155 779 182;7;0;1;2;1;2
202400001468;155 779 180;1;0;2;1;1;5
202400001468;155 779 181;1;0;2;1;1;5
202400001469;155 779 178;7;0;2;2;15;2
202400001469;155 779 179;30;0;2;3;1;3
202400001470;155 779 177;7;0;1;1;15;3
202400001471;155 779 176;50;12;0;1;21;3
202400001472;155 779 175;7;0;1;2;1;1
202400001473;155 779 174;1;0;1;1;1;5
202400001474;155 779 173;32;0;0;1;21;1
202400001475;155 779 171;32;0;2;1;5;1
202400001475;155 779 172;7;0;2;1;1;1
202400001476;155 779 169;30;0;2;8;18;1
202400001476;155 779 170;7;0;2;5;2;1
202400001477;155 779 167;7;0;2;1;1;1
202400001477;155 779 168;33;0;2;4;23;1
202400001478;155 779 166;7;13;0;1;26;1
202400001479;155 779 164;34;0;2;4;12;1
202400001479;155 779 165;3;0;0;0;0;0
202400001480;155 779 163;7;0;1;1;12;0
202400001481;155 779 161;30;0;2;2;0;0
202400001481;155 779 162;50;0;2;3;0;3
202400001482;155 779 159;10;0;2;5;11;1
202400001482;155 779 160;37;0;2;3;1;4
202400001483;155 779 158;10;0;1;1;15;1
202400001484;155 779 156;7;0;2;3;1;1
202400001484;155 779 157;7;0;2;1;26;1
202400001485;155 779 155;7;2;1;2;9;1
202400001486;155 779 154;7;0;1;1;1;1
202400001487;155 779 152;7;0;9;3;15;1
202400001487;155 779 153;60;0;2;2;1;5
202400001488;155 779 150;32;0;2;2;15;1
202400001488;155 779 151;0;0;2;0;0;0
202400001489;155 779 149;7;0;1;3;15;1
202400001490;155 779 147;32;0;0;8;24;1
202400001490;155 779 148;99;1;0;1;1;0
202400001491;155 779 146;32;0;1;7;1;1
202400001492;155 779 145;43;1;0;2;14;1
202400001493;155 779 143;99;0;2;8;15;1
202400001493;155 779 144;32;0;2;2;17;1
202400001494;155 779 141;7;0;2;1;2;1
202400001494;155 779 142;7;0;2;4;2;1
202400001495;155 779 140;80;1;2;1;22;3
202400001496;155 779 138;32;0;2;3;1;1
202400001496;155 779 139;7;0;2;2;9;2
202400001497;155 779 136;7;0;2;1;1;1
202400001497;155 779 137;7;14;0;4;23;1
202400001498;155 779 134;7;0;2;1;2;1
202400001498;155 779 135;7;0;2;4;2;1