Num_Acc;id_vehicule;categorie_vehicule;obstacle_fixe;obstacle_mobile;point_choc_initial;manoeuvre_principale;motorisation
202400001499;155 779 132;1;0;2;0;0;5
202400001499;155 779 133;7;0;1;1;9;1
202400001500;155 779 130;7;0;2;3;15;1
202400001500;155 779 131;33;0;2;1;3;1
202400001501;155 779 128;7;0;2;3;1;1
202400001501;155 779 129;31;0;2;2;1;1
202400001502;155 779 126;3;0;9;1;1;1
202400001502;155 779 127;1;0;2;8;1;5
202400001503;155 779 125;7;2;0;3;0;1
202400001504;155 779 123;10;0;2;8;9;1
202400001504;155 779 124;15;0;2;1;1;1
202400001505;155 779 122;7;0;1;3;15;1
202400001506;155 779 121;7;0;1;7;15;6
202400001507;155 779 120;50;0;1;0;0;3
202400001508;155 779 118;7;0;2;1;13;1
202400001508;155 779 119;7;0;2;1;1;1
202400001509;155 779 117;7;6;9;3;1;1
202400001510;155 779 115;10;0;2;1;16;1
202400001510;155 779 116;7;0;2;8;1;1
202400001511;155 779 113;7;0;2;7;17;1
202400001511;155 779 114;21;0;2;3;15;1
202400001512;155 779 112;7;7;0;1;1;1
202400001513;155 779 110;7;0;0;3;15;1
202400001513;155 779 111;33;0;2;1;17;1
202400001514;155 779 108;7;0;2;3;1;1
202400001514;155 779 109;10;0;2;2;0;1
202400001515;155 779 104;7;0;2;1;13;1
202400001515;155 779 105;10;0;2;1;1;1
202400001516;155 779 102;33;0;0;9;21;1
202400001516;155 779 103;7;0;0;2;19;1
202400001517;155 779 101;14;0;1;2;1;1
202400001518;155 779 100;7;16;0;2;1;1
202400001519;155 779 098;2;0;2;1;1;1
202400001519;155 779 099;21;0;2;1;15;1
202400001520;155 779 097;7;13;0;3;13;1
202400001521;155 779 094;2;0;9;8;0;1
202400001521;155 779 095;10;0;0;0;0;1
202400001522;155 779 092;7;0;2;3;15;1
202400001522;155 779 093;33;0;2;1;17;1
202400001523;155 779 091;7;2;0;2;14;1
202400001524;155 779 089;33;0;2;1;17;1
202400001524;155 779 090;7;0;2;3;15;1
202400001525;155 779 086;7;0;2;1;1;1
202400001525;155 779 087;7;0;2;4;15;1
202400001525;155 779 088;10;13;0;1;1;1
202400001526;155 779 084;2;0;2;2;1;1
202400001526;155 779 085;7;0;2;3;9;1
202400001527;155 779 083;10;0;5;1;0;1
202400001528;155 779 082;15;0;1;5;9;1
202400001529;155 779 081;31;12;0;1;1;1
202400001530;155 779 080;7;13;0;1;1;1
202400001531;155 779 078;33;0;2;1;1;1
202400001531;155 779 079;7;0;2;4;1;1
202400001532;155 779 076;33;0;2;1;1;1
202400001532;155 779 077;7;0;2;2;15;1
202400001533;155 779 074;10;0;2;2;15;1
202400001533;155 779 075;33;0;2;1;1;1
202400001534;155 779 072;33;0;2;1;2;1
202400001534;155 779 073;7;0;2;6;2;1
202400001535;155 779 070;2;0;2;1;1;1
202400001535;155 779 071;7;0;2;5;15;1
202400001536;155 779 068;33;0;2;1;1;1
202400001536;155 779 069;7;0;2;4;1;1
202400001537;155 779 066;30;0;2;7;1;1
202400001537;155 779 067;7;0;2;3;15;1
202400001538;155 779 064;32;0;2;1;1;1
202400001538;155 779 065;1;0;2;8;19;5
202400001539;155 779 062;33;0;2;3;0;1
202400001539;155 779 063;7;0;2;2;1;1
202400001540;155 779 060;2;0;2;0;0;0
202400001540;155 779 061;33;0;2;8;26;1
202400001541;155 779 058;7;1;0;2;14;1
202400001541;155 779 059;17;0;2;3;24;1
202400001542;155 779 056;15;0;2;5;16;1
202400001542;155 779 057;7;0;2;1;9;1
202400001543;155 779 054;3;0;2;3;26;1
202400001543;155 779 055;7;0;2;1;1;1
202400001544;155 779 052;7;0;2;2;19;1
202400001544;155 779 053;7;12;2;6;1;1
202400001545;155 779 050;10;0;2;3;9;1
202400001545;155 779 051;7;0;2;7;1;1
202400001546;155 779 048;7;0;2;1;15;1
202400001546;155 779 049;2;0;2;2;1;1
202400001547;155 779 046;7;9;2;8;15;1
202400001547;155 779 047;33;9;2;1;1;1
202400001548;155 779 044;50;0;2;0;0;3
202400001548;155 779 045;7;0;2;0;0;1
202400001549;155 779 042;33;0;2;1;3;1
202400001549;155 779 043;10;0;2;5;1;1
202400001550;155 779 041;1;0;1;0;1;5
202400001551;155 779 040;80;0;1;1;1;3
202400001552;155 779 038;7;1;2;1;1;1
202400001552;155 779 039;7;0;2;4;0;1
202400001553;155 779 035;1;0;2;1;19;5
202400001553;155 779 036;7;0;2;1;1;2
202400001554;155 779 033;1;0;2;8;1;5
202400001554;155 779 034;7;0;2;2;16;1
202400001555;155 779 031;10;0;2;7;15;1
202400001555;155 779 032;7;0;2;1;1;2
202400001556;155 779 030;7;0;1;1;16;2
202400001557;155 779 028;7;0;2;2;1;2
202400001557;155 779 029;1;0;2;5;1;5
202400001558;155 779 027;7;0;1;8;1;2
202400001559;155 779 026;32;0;1;1;1;1
202400001560;155 779 024;32;0;2;8;7;1
202400001560;155 779 025;7;0;2;2;16;1
202400001561;155 779 022;33;4;0;1;1;0
202400001562;155 779 021;21;0;2;1;1;1
202400001562;155 779 023;31;0;2;1;1;1
202400001563;155 779 020;7;0;1;1;19;1
202400001564;155 779 017;7;0;2;1;1;1
202400001564;155 779 019;7;0;2;4;1;1
202400001565;155 779 016;7;0;2;3;1;1
202400001565;155 779 018;7;0;2;2;1;1
202400001566;155 779 013;7;3;2;1;1;1
202400001566;155 779 015;7;3;2;3;9;1
202400001567;155 779 012;2;0;2;1;1;1
202400001567;155 779 014;7;0;0;6;15;1
202400001568;155 779 009;7;16;2;0;0;1
202400001568;155 779 011;7;14;2;3;16;1
202400001569;155 779 006;1;0;0;1;1;5
202400001570;155 779 005;1;0;2;1;1;5
202400001570;155 779 007;7;1;0;3;15;1
202400001571;155 779 001;7;0;2;4;2;1
202400001571;155 779 002;7;0;2;1;2;1
202400001571;155 779 003;7;0;0;0;0;1
202400001572;155 779 000;33;0;2;1;1;1
202400001572;155 779 004;10;0;2;8;19;1
202400001573;155 778 997;10;0;2;4;4;1
202400001573;155 778 999;31;0;2;1;23;3
202400001574;155 778 996;7;0;2;1;19;6
202400001574;155 778 998;33;0;2;7;1;1
202400001575;155 778 994;7;0;2;1;2;1
202400001575;155 778 995;7;0;2;4;1;3
202400001576;155 778 992;1;0;2;8;1;5
202400001576;155 778 993;7;0;9;1;1;1
202400001577;155 778 990;7;0;2;7;15;1
202400001577;155 778 991;7;0;2;1;1;2
202400001578;155 778 988;30;0;2;1;1;1
202400001578;155 778 989;7;0;2;2;19;1
202400001579;155 778 987;7;16;0;0;14;1
202400001580;155 778 985;30;0;2;8;17;3
202400001580;155 778 986;7;0;2;8;13;1
202400001581;155 778 983;42;0;0;0;0;1
202400001581;155 778 984;7;0;2;3;0;1
202400001582;155 778 980;33;0;2;1;10;3
202400001582;155 778 981;2;0;2;1;1;3
202400001583;155 778 979;7;0;2;3;1;1
202400001583;155 778 982;7;3;0;3;1;1
202400001584;155 778 978;10;0;1;4;4;1
202400001585;155 778 977;7;0;1;1;1;1
202400001586;155 778 975;7;0;2;3;17;1
202400001586;155 778 976;30;0;2;1;17;1
202400001587;155 778 974;10;0;1;1;15;1
202400001588;155 778 972;7;6;0;1;1;1
202400001589;155 778 971;7;0;2;1;19;1
202400001589;155 778 973;7;3;0;2;1;1
202400001590;155 778 970;7;3;0;9;2;1
202400001591;155 778 968;33;0;2;1;1;1
202400001591;155 778 969;10;0;2;3;1;1
202400001592;155 778 967;7;8;0;9;1;1
202400001593;155 778 965;33;0;2;1;1;1
202400001593;155 778 966;36;0;2;1;5;1
202400001594;155 778 963;33;0;2;3;0;1
202400001594;155 778 964;31;0;2;3;17;1
202400001595;155 778 961;7;0;2;1;1;1
202400001595;155 778 962;7;0;2;7;1;1
202400001596;155 778 960;7;6;0;3;1;0
202400001597;155 778 959;7;6;0;1;1;1
202400001598;155 778 958;7;11;0;1;1;1
202400001599;155 778 956;33;13;0;1;1;1
202400001599;155 778 957;33;13;0;1;1;1
202400001600;155 778 954;7;6;0;2;0;1
202400001601;155 778 951;7;0;2;3;1;1
202400001601;155 778 953;7;0;2;2;13;1
202400001602;155 778 949;7;0;2;1;19;1
202400001602;155 778 950;7;0;2;7;1;1
202400001602;155 778 952;7;0;2;3;1;2
202400001603;155 778 948;7;0;1;1;1;3
202400001604;155 778 946;7;6;0;1;14;1
202400001605;155 778 947;2;0;0;8;15;1
202400001606;155 778 945;7;13;0;9;26;1
202400001607;155 778 941;7;0;2;8;1;1
202400001607;155 778 943;7;0;2;1;9;1
202400001608;155 778 938;7;0;2;3;17;1
202400001608;155 778 940;7;0;2;1;1;1
202400001609;155 778 937;7;0;2;1;15;0
202400001609;155 778 939;2;0;2;1;1;0
202400001610;155 778 933;10;13;2;5;1;1
202400001610;155 778 936;2;0;2;1;9;1
202400001611;155 778 934;1;0;2;3;9;5
202400001611;155 778 935;32;0;2;2;1;1
202400001612;155 778 931;33;5;0;1;1;1
202400001613;155 778 930;7;0;2;7;1;1
202400001613;155 778 932;7;7;2;1;1;1
202400001614;155 778 928;7;0;2;1;11;1
202400001614;155 778 929;7;0;2;3;15;1
202400001615;155 778 927;10;0;1;4;20;1
202400001616;155 778 925;31;0;0;9;1;1
202400001617;155 778 924;2;0;2;3;1;1
202400001617;155 778 926;10;0;2;3;1;1
202400001618;155 778 923;36;0;0;0;0;1
202400001619;155 778 922;7;0;0;1;16;1
202400001620;155 778 921;33;3;0;0;1;1
202400001621;155 778 919;33;0;0;7;10;1
202400001622;155 778 915;17;0;0;6;1;1
202400001622;155 778 917;7;3;2;1;17;1
202400001622;155 778 918;7;0;9;7;1;1
202400001623;155 778 914;7;2;0;3;19;2
202400001624;155 778 912;7;2;0;8;1;1
202400001625;155 778 911;10;0;2;1;11;1
202400001625;155 778 913;10;3;2;4;17;1
202400001626;155 778 910;33;13;0;2;17;1
202400001627;155 778 908;15;3;0;7;15;1
202400001628;155 778 907;32;0;2;7;17;1
202400001628;155 778 909;7;0;2;1;19;1
202400001629;155 778 903;1;0;9;1;1;5
202400001629;155 778 904;1;1;0;1;1;5
202400001629;155 778 906;7;0;9;3;23;1
202400001630;155 778 902;31;0;2;1;5;1
202400001630;155 778 905;7;0;2;2;1;1
202400001631;155 778 899;7;7;0;6;19;1
202400001631;155 778 901;7;0;2;1;1;1
202400001632;155 778 898;7;2;2;4;1;1
202400001632;155 778 900;10;0;2;1;1;0
202400001633;155 778 896;7;0;2;2;15;1
202400001633;155 778 897;2;0;2;1;1;1
202400001634;155 778 895;50;0;1;1;7;3
202400001635;155 778 891;7;0;2;7;1;1
202400001635;155 778 892;2;0;2;1;15;1
202400001636;155 778 890;7;0;2;3;1;1
202400001636;155 778 893;10;0;2;1;1;1
202400001637;155 778 888;7;0;1;6;20;1
202400001638;155 778 887;7;0;2;1;13;1
202400001638;155 778 889;7;0;2;1;1;1
202400001639;155 778 885;7;6;0;1;1;1
202400001640;155 778 882;7;0;0;1;15;1
202400001640;155 778 883;10;0;0;2;1;1
202400001641;155 778 881;7;0;0;6;1;1
202400001641;155 778 884;7;0;2;1;21;1
202400001641;155 778 886;7;0;2;1;1;1
202400001642;155 778 878;7;13;2;9;1;1
202400001642;155 778 880;17;0;2;2;1;1
202400001643;155 778 877;15;0;2;3;1;1
202400001643;155 778 879;7;0;2;3;13;1
202400001644;155 778 875;7;0;1;1;1;1
202400001645;155 778 876;33;0;0;0;26;1
202400001646;155 778 874;33;12;0;9;1;1
202400001647;155 778 873;14;0;1;2;1;0
202400001648;155 778 870;2;0;2;1;17;1
202400001648;155 778 872;34;0;2;1;1;1
202400001649;155 778 869;31;0;2;1;13;1
202400001649;155 778 871;7;0;2;3;1;1
202400001650;155 778 867;7;0;2;6;16;1
202400001650;155 778 868;2;0;2;2;1;1
202400001651;155 778 864;1;0;2;4;16;5
202400001651;155 778 866;7;0;2;1;16;1
202400001652;155 778 862;33;0;0;4;23;1
202400001652;155 778 863;33;0;0;4;24;1
202400001652;155 778 865;33;3;2;1;1;1
202400001653;155 778 860;7;2;0;7;14;1
202400001654;155 778 859;7;0;2;2;5;1
202400001654;155 778 861;7;0;2;2;21;1
202400001655;155 778 857;7;0;2;3;1;2
202400001655;155 778 858;33;0;2;1;26;1
202400001656;155 778 856;7;2;0;1;1;1
202400001657;155 778 855;7;0;1;4;4;1
202400001658;155 778 852;7;0;2;3;15;1
202400001658;155 778 854;33;0;2;1;17;1
202400001659;155 778 851;2;0;2;1;1;1
202400001659;155 778 853;21;0;2;7;1;1
202400001660;155 778 849;7;0;2;1;17;1
202400001660;155 778 850;7;0;2;1;1;1
202400001661;155 778 847;35;0;2;8;0;1
202400001661;155 778 848;33;0;2;1;0;1
202400001662;155 778 846;33;8;0;3;1;1
202400001663;155 778 842;7;0;2;1;15;1
202400001663;155 778 843;7;0;2;1;1;1
202400001663;155 778 844;10;0;2;1;23;1
202400001664;155 778 841;2;8;0;1;14;1
202400001665;155 778 840;1;0;0;0;16;5
202400001666;155 778 839;33;13;0;1;1;1
202400001667;155 778 838;13;0;0;5;1;1
202400001667;155 778 845;33;0;2;1;1;1
202400001668;155 778 835;7;0;2;2;1;1
202400001668;155 778 837;33;0;2;4;2;1
202400001669;155 778 834;2;0;2;7;1;1
202400001669;155 778 836;7;0;2;1;0;1
202400001670;155 778 832;7;0;2;1;2;1
202400001670;155 778 833;7;0;0;0;0;1
202400001671;155 778 831;7;6;0;2;1;1
202400001672;155 778 828;10;0;2;1;1;1
202400001672;155 778 830;7;0;2;4;1;1
202400001673;155 778 825;33;0;2;3;2;1
202400001673;155 778 827;7;0;2;3;2;1
202400001674;155 778 824;10;0;2;1;1;1
202400001674;155 778 826;7;0;0;0;2;1
202400001674;155 778 829;10;0;2;1;5;1
202400001675;155 778 821;37;0;2;3;1;1
202400001675;155 778 823;7;0;2;2;15;1
202400001676;155 778 820;7;0;2;2;1;1
202400001676;155 778 822;7;0;2;3;9;1
202400001677;155 778 818;7;0;2;5;22;1
202400001677;155 778 819;32;0;2;2;3;1
202400001678;155 778 815;33;0;2;1;17;1
202400001678;155 778 816;3;0;2;8;15;1
202400001679;155 778 814;7;0;2;3;1;1
202400001679;155 778 817;7;0;2;3;3;1
202400001680;155 778 813;33;0;1;1;2;1
202400001681;155 778 812;33;16;0;9;1;1
202400001682;155 778 811;30;0;1;1;14;1
202400001683;155 778 810;7;0;1;1;1;1
202400001684;155 778 807;3;0;1;1;0;1
202400001685;155 778 805;7;0;2;2;15;1
202400001685;155 778 806;1;0;2;0;0;5
202400001686;155 778 802;7;0;2;2;16;0
202400001686;155 778 804;1;0;2;8;1;0
202400001687;155 778 801;7;0;2;1;0;1
202400001687;155 778 803;10;0;2;1;1;1
202400001688;155 778 800;30;0;1;0;1;0
202400001689;155 778 799;1;1;0;1;1;5
202400001690;155 778 797;1;0;2;1;13;5
202400001690;155 778 798;1;0;2;1;14;5
202400001691;155 778 796;7;0;0;9;1;1
202400001692;155 778 793;7;0;2;1;1;1
202400001692;155 778 795;31;0;2;8;9;1
202400001693;155 778 794;31;1;0;1;1;1
202400001694;155 778 790;33;0;2;2;3;1
202400001694;155 778 792;7;0;2;6;11;1
202400001695;155 778 789;33;0;0;4;23;1
202400001695;155 778 791;7;0;2;1;2;1
202400001696;155 778 788;7;0;2;4;23;3
202400001697;155 778 786;7;0;2;0;0;1
202400001697;155 778 787;7;0;1;0;0;1
202400001698;155 778 785;33;0;0;1;1;1
202400001699;155 778 784;7;0;1;3;0;1
202400001700;155 778 782;10;0;2;5;12;1
202400001700;155 778 783;33;0;2;3;3;1
202400001701;155 778 781;50;15;0;1;1;3
202400001702;155 778 780;7;3;0;8;0;1
202400001703;155 778 776;7;4;2;1;1;1
202400001703;155 778 778;33;4;2;4;2;1
202400001704;155 778 774;7;0;2;4;23;1
202400001704;155 778 775;7;0;0;4;23;1
202400001704;155 778 777;10;0;2;1;2;1
202400001705;155 778 772;7;0;1;2;9;1
202400001706;155 778 770;7;0;2;7;14;1
202400001706;155 778 771;37;0;2;8;1;1
202400001706;155 778 773;10;0;2;7;1;1
202400001707;155 778 769;7;0;1;2;1;1
202400001708;155 778 768;7;6;0;1;1;1
202400001709;155 778 764;7;0;2;1;1;1
202400001709;155 778 765;50;0;2;1;1;3
202400001710;155 778 761;7;0;1;1;1;1
202400001711;155 778 760;7;0;2;4;2;1
202400001711;155 778 762;7;0;2;0;0;1
202400001711;155 778 763;7;0;2;4;2;1
202400001712;155 778 757;33;0;2;8;26;1
202400001712;155 778 759;7;0;2;1;26;1
202400001713;155 778 755;7;4;2;2;12;1
202400001713;155 778 756;7;3;2;6;1;1
202400001713;155 778 758;7;4;2;3;1;1
202400001714;155 778 753;10;0;2;1;0;6
202400001714;155 778 754;7;0;2;1;1;6
202400001715;155 778 751;7;0;2;1;2;1
202400001715;155 778 752;7;0;2;4;2;1
202400001716;155 778 749;7;0;2;1;15;1
202400001716;155 778 750;50;0;2;1;1;3
202400001717;155 778 747;14;1;0;2;11;1
202400001717;155 778 748;10;0;2;6;23;1
202400001718;155 778 743;1;0;2;3;1;5
202400001718;155 778 745;7;0;2;2;16;1
202400001719;155 778 742;7;5;0;3;26;1
202400001720;155 778 740;7;0;2;4;4;1
202400001720;155 778 741;7;0;2;1;0;0
202400001721;155 778 739;7;0;1;2;1;1
202400001722;155 778 736;7;0;2;1;16;2
202400001722;155 778 737;50;0;2;7;1;3
202400001723;155 778 735;7;0;2;3;13;1
202400001723;155 778 738;21;0;2;3;1;1
202400001724;155 778 734;7;3;0;1;1;1
202400001725;155 778 732;7;0;1;2;1;1
202400001726;155 778 731;7;0;2;1;1;1
202400001726;155 778 733;7;0;2;8;1;1
202400001727;155 778 728;7;0;2;3;20;1
202400001727;155 778 729;1;0;2;7;1;5
202400001728;155 778 727;10;0;2;5;1;1
202400001728;155 778 730;33;0;2;9;1;1
202400001729;155 778 726;7;8;0;2;1;1
202400001730;155 778 724;32;0;2;5;17;1
202400001730;155 778 725;10;0;2;3;26;0
202400001731;155 778 722;7;0;2;4;23;1
202400001731;155 778 723;7;0;2;1;2;1
202400001732;155 778 719;7;0;2;2;1;1
202400001732;155 778 721;1;0;2;1;1;5
202400001733;155 778 720;7;0;1;1;17;1
202400001734;155 778 718;7;4;0;0;1;1
202400001735;155 778 716;7;0;2;3;1;1
202400001735;155 778 717;50;0;2;1;1;3
202400001736;155 778 713;33;0;2;8;11;1
202400001736;155 778 715;7;0;2;7;1;1
202400001737;155 778 712;7;0;2;4;23;1
202400001737;155 778 714;10;0;2;1;2;1
202400001738;155 778 709;7;0;2;1;5;1
202400001738;155 778 711;7;0;2;1;0;1
202400001739;155 778 708;7;0;2;1;15;1
202400001739;155 778 710;33;0;2;1;1;1
202400001740;155 778 706;7;0;2;2;1;1
202400001740;155 778 707;10;0;2;6;4;1
202400001741;155 778 704;30;0;2;1;1;1
202400001741;155 778 705;7;0;2;6;1;1
202400001742;155 778 703;7;0;1;1;1;1
202400001743;155 778 701;7;0;2;6;;
202400001743;155 778 702;31;0;2;2;18;
202400001744;155 778 699;7;0;2;0;0;1
202400001744;155 778 700;31;0;2;3;0;1
202400001745;155 778 696;33;0;2;1;1;1
202400001745;155 778 697;7;0;2;7;15;1
202400001746;155 778 695;7;0;2;2;15;1
202400001746;155 778 698;30;0;2;1;15;3
202400001747;155 778 694;7;7;0;1;1;1
202400001748;155 778 691;10;0;2;1;1;1
202400001748;155 778 693;7;0;2;4;0;1
202400001749;155 778 690;7;0;2;5;15;1
202400001749;155 778 692;34;0;2;1;1;1
202400001750;155 778 688;10;0;1;4;20;0
202400001751;155 778 687;7;0;2;8;1;1
202400001751;155 778 689;7;0;2;3;13;1
202400001752;155 778 686;10;0;1;1;1;1
202400001753;155 778 685;10;0;1;0;1;1
202400001754;155 778 684;10;0;1;2;10;1
202400001755;155 778 682;33;0;2;1;26;1
202400001755;155 778 683;10;16;2;3;19;1
202400001756;155 778 680;7;0;2;5;1;1
202400001756;155 778 681;30;0;2;1;1;1
202400001757;155 778 678;7;0;1;2;15;1
202400001758;155 778 677;7;0;2;1;1;1
202400001758;155 778 679;7;0;2;4;0;1
202400001759;155 778 676;7;0;1;2;15;1
202400001760;155 778 675;10;0;1;1;2;1
202400001761;155 778 674;7;0;1;1;9;1
202400001762;155 778 669;7;0;2;1;2;1
202400001762;155 778 670;7;0;2;4;2;1
202400001762;155 778 672;7;0;2;4;1;1
202400001763;155 778 666;10;0;2;3;19;1
202400001763;155 778 668;33;0;2;1;1;1
202400001764;155 778 663;50;0;2;8;1;3
202400001764;155 778 664;7;0;2;0;1;1
202400001765;155 778 661;33;0;2;1;1;1
202400001765;155 778 662;7;0;2;5;1;1
202400001766;155 778 659;7;0;2;3;1;1
202400001766;155 778 660;7;0;2;6;1;1
202400001767;155 778 657;7;2;0;1;1;1
202400001768;155 778 653;7;9;0;1;6;1
202400001769;155 778 651;7;0;2;4;1;1
202400001769;155 778 652;7;0;2;4;1;3
202400001769;155 778 654;7;0;2;4;1;1
202400001769;155 778 655;10;0;2;4;1;1
202400001769;155 778 656;7;0;2;4;1;1
202400001769;155 778 658;7;0;2;1;1;1
202400001770;155 778 650;99;0;1;1;15;3
202400001771;155 778 648;2;0;2;2;2;1
202400001771;155 778 649;7;0;2;6;23;1
202400001772;155 778 646;7;0;2;1;1;1
202400001772;155 778 647;80;0;2;8;19;3
202400001773;155 778 644;7;0;1;2;1;1
202400001774;155 778 643;7;0;2;1;1;1
202400001774;155 778 645;7;0;2;4;23;1
202400001775;155 778 640;7;0;2;1;1;1
202400001775;155 778 642;50;0;2;7;1;3
202400001776;155 778 639;7;0;2;2;1;1
202400001776;155 778 641;7;0;2;1;1;1
202400001777;155 778 636;7;0;2;7;1;1
202400001777;155 778 637;32;0;2;1;1;1
202400001778;155 778 635;7;0;2;2;15;1
202400001778;155 778 638;7;0;2;1;1;1
202400001779;155 778 633;15;0;2;3;2;1
202400001779;155 778 634;7;0;2;5;9;1
202400001780;155 778 631;7;0;2;3;1;1
202400001780;155 778 632;7;0;2;1;15;1
202400001781;155 778 629;7;7;2;3;1;1
202400001781;155 778 630;7;0;2;1;15;1
202400001782;155 778 628;7;0;1;4;20;1
202400001783;155 778 626;7;0;2;5;16;1
202400001783;155 778 627;1;0;2;8;1;5
202400001784;155 778 624;7;0;2;1;17;1
202400001784;155 778 625;7;0;2;3;15;1
202400001785;155 778 622;7;9;2;1;13;1
202400001785;155 778 623;7;0;2;3;1;1
202400001786;155 778 619;33;0;2;1;26;1
202400001786;155 778 620;7;0;2;6;15;1
202400001787;155 778 618;7;0;2;3;16;1
202400001787;155 778 621;10;0;2;2;1;1
202400001788;155 778 615;1;0;2;1;26;5
202400001788;155 778 617;7;0;2;6;20;1
202400001789;155 778 614;32;0;2;1;15;1
202400001789;155 778 616;7;0;2;8;1;1
202400001790;155 778 611;33;0;2;1;1;1
202400001790;155 778 613;7;0;2;5;15;2
202400001791;155 778 612;7;0;1;2;16;1
202400001792;155 778 608;7;0;2;3;23;1
202400001792;155 778 610;50;0;2;7;15;3
202400001793;155 778 606;7;0;1;1;15;1
202400001794;155 778 604;7;0;2;4;1;1
202400001794;155 778 605;7;0;2;1;1;1
202400001794;155 778 607;7;0;2;9;1;1
202400001795;155 778 602;30;0;2;0;1;1
202400001796;155 778 601;7;0;2;1;16;1
202400001796;155 778 603;1;0;2;8;19;5
202400001797;155 778 598;33;0;2;7;2;1
202400001797;155 778 600;7;0;2;6;20;1
202400001798;155 778 597;7;0;2;4;2;2
202400001798;155 778 599;31;0;2;1;2;1
202400001799;155 778 596;3;0;0;0;0;3
202400001800;155 778 595;7;1;0;9;15;1
202400001801;155 778 593;33;0;2;1;1;1
202400001801;155 778 594;7;0;2;5;15;2
202400001802;155 778 591;33;4;0;8;13;1
202400001803;155 778 590;10;0;2;8;24;1
202400001803;155 778 592;1;1;0;2;21;5
202400001804;155 778 589;33;2;0;1;21;1
202400001805;155 778 587;7;0;2;3;10;1
202400001805;155 778 588;33;0;2;2;1;1
202400001806;155 778 586;30;0;0;0;26;1
202400001807;155 778 584;50;0;2;1;16;3
202400001807;155 778 585;7;0;9;2;16;1
202400001808;155 778 581;32;0;1;1;7;1
202400001809;155 778 582;7;0;2;1;2;1
202400001809;155 778 583;7;0;2;4;1;1
202400001810;155 778 579;7;0;1;3;17;1
202400001811;155 778 578;1;0;0;0;1;5
202400001811;155 778 580;7;0;2;1;2;1
202400001812;155 778 576;7;0;2;1;1;1
202400001812;155 778 577;7;0;2;7;1;1
202400001813;155 778 572;7;0;2;7;1;1
202400001813;155 778 575;50;0;2;3;9;3
202400001814;155 778 571;7;0;1;1;1;1
202400001815;155 778 569;7;6;0;1;1;1
202400001816;155 778 568;33;0;2;3;26;1
202400001816;155 778 570;7;0;2;2;10;1
202400001817;155 778 565;1;0;2;2;1;5
202400001817;155 778 566;7;0;2;0;9;
202400001818;155 778 564;1;0;2;7;19;5
202400001818;155 778 567;7;0;2;2;16;1
202400001819;155 778 562;14;0;2;5;16;1
202400001819;155 778 563;1;0;2;0;0;5
202400001820;155 778 559;10;0;2;2;16;1
202400001820;155 778 561;2;0;2;8;1;1
202400001821;155 778 558;1;0;2;8;1;5
202400001821;155 778 560;7;0;2;8;2;1
202400001822;155 778 556;7;0;2;1;15;1
202400001822;155 778 557;32;0;2;1;1;1
202400001823;155 778 552;7;0;2;3;10;1
202400001823;155 778 554;32;0;2;1;2;1
202400001824;155 778 553;7;0;2;1;1;1
202400001824;155 778 555;7;0;2;4;23;1
202400001825;155 778 549;14;0;2;7;12;1
202400001825;155 778 551;7;0;2;8;1;1
202400001826;155 778 548;7;0;2;1;1;1
202400001826;155 778 550;50;0;2;7;1;3
202400001827;155 778 547;30;1;0;1;0;1
202400001828;155 778 544;33;0;2;1;17;1
202400001828;155 778 546;7;0;2;3;1;1
202400001829;155 778 545;7;0;1;4;15;1
202400001830;155 778 543;50;0;0;0;0;3
202400001831;155 778 541;7;0;2;1;1;1
202400001831;155 778 542;7;0;2;8;13;1
202400001832;155 778 539;7;0;1;1;1;0
202400001833;155 778 540;7;0;0;0;12;1
202400001834;155 778 537;10;0;2;4;1;1
202400001834;155 778 538;7;0;2;1;14;1
202400001835;155 778 535;7;0;2;1;26;1
202400001835;155 778 536;99;0;0;0;0;3
202400001836;155 778 534;0;0;1;2;0;
202400001837;155 778 532;31;0;2;3;1;1
202400001837;155 778 533;2;0;2;3;5;1
202400001838;155 778 531;7;4;0;1;0;1
202400001839;155 778 530;2;0;1;1;1;1
202400001840;155 778 528;7;0;2;2;10;1
202400001840;155 778 529;32;0;2;1;1;1
202400001841;155 778 527;1;0;0;0;1;5
202400001842;155 778 524;1;1;2;1;2;5
202400001842;155 778 525;7;1;9;1;20;1
202400001842;155 778 526;7;0;9;0;1;2
202400001843;155 778 522;7;0;2;2;15;1
202400001843;155 778 523;32;0;2;1;1;1
202400001844;155 778 520;7;0;2;2;23;3
202400001844;155 778 521;2;0;2;1;18;3
202400001845;155 778 517;10;0;2;1;1;1
202400001845;155 778 519;10;0;2;1;13;1
202400001846;155 778 516;1;14;0;0;1;5
202400001847;155 778 514;1;0;2;1;2;5
202400001847;155 778 515;1;0;2;8;19;5
202400001848;155 778 513;33;0;1;1;7;1
202400001849;155 778 511;7;0;2;3;0;1
202400001849;155 778 512;7;0;2;5;1;1
202400001850;155 778 510;7;0;0;1;1;1
202400001851;155 778 508;7;0;2;3;9;1
202400001851;155 778 509;30;0;2;1;0;1
202400001852;155 778 506;7;5;2;1;1;1
202400001852;155 778 507;7;0;2;1;1;1