Num_Acc;id_vehicule;categorie_vehicule;obstacle_fixe;obstacle_mobile;point_choc_initial;manoeuvre_principale;motorisation
202400001853;155 778 504;7;0;2;2;17;1
202400001853;155 778 505;10;0;2;3;11;1
202400001854;155 778 502;31;0;2;8;1;1
202400001854;155 778 503;7;0;2;2;10;1
202400001855;155 778 501;7;0;0;9;14;1
202400001856;155 778 500;10;0;1;1;1;1
202400001857;155 778 498;7;0;2;1;1;2
202400001857;155 778 499;30;0;2;7;19;1
202400001858;155 778 496;2;0;2;5;17;1
202400001858;155 778 497;7;0;0;0;0;2
202400001859;155 778 495;0;0;1;0;0;0
202400001860;155 778 493;50;0;2;1;1;3
202400001860;155 778 494;10;0;2;8;1;1
202400001861;155 778 492;32;0;1;1;1;1
202400001862;155 778 491;7;0;1;2;1;1
202400001863;155 778 490;31;0;0;0;1;1
202400001864;155 778 488;33;0;2;1;2;1
202400001864;155 778 489;7;0;2;6;2;1
202400001865;155 778 487;7;6;0;1;26;1
202400001866;155 778 485;1;0;2;1;1;5
202400001866;155 778 486;7;0;9;3;9;1
202400001867;155 778 482;33;0;2;1;1;1
202400001867;155 778 483;7;0;2;6;23;1
202400001867;155 778 484;7;0;2;3;1;1
202400001868;155 778 480;32;6;0;1;1;1
202400001869;155 778 477;99;0;2;1;0;6
202400001869;155 778 478;7;0;9;1;0;1
202400001870;155 778 476;7;0;0;0;1;1
202400001870;155 778 481;1;0;0;0;0;5
202400001871;155 778 479;1;0;0;0;0;5
202400001872;155 778 474;7;0;4;5;15;1
202400001872;155 778 475;40;0;2;1;1;3
202400001873;155 778 471;7;0;2;3;13;1
202400001873;155 778 473;7;0;2;3;1;1
202400001874;155 778 470;7;0;0;1;16;1
202400001875;155 778 469;7;0;2;7;16;1
202400001875;155 778 472;1;0;2;1;2;5
202400001876;155 778 467;36;0;5;1;1;1
202400001877;155 778 466;33;0;2;1;3;1
202400001877;155 778 468;7;0;2;2;12;1
202400001878;155 778 464;7;0;1;1;1;1
202400001879;155 778 463;17;0;2;1;1;1
202400001879;155 778 465;7;0;2;1;1;1
202400001880;155 778 460;39;0;1;1;1;
202400001881;155 778 459;33;0;1;0;0;0
202400001882;155 778 458;7;0;2;4;2;1
202400001882;155 778 461;7;0;2;4;2;2
202400001882;155 778 462;7;0;2;1;2;1
202400001883;155 778 456;7;0;2;1;1;1
202400001883;155 778 457;50;0;2;3;15;3
202400001884;155 778 454;30;0;2;1;17;1
202400001884;155 778 455;7;0;2;6;15;1
202400001885;155 778 452;33;0;0;0;1;1
202400001886;155 778 451;7;0;1;1;1;1
202400001887;155 778 449;40;0;2;1;1;3
202400001887;155 778 450;37;0;4;5;19;2
202400001888;155 778 446;1;0;2;1;1;5
202400001888;155 778 448;7;0;9;3;15;1
202400001889;155 778 447;7;0;1;3;15;1
202400001890;155 778 445;7;0;1;2;1;2
202400001891;155 778 444;7;0;1;1;1;1
202400001892;155 778 442;7;0;2;2;1;1
202400001892;155 778 443;60;0;2;1;2;5
202400001893;155 778 439;7;0;2;8;22;1
202400001893;155 778 441;80;1;0;1;0;3
202400001894;155 778 438;33;0;2;3;1;1
202400001894;155 778 440;21;0;2;3;15;1
202400001895;155 778 437;10;0;1;1;18;0
202400001896;155 778 436;7;2;0;1;1;1
202400001897;155 778 435;50;0;1;4;25;3
202400001898;155 778 434;17;0;1;2;4;0
202400001899;155 778 433;37;0;1;1;2;1
202400001900;155 778 430;33;0;2;1;17;1
202400001900;155 778 432;7;0;2;3;10;1
202400001901;155 778 428;7;0;2;3;23;1
202400001901;155 778 431;7;0;2;1;1;1
202400001902;155 778 427;50;0;2;1;5;3
202400001902;155 778 429;7;0;2;3;9;1
202400001903;155 778 423;7;0;0;3;15;1
202400001903;155 778 425;33;0;0;1;0;1
202400001904;155 778 424;33;0;2;1;2;1
202400001904;155 778 426;7;0;2;3;10;1
202400001905;155 778 422;7;0;1;3;1;1
202400001906;155 778 420;14;0;1;2;1;1
202400001907;155 778 419;1;0;2;1;1;5
202400001907;155 778 421;10;0;2;8;15;1
202400001908;155 778 416;1;0;2;0;0;5
202400001908;155 778 417;7;0;2;0;0;1
202400001909;155 778 414;43;0;9;2;1;1
202400001909;155 778 418;1;0;2;3;11;5
202400001910;155 778 413;33;0;2;3;18;1
202400001910;155 778 415;1;0;2;7;14;5
202400001911;155 778 412;10;2;0;0;1;1
202400001912;155 778 407;50;0;2;1;1;3
202400001912;155 778 411;7;0;2;7;26;1
202400001913;155 778 409;7;0;2;3;17;1
202400001913;155 778 410;1;0;2;2;17;5
202400001914;155 778 406;30;0;2;8;1;0
202400001914;155 778 408;7;0;2;1;15;1
202400001915;155 778 404;10;0;1;2;16;1
202400001916;155 778 403;30;0;0;0;26;1
202400001917;155 778 402;7;0;2;1;9;2
202400001917;155 778 405;1;0;2;4;12;5
202400001918;155 778 398;33;0;2;8;1;1
202400001918;155 778 401;7;0;2;1;1;2
202400001919;155 778 399;50;0;1;1;25;3
202400001920;155 778 397;43;0;2;1;2;1
202400001920;155 778 400;7;0;2;4;2;1
202400001921;155 778 393;7;0;2;3;15;1
202400001921;155 778 395;30;0;2;0;1;1
202400001922;155 778 392;33;0;2;1;12;1
202400001922;155 778 396;7;0;2;3;1;1
202400001923;155 778 391;33;0;2;1;1;1
202400001923;155 778 394;7;0;2;2;9;1
202400001924;155 778 389;30;0;2;0;9;1
202400001924;155 778 390;7;0;2;0;1;1
202400001925;155 778 387;1;0;2;3;1;5
202400001925;155 778 388;1;0;2;2;14;5
202400001926;155 778 386;7;0;1;2;1;1
202400001927;155 778 383;7;0;2;5;14;2
202400001927;155 778 385;1;0;2;8;1;5
202400001928;155 778 382;7;0;2;1;1;1
202400001928;155 778 384;7;0;2;2;15;1
202400001929;155 778 381;50;0;1;1;5;3
202400001930;155 778 379;33;0;1;1;3;1
202400001931;155 778 378;7;0;2;4;15;1
202400001931;155 778 380;7;0;2;1;1;1
202400001932;155 778 375;7;0;0;0;18;1
202400001932;155 778 377;30;0;0;0;2;3
202400001933;155 778 376;50;0;0;1;1;3
202400001934;155 778 374;1;12;2;3;6;5
202400001935;155 778 373;7;0;1;0;14;0
202400001936;155 778 372;50;0;0;;2;3
202400001937;155 778 370;7;0;2;9;1;1
202400001937;155 778 371;7;0;2;2;19;1
202400001938;155 778 369;7;0;1;2;26;1
202400001939;155 778 367;42;0;1;8;15;0
202400001940;155 778 365;1;0;1;1;1;5
202400001941;155 778 363;2;0;2;1;1;1
202400001941;155 778 364;7;0;2;1;1;1
202400001942;155 778 361;7;0;2;1;1;1
202400001942;155 778 362;7;0;2;5;15;1
202400001943;155 778 360;15;4;0;1;0;1
202400001944;155 778 358;7;0;2;5;23;1
202400001944;155 778 359;1;0;2;1;2;5
202400001945;155 778 354;7;0;2;2;1;1
202400001945;155 778 355;32;0;2;1;25;1
202400001946;155 778 351;7;0;1;2;1;1
202400001947;155 778 352;60;0;2;1;1;5
202400001947;155 778 353;7;0;2;1;13;1
202400001948;155 778 346;7;13;2;8;13;1
202400001948;155 778 349;7;0;2;1;1;1
202400001949;155 778 345;7;0;2;4;1;1
202400001949;155 778 347;7;0;2;4;1;1
202400001949;155 778 348;7;0;2;1;1;1
202400001949;155 778 350;7;0;2;4;1;1
202400001950;155 778 341;7;1;0;2;14;1
202400001950;155 778 343;7;1;2;6;0;1
202400001951;155 778 342;31;0;2;7;17;1
202400001951;155 778 344;7;0;2;8;17;1
202400001952;155 778 339;33;14;0;1;0;1
202400001953;155 778 338;1;0;2;1;1;5
202400001953;155 778 340;7;14;2;2;0;1
202400001954;155 778 337;10;0;2;2;2;1
202400001955;155 778 336;10;0;1;2;2;1
202400001956;155 778 332;10;0;2;1;12;1
202400001956;155 778 334;7;0;0;4;23;1
202400001956;155 778 335;7;0;0;4;0;1
202400001957;155 778 331;7;0;2;1;1;1
202400001957;155 778 333;7;0;2;1;0;1
202400001958;155 778 329;50;0;2;1;0;3
202400001958;155 778 330;7;0;9;1;0;0
202400001959;155 778 327;7;0;0;7;15;2
202400001959;155 778 328;33;0;2;1;1;1
202400001960;155 778 326;33;12;0;3;16;1
202400001961;155 778 323;33;0;2;1;1;0
202400001961;155 778 324;0;0;2;4;18;0
202400001962;155 778 320;7;0;2;4;2;1
202400001962;155 778 321;7;0;2;1;2;1
202400001963;155 778 319;7;0;2;3;1;1
202400001963;155 778 322;7;0;2;2;15;1
202400001963;155 778 325;7;0;0;1;23;3
202400001964;155 778 317;7;0;2;8;15;1
202400001964;155 778 318;7;0;2;3;1;1
202400001965;155 778 315;10;0;0;2;1;1
202400001965;155 778 316;10;0;2;3;1;1
202400001966;155 778 313;7;0;2;7;15;1
202400001966;155 778 314;33;0;2;1;1;1
202400001967;155 778 311;7;0;2;1;17;1
202400001967;155 778 312;7;0;2;1;1;1
202400001968;155 778 310;7;0;1;3;1;1
202400001969;155 778 309;7;0;1;3;9;1
202400001970;155 778 308;32;0;1;1;1;1
202400001971;155 778 306;36;13;0;2;14;1
202400001972;155 778 304;10;0;2;4;2;1
202400001972;155 778 305;10;0;2;4;2;3
202400001972;155 778 307;10;0;2;1;2;1
202400001973;155 778 302;10;0;2;2;5;1
202400001973;155 778 303;43;0;2;1;0;1
202400001974;155 778 300;7;5;0;0;1;1
202400001975;155 778 299;14;0;2;2;17;1
202400001975;155 778 301;1;0;2;8;1;5
202400001976;155 778 298;33;0;0;0;2;1
202400001977;155 778 295;7;15;9;2;13;1
202400001978;155 778 296;7;0;2;8;19;1
202400001978;155 778 297;43;0;2;1;1;1
202400001979;155 778 294;33;0;0;7;15;1
202400001980;155 778 292;31;0;0;0;1;1
202400001981;155 778 289;7;0;2;2;15;1
202400001981;155 778 291;33;0;2;1;1;1
202400001982;155 778 288;7;0;2;2;26;2
202400001982;155 778 290;7;0;2;1;1;1
202400001983;155 778 287;1;0;0;0;1;5
202400001984;155 778 285;1;0;2;1;1;5
202400001984;155 778 286;34;0;2;1;1;1
202400001985;155 778 283;7;0;0;3;9;1
202400001985;155 778 284;2;0;0;1;1;1
202400001986;155 778 282;15;0;1;4;4;1
202400001987;155 778 280;7;0;2;1;1;1
202400001987;155 778 281;7;0;2;4;1;1
202400001988;155 778 279;10;0;1;3;1;1
202400001989;155 778 277;7;0;2;3;13;1
202400001989;155 778 278;7;0;2;3;1;1
202400001990;155 778 275;1;0;2;7;0;5
202400001990;155 778 276;7;0;9;1;0;1
202400001991;155 778 274;2;0;1;2;17;1
202400001992;155 778 272;33;0;2;1;17;1
202400001992;155 778 273;32;0;2;8;15;1
202400001993;155 778 270;7;0;2;2;12;1
202400001993;155 778 271;33;0;2;8;0;1
202400001994;155 778 267;10;0;2;1;19;1
202400001994;155 778 268;7;0;2;1;1;1
202400001994;155 778 269;7;0;2;7;1;1
202400001995;155 778 266;7;0;1;3;1;1
202400001996;155 778 264;7;0;2;2;15;1
202400001996;155 778 265;7;0;2;1;1;1
202400001997;155 778 263;33;6;0;2;17;1
202400001998;155 778 262;7;6;0;1;1;1
202400001999;155 778 261;1;0;0;9;0;5
202400002000;155 778 260;7;13;0;3;1;1
202400002001;155 778 258;7;0;2;7;17;1
202400002001;155 778 259;7;0;2;1;1;1
202400002002;155 778 256;10;0;0;3;19;1
202400002002;155 778 257;7;0;2;1;1;1
202400002003;155 778 253;7;0;2;3;5;1
202400002003;155 778 254;7;0;2;1;1;1
202400002004;155 778 252;7;0;2;7;17;1
202400002004;155 778 255;1;0;2;8;1;5
202400002005;155 778 251;7;0;1;3;2;1
202400002006;155 778 250;7;2;0;7;1;1
202400002007;155 778 248;7;2;0;1;1;1
202400002008;155 778 247;50;0;2;3;5;3
202400002008;155 778 249;7;0;2;2;1;1
202400002009;155 778 243;7;0;2;3;13;1
202400002009;155 778 244;7;0;2;3;1;1
202400002010;155 778 242;7;0;2;1;5;1
202400002010;155 778 245;33;0;2;3;1;1
202400002010;155 778 246;7;0;2;1;1;1
202400002011;155 778 240;7;1;0;3;10;1
202400002011;155 778 241;31;0;0;1;17;1
202400002012;155 778 239;1;0;1;1;1;5
202400002013;155 778 235;7;0;9;7;1;1
202400002013;155 778 237;50;0;2;1;19;3
202400002014;155 778 234;7;0;2;6;1;1
202400002014;155 778 236;7;3;2;1;5;1
202400002014;155 778 238;7;0;2;1;1;2
202400002015;155 778 232;7;0;2;1;1;1
202400002015;155 778 233;10;0;2;3;15;1
202400002016;155 778 228;33;0;2;1;13;1
202400002016;155 778 230;7;0;2;3;1;1
202400002017;155 778 229;31;7;0;1;14;1
202400002018;155 778 226;7;13;0;1;0;1
202400002019;155 778 222;34;0;2;3;26;1
202400002019;155 778 224;10;0;2;1;26;1
202400002020;155 778 221;7;0;2;4;2;1
202400002020;155 778 223;7;0;2;4;2;1
202400002020;155 778 225;7;0;2;4;2;1
202400002020;155 778 227;7;0;2;4;2;2
202400002021;155 778 220;7;2;0;8;14;1
202400002022;155 778 219;33;0;0;8;0;1
202400002023;155 778 218;7;0;2;1;13;1
202400002024;155 778 215;7;0;0;6;15;1
202400002024;155 778 217;33;0;2;1;11;1
202400002025;155 778 214;7;0;2;2;2;0
202400002025;155 778 216;33;0;2;1;3;1
202400002026;155 778 213;7;16;6;1;0;1
202400002027;155 778 212;7;4;0;1;13;1
202400002028;155 778 209;7;0;2;1;2;1
202400002028;155 778 211;7;0;0;6;2;1
202400002029;155 778 207;10;0;2;1;2;1
202400002029;155 778 208;7;0;2;4;2;1
202400002029;155 778 210;7;0;2;1;21;1
202400002030;155 778 206;7;15;0;1;1;1
202400002031;155 778 204;2;1;0;1;1;1
202400002032;155 778 201;7;3;0;8;13;1
202400002033;155 778 202;43;0;2;1;3;1
202400002033;155 778 203;7;0;2;7;1;1
202400002033;155 778 205;7;0;2;5;14;3
202400002034;155 778 200;7;2;0;1;1;1
202400002035;155 778 199;33;3;0;8;1;1
202400002036;155 778 196;7;0;2;1;1;1
202400002036;155 778 198;7;0;0;4;1;1
202400002037;155 778 195;7;0;2;1;1;1
202400002037;155 778 197;7;0;2;4;1;1
202400002038;155 778 194;7;0;1;2;1;1
202400002039;155 778 192;7;0;2;6;0;1
202400002039;155 778 193;43;0;2;3;1;1
202400002040;155 778 190;33;0;2;1;2;1
202400002040;155 778 191;7;0;2;4;2;1
202400002041;155 778 189;30;0;0;3;1;1
202400002042;155 778 188;31;0;1;1;26;3
202400002043;155 778 185;43;0;2;1;11;1
202400002043;155 778 186;10;0;2;6;23;1
202400002043;155 778 187;7;0;2;6;23;1
202400002044;155 778 184;31;0;1;7;14;1
202400002045;155 778 179;7;0;2;3;2;1
202400002045;155 778 181;7;0;2;5;2;1
202400002045;155 778 182;7;0;2;1;2;1
202400002045;155 778 183;7;0;0;0;0;0
202400002046;155 778 178;10;0;2;7;23;1
202400002046;155 778 180;2;0;2;2;18;1
202400002047;155 778 175;10;0;1;3;19;0
202400002048;155 778 174;7;0;2;4;23;1
202400002048;155 778 176;7;0;2;1;1;1
202400002048;155 778 177;7;1;0;4;23;1
202400002049;155 778 171;7;0;2;1;1;1
202400002049;155 778 173;7;0;2;4;1;2
202400002050;155 778 172;7;0;1;3;26;1
202400002051;155 778 167;7;0;2;4;23;1
202400002051;155 778 168;10;0;2;4;23;1
202400002051;155 778 170;7;0;2;1;1;1
202400002052;155 778 166;7;0;2;1;1;1
202400002052;155 778 169;7;0;2;2;9;1
202400002053;155 778 164;33;0;2;7;12;1
202400002053;155 778 165;7;0;2;6;1;1
202400002054;155 778 162;33;0;2;8;9;1
202400002054;155 778 163;32;0;2;1;17;1
202400002055;155 778 157;7;0;2;3;1;1
202400002055;155 778 159;7;0;2;4;1;1
202400002055;155 778 160;7;0;2;4;1;1
202400002055;155 778 161;7;0;2;4;1;1
202400002056;155 778 155;7;0;2;3;2;1
202400002056;155 778 156;34;0;2;1;3;1
202400002056;155 778 158;7;0;2;3;9;2
202400002057;155 778 153;7;0;2;1;1;1
202400002057;155 778 154;7;0;2;4;1;2
202400002058;155 778 152;7;0;1;2;1;1
202400002059;155 778 150;7;0;2;2;12;2
202400002059;155 778 151;7;0;2;6;1;2
202400002060;155 778 149;38;0;1;3;1;1
202400002061;155 778 147;10;0;2;5;21;1
202400002061;155 778 148;33;0;2;1;1;1
202400002062;155 778 145;7;3;0;3;1;1
202400002063;155 778 144;3;0;9;1;1;0
202400002063;155 778 146;7;0;9;2;14;1
202400002064;155 778 142;7;0;2;6;1;1
202400002064;155 778 143;33;0;2;1;11;1
202400002065;155 778 141;10;0;1;7;26;3
202400002066;155 778 138;10;0;1;2;14;1
202400002067;155 778 139;31;0;2;1;3;1
202400002067;155 778 140;7;0;2;8;0;3
202400002068;155 778 137;43;1;1;0;20;1
202400002069;155 778 135;7;0;2;1;2;1
202400002069;155 778 136;7;0;2;4;2;2
202400002070;155 778 133;7;0;1;1;1;1
202400002071;155 778 131;7;0;2;3;11;1
202400002071;155 778 132;33;0;2;0;1;1
202400002071;155 778 134;7;0;2;4;1;1
202400002072;155 778 127;15;0;2;1;1;1
202400002072;155 778 129;7;0;2;6;11;3
202400002073;155 778 128;7;0;9;3;1;1
202400002073;155 778 130;50;0;2;1;5;3
202400002074;155 778 125;10;1;0;1;1;3
202400002075;155 778 124;15;0;2;3;2;1
202400002075;155 778 126;1;0;2;0;0;5
202400002076;155 778 122;31;12;0;0;14;1
202400002077;155 778 123;7;0;2;3;17;1
202400002078;155 778 120;7;8;0;0;16;1
202400002079;155 778 119;30;0;2;1;17;1
202400002079;155 778 121;7;0;2;3;1;1
202400002080;155 778 116;7;16;2;9;13;1
202400002080;155 778 118;7;0;2;1;1;1
202400002081;155 778 115;50;0;2;1;8;3
202400002081;155 778 117;33;0;2;3;0;0
202400002082;155 778 112;30;0;2;0;0;1
202400002082;155 778 114;10;0;2;0;0;1
202400002083;155 778 111;2;0;2;7;1;1
202400002083;155 778 113;7;0;2;1;15;1
202400002084;155 778 109;7;0;2;4;1;1
202400002084;155 778 110;7;0;2;1;2;2
202400002085;155 778 108;30;0;1;1;13;0
202400002086;155 778 105;80;1;2;2;26;3
202400002086;155 778 107;7;0;9;3;23;2
202400002087;155 778 104;7;0;2;1;0;1
202400002087;155 778 106;7;0;2;0;26;2
202400002088;155 778 102;7;0;1;1;1;1
202400002089;155 778 101;7;0;2;0;0;1
202400002089;155 778 103;31;0;2;1;1;1
202400002090;155 778 097;7;0;1;1;1;1
202400002091;155 778 096;7;0;2;1;2;1
202400002091;155 778 098;7;0;2;4;2;1
202400002091;155 778 099;7;0;2;4;2;1
202400002091;155 778 100;7;0;2;4;2;2
202400002092;155 778 092;32;0;2;1;1;1
202400002092;155 778 093;7;0;2;2;16;1
202400002093;155 778 094;10;0;2;7;22;1
202400002093;155 778 095;50;0;2;1;1;3
202400002094;155 778 091;7;8;0;1;14;1
202400002095;155 778 089;7;0;1;2;26;1
202400002096;155 778 088;7;0;2;1;1;1
202400002096;155 778 090;7;0;2;3;1;1
202400002097;155 778 086;7;0;1;2;9;1
202400002098;155 778 085;30;0;2;3;13;1
202400002098;155 778 087;10;0;2;8;1;1
202400002099;155 778 084;7;0;1;2;1;2
202400002100;155 778 082;37;0;2;3;0;1
202400002100;155 778 083;10;0;2;2;2;1
202400002101;155 778 077;7;0;1;1;1;0
202400002102;155 778 076;7;0;0;0;0;1
202400002102;155 778 079;7;0;0;0;0;1
202400002102;155 778 081;7;0;0;0;0;1
202400002103;155 778 078;7;0;2;3;15;2
202400002103;155 778 080;33;0;2;7;1;1
202400002104;155 778 075;7;0;9;3;9;1
202400002105;155 778 072;7;0;2;1;0;0
202400002105;155 778 074;7;0;2;1;13;0
202400002106;155 778 071;7;0;2;1;1;1
202400002106;155 778 073;7;0;2;2;1;1
202400002107;155 778 070;7;2;0;1;2;0
202400002108;155 778 069;7;0;1;3;1;2
202400002109;155 778 068;7;0;1;2;1;2
202400002110;155 778 066;7;0;1;1;1;0
202400002111;155 778 067;3;0;1;0;26;1
202400002112;155 778 064;33;0;2;2;3;1
202400002112;155 778 065;10;0;2;3;10;1
202400002113;155 778 062;7;0;1;1;1;1
202400002114;155 778 060;14;0;2;2;1;1
202400002114;155 778 063;7;0;2;6;1;1
202400002115;155 778 059;10;0;2;7;2;1
202400002115;155 778 061;13;0;2;8;2;1
202400002116;155 778 058;7;0;1;1;0;1
202400002117;155 778 055;30;0;2;1;2;1
202400002117;155 778 056;7;0;2;5;1;1
202400002118;155 778 054;7;9;1;2;1;1
202400002119;155 778 053;7;0;2;7;1;1
202400002119;155 778 057;1;0;2;1;19;5
202400002120;155 778 052;34;6;0;1;26;1
202400002121;155 778 049;7;0;2;1;2;0
202400002121;155 778 050;7;0;2;4;1;1
202400002122;155 778 048;7;0;2;1;1;1
202400002122;155 778 051;7;1;2;0;13;1
202400002123;155 778 044;7;0;2;2;1;1
202400002123;155 778 046;33;0;2;1;1;1
202400002124;155 778 045;7;0;2;4;2;0
202400002124;155 778 047;34;0;2;1;2;0
202400002125;155 778 039;7;0;2;6;20;1
202400002125;155 778 041;7;0;2;3;2;1
202400002126;155 778 040;7;0;2;3;19;1
202400002126;155 778 043;33;0;2;1;1;1
202400002127;155 778 038;7;8;2;3;1;1
202400002127;155 778 042;7;0;2;1;15;1
202400002128;155 778 035;7;0;2;2;16;2
202400002128;155 778 037;50;0;2;7;5;3
202400002129;155 778 034;50;0;2;3;1;3
202400002129;155 778 036;7;0;2;3;9;1
202400002130;155 778 032;32;0;2;1;1;1
202400002130;155 778 033;7;0;2;2;0;1
202400002131;155 778 030;1;0;1;1;0;5
202400002132;155 778 031;7;0;1;1;1;1
202400002133;155 778 028;2;0;2;1;2;1
202400002133;155 778 029;7;0;2;6;2;1
202400002134;155 778 025;10;0;2;1;15;1
202400002134;155 778 027;10;12;0;3;2;1
202400002135;155 778 026;10;0;1;3;1;1
202400002136;155 778 024;50;0;1;1;1;3
202400002137;155 778 021;7;0;1;1;14;3
202400002138;155 778 020;2;0;2;1;21;1
202400002138;155 778 023;7;0;2;1;1;0
202400002139;155 778 019;7;0;2;3;13;1
202400002139;155 778 022;7;0;2;3;1;1
202400002140;155 778 015;7;0;2;4;15;1
202400002140;155 778 017;32;0;2;1;2;1
202400002141;155 778 010;7;0;2;1;2;1
202400002141;155 778 013;7;0;2;2;14;1
202400002142;155 778 009;7;0;2;3;16;1
202400002142;155 778 012;1;0;2;1;19;5
202400002143;155 778 008;1;0;2;1;14;5
202400002143;155 778 011;7;0;2;3;13;1
202400002144;155 778 006;2;0;2;1;14;1
202400002144;155 778 007;7;0;2;7;23;1
202400002145;155 778 004;7;0;1;2;15;1
202400002146;155 778 001;50;0;2;1;13;3
202400002146;155 778 003;7;0;2;3;1;1
202400002146;155 778 005;7;0;2;3;1;1
202400002147;155 777 999;10;0;1;1;1;1
202400002148;155 777 998;7;0;1;3;1;1
202400002149;155 777 996;7;0;2;1;1;1
202400002149;155 777 997;7;0;2;7;17;1
202400002150;155 777 994;1;0;0;0;1;5
202400002151;155 777 993;10;0;2;8;15;1
202400002151;155 777 995;33;0;2;1;17;1
202400002152;155 777 991;7;0;2;2;1;1
202400002152;155 777 992;50;0;2;2;19;3
202400002153;155 777 988;7;0;1;1;18;1
202400002154;155 777 989;7;2;0;1;14;1
202400002155;155 777 987;30;0;2;3;17;1
202400002155;155 777 990;30;0;2;8;1;1
202400002156;155 777 984;7;0;2;0;0;1
202400002156;155 777 986;2;0;0;0;1;1
202400002157;155 777 980;50;14;0;1;1;3
202400002158;155 777 979;10;0;2;1;2;3
202400002158;155 777 982;10;0;2;4;2;1
202400002158;155 777 983;7;0;2;1;2;1
202400002159;155 777 977;7;1;0;1;1;1
202400002160;155 777 976;7;0;2;3;13;1
202400002160;155 777 978;7;0;2;3;1;1
202400002160;155 777 981;7;0;2;6;1;1
202400002160;155 777 985;33;0;2;1;1;1
202400002161;155 777 975;7;0;1;1;26;1
202400002162;155 777 974;33;12;0;1;15;1
202400002163;155 777 972;34;0;5;1;1;1
202400002164;155 777 970;7;0;2;1;1;1
202400002165;155 777 968;7;0;2;2;19;1
202400002165;155 777 969;33;0;2;1;1;1
202400002166;155 777 967;80;14;0;1;1;3
202400002167;155 777 966;7;12;2;1;21;1
202400002168;155 777 965;7;0;1;2;26;0
202400002169;155 777 963;7;0;1;1;1;1
202400002170;155 777 962;7;0;4;2;0;1
202400002170;155 777 964;39;0;2;3;1;3
202400002171;155 777 960;7;0;1;2;2;1
202400002172;155 777 959;33;0;2;1;2;1
202400002172;155 777 961;7;0;2;8;15;2
202400002173;155 777 958;2;0;5;1;1;1
202400002174;155 777 956;30;0;2;1;13;1
202400002174;155 777 957;7;0;2;1;13;1
202400002175;155 777 954;7;2;0;2;14;1
202400002176;155 777 951;7;0;2;6;15;1
202400002176;155 777 953;7;0;2;1;9;1
202400002176;155 777 955;3;0;2;1;9;1
202400002177;155 777 949;1;0;2;8;19;5
202400002177;155 777 952;7;0;2;1;1;1
202400002178;155 777 950;7;8;0;0;1;1
202400002179;155 777 947;1;0;2;3;9;5
202400002179;155 777 948;7;0;9;1;9;0
202400002180;155 777 944;7;0;1;3;14;1
202400002181;155 777 943;7;0;2;4;2;1
202400002181;155 777 945;7;0;2;1;2;1
202400002181;155 777 946;7;0;2;4;2;1
202400002182;155 777 941;50;0;2;4;1;3
202400002182;155 777 942;1;0;2;4;17;5
202400002183;155 777 937;7;0;1;1;16;1
202400002184;155 777 935;1;0;2;8;16;5
202400002184;155 777 938;37;0;2;2;16;1
202400002185;155 777 936;10;0;0;4;23;1
202400002185;155 777 939;7;0;0;4;23;3
202400002185;155 777 940;7;0;2;1;1;1
202400002186;155 777 933;7;0;2;2;1;1
202400002186;155 777 934;7;0;2;6;1;1
202400002187;155 777 931;7;3;0;2;1;1
202400002188;155 777 930;30;0;2;1;1;1
202400002188;155 777 932;7;0;2;2;15;1
202400002189;155 777 926;7;0;2;8;15;1
202400002189;155 777 929;33;0;2;1;1;1
202400002190;155 777 925;7;0;2;7;14;1
202400002190;155 777 927;80;0;2;8;1;2
202400002191;155 777 924;7;0;2;8;19;1
202400002191;155 777 928;7;0;2;1;1;1
202400002192;155 777 921;10;0;1;4;4;1
202400002193;155 777 922;7;1;2;2;1;1
202400002193;155 777 923;7;0;2;3;1;1
202400002194;155 777 919;80;0;2;1;1;3
202400002194;155 777 920;7;0;2;6;9;1
202400002195;155 777 914;7;0;2;4;23;4
202400002195;155 777 916;7;0;2;4;23;1
202400002195;155 777 918;7;0;2;1;2;1
202400002196;155 777 915;7;0;2;2;15;1
202400002196;155 777 917;1;0;2;1;1;5
202400002197;155 777 912;7;0;2;1;5;1
202400002197;155 777 913;7;0;2;3;1;1
202400002198;155 777 911;7;0;0;4;13;1
202400002199;155 777 909;7;0;2;7;15;1
202400002199;155 777 910;2;0;2;1;18;1
202400002200;155 777 907;7;6;0;1;1;1
202400002201;155 777 905;7;0;2;3;15;1
202400002201;155 777 908;10;0;2;2;9;1
202400002202;155 777 903;33;13;0;1;1;1
202400002203;155 777 904;7;0;2;0;1;1
202400002203;155 777 906;7;0;2;7;19;1
202400002204;155 777 900;1;0;2;8;1;5
202400002204;155 777 902;7;0;2;2;1;2
202400002205;155 777 899;7;0;2;1;1;0
202400002205;155 777 901;10;8;2;3;1;1
202400002206;155 777 898;7;1;0;2;14;1
202400002207;155 777 896;7;0;2;4;4;1
202400002207;155 777 897;7;0;2;1;23;1
202400002208;155 777 894;7;0;1;1;26;1
202400002209;155 777 893;7;0;1;1;15;1
202400002210;155 777 890;7;0;2;1;2;0
202400002210;155 777 892;2;0;2;4;2;1
202400002211;155 777 888;7;0;0;1;1;1