Num_Acc;id_vehicule;categorie_vehicule;obstacle_fixe;obstacle_mobile;point_choc_initial;manoeuvre_principale;motorisation
202400002211;155 777 891;50;0;2;8;1;3
202400002212;155 777 887;1;0;2;4;1;5
202400002212;155 777 889;7;0;2;0;1;0
202400002213;155 777 884;7;0;2;3;9;1
202400002213;155 777 886;2;12;2;7;9;1
202400002214;155 777 885;7;0;1;1;26;1
202400002215;155 777 883;7;0;1;2;16;1
202400002216;155 777 882;2;0;0;8;1;1
202400002217;155 777 879;7;0;0;1;1;1
202400002218;155 777 878;50;0;2;1;1;3
202400002218;155 777 881;7;0;2;2;16;1
202400002219;155 777 877;7;0;2;1;1;1
202400002219;155 777 880;7;0;2;4;1;1
202400002220;155 777 874;7;0;2;3;5;1
202400002220;155 777 876;10;0;2;3;2;1
202400002221;155 777 873;7;0;1;1;1;1
202400002222;155 777 872;7;0;2;1;1;1
202400002222;155 777 875;1;0;2;8;1;5
202400002223;155 777 870;7;0;2;1;1;1
202400002223;155 777 871;7;2;0;4;11;1
202400002224;155 777 869;7;1;0;8;1;1
202400002225;155 777 867;30;0;2;1;1;1
202400002225;155 777 868;7;0;2;3;9;1
202400002226;155 777 866;7;13;0;1;26;1
202400002227;155 777 864;3;0;9;1;17;0
202400002227;155 777 865;60;0;2;1;1;0
202400002228;155 777 863;7;0;1;1;15;1
202400002229;155 777 860;2;8;2;2;2;1
202400002229;155 777 862;7;0;2;3;15;1
202400002230;155 777 859;50;0;2;1;1;3
202400002230;155 777 861;7;0;2;3;1;1
202400002231;155 777 857;7;2;0;2;26;1
202400002232;155 777 854;14;0;2;3;15;1
202400002232;155 777 856;7;0;2;8;1;1
202400002233;155 777 851;7;0;2;2;1;1
202400002233;155 777 853;7;0;2;2;9;1
202400002233;155 777 855;7;0;2;1;1;2
202400002234;155 777 848;7;0;2;3;13;2
202400002234;155 777 850;7;0;2;3;1;1
202400002234;155 777 852;7;0;2;1;2;1
202400002235;155 777 847;30;0;2;7;26;1
202400002235;155 777 849;7;0;2;1;11;0
202400002236;155 777 846;3;0;1;1;15;1
202400002237;155 777 842;1;0;2;1;1;5
202400002237;155 777 844;1;0;2;1;1;5
202400002238;155 777 838;7;0;2;1;2;1
202400002238;155 777 840;7;0;2;4;2;1
202400002238;155 777 841;10;0;2;1;2;1
202400002239;155 777 837;10;0;2;6;1;0
202400002239;155 777 839;7;0;2;1;5;1
202400002239;155 777 843;10;0;2;1;1;1
202400002239;155 777 845;7;0;2;1;1;1
202400002240;155 777 835;7;0;2;5;15;1
202400002240;155 777 836;2;0;2;1;1;3
202400002241;155 777 833;7;14;0;1;26;1
202400002242;155 777 832;7;2;0;0;0;1
202400002242;155 777 834;7;2;0;0;0;1
202400002243;155 777 831;7;12;0;2;9;1
202400002244;155 777 829;10;0;1;3;1;1
202400002245;155 777 828;7;0;2;3;1;1
202400002245;155 777 830;32;0;2;1;17;1
202400002246;155 777 826;7;0;2;4;1;1
202400002246;155 777 827;32;0;2;1;1;1
202400002247;155 777 823;7;0;2;6;2;1
202400002247;155 777 825;7;0;2;2;2;1
202400002248;155 777 822;7;0;2;3;1;1
202400002248;155 777 824;10;0;2;1;5;1
202400002249;155 777 820;2;0;2;1;2;1
202400002250;155 777 818;7;0;2;1;9;1
202400002250;155 777 821;10;0;2;7;1;1
202400002251;155 777 816;7;0;2;4;1;1
202400002251;155 777 817;7;0;2;4;1;1
202400002251;155 777 819;7;0;2;1;1;1
202400002252;155 777 815;2;9;0;2;14;1
202400002253;155 777 813;7;0;2;1;2;1
202400002253;155 777 814;7;0;2;4;2;1
202400002254;155 777 812;1;0;0;0;1;5
202400002255;155 777 809;10;0;2;6;0;1
202400002255;155 777 811;7;0;2;2;0;1
202400002256;155 777 808;15;0;2;5;12;1
202400002256;155 777 810;7;0;2;3;1;1
202400002257;155 777 805;13;0;2;1;15;1
202400002257;155 777 806;33;0;2;2;1;1
202400002257;155 777 807;33;0;2;8;1;1
202400002258;155 777 804;34;4;0;7;2;1
202400002259;155 777 800;7;4;0;1;26;1
202400002260;155 777 799;7;0;2;1;2;1
202400002260;155 777 801;7;0;2;4;1;1
202400002261;155 777 797;7;0;2;6;10;1
202400002261;155 777 798;33;0;2;1;2;1
202400002262;155 777 792;7;0;2;1;1;1
202400002262;155 777 794;7;0;2;9;12;1
202400002262;155 777 796;7;0;2;4;23;6
202400002263;155 777 791;7;0;2;7;15;1
202400002263;155 777 795;10;0;2;2;1;1
202400002264;155 777 790;7;0;2;2;16;1
202400002264;155 777 793;1;0;2;1;1;5
202400002265;155 777 789;7;0;0;9;1;1
202400002266;155 777 786;10;0;2;3;15;3
202400002266;155 777 787;32;0;2;6;15;1
202400002267;155 777 785;7;0;2;0;1;1
202400002267;155 777 788;15;0;2;0;0;1
202400002268;155 777 783;7;0;2;3;15;1
202400002268;155 777 784;2;0;2;7;17;1
202400002269;155 777 782;7;4;0;1;0;1
202400002270;155 777 779;7;0;1;3;1;1
202400002271;155 777 776;7;0;2;3;11;1
202400002271;155 777 778;7;0;2;5;1;2
202400002271;155 777 780;10;0;2;6;1;1
202400002271;155 777 781;43;0;2;0;3;1
202400002272;155 777 774;7;0;2;1;19;1
202400002272;155 777 775;1;0;2;5;19;5
202400002273;155 777 773;7;1;0;1;1;1
202400002274;155 777 771;33;0;2;8;3;1
202400002274;155 777 772;7;0;2;2;12;1
202400002275;155 777 769;1;0;2;1;1;5
202400002275;155 777 770;7;0;9;3;15;1
202400002276;155 777 768;30;0;1;1;16;3
202400002277;155 777 766;7;0;2;5;12;1
202400002277;155 777 767;33;0;2;5;0;1
202400002278;155 777 764;37;0;1;2;1;1
202400002279;155 777 763;7;0;2;3;9;0
202400002279;155 777 765;32;0;2;7;15;1
202400002280;155 777 761;43;0;2;8;13;1
202400002280;155 777 762;14;0;2;7;2;1
202400002281;155 777 759;7;0;9;5;16;1
202400002281;155 777 760;50;0;2;1;1;3
202400002282;155 777 756;7;0;2;2;17;1
202400002282;155 777 758;7;0;2;3;15;1
202400002283;155 777 755;33;0;2;3;3;1
202400002283;155 777 757;7;0;2;5;1;1
202400002284;155 777 753;7;0;2;2;2;1
202400002284;155 777 754;7;0;2;6;2;1
202400002285;155 777 752;50;0;1;1;5;3
202400002286;155 777 750;33;0;2;8;3;1
202400002286;155 777 751;7;0;2;2;12;1
202400002287;155 777 748;7;0;2;3;13;1
202400002287;155 777 749;7;0;2;3;0;1
202400002288;155 777 747;7;0;1;1;1;1
202400002289;155 777 744;7;0;2;4;1;1
202400002289;155 777 746;33;0;2;1;3;1
202400002290;155 777 743;10;0;1;1;1;1
202400002291;155 777 742;7;0;2;1;15;1
202400002291;155 777 745;7;0;2;1;1;1
202400002292;155 777 740;7;3;0;2;1;1
202400002293;155 777 738;2;0;2;2;0;1
202400002293;155 777 741;32;0;2;1;0;1
202400002294;155 777 737;10;0;2;1;16;1
202400002294;155 777 739;10;0;2;1;1;1
202400002295;155 777 735;30;0;0;7;26;1
202400002296;155 777 734;7;0;2;5;1;1
202400002296;155 777 736;33;0;2;1;3;1
202400002297;155 777 732;10;0;2;7;17;1
202400002297;155 777 733;7;0;2;3;1;1
202400002298;155 777 731;1;8;0;1;2;5
202400002299;155 777 730;10;0;1;1;0;1
202400002300;155 777 728;7;0;2;1;2;1
202400002300;155 777 729;10;0;2;4;1;3
202400002301;155 777 726;10;0;2;2;0;1
202400002301;155 777 727;7;0;2;4;2;1
202400002302;155 777 721;10;0;2;1;15;1
202400002302;155 777 723;2;0;2;8;1;1
202400002303;155 777 720;33;0;2;1;1;1
202400002303;155 777 722;7;0;2;4;1;1
202400002304;155 777 716;80;0;2;3;11;3
202400002304;155 777 717;7;0;9;2;17;1
202400002305;155 777 715;7;9;1;1;14;2
202400002306;155 777 710;10;0;2;1;15;1
202400002306;155 777 712;1;0;2;1;1;5
202400002307;155 777 711;10;0;2;5;23;2
202400002307;155 777 713;10;0;2;6;23;1
202400002307;155 777 714;2;0;2;1;1;3
202400002308;155 777 709;37;0;1;1;1;2
202400002309;155 777 705;7;0;2;3;1;1
202400002309;155 777 708;7;0;2;1;14;1
202400002310;155 777 703;7;0;2;8;26;1
202400002310;155 777 706;7;0;2;7;12;1
202400002311;155 777 701;34;0;2;2;17;1
202400002311;155 777 704;7;0;2;3;15;1
202400002312;155 777 700;33;0;2;1;2;1
202400002312;155 777 702;7;0;2;2;15;1
202400002313;155 777 696;1;0;2;1;5;5
202400002313;155 777 698;1;0;2;1;1;5
202400002314;155 777 697;33;0;2;2;17;1
202400002314;155 777 699;7;0;2;1;15;1
202400002315;155 777 693;7;0;2;4;2;1
202400002315;155 777 694;7;0;2;1;2;1
202400002315;155 777 695;7;0;2;4;2;1
202400002316;155 777 691;33;0;1;1;1;1
202400002317;155 777 690;33;0;2;4;0;1
202400002317;155 777 692;7;0;2;1;26;1
202400002318;155 777 689;10;1;2;2;14;1
202400002319;155 777 687;10;0;1;1;1;1
202400002320;155 777 688;2;0;0;3;26;1
202400002321;155 777 685;50;0;2;1;2;3
202400002321;155 777 686;7;0;9;2;16;1
202400002322;155 777 682;80;0;2;2;10;3
202400002322;155 777 684;32;0;2;1;1;3
202400002323;155 777 681;7;0;2;4;0;1
202400002323;155 777 683;33;0;2;1;2;1
202400002324;155 777 680;37;0;1;7;16;2
202400002325;155 777 674;7;0;2;7;17;1
202400002325;155 777 677;7;0;2;8;1;1
202400002326;155 777 675;1;0;2;1;1;5
202400002326;155 777 679;50;0;2;8;15;3
202400002327;155 777 672;7;0;2;4;2;1
202400002327;155 777 676;13;1;0;1;2;1
202400002327;155 777 678;7;0;2;4;2;1
202400002328;155 777 671;7;0;2;3;15;2
202400002328;155 777 673;30;0;2;0;0;1
202400002329;155 777 668;10;0;2;1;2;1
202400002329;155 777 670;7;0;2;4;2;1
202400002330;155 777 669;1;0;1;6;9;5
202400002331;155 777 667;7;0;1;7;1;1
202400002332;155 777 666;7;4;0;1;13;1
202400002333;155 777 661;7;0;2;6;1;2
202400002333;155 777 663;7;0;2;7;12;2
202400002333;155 777 665;34;0;2;1;3;1
202400002334;155 777 662;1;0;2;6;12;5
202400002334;155 777 664;32;0;0;6;1;1
202400002335;155 777 659;7;0;1;2;1;2
202400002336;155 777 658;7;0;2;6;11;1
202400002336;155 777 660;7;0;2;2;12;1
202400002337;155 777 656;30;0;0;1;3;2
202400002338;155 777 657;10;0;1;2;1;1
202400002339;155 777 654;7;0;2;7;15;2
202400002339;155 777 655;80;0;2;3;1;3
202400002340;155 777 649;7;0;2;2;15;1
202400002340;155 777 653;2;0;2;1;1;1
202400002341;155 777 647;50;0;2;4;1;3
202400002341;155 777 652;7;0;2;1;1;1
202400002342;155 777 645;7;0;2;3;15;3
202400002342;155 777 648;31;0;2;3;15;1
202400002343;155 777 646;33;0;2;1;1;1
202400002343;155 777 650;33;0;2;1;1;1
202400002343;155 777 651;37;0;2;6;1;0
202400002344;155 777 644;33;4;0;3;1;1
202400002345;155 777 642;10;0;2;1;15;0
202400002345;155 777 643;10;0;2;3;1;0
202400002346;155 777 640;50;0;2;8;19;3
202400002346;155 777 641;7;0;2;2;1;2
202400002347;155 777 639;10;0;1;1;1;1
202400002348;155 777 638;1;0;1;1;19;5
202400002349;155 777 635;10;0;2;2;15;1
202400002349;155 777 637;1;0;2;3;1;5
202400002350;155 777 631;7;0;2;1;15;1
202400002350;155 777 636;10;0;2;5;1;1
202400002351;155 777 630;34;0;2;4;2;1
202400002351;155 777 633;7;0;2;0;0;0
202400002352;155 777 632;7;0;2;2;15;1
202400002352;155 777 634;7;0;2;1;1;1
202400002353;155 777 627;1;2;0;1;14;5
202400002354;155 777 625;33;0;2;4;12;1
202400002354;155 777 628;7;0;2;1;2;1
202400002355;155 777 624;10;12;2;4;2;1
202400002355;155 777 626;7;12;2;1;2;1
202400002356;155 777 623;31;0;2;3;23;1
202400002356;155 777 629;1;0;2;1;1;5
202400002357;155 777 622;7;1;0;1;14;1
202400002358;155 777 621;7;0;1;3;26;3
202400002359;155 777 620;7;10;0;4;10;1
202400002360;155 777 617;33;0;2;1;1;1
202400002360;155 777 619;10;0;2;5;15;3
202400002361;155 777 616;33;0;2;2;1;1
202400002361;155 777 618;7;0;2;3;23;1
202400002362;155 777 613;37;0;2;5;16;6
202400002362;155 777 615;7;0;2;3;0;1
202400002363;155 777 610;7;0;2;1;15;1
202400002363;155 777 614;7;0;2;1;1;3
202400002364;155 777 611;32;4;0;3;17;1
202400002365;155 777 609;7;0;2;1;21;1
202400002365;155 777 612;10;0;2;6;24;1
202400002366;155 777 608;7;0;1;2;19;1
202400002367;155 777 604;7;0;2;3;15;1
202400002367;155 777 607;80;0;2;1;1;3
202400002368;155 777 605;1;0;1;1;1;5
202400002369;155 777 602;7;0;2;3;22;0
202400002369;155 777 603;1;1;2;2;1;5
202400002370;155 777 601;7;0;2;8;10;2
202400002370;155 777 606;7;0;2;1;0;2
202400002371;155 777 599;7;6;0;1;1;1
202400002372;155 777 597;7;0;1;4;4;1
202400002373;155 777 598;80;0;2;1;5;3
202400002373;155 777 600;33;0;2;5;4;1
202400002374;155 777 596;10;1;0;1;1;3
202400002375;155 777 593;7;0;2;5;15;1
202400002375;155 777 595;32;0;2;1;1;1
202400002376;155 777 594;10;0;1;2;16;1
202400002377;155 777 591;7;0;1;1;1;2
202400002378;155 777 590;1;0;2;5;2;5
202400002378;155 777 592;10;0;2;0;1;0
202400002379;155 777 589;7;1;0;1;1;1
202400002380;155 777 588;1;0;0;0;1;5
202400002381;155 777 586;7;0;1;1;15;1
202400002382;155 777 583;33;1;2;7;1;0
202400002382;155 777 585;7;0;2;7;1;2
202400002382;155 777 587;7;0;2;1;0;1
202400002383;155 777 582;2;0;2;9;1;1
202400002383;155 777 584;7;0;2;3;15;1
202400002384;155 777 580;50;0;0;0;1;3
202400002385;155 777 579;1;0;2;8;19;5
202400002385;155 777 581;10;0;2;1;1;1
202400002386;155 777 578;7;0;1;2;2;1
202400002387;155 777 576;7;0;2;1;1;1
202400002387;155 777 577;1;0;2;1;1;5
202400002388;155 777 573;7;0;2;1;13;1
202400002388;155 777 575;7;0;2;1;1;1
202400002389;155 777 572;7;0;0;1;1;0
202400002389;155 777 574;1;0;0;7;19;5
202400002390;155 777 570;10;0;1;4;4;1
202400002391;155 777 569;1;0;2;3;15;5
202400002391;155 777 571;7;0;2;2;1;1
202400002392;155 777 564;7;0;2;3;15;1
202400002392;155 777 566;33;6;2;3;1;1
202400002393;155 777 563;50;0;2;2;1;3
202400002393;155 777 568;7;0;2;3;10;1
202400002394;155 777 565;7;0;2;4;1;1
202400002394;155 777 567;30;0;2;1;2;1
202400002395;155 777 562;7;2;0;1;1;1
202400002396;155 777 560;50;0;1;1;1;3
202400002397;155 777 561;99;;;7;;
202400002398;155 777 557;1;0;0;0;1;5
202400002399;155 777 559;7;13;0;0;0;1
202400002400;155 777 555;7;0;2;1;1;1
202400002400;155 777 558;7;0;2;3;9;1
202400002401;155 777 554;50;0;2;1;1;3
202400002401;155 777 556;7;0;2;5;1;1
202400002402;155 777 553;7;0;0;9;0;1
202400002403;155 777 552;7;0;1;1;1;1
202400002404;155 777 549;33;15;0;3;1;1
202400002405;155 777 550;7;0;2;1;1;1
202400002405;155 777 551;7;0;0;4;1;1
202400002406;155 777 547;7;0;2;1;4;1
202400002406;155 777 548;32;0;2;1;0;1
202400002407;155 777 544;7;0;2;1;9;1
202400002407;155 777 546;1;0;2;1;1;5
202400002408;155 777 545;33;0;0;0;1;1
202400002409;155 777 542;50;0;2;7;19;3
202400002409;155 777 543;7;0;2;1;1;2
202400002410;155 777 539;7;1;2;1;1;1
202400002410;155 777 540;7;0;2;4;1;1
202400002410;155 777 541;7;1;2;4;1;1
202400002411;155 777 538;7;13;0;0;16;1
202400002412;155 777 537;7;0;1;3;15;1
202400002413;155 777 533;1;0;9;1;1;5
202400002413;155 777 534;50;12;9;1;13;3
202400002414;155 777 532;7;0;2;8;14;1
202400002414;155 777 535;33;0;2;8;13;1
202400002415;155 777 531;7;0;1;1;1;0
202400002416;155 777 528;7;0;2;1;15;1
202400002416;155 777 530;1;0;2;1;1;5
202400002417;155 777 526;39;0;2;3;1;6
202400002417;155 777 529;7;8;4;2;16;1
202400002418;155 777 525;7;0;2;3;1;1
202400002418;155 777 527;7;0;2;5;1;1
202400002419;155 777 520;1;0;1;2;1;0
202400002420;155 777 522;7;0;2;4;1;2
202400002420;155 777 524;7;0;2;1;2;1
202400002421;155 777 521;32;0;2;8;1;1
202400002421;155 777 523;10;0;2;8;1;1
202400002422;155 777 519;50;0;0;0;2;3
202400002423;155 777 518;7;8;0;2;14;1
202400002424;155 777 516;7;0;9;2;10;1
202400002424;155 777 517;1;0;2;3;1;5
202400002425;155 777 513;7;0;2;7;1;1
202400002425;155 777 515;43;0;2;1;1;1
202400002426;155 777 512;10;13;0;2;0;1
202400002427;155 777 511;60;0;2;8;1;5
202400002427;155 777 514;7;0;9;1;9;1
202400002428;155 777 510;33;0;1;1;1;1
202400002429;155 777 508;33;0;2;1;1;1
202400002429;155 777 509;7;0;2;3;13;1
202400002430;155 777 506;7;0;2;2;16;0
202400002430;155 777 507;33;0;2;8;18;1
202400002431;155 777 504;7;0;1;2;16;0
202400002432;155 777 502;7;0;2;1;13;1
202400002432;155 777 505;7;0;2;1;1;1
202400002433;155 777 503;7;0;1;0;1;1
202400002434;155 777 499;10;0;1;2;0;0
202400002435;155 777 498;7;0;2;5;15;1
202400002435;155 777 500;33;0;2;1;1;1
202400002436;155 777 497;10;0;2;6;22;1
202400002436;155 777 501;33;1;0;1;1;1
202400002437;155 777 495;7;2;0;1;14;1
202400002438;155 777 494;7;0;0;4;1;1
202400002438;155 777 496;7;0;2;1;1;1
202400002439;155 777 492;60;0;2;3;0;5
202400002439;155 777 493;10;0;2;2;16;2
202400002440;155 777 490;7;1;1;2;1;1
202400002441;155 777 487;7;0;2;1;2;1
202400002441;155 777 489;7;0;2;1;2;1
202400002441;155 777 491;7;0;2;4;2;0
202400002442;155 777 486;10;0;2;1;1;1
202400002442;155 777 488;7;0;2;1;1;1
202400002443;155 777 484;2;13;2;8;15;1
202400002443;155 777 485;7;13;2;1;1;1
202400002444;155 777 482;7;6;0;3;11;1
202400002445;155 777 479;7;0;0;6;23;1
202400002445;155 777 481;7;1;0;2;1;1
202400002445;155 777 483;7;13;0;4;2;1
202400002446;155 777 478;7;0;2;1;1;1
202400002446;155 777 480;2;0;2;1;1;1
202400002447;155 777 476;50;0;2;1;21;3
202400002447;155 777 477;7;0;2;2;15;1
202400002448;155 777 475;7;8;0;0;1;1
202400002449;155 777 474;7;0;1;2;16;1
202400002450;155 777 472;30;0;2;1;3;1
202400002450;155 777 473;10;0;2;1;1;1
202400002451;155 777 469;7;0;2;8;15;1
202400002451;155 777 470;33;0;2;1;17;1
202400002452;155 777 467;7;0;2;8;1;1
202400002452;155 777 471;7;0;2;1;1;1
202400002453;155 777 466;10;0;2;1;15;1
202400002453;155 777 468;7;0;0;0;0;3
202400002454;155 777 464;7;0;2;3;13;1
202400002454;155 777 465;17;0;2;8;1;1
202400002455;155 777 462;39;0;2;1;1;1
202400002455;155 777 463;36;0;4;8;1;1
202400002456;155 777 461;7;8;0;1;1;1
202400002457;155 777 459;7;0;1;4;4;1
202400002458;155 777 457;1;14;0;3;1;5
202400002459;155 777 456;7;0;2;8;0;1
202400002459;155 777 458;7;0;2;1;17;1
202400002459;155 777 460;7;0;2;1;1;1
202400002460;155 777 452;37;0;0;0;1;1
202400002460;155 777 455;33;12;0;7;1;1
202400002461;155 777 453;33;6;0;0;1;1
202400002462;155 777 451;7;0;2;6;13;1
202400002462;155 777 454;7;0;2;2;1;1
202400002463;155 777 450;7;13;0;1;21;1
202400002464;155 777 448;7;0;2;3;15;1
202400002464;155 777 449;2;0;2;2;17;3
202400002465;155 777 447;0;0;1;0;0;0
202400002466;155 777 446;7;13;0;7;3;1
202400002467;155 777 443;2;0;0;9;1;1
202400002468;155 777 444;7;0;2;8;22;2
202400002468;155 777 445;80;0;2;1;1;3
202400002469;155 777 441;7;0;2;1;1;1
202400002469;155 777 442;7;0;2;7;15;1
202400002470;155 777 438;7;0;2;1;2;1
202400002470;155 777 440;2;0;2;4;1;1
202400002471;155 777 437;10;1;2;5;24;1
202400002471;155 777 439;7;0;2;2;2;2
202400002472;155 777 436;7;7;0;3;13;2
202400002473;155 777 434;7;0;0;9;14;1
202400002474;155 777 433;2;0;0;0;15;3
202400002475;155 777 435;7;0;0;0;1;1
202400002476;155 777 430;7;0;2;3;2;1
202400002476;155 777 431;7;0;2;3;17;1
202400002476;155 777 432;7;0;2;5;17;3
202400002477;155 777 428;10;0;2;1;1;1
202400002477;155 777 429;10;0;2;8;19;1
202400002478;155 777 425;7;1;0;1;2;1
202400002478;155 777 427;7;0;2;4;1;1
202400002479;155 777 423;1;0;2;1;15;5
202400002479;155 777 426;7;0;2;3;9;1
202400002480;155 777 422;7;0;2;1;1;1
202400002480;155 777 424;10;0;2;1;13;1
202400002481;155 777 421;1;0;0;0;0;5
202400002482;155 777 418;1;0;2;6;1;5
202400002482;155 777 420;7;0;2;2;17;0
202400002483;155 777 416;7;16;0;7;16;1
202400002484;155 777 417;7;0;2;2;26;1
202400002484;155 777 419;7;0;2;2;26;1
202400002485;155 777 415;7;15;0;2;0;3
202400002486;155 777 414;33;0;1;3;1;1
202400002487;155 777 411;7;0;2;3;13;1
202400002487;155 777 413;7;0;2;3;1;1
202400002488;155 777 410;7;0;2;4;1;1
202400002488;155 777 412;7;0;2;1;1;1
202400002489;155 777 406;2;13;0;1;0;1
202400002490;155 777 407;33;0;2;3;0;1
202400002490;155 777 409;7;0;2;1;15;1
202400002491;155 777 404;7;0;2;6;1;1
202400002491;155 777 405;31;0;2;1;5;1
202400002491;155 777 408;10;0;2;3;1;1
202400002492;155 777 402;10;0;2;2;2;1
202400002493;155 777 400;7;0;2;3;20;1
202400002493;155 777 403;32;0;2;0;1;1
202400002494;155 777 399;7;15;4;7;1;1
202400002494;155 777 401;39;0;2;1;1;1
202400002495;155 777 398;7;13;0;1;13;1
202400002496;155 777 397;7;1;1;4;20;1
202400002497;155 777 394;7;0;9;3;9;0
202400002497;155 777 396;1;0;2;5;1;5
202400002498;155 777 393;7;8;0;1;14;1
202400002499;155 777 392;7;0;2;3;13;1
202400002499;155 777 395;7;0;2;3;1;1
202400002500;155 777 386;7;0;2;1;15;2
202400002500;155 777 390;7;0;2;1;1;1
202400002501;155 777 388;7;0;2;3;1;1
202400002501;155 777 391;7;0;2;2;15;1
202400002502;155 777 384;31;0;2;1;17;1
202400002502;155 777 385;33;0;2;1;17;1
202400002502;155 777 387;33;0;2;1;21;1
202400002502;155 777 389;7;0;2;8;1;1
202400002503;155 777 383;1;1;0;3;26;5
202400002504;155 777 380;7;0;2;6;15;1
202400002504;155 777 382;2;0;2;1;1;1
202400002505;155 777 379;1;0;2;5;2;5
202400002505;155 777 381;7;0;2;3;2;1
202400002506;155 777 377;7;0;0;8;1;2
202400002506;155 777 378;7;9;2;1;1;1
202400002507;155 777 375;33;10;0;9;1;1
202400002508;155 777 374;7;1;1;1;1;2
202400002509;155 777 373;7;2;0;8;13;1
202400002510;155 777 372;2;6;0;8;1;1
202400002511;155 777 369;32;0;2;4;15;1
202400002511;155 777 371;7;0;2;1;2;2
202400002512;155 777 368;7;0;2;3;13;1
202400002512;155 777 370;7;0;2;3;1;1
202400002513;155 777 367;7;0;1;5;14;0
202400002514;155 777 365;21;0;2;3;1;1
202400002514;155 777 366;7;0;2;3;13;1
202400002515;155 777 362;80;0;2;7;1;3
202400002515;155 777 364;7;0;2;8;22;1
202400002516;155 777 361;32;0;2;3;13;1
202400002516;155 777 363;7;0;2;7;17;1
202400002517;155 777 360;2;2;0;1;1;1
202400002518;155 777 358;7;2;0;2;0;2
202400002519;155 777 357;7;6;0;9;1;1
202400002520;155 777 356;7;0;2;1;26;1
202400002520;155 777 359;31;0;2;4;26;1
202400002521;155 777 354;7;2;0;3;1;1
202400002522;155 777 353;1;0;0;8;1;5
202400002522;155 777 355;7;0;2;8;0;1
202400002523;155 777 350;33;0;0;8;1;1
202400002524;155 777 349;7;0;2;8;1;1
202400002524;155 777 352;7;0;2;1;19;1
202400002525;155 777 351;17;13;0;7;1;1
202400002526;155 777 348;7;7;0;1;2;1
202400002527;155 777 345;1;0;2;1;19;5
202400002527;155 777 346;7;0;2;1;1;1
202400002528;155 777 342;7;0;0;4;1;1
202400002528;155 777 344;7;0;2;4;1;1
202400002528;155 777 347;7;0;2;1;1;1
202400002529;155 777 341;2;0;2;1;19;1
202400002529;155 777 343;7;0;2;6;15;1
202400002530;155 777 339;3;0;2;3;5;1
202400002530;155 777 340;7;0;2;2;2;1
202400002531;155 777 337;7;0;0;2;1;1
202400002531;155 777 338;2;0;2;1;19;1
202400002532;155 777 336;10;0;1;2;2;1
202400002533;155 777 334;7;7;0;1;1;1
202400002534;155 777 333;7;15;0;3;14;2
202400002535;155 777 332;7;0;2;1;15;1
202400002535;155 777 335;10;0;2;1;1;1
202400002536;155 777 330;2;0;0;7;2;1
202400002537;155 777 328;33;0;2;1;1;1
202400002537;155 777 331;7;0;2;3;1;1
202400002538;155 777 327;33;0;0;1;17;1
202400002538;155 777 329;10;0;0;3;15;1
202400002539;155 777 326;7;0;0;2;2;1
202400002540;155 777 324;7;0;2;1;2;1
202400002540;155 777 325;7;0;2;4;2;1
202400002541;155 777 321;7;13;0;2;14;1
202400002542;155 777 320;7;3;2;1;1;1
202400002542;155 777 322;10;3;2;1;1;1
202400002543;155 777 317;7;0;2;2;1;1
202400002543;155 777 319;7;0;2;3;19;1
202400002544;155 777 316;7;0;2;3;13;1
202400002544;155 777 318;14;0;2;3;1;1
202400002545;155 777 315;30;14;0;6;1;3
202400002546;155 777 312;14;17;0;2;14;1
202400002547;155 777 311;21;0;2;3;15;1
202400002547;155 777 313;7;0;2;2;17;1
202400002548;155 777 308;7;4;2;9;0;1
202400002548;155 777 310;7;0;2;6;1;1
202400002549;155 777 309;7;13;0;3;0;1
202400002550;155 777 305;7;1;0;1;13;0
202400002550;155 777 307;10;0;2;1;24;1
202400002551;155 777 304;2;0;0;6;1;1
202400002551;155 777 306;10;0;2;3;15;1
202400002552;155 777 302;7;15;0;1;1;1
202400002553;155 777 301;10;0;2;3;1;1
202400002553;155 777 303;7;0;2;3;13;1
202400002554;155 777 298;7;0;2;2;1;1
202400002554;155 777 300;7;0;2;7;16;1
202400002555;155 777 297;7;13;0;7;1;1
202400002556;155 777 296;10;0;2;2;0;0
202400002556;155 777 299;7;0;2;2;0;1
202400002557;155 777 292;7;0;2;3;2;1
202400002557;155 777 294;30;0;2;4;13;1
202400002558;155 777 293;7;0;2;3;1;1
202400002558;155 777 295;7;0;2;3;15;1
202400002559;155 777 291;7;2;0;1;13;1
202400002560;155 777 290;7;0;6;1;0;1
202400002561;155 777 289;33;13;0;0;1;1
202400002562;155 777 287;7;0;2;1;15;1
202400002562;155 777 288;7;0;2;1;1;1
202400002563;155 777 286;36;13;0;1;1;1
202400002564;155 777 285;33;0;0;0;0;1
202400002565;155 777 283;7;0;2;1;13;1
202400002565;155 777 284;7;0;2;1;1;2
202400002566;155 777 278;7;0;0;2;1;1
202400002566;155 777 280;7;0;0;6;0;1
202400002567;155 777 279;2;0;2;1;2;1
202400002567;155 777 281;7;0;2;4;2;1
202400002568;155 777 277;1;0;0;9;1;5
202400002569;155 777 276;7;0;1;1;15;1