Num_Acc;id_vehicule;categorie_vehicule;obstacle_fixe;obstacle_mobile;point_choc_initial;manoeuvre_principale;motorisation
202400002570;155 777 274;7;0;0;9;1;1
202400002571;155 777 273;10;0;2;2;15;1
202400002571;155 777 275;33;0;2;1;1;1
202400002572;155 777 272;31;13;0;1;1;1
202400002573;155 777 269;15;0;2;8;15;1
202400002573;155 777 270;7;0;2;7;17;2
202400002574;155 777 268;33;0;2;3;15;1
202400002574;155 777 271;7;0;2;2;1;1
202400002575;155 777 266;33;1;0;1;21;1
202400002576;155 777 265;7;0;2;2;17;1
202400002576;155 777 267;1;0;2;0;1;5
202400002577;155 777 264;7;4;0;1;13;1
202400002578;155 777 262;7;0;2;3;1;1
202400002578;155 777 263;7;0;2;3;15;1
202400002579;155 777 261;7;2;0;1;13;1
202400002580;155 777 260;7;3;0;3;1;1
202400002581;155 777 257;33;0;2;1;13;1
202400002581;155 777 259;7;0;2;1;15;1
202400002582;155 777 256;33;0;2;1;12;1
202400002582;155 777 258;7;0;2;5;12;1
202400002583;155 777 255;2;8;0;1;1;1
202400002584;155 777 251;7;0;2;1;1;1
202400002584;155 777 253;7;0;2;4;1;1
202400002584;155 777 254;7;0;2;4;1;1
202400002585;155 777 250;32;0;2;2;1;1
202400002585;155 777 252;7;0;9;7;11;1
202400002586;155 777 247;7;0;2;1;1;1
202400002586;155 777 249;7;0;2;6;1;2
202400002587;155 777 246;15;0;2;8;2;1
202400002587;155 777 248;10;3;2;8;2;1
202400002588;155 777 245;33;0;0;1;0;1
202400002589;155 777 244;7;3;0;8;0;1
202400002590;155 777 241;10;0;2;1;2;1
202400002590;155 777 243;7;0;2;4;2;1
202400002591;155 777 240;7;4;2;8;1;1
202400002591;155 777 242;7;0;2;1;17;1
202400002592;155 777 238;7;0;2;6;2;1
202400002592;155 777 239;33;0;2;1;2;1
202400002593;155 777 237;2;0;0;0;1;1
202400002594;155 777 234;7;0;2;1;5;1
202400002594;155 777 236;7;0;2;3;5;1
202400002595;155 777 233;7;0;2;3;2;1
202400002595;155 777 235;33;0;2;1;14;1
202400002596;155 777 230;7;0;2;1;1;1
202400002596;155 777 232;7;0;2;2;15;1
202400002597;155 777 231;7;3;9;1;1;1
202400002598;155 777 229;17;4;0;8;1;1
202400002599;155 777 227;31;16;0;7;1;1
202400002600;155 777 225;1;0;0;4;2;5
202400002600;155 777 226;7;0;2;1;2;2
202400002601;155 777 223;7;0;0;1;1;1
202400002601;155 777 224;7;0;2;1;1;1
202400002602;155 777 222;33;0;1;7;17;1
202400002603;155 777 220;32;2;0;0;0;1
202400002604;155 777 219;7;0;9;5;15;1
202400002604;155 777 221;1;0;2;1;1;5
202400002605;155 777 216;7;0;2;2;2;1
202400002605;155 777 218;1;0;2;4;2;5
202400002606;155 777 215;32;0;2;7;15;1
202400002606;155 777 217;7;0;2;1;2;1
202400002607;155 777 214;33;14;0;9;1;1
202400002608;155 777 212;7;0;2;1;13;1
202400002608;155 777 213;7;0;2;1;1;1
202400002609;155 777 209;7;0;2;1;1;1
202400002609;155 777 211;50;0;2;7;26;3
202400002610;155 777 208;7;0;2;1;1;1
202400002610;155 777 210;7;0;2;1;1;1
202400002611;155 777 206;1;0;0;0;0;5
202400002612;155 777 207;7;4;0;1;0;1
202400002613;155 777 203;7;0;2;7;17;1
202400002613;155 777 205;2;0;2;8;2;1
202400002614;155 777 202;7;8;2;8;0;1
202400002614;155 777 204;7;0;2;1;1;2
202400002615;155 777 199;7;1;0;1;14;1
202400002615;155 777 200;20;0;2;4;23;1
202400002616;155 777 198;7;0;2;5;1;1
202400002616;155 777 201;1;0;2;8;1;5
202400002617;155 777 196;7;0;2;6;11;1
202400002617;155 777 197;33;0;2;1;3;1
202400002618;155 777 194;7;0;2;1;1;1
202400002618;155 777 195;30;0;2;8;1;1
202400002619;155 777 192;33;0;2;8;0;1
202400002619;155 777 193;10;0;2;2;14;1
202400002620;155 777 189;7;3;2;6;18;1
202400002620;155 777 191;7;0;2;3;0;2
202400002621;155 777 188;10;0;2;8;20;1
202400002621;155 777 190;7;0;2;2;1;1
202400002622;155 777 184;7;0;2;1;2;1
202400002622;155 777 187;7;0;2;4;11;1
202400002623;155 777 183;7;0;2;3;11;1
202400002623;155 777 185;7;0;2;7;1;1
202400002623;155 777 186;7;4;2;5;1;1
202400002624;155 777 180;7;0;2;8;11;1
202400002624;155 777 181;33;0;2;2;3;1
202400002625;155 777 179;7;0;2;7;2;3
202400002625;155 777 182;7;0;2;1;2;1
202400002626;155 777 178;33;4;0;3;15;1
202400002627;155 777 176;34;0;2;1;1;1
202400002627;155 777 177;7;0;2;2;1;1
202400002628;155 777 172;7;0;2;3;11;1
202400002628;155 777 174;7;0;2;4;1;1
202400002628;155 777 175;33;0;2;1;3;1
202400002629;155 777 173;1;0;0;1;26;5
202400002630;155 777 171;32;0;0;7;1;1
202400002631;155 777 169;7;0;2;1;15;1
202400002631;155 777 170;7;0;2;8;1;2
202400002632;155 777 167;10;0;2;2;14;1
202400002632;155 777 168;33;0;2;3;3;1
202400002633;155 777 166;30;0;0;8;26;1
202400002634;155 777 164;33;0;1;2;1;1
202400002635;155 777 163;7;0;2;7;12;1
202400002635;155 777 165;32;0;2;3;3;1
202400002636;155 777 162;50;0;1;1;1;3
202400002637;155 777 158;7;0;2;1;12;1
202400002637;155 777 160;7;4;2;8;1;1
202400002637;155 777 161;7;4;2;8;1;1
202400002638;155 777 157;7;0;2;1;13;1
202400002638;155 777 159;31;0;2;7;17;1
202400002639;155 777 154;33;0;2;7;3;1
202400002639;155 777 156;7;0;2;8;13;1
202400002640;155 777 151;7;0;1;1;16;1
202400002641;155 777 147;2;0;2;7;1;1
202400002641;155 777 149;7;0;2;1;9;0
202400002642;155 777 144;33;0;6;1;0;1
202400002643;155 777 145;7;0;2;1;1;1
202400002643;155 777 146;7;0;2;4;1;1
202400002643;155 777 148;7;0;2;1;1;1
202400002643;155 777 150;7;0;2;1;2;1
202400002643;155 777 152;7;0;2;1;2;1
202400002644;155 777 141;7;0;0;7;26;1
202400002644;155 777 143;7;0;2;1;1;1
202400002645;155 777 142;10;8;0;1;13;1
202400002646;155 777 140;7;1;2;2;14;1
202400002647;155 777 139;7;4;0;1;13;1
202400002648;155 777 137;30;0;2;1;1;1
202400002648;155 777 138;7;0;2;6;0;1
202400002649;155 777 136;7;13;0;1;14;2
202400002650;155 777 135;7;2;0;9;16;1
202400002651;155 777 134;10;15;0;9;6;1
202400002652;155 777 132;7;0;2;1;1;3
202400002652;155 777 133;7;0;2;2;19;1
202400002653;155 777 131;7;0;1;1;11;0
202400002654;155 777 129;7;0;2;3;1;1
202400002654;155 777 130;7;0;2;3;13;1
202400002655;155 777 128;32;0;1;0;0;3
202400002656;155 777 124;33;0;2;2;14;1
202400002656;155 777 125;7;0;0;5;2;1
202400002657;155 777 122;7;0;2;4;1;1
202400002657;155 777 123;10;0;2;5;1;1
202400002658;155 777 121;37;0;1;1;15;1
202400002659;155 777 119;1;1;0;3;21;5
202400002659;155 777 120;7;1;2;5;22;2
202400002660;155 777 117;7;0;2;5;1;1
202400002660;155 777 118;33;0;2;1;9;1
202400002661;155 777 116;7;1;0;7;1;2
202400002662;155 777 114;1;0;2;1;1;5
202400002662;155 777 115;80;0;2;1;1;3
202400002663;155 777 112;50;6;0;2;19;3
202400002663;155 777 113;7;6;0;1;19;2
202400002664;155 777 110;50;0;2;5;15;3
202400002664;155 777 111;2;0;2;3;15;3
202400002665;155 777 109;80;0;1;1;1;3
202400002666;155 777 107;33;0;2;0;2;0
202400002666;155 777 108;33;0;2;0;0;1
202400002667;155 777 106;31;0;2;1;1;1
202400002668;155 777 104;7;0;2;0;0;1
202400002668;155 777 105;7;0;2;1;9;1
202400002669;155 777 102;7;0;2;3;22;2
202400002669;155 777 103;1;0;2;1;1;5
202400002670;155 777 101;7;2;0;7;1;1
202400002671;155 777 100;2;0;0;0;1;1
202400002672;155 777 098;33;0;2;5;17;1
202400002672;155 777 099;7;0;2;3;1;1
202400002673;155 777 097;7;7;0;2;1;1
202400002674;155 777 095;7;0;2;5;19;1
202400002674;155 777 096;7;0;2;2;1;3
202400002675;155 777 094;7;3;0;7;17;1
202400002676;155 777 093;36;2;0;2;0;1
202400002677;155 777 092;7;15;0;1;1;1
202400002678;155 777 091;2;12;0;0;14;1
202400002679;155 777 090;7;3;0;1;1;1
202400002680;155 777 089;33;0;0;7;1;1
202400002681;155 777 087;7;0;4;8;26;1
202400002681;155 777 088;39;0;2;1;0;3
202400002682;155 777 084;7;0;2;1;17;1
202400002682;155 777 085;7;0;2;1;1;1
202400002682;155 777 086;7;0;2;8;1;2
202400002683;155 777 083;7;0;0;1;21;1
202400002684;155 777 081;1;0;2;1;1;5
202400002684;155 777 082;7;0;2;2;19;1
202400002685;155 777 079;33;0;2;7;1;1
202400002685;155 777 080;7;0;2;3;9;1
202400002686;155 777 078;7;0;1;2;1;1
202400002687;155 777 077;50;0;0;1;1;3
202400002688;155 777 076;33;13;0;8;1;1
202400002689;155 777 074;33;0;2;1;21;1
202400002689;155 777 075;7;0;2;3;9;1
202400002690;155 777 072;33;0;0;9;2;1
202400002691;155 777 070;32;0;2;1;13;1
202400002691;155 777 071;7;0;2;3;1;1
202400002692;155 777 069;7;13;0;2;0;1
202400002693;155 777 068;7;0;1;6;1;1
202400002694;155 777 067;15;0;1;3;1;1
202400002695;155 777 065;7;0;2;2;1;1
202400002695;155 777 066;7;0;2;3;5;1
202400002696;155 777 063;7;0;2;1;9;1
202400002696;155 777 064;7;0;2;3;1;1
202400002697;155 777 062;2;15;0;1;14;1
202400002698;155 777 061;21;0;0;0;2;1
202400002699;155 777 060;7;13;0;1;1;0
202400002700;155 777 059;33;16;0;6;1;1
202400002701;155 777 057;7;0;0;3;19;1
202400002701;155 777 058;7;0;0;1;1;1
202400002702;155 777 056;7;2;9;1;2;1
202400002703;155 777 055;7;8;0;2;1;1
202400002704;155 777 053;34;0;0;4;1;1
202400002704;155 777 054;34;0;2;1;2;1
202400002705;155 777 052;33;13;0;1;26;1
202400002706;155 777 050;7;0;9;2;19;1
202400002706;155 777 051;1;0;2;8;15;5
202400002707;155 777 049;7;13;0;2;14;1
202400002708;155 777 048;7;0;0;9;14;1
202400002709;155 777 047;10;3;0;1;14;1
202400002710;155 777 046;10;4;0;3;1;1
202400002711;155 777 044;7;0;2;3;1;1
202400002711;155 777 045;1;0;2;4;13;5
202400002712;155 777 043;7;0;1;3;1;0
202400002713;155 777 042;7;4;0;3;11;1
202400002714;155 777 039;15;0;2;6;1;1
202400002714;155 777 040;7;0;2;2;0;1
202400002714;155 777 041;10;0;2;1;1;1
202400002715;155 777 037;7;0;2;5;1;1
202400002715;155 777 038;33;0;2;1;1;1
202400002716;155 777 035;33;0;2;2;16;1
202400002716;155 777 036;7;0;2;3;1;1
202400002717;155 777 033;2;0;2;4;16;1
202400002717;155 777 034;7;0;2;2;0;0
202400002718;155 777 032;34;0;0;0;1;0
202400002719;155 777 031;2;0;0;2;1;1
202400002720;155 777 030;7;7;0;1;0;1
202400002721;155 777 029;7;0;1;0;15;1
202400002722;155 777 028;7;0;1;0;16;1
202400002723;155 777 027;7;0;1;0;1;0
202400002724;155 777 025;1;0;2;1;1;5
202400002724;155 777 026;7;0;2;0;26;1
202400002725;155 777 023;17;0;2;0;0;1
202400002725;155 777 024;1;0;2;0;0;5
202400002726;155 777 021;7;0;2;5;0;1
202400002726;155 777 022;7;0;2;1;0;1
202400002727;155 777 018;7;;;;;
202400002727;155 777 019;7;;;;;
202400002727;155 777 020;7;;;;;
202400002728;155 777 016;7;0;2;6;1;1
202400002728;155 777 017;7;3;2;2;0;1
202400002729;155 777 015;37;0;1;5;0;1
202400002730;155 777 014;7;2;0;8;1;1
202400002731;155 777 012;7;0;2;6;19;1
202400002731;155 777 013;7;0;2;1;1;2
202400002732;155 777 011;7;0;0;9;1;1
202400002733;155 777 009;7;0;2;1;13;1
202400002733;155 777 010;7;0;2;1;1;1
202400002734;155 777 008;7;0;1;2;14;1
202400002735;155 777 006;7;0;2;3;13;1
202400002735;155 777 007;7;0;2;3;1;1
202400002736;155 777 004;21;0;0;8;15;1
202400002736;155 777 005;15;0;0;1;1;1
202400002737;155 777 003;7;8;0;1;5;1
202400002738;155 777 002;33;0;9;0;26;1
202400002739;155 777 000;7;0;2;1;2;1
202400002739;155 777 001;15;0;0;4;1;1
202400002740;155 776 998;2;0;2;1;15;1
202400002740;155 776 999;7;0;2;2;1;1
202400002741;155 776 997;15;3;0;2;1;1
202400002742;155 776 996;7;15;9;1;11;6
202400002743;155 776 995;7;0;1;2;0;1
202400002744;155 776 992;7;0;2;1;1;1
202400002744;155 776 993;7;0;2;3;1;1
202400002744;155 776 994;7;0;2;1;17;1
202400002745;155 776 991;10;0;1;2;1;1
202400002746;155 776 989;7;0;2;1;5;2
202400002746;155 776 990;7;0;2;1;5;2
202400002747;155 776 988;7;4;0;9;1;1
202400002748;155 776 987;7;0;1;4;20;2
202400002749;155 776 985;7;0;2;1;1;1
202400002749;155 776 986;10;0;2;1;13;1
202400002750;155 776 984;7;1;0;0;0;1
202400002751;155 776 983;32;8;0;1;1;1
202400002752;155 776 981;7;0;0;8;15;1
202400002752;155 776 982;7;0;2;1;1;1
202400002753;155 776 980;7;15;0;3;0;1
202400002754;155 776 978;33;0;2;1;1;1
202400002754;155 776 979;7;0;2;3;15;1
202400002755;155 776 976;1;0;2;1;1;5
202400002755;155 776 977;7;0;2;2;12;1
202400002756;155 776 975;0;0;1;0;0;1
202400002757;155 776 974;2;5;0;7;1;1
202400002758;155 776 973;2;6;0;1;1;0
202400002759;155 776 972;7;0;0;9;1;1
202400002760;155 776 970;7;0;2;2;5;1
202400002760;155 776 971;32;0;2;1;1;1
202400002761;155 776 968;33;0;2;1;17;1
202400002761;155 776 969;10;0;2;2;9;1
202400002762;155 776 965;7;0;2;1;15;1
202400002762;155 776 966;1;0;0;4;0;5
202400002762;155 776 967;1;0;0;4;24;5
202400002763;155 776 964;33;0;0;0;26;1
202400002764;155 776 963;7;0;1;1;19;0
202400002765;155 776 962;33;0;6;8;21;1
202400002766;155 776 960;7;0;2;7;15;2
202400002766;155 776 961;33;0;2;7;1;1
202400002767;155 776 958;7;0;2;1;1;1
202400002767;155 776 959;10;0;2;1;19;1
202400002768;155 776 956;7;0;2;1;13;1
202400002768;155 776 957;7;0;2;1;1;3
202400002769;155 776 954;7;0;0;3;15;1
202400002769;155 776 955;7;6;0;9;17;1
202400002770;155 776 952;7;0;2;6;1;1
202400002770;155 776 953;32;0;2;9;1;1
202400002771;155 776 951;10;2;0;3;1;1
202400002772;155 776 949;10;0;2;1;1;1
202400002772;155 776 950;10;0;2;5;1;1
202400002773;155 776 948;7;7;0;1;1;1
202400002774;155 776 947;7;15;0;1;26;1
202400002775;155 776 945;33;13;0;1;1;1
202400002776;155 776 944;30;0;2;3;1;1
202400002776;155 776 946;7;0;2;3;15;1
202400002777;155 776 943;2;0;0;0;1;1
202400002778;155 776 942;7;0;1;2;1;1
202400002779;155 776 941;2;2;0;5;1;1
202400002780;155 776 939;2;6;0;1;1;3
202400002781;155 776 938;7;0;2;1;18;1
202400002781;155 776 940;7;0;2;2;15;1
202400002782;155 776 936;10;0;2;2;15;1
202400002782;155 776 937;1;0;2;1;1;5
202400002783;155 776 935;7;9;0;9;26;1
202400002784;155 776 934;7;0;1;2;19;1
202400002785;155 776 932;7;0;2;1;16;1
202400002785;155 776 933;34;0;2;7;1;1
202400002786;155 776 930;33;0;2;1;1;1
202400002786;155 776 931;7;0;2;8;15;1
202400002787;155 776 927;50;0;0;2;1;3
202400002788;155 776 925;7;0;1;1;2;1
202400002789;155 776 922;7;0;2;7;1;1
202400002789;155 776 924;7;0;2;5;24;1
202400002789;155 776 926;7;0;2;8;22;1
202400002789;155 776 928;7;1;2;9;1;1
202400002789;155 776 929;7;0;2;4;0;1
202400002790;155 776 921;30;9;2;1;1;1
202400002790;155 776 923;10;13;0;3;0;1
202400002791;155 776 920;30;0;0;0;16;1
202400002792;155 776 919;7;1;0;2;1;1
202400002793;155 776 918;7;0;1;1;1;1
202400002794;155 776 916;7;0;2;3;;1
202400002794;155 776 917;7;0;2;3;15;1
202400002795;155 776 914;7;0;2;3;15;1
202400002795;155 776 915;7;0;2;7;17;1
202400002796;155 776 912;7;0;1;2;1;1
202400002797;155 776 911;7;14;0;1;26;2
202400002798;155 776 908;2;0;0;4;1;1
202400002798;155 776 910;7;0;2;1;1;2
202400002799;155 776 909;7;0;1;1;15;1
202400002800;155 776 903;10;0;2;1;1;1
202400002800;155 776 904;7;0;2;3;1;1
202400002800;155 776 906;7;0;2;4;1;2
202400002801;155 776 902;10;0;1;1;1;0
202400002802;155 776 901;7;2;0;1;1;1
202400002803;155 776 900;7;6;0;3;13;1
202400002804;155 776 899;37;0;1;1;19;1
202400002805;155 776 897;7;0;2;3;1;1
202400002805;155 776 898;10;0;2;3;9;1
202400002806;155 776 895;7;0;2;3;9;1
202400002806;155 776 896;7;0;2;3;1;1
202400002807;155 776 894;7;14;0;1;14;1
202400002808;155 776 893;7;0;1;3;1;2
202400002809;155 776 891;16;0;0;8;9;1
202400002809;155 776 892;10;0;2;1;2;1
202400002810;155 776 889;7;0;2;7;13;1
202400002810;155 776 890;7;0;2;1;1;1
202400002811;155 776 887;7;2;2;3;1;1
202400002811;155 776 888;7;0;2;1;1;1
202400002812;155 776 886;30;6;0;1;26;1
202400002813;155 776 885;0;0;1;7;17;
202400002814;155 776 884;10;6;0;3;1;1
202400002815;155 776 880;7;0;2;1;2;1
202400002815;155 776 882;7;0;0;4;2;1
202400002816;155 776 881;7;0;2;3;17;1
202400002816;155 776 883;2;0;2;1;26;1
202400002817;155 776 879;10;0;1;1;2;0
202400002818;155 776 877;7;0;2;3;15;1
202400002818;155 776 878;33;0;2;7;1;1
202400002819;155 776 876;7;0;1;1;16;1
202400002820;155 776 874;33;8;0;1;26;1
202400002820;155 776 875;33;0;2;4;26;1
202400002821;155 776 871;10;0;2;1;1;3
202400002821;155 776 873;7;0;2;2;1;1
202400002822;155 776 869;10;0;2;1;13;1
202400002822;155 776 870;33;0;2;1;1;1
202400002822;155 776 872;33;0;2;1;1;1
202400002823;155 776 868;7;3;0;1;1;2
202400002824;155 776 866;7;0;9;1;0;1
202400002824;155 776 867;1;0;2;8;21;5
202400002825;155 776 865;7;1;0;1;1;1
202400002826;155 776 863;7;1;0;0;2;1
202400002827;155 776 862;7;0;0;2;15;1
202400002827;155 776 864;1;0;2;1;1;5
202400002828;155 776 861;50;8;0;2;1;3
202400002829;155 776 860;7;0;1;1;1;1
202400002830;155 776 859;33;0;1;6;1;1
202400002831;155 776 855;33;0;2;3;1;1
202400002831;155 776 857;7;0;2;3;1;1
202400002832;155 776 854;7;0;2;3;13;1
202400002832;155 776 856;7;0;2;3;1;1
202400002832;155 776 858;7;0;2;8;1;1
202400002833;155 776 853;7;0;1;1;0;1
202400002834;155 776 847;7;0;2;1;2;1
202400002834;155 776 848;7;0;2;6;1;1
202400002834;155 776 851;7;0;2;4;1;1
202400002834;155 776 852;7;14;0;1;0;1
202400002835;155 776 845;7;13;0;2;1;1
202400002836;155 776 844;7;0;2;2;1;1
202400002836;155 776 846;80;0;2;7;1;3
202400002837;155 776 842;33;0;2;1;1;1
202400002837;155 776 843;7;0;2;2;23;0
202400002838;155 776 840;7;0;2;1;15;1
202400002838;155 776 841;2;0;2;2;1;1
202400002839;155 776 838;33;4;0;0;0;1
202400002839;155 776 839;30;4;0;0;2;1
202400002840;155 776 837;30;0;0;8;1;1
202400002841;155 776 834;7;0;2;1;5;1
202400002841;155 776 836;7;0;2;1;1;1
202400002842;155 776 833;2;14;0;1;2;1
202400002842;155 776 835;10;0;2;3;16;1
202400002843;155 776 830;30;0;2;8;26;1
202400002843;155 776 832;0;0;2;1;0;0
202400002844;155 776 829;7;0;2;5;16;1
202400002844;155 776 831;1;0;2;4;1;5
202400002845;155 776 827;10;0;2;1;2;1
202400002845;155 776 828;10;0;2;4;2;1
202400002846;155 776 826;7;0;1;3;2;1
202400002847;155 776 825;7;13;;1;1;1
202400002848;155 776 824;7;1;1;2;1;1
202400002849;155 776 823;31;9;0;1;0;1
202400002850;155 776 820;10;0;9;0;2;1
202400002850;155 776 821;7;0;2;4;2;1
202400002850;155 776 822;33;0;2;4;2;1
202400002851;155 776 817;7;0;1;7;24;1
202400002852;155 776 818;7;0;2;1;1;1
202400002852;155 776 819;7;0;0;2;26;1
202400002853;155 776 814;7;0;2;2;2;1
202400002853;155 776 816;1;0;2;8;13;5
202400002854;155 776 812;7;0;2;3;11;1
202400002854;155 776 813;7;0;2;8;1;1
202400002854;155 776 815;14;0;2;2;1;0
202400002855;155 776 811;33;1;0;1;26;1
202400002856;155 776 809;7;0;1;6;15;1
202400002857;155 776 808;2;0;2;1;5;1
202400002857;155 776 810;7;0;2;2;15;2
202400002858;155 776 807;37;0;1;6;24;1
202400002859;155 776 805;7;0;2;2;15;1
202400002859;155 776 806;30;0;2;1;1;1
202400002860;155 776 801;7;0;1;1;1;1
202400002861;155 776 797;10;0;2;1;2;1
202400002861;155 776 799;10;3;2;3;1;1
202400002861;155 776 800;7;0;2;1;2;1
202400002861;155 776 802;7;0;2;1;2;1
202400002861;155 776 803;10;0;2;1;2;1
202400002861;155 776 804;7;0;2;4;2;1
202400002862;155 776 795;7;0;2;1;1;2
202400002862;155 776 796;7;0;2;5;1;1
202400002862;155 776 798;7;0;2;2;1;1
202400002863;155 776 793;7;0;2;8;9;1
202400002863;155 776 794;7;0;2;3;1;1
202400002864;155 776 792;37;0;1;2;15;1
202400002865;155 776 791;33;16;0;0;1;1
202400002866;155 776 789;7;0;2;1;1;1
202400002866;155 776 790;30;0;2;1;5;1
202400002867;155 776 787;7;0;2;0;0;1
202400002867;155 776 788;0;0;2;0;0;0
202400002868;155 776 785;30;0;0;0;14;1
202400002868;155 776 786;7;0;2;8;12;0
202400002869;155 776 783;10;0;2;2;1;1
202400002869;155 776 784;7;0;2;2;5;1
202400002870;155 776 780;7;4;0;1;1;1
202400002871;155 776 779;2;0;2;4;23;3
202400002871;155 776 781;7;0;2;4;1;2
202400002871;155 776 782;7;0;2;1;1;1
202400002872;155 776 778;7;0;1;2;1;1
202400002873;155 776 777;7;0;1;3;15;0
202400002874;155 776 776;7;0;1;1;1;
202400002875;155 776 775;1;8;0;1;26;5
202400002876;155 776 773;7;0;2;1;15;1
202400002876;155 776 774;50;0;2;1;1;3
202400002877;155 776 772;10;0;1;1;1;1
202400002878;155 776 770;33;0;2;2;2;1
202400002878;155 776 771;7;0;2;3;1;1
202400002879;155 776 769;37;0;1;3;15;1
202400002880;155 776 767;13;0;2;2;0;1
202400002880;155 776 768;7;0;2;6;1;1
202400002881;155 776 765;10;0;2;3;1;1
202400002881;155 776 766;1;0;2;7;1;5
202400002882;155 776 762;7;0;2;8;1;1
202400002882;155 776 764;7;0;2;5;15;1
202400002883;155 776 761;7;0;2;4;2;1
202400002883;155 776 763;7;0;2;1;2;1
202400002884;155 776 758;10;0;2;1;1;1
202400002884;155 776 760;7;0;2;1;1;1
202400002885;155 776 757;7;0;2;1;19;1
202400002885;155 776 759;7;0;2;1;2;1
202400002886;155 776 756;7;0;1;3;26;1
202400002887;155 776 754;7;0;2;6;16;1
202400002887;155 776 755;7;0;2;6;23;1
202400002888;155 776 751;50;0;2;1;1;3
202400002888;155 776 753;7;0;2;5;1;2
202400002889;155 776 750;1;0;2;2;1;5
202400002889;155 776 752;7;0;9;3;9;1
202400002890;155 776 749;7;0;1;4;4;1
202400002891;155 776 748;39;0;1;1;26;3
202400002892;155 776 747;7;0;1;1;1;1
202400002893;155 776 745;33;0;2;1;1;1
202400002893;155 776 746;7;0;2;3;15;1
202400002894;155 776 744;7;0;1;5;15;1
202400002895;155 776 742;7;0;9;1;1;1
202400002895;155 776 743;50;0;2;1;26;3
202400002896;155 776 740;7;0;2;1;1;1
202400002896;155 776 741;7;0;2;6;1;1
202400002897;155 776 739;7;8;0;1;1;1
202400002898;155 776 738;7;8;0;1;15;1
202400002899;155 776 735;7;0;2;8;15;1
202400002899;155 776 736;33;0;2;7;17;1
202400002900;155 776 734;7;0;2;3;15;1
202400002900;155 776 737;33;0;2;1;1;1
202400002901;155 776 732;50;13;0;1;0;3
202400002902;155 776 731;7;0;9;1;15;1
202400002902;155 776 733;1;0;2;8;1;5
202400002903;155 776 730;7;2;0;2;0;1
202400002904;155 776 729;10;0;1;1;1;0
202400002905;155 776 728;7;13;0;1;1;2
202400002906;155 776 726;33;3;0;3;13;1
202400002907;155 776 725;1;0;0;0;0;5
202400002907;155 776 727;7;0;2;1;1;1
202400002908;155 776 722;10;0;2;1;12;1
202400002908;155 776 724;13;3;0;5;1;1
202400002909;155 776 721;40;0;2;7;1;3
202400002909;155 776 723;1;0;4;8;13;5
202400002910;155 776 720;7;6;0;1;0;1
202400002911;155 776 718;7;0;1;1;1;1
202400002912;155 776 717;2;0;2;1;2;1
202400002912;155 776 719;2;0;0;4;2;1
202400002913;155 776 713;50;0;2;1;0;3
202400002913;155 776 715;7;0;2;3;9;1
202400002914;155 776 714;33;0;2;1;5;0
202400002914;155 776 716;7;0;2;3;0;1
202400002915;155 776 710;7;0;0;0;23;3
202400002915;155 776 712;33;0;2;0;26;1
202400002916;155 776 709;7;0;2;1;5;1
202400002916;155 776 711;7;0;2;1;1;1
202400002917;155 776 708;50;0;0;0;1;3
202400002918;155 776 707;7;13;0;3;0;1
202400002919;155 776 706;1;0;9;0;1;5
202400002920;155 776 705;7;0;1;1;26;3
202400002921;155 776 704;7;2;0;2;1;1
202400002922;155 776 701;7;2;0;3;0;1
202400002923;155 776 700;7;8;0;1;14;1
202400002924;155 776 697;7;0;0;0;0;1
202400002925;155 776 695;7;13;0;0;1;1
202400002926;155 776 694;7;0;2;0;0;1
202400002926;155 776 696;30;0;2;1;1;1
202400002927;155 776 693;7;13;0;0;1;1
202400002928;155 776 692;7;16;0;2;10;1
202400002929;155 776 690;2;0;2;4;1;1
202400002929;155 776 691;7;0;2;2;2;1
202400002930;155 776 688;7;2;0;2;14;1
202400002931;155 776 687;7;0;2;1;15;1
202400002931;155 776 689;1;0;2;8;1;5
202400002932;155 776 686;7;16;0;9;0;1
202400002933;155 776 684;7;0;2;1;13;1
202400002933;155 776 685;15;0;2;1;21;1
202400002934;155 776 683;20;8;0;7;13;1
202400002935;155 776 680;10;0;2;3;0;
202400002935;155 776 682;30;0;2;3;15;
202400002936;155 776 681;10;10;0;2;26;0
202400002937;155 776 677;7;0;2;3;13;1
202400002937;155 776 679;7;0;2;0;0;3
202400002938;155 776 676;7;0;2;1;19;1
202400002938;155 776 678;7;0;2;2;1;1
202400002939;155 776 673;7;0;2;3;1;1
202400002939;155 776 675;7;0;2;3;1;1
202400002940;155 776 671;7;8;0;1;1;1
202400002941;155 776 669;7;13;0;1;1;1
202400002942;155 776 667;7;0;2;1;2;1
202400002942;155 776 668;7;0;2;4;2;1
202400002943;155 776 666;7;0;0;2;0;1
202400002944;155 776 664;7;3;0;1;2;1
202400002945;155 776 663;7;0;2;3;1;1
202400002945;155 776 665;10;0;2;3;1;1
202400002946;155 776 660;7;0;2;1;2;3
202400002946;155 776 662;7;0;0;4;1;1
202400002947;155 776 659;33;0;2;1;2;1
202400002947;155 776 661;7;0;2;6;15;1
202400002948;155 776 657;7;2;1;3;1;1
202400002949;155 776 656;7;0;2;0;2;1
202400002949;155 776 658;50;0;2;4;0;3