Num_Acc;id_vehicule;categorie_vehicule;obstacle_fixe;obstacle_mobile;point_choc_initial;manoeuvre_principale;motorisation
202400002950;155 776 654;10;0;2;1;1;1
202400002950;155 776 655;7;0;2;1;13;1
202400002951;155 776 651;10;0;1;4;4;1
202400002952;155 776 650;7;0;2;1;2;1
202400002952;155 776 652;7;0;2;4;2;1
202400002952;155 776 653;7;0;2;4;2;1
202400002953;155 776 649;7;4;0;3;11;1
202400002954;155 776 648;7;0;1;1;16;1
202400002955;155 776 645;32;5;0;2;0;1
202400002956;155 776 644;7;0;2;3;13;1
202400002956;155 776 646;10;0;2;3;1;1
202400002957;155 776 640;7;0;2;3;19;1
202400002957;155 776 642;7;0;2;1;1;1
202400002958;155 776 639;7;13;2;9;2;1
202400002958;155 776 641;7;0;2;0;1;1
202400002958;155 776 643;7;0;2;6;1;2
202400002959;155 776 636;33;0;2;1;1;1
202400002959;155 776 638;10;0;0;8;19;1
202400002960;155 776 635;3;0;2;1;13;1
202400002960;155 776 637;14;0;2;2;1;1
202400002961;155 776 633;33;4;0;2;1;1
202400002962;155 776 632;7;0;2;3;23;1
202400002962;155 776 634;7;0;0;2;19;1
202400002963;155 776 630;7;0;1;3;0;1
202400002964;155 776 631;7;2;0;1;0;1
202400002965;155 776 627;7;0;2;1;15;1
202400002965;155 776 629;33;0;0;7;1;1
202400002966;155 776 625;7;0;2;1;11;1
202400002966;155 776 626;7;0;2;1;1;1
202400002966;155 776 628;7;0;2;3;1;1
202400002967;155 776 624;7;0;0;9;1;1
202400002968;155 776 622;7;8;0;1;1;1
202400002969;155 776 621;7;0;1;1;1;1
202400002970;155 776 623;33;0;0;1;26;0
202400002971;155 776 617;10;0;2;1;15;1
202400002971;155 776 618;2;0;2;3;15;1
202400002972;155 776 616;1;0;2;7;1;5
202400002972;155 776 619;7;0;2;1;9;1
202400002973;155 776 615;2;1;0;1;17;1
202400002974;155 776 613;7;0;2;1;2;1
202400002974;155 776 614;17;0;0;7;16;1
202400002975;155 776 612;7;3;0;1;13;
202400002976;155 776 611;7;4;0;3;1;1
202400002977;155 776 609;1;0;2;8;1;5
202400002977;155 776 610;7;0;2;3;15;0
202400002978;155 776 608;7;4;0;2;1;1
202400002979;155 776 607;7;0;0;9;1;1
202400002980;155 776 604;17;0;2;2;1;1
202400002980;155 776 605;7;0;2;4;11;1
202400002980;155 776 606;10;0;2;4;11;1
202400002981;155 776 602;7;0;4;8;15;
202400002981;155 776 603;40;0;2;2;1;
202400002982;155 776 599;7;0;2;3;1;1
202400002982;155 776 601;7;0;2;4;1;1
202400002983;155 776 598;7;0;0;8;19;1
202400002983;155 776 600;33;0;0;1;17;1
202400002984;155 776 597;33;6;0;1;26;1
202400002985;155 776 595;2;0;2;1;1;1
202400002985;155 776 596;15;0;2;4;26;1
202400002986;155 776 594;7;0;2;1;0;1
202400002987;155 776 592;7;0;2;2;14;1
202400002987;155 776 593;7;0;2;6;2;1
202400002988;155 776 590;7;4;0;1;26;1
202400002989;155 776 591;7;0;2;1;1;1
202400002990;155 776 588;7;4;2;4;1;1
202400002990;155 776 589;33;4;2;1;1;1
202400002991;155 776 585;7;13;2;3;0;1
202400002991;155 776 587;7;13;2;3;1;1
202400002992;155 776 586;7;3;0;2;14;1
202400002993;155 776 583;7;0;2;1;1;1
202400002993;155 776 584;7;;;;0;
202400002994;155 776 578;10;0;2;4;15;1
202400002994;155 776 579;7;0;2;1;1;1
202400002994;155 776 581;7;0;2;4;2;1
202400002995;155 776 576;7;1;0;1;2;1
202400002995;155 776 577;7;0;2;4;23;0
202400002996;155 776 580;7;0;2;4;2;1
202400002996;155 776 582;7;0;2;1;2;1
202400002997;155 776 574;7;0;0;0;15;1
202400002998;155 776 573;10;0;2;3;1;1
202400002998;155 776 575;7;0;2;1;1;1
202400002999;155 776 571;7;0;2;1;0;1
202400002999;155 776 572;15;9;2;4;23;1
202400003000;155 776 567;7;0;2;3;13;1
202400003000;155 776 568;7;0;2;1;1;1
202400003001;155 776 566;7;0;2;1;2;1
202400003001;155 776 569;7;0;2;1;2;1
202400003001;155 776 570;7;0;2;4;2;1
202400003002;155 776 565;7;0;0;1;1;1
202400003003;155 776 563;10;0;2;6;11;1
202400003003;155 776 564;31;0;2;8;0;3
202400003004;155 776 561;2;0;2;2;2;1
202400003004;155 776 562;7;0;2;7;1;1
202400003005;155 776 559;33;0;2;1;17;1
202400003005;155 776 560;7;0;2;4;15;1
202400003006;155 776 557;7;0;2;5;0;1
202400003006;155 776 558;50;0;2;8;13;3
202400003007;155 776 556;7;0;1;1;0;1
202400003008;155 776 553;7;14;2;4;26;1
202400003008;155 776 554;7;14;0;4;2;1
202400003009;155 776 552;7;0;2;5;16;1
202400003009;155 776 555;2;0;2;8;18;1
202400003010;155 776 551;0;0;0;0;26;0
202400003011;155 776 550;50;0;1;8;13;3
202400003012;155 776 548;7;0;2;7;15;2
202400003012;155 776 549;7;0;2;0;0;1
202400003013;155 776 546;1;0;2;2;1;5
202400003013;155 776 547;14;0;2;2;16;1
202400003014;155 776 545;7;0;0;2;14;1
202400003015;155 776 542;7;0;0;1;13;1
202400003015;155 776 544;7;0;2;0;5;0
202400003016;155 776 541;34;0;2;1;26;1
202400003016;155 776 543;7;0;2;3;2;1
202400003017;155 776 539;7;0;2;2;1;1
202400003017;155 776 540;33;0;2;4;18;1
202400003018;155 776 537;7;0;2;6;13;2
202400003018;155 776 538;32;0;2;2;2;1
202400003019;155 776 536;7;0;1;6;20;1
202400003020;155 776 533;31;0;2;5;3;0
202400003020;155 776 535;7;0;2;2;15;1
202400003021;155 776 531;7;0;2;1;15;2
202400003021;155 776 534;0;0;2;1;1;0
202400003022;155 776 530;7;0;9;3;2;1
202400003022;155 776 532;1;0;2;5;2;5
202400003023;155 776 527;32;0;2;8;1;1
202400003023;155 776 529;7;0;2;6;15;2
202400003024;155 776 525;7;0;0;5;2;2
202400003024;155 776 526;7;0;2;3;2;1
202400003024;155 776 528;7;0;2;2;2;1
202400003025;155 776 524;7;0;1;1;0;1
202400003026;155 776 522;7;0;2;3;2;1
202400003026;155 776 523;32;0;2;4;2;1
202400003027;155 776 521;7;0;1;2;1;1
202400003028;155 776 519;7;13;2;6;9;1
202400003028;155 776 520;7;0;2;2;13;1
202400003029;155 776 517;7;9;0;3;9;1
202400003029;155 776 518;7;9;2;1;9;1
202400003030;155 776 516;10;0;1;1;26;1
202400003031;155 776 514;10;0;2;3;15;1
202400003031;155 776 515;33;0;2;1;1;1
202400003032;155 776 512;7;0;9;1;1;1
202400003033;155 776 511;7;0;2;3;1;1
202400003033;155 776 513;10;0;2;3;0;1
202400003034;155 776 510;7;0;1;1;13;1
202400003035;155 776 506;7;0;2;2;12;1
202400003035;155 776 508;33;0;2;8;3;1
202400003036;155 776 504;36;0;2;6;1;1
202400003036;155 776 505;7;0;2;1;1;1
202400003037;155 776 500;33;0;2;1;3;0
202400003037;155 776 503;7;0;2;5;1;0
202400003038;155 776 499;1;0;2;1;1;5
202400003038;155 776 502;7;0;2;8;26;1
202400003039;155 776 498;2;0;2;0;10;1
202400003039;155 776 501;33;0;2;0;1;1
202400003040;155 776 495;33;0;2;8;3;1
202400003040;155 776 497;7;0;2;5;12;1
202400003041;155 776 493;10;0;2;1;1;1
202400003041;155 776 496;1;0;2;4;2;5
202400003042;155 776 492;7;0;2;3;1;1
202400003042;155 776 494;33;0;2;3;26;1
202400003043;155 776 489;7;12;0;2;26;1
202400003044;155 776 490;7;14;0;1;0;1
202400003044;155 776 491;10;0;0;4;0;1
202400003045;155 776 488;30;0;1;1;1;1
202400003046;155 776 484;1;0;2;1;26;5
202400003046;155 776 487;10;0;2;7;1;1
202400003047;155 776 483;7;0;2;1;9;1
202400003047;155 776 486;2;0;2;2;26;1
202400003048;155 776 482;10;4;2;4;1;1
202400003048;155 776 485;20;4;2;1;1;1
202400003049;155 776 478;7;0;2;2;2;1
202400003049;155 776 481;2;0;2;9;2;1
202400003050;155 776 477;17;0;2;5;1;0
202400003050;155 776 480;1;0;2;6;23;5
202400003051;155 776 476;7;0;2;1;1;1
202400003051;155 776 479;10;0;2;4;1;1
202400003052;155 776 475;7;0;1;2;1;1
202400003053;155 776 472;10;0;2;1;2;1
202400003053;155 776 473;10;0;2;4;2;1
202400003054;155 776 471;7;0;2;1;9;1
202400003054;155 776 474;7;0;2;4;1;1
202400003055;155 776 469;7;0;2;3;0;1
202400003055;155 776 470;7;0;0;0;0;1
202400003056;155 776 463;7;0;1;2;26;1
202400003057;155 776 464;33;0;2;1;3;1
202400003057;155 776 466;10;0;2;5;1;1
202400003057;155 776 468;15;0;2;0;1;1
202400003058;155 776 465;1;0;2;3;13;0
202400003058;155 776 467;37;0;2;2;2;0
202400003059;155 776 461;7;0;2;6;16;2
202400003059;155 776 462;7;0;2;1;1;1
202400003060;155 776 458;7;0;1;3;15;1
202400003061;155 776 459;7;1;2;1;1;1
202400003061;155 776 460;7;0;2;4;24;1
202400003062;155 776 455;33;0;2;2;21;1
202400003062;155 776 457;7;0;2;6;0;1
202400003063;155 776 448;7;14;0;2;15;1
202400003064;155 776 445;7;3;2;0;21;1
202400003064;155 776 449;1;0;2;0;1;5
202400003064;155 776 451;1;0;2;0;1;5
202400003064;155 776 453;1;0;2;0;1;5
202400003064;155 776 456;1;0;2;0;1;5
202400003065;155 776 446;7;0;2;6;15;1
202400003065;155 776 450;33;0;2;1;1;1
202400003066;155 776 444;7;0;2;2;1;1
202400003066;155 776 447;7;0;2;8;9;2
202400003067;155 776 442;7;0;2;3;20;2
202400003067;155 776 443;7;0;9;3;1;1
202400003068;155 776 440;33;0;0;0;1;1
202400003069;155 776 438;7;0;4;8;15;1
202400003069;155 776 441;40;0;2;2;1;3
202400003070;155 776 439;7;0;1;8;4;1
202400003071;155 776 435;7;0;2;8;1;1
202400003071;155 776 437;7;0;2;1;9;1
202400003072;155 776 433;7;0;1;2;20;2
202400003073;155 776 434;7;0;2;7;9;1
202400003073;155 776 436;50;0;2;8;2;3
202400003074;155 776 432;33;0;9;1;0;1
202400003075;155 776 430;7;2;0;1;1;1
202400003076;155 776 428;7;0;2;2;9;1
202400003076;155 776 431;7;0;2;4;1;1
202400003077;155 776 426;7;0;2;1;9;1
202400003077;155 776 429;50;0;2;8;5;3
202400003078;155 776 424;7;0;2;5;1;1
202400003078;155 776 427;7;0;2;1;15;2
202400003079;155 776 422;7;0;2;3;15;3
202400003079;155 776 423;60;0;2;1;1;5
202400003080;155 776 421;7;0;2;1;2;1
202400003080;155 776 425;10;13;0;4;2;1
202400003081;155 776 419;31;0;2;1;3;1
202400003081;155 776 420;10;0;2;3;15;1
202400003082;155 776 416;7;0;2;1;0;2
202400003082;155 776 418;7;0;0;8;0;1
202400003083;155 776 414;7;0;1;1;1;1
202400003084;155 776 412;7;1;2;7;17;1
202400003084;155 776 415;7;0;2;8;24;1
202400003084;155 776 417;7;0;2;8;1;1
202400003085;155 776 411;7;0;2;7;1;1
202400003085;155 776 413;7;0;2;1;1;1
202400003086;155 776 409;50;0;1;1;1;3
202400003087;155 776 407;7;0;2;1;2;1
202400003087;155 776 408;7;0;2;4;1;1
202400003088;155 776 406;2;0;2;1;17;1
202400003088;155 776 410;10;0;2;8;11;1
202400003089;155 776 405;7;0;1;7;1;1
202400003090;155 776 404;30;8;2;0;2;1
202400003091;155 776 403;7;6;0;1;0;1
202400003092;155 776 399;7;0;2;2;1;1
202400003092;155 776 401;7;0;2;5;4;1
202400003093;155 776 400;7;0;2;7;15;1
202400003093;155 776 402;80;0;2;1;1;3
202400003094;155 776 397;7;0;1;1;0;1
202400003095;155 776 394;7;0;1;1;26;1
202400003096;155 776 395;7;0;1;2;0;1
202400003097;155 776 396;31;0;2;1;1;1
202400003097;155 776 398;7;0;2;2;9;1
202400003098;155 776 388;33;0;2;2;13;1
202400003098;155 776 391;7;0;2;1;15;1
202400003099;155 776 390;7;0;2;8;15;1
202400003099;155 776 392;33;0;2;1;17;1
202400003100;155 776 389;50;0;2;3;2;3
202400003100;155 776 393;10;0;2;2;2;1
202400003101;155 776 387;7;3;0;0;1;1
202400003102;155 776 384;7;0;2;7;15;1
202400003102;155 776 386;33;0;2;1;1;1
202400003103;155 776 381;7;0;1;1;15;1
202400003104;155 776 383;7;0;2;1;1;1
202400003104;155 776 385;7;15;2;7;1;1
202400003105;155 776 379;7;0;1;3;26;1
202400003106;155 776 378;7;0;0;8;1;1
202400003107;155 776 375;7;0;2;4;1;1
202400003107;155 776 376;7;0;2;4;2;1
202400003107;155 776 377;10;0;2;1;2;3
202400003108;155 776 372;50;0;2;1;15;3
202400003108;155 776 373;7;0;2;2;1;1
202400003109;155 776 371;33;0;2;1;1;1
202400003109;155 776 374;7;0;2;2;21;2
202400003110;155 776 369;7;0;2;2;9;1
202400003110;155 776 370;7;0;2;3;1;1
202400003111;155 776 366;10;6;1;4;26;1
202400003112;155 776 363;32;0;0;0;0;1
202400003112;155 776 365;10;0;2;3;13;1
202400003113;155 776 364;7;0;2;1;1;1
202400003113;155 776 367;7;0;2;1;1;1
202400003113;155 776 368;7;0;2;4;23;1
202400003114;155 776 361;7;2;0;2;1;1
202400003115;155 776 360;7;0;0;1;0;0
202400003116;155 776 359;1;0;2;3;23;5
202400003116;155 776 362;7;0;2;3;15;1
202400003117;155 776 357;33;0;2;0;26;1
202400003117;155 776 358;7;0;0;8;1;1
202400003118;155 776 352;7;0;2;1;9;1
202400003118;155 776 354;1;0;2;7;0;5
202400003119;155 776 351;31;0;2;7;1;1
202400003119;155 776 356;7;0;2;2;9;1
202400003120;155 776 353;7;0;2;0;0;1
202400003120;155 776 355;32;0;0;0;0;1
202400003121;155 776 350;7;0;1;1;1;1
202400003122;155 776 349;7;0;1;1;0;1
202400003123;155 776 348;7;2;0;0;1;1
202400003124;155 776 346;50;0;2;3;19;3
202400003124;155 776 347;14;0;2;1;1;1
202400003125;155 776 345;1;13;0;1;25;5
202400003126;155 776 342;7;0;2;2;1;1
202400003126;155 776 344;7;0;2;3;9;1
202400003127;155 776 341;7;0;2;8;1;1
202400003127;155 776 343;7;0;2;1;1;1
202400003128;155 776 338;7;7;2;2;1;2
202400003128;155 776 339;7;0;2;3;11;1
202400003129;155 776 333;7;0;2;6;2;1
202400003129;155 776 336;10;0;2;1;2;1
202400003130;155 776 334;7;0;2;1;1;1
202400003130;155 776 340;7;0;2;3;1;1
202400003131;155 776 335;33;0;2;1;1;1
202400003131;155 776 337;7;0;2;8;15;1
202400003132;155 776 332;10;0;1;1;15;1
202400003133;155 776 330;7;0;1;4;21;1
202400003134;155 776 331;7;3;0;1;1;2
202400003135;155 776 326;7;2;0;1;13;1
202400003136;155 776 322;7;0;2;1;1;1
202400003136;155 776 325;7;0;2;4;1;1
202400003136;155 776 328;7;0;2;4;1;1
202400003136;155 776 329;7;0;2;4;1;1
202400003137;155 776 320;33;0;2;1;1;1
202400003137;155 776 323;7;0;2;5;15;1
202400003138;155 776 319;7;0;2;8;1;1
202400003138;155 776 321;7;0;2;1;1;3
202400003138;155 776 324;7;0;2;1;1;1
202400003138;155 776 327;7;0;2;1;1;3
202400003139;155 776 316;31;0;2;1;1;1
202400003139;155 776 318;1;0;2;0;0;5
202400003140;155 776 315;80;0;2;1;1;2
202400003140;155 776 317;3;0;9;7;16;1
202400003141;155 776 313;7;0;2;2;1;1
202400003141;155 776 314;10;0;2;2;13;1
202400003142;155 776 310;7;0;9;1;26;1
202400003142;155 776 311;60;0;2;1;19;5
202400003143;155 776 309;7;0;2;5;2;1
202400003143;155 776 312;7;0;2;3;2;1
202400003144;155 776 306;7;0;2;7;15;1
202400003144;155 776 307;1;0;2;1;1;5
202400003145;155 776 304;7;0;9;3;1;1
202400003145;155 776 308;1;0;2;2;15;5
202400003146;155 776 302;30;0;2;1;2;1
202400003146;155 776 303;7;0;2;4;23;1
202400003147;155 776 300;7;0;9;1;16;1
202400003147;155 776 305;7;0;9;1;16;1
202400003148;155 776 297;31;0;2;1;1;1
202400003148;155 776 299;7;0;2;3;15;2
202400003149;155 776 298;1;0;2;1;19;5
202400003149;155 776 301;7;0;2;2;2;1
202400003150;155 776 294;32;0;2;1;2;1
202400003150;155 776 296;7;0;2;4;2;1
202400003151;155 776 293;7;0;1;2;5;1
202400003152;155 776 292;7;0;2;2;1;1
202400003152;155 776 295;30;0;2;1;1;1
202400003153;155 776 290;10;0;2;4;26;1
202400003153;155 776 291;7;1;2;4;4;1
202400003154;155 776 287;14;0;2;6;12;0
202400003154;155 776 289;7;0;2;6;1;1
202400003155;155 776 285;14;0;2;1;1;1
202400003155;155 776 288;17;0;2;3;1;1
202400003156;155 776 284;7;0;2;2;26;1
202400003156;155 776 286;31;0;2;8;1;1
202400003157;155 776 283;7;0;1;2;21;1
202400003158;155 776 280;1;0;2;3;9;5
202400003158;155 776 282;7;0;2;2;2;1
202400003159;155 776 281;33;6;0;1;1;1
202400003160;155 776 277;7;0;2;1;9;2
202400003160;155 776 279;32;0;2;7;1;1
202400003161;155 776 276;7;0;1;1;14;1
202400003162;155 776 274;7;0;2;3;1;1
202400003162;155 776 275;7;0;2;3;17;1
202400003162;155 776 278;7;0;2;3;1;1
202400003163;155 776 272;80;0;2;1;19;3
202400003163;155 776 273;7;0;2;0;1;1
202400003164;155 776 270;14;0;1;1;1;1
202400003165;155 776 269;7;0;2;1;2;1
202400003165;155 776 271;7;0;2;4;2;1
202400003166;155 776 267;7;0;2;3;9;1
202400003166;155 776 268;1;0;2;1;0;5
202400003167;155 776 263;7;0;1;1;1;1
202400003168;155 776 262;33;0;2;1;3;1
202400003168;155 776 264;7;0;2;5;2;2
202400003169;155 776 256;7;0;2;2;1;1
202400003169;155 776 260;50;0;2;1;16;3
202400003170;155 776 257;33;3;0;2;3;1
202400003170;155 776 258;10;0;2;6;11;1
202400003171;155 776 254;10;0;2;1;2;1
202400003171;155 776 255;7;0;2;4;2;1
202400003172;155 776 251;1;0;2;1;1;5
202400003172;155 776 253;7;0;2;3;9;1
202400003173;155 776 252;10;4;0;1;1;1
202400003174;155 776 250;3;0;1;1;1;1
202400003175;155 776 249;33;3;0;8;1;1
202400003176;155 776 245;50;0;1;1;13;3
202400003177;155 776 244;7;0;2;2;9;1
202400003177;155 776 247;7;9;2;0;1;1
202400003178;155 776 243;10;1;0;1;1;1
202400003178;155 776 246;7;1;0;1;1;2
202400003178;155 776 248;7;1;0;4;23;1
202400003179;155 776 240;30;0;2;2;15;1
202400003179;155 776 242;32;0;2;1;1;1
202400003180;155 776 239;7;0;2;1;1;1
202400003180;155 776 241;7;0;2;2;15;1
202400003181;155 776 237;33;0;2;1;3;1
202400003181;155 776 238;7;0;2;2;12;2
202400003182;155 776 234;10;0;2;1;1;1
202400003182;155 776 236;7;0;2;4;1;1
202400003183;155 776 233;2;0;2;2;17;1
202400003183;155 776 235;7;0;2;8;15;1
202400003184;155 776 231;37;0;1;1;1;1
202400003185;155 776 230;43;0;2;8;1;1
202400003185;155 776 232;7;0;2;2;12;1
202400003186;155 776 227;7;0;2;8;11;1
202400003186;155 776 229;32;0;2;7;1;1
202400003187;155 776 226;7;0;2;1;2;1
202400003187;155 776 228;7;0;2;1;13;1
202400003188;155 776 224;7;0;2;4;1;1
202400003188;155 776 225;7;0;2;1;1;1
202400003189;155 776 222;30;0;1;1;7;3
202400003190;155 776 221;50;0;2;1;1;3
202400003190;155 776 223;7;0;2;1;1;1
202400003191;155 776 220;33;0;0;9;26;1
202400003192;155 776 216;10;1;0;1;20;1
202400003192;155 776 217;10;1;2;4;24;1
202400003193;155 776 214;30;0;1;2;1;1
202400003194;155 776 215;7;0;2;6;1;1
202400003194;155 776 218;7;0;2;1;17;1
202400003194;155 776 219;33;0;2;4;1;1
202400003195;155 776 211;7;0;2;2;15;1
202400003195;155 776 213;7;0;2;1;1;1
202400003196;155 776 210;3;0;2;3;13;1
202400003196;155 776 212;7;0;2;3;1;1
202400003197;155 776 209;33;0;0;9;21;1
202400003198;155 776 207;7;0;2;3;26;1
202400003198;155 776 208;1;0;2;7;1;5
202400003199;155 776 205;7;0;2;8;9;1
202400003199;155 776 206;10;0;2;1;1;1
202400003200;155 776 204;7;0;1;1;19;1
202400003201;155 776 200;17;0;2;5;1;1
202400003201;155 776 202;7;0;2;8;11;1
202400003202;155 776 201;7;0;1;3;0;1
202400003203;155 776 198;7;0;1;6;18;1
202400003204;155 776 199;7;0;2;2;19;1
202400003204;155 776 203;7;0;2;3;1;1
202400003205;155 776 193;37;0;2;3;1;1
202400003205;155 776 194;7;0;2;2;16;2
202400003206;155 776 191;7;14;1;4;26;0
202400003207;155 776 190;7;0;2;1;2;1
202400003207;155 776 192;7;0;2;4;2;1
202400003208;155 776 189;33;0;1;2;17;1
202400003209;155 776 187;1;0;2;1;19;5
202400003209;155 776 188;7;0;2;8;1;1
202400003210;155 776 185;7;0;1;0;1;1
202400003211;155 776 183;2;0;2;3;1;3
202400003211;155 776 186;7;0;2;3;13;1
202400003212;155 776 182;7;0;2;2;1;1
202400003212;155 776 184;50;0;2;5;19;3
202400003213;155 776 180;7;0;1;2;16;1
202400003214;155 776 178;50;0;2;6;2;3
202400003214;155 776 179;10;0;2;2;2;0
202400003215;155 776 177;30;0;2;1;16;1
202400003215;155 776 181;7;0;2;6;15;1
202400003216;155 776 175;10;0;2;3;2;1
202400003216;155 776 176;37;0;2;4;1;1
202400003217;155 776 173;1;0;2;7;1;5
202400003217;155 776 174;10;0;2;3;1;1
202400003218;155 776 171;30;0;2;1;14;1
202400003218;155 776 172;7;0;2;1;16;1
202400003219;155 776 169;7;0;1;1;26;1
202400003220;155 776 166;7;0;1;1;26;1
202400003220;155 776 168;7;0;2;4;23;2
202400003221;155 776 164;7;0;2;0;0;1
202400003221;155 776 167;7;0;2;0;0;1
202400003221;155 776 170;7;0;2;0;0;1
202400003222;155 776 163;1;0;0;0;1;5
202400003222;155 776 165;7;0;9;1;9;1
202400003223;155 776 160;10;0;1;1;16;1
202400003224;155 776 161;1;0;2;1;1;5
202400003224;155 776 162;7;0;9;1;1;1
202400003225;155 776 159;1;0;0;0;1;5
202400003226;155 776 157;7;0;2;4;1;1
202400003226;155 776 158;7;0;2;1;2;1
202400003227;155 776 154;7;1;0;1;7;1
202400003227;155 776 156;37;0;2;4;23;1
202400003228;155 776 153;7;0;2;2;1;1
202400003228;155 776 155;30;0;2;1;1;1
202400003229;155 776 149;50;0;1;1;1;3
202400003230;155 776 143;7;0;2;1;13;1
202400003230;155 776 144;1;0;2;1;1;5
202400003230;155 776 146;1;0;2;1;1;5
202400003230;155 776 147;1;0;2;1;1;5
202400003230;155 776 148;1;0;2;1;1;5
202400003230;155 776 150;1;0;2;1;1;5
202400003230;155 776 151;1;0;2;1;1;5
202400003230;155 776 152;1;0;2;1;1;5
202400003231;155 776 142;7;6;2;5;1;1
202400003231;155 776 145;7;1;2;0;0;1
202400003232;155 776 139;33;0;2;1;1;1
202400003232;155 776 141;37;0;2;1;15;1
202400003233;155 776 138;7;0;2;0;0;0
202400003233;155 776 140;50;0;0;0;5;3
202400003234;155 776 136;7;0;1;3;15;1
202400003235;155 776 134;7;0;2;1;1;1
202400003235;155 776 135;7;0;2;5;15;1
202400003235;155 776 137;10;0;2;1;16;1
202400003236;155 776 132;15;0;2;8;16;0
202400003236;155 776 133;33;16;2;3;26;1
202400003237;155 776 130;7;0;2;5;0;1
202400003237;155 776 131;33;0;2;1;0;1
202400003238;155 776 128;7;0;2;8;1;1
202400003238;155 776 129;7;1;2;3;16;2
202400003239;155 776 127;7;0;1;7;1;1
202400003240;155 776 125;7;0;1;1;15;1
202400003241;155 776 124;7;0;2;2;1;1
202400003241;155 776 126;7;0;2;3;15;1
202400003242;155 776 122;10;0;2;3;19;0
202400003242;155 776 123;31;0;2;2;1;1
202400003243;155 776 120;33;0;2;0;1;1
202400003243;155 776 121;31;0;2;0;15;1
202400003244;155 776 119;7;0;1;3;0;0
202400003245;155 776 116;30;0;2;7;2;0
202400003245;155 776 118;0;0;2;1;15;0
202400003246;155 776 115;33;0;2;0;1;1
202400003246;155 776 117;7;0;2;0;9;1
202400003247;155 776 112;7;0;2;1;0;1
202400003247;155 776 114;10;0;2;1;13;1
202400003248;155 776 111;10;0;2;2;9;1
202400003248;155 776 113;1;0;2;1;1;5
202400003249;155 776 109;50;8;0;1;1;3
202400003250;155 776 104;10;0;2;4;1;0
202400003250;155 776 106;7;0;2;4;1;1
202400003250;155 776 107;7;0;2;4;1;1
202400003250;155 776 108;7;0;2;4;0;1
202400003250;155 776 110;10;0;2;1;1;1
202400003251;155 776 105;7;0;1;3;15;1
202400003252;155 776 101;10;0;2;1;2;1
202400003252;155 776 103;7;0;2;4;1;1
202400003253;155 776 100;7;0;2;3;9;2
202400003253;155 776 102;33;0;2;1;1;1
202400003254;155 776 099;7;0;1;3;1;1
202400003255;155 776 096;7;0;2;1;1;1
202400003255;155 776 098;7;0;2;7;15;1
202400003256;155 776 094;7;0;2;4;2;1
202400003256;155 776 095;7;0;2;4;2;1
202400003256;155 776 097;10;0;2;1;1;1
202400003257;155 776 093;7;0;1;1;1;0
202400003258;155 776 091;7;0;2;3;19;1
202400003258;155 776 092;30;0;2;1;21;1
202400003259;155 776 090;7;6;0;1;14;1
202400003260;155 776 089;7;0;1;3;1;2
202400003261;155 776 088;10;0;1;1;1;1
202400003262;155 776 086;7;0;2;3;1;1
202400003262;155 776 087;7;0;2;2;15;1
202400003263;155 776 085;7;0;1;2;1;1
202400003264;155 776 083;7;0;2;4;17;1
202400003264;155 776 084;33;0;2;1;1;1
202400003265;155 776 080;7;0;2;1;1;1
202400003265;155 776 082;7;0;2;8;1;1
202400003266;155 776 079;50;0;2;1;1;3
202400003266;155 776 081;7;0;2;3;22;2
202400003267;155 776 077;1;0;1;0;1;5
202400003268;155 776 076;60;0;2;0;19;5
202400003268;155 776 078;7;0;2;3;1;2
202400003269;155 776 075;1;0;1;1;1;5
202400003270;155 776 073;10;14;0;1;26;1
202400003270;155 776 074;7;0;2;4;23;1
202400003271;155 776 071;38;0;1;1;1;1
202400003272;155 776 070;1;0;2;4;1;5
202400003272;155 776 072;10;0;2;1;0;1
202400003273;155 776 067;7;0;2;3;10;1
202400003273;155 776 069;32;0;2;1;5;3
202400003274;155 776 066;7;0;2;1;14;0
202400003274;155 776 068;7;0;2;5;0;1
202400003275;155 776 063;1;0;2;1;5;5
202400003275;155 776 065;32;0;2;1;1;1
202400003276;155 776 062;7;0;2;1;2;1
202400003276;155 776 064;7;0;2;4;2;2
202400003277;155 776 060;32;0;2;1;17;1
202400003277;155 776 061;7;0;2;3;10;1
202400003278;155 776 058;7;0;2;7;15;1
202400003278;155 776 059;7;0;2;1;1;1
202400003279;155 776 056;7;0;2;2;16;3
202400003279;155 776 057;1;0;2;1;1;5
202400003280;155 776 054;1;0;1;1;17;5
202400003281;155 776 053;7;0;2;3;9;1
202400003281;155 776 055;7;15;2;7;1;1
202400003282;155 776 050;10;0;2;8;15;1
202400003282;155 776 052;34;0;2;8;17;1
202400003283;155 776 049;7;0;2;1;1;1
202400003283;155 776 051;10;0;2;5;1;1
202400003284;155 776 047;1;0;2;1;1;5
202400003284;155 776 048;1;0;2;1;1;5
202400003285;155 776 045;7;0;2;1;1;1
202400003285;155 776 046;7;0;2;4;23;1
202400003286;155 776 043;33;0;2;2;1;1
202400003286;155 776 044;1;0;2;3;15;5
202400003287;155 776 041;7;0;2;1;15;1
202400003287;155 776 042;7;0;2;3;1;1
202400003288;155 776 039;14;0;2;3;22;1
202400003288;155 776 040;1;0;2;7;1;5