Num_Acc;id_vehicule;categorie_vehicule;obstacle_fixe;obstacle_mobile;point_choc_initial;manoeuvre_principale;motorisation
202400003289;155 776 037;7;0;2;8;13;1
202400003289;155 776 038;43;0;2;7;2;1
202400003290;155 776 036;80;0;1;1;1;3
202400003291;155 776 034;15;0;2;1;13;1
202400003291;155 776 035;7;0;2;0;1;1
202400003292;155 776 032;7;0;2;1;15;1
202400003292;155 776 033;7;0;2;8;1;1
202400003293;155 776 030;50;0;2;1;1;3
202400003293;155 776 031;7;0;2;2;1;1
202400003294;155 776 028;31;0;2;1;1;1
202400003294;155 776 029;7;0;2;5;15;1
202400003295;155 776 026;7;0;2;2;15;1
202400003295;155 776 027;7;0;2;8;1;1
202400003296;155 776 025;33;4;0;3;13;1
202400003297;155 776 023;7;0;2;1;1;1
202400003297;155 776 024;1;0;2;4;1;5
202400003298;155 776 020;10;8;0;1;1;3
202400003299;155 776 021;32;0;2;1;1;1
202400003299;155 776 022;7;5;2;4;2;0
202400003300;155 776 018;7;0;2;3;1;1
202400003300;155 776 019;1;0;2;1;1;5
202400003301;155 776 016;1;0;2;7;1;5
202400003301;155 776 017;7;0;2;8;24;1
202400003302;155 776 014;50;0;2;1;1;3
202400003302;155 776 015;7;0;9;8;15;1
202400003303;155 776 012;50;0;2;1;1;3
202400003303;155 776 013;7;0;2;2;15;1
202400003304;155 776 009;7;0;2;1;2;1
202400003304;155 776 010;7;0;2;4;2;1
202400003304;155 776 011;7;0;2;4;2;1
202400003305;155 776 007;7;0;2;2;2;1
202400003305;155 776 008;50;0;2;7;2;3
202400003306;155 776 003;7;1;2;3;16;1
202400003306;155 776 005;7;0;2;2;1;1
202400003306;155 776 006;7;0;2;6;24;1
202400003307;155 776 002;7;8;0;2;1;1
202400003307;155 776 004;7;8;2;1;1;1
202400003308;155 776 000;7;0;2;1;2;1
202400003308;155 776 001;10;0;2;1;15;1
202400003309;155 775 999;7;0;1;3;1;3
202400003310;155 775 997;7;0;2;3;9;3
202400003310;155 775 998;50;0;2;1;1;3
202400003311;155 775 995;7;0;9;3;1;1
202400003311;155 775 996;99;0;2;0;0;0
202400003312;155 775 993;7;0;9;3;1;1
202400003312;155 775 994;50;0;2;1;15;3
202400003313;155 775 992;7;0;1;2;1;2
202400003314;155 775 990;33;0;2;2;2;1
202400003314;155 775 991;7;0;2;3;2;1
202400003315;155 775 988;7;0;2;6;1;0
202400003315;155 775 989;14;0;2;2;14;0
202400003316;155 775 986;33;5;0;2;13;1
202400003317;155 775 985;10;0;2;1;1;1
202400003317;155 775 987;7;0;2;7;1;1
202400003318;155 775 982;7;0;2;3;9;1
202400003318;155 775 984;43;0;2;0;0;1
202400003319;155 775 981;32;0;2;6;1;1
202400003319;155 775 983;10;0;2;3;13;0
202400003320;155 775 978;33;0;2;1;2;1
202400003320;155 775 979;7;0;2;4;16;1
202400003321;155 775 977;7;0;2;2;1;1
202400003321;155 775 980;7;0;2;1;1;1
202400003322;155 775 976;30;0;1;8;25;1
202400003323;155 775 975;30;0;0;0;17;1
202400003324;155 775 974;7;0;1;2;26;1
202400003325;155 775 972;30;0;2;1;1;1
202400003325;155 775 973;7;0;2;4;1;3
202400003326;155 775 971;7;0;1;7;17;1
202400003327;155 775 970;10;0;1;7;1;1
202400003328;155 775 968;33;0;2;2;0;6
202400003328;155 775 969;7;0;2;6;23;6
202400003329;155 775 965;7;0;2;1;1;1
202400003329;155 775 967;10;0;2;1;13;1
202400003330;155 775 961;7;0;1;1;23;1
202400003331;155 775 962;7;0;2;1;2;1
202400003331;155 775 963;10;0;2;4;2;1
202400003331;155 775 964;7;0;2;4;2;1
202400003331;155 775 966;7;0;2;4;2;2
202400003332;155 775 959;33;13;0;1;21;1
202400003333;155 775 958;7;0;2;2;11;1
202400003333;155 775 960;7;0;2;3;1;1
202400003334;155 775 957;1;0;1;1;1;5
202400003335;155 775 956;7;8;0;1;13;1
202400003336;155 775 954;80;12;0;0;26;3
202400003337;155 775 953;50;0;2;7;1;3
202400003337;155 775 955;7;0;2;1;9;2
202400003338;155 775 951;7;0;1;2;1;1
202400003339;155 775 950;33;14;0;1;0;0
202400003339;155 775 952;7;0;2;1;0;6
202400003340;155 775 949;2;8;0;2;1;1
202400003341;155 775 947;7;8;0;0;0;1
202400003342;155 775 948;7;0;1;1;15;1
202400003343;155 775 944;7;0;2;2;5;1
202400003343;155 775 946;7;0;2;2;0;1
202400003344;155 775 942;7;0;2;4;2;1
202400003344;155 775 943;10;0;2;4;2;1
202400003344;155 775 945;14;0;2;1;1;1
202400003345;155 775 940;7;0;2;8;16;1
202400003345;155 775 941;7;0;2;1;2;1
202400003346;155 775 937;7;6;0;1;1;1
202400003347;155 775 938;33;0;2;1;3;1
202400003347;155 775 939;7;0;2;5;0;2
202400003348;155 775 936;43;13;0;2;14;1
202400003349;155 775 934;7;0;1;1;0;2
202400003350;155 775 933;7;0;2;3;13;1
202400003350;155 775 935;7;3;2;3;1;1
202400003351;155 775 930;7;8;2;1;1;1
202400003352;155 775 929;7;0;2;2;2;0
202400003352;155 775 931;7;0;2;4;14;1
202400003352;155 775 932;7;0;2;8;21;1
202400003353;155 775 926;30;0;2;1;1;1
202400003353;155 775 928;7;0;2;2;1;1
202400003354;155 775 924;7;0;2;1;1;1
202400003354;155 775 925;7;0;2;1;5;1
202400003354;155 775 927;7;0;2;3;1;1
202400003355;155 775 921;33;9;0;1;1;1
202400003356;155 775 922;1;0;2;8;2;5
202400003356;155 775 923;34;0;2;7;1;1
202400003357;155 775 919;13;13;0;8;15;1
202400003357;155 775 920;7;0;2;1;1;1
202400003358;155 775 917;2;0;0;8;1;1
202400003359;155 775 916;7;0;2;6;16;1
202400003359;155 775 918;7;0;2;2;13;2
202400003360;155 775 914;33;0;0;0;26;1
202400003361;155 775 913;1;0;2;1;1;5
202400003361;155 775 915;2;0;2;8;26;1
202400003362;155 775 910;43;0;1;8;21;1
202400003363;155 775 909;33;0;0;7;1;1
202400003364;155 775 906;50;1;0;1;1;3
202400003364;155 775 908;7;0;2;4;24;1
202400003365;155 775 905;33;0;2;0;1;1
202400003365;155 775 907;7;0;2;1;19;1
202400003366;155 775 903;7;0;2;3;0;1
202400003366;155 775 904;1;1;0;7;17;5
202400003367;155 775 901;7;13;2;2;17;1
202400003367;155 775 902;7;0;0;8;15;1
202400003368;155 775 899;7;13;0;8;13;1
202400003369;155 775 900;33;0;1;7;21;1
202400003370;155 775 898;7;2;0;1;1;1
202400003371;155 775 896;33;0;2;3;13;1
202400003371;155 775 897;2;0;2;7;1;1
202400003372;155 775 895;7;8;0;1;0;1
202400003373;155 775 894;1;12;9;1;2;5
202400003374;155 775 893;7;16;0;8;1;1
202400003375;155 775 892;33;0;0;0;16;1
202400003376;155 775 890;80;9;2;1;1;3
202400003376;155 775 891;10;9;2;7;16;1
202400003377;155 775 888;1;10;2;5;1;5
202400003377;155 775 889;15;0;9;6;1;1
202400003378;155 775 887;2;0;0;0;21;1
202400003379;155 775 886;7;6;0;2;1;1
202400003380;155 775 885;50;14;0;1;26;3
202400003381;155 775 883;7;1;0;4;23;1
202400003381;155 775 884;1;1;0;1;1;5
202400003382;155 775 881;7;0;2;7;15;2
202400003382;155 775 882;33;0;2;7;1;1
202400003383;155 775 878;7;0;2;7;19;1
202400003383;155 775 880;7;0;2;1;1;1
202400003384;155 775 877;7;0;2;1;16;1
202400003384;155 775 879;1;0;2;0;19;5
202400003385;155 775 876;7;8;0;1;0;1
202400003386;155 775 875;7;0;1;1;1;2
202400003387;155 775 869;30;0;2;2;1;1
202400003387;155 775 871;7;0;2;3;15;1
202400003388;155 775 870;1;0;2;8;0;5
202400003388;155 775 872;7;0;2;1;1;1
202400003389;155 775 867;7;13;0;9;21;1
202400003390;155 775 866;1;0;2;0;0;5
202400003390;155 775 868;14;15;2;7;16;6
202400003391;155 775 864;7;15;0;6;2;1
202400003392;155 775 863;7;0;2;3;1;1
202400003392;155 775 865;1;0;2;8;1;5
202400003393;155 775 858;13;0;2;1;1;1
202400003393;155 775 859;13;0;2;1;1;1
202400003393;155 775 861;10;0;0;6;23;1
202400003394;155 775 860;7;0;2;1;1;1
202400003394;155 775 862;7;0;2;8;15;1
202400003395;155 775 857;7;0;1;1;1;1
202400003396;155 775 855;7;0;2;3;13;1
202400003396;155 775 856;7;0;2;6;1;1
202400003397;155 775 852;7;0;2;6;15;1
202400003397;155 775 854;33;0;2;1;1;1
202400003398;155 775 851;7;0;2;1;15;1
202400003398;155 775 853;7;6;2;1;1;1
202400003399;155 775 848;32;0;2;1;1;1
202400003399;155 775 850;10;0;2;2;9;1
202400003400;155 775 847;7;0;9;2;12;1
202400003400;155 775 849;33;0;2;3;3;1
202400003401;155 775 844;7;0;0;5;1;1
202400003401;155 775 846;33;13;2;1;21;1
202400003402;155 775 843;7;0;2;6;11;0
202400003402;155 775 845;33;0;2;2;3;0
202400003403;155 775 841;10;0;2;3;1;1
202400003403;155 775 842;1;0;2;3;1;5
202400003404;155 775 840;7;14;0;1;1;1
202400003405;155 775 838;7;0;1;1;0;0
202400003406;155 775 837;7;0;2;3;13;1
202400003406;155 775 839;15;0;2;3;2;1
202400003407;155 775 836;7;0;1;1;1;0
202400003408;155 775 835;7;2;0;1;0;1
202400003409;155 775 833;7;0;0;0;0;1
202400003409;155 775 834;1;0;2;1;26;5
202400003410;155 775 831;1;0;0;4;1;5
202400003410;155 775 832;1;0;0;1;1;5
202400003411;155 775 829;14;0;2;7;9;1
202400003411;155 775 830;50;0;2;1;0;3
202400003412;155 775 827;10;0;2;7;0;1
202400003412;155 775 828;1;0;2;1;0;5
202400003413;155 775 826;7;13;0;2;1;1
202400003414;155 775 823;33;4;0;3;13;1
202400003414;155 775 825;7;0;9;3;1;1
202400003415;155 775 822;2;0;2;1;19;1
202400003415;155 775 824;7;0;0;3;1;1
202400003416;155 775 819;20;0;2;0;19;1
202400003416;155 775 821;7;0;2;1;1;1
202400003417;155 775 818;7;0;9;2;2;0
202400003417;155 775 820;1;0;2;4;2;5
202400003418;155 775 816;7;5;0;3;21;1
202400003419;155 775 815;10;0;2;1;1;1
202400003419;155 775 817;7;0;2;4;1;1
202400003420;155 775 813;33;0;0;2;6;1
202400003421;155 775 812;34;0;2;0;11;1
202400003421;155 775 814;7;0;2;8;1;0
202400003422;155 775 809;13;0;2;7;2;1
202400003422;155 775 811;1;0;2;1;2;5
202400003423;155 775 807;80;0;0;6;1;3
202400003423;155 775 808;7;0;9;2;1;1
202400003424;155 775 806;2;12;0;2;1;1
202400003425;155 775 805;33;0;0;0;25;1
202400003426;155 775 802;7;0;2;3;1;1
202400003426;155 775 803;13;0;0;0;21;1
202400003426;155 775 804;21;0;2;1;21;1
202400003427;155 775 800;99;1;0;0;0;6
202400003427;155 775 801;7;0;0;3;23;1
202400003428;155 775 798;2;0;2;1;13;1
202400003428;155 775 799;7;0;2;3;21;1
202400003429;155 775 797;7;13;0;1;15;1
202400003430;155 775 794;7;0;2;1;1;1
202400003430;155 775 796;7;0;2;1;13;1
202400003431;155 775 793;7;0;0;1;26;1
202400003431;155 775 795;7;0;0;1;26;1
202400003432;155 775 792;10;0;1;2;1;1
202400003433;155 775 791;2;0;0;0;0;1
202400003434;155 775 788;7;0;2;1;11;1
202400003434;155 775 789;7;0;2;1;1;1
202400003435;155 775 786;7;0;2;1;2;1
202400003435;155 775 787;7;1;2;9;23;1
202400003435;155 775 790;7;0;2;4;23;1
202400003436;155 775 781;7;0;2;2;15;1
202400003436;155 775 782;33;0;2;1;1;1
202400003436;155 775 784;7;0;0;8;23;1
202400003437;155 775 779;1;0;2;3;1;5
202400003437;155 775 780;7;0;9;2;2;2
202400003438;155 775 778;21;7;0;9;1;1
202400003439;155 775 777;30;0;0;8;1;1
202400003440;155 775 774;7;0;2;3;1;1
202400003440;155 775 776;7;0;2;2;15;1
202400003441;155 775 773;7;0;2;3;1;1
202400003441;155 775 775;1;0;2;7;16;5
202400003442;155 775 772;7;3;0;7;0;1
202400003443;155 775 771;34;12;0;1;14;1
202400003444;155 775 770;7;15;0;1;1;1
202400003445;155 775 767;7;0;2;7;15;1
202400003445;155 775 768;30;0;2;1;1;1
202400003446;155 775 764;7;6;0;2;1;1
202400003447;155 775 763;7;0;2;1;1;1
202400003447;155 775 765;7;0;2;4;23;1
202400003447;155 775 766;7;0;2;9;23;1
202400003447;155 775 769;7;0;2;9;23;1
202400003448;155 775 760;31;0;2;5;3;1
202400003448;155 775 762;7;0;2;3;11;1
202400003449;155 775 757;7;0;2;1;15;1
202400003449;155 775 759;7;0;2;6;15;1
202400003449;155 775 761;7;0;2;1;1;1
202400003450;155 775 754;3;13;0;0;2;1
202400003451;155 775 752;10;0;2;5;21;1
202400003451;155 775 753;10;0;0;0;26;1
202400003451;155 775 755;7;0;2;5;2;3
202400003451;155 775 756;7;0;2;1;1;1
202400003451;155 775 758;14;0;2;6;2;1
202400003452;155 775 750;7;3;0;2;0;1
202400003453;155 775 749;7;0;0;2;1;1
202400003453;155 775 751;7;0;0;3;1;1
202400003454;155 775 746;2;0;2;1;1;1
202400003454;155 775 747;7;0;2;5;15;1
202400003455;155 775 744;31;0;2;3;3;1
202400003455;155 775 745;10;0;2;5;2;1
202400003455;155 775 748;10;0;2;4;1;1
202400003456;155 775 743;7;0;1;3;1;1
202400003457;155 775 740;80;0;0;8;19;3
202400003457;155 775 741;13;0;9;1;1;1
202400003458;155 775 737;2;0;2;0;17;1
202400003458;155 775 738;7;1;2;3;1;1
202400003459;155 775 734;7;8;2;1;13;1
202400003459;155 775 735;14;0;2;3;1;1
202400003460;155 775 732;1;0;0;0;26;5
202400003461;155 775 731;7;0;2;4;1;2
202400003461;155 775 733;7;0;2;1;1;1
202400003461;155 775 736;7;0;2;4;1;1
202400003461;155 775 739;7;0;2;4;1;1
202400003461;155 775 742;7;0;2;4;1;1
202400003462;155 775 729;38;0;2;3;13;1
202400003462;155 775 730;7;0;2;3;1;1
202400003463;155 775 727;14;0;2;3;2;1
202400003463;155 775 728;7;0;2;5;0;1
202400003464;155 775 726;7;0;0;1;26;1
202400003465;155 775 724;7;13;2;8;1;1
202400003465;155 775 725;7;0;2;1;1;1
202400003466;155 775 721;7;8;1;2;1;1
202400003467;155 775 719;10;0;6;3;1;1
202400003467;155 775 720;7;0;6;3;1;1
202400003468;155 775 718;7;0;1;2;2;1
202400003469;155 775 716;7;0;2;1;9;1
202400003469;155 775 717;7;0;0;4;1;1
202400003470;155 775 712;10;0;2;1;2;1
202400003470;155 775 713;7;0;2;4;2;1
202400003470;155 775 714;7;0;2;4;2;1
202400003470;155 775 715;7;0;2;4;2;1
202400003471;155 775 710;17;0;2;4;1;1
202400003471;155 775 711;10;0;2;2;2;1
202400003472;155 775 708;7;0;2;2;1;1
202400003472;155 775 709;7;0;2;6;1;1
202400003473;155 775 704;7;0;2;1;2;1
202400003473;155 775 705;7;0;0;4;2;1
202400003473;155 775 706;7;0;2;4;2;1
202400003473;155 775 707;7;0;2;4;0;3
202400003474;155 775 701;7;4;2;4;2;1
202400003474;155 775 702;10;4;2;1;2;1
202400003474;155 775 703;7;4;2;4;2;1
202400003475;155 775 699;7;0;2;1;2;1
202400003475;155 775 700;7;0;2;4;2;1
202400003476;155 775 698;33;0;9;0;3;1
202400003477;155 775 695;7;0;2;4;2;1
202400003477;155 775 696;7;0;2;3;2;1
202400003477;155 775 697;7;0;2;1;2;1
202400003478;155 775 693;33;0;2;1;1;1
202400003478;155 775 694;7;0;2;4;1;1
202400003479;155 775 691;33;0;2;4;11;1
202400003479;155 775 692;33;0;2;1;3;1
202400003480;155 775 689;7;0;2;1;1;1
202400003480;155 775 690;10;0;2;4;1;1
202400003481;155 775 688;50;0;1;1;2;3
202400003482;155 775 686;7;0;2;7;12;1
202400003482;155 775 687;33;4;2;8;1;1
202400003483;155 775 684;2;0;2;1;1;1
202400003483;155 775 685;7;3;2;2;5;1
202400003484;155 775 683;7;15;0;3;0;1
202400003485;155 775 681;7;0;2;2;15;1
202400003485;155 775 682;2;0;2;8;21;1
202400003486;155 775 679;33;0;2;1;17;1
202400003486;155 775 680;7;0;9;0;0;1
202400003487;155 775 676;1;0;2;1;1;5
202400003487;155 775 677;1;0;2;1;1;5
202400003487;155 775 678;7;0;2;6;15;1
202400003488;155 775 674;30;0;0;0;0;1
202400003488;155 775 675;7;0;2;0;0;0
202400003489;155 775 672;1;0;2;8;19;5
202400003489;155 775 673;7;0;2;1;2;1
202400003490;155 775 671;1;16;0;3;1;5
202400003491;155 775 669;33;0;0;0;21;1
202400003491;155 775 670;7;0;0;0;13;1
202400003492;155 775 668;7;13;0;8;1;1
202400003493;155 775 666;33;0;2;1;21;1
202400003493;155 775 667;7;0;0;4;15;1
202400003494;155 775 665;7;0;1;1;1;2
202400003495;155 775 663;7;0;2;1;1;1
202400003495;155 775 664;33;0;0;4;23;1
202400003496;155 775 662;7;0;1;2;1;1
202400003497;155 775 661;7;4;0;0;1;1
202400003498;155 775 659;7;0;2;3;1;1
202400003498;155 775 660;50;0;0;7;1;3
202400003499;155 775 657;7;0;2;2;1;1
202400003499;155 775 658;1;0;2;6;11;5
202400003500;155 775 655;7;0;2;1;12;1
202400003500;155 775 656;31;0;2;4;23;1
202400003501;155 775 654;31;0;1;1;17;1
202400003502;155 775 653;31;0;1;1;1;3
202400003503;155 775 651;2;0;0;3;1;3
202400003503;155 775 652;10;0;0;0;12;1
202400003504;155 775 649;10;0;2;1;1;1
202400003504;155 775 650;32;0;2;4;1;1
202400003505;155 775 647;7;8;2;7;1;1
202400003505;155 775 648;7;0;2;3;1;3
202400003506;155 775 645;1;0;2;8;25;5
202400003506;155 775 646;7;0;2;2;16;1
202400003507;155 775 644;7;0;1;2;1;1
202400003508;155 775 642;33;0;2;2;0;1
202400003508;155 775 643;1;0;2;8;0;5
202400003509;155 775 640;7;0;2;8;20;1
202400003509;155 775 641;37;0;1;1;21;1
202400003510;155 775 639;7;1;1;1;16;1
202400003511;155 775 638;7;0;1;2;1;1
202400003512;155 775 635;7;14;0;4;23;0
202400003512;155 775 636;7;0;0;4;23;0
202400003512;155 775 637;10;14;0;1;1;0
202400003513;155 775 634;1;1;0;7;14;5
202400003514;155 775 633;30;0;1;2;1;1
202400003515;155 775 631;7;0;0;1;1;1
202400003515;155 775 632;50;0;0;1;15;3
202400003516;155 775 629;43;0;2;1;2;1
202400003516;155 775 630;7;0;2;5;16;1
202400003517;155 775 628;31;0;0;7;16;1
202400003518;155 775 626;33;0;2;5;17;1
202400003518;155 775 627;7;0;2;3;15;2
202400003519;155 775 625;32;0;1;1;1;1
202400003520;155 775 623;10;0;2;1;1;1
202400003520;155 775 624;7;0;2;6;15;1
202400003521;155 775 621;7;0;2;7;10;1
202400003521;155 775 622;33;0;2;1;1;1
202400003522;155 775 620;7;0;1;2;9;0
202400003523;155 775 618;7;0;2;3;23;1
202400003523;155 775 619;33;0;2;1;0;1
202400003524;155 775 617;7;15;0;2;1;1
202400003525;155 775 615;7;0;2;2;22;1
202400003525;155 775 616;1;0;2;1;1;5
202400003526;155 775 614;10;0;1;1;15;1
202400003527;155 775 612;2;0;2;2;1;1
202400003527;155 775 613;7;0;2;3;1;1
202400003528;155 775 610;7;0;2;8;0;1
202400003528;155 775 611;7;0;2;5;0;1
202400003529;155 775 608;7;0;2;1;2;1
202400003529;155 775 609;33;0;2;1;2;1
202400003530;155 775 605;7;0;2;1;23;1
202400003530;155 775 606;7;0;2;2;15;1
202400003530;155 775 607;7;0;2;3;1;1
202400003531;155 775 602;7;0;2;7;14;1
202400003531;155 775 603;7;0;2;8;1;1
202400003531;155 775 604;7;3;0;7;21;1
202400003532;155 775 600;7;0;2;1;1;1
202400003532;155 775 601;7;0;2;1;1;1
202400003533;155 775 598;7;0;2;8;19;1
202400003533;155 775 599;15;0;2;1;1;1
202400003534;155 775 597;7;2;0;3;1;1
202400003535;155 775 596;36;0;0;7;0;1
202400003536;155 775 593;7;0;2;1;1;1
202400003536;155 775 594;7;0;2;7;19;1
202400003536;155 775 595;7;0;2;1;23;1
202400003537;155 775 592;7;8;0;1;1;1
202400003538;155 775 589;7;0;0;4;2;1
202400003538;155 775 590;33;0;2;1;2;1
202400003538;155 775 591;33;0;2;1;2;1
202400003539;155 775 588;1;12;0;1;1;5
202400003540;155 775 586;50;0;2;1;1;3
202400003540;155 775 587;7;0;2;5;1;1
202400003541;155 775 584;7;0;9;2;2;1
202400003541;155 775 585;1;0;2;4;2;5
202400003542;155 775 582;33;0;2;1;1;1
202400003542;155 775 583;7;0;2;3;15;1
202400003543;155 775 580;7;0;2;1;0;1
202400003543;155 775 581;7;0;2;1;0;1
202400003544;155 775 578;33;0;2;3;2;1
202400003544;155 775 579;1;0;2;1;17;5
202400003545;155 775 576;33;8;2;1;13;1
202400003545;155 775 577;7;0;9;8;15;1
202400003546;155 775 573;7;0;2;3;13;1
202400003546;155 775 574;7;0;2;3;1;1
202400003546;155 775 575;7;0;2;3;1;1
202400003547;155 775 571;2;0;0;8;1;1
202400003547;155 775 572;7;0;2;8;5;0
202400003548;155 775 569;2;0;2;1;1;1
202400003548;155 775 570;7;0;0;4;15;1
202400003549;155 775 568;7;13;0;3;1;1
202400003550;155 775 566;10;0;2;1;5;1
202400003550;155 775 567;7;0;2;1;1;1
202400003551;155 775 564;7;0;2;3;10;1
202400003551;155 775 565;31;0;2;1;2;3
202400003552;155 775 561;7;0;2;1;13;1
202400003552;155 775 562;7;0;2;3;1;1
202400003552;155 775 563;7;0;2;7;1;1
202400003553;155 775 559;7;0;2;1;17;1
202400003553;155 775 560;7;0;2;1;1;1
202400003554;155 775 557;7;0;2;1;13;1
202400003554;155 775 558;7;0;2;1;1;1
202400003555;155 775 555;10;0;2;1;1;1
202400003555;155 775 556;7;0;2;8;1;1
202400003556;155 775 553;7;0;2;1;13;1
202400003556;155 775 554;7;0;2;1;1;2
202400003557;155 775 551;7;0;2;2;17;1
202400003557;155 775 552;7;0;2;8;15;1
202400003558;155 775 550;7;13;0;0;1;1
202400003559;155 775 548;10;0;2;2;15;1
202400003559;155 775 549;2;0;2;1;1;1
202400003560;155 775 546;7;3;2;2;17;1
202400003560;155 775 547;7;3;2;3;1;1
202400003561;155 775 545;7;13;0;8;13;1
202400003562;155 775 543;50;0;0;0;1;3
202400003563;155 775 542;15;0;2;1;1;1
202400003563;155 775 544;7;0;2;4;3;1
202400003564;155 775 541;7;13;0;0;13;1
202400003565;155 775 540;7;0;0;2;2;0
202400003566;155 775 535;7;13;0;7;1;1
202400003567;155 775 533;7;0;2;1;1;1
202400003567;155 775 534;10;7;2;7;9;1
202400003568;155 775 531;7;0;2;1;1;1
202400003568;155 775 532;10;0;2;2;13;1
202400003569;155 775 530;7;8;0;1;1;1
202400003570;155 775 526;33;0;2;1;1;1
202400003570;155 775 528;7;0;2;3;15;1
202400003571;155 775 524;20;0;0;9;13;1
202400003572;155 775 523;99;0;2;1;1;1
202400003572;155 775 525;7;0;2;1;1;1
202400003573;155 775 521;7;6;0;3;14;1
202400003574;155 775 520;7;0;2;1;13;1
202400003574;155 775 522;7;0;2;3;1;1
202400003575;155 775 518;7;0;2;1;15;1
202400003575;155 775 519;33;0;2;8;1;1
202400003576;155 775 516;7;0;2;1;9;1
202400003576;155 775 517;7;0;2;1;1;1
202400003577;155 775 514;7;0;2;1;13;1
202400003577;155 775 515;20;0;2;1;4;1
202400003578;155 775 513;7;0;1;1;1;1
202400003579;155 775 511;31;0;0;8;0;1
202400003580;155 775 510;7;0;2;5;15;1
202400003580;155 775 512;33;0;2;1;1;1
202400003581;155 775 508;7;0;2;3;15;1
202400003581;155 775 509;33;0;2;1;1;1
202400003582;155 775 506;7;0;2;2;5;1
202400003582;155 775 507;7;0;2;7;1;1
202400003583;155 775 505;33;15;0;1;1;1
202400003584;155 775 504;7;0;1;2;1;1
202400003585;155 775 502;7;0;2;3;15;1
202400003585;155 775 503;32;0;2;2;11;1
202400003586;155 775 501;7;2;0;2;0;1
202400003587;155 775 500;7;2;0;2;1;1
202400003588;155 775 498;7;0;1;7;5;1
202400003589;155 775 497;1;0;2;2;26;5
202400003589;155 775 499;7;0;2;3;26;1
202400003590;155 775 494;7;0;2;4;23;1
202400003590;155 775 495;7;0;2;1;1;0
202400003591;155 775 492;33;0;0;0;21;1
202400003592;155 775 493;7;0;2;1;1;1
202400003592;155 775 496;7;8;0;2;15;1
202400003593;155 775 489;10;13;2;3;13;1
202400003593;155 775 491;13;13;2;3;1;1
202400003594;155 775 488;7;0;0;3;0;1
202400003594;155 775 490;7;0;2;3;13;1
202400003595;155 775 486;7;2;0;7;1;1
202400003596;155 775 485;7;0;2;2;5;1
202400003596;155 775 487;7;0;2;3;21;1
202400003597;155 775 483;7;0;2;1;2;1
202400003597;155 775 484;10;0;2;4;1;1
202400003598;155 775 482;33;0;0;8;1;1
202400003599;155 775 480;34;6;0;2;1;1
202400003600;155 775 479;7;0;2;8;9;1
202400003600;155 775 481;15;0;2;7;1;1
202400003601;155 775 476;1;0;0;6;1;5
202400003601;155 775 478;10;0;9;2;9;1
202400003602;155 775 474;7;0;2;4;1;1
202400003602;155 775 475;7;0;2;1;1;1
202400003602;155 775 477;7;0;2;7;1;1
202400003603;155 775 473;1;0;0;1;0;5
202400003604;155 775 471;7;6;0;2;14;1
202400003605;155 775 469;7;0;2;1;5;1
202400003605;155 775 470;7;0;2;1;1;1
202400003605;155 775 472;7;0;2;1;0;1
202400003606;155 775 468;7;0;1;7;1;1
202400003607;155 775 465;10;0;2;3;2;1
202400003607;155 775 466;7;0;2;4;2;1
202400003607;155 775 467;7;0;2;4;2;1
202400003608;155 775 464;7;2;0;1;1;1
202400003609;155 775 461;7;0;2;1;1;1
202400003609;155 775 462;17;0;2;1;1;1
202400003609;155 775 463;7;0;2;4;1;1
202400003610;155 775 459;7;0;2;3;16;1
202400003610;155 775 460;2;0;2;1;1;1
202400003611;155 775 457;7;0;2;1;21;1
202400003611;155 775 458;7;0;0;4;2;1
202400003612;155 775 453;7;0;2;1;2;1
202400003612;155 775 456;7;0;2;4;2;1
202400003613;155 775 454;10;0;2;3;5;1
202400003613;155 775 455;10;0;2;3;0;1
202400003614;155 775 449;33;0;2;1;1;1
202400003614;155 775 451;7;0;0;4;15;1
202400003615;155 775 444;7;0;2;4;2;1
202400003615;155 775 445;17;0;2;1;2;1
202400003615;155 775 447;13;0;2;1;2;1
202400003615;155 775 448;7;0;2;4;2;1
202400003615;155 775 450;10;0;2;1;0;1
202400003615;155 775 452;7;0;2;1;2;2
202400003616;155 775 441;7;0;2;2;12;1
202400003616;155 775 442;34;0;2;3;1;1
202400003617;155 775 440;7;16;0;9;14;1
202400003618;155 775 438;10;0;2;6;2;1
202400003618;155 775 439;33;0;2;1;2;1
202400003619;155 775 435;1;0;2;1;1;5
202400003619;155 775 437;7;0;2;3;1;2
202400003620;155 775 433;33;0;2;1;3;1
202400003620;155 775 434;15;0;2;2;1;1
202400003620;155 775 436;7;0;2;4;1;1
202400003621;155 775 430;33;0;2;3;3;1
202400003621;155 775 432;7;0;2;5;12;1
202400003622;155 775 429;7;0;2;7;1;1
202400003622;155 775 431;1;0;2;1;19;5
202400003623;155 775 428;33;4;0;1;0;1
202400003624;155 775 424;7;0;2;4;23;1
202400003624;155 775 426;37;0;2;1;1;1
202400003625;155 775 425;7;0;2;3;1;1
202400003625;155 775 427;33;0;2;1;0;1
202400003626;155 775 421;1;0;2;1;1;5
202400003626;155 775 423;32;0;2;6;9;1
202400003627;155 775 420;33;0;2;3;13;1