Num_Acc;id_vehicule;categorie_vehicule;obstacle_fixe;obstacle_mobile;point_choc_initial;manoeuvre_principale;motorisation
202400003972;155 774 803;1;0;0;4;15;5
202400003972;155 774 805;33;0;9;1;1;0
202400003973;155 774 802;7;0;2;4;1;1
202400003973;155 774 804;7;0;2;1;1;2
202400003973;155 774 806;7;0;2;4;1;1
202400003974;155 774 799;34;0;2;1;2;1
202400003974;155 774 801;30;14;0;4;11;1
202400003975;155 774 796;7;0;2;1;1;1
202400003975;155 774 797;7;0;2;4;1;1
202400003975;155 774 798;10;0;2;9;1;1
202400003975;155 774 800;7;0;2;9;1;1
202400003976;155 774 794;10;12;2;2;26;2
202400003976;155 774 795;20;12;2;1;1;1
202400003977;155 774 789;7;0;2;4;1;1
202400003977;155 774 790;10;0;2;3;2;1
202400003977;155 774 792;7;0;2;9;0;1
202400003977;155 774 793;7;0;2;9;2;1
202400003978;155 774 788;99;0;2;3;9;0
202400003978;155 774 791;7;0;2;3;0;1
202400003979;155 774 784;33;0;2;2;1;1
202400003979;155 774 787;10;0;0;0;11;0
202400003980;155 774 785;30;0;2;1;2;1
202400003980;155 774 786;7;0;2;3;15;1
202400003981;155 774 781;7;0;2;5;1;1
202400003981;155 774 783;31;7;2;1;18;1
202400003982;155 774 780;7;0;2;2;12;1
202400003982;155 774 782;1;0;2;8;15;5
202400003983;155 774 778;7;0;2;6;0;2
202400003983;155 774 779;14;0;2;2;0;1
202400003984;155 774 776;7;0;1;1;2;1
202400003985;155 774 775;14;0;2;1;12;1
202400003985;155 774 777;43;0;2;4;1;1
202400003986;155 774 772;50;0;2;1;1;3
202400003986;155 774 774;7;0;2;2;16;1
202400003987;155 774 771;7;0;2;4;1;1
202400003987;155 774 773;15;0;2;1;1;1
202400003988;155 774 770;30;0;1;0;0;0
202400003989;155 774 768;14;0;2;0;0;1
202400003989;155 774 769;7;0;2;7;1;1
202400003990;155 774 767;30;14;0;0;26;1
202400003991;155 774 765;7;0;2;1;2;1
202400003991;155 774 766;7;0;2;4;2;1
202400003992;155 774 762;33;0;2;8;3;1
202400003992;155 774 763;7;0;2;7;14;1
202400003993;155 774 761;37;0;2;6;1;1
202400003993;155 774 764;1;0;2;7;1;5
202400003994;155 774 759;7;0;2;5;12;1
202400003994;155 774 760;31;0;2;3;3;1
202400003995;155 774 756;10;0;2;1;2;1
202400003995;155 774 758;10;0;2;4;2;1
202400003996;155 774 755;7;0;2;1;1;1
202400003996;155 774 757;7;0;0;6;1;1
202400003997;155 774 752;50;1;0;1;1;3
202400003997;155 774 753;7;0;2;3;22;1
202400003998;155 774 751;7;0;2;0;26;1
202400003998;155 774 754;10;0;2;0;26;1
202400003999;155 774 749;2;0;2;1;2;1
202400003999;155 774 750;7;0;2;5;1;1
202400004000;155 774 746;32;0;2;1;17;1
202400004000;155 774 748;7;0;2;3;15;1
202400004001;155 774 745;31;15;0;7;1;1
202400004002;155 774 743;99;0;2;3;1;0
202400004002;155 774 744;7;0;9;3;15;6
202400004003;155 774 742;7;0;2;0;0;1
202400004003;155 774 747;7;0;2;0;0;1
202400004004;155 774 740;7;0;2;8;15;1
202400004004;155 774 741;7;0;2;2;11;1
202400004005;155 774 737;7;0;2;3;1;0
202400004005;155 774 738;7;0;2;3;10;0
202400004006;155 774 736;7;0;1;1;13;2
202400004007;155 774 739;7;0;1;3;1;1
202400004008;155 774 734;7;0;2;2;16;1
202400004008;155 774 735;50;0;2;1;1;3
202400004009;155 774 733;7;0;1;1;0;0
202400004010;155 774 732;7;0;1;1;1;1
202400004011;155 774 730;10;0;2;1;1;0
202400004011;155 774 731;10;0;2;2;15;1
202400004012;155 774 729;30;0;1;1;1;3
202400004013;155 774 725;7;0;2;1;16;1
202400004013;155 774 727;50;0;2;1;15;3
202400004014;155 774 726;43;0;2;0;0;1
202400004014;155 774 728;14;0;2;6;16;1
202400004015;155 774 724;10;0;2;1;2;1
202400004016;155 774 723;13;16;0;9;13;1
202400004017;155 774 721;7;0;1;1;17;1
202400004018;155 774 720;7;1;2;4;23;1
202400004018;155 774 722;10;1;0;1;15;1
202400004019;155 774 717;33;0;2;5;17;1
202400004019;155 774 719;7;0;2;3;17;1
202400004020;155 774 716;7;0;2;3;15;1
202400004020;155 774 718;33;0;2;1;1;1
202400004021;155 774 715;7;0;1;1;1;1
202400004022;155 774 713;7;0;2;3;15;1
202400004022;155 774 714;33;0;2;1;1;1
202400004023;155 774 712;10;0;1;0;9;1
202400004024;155 774 711;34;0;1;1;17;1
202400004025;155 774 708;17;0;2;2;15;1
202400004025;155 774 710;2;0;2;9;3;1
202400004026;155 774 707;7;0;2;4;1;1
202400004026;155 774 709;10;0;2;1;1;1
202400004027;155 774 704;7;0;2;1;2;1
202400004027;155 774 706;7;0;2;0;0;1
202400004028;155 774 700;7;0;2;3;1;1
202400004028;155 774 702;7;0;2;2;1;1
202400004028;155 774 703;7;0;2;2;1;1
202400004028;155 774 705;7;0;2;1;1;1
202400004029;155 774 701;7;5;0;9;14;1
202400004030;155 774 698;33;0;0;8;1;1
202400004031;155 774 697;2;0;2;4;0;1
202400004031;155 774 699;32;0;2;1;0;1
202400004032;155 774 696;60;0;0;0;26;5
202400004033;155 774 695;33;4;0;9;1;1
202400004034;155 774 692;7;0;2;7;21;1
202400004034;155 774 694;7;0;2;2;21;1
202400004035;155 774 690;2;0;2;9;3;1
202400004035;155 774 691;7;0;2;6;23;1
202400004035;155 774 693;7;0;2;2;2;1
202400004036;155 774 689;32;0;0;8;1;1
202400004037;155 774 686;50;0;2;1;1;3
202400004037;155 774 688;7;0;2;2;15;1
202400004038;155 774 683;7;0;2;3;9;0
202400004038;155 774 684;1;0;2;1;1;5
202400004039;155 774 685;7;0;2;2;26;0
202400004039;155 774 687;7;0;2;6;1;2
202400004040;155 774 679;31;0;2;1;2;1
202400004040;155 774 681;7;0;2;4;1;1
202400004041;155 774 680;7;0;2;6;1;1
202400004041;155 774 682;7;0;2;0;1;0
202400004042;155 774 677;2;5;0;7;1;1
202400004043;155 774 676;2;0;2;3;1;1
202400004043;155 774 678;7;0;2;3;1;1
202400004044;155 774 673;13;0;1;1;26;0
202400004045;155 774 674;7;0;9;1;1;1
202400004045;155 774 675;50;0;2;1;26;3
202400004046;155 774 670;10;0;2;4;23;1
202400004046;155 774 672;10;1;0;1;1;1
202400004047;155 774 669;7;0;2;4;1;1
202400004047;155 774 671;7;0;2;1;1;1
202400004048;155 774 668;7;1;0;1;1;1
202400004049;155 774 666;7;0;2;0;0;1
202400004049;155 774 667;50;14;0;0;0;3
202400004050;155 774 665;43;14;0;1;3;1
202400004051;155 774 664;7;0;0;9;26;1
202400004052;155 774 661;7;0;2;3;16;1
202400004052;155 774 663;2;0;2;8;1;1
202400004053;155 774 660;7;0;2;1;13;1
202400004053;155 774 662;38;0;2;3;21;1
202400004054;155 774 657;7;2;1;2;14;1
202400004055;155 774 656;7;0;1;1;1;0
202400004056;155 774 658;7;0;2;8;16;1
202400004056;155 774 659;60;0;2;1;19;5
202400004057;155 774 653;7;1;0;2;14;1
202400004058;155 774 652;7;0;4;7;1;1
202400004058;155 774 655;39;0;2;1;1;3
202400004059;155 774 651;33;0;2;1;3;1
202400004059;155 774 654;7;0;2;6;0;1
202400004060;155 774 650;7;0;1;1;1;1
202400004061;155 774 648;31;1;0;8;26;1
202400004062;155 774 647;7;0;2;1;1;1
202400004062;155 774 649;80;0;2;7;19;3
202400004063;155 774 646;7;2;0;9;14;1
202400004064;155 774 645;1;0;0;1;1;5
202400004065;155 774 644;1;1;0;1;15;5
202400004066;155 774 643;7;1;1;1;1;1
202400004067;155 774 640;7;0;2;5;1;1
202400004067;155 774 642;1;0;2;1;2;5
202400004068;155 774 638;50;0;2;1;2;3
202400004068;155 774 641;7;0;2;4;1;0
202400004069;155 774 637;10;0;2;1;2;1
202400004069;155 774 639;7;0;2;4;1;1
202400004070;155 774 635;2;12;0;7;15;1
202400004071;155 774 634;2;0;2;0;5;3
202400004071;155 774 636;10;0;2;1;1;1
202400004072;155 774 632;7;0;2;1;13;1
202400004072;155 774 633;31;0;2;1;1;1
202400004073;155 774 631;50;0;0;0;1;3
202400004074;155 774 629;10;0;2;1;1;1
202400004074;155 774 630;7;0;2;4;1;2
202400004075;155 774 627;50;0;0;1;1;3
202400004076;155 774 626;7;0;2;6;16;3
202400004076;155 774 628;33;0;2;1;1;1
202400004077;155 774 625;7;0;1;1;0;0
202400004078;155 774 624;30;0;0;8;15;1
202400004079;155 774 623;37;0;1;1;15;1
202400004080;155 774 621;7;0;2;1;2;1
202400004080;155 774 622;7;0;2;4;2;1
202400004081;155 774 618;7;0;2;2;23;1
202400004081;155 774 620;50;0;2;0;25;3
202400004082;155 774 616;7;0;2;1;21;1
202400004082;155 774 619;7;0;2;1;1;1
202400004083;155 774 615;33;0;2;7;17;1
202400004083;155 774 617;36;0;2;8;17;1
202400004084;155 774 614;7;0;1;0;1;1
202400004085;155 774 613;31;12;0;1;15;1
202400004086;155 774 610;33;6;2;6;2;1
202400004086;155 774 611;33;0;2;1;2;1
202400004087;155 774 609;10;0;2;1;1;1
202400004087;155 774 612;7;0;2;7;1;1
202400004088;155 774 607;7;0;2;1;13;1
202400004088;155 774 608;7;0;2;3;1;1
202400004089;155 774 606;7;0;1;2;9;1
202400004090;155 774 602;7;0;1;1;1;1
202400004091;155 774 603;7;0;2;8;15;1
202400004091;155 774 605;50;0;2;2;1;3
202400004092;155 774 601;33;0;1;3;7;1
202400004093;155 774 600;7;0;1;1;2;1
202400004094;155 774 599;33;0;1;2;1;1
202400004095;155 774 595;1;0;2;8;19;5
202400004095;155 774 597;7;0;9;1;1;1
202400004096;155 774 593;7;0;2;8;15;1
202400004096;155 774 596;33;0;2;5;17;1
202400004096;155 774 598;7;0;2;1;1;1
202400004097;155 774 592;31;0;2;1;1;1
202400004097;155 774 594;7;0;2;2;15;1
202400004098;155 774 589;10;0;2;2;16;1
202400004098;155 774 591;1;0;2;2;1;5
202400004099;155 774 587;30;0;2;1;26;1
202400004099;155 774 590;10;0;2;0;1;1
202400004100;155 774 585;1;0;2;1;1;5
202400004100;155 774 588;7;0;2;3;15;1
202400004101;155 774 584;7;0;2;4;1;1
202400004101;155 774 586;7;0;2;1;1;1
202400004102;155 774 583;1;0;0;1;1;5
202400004103;155 774 580;1;0;9;0;0;5
202400004104;155 774 579;50;0;2;1;1;3
202400004104;155 774 582;7;0;2;3;1;1
202400004105;155 774 578;7;16;0;3;15;2
202400004105;155 774 581;33;16;0;1;2;1
202400004106;155 774 575;7;0;1;1;1;1
202400004107;155 774 574;7;0;2;1;1;1
202400004107;155 774 576;7;0;2;7;1;1
202400004108;155 774 573;7;0;2;3;13;1
202400004108;155 774 577;33;0;2;7;17;1
202400004109;155 774 572;7;15;1;3;1;1
202400004110;155 774 570;30;0;0;8;15;1
202400004111;155 774 569;7;0;2;1;1;1
202400004111;155 774 571;32;0;2;0;13;1
202400004112;155 774 568;10;0;1;4;26;1
202400004113;155 774 567;10;0;1;0;1;1
202400004114;155 774 566;7;0;1;1;15;1
202400004115;155 774 563;7;0;1;1;0;1
202400004116;155 774 564;33;0;2;7;26;1
202400004116;155 774 565;7;0;2;8;0;1
202400004117;155 774 562;7;14;0;1;1;1
202400004118;155 774 560;7;0;1;1;26;1
202400004119;155 774 558;7;0;2;1;1;2
202400004119;155 774 561;30;0;2;7;13;1
202400004120;155 774 556;7;0;1;3;1;1
202400004121;155 774 557;7;15;2;1;19;1
202400004121;155 774 559;7;0;2;0;0;2
202400004122;155 774 553;7;0;2;1;9;1
202400004122;155 774 554;50;0;2;1;5;3
202400004123;155 774 548;7;0;2;2;1;0
202400004123;155 774 550;10;0;2;2;0;1
202400004123;155 774 551;7;0;2;8;1;1
202400004124;155 774 547;7;0;1;2;21;1
202400004125;155 774 545;7;0;2;1;1;1
202400004125;155 774 549;7;0;2;4;1;1
202400004126;155 774 544;7;0;2;0;0;1
202400004126;155 774 546;7;0;0;0;0;1
202400004127;155 774 543;50;0;1;2;1;3
202400004128;155 774 540;10;0;1;4;25;1
202400004129;155 774 539;31;0;2;1;0;1
202400004129;155 774 541;7;0;2;5;2;1
202400004130;155 774 538;7;0;2;1;0;1
202400004130;155 774 542;7;0;2;6;0;1
202400004131;155 774 537;7;0;1;3;1;1
202400004132;155 774 535;30;0;2;1;1;1
202400004132;155 774 536;7;0;2;4;2;1
202400004133;155 774 533;7;0;1;3;13;1
202400004134;155 774 531;7;0;2;3;15;1
202400004134;155 774 534;2;0;2;1;17;1
202400004135;155 774 530;13;14;0;1;0;1
202400004135;155 774 532;32;14;0;4;0;1
202400004136;155 774 529;7;0;0;1;19;1
202400004137;155 774 526;17;0;2;2;1;1
202400004137;155 774 528;7;0;2;8;9;1
202400004138;155 774 525;7;0;1;1;1;1
202400004139;155 774 524;10;0;2;1;5;1
202400004139;155 774 527;7;0;2;1;1;1
202400004140;155 774 523;33;4;0;3;13;1
202400004141;155 774 522;7;0;1;1;1;2
202400004142;155 774 520;7;0;9;7;15;6
202400004142;155 774 521;50;0;2;1;1;3
202400004143;155 774 519;31;0;0;0;1;1
202400004144;155 774 517;50;0;2;0;0;3
202400004144;155 774 518;7;0;2;0;10;1
202400004145;155 774 516;7;3;0;2;1;1
202400004146;155 774 513;1;0;2;8;15;5
202400004146;155 774 515;32;0;2;1;17;3
202400004147;155 774 511;33;0;2;1;17;1
202400004147;155 774 514;10;0;2;6;11;1
202400004148;155 774 510;7;0;2;5;23;1
202400004148;155 774 512;30;0;2;3;2;3
202400004149;155 774 508;10;0;1;4;4;1
202400004150;155 774 506;7;0;2;2;15;1
202400004150;155 774 509;31;0;2;1;1;1
202400004151;155 774 505;33;0;2;1;1;1
202400004151;155 774 507;7;0;2;6;2;1
202400004152;155 774 504;7;0;1;2;1;2
202400004153;155 774 501;7;0;2;1;1;1
202400004153;155 774 503;7;0;2;2;1;1
202400004154;155 774 500;7;0;2;2;15;1
202400004154;155 774 502;2;0;2;1;1;1
202400004155;155 774 499;1;0;0;1;1;5
202400004156;155 774 497;17;0;2;5;11;1
202400004156;155 774 498;7;0;2;3;12;1
202400004157;155 774 495;1;0;2;1;1;5
202400004157;155 774 496;1;0;2;0;16;5
202400004158;155 774 494;7;0;0;1;14;1
202400004159;155 774 489;7;0;2;8;26;1
202400004159;155 774 493;10;0;2;8;0;1
202400004160;155 774 491;1;0;2;5;16;5
202400004160;155 774 492;80;0;2;2;1;3
202400004161;155 774 490;7;12;0;1;26;1
202400004162;155 774 488;7;0;1;1;2;1
202400004163;155 774 486;10;0;0;4;1;1
202400004163;155 774 487;13;0;2;1;1;1
202400004164;155 774 484;7;9;0;2;6;1
202400004165;155 774 485;7;13;0;1;14;1
202400004166;155 774 481;2;0;2;1;1;1
202400004166;155 774 483;7;0;2;3;1;1
202400004167;155 774 476;10;0;2;3;1;1
202400004167;155 774 478;1;0;2;0;19;5
202400004168;155 774 477;32;0;2;3;1;1
202400004168;155 774 480;7;0;2;3;15;1
202400004169;155 774 474;7;0;2;9;26;1
202400004169;155 774 475;7;0;2;0;0;1
202400004170;155 774 472;7;0;1;2;19;1
202400004171;155 774 471;33;0;2;4;2;1
202400004171;155 774 473;7;0;2;1;2;2
202400004172;155 774 470;7;0;1;1;1;1
202400004173;155 774 467;7;0;2;3;1;1
202400004173;155 774 469;7;0;2;3;5;2
202400004174;155 774 468;7;0;1;6;1;1
202400004175;155 774 465;15;5;0;8;15;1
202400004175;155 774 466;33;5;2;7;17;1
202400004176;155 774 463;32;0;2;2;17;1
202400004176;155 774 464;7;0;2;0;0;1
202400004177;155 774 462;7;0;1;1;1;1
202400004178;155 774 461;10;1;1;2;16;1
202400004179;155 774 458;33;0;2;8;18;1
202400004179;155 774 460;1;0;2;7;14;5
202400004180;155 774 456;7;0;2;0;0;1
202400004180;155 774 459;33;0;2;8;17;1
202400004181;155 774 455;50;0;2;1;5;3
202400004181;155 774 457;7;0;9;2;2;1
202400004182;155 774 453;7;0;1;1;1;1
202400004183;155 774 452;7;0;0;0;0;1
202400004183;155 774 454;7;0;2;7;1;1
202400004184;155 774 448;10;0;1;1;21;1
202400004185;155 774 447;7;0;2;3;15;1
202400004185;155 774 450;1;0;2;7;1;5
202400004186;155 774 449;7;0;2;5;19;2
202400004186;155 774 451;7;0;0;7;1;2
202400004187;155 774 444;1;0;9;8;5;5
202400004187;155 774 446;50;0;9;7;1;3
202400004188;155 774 443;43;0;2;3;7;1
202400004188;155 774 445;7;0;2;2;16;1
202400004189;155 774 442;7;0;1;4;26;1
202400004190;155 774 438;7;0;2;3;16;0
202400004190;155 774 441;7;1;2;3;19;1
202400004191;155 774 436;7;0;2;1;19;1
202400004191;155 774 440;30;0;2;7;1;1
202400004192;155 774 437;7;0;2;7;1;1
202400004192;155 774 439;50;0;2;1;19;3
202400004193;155 774 435;7;0;1;2;1;1
202400004194;155 774 434;7;0;1;1;1;1
202400004195;155 774 432;33;0;2;7;3;1
202400004195;155 774 433;7;0;2;8;11;1
202400004196;155 774 428;10;0;2;4;4;1
202400004196;155 774 430;30;0;2;1;2;1
202400004197;155 774 426;7;0;2;3;1;1
202400004197;155 774 429;33;0;2;3;17;1
202400004197;155 774 431;7;0;2;3;15;1
202400004198;155 774 424;7;3;0;1;26;1
202400004199;155 774 423;10;0;2;3;1;1
202400004199;155 774 425;7;0;2;5;11;0
202400004199;155 774 427;33;0;2;7;3;1
202400004200;155 774 421;30;0;2;3;2;1
202400004200;155 774 422;7;0;2;7;22;1
202400004201;155 774 418;33;0;2;4;1;1
202400004201;155 774 420;7;0;2;4;16;1
202400004202;155 774 415;32;0;1;1;1;1
202400004203;155 774 416;7;0;2;8;9;1
202400004203;155 774 417;7;0;2;1;9;1
202400004204;155 774 414;7;0;1;1;0;1
202400004205;155 774 411;7;0;1;2;26;1
202400004206;155 774 409;10;0;2;2;26;0
202400004206;155 774 412;1;0;2;1;1;5
202400004207;155 774 410;7;0;2;2;26;1
202400004207;155 774 413;33;0;2;6;16;1
202400004208;155 774 408;33;1;0;6;15;1
202400004209;155 774 407;7;0;1;7;1;1
202400004210;155 774 406;80;0;0;0;2;3
202400004211;155 774 404;7;0;1;1;1;1
202400004212;155 774 403;7;0;2;1;1;0
202400004212;155 774 405;33;0;2;3;1;1
202400004213;155 774 400;30;0;2;5;23;1
202400004213;155 774 402;7;0;2;3;2;1
202400004214;155 774 398;7;0;2;1;9;1
202400004214;155 774 401;7;3;2;2;9;1
202400004215;155 774 397;33;0;2;1;1;1
202400004215;155 774 399;7;0;2;8;15;1
202400004216;155 774 394;1;0;2;7;1;5
202400004216;155 774 395;7;0;9;1;9;1
202400004217;155 774 391;7;0;2;2;10;2
202400004217;155 774 393;33;0;2;3;1;1
202400004218;155 774 392;33;0;2;4;2;1
202400004218;155 774 396;10;0;2;1;2;3
202400004219;155 774 388;7;4;0;1;21;1
202400004220;155 774 387;7;0;2;1;9;1
202400004220;155 774 390;1;0;2;7;1;5
202400004221;155 774 386;7;0;2;1;9;1
202400004221;155 774 389;1;0;2;7;1;5
202400004222;155 774 383;7;8;0;2;1;1
202400004223;155 774 381;1;0;2;0;0;5
202400004223;155 774 384;7;0;9;0;0;1
202400004224;155 774 380;7;0;2;1;1;1
202400004224;155 774 382;7;0;2;4;1;1
202400004224;155 774 385;7;0;2;4;1;1
202400004225;155 774 378;34;0;1;1;1;1
202400004226;155 774 373;7;0;2;8;1;1
202400004226;155 774 377;7;0;2;1;1;1
202400004226;155 774 379;17;0;2;2;12;1
202400004227;155 774 372;2;0;2;1;1;1
202400004227;155 774 374;7;0;2;2;15;1
202400004228;155 774 370;30;0;0;8;21;3
202400004229;155 774 367;10;0;2;4;2;1
202400004229;155 774 369;37;0;2;1;2;3
202400004229;155 774 371;7;0;2;4;2;2
202400004230;155 774 365;34;0;1;0;13;0
202400004231;155 774 364;7;0;2;1;2;1
202400004231;155 774 366;7;0;2;4;9;1
202400004231;155 774 368;10;0;2;4;23;1
202400004232;155 774 361;33;0;0;7;26;1
202400004233;155 774 362;7;0;2;2;9;1
202400004233;155 774 363;33;0;2;2;1;1
202400004234;155 774 359;10;0;2;7;15;1
202400004234;155 774 360;33;0;2;1;1;1
202400004235;155 774 357;7;0;1;2;1;1
202400004236;155 774 356;7;0;2;0;0;0
202400004236;155 774 358;43;0;2;7;1;1
202400004237;155 774 355;7;0;1;1;15;1
202400004238;155 774 354;7;3;0;3;0;1
202400004239;155 774 350;13;0;2;1;1;0
202400004239;155 774 352;10;0;2;1;1;1
202400004240;155 774 349;1;0;2;7;1;5
202400004240;155 774 353;7;0;2;8;2;2
202400004241;155 774 343;7;0;2;3;9;1
202400004241;155 774 346;2;0;2;2;1;1
202400004242;155 774 342;7;0;2;1;2;1
202400004242;155 774 345;7;0;2;4;2;1
202400004242;155 774 347;14;0;2;4;2;1
202400004243;155 774 341;7;0;9;2;16;1
202400004243;155 774 344;50;0;2;1;14;3
202400004244;155 774 337;7;0;2;2;1;1
202400004244;155 774 340;1;0;2;1;1;5
202400004245;155 774 336;80;0;2;1;1;3
202400004245;155 774 339;10;0;2;1;13;1
202400004246;155 774 335;7;0;2;4;1;3
202400004246;155 774 338;33;0;2;1;1;1
202400004247;155 774 331;60;0;0;1;2;5
202400004247;155 774 333;38;0;0;4;2;1
202400004248;155 774 329;50;0;2;1;1;3
202400004248;155 774 334;33;0;0;8;15;1
202400004249;155 774 328;7;2;0;0;1;1
202400004250;155 774 326;15;2;2;1;1;1
202400004250;155 774 327;10;0;2;1;11;1
202400004251;155 774 325;7;0;1;2;16;2
202400004252;155 774 323;2;1;0;1;26;1
202400004252;155 774 324;10;0;0;3;23;1
202400004253;155 774 322;7;0;1;3;1;1
202400004254;155 774 319;99;0;0;0;1;1
202400004255;155 774 321;1;0;1;1;2;5
202400004256;155 774 318;15;0;2;3;1;0
202400004256;155 774 320;7;0;2;3;17;0
202400004257;155 774 317;7;13;0;9;0;1
202400004258;155 774 314;33;0;2;1;1;1
202400004258;155 774 316;7;0;2;8;9;1
202400004259;155 774 313;33;10;0;1;1;1
202400004260;155 774 315;33;0;1;2;1;1
202400004261;155 774 312;33;0;0;0;1;1
202400004262;155 774 309;7;4;0;3;1;1
202400004262;155 774 311;10;1;0;3;1;1
202400004263;155 774 307;1;0;2;1;1;5
202400004263;155 774 308;7;0;9;2;17;1
202400004264;155 774 310;1;0;0;0;9;5
202400004265;155 774 304;7;0;2;2;0;1
202400004265;155 774 306;7;0;2;6;1;1
202400004266;155 774 303;10;0;2;3;1;1
202400004266;155 774 305;21;0;2;3;1;1
202400004267;155 774 301;7;1;0;2;25;1
202400004268;155 774 302;1;0;1;1;1;5
202400004269;155 774 299;7;0;2;3;13;1
202400004269;155 774 300;33;0;2;8;1;1
202400004270;155 774 296;7;8;9;2;2;1
202400004270;155 774 298;1;0;0;4;2;5
202400004271;155 774 295;10;0;2;1;1;1
202400004271;155 774 297;7;0;2;3;1;1
202400004272;155 774 294;31;0;0;7;1;1
202400004273;155 774 293;7;2;0;3;1;1
202400004274;155 774 292;10;0;1;0;0;1
202400004275;155 774 291;31;16;0;0;1;1
202400004276;155 774 287;37;0;1;1;7;6
202400004277;155 774 286;1;0;2;1;1;5
202400004277;155 774 289;7;0;9;3;9;1
202400004278;155 774 285;7;0;1;2;1;1
202400004279;155 774 283;7;6;0;8;1;0
202400004280;155 774 282;7;0;2;3;13;3
202400004280;155 774 284;15;0;2;3;1;1
202400004281;155 774 280;7;16;0;9;4;1
202400004282;155 774 277;15;0;5;4;1;1
202400004282;155 774 279;37;0;2;1;1;1
202400004283;155 774 276;7;15;0;3;13;1
202400004284;155 774 278;7;0;2;1;16;1
202400004284;155 774 281;7;0;2;1;1;1
202400004285;155 774 275;7;1;0;3;13;3
202400004286;155 774 271;7;0;2;3;15;1
202400004286;155 774 273;7;0;2;2;1;1
202400004287;155 774 270;7;1;0;9;0;1
202400004288;155 774 272;7;0;2;7;15;1
202400004288;155 774 274;33;0;2;1;1;1
202400004289;155 774 265;7;0;2;1;1;1
202400004289;155 774 268;21;0;2;1;5;1
202400004290;155 774 266;7;6;0;1;19;1
202400004291;155 774 261;7;6;0;1;1;1
202400004292;155 774 256;33;0;2;4;0;1
202400004292;155 774 258;7;0;2;7;2;0
202400004292;155 774 260;7;0;2;2;2;2
202400004293;155 774 255;15;0;1;3;18;1
202400004294;155 774 254;7;0;2;1;23;1
202400004294;155 774 257;7;16;2;2;1;1
202400004295;155 774 252;7;0;1;1;1;1
202400004296;155 774 251;33;0;2;3;1;1
202400004296;155 774 253;7;0;2;2;15;1
202400004297;155 774 248;13;0;2;8;1;1
202400004297;155 774 249;7;0;2;1;1;1
202400004297;155 774 250;10;0;2;8;13;1
202400004298;155 774 247;30;0;1;1;1;1
202400004299;155 774 246;7;1;1;3;2;3
202400004300;155 774 245;1;0;0;5;13;5
202400004301;155 774 244;7;13;0;1;0;1
202400004302;155 774 242;7;0;2;2;1;1
202400004302;155 774 243;7;0;2;3;1;1
202400004303;155 774 240;38;14;0;1;1;1
202400004304;155 774 241;7;0;1;3;15;1
202400004305;155 774 239;10;2;0;3;13;1
202400004306;155 774 236;7;0;2;2;12;1
202400004306;155 774 238;7;16;0;6;2;1
202400004307;155 774 237;7;0;1;2;16;2
202400004308;155 774 234;7;0;0;0;1;1
202400004308;155 774 235;7;0;0;0;1;1
202400004309;155 774 232;7;0;0;4;23;2
202400004309;155 774 233;15;1;0;1;2;1
202400004310;155 774 231;10;0;1;1;17;1
202400004311;155 774 228;10;0;2;3;19;1
202400004311;155 774 230;7;0;2;2;1;1
202400004312;155 774 226;7;0;1;1;0;1
202400004313;155 774 227;7;0;2;1;15;1
202400004313;155 774 229;1;0;2;8;1;5
202400004314;155 774 225;7;0;1;3;15;1
202400004315;155 774 224;33;0;0;0;1;1
202400004316;155 774 220;7;0;1;1;1;1
202400004317;155 774 221;2;0;2;1;1;1
202400004317;155 774 223;7;0;2;1;1;1
202400004318;155 774 219;7;0;2;1;1;1
202400004318;155 774 222;2;0;2;5;1;1
202400004319;155 774 212;7;0;2;1;5;1
202400004319;155 774 215;33;15;2;6;1;1
202400004319;155 774 217;33;0;2;8;1;1
202400004319;155 774 218;33;0;2;1;1;1
202400004320;155 774 210;7;0;2;2;16;1
202400004320;155 774 214;50;0;2;1;1;3
202400004321;155 774 211;7;0;0;8;15;1
202400004321;155 774 216;31;9;2;1;17;0
202400004322;155 774 209;7;0;2;3;13;1
202400004322;155 774 213;7;0;2;3;1;1
202400004323;155 774 208;7;8;0;1;1;1
202400004324;155 774 206;7;2;0;1;1;1
202400004325;155 774 205;2;0;0;0;0;1
202400004326;155 774 204;7;0;2;3;0;1
202400004326;155 774 207;7;0;2;2;0;1
202400004327;155 774 200;7;0;9;3;1;1
202400004327;155 774 203;13;0;0;0;0;1
202400004328;155 774 199;10;0;2;3;9;1
202400004328;155 774 202;80;0;2;4;2;3
202400004329;155 774 196;7;0;2;1;1;0
202400004329;155 774 198;7;0;2;1;13;1
202400004330;155 774 197;33;0;2;1;1;1
202400004330;155 774 201;7;0;2;3;15;1
202400004331;155 774 195;7;11;0;1;1;1
202400004332;155 774 189;10;0;2;1;1;1
202400004332;155 774 192;7;0;2;1;26;1
202400004332;155 774 194;7;0;0;0;1;2
202400004333;155 774 188;7;0;2;1;6;3
202400004333;155 774 191;7;0;2;1;19;2
202400004333;155 774 193;7;0;2;1;19;1
202400004334;155 774 187;7;0;2;3;5;1
202400004334;155 774 190;33;6;0;2;1;1
202400004335;155 774 186;33;0;0;1;1;1