Num_Acc;id_vehicule;categorie_vehicule;obstacle_fixe;obstacle_mobile;point_choc_initial;manoeuvre_principale;motorisation
202400004688;155 773 578;10;0;2;1;1;1
202400004689;155 773 576;33;0;2;1;17;1
202400004689;155 773 580;7;0;2;3;15;1
202400004690;155 773 574;10;0;1;2;1;1
202400004691;155 773 573;99;1;0;1;1;6
202400004692;155 773 571;7;0;2;3;13;1
202400004692;155 773 572;7;0;2;3;1;1
202400004693;155 773 570;7;9;0;1;1;1
202400004694;155 773 569;1;3;0;1;1;5
202400004695;155 773 566;33;0;2;1;17;1
202400004695;155 773 568;7;0;2;8;15;1
202400004696;155 773 565;7;0;2;0;0;
202400004696;155 773 567;7;0;1;1;0;
202400004697;155 773 564;50;6;0;1;13;3
202400004698;155 773 562;7;0;2;3;10;1
202400004698;155 773 563;33;0;2;2;17;1
202400004699;155 773 561;10;0;1;1;1;1
202400004700;155 773 558;33;0;2;3;1;0
202400004700;155 773 560;7;0;2;3;1;1
202400004701;155 773 557;50;0;2;1;1;3
202400004701;155 773 559;7;0;9;3;1;1
202400004702;155 773 555;7;0;2;1;2;1
202400004702;155 773 556;7;0;2;5;2;1
202400004703;155 773 552;7;0;2;8;15;3
202400004703;155 773 553;30;0;2;1;15;3
202400004704;155 773 554;7;0;1;1;1;3
202400004705;155 773 550;33;0;2;7;21;1
202400004705;155 773 551;7;0;2;4;1;1
202400004706;155 773 549;60;0;0;0;25;5
202400004707;155 773 548;33;0;0;1;1;1
202400004708;155 773 544;7;0;2;4;2;1
202400004708;155 773 547;7;0;2;1;1;1
202400004709;155 773 543;14;0;2;7;16;1
202400004709;155 773 546;1;0;2;1;1;5
202400004710;155 773 542;10;0;2;3;13;1
202400004710;155 773 545;1;0;2;1;1;5
202400004711;155 773 541;2;0;0;0;1;1
202400004712;155 773 538;7;0;2;6;13;1
202400004712;155 773 540;7;0;2;0;17;0
202400004713;155 773 539;33;0;0;8;1;1
202400004714;155 773 534;36;0;0;3;15;1
202400004715;155 773 533;33;0;2;1;13;1
202400004715;155 773 536;7;0;2;3;1;1
202400004716;155 773 532;7;0;2;3;9;2
202400004716;155 773 535;1;0;2;2;1;5
202400004717;155 773 528;7;0;2;4;2;1
202400004717;155 773 530;10;0;2;1;2;1
202400004718;155 773 527;7;0;2;3;13;1
202400004718;155 773 529;7;0;2;2;1;1
202400004719;155 773 526;7;0;9;3;1;1
202400004719;155 773 531;50;0;2;1;1;3
202400004720;155 773 522;1;0;0;6;1;5
202400004720;155 773 523;7;12;2;2;17;1
202400004721;155 773 521;7;0;2;3;1;1
202400004721;155 773 525;7;0;2;8;15;1
202400004722;155 773 519;7;0;2;3;13;1
202400004722;155 773 520;7;0;2;3;1;1
202400004723;155 773 515;7;0;2;3;1;1
202400004723;155 773 518;33;0;2;1;13;1
202400004724;155 773 514;7;0;2;1;2;1
202400004724;155 773 516;2;0;0;4;0;1
202400004725;155 773 512;7;0;2;4;9;2
202400004725;155 773 513;7;0;2;1;1;1
202400004725;155 773 517;7;0;2;4;1;1
202400004726;155 773 510;7;8;0;1;9;1
202400004727;155 773 509;7;0;2;2;9;1
202400004727;155 773 511;33;0;2;1;1;1
202400004728;155 773 508;7;0;2;9;13;1
202400004729;155 773 507;33;13;0;1;1;1
202400004730;155 773 506;7;0;1;2;1;1
202400004731;155 773 504;7;0;2;4;0;1
202400004731;155 773 505;7;1;0;1;26;1
202400004732;155 773 503;7;4;0;2;0;1
202400004733;155 773 500;7;4;2;1;17;1
202400004733;155 773 502;7;0;2;3;2;3
202400004734;155 773 496;15;0;2;3;1;1
202400004734;155 773 499;33;0;2;1;13;1
202400004734;155 773 501;7;0;2;5;1;1
202400004735;155 773 495;7;0;2;3;13;1
202400004735;155 773 497;7;0;0;3;1;1
202400004735;155 773 498;7;0;0;6;23;1
202400004736;155 773 492;7;0;2;7;15;1
202400004736;155 773 494;7;0;2;0;1;1
202400004737;155 773 491;7;2;0;2;14;1
202400004738;155 773 490;7;0;0;6;2;1
202400004738;155 773 493;7;0;2;1;2;1
202400004739;155 773 488;7;8;0;1;13;1
202400004740;155 773 487;7;8;0;7;1;1
202400004741;155 773 485;7;8;0;1;0;0
202400004742;155 773 484;15;0;0;4;2;1
202400004742;155 773 486;7;0;2;1;2;1
202400004743;155 773 482;7;6;2;4;1;1
202400004743;155 773 483;7;0;2;1;15;1
202400004744;155 773 481;7;2;0;2;1;2
202400004745;155 773 476;7;0;0;1;2;1
202400004745;155 773 480;7;0;0;4;2;1
202400004746;155 773 475;10;0;0;0;0;1
202400004746;155 773 478;33;0;2;1;1;1
202400004747;155 773 477;7;0;2;1;2;1
202400004747;155 773 479;7;0;2;4;23;1
202400004748;155 773 472;10;8;0;1;0;1
202400004749;155 773 471;33;0;2;1;2;1
202400004749;155 773 473;7;0;2;4;2;2
202400004750;155 773 470;0;0;2;8;1;1
202400004750;155 773 474;30;0;2;1;1;1
202400004751;155 773 469;7;0;1;2;1;1
202400004752;155 773 467;2;0;1;1;1;1
202400004753;155 773 465;7;0;2;3;5;1
202400004753;155 773 468;13;0;2;3;1;1
202400004754;155 773 464;33;0;2;8;1;1
202400004754;155 773 466;33;0;2;7;17;1
202400004755;155 773 463;1;2;0;1;15;5
202400004756;155 773 459;7;0;2;3;11;1
202400004756;155 773 462;7;0;2;3;13;2
202400004757;155 773 460;10;8;0;2;15;1
202400004758;155 773 456;17;0;1;5;20;1
202400004759;155 773 454;7;0;2;1;0;1
202400004759;155 773 455;7;0;2;1;0;1
202400004760;155 773 453;7;0;0;4;23;1
202400004760;155 773 457;31;0;2;1;1;1
202400004761;155 773 452;10;0;1;1;0;1
202400004762;155 773 450;7;0;2;7;15;1
202400004762;155 773 451;7;0;2;1;1;1
202400004763;155 773 447;33;0;2;1;17;1
202400004763;155 773 449;7;0;2;3;0;1
202400004764;155 773 446;30;0;2;1;19;1
202400004764;155 773 448;7;0;2;2;1;1
202400004765;155 773 445;7;2;0;1;0;1
202400004766;155 773 444;33;0;0;7;1;1
202400004767;155 773 441;80;0;2;1;1;3
202400004767;155 773 443;7;0;2;3;19;1
202400004768;155 773 438;2;0;2;1;1;1
202400004768;155 773 439;31;12;0;4;23;1
202400004769;155 773 437;7;3;6;1;1;1
202400004770;155 773 435;50;0;2;8;19;3
202400004770;155 773 436;7;0;2;1;1;0
202400004771;155 773 433;7;0;2;1;9;1
202400004771;155 773 434;50;0;2;7;15;3
202400004772;155 773 429;2;0;2;1;17;1
202400004772;155 773 431;7;0;2;7;15;1
202400004773;155 773 424;7;0;1;1;1;1
202400004774;155 773 423;7;0;2;0;21;1
202400004774;155 773 425;7;0;2;1;21;1
202400004774;155 773 426;7;14;0;3;21;1
202400004774;155 773 428;7;14;0;1;2;1
202400004774;155 773 432;7;0;0;4;2;1
202400004775;155 773 422;1;12;0;0;0;5
202400004776;155 773 421;10;0;1;7;1;1
202400004777;155 773 418;1;0;2;5;15;5
202400004777;155 773 420;7;0;2;1;9;1
202400004778;155 773 417;7;0;2;1;1;1
202400004778;155 773 419;7;0;2;7;1;1
202400004779;155 773 415;7;0;2;1;15;1
202400004779;155 773 416;30;0;2;8;1;1
202400004780;155 773 414;7;13;0;9;1;1
202400004781;155 773 413;7;2;0;7;0;1
202400004782;155 773 411;32;0;0;6;0;1
202400004783;155 773 409;50;0;2;4;1;3
202400004783;155 773 412;7;0;2;1;9;1
202400004784;155 773 408;33;16;2;7;17;1
202400004784;155 773 410;7;0;2;1;15;1
202400004785;155 773 405;7;0;1;0;20;1
202400004786;155 773 404;7;0;2;2;15;1
202400004786;155 773 407;7;9;2;1;1;3
202400004787;155 773 402;7;2;0;8;1;1
202400004788;155 773 401;7;0;1;1;26;1
202400004789;155 773 400;7;0;2;1;1;1
202400004789;155 773 403;7;0;2;7;1;1
202400004789;155 773 406;7;0;2;8;23;1
202400004790;155 773 398;7;0;9;3;1;2
202400004790;155 773 399;1;0;2;7;15;5
202400004791;155 773 397;7;0;1;1;15;1
202400004792;155 773 396;7;6;0;1;13;1
202400004793;155 773 395;7;0;1;9;26;1
202400004794;155 773 394;7;0;1;3;1;1
202400004795;155 773 393;7;13;0;3;1;1
202400004796;155 773 392;31;0;6;1;1;1
202400004797;155 773 389;7;0;2;7;13;1
202400004797;155 773 391;10;0;2;1;1;1
202400004798;155 773 388;7;0;2;2;15;1
202400004798;155 773 390;32;0;2;1;1;1
202400004799;155 773 385;7;3;0;1;0;1
202400004799;155 773 387;2;0;2;1;13;1
202400004800;155 773 382;33;0;2;1;26;1
202400004801;155 773 381;10;0;2;1;1;1
202400004801;155 773 383;10;0;2;8;1;1
202400004801;155 773 384;10;0;2;8;1;1
202400004801;155 773 386;7;0;2;8;1;1
202400004802;155 773 378;7;0;2;1;2;1
202400004802;155 773 380;7;0;2;4;1;1
202400004803;155 773 377;7;8;0;9;0;1
202400004804;155 773 375;7;0;2;7;12;1
202400004804;155 773 376;33;0;2;8;26;1
202400004805;155 773 374;39;0;1;2;19;3
202400004806;155 773 373;7;3;0;0;1;1
202400004807;155 773 370;7;13;2;2;26;1
202400004807;155 773 371;15;0;2;6;1;1
202400004808;155 773 369;7;0;5;1;1;1
202400004809;155 773 366;7;0;2;1;0;0
202400004809;155 773 367;7;0;2;1;0;1
202400004810;155 773 365;7;4;2;3;2;1
202400004810;155 773 368;14;0;2;2;2;1
202400004811;155 773 364;7;13;0;1;26;1
202400004812;155 773 363;7;3;0;3;1;1
202400004813;155 773 360;80;0;2;1;1;3
202400004813;155 773 361;7;0;2;2;15;1
202400004814;155 773 359;33;0;2;1;3;1
202400004814;155 773 362;10;0;2;5;12;1
202400004815;155 773 356;7;0;2;1;13;1
202400004815;155 773 358;7;0;2;3;23;1
202400004816;155 773 353;7;0;2;6;2;1
202400004816;155 773 354;33;0;2;1;2;1
202400004816;155 773 355;7;0;2;4;0;1
202400004816;155 773 357;7;0;2;1;2;1
202400004817;155 773 351;7;0;2;1;1;1
202400004817;155 773 352;7;0;2;1;1;1
202400004818;155 773 350;30;0;0;8;1;1
202400004819;155 773 348;7;0;0;0;0;1
202400004820;155 773 345;7;0;2;1;1;2
202400004820;155 773 347;7;0;2;7;1;1
202400004820;155 773 349;7;0;2;3;1;1
202400004821;155 773 344;10;0;2;0;11;0
202400004821;155 773 346;7;4;2;9;1;1
202400004822;155 773 343;7;0;1;6;20;1
202400004823;155 773 340;33;0;2;6;3;1
202400004823;155 773 341;7;0;2;2;1;2
202400004823;155 773 342;7;0;2;3;11;3
202400004824;155 773 339;7;0;1;4;26;1
202400004825;155 773 337;32;0;2;4;3;1
202400004825;155 773 338;7;0;2;1;1;1
202400004826;155 773 335;7;0;2;1;13;1
202400004826;155 773 336;37;0;0;3;1;1
202400004827;155 773 333;7;1;1;1;15;6
202400004828;155 773 331;33;0;2;1;2;1
202400004828;155 773 334;7;0;2;4;2;2
202400004829;155 773 329;7;0;2;3;17;1
202400004829;155 773 330;10;0;2;3;0;1
202400004829;155 773 332;10;0;2;8;0;1
202400004830;155 773 327;7;0;2;3;10;1
202400004830;155 773 328;2;0;2;1;2;1
202400004831;155 773 326;2;0;0;3;1;1
202400004832;155 773 324;7;0;2;1;2;1
202400004832;155 773 325;14;0;2;6;2;1
202400004833;155 773 323;7;12;0;1;1;1
202400004834;155 773 321;32;0;2;7;14;1
202400004834;155 773 322;10;0;2;3;16;3
202400004835;155 773 317;7;0;2;1;5;1
202400004835;155 773 319;14;0;0;1;1;1
202400004836;155 773 315;10;0;2;6;1;1
202400004836;155 773 316;0;0;2;0;0;0
202400004836;155 773 318;7;0;2;8;1;1
202400004836;155 773 320;7;0;2;6;1;1
202400004837;155 773 313;33;0;2;2;17;1
202400004837;155 773 314;7;0;2;6;5;0
202400004838;155 773 309;7;0;2;4;2;1
202400004838;155 773 310;10;0;2;1;1;1
202400004838;155 773 311;10;0;2;4;1;1
202400004838;155 773 312;10;0;2;1;2;1
202400004839;155 773 306;7;3;0;1;2;1
202400004840;155 773 305;7;0;2;3;1;1
202400004840;155 773 307;50;0;2;4;1;3
202400004841;155 773 303;10;0;2;1;1;1
202400004841;155 773 304;7;0;2;4;1;1
202400004842;155 773 301;15;0;2;7;1;1
202400004842;155 773 302;7;0;2;9;1;1
202400004843;155 773 299;7;3;0;0;0;1
202400004844;155 773 298;7;0;2;1;1;1
202400004844;155 773 300;7;0;2;8;1;1
202400004845;155 773 297;33;0;0;0;1;1
202400004846;155 773 295;7;0;2;3;15;1
202400004846;155 773 296;1;0;2;8;1;5
202400004847;155 773 294;1;0;0;8;1;5
202400004848;155 773 292;2;0;2;7;1;0
202400004848;155 773 293;2;0;2;1;16;0
202400004849;155 773 290;7;0;1;3;1;1
202400004849;155 773 291;50;0;0;7;1;3
202400004850;155 773 289;7;0;1;2;1;2
202400004851;155 773 288;30;8;0;0;0;1
202400004852;155 773 287;7;0;1;1;1;1
202400004853;155 773 286;30;14;0;0;0;1
202400004854;155 773 284;7;4;0;0;0;1
202400004855;155 773 285;7;8;0;1;1;1
202400004856;155 773 283;31;4;0;0;1;1
202400004857;155 773 281;7;0;2;1;2;1
202400004857;155 773 282;7;0;2;4;2;1
202400004858;155 773 277;7;0;2;1;15;1
202400004858;155 773 278;1;0;2;8;19;5
202400004859;155 773 276;7;0;2;1;1;2
202400004859;155 773 279;7;0;2;3;1;1
202400004859;155 773 280;7;16;2;3;13;1
202400004860;155 773 272;7;4;0;1;1;1
202400004860;155 773 274;17;0;2;8;0;1
202400004861;155 773 271;7;0;2;4;23;1
202400004861;155 773 273;7;0;2;4;23;1
202400004861;155 773 275;7;0;2;1;1;1
202400004862;155 773 269;7;0;2;2;14;0
202400004862;155 773 270;17;0;2;3;1;0
202400004863;155 773 267;30;0;2;0;5;1
202400004863;155 773 268;10;0;2;1;1;1
202400004864;155 773 266;7;3;0;7;1;0
202400004865;155 773 263;50;0;2;1;25;3
202400004865;155 773 265;10;0;2;2;16;1
202400004866;155 773 262;15;0;2;8;1;1
202400004866;155 773 264;7;0;2;1;1;1
202400004867;155 773 260;7;0;2;2;15;1
202400004867;155 773 261;33;0;2;1;1;1
202400004868;155 773 256;10;0;2;4;11;1
202400004868;155 773 257;31;0;2;1;3;1
202400004869;155 773 255;7;3;0;7;1;1
202400004870;155 773 254;31;0;1;7;1;0
202400004871;155 773 251;7;0;1;2;1;1
202400004872;155 773 250;7;0;2;1;1;1
202400004872;155 773 252;7;0;2;4;1;1
202400004872;155 773 253;7;0;2;4;1;1
202400004873;155 773 248;31;0;2;1;17;1
202400004873;155 773 249;10;0;2;8;1;1
202400004874;155 773 245;2;0;0;3;2;1
202400004875;155 773 246;7;0;2;1;1;1
202400004875;155 773 247;7;0;2;3;1;1
202400004876;155 773 244;33;13;0;3;1;1
202400004877;155 773 242;7;0;2;1;1;1
202400004877;155 773 243;7;0;2;1;1;1
202400004878;155 773 240;7;0;2;2;0;1
202400004878;155 773 241;7;0;2;6;2;1
202400004879;155 773 238;33;0;2;2;1;1
202400004879;155 773 239;7;0;2;1;9;1
202400004880;155 773 237;7;3;0;1;26;1
202400004881;155 773 234;7;0;2;2;1;1
202400004881;155 773 236;7;0;2;1;26;1
202400004882;155 773 233;7;0;2;3;11;1
202400004882;155 773 235;33;0;2;1;1;1
202400004883;155 773 230;7;0;2;0;0;1
202400004883;155 773 231;1;0;2;0;0;5
202400004884;155 773 229;7;0;2;5;9;0
202400004884;155 773 232;7;0;2;1;1;0
202400004885;155 773 227;7;0;2;2;1;1
202400004885;155 773 228;1;0;2;5;19;5
202400004886;155 773 226;7;0;1;4;20;1
202400004887;155 773 225;7;13;0;0;0;1
202400004888;155 773 223;7;4;0;1;1;1
202400004889;155 773 222;7;1;2;2;1;1
202400004889;155 773 224;7;0;2;1;15;1
202400004890;155 773 221;7;0;0;0;0;1
202400004891;155 773 219;10;0;2;8;15;1
202400004891;155 773 220;7;0;2;2;17;1
202400004892;155 773 218;7;6;0;1;1;1
202400004893;155 773 217;10;0;1;1;1;1
202400004894;155 773 216;1;0;0;0;21;5
202400004895;155 773 215;40;0;1;7;1;3
202400004896;155 773 213;1;0;2;0;1;5
202400004896;155 773 214;7;0;2;2;15;1
202400004897;155 773 211;60;1;0;0;0;5
202400004898;155 773 210;7;0;0;4;1;1
202400004898;155 773 212;7;0;2;1;2;1
202400004899;155 773 208;7;0;2;7;17;1
202400004899;155 773 209;33;0;2;8;2;1
202400004900;155 773 206;60;0;0;0;0;5
202400004901;155 773 205;7;0;2;1;1;1
202400004901;155 773 207;7;0;2;1;15;1
202400004902;155 773 202;7;0;1;1;1;1
202400004903;155 773 203;1;0;2;0;1;5
202400004903;155 773 204;7;0;2;0;16;1
202400004904;155 773 199;7;0;2;1;9;1
202400004904;155 773 201;1;0;2;7;1;5
202400004905;155 773 200;7;0;0;9;1;1
202400004906;155 773 196;7;0;2;1;5;0
202400004906;155 773 198;7;0;2;1;1;0
202400004907;155 773 195;7;0;2;1;1;1
202400004907;155 773 197;7;9;0;1;2;1
202400004908;155 773 194;7;13;0;9;1;2
202400004909;155 773 193;7;0;1;3;1;1
202400004910;155 773 191;7;0;0;7;1;2
202400004910;155 773 192;31;0;2;1;9;0
202400004911;155 773 190;10;0;1;0;26;1
202400004912;155 773 187;7;0;0;6;15;1
202400004912;155 773 189;34;0;2;1;17;1
202400004913;155 773 186;7;0;2;3;19;1
202400004913;155 773 188;37;0;2;2;1;1
202400004914;155 773 184;7;0;1;4;26;1
202400004914;155 773 185;7;0;2;3;26;1
202400004915;155 773 182;7;0;2;4;2;1
202400004915;155 773 183;2;0;2;1;2;1
202400004916;155 773 181;7;8;0;1;2;1
202400004917;155 773 179;7;0;1;3;19;1
202400004918;155 773 177;21;0;2;6;1;0
202400004918;155 773 178;7;0;2;3;17;1
202400004918;155 773 180;7;0;2;0;0;1
202400004919;155 773 176;38;0;1;8;26;1
202400004920;155 773 173;7;0;2;4;1;3
202400004920;155 773 174;7;0;2;4;1;1
202400004920;155 773 175;7;0;2;1;1;1
202400004921;155 773 172;7;0;0;0;1;1
202400004922;155 773 171;1;0;2;0;1;5
202400004923;155 773 169;7;0;2;3;2;1
202400004923;155 773 170;7;0;2;3;5;1
202400004924;155 773 167;2;0;2;1;1;1
202400004924;155 773 168;7;0;2;1;17;1
202400004925;155 773 166;15;0;1;2;16;1
202400004926;155 773 164;7;0;0;3;0;1
202400004926;155 773 165;7;0;0;3;0;1
202400004927;155 773 163;7;2;0;9;14;1
202400004928;155 773 162;7;0;1;2;16;1
202400004929;155 773 158;7;0;2;2;16;1
202400004929;155 773 161;1;0;2;5;1;5
202400004930;155 773 159;7;0;2;3;1;1
202400004930;155 773 160;10;0;2;3;1;1
202400004931;155 773 157;32;0;5;1;0;1
202400004932;155 773 156;50;0;0;7;16;3
202400004933;155 773 153;7;0;2;2;13;1
202400004933;155 773 155;7;0;2;2;1;1
202400004934;155 773 152;7;0;2;3;18;1
202400004934;155 773 154;7;0;2;7;1;1
202400004935;155 773 150;7;0;1;2;1;1
202400004936;155 773 149;7;0;2;1;0;2
202400004936;155 773 151;7;0;2;1;13;1
202400004937;155 773 146;7;0;2;8;9;1
202400004937;155 773 148;33;0;2;8;1;1
202400004938;155 773 145;7;0;2;0;15;1
202400004938;155 773 147;2;0;2;0;1;1
202400004939;155 773 143;7;0;2;2;16;1
202400004939;155 773 144;50;0;2;1;1;3
202400004940;155 773 142;7;7;0;0;0;2
202400004941;155 773 139;7;0;2;1;2;3
202400004941;155 773 140;7;0;2;6;2;1
202400004942;155 773 138;7;0;2;1;13;1
202400004942;155 773 141;7;0;2;1;0;1
202400004943;155 773 136;33;11;0;1;17;1
202400004944;155 773 135;10;1;0;0;0;1
202400004944;155 773 137;80;0;2;0;14;3
202400004945;155 773 133;7;12;0;2;15;1
202400004946;155 773 132;17;0;2;2;24;1
202400004946;155 773 134;7;1;0;3;21;1
202400004947;155 773 130;33;0;2;1;1;1
202400004947;155 773 131;7;0;2;5;15;1
202400004948;155 773 129;7;0;1;1;15;1
202400004949;155 773 125;7;0;2;4;1;1
202400004949;155 773 126;7;0;2;1;1;1
202400004949;155 773 128;7;0;2;1;1;1
202400004950;155 773 123;7;0;2;3;15;1
202400004950;155 773 124;2;0;2;2;17;1
202400004951;155 773 122;7;0;1;1;1;1
202400004952;155 773 121;7;0;1;1;0;0
202400004953;155 773 119;2;0;0;8;1;1
202400004953;155 773 120;7;0;2;2;26;1
202400004954;155 773 116;7;0;1;3;1;1
202400004955;155 773 113;32;0;2;1;1;1
202400004955;155 773 115;7;0;2;3;15;2
202400004956;155 773 114;1;12;0;4;16;5
202400004956;155 773 117;7;12;0;1;16;1
202400004957;155 773 112;7;0;1;1;1;1
202400004958;155 773 110;33;0;1;1;17;0
202400004959;155 773 109;2;0;2;1;1;1
202400004959;155 773 111;7;0;2;3;15;2
202400004960;155 773 108;33;8;0;2;26;1
202400004961;155 773 105;7;0;1;2;1;1
202400004962;155 773 106;7;0;2;8;17;0
202400004962;155 773 107;2;0;2;8;1;1
202400004963;155 773 102;10;0;2;2;1;1
202400004963;155 773 104;1;0;2;0;1;5
202400004964;155 773 103;7;0;1;2;15;1
202400004965;155 773 101;7;0;1;3;0;1
202400004966;155 773 100;7;0;1;2;1;1
202400004967;155 773 098;7;0;2;1;1;0
202400004967;155 773 099;7;0;2;4;23;1
202400004968;155 773 097;7;0;1;1;0;1
202400004969;155 773 096;2;0;2;2;16;1
202400004970;155 773 093;7;0;1;1;1;1
202400004971;155 773 092;7;0;2;6;1;1
202400004971;155 773 094;7;0;2;1;1;1
202400004971;155 773 095;7;0;2;1;13;1
202400004972;155 773 089;31;0;2;1;17;1
202400004972;155 773 091;7;0;2;3;15;1
202400004973;155 773 088;7;0;2;8;15;1
202400004973;155 773 090;7;0;2;1;1;1
202400004974;155 773 086;33;0;2;1;1;1
202400004974;155 773 087;7;0;2;2;15;1
202400004975;155 773 084;1;0;2;1;1;5
202400004975;155 773 085;7;0;2;3;15;1
202400004976;155 773 082;7;0;2;3;19;1
202400004976;155 773 083;31;0;2;1;1;1
202400004977;155 773 080;13;0;0;4;2;1
202400004977;155 773 081;33;0;2;1;2;1
202400004978;155 773 078;7;0;2;1;1;2
202400004978;155 773 079;7;0;2;2;2;1
202400004979;155 773 077;7;0;0;0;1;1
202400004980;155 773 075;7;0;9;1;1;1
202400004980;155 773 076;2;0;2;1;15;1
202400004981;155 773 073;2;0;2;3;1;1
202400004981;155 773 074;7;0;2;0;15;1
202400004982;155 773 071;50;0;2;8;1;3
202400004982;155 773 072;7;0;9;3;1;1
202400004983;155 773 066;10;0;2;1;2;0
202400004983;155 773 068;7;0;2;4;2;1
202400004984;155 773 065;7;0;2;4;2;1
202400004984;155 773 067;7;0;2;4;2;3
202400004984;155 773 069;7;0;2;4;2;1
202400004984;155 773 070;7;0;2;1;2;1
202400004985;155 773 060;7;0;2;3;1;2
202400004985;155 773 063;1;0;2;1;19;5
202400004986;155 773 059;7;0;2;6;1;2
202400004986;155 773 061;7;0;2;8;13;1
202400004986;155 773 062;7;0;2;2;1;1
202400004986;155 773 064;7;0;2;3;1;2
202400004987;155 773 058;7;1;0;0;0;1
202400004988;155 773 055;7;12;1;1;13;1
202400004989;155 773 056;10;0;2;1;9;1
202400004989;155 773 057;33;0;2;8;1;1
202400004990;155 773 052;7;0;1;7;1;1
202400004991;155 773 053;33;0;2;0;9;1
202400004991;155 773 054;7;0;2;0;1;1
202400004992;155 773 051;7;0;2;2;1;0
202400004993;155 773 050;1;0;1;1;1;5
202400004994;155 773 048;7;2;0;2;1;1
202400004995;155 773 049;32;0;1;1;26;1
202400004996;155 773 047;1;9;0;1;1;5
202400004997;155 773 045;7;0;0;2;1;1
202400004997;155 773 046;7;0;0;3;16;1
202400004998;155 773 044;60;14;0;1;2;5
202400004999;155 773 041;10;0;1;3;15;3
202400005000;155 773 042;7;0;2;1;13;1
202400005000;155 773 043;7;0;0;1;1;1
202400005001;155 773 040;1;0;1;1;7;5
202400005002;155 773 039;2;0;1;8;0;1
202400005003;155 773 036;2;0;2;8;2;1
202400005003;155 773 038;7;0;2;7;5;1
202400005004;155 773 035;1;0;2;0;0;5
202400005004;155 773 037;7;0;9;3;16;0
202400005005;155 773 031;7;0;2;7;1;1
202400005005;155 773 033;7;0;2;1;1;1
202400005005;155 773 034;7;0;2;4;24;1
202400005006;155 773 030;2;0;2;1;1;1
202400005006;155 773 032;10;0;2;3;20;1
202400005007;155 773 029;7;0;1;7;2;1
202400005008;155 773 027;7;0;2;4;10;1
202400005008;155 773 028;33;0;2;1;26;1
202400005009;155 773 026;7;0;1;3;2;1
202400005010;155 773 024;10;0;1;4;4;1
202400005011;155 773 023;50;0;2;1;19;3
202400005011;155 773 025;7;0;9;1;15;1
202400005012;155 773 022;33;3;0;9;1;1
202400005013;155 773 020;99;0;2;3;5;0
202400005013;155 773 021;7;0;9;3;15;1
202400005014;155 773 018;1;0;2;1;2;5
202400005014;155 773 019;7;0;9;6;4;2
202400005015;155 773 016;33;0;2;1;1;1
202400005015;155 773 017;7;0;2;3;15;1
202400005016;155 773 015;10;0;1;2;1;1
202400005017;155 773 012;10;0;2;2;1;1
202400005017;155 773 014;13;0;2;0;0;0
202400005018;155 773 011;33;0;2;1;13;1
202400005018;155 773 013;7;0;2;1;1;1
202400005019;155 773 010;2;0;1;7;1;1
202400005020;155 773 008;2;0;2;8;1;1
202400005020;155 773 009;10;0;2;1;15;1
202400005021;155 773 006;7;0;9;2;1;1
202400005021;155 773 007;50;0;2;1;0;3
202400005022;155 773 004;7;0;2;1;15;1
202400005022;155 773 005;33;0;2;1;1;1
202400005023;155 773 003;7;0;1;1;26;1
202400005024;155 773 001;33;0;9;1;0;1
202400005024;155 773 002;50;0;2;1;0;3
202400005025;155 772 999;7;0;2;0;9;1
202400005025;155 773 000;13;0;2;0;1;1
202400005026;155 772 998;7;0;1;2;1;1
202400005027;155 772 995;40;0;2;1;1;3
202400005027;155 772 996;50;0;4;4;1;3
202400005028;155 772 997;7;0;1;1;1;1
202400005029;155 772 994;7;7;0;0;0;2
202400005030;155 772 993;7;4;0;9;26;1
202400005031;155 772 991;10;0;2;1;15;1
202400005031;155 772 992;34;0;2;4;18;1
202400005032;155 772 989;39;0;1;1;1;
202400005033;155 772 988;7;0;2;1;9;1
202400005033;155 772 990;15;0;2;0;0;0
202400005034;155 772 987;7;0;1;1;1;1
202400005035;155 772 986;30;0;0;0;0;1
202400005036;155 772 984;30;9;0;0;14;1
202400005037;155 772 983;33;0;2;2;3;1
202400005037;155 772 985;7;0;2;4;11;0
202400005038;155 772 982;7;8;0;0;0;0
202400005039;155 772 980;7;0;1;3;16;1
202400005040;155 772 978;10;0;2;1;2;1
202400005040;155 772 981;10;0;2;4;1;1
202400005041;155 772 977;7;0;2;1;2;1
202400005041;155 772 979;7;0;2;4;2;1
202400005042;155 772 975;7;0;1;4;4;1
202400005043;155 772 974;30;0;2;1;2;3
202400005043;155 772 976;7;0;2;6;2;1
202400005044;155 772 971;7;0;1;1;26;1
202400005045;155 772 970;7;0;2;1;1;2
202400005045;155 772 973;7;0;2;1;5;0
202400005046;155 772 969;7;0;2;5;1;1
202400005046;155 772 972;32;0;2;0;0;1
202400005047;155 772 967;39;0;1;1;1;3
202400005048;155 772 966;7;0;2;3;15;1
202400005048;155 772 968;32;0;2;3;1;1
202400005049;155 772 965;37;0;1;1;0;1
202400005050;155 772 962;7;0;2;7;15;1
202400005050;155 772 964;10;0;2;2;1;1
202400005051;155 772 960;7;9;1;0;14;1
202400005052;155 772 958;7;0;0;0;0;1
202400005053;155 772 957;7;0;2;8;15;1