Num_Acc;id_vehicule;categorie_vehicule;obstacle_fixe;obstacle_mobile;point_choc_initial;manoeuvre_principale;motorisation
202400005053;155 772 959;7;0;2;1;2;1
202400005054;155 772 954;7;0;2;4;1;1
202400005054;155 772 956;34;0;2;1;2;1
202400005055;155 772 950;1;0;2;0;0;5
202400005055;155 772 952;7;0;2;0;0;1
202400005056;155 772 949;7;0;0;1;19;1
202400005056;155 772 951;7;0;2;3;1;1
202400005057;155 772 947;7;0;2;0;16;1
202400005057;155 772 948;60;0;2;0;1;5
202400005058;155 772 945;7;0;2;1;2;1
202400005058;155 772 946;1;0;0;4;1;5
202400005059;155 772 943;7;0;2;0;1;1
202400005059;155 772 944;33;0;2;0;1;1
202400005060;155 772 942;7;0;1;2;1;1
202400005061;155 772 939;1;1;0;0;1;5
202400005061;155 772 941;7;0;2;8;22;1
202400005062;155 772 940;7;2;0;1;1;1
202400005063;155 772 938;7;8;0;0;14;1
202400005064;155 772 937;7;0;0;1;1;1
202400005065;155 772 934;7;0;2;3;9;1
202400005065;155 772 935;7;0;2;1;1;1
202400005066;155 772 929;7;0;2;2;21;1
202400005066;155 772 931;30;0;2;1;19;1
202400005066;155 772 933;34;0;2;1;1;1
202400005067;155 772 925;31;0;2;1;1;1
202400005067;155 772 927;7;0;2;5;12;1
202400005068;155 772 926;7;0;2;3;16;1
202400005068;155 772 928;7;0;2;1;1;1
202400005069;155 772 923;7;1;0;1;14;1
202400005069;155 772 924;7;0;2;0;23;1
202400005070;155 772 921;7;0;2;1;13;1
202400005070;155 772 922;7;0;2;1;26;1
202400005071;155 772 920;7;0;1;3;1;1
202400005072;155 772 919;31;0;1;1;1;1
202400005073;155 772 916;7;0;2;3;1;1
202400005073;155 772 918;7;0;2;8;26;1
202400005074;155 772 915;7;0;2;1;1;1
202400005074;155 772 917;7;0;2;2;15;1
202400005075;155 772 914;7;14;0;2;1;1
202400005076;155 772 909;7;0;2;1;1;1
202400005076;155 772 910;7;0;2;4;1;1
202400005076;155 772 911;10;0;2;4;1;1
202400005077;155 772 907;7;0;2;4;23;1
202400005077;155 772 908;10;0;2;1;2;1
202400005078;155 772 905;33;0;2;8;1;1
202400005078;155 772 906;7;0;2;2;9;1
202400005079;155 772 904;7;0;1;2;1;1
202400005080;155 772 903;7;0;1;2;1;3
202400005081;155 772 901;7;2;2;3;17;1
202400005081;155 772 902;10;0;2;3;1;1
202400005082;155 772 898;7;0;2;1;2;1
202400005082;155 772 899;7;0;2;4;1;1
202400005082;155 772 900;7;1;2;4;1;1
202400005083;155 772 896;7;0;2;2;15;1
202400005083;155 772 897;50;0;2;1;1;3
202400005084;155 772 892;7;0;2;7;15;1
202400005084;155 772 893;33;0;2;7;16;1
202400005085;155 772 891;7;0;1;2;15;1
202400005086;155 772 889;1;0;2;1;26;5
202400005086;155 772 890;7;0;2;3;1;1
202400005087;155 772 887;80;0;2;1;1;3
202400005087;155 772 888;7;0;2;8;1;1
202400005088;155 772 883;7;0;2;3;24;1
202400005088;155 772 884;17;1;0;7;1;1
202400005089;155 772 882;30;0;2;1;25;3
202400005090;155 772 881;80;0;1;1;21;3
202400005091;155 772 879;30;0;2;4;0;1
202400005091;155 772 880;7;0;2;4;0;3
202400005092;155 772 877;7;0;4;3;15;1
202400005092;155 772 878;40;0;2;3;0;3
202400005093;155 772 875;31;0;2;1;1;1
202400005093;155 772 876;7;0;2;5;15;1
202400005094;155 772 874;7;0;1;2;19;1
202400005095;155 772 872;7;0;2;3;15;1
202400005095;155 772 873;1;0;2;0;1;5
202400005096;155 772 870;7;0;2;1;1;1
202400005096;155 772 871;1;0;2;1;5;5
202400005097;155 772 869;14;0;1;5;26;1
202400005098;155 772 867;2;0;2;1;1;1
202400005098;155 772 868;7;0;2;6;1;1
202400005099;155 772 865;33;0;2;4;23;1
202400005099;155 772 866;32;0;2;1;1;1
202400005100;155 772 863;50;0;2;1;9;3
202400005100;155 772 864;7;0;2;1;1;1
202400005101;155 772 861;7;0;2;1;15;1
202400005101;155 772 862;7;0;2;8;2;1
202400005102;155 772 859;7;0;2;2;2;1
202400005102;155 772 860;10;0;1;0;2;0
202400005103;155 772 855;7;0;2;3;1;1
202400005103;155 772 856;1;0;2;1;1;5
202400005104;155 772 853;7;0;2;2;19;1
202400005104;155 772 854;7;0;2;3;19;1
202400005105;155 772 851;7;0;2;3;13;1
202400005105;155 772 852;7;0;2;3;1;2
202400005106;155 772 850;7;9;0;1;1;1
202400005107;155 772 849;1;0;0;;21;5
202400005108;155 772 848;30;0;0;0;1;1
202400005109;155 772 844;10;0;2;1;1;1
202400005109;155 772 846;32;0;2;4;1;1
202400005109;155 772 847;7;0;2;4;1;1
202400005110;155 772 842;10;0;2;1;26;1
202400005110;155 772 843;50;0;2;8;1;3
202400005111;155 772 839;7;0;2;3;26;1
202400005111;155 772 840;80;0;2;1;1;3
202400005112;155 772 841;2;0;0;1;0;1
202400005112;155 772 845;2;0;0;1;0;1
202400005113;155 772 838;7;4;0;3;26;1
202400005114;155 772 835;7;0;2;2;2;1
202400005114;155 772 837;7;0;2;2;5;2
202400005115;155 772 831;7;0;2;2;1;1
202400005115;155 772 832;7;8;0;1;23;1
202400005115;155 772 833;7;0;2;1;26;1
202400005116;155 772 830;7;0;0;1;13;1
202400005117;155 772 828;30;9;0;1;16;1
202400005118;155 772 827;7;0;2;1;1;1
202400005118;155 772 829;7;0;2;4;23;1
202400005119;155 772 826;2;15;0;1;14;1
202400005120;155 772 825;40;0;1;1;1;3
202400005121;155 772 822;50;0;2;1;1;3
202400005121;155 772 824;1;0;2;3;15;5
202400005122;155 772 821;43;0;2;1;1;1
202400005122;155 772 823;7;0;2;3;1;1
202400005123;155 772 818;10;0;2;3;1;1
202400005123;155 772 820;10;0;2;8;1;1
202400005124;155 772 817;7;0;2;1;1;1
202400005124;155 772 819;7;0;2;8;1;1
202400005125;155 772 815;7;0;2;1;2;1
202400005125;155 772 816;7;0;2;7;1;0
202400005126;155 772 813;60;0;2;3;0;5
202400005126;155 772 814;7;0;2;2;1;2
202400005127;155 772 811;32;0;2;1;0;1
202400005127;155 772 812;7;0;2;1;0;1
202400005128;155 772 807;7;0;2;1;0;1
202400005128;155 772 808;10;0;2;3;16;1
202400005129;155 772 809;7;0;2;5;23;1
202400005129;155 772 810;50;1;2;1;2;3
202400005130;155 772 804;50;0;2;3;19;3
202400005130;155 772 806;7;0;9;8;1;0
202400005131;155 772 803;7;0;2;1;13;1
202400005131;155 772 805;7;0;2;3;1;1
202400005132;155 772 801;10;0;9;1;9;1
202400005132;155 772 802;60;0;2;7;1;5
202400005133;155 772 800;10;8;0;9;26;1
202400005134;155 772 798;32;0;2;1;13;
202400005134;155 772 799;7;0;2;6;1;
202400005135;155 772 797;0;0;1;2;17;0
202400005136;155 772 793;7;0;2;3;15;1
202400005136;155 772 795;7;0;2;6;1;1
202400005137;155 772 792;3;0;2;8;9;0
202400005137;155 772 794;3;0;2;1;19;0
202400005138;155 772 791;7;1;0;2;1;1
202400005139;155 772 788;10;8;0;9;0;0
202400005140;155 772 787;30;0;2;1;26;1
202400005140;155 772 789;7;0;2;2;1;1
202400005141;155 772 782;7;0;2;3;17;1
202400005141;155 772 784;7;0;2;3;1;1
202400005142;155 772 781;7;0;2;1;2;1
202400005142;155 772 783;7;0;2;4;1;1
202400005143;155 772 780;13;0;1;1;16;1
202400005144;155 772 778;1;0;2;4;2;5
202400005144;155 772 779;7;0;9;2;2;1
202400005145;155 772 776;7;0;2;7;2;1
202400005145;155 772 777;1;0;2;8;2;5
202400005146;155 772 774;33;0;2;1;2;1
202400005147;155 772 773;7;0;2;1;19;1
202400005147;155 772 775;7;0;2;1;0;1
202400005148;155 772 770;31;0;2;4;3;1
202400005148;155 772 771;7;0;2;6;1;1
202400005148;155 772 772;31;0;2;1;3;1
202400005149;155 772 767;10;0;2;1;2;1
202400005149;155 772 769;7;0;2;4;2;2
202400005150;155 772 766;15;0;2;1;1;1
202400005150;155 772 768;7;0;0;4;1;1
202400005151;155 772 764;15;0;2;7;12;1
202400005151;155 772 765;31;0;2;8;1;1
202400005152;155 772 760;7;0;2;5;5;3
202400005152;155 772 762;1;0;2;7;1;5
202400005153;155 772 761;7;1;0;2;1;1
202400005154;155 772 758;10;0;2;1;1;1
202400005154;155 772 759;50;0;2;7;1;3
202400005155;155 772 757;10;0;1;2;26;3
202400005156;155 772 756;10;0;1;1;16;1
202400005157;155 772 754;10;0;1;1;15;1
202400005158;155 772 752;15;0;2;1;15;1
202400005158;155 772 753;30;0;2;7;15;1
202400005159;155 772 749;7;0;2;2;1;2
202400005159;155 772 750;32;0;2;3;1;1
202400005160;155 772 751;7;0;1;1;1;1
202400005161;155 772 747;7;0;1;1;9;3
202400005162;155 772 744;13;0;2;1;2;6
202400005162;155 772 745;7;0;2;4;23;2
202400005162;155 772 746;7;0;2;1;23;1
202400005162;155 772 748;7;0;2;1;23;1
202400005163;155 772 743;7;0;1;1;2;1
202400005164;155 772 742;33;0;1;2;3;1
202400005165;155 772 740;1;0;1;1;1;5
202400005166;155 772 741;21;0;1;1;2;1
202400005167;155 772 738;7;0;2;3;1;2
202400005168;155 772 739;1;12;0;1;25;5
202400005169;155 772 737;30;0;1;1;1;3
202400005170;155 772 734;7;0;2;1;1;1
202400005170;155 772 735;10;0;2;3;0;1
202400005171;155 772 736;80;12;0;2;14;3
202400005172;155 772 732;50;0;2;1;2;3
202400005172;155 772 733;7;0;2;6;20;1
202400005173;155 772 731;7;0;1;1;1;1
202400005174;155 772 729;43;0;2;1;1;1
202400005174;155 772 730;7;0;2;4;1;1
202400005175;155 772 728;7;0;1;4;4;1
202400005176;155 772 727;7;0;1;1;2;1
202400005177;155 772 725;7;0;2;1;13;1
202400005177;155 772 726;7;0;2;3;1;1
202400005178;155 772 723;7;0;2;1;15;1
202400005178;155 772 724;7;0;2;3;1;1
202400005179;155 772 721;7;0;2;3;0;3
202400005179;155 772 722;43;0;2;1;1;1
202400005180;155 772 719;7;0;1;3;1;1
202400005181;155 772 718;7;0;2;8;1;1
202400005181;155 772 720;30;0;2;1;9;1
202400005182;155 772 717;32;14;1;1;17;1
202400005183;155 772 716;7;9;0;1;13;1
202400005184;155 772 715;7;13;0;1;14;1
202400005185;155 772 713;10;0;2;2;9;1
202400005185;155 772 714;7;0;2;3;9;2
202400005186;155 772 711;50;0;2;1;5;3
202400005186;155 772 712;10;0;0;8;2;1
202400005187;155 772 708;7;0;1;1;1;0
202400005188;155 772 707;7;0;2;1;1;1
202400005188;155 772 709;10;0;2;1;1;1
202400005188;155 772 710;7;0;2;3;1;1
202400005189;155 772 705;31;0;2;3;18;1
202400005189;155 772 706;10;1;0;2;15;1
202400005190;155 772 703;7;0;2;1;1;1
202400005190;155 772 704;1;0;2;2;1;5
202400005191;155 772 701;33;0;2;1;1;1
202400005191;155 772 702;7;0;2;7;17;1
202400005192;155 772 699;7;0;2;3;5;1
202400005192;155 772 700;7;0;2;1;1;1
202400005193;155 772 695;80;0;2;1;16;3
202400005193;155 772 698;7;0;2;3;15;1
202400005194;155 772 693;7;0;0;0;2;1
202400005194;155 772 694;7;0;2;1;2;1
202400005194;155 772 696;7;14;2;4;23;1
202400005194;155 772 697;7;1;2;1;2;1
202400005195;155 772 691;7;0;2;2;1;1
202400005195;155 772 692;1;0;2;2;19;5
202400005196;155 772 689;7;0;2;1;13;1
202400005196;155 772 690;15;13;2;1;1;1
202400005197;155 772 683;10;0;2;1;1;1
202400005197;155 772 685;7;0;2;2;1;1
202400005198;155 772 684;7;0;2;1;1;1
202400005198;155 772 686;7;0;2;8;19;1
202400005199;155 772 682;7;0;1;8;1;1
202400005200;155 772 680;31;0;2;2;15;1
202400005200;155 772 681;10;0;2;3;26;1
202400005201;155 772 679;3;0;1;1;12;3
202400005202;155 772 678;7;2;0;1;13;1
202400005203;155 772 675;38;13;0;1;13;1
202400005204;155 772 676;7;0;2;7;1;1
202400005204;155 772 677;1;0;2;1;1;5
202400005205;155 772 672;7;0;2;1;13;1
202400005205;155 772 674;7;0;2;3;1;1
202400005206;155 772 670;7;0;2;4;1;1
202400005206;155 772 671;7;0;2;1;1;1
202400005206;155 772 673;7;0;2;4;1;1
202400005207;155 772 666;7;0;2;1;0;1
202400005207;155 772 667;33;0;2;3;1;0
202400005208;155 772 664;7;0;9;8;10;1
202400005208;155 772 665;33;0;2;1;17;1
202400005209;155 772 662;7;0;2;1;2;1
202400005209;155 772 663;7;0;2;4;23;1
202400005210;155 772 660;7;15;0;9;1;1
202400005211;155 772 659;7;0;2;1;13;1
202400005211;155 772 661;99;0;2;1;1;1
202400005212;155 772 657;7;0;1;4;26;0
202400005213;155 772 656;7;0;2;7;1;1
202400005213;155 772 658;7;0;2;2;15;1
202400005214;155 772 652;7;7;2;2;15;3
202400005214;155 772 653;7;0;2;1;1;1
202400005215;155 772 650;7;0;2;1;1;1
202400005215;155 772 651;7;0;2;4;1;1
202400005216;155 772 648;7;0;2;2;2;1
202400005216;155 772 649;17;0;2;6;2;1
202400005217;155 772 644;7;0;2;3;13;1
202400005217;155 772 645;10;0;2;1;1;1
202400005218;155 772 643;7;0;2;4;2;1
202400005218;155 772 646;7;0;2;1;2;1
202400005218;155 772 647;10;0;2;1;9;1
202400005219;155 772 641;1;0;0;4;26;5
202400005220;155 772 637;30;0;0;4;2;1
202400005220;155 772 639;30;0;0;1;2;1
202400005221;155 772 635;7;0;1;3;19;1
202400005222;155 772 634;7;0;0;8;0;1
202400005222;155 772 636;2;0;2;1;0;1
202400005223;155 772 630;7;0;2;3;16;2
202400005223;155 772 633;7;0;2;6;1;1
202400005224;155 772 631;21;0;2;8;15;1
202400005224;155 772 632;33;0;2;3;13;1
202400005225;155 772 627;7;0;9;2;1;1
202400005225;155 772 629;60;0;2;1;26;5
202400005226;155 772 626;1;0;2;4;2;5
202400005226;155 772 628;10;0;9;2;2;1
202400005227;155 772 624;50;0;0;0;1;3
202400005228;155 772 623;2;0;2;0;1;1
202400005228;155 772 625;7;0;2;1;11;1
202400005229;155 772 620;7;0;2;1;9;1
202400005229;155 772 622;31;0;2;1;0;1
202400005230;155 772 619;33;0;2;7;21;1
202400005230;155 772 621;7;0;2;1;19;1
202400005231;155 772 618;10;0;1;3;1;1
202400005232;155 772 616;1;1;2;7;1;5
202400005232;155 772 617;10;0;2;8;24;1
202400005233;155 772 614;30;0;2;1;14;1
202400005233;155 772 615;7;0;2;2;9;1
202400005234;155 772 613;33;16;0;1;1;1
202400005235;155 772 612;33;13;0;1;1;1
202400005236;155 772 611;7;0;1;3;15;2
202400005237;155 772 610;7;0;1;1;1;1
202400005238;155 772 608;80;0;2;8;1;3
202400005238;155 772 609;32;0;2;1;1;3
202400005239;155 772 607;33;0;0;7;1;1
202400005240;155 772 606;1;0;0;0;1;5
202400005241;155 772 605;2;0;0;0;0;1
202400005242;155 772 603;7;0;2;3;10;1
202400005242;155 772 604;33;0;2;7;1;1
202400005243;155 772 602;1;0;0;9;1;5
202400005244;155 772 600;7;0;1;3;14;1
202400005245;155 772 599;50;0;2;7;1;3
202400005245;155 772 601;7;0;9;1;19;1
202400005246;155 772 596;7;0;2;1;26;1
202400005246;155 772 598;50;0;2;7;25;3
202400005247;155 772 594;10;0;0;4;2;1
202400005247;155 772 595;7;0;2;1;2;1
202400005247;155 772 597;7;0;2;1;2;1
202400005248;155 772 592;7;0;1;1;15;1
202400005249;155 772 591;7;0;2;7;1;1
202400005249;155 772 593;7;0;0;1;9;1
202400005250;155 772 588;15;0;2;7;14;1
202400005250;155 772 590;1;0;2;8;1;5
202400005251;155 772 587;10;0;2;1;9;1
202400005251;155 772 589;7;15;0;3;1;1
202400005252;155 772 586;33;9;0;1;1;1
202400005253;155 772 585;2;11;0;1;6;1
202400005254;155 772 582;7;2;0;1;1;1
202400005255;155 772 583;7;0;0;8;19;1
202400005255;155 772 584;7;0;2;1;1;1
202400005256;155 772 580;15;1;2;1;14;1
202400005256;155 772 581;17;0;2;4;24;1
202400005257;155 772 579;7;0;1;3;1;1
202400005258;155 772 576;7;0;2;8;9;1
202400005258;155 772 578;31;0;2;1;1;1
202400005259;155 772 575;7;0;2;1;1;1
202400005259;155 772 577;7;0;2;1;1;1
202400005260;155 772 572;10;0;2;2;15;1
202400005260;155 772 574;2;0;2;8;1;1
202400005261;155 772 571;31;0;2;2;1;1
202400005261;155 772 573;7;0;2;6;9;1
202400005262;155 772 569;7;13;0;1;0;1
202400005263;155 772 568;7;0;0;1;1;1
202400005263;155 772 570;7;0;2;1;13;0
202400005264;155 772 565;7;0;1;3;20;1
202400005265;155 772 566;7;0;2;3;9;2
202400005265;155 772 567;2;0;2;1;1;1
202400005266;155 772 562;7;0;2;8;1;1
202400005266;155 772 564;21;0;2;8;1;1
202400005267;155 772 561;7;0;2;3;19;1
202400005267;155 772 563;33;0;2;7;1;1
202400005268;155 772 560;7;3;0;2;0;1
202400005269;155 772 558;21;0;2;3;15;1
202400005269;155 772 559;33;0;2;1;17;1
202400005270;155 772 556;7;2;0;1;6;1
202400005271;155 772 555;7;0;2;2;0;1
202400005271;155 772 557;50;0;2;3;19;3
202400005272;155 772 551;7;0;2;4;1;1
202400005272;155 772 553;7;0;2;1;2;1
202400005273;155 772 550;10;0;2;1;2;1
202400005273;155 772 552;7;0;2;4;2;2
202400005273;155 772 554;7;0;2;1;1;1
202400005274;155 772 547;7;0;2;3;5;1
202400005274;155 772 548;15;0;2;8;1;1
202400005275;155 772 540;7;0;2;5;0;1
202400005275;155 772 541;7;0;0;4;0;1
202400005275;155 772 543;10;0;2;2;0;1
202400005275;155 772 545;7;0;2;9;0;1
202400005276;155 772 537;7;0;2;1;19;1
202400005276;155 772 539;2;0;2;1;1;1
202400005277;155 772 536;10;0;9;7;2;1
202400005277;155 772 538;1;12;2;0;1;5
202400005278;155 772 534;33;0;0;0;2;1
202400005279;155 772 535;2;12;0;0;16;1
202400005280;155 772 531;7;0;2;1;13;1
202400005280;155 772 533;7;0;2;1;1;1
202400005281;155 772 530;7;0;2;3;1;1
202400005281;155 772 532;20;0;2;5;26;1
202400005282;155 772 527;7;0;2;3;15;1
202400005282;155 772 529;33;0;2;1;17;1
202400005283;155 772 526;7;0;0;1;1;1
202400005283;155 772 528;7;0;0;1;0;1
202400005284;155 772 523;7;0;2;6;19;1
202400005284;155 772 524;3;0;2;1;1;1
202400005285;155 772 522;7;0;2;6;1;1
202400005285;155 772 525;14;0;0;2;2;1
202400005286;155 772 520;7;0;2;2;15;1
202400005286;155 772 521;7;13;2;3;1;1
202400005287;155 772 519;7;13;0;1;1;1
202400005288;155 772 516;7;0;2;2;2;1
202400005288;155 772 517;2;0;0;6;15;1
202400005289;155 772 515;1;0;2;4;2;5
202400005289;155 772 518;7;0;2;2;2;1
202400005290;155 772 512;31;0;2;1;1;1
202400005290;155 772 514;1;0;2;8;15;5
202400005291;155 772 511;7;0;9;2;19;1
202400005291;155 772 513;33;0;2;1;21;1
202400005292;155 772 509;7;13;0;0;2;1
202400005293;155 772 508;7;0;2;2;2;1
202400005293;155 772 510;7;0;0;6;1;1
202400005294;155 772 505;7;0;2;5;15;1
202400005294;155 772 506;7;0;2;3;1;1
202400005294;155 772 507;7;0;2;8;1;1
202400005295;155 772 503;2;0;2;1;3;1
202400005295;155 772 504;0;0;2;1;3;1
202400005296;155 772 502;33;15;0;8;1;1
202400005297;155 772 500;7;5;2;3;13;1
202400005297;155 772 501;13;0;2;3;1;1
202400005298;155 772 499;7;3;0;3;1;1
202400005299;155 772 497;7;0;1;3;1;1
202400005300;155 772 495;33;14;2;7;17;1
202400005300;155 772 496;10;0;2;3;1;1
202400005300;155 772 498;3;14;2;4;12;1
202400005301;155 772 493;7;0;2;3;1;1
202400005301;155 772 494;7;0;2;3;1;1
202400005302;155 772 491;7;0;2;3;1;1
202400005302;155 772 492;2;0;2;3;13;1
202400005303;155 772 489;1;0;2;1;13;5
202400005303;155 772 490;7;0;9;1;1;1
202400005304;155 772 488;7;2;0;1;1;1
202400005305;155 772 485;33;0;2;1;1;1
202400005305;155 772 487;7;0;2;8;15;1
202400005306;155 772 483;2;0;0;1;14;1
202400005307;155 772 482;7;0;2;1;2;1
202400005307;155 772 484;7;0;2;4;2;2
202400005307;155 772 486;7;0;0;4;2;1
202400005308;155 772 480;33;11;0;1;17;1
202400005309;155 772 479;33;0;2;3;1;1
202400005309;155 772 481;7;0;2;1;15;1
202400005310;155 772 478;7;14;0;9;17;1
202400005311;155 772 476;7;0;2;2;9;3
202400005311;155 772 477;33;0;2;1;1;1
202400005312;155 772 474;2;6;0;1;14;1
202400005312;155 772 475;7;0;0;0;1;1
202400005313;155 772 470;1;0;2;4;0;5
202400005313;155 772 472;30;0;2;1;0;0
202400005314;155 772 469;7;0;2;1;1;1
202400005314;155 772 471;7;0;2;1;5;3
202400005314;155 772 473;7;0;2;8;1;3
202400005315;155 772 467;15;0;2;1;1;1
202400005315;155 772 468;7;0;0;8;0;1
202400005316;155 772 465;1;0;2;0;19;5
202400005316;155 772 466;7;0;9;1;1;1
202400005317;155 772 463;13;0;2;1;2;1
202400005317;155 772 464;7;0;2;1;9;1
202400005318;155 772 461;33;0;2;1;1;1
202400005319;155 772 460;7;0;0;7;1;2
202400005319;155 772 462;7;0;2;1;19;1
202400005320;155 772 456;7;0;2;1;9;1
202400005320;155 772 458;33;0;2;7;1;1
202400005321;155 772 455;34;0;2;1;1;1
202400005321;155 772 457;7;0;2;8;16;1
202400005322;155 772 454;2;12;1;1;9;1
202400005323;155 772 453;10;0;1;2;1;3
202400005324;155 772 451;7;13;0;1;14;3
202400005325;155 772 449;33;13;0;1;1;1
202400005326;155 772 450;7;0;2;2;15;2
202400005326;155 772 452;7;0;2;3;15;1
202400005327;155 772 448;7;6;9;3;2;1
202400005328;155 772 447;7;13;0;2;1;1
202400005329;155 772 444;7;0;0;8;1;2
202400005329;155 772 445;7;0;2;3;1;1
202400005330;155 772 443;3;3;0;1;14;1
202400005331;155 772 440;7;0;0;3;15;3
202400005331;155 772 442;43;0;0;1;1;1
202400005332;155 772 439;7;0;2;1;13;1
202400005332;155 772 441;7;0;2;1;1;1
202400005333;155 772 436;7;0;2;2;15;1
202400005333;155 772 438;7;0;2;1;1;1
202400005334;155 772 435;7;0;0;3;1;0
202400005334;155 772 437;7;0;0;3;17;1
202400005335;155 772 432;33;0;2;1;1;1
202400005335;155 772 434;14;0;2;3;15;1
202400005336;155 772 426;15;0;2;8;11;1
202400005336;155 772 428;33;0;2;7;1;1
202400005337;155 772 425;7;0;2;1;2;1
202400005337;155 772 427;7;0;2;4;26;1
202400005337;155 772 429;7;0;2;4;26;1
202400005337;155 772 430;7;0;0;4;26;1
202400005337;155 772 431;15;0;0;4;26;1
202400005337;155 772 433;7;0;2;4;26;2
202400005338;155 772 424;7;4;0;1;0;1
202400005339;155 772 420;7;4;2;8;21;1
202400005339;155 772 422;7;0;2;3;13;1
202400005340;155 772 419;43;0;2;1;17;1
202400005340;155 772 421;7;0;2;1;1;1
202400005340;155 772 423;7;0;2;4;23;1
202400005341;155 772 417;7;0;2;7;12;1
202400005341;155 772 418;33;0;2;8;1;1
202400005342;155 772 414;7;0;2;1;5;1
202400005342;155 772 416;7;0;2;1;1;1
202400005343;155 772 413;17;0;2;2;1;1
202400005343;155 772 415;7;0;2;5;9;3
202400005344;155 772 410;33;0;2;8;2;1
202400005344;155 772 412;7;0;2;7;12;1
202400005345;155 772 409;7;0;2;2;2;1
202400005345;155 772 411;7;0;2;6;26;3
202400005346;155 772 406;7;0;2;4;2;1
202400005346;155 772 408;7;0;2;1;2;1
202400005347;155 772 404;10;0;2;4;2;1
202400005347;155 772 405;10;0;0;0;0;1
202400005347;155 772 407;7;0;2;4;2;2
202400005348;155 772 401;33;0;0;0;13;1
202400005348;155 772 402;7;0;0;0;0;1
202400005348;155 772 403;7;0;0;0;0;1
202400005349;155 772 399;7;0;2;2;3;1
202400005349;155 772 400;43;0;2;3;3;1
202400005350;155 772 398;7;3;0;8;21;1
202400005351;155 772 394;7;0;2;1;2;1
202400005351;155 772 396;10;0;2;4;2;1
202400005352;155 772 393;7;0;2;9;1;1
202400005352;155 772 395;7;0;2;6;1;1
202400005352;155 772 397;7;0;2;9;1;1
202400005353;155 772 391;30;0;2;1;2;1
202400005353;155 772 392;7;0;2;3;15;0
202400005354;155 772 390;7;4;0;1;0;1
202400005355;155 772 389;0;0;1;1;0;0
202400005356;155 772 385;1;0;2;1;1;5
202400005356;155 772 387;7;0;9;3;16;1
202400005357;155 772 386;10;0;2;1;2;1
202400005357;155 772 388;7;0;2;4;2;1
202400005358;155 772 384;7;0;1;3;1;2
202400005359;155 772 382;33;0;2;1;3;1
202400005359;155 772 383;7;0;2;6;11;1
202400005360;155 772 381;80;9;0;2;1;3
202400005361;155 772 378;7;0;2;7;15;1
202400005361;155 772 380;2;14;2;2;0;1
202400005362;155 772 377;7;0;2;1;9;2
202400005362;155 772 379;37;0;2;3;1;1
202400005363;155 772 374;2;0;2;0;1;1
202400005363;155 772 376;7;0;2;0;15;1
202400005364;155 772 372;7;0;2;4;2;1
202400005364;155 772 373;7;0;2;4;0;1
202400005364;155 772 375;7;0;2;1;2;1
202400005365;155 772 370;3;0;2;1;1;3
202400005365;155 772 371;50;0;2;7;12;3
202400005366;155 772 367;7;0;2;8;1;1
202400005366;155 772 369;7;0;2;3;13;1
202400005367;155 772 366;2;0;2;8;15;1
202400005367;155 772 368;10;0;2;2;16;1
202400005368;155 772 364;7;0;2;3;1;2
202400005368;155 772 365;32;0;2;3;17;0
202400005369;155 772 362;7;0;2;2;1;1
202400005369;155 772 363;7;0;2;6;1;1
202400005370;155 772 360;37;14;0;3;1;1
202400005370;155 772 361;1;14;0;0;26;5
202400005371;155 772 358;7;0;0;0;15;1
202400005371;155 772 359;32;0;0;0;0;1
202400005372;155 772 356;7;0;2;1;2;1
202400005372;155 772 357;7;0;2;2;15;1
202400005373;155 772 355;7;0;1;2;1;1
202400005374;155 772 353;1;0;2;4;0;5
202400005374;155 772 354;7;0;2;1;0;1
202400005375;155 772 351;30;0;2;1;1;1
202400005375;155 772 352;7;0;2;3;20;1
202400005376;155 772 349;7;0;2;8;10;1
202400005376;155 772 350;2;0;2;1;1;1
202400005377;155 772 348;7;13;0;1;14;1
202400005378;155 772 344;7;0;2;1;15;1
202400005378;155 772 345;7;0;2;8;1;1
202400005379;155 772 342;7;13;0;1;1;1
202400005380;155 772 341;7;3;0;0;1;3
202400005381;155 772 339;7;0;2;5;17;1
202400005381;155 772 340;7;0;2;3;11;1
202400005382;155 772 337;7;0;2;7;13;1
202400005382;155 772 338;10;0;2;1;1;1
202400005383;155 772 334;7;0;2;1;1;1
202400005383;155 772 335;33;0;2;4;1;1
202400005383;155 772 336;7;0;2;4;23;1
202400005384;155 772 332;7;0;2;2;1;0
202400005384;155 772 333;33;0;2;3;19;6
202400005385;155 772 331;7;0;0;9;14;1
202400005386;155 772 329;7;0;2;1;1;1
202400005386;155 772 330;7;0;2;3;1;1
202400005387;155 772 328;7;6;0;1;0;1
202400005388;155 772 326;7;0;2;1;0;1
202400005388;155 772 327;1;0;2;1;1;5
202400005389;155 772 324;7;0;2;1;9;1
202400005389;155 772 325;31;0;2;4;23;0
202400005390;155 772 322;7;0;2;3;1;1
202400005390;155 772 323;7;0;2;1;1;1
202400005391;155 772 321;33;0;0;8;9;1
202400005392;155 772 319;3;0;2;2;2;1
202400005392;155 772 320;7;0;2;6;23;1
202400005393;155 772 318;7;8;0;1;17;1