Num_Acc;id_vehicule;categorie_vehicule;obstacle_fixe;obstacle_mobile;point_choc_initial;manoeuvre_principale;motorisation
202400005739;155 771 687;7;6;0;1;1;1
202400005740;155 771 686;2;16;0;9;14;1
202400005741;155 771 685;10;8;0;2;17;1
202400005742;155 771 684;10;6;0;2;1;1
202400005743;155 771 683;7;0;1;2;15;1
202400005744;155 771 681;7;0;2;7;19;1
202400005744;155 771 682;1;0;2;1;1;5
202400005745;155 771 679;7;0;2;3;1;1
202400005745;155 771 680;7;0;2;3;1;1
202400005746;155 771 678;7;2;0;1;14;1
202400005747;155 771 677;7;0;0;1;1;0
202400005748;155 771 674;33;0;2;5;2;0
202400005748;155 771 676;7;0;2;3;9;1
202400005749;155 771 673;7;0;2;4;1;1
202400005749;155 771 675;7;0;2;1;2;1
202400005750;155 771 669;7;4;2;6;1;1
202400005750;155 771 671;7;0;2;1;3;1
202400005751;155 771 668;7;4;2;2;1;1
202400005751;155 771 670;7;0;2;1;13;1
202400005751;155 771 672;7;4;2;1;1;1
202400005752;155 771 667;7;4;0;8;0;1
202400005753;155 771 665;7;0;0;1;0;1
202400005753;155 771 666;7;0;2;1;1;1
202400005754;155 771 660;7;0;2;1;2;2
202400005754;155 771 662;7;0;2;4;2;1
202400005754;155 771 663;7;0;2;4;2;1
202400005754;155 771 664;7;0;2;5;2;1
202400005755;155 771 661;7;0;1;0;1;1
202400005756;155 771 656;7;0;2;6;1;0
202400005756;155 771 657;7;0;2;7;1;0
202400005756;155 771 659;7;0;2;2;13;0
202400005757;155 771 655;7;0;2;6;1;1
202400005757;155 771 658;33;0;2;1;1;1
202400005758;155 771 654;7;11;0;1;1;0
202400005759;155 771 651;7;2;2;1;13;1
202400005760;155 771 652;33;0;2;9;0;1
202400005760;155 771 653;10;0;0;4;1;1
202400005761;155 771 648;33;0;2;1;2;1
202400005761;155 771 649;33;0;2;8;1;1
202400005762;155 771 647;13;3;2;8;1;1
202400005762;155 771 650;7;3;2;5;14;1
202400005763;155 771 643;7;0;2;1;2;1
202400005763;155 771 645;7;0;2;4;23;1
202400005764;155 771 642;7;0;2;1;1;1
202400005764;155 771 644;7;0;2;0;2;1
202400005764;155 771 646;7;0;2;0;2;1
202400005765;155 771 638;7;0;2;1;2;1
202400005765;155 771 640;7;0;2;4;2;1
202400005766;155 771 637;7;0;2;1;2;1
202400005766;155 771 639;7;0;2;4;2;1
202400005766;155 771 641;7;0;2;4;2;1
202400005767;155 771 635;7;0;2;3;11;1
202400005767;155 771 636;33;0;2;3;1;1
202400005768;155 771 632;7;0;2;3;1;1
202400005768;155 771 633;7;0;2;3;1;1
202400005768;155 771 634;15;0;2;2;0;1
202400005769;155 771 631;7;4;0;3;17;1
202400005770;155 771 625;7;0;2;1;1;1
202400005770;155 771 627;7;0;2;6;21;1
202400005770;155 771 629;7;0;2;8;1;1
202400005770;155 771 630;7;0;2;8;1;1
202400005771;155 771 626;33;3;2;1;2;1
202400005771;155 771 628;7;3;2;4;1;2
202400005772;155 771 623;33;0;2;0;1;1
202400005773;155 771 622;7;0;2;6;2;2
202400005773;155 771 624;33;0;2;1;3;1
202400005774;155 771 620;7;0;2;1;1;1
202400005774;155 771 621;7;0;2;4;1;1
202400005775;155 771 619;7;0;2;1;1;1
202400005776;155 771 615;7;0;2;4;1;1
202400005776;155 771 617;7;0;2;2;1;1
202400005777;155 771 613;7;0;2;4;2;1
202400005777;155 771 614;7;0;2;1;2;1
202400005777;155 771 616;7;0;2;4;2;2
202400005777;155 771 618;7;0;2;4;2;1
202400005778;155 771 611;7;0;2;1;2;1
202400005778;155 771 612;7;0;2;4;2;1
202400005779;155 771 609;7;0;2;3;11;1
202400005779;155 771 610;33;0;2;7;3;1
202400005780;155 771 608;7;0;2;1;2;4
202400005781;155 771 606;7;0;2;6;0;1
202400005781;155 771 607;7;0;2;3;0;1
202400005782;155 771 604;33;0;2;7;10;1
202400005782;155 771 605;7;0;2;1;26;1
202400005783;155 771 601;7;0;2;4;2;1
202400005783;155 771 602;7;0;2;4;2;1
202400005783;155 771 603;7;0;2;1;2;1
202400005784;155 771 599;33;0;2;7;1;1
202400005784;155 771 600;7;0;2;8;13;1
202400005785;155 771 596;50;0;2;0;1;3
202400005785;155 771 598;50;0;2;1;26;3
202400005786;155 771 595;7;0;2;1;15;1
202400005786;155 771 597;1;0;2;1;25;5
202400005787;155 771 594;30;0;1;1;1;1
202400005788;155 771 591;34;0;2;1;1;3
202400005788;155 771 593;7;0;2;1;15;1
202400005789;155 771 592;1;0;0;0;0;5
202400005790;155 771 589;7;13;0;1;20;2
202400005791;155 771 588;7;0;2;7;2;1
202400005791;155 771 590;7;0;2;3;24;1
202400005792;155 771 587;7;0;1;1;1;1
202400005793;155 771 584;2;0;2;0;0;1
202400005793;155 771 586;7;0;2;1;9;2
202400005794;155 771 583;7;0;2;8;1;1
202400005794;155 771 585;32;0;2;1;21;1
202400005795;155 771 582;33;0;0;0;0;1
202400005796;155 771 581;99;0;1;4;21;0
202400005797;155 771 578;7;0;2;3;11;1
202400005797;155 771 580;2;0;2;8;2;1
202400005798;155 771 577;7;0;2;2;0;1
202400005798;155 771 579;7;0;2;0;0;1
202400005799;155 771 574;30;0;2;3;18;3
202400005799;155 771 576;7;0;2;7;2;1
202400005800;155 771 573;7;0;2;1;1;1
202400005800;155 771 575;50;0;0;7;1;3
202400005801;155 771 572;7;1;0;1;26;1
202400005802;155 771 568;30;0;2;1;1;1
202400005802;155 771 570;7;0;2;8;16;2
202400005803;155 771 569;10;0;2;4;1;1
202400005803;155 771 571;32;0;2;1;1;1
202400005804;155 771 567;33;0;0;0;0;1
202400005805;155 771 565;34;0;2;7;2;1
202400005805;155 771 566;7;0;2;3;11;1
202400005806;155 771 563;10;0;2;1;2;1
202400005806;155 771 564;7;0;2;4;1;1
202400005807;155 771 560;34;12;2;8;1;1
202400005807;155 771 561;7;0;9;8;1;1
202400005808;155 771 559;2;0;2;1;1;1
202400005808;155 771 562;7;0;2;7;15;1
202400005809;155 771 557;7;0;2;8;16;1
202400005809;155 771 558;99;0;2;7;16;3
202400005810;155 771 554;7;0;1;2;1;1
202400005811;155 771 555;10;0;2;2;1;1
202400005811;155 771 556;1;0;2;8;25;5
202400005812;155 771 550;33;0;2;4;23;1
202400005812;155 771 553;7;0;2;1;0;1
202400005813;155 771 549;17;0;0;0;24;1
202400005813;155 771 551;37;1;0;0;12;0
202400005813;155 771 552;50;1;2;3;3;3
202400005814;155 771 548;7;0;1;3;15;1
202400005815;155 771 547;43;0;2;1;19;1
202400005816;155 771 545;7;0;1;4;4;1
202400005817;155 771 544;7;0;2;6;1;1
202400005817;155 771 546;10;0;2;1;2;1
202400005818;155 771 542;7;0;2;0;13;1
202400005819;155 771 541;30;1;0;6;11;1
202400005819;155 771 543;10;1;0;6;11;1
202400005820;155 771 540;7;0;1;1;1;1
202400005821;155 771 538;7;1;2;3;16;1
202400005821;155 771 539;30;0;0;2;0;1
202400005822;155 771 536;10;0;2;3;21;1
202400005822;155 771 537;30;0;2;9;0;1
202400005823;155 771 533;7;0;1;2;1;2
202400005824;155 771 534;7;0;2;6;15;1
202400005824;155 771 535;7;0;2;3;15;1
202400005825;155 771 529;10;0;2;4;1;1
202400005825;155 771 532;10;0;2;1;1;1
202400005826;155 771 530;15;0;2;3;15;1
202400005826;155 771 531;7;0;2;2;17;1
202400005827;155 771 525;10;0;2;8;1;1
202400005827;155 771 528;10;0;2;6;1;1
202400005828;155 771 526;7;0;2;1;2;1
202400005828;155 771 527;7;15;0;4;0;1
202400005829;155 771 522;50;0;2;1;0;3
202400005829;155 771 523;7;9;2;1;26;1
202400005830;155 771 521;10;0;2;7;23;3
202400005830;155 771 524;1;0;2;1;3;5
202400005831;155 771 519;7;8;0;1;19;1
202400005832;155 771 518;7;0;2;3;1;1
202400005832;155 771 520;33;0;2;8;16;1
202400005833;155 771 517;31;0;2;4;1;1
202400005834;155 771 516;10;0;1;0;26;0
202400005835;155 771 514;7;0;2;3;9;2
202400005835;155 771 515;50;0;2;7;1;3
202400005836;155 771 512;7;0;2;1;2;1
202400005836;155 771 513;80;0;0;4;2;3
202400005837;155 771 510;7;0;2;3;11;3
202400005837;155 771 511;2;0;2;9;2;1
202400005838;155 771 509;7;0;1;1;1;2
202400005839;155 771 507;7;0;2;1;9;1
202400005839;155 771 508;2;0;2;1;1;1
202400005840;155 771 506;7;1;0;7;4;1
202400005841;155 771 502;33;1;0;1;1;1
202400005842;155 771 503;10;0;2;0;15;0
202400005842;155 771 504;7;0;2;2;0;1
202400005843;155 771 500;7;0;2;3;15;1
202400005843;155 771 501;2;0;2;2;17;1
202400005844;155 771 499;7;0;1;1;1;1
202400005845;155 771 497;7;12;0;1;1;1
202400005846;155 771 496;7;6;2;1;1;1
202400005846;155 771 498;7;0;2;2;1;1
202400005847;155 771 495;7;0;1;4;20;1
202400005848;155 771 494;50;12;0;1;16;3
202400005849;155 771 493;13;6;0;1;1;1
202400005850;155 771 490;7;0;2;1;15;1
202400005850;155 771 492;7;0;2;1;1;1
202400005851;155 771 489;7;0;2;1;1;1
202400005851;155 771 491;7;0;2;3;1;1
202400005852;155 771 486;7;0;2;3;15;1
202400005852;155 771 488;7;0;2;7;16;1
202400005853;155 771 484;7;0;2;1;0;1
202400005853;155 771 485;2;0;0;4;0;1
202400005853;155 771 487;10;0;2;4;0;1
202400005854;155 771 479;37;0;2;7;1;1
202400005854;155 771 482;10;0;2;4;4;1
202400005855;155 771 476;7;0;2;2;15;1
202400005855;155 771 478;43;0;2;1;1;1
202400005856;155 771 475;7;0;2;5;15;1
202400005856;155 771 477;33;0;2;1;1;1
202400005857;155 771 472;1;0;2;4;19;5
202400005857;155 771 474;7;0;2;1;23;1
202400005858;155 771 473;7;0;1;3;1;1
202400005859;155 771 469;7;0;2;1;2;1
202400005859;155 771 471;7;0;2;4;2;1
202400005860;155 771 466;7;0;2;1;2;1
202400005860;155 771 468;1;0;2;4;1;5
202400005861;155 771 465;50;0;2;5;1;3
202400005861;155 771 467;7;0;2;1;0;1
202400005862;155 771 463;33;0;2;1;2;1
202400005862;155 771 464;33;0;2;4;1;1
202400005863;155 771 461;30;0;2;7;1;1
202400005863;155 771 462;7;0;2;2;1;1
202400005864;155 771 459;33;0;2;0;1;1
202400005864;155 771 460;7;0;2;5;9;1
202400005865;155 771 457;7;0;2;1;1;1
202400005865;155 771 458;7;0;2;4;1;1
202400005866;155 771 452;7;0;2;1;2;1
202400005866;155 771 453;7;0;2;4;2;1
202400005866;155 771 455;7;0;2;6;21;1
202400005866;155 771 456;7;0;2;2;2;1
202400005867;155 771 451;7;0;2;1;1;1
202400005867;155 771 454;7;14;2;1;1;1
202400005868;155 771 449;33;0;2;9;14;1
202400005868;155 771 450;7;0;2;6;1;1
202400005869;155 771 446;7;2;0;1;1;1
202400005870;155 771 447;7;0;2;2;1;1
202400005870;155 771 448;7;0;2;5;15;2
202400005871;155 771 443;7;0;2;1;1;1
202400005871;155 771 445;7;0;2;8;1;1
202400005872;155 771 442;7;0;2;3;15;1
202400005872;155 771 444;33;0;2;8;1;1
202400005873;155 771 438;7;0;2;2;9;1
202400005873;155 771 439;33;0;2;1;1;1
202400005874;155 771 437;50;0;1;1;21;3
202400005875;155 771 436;7;13;0;3;1;1
202400005876;155 771 434;80;0;2;3;19;3
202400005876;155 771 435;31;0;2;1;17;1
202400005877;155 771 433;7;8;0;3;1;1
202400005878;155 771 432;10;0;1;3;15;1
202400005879;155 771 428;7;0;2;3;13;1
202400005879;155 771 430;33;0;2;8;1;1
202400005879;155 771 431;7;0;2;6;1;1
202400005880;155 771 427;7;0;1;1;9;1
202400005881;155 771 426;7;0;2;2;2;1
202400005881;155 771 429;7;0;2;8;15;1
202400005882;155 771 423;7;0;2;1;1;1
202400005882;155 771 424;7;0;0;2;1;1
202400005882;155 771 425;7;0;0;3;1;1
202400005883;155 771 420;7;0;9;1;9;1
202400005883;155 771 421;1;0;2;7;1;5
202400005884;155 771 416;2;0;2;3;13;1
202400005884;155 771 419;10;0;2;8;1;1
202400005885;155 771 415;7;8;0;8;1;1
202400005886;155 771 414;7;0;2;2;2;1
202400005886;155 771 417;7;0;2;4;1;1
202400005886;155 771 418;7;0;2;1;11;1
202400005887;155 771 413;7;0;1;2;1;1
202400005888;155 771 408;7;0;2;1;21;1
202400005888;155 771 411;7;0;2;1;16;1
202400005888;155 771 412;7;0;2;1;13;2
202400005889;155 771 406;7;0;2;4;2;1
202400005889;155 771 407;7;0;2;1;0;1
202400005890;155 771 405;7;0;1;2;1;3
202400005891;155 771 403;7;3;2;1;26;1
202400005891;155 771 404;7;0;2;4;2;1
202400005892;155 771 401;7;1;2;3;1;1
202400005892;155 771 402;7;12;2;3;1;1
202400005893;155 771 399;7;0;2;2;26;2
202400005893;155 771 400;33;0;2;1;2;1
202400005894;155 771 398;7;0;0;1;0;1
202400005895;155 771 395;7;15;0;4;4;1
202400005896;155 771 394;7;0;2;1;12;1
202400005896;155 771 396;7;0;2;4;1;1
202400005896;155 771 397;10;0;2;4;0;1
202400005897;155 771 392;7;0;2;6;11;1
202400005897;155 771 393;33;4;2;7;21;1
202400005898;155 771 390;7;0;2;0;1;1
202400005898;155 771 391;50;0;2;1;1;3
202400005899;155 771 388;33;0;2;1;2;1
202400005899;155 771 389;14;0;2;4;2;1
202400005900;155 771 386;7;0;2;1;2;1
202400005900;155 771 387;7;0;2;4;23;1
202400005901;155 771 385;14;0;1;0;1;1
202400005902;155 771 382;7;0;2;2;12;1
202400005902;155 771 384;43;0;2;3;3;1
202400005903;155 771 381;50;0;2;0;1;3
202400005903;155 771 383;10;0;2;1;1;1
202400005904;155 771 377;7;0;2;4;2;1
202400005904;155 771 379;7;0;2;4;2;1
202400005904;155 771 380;7;0;2;1;2;3
202400005905;155 771 374;7;0;2;4;12;1
202400005905;155 771 375;7;0;2;1;1;3
202400005906;155 771 372;32;0;2;1;1;1
202400005906;155 771 373;7;0;2;5;1;1
202400005907;155 771 370;30;0;2;1;1;1
202400005907;155 771 371;10;0;2;7;15;1
202400005908;155 771 368;7;0;2;1;21;1
202400005908;155 771 369;7;0;2;4;1;3
202400005909;155 771 365;7;0;2;4;1;1
202400005909;155 771 367;33;0;2;1;3;1
202400005910;155 771 363;7;9;2;3;1;1
202400005910;155 771 366;7;0;2;1;15;1
202400005911;155 771 362;17;0;2;2;14;1
202400005911;155 771 364;7;0;2;8;1;1
202400005912;155 771 358;7;0;2;1;2;1
202400005912;155 771 360;7;0;2;4;2;1
202400005913;155 771 359;7;1;0;3;13;1
202400005913;155 771 361;7;0;0;3;24;1
202400005914;155 771 354;32;0;2;4;1;1
202400005914;155 771 356;7;0;2;1;2;0
202400005915;155 771 353;7;0;2;1;2;1
202400005915;155 771 355;10;0;2;1;2;1
202400005915;155 771 357;10;0;2;4;2;1
202400005916;155 771 352;1;14;0;1;15;5
202400005917;155 771 350;7;1;0;1;1;1
202400005917;155 771 351;13;0;2;4;23;1
202400005918;155 771 348;31;0;2;1;17;1
202400005918;155 771 349;10;0;2;3;15;1
202400005919;155 771 344;7;0;2;1;1;1
202400005919;155 771 346;7;0;2;4;1;1
202400005919;155 771 347;7;0;2;4;1;1
202400005920;155 771 343;10;4;0;2;15;1
202400005921;155 771 342;14;0;1;2;5;6
202400005922;155 771 340;7;0;2;8;23;1
202400005922;155 771 341;7;0;2;1;14;1
202400005923;155 771 337;7;4;2;1;1;1
202400005923;155 771 339;3;4;2;9;13;1
202400005924;155 771 336;7;0;2;2;23;1
202400005924;155 771 338;7;1;2;3;1;1
202400005925;155 771 335;33;1;0;3;0;1
202400005926;155 771 334;36;8;0;1;25;1
202400005927;155 771 331;60;0;2;1;1;5
202400005927;155 771 333;7;0;2;7;15;1
202400005928;155 771 328;7;0;9;0;9;1
202400005928;155 771 329;50;0;2;0;9;3
202400005929;155 771 330;30;14;2;1;9;1
202400005929;155 771 332;7;0;2;3;1;1
202400005930;155 771 325;30;0;2;1;3;1
202400005930;155 771 326;7;0;2;7;1;1
202400005930;155 771 327;7;0;2;3;1;2
202400005931;155 771 322;7;0;2;4;1;1
202400005931;155 771 323;7;0;2;1;1;1
202400005932;155 771 320;30;0;2;8;15;3
202400005932;155 771 321;7;0;2;7;1;1
202400005933;155 771 319;7;0;2;8;21;0
202400005933;155 771 324;33;0;2;2;17;1
202400005934;155 771 317;1;0;1;1;1;5
202400005934;155 771 318;1;0;2;4;23;5
202400005935;155 771 316;10;0;1;1;1;1
202400005936;155 771 313;1;0;2;1;1;5
202400005936;155 771 314;1;0;2;8;9;5
202400005937;155 771 312;7;0;2;6;1;1
202400005937;155 771 315;1;0;2;1;19;5
202400005938;155 771 310;7;0;2;2;16;1
202400005938;155 771 311;80;0;2;8;16;3
202400005939;155 771 307;7;0;2;3;1;1
202400005939;155 771 309;36;0;2;2;1;3
202400005940;155 771 308;7;0;1;3;9;2
202400005941;155 771 305;1;0;2;8;1;5
202400005941;155 771 306;7;0;2;7;22;2
202400005942;155 771 303;7;0;2;4;1;1
202400005942;155 771 304;7;0;2;1;1;1
202400005943;155 771 302;1;12;0;2;13;5
202400005944;155 771 299;7;0;2;3;9;1
202400005944;155 771 301;33;0;2;7;1;1
202400005945;155 771 297;10;0;2;3;9;1
202400005945;155 771 300;31;0;2;1;1;3
202400005946;155 771 294;50;0;0;0;1;3
202400005947;155 771 293;7;2;0;2;1;1
202400005948;155 771 292;10;0;0;0;0;0
202400005948;155 771 295;10;0;0;0;0;0
202400005948;155 771 296;10;0;0;0;0;0
202400005948;155 771 298;10;0;0;0;0;0
202400005949;155 771 290;2;2;0;3;14;1
202400005950;155 771 288;7;0;2;0;1;0
202400005950;155 771 289;7;0;2;0;1;1
202400005951;155 771 287;7;0;2;2;1;1
202400005951;155 771 291;7;0;2;1;16;1
202400005952;155 771 285;2;0;2;7;1;1
202400005952;155 771 286;7;0;2;1;1;1
202400005953;155 771 282;30;0;2;1;1;1
202400005953;155 771 284;7;0;2;6;13;1
202400005954;155 771 283;7;0;1;2;15;1
202400005955;155 771 279;50;0;1;0;1;3
202400005956;155 771 280;7;0;2;3;13;1
202400005956;155 771 281;7;0;2;3;1;1
202400005957;155 771 278;7;3;0;2;9;1
202400005958;155 771 276;7;0;2;1;1;1
202400005958;155 771 277;50;0;2;8;19;3
202400005959;155 771 275;7;0;1;1;1;1
202400005960;155 771 274;7;2;0;3;1;3
202400005961;155 771 271;1;0;2;1;16;5
202400005961;155 771 273;1;0;2;4;16;5
202400005962;155 771 270;1;0;2;0;1;5
202400005962;155 771 272;1;0;2;1;15;5
202400005963;155 771 268;7;13;0;1;1;1
202400005964;155 771 267;50;0;2;7;19;3
202400005964;155 771 269;7;0;2;1;1;2
202400005965;155 771 264;43;0;2;1;3;1
202400005965;155 771 265;7;0;2;8;23;1
202400005965;155 771 266;99;0;2;1;26;1
202400005966;155 771 262;50;1;2;0;0;3
202400005966;155 771 263;7;1;0;0;0;0
202400005967;155 771 261;7;17;0;1;0;1
202400005968;155 771 259;10;0;2;1;15;1
202400005968;155 771 260;31;0;2;8;1;1
202400005969;155 771 257;1;0;2;0;0;5
202400005969;155 771 258;7;1;0;8;22;1
202400005970;155 771 255;7;3;0;8;1;1
202400005971;155 771 256;7;16;0;0;14;1
202400005972;155 771 253;7;0;2;3;15;1
202400005972;155 771 254;33;0;2;1;1;1
202400005973;155 771 252;32;0;1;1;26;0
202400005974;155 771 249;7;0;2;1;1;1
202400005974;155 771 251;7;0;2;1;0;1
202400005975;155 771 246;50;0;2;1;1;3
202400005975;155 771 248;15;0;2;8;19;1
202400005976;155 771 245;33;3;0;1;2;1
202400005977;155 771 244;7;0;2;1;26;1
202400005977;155 771 247;33;0;2;8;1;1
202400005977;155 771 250;7;0;2;1;15;1
202400005978;155 771 241;33;0;5;1;1;1
202400005979;155 771 243;33;0;0;3;14;1
202400005980;155 771 242;80;1;0;1;13;3
202400005981;155 771 240;50;1;0;1;1;3
202400005982;155 771 239;7;2;0;1;14;1
202400005983;155 771 235;10;3;0;1;1;1
202400005984;155 771 232;7;13;0;3;1;1
202400005985;155 771 231;10;0;2;2;5;1
202400005985;155 771 233;7;0;0;3;26;1
202400005985;155 771 234;7;0;0;6;2;3
202400005985;155 771 236;7;0;0;8;26;2
202400005986;155 771 229;7;8;0;3;1;1
202400005987;155 771 225;7;2;0;1;1;1
202400005988;155 771 226;14;0;2;1;1;1
202400005988;155 771 228;7;0;2;1;13;1
202400005988;155 771 230;7;0;2;1;2;3
202400005989;155 771 224;33;0;2;4;23;1
202400005989;155 771 227;7;0;2;1;1;1
202400005990;155 771 222;2;0;0;8;1;1
202400005991;155 771 220;7;13;0;1;1;1
202400005992;155 771 219;7;0;2;1;1;1
202400005992;155 771 221;7;0;2;2;1;1
202400005992;155 771 223;7;0;2;4;0;2
202400005993;155 771 218;7;4;0;0;1;1
202400005994;155 771 215;7;0;1;2;1;1
202400005995;155 771 214;7;0;0;0;1;1
202400005996;155 771 211;7;8;0;1;2;1
202400005997;155 771 210;7;0;1;2;16;1
202400005998;155 771 209;33;0;2;3;1;1
202400005998;155 771 212;7;0;2;3;1;1
202400005999;155 771 208;7;2;0;1;13;1
202400006000;155 771 205;7;0;2;1;2;1
202400006000;155 771 206;7;0;0;4;2;1
202400006001;155 771 204;7;0;0;9;2;1
202400006002;155 771 203;7;0;2;3;9;1
202400006002;155 771 207;50;0;2;2;1;3
202400006003;155 771 202;10;0;0;1;26;1
202400006004;155 771 201;7;8;0;1;1;1
202400006005;155 771 199;7;2;0;2;14;1
202400006006;155 771 200;36;0;0;9;0;1
202400006007;155 771 198;7;0;1;1;16;1
202400006008;155 771 197;7;6;0;3;1;1
202400006009;155 771 193;7;6;0;2;1;1
202400006010;155 771 194;7;0;0;8;15;1
202400006010;155 771 196;33;0;2;1;1;1
202400006011;155 771 191;36;2;0;2;2;0
202400006012;155 771 189;7;4;0;2;1;1
202400006013;155 771 186;7;13;0;1;0;1
202400006014;155 771 185;1;0;0;4;2;5
202400006014;155 771 188;7;0;2;2;2;1
202400006015;155 771 184;1;0;0;0;0;5
202400006015;155 771 187;7;0;9;1;16;1
202400006016;155 771 183;7;3;0;3;1;1
202400006017;155 771 181;32;0;0;8;1;1
202400006018;155 771 179;7;0;2;1;1;1
202400006018;155 771 182;10;0;2;1;1;1
202400006019;155 771 178;2;0;2;1;17;1
202400006019;155 771 180;2;0;2;1;17;1
202400006020;155 771 175;34;4;0;8;1;1
202400006021;155 771 176;1;0;2;4;11;5
202400006021;155 771 177;10;0;2;1;1;1
202400006022;155 771 171;7;0;0;9;17;3
202400006023;155 771 169;7;0;2;3;1;1
202400006023;155 771 172;7;0;2;3;5;1
202400006023;155 771 173;10;6;2;8;1;1
202400006023;155 771 174;10;0;2;3;1;1
202400006024;155 771 168;7;0;2;7;2;1
202400006024;155 771 170;50;0;2;8;2;3
202400006025;155 771 167;7;4;0;0;0;1
202400006026;155 771 164;2;1;0;1;;1
202400006027;155 771 163;30;0;2;2;17;1
202400006027;155 771 166;7;0;2;3;1;1
202400006028;155 771 162;7;7;0;7;1;2
202400006028;155 771 165;7;0;0;1;1;1
202400006029;155 771 160;7;0;2;1;13;1
202400006029;155 771 161;10;0;2;1;1;1
202400006030;155 771 158;33;13;0;1;1;1
202400006031;155 771 157;7;0;2;1;17;1
202400006031;155 771 159;31;0;2;4;13;1
202400006032;155 771 153;7;0;2;1;2;1
202400006032;155 771 156;7;0;0;4;2;2
202400006033;155 771 154;7;0;2;2;15;1
202400006033;155 771 155;33;0;2;1;1;1
202400006034;155 771 150;7;0;2;2;9;1
202400006034;155 771 152;50;0;2;8;19;3
202400006035;155 771 148;14;0;2;1;0;0
202400006035;155 771 151;7;0;2;1;0;1
202400006036;155 771 147;7;0;0;2;15;1
202400006036;155 771 149;7;0;2;1;1;1
202400006037;155 771 144;7;13;0;3;13;1
202400006038;155 771 143;7;0;2;3;15;1
202400006038;155 771 146;60;0;2;1;1;5
202400006039;155 771 142;1;0;2;8;15;5
202400006039;155 771 145;7;0;2;2;0;1
202400006040;155 771 141;7;0;0;9;16;1
202400006041;155 771 140;7;11;0;1;1;1
202400006042;155 771 138;7;0;2;1;15;1
202400006042;155 771 139;33;0;2;1;1;1
202400006043;155 771 136;7;0;9;2;17;1
202400006043;155 771 137;1;0;2;0;2;5
202400006044;155 771 135;7;15;0;1;2;1
202400006045;155 771 132;7;0;0;0;11;1
202400006045;155 771 134;33;0;0;3;1;1
202400006046;155 771 131;7;0;2;3;1;1
202400006046;155 771 133;7;3;2;3;1;1
202400006047;155 771 128;7;13;0;2;17;1
202400006047;155 771 130;33;0;2;3;17;1
202400006048;155 771 126;33;0;2;7;17;1
202400006048;155 771 129;7;0;2;8;3;1
202400006049;155 771 127;7;0;0;9;0;1
202400006050;155 771 122;30;0;2;0;17;1
202400006050;155 771 125;7;0;2;8;15;1
202400006051;155 771 121;7;0;2;3;1;1
202400006051;155 771 124;7;0;2;3;1;1
202400006052;155 771 120;7;0;0;3;17;1
202400006052;155 771 123;7;0;0;3;1;2
202400006053;155 771 115;0;0;0;1;1;0
202400006053;155 771 117;50;0;0;4;1;3
202400006054;155 771 116;1;0;2;4;2;5
202400006054;155 771 118;1;0;2;1;2;5
202400006055;155 771 114;10;0;2;7;0;1
202400006055;155 771 119;7;0;2;1;0;1
202400006056;155 771 112;7;8;0;1;1;1
202400006057;155 771 109;7;0;2;1;17;0
202400006057;155 771 111;7;0;2;8;15;1
202400006058;155 771 108;7;13;0;4;4;1
202400006059;155 771 107;7;0;2;3;17;1
202400006059;155 771 110;7;0;2;3;1;1
202400006059;155 771 113;7;0;2;3;1;1
202400006060;155 771 106;30;16;0;8;1;1
202400006061;155 771 103;7;0;2;1;17;1
202400006061;155 771 105;2;0;2;1;1;1
202400006062;155 771 100;33;0;2;1;1;1
202400006062;155 771 102;7;0;2;8;1;1
202400006062;155 771 104;10;0;2;3;13;1
202400006063;155 771 098;7;0;2;1;2;1
202400006063;155 771 099;7;0;2;4;23;1
202400006063;155 771 101;7;0;2;4;23;1
202400006064;155 771 097;33;13;0;1;1;1
202400006065;155 771 093;7;0;2;1;1;1
202400006065;155 771 096;7;0;2;4;15;1
202400006066;155 771 090;33;0;2;1;1;1
202400006066;155 771 092;7;0;2;3;13;1
202400006066;155 771 094;10;0;2;1;1;1
202400006067;155 771 091;31;0;2;1;1;0
202400006067;155 771 095;7;0;2;7;15;1
202400006068;155 771 084;33;0;0;4;23;1
202400006068;155 771 086;33;0;2;4;2;1
202400006068;155 771 088;33;0;2;1;2;1
202400006069;155 771 087;7;11;0;1;1;1
202400006070;155 771 083;7;0;2;8;1;1
202400006070;155 771 085;2;0;2;2;1;1
202400006071;155 771 082;7;0;1;1;1;1
202400006072;155 771 081;33;0;0;8;1;1
202400006073;155 771 080;3;2;0;2;11;1
202400006074;155 771 076;33;6;0;3;13;1
202400006075;155 771 073;7;0;2;5;19;1
202400006075;155 771 078;7;0;2;1;1;1
202400006076;155 771 074;7;0;2;0;1;1
202400006076;155 771 075;7;0;2;0;0;1
202400006076;155 771 077;7;0;2;3;17;1
202400006076;155 771 079;7;0;2;0;0;1
202400006077;155 771 072;10;4;0;1;26;1
202400006078;155 771 071;7;0;1;2;2;1
202400006079;155 771 070;7;0;1;5;1;1
202400006080;155 771 069;7;4;0;1;2;1
202400006081;155 771 066;31;0;2;1;2;1
202400006081;155 771 068;7;0;2;1;0;1
202400006082;155 771 064;7;0;2;2;1;1
202400006082;155 771 067;7;10;2;8;19;1