Num_Acc;id_vehicule;categorie_vehicule;obstacle_fixe;obstacle_mobile;point_choc_initial;manoeuvre_principale;motorisation
202400006083;155 771 063;15;0;2;2;12;0
202400006083;155 771 065;10;0;2;3;1;0
202400006084;155 771 062;0;0;1;0;2;1
202400006085;155 771 057;7;0;2;3;1;1
202400006085;155 771 061;7;0;2;3;1;1
202400006086;155 771 058;33;0;2;8;2;1
202400006086;155 771 060;7;0;2;7;12;1
202400006087;155 771 056;7;0;2;1;9;1
202400006087;155 771 059;50;0;2;1;0;3
202400006088;155 771 055;33;13;0;1;0;1
202400006089;155 771 053;40;0;1;2;1;3
202400006090;155 771 052;7;0;2;1;13;1
202400006090;155 771 054;7;0;2;5;1;1
202400006091;155 771 051;38;0;1;7;26;1
202400006092;155 771 050;7;0;1;2;16;1
202400006093;155 771 048;7;0;2;1;1;1
202400006093;155 771 049;7;0;2;4;1;1
202400006094;155 771 047;33;0;6;1;1;1
202400006095;155 771 045;7;4;2;1;1;1
202400006096;155 771 044;33;0;2;1;26;1
202400006096;155 771 046;10;0;2;2;26;1
202400006097;155 771 042;33;0;2;3;5;1
202400006097;155 771 043;13;0;2;8;1;1
202400006098;155 771 038;7;0;2;1;2;1
202400006098;155 771 040;7;0;2;4;2;1
202400006098;155 771 041;7;0;2;4;2;1
202400006099;155 771 037;7;0;2;1;1;1
202400006099;155 771 039;50;0;2;1;5;3
202400006100;155 771 035;7;0;2;3;9;1
202400006100;155 771 036;31;0;2;1;1;1
202400006101;155 771 034;7;4;0;4;1;1
202400006102;155 771 032;7;0;2;2;1;1
202400006102;155 771 033;50;0;2;4;1;3
202400006103;155 771 031;10;3;0;1;1;1
202400006104;155 771 028;33;0;2;2;1;1
202400006104;155 771 030;7;0;0;6;1;1
202400006105;155 771 026;7;0;2;6;23;1
202400006105;155 771 029;10;0;2;2;14;1
202400006106;155 771 024;33;13;0;9;1;1
202400006107;155 771 022;7;0;1;2;1;1
202400006108;155 771 023;7;0;2;4;2;1
202400006108;155 771 025;7;0;2;4;2;1
202400006108;155 771 027;7;0;2;1;0;1
202400006109;155 771 020;2;0;2;1;1;0
202400006109;155 771 021;2;0;2;1;1;0
202400006110;155 771 019;7;0;1;1;1;1
202400006111;155 771 016;7;0;2;4;2;1
202400006111;155 771 018;33;0;2;1;2;1
202400006112;155 771 015;7;0;2;1;1;1
202400006112;155 771 017;7;0;2;3;1;1
202400006113;155 771 013;10;0;2;3;2;1
202400006113;155 771 014;33;0;2;2;2;1
202400006114;155 771 010;33;0;2;8;1;1
202400006114;155 771 012;7;0;2;7;14;1
202400006115;155 771 008;7;0;2;2;15;1
202400006115;155 771 011;7;16;2;1;1;1
202400006116;155 771 006;7;0;2;2;14;1
202400006116;155 771 007;33;0;2;3;3;1
202400006116;155 771 009;7;0;0;4;1;1
202400006117;155 771 004;14;0;1;1;1;1
202400006118;155 771 003;7;0;1;1;1;1
202400006119;155 771 002;7;0;2;2;1;1
202400006119;155 771 005;7;0;2;3;1;1
202400006120;155 771 000;7;2;0;2;1;1
202400006121;155 770 997;7;0;2;4;2;1
202400006121;155 770 999;7;0;2;1;2;1
202400006121;155 771 001;7;0;2;9;2;1
202400006122;155 770 996;7;0;2;1;9;1
202400006122;155 770 998;2;0;2;8;1;1
202400006123;155 770 994;7;0;1;3;1;0
202400006124;155 770 995;7;3;0;2;1;1
202400006125;155 770 993;32;0;0;0;13;1
202400006126;155 770 992;7;0;1;1;1;1
202400006127;155 770 989;7;0;2;1;2;1
202400006127;155 770 991;7;0;1;4;2;1
202400006128;155 770 987;2;0;0;0;1;0
202400006128;155 770 990;7;0;2;3;13;
202400006129;155 770 986;2;0;2;1;17;1
202400006129;155 770 988;7;0;2;8;10;1
202400006130;155 770 983;33;0;1;8;1;0
202400006131;155 770 982;7;0;2;3;19;1
202400006131;155 770 985;33;0;2;1;1;1
202400006132;155 770 981;2;0;2;7;2;1
202400006132;155 770 984;7;0;2;1;16;1
202400006133;155 770 979;33;3;0;3;0;1
202400006134;155 770 978;7;0;2;6;2;1
202400006134;155 770 980;7;0;2;3;21;1
202400006135;155 770 977;33;14;0;1;17;1
202400006136;155 770 975;15;0;0;4;0;1
202400006136;155 770 976;7;0;2;1;0;1
202400006137;155 770 972;50;13;0;1;1;3
202400006138;155 770 971;7;0;2;4;1;1
202400006138;155 770 973;7;0;0;6;1;1
202400006138;155 770 974;7;0;2;1;2;1
202400006139;155 770 967;7;10;0;3;6;1
202400006140;155 770 968;7;0;2;4;1;1
202400006140;155 770 970;7;0;2;1;2;1
202400006141;155 770 966;7;0;2;1;1;1
202400006141;155 770 969;7;0;2;4;1;1
202400006142;155 770 964;7;0;1;2;1;1
202400006143;155 770 962;7;0;2;3;9;1
202400006143;155 770 965;1;0;2;4;1;5
202400006144;155 770 961;7;0;9;2;9;1
202400006144;155 770 963;60;0;2;4;9;5
202400006145;155 770 959;32;0;0;0;0;0
202400006146;155 770 958;7;0;2;2;15;1
202400006146;155 770 960;30;0;2;3;0;1
202400006147;155 770 955;1;0;2;5;2;5
202400006147;155 770 957;7;0;2;2;1;1
202400006148;155 770 953;33;0;2;1;17;1
202400006148;155 770 956;7;0;2;1;16;1
202400006149;155 770 954;37;0;1;2;15;1
202400006150;155 770 950;7;0;2;4;2;1
202400006150;155 770 952;31;0;2;0;0;0
202400006151;155 770 949;33;0;2;8;13;1
202400006151;155 770 951;7;0;2;8;1;1
202400006152;155 770 948;10;8;0;1;13;1
202400006153;155 770 947;2;0;5;1;19;3
202400006154;155 770 946;7;0;1;1;1;1
202400006155;155 770 945;7;2;0;2;1;1
202400006156;155 770 941;33;3;0;3;17;1
202400006157;155 770 943;1;0;2;2;1;5
202400006157;155 770 944;7;0;2;8;22;1
202400006158;155 770 942;34;0;1;2;1;3
202400006159;155 770 936;30;1;0;3;17;1
202400006159;155 770 938;30;1;0;5;18;1
202400006160;155 770 937;50;0;2;1;1;3
202400006160;155 770 939;10;0;2;1;1;6
202400006161;155 770 932;7;0;2;8;15;1
202400006161;155 770 934;43;0;2;2;17;1
202400006162;155 770 931;7;0;2;2;19;1
202400006162;155 770 933;7;0;2;1;21;1
202400006162;155 770 935;7;0;2;1;23;1
202400006163;155 770 930;7;0;1;3;1;1
202400006164;155 770 929;50;16;0;0;1;3
202400006165;155 770 927;37;0;1;2;1;2
202400006166;155 770 925;10;0;1;4;4;1
202400006167;155 770 926;7;0;2;2;1;1
202400006167;155 770 928;7;0;2;1;1;1
202400006168;155 770 922;7;0;2;3;1;3
202400006169;155 770 923;1;0;2;1;18;5
202400006169;155 770 924;10;0;2;7;20;1
202400006170;155 770 920;33;13;2;0;1;1
202400006170;155 770 921;10;0;2;3;15;1
202400006171;155 770 918;7;0;2;3;16;1
202400006171;155 770 919;1;0;2;6;25;5
202400006172;155 770 917;50;0;1;1;1;3
202400006173;155 770 914;31;0;2;1;1;1
202400006173;155 770 916;7;0;2;6;23;3
202400006174;155 770 913;13;0;2;2;16;1
202400006174;155 770 915;30;0;2;8;16;1
202400006175;155 770 911;50;0;2;1;5;3
202400006175;155 770 912;10;0;2;3;15;1
202400006176;155 770 910;31;0;6;3;1;1
202400006177;155 770 908;7;0;2;2;1;1
202400006177;155 770 909;99;0;2;1;1;3
202400006178;155 770 905;7;0;9;1;2;1
202400006178;155 770 906;1;0;0;4;2;5
202400006179;155 770 904;30;0;2;6;1;1
202400006179;155 770 907;7;0;0;6;15;1
202400006180;155 770 903;7;0;1;3;15;1
202400006181;155 770 900;1;12;0;3;1;5
202400006182;155 770 898;7;0;2;2;16;1
202400006182;155 770 899;50;0;2;1;5;3
202400006183;155 770 896;10;0;1;4;4;1
202400006184;155 770 893;7;13;0;8;1;1
202400006184;155 770 895;7;0;2;7;17;3
202400006185;155 770 891;7;0;2;3;16;1
202400006185;155 770 892;50;0;2;1;19;3
202400006186;155 770 888;7;0;2;7;12;1
202400006186;155 770 890;32;0;2;8;1;1
202400006187;155 770 887;7;16;0;4;6;1
202400006187;155 770 889;7;0;0;1;1;1
202400006188;155 770 884;80;12;2;1;13;3
202400006188;155 770 886;1;0;2;1;1;5
202400006189;155 770 883;10;0;2;4;2;1
202400006189;155 770 885;7;0;2;1;2;1
202400006190;155 770 882;7;1;0;1;1;0
202400006191;155 770 881;32;0;1;1;5;1
202400006192;155 770 879;10;0;1;4;4;1
202400006193;155 770 878;7;0;2;4;2;1
202400006193;155 770 880;7;0;2;1;2;1
202400006194;155 770 877;1;0;1;1;1;5
202400006195;155 770 872;10;0;2;8;15;1
202400006195;155 770 874;33;0;2;3;1;1
202400006196;155 770 870;32;12;0;0;18;1
202400006197;155 770 869;7;0;2;4;1;1
202400006197;155 770 871;10;0;2;1;1;1
202400006197;155 770 873;7;0;2;4;1;2
202400006198;155 770 865;7;0;2;1;1;1
202400006198;155 770 868;2;0;2;1;1;1
202400006199;155 770 864;33;0;2;1;2;1
202400006199;155 770 866;10;0;2;4;2;1
202400006200;155 770 861;7;0;2;1;1;1
202400006200;155 770 863;7;0;2;7;0;1
202400006201;155 770 859;34;12;2;3;17;1
202400006201;155 770 862;7;12;2;3;1;1
202400006202;155 770 858;10;1;0;4;2;1
202400006202;155 770 860;10;0;2;1;2;1
202400006203;155 770 855;33;0;2;1;17;1
202400006203;155 770 856;7;0;2;3;9;1
202400006204;155 770 853;33;0;2;1;15;1
202400006204;155 770 857;7;0;2;3;1;1
202400006205;155 770 852;7;0;2;2;14;1
202400006205;155 770 854;7;0;2;6;1;1
202400006206;155 770 849;7;0;2;3;2;0
202400006206;155 770 851;2;0;2;1;16;1
202400006207;155 770 848;33;7;0;1;0;1
202400006208;155 770 847;7;0;2;1;2;1
202400006208;155 770 850;2;0;2;4;2;1
202400006209;155 770 845;7;0;2;2;15;2
202400006209;155 770 846;30;0;2;1;1;1
202400006210;155 770 841;33;0;2;1;3;1
202400006210;155 770 843;7;0;2;4;11;1
202400006211;155 770 840;33;0;2;1;2;1
202400006211;155 770 842;33;0;2;1;2;1
202400006211;155 770 844;33;0;2;4;0;1
202400006212;155 770 839;7;0;1;1;1;1
202400006213;155 770 836;7;0;2;5;15;1
202400006213;155 770 838;30;0;2;2;1;1
202400006214;155 770 835;7;0;0;0;2;2
202400006214;155 770 837;7;0;2;1;2;1
202400006215;155 770 834;7;0;1;2;15;1
202400006216;155 770 833;7;4;0;9;13;1
202400006217;155 770 832;7;6;0;8;13;1
202400006218;155 770 830;7;0;1;6;20;1
202400006219;155 770 829;7;0;2;3;1;1
202400006219;155 770 831;7;0;2;2;2;1
202400006220;155 770 822;7;1;0;1;1;1
202400006220;155 770 826;7;0;2;4;1;1
202400006220;155 770 827;7;0;2;1;0;1
202400006220;155 770 828;7;0;9;2;1;1
202400006221;155 770 823;7;0;2;2;15;3
202400006221;155 770 825;32;0;2;2;1;1
202400006222;155 770 821;7;0;2;1;1;1
202400006222;155 770 824;7;0;2;5;15;1
202400006223;155 770 820;7;6;0;0;1;1
202400006224;155 770 816;7;0;2;2;1;1
202400006224;155 770 818;7;0;2;7;1;1
202400006224;155 770 819;7;0;2;6;1;1
202400006225;155 770 814;2;0;2;2;13;1
202400006225;155 770 817;7;0;2;2;1;1
202400006226;155 770 813;33;0;2;1;1;1
202400006226;155 770 815;80;0;2;1;15;3
202400006227;155 770 812;7;0;1;1;13;1
202400006228;155 770 810;7;1;2;1;1;1
202400006228;155 770 811;7;0;2;5;1;1
202400006229;155 770 809;13;3;1;4;4;1
202400006230;155 770 806;50;0;2;1;5;3
202400006230;155 770 808;7;0;9;3;1;1
202400006231;155 770 804;33;0;2;7;1;1
202400006231;155 770 807;7;0;2;3;9;1
202400006232;155 770 805;7;12;0;1;1;1
202400006233;155 770 803;43;0;0;0;1;1
202400006234;155 770 801;32;0;2;5;1;0
202400006234;155 770 802;7;0;2;1;9;0
202400006235;155 770 799;7;0;0;0;21;1
202400006236;155 770 798;15;0;9;2;16;1
202400006236;155 770 800;1;0;2;4;19;5
202400006237;155 770 794;50;0;2;1;1;3
202400006237;155 770 796;7;0;2;8;1;1
202400006238;155 770 795;7;0;2;5;2;1
202400006238;155 770 797;7;0;2;3;2;2
202400006239;155 770 793;37;0;1;5;1;1
202400006240;155 770 792;7;0;1;1;15;1
202400006241;155 770 791;10;0;1;3;15;1
202400006242;155 770 787;7;0;1;4;4;1
202400006243;155 770 788;7;0;2;6;2;1
202400006243;155 770 789;7;0;2;1;1;1
202400006243;155 770 790;32;0;2;1;2;1
202400006244;155 770 785;10;0;2;1;2;1
202400006244;155 770 786;7;0;0;4;2;1
202400006245;155 770 783;7;0;2;3;15;1
202400006245;155 770 784;50;0;2;7;1;3
202400006246;155 770 782;10;3;0;1;2;1
202400006247;155 770 780;10;0;2;2;1;1
202400006247;155 770 781;10;0;2;3;10;1
202400006248;155 770 777;7;0;9;6;1;1
202400006249;155 770 776;7;0;2;2;15;1
202400006249;155 770 778;7;0;2;3;1;1
202400006249;155 770 779;33;0;2;1;1;1
202400006250;155 770 774;50;0;2;8;15;3
202400006250;155 770 775;7;0;9;1;19;1
202400006251;155 770 770;40;0;2;2;1;3
202400006251;155 770 771;50;0;4;3;1;3
202400006252;155 770 772;13;0;2;3;1;0
202400006252;155 770 773;3;0;2;3;21;1
202400006253;155 770 768;7;13;0;1;1;1
202400006254;155 770 767;50;0;2;1;1;3
202400006254;155 770 769;7;0;2;1;15;1
202400006255;155 770 766;7;13;0;1;1;2
202400006256;155 770 764;33;0;2;9;3;1
202400006257;155 770 761;7;0;2;1;2;1
202400006257;155 770 763;10;0;0;5;15;1
202400006258;155 770 760;7;0;2;1;1;1
202400006258;155 770 762;7;0;2;4;1;1
202400006258;155 770 765;7;0;2;4;1;1
202400006259;155 770 758;7;0;2;3;13;1
202400006259;155 770 759;7;0;2;3;1;1
202400006260;155 770 755;7;4;0;7;1;1
202400006261;155 770 756;7;0;2;1;1;1
202400006261;155 770 757;7;0;2;4;9;1
202400006262;155 770 753;7;0;2;7;1;1
202400006262;155 770 754;33;0;2;1;1;1
202400006263;155 770 752;7;13;0;9;17;1
202400006264;155 770 750;7;0;2;5;12;1
202400006264;155 770 751;7;0;2;2;1;1
202400006265;155 770 748;33;3;2;8;18;1
202400006265;155 770 749;7;0;2;5;1;1
202400006266;155 770 746;7;0;1;5;1;1
202400006267;155 770 745;2;0;2;1;1;1
202400006267;155 770 747;7;13;2;1;17;1
202400006268;155 770 744;7;4;0;2;6;1
202400006269;155 770 741;1;0;2;6;1;5
202400006269;155 770 743;7;0;2;2;16;0
202400006270;155 770 738;10;0;9;2;26;1
202400006270;155 770 742;1;0;0;4;26;5
202400006271;155 770 739;7;0;2;1;2;1
202400006271;155 770 740;7;0;2;4;2;1
202400006272;155 770 735;33;1;2;1;1;1
202400006272;155 770 737;7;0;2;7;11;1
202400006273;155 770 733;10;0;2;1;1;1
202400006273;155 770 734;7;0;2;4;1;1
202400006274;155 770 732;7;0;0;4;23;1
202400006274;155 770 736;2;0;2;1;1;1
202400006275;155 770 730;10;0;0;0;16;1
202400006275;155 770 731;1;0;2;8;1;5
202400006276;155 770 728;1;0;2;8;15;5
202400006276;155 770 729;2;12;9;1;2;1
202400006277;155 770 726;1;12;0;1;15;5
202400006278;155 770 725;7;4;0;4;23;1
202400006279;155 770 723;7;0;2;1;2;1
202400006279;155 770 724;7;0;2;1;0;1
202400006279;155 770 727;7;0;2;4;0;2
202400006280;155 770 720;10;0;2;2;12;1
202400006280;155 770 721;7;0;0;6;1;1
202400006281;155 770 718;7;0;1;1;1;2
202400006282;155 770 717;2;5;0;3;21;1
202400006283;155 770 716;7;0;2;1;1;1
202400006283;155 770 719;7;0;2;4;1;1
202400006284;155 770 714;33;0;2;3;1;1
202400006284;155 770 715;99;0;2;3;1;0
202400006285;155 770 711;7;0;1;2;1;1
202400006286;155 770 712;7;4;0;3;0;1
202400006287;155 770 709;7;0;2;1;2;3
202400006287;155 770 710;21;13;2;3;2;1
202400006288;155 770 706;7;0;2;1;15;1
202400006288;155 770 708;2;0;2;1;1;1
202400006289;155 770 703;50;0;0;3;1;3
202400006289;155 770 705;7;0;2;3;15;1
202400006290;155 770 701;7;0;2;4;1;1
202400006290;155 770 704;7;0;2;1;1;1
202400006290;155 770 707;7;0;2;5;1;1
202400006291;155 770 699;7;0;1;1;1;1
202400006292;155 770 698;7;0;2;4;21;1
202400006292;155 770 700;7;0;2;1;26;1
202400006293;155 770 694;33;0;2;1;1;1
202400006293;155 770 696;7;0;2;0;0;1
202400006294;155 770 695;43;14;0;0;16;1
202400006295;155 770 693;7;0;2;9;0;1
202400006295;155 770 697;7;0;2;9;26;1
202400006296;155 770 692;50;0;0;0;0;3
202400006297;155 770 691;7;0;1;8;15;1
202400006298;155 770 688;2;0;2;2;17;1
202400006298;155 770 690;3;0;2;8;15;1
202400006299;155 770 685;7;0;2;4;15;1
202400006299;155 770 686;43;0;2;1;3;1
202400006300;155 770 684;7;0;2;3;19;1
202400006300;155 770 687;7;0;2;3;9;1
202400006300;155 770 689;13;0;2;1;9;0
202400006301;155 770 681;10;0;1;4;26;1
202400006302;155 770 682;10;0;9;1;1;1
202400006302;155 770 683;1;0;2;8;0;5
202400006303;155 770 676;7;0;2;3;15;1
202400006303;155 770 678;43;0;2;1;1;1
202400006304;155 770 674;10;0;2;2;15;1
202400006304;155 770 677;7;0;2;2;0;1
202400006305;155 770 672;1;0;2;8;15;5
202400006305;155 770 675;10;0;2;8;1;1
202400006306;155 770 671;99;0;2;4;2;1
202400006306;155 770 673;10;0;2;3;26;1
202400006307;155 770 670;7;0;1;7;1;1
202400006308;155 770 669;7;1;0;2;1;1
202400006309;155 770 667;30;0;2;0;0;1
202400006309;155 770 668;7;0;2;4;23;3
202400006310;155 770 662;33;12;0;1;1;1
202400006311;155 770 663;7;3;2;3;26;1
202400006311;155 770 665;7;3;0;4;2;1
202400006312;155 770 664;1;0;2;1;19;5
202400006312;155 770 666;7;0;2;7;1;1
202400006313;155 770 661;7;4;0;3;13;1
202400006314;155 770 658;7;0;2;1;1;1
202400006314;155 770 660;7;0;2;3;9;1
202400006315;155 770 656;7;3;0;2;1;1
202400006316;155 770 657;7;0;2;8;15;1
202400006316;155 770 659;2;0;2;0;0;0
202400006317;155 770 654;7;0;2;1;16;1
202400006317;155 770 655;80;0;2;3;0;3
202400006318;155 770 651;7;0;9;2;1;1
202400006318;155 770 652;1;0;2;7;9;5
202400006319;155 770 647;31;0;2;8;2;1
202400006319;155 770 649;7;0;2;7;11;0
202400006320;155 770 645;38;0;2;1;2;1
202400006320;155 770 648;10;0;2;1;2;1
202400006320;155 770 650;7;0;0;0;0;2
202400006320;155 770 653;7;0;0;0;0;1
202400006321;155 770 642;7;0;2;8;1;1
202400006321;155 770 646;50;0;2;1;1;3
202400006322;155 770 641;7;0;2;2;2;2
202400006322;155 770 643;33;0;2;4;1;1
202400006322;155 770 644;7;0;2;6;2;1
202400006323;155 770 637;10;0;1;3;17;3
202400006324;155 770 636;7;0;2;4;1;2
202400006324;155 770 639;7;0;2;1;1;1
202400006324;155 770 640;15;0;2;1;1;1
202400006325;155 770 635;1;1;2;1;1;0
202400006325;155 770 638;7;0;2;8;22;1
202400006326;155 770 632;1;0;2;1;5;5
202400006326;155 770 634;2;0;2;1;1;1
202400006327;155 770 631;7;15;0;1;25;1
202400006328;155 770 630;32;0;2;1;3;1
202400006328;155 770 633;7;0;2;4;14;1
202400006329;155 770 629;50;0;1;1;7;3
202400006330;155 770 625;37;8;0;1;1;3
202400006331;155 770 626;31;3;0;1;16;1
202400006332;155 770 624;7;0;2;4;1;1
202400006332;155 770 627;7;0;2;4;1;1
202400006332;155 770 628;10;0;2;1;1;1
202400006333;155 770 621;7;0;2;6;13;1
202400006333;155 770 623;33;0;2;7;1;1
202400006334;155 770 618;7;0;2;1;1;1
202400006334;155 770 620;7;0;2;4;0;1
202400006334;155 770 622;7;0;2;4;1;1
202400006335;155 770 617;7;0;2;1;1;1
202400006335;155 770 619;7;0;2;4;1;1
202400006336;155 770 615;10;0;2;7;24;0
202400006336;155 770 616;1;1;0;1;1;5
202400006337;155 770 614;7;4;0;3;1;1
202400006338;155 770 610;7;0;2;4;1;1
202400006338;155 770 612;33;0;2;1;1;1
202400006339;155 770 609;7;0;1;1;15;2
202400006340;155 770 606;33;0;0;0;9;1
202400006341;155 770 604;7;0;2;9;1;1
202400006341;155 770 607;7;0;2;7;1;1
202400006341;155 770 608;33;0;2;1;1;1
202400006341;155 770 611;7;4;2;1;1;1
202400006341;155 770 613;10;0;2;3;1;1
202400006342;155 770 603;10;1;2;8;22;1
202400006342;155 770 605;1;1;2;1;1;5
202400006343;155 770 601;33;0;2;2;1;1
202400006343;155 770 602;7;0;2;0;0;0
202400006344;155 770 599;7;0;1;3;16;1
202400006345;155 770 597;13;0;2;3;1;6
202400006345;155 770 600;30;0;2;1;1;1
202400006346;155 770 595;7;0;2;7;12;1
202400006346;155 770 596;33;0;2;1;3;1
202400006346;155 770 598;7;0;2;6;0;1
202400006347;155 770 594;7;0;0;9;0;1
202400006348;155 770 591;7;0;0;7;1;1
202400006348;155 770 593;7;0;0;1;1;2
202400006349;155 770 590;15;0;2;1;1;1
202400006349;155 770 592;7;0;2;8;9;1
202400006350;155 770 589;33;0;0;0;1;1
202400006351;155 770 588;10;1;1;4;4;1
202400006352;155 770 586;1;9;0;0;23;5
202400006353;155 770 585;7;0;2;5;14;1
202400006353;155 770 587;31;0;2;3;3;1
202400006354;155 770 582;7;0;0;9;1;1
202400006355;155 770 580;1;0;2;1;1;5
202400006355;155 770 581;7;0;2;5;15;1
202400006356;155 770 583;7;0;2;5;15;1
202400006356;155 770 584;1;0;2;1;19;5
202400006357;155 770 579;50;0;0;0;0;3
202400006358;155 770 578;50;14;0;1;5;3
202400006359;155 770 576;7;6;0;1;21;1
202400006360;155 770 575;33;0;2;1;9;1
202400006360;155 770 577;7;0;2;8;2;1
202400006361;155 770 574;10;0;1;1;1;1
202400006362;155 770 573;7;5;0;2;1;1
202400006363;155 770 572;7;9;0;1;1;2
202400006364;155 770 570;10;0;5;1;1;1
202400006365;155 770 569;31;0;2;3;1;1
202400006365;155 770 571;10;0;2;2;15;1
202400006366;155 770 567;33;14;0;1;17;1
202400006367;155 770 566;7;0;2;3;15;1
202400006367;155 770 568;10;0;2;2;1;1
202400006368;155 770 565;10;0;1;0;26;0
202400006369;155 770 563;10;4;0;1;15;1
202400006370;155 770 562;7;13;2;1;13;1
202400006370;155 770 564;7;0;2;1;1;1
202400006371;155 770 560;7;0;2;3;15;1
202400006371;155 770 561;32;0;2;1;17;1
202400006372;155 770 558;33;0;1;1;26;0
202400006373;155 770 556;33;0;2;1;1;1
202400006373;155 770 559;7;0;2;4;9;1
202400006374;155 770 557;7;0;1;1;15;1
202400006375;155 770 553;1;0;2;1;1;5
202400006375;155 770 555;7;0;2;3;9;3
202400006376;155 770 551;7;0;2;3;1;1
202400006376;155 770 554;50;0;2;1;5;3
202400006377;155 770 550;7;0;2;1;1;1
202400006377;155 770 552;50;0;2;8;19;3
202400006378;155 770 547;33;0;2;7;26;1
202400006378;155 770 549;7;0;0;8;0;2
202400006379;155 770 546;7;0;2;2;1;1
202400006379;155 770 548;7;0;2;3;9;1
202400006380;155 770 545;7;1;1;1;26;1
202400006381;155 770 544;7;0;1;3;1;0
202400006382;155 770 541;43;1;1;1;1;1
202400006383;155 770 542;10;0;1;2;1;0
202400006384;155 770 540;7;0;2;1;2;1
202400006384;155 770 543;7;0;2;5;1;1
202400006385;155 770 538;7;0;2;1;1;1
202400006385;155 770 539;7;0;2;7;15;1
202400006386;155 770 537;7;0;1;2;1;1
202400006387;155 770 536;37;0;1;3;1;1
202400006388;155 770 533;7;0;2;1;1;1
202400006388;155 770 535;30;0;2;7;0;0
202400006389;155 770 531;7;0;2;7;26;0
202400006389;155 770 534;50;0;2;1;25;3
202400006390;155 770 532;7;0;1;3;0;1
202400006391;155 770 529;30;0;2;1;18;3
202400006391;155 770 530;10;0;2;2;16;1
202400006392;155 770 527;7;0;2;3;13;1
202400006392;155 770 528;30;0;2;1;1;1
202400006393;155 770 526;33;0;1;1;1;1
202400006394;155 770 524;7;0;2;1;19;1
202400006394;155 770 525;7;0;2;3;1;1
202400006395;155 770 520;7;0;2;4;1;1
202400006395;155 770 522;7;0;2;4;15;1
202400006396;155 770 521;7;0;2;1;1;1
202400006396;155 770 523;7;0;2;2;15;1
202400006397;155 770 518;7;0;2;3;16;2
202400006397;155 770 519;80;0;2;7;1;3
202400006398;155 770 516;7;0;2;7;16;1
202400006398;155 770 517;32;0;2;8;16;1
202400006399;155 770 513;33;8;2;3;1;1
202400006399;155 770 514;10;0;2;3;15;1
202400006400;155 770 509;33;0;1;3;1;1
202400006401;155 770 510;50;0;9;8;2;3
202400006401;155 770 512;60;0;2;0;26;5
202400006402;155 770 511;1;0;2;7;1;5
202400006402;155 770 515;7;0;2;3;9;2
202400006403;155 770 506;10;0;2;1;15;1
202400006403;155 770 508;33;0;2;1;1;1
202400006404;155 770 507;10;0;1;2;1;1
202400006405;155 770 505;7;0;1;2;1;1
202400006406;155 770 502;10;0;2;6;26;1
202400006406;155 770 504;32;0;2;1;2;1
202400006407;155 770 503;33;6;0;1;14;1
202400006408;155 770 498;32;0;2;3;11;1
202400006408;155 770 501;33;0;2;2;3;0
202400006409;155 770 494;31;0;0;1;1;6
202400006410;155 770 496;7;0;2;4;1;1
202400006410;155 770 500;7;0;2;1;2;1
202400006411;155 770 495;7;0;2;1;2;3
202400006411;155 770 497;7;0;2;4;2;1
202400006411;155 770 499;7;0;2;4;1;1
202400006412;155 770 493;33;0;0;0;1;1
202400006413;155 770 492;7;13;0;1;1;1
202400006414;155 770 490;7;0;1;1;1;1
202400006415;155 770 489;7;0;2;1;1;1
202400006415;155 770 491;10;0;2;3;10;1
202400006416;155 770 488;33;12;0;1;1;1
202400006417;155 770 487;7;4;0;3;13;1
202400006418;155 770 484;33;14;0;1;6;1
202400006419;155 770 483;7;0;2;7;19;1
202400006419;155 770 486;7;0;2;1;1;1
202400006420;155 770 482;7;0;2;4;2;1
202400006420;155 770 485;7;0;2;1;2;1
202400006421;155 770 480;7;6;2;8;9;1
202400006421;155 770 481;7;0;2;1;1;1
202400006422;155 770 478;7;13;0;2;17;1
202400006423;155 770 475;7;0;2;1;1;1
202400006423;155 770 477;7;0;2;4;23;1
202400006424;155 770 476;33;0;2;1;1;1
202400006424;155 770 479;13;0;2;8;15;1
202400006425;155 770 474;7;0;1;2;2;3
202400006426;155 770 473;7;13;0;9;1;1
202400006427;155 770 472;7;13;0;1;1;1
202400006428;155 770 471;7;0;1;2;1;1
202400006429;155 770 470;33;3;0;3;1;1
202400006430;155 770 469;7;13;0;1;1;1
202400006431;155 770 465;33;0;2;1;17;1
202400006431;155 770 466;10;0;2;8;15;1
202400006432;155 770 467;7;8;2;1;1;1
202400006432;155 770 468;7;0;2;1;15;1
202400006433;155 770 462;7;0;0;3;15;1
202400006433;155 770 464;7;0;0;1;1;1
202400006434;155 770 461;30;0;2;1;2;1
202400006434;155 770 463;7;0;2;6;16;2
202400006435;155 770 459;7;0;2;1;1;1
202400006435;155 770 460;7;0;2;1;1;1
202400006436;155 770 457;33;15;0;3;1;1
202400006437;155 770 455;7;0;2;3;1;1
202400006437;155 770 458;50;0;2;2;15;3
202400006438;155 770 454;14;0;0;1;1;1
202400006438;155 770 456;7;0;2;1;13;1
202400006439;155 770 452;43;0;2;1;13;1
202400006439;155 770 453;7;0;2;3;1;1
202400006440;155 770 450;10;0;1;5;4;1