Num_Acc;id_vehicule;categorie_vehicule;obstacle_fixe;obstacle_mobile;point_choc_initial;manoeuvre_principale;motorisation
202400006441;155 770 451;38;0;1;3;1;1
202400006442;155 770 449;7;6;0;2;1;1
202400006443;155 770 446;1;0;2;8;1;5
202400006443;155 770 448;14;15;2;3;13;1
202400006444;155 770 445;10;0;2;1;15;1
202400006444;155 770 447;32;0;2;1;1;1
202400006445;155 770 443;7;0;2;2;12;1
202400006445;155 770 444;7;0;2;6;1;1
202400006446;155 770 442;31;14;0;1;0;1
202400006447;155 770 441;7;1;0;2;1;1
202400006448;155 770 439;7;0;2;2;13;1
202400006448;155 770 440;7;0;2;2;1;1
202400006449;155 770 437;7;0;2;1;1;1
202400006449;155 770 438;7;2;2;7;1;1
202400006450;155 770 436;7;8;0;1;15;1
202400006451;155 770 434;7;0;2;2;9;1
202400006451;155 770 435;7;0;2;5;1;1
202400006452;155 770 433;32;1;0;1;17;1
202400006453;155 770 431;7;0;2;7;15;1
202400006453;155 770 432;1;0;2;1;1;5
202400006454;155 770 430;7;3;0;1;13;1
202400006455;155 770 428;7;0;2;1;2;1
202400006455;155 770 429;7;0;2;4;2;1
202400006456;155 770 426;7;0;2;8;9;1
202400006456;155 770 427;30;0;2;8;12;1
202400006457;155 770 425;7;0;1;2;1;1
202400006458;155 770 423;7;0;2;3;26;1
202400006458;155 770 424;0;0;9;1;1;0
202400006459;155 770 422;7;0;1;1;19;0
202400006460;155 770 420;33;0;2;6;14;1
202400006460;155 770 421;7;0;2;0;0;1
202400006461;155 770 416;7;0;9;2;15;1
202400006461;155 770 417;1;0;2;1;1;5
202400006462;155 770 415;50;0;0;0;1;3
202400006463;155 770 413;7;0;2;8;10;1
202400006463;155 770 414;7;0;2;1;10;3
202400006464;155 770 412;7;0;1;1;1;1
202400006465;155 770 410;7;8;0;1;2;1
202400006465;155 770 411;7;0;2;1;2;1
202400006466;155 770 409;50;0;1;1;26;3
202400006467;155 770 407;10;0;2;3;9;1
202400006467;155 770 408;50;0;2;2;1;3
202400006468;155 770 406;7;0;1;3;15;2
202400006469;155 770 405;10;8;0;1;26;1
202400006470;155 770 401;7;0;2;3;1;1
202400006470;155 770 402;30;0;2;1;1;1
202400006471;155 770 400;7;0;1;3;16;1
202400006472;155 770 398;33;0;0;3;15;1
202400006473;155 770 399;7;9;0;1;1;1
202400006474;155 770 397;7;4;0;2;1;1
202400006475;155 770 394;7;0;2;3;1;1
202400006475;155 770 396;7;0;2;3;1;1
202400006476;155 770 391;21;0;2;3;1;1
202400006476;155 770 392;7;0;2;3;13;1
202400006477;155 770 393;7;0;2;5;2;1
202400006477;155 770 395;33;0;2;1;1;1
202400006478;155 770 390;33;0;0;0;0;1
202400006479;155 770 387;7;0;2;1;5;1
202400006479;155 770 388;15;0;2;2;1;1
202400006480;155 770 385;7;4;0;3;0;1
202400006481;155 770 386;7;0;0;6;0;1
202400006481;155 770 389;33;0;2;1;15;1
202400006482;155 770 383;17;0;0;4;23;1
202400006482;155 770 384;17;1;0;1;2;1
202400006483;155 770 382;34;4;0;2;1;1
202400006484;155 770 380;10;2;0;1;0;1
202400006485;155 770 378;7;0;2;1;2;1
202400006485;155 770 379;7;0;0;4;1;1
202400006486;155 770 377;7;3;0;2;13;1
202400006487;155 770 376;7;0;2;3;9;1
202400006487;155 770 381;7;0;2;1;1;1
202400006488;155 770 374;7;13;2;5;17;1
202400006488;155 770 375;17;0;2;3;1;1
202400006489;155 770 373;50;5;0;1;1;3
202400006490;155 770 372;7;0;1;1;1;1
202400006491;155 770 371;7;0;1;1;15;1
202400006492;155 770 368;7;0;2;1;0;2
202400006492;155 770 369;7;0;2;1;0;1
202400006492;155 770 370;7;3;2;0;0;1
202400006493;155 770 367;30;11;0;1;1;3
202400006494;155 770 363;15;0;2;2;1;1
202400006494;155 770 364;7;0;2;8;19;1
202400006495;155 770 361;7;0;2;3;15;1
202400006495;155 770 362;7;0;2;2;1;1
202400006496;155 770 359;7;0;1;1;1;1
202400006497;155 770 358;14;2;0;3;13;1
202400006498;155 770 356;7;0;2;1;13;1
202400006498;155 770 357;7;0;2;1;1;1
202400006499;155 770 354;7;9;2;1;1;1
202400006499;155 770 355;7;0;2;7;15;1
202400006500;155 770 351;10;0;2;3;13;1
202400006500;155 770 352;17;0;2;3;1;1
202400006501;155 770 353;10;0;1;1;1;1
202400006502;155 770 349;7;0;2;3;13;1
202400006502;155 770 350;7;0;2;3;1;1
202400006503;155 770 348;7;4;0;1;16;1
202400006504;155 770 345;7;0;2;1;2;1
202400006504;155 770 346;7;0;2;4;23;1
202400006505;155 770 344;7;3;2;5;1;1
202400006505;155 770 347;7;0;2;1;1;0
202400006506;155 770 343;32;4;0;8;1;1
202400006507;155 770 338;7;0;2;3;20;1
202400006507;155 770 340;1;0;2;1;25;5
202400006508;155 770 337;10;0;2;1;1;1
202400006508;155 770 339;7;0;2;4;23;1
202400006508;155 770 341;10;0;2;4;23;1
202400006508;155 770 342;7;0;2;3;21;1
202400006509;155 770 334;50;0;2;0;1;3
202400006509;155 770 336;7;0;2;1;1;1
202400006510;155 770 333;10;0;2;1;1;1
202400006510;155 770 335;10;0;2;4;1;1
202400006511;155 770 329;2;0;2;8;0;1
202400006511;155 770 332;7;0;2;1;2;1
202400006512;155 770 327;7;0;1;3;0;1
202400006513;155 770 328;7;0;2;6;1;1
202400006513;155 770 330;33;0;2;7;3;1
202400006513;155 770 331;10;0;2;3;12;1
202400006514;155 770 325;7;0;2;2;9;1
202400006514;155 770 326;1;0;2;5;1;5
202400006515;155 770 324;7;3;0;8;2;1
202400006516;155 770 321;7;0;2;0;1;1
202400006516;155 770 323;7;0;2;0;0;0
202400006517;155 770 320;33;0;2;1;3;1
202400006517;155 770 322;7;0;2;7;12;1
202400006518;155 770 318;10;0;1;2;0;0
202400006519;155 770 317;7;0;2;8;11;1
202400006519;155 770 319;33;0;2;2;3;1
202400006520;155 770 315;7;3;0;3;16;1
202400006521;155 770 314;7;0;2;2;15;1
202400006521;155 770 316;2;0;2;1;1;1
202400006522;155 770 313;10;0;1;4;26;1
202400006523;155 770 312;37;0;1;4;20;1
202400006524;155 770 310;7;13;0;1;1;1
202400006525;155 770 308;10;0;2;3;1;1
202400006525;155 770 311;7;0;2;3;1;1
202400006526;155 770 307;7;0;2;3;19;2
202400006526;155 770 309;33;0;2;1;3;1
202400006527;155 770 306;7;8;0;1;13;1
202400006528;155 770 305;7;13;0;9;21;1
202400006529;155 770 302;3;13;0;1;1;3
202400006530;155 770 301;7;0;2;6;26;1
202400006530;155 770 304;33;0;2;5;17;1
202400006531;155 770 297;7;0;2;8;1;2
202400006531;155 770 299;30;0;2;1;17;1
202400006531;155 770 300;7;0;2;1;1;2
202400006531;155 770 303;34;0;2;5;17;0
202400006532;155 770 296;7;0;0;4;2;1
202400006532;155 770 298;7;0;2;1;2;1
202400006533;155 770 294;0;0;0;0;5;0
202400006533;155 770 295;31;0;2;0;1;1
202400006534;155 770 291;7;0;2;8;19;1
202400006534;155 770 293;7;0;2;3;19;1
202400006535;155 770 292;7;0;1;1;9;1
202400006536;155 770 287;7;0;9;3;1;1
202400006536;155 770 289;50;0;2;1;5;3
202400006537;155 770 286;7;0;2;3;18;1
202400006537;155 770 288;10;0;2;2;9;1
202400006537;155 770 290;37;0;2;8;0;1
202400006538;155 770 285;39;0;1;2;1;3
202400006539;155 770 282;33;0;2;1;5;1
202400006539;155 770 283;7;0;2;3;15;3
202400006540;155 770 280;7;0;2;1;1;1
202400006540;155 770 284;1;0;2;8;1;5
202400006541;155 770 279;7;0;2;8;1;1
202400006541;155 770 281;50;0;2;7;1;3
202400006542;155 770 276;30;0;0;0;0;3
202400006543;155 770 275;7;0;2;1;15;1
202400006543;155 770 277;1;0;2;1;23;5
202400006544;155 770 274;7;0;2;7;1;1
202400006544;155 770 278;1;0;2;8;15;5
202400006545;155 770 271;7;0;2;3;0;1
202400006545;155 770 273;33;0;2;7;1;1
202400006546;155 770 270;0;0;1;0;1;0
202400006547;155 770 268;7;0;2;2;13;1
202400006547;155 770 269;7;0;2;3;1;1
202400006547;155 770 272;7;0;2;1;1;2
202400006548;155 770 267;37;0;1;1;1;0
202400006549;155 770 265;31;0;2;1;1;1
202400006549;155 770 266;7;0;2;7;15;1
202400006550;155 770 264;7;1;0;0;0;1
202400006551;155 770 263;7;0;1;1;16;1
202400006552;155 770 262;7;0;1;2;16;1
202400006553;155 770 259;7;0;2;4;2;1
202400006553;155 770 261;7;0;2;1;2;1
202400006554;155 770 258;7;0;2;1;1;1
202400006554;155 770 260;7;0;2;1;2;2
202400006555;155 770 256;7;0;1;1;16;1
202400006556;155 770 255;7;0;2;1;2;1
202400006556;155 770 257;43;0;2;4;2;1
202400006557;155 770 251;7;0;2;3;1;1
202400006557;155 770 252;7;0;2;5;14;1
202400006558;155 770 248;37;0;2;3;1;0
202400006558;155 770 250;10;0;2;2;15;1
202400006559;155 770 247;7;0;2;2;10;1
202400006559;155 770 249;31;0;2;1;1;1
202400006560;155 770 245;31;0;2;1;1;1
202400006560;155 770 246;7;0;0;4;1;1
202400006561;155 770 243;7;0;2;3;0;2
202400006561;155 770 244;1;0;2;0;0;5
202400006562;155 770 242;7;6;0;1;16;1
202400006563;155 770 240;13;0;0;0;15;3
202400006563;155 770 241;1;0;0;0;26;5
202400006564;155 770 235;50;0;1;2;25;3
202400006565;155 770 236;7;0;2;1;0;1
202400006565;155 770 238;1;0;2;0;1;5
202400006566;155 770 234;7;6;0;0;0;1
202400006567;155 770 232;7;0;1;1;0;1
202400006568;155 770 231;7;1;0;2;1;3
202400006568;155 770 233;7;0;0;4;24;2
202400006569;155 770 230;7;0;1;0;26;1
202400006570;155 770 227;80;0;0;0;1;3
202400006571;155 770 226;33;0;0;0;24;1
202400006572;155 770 224;7;6;0;0;0;1
202400006573;155 770 222;7;0;2;5;17;1
202400006573;155 770 225;43;0;2;1;1;1
202400006574;155 770 221;7;0;0;0;0;1
202400006575;155 770 220;7;0;2;8;1;1
202400006575;155 770 223;7;0;2;1;1;1
202400006576;155 770 218;7;0;0;0;0;1
202400006577;155 770 217;14;1;2;8;1;1
202400006577;155 770 219;10;1;2;9;14;1
202400006578;155 770 215;20;0;2;1;26;6
202400006578;155 770 216;7;0;2;8;1;2
202400006579;155 770 212;33;0;2;1;0;1
202400006579;155 770 214;33;0;2;1;0;1
202400006580;155 770 210;7;0;2;1;1;1
202400006580;155 770 213;7;16;2;1;1;2
202400006581;155 770 211;7;0;1;2;1;1
202400006582;155 770 209;7;8;0;1;1;1
202400006583;155 770 207;1;0;1;1;1;5
202400006584;155 770 206;17;6;0;1;1;1
202400006585;155 770 203;7;1;1;3;15;1
202400006586;155 770 202;1;0;2;7;26;5
202400006586;155 770 205;7;1;2;1;19;1
202400006587;155 770 204;80;0;1;1;1;3
202400006588;155 770 199;7;0;2;8;15;1
202400006588;155 770 201;31;0;2;1;17;1
202400006589;155 770 198;10;0;2;3;10;1
202400006589;155 770 200;30;0;2;1;17;3
202400006590;155 770 196;7;0;2;1;13;1
202400006590;155 770 197;7;0;2;1;1;1
202400006591;155 770 193;7;0;0;3;1;1
202400006591;155 770 194;1;0;2;1;1;5
202400006592;155 770 190;7;0;2;1;1;1
202400006592;155 770 192;2;0;2;1;5;1
202400006593;155 770 191;7;0;2;1;1;2
202400006593;155 770 195;1;0;2;8;1;5
202400006594;155 770 187;10;0;0;9;13;1
202400006595;155 770 188;7;0;2;1;1;1
202400006595;155 770 189;7;9;2;4;23;1
202400006596;155 770 185;7;0;2;3;9;2
202400006596;155 770 186;32;0;2;7;1;1
202400006597;155 770 184;7;0;1;1;1;0
202400006598;155 770 182;7;0;2;3;1;2
202400006598;155 770 183;30;0;2;1;1;1
202400006599;155 770 180;7;8;0;1;1;1
202400006599;155 770 181;7;0;0;7;1;1
202400006600;155 770 179;7;0;1;1;1;1
202400006601;155 770 178;7;0;1;1;1;1
202400006602;155 770 176;50;0;4;6;1;3
202400006602;155 770 177;39;0;2;7;1;3
202400006603;155 770 174;7;1;1;4;1;1
202400006604;155 770 173;7;0;1;6;15;1
202400006605;155 770 172;37;0;2;1;7;1
202400006605;155 770 175;7;0;2;8;9;1
202400006606;155 770 170;7;0;2;1;1;1
202400006606;155 770 171;50;0;2;1;15;3
202400006607;155 770 169;39;0;1;1;1;0
202400006608;155 770 168;7;6;0;1;0;1
202400006609;155 770 167;30;0;0;0;1;1
202400006610;155 770 166;7;0;1;1;12;1
202400006611;155 770 164;7;0;9;0;0;2
202400006611;155 770 165;1;0;9;0;0;5
202400006612;155 770 161;7;0;2;3;0;1
202400006612;155 770 163;2;0;2;1;1;1
202400006613;155 770 160;7;0;2;1;2;1
202400006613;155 770 162;33;0;2;4;2;1
202400006614;155 770 158;7;0;1;2;22;1
202400006615;155 770 156;7;0;0;1;0;1
202400006616;155 770 157;7;0;2;2;12;1
202400006616;155 770 159;1;0;2;3;1;5
202400006617;155 770 155;7;0;0;0;0;1
202400006618;155 770 154;7;0;1;3;1;1
202400006619;155 770 152;2;0;2;1;1;0
202400006619;155 770 153;7;0;2;2;16;0
202400006620;155 770 151;31;12;0;0;1;1
202400006621;155 770 148;3;0;0;3;1;1
202400006622;155 770 149;7;0;2;1;14;1
202400006622;155 770 150;7;0;2;4;1;1
202400006623;155 770 146;33;0;2;2;17;1
202400006623;155 770 147;7;0;2;3;1;1
202400006624;155 770 144;7;0;9;2;15;1
202400006624;155 770 145;1;0;2;1;1;5
202400006625;155 770 143;7;0;1;2;16;1
202400006626;155 770 142;7;0;1;2;1;1
202400006627;155 770 138;15;0;2;8;1;1
202400006627;155 770 140;30;0;2;7;12;1
202400006628;155 770 137;33;0;2;3;1;1
202400006628;155 770 139;7;0;2;2;0;1
202400006629;155 770 136;7;0;2;7;2;1
202400006629;155 770 141;50;0;2;1;1;3
202400006630;155 770 134;7;0;1;2;19;6
202400006631;155 770 132;7;0;2;4;20;1
202400006631;155 770 135;7;0;2;1;1;3
202400006632;155 770 131;7;0;2;1;1;1
202400006632;155 770 133;33;0;2;8;15;1
202400006633;155 770 130;7;0;1;1;1;1
202400006634;155 770 128;7;13;0;2;1;1
202400006635;155 770 126;37;0;2;2;15;1
202400006635;155 770 129;37;6;0;1;0;1
202400006636;155 770 125;2;0;2;8;13;1
202400006636;155 770 127;33;0;2;7;1;1
202400006637;155 770 121;1;0;2;1;0;5
202400006637;155 770 124;7;0;2;3;0;1
202400006638;155 770 118;7;0;2;3;15;1
202400006638;155 770 120;32;0;2;1;17;1
202400006639;155 770 117;10;0;2;1;2;1
202400006639;155 770 119;7;0;2;4;2;1
202400006639;155 770 122;10;0;2;4;2;1
202400006639;155 770 123;7;0;2;5;2;2
202400006640;155 770 116;50;0;0;0;1;3
202400006641;155 770 114;7;9;0;1;1;1
202400006642;155 770 113;7;0;2;7;14;1
202400006642;155 770 115;1;0;2;8;15;5
202400006643;155 770 110;14;0;2;3;1;1
202400006643;155 770 112;7;7;2;1;13;1
202400006644;155 770 109;21;0;2;4;2;0
202400006644;155 770 111;7;0;2;1;2;6
202400006645;155 770 107;7;0;1;1;26;1
202400006646;155 770 105;7;0;2;3;15;2
202400006646;155 770 108;32;0;2;1;0;1
202400006647;155 770 104;33;2;2;0;1;1
202400006647;155 770 106;10;0;2;2;15;1
202400006648;155 770 102;7;3;0;1;21;1
202400006648;155 770 103;7;0;1;2;1;1
202400006649;155 770 101;7;7;0;1;14;1
202400006650;155 770 100;7;0;1;1;1;1
202400006651;155 770 099;31;3;0;1;14;1
202400006652;155 770 097;10;4;0;1;2;1
202400006653;155 770 096;7;0;1;1;1;1
202400006654;155 770 095;7;0;2;6;1;1
202400006654;155 770 098;33;0;2;3;1;1
202400006655;155 770 092;0;;;;;
202400006655;155 770 094;7;0;2;6;2;1
202400006656;155 770 091;7;0;0;2;1;1
202400006657;155 770 090;7;0;2;7;1;1
202400006657;155 770 093;7;0;2;1;9;1
202400006658;155 770 089;7;0;1;3;15;1
202400006659;155 770 086;7;0;1;3;15;1
202400006660;155 770 085;7;0;2;3;13;0
202400006660;155 770 088;7;0;2;3;26;1
202400006661;155 770 084;7;16;2;6;9;1
202400006661;155 770 087;7;7;2;2;1;1
202400006662;155 770 081;7;0;0;0;1;1
202400006663;155 770 080;7;0;2;2;1;1
202400006663;155 770 083;10;0;2;1;1;1
202400006664;155 770 079;30;0;2;8;15;1
202400006664;155 770 082;7;0;2;2;15;1
202400006665;155 770 075;33;0;2;1;1;1
202400006665;155 770 078;7;0;2;3;15;0
202400006666;155 770 076;7;0;2;5;1;1
202400006666;155 770 077;50;0;2;1;19;3
202400006667;155 770 074;7;15;0;2;19;1
202400006668;155 770 070;7;0;2;3;1;1
202400006668;155 770 073;50;0;2;4;19;3
202400006669;155 770 069;21;0;2;5;1;1
202400006669;155 770 072;1;0;2;0;1;5
202400006670;155 770 067;7;0;2;1;1;1
202400006670;155 770 068;7;0;9;4;1;1
202400006670;155 770 071;33;0;2;8;15;1
202400006671;155 770 065;80;0;0;0;0;3
202400006672;155 770 064;7;0;9;1;2;2
202400006672;155 770 066;60;0;2;8;2;5
202400006673;155 770 061;7;0;0;9;14;1
202400006674;155 770 060;7;0;2;2;15;2
202400006674;155 770 063;37;0;2;3;1;1
202400006675;155 770 058;7;0;1;2;1;2
202400006676;155 770 057;80;0;1;1;1;3
202400006677;155 770 056;7;2;0;1;13;1
202400006678;155 770 054;2;0;0;0;1;1
202400006679;155 770 053;30;0;2;1;9;1
202400006679;155 770 055;10;0;2;3;1;1
202400006680;155 770 051;7;0;1;2;1;1
202400006681;155 770 048;7;0;1;8;1;1
202400006682;155 770 046;7;0;2;1;2;1
202400006682;155 770 049;7;0;2;4;1;1
202400006682;155 770 050;7;1;0;3;3;1
202400006682;155 770 052;7;0;2;2;1;1
202400006683;155 770 045;7;0;2;2;19;1
202400006683;155 770 047;33;0;2;1;1;1
202400006684;155 770 042;33;0;2;2;0;1
202400006684;155 770 044;10;0;2;6;0;1
202400006685;155 770 041;7;0;1;3;1;1
202400006685;155 770 043;7;0;1;3;1;1
202400006686;155 770 040;7;13;0;1;21;1
202400006687;155 770 036;7;0;2;5;2;1
202400006687;155 770 038;33;0;2;1;11;1
202400006688;155 770 033;7;0;2;3;1;1
202400006688;155 770 035;32;0;2;1;13;1
202400006689;155 770 032;7;0;2;4;2;1
202400006689;155 770 034;7;0;2;4;2;1
202400006689;155 770 037;7;0;2;4;2;1
202400006689;155 770 039;7;0;2;1;2;1
202400006690;155 770 031;10;0;0;9;4;1
202400006691;155 770 030;7;0;1;3;1;1
202400006692;155 770 027;30;12;2;8;5;1
202400006692;155 770 029;7;0;2;1;1;1
202400006693;155 770 026;7;0;1;2;1;1
202400006694;155 770 022;32;1;0;0;1;1
202400006695;155 770 020;7;0;2;1;1;1
202400006695;155 770 023;7;0;2;4;1;1
202400006695;155 770 025;7;0;2;4;2;1
202400006696;155 770 021;7;0;2;3;15;1
202400006696;155 770 024;33;1;2;1;11;1
202400006697;155 770 019;30;8;0;0;1;1
202400006698;155 770 016;10;0;2;3;1;1
202400006698;155 770 018;2;0;2;1;26;1
202400006699;155 770 014;39;0;1;7;19;6
202400006700;155 770 015;10;0;0;7;15;1
202400006700;155 770 017;7;0;2;1;1;1
202400006701;155 770 012;7;0;2;1;17;1
202400006701;155 770 013;7;0;0;1;1;1
202400006702;155 770 009;31;0;2;1;1;1
202400006702;155 770 011;7;0;2;3;1;1
202400006703;155 770 008;7;0;2;8;15;1
202400006703;155 770 010;30;0;2;1;21;1
202400006704;155 770 007;31;2;0;0;2;1
202400006705;155 770 004;34;13;0;2;1;1
202400006706;155 770 005;7;0;2;1;2;1
202400006706;155 770 006;7;0;0;4;2;2
202400006707;155 770 003;33;0;0;2;17;1
202400006708;155 770 001;32;0;0;3;1;3
202400006709;155 769 999;7;0;2;3;9;1
202400006709;155 770 002;33;0;2;1;13;1
202400006710;155 769 998;1;0;2;6;1;5
202400006710;155 770 000;32;0;2;2;18;1
202400006711;155 769 993;15;0;2;1;19;1
202400006711;155 769 996;7;5;0;2;1;1
202400006712;155 769 992;7;0;2;3;13;1
202400006712;155 769 995;7;0;2;8;21;1
202400006712;155 769 997;7;0;2;1;1;1
202400006713;155 769 994;50;0;1;1;1;3
202400006714;155 769 988;7;0;2;1;9;1
202400006714;155 769 990;33;0;2;8;1;1
202400006715;155 769 986;7;0;2;3;1;1
202400006715;155 769 991;30;0;2;2;1;1
202400006716;155 769 987;10;0;2;2;15;1
202400006716;155 769 989;33;0;2;1;1;1
202400006717;155 769 985;33;1;0;1;2;1
202400006718;155 769 984;33;0;0;0;0;1
202400006719;155 769 983;30;0;1;1;5;0
202400006720;155 769 981;7;0;0;7;13;1
202400006720;155 769 982;7;0;2;1;1;1
202400006721;155 769 980;33;6;0;3;13;1
202400006722;155 769 977;7;0;2;4;1;1
202400006722;155 769 978;30;0;2;1;2;1
202400006723;155 769 976;1;0;2;1;16;5
202400006723;155 769 979;7;0;2;2;1;1
202400006724;155 769 975;7;2;0;1;13;1
202400006725;155 769 971;7;0;2;2;17;1
202400006725;155 769 973;1;0;2;3;1;5
202400006726;155 769 970;3;0;2;1;1;1
202400006726;155 769 974;7;0;2;4;23;1
202400006727;155 769 969;1;0;0;4;15;5
202400006727;155 769 972;7;0;2;4;1;1
202400006728;155 769 966;30;0;2;0;18;1
202400006728;155 769 967;7;0;2;5;1;3
202400006729;155 769 963;7;16;0;9;4;1
202400006730;155 769 964;10;0;2;3;15;1
202400006730;155 769 965;7;16;2;2;17;1
202400006731;155 769 962;1;0;0;1;1;5
202400006732;155 769 959;7;0;2;3;1;1
202400006732;155 769 960;7;0;2;3;1;1
202400006733;155 769 958;80;0;2;0;21;3
202400006734;155 769 957;7;2;0;2;1;1
202400006735;155 769 955;80;0;1;1;1;3
202400006736;155 769 953;2;0;2;2;19;1
202400006736;155 769 956;7;0;2;3;1;1
202400006737;155 769 951;7;0;2;3;24;1
202400006737;155 769 952;32;1;2;1;1;1
202400006737;155 769 954;7;0;2;4;23;1
202400006738;155 769 948;33;0;2;1;1;1
202400006738;155 769 949;7;0;2;3;9;2
202400006739;155 769 945;7;8;2;3;1;1
202400006739;155 769 950;7;0;2;2;12;2
202400006740;155 769 946;7;0;0;2;15;1
202400006740;155 769 947;33;0;2;1;1;1
202400006741;155 769 943;7;0;2;8;22;1
202400006741;155 769 944;1;0;2;7;1;5
202400006742;155 769 942;32;4;0;2;1;1
202400006743;155 769 940;15;0;2;2;12;1
202400006743;155 769 941;7;0;2;8;1;1
202400006744;155 769 939;30;0;0;0;1;1
202400006745;155 769 937;50;0;0;0;1;3
202400006746;155 769 936;10;0;2;1;2;1
202400006746;155 769 938;7;0;2;4;2;3
202400006747;155 769 933;1;0;2;8;5;5
202400006747;155 769 935;7;0;2;1;16;1
202400006748;155 769 932;7;0;2;1;1;0
202400006748;155 769 934;7;0;2;4;1;0
202400006749;155 769 930;7;12;0;0;0;1
202400006750;155 769 929;7;0;2;3;1;1
202400006750;155 769 931;7;0;2;3;13;1
202400006751;155 769 928;50;0;1;1;1;3
202400006752;155 769 926;7;0;1;1;1;1
202400006753;155 769 924;1;0;2;4;1;5
202400006753;155 769 927;1;0;2;1;17;5
202400006754;155 769 925;7;6;0;0;0;1
202400006755;155 769 923;7;6;0;3;13;1
202400006756;155 769 921;7;15;0;1;0;1
202400006757;155 769 922;33;0;0;0;0;1
202400006758;155 769 917;50;0;2;5;1;3
202400006758;155 769 920;7;0;2;3;1;0
202400006759;155 769 919;7;0;0;0;0;1
202400006760;155 769 916;33;0;2;0;1;1
202400006760;155 769 918;7;0;2;0;26;0
202400006761;155 769 915;60;0;0;0;0;5
202400006762;155 769 914;10;0;1;1;1;0
202400006763;155 769 912;7;0;0;0;0;1
202400006764;155 769 911;7;0;2;6;15;2
202400006764;155 769 913;33;0;2;2;2;1
202400006765;155 769 908;7;3;0;0;0;1
202400006766;155 769 905;7;0;2;2;15;1
202400006766;155 769 907;2;0;2;1;1;1
202400006767;155 769 906;7;0;2;6;1;1
202400006767;155 769 909;7;0;2;1;1;1
202400006767;155 769 910;7;0;2;1;15;1
202400006768;155 769 903;7;0;2;0;26;1
202400006768;155 769 904;60;0;2;0;0;5
202400006769;155 769 901;7;0;1;1;1;1
202400006770;155 769 900;7;0;2;4;15;1
202400006770;155 769 902;7;0;2;1;1;1
202400006771;155 769 898;7;0;2;1;17;1
202400006771;155 769 899;7;8;2;3;15;1
202400006772;155 769 893;1;0;2;1;13;5
202400006772;155 769 896;10;0;2;2;13;1
202400006773;155 769 895;7;0;9;1;15;1
202400006773;155 769 897;1;0;2;3;1;5
202400006774;155 769 892;7;0;2;1;1;1
202400006774;155 769 894;60;0;0;0;0;5
202400006775;155 769 890;37;1;9;7;17;1
202400006776;155 769 888;10;0;0;;9;1
202400006776;155 769 891;33;11;0;1;21;1
202400006777;155 769 887;1;0;2;1;1;5
202400006777;155 769 889;7;0;2;8;9;1
202400006778;155 769 886;7;0;1;3;16;1
202400006779;155 769 883;37;0;2;8;26;0
202400006779;155 769 885;33;0;2;8;26;1
202400006780;155 769 884;31;0;0;2;26;3
202400006781;155 769 882;2;12;0;0;1;1
202400006782;155 769 880;7;0;1;3;1;2
202400006783;155 769 881;32;0;1;1;26;0
202400006784;155 769 879;7;6;0;1;1;1
202400006785;155 769 877;7;0;2;4;1;1
202400006785;155 769 878;7;0;2;1;2;1
202400006786;155 769 876;7;0;1;3;1;1
202400006787;155 769 874;10;0;2;3;19;1
202400006787;155 769 875;7;0;2;1;1;1
202400006788;155 769 872;7;0;1;2;1;1
202400006789;155 769 870;7;0;2;1;2;1
202400006789;155 769 871;7;0;2;1;2;1
202400006789;155 769 873;10;0;2;4;2;1
202400006790;155 769 867;7;0;1;2;26;1
202400006791;155 769 868;33;0;2;1;1;1
202400006791;155 769 869;7;0;0;7;15;1
202400006792;155 769 865;33;0;2;1;1;1
202400006792;155 769 866;7;0;2;2;10;1
202400006793;155 769 863;7;0;0;1;1;1
202400006794;155 769 862;33;0;2;2;1;1
202400006794;155 769 864;21;0;2;5;1;1
202400006795;155 769 859;7;0;2;3;13;1
202400006795;155 769 860;7;0;2;1;17;1
202400006796;155 769 858;10;0;2;7;1;1
202400006796;155 769 861;32;0;2;1;1;1
202400006797;155 769 857;7;13;0;1;1;1
202400006798;155 769 855;30;0;1;1;1;1
202400006799;155 769 854;10;0;2;3;1;1
202400006799;155 769 856;7;0;2;2;13;1
202400006800;155 769 852;7;0;2;3;15;1
202400006800;155 769 853;7;13;2;3;1;1
202400006801;155 769 851;37;6;0;3;1;2
202400006802;155 769 850;7;0;1;3;1;0
202400006803;155 769 848;7;0;2;1;1;1
202400006803;155 769 849;10;0;2;1;1;1
202400006804;155 769 847;7;1;0;3;20;1
202400006805;155 769 846;7;2;0;1;1;1
202400006806;155 769 844;33;0;0;0;0;1
202400006807;155 769 843;7;13;0;9;21;1
202400006808;155 769 842;31;0;2;8;21;1
202400006808;155 769 845;10;0;2;0;1;1
202400006809;155 769 839;7;2;0;2;0;1
202400006810;155 769 837;7;0;2;5;16;1
202400006810;155 769 840;1;0;2;1;1;5
202400006811;155 769 836;7;0;0;9;1;1
202400006812;155 769 834;7;0;1;4;4;1
202400006813;155 769 832;1;0;0;0;0;5
202400006814;155 769 833;7;0;2;1;1;1
202400006814;155 769 835;7;6;0;8;16;1
202400006815;155 769 830;7;0;2;3;1;1
202400006815;155 769 831;7;0;2;3;1;1
202400006816;155 769 828;7;0;2;1;15;0