Num_Acc;id_vehicule;categorie_vehicule;obstacle_fixe;obstacle_mobile;point_choc_initial;manoeuvre_principale;motorisation
202400006816;155 769 829;7;0;2;1;1;1
202400006817;155 769 827;7;6;0;1;1;3
202400006818;155 769 824;7;0;1;4;4;1
202400006819;155 769 823;33;0;2;1;1;1
202400006819;155 769 825;13;0;2;3;1;1
202400006820;155 769 826;7;4;0;1;17;1
202400006821;155 769 821;7;0;2;6;15;1
202400006821;155 769 822;30;0;2;1;2;1
202400006822;155 769 819;7;0;2;2;1;1
202400006822;155 769 820;7;0;2;1;16;1
202400006823;155 769 817;33;0;2;1;1;1
202400006823;155 769 818;10;0;2;6;1;1
202400006824;155 769 813;33;0;2;1;1;1
202400006824;155 769 815;7;0;2;3;15;1
202400006825;155 769 810;14;0;2;2;12;1
202400006825;155 769 812;7;3;2;3;1;1
202400006826;155 769 808;7;6;0;1;13;1
202400006827;155 769 809;33;1;2;1;1;0
202400006827;155 769 811;50;0;0;6;26;3
202400006827;155 769 814;7;1;0;5;23;1
202400006827;155 769 816;7;0;0;4;23;1
202400006828;155 769 805;33;13;2;8;2;1
202400006828;155 769 807;7;0;2;2;2;1
202400006829;155 769 806;7;4;0;3;0;1
202400006830;155 769 801;7;0;2;3;13;1
202400006830;155 769 803;15;0;2;2;1;1
202400006831;155 769 800;7;0;2;1;0;1
202400006831;155 769 804;7;0;2;7;1;1
202400006832;155 769 799;7;0;2;1;2;1
202400006832;155 769 802;17;0;0;4;1;1
202400006833;155 769 797;7;0;2;2;1;1
202400006833;155 769 798;33;0;2;4;1;1
202400006834;155 769 796;7;2;0;3;13;1
202400006835;155 769 794;7;0;2;1;17;1
202400006835;155 769 795;7;0;2;1;1;1
202400006836;155 769 791;7;0;2;1;2;1
202400006836;155 769 793;10;0;2;3;26;1
202400006837;155 769 790;7;0;2;3;13;0
202400006837;155 769 792;7;0;2;3;1;0
202400006838;155 769 788;14;0;2;8;1;1
202400006838;155 769 789;7;0;2;3;13;2
202400006839;155 769 786;7;16;0;9;0;1
202400006840;155 769 785;30;0;2;8;26;1
202400006840;155 769 787;7;0;2;7;26;1
202400006841;155 769 784;7;2;0;1;1;1
202400006842;155 769 781;10;0;2;6;1;1
202400006842;155 769 782;10;0;2;1;1;1
202400006843;155 769 780;34;0;0;7;1;1
202400006843;155 769 783;7;0;0;1;15;2
202400006844;155 769 778;7;6;0;1;15;1
202400006845;155 769 776;10;0;2;8;19;1
202400006845;155 769 779;33;0;2;1;1;1
202400006846;155 769 777;31;15;0;1;2;1
202400006847;155 769 774;7;0;0;4;1;1
202400006847;155 769 775;7;0;2;1;1;1
202400006848;155 769 773;7;0;1;2;16;1
202400006849;155 769 772;7;8;0;3;1;0
202400006850;155 769 771;7;0;1;2;1;1
202400006851;155 769 770;7;2;0;2;1;1
202400006852;155 769 769;7;12;0;0;1;1
202400006853;155 769 767;10;0;9;2;2;1
202400006853;155 769 768;1;0;0;4;2;5
202400006854;155 769 765;7;0;2;6;4;1
202400006854;155 769 766;7;0;2;3;1;1
202400006855;155 769 764;7;0;1;1;1;1
202400006856;155 769 761;33;0;0;0;0;1
202400006856;155 769 763;7;0;2;0;0;0
202400006857;155 769 760;7;0;2;8;15;1
202400006857;155 769 762;7;0;2;1;1;1
202400006858;155 769 759;33;0;0;2;1;1
202400006859;155 769 758;7;13;0;3;1;2
202400006860;155 769 757;7;4;0;9;1;1
202400006861;155 769 755;7;0;2;3;1;1
202400006861;155 769 756;15;0;2;3;1;1
202400006862;155 769 754;2;0;1;1;2;1
202400006863;155 769 752;2;0;0;9;1;1
202400006864;155 769 753;7;0;1;8;23;2
202400006865;155 769 751;2;0;0;7;1;1
202400006866;155 769 750;7;2;0;2;1;1
202400006867;155 769 746;7;0;2;9;17;1
202400006867;155 769 748;7;0;2;3;1;1
202400006867;155 769 749;17;0;2;9;1;1
202400006868;155 769 745;7;0;2;8;19;1
202400006868;155 769 747;7;0;2;1;1;1
202400006869;155 769 744;7;0;1;2;1;1
202400006870;155 769 743;7;15;0;0;1;1
202400006871;155 769 740;7;0;2;1;15;1
202400006871;155 769 741;2;0;2;1;1;1
202400006872;155 769 738;7;0;2;1;1;1
202400006872;155 769 739;7;0;2;4;1;1
202400006872;155 769 742;7;0;2;4;15;1
202400006873;155 769 737;7;2;0;1;13;1
202400006874;155 769 736;7;5;0;7;2;1
202400006875;155 769 734;7;8;2;3;13;1
202400006875;155 769 735;7;0;2;3;1;1
202400006876;155 769 733;7;2;0;1;21;1
202400006877;155 769 730;7;0;2;3;15;3
202400006877;155 769 731;50;0;2;1;26;3
202400006878;155 769 732;7;15;0;2;1;1
202400006879;155 769 729;7;2;0;3;1;1
202400006880;155 769 728;7;0;1;1;1;1
202400006881;155 769 725;2;0;2;0;1;1
202400006881;155 769 727;7;0;2;3;9;1
202400006882;155 769 722;7;0;2;2;15;1
202400006882;155 769 723;32;0;2;1;1;1
202400006883;155 769 721;7;2;0;0;14;1
202400006884;155 769 718;7;0;2;2;16;1
202400006884;155 769 720;2;0;2;0;26;1
202400006885;155 769 719;7;0;1;2;1;1
202400006886;155 769 717;7;0;1;3;1;1
202400006887;155 769 715;7;0;2;3;13;1
202400006887;155 769 716;15;0;2;3;1;1
202400006888;155 769 713;7;0;2;2;1;1
202400006888;155 769 714;33;0;2;4;19;1
202400006889;155 769 712;10;0;1;0;1;1
202400006890;155 769 711;30;0;1;2;17;1
202400006891;155 769 710;7;6;0;3;1;1
202400006892;155 769 709;7;0;0;0;0;
202400006893;155 769 707;33;0;2;1;1;1
202400006893;155 769 708;7;0;2;6;15;1
202400006894;155 769 705;7;0;2;2;13;3
202400006894;155 769 706;10;0;2;2;1;1
202400006895;155 769 703;33;0;2;8;1;1
202400006895;155 769 704;7;0;2;1;15;1
202400006896;155 769 701;7;0;2;8;19;2
202400006896;155 769 702;10;0;2;1;26;1
202400006897;155 769 699;31;0;2;1;26;1
202400006897;155 769 700;7;0;2;8;1;1
202400006898;155 769 698;7;2;0;5;4;1
202400006899;155 769 697;36;12;0;0;1;1
202400006900;155 769 695;7;0;2;1;5;1
202400006900;155 769 696;7;0;2;1;1;1
202400006901;155 769 693;7;10;0;1;1;1
202400006902;155 769 692;7;0;2;1;17;2
202400006902;155 769 694;10;0;2;1;1;1
202400006903;155 769 691;10;1;1;1;1;1
202400006904;155 769 690;7;13;0;3;1;1
202400006905;155 769 689;33;16;0;9;17;1
202400006906;155 769 687;7;0;2;4;0;1
202400006906;155 769 688;10;0;2;1;2;1
202400006907;155 769 686;34;13;0;1;18;1
202400006908;155 769 684;7;0;2;2;15;3
202400006908;155 769 685;2;0;2;3;21;1
202400006909;155 769 683;7;0;1;1;1;1
202400006910;155 769 680;33;0;2;1;1;1
202400006910;155 769 682;7;0;2;3;15;1
202400006911;155 769 679;7;0;2;1;1;1
202400006911;155 769 681;7;0;2;3;19;1
202400006912;155 769 677;7;0;2;3;15;1
202400006912;155 769 678;33;0;2;1;1;1
202400006913;155 769 675;7;0;0;6;23;1
202400006913;155 769 676;2;0;0;1;17;1
202400006914;155 769 672;7;0;2;3;9;1
202400006914;155 769 674;33;0;2;4;14;1
202400006915;155 769 671;7;1;0;1;1;3
202400006915;155 769 673;15;0;0;4;24;1
202400006916;155 769 670;33;0;0;9;2;1
202400006917;155 769 669;7;0;1;3;0;1
202400006918;155 769 668;7;0;0;9;1;1
202400006919;155 769 665;2;0;2;3;17;1
202400006919;155 769 666;7;0;2;8;1;1
202400006919;155 769 667;13;0;0;8;1;1
202400006920;155 769 663;7;3;2;2;2;1
202400006920;155 769 664;7;6;0;6;2;1
202400006921;155 769 660;7;0;2;0;15;1
202400006921;155 769 662;33;0;2;1;1;1
202400006922;155 769 659;7;9;2;5;26;1
202400006922;155 769 661;7;0;2;3;1;1
202400006923;155 769 656;7;0;2;8;13;1
202400006923;155 769 658;33;0;2;7;1;1
202400006924;155 769 655;7;0;2;3;9;1
202400006924;155 769 657;30;0;2;1;1;1
202400006925;155 769 651;1;0;2;1;1;5
202400006925;155 769 653;7;0;9;5;24;2
202400006926;155 769 649;34;16;0;2;16;3
202400006927;155 769 648;7;0;2;1;14;1
202400006927;155 769 650;7;0;2;6;23;1
202400006927;155 769 652;7;0;2;9;23;1
202400006927;155 769 654;7;0;2;6;23;3
202400006928;155 769 645;7;0;2;1;2;1
202400006928;155 769 647;7;0;2;4;2;1
202400006929;155 769 644;7;0;2;3;15;3
202400006929;155 769 646;7;0;2;3;1;2
202400006930;155 769 642;7;0;1;0;1;1
202400006930;155 769 643;7;0;2;0;1;1
202400006931;155 769 641;7;0;1;1;1;1
202400006932;155 769 638;7;0;2;4;23;0
202400006932;155 769 640;7;1;0;1;14;0
202400006933;155 769 637;10;0;2;5;1;0
202400006933;155 769 639;33;0;2;1;1;0
202400006934;155 769 633;7;0;2;3;1;1
202400006934;155 769 635;38;0;2;3;1;1
202400006935;155 769 632;7;0;2;2;1;1
202400006935;155 769 634;7;0;2;8;1;2
202400006935;155 769 636;7;0;2;4;1;1
202400006936;155 769 628;32;0;2;5;3;1
202400006936;155 769 630;7;0;2;8;11;1
202400006937;155 769 629;7;0;2;8;19;1
202400006937;155 769 631;7;0;2;3;1;1
202400006938;155 769 627;7;4;0;4;1;1
202400006939;155 769 624;7;0;2;3;9;1
202400006939;155 769 626;33;0;2;1;1;1
202400006940;155 769 622;7;0;2;7;2;1
202400006940;155 769 625;2;0;2;1;2;1
202400006941;155 769 620;33;11;0;1;0;1
202400006942;155 769 619;7;0;2;1;1;1
202400006942;155 769 621;7;0;2;4;1;1
202400006942;155 769 623;7;0;2;4;1;1
202400006943;155 769 617;33;0;2;1;1;1
202400006943;155 769 618;7;0;2;3;15;1
202400006944;155 769 615;7;0;1;2;1;1
202400006945;155 769 613;33;0;2;1;3;1
202400006945;155 769 614;10;0;2;4;1;1
202400006945;155 769 616;10;0;2;6;1;1
202400006946;155 769 611;7;0;9;1;1;1
202400006946;155 769 612;99;0;2;8;19;3
202400006947;155 769 610;7;4;0;1;1;1
202400006948;155 769 605;7;0;2;1;13;1
202400006948;155 769 606;7;0;2;1;1;1
202400006949;155 769 604;7;0;2;1;1;1
202400006949;155 769 608;7;0;2;8;15;1
202400006950;155 769 601;7;0;2;4;1;1
202400006950;155 769 602;7;0;2;4;1;1
202400006950;155 769 603;7;0;2;1;12;1
202400006950;155 769 607;7;0;2;4;1;1
202400006950;155 769 609;7;0;2;4;2;1
202400006951;155 769 598;10;0;2;8;23;1
202400006951;155 769 600;60;0;2;0;0;5
202400006952;155 769 599;7;0;1;3;15;1
202400006953;155 769 595;33;0;2;3;3;1
202400006953;155 769 597;10;0;2;7;12;0
202400006954;155 769 593;33;0;2;8;9;1
202400006954;155 769 596;7;0;2;2;9;1
202400006955;155 769 592;2;0;2;4;1;1
202400006955;155 769 594;7;0;2;1;17;
202400006956;155 769 591;10;0;1;1;18;1
202400006957;155 769 589;50;0;0;0;1;3
202400006958;155 769 588;50;0;2;3;25;3
202400006958;155 769 590;7;2;0;2;26;1
202400006959;155 769 587;7;10;0;1;1;1
202400006960;155 769 584;7;0;2;1;5;1
202400006960;155 769 585;7;0;2;1;1;1
202400006961;155 769 580;7;0;2;6;1;1
202400006961;155 769 582;10;0;2;1;1;1
202400006962;155 769 577;17;0;2;7;12;1
202400006962;155 769 579;7;0;2;8;1;1
202400006962;155 769 581;33;0;2;2;1;1
202400006963;155 769 576;7;0;2;1;13;1
202400006963;155 769 578;7;0;2;1;0;1
202400006964;155 769 575;50;0;1;1;1;3
202400006965;155 769 573;37;0;2;0;0;4
202400006965;155 769 574;1;0;2;3;1;5
202400006966;155 769 570;7;0;9;7;17;1
202400006966;155 769 572;1;0;2;4;15;5
202400006967;155 769 568;1;0;2;7;16;5
202400006967;155 769 571;7;0;2;1;9;1
202400006968;155 769 567;7;0;1;1;1;1
202400006969;155 769 566;30;0;2;3;1;1
202400006969;155 769 569;7;0;2;3;15;1
202400006970;155 769 562;7;0;2;0;15;1
202400006970;155 769 564;33;0;2;1;1;1
202400006971;155 769 560;7;0;2;0;0;1
202400006971;155 769 561;7;0;2;0;0;1
202400006971;155 769 563;33;0;2;0;17;1
202400006972;155 769 565;7;0;1;0;0;0
202400006973;155 769 559;7;1;0;0;0;1
202400006974;155 769 558;7;0;1;1;9;1
202400006975;155 769 556;37;0;1;2;1;1
202400006976;155 769 555;7;0;2;8;15;1
202400006976;155 769 557;31;0;2;1;17;1
202400006977;155 769 553;33;15;0;8;13;1
202400006978;155 769 552;10;0;2;1;1;1
202400006978;155 769 554;33;0;2;9;1;0
202400006979;155 769 549;10;0;9;5;15;1
202400006979;155 769 551;50;0;2;1;0;3
202400006980;155 769 546;7;0;2;3;0;1
202400006980;155 769 548;7;0;2;3;0;1
202400006981;155 769 545;7;0;2;6;17;1
202400006981;155 769 547;7;0;2;1;1;1
202400006981;155 769 550;7;0;2;6;1;1
202400006982;155 769 541;32;0;0;0;0;1
202400006983;155 769 540;7;15;0;2;1;1
202400006983;155 769 543;7;0;9;1;1;1
202400006983;155 769 544;7;0;9;1;1;1
202400006984;155 769 539;32;0;2;3;21;1
202400006984;155 769 542;10;0;2;7;9;1
202400006985;155 769 535;7;6;2;1;1;1
202400006985;155 769 537;7;6;2;1;1;1
202400006986;155 769 534;33;0;2;1;19;1
202400006986;155 769 538;32;0;2;1;19;1
202400006987;155 769 533;7;14;2;1;1;1
202400006987;155 769 536;10;15;0;8;9;1
202400006988;155 769 530;10;0;2;4;1;1
202400006988;155 769 531;7;0;2;1;2;1
202400006989;155 769 529;1;9;2;4;1;5
202400006989;155 769 532;7;0;2;1;1;0
202400006990;155 769 527;10;0;1;3;1;1
202400006991;155 769 525;7;0;2;4;2;1
202400006991;155 769 526;7;0;0;4;2;1
202400006991;155 769 528;7;0;2;1;2;1
202400006992;155 769 523;1;0;2;1;1;5
202400006992;155 769 524;7;0;2;4;1;1
202400006993;155 769 520;7;0;1;7;1;1
202400006994;155 769 521;33;0;2;1;17;1
202400006994;155 769 522;7;0;0;8;15;3
202400006995;155 769 517;7;0;2;3;17;1
202400006995;155 769 519;1;0;2;1;1;5
202400006996;155 769 516;30;0;2;7;17;1
202400006996;155 769 518;7;0;2;3;15;1
202400006997;155 769 513;10;0;2;5;16;1
202400006997;155 769 515;50;0;2;8;1;3
202400006998;155 769 510;7;0;2;8;15;1
202400006998;155 769 512;33;0;2;2;17;1
202400006999;155 769 511;7;0;2;7;1;1
202400006999;155 769 514;7;0;2;8;19;1
202400007000;155 769 509;10;0;1;1;1;1
202400007001;155 769 507;7;3;0;1;1;1
202400007002;155 769 508;33;13;0;1;1;1
202400007003;155 769 505;7;0;2;7;2;1
202400007003;155 769 506;50;0;2;8;2;3
202400007004;155 769 503;10;0;2;5;15;1
202400007004;155 769 504;7;0;2;2;1;1
202400007005;155 769 501;2;0;2;0;;
202400007005;155 769 502;60;0;2;0;26;5
202400007006;155 769 498;7;1;0;1;19;1
202400007007;155 769 497;7;0;2;9;1;1
202400007007;155 769 499;7;0;2;6;2;1
202400007007;155 769 500;7;0;2;3;1;1
202400007008;155 769 496;7;0;1;2;2;2
202400007009;155 769 494;50;0;2;3;0;3
202400007009;155 769 495;14;0;2;0;0;1
202400007010;155 769 492;7;0;2;0;0;0
202400007010;155 769 493;1;0;2;0;0;5
202400007011;155 769 490;7;0;2;1;1;1
202400007011;155 769 491;1;0;2;1;13;5
202400007012;155 769 488;7;0;2;2;1;1
202400007012;155 769 489;7;0;2;2;1;1
202400007013;155 769 484;7;0;2;2;2;1
202400007013;155 769 485;10;0;2;4;2;1
202400007013;155 769 486;7;0;2;4;2;3
202400007013;155 769 487;10;0;2;0;2;1
202400007014;155 769 482;7;0;2;1;1;1
202400007014;155 769 483;33;0;2;4;1;1
202400007015;155 769 480;7;0;2;1;1;1
202400007015;155 769 481;7;0;2;6;1;1
202400007016;155 769 478;10;0;9;4;26;1
202400007016;155 769 479;50;0;0;1;1;3
202400007017;155 769 477;7;0;1;1;26;2
202400007018;155 769 475;0;0;2;0;0;0
202400007018;155 769 476;30;0;2;7;17;1
202400007019;155 769 473;7;0;2;4;4;1
202400007019;155 769 474;1;0;2;1;1;5
202400007020;155 769 471;7;0;2;3;13;1
202400007020;155 769 472;33;0;2;1;1;1
202400007021;155 769 469;33;0;2;1;0;1
202400007021;155 769 470;7;0;2;3;0;1
202400007022;155 769 467;7;0;9;2;26;2
202400007022;155 769 468;50;0;0;0;0;3
202400007023;155 769 465;1;0;2;1;1;5
202400007023;155 769 466;7;0;2;3;1;1
202400007024;155 769 462;1;0;2;0;1;5
202400007024;155 769 463;33;0;2;0;1;1
202400007025;155 769 460;7;0;2;3;15;1
202400007025;155 769 461;33;0;2;1;1;1
202400007026;155 769 459;10;0;1;4;4;1
202400007027;155 769 457;30;0;2;1;18;1
202400007027;155 769 458;7;0;2;3;15;1
202400007028;155 769 455;7;0;2;1;2;1
202400007028;155 769 456;7;0;0;4;2;1
202400007029;155 769 453;7;0;2;1;26;1
202400007029;155 769 454;1;0;2;2;1;5
202400007030;155 769 451;33;0;2;1;1;1
202400007030;155 769 452;7;0;2;4;1;1
202400007031;155 769 449;31;0;2;1;1;1
202400007031;155 769 450;7;0;2;3;1;1
202400007032;155 769 445;7;0;2;1;7;1
202400007032;155 769 446;2;0;2;7;7;1
202400007033;155 769 443;10;0;2;1;1;1
202400007033;155 769 444;7;0;2;3;15;1
202400007034;155 769 441;33;0;2;8;9;1
202400007034;155 769 442;7;0;2;2;26;3
202400007035;155 769 439;7;0;2;4;2;0
202400007035;155 769 440;31;0;2;1;1;1
202400007036;155 769 436;10;0;2;4;2;1
202400007036;155 769 437;7;0;2;4;1;1
202400007036;155 769 438;7;0;2;0;2;1
202400007037;155 769 434;7;0;2;4;1;1
202400007037;155 769 435;7;0;2;1;2;1
202400007038;155 769 432;7;0;2;1;2;1
202400007038;155 769 433;15;0;2;4;2;1
202400007039;155 769 430;33;0;2;8;21;1
202400007039;155 769 431;7;0;2;6;1;2
202400007040;155 769 428;14;0;2;1;16;1
202400007040;155 769 429;1;0;2;8;1;5
202400007041;155 769 427;33;1;1;1;1;1
202400007042;155 769 425;7;0;2;1;1;2
202400007042;155 769 426;14;0;2;2;1;3
202400007043;155 769 423;33;0;2;4;11;1
202400007043;155 769 424;1;0;2;1;2;5
202400007044;155 769 421;1;0;2;3;13;5
202400007044;155 769 422;10;0;2;2;1;1
202400007045;155 769 419;33;0;0;7;3;1
202400007045;155 769 420;7;0;2;8;13;1
202400007046;155 769 418;7;0;1;7;16;1
202400007047;155 769 416;50;0;2;1;1;3
202400007047;155 769 417;31;0;2;1;5;1
202400007048;155 769 413;33;0;2;3;18;1
202400007048;155 769 414;10;0;2;5;1;1
202400007048;155 769 415;7;0;2;7;1;1
202400007049;155 769 411;33;0;2;1;1;1
202400007049;155 769 412;31;0;2;8;1;1
202400007050;155 769 410;50;0;1;1;1;3
202400007051;155 769 408;50;0;2;1;1;3
202400007051;155 769 409;1;0;2;4;15;5
202400007052;155 769 406;50;0;2;1;2;3
202400007052;155 769 407;30;0;2;5;2;3
202400007053;155 769 404;34;0;2;7;10;1
202400007053;155 769 405;33;0;2;1;1;1
202400007054;155 769 402;2;0;2;1;0;0
202400007054;155 769 403;7;0;2;2;5;1
202400007055;155 769 400;1;0;2;4;1;5
202400007055;155 769 401;1;0;2;1;2;5
202400007056;155 769 398;7;0;2;1;1;1
202400007056;155 769 399;7;0;2;1;1;1
202400007057;155 769 396;7;0;2;4;0;1
202400007057;155 769 397;7;0;2;1;1;1
202400007058;155 769 394;7;1;0;1;16;1
202400007058;155 769 395;7;1;0;8;24;1
202400007059;155 769 392;7;0;2;3;22;0
202400007059;155 769 393;80;1;0;3;22;3
202400007060;155 769 390;33;1;2;1;3;1
202400007060;155 769 391;7;0;2;3;15;1
202400007061;155 769 388;33;0;2;3;0;1
202400007061;155 769 389;7;0;2;2;15;1
202400007062;155 769 386;10;0;2;3;15;1
202400007062;155 769 387;32;0;2;1;3;1
202400007063;155 769 383;33;0;2;3;1;0
202400007063;155 769 384;7;0;2;3;15;1
202400007064;155 769 382;7;0;9;1;1;0
202400007064;155 769 385;50;0;2;7;1;3
202400007065;155 769 381;7;0;2;1;1;1
202400007066;155 769 380;32;9;1;8;2;1
202400007067;155 769 378;7;0;2;3;15;1
202400007067;155 769 379;33;0;2;1;0;1
202400007068;155 769 376;7;0;9;1;20;1
202400007068;155 769 377;1;0;2;1;5;5
202400007069;155 769 374;30;0;2;8;0;1
202400007069;155 769 375;7;0;2;1;9;1
202400007070;155 769 372;7;3;0;3;1;1
202400007071;155 769 373;33;0;0;9;2;1
202400007072;155 769 369;7;0;2;2;1;1
202400007072;155 769 370;33;0;2;3;17;3
202400007072;155 769 371;7;0;2;0;0;2
202400007073;155 769 366;7;0;0;8;15;1
202400007073;155 769 367;33;0;2;1;1;1
202400007074;155 769 365;10;0;2;2;16;1
202400007074;155 769 368;1;0;2;8;1;5
202400007075;155 769 363;37;0;2;3;1;1
202400007075;155 769 364;7;0;2;2;15;2
202400007076;155 769 362;7;1;0;2;1;1
202400007077;155 769 360;14;0;2;1;2;6
202400007077;155 769 361;7;0;2;4;1;3
202400007078;155 769 359;7;1;0;1;21;2
202400007079;155 769 357;7;0;2;1;19;1
202400007079;155 769 358;7;0;2;1;1;1
202400007080;155 769 355;34;0;0;0;2;1
202400007081;155 769 354;7;0;2;3;1;1
202400007081;155 769 356;2;0;2;1;2;1
202400007082;155 769 353;7;0;1;7;1;1
202400007083;155 769 351;34;0;2;3;1;1
202400007083;155 769 352;7;0;2;3;1;1
202400007084;155 769 347;33;0;2;3;0;1
202400007084;155 769 349;10;0;2;3;0;1
202400007085;155 769 348;10;0;2;3;2;1
202400007085;155 769 350;37;0;2;2;2;3
202400007086;155 769 345;14;0;2;6;15;1
202400007086;155 769 346;33;0;2;1;17;1
202400007087;155 769 343;33;0;9;8;1;1
202400007087;155 769 344;1;0;2;1;16;5
202400007088;155 769 341;7;0;2;1;1;1
202400007088;155 769 342;2;0;0;8;1;1
202400007089;155 769 339;7;13;0;0;1;1
202400007090;155 769 338;7;0;2;1;0;0
202400007090;155 769 340;60;0;0;0;5;5
202400007091;155 769 336;30;0;2;3;1;1
202400007091;155 769 337;7;0;2;3;11;1
202400007092;155 769 335;7;0;1;0;1;2
202400007093;155 769 333;7;0;2;8;15;1
202400007093;155 769 334;7;0;2;1;1;1
202400007094;155 769 331;37;0;0;0;1;2
202400007095;155 769 329;10;0;2;2;19;1
202400007095;155 769 330;33;0;2;8;17;1
202400007095;155 769 332;7;0;9;4;2;1
202400007096;155 769 327;7;0;1;1;1;1
202400007097;155 769 328;60;0;0;0;0;5
202400007098;155 769 326;33;16;0;0;1;1
202400007099;155 769 323;7;0;2;3;13;1
202400007099;155 769 324;10;0;2;3;21;1
202400007100;155 769 322;7;0;2;1;2;1
202400007100;155 769 325;7;0;2;4;2;1
202400007101;155 769 320;7;15;0;1;14;1
202400007102;155 769 321;33;0;0;7;2;1
202400007103;155 769 319;7;0;2;2;17;1
202400007104;155 769 315;7;0;2;3;13;1
202400007104;155 769 317;33;0;2;3;1;1
202400007105;155 769 316;30;0;2;4;2;1
202400007105;155 769 318;7;0;2;2;2;1
202400007106;155 769 312;33;0;2;1;1;1
202400007106;155 769 313;7;0;0;3;19;1
202400007107;155 769 310;7;2;0;1;15;1
202400007108;155 769 309;10;2;0;1;1;1
202400007109;155 769 308;2;0;1;1;1;1
202400007110;155 769 305;14;0;2;1;1;1
202400007110;155 769 307;33;0;2;0;0;1
202400007111;155 769 302;33;0;0;0;1;1
202400007112;155 769 301;21;0;2;3;1;0
202400007112;155 769 303;33;0;2;1;0;1
202400007113;155 769 299;1;0;0;0;1;5
202400007114;155 769 298;1;0;0;6;1;5
202400007114;155 769 300;2;0;0;1;1;0
202400007115;155 769 296;7;0;2;3;13;1
202400007115;155 769 297;7;0;2;3;1;1
202400007116;155 769 294;7;3;0;1;14;1
202400007117;155 769 291;33;0;2;1;1;1
202400007117;155 769 292;33;0;2;3;1;1
202400007117;155 769 293;33;0;2;3;1;1
202400007117;155 769 295;7;0;2;8;1;1
202400007118;155 769 288;34;1;2;1;26;0
202400007118;155 769 289;7;0;2;3;1;1
202400007119;155 769 285;7;0;0;1;21;1
202400007120;155 769 286;7;0;2;1;1;1
202400007120;155 769 287;7;0;2;6;1;1
202400007120;155 769 290;10;0;2;1;17;1
202400007121;155 769 282;1;0;2;8;11;5
202400007121;155 769 284;7;0;2;7;17;1
202400007122;155 769 283;7;8;0;1;1;1
202400007123;155 769 281;1;0;0;0;2;5
202400007124;155 769 280;7;13;0;3;13;1
202400007125;155 769 277;7;0;2;1;13;1
202400007125;155 769 279;7;0;2;1;13;1
202400007126;155 769 276;7;0;2;1;1;1
202400007126;155 769 278;7;0;2;1;15;1
202400007127;155 769 272;7;0;2;4;15;1
202400007127;155 769 274;7;3;2;4;1;1
202400007127;155 769 275;7;13;2;3;1;1
202400007128;155 769 271;7;0;2;3;19;1
202400007128;155 769 273;33;0;2;7;1;1
202400007129;155 769 270;33;4;0;7;26;1
202400007130;155 769 268;7;13;0;3;13;1
202400007131;155 769 264;50;0;9;1;13;3
202400007131;155 769 266;2;0;2;1;25;1
202400007132;155 769 263;14;0;2;1;1;1
202400007132;155 769 265;7;0;2;4;23;1
202400007132;155 769 267;7;0;0;4;23;1
202400007132;155 769 269;10;0;0;1;23;1
202400007133;155 769 262;7;13;0;1;1;1
202400007134;155 769 261;7;9;0;1;1;1
202400007135;155 769 259;7;0;9;8;22;1
202400007135;155 769 260;1;0;9;1;22;5
202400007136;155 769 258;10;0;1;2;0;1
202400007137;155 769 257;33;7;0;1;1;1
202400007138;155 769 254;33;0;2;2;17;1
202400007138;155 769 256;7;0;2;6;1;1
202400007139;155 769 255;33;7;0;1;1;1
202400007140;155 769 253;33;0;0;0;0;1
202400007141;155 769 252;2;0;0;0;1;1
202400007142;155 769 249;21;0;1;2;1;1
202400007143;155 769 247;17;0;2;3;1;0
202400007143;155 769 248;7;0;2;1;1;1
202400007143;155 769 250;7;12;2;3;1;1
202400007143;155 769 251;7;0;2;3;1;1
202400007144;155 769 246;7;6;0;1;15;1
202400007145;155 769 245;7;3;0;3;1;1
202400007146;155 769 241;7;0;2;3;1;1
202400007146;155 769 243;10;0;2;3;1;1
202400007147;155 769 242;7;0;2;0;19;1
202400007147;155 769 244;33;0;2;1;1;1
202400007148;155 769 238;7;0;2;3;15;2
202400007148;155 769 240;31;0;2;2;21;1
202400007149;155 769 237;7;0;2;3;13;1
202400007149;155 769 239;15;0;2;3;1;1
202400007150;155 769 236;32;12;0;0;1;1
202400007151;155 769 235;2;0;0;0;26;1
202400007152;155 769 233;7;0;2;3;15;1
202400007152;155 769 234;2;0;2;1;0;1
202400007153;155 769 231;36;8;0;2;14;1
202400007154;155 769 230;31;0;2;1;1;1
202400007154;155 769 232;7;0;2;4;16;1
202400007155;155 769 228;33;0;2;1;1;1
202400007155;155 769 229;7;0;2;2;1;2
202400007156;155 769 227;10;13;0;7;1;1
202400007157;155 769 226;7;2;0;1;14;1
202400007158;155 769 223;7;0;2;4;2;1
202400007158;155 769 225;7;0;2;1;2;1
202400007159;155 769 222;33;0;2;8;9;1
202400007159;155 769 224;33;0;2;7;1;1
202400007160;155 769 219;7;0;2;3;13;1
202400007160;155 769 221;3;0;2;3;1;1
202400007161;155 769 218;10;0;2;3;9;1
202400007161;155 769 220;33;0;2;7;1;1