Num_Acc;id_vehicule;categorie_vehicule;obstacle_fixe;obstacle_mobile;point_choc_initial;manoeuvre_principale;motorisation
202400007162;155 769 215;33;0;2;4;2;1
202400007162;155 769 217;43;0;2;1;2;1
202400007163;155 769 213;7;0;2;3;13;1
202400007163;155 769 214;7;0;2;3;1;1
202400007163;155 769 216;7;0;2;2;1;1
202400007164;155 769 211;7;0;2;6;11;1
202400007164;155 769 212;33;0;2;2;3;1
202400007165;155 769 210;31;0;0;0;0;0
202400007166;155 769 205;7;0;9;1;1;1
202400007166;155 769 207;50;0;2;1;9;3
202400007167;155 769 204;7;0;2;4;1;1
202400007167;155 769 206;7;0;2;4;1;1
202400007167;155 769 208;7;0;2;4;1;1
202400007167;155 769 209;10;0;2;1;1;1
202400007168;155 769 202;7;0;2;8;18;1
202400007168;155 769 203;1;0;2;0;2;5
202400007169;155 769 201;7;4;0;3;1;1
202400007170;155 769 199;21;0;0;6;1;1
202400007170;155 769 200;7;15;2;1;2;1
202400007171;155 769 198;7;3;0;2;6;1
202400007172;155 769 196;33;0;0;8;1;1
202400007173;155 769 193;33;0;2;1;3;1
202400007173;155 769 194;7;0;2;7;1;1
202400007173;155 769 195;33;0;2;9;23;1
202400007173;155 769 197;7;0;2;7;1;1
202400007174;155 769 191;2;0;2;1;1;1
202400007174;155 769 192;7;0;2;1;1;1
202400007175;155 769 189;7;0;2;1;1;1
202400007175;155 769 190;7;0;2;4;23;3
202400007176;155 769 188;3;2;0;9;13;1
202400007177;155 769 186;7;0;2;1;1;1
202400007177;155 769 187;7;0;2;4;1;1
202400007178;155 769 184;10;0;2;1;1;1
202400007178;155 769 185;7;0;2;1;13;1
202400007179;155 769 181;33;4;2;1;3;1
202400007179;155 769 183;7;4;2;5;14;3
202400007180;155 769 180;7;0;2;1;1;1
202400007180;155 769 182;1;0;2;1;13;5
202400007181;155 769 177;7;0;2;4;1;1
202400007181;155 769 178;7;0;2;7;1;1
202400007181;155 769 179;33;0;2;8;1;1
202400007182;155 769 176;7;2;0;1;0;1
202400007183;155 769 174;7;0;2;1;2;1
202400007183;155 769 175;7;0;2;4;2;2
202400007184;155 769 171;80;0;2;0;6;3
202400007184;155 769 173;7;0;2;2;1;1
202400007185;155 769 170;10;0;2;1;2;1
202400007185;155 769 172;7;0;2;4;2;2
202400007186;155 769 166;7;0;2;7;17;1
202400007186;155 769 168;32;0;2;8;2;1
202400007187;155 769 162;7;0;2;6;1;1
202400007187;155 769 164;7;0;2;2;14;1
202400007187;155 769 165;7;0;2;2;1;1
202400007187;155 769 167;7;0;2;8;1;1
202400007187;155 769 169;7;0;2;2;1;1
202400007188;155 769 161;7;0;2;1;5;1
202400007188;155 769 163;7;0;2;8;1;1
202400007189;155 769 158;7;0;2;8;11;1
202400007189;155 769 160;33;0;2;2;0;1
202400007190;155 769 157;21;0;2;6;15;1
202400007190;155 769 159;33;0;2;1;17;1
202400007191;155 769 155;7;0;2;3;11;1
202400007191;155 769 156;33;0;2;7;3;1
202400007192;155 769 152;33;0;2;1;0;1
202400007192;155 769 154;7;0;2;5;12;2
202400007193;155 769 151;2;0;2;1;5;1
202400007193;155 769 153;7;0;2;1;5;1
202400007194;155 769 150;1;14;0;0;0;5
202400007195;155 769 147;7;0;1;1;1;1
202400007196;155 769 146;10;0;2;3;17;1
202400007196;155 769 148;2;0;2;1;1;1
202400007196;155 769 149;7;0;0;8;1;2
202400007197;155 769 143;7;0;2;8;21;1
202400007197;155 769 145;7;0;2;7;1;1
202400007198;155 769 142;7;0;2;3;5;1
202400007198;155 769 144;7;0;2;3;1;1
202400007199;155 769 140;7;13;0;1;1;1
202400007200;155 769 139;7;0;2;7;15;1
202400007200;155 769 141;1;0;2;0;1;5
202400007201;155 769 137;7;0;2;8;22;1
202400007201;155 769 138;1;1;0;0;1;5
202400007202;155 769 135;7;1;0;0;0;1
202400007203;155 769 133;7;0;2;2;26;1
202400007203;155 769 134;17;0;0;5;19;1
202400007203;155 769 136;99;0;2;1;1;1
202400007204;155 769 132;7;2;0;0;0;1
202400007205;155 769 130;7;0;1;0;0;1
202400007206;155 769 129;7;0;0;4;23;2
202400007206;155 769 131;7;0;2;1;1;1
202400007207;155 769 127;31;0;2;0;0;1
202400007207;155 769 128;7;0;2;1;0;1
202400007208;155 769 124;7;0;2;3;1;1
202400007208;155 769 126;7;0;2;3;5;1
202400007209;155 769 123;7;0;2;7;1;1
202400007209;155 769 125;60;0;2;8;13;5
202400007210;155 769 122;7;8;0;1;13;1
202400007211;155 769 120;7;0;2;1;2;1
202400007211;155 769 121;7;0;1;4;23;1
202400007212;155 769 119;7;8;0;0;0;1
202400007213;155 769 117;10;13;0;1;1;1
202400007214;155 769 116;7;0;2;5;15;1
202400007214;155 769 118;1;0;2;1;1;5
202400007215;155 769 115;7;0;0;0;2;1
202400007216;155 769 113;30;5;0;1;9;1
202400007216;155 769 114;13;0;2;4;0;1
202400007217;155 769 110;50;0;0;0;1;3
202400007218;155 769 108;10;0;2;0;0;1
202400007218;155 769 109;30;0;2;4;26;1
202400007219;155 769 107;2;0;0;7;1;1
202400007220;155 769 105;7;0;2;1;1;1
202400007220;155 769 106;7;0;2;4;23;2
202400007221;155 769 104;43;15;0;1;14;1
202400007222;155 769 103;31;0;1;1;3;3
202400007223;155 769 102;7;13;0;1;1;1
202400007224;155 769 101;30;0;0;0;0;3
202400007225;155 769 100;7;14;0;8;1;1
202400007226;155 769 099;7;0;1;2;0;1
202400007227;155 769 096;7;0;2;2;10;1
202400007227;155 769 097;32;0;2;2;1;1
202400007228;155 769 095;21;0;0;3;15;0
202400007228;155 769 098;33;0;2;3;17;1
202400007229;155 769 093;7;0;2;3;15;1
202400007229;155 769 094;33;0;2;1;26;1
202400007230;155 769 091;7;0;1;7;0;1
202400007231;155 769 090;2;0;2;3;0;1
202400007231;155 769 092;7;0;2;1;19;1
202400007232;155 769 088;1;0;2;1;1;5
202400007232;155 769 089;7;0;2;1;1;1
202400007233;155 769 086;7;0;0;9;1;1
202400007234;155 769 085;7;0;2;4;23;1
202400007234;155 769 087;31;0;2;1;2;1
202400007235;155 769 084;7;6;0;2;0;1
202400007236;155 769 082;7;0;2;1;15;1
202400007236;155 769 083;43;0;2;3;0;1
202400007237;155 769 080;7;0;9;4;23;1
202400007238;155 769 079;7;0;2;8;1;1
202400007238;155 769 081;7;0;2;1;1;1
202400007239;155 769 076;7;0;2;5;1;1
202400007239;155 769 078;7;0;2;3;13;1
202400007240;155 769 075;7;0;2;1;1;1
202400007240;155 769 077;7;0;2;4;23;1
202400007241;155 769 072;7;0;2;7;1;1
202400007241;155 769 074;7;0;2;1;0;1
202400007242;155 769 071;7;0;2;1;2;1
202400007242;155 769 073;7;0;2;4;23;1
202400007243;155 769 067;33;0;1;3;1;1
202400007244;155 769 066;7;0;2;1;2;1
202400007244;155 769 068;7;0;2;4;2;2
202400007244;155 769 069;7;0;2;4;2;1
202400007245;155 769 065;7;4;0;9;2;1
202400007246;155 769 063;1;0;2;7;19;5
202400007246;155 769 064;10;0;2;1;1;1
202400007247;155 769 062;7;4;0;1;11;1
202400007248;155 769 060;7;0;2;7;14;1
202400007248;155 769 061;43;6;2;8;1;1
202400007249;155 769 057;2;0;1;2;17;1
202400007250;155 769 058;7;0;2;5;2;1
202400007250;155 769 059;7;0;2;3;2;1
202400007251;155 769 055;7;0;2;3;19;1
202400007251;155 769 056;31;0;2;1;17;1
202400007252;155 769 052;33;0;0;8;1;1
202400007253;155 769 053;7;0;2;1;2;1
202400007253;155 769 054;7;0;2;4;2;3
202400007254;155 769 049;34;0;0;0;0;1
202400007255;155 769 044;7;0;2;1;13;1
202400007255;155 769 046;7;0;2;1;1;2
202400007255;155 769 048;7;0;2;3;1;1
202400007256;155 769 045;7;0;2;3;0;1
202400007256;155 769 047;7;0;2;8;0;1
202400007257;155 769 041;7;0;2;3;1;1
202400007257;155 769 043;80;8;2;1;1;3
202400007258;155 769 042;1;16;0;0;1;5
202400007259;155 769 039;7;8;2;1;1;1
202400007259;155 769 040;7;0;2;1;1;1
202400007260;155 769 038;7;1;0;0;0;1
202400007261;155 769 037;10;0;1;1;26;1
202400007262;155 769 036;1;0;0;0;1;5
202400007263;155 769 034;10;0;2;5;23;1
202400007263;155 769 035;1;1;0;1;1;5
202400007264;155 769 033;10;0;1;1;26;0
202400007265;155 769 031;7;0;2;6;17;1
202400007265;155 769 032;31;0;2;7;17;1
202400007266;155 769 029;7;0;2;2;1;1
202400007266;155 769 030;50;0;2;8;1;3
202400007267;155 769 027;7;0;9;7;1;1
202400007267;155 769 028;1;0;2;8;19;5
202400007268;155 769 025;7;0;9;2;15;1
202400007268;155 769 026;1;0;2;1;1;5
202400007269;155 769 023;7;0;2;1;16;1
202400007269;155 769 024;50;0;2;0;0;3
202400007270;155 769 022;7;0;1;1;1;1
202400007271;155 769 020;7;0;2;1;2;1
202400007271;155 769 021;7;0;2;5;23;1
202400007272;155 769 017;7;0;2;3;1;2
202400007272;155 769 018;7;0;2;1;1;2
202400007272;155 769 019;1;0;2;7;19;5
202400007273;155 769 015;7;0;2;2;15;3
202400007273;155 769 016;1;8;2;1;1;5
202400007274;155 769 014;7;14;0;2;1;1
202400007275;155 769 013;30;0;0;0;26;0
202400007276;155 769 011;7;0;2;0;0;1
202400007276;155 769 012;31;0;2;4;0;1
202400007277;155 769 010;7;0;1;3;0;1
202400007278;155 769 008;7;0;2;2;15;1
202400007278;155 769 009;32;0;2;1;18;1
202400007279;155 769 006;7;0;2;2;15;1
202400007279;155 769 007;7;0;2;2;1;1
202400007280;155 769 004;3;12;0;3;1;1
202400007280;155 769 005;3;5;0;3;13;1
202400007281;155 769 002;7;0;2;3;15;1
202400007281;155 769 003;33;0;2;3;1;1
202400007282;155 769 000;50;0;2;4;2;3
202400007282;155 769 001;13;0;2;2;1;3
202400007283;155 768 998;7;0;2;1;1;1
202400007283;155 768 999;7;0;2;1;13;3
202400007284;155 768 996;32;0;2;1;1;1
202400007284;155 768 997;1;0;2;7;19;5
202400007285;155 768 993;7;0;2;5;0;1
202400007285;155 768 994;7;0;2;6;0;1
202400007285;155 768 995;33;0;2;2;2;1
202400007286;155 768 992;50;0;1;1;1;3
202400007287;155 768 991;7;0;1;1;0;1
202400007288;155 768 989;1;0;2;4;1;5
202400007288;155 768 990;7;0;2;1;1;1
202400007289;155 768 987;30;0;2;2;2;1
202400007289;155 768 988;7;0;2;6;23;2
202400007290;155 768 985;7;0;2;3;11;1
202400007290;155 768 986;33;0;2;2;1;1
202400007291;155 768 984;10;0;1;2;2;1
202400007292;155 768 983;3;0;0;0;1;3
202400007293;155 768 981;50;0;2;1;15;3
202400007293;155 768 982;7;0;2;2;1;1
202400007294;155 768 979;3;0;2;3;13;1
202400007294;155 768 980;7;0;2;3;1;1
202400007295;155 768 978;7;0;1;3;1;1
202400007296;155 768 976;3;14;2;1;6;3
202400007296;155 768 977;7;0;2;2;1;3
202400007297;155 768 974;10;0;2;1;26;1
202400007297;155 768 975;7;0;2;0;1;1
202400007298;155 768 972;7;0;2;7;15;1
202400007298;155 768 973;7;0;2;1;1;1
202400007299;155 768 971;7;0;2;1;26;1
202400007300;155 768 970;60;1;0;6;15;5
202400007301;155 768 969;7;9;0;1;15;3
202400007302;155 768 967;7;0;2;1;9;1
202400007302;155 768 968;1;0;2;7;1;5
202400007303;155 768 966;7;0;1;2;1;1
202400007304;155 768 965;37;0;1;1;1;1
202400007305;155 768 963;7;0;2;3;13;1
202400007305;155 768 964;7;0;2;3;1;1
202400007306;155 768 961;7;0;2;1;1;1
202400007306;155 768 962;7;0;2;7;1;1
202400007307;155 768 959;7;0;2;1;15;1
202400007307;155 768 960;1;0;2;0;1;5
202400007308;155 768 957;7;0;2;5;15;1
202400007308;155 768 958;33;0;2;1;1;1
202400007309;155 768 956;50;0;1;1;26;3
202400007310;155 768 954;7;0;9;2;16;1
202400007310;155 768 955;1;0;2;1;1;5
202400007311;155 768 953;30;0;0;8;0;1
202400007312;155 768 952;7;2;0;1;1;1
202400007313;155 768 950;7;0;2;1;19;1
202400007313;155 768 951;50;0;2;8;1;3
202400007314;155 768 949;99;0;1;0;0;0
202400007315;155 768 947;7;0;2;3;1;1
202400007315;155 768 948;33;0;2;1;13;1
202400007316;155 768 945;50;0;2;5;5;3
202400007316;155 768 946;7;0;9;2;19;1
202400007317;155 768 943;7;0;2;2;15;1
202400007317;155 768 944;34;0;2;1;1;1
202400007318;155 768 941;7;1;0;2;11;1
202400007318;155 768 942;7;0;2;2;2;1
202400007319;155 768 939;10;0;2;3;13;1
202400007319;155 768 940;30;0;2;2;17;1
202400007320;155 768 937;2;0;2;1;13;1
202400007320;155 768 938;7;0;2;1;1;1
202400007321;155 768 935;34;0;2;3;3;1
202400007321;155 768 936;10;0;2;5;12;1
202400007322;155 768 932;7;0;2;1;1;2
202400007322;155 768 933;7;0;2;4;23;1
202400007322;155 768 934;7;0;2;9;23;2
202400007323;155 768 931;30;0;1;1;1;3
202400007324;155 768 930;7;0;1;7;1;1
202400007325;155 768 928;30;0;2;1;2;3
202400007325;155 768 929;7;0;2;4;2;2
202400007326;155 768 926;7;0;2;1;2;2
202400007326;155 768 927;7;0;2;5;23;2
202400007327;155 768 925;7;7;0;1;1;1
202400007328;155 768 923;30;0;0;0;11;1
202400007328;155 768 924;33;0;0;0;1;1
202400007329;155 768 921;2;0;2;1;18;3
202400007329;155 768 922;10;0;2;7;16;1
202400007330;155 768 919;10;0;2;7;21;1
202400007330;155 768 920;7;0;2;7;5;1
202400007331;155 768 917;37;12;2;1;1;1
202400007331;155 768 918;7;12;0;5;15;1
202400007332;155 768 916;60;0;0;0;0;5
202400007333;155 768 914;7;0;2;3;1;1
202400007333;155 768 915;50;0;0;4;1;3
202400007334;155 768 912;7;0;2;0;0;1
202400007334;155 768 913;7;0;2;0;0;1
202400007335;155 768 910;33;1;2;2;1;1
202400007335;155 768 911;7;1;2;3;20;1
202400007336;155 768 908;32;4;2;8;1;1
202400007336;155 768 909;7;4;2;1;10;2
202400007337;155 768 906;50;0;2;1;0;3
202400007337;155 768 907;7;0;2;3;15;1
202400007338;155 768 904;7;0;2;1;13;1
202400007338;155 768 905;10;0;2;1;1;1
202400007339;155 768 902;7;0;9;1;16;1
202400007339;155 768 903;50;0;2;1;2;3
202400007340;155 768 900;32;0;2;1;0;3
202400007340;155 768 901;7;0;2;2;0;1
202400007341;155 768 898;33;0;2;1;2;1
202400007341;155 768 899;7;0;2;8;10;3
202400007342;155 768 896;7;0;2;2;2;1
202400007342;155 768 897;21;0;0;6;16;1
202400007343;155 768 895;7;1;0;2;1;1
202400007344;155 768 893;10;0;2;8;19;1
202400007344;155 768 894;7;0;2;1;1;1
202400007345;155 768 892;33;11;0;1;1;1
202400007346;155 768 888;7;7;2;1;2;2
202400007346;155 768 889;7;0;0;1;2;1
202400007347;155 768 887;7;2;0;3;1;1
202400007348;155 768 885;7;0;2;8;2;0
202400007348;155 768 886;7;0;2;1;11;1
202400007349;155 768 883;7;0;2;3;0;1
202400007349;155 768 884;7;0;2;3;0;1
202400007350;155 768 881;7;0;2;3;9;1
202400007350;155 768 882;7;0;2;2;1;1
202400007351;155 768 880;2;0;0;9;1;1
202400007352;155 768 879;7;0;1;1;1;1
202400007353;155 768 877;33;3;0;1;1;1
202400007353;155 768 878;33;0;9;1;2;1
202400007354;155 768 876;7;0;0;9;1;1
202400007355;155 768 875;7;2;0;5;1;1
202400007356;155 768 874;7;0;1;3;1;1
202400007357;155 768 872;7;0;2;7;1;1
202400007357;155 768 873;33;0;0;3;19;1
202400007358;155 768 871;7;0;1;2;1;1
202400007359;155 768 870;33;0;0;9;1;1
202400007360;155 768 868;7;2;2;1;1;1
202400007360;155 768 869;7;0;2;1;1;1
202400007361;155 768 867;10;0;1;7;1;1
202400007362;155 768 866;33;14;0;1;1;1
202400007363;155 768 865;33;0;0;9;26;1
202400007364;155 768 864;7;8;0;1;0;1
202400007365;155 768 862;7;0;2;3;15;1
202400007365;155 768 863;17;0;2;3;1;1
202400007366;155 768 861;7;0;0;0;13;0
202400007367;155 768 859;7;0;2;1;3;1
202400007367;155 768 860;7;9;2;7;2;0
202400007368;155 768 858;7;2;0;9;2;1
202400007369;155 768 856;7;0;2;3;13;1
202400007369;155 768 857;7;0;2;3;1;1
202400007370;155 768 855;7;5;0;1;17;1
202400007371;155 768 853;7;2;0;1;1;1
202400007372;155 768 851;7;0;0;6;15;1
202400007372;155 768 852;33;0;2;1;0;1
202400007373;155 768 849;1;0;2;1;13;5
202400007373;155 768 850;33;0;2;1;1;1
202400007374;155 768 847;7;8;2;7;9;1
202400007374;155 768 848;7;0;2;1;1;1
202400007375;155 768 844;7;0;2;1;1;1
202400007375;155 768 845;7;0;2;9;23;1
202400007375;155 768 846;14;0;2;1;1;1
202400007376;155 768 843;7;2;0;3;1;1
202400007377;155 768 842;7;0;0;6;0;1
202400007378;155 768 841;31;8;0;1;0;1
202400007379;155 768 840;7;0;1;2;19;1
202400007380;155 768 832;7;0;2;3;2;1
202400007380;155 768 833;7;0;2;1;2;1
202400007380;155 768 834;7;0;2;6;2;2
202400007380;155 768 835;7;0;2;7;2;1
202400007380;155 768 836;7;0;0;3;2;1
202400007380;155 768 837;7;0;0;8;2;1
202400007380;155 768 838;7;0;0;4;2;1
202400007380;155 768 839;7;0;2;1;2;1
202400007381;155 768 830;7;0;2;2;1;1
202400007381;155 768 831;1;0;2;1;1;5
202400007382;155 768 828;7;0;2;1;26;1
202400007382;155 768 829;7;0;0;8;9;3
202400007383;155 768 826;7;0;9;2;0;1
202400007383;155 768 827;1;0;2;0;1;5
202400007384;155 768 824;33;0;2;6;1;1
202400007384;155 768 825;7;0;2;3;15;3
202400007385;155 768 822;10;0;0;6;2;0
202400007385;155 768 823;7;0;2;2;2;2
202400007386;155 768 821;7;13;0;3;26;1
202400007387;155 768 820;15;3;0;2;1;1
202400007388;155 768 818;10;0;0;1;1;1
202400007388;155 768 819;7;0;9;1;13;1
202400007389;155 768 817;14;16;0;9;21;1
202400007390;155 768 816;99;0;0;9;1;6
202400007391;155 768 815;7;0;1;1;1;1
202400007392;155 768 814;0;0;1;1;0;0
202400007393;155 768 811;7;0;2;4;23;1
202400007393;155 768 812;7;0;2;4;23;1
202400007393;155 768 813;7;1;0;1;12;1
202400007394;155 768 809;7;0;2;2;17;3
202400007394;155 768 810;7;0;2;2;0;1
202400007395;155 768 808;33;8;0;1;17;1
202400007396;155 768 804;7;0;2;3;5;1
202400007396;155 768 805;7;0;2;2;1;1
202400007397;155 768 803;7;2;0;1;6;1
202400007398;155 768 800;1;0;2;1;1;5
202400007398;155 768 801;7;14;9;3;1;1
202400007398;155 768 802;1;0;2;1;1;5
202400007399;155 768 799;7;0;1;3;1;1
202400007400;155 768 797;7;0;2;8;1;1
202400007400;155 768 798;7;0;2;1;1;1
202400007401;155 768 795;1;0;2;4;15;5
202400007401;155 768 796;10;0;9;1;1;1
202400007402;155 768 792;7;0;2;6;11;1
202400007402;155 768 793;7;0;2;2;1;1
202400007402;155 768 794;7;0;2;0;0;0
202400007403;155 768 791;33;13;0;2;1;1
202400007404;155 768 788;7;0;2;2;1;1
202400007404;155 768 789;7;0;2;6;0;1
202400007404;155 768 790;43;0;2;3;11;1
202400007405;155 768 787;33;0;2;1;1;1
202400007406;155 768 785;15;0;2;2;1;1
202400007406;155 768 786;7;0;2;6;1;2
202400007407;155 768 784;10;0;2;7;1;1
202400007408;155 768 782;7;0;2;1;1;1
202400007408;155 768 783;7;0;2;4;1;1
202400007409;155 768 780;13;0;2;5;2;1
202400007409;155 768 781;2;0;2;3;2;1
202400007410;155 768 779;32;0;5;0;21;1
202400007411;155 768 778;30;0;0;0;1;1
202400007412;155 768 777;7;6;0;1;14;1
202400007413;155 768 776;7;0;1;2;1;1
202400007414;155 768 774;33;0;2;1;7;1
202400007414;155 768 775;7;0;2;7;15;1
202400007415;155 768 773;7;1;1;6;24;1
202400007416;155 768 769;10;0;2;9;2;1
202400007416;155 768 770;13;0;2;1;2;1
202400007416;155 768 771;7;0;2;9;2;1
202400007416;155 768 772;7;0;0;4;2;1
202400007417;155 768 768;7;0;1;1;1;1
202400007418;155 768 767;7;0;1;2;1;1
202400007419;155 768 765;7;0;2;3;0;1
202400007419;155 768 766;7;0;2;3;26;1
202400007420;155 768 764;7;0;1;1;1;1
202400007421;155 768 762;41;0;2;1;6;1
202400007421;155 768 763;7;0;2;7;0;1
202400007422;155 768 760;7;0;2;2;1;1
202400007422;155 768 761;7;7;2;8;15;1
202400007423;155 768 758;30;0;2;7;17;1
202400007423;155 768 759;43;0;2;3;15;1
202400007424;155 768 756;2;0;2;1;2;1
202400007424;155 768 757;2;0;2;8;17;1
202400007425;155 768 755;7;0;1;2;1;1
202400007426;155 768 754;7;0;1;0;0;1
202400007427;155 768 752;33;0;0;0;0;0
202400007427;155 768 753;99;0;0;0;0;0
202400007428;155 768 750;7;0;2;1;1;1
202400007428;155 768 751;7;0;2;4;24;1
202400007429;155 768 749;7;0;0;0;0;1
202400007430;155 768 748;7;0;1;2;1;1
202400007431;155 768 746;10;0;2;8;17;1
202400007431;155 768 747;33;0;2;7;17;1
202400007432;155 768 743;7;0;1;1;1;1
202400007433;155 768 741;1;0;0;0;0;5
202400007433;155 768 742;7;0;0;7;16;1
202400007434;155 768 739;10;0;2;1;1;1
202400007434;155 768 740;7;0;2;1;15;1
202400007435;155 768 737;10;0;2;3;15;1
202400007435;155 768 738;33;0;2;5;17;1
202400007436;155 768 735;31;0;2;1;13;0
202400007436;155 768 736;7;0;2;3;1;1
202400007437;155 768 733;7;0;2;3;13;1
202400007437;155 768 734;1;0;2;7;1;5
202400007438;155 768 731;31;0;2;7;26;0
202400007438;155 768 732;7;0;2;8;15;1
202400007439;155 768 729;1;0;2;5;25;5
202400007439;155 768 730;7;0;2;1;9;1
202400007440;155 768 728;10;0;1;1;1;1
202400007441;155 768 726;7;0;2;1;15;1
202400007441;155 768 727;33;0;2;1;17;1
202400007442;155 768 725;30;0;0;8;26;1
202400007443;155 768 723;7;0;2;3;15;1
202400007443;155 768 724;50;0;2;1;1;3
202400007444;155 768 721;7;0;2;0;0;1
202400007444;155 768 722;50;0;2;0;0;3
202400007445;155 768 719;33;0;2;1;5;1
202400007445;155 768 720;7;0;2;3;1;1
202400007446;155 768 718;7;0;1;2;1;1
202400007447;155 768 717;7;0;1;2;19;3
202400007448;155 768 716;10;0;1;3;1;1
202400007449;155 768 714;50;0;2;2;1;3
202400007449;155 768 715;7;0;2;3;1;2
202400007450;155 768 713;1;0;0;7;16;5
202400007451;155 768 712;7;16;0;1;1;0
202400007452;155 768 711;31;0;2;2;1;1
202400007453;155 768 709;7;0;2;0;1;1
202400007453;155 768 710;7;0;2;0;1;1
202400007454;155 768 707;1;0;2;1;1;5
202400007454;155 768 708;7;0;2;8;16;1
202400007455;155 768 706;7;0;1;2;1;1
202400007456;155 768 704;7;0;2;1;1;1
202400007456;155 768 705;7;0;2;1;13;1
202400007457;155 768 702;10;0;2;2;1;1
202400007457;155 768 703;7;0;2;1;9;1
202400007458;155 768 700;7;0;2;1;1;1
202400007458;155 768 701;7;0;2;6;1;2
202400007459;155 768 699;7;0;1;1;1;1
202400007460;155 768 698;33;7;0;1;2;1
202400007461;155 768 696;1;0;2;2;1;5
202400007461;155 768 697;7;0;2;5;15;1
202400007462;155 768 692;10;0;2;4;23;1
202400007462;155 768 694;7;0;2;1;1;1
202400007462;155 768 695;7;0;2;1;1;1
202400007463;155 768 689;7;12;0;2;15;1
202400007464;155 768 688;7;0;2;6;1;2
202400007464;155 768 690;31;0;2;1;1;1
202400007465;155 768 687;30;0;1;0;26;0
202400007466;155 768 684;10;0;2;3;1;1
202400007466;155 768 685;7;0;2;4;1;1
202400007466;155 768 686;7;0;2;4;1;1
202400007467;155 768 683;33;0;1;1;1;1
202400007468;155 768 681;7;0;1;1;1;1
202400007469;155 768 680;33;0;2;0;1;0
202400007469;155 768 682;7;0;2;7;15;1
202400007470;155 768 678;30;0;2;1;10;1
202400007470;155 768 679;7;0;2;8;1;1
202400007471;155 768 677;33;0;1;1;26;1
202400007472;155 768 676;1;0;0;1;0;5
202400007473;155 768 675;7;0;9;8;26;1
202400007474;155 768 673;7;0;1;1;1;1
202400007475;155 768 672;7;0;9;0;7;0
202400007475;155 768 674;1;0;2;0;7;5
202400007476;155 768 670;33;7;0;0;0;1
202400007477;155 768 668;33;0;2;1;1;1
202400007477;155 768 669;7;0;2;7;2;1
202400007477;155 768 671;10;0;2;4;1;1
202400007478;155 768 667;7;0;1;1;1;1
202400007479;155 768 665;33;0;2;0;0;1
202400007479;155 768 666;7;0;2;2;15;1
202400007480;155 768 662;7;0;0;8;1;1
202400007481;155 768 661;33;0;2;2;2;1
202400007481;155 768 663;7;0;2;8;11;1
202400007482;155 768 660;7;0;1;1;1;1
202400007483;155 768 659;7;3;0;1;14;1
202400007484;155 768 656;7;0;9;0;16;0
202400007484;155 768 657;50;0;2;1;1;3
202400007485;155 768 655;7;0;2;2;1;1
202400007485;155 768 658;1;0;2;6;19;5
202400007486;155 768 653;50;0;0;0;1;3
202400007487;155 768 654;7;0;1;4;4;1
202400007488;155 768 650;32;0;2;0;16;1
202400007488;155 768 652;7;0;2;7;16;1
202400007489;155 768 649;50;0;2;8;12;3
202400007489;155 768 651;7;0;0;8;1;0
202400007490;155 768 646;7;0;2;3;15;2
202400007490;155 768 648;50;0;2;1;1;3
202400007491;155 768 645;7;0;1;2;1;2
202400007492;155 768 644;7;0;2;3;15;1
202400007492;155 768 647;33;0;2;1;17;1
202400007493;155 768 640;7;0;2;2;1;2
202400007493;155 768 643;80;12;0;8;9;3
202400007494;155 768 641;32;0;0;7;17;1
202400007494;155 768 642;7;0;2;1;16;1
202400007495;155 768 639;80;0;0;1;1;3
202400007496;155 768 636;30;0;2;1;0;0
202400007496;155 768 638;7;0;0;4;0;1
202400007497;155 768 634;43;1;0;1;13;1
202400007498;155 768 630;40;0;2;1;0;3
202400007498;155 768 633;40;0;2;4;0;3
202400007499;155 768 631;7;0;2;2;17;1
202400007499;155 768 632;1;0;2;1;1;5
202400007500;155 768 628;7;0;2;3;15;1
202400007500;155 768 629;2;0;2;1;1;1
202400007501;155 768 627;7;0;1;0;1;1
202400007502;155 768 624;10;0;2;1;2;1
202400007502;155 768 626;7;0;2;4;0;1
202400007503;155 768 623;33;0;2;3;1;1
202400007503;155 768 625;7;0;2;3;15;1
202400007504;155 768 621;33;0;2;8;1;1
202400007504;155 768 622;33;0;2;7;1;1
202400007505;155 768 619;7;0;2;1;2;1
202400007505;155 768 620;7;0;2;4;2;1
202400007506;155 768 617;7;0;2;1;15;1
202400007506;155 768 618;1;0;2;6;1;5
202400007507;155 768 614;31;0;0;0;1;1
202400007508;155 768 615;7;0;2;1;26;1
202400007508;155 768 616;80;0;2;4;0;3
202400007509;155 768 613;50;0;1;1;1;3
202400007510;155 768 610;7;0;2;1;2;1
202400007510;155 768 612;7;0;2;4;1;1
202400007511;155 768 609;7;0;2;2;1;1
202400007511;155 768 611;50;0;2;1;16;3
202400007512;155 768 606;1;0;2;8;1;5
202400007512;155 768 607;7;0;2;7;1;0
202400007513;155 768 605;10;0;2;2;0;1
202400007513;155 768 608;30;0;2;3;11;1
202400007514;155 768 603;33;0;1;1;1;1
202400007515;155 768 602;7;0;1;3;1;1
202400007515;155 768 604;10;0;1;3;1;1
202400007516;155 768 599;7;0;2;5;15;1
202400007516;155 768 601;33;0;2;1;1;1
202400007517;155 768 598;10;0;2;1;1;1