Num_Acc;id_vehicule;categorie_vehicule;obstacle_fixe;obstacle_mobile;point_choc_initial;manoeuvre_principale;motorisation
202400007517;155 768 600;15;0;2;4;1;1
202400007518;155 768 595;7;0;2;3;1;0
202400007518;155 768 597;13;0;0;4;1;0
202400007519;155 768 594;10;0;0;6;9;1
202400007519;155 768 596;2;0;2;1;1;1
202400007520;155 768 592;33;3;0;1;0;0
202400007521;155 768 591;7;0;2;3;11;1
202400007521;155 768 593;33;0;2;7;2;1
202400007522;155 768 590;7;1;0;9;21;1
202400007523;155 768 588;7;0;2;1;2;1
202400007523;155 768 589;10;0;2;4;2;1
202400007524;155 768 587;7;0;1;2;1;2
202400007525;155 768 586;33;0;0;0;26;1
202400007526;155 768 583;7;0;0;7;1;1
202400007526;155 768 585;33;0;2;1;1;1
202400007527;155 768 584;10;0;1;2;21;3
202400007528;155 768 581;33;0;2;4;2;1
202400007528;155 768 582;7;0;2;2;2;1
202400007529;155 768 580;7;0;1;3;1;2
202400007530;155 768 578;7;6;0;1;1;1
202400007531;155 768 579;10;0;1;1;26;3
202400007532;155 768 577;7;8;0;3;3;1
202400007533;155 768 574;33;0;2;1;1;1
202400007533;155 768 576;43;0;2;3;15;1
202400007534;155 768 573;33;4;0;7;17;1
202400007534;155 768 575;7;0;2;6;17;1
202400007535;155 768 571;7;13;0;1;1;1
202400007536;155 768 570;7;0;2;3;9;1
202400007536;155 768 572;60;0;2;2;1;5
202400007537;155 768 569;7;6;0;3;2;1
202400007538;155 768 567;7;2;0;1;0;1
202400007539;155 768 568;2;0;0;1;2;1
202400007540;155 768 566;7;6;0;9;1;2
202400007541;155 768 565;34;0;1;0;0;1
202400007542;155 768 562;1;0;1;1;1;5
202400007543;155 768 560;1;12;0;1;2;5
202400007544;155 768 559;7;9;9;1;15;1
202400007544;155 768 561;1;0;0;6;15;5
202400007545;155 768 558;2;0;0;1;1;1
202400007546;155 768 557;1;0;1;1;1;5
202400007547;155 768 556;33;13;0;1;0;1
202400007548;155 768 555;50;14;0;1;2;3
202400007549;155 768 554;7;13;0;8;1;1
202400007550;155 768 550;43;0;2;1;2;1
202400007550;155 768 552;33;0;2;1;2;1
202400007550;155 768 553;7;0;2;4;2;1
202400007551;155 768 551;32;6;0;2;14;1
202400007552;155 768 548;31;12;0;3;14;1
202400007553;155 768 547;10;0;2;6;0;2
202400007553;155 768 549;1;0;2;3;2;5
202400007554;155 768 545;33;0;2;1;1;1
202400007554;155 768 546;7;0;2;3;15;1
202400007555;155 768 544;7;0;1;1;15;1
202400007556;155 768 542;33;16;2;1;17;1
202400007556;155 768 543;7;0;0;3;15;1
202400007557;155 768 541;7;0;1;1;15;3
202400007558;155 768 540;31;12;0;8;0;1
202400007559;155 768 536;7;0;2;7;0;1
202400007559;155 768 538;33;0;2;7;26;1
202400007559;155 768 539;10;0;2;8;0;1
202400007560;155 768 535;1;0;2;0;2;5
202400007560;155 768 537;1;0;2;0;2;5
202400007561;155 768 534;33;0;0;7;13;1
202400007562;155 768 533;7;0;1;2;17;3
202400007563;155 768 532;7;6;0;1;2;1
202400007564;155 768 531;7;0;1;6;4;2
202400007565;155 768 530;7;2;0;8;1;1
202400007566;155 768 528;7;0;2;1;1;1
202400007566;155 768 529;7;0;2;4;23;1
202400007567;155 768 527;7;8;0;1;13;1
202400007568;155 768 525;10;0;2;4;23;1
202400007568;155 768 526;7;0;2;1;1;1
202400007569;155 768 524;10;0;1;2;26;1
202400007570;155 768 521;50;0;2;2;1;3
202400007570;155 768 522;7;0;2;3;15;1
202400007571;155 768 517;43;0;2;1;1;1
202400007571;155 768 518;1;0;2;8;10;5
202400007572;155 768 516;7;17;9;2;0;1
202400007573;155 768 514;10;0;2;6;2;0
202400007573;155 768 515;7;0;2;1;2;1
202400007574;155 768 512;33;0;2;1;1;1
202400007574;155 768 513;33;0;2;1;1;1
202400007575;155 768 511;7;0;1;1;26;1
202400007576;155 768 509;7;0;2;3;13;1
202400007576;155 768 510;7;0;2;3;1;1
202400007577;155 768 508;7;0;1;2;1;2
202400007578;155 768 506;7;0;2;2;0;1
202400007578;155 768 507;7;0;2;2;13;1
202400007579;155 768 504;34;0;2;3;2;1
202400007579;155 768 505;32;0;0;0;0;1
202400007580;155 768 500;10;0;2;2;15;1
202400007580;155 768 501;33;0;2;8;1;1
202400007581;155 768 502;1;0;2;1;1;5
202400007581;155 768 503;7;0;2;3;1;1
202400007582;155 768 498;31;0;2;8;1;1
202400007582;155 768 499;7;0;2;5;20;2
202400007583;155 768 497;7;2;0;1;1;1
202400007584;155 768 496;7;0;1;1;1;1
202400007585;155 768 495;7;2;0;3;1;1
202400007586;155 768 492;7;0;2;4;2;1
202400007586;155 768 493;7;1;2;6;2;0
202400007586;155 768 494;7;1;2;1;2;1
202400007587;155 768 491;7;6;0;1;0;1
202400007588;155 768 489;7;13;0;3;13;1
202400007589;155 768 488;7;0;2;4;1;1
202400007589;155 768 490;7;0;1;1;1;1
202400007590;155 768 487;7;0;0;0;1;1
202400007591;155 768 486;7;0;1;2;1;1
202400007592;155 768 484;7;0;1;1;1;0
202400007593;155 768 483;33;0;2;1;13;1
202400007593;155 768 485;30;0;2;1;1;1
202400007594;155 768 482;10;3;0;2;1;1
202400007595;155 768 481;32;0;1;1;17;1
202400007596;155 768 480;17;1;0;2;1;1
202400007597;155 768 479;7;0;1;7;2;1
202400007598;155 768 475;7;0;2;3;19;1
202400007598;155 768 478;33;0;2;1;1;1
202400007599;155 768 476;10;0;2;3;26;1
202400007599;155 768 477;7;0;2;5;1;1
202400007600;155 768 473;33;0;0;0;1;1
202400007601;155 768 468;33;0;2;3;1;1
202400007601;155 768 470;7;0;2;1;15;1
202400007602;155 768 466;60;0;0;0;1;5
202400007603;155 768 463;7;0;2;3;2;1
202400007603;155 768 465;21;0;0;6;15;1
202400007604;155 768 462;7;0;2;1;9;1
202400007604;155 768 464;7;0;2;5;0;1
202400007605;155 768 460;7;0;2;2;1;0
202400007605;155 768 461;7;0;2;3;1;1
202400007606;155 768 459;7;0;0;9;21;1
202400007607;155 768 457;7;2;0;3;14;1
202400007607;155 768 458;10;0;2;5;17;1
202400007608;155 768 456;32;7;0;1;1;1
202400007609;155 768 455;7;9;1;1;0;1
202400007610;155 768 453;33;0;2;0;13;1
202400007610;155 768 454;10;0;2;1;1;1
202400007611;155 768 451;33;0;2;1;1;1
202400007611;155 768 452;7;0;2;6;15;1
202400007612;155 768 449;13;0;2;3;1;1
202400007612;155 768 450;7;0;2;3;1;1
202400007613;155 768 448;43;15;0;3;11;1
202400007614;155 768 447;7;16;0;0;1;1
202400007615;155 768 446;0;0;1;0;0;0
202400007616;155 768 444;7;0;2;3;1;1
202400007616;155 768 445;7;0;2;2;1;1
202400007617;155 768 442;7;0;2;1;13;1
202400007617;155 768 443;10;0;2;2;1;1
202400007618;155 768 439;7;0;0;3;15;1
202400007618;155 768 441;33;13;2;9;1;1
202400007619;155 768 438;33;0;2;1;1;1
202400007619;155 768 440;7;0;2;3;1;1
202400007620;155 768 437;33;7;0;1;1;1
202400007621;155 768 436;7;2;0;3;0;1
202400007622;155 768 433;14;0;2;1;1;1
202400007622;155 768 435;7;0;2;8;19;1
202400007623;155 768 432;7;0;9;2;21;1
202400007624;155 768 430;7;0;2;2;1;1
202400007624;155 768 431;33;0;0;4;23;1
202400007625;155 768 428;2;11;0;0;1;1
202400007626;155 768 427;33;0;2;1;13;1
202400007626;155 768 429;7;0;2;1;1;1
202400007627;155 768 424;7;0;2;1;1;3
202400007627;155 768 426;7;0;2;5;16;1
202400007628;155 768 423;7;0;2;1;1;1
202400007628;155 768 425;7;0;0;4;1;1
202400007629;155 768 421;1;0;2;7;1;5
202400007629;155 768 422;7;0;2;3;16;1
202400007630;155 768 419;31;0;2;1;17;1
202400007630;155 768 420;7;0;2;8;2;2
202400007631;155 768 418;15;0;1;2;9;1
202400007632;155 768 417;7;8;0;1;14;1
202400007633;155 768 416;7;13;0;3;21;1
202400007634;155 768 415;7;2;0;1;1;1
202400007635;155 768 412;31;0;2;6;11;1
202400007635;155 768 414;7;0;2;2;2;1
202400007636;155 768 411;7;0;0;4;15;1
202400007636;155 768 413;7;0;2;1;1;1
202400007637;155 768 408;7;0;2;1;11;1
202400007637;155 768 410;7;0;2;4;2;1
202400007638;155 768 407;7;0;2;3;13;1
202400007638;155 768 409;10;0;2;3;1;1
202400007639;155 768 406;33;0;0;4;2;1
202400007640;155 768 404;3;0;2;2;15;3
202400007640;155 768 405;7;0;2;1;1;1
202400007641;155 768 401;33;0;2;2;3;1
202400007641;155 768 403;7;0;0;6;1;1
202400007642;155 768 397;7;0;2;1;2;1
202400007642;155 768 399;7;0;2;4;2;2
202400007642;155 768 400;10;0;2;4;2;1
202400007642;155 768 402;10;0;0;4;2;3
202400007643;155 768 396;7;0;2;6;1;1
202400007643;155 768 398;33;0;2;1;1;1
202400007644;155 768 394;7;3;0;1;1;1
202400007645;155 768 393;7;3;2;2;17;1
202400007645;155 768 395;15;0;2;6;1;1
202400007646;155 768 390;7;0;2;2;11;1
202400007646;155 768 392;33;0;2;4;1;1
202400007647;155 768 389;7;0;2;1;5;1
202400007647;155 768 391;2;0;2;1;1;1
202400007648;155 768 386;10;0;0;6;24;1
202400007648;155 768 388;10;1;0;2;1;1
202400007649;155 768 384;33;0;2;3;1;1
202400007649;155 768 385;10;0;2;5;1;1
202400007649;155 768 387;7;0;2;0;11;1
202400007650;155 768 383;33;0;0;0;16;1
202400007651;155 768 381;7;0;2;1;1;1
202400007651;155 768 382;7;0;2;4;11;1
202400007652;155 768 380;33;3;0;1;14;1
202400007653;155 768 377;33;0;2;5;3;1
202400007653;155 768 379;10;0;2;8;11;1
202400007654;155 768 375;32;4;0;1;16;1
202400007655;155 768 376;33;16;2;9;1;1
202400007655;155 768 378;7;0;2;2;2;1
202400007656;155 768 374;33;0;2;1;3;1
202400007657;155 768 373;33;12;0;1;1;1
202400007658;155 768 371;7;0;1;1;1;1
202400007659;155 768 370;7;0;2;1;1;1
202400007659;155 768 372;7;13;0;8;9;1
202400007660;155 768 368;7;0;2;5;2;1
202400007660;155 768 369;10;0;2;3;0;1
202400007661;155 768 366;7;0;2;8;15;1
202400007661;155 768 367;7;0;2;1;1;1
202400007662;155 768 365;7;0;1;2;26;1
202400007663;155 768 363;7;0;2;3;1;1
202400007663;155 768 364;2;0;2;3;13;1
202400007664;155 768 361;50;0;2;1;1;3
202400007664;155 768 362;7;0;2;2;16;1
202400007665;155 768 354;7;0;2;4;26;1
202400007665;155 768 356;7;0;2;4;0;1
202400007665;155 768 358;7;0;2;1;0;1
202400007666;155 768 353;99;0;2;1;17;1
202400007666;155 768 355;7;0;2;1;1;1
202400007666;155 768 357;7;0;2;1;1;1
202400007667;155 768 352;33;6;0;1;1;1
202400007668;155 768 350;33;0;2;5;23;1
202400007668;155 768 351;7;0;2;3;18;1
202400007669;155 768 349;32;14;0;1;9;1
202400007670;155 768 348;50;0;0;1;1;3
202400007671;155 768 347;7;3;0;2;1;1
202400007672;155 768 346;7;4;0;2;1;1
202400007673;155 768 344;17;0;2;1;21;1
202400007673;155 768 345;17;0;2;8;23;1
202400007674;155 768 341;7;0;2;5;2;1
202400007674;155 768 343;33;0;2;1;2;1
202400007675;155 768 339;17;1;2;5;1;1
202400007675;155 768 340;17;0;2;3;23;1
202400007675;155 768 342;7;0;2;8;1;1
202400007676;155 768 337;7;1;2;9;21;1
202400007676;155 768 338;7;0;2;1;15;1
202400007677;155 768 336;43;0;1;1;1;1
202400007678;155 768 334;7;0;2;3;1;1
202400007678;155 768 335;7;0;2;1;19;1
202400007679;155 768 332;7;0;2;7;19;1
202400007679;155 768 333;7;0;2;1;1;1
202400007680;155 768 331;7;0;1;8;1;1
202400007681;155 768 329;7;12;2;4;23;1
202400007681;155 768 330;7;0;2;1;2;1
202400007682;155 768 327;33;0;2;1;2;1
202400007682;155 768 328;7;0;2;4;1;1
202400007683;155 768 325;7;0;2;8;1;2
202400007683;155 768 326;7;0;2;3;15;1
202400007684;155 768 323;7;0;2;1;0;0
202400007684;155 768 324;7;0;2;4;1;0
202400007685;155 768 321;7;0;2;8;10;2
202400007685;155 768 322;33;0;2;2;2;1
202400007686;155 768 320;7;3;0;1;9;1
202400007687;155 768 318;7;0;2;2;1;1
202400007687;155 768 319;7;0;2;3;16;1
202400007688;155 768 316;7;0;2;4;1;1
202400007688;155 768 317;31;0;2;4;21;1
202400007689;155 768 314;7;0;2;4;1;1
202400007689;155 768 315;50;0;2;1;1;3
202400007690;155 768 313;7;0;1;2;21;1
202400007691;155 768 311;7;0;2;1;16;1
202400007691;155 768 312;1;0;2;1;1;5
202400007692;155 768 310;7;0;1;1;1;1
202400007693;155 768 309;7;7;0;1;26;1
202400007694;155 768 308;50;0;0;0;1;3
202400007695;155 768 307;7;0;1;1;16;1
202400007696;155 768 304;7;0;2;1;2;1
202400007696;155 768 305;7;0;2;1;2;1
202400007696;155 768 306;7;0;2;4;2;1
202400007697;155 768 301;7;0;2;0;0;1
202400007697;155 768 302;33;0;2;0;2;1
202400007697;155 768 303;7;0;2;2;9;1
202400007698;155 768 298;7;0;1;2;17;0
202400007699;155 768 297;0;0;1;0;26;0
202400007700;155 768 295;50;0;2;7;19;3
202400007700;155 768 296;10;0;2;1;16;1
202400007701;155 768 293;32;0;2;8;1;1
202400007701;155 768 294;7;0;2;3;15;1
202400007702;155 768 291;7;0;2;8;15;1
202400007702;155 768 292;7;0;2;1;1;1
202400007703;155 768 290;7;0;1;3;1;1
202400007704;155 768 288;7;0;9;5;16;1
202400007704;155 768 289;80;0;2;1;1;2
202400007705;155 768 286;7;0;2;1;1;1
202400007705;155 768 287;1;0;2;2;15;5
202400007706;155 768 283;7;0;0;0;0;1
202400007706;155 768 284;7;0;2;1;1;1
202400007706;155 768 285;7;0;2;4;1;2
202400007707;155 768 281;80;0;2;8;2;2
202400007707;155 768 282;80;0;2;2;2;2
202400007708;155 768 279;33;6;2;1;17;1
202400007708;155 768 280;7;0;2;8;15;1
202400007709;155 768 277;32;0;2;1;1;1
202400007709;155 768 278;7;0;2;7;15;1
202400007710;155 768 276;21;0;1;5;15;6
202400007711;155 768 274;7;0;2;2;1;3
202400007711;155 768 275;50;1;2;2;26;3
202400007712;155 768 272;7;0;2;0;0;1
202400007712;155 768 273;50;0;2;8;0;3
202400007713;155 768 270;7;0;2;1;1;1
202400007713;155 768 271;7;0;2;1;16;1
202400007714;155 768 269;1;12;0;1;14;5
202400007715;155 768 267;7;0;2;4;2;1
202400007715;155 768 268;30;0;2;1;2;3
202400007716;155 768 265;7;0;2;2;12;1
202400007716;155 768 266;7;0;2;4;23;1
202400007717;155 768 263;7;0;2;2;26;1
202400007717;155 768 264;7;0;2;5;1;1
202400007718;155 768 261;7;0;2;1;1;1
202400007718;155 768 262;10;0;2;3;15;1
202400007719;155 768 259;7;0;2;4;1;1
202400007719;155 768 260;7;0;2;1;1;1
202400007720;155 768 257;7;0;2;8;1;1
202400007720;155 768 258;50;0;2;3;19;3
202400007721;155 768 255;33;0;2;1;13;1
202400007721;155 768 256;10;0;2;3;1;1
202400007722;155 768 254;10;0;1;5;4;3
202400007723;155 768 252;32;0;2;9;15;1
202400007723;155 768 253;7;0;2;1;15;1
202400007724;155 768 250;33;0;2;1;1;1
202400007724;155 768 251;7;0;2;2;16;1
202400007725;155 768 248;33;0;2;1;1;1
202400007725;155 768 249;7;0;2;4;1;1
202400007726;155 768 246;2;0;9;1;3;1
202400007726;155 768 247;60;0;0;0;0;5
202400007727;155 768 244;10;0;0;3;20;1
202400007727;155 768 245;30;1;2;1;17;1
202400007728;155 768 242;10;0;2;2;16;1
202400007728;155 768 243;50;0;2;3;1;3
202400007729;155 768 238;15;0;2;1;1;1
202400007729;155 768 239;7;0;2;4;23;1
202400007729;155 768 240;7;0;2;4;23;1
202400007729;155 768 241;7;0;2;5;23;1
202400007730;155 768 236;7;0;2;5;17;1
202400007730;155 768 237;17;0;2;3;17;1
202400007731;155 768 234;7;0;2;4;4;1
202400007731;155 768 235;30;0;2;1;1;1
202400007732;155 768 230;7;0;2;1;1;1
202400007732;155 768 231;7;0;2;4;1;1
202400007733;155 768 227;7;0;1;1;1;1
202400007734;155 768 224;7;1;0;1;1;1
202400007734;155 768 225;7;0;2;1;24;1
202400007734;155 768 226;7;1;0;7;1;1
202400007735;155 768 220;10;0;2;1;1;1
202400007735;155 768 221;7;0;2;1;13;1
202400007736;155 768 219;7;0;0;0;1;1
202400007737;155 768 217;31;0;2;1;1;1
202400007737;155 768 218;7;0;2;9;1;1
202400007738;155 768 216;32;0;0;7;0;1
202400007739;155 768 214;7;0;2;0;15;1
202400007739;155 768 215;33;0;2;1;1;0
202400007740;155 768 212;7;1;0;1;1;1
202400007740;155 768 213;7;1;0;1;1;1
202400007741;155 768 210;33;0;2;1;1;1
202400007741;155 768 211;7;0;2;2;9;1
202400007742;155 768 208;33;0;2;3;17;1
202400007742;155 768 209;10;0;2;3;15;1
202400007743;155 768 205;7;0;2;3;1;2
202400007743;155 768 206;7;0;2;8;0;1
202400007743;155 768 207;7;0;2;3;13;1
202400007744;155 768 203;33;8;2;1;17;1
202400007744;155 768 204;7;0;2;8;15;1
202400007745;155 768 201;33;0;2;3;17;1
202400007745;155 768 202;7;1;0;3;13;1
202400007746;155 768 200;7;1;1;8;9;3
202400007747;155 768 198;1;0;2;4;1;5
202400007747;155 768 199;7;0;2;1;26;0
202400007748;155 768 197;33;0;0;7;1;1
202400007749;155 768 194;33;0;2;2;3;1
202400007749;155 768 195;7;0;2;3;11;1
202400007749;155 768 196;33;0;2;7;3;1
202400007750;155 768 192;7;0;2;4;2;2
202400007750;155 768 193;7;0;2;1;2;1
202400007751;155 768 190;7;0;2;3;1;1
202400007751;155 768 191;1;0;2;2;2;5
202400007752;155 768 188;7;0;2;1;16;1
202400007752;155 768 189;80;0;2;1;1;3
202400007753;155 768 186;33;0;2;1;9;1
202400007753;155 768 187;7;0;2;8;15;2
202400007754;155 768 185;7;0;1;1;15;1
202400007755;155 768 184;7;2;0;3;1;1
202400007756;155 768 182;7;0;2;3;1;2
202400007756;155 768 183;7;0;2;3;15;1
202400007757;155 768 180;32;0;2;1;1;1
202400007757;155 768 181;2;0;2;1;1;3
202400007758;155 768 178;7;0;2;6;13;1
202400007758;155 768 179;7;0;2;6;1;1
202400007759;155 768 176;7;0;2;1;1;1
202400007759;155 768 177;7;0;2;4;1;2
202400007760;155 768 174;7;0;9;3;9;1
202400007760;155 768 175;2;0;2;2;1;1
202400007761;155 768 172;7;0;2;1;1;1
202400007761;155 768 173;7;0;2;1;15;1
202400007762;155 768 171;7;0;1;0;0;0
202400007763;155 768 170;7;0;1;2;18;1
202400007764;155 768 167;7;0;2;4;1;1
202400007764;155 768 168;7;0;2;1;1;1
202400007764;155 768 169;7;0;0;0;0;1
202400007765;155 768 165;7;0;2;3;2;3
202400007765;155 768 166;7;0;2;3;11;1
202400007766;155 768 163;7;0;2;1;26;2
202400007766;155 768 164;33;8;2;7;1;1
202400007767;155 768 162;7;0;1;2;1;1
202400007768;155 768 160;1;0;2;1;1;5
202400007768;155 768 161;7;0;2;1;1;1
202400007769;155 768 156;7;0;2;4;23;1
202400007769;155 768 157;7;0;2;8;23;2
202400007769;155 768 158;7;9;2;1;17;1
202400007769;155 768 159;7;0;2;1;23;1
202400007770;155 768 155;7;0;1;3;1;1
202400007771;155 768 148;7;0;1;1;16;1
202400007772;155 768 146;7;0;2;0;0;1
202400007772;155 768 147;7;0;2;3;19;1
202400007773;155 768 145;80;0;1;5;12;3
202400007774;155 768 144;10;0;1;2;16;1
202400007775;155 768 143;7;0;1;2;2;1
202400007776;155 768 142;80;1;0;1;13;3
202400007777;155 768 140;3;0;2;1;2;1
202400007777;155 768 141;7;0;2;6;23;1
202400007778;155 768 138;50;0;9;4;1;3
202400007778;155 768 139;50;0;9;1;1;3
202400007779;155 768 135;7;0;2;4;2;1
202400007779;155 768 136;7;0;2;4;1;1
202400007779;155 768 137;33;0;2;1;2;1
202400007780;155 768 133;43;0;2;1;2;1
202400007780;155 768 134;7;0;2;6;26;1
202400007781;155 768 129;7;0;2;2;1;1
202400007781;155 768 131;80;0;2;4;19;3
202400007782;155 768 128;7;0;2;4;2;1
202400007782;155 768 130;7;0;2;4;2;1
202400007782;155 768 132;7;0;2;1;2;1
202400007783;155 768 127;7;0;0;9;14;1
202400007784;155 768 125;30;0;2;1;16;1
202400007784;155 768 126;7;0;2;8;1;3
202400007785;155 768 123;33;0;2;7;1;1
202400007785;155 768 124;7;0;2;3;11;1
202400007786;155 768 120;31;0;2;8;23;1
202400007786;155 768 122;7;0;2;1;1;1
202400007787;155 768 119;33;0;2;1;3;1
202400007787;155 768 121;7;0;2;4;12;1
202400007788;155 768 116;7;0;2;6;11;1
202400007788;155 768 117;33;0;2;2;1;1
202400007789;155 768 115;7;0;2;3;1;1
202400007789;155 768 118;33;0;2;1;13;1
202400007790;155 768 113;30;0;2;1;1;1
202400007790;155 768 114;7;0;2;1;26;1
202400007791;155 768 109;33;0;2;7;2;1
202400007791;155 768 110;10;0;2;5;16;1
202400007792;155 768 111;33;0;2;3;1;1
202400007792;155 768 112;10;0;2;0;15;1
202400007793;155 768 107;7;0;1;1;19;1
202400007794;155 768 106;2;0;2;0;1;1
202400007794;155 768 108;7;0;9;0;14;0
202400007795;155 768 105;50;8;0;1;1;3
202400007796;155 768 103;7;0;2;5;1;1
202400007796;155 768 104;80;0;2;4;5;3
202400007797;155 768 100;33;0;2;1;2;1
202400007797;155 768 102;3;0;2;4;1;1
202400007798;155 768 099;7;0;2;2;15;1
202400007798;155 768 101;2;0;2;1;1;1
202400007799;155 768 096;7;0;2;1;15;1
202400007799;155 768 098;2;0;2;1;1;1
202400007800;155 768 095;31;1;2;4;2;1
202400007800;155 768 097;7;0;2;1;2;
202400007801;155 768 092;30;0;2;1;2;1
202400007801;155 768 094;7;0;2;4;2;1
202400007802;155 768 090;7;0;2;1;0;1
202400007802;155 768 093;7;0;2;1;0;1
202400007803;155 768 089;1;0;2;7;0;5
202400007803;155 768 091;7;0;2;1;1;0
202400007804;155 768 087;7;11;0;1;1;1
202400007805;155 768 082;10;0;2;2;11;1
202400007805;155 768 085;34;0;2;1;1;1
202400007806;155 768 080;7;1;2;4;23;1
202400007806;155 768 083;7;0;2;8;23;1
202400007806;155 768 084;7;14;2;4;23;1
202400007806;155 768 086;7;0;2;4;15;1
202400007806;155 768 088;10;14;2;1;2;1
202400007807;155 768 079;7;0;2;8;15;1
202400007807;155 768 081;2;0;2;1;17;1
202400007808;155 768 077;7;15;0;2;1;1
202400007809;155 768 076;7;0;2;0;0;1
202400007809;155 768 078;7;0;2;1;1;1
202400007810;155 768 075;7;16;0;1;14;1
202400007811;155 768 072;7;0;2;0;0;1
202400007811;155 768 074;50;0;2;0;0;3
202400007812;155 768 070;7;0;0;4;1;1
202400007812;155 768 073;7;0;2;1;1;1
202400007813;155 768 068;7;2;5;2;21;1
202400007814;155 768 065;7;0;2;2;20;1
202400007814;155 768 067;33;0;2;8;1;1
202400007815;155 768 064;37;0;2;2;16;1
202400007815;155 768 066;1;0;2;8;1;0
202400007816;155 768 061;7;0;2;4;2;1
202400007816;155 768 063;7;0;2;1;2;1
202400007817;155 768 060;1;12;2;1;2;5
202400007817;155 768 062;37;15;2;7;1;1
202400007818;155 768 059;7;0;1;1;15;1
202400007819;155 768 058;7;3;0;1;18;1
202400007820;155 768 055;7;0;2;2;2;1
202400007820;155 768 057;10;0;2;6;2;1
202400007821;155 768 053;7;0;2;1;1;1
202400007821;155 768 056;7;0;2;8;16;1
202400007822;155 768 052;7;0;2;1;1;1
202400007822;155 768 054;7;0;2;4;1;1
202400007823;155 768 050;7;0;2;4;1;1
202400007823;155 768 051;33;0;2;1;1;1
202400007824;155 768 047;33;0;2;1;2;1
202400007824;155 768 049;7;0;2;5;15;1
202400007825;155 768 046;7;13;2;1;21;1
202400007825;155 768 048;10;0;2;1;1;1
202400007826;155 768 042;7;10;0;1;1;1
202400007827;155 768 041;7;0;2;9;2;1
202400007827;155 768 044;7;0;2;1;2;1
202400007827;155 768 045;7;0;2;4;2;1
202400007828;155 768 039;7;0;2;1;2;1
202400007828;155 768 040;7;0;2;4;2;1
202400007828;155 768 043;7;0;2;4;2;1
202400007829;155 768 035;7;0;9;4;2;1
202400007829;155 768 038;99;0;2;1;2;1
202400007830;155 768 034;7;0;2;1;1;1
202400007830;155 768 037;7;0;2;7;1;1
202400007831;155 768 033;7;0;2;3;1;1
202400007831;155 768 036;34;0;2;1;0;1
202400007832;155 768 030;7;0;2;0;0;1
202400007832;155 768 032;7;0;2;1;26;1
202400007833;155 768 027;7;0;2;4;2;1
202400007833;155 768 029;7;0;2;1;1;1
202400007833;155 768 031;7;0;2;9;2;1
202400007834;155 768 024;7;0;2;2;10;1
202400007834;155 768 026;7;0;2;1;21;2
202400007834;155 768 028;7;0;2;4;2;1
202400007835;155 768 023;7;0;2;3;11;1
202400007835;155 768 025;32;0;2;1;0;1
202400007836;155 768 022;7;8;0;3;1;1
202400007837;155 768 019;7;13;0;1;0;1
202400007838;155 768 017;7;0;2;3;15;1
202400007838;155 768 021;7;0;2;3;1;1
202400007839;155 768 016;13;0;2;1;1;0
202400007839;155 768 018;7;0;2;4;1;0
202400007839;155 768 020;7;0;2;4;1;1
202400007840;155 768 014;7;0;9;2;1;1
202400007840;155 768 015;1;0;0;4;1;5
202400007841;155 768 012;33;0;2;1;21;1
202400007841;155 768 013;7;0;2;6;20;3
202400007842;155 768 009;7;0;0;4;1;1
202400007842;155 768 011;30;0;2;1;1;1
202400007843;155 768 007;37;0;2;8;13;0
202400007843;155 768 010;30;0;2;7;17;0
202400007844;155 768 004;2;0;2;1;3;1
202400007844;155 768 006;99;0;2;6;1;6
202400007844;155 768 008;7;0;2;3;1;1
202400007845;155 768 003;32;0;1;1;17;1
202400007846;155 768 002;1;0;2;3;13;5
202400007846;155 768 005;7;0;2;5;17;1
202400007847;155 767 998;7;0;1;1;26;1
202400007848;155 767 999;50;0;2;1;1;3
202400007848;155 768 001;10;0;2;4;20;1
202400007849;155 767 997;7;0;2;3;13;1
202400007849;155 768 000;7;0;2;3;1;1
202400007850;155 767 993;7;0;2;3;13;1
202400007850;155 767 996;7;0;2;3;1;1
202400007851;155 767 992;7;0;2;1;2;1
202400007851;155 767 994;7;0;2;4;2;1
202400007852;155 767 991;10;0;2;3;1;1
202400007852;155 767 995;50;0;2;1;1;3
202400007853;155 767 989;7;2;0;8;1;2
202400007854;155 767 987;7;0;2;1;13;1
202400007854;155 767 990;14;0;2;1;1;1
202400007855;155 767 986;31;0;2;3;3;1
202400007855;155 767 988;10;0;2;5;12;1
202400007856;155 767 980;7;0;2;3;13;1
202400007856;155 767 982;7;0;2;3;1;1
202400007857;155 767 978;7;0;2;8;0;1
202400007857;155 767 979;10;0;2;7;0;1
202400007858;155 767 977;1;0;2;1;15;5
202400007858;155 767 981;7;0;2;3;1;1
202400007859;155 767 975;33;0;2;2;12;1
202400007859;155 767 976;7;0;2;6;2;2
202400007860;155 767 974;7;0;1;1;1;1
202400007861;155 767 972;1;0;2;5;23;5
202400007861;155 767 973;10;0;2;3;15;1
202400007862;155 767 971;33;6;0;7;14;1
202400007863;155 767 970;7;0;1;3;1;1
202400007864;155 767 966;7;0;2;3;13;1
202400007864;155 767 969;32;0;2;2;17;1
202400007865;155 767 965;7;0;2;1;13;1