Num_Acc;id_vehicule;categorie_vehicule;obstacle_fixe;obstacle_mobile;point_choc_initial;manoeuvre_principale;motorisation
202400007865;155 767 968;10;0;2;1;1;1
202400007866;155 767 963;7;0;2;1;1;1
202400007866;155 767 964;7;0;2;9;1;1
202400007866;155 767 967;7;0;2;4;1;1
202400007867;155 767 962;1;0;0;1;21;5
202400007868;155 767 957;10;0;2;1;1;1
202400007868;155 767 960;7;0;2;4;1;1
202400007869;155 767 958;7;0;2;1;1;1
202400007869;155 767 959;7;0;2;6;1;1
202400007869;155 767 961;10;0;0;0;0;1
202400007870;155 767 956;7;0;1;3;1;
202400007871;155 767 953;10;0;2;7;1;1
202400007871;155 767 955;1;0;2;0;0;5
202400007872;155 767 951;7;0;2;8;1;1
202400007872;155 767 952;7;0;2;4;1;1
202400007872;155 767 954;31;0;2;7;3;1
202400007873;155 767 950;30;14;0;1;14;3
202400007874;155 767 949;7;0;1;1;15;1
202400007875;155 767 946;7;4;2;4;2;1
202400007875;155 767 947;7;4;2;1;2;1
202400007875;155 767 948;7;4;2;4;2;1
202400007876;155 767 945;10;0;1;3;1;1
202400007877;155 767 939;7;0;2;3;1;1
202400007877;155 767 941;33;0;2;2;3;1
202400007877;155 767 943;7;0;2;6;1;1
202400007878;155 767 938;1;0;2;7;1;5
202400007878;155 767 942;7;0;2;1;1;1
202400007879;155 767 936;7;0;2;4;2;1
202400007879;155 767 937;7;0;2;1;2;1
202400007879;155 767 940;7;0;2;9;2;1
202400007880;155 767 935;7;4;0;1;1;1
202400007881;155 767 933;7;0;2;1;17;1
202400007881;155 767 934;1;0;2;1;1;5
202400007882;155 767 931;33;0;2;9;1;1
202400007882;155 767 932;17;0;2;7;15;1
202400007883;155 767 930;10;0;1;7;26;1
202400007884;155 767 927;7;0;2;1;0;1
202400007884;155 767 929;33;0;2;8;0;1
202400007885;155 767 925;7;0;2;1;1;1
202400007885;155 767 928;7;0;0;4;0;1
202400007886;155 767 924;7;0;2;3;1;1
202400007886;155 767 926;30;0;2;1;1;1
202400007887;155 767 922;32;0;2;1;2;1
202400007887;155 767 923;7;0;2;4;1;1
202400007888;155 767 919;7;9;2;1;14;1
202400007888;155 767 921;7;0;2;1;1;1
202400007889;155 767 918;1;0;2;3;15;5
202400007889;155 767 920;7;0;2;2;19;1
202400007890;155 767 916;7;0;2;7;15;1
202400007890;155 767 917;50;0;2;1;9;3
202400007891;155 767 913;37;0;2;3;21;1
202400007891;155 767 915;7;0;2;4;23;1
202400007892;155 767 912;7;0;1;1;1;1
202400007893;155 767 907;7;0;2;7;17;2
202400007893;155 767 909;1;0;2;8;2;5
202400007894;155 767 908;7;4;0;4;1;1
202400007894;155 767 910;7;0;2;1;2;1
202400007895;155 767 911;7;0;1;0;16;1
202400007896;155 767 903;1;0;2;1;19;5
202400007896;155 767 906;7;0;2;3;1;1
202400007897;155 767 904;7;8;0;1;16;1
202400007898;155 767 902;1;0;2;1;1;0
202400007898;155 767 905;10;0;2;2;9;1
202400007899;155 767 899;7;0;2;2;9;2
202400007899;155 767 901;34;0;2;1;17;1
202400007900;155 767 898;7;0;1;5;4;1
202400007901;155 767 897;7;0;2;3;15;1
202400007901;155 767 900;32;0;2;1;1;1
202400007902;155 767 895;32;0;0;0;1;1
202400007903;155 767 894;7;0;2;4;2;1
202400007903;155 767 896;2;0;2;1;2;1
202400007904;155 767 892;7;0;2;4;23;1
202400007904;155 767 893;7;4;0;2;1;1
202400007905;155 767 890;7;0;1;3;0;1
202400007906;155 767 889;30;0;2;3;17;1
202400007906;155 767 891;7;0;2;8;1;1
202400007907;155 767 887;7;0;1;2;0;1
202400007908;155 767 886;33;0;2;1;1;1
202400007908;155 767 888;7;0;2;2;15;2
202400007909;155 767 885;7;0;1;1;26;1
202400007910;155 767 883;7;0;2;1;26;3
202400007910;155 767 884;7;0;2;1;26;3
202400007911;155 767 881;7;0;1;1;1;1
202400007912;155 767 880;7;12;0;3;15;1
202400007912;155 767 882;33;0;2;0;13;0
202400007913;155 767 879;33;0;0;8;0;1
202400007914;155 767 877;7;0;1;1;1;1
202400007915;155 767 876;7;0;2;3;10;1
202400007915;155 767 878;2;0;0;2;2;0
202400007916;155 767 875;7;0;1;7;1;1
202400007917;155 767 872;10;0;1;1;15;1
202400007918;155 767 871;7;0;2;3;9;1
202400007918;155 767 873;1;0;2;2;1;5
202400007919;155 767 870;7;0;2;7;15;1
202400007919;155 767 874;7;0;2;3;15;1
202400007920;155 767 867;32;0;1;2;1;1
202400007921;155 767 865;1;1;0;8;25;5
202400007921;155 767 868;7;1;0;2;1;1
202400007922;155 767 864;33;12;0;7;26;1
202400007923;155 767 863;7;0;1;1;1;1
202400007924;155 767 860;50;0;2;1;1;3
202400007924;155 767 862;37;0;2;1;15;1
202400007925;155 767 858;34;0;2;1;18;1
202400007925;155 767 861;7;0;2;2;20;1
202400007926;155 767 857;7;0;2;8;26;1
202400007926;155 767 859;7;0;2;2;1;1
202400007927;155 767 855;7;0;2;3;13;1
202400007927;155 767 856;10;0;2;3;14;1
202400007928;155 767 854;7;0;1;1;1;1
202400007929;155 767 851;7;0;2;4;1;3
202400007929;155 767 853;10;0;2;1;2;1
202400007930;155 767 849;50;0;0;1;26;3
202400007931;155 767 848;7;0;2;4;2;1
202400007931;155 767 850;7;0;2;1;2;1
202400007931;155 767 852;14;0;0;0;0;0
202400007932;155 767 847;1;0;1;0;5;5
202400007933;155 767 845;10;5;0;9;1;1
202400007934;155 767 844;7;0;2;1;5;1
202400007934;155 767 846;33;0;2;1;1;1
202400007935;155 767 842;33;15;0;1;0;1
202400007936;155 767 841;7;0;2;0;15;1
202400007936;155 767 843;50;0;2;0;1;3
202400007937;155 767 838;33;0;0;5;1;1
202400007938;155 767 837;2;0;2;1;19;1
202400007938;155 767 839;7;0;2;3;16;1
202400007939;155 767 835;7;0;2;7;2;
202400007939;155 767 836;50;0;2;7;1;3
202400007940;155 767 831;7;16;0;9;14;1
202400007941;155 767 829;7;0;2;3;13;1
202400007941;155 767 832;7;0;2;3;1;1
202400007942;155 767 828;7;0;2;1;1;1
202400007942;155 767 830;7;0;2;1;1;1
202400007943;155 767 826;7;0;1;3;1;1
202400007944;155 767 824;50;0;2;1;5;3
202400007944;155 767 827;7;0;9;2;12;1
202400007945;155 767 822;13;0;2;7;10;1
202400007945;155 767 825;33;0;2;1;1;1
202400007946;155 767 821;1;0;2;8;15;5
202400007946;155 767 823;7;0;2;2;2;1
202400007947;155 767 820;7;0;1;2;1;1
202400007948;155 767 819;7;0;1;1;1;1
202400007949;155 767 818;7;5;0;1;1;1
202400007950;155 767 816;30;0;4;7;5;1
202400007950;155 767 817;40;0;2;1;16;0
202400007951;155 767 814;7;8;0;3;1;1
202400007952;155 767 812;7;0;2;1;12;1
202400007952;155 767 813;7;0;2;1;1;1
202400007952;155 767 815;7;0;2;5;1;1
202400007953;155 767 811;7;0;1;0;1;2
202400007954;155 767 810;33;4;0;1;13;1
202400007955;155 767 807;38;0;0;3;2;1
202400007955;155 767 809;7;2;2;2;12;1
202400007956;155 767 806;1;0;2;1;1;5
202400007956;155 767 808;1;0;2;1;1;5
202400007957;155 767 805;33;0;1;0;21;1
202400007958;155 767 803;10;0;1;4;4;1
202400007959;155 767 802;7;0;1;1;1;1
202400007960;155 767 801;7;0;2;1;1;1
202400007960;155 767 804;7;0;2;8;1;1
202400007961;155 767 800;1;0;1;0;1;5
202400007962;155 767 798;7;2;0;3;1;1
202400007963;155 767 797;7;0;2;0;0;0
202400007963;155 767 799;32;0;2;0;2;0
202400007964;155 767 795;2;0;2;1;1;1
202400007964;155 767 796;7;0;2;2;1;1
202400007965;155 767 792;30;0;2;3;1;1
202400007965;155 767 794;7;0;2;1;15;1
202400007966;155 767 791;7;0;2;3;13;1
202400007966;155 767 793;7;0;2;3;1;1
202400007967;155 767 790;7;8;0;1;1;1
202400007968;155 767 787;7;0;2;7;1;1
202400007968;155 767 789;50;0;2;1;1;3
202400007969;155 767 786;7;0;2;3;21;1
202400007969;155 767 788;7;0;2;3;13;1
202400007970;155 767 782;1;0;2;8;25;5
202400007970;155 767 784;7;0;2;1;9;1
202400007971;155 767 780;7;0;2;1;1;1
202400007971;155 767 783;7;0;2;1;1;1
202400007971;155 767 785;7;0;2;4;23;1
202400007972;155 767 778;1;0;0;0;0;5
202400007973;155 767 777;7;0;1;8;19;2
202400007974;155 767 774;7;0;2;3;9;1
202400007974;155 767 775;33;0;2;8;1;1
202400007975;155 767 773;7;0;1;1;1;1
202400007976;155 767 770;10;0;2;2;17;1
202400007976;155 767 771;10;0;2;6;15;1
202400007977;155 767 769;33;0;2;1;1;1
202400007977;155 767 772;10;0;2;3;15;1
202400007978;155 767 765;50;0;2;1;19;3
202400007978;155 767 767;7;0;2;8;1;1
202400007979;155 767 766;7;0;2;1;2;1
202400007979;155 767 768;7;0;2;4;1;1
202400007980;155 767 764;1;0;0;0;1;5
202400007981;155 767 762;7;0;2;3;13;1
202400007981;155 767 763;37;0;2;3;0;1
202400007982;155 767 759;7;0;1;1;16;1
202400007983;155 767 760;33;0;0;8;0;1
202400007984;155 767 758;38;0;1;8;1;1
202400007985;155 767 755;7;0;2;7;15;1
202400007985;155 767 757;50;0;2;1;1;3
202400007986;155 767 756;33;0;0;8;1;1
202400007987;155 767 753;7;0;2;4;2;1
202400007987;155 767 754;7;6;2;1;1;1
202400007988;155 767 751;10;0;2;1;1;1
202400007988;155 767 752;7;0;2;4;15;1
202400007989;155 767 750;7;5;1;3;13;1
202400007990;155 767 747;40;0;2;3;19;3
202400007990;155 767 749;7;0;4;2;16;1
202400007991;155 767 746;7;0;2;2;1;1
202400007991;155 767 748;1;0;2;1;15;5
202400007992;155 767 743;3;0;1;1;1;2
202400007993;155 767 742;2;0;2;2;19;1
202400007993;155 767 744;7;0;2;2;1;1
202400007994;155 767 741;31;0;2;8;16;1
202400007994;155 767 745;7;0;2;2;1;1
202400007995;155 767 738;7;0;2;1;1;0
202400007995;155 767 740;30;0;2;1;1;1
202400007996;155 767 739;7;1;0;2;14;1
202400007997;155 767 737;32;13;0;1;1;1
202400007998;155 767 735;7;0;2;6;1;1
202400007998;155 767 736;50;0;2;1;2;3
202400007999;155 767 732;2;0;2;1;1;1
202400007999;155 767 734;7;0;2;2;15;1
202400008000;155 767 733;33;3;0;1;14;1
202400008001;155 767 730;7;0;2;3;19;1
202400008001;155 767 731;50;0;2;1;1;3
202400008002;155 767 728;7;0;2;1;13;1
202400008002;155 767 729;7;0;2;1;1;1
202400008003;155 767 725;30;0;2;1;1;1
202400008003;155 767 726;10;0;2;7;15;1
202400008004;155 767 721;7;0;2;1;2;1
202400008004;155 767 723;7;0;2;4;2;1
202400008005;155 767 719;7;0;1;1;15;1
202400008006;155 767 717;7;0;2;1;2;1
202400008006;155 767 720;33;0;2;1;1;1
202400008006;155 767 722;7;0;2;3;1;1
202400008006;155 767 724;7;0;2;8;2;1
202400008006;155 767 727;7;0;9;1;2;2
202400008007;155 767 716;7;0;2;3;19;1
202400008007;155 767 718;2;0;2;1;1;1
202400008008;155 767 715;10;0;1;2;1;1
202400008009;155 767 712;7;0;1;1;1;1
202400008010;155 767 711;7;0;2;3;13;1
202400008010;155 767 714;30;0;2;1;1;1
202400008011;155 767 706;7;0;2;1;1;1
202400008011;155 767 707;7;0;2;4;23;1
202400008011;155 767 708;7;0;2;4;1;1
202400008012;155 767 710;33;0;2;1;1;1
202400008012;155 767 713;7;0;2;7;15;1
202400008013;155 767 705;33;13;0;1;16;1
202400008014;155 767 701;7;0;2;1;2;1
202400008014;155 767 704;7;0;2;4;2;1
202400008015;155 767 700;7;0;2;2;1;1
202400008015;155 767 703;7;0;2;6;1;1
202400008016;155 767 699;7;0;2;6;13;1
202400008016;155 767 702;7;0;2;3;0;1
202400008017;155 767 697;7;0;1;8;1;1
202400008018;155 767 696;10;0;2;3;15;1
202400008018;155 767 698;30;0;2;2;17;1
202400008019;155 767 695;80;0;0;1;0;3
202400008020;155 767 694;7;0;1;1;1;1
202400008021;155 767 691;7;0;2;1;2;1
202400008021;155 767 693;7;0;2;4;2;2
202400008022;155 767 689;7;0;2;4;23;1
202400008022;155 767 690;7;0;2;1;1;1
202400008023;155 767 688;33;0;0;0;1;1
202400008024;155 767 686;7;0;2;1;2;1
202400008024;155 767 687;7;0;2;4;1;1
202400008025;155 767 684;33;13;0;7;1;1
202400008026;155 767 683;7;0;2;4;1;1
202400008026;155 767 685;7;0;2;1;11;1
202400008027;155 767 681;33;0;5;1;21;1
202400008028;155 767 678;7;0;2;3;16;1
202400008028;155 767 679;50;0;2;2;25;3
202400008029;155 767 676;7;13;0;0;1;1
202400008030;155 767 673;7;0;2;4;2;1
202400008030;155 767 675;10;0;2;4;1;1
202400008030;155 767 677;7;0;2;6;2;1
202400008030;155 767 680;7;0;2;4;2;1
202400008030;155 767 682;10;0;2;1;2;1
202400008031;155 767 672;7;0;2;2;26;1
202400008031;155 767 674;7;0;2;0;0;1
202400008032;155 767 668;7;2;2;4;19;1
202400008032;155 767 671;7;0;2;1;1;1
202400008033;155 767 666;10;0;2;8;1;1
202400008033;155 767 669;10;0;2;2;1;1
202400008034;155 767 667;33;0;2;2;26;1
202400008034;155 767 670;7;0;2;2;19;1
202400008035;155 767 663;1;0;2;8;1;5
202400008035;155 767 665;7;0;2;0;26;1
202400008036;155 767 661;7;0;2;1;0;1
202400008036;155 767 664;7;0;2;1;0;1
202400008037;155 767 659;50;0;1;1;25;3
202400008038;155 767 658;7;0;2;2;5;1
202400008038;155 767 660;32;0;2;1;1;1
202400008038;155 767 662;7;0;2;1;1;1
202400008039;155 767 657;7;4;0;2;2;1
202400008040;155 767 653;7;0;2;1;2;1
202400008040;155 767 655;7;0;2;4;1;1
202400008040;155 767 656;7;0;2;2;26;1
202400008041;155 767 651;33;0;2;1;21;1
202400008041;155 767 654;7;0;2;5;15;2
202400008042;155 767 650;21;0;2;8;15;1
202400008042;155 767 652;33;0;2;1;17;1
202400008043;155 767 648;7;0;2;2;12;1
202400008043;155 767 649;33;0;2;3;3;3
202400008044;155 767 646;33;0;2;1;2;1
202400008044;155 767 647;10;0;2;6;2;1
202400008045;155 767 644;7;4;0;1;1;1
202400008046;155 767 643;7;0;2;1;13;1
202400008046;155 767 645;7;0;2;3;1;1
202400008047;155 767 641;7;0;2;8;2;1
202400008047;155 767 642;7;0;2;7;2;1
202400008048;155 767 640;7;15;0;7;13;1
202400008049;155 767 639;33;12;0;8;1;1
202400008050;155 767 634;33;0;2;1;1;1
202400008050;155 767 635;7;0;2;4;1;1
202400008051;155 767 636;3;0;2;1;1;1
202400008051;155 767 638;7;0;2;4;0;1
202400008052;155 767 630;7;0;1;8;15;1
202400008053;155 767 629;7;0;2;7;1;2
202400008053;155 767 632;7;0;2;1;1;1
202400008054;155 767 628;7;4;0;2;1;1
202400008055;155 767 626;7;0;2;8;19;1
202400008055;155 767 627;30;0;2;1;1;1
202400008056;155 767 625;3;0;1;1;0;1
202400008057;155 767 624;7;0;1;2;1;2
202400008058;155 767 623;2;0;0;7;1;1
202400008059;155 767 620;7;0;4;6;19;1
202400008059;155 767 622;39;1;2;3;1;3
202400008060;155 767 619;7;0;2;1;0;1
202400008060;155 767 621;7;0;2;0;0;1
202400008061;155 767 617;33;0;2;1;2;1
202400008061;155 767 618;7;0;0;5;2;1
202400008062;155 767 614;7;0;2;3;1;1
202400008062;155 767 616;7;0;2;1;0;1
202400008063;155 767 613;7;0;2;1;5;1
202400008063;155 767 615;7;0;2;1;23;1
202400008064;155 767 610;7;0;2;1;1;1
202400008064;155 767 611;7;0;2;1;15;1
202400008065;155 767 609;7;0;2;2;1;1
202400008065;155 767 612;7;0;2;3;15;0
202400008066;155 767 607;37;0;1;2;1;1
202400008067;155 767 606;33;0;2;5;1;1
202400008067;155 767 608;32;0;2;5;1;1
202400008068;155 767 605;7;0;1;1;1;1
202400008069;155 767 604;10;0;1;2;15;3
202400008070;155 767 601;7;0;2;4;23;2
202400008070;155 767 602;7;0;2;1;2;1
202400008070;155 767 603;7;0;2;4;2;1
202400008071;155 767 600;37;3;0;7;0;0
202400008072;155 767 598;2;8;2;3;18;1
202400008072;155 767 599;7;0;2;7;22;2
202400008073;155 767 596;7;0;0;9;1;1
202400008074;155 767 595;7;0;2;7;19;2
202400008074;155 767 597;7;0;2;1;1;1
202400008075;155 767 594;2;0;1;1;1;1
202400008076;155 767 591;10;0;1;1;1;1
202400008077;155 767 589;31;0;2;1;2;1
202400008077;155 767 590;1;0;2;0;19;5
202400008078;155 767 587;1;0;2;1;1;5
202400008078;155 767 592;7;0;9;3;15;1
202400008079;155 767 588;7;0;0;3;19;1
202400008079;155 767 593;10;0;2;1;1;1
202400008080;155 767 585;33;0;2;0;0;1
202400008080;155 767 586;7;0;2;0;1;1
202400008081;155 767 583;33;14;0;1;1;1
202400008082;155 767 581;7;0;2;8;24;2
202400008082;155 767 582;1;1;0;1;0;5
202400008083;155 767 575;7;0;2;3;15;1
202400008083;155 767 576;10;0;2;3;17;1
202400008084;155 767 574;50;0;2;2;1;3
202400008084;155 767 578;7;0;2;3;1;1
202400008085;155 767 572;7;0;2;3;16;2
202400008085;155 767 573;80;0;2;2;15;3
202400008086;155 767 570;33;0;2;1;1;1
202400008086;155 767 571;1;0;2;4;1;5
202400008087;155 767 577;33;0;2;1;2;1
202400008087;155 767 579;7;0;0;7;15;1
202400008087;155 767 580;33;0;2;1;2;1
202400008087;155 767 584;7;0;2;1;2;2
202400008088;155 767 568;7;0;2;1;1;1
202400008088;155 767 569;7;0;0;4;23;1
202400008089;155 767 566;33;0;0;1;1;1
202400008090;155 767 565;1;0;2;1;11;5
202400008090;155 767 567;1;0;2;0;1;5
202400008091;155 767 564;10;0;1;0;0;0
202400008092;155 767 561;33;0;2;0;21;1
202400008093;155 767 558;15;0;2;3;15;1
202400008093;155 767 560;32;0;2;2;3;1
202400008094;155 767 559;33;0;2;1;1;1
202400008094;155 767 562;7;0;2;4;15;1
202400008094;155 767 563;33;0;2;3;1;1
202400008095;155 767 556;32;0;2;0;0;0
202400008095;155 767 557;1;0;2;7;0;5
202400008096;155 767 551;7;0;2;5;2;1
202400008096;155 767 554;7;0;2;2;2;1
202400008096;155 767 555;31;0;2;4;2;1
202400008097;155 767 549;32;0;2;7;15;1
202400008097;155 767 552;33;0;2;1;1;1
202400008098;155 767 550;33;0;2;1;1;1
202400008098;155 767 553;33;0;0;4;26;1
202400008099;155 767 545;37;0;2;8;15;2
202400008099;155 767 547;50;0;2;1;21;3
202400008100;155 767 544;7;0;2;3;26;1
202400008100;155 767 546;33;0;2;8;5;1
202400008101;155 767 543;10;0;2;1;1;1
202400008101;155 767 548;7;0;2;8;15;1
202400008102;155 767 541;43;0;2;4;2;1
202400008102;155 767 542;7;0;2;1;1;2
202400008103;155 767 539;7;6;0;1;15;1
202400008104;155 767 540;7;0;1;2;0;1
202400008105;155 767 536;1;8;0;0;1;5
202400008106;155 767 534;7;0;2;3;15;1
202400008106;155 767 537;99;0;2;1;1;0
202400008107;155 767 535;7;0;2;6;15;1
202400008107;155 767 538;34;0;2;1;1;1
202400008108;155 767 532;7;0;1;3;1;1
202400008109;155 767 528;33;13;2;6;5;1
202400008109;155 767 530;10;0;2;6;1;0
202400008110;155 767 527;7;0;2;4;1;1
202400008110;155 767 529;10;0;2;1;2;1
202400008110;155 767 531;7;0;2;4;2;1
202400008111;155 767 523;7;0;2;4;1;1
202400008111;155 767 525;43;0;2;1;1;1
202400008112;155 767 521;7;0;2;3;15;1
202400008112;155 767 526;7;0;2;3;1;3
202400008113;155 767 520;33;0;2;7;1;1
202400008113;155 767 522;7;0;2;8;5;1
202400008113;155 767 524;7;0;2;2;9;1
202400008114;155 767 517;7;0;1;1;1;1
202400008115;155 767 516;33;0;2;1;3;1
202400008115;155 767 518;7;0;2;4;1;1
202400008115;155 767 519;33;0;2;1;3;1
202400008116;155 767 515;7;13;0;1;1;1
202400008117;155 767 514;31;4;0;7;2;1
202400008118;155 767 513;7;0;1;0;2;0
202400008119;155 767 512;7;2;0;1;1;1
202400008120;155 767 509;7;0;1;1;17;1
202400008121;155 767 510;7;0;2;1;1;2
202400008121;155 767 511;1;0;2;8;1;5
202400008122;155 767 507;1;0;0;4;2;5
202400008122;155 767 508;7;0;9;2;17;1
202400008123;155 767 506;7;0;1;3;2;1
202400008124;155 767 505;33;0;0;4;2;1
202400008125;155 767 504;31;0;1;3;26;1
202400008126;155 767 501;10;0;2;1;2;1
202400008126;155 767 503;7;0;2;4;23;2
202400008127;155 767 499;7;0;1;2;1;1
202400008128;155 767 498;7;0;2;1;2;1
202400008128;155 767 500;10;0;2;4;2;1
202400008128;155 767 502;7;0;2;4;2;2
202400008129;155 767 493;7;0;2;2;1;2
202400008129;155 767 496;7;0;2;3;16;2
202400008130;155 767 491;7;8;2;4;2;1
202400008130;155 767 497;7;0;2;2;2;1
202400008131;155 767 492;7;0;2;1;2;1
202400008131;155 767 495;7;0;2;4;2;1
202400008132;155 767 490;31;0;2;1;1;1
202400008132;155 767 494;50;0;2;5;19;3
202400008133;155 767 487;2;0;1;0;0;0
202400008134;155 767 486;7;0;2;1;26;1
202400008134;155 767 489;33;0;2;1;26;1
202400008135;155 767 485;10;1;0;1;1;1
202400008135;155 767 488;7;0;2;6;23;2
202400008136;155 767 483;21;0;2;6;15;1
202400008136;155 767 484;7;0;2;2;17;1
202400008137;155 767 480;7;0;1;2;0;1
202400008138;155 767 479;50;0;2;1;0;3
202400008138;155 767 482;7;0;2;6;22;3
202400008139;155 767 478;7;0;2;6;1;1
202400008139;155 767 481;31;0;2;1;26;1
202400008140;155 767 473;7;0;1;1;14;0
202400008141;155 767 475;7;0;2;1;2;1
202400008141;155 767 477;7;0;2;4;2;2
202400008142;155 767 472;7;0;2;1;2;2
202400008142;155 767 476;50;0;2;3;19;3
202400008143;155 767 470;10;0;2;5;12;1
202400008143;155 767 471;43;0;2;8;3;1
202400008143;155 767 474;7;0;2;4;1;1
202400008144;155 767 465;7;14;0;5;23;2
202400008144;155 767 469;30;3;0;2;12;1
202400008145;155 767 466;30;0;2;7;21;1
202400008145;155 767 468;7;0;2;8;26;1
202400008146;155 767 467;33;12;0;7;14;1
202400008147;155 767 462;0;0;1;0;26;0
202400008148;155 767 463;7;0;2;1;1;2
202400008148;155 767 464;7;0;2;6;1;2
202400008149;155 767 459;33;0;2;7;17;1
202400008149;155 767 461;10;0;2;3;15;1
202400008150;155 767 460;30;1;1;1;17;3
202400008151;155 767 452;33;0;1;1;1;1
202400008152;155 767 454;7;8;2;7;15;1
202400008152;155 767 457;7;0;2;1;1;1
202400008152;155 767 458;1;0;2;7;1;5
202400008153;155 767 453;34;0;2;7;21;1
202400008153;155 767 456;10;0;2;8;23;1
202400008154;155 767 451;10;0;2;1;21;1
202400008154;155 767 455;50;0;2;7;0;3
202400008155;155 767 446;10;0;2;2;24;0
202400008155;155 767 449;1;0;2;3;1;5
202400008156;155 767 447;33;0;2;1;1;1
202400008156;155 767 450;33;0;2;4;26;1
202400008157;155 767 444;7;0;2;2;1;1
202400008157;155 767 448;7;0;2;6;2;2
202400008158;155 767 443;7;1;0;4;2;1
202400008158;155 767 445;7;15;2;4;1;2
202400008159;155 767 439;10;0;2;7;19;1
202400008160;155 767 441;30;0;2;1;2;1
202400008160;155 767 442;7;0;0;0;1;1
202400008161;155 767 436;7;0;2;3;11;1
202400008161;155 767 438;31;0;2;7;3;1
202400008161;155 767 440;7;0;2;4;23;1
202400008162;155 767 434;32;0;0;7;26;1
202400008163;155 767 433;7;0;2;7;1;2
202400008163;155 767 437;7;0;2;1;1;1
202400008164;155 767 432;2;0;2;7;17;1
202400008164;155 767 435;7;0;2;8;20;1
202400008165;155 767 430;30;0;2;1;2;1
202400008165;155 767 431;50;0;0;0;2;3
202400008166;155 767 428;7;0;0;0;26;1
202400008167;155 767 426;7;0;2;3;9;1
202400008167;155 767 429;2;0;2;1;17;1
202400008168;155 767 425;10;0;2;1;1;1
202400008168;155 767 427;10;0;2;8;15;1
202400008169;155 767 423;7;0;2;8;15;1
202400008169;155 767 424;50;0;2;7;1;3
202400008170;155 767 419;7;0;2;6;14;1
202400008170;155 767 422;7;0;2;2;1;1
202400008171;155 767 418;43;0;2;1;1;1
202400008171;155 767 421;37;0;2;2;15;1
202400008172;155 767 417;2;0;0;0;0;1
202400008172;155 767 420;7;0;0;0;14;0
202400008173;155 767 413;7;0;2;3;1;2
202400008173;155 767 416;37;0;2;1;1;1
202400008174;155 767 414;7;4;0;9;1;0
202400008175;155 767 411;30;0;2;7;17;1
202400008175;155 767 415;7;0;2;8;15;1
202400008176;155 767 412;7;0;1;2;0;1
202400008177;155 767 409;14;0;2;7;14;1
202400008177;155 767 410;1;1;2;8;2;5
202400008178;155 767 408;7;0;2;5;1;1
202400008179;155 767 405;7;0;2;0;2;1
202400008179;155 767 406;31;0;2;7;1;3
202400008180;155 767 404;2;0;2;4;11;1
202400008180;155 767 407;10;0;2;2;1;1
202400008181;155 767 402;7;0;1;3;15;1
202400008182;155 767 401;32;0;2;1;17;1
202400008182;155 767 403;7;0;2;1;0;1
202400008183;155 767 399;7;8;0;2;14;1
202400008184;155 767 397;7;0;2;3;15;1
202400008184;155 767 398;2;0;2;7;1;1
202400008185;155 767 395;7;0;2;7;1;1
202400008185;155 767 400;50;0;2;1;1;3
202400008186;155 767 393;31;0;2;2;1;1
202400008186;155 767 396;7;0;2;3;15;1
202400008187;155 767 391;33;0;2;1;0;0
202400008187;155 767 394;7;0;2;7;15;1
202400008188;155 767 388;7;0;2;3;1;1
202400008188;155 767 390;7;0;2;1;23;1
202400008188;155 767 392;7;0;2;2;19;1
202400008189;155 767 387;1;0;2;8;15;5
202400008189;155 767 389;7;0;2;1;1;1
202400008190;155 767 384;7;0;2;7;15;1
202400008190;155 767 385;37;9;2;1;1;1
202400008191;155 767 383;7;0;2;6;15;2
202400008191;155 767 386;2;0;2;1;1;1
202400008192;155 767 382;7;0;1;7;15;1
202400008193;155 767 381;30;12;0;7;21;1
202400008194;155 767 380;30;0;0;2;1;1
202400008195;155 767 377;7;0;2;3;15;1
202400008195;155 767 379;34;0;2;1;13;1
202400008196;155 767 375;50;0;0;0;16;3
202400008197;155 767 376;7;0;2;3;19;1
202400008197;155 767 378;50;0;2;3;1;3
202400008198;155 767 372;1;0;2;1;19;5
202400008198;155 767 374;10;0;9;3;1;1
202400008199;155 767 371;14;4;0;3;1;1
202400008200;155 767 369;37;0;2;3;1;1
202400008200;155 767 373;7;0;2;5;16;1
202400008201;155 767 368;15;0;0;1;1;1
202400008201;155 767 370;7;0;0;8;19;1
202400008202;155 767 367;7;0;1;1;1;1
202400008203;155 767 364;10;0;2;3;13;1
202400008203;155 767 366;7;0;2;1;1;1
202400008204;155 767 362;7;0;2;3;10;0
202400008204;155 767 365;33;0;2;3;1;0
202400008205;155 767 361;7;0;2;1;1;1
202400008205;155 767 363;7;0;2;1;13;1
202400008206;155 767 360;30;0;2;1;26;1
202400008207;155 767 355;33;0;2;1;1;3
202400008207;155 767 358;7;0;2;3;10;2
202400008208;155 767 357;7;0;2;1;2;1
202400008208;155 767 359;10;0;2;4;23;1
202400008209;155 767 351;80;1;2;1;2;3
202400008209;155 767 353;7;0;2;2;22;1
202400008210;155 767 349;7;0;2;3;1;1
202400008210;155 767 352;7;0;2;3;11;2
202400008210;155 767 354;7;0;2;3;1;1
202400008210;155 767 356;7;0;2;3;1;2
202400008211;155 767 347;7;0;2;3;15;3