Num_Acc;id_vehicule;categorie_vehicule;obstacle_fixe;obstacle_mobile;point_choc_initial;manoeuvre_principale;motorisation
202400008211;155 767 350;7;0;2;1;1;1
202400008212;155 767 346;7;0;2;3;15;1
202400008212;155 767 348;33;0;2;2;17;1
202400008213;155 767 344;7;0;1;2;1;1
202400008214;155 767 345;7;0;1;3;15;0
202400008215;155 767 342;7;0;2;8;1;2
202400008215;155 767 343;60;0;2;8;19;5
202400008216;155 767 340;7;0;1;1;13;1
202400008217;155 767 336;31;0;2;7;1;1
202400008217;155 767 339;7;0;2;3;15;1
202400008218;155 767 338;2;0;2;5;2;1
202400008218;155 767 341;7;0;2;3;2;2
202400008219;155 767 335;1;0;2;1;1;5
202400008219;155 767 337;7;0;2;1;15;2
202400008220;155 767 332;7;0;2;2;0;1
202400008220;155 767 334;33;3;2;7;0;1
202400008221;155 767 331;10;0;1;4;20;1
202400008222;155 767 330;7;8;0;1;1;1
202400008223;155 767 329;7;0;2;2;19;1
202400008223;155 767 333;7;0;2;1;1;1
202400008224;155 767 327;7;1;0;1;1;1
202400008225;155 767 326;33;0;2;2;15;1
202400008225;155 767 328;7;0;2;3;19;1
202400008226;155 767 325;31;0;0;0;9;1
202400008227;155 767 322;37;0;2;2;1;3
202400008227;155 767 323;80;0;2;8;13;3
202400008228;155 767 321;7;0;2;1;12;1
202400008228;155 767 324;7;0;2;3;1;0
202400008229;155 767 318;14;0;0;6;1;1
202400008229;155 767 320;7;0;2;2;17;2
202400008230;155 767 317;33;0;2;2;5;1
202400008230;155 767 319;7;0;2;2;1;1
202400008231;155 767 315;7;0;2;4;23;1
202400008231;155 767 316;7;0;2;1;2;1
202400008232;155 767 312;7;0;2;3;13;2
202400008232;155 767 313;7;0;2;1;1;1
202400008233;155 767 311;7;0;2;1;2;1
202400008233;155 767 314;7;0;2;4;2;2
202400008234;155 767 308;7;0;2;1;21;1
202400008234;155 767 310;1;0;2;1;16;5
202400008235;155 767 307;7;0;2;3;15;1
202400008235;155 767 309;33;0;2;7;17;1
202400008236;155 767 305;7;0;1;2;1;1
202400008237;155 767 304;7;0;2;3;9;1
202400008237;155 767 306;7;0;2;2;1;1
202400008238;155 767 301;7;0;2;3;13;1
202400008238;155 767 303;15;0;2;3;1;1
202400008239;155 767 300;7;15;0;0;1;1
202400008240;155 767 299;7;0;2;3;13;1
202400008240;155 767 302;7;1;2;8;1;1
202400008241;155 767 298;31;0;0;7;21;1
202400008242;155 767 297;7;1;0;2;14;1
202400008243;155 767 296;7;0;1;1;23;1
202400008244;155 767 293;7;0;2;2;16;1
202400008244;155 767 295;2;0;2;1;1;1
202400008245;155 767 290;7;0;2;1;1;1
202400008245;155 767 294;7;0;2;8;1;1
202400008246;155 767 289;1;0;2;7;19;5
202400008246;155 767 292;10;0;9;3;1;1
202400008247;155 767 288;10;0;2;1;1;1
202400008247;155 767 291;14;0;2;1;1;1
202400008248;155 767 287;7;0;1;3;1;1
202400008249;155 767 285;7;13;0;9;1;1
202400008250;155 767 282;15;0;2;2;17;1
202400008250;155 767 284;30;0;2;4;15;1
202400008251;155 767 281;7;0;1;3;1;1
202400008252;155 767 280;2;0;2;4;2;1
202400008252;155 767 283;7;0;2;1;5;1
202400008252;155 767 286;10;0;2;1;2;1
202400008253;155 767 278;7;0;1;7;1;1
202400008254;155 767 276;7;0;2;1;1;1
202400008254;155 767 279;7;0;2;3;1;1
202400008255;155 767 274;7;13;0;6;14;1
202400008256;155 767 273;7;0;2;1;1;1
202400008256;155 767 277;7;0;2;3;15;1
202400008257;155 767 272;2;0;0;1;0;1
202400008257;155 767 275;10;0;0;3;15;1
202400008258;155 767 268;50;0;2;1;1;3
202400008258;155 767 271;7;0;2;2;16;1
202400008259;155 767 267;50;0;1;0;0;3
202400008260;155 767 266;7;8;2;8;21;1
202400008260;155 767 270;10;0;2;1;9;1
202400008261;155 767 265;30;0;2;8;1;1
202400008261;155 767 269;7;0;2;3;15;1
202400008262;155 767 263;7;9;0;1;25;1
202400008263;155 767 261;30;0;2;1;13;1
202400008263;155 767 264;10;0;2;3;0;1
202400008264;155 767 255;7;0;2;1;1;1
202400008264;155 767 257;7;0;2;1;1;1
202400008264;155 767 259;7;0;2;8;1;1
202400008265;155 767 254;7;0;2;1;26;1
202400008265;155 767 258;7;0;2;4;26;1
202400008265;155 767 262;7;0;2;4;26;1
202400008266;155 767 253;7;0;1;1;1;1
202400008267;155 767 251;7;7;1;1;25;1
202400008268;155 767 249;7;1;0;1;0;1
202400008269;155 767 250;7;0;2;3;13;1
202400008269;155 767 252;14;0;2;3;21;1
202400008270;155 767 248;2;0;0;9;0;1
202400008271;155 767 246;2;0;2;3;26;1
202400008271;155 767 247;7;0;2;2;1;1
202400008272;155 767 241;33;0;2;2;3;1
202400008272;155 767 244;7;0;2;3;15;1
202400008273;155 767 239;7;0;2;1;15;1
202400008273;155 767 243;7;0;2;8;1;1
202400008274;155 767 237;10;16;0;1;1;1
202400008275;155 767 238;14;0;2;8;1;1
202400008275;155 767 240;33;0;2;8;17;1
202400008275;155 767 242;7;0;2;8;1;1
202400008275;155 767 245;7;0;2;8;1;3
202400008276;155 767 236;33;0;0;8;16;1
202400008277;155 767 232;15;0;2;2;12;1
202400008277;155 767 235;33;0;2;8;15;1
202400008278;155 767 227;7;13;2;1;13;1
202400008278;155 767 231;7;0;2;1;1;1
202400008279;155 767 229;14;0;2;2;16;1
202400008279;155 767 233;1;0;2;8;1;5
202400008279;155 767 234;1;0;2;8;1;5
202400008280;155 767 226;10;0;2;8;1;1
202400008280;155 767 228;7;13;0;0;0;1
202400008280;155 767 230;14;0;2;8;1;1
202400008281;155 767 224;7;2;0;1;5;0
202400008282;155 767 221;7;0;2;3;19;1
202400008282;155 767 225;33;0;2;1;1;1
202400008283;155 767 219;1;0;2;7;1;5
202400008283;155 767 223;7;0;9;1;16;1
202400008284;155 767 218;17;0;2;1;1;0
202400008284;155 767 220;7;0;2;4;1;1
202400008284;155 767 222;7;0;0;4;1;1
202400008285;155 767 212;7;13;0;1;1;1
202400008286;155 767 213;7;0;1;2;1;1
202400008287;155 767 214;7;0;2;1;1;1
202400008287;155 767 216;50;0;2;1;9;3
202400008288;155 767 215;7;0;2;1;16;1
202400008288;155 767 217;7;0;0;2;1;1
202400008289;155 767 208;7;0;0;1;13;1
202400008290;155 767 209;1;12;0;0;18;5
202400008291;155 767 207;80;0;2;1;15;3
202400008291;155 767 210;7;0;2;1;1;1
202400008292;155 767 204;7;0;2;7;1;1
202400008292;155 767 206;7;0;2;1;1;1
202400008292;155 767 211;7;0;2;1;19;1
202400008293;155 767 205;7;11;0;1;1;1
202400008294;155 767 202;99;0;2;1;10;0
202400008294;155 767 203;33;0;9;7;1;1
202400008295;155 767 200;80;0;2;1;1;3
202400008295;155 767 201;10;0;2;7;15;0
202400008296;155 767 197;21;0;2;4;1;1
202400008296;155 767 198;7;0;2;1;2;1
202400008297;155 767 196;1;0;2;4;1;5
202400008297;155 767 199;7;0;2;3;1;1
202400008298;155 767 194;10;0;2;1;6;1
202400008298;155 767 195;99;0;2;1;1;3
202400008299;155 767 192;33;0;5;1;1;1
202400008300;155 767 190;80;0;2;1;1;3
202400008300;155 767 193;7;0;2;3;1;0
202400008301;155 767 191;7;2;0;1;1;1
202400008302;155 767 186;50;0;2;8;17;3
202400008302;155 767 189;7;0;9;1;17;0
202400008303;155 767 185;7;0;1;1;1;1
202400008304;155 767 184;7;0;2;2;1;2
202400008304;155 767 188;7;0;2;1;9;1
202400008305;155 767 183;7;0;2;1;1;1
202400008305;155 767 187;60;0;2;8;19;5
202400008306;155 767 180;7;0;1;2;1;1
202400008307;155 767 182;7;0;1;2;16;1
202400008308;155 767 179;7;0;2;1;15;1
202400008308;155 767 181;7;0;2;7;1;2
202400008309;155 767 178;7;6;0;1;15;1
202400008310;155 767 173;7;0;2;8;1;0
202400008310;155 767 176;33;0;2;3;1;0
202400008311;155 767 170;10;0;2;1;19;1
202400008311;155 767 174;7;0;0;6;1;0
202400008312;155 767 168;15;0;2;3;1;1
202400008312;155 767 171;7;0;2;2;15;1
202400008313;155 767 169;7;0;2;1;1;1
202400008313;155 767 172;7;0;2;7;2;2
202400008314;155 767 167;3;8;0;3;1;0
202400008315;155 767 162;32;0;2;2;17;1
202400008315;155 767 164;7;0;2;3;2;1
202400008316;155 767 163;7;0;2;3;1;1
202400008316;155 767 166;3;0;2;1;1;1
202400008317;155 767 161;7;0;2;8;15;1
202400008317;155 767 165;17;0;2;3;21;1
202400008318;155 767 160;7;0;1;1;1;1
202400008319;155 767 156;10;0;2;7;10;1
202400008319;155 767 159;33;0;2;1;2;1
202400008320;155 767 157;7;4;0;1;0;1
202400008321;155 767 155;7;0;2;1;1;1
202400008321;155 767 158;1;0;2;1;15;5
202400008322;155 767 153;50;1;2;1;1;3
202400008322;155 767 154;7;0;2;8;22;2
202400008323;155 767 150;17;0;0;6;2;1
202400008323;155 767 151;14;1;0;2;2;1
202400008324;155 767 149;7;0;2;2;9;1
202400008324;155 767 152;1;0;2;7;1;5
202400008325;155 767 145;32;0;2;1;3;1
202400008325;155 767 147;7;0;2;8;10;1
202400008326;155 767 146;2;0;2;1;1;1
202400008326;155 767 148;7;0;2;3;19;1
202400008327;155 767 143;7;0;2;2;0;1
202400008327;155 767 144;10;0;0;6;0;1
202400008328;155 767 139;14;4;0;3;0;1
202400008329;155 767 138;7;0;2;3;15;1
202400008329;155 767 141;31;0;2;9;17;1
202400008330;155 767 136;7;0;2;3;1;1
202400008330;155 767 137;7;0;2;8;13;1
202400008331;155 767 135;7;0;2;8;1;1
202400008331;155 767 140;7;0;2;6;23;1
202400008331;155 767 142;7;7;2;1;1;1
202400008332;155 767 133;7;0;0;4;0;1
202400008332;155 767 134;33;0;2;0;0;1
202400008333;155 767 131;7;0;1;7;0;1
202400008334;155 767 130;7;0;9;7;15;1
202400008334;155 767 132;1;0;2;1;1;5
202400008335;155 767 129;7;0;1;2;1;1
202400008336;155 767 123;39;0;4;1;1;3
202400008336;155 767 127;3;0;4;8;21;1
202400008337;155 767 124;0;0;1;8;7;0
202400008338;155 767 122;7;0;2;3;1;1
202400008338;155 767 126;15;0;0;3;23;1
202400008338;155 767 128;15;0;0;8;24;1
202400008339;155 767 121;2;0;2;2;1;1
202400008339;155 767 125;7;0;2;3;9;1
202400008340;155 767 120;7;2;0;3;1;1
202400008341;155 767 117;7;8;0;3;13;1
202400008342;155 767 115;7;0;2;1;11;1
202400008342;155 767 119;7;0;2;1;15;1
202400008343;155 767 112;7;0;2;3;15;1
202400008343;155 767 114;2;0;2;2;1;1
202400008344;155 767 111;7;0;1;2;16;1
202400008345;155 767 110;7;0;1;1;1;1
202400008346;155 767 109;1;0;2;0;1;5
202400008346;155 767 113;31;0;2;1;19;1
202400008347;155 767 108;10;0;1;4;4;1
202400008348;155 767 104;7;13;0;1;1;1
202400008349;155 767 107;7;0;1;1;11;1
202400008350;155 767 103;7;0;2;2;1;1
202400008350;155 767 106;7;0;2;1;9;1
202400008351;155 767 102;7;0;2;1;2;1
202400008351;155 767 105;7;0;0;4;23;1
202400008352;155 767 098;33;6;2;1;1;1
202400008352;155 767 101;7;0;2;1;11;2
202400008353;155 767 097;7;0;2;1;13;1
202400008353;155 767 100;7;0;2;1;1;1
202400008354;155 767 096;7;0;2;1;2;1
202400008354;155 767 099;10;0;2;4;1;1
202400008355;155 767 094;10;13;0;2;1;1
202400008356;155 767 093;33;0;0;1;26;1
202400008357;155 767 090;2;0;0;4;2;1
202400008357;155 767 092;2;0;2;0;2;1
202400008358;155 767 088;50;0;2;1;1;3
202400008358;155 767 091;7;0;2;8;15;1
202400008359;155 767 089;33;6;0;3;1;1
202400008360;155 767 085;7;0;2;4;23;1
202400008360;155 767 087;7;0;2;1;2;0
202400008361;155 767 084;1;0;1;1;19;5
202400008362;155 767 082;50;0;2;2;2;3
202400008362;155 767 086;7;0;9;6;9;1
202400008363;155 767 080;7;6;0;8;0;1
202400008364;155 767 079;7;0;1;2;1;1
202400008365;155 767 076;1;0;2;7;1;5
202400008365;155 767 078;7;0;2;3;1;1
202400008366;155 767 073;33;0;2;1;1;1
202400008366;155 767 075;7;0;2;2;15;2
202400008367;155 767 074;7;0;2;1;1;1
202400008367;155 767 077;1;0;2;1;15;5
202400008368;155 767 072;2;0;0;7;1;1
202400008369;155 767 067;7;0;2;3;19;1
202400008369;155 767 070;7;0;2;1;1;1
202400008370;155 767 068;1;0;2;1;1;5
202400008370;155 767 071;7;0;2;8;9;1
202400008371;155 767 063;7;0;2;4;1;1
202400008371;155 767 065;7;0;2;1;2;1
202400008371;155 767 066;7;0;2;1;1;2
202400008371;155 767 069;7;0;2;4;1;3
202400008372;155 767 062;1;0;1;1;2;5
202400008373;155 767 061;7;0;2;8;11;1
202400008373;155 767 064;7;0;2;2;14;0
202400008374;155 767 059;34;3;0;3;13;1
202400008375;155 767 058;7;0;2;1;15;1
202400008375;155 767 060;30;0;2;2;1;1
202400008376;155 767 057;7;0;5;1;2;1
202400008377;155 767 055;30;0;0;0;1;1
202400008378;155 767 053;7;7;0;1;6;1
202400008379;155 767 049;7;0;2;6;2;1
202400008379;155 767 052;7;0;2;3;2;1
202400008379;155 767 054;7;0;2;2;11;0
202400008380;155 767 047;33;0;2;8;2;1
202400008380;155 767 050;7;0;2;4;1;2
202400008381;155 767 048;7;0;2;1;1;1
202400008381;155 767 051;7;0;2;1;1;1
202400008382;155 767 044;7;0;2;6;23;1
202400008382;155 767 046;33;0;2;1;12;1
202400008383;155 767 043;13;0;1;1;1;3
202400008384;155 767 040;33;0;2;1;1;1
202400008384;155 767 041;33;0;2;0;0;1
202400008385;155 767 037;10;0;2;1;1;1
202400008385;155 767 039;7;0;2;4;1;1
202400008386;155 767 038;10;0;1;4;25;1
202400008387;155 767 034;7;0;2;1;2;1
202400008387;155 767 035;17;0;2;4;2;0
202400008388;155 767 030;14;4;0;1;14;1
202400008389;155 767 026;33;0;2;1;3;1
202400008389;155 767 027;10;0;2;4;12;1
202400008390;155 767 029;7;0;2;0;0;1
202400008390;155 767 032;43;0;2;3;17;1
202400008391;155 767 028;7;0;2;1;2;1
202400008391;155 767 031;7;0;2;4;0;2
202400008391;155 767 033;7;0;2;1;21;1
202400008391;155 767 036;7;0;2;4;1;1
202400008392;155 767 025;34;0;0;0;15;1
202400008393;155 767 022;7;0;2;2;2;1
202400008393;155 767 024;7;0;2;6;23;2
202400008394;155 767 021;7;0;2;1;2;1
202400008394;155 767 023;17;0;2;4;2;1
202400008395;155 767 019;7;0;2;1;1;1
202400008395;155 767 020;1;0;2;7;19;5
202400008396;155 767 018;33;0;0;8;21;1
202400008397;155 767 017;2;0;0;8;1;1
202400008398;155 767 015;7;3;0;2;14;1
202400008399;155 767 012;7;0;2;2;12;1
202400008399;155 767 013;32;0;2;3;1;1
202400008400;155 767 014;7;0;2;2;9;1
202400008400;155 767 016;7;0;2;6;0;1
202400008401;155 767 011;33;4;0;7;1;1
202400008402;155 767 009;32;1;0;2;1;1
202400008403;155 767 008;7;0;2;3;16;1
202400008403;155 767 010;7;0;2;3;15;1
202400008404;155 767 005;7;0;1;1;1;1
202400008405;155 767 006;30;0;2;1;1;1
202400008405;155 767 007;7;0;2;5;24;1
202400008406;155 767 003;7;0;2;7;5;1
202400008406;155 767 004;7;0;2;1;26;1
202400008407;155 767 001;7;12;0;3;1;1
202400008407;155 767 002;17;12;0;0;1;1
202400008408;155 766 999;10;0;2;3;15;1
202400008408;155 767 000;34;0;2;1;2;1
202400008409;155 766 997;10;0;2;7;15;1
202400008409;155 766 998;34;12;2;1;1;1
202400008410;155 766 994;80;0;2;1;2;3
202400008410;155 766 995;14;0;2;6;4;0
202400008411;155 766 996;7;13;0;1;13;1
202400008412;155 766 992;50;0;2;8;1;3
202400008412;155 766 993;7;0;2;3;15;1
202400008413;155 766 990;33;0;2;1;1;1
202400008413;155 766 991;7;0;2;4;1;1
202400008414;155 766 989;7;6;0;1;15;1
202400008415;155 766 988;7;0;1;1;1;1
202400008416;155 766 987;10;0;1;5;4;1
202400008417;155 766 986;7;;1;8;0;0
202400008418;155 766 984;7;0;2;1;3;1
202400008418;155 766 985;7;0;2;4;1;1
202400008419;155 766 979;10;0;2;1;3;1
202400008419;155 766 981;7;0;2;1;1;1
202400008419;155 766 982;7;14;0;1;1;1
202400008420;155 766 980;7;0;2;3;2;1
202400008420;155 766 983;33;0;2;1;2;1
202400008421;155 766 977;7;9;0;2;14;1
202400008422;155 766 976;7;4;2;1;17;1
202400008422;155 766 978;7;0;2;4;1;1
202400008423;155 766 975;7;0;9;1;21;1
202400008424;155 766 973;10;0;2;1;1;1
202400008424;155 766 974;7;0;2;4;1;1
202400008425;155 766 971;7;0;2;3;15;1
202400008425;155 766 972;2;0;2;1;1;1
202400008426;155 766 967;7;0;9;1;15;1
202400008426;155 766 970;50;0;2;3;19;3
202400008427;155 766 966;7;0;2;3;15;1
202400008427;155 766 968;1;0;2;1;1;5
202400008427;155 766 969;1;0;2;1;2;5
202400008428;155 766 964;7;0;2;1;9;1
202400008428;155 766 965;1;0;2;7;1;5
202400008429;155 766 963;7;6;0;1;14;1
202400008430;155 766 962;7;4;0;3;13;1
202400008431;155 766 961;10;0;1;0;1;1
202400008432;155 766 958;30;0;2;1;1;1
202400008432;155 766 960;10;0;2;7;16;1
202400008433;155 766 957;7;0;2;5;15;1
202400008433;155 766 959;43;0;2;1;15;1
202400008434;155 766 956;33;0;1;1;1;1
202400008435;155 766 954;31;0;0;0;1;1
202400008436;155 766 953;7;0;2;2;1;1
202400008436;155 766 955;50;0;2;7;19;3
202400008437;155 766 952;1;0;0;0;1;5
202400008438;155 766 950;7;0;2;1;2;1
202400008438;155 766 951;7;0;2;4;1;2
202400008439;155 766 949;33;0;0;7;15;1
202400008440;155 766 948;33;0;0;7;13;1
202400008441;155 766 944;7;0;2;1;2;2
202400008441;155 766 946;7;0;2;4;2;2
202400008442;155 766 942;7;0;2;5;5;1
202400008442;155 766 943;7;0;2;3;1;3
202400008442;155 766 945;7;0;2;1;1;2
202400008442;155 766 947;7;0;2;1;1;1
202400008443;155 766 940;43;0;2;3;1;1
202400008443;155 766 941;7;0;2;5;1;3
202400008444;155 766 938;17;0;2;2;2;1
202400008444;155 766 939;1;8;2;3;2;5
202400008445;155 766 935;31;0;2;8;0;1
202400008445;155 766 937;7;0;2;0;0;0
202400008446;155 766 934;7;0;2;1;2;1
202400008446;155 766 936;3;0;0;4;2;1
202400008447;155 766 932;33;0;0;8;1;1
202400008448;155 766 931;32;0;2;8;3;1
202400008448;155 766 933;7;0;2;2;12;3
202400008449;155 766 929;7;8;0;2;21;1
202400008450;155 766 928;32;0;2;7;17;1
202400008450;155 766 930;7;0;2;3;15;2
202400008451;155 766 927;7;0;1;3;1;1
202400008452;155 766 925;1;0;2;8;2;5
202400008452;155 766 926;10;0;2;5;2;1
202400008453;155 766 924;7;0;1;3;15;1
202400008454;155 766 922;1;0;9;1;1;5
202400008454;155 766 923;1;0;9;1;1;5
202400008455;155 766 920;7;0;2;2;19;1
202400008455;155 766 921;7;0;2;1;2;1
202400008456;155 766 919;7;1;1;1;1;1
202400008457;155 766 915;50;0;2;1;1;3
202400008457;155 766 917;10;0;2;3;15;1
202400008458;155 766 916;7;0;9;1;15;1
202400008458;155 766 918;1;0;0;0;0;5
202400008459;155 766 913;33;0;2;6;2;1
202400008459;155 766 914;7;0;2;6;2;1
202400008460;155 766 912;7;0;1;3;15;1
202400008461;155 766 910;7;0;2;1;1;1
202400008461;155 766 911;2;0;2;4;1;1
202400008462;155 766 907;7;0;2;4;2;2
202400008462;155 766 909;7;0;2;1;2;1
202400008463;155 766 905;7;0;2;8;15;1
202400008463;155 766 908;10;0;2;1;1;1
202400008464;155 766 904;31;0;2;7;18;1
202400008464;155 766 906;33;0;0;8;2;1
202400008465;155 766 901;33;0;2;2;17;1
202400008465;155 766 903;10;0;2;6;21;1
202400008466;155 766 899;15;0;2;1;1;1
202400008466;155 766 900;7;0;2;1;1;1
202400008466;155 766 902;15;0;2;1;1;1
202400008467;155 766 898;1;9;1;1;1;5
202400008468;155 766 897;7;0;0;1;1;
202400008469;155 766 896;7;9;0;9;1;1
202400008470;155 766 894;7;0;2;7;1;1
202400008470;155 766 895;7;0;2;3;13;1
202400008471;155 766 893;37;0;1;1;1;1
202400008472;155 766 892;38;0;1;2;1;1
202400008473;155 766 889;7;0;2;1;17;1
202400008473;155 766 891;33;0;2;1;1;1
202400008474;155 766 888;7;0;2;2;15;1
202400008474;155 766 890;31;0;2;1;1;1
202400008475;155 766 884;43;0;1;8;19;1
202400008476;155 766 883;17;0;2;7;12;1
202400008476;155 766 886;7;0;2;8;1;1
202400008477;155 766 881;7;0;9;8;26;1
202400008477;155 766 885;50;0;2;2;26;3
202400008478;155 766 880;1;0;2;2;1;5
202400008478;155 766 882;7;0;9;3;20;2
202400008479;155 766 877;33;1;0;1;26;1
202400008480;155 766 878;30;0;2;1;0;1
202400008480;155 766 879;7;0;0;0;0;1
202400008481;155 766 875;7;0;2;3;1;2
202400008481;155 766 876;80;0;2;1;19;3
202400008482;155 766 874;7;0;1;1;19;1
202400008483;155 766 873;50;0;1;8;7;3
202400008484;155 766 870;7;0;2;5;15;1
202400008484;155 766 871;2;0;2;1;1;1
202400008485;155 766 872;3;0;1;2;1;3
202400008486;155 766 868;31;0;2;1;1;1
202400008486;155 766 869;31;0;2;4;23;1
202400008487;155 766 866;7;0;1;2;1;1
202400008488;155 766 865;7;0;2;5;24;2
202400008488;155 766 867;43;1;2;3;1;1
202400008489;155 766 863;7;0;1;1;16;1
202400008490;155 766 862;10;0;2;8;9;1
202400008490;155 766 864;2;0;2;1;1;1
202400008491;155 766 859;7;0;2;1;2;1
202400008491;155 766 861;50;0;0;0;0;3
202400008492;155 766 857;7;0;2;2;1;1
202400008492;155 766 860;50;0;2;1;1;3
202400008493;155 766 856;31;0;2;1;1;1
202400008493;155 766 858;7;0;2;5;15;2
202400008494;155 766 853;10;0;2;7;2;1
202400008494;155 766 854;50;0;2;1;0;3
202400008495;155 766 851;10;8;2;1;1;1
202400008495;155 766 855;7;8;2;8;19;1
202400008496;155 766 850;7;1;2;1;26;1
202400008496;155 766 852;1;12;2;4;1;5
202400008497;155 766 849;7;1;0;2;0;1
202400008498;155 766 848;7;6;0;2;1;3
202400008499;155 766 845;7;6;0;1;26;1
202400008500;155 766 843;10;0;2;1;15;0
202400008500;155 766 844;7;0;2;4;15;0
202400008501;155 766 841;50;0;2;3;2;3
202400008501;155 766 842;10;0;2;2;2;1
202400008502;155 766 838;1;0;2;7;1;5
202400008502;155 766 840;7;0;2;1;15;1
202400008503;155 766 836;7;0;2;4;2;1
202400008503;155 766 837;7;0;2;1;2;1
202400008504;155 766 835;7;0;2;2;1;2
202400008504;155 766 839;7;0;2;8;15;1
202400008505;155 766 832;7;0;2;1;1;1
202400008505;155 766 834;10;0;2;0;0;1
202400008506;155 766 831;33;0;2;1;1;1
202400008506;155 766 833;7;0;2;2;9;2
202400008507;155 766 829;99;0;2;3;0;0
202400008507;155 766 830;7;0;2;1;1;2
202400008508;155 766 827;50;0;0;0;25;3
202400008509;155 766 826;7;0;2;1;13;1
202400008509;155 766 828;7;0;2;3;0;0
202400008510;155 766 820;7;0;2;4;1;1
202400008510;155 766 821;7;14;0;1;1;1
202400008511;155 766 818;7;0;2;5;15;0
202400008511;155 766 822;7;0;2;1;1;2
202400008511;155 766 825;7;0;2;8;1;1
202400008512;155 766 817;50;0;2;1;5;3
202400008512;155 766 819;7;0;2;3;15;1
202400008513;155 766 815;33;0;9;8;17;1
202400008513;155 766 816;1;0;2;3;15;5
202400008514;155 766 811;7;0;2;1;9;1
202400008514;155 766 814;33;0;2;7;1;1
202400008515;155 766 812;30;0;2;4;2;1
202400008515;155 766 813;7;0;2;1;2;3
202400008516;155 766 807;2;0;0;1;1;
202400008517;155 766 803;7;0;2;1;2;1
202400008517;155 766 806;7;0;2;4;2;1
202400008517;155 766 809;7;0;2;4;2;1
202400008517;155 766 810;7;0;2;4;2;1
202400008518;155 766 802;7;0;2;1;13;1
202400008518;155 766 804;7;0;2;3;1;1
202400008518;155 766 805;7;0;2;6;1;2
202400008518;155 766 808;10;0;2;6;1;1
202400008519;155 766 797;1;0;2;1;1;5
202400008519;155 766 799;7;0;2;4;20;1
202400008520;155 766 796;7;0;0;1;1;1
202400008521;155 766 792;7;0;2;2;1;1
202400008521;155 766 794;7;12;2;2;13;1
202400008522;155 766 793;1;0;2;1;1;5
202400008522;155 766 795;7;0;9;2;15;1
202400008523;155 766 791;10;0;1;1;1;1
202400008524;155 766 789;2;0;2;3;1;1
202400008524;155 766 790;7;0;2;3;1;1
202400008525;155 766 788;7;0;1;2;26;1
202400008526;155 766 786;2;16;9;1;1;1
202400008527;155 766 785;10;0;9;5;14;1
202400008527;155 766 787;99;9;2;1;1;3
202400008528;155 766 783;7;4;0;3;13;1
202400008529;155 766 782;10;0;2;4;1;1
202400008529;155 766 784;7;0;2;1;1;1
202400008530;155 766 781;1;0;0;1;1;5
202400008531;155 766 779;7;0;2;1;1;1
202400008531;155 766 780;7;0;2;1;13;1
202400008532;155 766 778;7;13;0;1;1;1
202400008533;155 766 775;2;0;0;0;1;1
202400008534;155 766 774;7;0;2;4;2;1
202400008534;155 766 776;7;0;2;4;1;1
202400008534;155 766 777;7;0;2;0;0;1
202400008535;155 766 773;37;0;1;2;15;3
202400008536;155 766 772;99;0;0;0;0;1
202400008537;155 766 771;33;0;1;1;1;1
202400008538;155 766 769;7;0;1;1;1;1
202400008539;155 766 767;7;0;1;2;1;2
202400008540;155 766 766;7;0;2;4;11;1
202400008540;155 766 768;7;0;2;1;1;2
202400008541;155 766 765;1;0;0;1;13;5
202400008542;155 766 764;32;0;1;7;2;3
202400008543;155 766 763;7;0;0;9;15;1
202400008544;155 766 760;34;12;2;8;21;1
202400008544;155 766 762;7;0;2;5;15;1
202400008545;155 766 759;33;0;2;1;1;1
202400008545;155 766 761;7;16;0;8;15;1
202400008546;155 766 756;7;0;2;4;23;1
202400008546;155 766 757;50;14;0;1;1;3
202400008547;155 766 753;10;0;2;1;12;0
202400008547;155 766 755;34;0;0;1;1;1
202400008548;155 766 752;7;0;0;1;16;1
202400008549;155 766 750;7;0;0;0;1;1
202400008550;155 766 749;7;2;0;2;5;1
202400008551;155 766 748;7;0;2;2;15;1
202400008551;155 766 751;7;0;2;1;1;1
202400008552;155 766 745;7;6;0;1;14;1
202400008553;155 766 746;7;0;2;1;5;2
202400008553;155 766 747;37;0;2;3;0;1
202400008554;155 766 744;7;16;0;0;1;1
202400008555;155 766 742;7;13;0;2;1;1
202400008556;155 766 741;7;0;2;1;13;0
202400008556;155 766 743;1;0;2;1;19;5
202400008557;155 766 739;1;0;2;1;19;5
202400008557;155 766 740;7;0;2;3;1;1
202400008558;155 766 735;7;0;2;8;22;1
202400008558;155 766 737;1;0;2;0;7;5
202400008559;155 766 733;7;0;2;5;23;1
202400008559;155 766 736;7;0;2;3;1;1
202400008559;155 766 738;7;3;0;1;1;1
202400008560;155 766 732;7;2;0;0;1;1
202400008561;155 766 731;7;10;2;1;1;1
202400008561;155 766 734;10;7;2;7;19;1
202400008562;155 766 730;50;0;1;1;1;3
202400008563;155 766 729;7;13;0;1;1;1
202400008564;155 766 728;33;6;0;1;14;1
202400008565;155 766 727;7;0;1;1;1;1
202400008566;155 766 725;33;1;0;1;1;1
202400008567;155 766 724;7;0;2;3;13;1