Num_Acc;id_vehicule;categorie_vehicule;obstacle_fixe;obstacle_mobile;point_choc_initial;manoeuvre_principale;motorisation
202400009608;155 764 853;33;0;2;1;1;1
202400009608;155 764 854;7;0;0;8;9;1
202400009609;155 764 852;7;3;0;2;14;1
202400009610;155 764 850;31;0;2;5;13;1
202400009610;155 764 851;7;0;2;2;1;1
202400009611;155 764 849;34;0;0;8;26;1
202400009612;155 764 847;7;14;0;7;2;1
202400009613;155 764 845;7;0;1;7;1;1
202400009614;155 764 842;7;0;0;0;26;1
202400009615;155 764 843;31;0;2;0;0;1
202400009615;155 764 844;30;0;2;0;0;1
202400009616;155 764 839;10;0;0;0;6;1
202400009616;155 764 841;50;0;0;0;6;3
202400009617;155 764 838;30;0;2;1;2;1
202400009617;155 764 840;32;0;2;4;23;1
202400009618;155 764 835;7;0;2;7;16;1
202400009618;155 764 836;80;0;2;1;1;3
202400009619;155 764 834;7;0;2;2;1;1
202400009619;155 764 837;1;0;2;1;1;5
202400009620;155 764 832;7;0;2;4;0;1
202400009620;155 764 833;7;0;2;2;21;1
202400009621;155 764 830;2;0;2;4;2;1
202400009621;155 764 831;10;0;2;1;2;1
202400009622;155 764 828;7;0;2;2;1;1
202400009622;155 764 829;2;0;2;3;21;1
202400009623;155 764 826;2;0;2;1;1;1
202400009623;155 764 827;7;0;2;0;16;1
202400009624;155 764 824;7;0;2;8;15;1
202400009624;155 764 825;2;0;2;7;17;1
202400009625;155 764 823;33;12;0;7;16;1
202400009626;155 764 821;7;0;2;1;16;1
202400009626;155 764 822;31;0;2;6;0;1
202400009627;155 764 819;30;0;2;3;2;1
202400009627;155 764 820;7;0;2;2;0;1
202400009628;155 764 817;7;0;2;7;23;1
202400009628;155 764 818;7;0;2;1;13;2
202400009629;155 764 815;7;0;2;1;1;1
202400009629;155 764 816;13;0;2;8;1;1
202400009630;155 764 813;1;0;2;1;1;5
202400009630;155 764 814;7;0;9;5;1;1
202400009631;155 764 812;7;0;1;1;1;0
202400009632;155 764 810;7;0;2;1;1;1
202400009632;155 764 811;30;0;2;8;15;1
202400009633;155 764 808;1;0;2;8;5;5
202400009633;155 764 809;10;0;9;2;15;1
202400009634;155 764 806;30;1;0;7;1;1
202400009634;155 764 807;7;0;2;7;12;1
202400009635;155 764 804;33;0;2;2;17;1
202400009635;155 764 805;7;0;2;6;1;1
202400009636;155 764 802;7;0;2;4;23;1
202400009636;155 764 803;7;0;2;1;0;0
202400009637;155 764 801;7;0;0;9;1;1
202400009638;155 764 800;15;0;1;2;1;1
202400009639;155 764 796;7;0;2;1;13;1
202400009639;155 764 797;7;0;2;2;1;1
202400009640;155 764 795;33;12;0;1;0;1
202400009641;155 764 793;33;13;2;7;2;1
202400009641;155 764 794;30;0;2;8;15;1
202400009642;155 764 791;10;0;2;1;13;1
202400009642;155 764 792;7;0;2;1;1;1
202400009643;155 764 789;7;0;2;6;1;1
202400009643;155 764 790;7;0;2;1;1;1
202400009644;155 764 787;32;0;2;4;0;1
202400009644;155 764 788;7;0;2;1;0;1
202400009645;155 764 785;1;0;2;1;15;5
202400009645;155 764 786;7;0;2;8;15;1
202400009646;155 764 779;7;0;2;1;2;1
202400009646;155 764 780;7;0;2;4;2;1
202400009646;155 764 781;7;0;2;4;2;1
202400009647;155 764 777;7;0;2;3;26;3
202400009647;155 764 778;7;0;2;7;1;1
202400009648;155 764 776;7;0;1;5;26;1
202400009649;155 764 775;99;0;2;0;1;3
202400009650;155 764 773;10;0;2;3;15;1
202400009650;155 764 774;33;0;2;1;2;1
202400009651;155 764 771;33;0;2;1;17;1
202400009651;155 764 772;7;0;2;8;15;1
202400009652;155 764 769;7;0;2;1;26;1
202400009652;155 764 770;7;0;2;1;0;1
202400009653;155 764 767;38;0;2;5;16;1
202400009653;155 764 768;1;0;2;1;1;5
202400009654;155 764 765;7;0;2;4;26;0
202400009654;155 764 766;7;0;2;4;23;1
202400009655;155 764 763;3;1;0;3;13;3
202400009655;155 764 764;7;0;2;8;24;1
202400009656;155 764 761;7;0;2;3;15;1
202400009656;155 764 762;33;0;2;0;1;1
202400009657;155 764 760;10;0;1;2;15;1
202400009658;155 764 758;7;0;2;8;13;1
202400009658;155 764 759;33;0;2;7;17;1
202400009659;155 764 756;7;9;2;9;6;1
202400009659;155 764 757;7;0;2;8;1;1
202400009660;155 764 754;7;0;2;2;15;1
202400009660;155 764 755;7;8;0;1;1;0
202400009661;155 764 753;7;0;1;3;1;1
202400009662;155 764 751;7;0;2;6;15;1
202400009662;155 764 752;33;0;2;8;1;1
202400009663;155 764 750;30;0;0;0;1;1
202400009664;155 764 748;33;0;2;1;1;1
202400009664;155 764 749;7;0;2;3;9;1
202400009665;155 764 745;7;0;2;4;2;1
202400009665;155 764 746;10;0;2;1;2;1
202400009665;155 764 747;7;0;2;4;2;1
202400009666;155 764 743;32;0;2;1;18;1
202400009666;155 764 744;7;0;2;2;15;1
202400009667;155 764 742;2;14;0;7;21;1
202400009668;155 764 740;7;0;2;7;23;1
202400009668;155 764 741;1;0;2;8;2;5
202400009669;155 764 738;7;0;2;0;1;1
202400009669;155 764 739;7;0;2;0;1;0
202400009670;155 764 735;7;0;2;4;2;1
202400009670;155 764 736;7;0;2;1;2;1
202400009670;155 764 737;7;0;2;4;2;3
202400009671;155 764 733;7;0;2;3;9;1
202400009671;155 764 734;1;0;2;2;1;5
202400009672;155 764 731;31;0;2;1;19;3
202400009672;155 764 732;7;0;2;4;19;1
202400009673;155 764 729;7;0;2;1;1;1
202400009673;155 764 730;10;0;2;8;15;1
202400009674;155 764 727;7;0;2;3;13;1
202400009674;155 764 728;7;0;2;3;1;1
202400009675;155 764 725;7;0;2;3;2;1
202400009675;155 764 726;7;0;2;4;0;2
202400009676;155 764 724;31;3;0;8;17;1
202400009677;155 764 723;7;4;0;1;0;1
202400009678;155 764 722;7;2;0;1;2;2
202400009679;155 764 721;7;1;0;4;24;1
202400009680;155 764 719;33;0;2;1;3;1
202400009680;155 764 720;7;0;2;3;11;1
202400009681;155 764 717;31;0;2;1;2;1
202400009681;155 764 718;7;0;2;4;2;2
202400009682;155 764 715;7;0;2;8;11;1
202400009682;155 764 716;31;0;2;5;0;1
202400009683;155 764 713;31;0;2;1;3;1
202400009683;155 764 714;7;0;2;4;12;2
202400009684;155 764 710;7;0;2;1;1;1
202400009684;155 764 711;7;0;2;4;1;1
202400009684;155 764 712;7;0;2;4;1;3
202400009685;155 764 708;33;0;2;1;3;1
202400009685;155 764 709;7;0;2;6;11;1
202400009686;155 764 707;7;9;0;1;16;1
202400009687;155 764 706;33;0;5;1;1;1
202400009688;155 764 705;38;3;0;1;1;1
202400009689;155 764 703;7;0;2;4;1;1
202400009689;155 764 704;7;0;2;1;2;2
202400009690;155 764 702;2;0;0;2;13;1
202400009691;155 764 700;7;0;2;3;13;1
202400009691;155 764 701;7;0;2;3;1;1
202400009692;155 764 699;10;0;1;2;16;1
202400009693;155 764 697;7;0;2;2;13;1
202400009693;155 764 698;7;0;2;1;1;1
202400009694;155 764 695;10;0;2;6;2;1
202400009694;155 764 696;10;0;2;1;2;3
202400009695;155 764 693;50;1;2;7;1;3
202400009695;155 764 694;37;0;0;2;1;2
202400009696;155 764 691;7;0;2;3;1;1
202400009696;155 764 692;7;0;2;5;2;2
202400009697;155 764 689;7;0;2;3;15;1
202400009697;155 764 690;1;0;2;7;1;5
202400009698;155 764 687;32;0;2;7;2;1
202400009698;155 764 688;7;1;2;2;1;1
202400009699;155 764 686;7;0;1;3;1;1
202400009700;155 764 684;7;8;2;1;1;1
202400009700;155 764 685;7;0;2;2;9;1
202400009701;155 764 682;7;1;2;3;9;1
202400009701;155 764 683;33;0;0;0;0;1
202400009702;155 764 679;32;0;2;2;17;1
202400009702;155 764 681;7;1;2;8;17;1
202400009703;155 764 678;30;0;4;1;19;1
202400009703;155 764 680;39;0;2;2;1;3
202400009704;155 764 677;7;0;0;2;1;1
202400009705;155 764 675;2;0;2;8;1;1
202400009705;155 764 676;7;0;2;3;15;1
202400009706;155 764 673;7;0;2;1;0;1
202400009706;155 764 674;7;0;2;3;1;1
202400009707;155 764 672;7;0;1;2;1;1
202400009708;155 764 671;7;1;1;2;1;1
202400009709;155 764 668;31;0;2;3;16;1
202400009709;155 764 670;7;0;2;0;0;6
202400009710;155 764 667;1;0;2;8;1;5
202400009710;155 764 669;7;0;2;3;1;1
202400009711;155 764 666;7;0;1;2;0;1
202400009712;155 764 665;43;0;1;1;1;1
202400009713;155 764 664;7;1;0;7;20;1
202400009714;155 764 663;7;0;1;1;0;1
202400009715;155 764 662;7;15;0;3;1;1
202400009716;155 764 661;7;0;1;3;2;2
202400009717;155 764 659;7;0;2;2;9;1
202400009717;155 764 660;43;0;2;6;1;1
202400009718;155 764 656;7;0;2;6;15;1
202400009718;155 764 658;30;0;2;1;2;1
202400009719;155 764 655;33;0;2;7;17;1
202400009719;155 764 657;7;0;2;3;0;1
202400009720;155 764 653;99;0;2;1;7;0
202400009720;155 764 654;37;0;9;8;15;1
202400009721;155 764 651;7;0;2;1;1;1
202400009721;155 764 652;7;0;2;1;13;1
202400009722;155 764 650;0;1;0;6;14;1
202400009723;155 764 647;7;0;2;4;1;1
202400009723;155 764 649;33;0;2;4;2;1
202400009724;155 764 646;7;0;2;2;15;0
202400009724;155 764 648;30;0;2;0;0;0
202400009725;155 764 645;1;0;0;1;5;5
202400009726;155 764 641;7;0;2;4;2;1
202400009726;155 764 642;7;0;2;1;2;1
202400009727;155 764 640;33;0;2;1;3;1
202400009727;155 764 643;7;0;2;4;1;1
202400009728;155 764 639;2;0;2;1;1;1
202400009728;155 764 644;7;0;2;3;15;1
202400009729;155 764 635;7;0;2;6;2;1
202400009729;155 764 637;33;4;2;1;2;1
202400009730;155 764 634;7;0;2;3;16;1
202400009730;155 764 636;2;0;2;2;1;3
202400009731;155 764 633;7;0;2;7;15;1
202400009731;155 764 638;30;0;2;1;1;1
202400009732;155 764 630;7;0;2;1;2;1
202400009732;155 764 632;31;0;2;4;2;1
202400009733;155 764 628;7;0;2;1;9;1
202400009733;155 764 631;7;0;2;7;9;1
202400009734;155 764 626;2;0;2;1;2;1
202400009734;155 764 627;7;0;2;1;2;1
202400009734;155 764 629;7;0;2;1;2;1
202400009735;155 764 624;10;0;2;4;1;1
202400009735;155 764 625;7;0;2;1;2;1
202400009736;155 764 622;7;16;0;5;14;1
202400009737;155 764 621;31;0;2;1;1;1
202400009737;155 764 623;7;0;2;4;1;3
202400009738;155 764 620;33;0;0;7;14;1
202400009739;155 764 618;7;0;9;7;14;1
202400009739;155 764 619;50;0;2;7;1;3
202400009740;155 764 615;34;0;0;0;0;1
202400009740;155 764 617;7;0;0;0;0;1
202400009741;155 764 612;2;0;2;1;1;1
202400009741;155 764 614;7;0;2;0;15;1
202400009742;155 764 609;7;1;2;2;1;1
202400009742;155 764 611;7;0;2;1;1;0
202400009743;155 764 608;7;0;2;2;15;1
202400009743;155 764 610;30;0;2;4;1;1
202400009744;155 764 605;7;0;2;3;15;1
202400009744;155 764 606;30;0;2;1;1;1
202400009745;155 764 603;34;0;2;6;1;1
202400009745;155 764 607;7;0;2;3;15;1
202400009746;155 764 602;7;0;2;1;1;1
202400009746;155 764 604;7;0;2;1;5;1
202400009747;155 764 600;7;2;0;1;1;1
202400009748;155 764 599;7;2;0;1;0;1
202400009749;155 764 598;7;0;2;8;15;1
202400009749;155 764 601;33;0;2;1;1;1
202400009750;155 764 593;7;1;2;1;17;0
202400009750;155 764 597;7;0;2;3;1;0
202400009751;155 764 594;31;0;2;6;26;1
202400009751;155 764 596;10;0;2;5;26;0
202400009752;155 764 592;7;0;2;1;1;0
202400009752;155 764 595;7;0;2;8;15;1
202400009753;155 764 591;32;0;1;1;1;3
202400009754;155 764 590;10;0;1;1;16;1
202400009755;155 764 589;40;0;1;3;2;3
202400009756;155 764 588;7;0;1;1;1;2
202400009757;155 764 585;7;0;2;1;26;1
202400009757;155 764 587;1;0;2;7;19;5
202400009758;155 764 583;7;0;2;3;1;1
202400009758;155 764 586;10;0;2;1;13;1
202400009759;155 764 584;33;1;0;7;26;1
202400009760;155 764 581;7;1;0;1;5;1
202400009761;155 764 579;32;0;2;3;21;1
202400009761;155 764 580;7;0;2;3;15;2
202400009761;155 764 582;7;0;2;1;26;2
202400009762;155 764 577;7;0;1;2;1;2
202400009763;155 764 574;50;0;1;1;13;3
202400009764;155 764 573;7;0;1;3;1;1
202400009765;155 764 572;33;0;2;2;26;1
202400009765;155 764 575;7;0;2;6;9;1
202400009766;155 764 571;7;6;0;1;1;1
202400009767;155 764 568;33;0;2;3;1;1
202400009767;155 764 569;32;0;2;2;1;1
202400009768;155 764 564;7;0;2;5;14;1
202400009768;155 764 567;33;14;0;1;1;1
202400009768;155 764 570;7;0;2;1;1;
202400009769;155 764 565;7;0;2;2;15;2
202400009769;155 764 566;7;0;2;3;1;1
202400009770;155 764 563;7;0;1;7;16;0
202400009771;155 764 559;10;3;2;1;1;1
202400009771;155 764 562;7;0;2;1;1;1
202400009772;155 764 557;7;0;2;3;1;1
202400009772;155 764 560;3;0;2;5;4;1
202400009773;155 764 553;7;0;2;1;17;1
202400009773;155 764 555;7;0;2;6;13;1
202400009774;155 764 552;7;0;1;4;20;1
202400009775;155 764 548;7;0;2;8;15;1
202400009775;155 764 551;50;0;2;1;2;3
202400009776;155 764 547;7;0;2;2;19;2
202400009776;155 764 550;7;0;2;7;1;3
202400009777;155 764 549;10;0;1;2;1;1
202400009778;155 764 546;1;0;0;0;1;5
202400009779;155 764 543;7;0;2;0;0;1
202400009779;155 764 544;7;0;2;0;1;1
202400009780;155 764 542;7;0;2;3;26;1
202400009780;155 764 545;33;0;2;7;0;1
202400009781;155 764 540;7;0;2;1;1;1
202400009781;155 764 541;50;0;2;7;1;3
202400009782;155 764 535;7;0;2;7;1;1
202400009782;155 764 539;7;0;2;1;19;1
202400009783;155 764 536;3;0;9;7;15;3
202400009783;155 764 538;80;0;2;1;19;3
202400009784;155 764 529;7;0;2;1;9;1
202400009784;155 764 530;37;0;2;3;1;1
202400009785;155 764 527;30;0;2;1;1;1
202400009785;155 764 528;7;0;2;8;0;1
202400009786;155 764 526;50;0;2;5;1;3
202400009787;155 764 525;7;0;1;2;2;1
202400009788;155 764 523;0;0;1;1;11;0
202400009789;155 764 522;30;0;2;3;1;1
202400009789;155 764 524;7;0;2;3;15;3
202400009790;155 764 518;50;0;1;1;0;3
202400009791;155 764 516;50;0;2;1;1;3
202400009791;155 764 520;7;0;2;3;1;1
202400009792;155 764 515;7;0;2;4;2;1
202400009792;155 764 517;7;0;2;1;1;1
202400009792;155 764 519;7;0;2;4;1;1
202400009792;155 764 521;7;0;2;1;1;1
202400009793;155 764 514;7;8;0;1;1;1
202400009794;155 764 511;33;0;2;7;17;1
202400009794;155 764 513;7;0;2;3;15;1
202400009795;155 764 512;7;0;1;1;15;1
202400009796;155 764 506;7;0;2;5;9;2
202400009796;155 764 508;50;0;2;1;1;3
202400009797;155 764 504;7;0;2;1;15;1
202400009797;155 764 507;33;0;2;1;1;1
202400009798;155 764 502;7;0;2;4;1;1
202400009798;155 764 503;7;0;2;1;1;1
202400009798;155 764 505;7;0;2;1;1;1
202400009799;155 764 501;10;0;1;1;1;1
202400009800;155 764 498;3;0;1;3;15;3
202400009801;155 764 495;10;0;2;2;0;1
202400009801;155 764 496;7;0;2;1;2;1
202400009801;155 764 500;10;0;2;4;23;3
202400009802;155 764 492;7;0;0;1;1;1
202400009802;155 764 494;7;0;2;7;19;1
202400009803;155 764 489;7;0;2;3;15;1
202400009803;155 764 491;1;0;2;1;1;5
202400009804;155 764 490;7;0;2;2;15;1
202400009804;155 764 493;7;0;2;2;1;1
202400009805;155 764 485;7;0;1;1;26;1
202400009806;155 764 484;7;0;2;4;23;1
202400009806;155 764 487;7;0;2;1;2;1
202400009807;155 764 483;32;0;2;7;1;1
202400009808;155 764 480;7;0;2;1;1;1
202400009808;155 764 482;10;0;0;4;1;1
202400009809;155 764 478;7;0;2;3;1;1
202400009809;155 764 481;1;0;2;1;1;5
202400009810;155 764 477;33;0;2;2;3;1
202400009810;155 764 479;7;0;2;6;11;2
202400009811;155 764 475;50;0;2;1;1;3
202400009811;155 764 476;7;0;2;3;26;1
202400009812;155 764 472;33;0;2;2;17;1
202400009812;155 764 474;7;0;2;1;16;1
202400009813;155 764 471;43;0;2;1;3;1
202400009813;155 764 473;7;0;2;5;12;2
202400009814;155 764 469;7;0;2;2;16;1
202400009814;155 764 470;1;0;2;4;16;5
202400009815;155 764 468;7;0;1;2;1;1
202400009816;155 764 466;7;13;0;1;13;1
202400009817;155 764 465;31;0;2;1;1;1
202400009817;155 764 467;7;0;2;2;15;1
202400009818;155 764 463;10;0;2;3;1;1
202400009818;155 764 464;33;0;0;7;1;1
202400009819;155 764 462;7;0;1;0;1;0
202400009820;155 764 460;30;12;0;7;14;1
202400009821;155 764 459;32;0;2;6;1;1
202400009821;155 764 461;7;0;2;1;1;1
202400009822;155 764 457;1;0;2;4;9;5
202400009822;155 764 458;7;0;9;2;9;1
202400009823;155 764 456;7;1;0;3;13;1
202400009824;155 764 455;7;1;1;1;20;1
202400009825;155 764 453;7;0;1;4;26;1
202400009826;155 764 452;10;0;2;3;1;3
202400009826;155 764 454;50;0;2;1;1;3
202400009827;155 764 446;32;0;2;7;15;1
202400009827;155 764 451;7;0;2;1;1;1
202400009828;155 764 445;7;0;2;1;1;2
202400009828;155 764 448;7;0;2;4;2;1
202400009828;155 764 450;7;14;0;1;2;1
202400009829;155 764 447;7;0;2;4;2;1
202400009829;155 764 449;7;0;2;1;2;1
202400009830;155 764 443;7;0;2;3;15;2
202400009830;155 764 444;1;0;2;1;1;5
202400009831;155 764 440;7;0;2;5;15;1
202400009831;155 764 442;30;0;2;1;1;1
202400009832;155 764 438;7;0;0;0;0;1
202400009832;155 764 439;7;0;0;0;0;1
202400009832;155 764 441;10;0;9;4;26;1
202400009833;155 764 436;7;1;0;9;1;1
202400009834;155 764 435;10;0;2;4;4;1
202400009834;155 764 437;33;0;2;1;23;1
202400009835;155 764 433;1;0;2;7;1;5
202400009835;155 764 434;7;0;2;0;16;0
202400009836;155 764 431;32;0;2;7;1;1
202400009836;155 764 432;7;0;2;1;1;1
202400009837;155 764 430;7;0;1;6;17;2
202400009838;155 764 425;7;0;2;4;1;1
202400009838;155 764 426;7;0;2;1;1;1
202400009838;155 764 429;7;0;2;6;1;1
202400009839;155 764 423;7;0;2;1;1;1
202400009839;155 764 428;7;0;2;7;1;1
202400009840;155 764 424;7;0;2;5;23;2
202400009840;155 764 427;7;0;2;3;1;1
202400009841;155 764 421;7;0;2;1;16;1
202400009841;155 764 422;7;0;2;8;0;1
202400009842;155 764 420;7;0;1;1;1;1
202400009843;155 764 419;1;12;0;2;14;5
202400009844;155 764 418;10;0;1;1;26;0
202400009845;155 764 414;7;0;2;1;1;1
202400009845;155 764 417;80;0;2;8;19;3
202400009846;155 764 413;7;0;2;3;15;1
202400009846;155 764 416;34;0;2;2;17;1
202400009847;155 764 407;10;0;2;8;10;1
202400009847;155 764 410;33;0;2;1;1;1
202400009848;155 764 406;7;0;2;8;13;1
202400009848;155 764 408;43;0;2;8;23;1
202400009849;155 764 404;7;15;0;1;26;1
202400009850;155 764 402;7;0;2;1;1;1
202400009850;155 764 403;7;0;2;7;26;1
202400009850;155 764 405;7;0;2;3;1;1
202400009851;155 764 399;10;0;2;1;15;1
202400009851;155 764 401;50;0;2;8;9;3
202400009852;155 764 398;7;0;2;3;1;1
202400009852;155 764 400;50;0;2;3;19;3
202400009853;155 764 396;30;0;2;7;11;1
202400009853;155 764 397;7;0;2;8;1;1
202400009854;155 764 394;7;0;1;1;1;1
202400009855;155 764 393;7;0;9;1;1;1
202400009855;155 764 395;1;0;2;3;19;5
202400009856;155 764 388;50;0;2;2;1;3
202400009856;155 764 391;7;0;2;8;24;1
202400009857;155 764 390;7;0;2;6;17;1
202400009857;155 764 392;7;0;2;3;15;1
202400009858;155 764 385;7;0;2;1;7;1
202400009858;155 764 389;7;0;0;8;1;1
202400009859;155 764 382;7;1;2;1;1;3
202400009859;155 764 384;32;0;2;7;1;1
202400009859;155 764 387;7;0;2;1;19;1
202400009860;155 764 383;10;0;9;2;1;1
202400009860;155 764 386;1;0;2;1;19;5
202400009861;155 764 380;7;14;0;1;2;1
202400009861;155 764 381;33;0;2;4;23;1
202400009862;155 764 379;7;0;1;1;1;2
202400009863;155 764 378;10;4;1;1;1;1
202400009864;155 764 376;50;0;1;1;1;3
202400009865;155 764 373;7;0;2;3;1;0
202400009865;155 764 375;10;0;2;7;26;0
202400009866;155 764 374;7;0;2;3;16;1
202400009866;155 764 377;7;0;2;0;26;0
202400009867;155 764 372;7;0;1;2;1;1
202400009868;155 764 368;33;0;2;9;3;1
202400009868;155 764 371;7;0;2;6;15;2
202400009869;155 764 367;1;0;2;4;13;5
202400009869;155 764 369;34;0;2;1;1;1
202400009870;155 764 366;7;0;2;1;26;1
202400009870;155 764 370;7;0;2;4;23;1
202400009871;155 764 365;10;0;1;5;4;1
202400009872;155 764 363;7;0;2;2;1;2
202400009872;155 764 364;7;0;2;3;1;1
202400009873;155 764 361;10;4;0;2;1;1
202400009874;155 764 359;10;9;0;2;1;1
202400009875;155 764 360;32;0;2;1;0;1
202400009875;155 764 362;7;0;2;5;1;1
202400009876;155 764 358;7;0;1;1;2;1
202400009877;155 764 355;1;0;2;1;26;5
202400009877;155 764 357;10;0;9;8;1;1
202400009878;155 764 354;7;0;2;1;0;1
202400009878;155 764 356;1;0;2;7;1;5
202400009879;155 764 353;0;12;1;2;0;0
202400009880;155 764 352;1;0;5;3;21;5
202400009881;155 764 351;7;0;2;1;2;1
202400009882;155 764 348;31;0;1;1;1;1
202400009883;155 764 347;10;0;2;3;1;1
202400009883;155 764 349;7;0;2;2;1;2
202400009884;155 764 350;30;0;0;3;2;1
202400009885;155 764 346;7;0;1;3;15;2
202400009886;155 764 343;10;0;2;2;26;1
202400009886;155 764 344;2;0;2;1;2;1
202400009887;155 764 342;50;0;0;0;0;3
202400009887;155 764 345;7;0;9;2;1;1
202400009888;155 764 340;7;0;0;0;0;1
202400009889;155 764 339;31;0;2;1;18;3
202400009889;155 764 341;7;0;2;2;24;1
202400009890;155 764 333;2;0;0;0;21;1
202400009891;155 764 334;7;12;2;3;26;1
202400009891;155 764 335;33;12;2;6;2;1
202400009891;155 764 337;7;12;2;6;2;2
202400009892;155 764 332;7;0;2;1;1;1
202400009892;155 764 336;7;0;2;4;1;1
202400009892;155 764 338;7;0;2;4;1;
202400009893;155 764 329;50;0;2;1;1;3
202400009893;155 764 330;7;0;2;7;16;1
202400009894;155 764 328;7;0;2;6;1;1
202400009894;155 764 331;10;0;2;2;16;0
202400009895;155 764 325;7;0;1;1;16;1
202400009896;155 764 326;7;0;2;4;23;1
202400009896;155 764 327;7;0;2;1;2;1
202400009897;155 764 323;10;5;0;0;2;1
202400009897;155 764 324;33;0;0;0;0;0
202400009898;155 764 321;1;0;2;1;1;5
202400009898;155 764 322;7;0;2;2;1;2
202400009899;155 764 319;33;0;1;1;17;1
202400009900;155 764 318;7;0;2;8;15;1
202400009900;155 764 320;34;0;2;1;17;1
202400009901;155 764 317;7;1;1;2;1;1
202400009902;155 764 316;2;0;0;0;1;3
202400009903;155 764 314;33;0;2;1;2;3
202400009903;155 764 315;7;0;0;5;2;2
202400009904;155 764 312;7;0;1;0;23;1
202400009904;155 764 313;7;0;2;3;1;1
202400009905;155 764 308;7;0;9;3;2;1
202400009905;155 764 310;50;0;2;1;14;3
202400009906;155 764 309;1;0;2;1;5;5
202400009906;155 764 311;7;0;2;3;15;1
202400009907;155 764 304;10;0;2;7;0;1
202400009907;155 764 306;50;0;2;1;1;3
202400009908;155 764 303;10;0;2;3;1;1
202400009908;155 764 307;7;0;2;1;1;1
202400009909;155 764 305;60;0;0;0;1;5
202400009910;155 764 298;7;0;2;1;0;1
202400009910;155 764 300;7;0;2;4;0;1
202400009911;155 764 299;1;0;2;7;1;5
202400009911;155 764 302;7;0;9;1;1;1
202400009912;155 764 297;7;0;2;2;10;2
202400009912;155 764 301;33;0;2;1;1;1
202400009913;155 764 296;7;0;1;1;15;1
202400009914;155 764 295;60;0;0;0;0;5
202400009915;155 764 292;7;0;1;1;0;1
202400009916;155 764 291;50;0;2;1;26;3
202400009916;155 764 293;1;0;9;1;1;5
202400009917;155 764 290;31;0;2;5;2;1
202400009917;155 764 294;7;0;2;6;15;1
202400009918;155 764 288;7;0;1;3;15;2
202400009919;155 764 287;7;0;9;8;20;1
202400009919;155 764 289;1;0;2;1;1;5
202400009920;155 764 285;2;0;9;1;1;1
202400009920;155 764 286;1;0;2;8;15;5
202400009921;155 764 282;7;0;2;2;15;0
202400009921;155 764 284;33;0;2;1;1;0
202400009922;155 764 283;7;0;1;4;26;1
202400009923;155 764 281;32;16;0;0;1;1
202400009924;155 764 280;10;0;1;3;15;1
202400009925;155 764 278;1;0;2;7;3;5
202400009925;155 764 279;10;0;2;3;13;1
202400009926;155 764 277;10;0;1;1;0;0
202400009927;155 764 275;15;0;2;2;1;1
202400009927;155 764 276;33;0;2;8;1;1
202400009928;155 764 273;7;0;2;8;22;1
202400009928;155 764 274;1;1;0;7;1;5
202400009929;155 764 272;7;0;1;1;1;1
202400009930;155 764 268;33;0;2;0;16;1
202400009930;155 764 271;7;0;2;7;15;2
202400009931;155 764 269;7;0;2;1;0;1
202400009931;155 764 270;7;0;2;3;1;1
202400009932;155 764 267;50;0;0;0;25;3
202400009933;155 764 264;7;0;1;1;1;0
202400009934;155 764 263;7;0;2;1;26;1
202400009934;155 764 266;7;0;2;4;1;2
202400009935;155 764 262;7;0;2;1;15;1
202400009935;155 764 265;7;0;2;1;1;1
202400009936;155 764 259;7;5;1;1;1;1
202400009937;155 764 260;34;0;2;2;1;0
202400009937;155 764 261;10;0;2;3;9;1
202400009938;155 764 257;31;0;2;1;2;1
202400009938;155 764 258;7;0;2;6;10;1
202400009939;155 764 255;7;0;1;1;1;1
202400009940;155 764 254;7;10;2;2;17;1
202400009940;155 764 256;17;0;0;6;2;1
202400009941;155 764 253;7;0;2;3;23;1
202400009942;155 764 252;7;2;0;2;0;1
202400009943;155 764 250;7;0;2;1;13;1
202400009943;155 764 251;7;0;2;1;0;1
202400009944;155 764 248;7;2;0;1;1;1
202400009945;155 764 247;50;0;2;1;0;3
202400009945;155 764 249;7;0;2;3;25;1
202400009946;155 764 246;7;8;0;8;1;1
202400009947;155 764 243;7;0;2;3;15;1
202400009947;155 764 245;33;0;2;1;17;1
202400009948;155 764 242;33;0;2;7;1;1
202400009948;155 764 244;7;0;2;2;16;1
202400009949;155 764 238;7;0;2;3;15;1
202400009949;155 764 240;2;0;2;1;2;1
202400009950;155 764 239;7;0;0;3;15;1
202400009950;155 764 241;7;0;2;1;10;1
202400009951;155 764 236;7;0;2;6;24;3
202400009951;155 764 237;7;1;0;2;1;2
202400009952;155 764 233;33;0;2;7;17;1
202400009952;155 764 235;7;0;2;8;15;1
202400009953;155 764 231;7;0;2;1;1;1
202400009953;155 764 234;7;0;2;4;1;1
202400009954;155 764 230;7;0;2;7;9;1
202400009954;155 764 232;33;0;2;3;1;1
202400009955;155 764 226;7;1;0;1;1;2
202400009955;155 764 228;10;0;0;4;24;1
202400009956;155 764 225;1;0;0;0;2;5
202400009956;155 764 227;7;0;0;0;17;0
202400009956;155 764 229;1;0;0;9;2;5