Num_Acc;id_vehicule;categorie_vehicule;obstacle_fixe;obstacle_mobile;point_choc_initial;manoeuvre_principale;motorisation
202400009957;155 764 222;7;0;2;1;1;0
202400009957;155 764 224;10;0;2;4;1;1
202400009958;155 764 221;7;0;2;1;13;1
202400009958;155 764 223;7;0;2;3;1;1
202400009959;155 764 219;7;0;2;3;15;1
202400009959;155 764 220;33;0;2;1;1;1
202400009960;155 764 218;3;0;2;0;26;0
202400009961;155 764 216;7;0;0;6;1;1
202400009961;155 764 217;7;0;0;1;1;1
202400009962;155 764 215;10;2;0;3;13;1
202400009963;155 764 214;7;1;1;1;2;1
202400009964;155 764 213;7;13;0;3;1;1
202400009965;155 764 211;50;0;1;1;1;3
202400009966;155 764 210;7;2;0;8;14;1
202400009967;155 764 209;7;0;2;4;1;1
202400009967;155 764 212;33;0;2;1;1;1
202400009968;155 764 207;31;0;0;0;0;1
202400009969;155 764 205;7;0;0;1;1;1
202400009969;155 764 208;7;0;0;4;1;2
202400009970;155 764 204;7;0;2;1;10;1
202400009970;155 764 206;32;13;2;2;1;1
202400009971;155 764 199;7;0;2;3;0;1
202400009971;155 764 201;15;0;2;3;1;1
202400009972;155 764 198;14;0;2;3;11;1
202400009972;155 764 200;7;4;2;7;1;1
202400009972;155 764 202;15;0;2;8;1;1
202400009973;155 764 197;7;13;0;9;1;1
202400009973;155 764 203;7;0;0;0;15;1
202400009974;155 764 195;33;2;0;0;17;1
202400009975;155 764 192;33;0;2;1;1;1
202400009975;155 764 194;2;0;2;1;13;1
202400009976;155 764 193;7;0;2;3;15;1
202400009976;155 764 196;43;0;2;2;17;1
202400009977;155 764 191;7;3;0;2;0;1
202400009978;155 764 189;7;16;0;0;14;1
202400009979;155 764 188;1;0;2;1;1;5
202400009979;155 764 190;7;0;0;5;15;1
202400009980;155 764 186;7;8;0;1;1;1
202400009981;155 764 185;33;0;0;9;1;1
202400009982;155 764 184;7;0;2;3;13;1
202400009982;155 764 187;17;0;2;3;1;1
202400009983;155 764 183;33;0;0;0;2;1
202400009984;155 764 182;3;0;0;9;10;3
202400009985;155 764 179;7;0;2;3;9;1
202400009985;155 764 181;30;0;2;2;1;1
202400009986;155 764 178;7;2;0;1;1;1
202400009987;155 764 176;7;0;2;1;2;1
202400009987;155 764 177;7;0;2;1;1;1
202400009987;155 764 180;7;0;2;4;2;2
202400009988;155 764 174;7;6;0;6;0;1
202400009989;155 764 175;7;13;0;0;1;1
202400009990;155 764 172;10;0;1;3;15;1
202400009991;155 764 170;7;0;2;1;13;1
202400009991;155 764 171;7;0;2;3;1;1
202400009992;155 764 166;7;0;2;1;13;1
202400009992;155 764 169;7;0;2;1;1;1
202400009993;155 764 164;33;0;2;2;17;1
202400009993;155 764 168;7;0;2;3;15;1
202400009994;155 764 163;7;0;2;1;1;1
202400009994;155 764 165;7;0;2;1;0;1
202400009994;155 764 167;10;0;2;1;0;1
202400009995;155 764 158;7;0;2;3;13;1
202400009995;155 764 160;7;0;2;3;1;1
202400009995;155 764 162;7;0;2;1;21;1
202400009996;155 764 156;7;8;0;0;14;1
202400009997;155 764 155;7;6;2;3;9;1
202400009997;155 764 157;10;0;2;2;1;1
202400009998;155 764 153;33;6;0;0;1;1
202400009999;155 764 150;7;6;0;2;14;1
202400010000;155 764 149;1;0;2;1;1;5
202400010000;155 764 151;7;0;9;2;15;1
202400010001;155 764 148;2;0;0;1;1;1
202400010002;155 764 147;17;8;0;2;1;1
202400010003;155 764 146;7;13;0;3;13;1
202400010004;155 764 145;33;8;0;8;0;1
202400010005;155 764 141;21;0;2;3;10;1
202400010005;155 764 143;34;0;2;1;21;1
202400010006;155 764 139;7;0;0;6;15;1
202400010006;155 764 142;7;0;2;0;1;1
202400010006;155 764 144;2;0;2;7;13;1
202400010007;155 764 137;7;0;2;2;9;1
202400010007;155 764 140;33;0;2;2;1;1
202400010008;155 764 134;7;0;2;1;2;1
202400010008;155 764 136;21;0;0;4;2;1
202400010009;155 764 135;13;0;1;2;1;1
202400010010;155 764 132;33;0;2;3;1;1
202400010010;155 764 133;33;0;2;3;1;1
202400010011;155 764 130;7;2;0;1;1;1
202400010012;155 764 128;21;0;0;0;1;1
202400010013;155 764 124;7;0;2;2;1;1
202400010013;155 764 126;7;0;2;1;16;1
202400010013;155 764 127;7;0;2;1;1;1
202400010013;155 764 129;7;0;2;1;1;1
202400010013;155 764 131;7;0;2;1;1;1
202400010014;155 764 122;7;0;2;7;15;1
202400010014;155 764 123;33;0;2;1;1;1
202400010015;155 764 121;33;0;2;1;1;1
202400010015;155 764 125;7;0;2;1;15;1
202400010016;155 764 120;7;0;0;9;1;1
202400010017;155 764 118;33;2;0;2;1;1
202400010018;155 764 116;7;0;2;2;15;1
202400010018;155 764 119;32;0;2;1;17;1
202400010019;155 764 117;7;0;1;3;1;1
202400010020;155 764 115;33;0;0;7;21;1
202400010021;155 764 114;7;0;1;5;4;1
202400010022;155 764 113;7;6;0;3;1;1
202400010023;155 764 112;38;0;1;3;1;1
202400010024;155 764 111;7;2;0;9;1;1
202400010025;155 764 109;7;6;0;3;1;1
202400010026;155 764 108;7;0;2;1;0;2
202400010026;155 764 110;7;0;2;1;1;1
202400010027;155 764 106;33;0;0;0;16;1
202400010028;155 764 104;7;0;2;3;13;1
202400010028;155 764 107;7;3;2;3;1;1
202400010029;155 764 103;7;0;2;1;13;1
202400010029;155 764 105;38;15;2;3;1;1
202400010030;155 764 102;7;13;6;1;1;1
202400010031;155 764 100;31;6;0;2;1;1
202400010032;155 764 098;33;0;2;3;1;1
202400010032;155 764 101;7;0;2;3;1;1
202400010033;155 764 095;10;0;0;1;0;1
202400010033;155 764 097;7;0;0;1;0;1
202400010034;155 764 096;7;1;0;2;1;1
202400010034;155 764 099;10;0;0;6;23;1
202400010035;155 764 094;2;0;1;1;17;0
202400010036;155 764 090;7;0;0;3;6;1
202400010036;155 764 093;99;0;0;3;1;1
202400010037;155 764 089;10;0;1;2;15;1
202400010038;155 764 091;50;0;2;1;1;3
202400010038;155 764 092;7;0;2;3;1;1
202400010039;155 764 086;7;0;2;3;1;1
202400010039;155 764 088;7;0;2;3;15;1
202400010040;155 764 085;7;2;0;2;0;2
202400010041;155 764 084;7;0;2;1;1;1
202400010041;155 764 087;7;0;2;2;9;1
202400010042;155 764 082;50;0;2;1;1;3
202400010042;155 764 083;7;0;9;3;1;1
202400010043;155 764 081;33;4;0;8;1;1
202400010044;155 764 078;7;0;2;3;13;1
202400010044;155 764 079;20;0;2;3;1;1
202400010045;155 764 077;7;0;2;1;19;1
202400010045;155 764 080;7;0;2;2;5;1
202400010046;155 764 074;7;0;2;3;13;1
202400010046;155 764 076;7;0;2;3;1;1
202400010047;155 764 073;32;8;2;8;1;1
202400010047;155 764 075;7;0;2;1;15;1
202400010048;155 764 072;33;6;0;8;1;1
202400010049;155 764 071;2;3;0;3;13;1
202400010050;155 764 066;7;0;1;1;1;1
202400010051;155 764 065;10;0;2;2;13;1
202400010051;155 764 069;7;0;2;6;23;1
202400010052;155 764 064;7;0;2;3;15;1
202400010052;155 764 068;1;0;2;4;1;5
202400010053;155 764 063;7;4;2;7;14;1
202400010053;155 764 067;15;0;2;8;1;1
202400010053;155 764 070;17;0;0;0;1;6
202400010054;155 764 058;7;0;2;1;2;1
202400010054;155 764 062;7;4;2;4;2;1
202400010055;155 764 057;7;0;9;2;19;1
202400010055;155 764 061;1;0;2;1;1;5
202400010056;155 764 056;7;3;0;3;1;1
202400010056;155 764 060;7;3;0;3;13;1
202400010057;155 764 054;7;3;0;1;26;1
202400010058;155 764 053;7;0;2;3;13;1
202400010058;155 764 055;7;0;2;3;1;1
202400010058;155 764 059;7;0;2;8;1;1
202400010059;155 764 050;7;0;2;1;15;1
202400010059;155 764 051;31;0;2;8;1;1
202400010060;155 764 048;7;4;0;1;14;1
202400010061;155 764 049;7;0;9;5;2;1
202400010061;155 764 052;1;0;2;3;2;5
202400010062;155 764 045;2;13;0;1;1;1
202400010063;155 764 042;7;0;1;7;0;2
202400010064;155 764 043;7;0;2;3;0;1
202400010064;155 764 046;2;0;2;1;0;
202400010065;155 764 041;7;0;2;8;19;1
202400010065;155 764 044;7;0;2;1;1;1
202400010066;155 764 040;7;0;1;2;1;1
202400010067;155 764 039;7;0;1;6;4;1
202400010068;155 764 037;7;13;0;1;0;1
202400010069;155 764 038;7;13;0;0;0;1
202400010070;155 764 034;7;0;1;2;1;1
202400010071;155 764 032;7;0;2;3;15;1
202400010071;155 764 035;33;0;2;1;17;1
202400010072;155 764 030;7;0;2;4;2;1
202400010072;155 764 033;10;0;2;1;2;1
202400010073;155 764 028;7;0;2;3;13;1
202400010073;155 764 031;17;0;2;3;1;1
202400010074;155 764 027;7;0;2;0;15;1
202400010074;155 764 029;33;0;2;0;1;1
202400010075;155 764 026;43;0;0;2;17;1
202400010076;155 764 022;7;0;2;6;1;2
202400010076;155 764 024;33;0;2;1;3;1
202400010077;155 764 021;33;0;2;1;2;1
202400010077;155 764 023;10;0;2;4;14;1
202400010078;155 764 019;7;0;2;1;1;1
202400010078;155 764 025;7;0;2;3;15;1
202400010079;155 764 018;16;0;2;1;1;1
202400010079;155 764 020;7;0;2;4;1;1
202400010080;155 764 015;33;0;2;2;18;1
202400010080;155 764 017;7;0;2;3;11;2
202400010081;155 764 014;1;0;1;1;1;5
202400010082;155 764 012;33;0;2;1;2;1
202400010082;155 764 016;7;0;2;4;1;0
202400010083;155 764 013;7;16;0;8;26;0
202400010084;155 764 010;7;1;1;1;14;1
202400010085;155 764 009;1;0;2;1;1;5
202400010085;155 764 011;38;0;2;3;5;1
202400010086;155 764 006;33;0;2;7;1;1
202400010086;155 764 008;7;0;2;3;11;1
202400010087;155 764 002;7;0;2;4;23;1
202400010087;155 764 005;7;0;2;1;2;1
202400010087;155 764 007;7;0;2;4;23;1
202400010088;155 764 001;7;0;2;1;2;1
202400010088;155 764 004;7;0;2;4;2;1
202400010089;155 764 000;7;0;2;3;13;1
202400010089;155 764 003;7;0;2;1;15;1
202400010090;155 763 994;15;0;2;4;2;1
202400010090;155 763 999;10;0;2;1;2;1
202400010091;155 763 992;33;0;2;1;17;1
202400010091;155 763 996;7;0;2;3;1;1
202400010092;155 763 995;14;1;0;5;1;4
202400010092;155 763 998;10;0;2;3;24;3
202400010093;155 763 991;7;0;1;1;1;1
202400010093;155 763 993;7;0;1;1;1;1
202400010093;155 763 997;7;0;1;1;1;2
202400010094;155 763 986;33;0;2;3;1;1
202400010094;155 763 988;7;0;2;8;1;1
202400010095;155 763 987;7;0;2;3;1;1
202400010095;155 763 989;7;0;2;1;19;1
202400010096;155 763 985;33;0;2;1;2;1
202400010096;155 763 990;7;0;2;4;2;1
202400010097;155 763 979;50;0;2;1;1;3
202400010097;155 763 984;7;0;2;3;1;1
202400010098;155 763 980;14;0;2;1;1;0
202400010098;155 763 983;7;0;2;1;19;1
202400010099;155 763 978;7;0;2;1;2;1
202400010099;155 763 982;7;0;2;4;2;1
202400010100;155 763 976;21;0;2;8;1;1
202400010100;155 763 977;7;0;2;9;17;1
202400010100;155 763 981;7;0;2;7;17;1
202400010101;155 763 972;1;0;1;3;1;5
202400010102;155 763 973;7;0;2;2;1;1
202400010102;155 763 975;33;0;2;6;13;0
202400010103;155 763 971;33;0;2;7;3;1
202400010103;155 763 974;7;0;2;3;11;1
202400010104;155 763 969;7;13;0;1;0;1
202400010105;155 763 968;32;0;0;1;3;1
202400010106;155 763 966;7;0;2;3;19;6
202400010106;155 763 970;2;0;2;1;1;0
202400010107;155 763 965;30;0;2;4;1;3
202400010107;155 763 967;1;0;0;0;1;5
202400010108;155 763 962;33;0;2;2;12;1
202400010108;155 763 964;7;0;2;6;11;1
202400010109;155 763 958;7;0;2;6;1;1
202400010109;155 763 961;15;0;2;3;12;1
202400010110;155 763 957;1;0;0;2;1;5
202400010110;155 763 959;10;0;2;3;22;1
202400010111;155 763 956;7;0;2;8;1;1
202400010112;155 763 955;7;0;2;4;1;1
202400010112;155 763 960;7;0;2;4;1;1
202400010112;155 763 963;7;0;2;1;1;1
202400010113;155 763 952;7;0;2;6;2;1
202400010114;155 763 951;1;0;2;2;1;5
202400010114;155 763 954;7;0;2;3;22;1
202400010115;155 763 949;7;0;2;8;11;1
202400010115;155 763 953;33;0;2;7;3;1
202400010116;155 763 945;7;0;2;3;11;1
202400010116;155 763 947;33;0;2;7;3;1
202400010117;155 763 943;7;0;2;4;2;1
202400010117;155 763 948;7;0;2;4;2;1
202400010117;155 763 950;7;0;2;1;2;1
202400010118;155 763 942;17;0;2;1;1;1
202400010118;155 763 946;7;0;2;8;9;1
202400010119;155 763 941;7;0;9;2;14;3
202400010119;155 763 944;80;0;2;8;1;3
202400010120;155 763 937;33;0;2;2;3;1
202400010120;155 763 940;10;0;2;6;11;1
202400010121;155 763 933;37;0;2;1;2;1
202400010121;155 763 936;10;0;2;4;2;1
202400010121;155 763 938;7;0;2;4;2;1
202400010121;155 763 939;38;0;2;4;2;1
202400010122;155 763 934;7;1;0;0;0;0
202400010123;155 763 929;10;0;2;1;1;1
202400010123;155 763 932;7;0;2;4;1;1
202400010124;155 763 928;7;4;0;2;26;1
202400010125;155 763 931;10;0;2;6;21;1
202400010125;155 763 935;7;0;2;3;13;1
202400010126;155 763 927;7;0;2;8;11;1
202400010126;155 763 930;33;0;2;7;3;1
202400010127;155 763 925;33;0;0;0;11;1
202400010128;155 763 922;2;0;2;1;1;1
202400010128;155 763 924;7;0;2;8;1;1
202400010129;155 763 920;33;0;2;1;3;1
202400010129;155 763 926;7;0;2;5;12;1
202400010130;155 763 921;7;0;2;6;2;1
202400010130;155 763 923;33;0;2;1;2;1
202400010131;155 763 918;43;0;2;2;1;1
202400010131;155 763 919;7;0;2;6;11;1
202400010132;155 763 915;7;8;0;2;1;2
202400010133;155 763 911;14;0;2;2;1;1
202400010133;155 763 914;7;0;2;6;13;2
202400010134;155 763 910;10;0;2;8;1;1
202400010134;155 763 912;15;0;2;5;1;1
202400010134;155 763 913;7;0;2;3;13;3
202400010134;155 763 917;7;0;2;2;1;2
202400010135;155 763 903;33;0;2;1;3;1
202400010135;155 763 907;10;0;2;6;11;1
202400010136;155 763 902;10;0;2;1;1;1
202400010136;155 763 905;10;0;2;4;1;1
202400010136;155 763 908;7;0;0;4;1;1
202400010137;155 763 906;10;0;2;2;0;1
202400010137;155 763 909;10;0;2;6;5;0
202400010137;155 763 916;7;0;2;6;2;1
202400010138;155 763 897;7;0;2;3;15;1
202400010138;155 763 899;32;0;2;1;1;1
202400010139;155 763 895;37;0;2;4;1;1
202400010139;155 763 898;13;0;2;1;1;1
202400010140;155 763 894;10;0;2;6;2;1
202400010140;155 763 896;15;0;2;2;2;1
202400010140;155 763 900;7;0;2;6;2;1
202400010140;155 763 901;7;0;2;9;11;1
202400010140;155 763 904;7;0;2;1;2;1
202400010141;155 763 893;10;0;1;1;23;1
202400010142;155 763 891;33;4;0;8;26;1
202400010143;155 763 890;10;0;2;3;15;1
202400010143;155 763 892;10;0;2;2;1;1
202400010144;155 763 886;7;0;2;1;1;1
202400010144;155 763 889;7;0;2;4;1;1
202400010145;155 763 884;7;0;2;8;13;1
202400010145;155 763 887;33;0;2;7;3;1
202400010146;155 763 885;7;0;0;6;1;1
202400010146;155 763 888;7;0;2;3;13;1
202400010147;155 763 880;33;4;0;1;1;1
202400010148;155 763 882;7;3;0;1;1;1
202400010149;155 763 877;7;0;2;1;2;1
202400010149;155 763 879;10;0;2;4;23;1
202400010149;155 763 881;33;14;2;1;3;1
202400010150;155 763 878;7;0;2;3;1;1
202400010150;155 763 883;30;0;2;8;1;3
202400010151;155 763 876;30;0;0;7;16;1
202400010152;155 763 872;50;0;2;8;9;3
202400010152;155 763 875;7;0;2;2;1;1
202400010153;155 763 871;7;0;2;5;20;1
202400010153;155 763 874;2;0;2;1;2;1
202400010154;155 763 870;33;0;2;3;26;1
202400010154;155 763 873;7;0;2;3;0;1
202400010155;155 763 866;30;0;2;3;9;1
202400010155;155 763 868;37;0;2;8;1;1
202400010155;155 763 869;7;0;2;6;23;2
202400010156;155 763 863;7;0;2;8;22;1
202400010156;155 763 865;1;0;2;7;17;5
202400010156;155 763 867;1;0;2;7;21;5
202400010157;155 763 862;7;0;2;3;1;1
202400010157;155 763 864;1;0;2;1;9;5
202400010158;155 763 856;7;0;0;1;13;2
202400010158;155 763 859;7;0;2;1;1;1
202400010159;155 763 858;7;0;2;1;26;1
202400010159;155 763 861;7;0;2;4;2;1
202400010160;155 763 853;7;0;9;2;15;1
202400010160;155 763 854;1;0;2;1;1;5
202400010161;155 763 852;7;0;2;4;1;2
202400010161;155 763 855;7;0;2;4;1;1
202400010161;155 763 857;7;0;2;4;1;1
202400010161;155 763 860;7;0;2;1;1;1
202400010162;155 763 851;7;13;0;9;14;1
202400010163;155 763 848;30;0;2;1;26;1
202400010164;155 763 845;7;0;2;1;26;1
202400010164;155 763 847;7;0;2;1;26;1
202400010164;155 763 850;7;0;2;4;1;1
202400010165;155 763 841;13;4;2;3;1;1
202400010165;155 763 844;7;0;2;1;21;1
202400010165;155 763 846;7;0;2;1;13;1
202400010166;155 763 840;30;12;0;2;1;1
202400010167;155 763 838;99;0;2;1;1;
202400010167;155 763 839;30;0;0;3;1;1
202400010167;155 763 842;37;0;2;2;13;
202400010168;155 763 843;7;0;9;3;15;1
202400010168;155 763 849;1;0;2;1;1;5
202400010169;155 763 836;7;6;0;1;1;1
202400010170;155 763 837;33;0;0;8;0;1
202400010171;155 763 833;7;0;9;0;0;1
202400010171;155 763 834;31;0;2;7;17;1
202400010172;155 763 830;7;0;1;3;1;1
202400010173;155 763 829;10;0;2;2;15;1
202400010173;155 763 831;1;0;2;1;1;5
202400010174;155 763 828;7;9;0;1;14;1
202400010175;155 763 832;7;0;2;3;10;1
202400010175;155 763 835;32;0;2;1;1;1
202400010176;155 763 827;1;0;0;;24;5
202400010177;155 763 825;7;0;2;5;2;1
202400010177;155 763 826;2;0;2;3;2;1
202400010178;155 763 824;7;0;1;3;1;1
202400010179;155 763 823;2;3;0;8;0;1
202400010180;155 763 821;50;0;2;1;1;3
202400010180;155 763 822;7;0;2;2;15;1
202400010181;155 763 818;7;0;2;1;1;1
202400010181;155 763 819;7;0;2;0;26;1
202400010182;155 763 817;2;0;1;1;3;1
202400010183;155 763 814;7;0;2;1;15;1
202400010183;155 763 816;50;0;2;1;2;3
202400010184;155 763 813;7;1;0;1;21;1
202400010185;155 763 812;7;13;0;1;1;1
202400010186;155 763 809;7;0;2;4;12;1
202400010186;155 763 811;7;0;2;1;2;1
202400010187;155 763 815;1;0;2;1;1;5
202400010187;155 763 820;50;0;2;1;1;3
202400010188;155 763 807;31;0;0;0;14;1
202400010189;155 763 803;7;15;2;1;15;0
202400010189;155 763 805;30;0;2;1;23;1
202400010190;155 763 804;7;0;2;7;15;1
202400010190;155 763 806;7;0;2;1;1;1
202400010191;155 763 802;7;0;1;1;1;1
202400010192;155 763 799;3;0;2;1;1;3
202400010192;155 763 801;1;0;2;4;1;5
202400010193;155 763 800;7;6;0;3;13;0
202400010194;155 763 796;7;0;2;0;15;1
202400010194;155 763 798;7;0;2;1;1;1
202400010195;155 763 792;7;0;1;7;26;1
202400010196;155 763 794;30;0;2;1;1;1
202400010196;155 763 795;7;0;2;6;15;1
202400010197;155 763 793;7;2;0;2;2;1
202400010198;155 763 797;7;0;1;1;1;1
202400010199;155 763 788;7;0;2;1;1;1
202400010199;155 763 791;7;0;2;4;1;1
202400010200;155 763 789;13;3;0;2;1;1
202400010201;155 763 786;7;0;1;3;15;1
202400010202;155 763 783;7;6;0;4;1;1
202400010202;155 763 784;10;6;2;1;1;1
202400010203;155 763 781;7;0;1;3;0;1
202400010204;155 763 777;7;0;2;2;0;1
202400010204;155 763 780;1;0;2;0;0;5
202400010205;155 763 775;7;0;2;3;1;1
202400010205;155 763 779;30;0;2;1;1;1
202400010206;155 763 774;1;0;2;3;15;5
202400010206;155 763 778;7;0;2;2;0;1
202400010207;155 763 772;32;0;2;2;1;1
202400010207;155 763 773;7;0;2;3;20;1
202400010208;155 763 776;7;0;2;1;1;0
202400010208;155 763 782;7;0;2;1;1;0
202400010209;155 763 771;33;3;0;7;1;1
202400010210;155 763 769;7;0;2;7;15;1
202400010210;155 763 770;7;0;2;1;16;1
202400010211;155 763 767;1;0;2;4;1;5
202400010211;155 763 768;7;0;2;1;1;1
202400010212;155 763 764;7;0;9;1;1;1
202400010212;155 763 766;50;0;2;7;19;3
202400010213;155 763 761;33;0;1;1;26;1
202400010214;155 763 760;7;2;0;8;2;1
202400010215;155 763 759;7;0;1;1;1;1
202400010216;155 763 756;31;0;2;1;2;1
202400010216;155 763 758;7;0;2;4;1;1
202400010217;155 763 753;3;0;2;2;2;1
202400010217;155 763 757;1;0;2;4;1;5
202400010218;155 763 752;14;0;2;1;2;1
202400010218;155 763 754;1;0;2;4;2;5
202400010219;155 763 750;7;0;2;1;5;1
202400010219;155 763 751;7;0;2;1;5;1
202400010220;155 763 749;7;13;0;9;26;1
202400010221;155 763 755;14;0;2;8;22;1
202400010221;155 763 762;34;0;2;3;3;1
202400010222;155 763 748;7;15;1;1;21;1
202400010223;155 763 746;31;0;2;2;17;1
202400010223;155 763 747;7;0;2;6;1;1
202400010224;155 763 742;7;0;1;3;9;1
202400010225;155 763 743;7;0;2;6;9;0
202400010225;155 763 744;32;0;2;1;1;1
202400010226;155 763 741;10;0;1;1;1;1
202400010227;155 763 740;7;8;0;1;13;1
202400010228;155 763 738;43;0;1;3;21;1
202400010229;155 763 739;7;0;1;3;1;1
202400010230;155 763 732;7;0;1;1;20;1
202400010231;155 763 731;50;0;2;1;1;3
202400010231;155 763 733;7;0;2;1;1;1
202400010232;155 763 734;7;0;0;1;2;1
202400010232;155 763 736;7;0;0;4;1;1
202400010233;155 763 729;31;0;2;1;2;1
202400010233;155 763 730;10;0;2;4;23;1
202400010234;155 763 728;33;0;1;8;21;1
202400010235;155 763 726;2;0;6;1;0;1
202400010236;155 763 725;31;12;0;2;14;1
202400010237;155 763 723;33;0;2;1;26;1
202400010237;155 763 724;7;0;2;6;1;1
202400010238;155 763 721;7;0;2;3;15;1
202400010238;155 763 727;2;0;2;1;1;1
202400010239;155 763 718;7;0;2;2;19;2
202400010239;155 763 722;1;0;2;1;1;5
202400010240;155 763 717;7;0;1;2;1;1
202400010241;155 763 719;31;0;0;1;1;1
202400010241;155 763 720;7;0;0;4;1;2
202400010242;155 763 714;50;1;0;1;1;3
202400010243;155 763 713;10;0;2;1;1;1
202400010243;155 763 716;1;0;2;8;19;5
202400010244;155 763 711;7;0;2;1;1;0
202400010244;155 763 715;30;0;2;4;1;1
202400010245;155 763 709;7;0;2;1;26;1
202400010245;155 763 710;50;0;2;4;19;3
202400010246;155 763 707;33;0;0;9;19;1
202400010247;155 763 708;7;0;2;1;1;1
202400010247;155 763 712;7;0;2;1;1;1
202400010248;155 763 704;7;0;2;3;1;1
202400010248;155 763 706;7;0;2;8;13;1
202400010249;155 763 701;33;0;2;1;3;1
202400010249;155 763 702;7;0;2;8;15;1
202400010250;155 763 699;7;0;1;1;1;1
202400010251;155 763 696;7;0;2;8;1;1
202400010251;155 763 698;7;0;2;7;1;1
202400010252;155 763 697;2;0;0;7;15;1
202400010252;155 763 700;7;0;2;1;1;1
202400010253;155 763 692;7;0;1;3;1;1
202400010254;155 763 693;7;0;2;7;16;1
202400010254;155 763 694;50;0;2;1;2;3
202400010255;155 763 690;7;13;0;0;0;1
202400010256;155 763 691;7;0;2;3;1;1
202400010256;155 763 695;7;0;2;1;15;1
202400010257;155 763 687;7;0;2;8;22;1
202400010257;155 763 689;50;0;2;1;1;3
202400010258;155 763 686;7;0;0;1;1;1
202400010258;155 763 688;7;0;0;4;9;1
202400010259;155 763 684;7;4;0;1;13;1
202400010260;155 763 683;80;0;2;1;1;3
202400010260;155 763 685;10;0;9;1;19;1
202400010261;155 763 681;33;0;0;8;17;1
202400010261;155 763 682;7;0;0;0;1;1
202400010262;155 763 680;14;0;1;3;1;1
202400010263;155 763 678;31;13;0;0;0;0
202400010264;155 763 677;7;0;2;6;23;1
202400010264;155 763 679;7;0;2;2;1;2
202400010265;155 763 676;7;0;5;9;1;1
202400010266;155 763 674;7;0;1;1;16;1
202400010267;155 763 673;7;13;0;3;15;1
202400010268;155 763 672;7;0;2;3;13;1
202400010268;155 763 675;21;0;2;6;1;1
202400010269;155 763 671;7;1;0;2;0;1
202400010270;155 763 669;7;0;1;7;1;1
202400010271;155 763 667;1;0;2;7;2;5
202400010271;155 763 670;7;0;9;1;9;3
202400010272;155 763 665;7;0;2;4;2;1
202400010272;155 763 666;7;0;2;1;2;1
202400010273;155 763 662;2;0;2;1;13;1
202400010273;155 763 664;10;0;2;3;1;1
202400010274;155 763 661;7;0;2;6;19;1
202400010274;155 763 663;7;0;2;3;1;1
202400010275;155 763 655;7;0;1;2;26;1
202400010276;155 763 658;7;0;2;5;15;1
202400010276;155 763 660;31;0;2;1;1;1
202400010277;155 763 654;7;0;2;2;17;1
202400010277;155 763 656;99;0;2;8;15;1
202400010278;155 763 653;1;0;0;0;15;5
202400010279;155 763 651;7;0;0;7;14;1
202400010280;155 763 648;10;0;1;2;15;1
202400010281;155 763 645;80;0;2;1;13;3
202400010281;155 763 647;10;0;2;2;1;1
202400010282;155 763 644;7;0;1;2;1;1
202400010283;155 763 642;7;0;2;1;13;1
202400010283;155 763 646;7;0;2;1;1;1
202400010284;155 763 641;7;0;2;1;2;1
202400010284;155 763 643;7;0;2;0;20;1
202400010285;155 763 637;99;0;2;0;9;5
202400010285;155 763 640;7;0;5;8;1;1
202400010286;155 763 638;7;0;1;3;1;1
202400010287;155 763 636;33;0;2;7;0;1
202400010287;155 763 639;7;0;2;1;9;2
202400010288;155 763 634;7;0;1;1;16;1
202400010289;155 763 632;7;0;1;7;1;1
202400010290;155 763 630;1;0;2;1;1;5
202400010290;155 763 633;1;0;2;0;1;5
202400010290;155 763 635;7;0;0;2;19;2
202400010291;155 763 629;2;0;0;8;1;1
202400010292;155 763 627;7;0;1;3;1;1
202400010293;155 763 625;50;0;2;1;1;3
202400010293;155 763 628;10;0;2;8;9;1
202400010294;155 763 626;7;0;1;2;1;2
202400010295;155 763 620;7;16;0;3;1;1
202400010295;155 763 624;7;0;2;1;20;1
202400010296;155 763 619;1;0;2;1;1;5
202400010296;155 763 623;7;0;2;7;1;1
202400010297;155 763 618;7;0;2;3;11;1
202400010297;155 763 621;33;0;2;7;1;1
202400010298;155 763 617;7;0;2;2;1;1
202400010298;155 763 622;7;0;2;2;15;1
202400010299;155 763 614;50;0;2;7;1;3
202400010299;155 763 616;7;0;9;3;2;1
202400010300;155 763 613;33;0;2;2;1;1
202400010300;155 763 615;7;0;2;3;15;1
202400010301;155 763 608;10;0;2;3;1;1
202400010301;155 763 611;7;0;2;3;1;1
202400010302;155 763 610;14;0;2;2;16;1
202400010302;155 763 612;30;0;2;3;18;1
202400010303;155 763 606;33;0;2;2;17;1
202400010303;155 763 609;7;0;2;3;15;1
202400010304;155 763 607;10;0;1;1;1;1
202400010305;155 763 601;7;0;2;2;16;1
202400010305;155 763 603;50;0;2;1;1;3
202400010306;155 763 602;7;0;2;8;1;1
202400010306;155 763 605;7;0;2;8;13;1
202400010307;155 763 600;7;0;1;3;1;1
202400010308;155 763 604;17;0;1;1;1;1
202400010309;155 763 598;32;2;0;1;1;1
202400010310;155 763 595;10;0;2;7;16;1
202400010310;155 763 597;50;0;2;8;16;3