Num_Acc;id_vehicule;categorie_vehicule;obstacle_fixe;obstacle_mobile;point_choc_initial;manoeuvre_principale;motorisation
202400010311;155 763 594;7;0;2;0;0;1
202400010311;155 763 599;1;0;2;6;15;5
202400010312;155 763 590;10;0;1;2;26;3
202400010313;155 763 589;7;0;1;1;15;2
202400010314;155 763 588;10;0;2;1;0;1
202400010314;155 763 591;7;0;2;8;0;1
202400010314;155 763 592;7;0;2;1;0;1
202400010315;155 763 587;15;13;0;1;14;1
202400010316;155 763 585;31;0;0;3;26;1
202400010317;155 763 583;7;0;2;7;15;1
202400010317;155 763 586;50;0;2;1;1;3
202400010318;155 763 582;7;0;2;1;9;
202400010318;155 763 584;2;0;2;4;1;1
202400010319;155 763 579;10;0;2;8;13;1
202400010319;155 763 581;1;0;2;1;1;5
202400010320;155 763 577;7;0;2;1;15;1
202400010320;155 763 578;2;0;2;1;1;1
202400010321;155 763 575;1;1;2;1;1;5
202400010321;155 763 580;7;1;2;2;15;0
202400010322;155 763 571;7;0;2;2;21;1
202400010322;155 763 574;7;0;2;2;21;1
202400010322;155 763 576;7;0;2;6;26;1
202400010323;155 763 569;7;0;1;8;26;2
202400010324;155 763 570;7;0;2;3;20;1
202400010324;155 763 572;33;0;2;1;1;1
202400010325;155 763 568;7;0;2;3;1;1
202400010325;155 763 573;33;0;2;3;13;1
202400010326;155 763 567;15;13;0;7;1;1
202400010327;155 763 565;32;0;0;0;0;1
202400010328;155 763 564;7;0;1;4;26;1
202400010328;155 763 566;10;0;2;1;1;1
202400010329;155 763 563;7;13;0;7;13;1
202400010330;155 763 562;7;0;1;2;1;1
202400010331;155 763 560;1;0;2;4;2;5
202400010331;155 763 561;37;0;2;4;20;1
202400010332;155 763 557;7;0;2;1;13;1
202400010332;155 763 559;7;0;2;1;1;1
202400010333;155 763 556;80;0;2;1;1;3
202400010333;155 763 558;10;0;2;2;16;1
202400010334;155 763 555;7;0;1;2;1;1
202400010335;155 763 554;7;0;2;1;1;1
202400010336;155 763 550;7;0;2;7;16;1
202400010336;155 763 553;2;0;2;3;2;3
202400010337;155 763 548;30;0;0;8;26;1
202400010338;155 763 547;7;0;2;1;1;2
202400010338;155 763 549;7;0;2;1;1;2
202400010338;155 763 552;33;0;0;4;1;1
202400010339;155 763 546;32;0;2;8;1;0
202400010339;155 763 551;7;0;2;8;5;0
202400010340;155 763 542;7;8;2;3;13;1
202400010340;155 763 544;33;0;2;1;1;1
202400010341;155 763 540;7;2;0;3;13;1
202400010342;155 763 539;7;0;2;3;0;0
202400010342;155 763 545;1;0;2;0;0;5
202400010343;155 763 541;7;0;2;6;9;1
202400010343;155 763 543;33;0;2;7;0;1
202400010344;155 763 538;10;13;0;3;0;6
202400010345;155 763 537;7;13;0;7;1;1
202400010346;155 763 534;7;0;2;2;2;0
202400010346;155 763 536;50;0;2;4;2;3
202400010347;155 763 532;1;0;0;0;1;0
202400010348;155 763 531;7;0;2;2;16;1
202400010348;155 763 535;7;0;2;2;1;1
202400010349;155 763 530;7;0;2;1;13;1
202400010349;155 763 533;38;0;2;3;1;1
202400010350;155 763 528;7;6;0;1;1;1
202400010351;155 763 526;2;0;2;1;1;1
202400010351;155 763 529;33;0;2;1;26;1
202400010352;155 763 525;7;0;2;1;13;1
202400010352;155 763 527;7;0;2;1;1;3
202400010353;155 763 522;7;0;2;1;1;1
202400010353;155 763 524;7;0;0;7;1;1
202400010354;155 763 521;1;0;2;0;19;5
202400010354;155 763 523;7;0;2;1;1;1
202400010355;155 763 518;2;0;2;1;1;1
202400010355;155 763 520;7;0;2;7;15;1
202400010356;155 763 517;32;0;0;0;1;1
202400010357;155 763 516;1;0;2;1;1;5
202400010357;155 763 519;7;0;2;2;15;1
202400010358;155 763 515;7;0;1;3;1;1
202400010359;155 763 511;1;0;2;8;19;5
202400010359;155 763 514;7;0;2;1;15;1
202400010360;155 763 510;2;0;0;0;1;1
202400010360;155 763 512;2;0;0;0;1;1
202400010361;155 763 509;7;0;2;2;6;1
202400010361;155 763 513;7;0;2;2;1;1
202400010362;155 763 504;7;2;0;1;14;1
202400010363;155 763 503;7;0;0;1;1;1
202400010363;155 763 506;10;0;0;3;1;1
202400010363;155 763 508;7;0;0;1;1;1
202400010364;155 763 502;7;0;2;1;2;1
202400010364;155 763 505;7;0;2;1;2;1
202400010364;155 763 507;7;16;0;4;2;1
202400010365;155 763 498;32;0;2;8;1;1
202400010365;155 763 501;7;0;2;7;12;1
202400010366;155 763 499;2;0;2;1;1;1
202400010366;155 763 500;7;0;2;2;15;1
202400010367;155 763 495;7;4;0;0;1;1
202400010368;155 763 496;7;0;2;1;15;1
202400010368;155 763 497;50;0;2;3;19;3
202400010369;155 763 493;10;0;9;4;20;1
202400010369;155 763 494;1;0;2;7;1;5
202400010370;155 763 489;7;12;0;0;1;1
202400010371;155 763 488;7;0;2;4;2;1
202400010371;155 763 491;7;0;2;1;2;1
202400010372;155 763 487;14;0;2;7;2;1
202400010372;155 763 490;7;3;2;4;2;1
202400010372;155 763 492;7;0;2;1;2;1
202400010373;155 763 486;7;8;0;1;14;1
202400010374;155 763 484;7;0;2;3;15;1
202400010374;155 763 485;30;0;2;1;1;1
202400010375;155 763 483;7;0;2;1;2;1
202400010376;155 763 477;7;0;2;1;1;1
202400010376;155 763 480;14;0;2;4;1;1
202400010376;155 763 481;7;0;2;0;1;1
202400010376;155 763 482;7;0;0;0;1;1
202400010377;155 763 478;33;10;0;8;1;1
202400010378;155 763 479;7;0;1;4;0;1
202400010379;155 763 474;32;0;2;2;3;1
202400010379;155 763 476;7;0;2;3;11;1
202400010380;155 763 473;7;0;0;3;2;1
202400010381;155 763 471;14;3;2;2;1;1
202400010381;155 763 472;10;0;2;3;13;1
202400010381;155 763 475;10;0;2;1;1;1
202400010382;155 763 468;7;0;2;3;1;1
202400010382;155 763 470;17;0;2;5;23;1
202400010383;155 763 467;7;17;0;2;14;1
202400010384;155 763 464;7;15;0;0;0;1
202400010385;155 763 460;10;0;2;7;1;1
202400010385;155 763 462;10;0;2;4;20;1
202400010385;155 763 465;10;0;2;1;1;1
202400010386;155 763 461;7;0;1;3;1;1
202400010387;155 763 459;32;3;0;0;0;1
202400010388;155 763 458;7;4;0;1;1;1
202400010389;155 763 455;7;0;2;7;15;1
202400010389;155 763 457;7;0;2;1;1;1
202400010390;155 763 454;7;0;2;3;5;1
202400010390;155 763 456;7;0;2;3;1;1
202400010391;155 763 452;7;3;2;1;21;1
202400010391;155 763 453;13;0;2;2;1;1
202400010392;155 763 447;10;13;0;1;1;1
202400010393;155 763 445;33;0;2;1;1;1
202400010393;155 763 446;7;0;2;5;23;1
202400010394;155 763 443;7;0;1;1;1;1
202400010395;155 763 442;7;0;2;8;11;1
202400010395;155 763 444;33;0;2;1;3;1
202400010396;155 763 441;33;0;1;1;1;1
202400010397;155 763 440;7;0;1;3;1;1
202400010398;155 763 438;7;0;1;3;21;1
202400010399;155 763 437;7;0;1;1;15;1
202400010400;155 763 434;14;0;2;1;1;6
202400010400;155 763 436;7;0;2;4;1;1
202400010400;155 763 439;14;0;2;1;1;1
202400010401;155 763 431;7;0;2;3;2;1
202400010401;155 763 432;7;0;2;3;2;1
202400010401;155 763 435;7;0;2;2;19;1
202400010402;155 763 430;2;0;2;7;1;1
202400010402;155 763 433;7;0;2;8;1;2
202400010403;155 763 429;30;3;0;2;14;1
202400010404;155 763 428;50;0;1;1;1;3
202400010405;155 763 425;99;0;2;0;0;
202400010405;155 763 427;37;0;2;0;0;
202400010406;155 763 423;7;6;0;8;26;1
202400010407;155 763 420;7;0;2;1;0;0
202400010407;155 763 422;7;0;2;1;26;0
202400010408;155 763 417;30;0;2;1;17;0
202400010408;155 763 419;99;0;2;1;5;0
202400010408;155 763 421;99;0;2;1;5;0
202400010409;155 763 416;7;0;2;2;1;1
202400010409;155 763 418;7;0;2;1;1;1
202400010410;155 763 415;33;0;1;9;21;1
202400010411;155 763 413;33;16;0;5;26;1
202400010412;155 763 412;7;0;2;1;2;1
202400010412;155 763 414;7;0;2;4;2;1
202400010413;155 763 410;7;13;2;3;1;2
202400010413;155 763 411;7;0;2;3;13;1
202400010414;155 763 407;7;0;0;9;26;1
202400010415;155 763 408;7;0;2;3;15;1
202400010415;155 763 409;32;0;2;3;1;1
202400010416;155 763 402;50;0;2;8;19;3
202400010416;155 763 405;7;0;9;1;1;1
202400010417;155 763 403;7;0;2;6;1;1
202400010417;155 763 406;33;8;2;9;1;1
202400010418;155 763 401;33;0;2;1;1;1
202400010418;155 763 404;7;0;2;5;15;1
202400010419;155 763 399;50;0;9;7;2;3
202400010420;155 763 397;7;0;2;4;4;1
202400010420;155 763 398;34;0;2;1;1;1
202400010421;155 763 396;10;0;2;1;1;3
202400010421;155 763 400;7;0;2;8;1;1
202400010422;155 763 394;34;0;2;1;13;1
202400010422;155 763 395;50;0;2;1;14;3
202400010423;155 763 393;10;0;1;3;1;3
202400010424;155 763 391;50;0;0;0;0;3
202400010424;155 763 392;7;0;0;0;0;1
202400010425;155 763 390;50;0;0;7;16;3
202400010426;155 763 388;7;0;2;8;15;1
202400010426;155 763 389;33;0;2;1;17;1
202400010427;155 763 385;7;0;2;1;26;1
202400010427;155 763 387;1;0;2;1;26;5
202400010428;155 763 384;2;1;0;1;15;1
202400010428;155 763 386;10;0;2;5;23;1
202400010429;155 763 382;7;0;2;1;2;1
202400010429;155 763 383;7;0;2;4;23;1
202400010430;155 763 381;7;6;0;3;1;3
202400010431;155 763 379;7;0;2;6;17;1
202400010431;155 763 380;31;0;2;1;17;1
202400010432;155 763 378;33;3;0;1;16;0
202400010433;155 763 377;7;1;0;0;14;1
202400010434;155 763 376;7;0;1;3;1;1
202400010435;155 763 374;7;0;2;3;11;3
202400010435;155 763 375;31;0;2;2;1;1
202400010436;155 763 373;33;0;0;1;0;1
202400010437;155 763 370;7;1;0;1;1;1
202400010438;155 763 369;32;0;2;1;2;1
202400010438;155 763 371;7;0;2;5;2;1
202400010439;155 763 367;33;0;2;2;1;1
202400010439;155 763 368;7;0;2;1;1;1
202400010439;155 763 372;50;0;2;1;1;3
202400010440;155 763 366;7;15;0;1;14;1
202400010441;155 763 363;7;0;2;4;2;1
202400010441;155 763 364;7;0;2;4;2;1
202400010441;155 763 365;7;0;2;1;2;1
202400010442;155 763 361;7;0;1;2;1;1
202400010443;155 763 360;7;3;2;4;11;1
202400010443;155 763 362;7;0;2;1;1;1
202400010444;155 763 356;7;0;2;1;2;1
202400010444;155 763 359;7;0;2;4;1;1
202400010445;155 763 355;34;0;2;1;1;1
202400010445;155 763 358;7;0;2;3;16;1
202400010446;155 763 354;7;2;2;3;1;1
202400010446;155 763 357;7;2;2;8;9;1
202400010447;155 763 353;31;12;0;1;1;1
202400010448;155 763 351;34;0;2;7;18;1
202400010448;155 763 352;7;0;2;2;12;1
202400010449;155 763 348;2;0;0;0;13;0
202400010450;155 763 346;7;0;2;1;9;1
202400010450;155 763 349;7;0;2;5;1;1
202400010451;155 763 344;7;0;1;1;19;1
202400010452;155 763 343;10;0;0;1;17;1
202400010453;155 763 337;7;0;2;4;0;1
202400010453;155 763 340;7;0;2;1;0;1
202400010454;155 763 336;7;0;1;3;1;1
202400010455;155 763 331;7;0;2;1;26;1
202400010455;155 763 334;33;16;2;4;23;1
202400010456;155 763 329;7;0;0;0;10;1
202400010456;155 763 332;32;12;0;3;21;1
202400010457;155 763 328;7;0;2;5;1;1
202400010457;155 763 330;7;0;2;0;1;1
202400010457;155 763 333;7;0;2;5;1;1
202400010457;155 763 335;7;0;2;1;1;1
202400010457;155 763 338;7;0;2;7;1;1
202400010457;155 763 339;7;0;2;3;11;2
202400010457;155 763 341;7;0;2;4;1;1
202400010457;155 763 342;7;0;2;4;1;2
202400010457;155 763 345;7;0;2;2;2;1
202400010457;155 763 347;7;0;2;8;1;1
202400010457;155 763 350;7;0;2;4;1;1
202400010458;155 763 327;32;0;0;3;1;1
202400010459;155 763 321;7;0;2;3;19;1
202400010459;155 763 326;7;0;2;2;19;1
202400010460;155 763 320;7;4;2;2;2;1
202400010460;155 763 323;7;0;2;2;11;1
202400010460;155 763 325;10;0;2;6;2;1
202400010461;155 763 318;14;0;2;8;1;1
202400010461;155 763 319;21;0;2;3;1;1
202400010461;155 763 322;7;0;2;1;13;1
202400010461;155 763 324;1;0;2;1;1;5
202400010462;155 763 315;7;0;9;3;16;1
202400010462;155 763 317;80;0;2;3;1;3
202400010463;155 763 308;7;0;2;1;15;1
202400010463;155 763 309;7;0;2;3;1;1
202400010464;155 763 307;10;0;1;2;1;1
202400010465;155 763 303;7;0;2;5;1;1
202400010465;155 763 306;7;0;2;1;9;1
202400010466;155 763 301;7;0;2;1;1;1
202400010466;155 763 304;7;0;2;5;23;2
202400010467;155 763 302;7;1;0;0;22;1
202400010467;155 763 305;1;1;0;1;1;5
202400010468;155 763 300;7;0;1;1;1;1
202400010469;155 763 299;1;0;1;1;1;5
202400010470;155 763 293;7;0;2;1;5;1
202400010470;155 763 296;7;0;2;2;1;1
202400010471;155 763 294;7;0;2;1;2;1
202400010471;155 763 297;7;0;2;9;23;2
202400010471;155 763 298;7;0;2;4;23;1
202400010472;155 763 292;1;0;2;5;1;5
202400010472;155 763 295;33;0;2;1;1;1
202400010473;155 763 289;7;0;2;8;15;1
202400010473;155 763 291;32;0;2;1;1;1
202400010474;155 763 288;10;8;0;7;1;1
202400010474;155 763 290;10;0;0;1;1;1
202400010475;155 763 286;7;0;1;2;1;1
202400010476;155 763 285;33;0;2;7;26;1
202400010476;155 763 287;7;0;2;1;26;1
202400010477;155 763 282;7;0;2;0;0;1
202400010477;155 763 283;33;0;2;0;0;1
202400010478;155 763 281;7;0;2;3;13;1
202400010478;155 763 284;7;0;2;3;15;1
202400010479;155 763 279;7;2;0;1;1;1
202400010480;155 763 278;31;0;2;1;17;1
202400010480;155 763 280;7;0;0;4;23;1
202400010481;155 763 277;7;2;0;1;5;1
202400010482;155 763 276;7;1;0;8;14;1
202400010483;155 763 275;33;0;6;1;1;1
202400010484;155 763 272;7;0;2;1;26;1
202400010484;155 763 274;7;0;2;1;1;1
202400010485;155 763 271;1;0;0;0;2;5
202400010485;155 763 273;33;0;9;0;17;1
202400010486;155 763 270;33;0;0;8;1;1
202400010487;155 763 268;7;6;2;8;1;0
202400010487;155 763 269;7;0;2;2;1;3
202400010488;155 763 266;7;0;2;1;5;1
202400010488;155 763 267;7;0;2;1;0;1
202400010489;155 763 265;80;0;0;8;1;3
202400010490;155 763 264;33;0;0;0;1;1
202400010491;155 763 262;1;0;2;1;1;5
202400010491;155 763 263;7;0;2;2;15;1
202400010492;155 763 260;7;0;2;1;1;1
202400010492;155 763 261;7;0;2;1;13;1
202400010493;155 763 258;7;0;2;7;15;1
202400010493;155 763 259;50;0;2;1;1;3
202400010494;155 763 256;7;0;2;3;13;1
202400010494;155 763 257;2;0;2;1;1;1
202400010495;155 763 254;13;1;0;1;2;1
202400010496;155 763 253;33;0;2;9;13;1
202400010496;155 763 255;7;0;2;1;1;1
202400010497;155 763 250;37;0;2;7;1;1
202400010497;155 763 252;50;0;2;1;25;3
202400010498;155 763 249;7;0;2;2;0;1
202400010498;155 763 251;32;0;2;1;15;1
202400010499;155 763 248;7;0;1;2;0;1
202400010500;155 763 246;32;0;2;1;1;1
202400010500;155 763 247;7;0;2;2;15;1
202400010501;155 763 245;7;0;1;1;1;1
202400010502;155 763 243;7;0;9;3;1;1
202400010502;155 763 244;10;0;2;2;13;1
202400010503;155 763 240;7;0;1;1;1;3
202400010504;155 763 241;7;3;0;9;1;1
202400010505;155 763 238;2;0;0;7;15;1
202400010505;155 763 239;7;0;2;1;9;1
202400010506;155 763 236;2;0;0;0;1;1
202400010507;155 763 235;7;0;2;3;1;1
202400010507;155 763 237;30;0;2;1;15;1
202400010508;155 763 233;32;0;2;1;1;1
202400010508;155 763 234;7;0;2;6;9;1
202400010509;155 763 232;33;0;0;8;2;1
202400010510;155 763 231;1;0;0;0;1;5
202400010511;155 763 229;31;0;2;3;3;1
202400010511;155 763 230;7;0;2;5;1;1
202400010512;155 763 226;31;0;2;1;1;1
202400010512;155 763 227;7;0;2;2;15;2
202400010513;155 763 225;7;1;1;1;14;1
202400010514;155 763 223;7;0;9;2;2;1
202400010514;155 763 224;50;0;2;4;2;3
202400010515;155 763 221;7;0;2;0;0;0
202400010515;155 763 222;80;0;2;3;1;3
202400010516;155 763 219;7;0;9;3;1;1
202400010516;155 763 220;37;0;2;3;1;1
202400010517;155 763 218;50;15;0;1;26;3
202400010518;155 763 217;50;0;0;0;1;3
202400010519;155 763 215;37;0;2;2;1;2
202400010519;155 763 216;7;0;2;8;20;1
202400010520;155 763 213;7;0;2;1;2;1
202400010520;155 763 214;7;0;2;4;1;2
202400010521;155 763 211;7;15;9;2;14;1
202400010522;155 763 210;7;0;2;3;10;1
202400010522;155 763 212;31;0;2;0;1;1
202400010523;155 763 209;7;15;0;1;0;1
202400010524;155 763 208;60;0;0;0;1;5
202400010525;155 763 206;32;0;0;0;3;1
202400010526;155 763 207;7;0;1;2;0;1
202400010527;155 763 204;1;0;1;1;1;5
202400010528;155 763 202;10;0;2;2;15;0
202400010528;155 763 205;33;0;2;3;1;0
202400010529;155 763 201;7;0;0;6;2;1
202400010529;155 763 203;33;0;2;1;2;1
202400010530;155 763 199;7;0;2;3;15;2
202400010530;155 763 200;2;0;2;1;2;3
202400010531;155 763 197;7;0;2;2;16;1
202400010531;155 763 198;30;0;2;3;18;1
202400010532;155 763 196;7;0;1;2;1;2
202400010533;155 763 194;7;0;2;4;2;2
202400010533;155 763 195;80;0;2;1;2;3
202400010534;155 763 192;7;0;1;0;0;1
202400010535;155 763 191;7;1;2;3;9;1
202400010535;155 763 193;1;1;0;1;2;5
202400010536;155 763 185;7;0;2;0;0;1
202400010536;155 763 189;15;0;2;2;0;0
202400010537;155 763 188;50;0;2;1;17;3
202400010537;155 763 190;1;0;2;3;1;5
202400010538;155 763 186;50;0;2;1;0;3
202400010538;155 763 187;7;1;2;0;0;1
202400010539;155 763 183;7;0;2;3;1;2
202400010539;155 763 184;7;0;2;3;1;1
202400010540;155 763 179;7;0;2;7;24;2
202400010540;155 763 181;80;1;2;1;1;3
202400010541;155 763 180;7;0;2;7;15;1
202400010541;155 763 182;7;0;2;1;1;3
202400010542;155 763 177;7;0;2;1;1;1
202400010542;155 763 178;7;0;2;8;10;1
202400010543;155 763 175;7;0;2;2;16;2
202400010543;155 763 176;50;0;2;1;25;3
202400010544;155 763 172;10;0;2;1;13;1
202400010544;155 763 174;7;0;2;1;1;1
202400010545;155 763 171;7;0;9;1;15;1
202400010545;155 763 173;2;0;2;8;1;1
202400010546;155 763 166;7;0;2;3;15;1
202400010546;155 763 169;7;0;2;1;1;1
202400010547;155 763 167;1;16;2;0;0;5
202400010547;155 763 170;7;16;2;5;1;1
202400010548;155 763 165;33;13;2;8;1;1
202400010548;155 763 168;7;0;2;8;0;1
202400010549;155 763 163;10;13;0;3;0;1
202400010550;155 763 161;33;14;2;1;11;1
202400010550;155 763 164;50;9;2;8;26;3
202400010551;155 763 162;7;0;1;7;2;1
202400010552;155 763 160;7;13;0;2;14;1
202400010553;155 763 158;10;0;2;1;0;1
202400010554;155 763 157;7;13;0;0;1;1
202400010555;155 763 156;7;0;2;2;15;1
202400010555;155 763 159;50;0;2;8;25;3
202400010556;155 763 154;7;0;1;1;1;2
202400010557;155 763 153;15;0;2;3;1;1
202400010557;155 763 155;7;0;2;3;13;1
202400010558;155 763 150;10;0;0;0;0;1
202400010559;155 763 149;7;14;0;1;26;1
202400010560;155 763 148;7;0;2;4;2;1
202400010560;155 763 151;7;0;2;4;23;1
202400010560;155 763 152;7;0;2;1;2;1
202400010561;155 763 147;33;16;0;3;15;1
202400010562;155 763 145;7;0;2;1;21;1
202400010562;155 763 146;7;0;2;1;1;1
202400010563;155 763 142;50;0;2;8;1;3
202400010563;155 763 144;2;0;9;1;15;0
202400010564;155 763 141;7;0;2;3;1;1
202400010564;155 763 143;7;0;2;3;17;1
202400010565;155 763 140;7;0;1;1;1;1
202400010566;155 763 137;1;0;0;3;1;5
202400010567;155 763 136;7;0;0;3;1;1
202400010567;155 763 139;7;0;2;1;1;1
202400010568;155 763 135;7;0;2;2;16;1
202400010568;155 763 138;7;0;2;3;16;1
202400010569;155 763 131;17;0;1;3;23;1
202400010570;155 763 133;33;13;2;3;1;1
202400010570;155 763 134;7;0;2;3;15;1
202400010571;155 763 130;7;0;9;6;15;2
202400010571;155 763 132;50;0;2;1;1;3
202400010572;155 763 127;7;0;2;3;2;1
202400010572;155 763 128;7;0;0;6;2;1
202400010573;155 763 126;2;0;2;1;1;1
202400010573;155 763 129;7;0;2;5;15;1
202400010574;155 763 124;7;0;1;4;26;1
202400010575;155 763 123;50;0;2;8;1;3
202400010575;155 763 125;7;0;2;1;15;2
202400010576;155 763 120;32;0;2;1;14;1
202400010576;155 763 121;7;0;2;0;1;1
202400010577;155 763 119;7;0;0;8;15;1
202400010577;155 763 122;15;0;2;3;1;1
202400010578;155 763 118;7;13;0;1;1;1
202400010579;155 763 117;7;8;0;1;1;1
202400010580;155 763 115;7;0;2;1;1;1
202400010580;155 763 116;7;0;2;1;1;1
202400010581;155 763 113;15;0;2;3;9;6
202400010581;155 763 114;7;0;2;2;1;3
202400010582;155 763 112;33;14;0;1;1;1
202400010583;155 763 111;1;0;0;0;2;5
202400010584;155 763 108;2;0;2;3;1;1
202400010584;155 763 110;7;0;2;5;17;1
202400010585;155 763 105;7;0;2;1;1;1
202400010585;155 763 106;7;0;2;1;5;1
202400010586;155 763 107;7;0;2;3;13;1
202400010586;155 763 109;7;0;2;3;1;2
202400010587;155 763 103;7;0;2;2;19;1
202400010587;155 763 104;1;0;2;4;26;5
202400010588;155 763 101;7;0;2;1;13;1
202400010588;155 763 102;7;0;2;1;1;1
202400010589;155 763 100;33;8;0;0;1;1
202400010590;155 763 098;7;2;0;8;13;1
202400010591;155 763 097;10;0;1;3;1;1
202400010592;155 763 096;33;0;2;3;0;1
202400010592;155 763 099;7;0;2;3;0;3
202400010593;155 763 095;7;8;0;1;1;1
202400010594;155 763 094;33;5;0;7;0;1
202400010595;155 763 093;7;6;0;1;1;1
202400010596;155 763 092;2;16;0;0;14;1
202400010597;155 763 091;33;8;0;1;14;1
202400010598;155 763 090;7;0;1;1;1;1
202400010599;155 763 088;2;0;2;1;5;0
202400010599;155 763 089;7;0;9;3;0;1
202400010600;155 763 087;7;13;0;9;15;1
202400010601;155 763 085;7;0;2;1;15;1
202400010601;155 763 086;33;0;2;1;1;1
202400010602;155 763 084;7;2;0;3;13;1
202400010603;155 763 082;7;13;0;2;1;1
202400010604;155 763 081;7;0;2;2;15;1
202400010604;155 763 083;2;0;2;1;1;1
202400010605;155 763 079;7;0;2;8;1;1
202400010605;155 763 080;21;0;2;3;15;1
202400010606;155 763 077;10;0;2;1;2;1
202400010606;155 763 078;7;0;2;4;2;1
202400010607;155 763 076;10;2;0;2;14;1
202400010608;155 763 075;7;2;0;7;1;1
202400010609;155 763 073;7;2;0;1;26;1
202400010610;155 763 072;7;3;2;1;14;1
202400010610;155 763 074;7;0;2;4;1;1
202400010611;155 763 070;7;0;2;1;1;2
202400010611;155 763 071;50;0;2;1;5;3
202400010612;155 763 066;7;0;1;3;1;1
202400010613;155 763 068;7;0;2;4;1;1
202400010613;155 763 069;7;0;2;1;1;2
202400010614;155 763 064;7;0;0;0;14;2
202400010615;155 763 065;7;0;2;3;1;1
202400010615;155 763 067;7;12;2;2;3;1
202400010616;155 763 062;1;0;0;0;26;5
202400010617;155 763 061;15;0;2;1;1;1
202400010617;155 763 063;7;0;2;8;19;1
202400010618;155 763 058;7;0;2;3;15;2
202400010618;155 763 060;33;0;2;1;23;1
202400010619;155 763 059;33;1;0;1;1;0
202400010620;155 763 056;33;0;6;1;1;1
202400010621;155 763 055;33;13;0;1;17;1
202400010622;155 763 054;7;0;1;2;1;2
202400010623;155 763 052;7;0;2;1;17;1
202400010623;155 763 053;7;0;2;1;1;1
202400010624;155 763 051;33;0;0;0;0;1
202400010625;155 763 050;7;0;1;8;1;1
202400010626;155 763 048;10;0;0;0;0;1
202400010627;155 763 046;7;0;1;8;1;1
202400010628;155 763 045;7;7;0;1;14;1
202400010629;155 763 043;7;0;2;1;13;1
202400010629;155 763 044;7;13;2;3;1;1
202400010630;155 763 042;7;0;1;3;1;1
202400010631;155 763 040;33;0;2;1;0;1
202400010631;155 763 041;7;0;2;5;23;1
202400010632;155 763 037;33;0;2;3;1;1
202400010632;155 763 039;7;0;2;3;13;1
202400010633;155 763 036;10;0;2;2;17;1
202400010633;155 763 038;2;0;2;9;0;1
202400010634;155 763 035;7;0;1;4;0;1
202400010635;155 763 032;7;0;2;1;1;1
202400010635;155 763 034;2;0;2;1;13;1
202400010636;155 763 033;7;6;0;1;1;1
202400010637;155 763 027;7;0;2;4;1;1
202400010637;155 763 029;2;0;2;1;1;3
202400010638;155 763 028;7;0;1;2;1;1
202400010639;155 763 030;7;0;2;1;1;1
202400010639;155 763 031;7;0;2;7;15;3
202400010640;155 763 025;33;0;0;0;14;1
202400010641;155 763 024;1;0;2;1;17;5
202400010641;155 763 026;7;0;2;3;15;1
202400010642;155 763 019;2;0;0;4;2;1
202400010642;155 763 021;7;0;2;2;2;1
202400010643;155 763 018;7;0;2;1;2;1
202400010643;155 763 022;7;0;2;4;2;1
202400010643;155 763 023;7;0;2;4;2;1
202400010644;155 763 017;7;0;2;3;2;2
202400010644;155 763 020;1;0;2;1;1;5
202400010645;155 763 015;34;4;0;1;21;1
202400010646;155 763 014;10;0;1;2;15;1
202400010647;155 763 013;7;0;2;5;17;1
202400010647;155 763 016;17;0;2;3;1;1
202400010648;155 763 012;7;13;0;1;1;1
202400010649;155 763 010;10;3;0;1;1;1
202400010650;155 763 009;10;0;2;1;1;1
202400010650;155 763 011;10;0;2;1;15;1
202400010651;155 763 008;7;0;1;1;1;1
202400010652;155 763 005;7;0;2;7;1;1
202400010652;155 763 007;7;0;2;1;1;1
202400010653;155 763 004;7;0;9;2;15;1
202400010653;155 763 006;1;0;2;8;1;5
202400010654;155 763 001;33;0;0;1;1;1
202400010655;155 763 003;7;1;0;0;0;1
202400010656;155 763 000;7;0;2;2;19;1
202400010656;155 763 002;1;0;2;7;1;5
202400010657;155 762 999;7;13;0;1;1;1
202400010658;155 762 997;7;0;2;7;1;1
202400010658;155 762 998;7;0;2;1;1;1
202400010659;155 762 996;33;0;1;1;1;0
202400010660;155 762 994;7;0;2;1;1;1
202400010660;155 762 995;7;0;2;1;1;1
202400010661;155 762 992;7;8;1;1;15;1
202400010662;155 762 991;7;0;2;3;13;1
202400010662;155 762 993;43;0;2;5;1;1
202400010663;155 762 990;7;13;0;1;1;1
202400010664;155 762 984;7;0;2;3;1;1
202400010664;155 762 987;33;0;2;3;13;1
202400010665;155 762 983;7;0;2;2;15;1
202400010665;155 762 986;33;0;2;1;1;1
202400010666;155 762 981;7;0;1;1;20;1
202400010667;155 762 979;7;0;2;3;13;1
202400010667;155 762 980;7;0;2;8;26;1
202400010667;155 762 982;7;0;2;3;0;1
202400010668;155 762 978;7;0;1;1;15;1
202400010669;155 762 976;7;0;2;4;1;1
202400010669;155 762 977;7;0;2;1;1;1
202400010670;155 762 974;7;0;2;3;1;1
202400010670;155 762 975;7;0;2;3;1;1
202400010671;155 762 971;7;14;0;1;14;1
202400010672;155 762 972;7;0;2;3;1;1
202400010672;155 762 973;7;0;2;8;19;1