Num_Acc;id_vehicule;categorie_vehicule;obstacle_fixe;obstacle_mobile;point_choc_initial;manoeuvre_principale;motorisation
202400010673;155 762 969;7;0;2;6;1;1
202400010673;155 762 970;7;0;2;2;1;2
202400010674;155 762 968;7;0;1;3;1;0
202400010675;155 762 965;7;0;2;1;13;1
202400010675;155 762 967;7;0;2;1;1;1
202400010676;155 762 964;7;0;2;1;1;1
202400010676;155 762 966;7;0;2;2;15;1
202400010677;155 762 959;7;0;2;1;13;1
202400010677;155 762 962;7;0;2;3;13;1
202400010678;155 762 957;7;0;2;1;13;1
202400010678;155 762 960;7;0;2;1;1;1
202400010679;155 762 955;1;0;0;0;1;5
202400010680;155 762 954;7;0;2;4;2;1
202400010680;155 762 956;7;0;2;4;2;1
202400010680;155 762 958;7;0;2;4;2;1
202400010680;155 762 961;7;0;2;4;0;1
202400010680;155 762 963;7;0;2;1;2;1
202400010681;155 762 953;7;0;1;1;15;1
202400010682;155 762 950;13;0;0;0;1;1
202400010682;155 762 952;2;0;0;9;21;1
202400010683;155 762 949;7;0;2;2;1;1
202400010683;155 762 951;7;0;2;6;1;1
202400010684;155 762 947;33;0;0;8;1;1
202400010685;155 762 943;7;2;0;3;1;1
202400010686;155 762 942;7;0;2;1;1;1
202400010686;155 762 945;7;0;2;4;23;1
202400010686;155 762 946;7;0;2;4;23;1
202400010687;155 762 940;7;4;0;5;23;1
202400010687;155 762 944;7;0;2;1;21;1
202400010688;155 762 941;34;15;0;8;1;1
202400010689;155 762 939;7;0;1;1;1;1
202400010690;155 762 936;7;1;2;1;2;1
202400010690;155 762 938;7;0;0;4;2;1
202400010691;155 762 934;7;0;1;1;1;1
202400010692;155 762 935;7;0;2;7;1;1
202400010692;155 762 937;33;0;2;3;16;1
202400010693;155 762 933;31;3;0;7;2;1
202400010694;155 762 931;7;13;0;1;2;1
202400010695;155 762 930;7;0;2;1;15;2
202400010695;155 762 932;31;0;2;8;21;1
202400010696;155 762 928;7;13;0;1;16;1
202400010696;155 762 929;7;13;0;3;16;1
202400010697;155 762 926;7;12;0;3;0;1
202400010698;155 762 925;7;0;1;1;11;1
202400010699;155 762 922;43;3;0;0;0;1
202400010700;155 762 921;7;0;2;4;14;0
202400010700;155 762 923;15;0;2;8;1;1
202400010700;155 762 924;7;0;2;1;2;3
202400010700;155 762 927;33;3;2;1;1;1
202400010701;155 762 920;33;0;0;7;17;1
202400010702;155 762 916;33;9;0;1;0;1
202400010703;155 762 912;7;0;2;9;18;1
202400010703;155 762 914;7;0;2;2;2;1
202400010703;155 762 917;10;0;2;5;1;1
202400010703;155 762 918;7;0;2;1;2;1
202400010703;155 762 919;7;0;2;1;2;3
202400010704;155 762 913;38;0;2;1;15;1
202400010704;155 762 915;32;0;2;1;1;1
202400010705;155 762 911;30;12;0;1;1;1
202400010706;155 762 909;7;0;2;6;11;1
202400010706;155 762 910;33;0;2;2;1;1
202400010707;155 762 908;31;0;0;3;1;3
202400010708;155 762 905;50;0;2;1;1;3
202400010708;155 762 907;7;0;2;4;1;1
202400010709;155 762 901;7;0;2;1;1;1
202400010709;155 762 903;17;0;2;2;14;1
202400010709;155 762 906;7;0;2;6;1;1
202400010710;155 762 902;33;0;2;1;1;1
202400010710;155 762 904;30;0;2;4;15;1
202400010711;155 762 899;7;0;2;7;16;1
202400010711;155 762 900;50;0;2;1;7;3
202400010712;155 762 898;1;0;0;0;26;5
202400010713;155 762 896;7;0;2;3;13;1
202400010713;155 762 897;7;0;2;3;1;1
202400010714;155 762 895;30;0;0;1;1;1
202400010715;155 762 894;7;8;0;1;26;2
202400010716;155 762 890;50;0;2;8;1;3
202400010716;155 762 892;7;0;2;7;16;0
202400010717;155 762 889;7;0;2;2;19;1
202400010717;155 762 893;7;0;2;1;1;1
202400010718;155 762 888;31;0;2;1;1;1
202400010718;155 762 891;10;0;2;8;15;1
202400010719;155 762 886;33;11;0;1;1;1
202400010720;155 762 885;80;16;2;1;2;2
202400010720;155 762 887;7;0;2;1;26;1
202400010721;155 762 883;7;0;2;1;5;1
202400010721;155 762 884;10;0;2;1;1;1
202400010722;155 762 881;7;0;2;1;2;1
202400010722;155 762 882;10;0;0;4;9;1
202400010723;155 762 880;7;0;1;0;0;0
202400010724;155 762 877;1;0;2;6;15;5
202400010724;155 762 879;7;0;2;2;2;2
202400010725;155 762 874;7;0;2;8;1;2
202400010725;155 762 876;7;0;2;1;1;1
202400010726;155 762 875;21;0;0;6;19;1
202400010726;155 762 878;33;0;2;1;1;1
202400010727;155 762 873;7;0;1;2;17;1
202400010728;155 762 872;1;0;0;0;1;5
202400010729;155 762 871;7;0;1;1;1;1
202400010730;155 762 867;33;0;0;5;1;1
202400010730;155 762 870;7;0;2;1;9;1
202400010731;155 762 866;50;0;2;3;25;3
202400010731;155 762 868;7;0;2;3;26;0
202400010732;155 762 865;7;0;2;1;9;1
202400010732;155 762 869;10;0;2;2;1;1
202400010733;155 762 862;7;14;0;1;2;1
202400010733;155 762 863;7;0;2;4;23;1
202400010734;155 762 860;7;0;0;8;1;1
202400010734;155 762 864;1;0;2;1;1;5
202400010735;155 762 859;7;8;2;1;1;1
202400010735;155 762 861;7;0;2;1;1;1
202400010736;155 762 858;7;3;0;3;9;2
202400010737;155 762 855;10;0;1;0;25;1
202400010738;155 762 856;33;0;2;1;17;1
202400010738;155 762 857;10;0;2;8;15;1
202400010739;155 762 854;7;9;0;3;1;2
202400010740;155 762 852;7;8;0;1;6;1
202400010741;155 762 850;7;6;0;1;13;1
202400010742;155 762 849;7;0;2;3;1;1
202400010742;155 762 851;7;0;2;3;13;1
202400010742;155 762 853;7;0;2;8;1;1
202400010743;155 762 847;7;0;1;1;1;1
202400010744;155 762 845;80;0;2;7;2;3
202400010744;155 762 848;7;0;2;3;2;1
202400010745;155 762 846;10;13;0;2;14;1
202400010746;155 762 843;7;0;2;1;1;1
202400010746;155 762 844;17;1;0;1;1;1
202400010747;155 762 842;7;1;0;2;1;1
202400010748;155 762 841;33;13;0;0;21;1
202400010749;155 762 837;7;0;2;1;13;1
202400010749;155 762 839;7;0;2;1;0;1
202400010750;155 762 834;7;4;2;4;2;1
202400010750;155 762 836;7;4;2;1;2;1
202400010750;155 762 838;7;4;2;4;2;1
202400010750;155 762 840;7;4;2;4;24;1
202400010751;155 762 833;2;0;2;2;2;0
202400010751;155 762 835;1;0;2;6;1;5
202400010752;155 762 831;7;0;2;3;13;0
202400010752;155 762 832;7;0;2;1;1;0
202400010753;155 762 828;7;0;2;1;5;1
202400010753;155 762 830;7;0;2;1;1;2
202400010754;155 762 825;7;0;2;3;1;1
202400010754;155 762 826;33;0;2;2;1;1
202400010755;155 762 822;7;0;2;3;1;1
202400010755;155 762 823;7;14;2;1;1;1
202400010755;155 762 824;7;14;2;3;6;3
202400010756;155 762 820;7;0;2;3;15;1
202400010756;155 762 821;34;0;2;2;17;1
202400010757;155 762 818;10;0;2;2;1;1
202400010757;155 762 819;50;0;2;1;1;3
202400010758;155 762 817;14;0;1;0;16;1
202400010759;155 762 812;37;0;2;3;15;1
202400010759;155 762 814;7;0;2;3;1;1
202400010760;155 762 811;7;0;2;1;0;1
202400010760;155 762 813;1;0;2;4;0;5
202400010761;155 762 808;30;0;2;1;17;1
202400010761;155 762 810;7;0;2;3;15;1
202400010762;155 762 807;10;0;2;1;1;1
202400010762;155 762 809;7;0;2;2;1;1
202400010763;155 762 805;7;0;1;0;16;1
202400010764;155 762 804;7;0;2;4;1;0
202400010764;155 762 806;7;0;2;1;1;1
202400010765;155 762 802;30;1;0;1;1;1
202400010765;155 762 803;7;1;0;0;0;1
202400010766;155 762 799;7;0;1;0;1;1
202400010767;155 762 800;36;0;9;2;15;1
202400010767;155 762 801;1;0;9;1;1;5
202400010768;155 762 797;7;0;1;3;1;1
202400010769;155 762 796;7;0;2;4;2;1
202400010769;155 762 798;10;0;2;1;2;1
202400010770;155 762 795;3;1;0;1;1;1
202400010771;155 762 793;7;0;2;7;2;1
202400010771;155 762 794;1;0;2;1;19;5
202400010772;155 762 792;37;0;0;0;23;1
202400010773;155 762 791;33;0;0;8;16;1
202400010774;155 762 789;7;0;2;5;20;1
202400010774;155 762 790;37;0;2;3;1;1
202400010775;155 762 787;7;0;2;1;1;1
202400010775;155 762 788;7;0;2;4;23;1
202400010776;155 762 785;50;0;2;1;1;3
202400010776;155 762 786;7;0;2;8;1;1
202400010777;155 762 783;7;0;2;8;15;1
202400010777;155 762 784;32;0;2;1;0;1
202400010778;155 762 780;7;0;2;3;15;1
202400010778;155 762 781;33;0;2;8;2;1
202400010779;155 762 778;7;0;2;1;23;1
202400010779;155 762 779;7;0;2;8;1;1
202400010779;155 762 782;10;0;2;1;19;1
202400010780;155 762 776;33;0;2;1;1;1
202400010780;155 762 777;7;0;2;1;15;1
202400010781;155 762 772;7;0;2;7;15;1
202400010781;155 762 774;7;0;2;1;1;1
202400010781;155 762 775;7;0;2;1;1;1
202400010782;155 762 771;7;0;2;3;15;1
202400010782;155 762 773;1;0;2;1;17;5
202400010783;155 762 768;7;1;2;3;1;1
202400010783;155 762 770;80;0;2;1;1;3
202400010784;155 762 767;7;0;2;4;2;2
202400010784;155 762 769;10;0;2;1;2;1
202400010785;155 762 764;7;0;2;2;1;3
202400010785;155 762 765;7;0;2;3;1;1
202400010786;155 762 761;7;15;0;1;1;1
202400010787;155 762 762;10;0;2;4;4;1
202400010787;155 762 763;31;0;2;1;1;1
202400010788;155 762 760;80;0;1;1;1;3
202400010789;155 762 758;7;0;2;1;15;1
202400010789;155 762 759;33;0;2;6;1;1
202400010790;155 762 755;7;0;2;4;1;3
202400010790;155 762 757;33;0;2;1;1;1
202400010791;155 762 754;7;0;2;2;1;3
202400010791;155 762 756;7;0;2;3;1;3
202400010792;155 762 752;7;0;2;1;13;1
202400010792;155 762 753;7;0;2;3;2;1
202400010793;155 762 751;7;0;1;2;1;1
202400010794;155 762 749;7;0;2;1;26;1
202400010794;155 762 750;7;0;2;4;23;0
202400010795;155 762 747;7;0;2;1;1;1
202400010795;155 762 748;7;0;2;0;0;0
202400010796;155 762 744;7;8;2;1;1;1
202400010796;155 762 746;7;0;2;6;1;1
202400010797;155 762 743;7;0;2;1;16;1
202400010797;155 762 745;50;0;2;4;1;3
202400010798;155 762 742;7;1;1;6;4;1
202400010799;155 762 740;7;0;2;4;23;0
202400010799;155 762 741;7;0;2;1;2;0
202400010800;155 762 738;7;0;2;6;20;1
202400010800;155 762 739;32;0;2;1;1;1
202400010801;155 762 736;31;0;2;1;17;1
202400010801;155 762 737;7;0;2;3;15;1
202400010802;155 762 734;10;0;2;7;23;0
202400010802;155 762 735;7;0;2;3;3;1
202400010803;155 762 732;32;0;2;1;9;1
202400010803;155 762 733;7;0;0;0;0;0
202400010804;155 762 731;10;0;1;2;1;1
202400010805;155 762 729;43;0;2;1;1;1
202400010805;155 762 730;7;0;0;8;26;1
202400010806;155 762 727;7;0;0;6;23;1
202400010806;155 762 728;34;0;2;1;3;1
202400010807;155 762 726;7;3;0;7;1;1
202400010808;155 762 725;7;0;0;9;1;1
202400010809;155 762 724;7;0;0;9;0;1
202400010810;155 762 723;7;2;0;9;14;1
202400010811;155 762 721;7;0;2;1;13;1
202400010811;155 762 722;7;0;2;1;1;1
202400010812;155 762 719;31;0;2;1;5;1
202400010812;155 762 720;7;0;2;1;1;1
202400010813;155 762 717;7;0;2;1;1;1
202400010813;155 762 718;7;0;0;4;1;1
202400010814;155 762 715;10;0;2;3;15;1
202400010814;155 762 716;7;0;2;3;1;1
202400010815;155 762 713;7;0;2;4;2;1
202400010815;155 762 714;0;0;2;2;0;0
202400010816;155 762 712;7;4;0;0;1;1
202400010817;155 762 711;7;3;0;0;1;1
202400010818;155 762 709;7;4;2;6;23;1
202400010818;155 762 710;7;1;2;2;1;1
202400010819;155 762 708;7;4;0;1;16;1
202400010820;155 762 706;15;0;2;4;2;1
202400010820;155 762 707;10;0;2;1;2;1
202400010821;155 762 704;7;0;2;6;12;3
202400010821;155 762 705;31;0;2;2;12;1
202400010822;155 762 702;7;0;2;1;1;1
202400010822;155 762 703;34;0;2;2;1;1
202400010823;155 762 701;7;0;1;1;26;1
202400010824;155 762 699;7;0;2;1;5;
202400010824;155 762 700;7;0;2;1;1;
202400010825;155 762 698;30;0;0;7;0;1
202400010826;155 762 696;7;0;2;3;15;2
202400010826;155 762 697;1;0;2;1;17;5
202400010827;155 762 694;7;0;2;1;14;1
202400010827;155 762 695;7;0;2;4;1;1
202400010828;155 762 693;33;0;1;1;1;1
202400010829;155 762 692;10;1;0;1;24;1
202400010830;155 762 691;7;1;0;2;14;1
202400010831;155 762 689;7;0;2;1;15;1
202400010831;155 762 690;32;0;2;8;1;1
202400010832;155 762 687;7;0;2;1;15;2
202400010832;155 762 688;7;0;2;3;1;2
202400010833;155 762 686;7;0;1;2;1;1
202400010834;155 762 684;7;0;2;1;13;1
202400010834;155 762 685;7;0;2;1;1;1
202400010835;155 762 682;10;0;2;7;19;1
202400010835;155 762 683;7;0;2;1;1;1
202400010836;155 762 681;7;2;0;7;1;1
202400010837;155 762 679;7;0;2;1;1;1
202400010837;155 762 680;7;7;2;1;0;1
202400010838;155 762 677;7;0;0;6;1;1
202400010838;155 762 678;7;0;0;1;1;1
202400010839;155 762 676;7;0;0;9;13;1
202400010840;155 762 673;7;0;2;3;17;1
202400010840;155 762 674;7;0;2;3;1;1
202400010841;155 762 672;1;0;0;0;0;5
202400010842;155 762 671;7;2;0;3;1;0
202400010843;155 762 669;7;0;2;3;13;1
202400010843;155 762 670;33;0;2;3;1;1
202400010844;155 762 668;33;2;0;9;14;1
202400010845;155 762 666;35;0;2;8;15;1
202400010845;155 762 667;7;0;2;2;1;1
202400010846;155 762 663;33;1;0;1;13;1
202400010847;155 762 662;33;0;6;1;0;1
202400010848;155 762 660;7;0;0;0;15;1
202400010848;155 762 661;1;9;0;1;1;5
202400010849;155 762 659;20;13;0;7;14;1
202400010850;155 762 657;7;0;0;4;1;2
202400010850;155 762 658;7;0;2;1;9;1
202400010851;155 762 655;21;0;2;3;13;1
202400010851;155 762 656;80;0;2;3;1;2
202400010852;155 762 653;7;0;2;1;2;1
202400010852;155 762 654;7;0;2;4;1;1
202400010853;155 762 652;34;0;0;9;14;1
202400010854;155 762 650;7;0;2;3;15;1
202400010854;155 762 651;50;0;2;8;1;3
202400010855;155 762 649;30;0;0;0;1;1
202400010856;155 762 646;7;0;2;6;26;1
202400010856;155 762 647;30;0;2;1;;1
202400010857;155 762 644;7;3;2;8;5;1
202400010857;155 762 645;7;0;2;8;1;1
202400010858;155 762 642;7;0;2;3;15;1
202400010858;155 762 643;33;0;2;1;1;1
202400010859;155 762 641;7;2;0;1;14;1
202400010860;155 762 639;33;0;2;2;3;1
202400010860;155 762 640;7;0;2;8;15;1
202400010861;155 762 638;10;11;0;1;2;1
202400010862;155 762 636;43;0;2;2;1;3
202400010862;155 762 637;7;0;2;3;19;1
202400010863;155 762 635;33;3;0;8;13;1
202400010864;155 762 633;33;0;2;2;1;1
202400010864;155 762 634;7;0;2;3;26;1
202400010865;155 762 631;15;1;0;2;2;1
202400010865;155 762 632;7;3;0;6;24;1
202400010866;155 762 628;7;4;0;1;1;1
202400010866;155 762 629;7;3;2;1;1;1
202400010866;155 762 630;7;0;9;3;1;2
202400010867;155 762 627;33;3;0;1;0;1
202400010868;155 762 624;7;0;2;3;1;1
202400010868;155 762 625;10;0;2;3;1;1
202400010869;155 762 623;7;13;0;1;1;1
202400010870;155 762 620;7;8;0;2;1;1
202400010871;155 762 618;7;0;2;3;5;1
202400010871;155 762 619;33;0;2;1;5;1
202400010872;155 762 617;7;13;0;3;13;1
202400010873;155 762 615;1;0;2;7;2;5
202400010873;155 762 616;7;0;2;3;9;1
202400010874;155 762 612;10;0;0;3;15;1
202400010874;155 762 613;36;0;2;1;1;1
202400010874;155 762 614;7;0;0;5;19;1
202400010875;155 762 610;7;0;2;1;1;1
202400010875;155 762 611;7;0;2;1;13;1
202400010876;155 762 608;10;0;2;6;1;1
202400010876;155 762 609;33;0;2;1;9;1
202400010877;155 762 606;14;0;2;3;1;1
202400010877;155 762 607;7;0;2;3;13;1
202400010878;155 762 604;7;0;2;6;10;1
202400010878;155 762 605;7;7;2;1;1;2
202400010879;155 762 600;7;0;2;4;2;1
202400010879;155 762 601;7;0;2;4;1;1
202400010879;155 762 602;7;0;2;1;1;1
202400010879;155 762 603;7;0;2;4;2;1
202400010880;155 762 596;7;4;2;4;11;1
202400010880;155 762 598;7;0;2;1;26;1
202400010881;155 762 597;7;3;2;1;1;1
202400010881;155 762 599;10;0;2;1;13;1
202400010882;155 762 593;7;0;2;4;11;1
202400010882;155 762 595;7;0;2;3;1;1
202400010883;155 762 594;33;0;0;0;0;1
202400010884;155 762 592;7;0;2;1;1;1
202400010885;155 762 589;7;0;2;3;11;1
202400010885;155 762 591;33;0;2;1;3;1
202400010886;155 762 588;10;11;2;1;15;1
202400010886;155 762 590;7;0;0;6;1;1
202400010887;155 762 585;7;0;2;1;1;1
202400010887;155 762 586;7;0;2;4;1;1
202400010887;155 762 587;7;0;2;4;1;1
202400010888;155 762 583;33;3;0;4;18;1
202400010889;155 762 582;7;0;2;3;15;1
202400010889;155 762 584;7;0;2;3;1;2
202400010890;155 762 580;7;4;2;3;1;1
202400010890;155 762 581;7;0;2;2;0;0
202400010891;155 762 578;10;0;2;8;1;1
202400010891;155 762 579;10;0;2;2;1;1
202400010892;155 762 576;7;0;2;1;21;0
202400010892;155 762 577;7;0;2;4;2;0
202400010893;155 762 574;7;13;0;3;9;1
202400010894;155 762 573;7;0;2;7;15;1
202400010894;155 762 575;3;0;2;2;1;1
202400010895;155 762 572;7;14;0;0;0;1
202400010896;155 762 571;1;0;0;0;0;5
202400010897;155 762 570;7;0;1;3;1;3
202400010898;155 762 568;7;0;2;4;1;1
202400010898;155 762 569;42;0;2;1;0;1
202400010899;155 762 566;7;8;0;0;0;1
202400010900;155 762 567;33;0;0;8;1;1
202400010901;155 762 564;7;0;2;7;16;1
202400010901;155 762 565;37;0;2;1;1;1
202400010902;155 762 563;7;0;1;1;15;1
202400010903;155 762 562;7;0;1;1;1;1
202400010904;155 762 560;10;0;2;1;1;1
202400010904;155 762 561;7;0;2;8;1;1
202400010905;155 762 558;7;0;9;1;1;
202400010905;155 762 559;1;0;0;8;1;5
202400010906;155 762 557;7;0;1;1;0;1
202400010907;155 762 556;10;0;1;1;1;1
202400010908;155 762 554;10;0;2;4;1;
202400010908;155 762 555;7;0;2;1;2;
202400010909;155 762 550;10;0;9;8;2;1
202400010909;155 762 552;1;0;0;7;2;5
202400010910;155 762 551;7;0;9;1;13;0
202400010910;155 762 553;50;0;2;1;26;3
202400010911;155 762 549;7;0;1;1;1;1
202400010912;155 762 548;7;2;0;1;0;1
202400010913;155 762 546;7;0;2;3;15;1
202400010913;155 762 547;2;0;2;1;1;1
202400010914;155 762 545;7;0;1;1;15;1
202400010915;155 762 542;2;0;2;1;2;1
202400010915;155 762 543;2;0;2;4;2;1
202400010915;155 762 544;7;0;2;5;2;1
202400010916;155 762 541;7;0;1;1;0;0
202400010917;155 762 538;7;0;1;2;1;1
202400010918;155 762 539;50;0;2;7;1;3
202400010918;155 762 540;7;0;2;3;1;1
202400010919;155 762 536;2;0;2;0;0;1
202400010919;155 762 537;7;0;2;1;1;1
202400010920;155 762 533;30;0;2;8;1;1
202400010920;155 762 535;50;0;2;1;1;3
202400010921;155 762 532;7;0;2;2;15;1
202400010921;155 762 534;7;9;2;1;2;2
202400010922;155 762 529;32;0;2;3;0;1
202400010922;155 762 531;7;0;2;2;12;1
202400010923;155 762 528;2;14;0;1;21;1
202400010923;155 762 530;10;0;2;4;23;1
202400010924;155 762 525;7;0;2;1;1;1
202400010924;155 762 527;50;0;2;7;1;3
202400010925;155 762 524;7;0;2;3;15;1
202400010925;155 762 526;33;0;2;2;1;1
202400010926;155 762 522;7;0;2;1;2;1
202400010926;155 762 523;1;0;2;1;2;5
202400010927;155 762 521;7;0;1;1;19;1
202400010928;155 762 518;7;0;2;6;11;1
202400010928;155 762 520;7;0;2;2;0;1
202400010929;155 762 519;10;0;1;1;15;1
202400010930;155 762 516;33;0;2;1;3;1
202400010930;155 762 517;7;0;2;3;15;1
202400010931;155 762 514;7;0;2;8;11;1
202400010931;155 762 515;10;0;2;1;17;1
202400010932;155 762 513;33;0;1;1;1;1
202400010933;155 762 510;10;0;2;6;15;1
202400010933;155 762 512;34;0;2;2;17;1
202400010934;155 762 509;7;2;2;6;1;1
202400010934;155 762 511;7;0;2;2;9;2
202400010935;155 762 507;10;0;2;7;1;1
202400010935;155 762 508;7;0;2;1;16;1
202400010936;155 762 503;7;8;0;7;1;1
202400010936;155 762 505;7;0;2;1;26;1
202400010937;155 762 504;50;0;0;0;0;3
202400010937;155 762 506;7;1;0;3;0;1
202400010938;155 762 499;7;0;2;1;1;1
202400010938;155 762 501;1;0;2;7;19;5
202400010939;155 762 500;7;0;2;2;1;0
202400010939;155 762 502;2;0;2;1;1;0
202400010940;155 762 497;32;0;2;3;13;1
202400010940;155 762 498;7;0;2;2;1;1
202400010941;155 762 496;7;13;0;1;13;1
202400010942;155 762 494;7;0;2;3;23;1
202400010942;155 762 495;31;0;2;3;1;6
202400010943;155 762 493;7;0;1;2;1;1
202400010944;155 762 491;50;0;2;5;23;3
202400010944;155 762 492;1;0;2;1;9;5
202400010945;155 762 487;7;0;2;6;1;1
202400010945;155 762 490;50;0;2;1;1;3
202400010946;155 762 486;7;0;0;5;23;2
202400010946;155 762 488;7;0;0;8;23;1
202400010946;155 762 489;7;0;0;2;3;1
202400010947;155 762 483;7;0;1;0;1;1
202400010948;155 762 481;31;12;2;1;1;1
202400010948;155 762 482;7;0;2;6;1;1
202400010949;155 762 478;7;0;2;8;1;1
202400010949;155 762 480;30;0;2;5;1;1
202400010950;155 762 474;7;0;2;1;15;1
202400010950;155 762 476;7;0;2;1;13;1
202400010951;155 762 473;50;0;2;7;1;3
202400010951;155 762 475;7;0;2;1;15;1
202400010952;155 762 470;1;0;2;3;19;5
202400010952;155 762 472;7;0;2;2;15;1
202400010953;155 762 468;33;0;2;1;1;1
202400010953;155 762 469;7;0;2;3;10;2
202400010954;155 762 467;7;0;2;1;9;1
202400010954;155 762 471;7;0;2;1;1;1
202400010955;155 762 465;7;0;2;1;1;1
202400010955;155 762 466;33;0;2;4;23;1
202400010956;155 762 461;7;16;0;3;15;0
202400010956;155 762 464;31;0;2;2;21;1
202400010957;155 762 462;13;0;2;1;1;1
202400010957;155 762 463;7;0;2;4;1;1
202400010958;155 762 458;7;0;2;1;0;1
202400010958;155 762 460;7;0;2;8;26;1
202400010959;155 762 457;10;0;2;1;1;1
202400010959;155 762 459;7;0;2;4;23;2
202400010960;155 762 455;1;14;2;3;26;5
202400010960;155 762 456;10;0;0;6;0;1
202400010961;155 762 452;7;0;2;1;11;1
202400010961;155 762 454;7;0;2;1;1;1
202400010962;155 762 453;7;0;1;2;1;3
202400010963;155 762 449;7;0;2;4;1;1
202400010963;155 762 451;7;0;2;1;1;1
202400010964;155 762 450;7;0;1;3;26;4
202400010965;155 762 448;7;8;0;1;5;1
202400010966;155 762 443;7;14;0;1;2;1
202400010966;155 762 445;7;14;2;4;2;1
202400010966;155 762 447;7;0;2;1;2;1
202400010967;155 762 444;7;0;5;4;2;1
202400010967;155 762 446;7;0;2;1;2;1
202400010968;155 762 439;7;0;2;4;0;1
202400010968;155 762 442;7;0;2;2;11;1
202400010969;155 762 440;7;0;2;2;15;1
202400010969;155 762 441;1;0;2;1;1;5
202400010970;155 762 435;50;0;2;0;0;3
202400010970;155 762 438;7;0;9;2;19;1
202400010971;155 762 434;7;1;0;6;24;1
202400010971;155 762 436;7;0;2;3;1;1
202400010971;155 762 437;10;1;0;6;15;1
202400010972;155 762 431;3;0;2;2;1;1
202400010972;155 762 432;7;0;2;3;1;1
202400010973;155 762 430;7;0;2;1;15;1
202400010973;155 762 433;7;0;2;7;1;1
202400010974;155 762 429;7;3;0;1;1;1
202400010975;155 762 427;7;6;0;1;0;3
202400010976;155 762 426;1;0;2;7;1;5
202400010976;155 762 428;7;0;2;1;1;0
202400010977;155 762 421;7;0;2;1;15;1
202400010977;155 762 424;7;0;2;3;1;1
202400010978;155 762 418;7;0;2;1;1;1
202400010978;155 762 420;7;0;2;1;13;1
202400010979;155 762 417;1;0;2;7;1;5
202400010979;155 762 419;7;0;2;1;9;3
202400010980;155 762 416;7;0;1;1;1;1
202400010981;155 762 412;1;0;2;1;1;5
202400010981;155 762 413;7;0;2;2;1;1
202400010982;155 762 414;7;0;2;1;9;1
202400010982;155 762 415;1;0;2;7;1;5
202400010983;155 762 410;34;0;2;0;17;1
202400010983;155 762 411;7;0;2;6;1;1
202400010984;155 762 409;3;0;1;2;1;3
202400010985;155 762 408;7;0;1;0;19;0
202400010986;155 762 405;30;0;1;3;25;1
202400010987;155 762 404;7;0;2;8;23;1
202400010987;155 762 406;7;0;2;8;23;1
202400010987;155 762 407;7;0;1;2;16;1
202400010988;155 762 402;7;0;1;1;1;1
202400010989;155 762 401;7;0;2;8;15;1
202400010989;155 762 403;33;0;2;1;2;1
202400010990;155 762 399;7;0;2;1;15;1
202400010990;155 762 400;7;0;2;7;1;1
202400010991;155 762 398;32;0;0;7;14;1
202400010992;155 762 397;33;12;0;1;1;1
202400010993;155 762 396;7;13;0;9;1;1
202400010994;155 762 393;7;0;2;2;26;1
202400010994;155 762 395;7;0;2;3;26;1
202400010995;155 762 392;7;0;2;1;2;1
202400010995;155 762 394;7;0;2;4;2;2
202400010996;155 762 390;7;0;1;1;1;1
202400010997;155 762 391;7;1;0;2;17;1
202400010998;155 762 387;7;0;2;8;1;1
202400010998;155 762 389;7;0;2;8;1;1
202400010999;155 762 388;10;0;1;1;0;0
202400011000;155 762 386;37;0;1;2;1;1
202400011001;155 762 383;7;0;2;1;2;1
202400011001;155 762 385;7;0;2;4;2;2
202400011002;155 762 382;7;0;2;5;15;1
202400011002;155 762 384;32;0;2;1;1;1
202400011003;155 762 380;7;0;1;1;0;1
202400011004;155 762 379;7;0;2;1;15;1
202400011004;155 762 381;7;0;2;1;1;1
202400011005;155 762 378;7;0;1;4;20;1
202400011006;155 762 376;30;0;2;1;13;1
202400011006;155 762 377;7;1;2;6;0;1
202400011007;155 762 374;10;0;2;2;11;1
202400011007;155 762 375;7;0;2;3;1;1
202400011008;155 762 373;7;0;1;2;1;1
202400011009;155 762 371;10;0;9;1;15;1
202400011009;155 762 372;1;0;2;1;1;5
202400011010;155 762 368;7;0;2;8;15;1
202400011010;155 762 370;10;0;2;2;1;1
202400011011;155 762 367;33;0;2;1;2;1
202400011011;155 762 369;7;0;2;3;11;1
202400011012;155 762 365;10;0;0;7;1;3
202400011012;155 762 366;7;0;2;5;24;1
202400011013;155 762 363;10;0;2;3;15;1
202400011013;155 762 364;33;0;2;1;1;1
202400011014;155 762 362;7;0;1;1;1;3
202400011015;155 762 361;7;0;1;4;4;1
202400011016;155 762 359;32;0;2;2;17;1
202400011016;155 762 360;7;0;2;6;1;1
202400011017;155 762 357;7;0;2;5;14;1
202400011017;155 762 358;33;0;2;1;3;1
202400011018;155 762 355;1;0;2;7;1;5
202400011018;155 762 356;7;0;2;1;1;3
202400011019;155 762 353;33;0;2;5;1;1
202400011019;155 762 354;10;0;2;3;11;1
202400011020;155 762 350;7;0;2;1;1;1
202400011020;155 762 352;10;0;2;7;1;1
202400011021;155 762 349;7;0;2;6;11;1