Num_Acc;id_vehicule;categorie_vehicule;obstacle_fixe;obstacle_mobile;point_choc_initial;manoeuvre_principale;motorisation
202400011021;155 762 351;33;0;2;2;1;1
202400011022;155 762 348;1;0;1;1;1;5
202400011023;155 762 347;50;1;0;1;26;3
202400011024;155 762 343;7;0;2;3;15;2
202400011024;155 762 345;33;0;2;2;2;1
202400011025;155 762 344;7;0;2;8;24;1
202400011025;155 762 346;1;1;0;1;1;5
202400011026;155 762 342;37;0;1;8;1;3
202400011027;155 762 340;7;0;2;4;12;1
202400011027;155 762 341;7;0;2;1;7;0
202400011028;155 762 338;13;0;0;8;26;0
202400011028;155 762 339;32;0;2;7;1;1
202400011029;155 762 334;30;14;2;1;1;3
202400011029;155 762 336;7;15;2;1;13;2
202400011030;155 762 333;7;0;2;3;15;1
202400011030;155 762 335;7;8;0;1;17;2
202400011031;155 762 330;7;0;2;2;10;0
202400011031;155 762 332;50;0;2;3;1;3
202400011032;155 762 329;1;0;2;2;17;5
202400011032;155 762 331;80;0;2;6;15;3
202400011033;155 762 326;50;0;2;8;1;3
202400011033;155 762 328;7;0;2;1;9;1
202400011034;155 762 325;7;1;2;1;1;1
202400011034;155 762 327;7;0;2;2;1;3
202400011035;155 762 323;33;0;2;7;1;1
202400011035;155 762 324;10;0;2;6;13;0
202400011036;155 762 322;7;12;0;0;14;0
202400011037;155 762 318;7;0;2;1;2;1
202400011037;155 762 320;10;0;0;4;0;1
202400011037;155 762 321;7;0;2;4;1;2
202400011038;155 762 317;7;0;2;3;15;1
202400011038;155 762 319;33;0;2;2;17;1
202400011039;155 762 313;7;0;2;8;22;1
202400011039;155 762 315;43;0;2;1;1;1
202400011040;155 762 314;33;0;2;4;1;1
202400011040;155 762 316;7;0;2;1;1;1
202400011041;155 762 310;60;1;0;7;1;5
202400011041;155 762 312;10;0;0;8;24;1
202400011042;155 762 309;7;1;2;2;1;1
202400011042;155 762 311;7;12;0;5;19;1
202400011043;155 762 306;10;0;2;1;2;0
202400011043;155 762 307;7;0;2;4;1;1
202400011044;155 762 305;33;0;2;5;1;1
202400011044;155 762 308;10;0;2;5;11;0
202400011045;155 762 304;50;9;0;1;0;3
202400011046;155 762 302;31;0;2;2;15;1
202400011046;155 762 303;1;0;2;8;1;5
202400011047;155 762 299;7;0;2;1;1;1
202400011047;155 762 301;7;0;2;4;1;1
202400011048;155 762 300;7;0;1;4;20;2
202400011049;155 762 297;7;2;0;1;1;1
202400011050;155 762 296;33;0;2;8;1;1
202400011050;155 762 298;7;0;2;3;1;1
202400011051;155 762 295;7;6;0;1;13;0
202400011052;155 762 294;1;0;2;5;21;5
202400011053;155 762 292;7;0;2;3;24;1
202400011053;155 762 293;1;1;0;0;0;5
202400011054;155 762 290;7;0;0;1;1;1
202400011054;155 762 291;7;8;0;4;2;1
202400011055;155 762 289;10;2;0;1;1;1
202400011056;155 762 288;33;0;0;9;1;1
202400011057;155 762 286;7;0;2;8;15;0
202400011057;155 762 287;2;0;2;1;26;1
202400011058;155 762 284;7;0;2;8;9;1
202400011058;155 762 285;7;0;2;1;1;1
202400011059;155 762 282;50;0;2;0;19;3
202400011059;155 762 283;7;0;2;1;2;2
202400011060;155 762 281;7;2;0;3;1;1
202400011061;155 762 280;37;0;1;2;1;1
202400011062;155 762 278;2;0;2;1;1;1
202400011062;155 762 279;7;0;2;3;15;1
202400011063;155 762 276;7;0;2;4;1;1
202400011063;155 762 277;33;0;2;1;1;1
202400011064;155 762 275;7;2;0;1;1;1
202400011065;155 762 274;7;0;1;1;1;2
202400011066;155 762 272;50;0;2;7;25;3
202400011066;155 762 273;7;0;9;1;16;1
202400011067;155 762 269;1;0;2;4;1;5
202400011067;155 762 271;7;0;2;8;19;2
202400011068;155 762 268;7;13;2;2;2;1
202400011068;155 762 270;7;8;2;1;9;1
202400011069;155 762 267;60;0;0;2;25;5
202400011070;155 762 265;7;0;2;3;15;1
202400011070;155 762 266;33;0;2;1;11;1
202400011071;155 762 263;1;0;2;2;0;5
202400011071;155 762 264;7;0;2;2;2;1
202400011072;155 762 261;33;0;2;7;21;1
202400011073;155 762 260;2;0;2;1;1;1
202400011073;155 762 262;7;0;2;3;15;1
202400011074;155 762 258;7;0;1;1;2;1
202400011075;155 762 257;2;1;2;1;1;3
202400011075;155 762 259;7;0;9;2;20;2
202400011076;155 762 254;2;0;2;1;13;1
202400011076;155 762 256;7;0;0;1;1;1
202400011077;155 762 253;50;0;2;8;1;3
202400011077;155 762 255;7;0;9;7;1;1
202400011078;155 762 250;7;0;2;1;1;1
202400011078;155 762 252;7;0;2;8;9;0
202400011079;155 762 249;7;0;2;3;9;1
202400011079;155 762 251;7;0;2;2;1;4
202400011080;155 762 247;33;0;0;9;1;1
202400011081;155 762 246;7;0;2;3;0;1
202400011081;155 762 248;7;0;2;3;0;1
202400011082;155 762 245;21;0;1;1;1;0
202400011083;155 762 244;7;2;0;9;2;4
202400011084;155 762 242;7;0;0;9;14;1
202400011085;155 762 241;33;0;2;2;2;3
202400011085;155 762 243;7;0;2;8;15;1
202400011086;155 762 238;10;0;2;3;15;1
202400011086;155 762 240;7;0;2;2;1;1
202400011087;155 762 237;7;0;2;1;19;1
202400011087;155 762 239;7;0;2;1;1;1
202400011088;155 762 236;7;6;0;8;1;1
202400011089;155 762 232;7;13;0;6;1;1
202400011089;155 762 234;7;0;0;9;23;1
202400011089;155 762 235;33;0;0;8;1;1
202400011090;155 762 233;10;1;0;3;1;1
202400011091;155 762 226;7;0;2;1;13;1
202400011091;155 762 228;7;0;0;8;1;1
202400011091;155 762 229;7;0;2;3;1;1
202400011091;155 762 231;7;0;9;1;1;1
202400011092;155 762 224;7;0;2;3;13;1
202400011092;155 762 225;7;0;2;3;1;1
202400011092;155 762 227;7;0;2;3;1;1
202400011093;155 762 221;31;0;1;1;1;0
202400011093;155 762 223;7;0;2;6;15;1
202400011094;155 762 220;17;0;0;4;2;1
202400011094;155 762 222;7;0;2;1;2;1
202400011095;155 762 217;50;0;2;3;25;3
202400011095;155 762 219;7;0;2;2;23;3
202400011096;155 762 216;7;0;2;1;2;1
202400011096;155 762 218;7;0;0;4;26;1
202400011097;155 762 215;7;13;0;7;14;1
202400011098;155 762 213;7;0;2;6;15;1
202400011098;155 762 214;7;0;2;1;1;1
202400011099;155 762 211;33;0;2;1;17;1
202400011099;155 762 212;30;0;2;4;9;1
202400011100;155 762 209;36;0;2;2;5;1
202400011100;155 762 210;2;0;2;1;1;1
202400011101;155 762 207;7;4;2;3;14;1
202400011101;155 762 208;7;0;2;3;1;1
202400011102;155 762 206;7;2;0;8;1;1
202400011103;155 762 204;7;0;2;1;1;1
202400011103;155 762 205;10;0;2;1;1;1
202400011104;155 762 203;7;2;0;1;14;1
202400011105;155 762 200;7;0;2;1;9;1
202400011105;155 762 202;1;0;2;2;15;5
202400011106;155 762 199;7;0;0;3;1;1
202400011106;155 762 201;7;0;0;1;1;1
202400011107;155 762 195;7;0;0;8;0;1
202400011107;155 762 198;7;0;2;1;0;1
202400011108;155 762 194;7;0;2;3;19;1
202400011108;155 762 196;7;0;2;1;1;1
202400011108;155 762 197;7;0;2;1;1;1
202400011109;155 762 193;7;3;0;1;1;1
202400011110;155 762 191;7;0;2;1;13;1
202400011110;155 762 192;7;0;2;1;1;1
202400011111;155 762 189;7;0;2;1;1;3
202400011111;155 762 190;7;0;2;3;1;1
202400011112;155 762 187;7;0;2;5;10;1
202400011112;155 762 188;10;0;2;1;1;1
202400011113;155 762 182;7;0;2;2;15;1
202400011113;155 762 184;30;0;2;1;1;1
202400011114;155 762 181;7;0;0;4;1;1
202400011114;155 762 183;7;0;2;4;1;1
202400011114;155 762 185;7;0;2;1;1;1
202400011114;155 762 186;7;0;2;4;1;2
202400011115;155 762 179;7;13;0;2;14;1
202400011116;155 762 178;7;0;2;1;1;1
202400011116;155 762 180;7;0;2;1;1;1
202400011117;155 762 174;7;0;2;1;1;1
202400011117;155 762 177;7;0;2;1;15;1
202400011118;155 762 172;7;0;2;1;0;1
202400011118;155 762 173;32;0;2;1;0;1
202400011119;155 762 168;7;0;2;3;9;1
202400011119;155 762 170;50;0;2;2;15;3
202400011120;155 762 166;33;0;0;0;1;1
202400011121;155 762 163;7;0;2;3;13;1
202400011121;155 762 165;15;0;0;7;1;1
202400011122;155 762 162;7;0;2;5;15;1
202400011122;155 762 164;2;0;2;1;1;1
202400011123;155 762 160;10;2;0;8;1;1
202400011124;155 762 159;7;0;2;8;1;1
202400011124;155 762 161;7;0;2;8;15;2
202400011125;155 762 158;7;13;0;2;14;1
202400011126;155 762 157;7;1;0;2;1;1
202400011127;155 762 155;7;1;0;1;1;1
202400011127;155 762 156;7;0;1;2;23;1
202400011128;155 762 154;2;0;0;1;1;1
202400011129;155 762 153;1;0;0;0;0;5
202400011130;155 762 152;1;0;0;0;1;5
202400011131;155 762 149;99;0;0;4;2;6
202400011131;155 762 150;99;0;0;4;2;6
202400011131;155 762 151;10;0;5;2;2;1
202400011132;155 762 148;7;6;0;1;1;1
202400011133;155 762 147;7;0;0;0;2;0
202400011134;155 762 146;7;17;0;8;1;1
202400011135;155 762 144;33;0;2;1;0;1
202400011135;155 762 145;7;13;2;1;26;1
202400011136;155 762 143;10;0;1;2;1;0
202400011137;155 762 141;7;0;2;1;2;1
202400011137;155 762 142;7;0;2;4;2;1
202400011138;155 762 140;7;0;0;0;2;1
202400011139;155 762 138;34;0;2;1;11;1
202400011139;155 762 139;7;0;2;6;0;1
202400011140;155 762 136;7;3;0;3;0;1
202400011141;155 762 135;7;0;2;3;19;1
202400011141;155 762 137;10;0;2;1;1;1
202400011142;155 762 132;33;0;2;3;2;1
202400011142;155 762 134;7;0;2;2;2;1
202400011143;155 762 131;7;0;2;1;9;1
202400011143;155 762 133;33;8;2;8;1;1
202400011144;155 762 129;7;0;2;7;0;1
202400011144;155 762 130;7;0;2;6;1;1
202400011145;155 762 126;13;0;2;1;13;1
202400011145;155 762 127;7;0;2;8;1;1
202400011145;155 762 128;10;0;2;8;1;1
202400011146;155 762 124;7;0;2;4;0;1
202400011146;155 762 125;7;0;2;1;1;2
202400011147;155 762 122;2;0;2;1;1;1
202400011147;155 762 123;7;0;2;8;15;1
202400011148;155 762 121;7;4;0;1;1;1
202400011149;155 762 120;7;13;0;0;1;1
202400011150;155 762 119;7;0;0;9;1;1
202400011151;155 762 118;7;13;0;9;14;1
202400011152;155 762 116;7;9;2;2;15;1
202400011152;155 762 117;7;7;0;3;1;1
202400011153;155 762 112;33;0;2;3;3;1
202400011153;155 762 113;15;0;2;6;1;1
202400011154;155 762 110;17;0;0;4;1;1
202400011154;155 762 111;7;0;2;1;2;1
202400011155;155 762 108;2;0;2;7;9;1
202400011155;155 762 109;7;0;2;1;1;1
202400011156;155 762 107;7;6;0;2;14;1
202400011157;155 762 106;7;2;0;9;1;1
202400011158;155 762 104;7;0;2;3;13;1
202400011158;155 762 105;7;0;2;1;1;1
202400011159;155 762 102;7;0;2;8;1;1
202400011159;155 762 103;7;0;2;2;26;1
202400011160;155 762 100;7;0;2;3;13;1
202400011160;155 762 101;7;0;2;3;1;3
202400011161;155 762 098;2;0;2;0;1;1
202400011161;155 762 099;0;0;2;0;17;0
202400011162;155 762 097;7;0;0;0;1;1
202400011163;155 762 095;10;0;2;7;19;1
202400011163;155 762 096;7;0;2;1;1;1
202400011164;155 762 093;7;6;2;2;1;1
202400011164;155 762 094;7;0;2;1;15;1
202400011165;155 762 092;7;0;1;1;1;1
202400011166;155 762 087;7;0;0;2;13;1
202400011166;155 762 088;7;0;0;2;1;1
202400011167;155 762 085;7;0;2;4;1;3
202400011167;155 762 086;7;0;2;1;1;1
202400011168;155 762 083;7;0;2;4;2;1
202400011168;155 762 084;14;0;2;1;2;1
202400011169;155 762 081;7;0;2;1;0;1
202400011169;155 762 082;7;0;2;1;1;1
202400011170;155 762 079;33;0;2;1;26;1
202400011170;155 762 080;7;0;2;5;12;1
202400011171;155 762 077;31;0;2;2;3;1
202400011171;155 762 078;7;0;2;6;1;3
202400011172;155 762 075;14;0;2;2;2;1
202400011172;155 762 076;7;0;2;3;2;2
202400011173;155 762 073;34;0;2;1;2;1
202400011173;155 762 074;10;0;2;4;23;1
202400011174;155 762 072;7;4;0;1;1;1
202400011175;155 762 070;7;0;2;7;12;1
202400011175;155 762 071;32;0;2;3;3;1
202400011176;155 762 067;7;0;2;4;2;1
202400011176;155 762 068;7;0;2;1;2;1
202400011176;155 762 069;7;0;2;4;2;1
202400011177;155 762 065;7;0;2;1;1;1
202400011177;155 762 066;10;0;2;4;1;1
202400011178;155 762 062;33;0;2;7;3;1
202400011178;155 762 063;7;0;2;7;1;1
202400011178;155 762 064;0;0;2;8;11;0
202400011179;155 762 060;37;0;2;3;1;1
202400011179;155 762 061;7;0;2;1;19;1
202400011180;155 762 058;17;0;2;1;0;1
202400011180;155 762 059;2;0;2;1;15;1
202400011181;155 762 056;43;0;2;1;26;1
202400011181;155 762 057;50;0;2;4;19;3
202400011182;155 762 054;7;0;9;7;1;1
202400011182;155 762 055;1;0;2;1;1;5
202400011183;155 762 052;36;0;2;0;2;1
202400011183;155 762 053;7;0;2;3;26;2
202400011184;155 762 051;7;0;1;0;0;0
202400011185;155 762 050;7;13;9;2;1;1
202400011186;155 762 048;99;0;2;1;1;1
202400011186;155 762 049;7;0;2;4;23;1
202400011187;155 762 046;7;0;2;2;16;1
202400011187;155 762 047;50;0;2;1;1;3
202400011188;155 762 045;7;0;1;2;1;1
202400011189;155 762 044;50;0;0;0;1;3
202400011190;155 762 042;37;0;2;8;1;2
202400011190;155 762 043;50;0;2;1;1;3
202400011191;155 762 040;10;0;9;2;15;1
202400011191;155 762 041;1;0;2;8;1;5
202400011192;155 762 039;30;0;0;0;0;1
202400011193;155 762 036;1;0;2;1;13;5
202400011193;155 762 037;1;0;2;0;13;5
202400011193;155 762 038;14;0;9;1;1;1
202400011194;155 762 034;7;0;2;3;13;1
202400011194;155 762 035;33;0;2;3;0;1
202400011195;155 762 032;99;2;2;7;17;1
202400011195;155 762 033;1;0;2;8;15;5
202400011196;155 762 030;7;0;2;1;1;1
202400011196;155 762 031;80;0;2;1;1;3
202400011197;155 762 029;33;13;0;1;1;1
202400011198;155 762 027;33;0;2;7;1;1
202400011198;155 762 028;7;0;2;2;9;1
202400011199;155 762 026;3;0;0;9;1;1
202400011200;155 762 024;10;0;9;3;17;1
202400011200;155 762 025;1;0;2;1;1;5
202400011201;155 762 022;7;0;2;1;15;1
202400011201;155 762 023;33;0;2;1;1;1
202400011202;155 762 020;7;0;2;1;17;1
202400011202;155 762 021;15;0;2;1;1;1
202400011203;155 762 019;7;6;0;2;1;1
202400011204;155 762 017;1;0;2;9;1;5
202400011204;155 762 018;7;0;9;2;15;1
202400011205;155 762 016;7;17;0;2;2;1
202400011206;155 762 015;50;0;0;0;0;3
202400011207;155 762 013;7;0;2;3;1;1
202400011207;155 762 014;7;0;2;3;1;1
202400011208;155 762 012;7;0;0;8;2;1
202400011209;155 762 010;7;0;0;4;2;
202400011209;155 762 011;7;0;2;1;2;
202400011210;155 762 009;42;0;0;0;0;1
202400011211;155 762 007;37;0;2;2;1;1
202400011211;155 762 008;7;0;2;1;1;1
202400011212;155 762 006;30;12;0;6;1;1
202400011213;155 762 005;7;0;1;1;15;1
202400011214;155 762 004;7;15;0;2;16;1
202400011215;155 762 003;30;0;0;7;1;1
202400011216;155 762 000;7;0;2;1;1;2
202400011216;155 762 001;7;0;2;2;9;1
202400011216;155 762 002;10;0;2;1;1;1
202400011217;155 761 998;30;1;0;1;1;1
202400011217;155 761 999;7;0;2;5;23;1
202400011218;155 761 997;7;0;0;9;1;1
202400011219;155 761 995;7;0;2;1;21;1
202400011219;155 761 996;10;0;2;1;26;1
202400011220;155 761 992;33;15;2;0;1;1
202400011220;155 761 993;33;0;2;0;1;0
202400011220;155 761 994;7;0;2;1;1;1
202400011221;155 761 991;2;0;0;0;1;1
202400011222;155 761 989;7;0;2;1;5;1
202400011222;155 761 990;7;0;2;1;1;1
202400011223;155 761 988;7;0;0;9;13;1
202400011224;155 761 986;7;0;2;5;12;1
202400011224;155 761 987;80;0;2;1;1;3
202400011225;155 761 985;2;9;0;1;14;1
202400011226;155 761 983;31;0;2;8;1;1
202400011226;155 761 984;7;0;2;8;1;1
202400011227;155 761 981;7;8;2;3;1;1
202400011227;155 761 982;7;0;2;6;1;1
202400011228;155 761 980;7;0;1;1;1;1
202400011229;155 761 979;7;7;0;0;1;1
202400011230;155 761 977;7;0;2;1;0;1
202400011230;155 761 978;7;0;2;1;0;1
202400011231;155 761 976;7;11;0;3;0;1
202400011232;155 761 974;2;0;2;1;5;1
202400011232;155 761 975;7;0;2;2;1;1
202400011233;155 761 973;17;0;0;2;2;1
202400011234;155 761 971;7;0;2;1;1;1
202400011234;155 761 972;10;0;2;1;1;1
202400011235;155 761 969;7;0;2;3;0;1
202400011235;155 761 970;31;0;2;1;1;1
202400011236;155 761 967;7;0;2;8;13;1
202400011236;155 761 968;33;0;2;7;17;1
202400011237;155 761 965;7;0;2;3;15;1
202400011237;155 761 966;2;0;2;1;1;1
202400011238;155 761 963;33;0;2;1;2;1
202400011238;155 761 964;7;0;2;7;2;1
202400011239;155 761 961;7;0;0;4;15;1
202400011239;155 761 962;15;0;2;1;2;1
202400011240;155 761 960;7;0;0;9;1;1
202400011241;155 761 959;7;4;0;1;0;1
202400011242;155 761 957;2;1;0;7;1;3
202400011242;155 761 958;2;0;2;8;23;1
202400011243;155 761 955;99;0;2;1;13;3
202400011243;155 761 956;99;0;2;1;1;3
202400011244;155 761 953;2;0;2;1;1;6
202400011244;155 761 954;7;0;2;2;15;1
202400011245;155 761 951;7;0;2;2;17;1
202400011245;155 761 952;7;1;2;8;15;1
202400011246;155 761 949;7;0;2;1;13;1
202400011246;155 761 950;7;10;2;1;1;1
202400011247;155 761 948;7;0;1;3;1;1
202400011248;155 761 946;1;0;2;3;21;5
202400011248;155 761 947;7;0;2;2;9;1
202400011249;155 761 945;15;2;0;1;1;1
202400011250;155 761 944;7;13;0;1;1;1
202400011251;155 761 942;7;0;9;1;2;1
202400011251;155 761 943;1;0;0;4;2;5
202400011252;155 761 937;7;0;2;4;2;1
202400011252;155 761 938;33;0;2;1;2;1
202400011253;155 761 935;7;3;9;2;2;1
202400011253;155 761 936;7;0;9;6;2;3
202400011254;155 761 934;7;4;0;8;1;1
202400011255;155 761 932;7;0;2;4;1;1
202400011255;155 761 933;7;0;2;1;12;1
202400011256;155 761 931;10;3;0;9;1;1
202400011257;155 761 929;10;0;2;1;1;1
202400011257;155 761 930;7;0;2;4;2;1
202400011258;155 761 928;7;4;0;1;1;1
202400011259;155 761 927;33;4;0;1;1;1
202400011260;155 761 923;7;0;2;4;2;1
202400011260;155 761 924;7;0;2;4;2;1
202400011260;155 761 925;7;0;2;4;23;1
202400011260;155 761 926;10;0;2;1;2;1
202400011261;155 761 921;10;3;2;1;1;1
202400011261;155 761 922;7;4;2;4;1;1
202400011262;155 761 920;7;2;0;1;0;1
202400011263;155 761 919;13;4;0;2;0;1
202400011264;155 761 917;10;0;2;3;10;1
202400011264;155 761 918;32;0;2;1;1;1
202400011265;155 761 915;7;0;2;1;15;1
202400011265;155 761 916;2;0;2;1;26;1
202400011266;155 761 913;34;0;2;1;17;1
202400011266;155 761 914;7;0;2;3;15;1
202400011267;155 761 911;31;0;2;1;11;1
202400011267;155 761 912;7;0;2;4;1;1
202400011268;155 761 909;7;0;0;0;0;1
202400011268;155 761 910;7;0;2;0;0;2
202400011269;155 761 908;7;0;1;1;15;1
202400011270;155 761 905;7;1;2;3;1;1
202400011270;155 761 906;7;0;2;3;13;1
202400011271;155 761 904;7;0;2;1;5;1
202400011271;155 761 907;7;0;2;1;15;1
202400011272;155 761 903;30;0;0;1;0;1
202400011273;155 761 901;7;0;2;1;1;1
202400011273;155 761 902;7;0;2;4;1;1
202400011274;155 761 900;50;0;1;1;25;3
202400011275;155 761 897;1;0;0;0;0;5
202400011276;155 761 898;10;0;2;4;2;1
202400011276;155 761 899;7;0;2;1;2;1
202400011277;155 761 895;7;0;2;4;2;2
202400011277;155 761 896;3;0;2;1;2;1
202400011278;155 761 893;30;0;2;0;0;0
202400011278;155 761 894;30;0;2;0;0;0
202400011279;155 761 890;30;0;1;1;1;1
202400011280;155 761 891;3;0;0;0;0;3
202400011280;155 761 892;3;0;2;1;0;1
202400011281;155 761 888;7;0;2;3;1;1
202400011281;155 761 889;7;0;2;3;13;1
202400011282;155 761 884;7;0;2;4;2;1
202400011282;155 761 886;7;0;2;1;2;1
202400011282;155 761 887;7;0;2;4;2;1
202400011283;155 761 883;33;0;2;1;1;1
202400011283;155 761 885;7;0;2;1;15;1
202400011284;155 761 880;7;0;2;2;26;1
202400011285;155 761 881;80;0;2;1;0;0
202400011285;155 761 882;7;0;0;0;0;1
202400011286;155 761 877;2;0;2;1;9;1
202400011286;155 761 879;7;0;2;3;1;1
202400011287;155 761 876;7;0;2;2;16;1
202400011287;155 761 878;32;0;2;1;7;1
202400011288;155 761 874;33;0;2;1;13;1
202400011288;155 761 875;7;0;2;2;1;1
202400011289;155 761 873;30;12;0;1;1;1
202400011290;155 761 872;32;0;0;8;1;1
202400011291;155 761 871;7;0;1;1;1;1
202400011292;155 761 869;7;0;2;2;15;1
202400011292;155 761 870;33;0;2;1;1;1
202400011293;155 761 868;30;1;1;1;1;1
202400011294;155 761 866;7;0;2;1;2;1
202400011294;155 761 867;7;0;2;4;23;1
202400011295;155 761 864;7;0;2;1;13;1
202400011295;155 761 865;7;1;2;3;1;1
202400011296;155 761 863;7;2;0;2;13;0
202400011297;155 761 861;10;0;2;4;1;1
202400011297;155 761 862;31;0;2;1;1;1
202400011298;155 761 859;15;0;2;5;1;0
202400011298;155 761 860;33;0;2;5;14;1
202400011299;155 761 855;7;0;2;6;1;1
202400011299;155 761 858;31;0;2;1;1;1
202400011300;155 761 852;10;0;2;2;15;1
202400011300;155 761 854;33;0;2;1;1;1
202400011301;155 761 851;1;0;2;1;1;5
202400011301;155 761 853;3;0;2;2;1;1
202400011302;155 761 849;7;0;1;1;1;1
202400011303;155 761 848;7;0;2;1;1;1
202400011303;155 761 850;7;0;2;0;1;1
202400011304;155 761 846;7;0;2;1;26;1
202400011304;155 761 847;33;0;2;5;0;1
202400011305;155 761 845;1;0;0;0;26;5
202400011306;155 761 842;33;0;2;7;1;0
202400011306;155 761 844;7;0;2;1;15;1
202400011307;155 761 841;2;0;2;0;1;1
202400011307;155 761 843;7;0;2;6;19;1
202400011308;155 761 839;80;0;2;1;1;3
202400011308;155 761 840;7;1;2;3;13;1
202400011309;155 761 837;7;0;2;4;26;1
202400011309;155 761 838;13;0;2;1;26;1
202400011310;155 761 835;2;0;0;7;1;1
202400011311;155 761 834;7;0;2;3;13;1
202400011311;155 761 836;7;0;2;3;1;1
202400011312;155 761 831;7;8;0;2;26;1
202400011313;155 761 829;7;0;1;1;1;1
202400011314;155 761 826;10;0;2;2;0;1
202400011314;155 761 828;34;0;2;1;1;1
202400011315;155 761 825;7;0;2;3;15;1
202400011315;155 761 827;2;0;2;1;1;1
202400011316;155 761 824;7;0;1;2;26;1
202400011317;155 761 822;7;0;2;7;19;1
202400011317;155 761 823;34;0;2;1;1;1
202400011318;155 761 821;7;0;2;6;14;1
202400011319;155 761 818;7;0;2;1;19;2
202400011319;155 761 820;50;0;2;7;19;3
202400011320;155 761 817;10;0;2;4;2;1
202400011320;155 761 819;7;0;2;1;2;1
202400011321;155 761 816;7;0;1;0;1;1
202400011322;155 761 814;7;0;2;1;2;1
202400011322;155 761 815;7;0;2;4;23;1
202400011323;155 761 812;34;0;2;2;17;1
202400011323;155 761 813;7;0;2;8;15;1
202400011324;155 761 808;33;0;2;1;1;1
202400011324;155 761 810;7;0;2;2;15;1
202400011325;155 761 807;7;0;2;8;9;1
202400011325;155 761 809;32;0;2;1;17;1
202400011325;155 761 811;7;0;2;3;0;1
202400011326;155 761 806;7;0;1;1;1;0
202400011327;155 761 804;32;0;2;1;3;1
202400011327;155 761 805;31;0;2;4;3;1
202400011328;155 761 802;7;0;2;8;13;1
202400011328;155 761 803;7;0;2;8;1;1
202400011329;155 761 800;33;0;2;8;3;3
202400011329;155 761 801;10;0;2;7;12;1
202400011330;155 761 798;7;0;2;1;0;1
202400011330;155 761 799;7;0;2;1;5;1
202400011331;155 761 796;7;0;2;5;14;2
202400011331;155 761 797;33;0;2;3;3;1
202400011332;155 761 794;32;0;2;3;2;1
202400011332;155 761 795;7;0;2;3;15;1
202400011333;155 761 792;33;0;2;8;3;1
202400011333;155 761 793;7;0;2;7;12;1
202400011334;155 761 790;7;8;2;1;13;1
202400011334;155 761 791;7;0;2;8;0;1
202400011335;155 761 788;33;0;0;8;26;1
202400011336;155 761 789;7;0;1;2;1;1
202400011337;155 761 785;7;0;2;2;1;1
202400011337;155 761 787;7;0;2;3;1;2
202400011338;155 761 784;7;0;2;2;16;1
202400011338;155 761 786;1;0;2;3;16;5
202400011339;155 761 782;33;0;2;7;1;1
202400011339;155 761 783;7;0;2;3;26;3
202400011340;155 761 780;7;8;0;1;1;1
202400011341;155 761 779;1;0;2;7;15;5
202400011341;155 761 781;7;0;2;3;1;1
202400011342;155 761 778;30;2;0;1;0;1
202400011343;155 761 777;7;0;1;1;1;1
202400011344;155 761 776;31;0;1;1;1;1
202400011345;155 761 774;7;0;2;8;1;3
202400011345;155 761 775;32;0;2;1;1;3
202400011346;155 761 772;50;0;2;1;5;3
202400011346;155 761 773;7;0;2;3;1;2
202400011347;155 761 770;1;0;2;1;1;5
202400011347;155 761 771;10;0;2;4;20;1
202400011348;155 761 769;1;13;0;1;1;5
202400011349;155 761 768;1;1;0;1;1;5
202400011350;155 761 766;7;0;2;1;1;1
202400011350;155 761 767;80;0;2;4;2;3
202400011351;155 761 765;33;0;1;7;1;1
202400011352;155 761 762;80;0;2;4;1;3
202400011352;155 761 763;80;0;2;1;1;3
202400011353;155 761 761;7;0;2;7;1;2
202400011353;155 761 764;7;0;2;1;1;1
202400011354;155 761 760;1;0;1;1;1;5
202400011355;155 761 758;7;0;9;3;26;1
202400011355;155 761 759;50;0;2;1;26;3
202400011356;155 761 757;32;0;1;1;1;0
202400011357;155 761 756;31;0;0;2;1;1
202400011358;155 761 753;7;0;2;3;1;3
202400011358;155 761 755;34;0;2;7;1;1
202400011359;155 761 752;2;0;2;1;26;3
202400011359;155 761 754;1;0;2;4;1;5
202400011360;155 761 751;2;8;0;1;21;1
202400011361;155 761 750;7;0;1;3;1;2
202400011362;155 761 748;80;0;2;1;1;3
202400011362;155 761 749;10;0;2;7;22;1
202400011363;155 761 746;80;0;2;1;1;3
202400011363;155 761 747;1;0;2;1;1;5
202400011364;155 761 745;1;0;1;1;25;5
202400011365;155 761 744;2;0;0;0;1;3
202400011366;155 761 742;7;0;2;2;16;1
202400011366;155 761 743;33;0;2;0;0;0
202400011367;155 761 740;33;0;2;8;1;1
202400011367;155 761 741;7;0;2;8;13;2
202400011368;155 761 737;7;0;2;4;2;1
202400011368;155 761 739;7;0;2;1;2;1
202400011369;155 761 736;7;0;2;7;2;0
202400011369;155 761 738;10;0;2;1;2;0
202400011370;155 761 734;10;12;0;1;1;1
202400011371;155 761 733;10;0;2;1;1;0
202400011371;155 761 735;7;9;2;9;0;0
202400011372;155 761 730;7;0;2;7;1;1
202400011372;155 761 732;7;0;2;0;11;2
202400011373;155 761 729;50;0;9;1;13;3
202400011373;155 761 731;1;0;9;1;1;5
202400011374;155 761 727;7;0;2;2;1;0