Num_Acc;id_vehicule;categorie_vehicule;obstacle_fixe;obstacle_mobile;point_choc_initial;manoeuvre_principale;motorisation
202400011374;155 761 728;7;0;2;6;11;1
202400011375;155 761 725;10;0;2;1;1;1
202400011375;155 761 726;10;0;2;7;15;1
202400011376;155 761 723;10;0;2;2;16;1
202400011376;155 761 724;32;0;2;3;1;0
202400011377;155 761 722;34;0;1;2;26;0
202400011378;155 761 720;7;0;2;0;0;1
202400011378;155 761 721;33;0;2;5;2;1
202400011379;155 761 718;7;0;2;4;20;1
202400011379;155 761 719;1;0;2;1;1;5
202400011380;155 761 716;7;0;2;2;16;2
202400011380;155 761 717;50;0;2;0;0;3
202400011381;155 761 715;34;0;1;1;1;0
202400011382;155 761 713;14;0;0;0;0;1
202400011382;155 761 714;7;0;0;0;2;2
202400011383;155 761 711;50;0;2;7;5;3
202400011383;155 761 712;7;0;9;3;1;1
202400011384;155 761 710;7;6;0;3;13;1
202400011385;155 761 708;7;1;0;2;1;1
202400011386;155 761 707;7;0;2;1;1;1
202400011386;155 761 709;33;0;2;4;1;1
202400011387;155 761 706;31;0;0;8;1;1
202400011388;155 761 704;31;0;0;0;1;1
202400011389;155 761 705;15;0;1;7;1;1
202400011390;155 761 700;7;0;2;1;1;1
202400011390;155 761 703;3;0;2;3;19;1
202400011391;155 761 701;7;0;2;3;2;1
202400011391;155 761 702;7;0;2;2;15;1
202400011392;155 761 696;7;0;2;1;15;1
202400011392;155 761 698;33;0;2;1;0;1
202400011393;155 761 697;7;0;2;1;1;1
202400011393;155 761 699;7;0;2;1;1;2
202400011394;155 761 694;33;6;2;3;17;0
202400011394;155 761 695;21;0;2;3;15;1
202400011395;155 761 693;7;0;1;1;16;1
202400011396;155 761 692;7;4;0;8;2;1
202400011397;155 761 689;7;0;2;1;26;1
202400011397;155 761 690;7;0;2;9;2;1
202400011397;155 761 691;10;0;2;4;2;3
202400011398;155 761 687;7;0;2;2;13;1
202400011398;155 761 688;7;13;2;1;1;1
202400011399;155 761 685;33;0;2;1;1;1
202400011399;155 761 686;7;0;2;3;9;1
202400011400;155 761 684;7;2;0;2;1;1
202400011401;155 761 682;34;0;1;1;1;1
202400011402;155 761 681;7;0;2;3;9;1
202400011402;155 761 683;2;0;2;1;1;1
202400011403;155 761 678;43;0;2;3;9;1
202400011403;155 761 680;50;0;2;1;1;3
202400011404;155 761 676;2;0;2;1;13;1
202400011404;155 761 677;2;0;2;1;13;1
202400011404;155 761 679;7;0;2;3;1;1
202400011405;155 761 674;7;0;2;8;11;1
202400011405;155 761 675;33;0;2;7;3;1
202400011406;155 761 673;7;6;0;1;15;1
202400011407;155 761 672;2;6;0;1;1;1
202400011408;155 761 671;7;0;0;1;13;1
202400011409;155 761 668;7;0;2;1;1;1
202400011409;155 761 670;2;0;2;1;15;1
202400011410;155 761 666;10;0;2;2;2;1
202400011410;155 761 667;1;0;2;4;1;5
202400011410;155 761 669;1;0;2;4;1;5
202400011411;155 761 664;7;0;2;2;1;1
202400011411;155 761 665;31;0;2;1;15;1
202400011412;155 761 662;33;0;2;8;1;1
202400011412;155 761 663;7;0;2;8;13;0
202400011413;155 761 661;2;12;0;1;1;1
202400011414;155 761 657;2;0;2;8;15;1
202400011414;155 761 659;7;0;2;2;17;1
202400011415;155 761 656;7;0;2;3;13;1
202400011415;155 761 658;7;0;2;3;1;1
202400011415;155 761 660;7;0;2;8;1;1
202400011416;155 761 655;2;3;0;8;13;1
202400011417;155 761 653;21;0;2;1;1;0
202400011417;155 761 654;7;0;2;1;13;2
202400011418;155 761 652;7;13;0;3;0;1
202400011419;155 761 651;31;12;0;7;1;1
202400011420;155 761 650;36;0;0;0;1;1
202400011421;155 761 649;2;3;0;1;0;1
202400011422;155 761 648;7;0;1;0;1;1
202400011423;155 761 647;7;4;0;1;17;1
202400011424;155 761 646;1;12;0;0;0;5
202400011425;155 761 645;7;0;1;3;21;1
202400011426;155 761 644;1;5;0;2;1;5
202400011427;155 761 640;1;0;2;7;1;5
202400011427;155 761 642;1;0;2;8;1;5
202400011427;155 761 643;1;0;2;1;1;5
202400011428;155 761 641;7;2;0;3;13;1
202400011429;155 761 639;7;15;0;1;1;1
202400011430;155 761 637;7;3;2;3;1;1
202400011430;155 761 638;21;0;2;6;1;1
202400011431;155 761 636;37;0;1;1;15;3
202400011432;155 761 635;7;1;0;2;1;1
202400011433;155 761 632;7;0;1;1;16;1
202400011434;155 761 631;33;8;0;1;1;1
202400011435;155 761 628;7;13;0;9;14;1
202400011435;155 761 630;7;0;2;2;21;1
202400011436;155 761 627;7;13;2;1;1;1
202400011436;155 761 629;7;13;2;1;1;1
202400011437;155 761 626;7;13;0;9;0;1
202400011438;155 761 625;7;15;9;1;1;1
202400011439;155 761 622;10;0;2;3;13;1
202400011439;155 761 624;7;0;2;3;1;1
202400011440;155 761 621;7;0;2;3;13;1
202400011440;155 761 623;7;0;2;6;21;1
202400011441;155 761 618;7;0;2;7;1;1
202400011441;155 761 620;32;0;2;1;1;1
202400011442;155 761 617;10;0;2;2;1;1
202400011442;155 761 619;3;0;2;3;19;1
202400011443;155 761 615;7;0;2;1;1;1
202400011443;155 761 616;7;0;2;1;1;1
202400011444;155 761 613;2;0;2;1;26;1
202400011444;155 761 614;7;0;2;3;1;1
202400011445;155 761 609;10;0;9;3;1;1
202400011445;155 761 610;7;6;9;1;1;1
202400011445;155 761 611;1;0;2;4;2;5
202400011445;155 761 612;10;0;2;7;2;0
202400011446;155 761 605;7;0;2;2;17;1
202400011446;155 761 606;7;2;0;7;1;1
202400011447;155 761 603;7;4;0;4;1;1
202400011447;155 761 604;7;0;2;1;1;1
202400011448;155 761 602;7;13;0;9;2;1
202400011449;155 761 600;7;0;0;3;15;1
202400011449;155 761 601;7;0;0;2;17;1
202400011450;155 761 599;33;12;1;3;26;1
202400011451;155 761 598;36;13;0;2;15;1
202400011452;155 761 596;7;13;0;1;1;1
202400011453;155 761 597;33;0;0;9;9;1
202400011454;155 761 593;34;0;2;1;2;1
202400011454;155 761 595;7;0;2;8;10;2
202400011455;155 761 592;7;0;2;3;1;1
202400011455;155 761 594;33;0;2;1;13;1
202400011456;155 761 589;14;0;2;2;1;1
202400011456;155 761 591;1;0;2;0;1;5
202400011457;155 761 588;10;0;9;5;15;1
202400011457;155 761 590;33;0;2;0;1;1
202400011458;155 761 586;33;0;2;1;1;1
202400011458;155 761 587;7;0;2;5;1;1
202400011459;155 761 585;7;2;0;1;26;1
202400011460;155 761 584;2;16;0;8;13;1
202400011461;155 761 583;7;0;0;0;6;1
202400011462;155 761 582;33;0;5;1;1;1
202400011463;155 761 580;7;0;2;1;17;1
202400011463;155 761 581;7;0;2;1;1;1
202400011464;155 761 578;7;0;2;1;13;1
202400011464;155 761 579;7;0;2;1;1;1
202400011465;155 761 575;7;0;2;8;9;6
202400011465;155 761 576;33;14;2;1;1;0
202400011466;155 761 574;17;0;0;0;0;0
202400011467;155 761 571;7;0;0;2;15;1
202400011467;155 761 573;10;0;2;3;1;1
202400011468;155 761 570;7;0;2;2;15;1
202400011468;155 761 572;33;0;2;1;1;1
202400011469;155 761 569;1;0;0;;23;5
202400011470;155 761 567;7;0;2;1;0;1
202400011470;155 761 568;7;0;2;3;0;1
202400011471;155 761 565;7;0;0;8;19;1
202400011471;155 761 566;10;0;2;1;1;1
202400011472;155 761 561;7;0;0;4;1;2
202400011472;155 761 563;10;0;2;4;1;1
202400011472;155 761 564;10;0;2;1;1;1
202400011473;155 761 560;33;15;0;1;1;1
202400011473;155 761 562;7;0;0;0;19;1
202400011474;155 761 559;7;14;0;1;2;1
202400011475;155 761 558;36;8;0;9;1;1
202400011476;155 761 557;7;0;9;1;1;1
202400011477;155 761 556;7;16;0;1;0;1
202400011478;155 761 553;7;0;2;1;2;1
202400011478;155 761 555;7;0;2;4;2;1
202400011479;155 761 552;10;0;2;1;17;1
202400011479;155 761 554;7;0;2;8;15;1
202400011480;155 761 551;33;16;0;1;16;1
202400011481;155 761 548;7;4;2;1;14;1
202400011481;155 761 550;7;4;2;6;1;1
202400011482;155 761 547;33;0;2;1;1;1
202400011482;155 761 549;7;0;0;3;19;2
202400011483;155 761 544;7;0;2;6;13;1
202400011483;155 761 546;33;0;2;3;17;1
202400011484;155 761 543;7;0;2;2;19;1
202400011484;155 761 545;33;0;2;1;1;1
202400011485;155 761 541;7;4;2;1;9;3
202400011485;155 761 542;7;1;0;3;1;1
202400011486;155 761 538;7;3;0;1;1;1
202400011487;155 761 536;7;0;2;1;1;1
202400011487;155 761 537;7;0;2;1;15;1
202400011488;155 761 532;10;2;0;1;0;1
202400011489;155 761 533;33;0;2;2;3;1
202400011489;155 761 534;7;0;2;3;11;1
202400011489;155 761 535;7;0;2;5;1;1
202400011490;155 761 530;7;4;0;1;1;1
202400011491;155 761 529;21;0;2;3;13;1
202400011491;155 761 531;7;0;2;3;1;1
202400011492;155 761 524;30;0;2;1;17;1
202400011492;155 761 526;7;0;2;3;1;1
202400011492;155 761 527;10;0;0;6;2;1
202400011493;155 761 522;33;15;0;8;1;1
202400011494;155 761 520;7;0;2;4;2;1
202400011494;155 761 521;7;0;2;4;2;1
202400011494;155 761 523;7;0;2;4;2;3
202400011494;155 761 525;7;0;2;4;2;1
202400011494;155 761 528;10;0;2;1;2;1
202400011495;155 761 518;7;0;2;1;1;1
202400011495;155 761 519;7;0;2;1;13;1
202400011496;155 761 517;7;0;1;2;2;1
202400011497;155 761 516;7;16;0;0;1;1
202400011498;155 761 513;7;0;2;3;1;1
202400011498;155 761 515;2;0;2;6;26;1
202400011499;155 761 512;7;0;9;2;16;1
202400011499;155 761 514;2;0;2;8;1;1
202400011500;155 761 511;32;8;0;1;1;1
202400011501;155 761 509;1;0;2;1;1;5
202400011501;155 761 510;7;0;2;1;1;1
202400011502;155 761 507;33;0;2;7;1;1
202400011502;155 761 508;7;0;2;2;15;1
202400011503;155 761 505;33;0;2;1;17;1
202400011503;155 761 506;7;0;2;3;15;1
202400011504;155 761 503;2;0;2;1;5;1
202400011504;155 761 504;7;0;2;2;13;1
202400011505;155 761 501;50;0;2;0;0;3
202400011505;155 761 502;7;0;2;1;2;1
202400011506;155 761 499;2;0;2;1;1;1
202400011506;155 761 500;7;0;2;3;19;1
202400011507;155 761 496;7;0;2;1;19;1
202400011507;155 761 498;7;0;2;1;23;1
202400011508;155 761 495;1;0;2;1;5;5
202400011508;155 761 497;7;0;2;1;9;1
202400011509;155 761 492;33;0;2;3;17;1
202400011509;155 761 493;7;0;2;3;13;2
202400011510;155 761 491;7;0;2;1;1;1
202400011510;155 761 494;32;0;2;1;17;1
202400011511;155 761 489;2;0;2;2;1;1
202400011511;155 761 490;7;0;2;3;15;1
202400011512;155 761 487;34;0;2;1;17;1
202400011512;155 761 488;7;0;2;3;15;3
202400011513;155 761 486;7;0;1;2;1;1
202400011514;155 761 485;10;0;1;2;1;1
202400011515;155 761 481;7;1;0;4;1;1
202400011515;155 761 482;7;0;2;1;2;1
202400011515;155 761 484;15;0;0;8;24;1
202400011516;155 761 480;2;0;2;8;1;3
202400011516;155 761 483;7;0;2;1;1;1
202400011517;155 761 478;7;0;2;3;1;1
202400011517;155 761 479;37;0;2;2;1;1
202400011518;155 761 476;7;0;2;0;0;1
202400011518;155 761 477;7;0;2;0;0;1
202400011519;155 761 474;7;13;2;2;13;1
202400011519;155 761 475;38;0;0;8;1;1
202400011520;155 761 473;0;0;0;0;0;0
202400011521;155 761 471;7;0;2;7;13;1
202400011521;155 761 472;13;0;2;1;1;1
202400011522;155 761 470;7;0;1;2;21;1
202400011523;155 761 468;7;0;2;2;15;1
202400011523;155 761 469;30;0;2;1;1;1
202400011524;155 761 467;50;1;0;3;0;3
202400011525;155 761 465;7;0;2;3;6;3
202400011525;155 761 466;33;0;2;1;6;1
202400011526;155 761 464;10;0;1;1;1;1
202400011527;155 761 463;31;13;0;0;1;1
202400011528;155 761 459;7;0;0;1;1;1
202400011528;155 761 461;50;0;0;1;1;3
202400011529;155 761 458;7;0;2;1;23;2
202400011529;155 761 460;33;0;2;1;1;1
202400011529;155 761 462;7;0;2;7;15;1
202400011530;155 761 456;7;0;0;4;9;1
202400011530;155 761 457;7;0;2;1;1;1
202400011531;155 761 453;7;0;2;3;1;1
202400011531;155 761 455;50;0;2;7;19;3
202400011532;155 761 451;31;0;2;1;13;1
202400011532;155 761 452;10;0;2;1;1;1
202400011532;155 761 454;7;0;2;3;2;3
202400011533;155 761 447;7;0;2;1;9;1
202400011533;155 761 448;7;0;2;8;1;1
202400011534;155 761 445;7;0;0;3;9;1
202400011534;155 761 446;2;0;2;1;1;1
202400011535;155 761 444;7;0;0;;1;1
202400011536;155 761 440;7;0;2;2;16;1
202400011536;155 761 442;34;0;2;3;14;1
202400011537;155 761 441;33;0;2;1;1;1
202400011537;155 761 443;7;0;2;1;15;2
202400011538;155 761 436;7;0;2;2;15;1
202400011538;155 761 438;2;1;2;1;1;1
202400011539;155 761 437;7;0;2;1;17;1
202400011539;155 761 439;7;0;2;1;1;1
202400011540;155 761 435;7;2;0;1;26;1
202400011541;155 761 434;33;0;0;8;1;1
202400011542;155 761 431;50;0;2;1;7;3
202400011542;155 761 433;7;0;2;1;1;1
202400011543;155 761 430;1;0;2;3;13;5
202400011543;155 761 432;7;0;9;3;1;1
202400011544;155 761 427;80;0;2;1;1;3
202400011544;155 761 428;7;0;2;5;12;1
202400011545;155 761 422;1;0;2;2;0;5
202400011545;155 761 425;7;0;9;4;16;1
202400011546;155 761 419;7;0;0;1;0;0
202400011546;155 761 420;7;0;0;8;0;0
202400011546;155 761 421;7;0;0;0;0;0
202400011546;155 761 423;7;0;0;1;0;0
202400011546;155 761 424;7;0;2;8;1;1
202400011547;155 761 415;2;0;2;7;1;1
202400011547;155 761 417;7;0;2;2;1;1
202400011547;155 761 418;7;0;2;2;15;0
202400011548;155 761 414;33;0;2;1;17;1
202400011548;155 761 416;7;0;0;3;15;2
202400011549;155 761 410;7;0;0;8;1;1
202400011549;155 761 412;17;0;0;2;12;1
202400011550;155 761 411;33;0;2;2;18;1
202400011550;155 761 413;7;0;2;3;13;2
202400011551;155 761 406;7;15;2;7;15;1
202400011551;155 761 408;7;0;2;1;0;1
202400011552;155 761 405;7;0;1;2;1;1
202400011553;155 761 402;7;0;2;1;13;1
202400011553;155 761 403;7;0;2;3;19;1
202400011554;155 761 401;2;0;0;0;1;1
202400011555;155 761 399;1;0;0;4;2;5
202400011555;155 761 400;7;0;0;1;2;1
202400011556;155 761 397;7;3;2;2;14;1
202400011556;155 761 398;7;0;2;6;1;1
202400011557;155 761 394;7;0;2;1;1;1
202400011557;155 761 395;7;0;2;4;1;1
202400011557;155 761 396;7;0;2;1;1;1
202400011558;155 761 388;7;1;0;1;14;1
202400011558;155 761 389;7;0;2;1;1;1
202400011558;155 761 390;7;0;2;4;1;1
202400011558;155 761 391;7;0;2;1;1;1
202400011558;155 761 392;14;0;2;6;23;1
202400011558;155 761 393;7;0;2;4;1;2
202400011559;155 761 387;7;5;0;2;14;1
202400011560;155 761 385;33;0;2;5;2;1
202400011560;155 761 386;7;0;2;5;2;1
202400011561;155 761 383;7;0;2;0;12;1
202400011561;155 761 384;33;0;9;1;0;1
202400011562;155 761 380;7;0;2;4;2;1
202400011562;155 761 381;7;0;2;4;1;1
202400011562;155 761 382;7;0;2;1;2;1
202400011563;155 761 378;17;0;2;4;2;1
202400011563;155 761 379;10;0;2;1;2;1
202400011564;155 761 376;7;5;0;2;1;1
202400011564;155 761 377;38;5;0;2;1;1
202400011565;155 761 373;10;0;2;1;1;1
202400011565;155 761 374;7;0;2;4;0;1
202400011565;155 761 375;7;0;2;6;1;1
202400011566;155 761 372;7;4;0;1;21;1
202400011567;155 761 370;7;0;2;8;11;1
202400011567;155 761 371;34;0;2;1;3;1
202400011568;155 761 369;7;6;0;1;1;1
202400011569;155 761 367;43;0;2;2;3;1
202400011569;155 761 368;7;0;2;3;11;1
202400011570;155 761 365;7;0;2;1;2;1
202400011570;155 761 366;7;0;2;4;2;2
202400011571;155 761 362;33;0;2;1;3;1
202400011571;155 761 363;7;0;2;7;12;1
202400011571;155 761 364;7;0;2;5;2;1
202400011572;155 761 360;7;4;2;2;1;1
202400011572;155 761 361;7;0;2;0;0;0
202400011573;155 761 358;33;0;2;3;3;1
202400011573;155 761 359;7;0;2;7;12;1
202400011574;155 761 356;7;0;2;1;2;1
202400011574;155 761 357;38;0;2;4;1;1
202400011575;155 761 354;43;0;2;1;3;1
202400011575;155 761 355;7;0;2;4;1;1
202400011576;155 761 352;7;0;2;1;2;1
202400011576;155 761 353;7;0;2;4;2;1
202400011577;155 761 350;10;0;2;4;2;1
202400011577;155 761 351;10;0;2;1;2;1
202400011578;155 761 349;7;0;1;1;15;1
202400011579;155 761 348;30;13;0;1;1;1
202400011580;155 761 346;7;0;2;0;0;1
202400011580;155 761 347;60;0;2;0;0;5
202400011581;155 761 344;7;0;2;8;15;1
202400011581;155 761 345;32;0;2;7;17;1
202400011582;155 761 342;7;0;1;3;1;1
202400011583;155 761 340;30;14;2;1;17;1
202400011583;155 761 341;7;0;2;1;2;1
202400011584;155 761 338;7;0;2;3;22;2
202400011584;155 761 339;1;1;0;1;1;5
202400011585;155 761 337;7;0;1;4;4;1
202400011586;155 761 336;7;0;1;3;15;2
202400011587;155 761 334;1;0;2;8;19;5
202400011587;155 761 335;2;0;2;1;1;1
202400011588;155 761 332;7;8;2;1;15;1
202400011588;155 761 333;37;0;2;2;16;1
202400011589;155 761 331;7;0;1;3;1;1
202400011590;155 761 329;7;4;0;2;14;3
202400011591;155 761 328;33;0;0;8;1;1
202400011592;155 761 326;7;1;2;1;14;1
202400011592;155 761 327;14;0;2;1;24;1
202400011593;155 761 323;7;0;2;2;1;1
202400011593;155 761 324;7;0;2;2;1;1
202400011593;155 761 325;7;0;2;3;9;1
202400011594;155 761 322;37;0;1;2;21;2
202400011595;155 761 320;14;0;2;2;9;1
202400011595;155 761 321;1;0;2;8;2;5
202400011596;155 761 318;50;0;2;1;9;3
202400011596;155 761 319;7;0;2;6;9;1
202400011597;155 761 316;1;0;2;1;26;5
202400011597;155 761 317;37;0;9;1;1;1
202400011598;155 761 315;7;0;1;1;1;1
202400011599;155 761 313;7;0;2;7;15;1
202400011599;155 761 314;7;0;2;1;1;1
202400011600;155 761 311;7;0;9;8;15;1
202400011600;155 761 312;60;0;2;1;19;5
202400011601;155 761 309;31;0;2;1;1;1
202400011601;155 761 310;7;0;2;1;11;1
202400011602;155 761 307;7;0;2;3;13;3
202400011602;155 761 308;7;1;2;3;1;1
202400011603;155 761 305;7;0;2;7;1;0
202400011603;155 761 306;37;0;2;1;1;0
202400011604;155 761 304;7;2;0;1;13;1
202400011605;155 761 302;31;0;2;0;9;1
202400011605;155 761 303;33;0;0;0;0;0
202400011606;155 761 300;2;0;2;1;1;1
202400011606;155 761 301;7;0;2;4;23;1
202400011607;155 761 299;7;0;1;3;15;1
202400011608;155 761 298;7;6;0;1;1;1
202400011609;155 761 296;7;0;2;3;15;1
202400011609;155 761 297;1;0;2;1;1;5
202400011610;155 761 293;7;0;0;0;0;0
202400011610;155 761 294;7;0;0;0;0;1
202400011610;155 761 295;7;0;0;0;0;1
202400011611;155 761 291;7;1;2;8;15;1
202400011611;155 761 292;2;1;2;1;1;1
202400011612;155 761 289;43;0;2;7;17;1
202400011612;155 761 290;7;0;2;3;10;0
202400011613;155 761 286;33;0;2;1;1;1
202400011613;155 761 287;7;0;2;7;15;1
202400011613;155 761 288;7;0;2;1;23;1
202400011614;155 761 285;32;0;2;2;17;1
202400011615;155 761 283;7;0;2;1;26;6
202400011615;155 761 284;7;0;2;1;1;1
202400011616;155 761 281;7;8;2;7;10;1
202400011616;155 761 282;33;0;2;1;1;1
202400011617;155 761 280;7;0;1;2;1;1
202400011618;155 761 278;7;0;2;6;1;1
202400011618;155 761 279;33;0;2;1;3;1
202400011619;155 761 276;43;0;2;1;3;1
202400011619;155 761 277;33;0;2;4;12;1
202400011620;155 761 274;31;0;2;2;1;1
202400011620;155 761 275;3;0;2;6;1;1
202400011621;155 761 272;1;0;0;0;0;5
202400011621;155 761 273;1;0;0;0;0;5
202400011622;155 761 271;32;0;1;7;1;1
202400011623;155 761 270;1;1;0;1;21;5
202400011624;155 761 268;30;9;2;3;17;3
202400011624;155 761 269;7;9;2;2;1;1
202400011625;155 761 266;7;0;2;3;13;1
202400011625;155 761 267;7;0;2;5;1;2
202400011626;155 761 265;2;0;0;0;1;3
202400011627;155 761 264;7;1;0;2;1;1
202400011628;155 761 263;7;9;0;1;26;1
202400011629;155 761 261;33;0;2;2;1;1
202400011629;155 761 262;7;0;2;3;15;2
202400011630;155 761 260;7;0;1;1;26;0
202400011631;155 761 258;37;0;0;0;0;4
202400011631;155 761 259;50;0;0;0;0;3
202400011632;155 761 256;7;0;2;1;1;3
202400011632;155 761 257;7;0;2;2;1;3
202400011633;155 761 254;7;0;0;6;1;1
202400011633;155 761 255;7;0;2;1;1;2
202400011634;155 761 253;7;0;1;3;1;1
202400011635;155 761 251;32;0;2;7;1;1
202400011635;155 761 252;7;0;2;1;1;1
202400011636;155 761 250;7;0;1;2;16;1
202400011637;155 761 248;7;0;2;1;9;1
202400011637;155 761 249;7;0;2;7;1;1
202400011638;155 761 246;32;0;2;0;1;1
202400011638;155 761 247;10;0;2;0;26;0
202400011639;155 761 245;33;0;0;3;1;1
202400011640;155 761 244;7;3;0;9;2;1
202400011641;155 761 243;7;2;0;2;17;1
202400011642;155 761 242;32;0;0;0;13;1
202400011643;155 761 241;2;0;0;9;2;1
202400011644;155 761 239;7;0;2;1;0;1
202400011644;155 761 240;7;0;2;1;0;1
202400011645;155 761 238;7;3;1;2;1;1
202400011646;155 761 236;33;0;2;2;17;1
202400011646;155 761 237;7;0;2;3;10;1
202400011647;155 761 234;38;0;0;4;2;1
202400011647;155 761 235;37;0;2;1;2;1
202400011648;155 761 232;10;0;0;8;1;1
202400011648;155 761 233;7;0;2;1;1;1
202400011649;155 761 230;2;0;2;3;1;1
202400011649;155 761 231;10;0;2;3;6;1
202400011650;155 761 228;33;0;2;2;17;1
202400011650;155 761 229;7;0;2;8;15;1
202400011651;155 761 227;7;13;0;9;1;1
202400011652;155 761 226;7;2;0;1;1;1
202400011653;155 761 224;33;0;2;7;1;1
202400011653;155 761 225;10;0;2;3;19;1
202400011654;155 761 223;7;2;0;1;13;0
202400011655;155 761 222;7;13;0;9;1;1
202400011656;155 761 220;1;0;2;8;1;5
202400011656;155 761 221;7;0;2;2;1;1
202400011657;155 761 217;7;0;2;1;0;1
202400011657;155 761 218;7;0;0;1;5;1
202400011657;155 761 219;7;3;2;1;0;1
202400011658;155 761 214;33;0;2;1;1;1
202400011658;155 761 215;7;0;2;5;15;1
202400011658;155 761 216;7;6;0;7;18;1
202400011659;155 761 212;7;16;2;8;2;1
202400011659;155 761 213;7;7;2;1;19;1
202400011660;155 761 210;7;5;0;3;13;1
202400011660;155 761 211;7;5;0;3;13;1
202400011661;155 761 208;7;0;2;1;13;1
202400011661;155 761 209;10;0;2;1;1;1
202400011662;155 761 207;7;0;9;2;19;1
202400011663;155 761 206;33;0;0;0;0;1
202400011664;155 761 204;80;0;0;0;1;3
202400011665;155 761 201;1;0;2;3;1;5
202400011665;155 761 202;7;0;2;3;13;1
202400011665;155 761 203;1;0;2;3;1;5
202400011665;155 761 205;1;0;2;3;1;5
202400011666;155 761 199;7;0;2;6;9;1
202400011666;155 761 200;33;0;2;1;21;1
202400011667;155 761 197;10;0;1;4;4;1
202400011668;155 761 194;1;0;2;4;13;5
202400011668;155 761 195;7;0;2;2;17;1
202400011669;155 761 193;7;3;0;1;2;1
202400011670;155 761 190;7;0;2;1;1;2
202400011670;155 761 191;7;0;2;6;19;2
202400011671;155 761 189;40;0;2;1;1;3
202400011671;155 761 192;7;0;4;8;1;1
202400011672;155 761 188;10;2;0;3;1;0
202400011673;155 761 187;32;0;1;1;21;1
202400011674;155 761 186;7;13;0;0;13;0
202400011675;155 761 185;7;0;1;7;1;1
202400011676;155 761 184;33;6;0;1;1;0
202400011677;155 761 183;50;12;0;3;11;3
202400011678;155 761 180;7;6;0;4;2;1
202400011678;155 761 182;10;0;2;1;2;1
202400011679;155 761 179;7;0;2;3;15;1
202400011679;155 761 181;33;0;2;1;1;1
202400011680;155 761 177;7;0;2;2;2;1
202400011680;155 761 178;1;0;0;8;1;5
202400011681;155 761 173;7;2;0;1;0;1
202400011682;155 761 172;7;0;2;1;1;0
202400011682;155 761 174;7;0;2;4;15;1
202400011682;155 761 175;10;0;2;4;1;1
202400011682;155 761 176;7;0;2;4;1;1
202400011683;155 761 169;7;0;0;2;23;1
202400011683;155 761 171;2;0;0;1;25;3
202400011684;155 761 170;7;0;1;1;1;1
202400011685;155 761 168;2;0;0;0;1;3
202400011686;155 761 167;33;1;0;1;14;1
202400011687;155 761 165;7;0;2;1;13;1
202400011687;155 761 166;7;0;2;1;1;1
202400011688;155 761 163;33;0;2;3;11;1
202400011688;155 761 164;33;0;2;5;1;1
202400011689;155 761 162;7;0;1;2;1;1
202400011690;155 761 159;7;0;2;4;2;1
202400011690;155 761 161;32;0;2;1;2;1
202400011691;155 761 158;7;0;2;1;1;2
202400011691;155 761 160;7;0;2;1;1;1
202400011692;155 761 156;7;0;2;8;11;2
202400011692;155 761 157;31;0;2;7;1;1
202400011693;155 761 154;33;0;2;1;1;1
202400011693;155 761 155;7;0;2;5;15;1
202400011694;155 761 150;7;0;2;4;2;1
202400011694;155 761 152;7;0;2;1;2;1
202400011694;155 761 153;7;0;2;4;2;1
202400011695;155 761 149;7;0;2;1;5;1
202400011695;155 761 151;7;0;2;1;1;1
202400011696;155 761 147;30;0;1;1;26;1
202400011697;155 761 148;7;0;1;2;9;1
202400011698;155 761 146;7;0;1;3;1;1
202400011699;155 761 145;10;0;1;1;15;3
202400011700;155 761 142;7;0;0;6;1;1
202400011700;155 761 144;33;0;2;1;2;1
202400011701;155 761 141;7;0;2;3;15;1
202400011701;155 761 143;7;9;2;3;1;1
202400011702;155 761 137;33;0;2;2;17;1
202400011702;155 761 139;10;0;0;3;1;1
202400011703;155 761 138;7;0;2;1;5;1
202400011703;155 761 140;7;0;2;1;21;1
202400011704;155 761 135;50;0;2;2;1;3
202400011704;155 761 136;7;0;9;0;1;1
202400011705;155 761 133;50;0;1;1;1;3
202400011706;155 761 134;7;6;0;9;17;1
202400011707;155 761 132;7;2;0;7;1;1
202400011708;155 761 131;14;0;1;1;1;1
202400011709;155 761 130;10;0;1;3;16;1
202400011710;155 761 129;7;0;1;1;1;1
202400011711;155 761 127;7;0;2;7;1;2
202400011711;155 761 128;1;0;0;1;2;5
202400011712;155 761 125;7;0;2;3;15;1
202400011712;155 761 126;50;0;2;2;1;3
202400011713;155 761 123;33;0;0;0;21;0
202400011713;155 761 124;14;15;0;1;21;1
202400011714;155 761 120;7;12;2;2;9;2
202400011714;155 761 122;33;12;2;1;9;1
202400011715;155 761 118;7;0;1;1;19;1
202400011716;155 761 119;31;0;2;4;1;1
202400011716;155 761 121;7;0;2;1;1;1
202400011717;155 761 117;32;0;1;1;1;1
202400011718;155 761 115;10;0;5;1;1;1
202400011719;155 761 116;7;3;0;1;13;1
202400011720;155 761 113;7;0;0;9;0;1
202400011721;155 761 112;7;0;2;3;10;2
202400011721;155 761 114;43;0;2;2;1;1
202400011722;155 761 111;7;0;0;2;1;1
202400011723;155 761 109;31;0;2;1;1;1
202400011723;155 761 110;10;0;2;4;1;1