Num_Acc;id_vehicule;categorie_vehicule;obstacle_fixe;obstacle_mobile;point_choc_initial;manoeuvre_principale;motorisation
202400012431;155 759 862;7;0;2;4;1;1
202400012431;155 759 864;7;0;2;1;1;1
202400012432;155 759 859;7;0;2;2;13;1
202400012432;155 759 861;43;0;2;1;1;1
202400012433;155 759 857;7;0;2;1;1;1
202400012433;155 759 860;7;0;2;1;13;1
202400012434;155 759 854;7;0;2;1;1;1
202400012434;155 759 858;7;0;2;2;13;1
202400012435;155 759 856;10;0;1;8;15;1
202400012436;155 759 852;7;0;2;3;1;1
202400012436;155 759 855;1;0;2;2;26;5
202400012437;155 759 851;7;0;2;7;19;1
202400012437;155 759 853;2;0;2;1;1;1
202400012438;155 759 849;7;2;0;1;1;1
202400012439;155 759 847;7;0;2;3;15;3
202400012439;155 759 848;7;9;2;1;1;1
202400012440;155 759 850;7;0;1;1;1;1
202400012441;155 759 845;2;13;0;6;1;1
202400012441;155 759 846;7;0;0;1;15;1
202400012442;155 759 843;2;0;0;9;1;1
202400012443;155 759 841;30;0;2;1;1;1
202400012443;155 759 842;7;0;2;6;15;1
202400012444;155 759 844;10;0;1;1;1;1
202400012445;155 759 839;7;8;2;3;1;1
202400012445;155 759 840;7;0;2;2;19;1
202400012446;155 759 835;7;0;2;3;13;1
202400012446;155 759 837;7;0;2;1;26;1
202400012446;155 759 838;7;0;2;1;1;1
202400012447;155 759 833;1;0;2;1;1;5
202400012447;155 759 836;7;0;2;3;19;1
202400012448;155 759 832;7;3;2;1;2;1
202400012448;155 759 834;7;3;0;6;2;1
202400012449;155 759 830;2;0;1;1;1;3
202400012450;155 759 829;7;0;2;1;2;1
202400012450;155 759 831;7;0;2;4;2;1
202400012451;155 759 823;7;0;2;4;26;1
202400012451;155 759 825;33;0;2;4;26;1
202400012452;155 759 824;7;0;2;2;15;1
202400012452;155 759 827;32;9;2;1;1;1
202400012453;155 759 817;7;12;2;1;1;1
202400012453;155 759 820;7;0;2;1;23;1
202400012454;155 759 816;32;0;2;7;1;1
202400012454;155 759 819;10;0;2;3;15;1
202400012455;155 759 815;7;0;2;1;2;2
202400012455;155 759 818;7;0;2;4;2;1
202400012455;155 759 821;7;0;2;4;2;1
202400012455;155 759 822;7;0;2;4;0;1
202400012455;155 759 826;7;0;2;4;2;2
202400012455;155 759 828;7;0;0;4;2;2
202400012456;155 759 812;7;0;2;1;10;1
202400012456;155 759 814;33;0;2;1;3;1
202400012457;155 759 810;31;;;;0;
202400012457;155 759 813;10;0;2;1;15;1
202400012458;155 759 811;7;0;1;1;15;1
202400012459;155 759 808;43;0;0;0;1;1
202400012460;155 759 806;50;0;2;7;1;3
202400012460;155 759 809;0;0;2;1;2;0
202400012461;155 759 805;50;0;2;1;1;3
202400012461;155 759 807;80;0;2;1;1;5
202400012462;155 759 803;7;0;2;5;11;1
202400012462;155 759 804;33;0;2;1;3;1
202400012463;155 759 801;10;0;1;1;16;1
202400012464;155 759 800;7;0;2;6;15;1
202400012464;155 759 802;33;0;2;1;1;1
202400012465;155 759 798;7;0;1;1;1;1
202400012466;155 759 797;33;0;2;8;1;1
202400012466;155 759 799;0;0;2;3;13;
202400012467;155 759 796;2;0;1;1;1;1
202400012468;155 759 794;10;0;1;1;1;1
202400012469;155 759 792;7;0;2;1;1;1
202400012469;155 759 795;7;0;2;7;13;1
202400012470;155 759 790;13;1;0;3;13;1
202400012471;155 759 791;50;0;2;1;1;3
202400012471;155 759 793;80;0;2;4;1;5
202400012472;155 759 789;17;0;0;7;1;1
202400012473;155 759 788;7;0;1;4;4;1
202400012474;155 759 787;33;14;0;1;26;1
202400012475;155 759 786;7;0;1;1;1;1
202400012476;155 759 783;7;1;2;2;1;1
202400012476;155 759 785;7;0;2;6;0;1
202400012477;155 759 781;7;0;2;3;2;1
202400012477;155 759 784;50;0;2;1;7;3
202400012478;155 759 780;50;0;2;1;19;3
202400012478;155 759 782;7;0;2;1;15;1
202400012479;155 759 779;7;4;0;3;1;1
202400012480;155 759 775;33;0;2;1;13;1
202400012480;155 759 778;1;0;2;1;13;5
202400012481;155 759 774;50;0;2;1;1;3
202400012481;155 759 776;7;0;2;3;1;1
202400012482;155 759 773;7;0;2;6;20;1
202400012482;155 759 777;31;0;2;1;1;1
202400012483;155 759 771;31;0;2;8;15;1
202400012483;155 759 772;7;0;2;1;0;1
202400012484;155 759 769;37;1;0;1;13;1
202400012485;155 759 767;10;0;2;5;0;0
202400012485;155 759 770;7;0;2;1;26;0
202400012486;155 759 766;38;0;2;8;1;1
202400012486;155 759 768;7;16;2;1;26;1
202400012487;155 759 763;1;0;2;4;1;5
202400012487;155 759 765;7;0;2;3;9;2
202400012488;155 759 760;10;0;2;4;1;1
202400012488;155 759 762;10;0;2;1;1;1
202400012488;155 759 764;7;0;2;0;26;0
202400012489;155 759 761;7;0;1;3;2;2
202400012490;155 759 758;50;0;2;1;19;3
202400012490;155 759 759;7;0;2;6;15;1
202400012491;155 759 757;31;0;1;1;0;1
202400012492;155 759 756;7;0;1;1;15;1
202400012493;155 759 755;7;8;0;3;26;1
202400012494;155 759 753;7;0;1;3;0;1
202400012495;155 759 751;7;1;0;1;1;1
202400012496;155 759 752;7;0;2;4;23;1
202400012496;155 759 754;7;0;2;1;2;1
202400012497;155 759 750;7;15;0;2;14;1
202400012498;155 759 747;7;0;2;2;0;1
202400012498;155 759 749;7;0;2;1;24;1
202400012499;155 759 745;10;0;2;1;1;1
202400012499;155 759 748;7;0;2;4;2;1
202400012500;155 759 744;7;0;2;1;15;3
202400012500;155 759 746;1;0;2;0;0;5
202400012501;155 759 743;7;0;0;2;9;2
202400012502;155 759 742;7;0;1;2;15;1
202400012503;155 759 739;7;0;2;1;1;1
202400012503;155 759 740;7;0;2;8;19;1
202400012504;155 759 738;33;2;2;1;2;1
202400012504;155 759 741;7;2;2;3;26;1
202400012505;155 759 737;7;1;0;1;14;0
202400012506;155 759 735;99;0;1;2;1;0
202400012507;155 759 734;7;0;2;3;1;1
202400012507;155 759 736;30;0;2;2;26;1
202400012508;155 759 732;33;0;2;2;9;1
202400012508;155 759 733;7;0;2;7;1;1
202400012509;155 759 729;7;0;2;1;15;1
202400012509;155 759 731;32;0;2;7;1;1
202400012510;155 759 727;7;0;2;8;15;1
202400012510;155 759 728;33;0;0;0;0;1
202400012511;155 759 726;7;0;2;1;1;2
202400012511;155 759 730;7;0;2;2;15;1
202400012512;155 759 721;7;0;2;1;2;1
202400012512;155 759 723;7;0;2;4;15;1
202400012513;155 759 722;43;0;2;5;1;1
202400012513;155 759 724;1;0;2;1;1;5
202400012514;155 759 720;7;0;2;1;9;1
202400012514;155 759 725;2;0;2;4;1;1
202400012515;155 759 716;30;0;2;4;17;1
202400012515;155 759 718;7;0;2;1;0;
202400012516;155 759 717;7;13;0;3;13;1
202400012517;155 759 715;50;0;2;8;1;3
202400012517;155 759 719;7;0;2;7;16;2
202400012518;155 759 714;7;0;1;3;9;1
202400012519;155 759 711;7;0;2;1;2;2
202400012519;155 759 713;7;0;2;4;15;1
202400012520;155 759 710;33;12;0;1;14;1
202400012521;155 759 709;10;0;2;1;1;1
202400012521;155 759 712;7;0;2;8;15;1
202400012522;155 759 708;7;12;0;1;19;1
202400012523;155 759 707;7;3;0;1;2;1
202400012524;155 759 703;3;0;2;7;19;1
202400012524;155 759 706;33;0;2;1;1;1
202400012525;155 759 701;7;0;2;1;0;1
202400012525;155 759 702;50;0;2;1;26;3
202400012526;155 759 700;7;0;1;3;0;1
202400012527;155 759 699;0;0;1;0;0;0
202400012528;155 759 697;7;0;2;2;1;1
202400012528;155 759 698;7;0;2;3;1;1
202400012529;155 759 695;10;0;1;1;1;1
202400012530;155 759 693;7;0;2;2;16;
202400012530;155 759 696;2;8;2;1;0;1
202400012531;155 759 691;7;0;2;1;15;1
202400012531;155 759 692;7;0;2;7;1;1
202400012531;155 759 694;2;0;2;1;1;1
202400012532;155 759 687;7;0;0;0;1;1
202400012533;155 759 688;7;0;2;1;16;1
202400012533;155 759 689;50;0;2;1;1;3
202400012534;155 759 686;7;0;2;2;1;1
202400012534;155 759 690;7;0;2;2;9;1
202400012535;155 759 685;7;0;1;8;16;1
202400012536;155 759 684;7;0;1;3;5;1
202400012537;155 759 682;7;0;2;5;12;1
202400012537;155 759 683;33;0;2;1;3;1
202400012538;155 759 680;7;0;1;3;1;1
202400012539;155 759 679;33;0;2;7;17;1
202400012539;155 759 681;7;0;2;3;15;1
202400012540;155 759 677;7;0;2;1;1;1
202400012540;155 759 678;7;0;2;3;5;1
202400012541;155 759 676;7;0;1;1;1;1
202400012542;155 759 675;7;0;1;2;1;1
202400012543;155 759 673;7;0;2;1;15;1
202400012543;155 759 674;10;0;2;1;1;1
202400012544;155 759 670;10;0;2;1;12;1
202400012544;155 759 672;7;0;2;4;1;1
202400012545;155 759 669;1;0;2;7;1;5
202400012545;155 759 671;7;0;2;7;1;1
202400012546;155 759 667;7;0;2;1;15;1
202400012546;155 759 668;33;0;2;8;1;1
202400012547;155 759 666;7;12;0;1;9;1
202400012548;155 759 665;7;13;0;2;19;1
202400012549;155 759 663;33;0;6;8;21;1
202400012550;155 759 662;1;0;1;1;1;5
202400012551;155 759 661;50;0;2;0;1;3
202400012551;155 759 664;7;0;2;0;1;0
202400012552;155 759 657;2;0;2;3;19;1
202400012552;155 759 660;7;0;2;2;1;1
202400012553;155 759 656;50;0;2;1;1;3
202400012553;155 759 659;7;0;2;4;1;1
202400012554;155 759 655;7;0;2;8;10;3
202400012554;155 759 658;7;0;2;2;1;1
202400012555;155 759 653;7;0;2;1;13;2
202400012555;155 759 654;7;0;2;1;1;1
202400012556;155 759 650;7;0;2;1;2;1
202400012556;155 759 652;7;0;2;6;0;1
202400012557;155 759 649;7;0;2;1;2;1
202400012557;155 759 651;7;0;2;4;2;1
202400012558;155 759 648;7;0;0;0;12;1
202400012559;155 759 645;10;0;2;6;1;1
202400012559;155 759 647;7;0;2;0;0;1
202400012560;155 759 643;7;0;2;1;2;1
202400012560;155 759 646;10;0;2;4;2;1
202400012561;155 759 644;7;9;0;1;5;1
202400012562;155 759 640;1;0;0;0;1;5
202400012563;155 759 638;7;0;2;1;1;1
202400012563;155 759 641;7;0;2;4;1;1
202400012563;155 759 642;7;0;2;6;23;2
202400012564;155 759 637;7;0;2;7;9;1
202400012564;155 759 639;1;0;2;1;1;5
202400012565;155 759 633;50;0;2;3;15;3
202400012565;155 759 635;15;0;2;2;2;1
202400012566;155 759 634;7;0;2;0;15;1
202400012566;155 759 636;43;0;2;0;1;1
202400012567;155 759 631;7;0;2;0;0;0
202400012567;155 759 632;7;0;2;1;0;0
202400012568;155 759 629;80;0;2;8;13;3
202400012568;155 759 630;7;0;9;5;17;1
202400012569;155 759 626;1;0;2;1;15;5
202400012569;155 759 627;1;0;2;1;1;5
202400012570;155 759 625;1;0;0;0;11;5
202400012571;155 759 624;7;0;2;1;2;2
202400012571;155 759 628;37;0;2;4;23;1
202400012572;155 759 621;7;0;2;1;16;1
202400012572;155 759 623;7;0;2;1;15;1
202400012573;155 759 622;7;9;0;1;1;3
202400012574;155 759 619;2;0;2;3;18;3
202400012574;155 759 620;7;0;2;2;16;1
202400012575;155 759 616;7;2;0;3;1;1
202400012576;155 759 617;7;15;0;3;19;1
202400012577;155 759 615;7;0;2;3;26;1
202400012577;155 759 618;32;0;2;1;5;1
202400012578;155 759 613;7;2;0;1;0;1
202400012579;155 759 612;7;0;2;1;5;1
202400012579;155 759 614;7;0;2;1;2;1
202400012580;155 759 611;7;3;0;1;9;1
202400012581;155 759 609;7;2;0;1;14;1
202400012582;155 759 607;7;9;0;0;1;1
202400012583;155 759 608;7;0;2;3;1;1
202400012583;155 759 610;7;0;2;3;15;1
202400012584;155 759 605;7;0;2;3;19;1
202400012584;155 759 606;7;0;0;7;1;1
202400012585;155 759 603;7;0;1;3;15;1
202400012586;155 759 602;7;0;1;1;1;1
202400012587;155 759 600;7;13;2;6;17;1
202400012587;155 759 604;7;0;2;2;17;2
202400012588;155 759 598;7;16;0;9;21;1
202400012589;155 759 599;7;0;2;3;15;1
202400012589;155 759 601;7;0;2;3;1;1
202400012590;155 759 596;7;2;0;1;26;1
202400012591;155 759 594;2;0;2;1;2;1
202400012591;155 759 597;2;0;0;4;2;1
202400012592;155 759 593;7;0;2;3;13;1
202400012592;155 759 595;7;0;2;3;1;1
202400012593;155 759 592;36;15;0;1;1;1
202400012594;155 759 591;3;13;0;9;14;1
202400012595;155 759 589;7;2;0;1;1;1
202400012596;155 759 588;32;0;2;1;17;1
202400012596;155 759 590;7;0;2;3;11;1
202400012597;155 759 587;33;11;0;6;17;1
202400012598;155 759 585;30;0;0;3;1;3
202400012599;155 759 583;31;13;0;1;1;1
202400012600;155 759 576;7;0;2;2;15;2
202400012600;155 759 581;7;0;2;8;26;1
202400012600;155 759 582;7;1;2;2;14;1
202400012601;155 759 575;7;0;2;1;2;1
202400012601;155 759 578;7;0;2;4;23;1
202400012601;155 759 580;7;0;0;4;23;1
202400012602;155 759 577;80;0;0;1;0;3
202400012602;155 759 579;1;0;0;4;1;5
202400012603;155 759 573;31;9;0;1;1;1
202400012604;155 759 571;10;0;6;2;1;1
202400012605;155 759 570;7;9;2;1;1;1
202400012605;155 759 572;7;0;2;7;1;1
202400012606;155 759 563;21;0;2;3;13;1
202400012606;155 759 566;7;0;2;3;2;1
202400012607;155 759 562;33;0;2;1;0;1
202400012607;155 759 565;7;0;2;1;1;1
202400012608;155 759 564;7;0;2;7;16;1
202400012608;155 759 567;2;0;2;8;1;1
202400012609;155 759 561;7;2;0;1;1;1
202400012610;155 759 558;7;0;2;1;17;1
202400012610;155 759 560;7;0;2;1;1;1
202400012611;155 759 557;10;0;2;3;9;1
202400012611;155 759 559;7;0;2;7;15;1
202400012612;155 759 555;7;0;2;1;1;1
202400012612;155 759 556;7;0;2;1;13;1
202400012613;155 759 552;7;4;2;0;0;1
202400012613;155 759 554;7;4;0;4;0;1
202400012614;155 759 550;50;0;0;0;26;3
202400012615;155 759 549;7;4;0;8;0;1
202400012616;155 759 548;2;0;2;1;1;1
202400012616;155 759 551;33;0;2;1;17;1
202400012617;155 759 547;7;9;0;1;19;1
202400012618;155 759 544;2;0;2;1;3;1
202400012618;155 759 546;2;0;2;1;0;0
202400012619;155 759 543;1;0;2;1;0;5
202400012619;155 759 545;7;0;2;3;17;2
202400012620;155 759 541;7;0;2;4;23;1
202400012620;155 759 542;30;0;2;1;1;1
202400012621;155 759 538;10;0;2;3;13;1
202400012621;155 759 540;10;0;2;8;1;1
202400012622;155 759 539;7;0;1;2;1;2
202400012623;155 759 536;7;0;2;1;1;1
202400012623;155 759 537;50;0;2;7;19;3
202400012624;155 759 533;7;0;2;1;1;1
202400012624;155 759 535;7;0;2;1;5;1
202400012625;155 759 531;43;14;0;1;1;1
202400012626;155 759 530;50;0;0;0;21;3
202400012627;155 759 532;33;0;2;1;1;1
202400012627;155 759 534;7;0;2;8;10;1
202400012628;155 759 522;2;0;2;1;1;1
202400012628;155 759 524;7;0;2;1;15;1
202400012629;155 759 521;2;0;2;1;13;1
202400012629;155 759 525;10;0;2;1;1;1
202400012630;155 759 520;7;0;2;1;13;0
202400012630;155 759 523;7;0;2;8;1;2
202400012630;155 759 526;7;0;2;1;1;1
202400012630;155 759 527;7;0;2;1;1;2
202400012631;155 759 518;7;0;0;9;0;1
202400012632;155 759 517;7;0;0;0;13;1
202400012633;155 759 512;7;0;2;7;1;1
202400012633;155 759 516;7;0;2;1;1;1
202400012634;155 759 511;33;3;0;2;0;1
202400012635;155 759 509;7;2;0;1;13;1
202400012636;155 759 508;3;0;2;1;11;1
202400012636;155 759 510;30;0;2;1;1;1
202400012637;155 759 506;7;0;2;1;1;1
202400012637;155 759 507;7;0;2;4;1;1
202400012638;155 759 504;7;13;0;3;13;1
202400012639;155 759 503;7;0;2;4;1;1
202400012639;155 759 505;7;3;2;1;1;1
202400012640;155 759 500;7;0;1;7;2;1
202400012641;155 759 499;7;0;2;1;5;2
202400012641;155 759 502;7;0;2;1;1;1
202400012642;155 759 498;7;0;9;7;1;1
202400012642;155 759 501;80;0;2;6;1;3
202400012643;155 759 495;10;0;2;0;15;1
202400012643;155 759 497;1;0;2;1;1;5
202400012644;155 759 494;20;0;2;5;15;1
202400012644;155 759 496;33;0;2;7;17;1
202400012645;155 759 490;7;0;2;1;2;1
202400012645;155 759 492;7;0;2;4;2;1
202400012645;155 759 493;10;0;2;4;2;1
202400012646;155 759 488;33;0;2;1;3;1
202400012646;155 759 491;7;0;2;3;1;1
202400012647;155 759 486;7;0;0;2;19;1
202400012647;155 759 489;2;0;0;1;1;1
202400012648;155 759 484;7;4;2;4;0;1
202400012648;155 759 485;7;4;2;1;26;1
202400012649;155 759 481;7;1;0;0;1;1
202400012650;155 759 482;7;1;2;5;15;1
202400012650;155 759 483;33;0;2;1;0;1
202400012650;155 759 487;7;0;2;1;0;1
202400012651;155 759 480;7;4;0;1;1;1
202400012652;155 759 479;2;6;0;8;1;1
202400012653;155 759 473;7;0;2;4;9;1
202400012653;155 759 477;0;0;2;1;2;0
202400012654;155 759 474;7;0;2;1;13;1
202400012654;155 759 476;7;0;2;4;2;1
202400012654;155 759 478;7;0;2;4;2;1
202400012655;155 759 472;7;0;2;1;1;1
202400012655;155 759 475;2;0;2;1;13;1
202400012656;155 759 470;15;0;0;0;1;1
202400012657;155 759 468;7;0;2;1;2;1
202400012657;155 759 469;7;0;0;5;1;1
202400012658;155 759 467;7;0;2;4;12;1
202400012658;155 759 471;33;0;2;1;3;1
202400012659;155 759 466;33;13;0;9;1;1
202400012660;155 759 465;7;2;0;1;0;1
202400012661;155 759 463;7;0;0;9;1;1
202400012662;155 759 461;7;0;2;1;1;1
202400012662;155 759 464;7;0;2;1;13;1
202400012663;155 759 460;7;0;2;2;12;1
202400012663;155 759 462;33;8;2;1;7;1
202400012664;155 759 458;2;3;0;0;14;1
202400012665;155 759 457;7;0;2;1;15;1
202400012665;155 759 459;7;0;2;1;1;1
202400012666;155 759 455;7;0;2;2;16;1
202400012666;155 759 456;33;0;2;3;18;1
202400012667;155 759 454;7;0;1;3;1;1
202400012668;155 759 452;7;0;0;4;1;1
202400012668;155 759 453;7;0;0;2;1;1
202400012669;155 759 449;10;0;2;3;15;1
202400012669;155 759 451;32;0;2;2;17;1
202400012670;155 759 448;7;4;0;1;1;1
202400012671;155 759 447;7;0;2;1;17;0
202400012671;155 759 450;80;0;2;8;15;3
202400012672;155 759 444;7;10;0;1;2;0
202400012673;155 759 443;7;0;2;2;15;1
202400012673;155 759 445;10;0;2;3;2;1
202400012674;155 759 441;7;0;1;2;1;1
202400012675;155 759 440;36;0;0;1;1;1
202400012676;155 759 438;7;3;0;4;1;1
202400012676;155 759 439;7;0;2;2;1;1
202400012676;155 759 442;7;0;2;1;2;1
202400012677;155 759 434;7;0;2;4;23;1
202400012677;155 759 436;7;0;2;1;1;1
202400012677;155 759 437;7;0;2;4;23;1
202400012678;155 759 435;7;0;1;1;21;1
202400012679;155 759 430;33;17;0;1;0;1
202400012680;155 759 431;7;0;2;1;1;1
202400012680;155 759 433;1;0;2;1;1;5
202400012681;155 759 429;7;0;2;3;11;1
202400012681;155 759 432;7;0;2;7;13;1
202400012682;155 759 427;33;0;0;8;21;1
202400012683;155 759 425;7;3;2;2;17;1
202400012683;155 759 428;17;0;0;4;1;1
202400012684;155 759 424;7;0;2;1;15;0
202400012684;155 759 426;1;0;2;1;1;5
202400012685;155 759 423;37;0;2;3;1;1
202400012686;155 759 421;7;0;2;3;13;1
202400012686;155 759 422;7;0;2;3;1;2
202400012687;155 759 419;2;0;2;8;1;1
202400012687;155 759 420;7;0;2;7;26;2
202400012688;155 759 417;33;0;2;8;17;1
202400012688;155 759 418;7;0;2;3;16;1
202400012689;155 759 414;7;0;2;3;13;1
202400012689;155 759 415;7;0;2;8;1;1
202400012690;155 759 413;7;0;2;1;15;1
202400012690;155 759 416;33;0;2;1;1;1
202400012691;155 759 410;10;0;2;1;1;1
202400012691;155 759 412;10;0;2;4;1;1
202400012692;155 759 407;7;0;9;1;1;1
202400012692;155 759 408;15;0;2;3;1;1
202400012692;155 759 411;7;0;2;1;13;1
202400012693;155 759 406;7;0;2;8;1;1
202400012693;155 759 409;7;0;2;3;13;1
202400012694;155 759 404;7;0;2;5;12;1
202400012694;155 759 405;30;0;2;1;1;1
202400012695;155 759 401;7;0;2;1;1;1
202400012695;155 759 403;7;0;2;1;13;1
202400012696;155 759 399;1;0;2;3;15;5
202400012696;155 759 402;33;0;2;7;17;1
202400012697;155 759 398;10;0;2;3;15;1
202400012697;155 759 400;2;0;2;3;1;0
202400012698;155 759 394;7;0;0;3;1;1
202400012698;155 759 396;33;0;0;7;1;1
202400012699;155 759 395;7;0;2;5;1;1
202400012699;155 759 397;30;0;2;1;1;1
202400012700;155 759 393;31;4;0;1;0;1
202400012701;155 759 391;7;2;0;1;2;1
202400012702;155 759 390;7;2;0;1;1;1
202400012703;155 759 389;7;0;2;1;16;1
202400012703;155 759 392;2;0;2;5;1;3
202400012704;155 759 388;10;0;1;6;0;0
202400012705;155 759 386;7;0;1;3;15;1
202400012706;155 759 385;32;0;0;1;6;1
202400012707;155 759 384;7;0;2;1;1;1
202400012707;155 759 387;7;0;2;4;23;3
202400012708;155 759 381;1;0;0;1;0;5
202400012708;155 759 383;2;0;9;1;26;1
202400012709;155 759 380;2;0;2;1;9;1
202400012709;155 759 382;7;0;2;5;1;1
202400012710;155 759 379;34;12;0;0;14;1
202400012711;155 759 378;7;0;0;9;1;1
202400012712;155 759 376;31;0;1;1;1;1
202400012713;155 759 375;17;3;0;0;2;1
202400012714;155 759 374;7;0;2;2;17;1
202400012714;155 759 377;2;0;2;6;15;1
202400012715;155 759 372;50;0;2;1;0;3
202400012715;155 759 373;7;0;9;0;0;1
202400012716;155 759 369;7;4;2;8;15;1
202400012716;155 759 370;7;0;2;2;12;1
202400012717;155 759 368;1;0;2;7;1;5
202400012717;155 759 371;7;0;2;8;16;3
202400012718;155 759 366;33;0;2;1;1;1
202400012718;155 759 367;7;0;2;5;15;1
202400012719;155 759 365;1;0;0;0;1;5
202400012720;155 759 362;7;0;2;8;15;1
202400012720;155 759 364;33;0;2;2;2;1
202400012721;155 759 361;2;0;2;1;1;1
202400012721;155 759 363;7;0;0;7;1;1
202400012722;155 759 360;1;6;0;1;1;5
202400012723;155 759 359;7;0;1;1;17;1
202400012724;155 759 358;7;13;0;1;1;1
202400012725;155 759 355;7;14;2;3;15;1
202400012725;155 759 357;50;14;0;2;0;3
202400012726;155 759 354;7;0;2;1;15;1
202400012726;155 759 356;1;0;2;1;1;5
202400012727;155 759 353;7;3;0;3;1;3
202400012728;155 759 351;7;0;2;3;1;1
202400012728;155 759 352;7;0;2;3;13;1
202400012729;155 759 350;33;0;0;8;1;1
202400012730;155 759 348;7;6;0;1;26;1
202400012731;155 759 347;7;0;2;1;2;1
202400012731;155 759 349;7;0;2;0;0;2
202400012732;155 759 345;33;0;2;1;15;1
202400012732;155 759 346;7;0;2;5;16;1
202400012733;155 759 342;31;15;2;1;17;1
202400012733;155 759 344;7;0;2;3;15;1
202400012734;155 759 341;7;0;2;1;2;1
202400012734;155 759 343;7;0;2;4;1;1
202400012735;155 759 340;7;0;1;8;1;1
202400012736;155 759 337;7;0;1;3;26;1
202400012737;155 759 338;1;1;0;1;1;5
202400012737;155 759 339;38;0;0;4;24;1
202400012738;155 759 336;7;3;0;2;1;1
202400012739;155 759 335;7;1;1;2;14;1
202400012740;155 759 333;7;1;1;1;9;1
202400012741;155 759 334;10;0;2;2;9;1
202400012742;155 759 332;7;12;0;2;1;1
202400012743;155 759 330;10;1;0;2;26;1
202400012744;155 759 329;1;0;2;7;1;5
202400012744;155 759 331;7;0;2;3;1;1
202400012745;155 759 328;7;6;0;1;2;1
202400012746;155 759 327;10;0;0;3;26;1
202400012747;155 759 326;33;0;0;0;1;1
202400012748;155 759 324;50;0;2;2;1;3
202400012748;155 759 325;7;0;2;3;9;1
202400012749;155 759 321;7;0;2;4;23;1
202400012749;155 759 322;7;1;0;9;2;1
202400012749;155 759 323;7;0;2;1;0;1
202400012750;155 759 320;7;0;0;9;0;1
202400012751;155 759 317;7;1;2;1;4;1
202400012751;155 759 319;7;0;2;4;2;1
202400012752;155 759 314;7;2;0;2;1;1
202400012753;155 759 312;7;0;2;1;1;1
202400012753;155 759 313;7;0;2;4;1;1
202400012753;155 759 315;7;0;2;1;1;1
202400012753;155 759 316;7;0;2;1;1;1
202400012753;155 759 318;7;0;2;1;1;1
202400012754;155 759 310;30;0;2;1;1;1
202400012754;155 759 311;30;0;2;4;23;1
202400012755;155 759 309;7;0;1;3;1;1
202400012756;155 759 306;32;0;2;1;17;1
202400012756;155 759 308;7;0;2;1;23;1
202400012757;155 759 305;7;0;2;2;1;1
202400012757;155 759 307;30;8;2;1;0;1
202400012758;155 759 303;7;0;2;1;26;1
202400012758;155 759 304;33;0;2;1;0;1
202400012759;155 759 302;7;0;1;1;1;1
202400012760;155 759 301;33;14;0;0;1;1
202400012761;155 759 299;7;0;2;3;17;1
202400012761;155 759 300;7;0;2;3;5;1
202400012762;155 759 298;7;0;1;1;1;1
202400012763;155 759 297;7;12;0;1;13;1
202400012764;155 759 296;7;0;1;1;15;2
202400012765;155 759 294;7;0;2;4;1;1
202400012765;155 759 295;7;0;2;1;14;2
202400012766;155 759 293;33;0;0;7;16;1
202400012767;155 759 291;2;0;2;2;26;6
202400012767;155 759 292;7;0;2;3;15;1
202400012768;155 759 290;34;0;1;1;1;1
202400012769;155 759 288;7;0;2;3;15;1
202400012769;155 759 289;33;0;2;2;17;1
202400012770;155 759 286;7;0;9;8;16;1
202400012770;155 759 287;1;0;2;1;1;5
202400012771;155 759 284;2;0;2;1;16;1
202400012771;155 759 285;10;0;2;1;2;1
202400012772;155 759 282;7;0;2;2;16;1
202400012772;155 759 283;2;0;2;1;1;1
202400012773;155 759 280;1;0;2;1;1;5
202400012773;155 759 281;7;0;2;8;9;1
202400012774;155 759 278;10;0;2;1;19;1
202400012774;155 759 279;2;0;2;7;1;1
202400012775;155 759 276;10;0;2;3;16;1
202400012775;155 759 277;1;0;2;1;1;5
202400012776;155 759 274;7;4;0;5;24;1
202400012776;155 759 275;33;4;0;2;1;0
202400012777;155 759 272;7;0;2;3;15;1
202400012777;155 759 273;32;0;2;1;2;1
202400012778;155 759 271;7;0;1;1;1;1
202400012779;155 759 270;7;0;1;2;1;1
202400012780;155 759 268;7;0;2;1;1;1
202400012780;155 759 269;7;0;2;3;16;0
202400012781;155 759 266;31;0;2;1;1;1
202400012781;155 759 267;7;0;2;0;0;1
202400012782;155 759 264;7;0;2;8;9;1
202400012782;155 759 265;7;0;2;1;9;1
202400012783;155 759 263;30;3;0;0;14;1
202400012784;155 759 261;2;0;2;7;1;1
202400012784;155 759 262;7;0;2;1;1;1
202400012785;155 759 259;7;0;2;3;1;1
202400012785;155 759 260;3;0;2;2;16;1
202400012786;155 759 257;7;0;2;7;15;1
202400012786;155 759 258;34;0;2;1;1;1
202400012787;155 759 256;33;4;0;1;13;1
202400012788;155 759 254;2;0;2;3;9;1
202400012788;155 759 255;7;0;2;2;0;1
202400012789;155 759 252;7;0;2;4;1;1
202400012789;155 759 253;17;0;2;1;1;1
202400012790;155 759 251;7;0;1;1;1;1
202400012791;155 759 250;7;5;0;7;14;2
202400012792;155 759 249;7;0;1;3;17;2
202400012793;155 759 245;30;0;2;5;1;1