Num_Acc;id_vehicule;categorie_vehicule;obstacle_fixe;obstacle_mobile;point_choc_initial;manoeuvre_principale;motorisation
202400012793;155 759 246;7;0;2;1;16;1
202400012794;155 759 243;7;0;2;1;1;1
202400012794;155 759 244;7;0;2;4;1;1
202400012795;155 759 241;7;1;2;5;0;1
202400012795;155 759 242;7;0;2;3;20;1
202400012796;155 759 239;1;0;2;1;15;5
202400012796;155 759 240;7;0;9;1;15;1
202400012797;155 759 237;7;0;2;0;15;1
202400012797;155 759 238;31;0;2;1;26;1
202400012798;155 759 236;50;0;0;0;26;3
202400012799;155 759 234;7;0;2;1;2;1
202400012799;155 759 235;7;0;2;4;2;1
202400012800;155 759 233;7;0;1;1;1;1
202400012801;155 759 230;50;0;0;0;0;3
202400012801;155 759 231;7;0;0;0;0;0
202400012802;155 759 228;50;0;2;0;0;3
202400012802;155 759 229;7;2;0;4;0;1
202400012803;155 759 227;7;0;1;3;1;1
202400012804;155 759 225;7;0;2;3;9;1
202400012804;155 759 226;50;0;2;2;0;3
202400012805;155 759 223;7;0;2;2;1;1
202400012805;155 759 224;1;0;2;1;15;5
202400012806;155 759 221;7;0;2;1;1;1
202400012806;155 759 222;7;0;2;1;1;1
202400012807;155 759 219;50;0;2;1;1;3
202400012807;155 759 220;7;0;2;2;1;1
202400012808;155 759 218;7;0;1;2;1;1
202400012809;155 759 215;7;0;2;1;1;1
202400012809;155 759 216;7;0;2;1;15;1
202400012809;155 759 217;33;0;2;9;1;1
202400012810;155 759 213;7;0;2;2;15;1
202400012810;155 759 214;7;0;2;2;1;1
202400012811;155 759 212;3;0;1;2;26;0
202400012812;155 759 211;7;15;0;1;15;1
202400012813;155 759 209;14;14;2;1;26;1
202400012813;155 759 210;7;0;2;1;0;1
202400012814;155 759 208;7;0;1;2;1;1
202400012815;155 759 206;1;0;2;1;1;5
202400012815;155 759 207;7;0;2;2;15;2
202400012816;155 759 205;7;8;0;2;1;1
202400012817;155 759 202;7;0;2;8;24;1
202400012817;155 759 203;33;1;2;7;1;1
202400012817;155 759 204;7;0;2;1;15;1
202400012818;155 759 201;7;3;1;1;16;1
202400012819;155 759 199;7;0;2;2;23;1
202400012819;155 759 200;1;0;2;1;25;5
202400012820;155 759 197;7;0;2;1;1;1
202400012820;155 759 198;7;0;2;8;1;1
202400012821;155 759 195;7;0;2;3;0;1
202400012821;155 759 196;7;0;2;3;1;1
202400012822;155 759 193;37;1;2;1;1;1
202400012822;155 759 194;7;6;0;7;1;1
202400012823;155 759 191;30;1;0;8;1;1
202400012823;155 759 192;7;1;0;7;1;1
202400012824;155 759 189;7;0;2;2;1;1
202400012824;155 759 190;7;0;2;4;20;3
202400012825;155 759 187;7;15;2;3;6;1
202400012825;155 759 188;7;0;2;3;1;1
202400012826;155 759 185;33;0;0;0;1;1
202400012827;155 759 184;7;0;1;4;4;1
202400012828;155 759 181;7;0;2;3;1;1
202400012828;155 759 182;7;0;2;3;1;1
202400012828;155 759 183;7;0;2;3;1;1
202400012829;155 759 179;7;0;2;2;1;1
202400012829;155 759 180;7;0;0;0;15;1
202400012830;155 759 178;34;0;0;0;0;0
202400012831;155 759 176;7;9;2;6;1;1
202400012831;155 759 177;7;0;2;1;1;3
202400012832;155 759 174;7;0;2;4;23;1
202400012832;155 759 175;7;0;2;1;2;1
202400012833;155 759 172;7;0;2;1;1;1
202400012833;155 759 173;50;0;2;7;1;3
202400012834;155 759 171;7;0;1;1;15;1
202400012835;155 759 170;7;0;1;2;1;1
202400012836;155 759 168;7;0;2;1;1;1
202400012836;155 759 169;50;0;2;8;0;3
202400012837;155 759 166;2;0;2;0;2;1
202400012837;155 759 167;7;0;2;5;0;0
202400012838;155 759 165;7;0;1;1;26;1
202400012839;155 759 164;7;0;1;7;2;1
202400012840;155 759 163;7;0;1;1;1;2
202400012841;155 759 162;7;0;1;1;1;1
202400012842;155 759 161;2;0;0;0;18;1
202400012843;155 759 159;60;0;2;1;1;5
202400012843;155 759 160;1;0;2;1;15;5
202400012844;155 759 158;31;0;0;8;1;1
202400012845;155 759 156;33;0;2;1;5;1
202400012845;155 759 157;7;0;2;3;26;1
202400012846;155 759 154;33;0;2;4;2;1
202400012846;155 759 155;7;0;2;1;2;1
202400012847;155 759 152;7;0;2;5;22;3
202400012847;155 759 153;1;0;2;1;1;5
202400012848;155 759 151;34;0;1;5;17;1
202400012849;155 759 148;7;0;2;4;23;1
202400012849;155 759 149;7;0;2;4;23;1
202400012849;155 759 150;7;0;2;1;2;2
202400012850;155 759 147;30;1;0;7;1;1
202400012851;155 759 145;7;0;2;1;26;1
202400012851;155 759 146;7;0;2;4;1;2
202400012852;155 759 143;7;0;2;4;23;2
202400012852;155 759 144;7;0;2;1;1;1
202400012853;155 759 141;80;12;2;8;1;3
202400012853;155 759 142;13;0;2;2;14;1
202400012854;155 759 140;7;0;2;1;1;1
202400012855;155 759 138;7;0;2;2;21;1
202400012855;155 759 139;7;0;2;0;9;1
202400012856;155 759 136;7;0;2;2;17;1
202400012856;155 759 137;1;0;2;8;1;5
202400012857;155 759 135;1;0;1;1;1;5
202400012858;155 759 133;7;0;2;3;2;1
202400012858;155 759 134;7;0;2;6;0;1
202400012859;155 759 131;10;0;2;4;1;1
202400012859;155 759 132;33;0;2;1;1;1
202400012860;155 759 129;7;0;2;1;9;1
202400012860;155 759 130;1;0;0;4;1;5
202400012861;155 759 127;33;12;2;1;1;1
202400012861;155 759 128;7;0;2;6;19;1
202400012862;155 759 125;7;0;9;5;26;1
202400012862;155 759 126;1;0;0;0;0;5
202400012863;155 759 123;7;0;2;3;1;1
202400012863;155 759 124;7;0;2;3;3;1
202400012864;155 759 121;7;0;2;3;13;1
202400012864;155 759 122;7;0;2;3;1;1
202400012865;155 759 119;31;0;2;7;1;1
202400012865;155 759 120;7;0;2;8;5;1
202400012866;155 759 117;7;0;2;1;5;1
202400012866;155 759 118;7;0;0;1;1;3
202400012867;155 759 116;33;16;0;1;1;1
202400012868;155 759 115;7;8;0;3;1;1
202400012869;155 759 114;33;0;0;0;1;1
202400012870;155 759 113;10;0;1;4;4;1
202400012871;155 759 111;99;0;0;0;0;1
202400012871;155 759 112;33;0;2;3;13;1
202400012872;155 759 110;33;6;0;1;15;1
202400012873;155 759 109;33;15;0;2;14;1
202400012874;155 759 106;7;0;2;4;23;1
202400012874;155 759 107;7;0;2;1;1;1
202400012874;155 759 108;7;0;2;3;24;1
202400012875;155 759 105;7;8;0;1;13;1
202400012876;155 759 102;7;2;0;1;13;1
202400012877;155 759 100;33;0;2;0;1;1
202400012877;155 759 101;7;0;2;6;15;1
202400012878;155 759 098;7;2;0;2;14;1
202400012879;155 759 095;7;0;2;1;1;1
202400012879;155 759 096;7;0;2;3;13;1
202400012880;155 759 097;50;0;2;1;15;3
202400012880;155 759 099;7;0;2;3;1;2
202400012881;155 759 093;7;0;2;1;17;1
202400012881;155 759 094;7;0;2;6;11;1
202400012882;155 759 092;7;2;0;1;2;1
202400012883;155 759 088;7;0;2;3;15;1
202400012883;155 759 090;33;0;2;8;1;1
202400012884;155 759 089;37;0;2;0;1;2
202400012884;155 759 091;34;0;0;0;0;0
202400012885;155 759 086;10;0;2;7;1;1
202400012885;155 759 087;2;0;2;2;5;1
202400012886;155 759 082;10;8;0;3;0;1
202400012886;155 759 083;36;0;0;3;0;1
202400012887;155 759 084;7;0;2;3;15;1
202400012887;155 759 085;33;0;2;7;15;1
202400012888;155 759 080;2;0;2;2;26;1
202400012888;155 759 081;7;0;0;6;0;1
202400012889;155 759 078;7;13;0;3;1;1
202400012890;155 759 075;7;7;0;1;13;1
202400012891;155 759 074;33;8;0;1;1;1
202400012892;155 759 076;50;0;2;2;21;3
202400012892;155 759 079;7;0;2;3;19;1
202400012893;155 759 072;7;0;2;3;17;1
202400012893;155 759 073;7;0;2;3;1;1
202400012894;155 759 070;7;0;1;3;0;1
202400012895;155 759 069;33;0;0;1;1;1
202400012896;155 759 068;60;0;2;7;17;5
202400012896;155 759 071;7;0;2;1;1;1
202400012897;155 759 066;7;13;0;4;2;1
202400012897;155 759 067;7;0;2;1;2;1
202400012898;155 759 064;7;14;0;1;26;1
202400012899;155 759 065;50;0;0;0;1;3
202400012900;155 759 063;33;8;0;1;14;1
202400012901;155 759 062;7;13;0;9;2;1
202400012902;155 759 061;7;17;0;0;0;1
202400012903;155 759 057;2;0;2;1;9;1
202400012903;155 759 059;10;0;2;1;15;1
202400012904;155 759 056;7;13;0;1;1;1
202400012905;155 759 054;1;0;0;9;1;5
202400012905;155 759 055;7;0;9;3;13;2
202400012906;155 759 053;7;0;1;8;23;1
202400012907;155 759 051;7;0;2;1;2;2
202400012907;155 759 052;7;7;2;4;1;1
202400012908;155 759 049;7;0;2;7;1;1
202400012908;155 759 050;7;0;2;1;1;1
202400012909;155 759 044;7;0;2;8;13;1
202400012909;155 759 046;7;0;2;1;1;1
202400012910;155 759 042;7;0;1;1;1;1
202400012911;155 759 041;7;0;2;4;23;1
202400012911;155 759 043;7;0;2;4;23;1
202400012911;155 759 045;7;0;2;1;2;1
202400012912;155 759 040;7;13;0;1;0;1
202400012913;155 759 038;33;0;1;3;18;1
202400012914;155 759 035;7;0;2;8;1;1
202400012914;155 759 036;33;0;2;1;5;1
202400012915;155 759 037;31;0;2;1;1;1
202400012915;155 759 039;7;0;2;4;1;1
202400012916;155 759 033;33;0;2;1;1;1
202400012916;155 759 034;7;0;0;1;1;3
202400012917;155 759 032;33;0;0;8;1;1
202400012918;155 759 030;7;16;0;9;1;1
202400012919;155 759 028;7;8;0;0;0;1
202400012920;155 759 029;2;0;2;1;1;1
202400012920;155 759 031;7;0;2;1;13;1
202400012921;155 759 026;2;0;2;1;25;1
202400012921;155 759 027;7;0;0;3;23;1
202400012922;155 759 022;7;0;0;3;15;1
202400012922;155 759 024;2;0;2;1;1;1
202400012923;155 759 020;7;0;0;3;2;1
202400012923;155 759 021;2;0;2;8;2;1
202400012924;155 759 017;7;0;2;3;1;1
202400012924;155 759 018;7;0;2;3;1;1
202400012925;155 759 016;7;0;2;3;1;1
202400012925;155 759 019;7;0;2;0;1;0
202400012926;155 759 013;7;0;2;4;1;1
202400012926;155 759 014;7;0;2;4;1;1
202400012926;155 759 015;7;0;2;1;2;1
202400012927;155 759 011;7;0;2;2;14;1
202400012927;155 759 012;7;13;2;6;2;1
202400012928;155 759 010;33;9;0;9;1;1
202400012929;155 759 007;7;0;2;4;1;1
202400012929;155 759 008;7;0;2;1;1;1
202400012929;155 759 009;7;0;2;4;1;2
202400012930;155 759 003;7;0;2;8;1;1
202400012930;155 759 005;17;0;2;2;12;1
202400012931;155 759 004;10;0;2;2;15;1
202400012931;155 759 006;50;0;2;1;5;3
202400012932;155 759 001;7;0;2;3;14;1
202400012932;155 759 002;7;0;2;4;1;1
202400012933;155 758 996;10;0;2;2;9;1
202400012933;155 758 997;7;0;2;7;1;1
202400012933;155 758 998;7;0;2;5;23;1
202400012934;155 758 999;7;0;2;3;15;2
202400012934;155 759 000;33;0;2;7;17;1
202400012935;155 758 995;10;3;0;1;26;1
202400012936;155 758 993;10;0;1;1;26;1
202400012937;155 758 992;33;0;2;7;0;1
202400012937;155 758 994;7;0;2;6;1;1
202400012938;155 758 987;7;0;2;1;1;1
202400012938;155 758 989;7;0;2;4;1;1
202400012938;155 758 990;7;0;2;4;1;1
202400012939;155 758 984;33;0;2;1;3;1
202400012939;155 758 985;7;0;2;6;1;1
202400012940;155 758 986;7;0;2;1;13;1
202400012940;155 758 988;1;0;2;1;1;5
202400012940;155 758 991;1;0;2;1;1;5
202400012941;155 758 983;7;4;0;1;26;0
202400012942;155 758 981;7;0;2;8;21;1
202400012942;155 758 982;7;0;2;3;5;1
202400012943;155 758 979;50;0;2;7;1;3
202400012943;155 758 980;7;0;2;2;15;1
202400012944;155 758 976;33;0;2;3;3;1
202400012944;155 758 978;7;0;2;0;26;0
202400012945;155 758 977;10;0;1;3;1;1
202400012946;155 758 974;1;0;2;0;0;5
202400012946;155 758 975;7;0;2;0;0;1
202400012947;155 758 972;7;0;2;1;26;1
202400012947;155 758 973;50;0;2;1;1;3
202400012948;155 758 969;7;0;2;2;1;2
202400012948;155 758 970;1;0;2;1;21;5
202400012949;155 758 966;7;0;2;3;15;1
202400012949;155 758 967;32;0;2;1;3;1
202400012950;155 758 968;10;1;2;5;1;1
202400012950;155 758 971;7;0;2;1;1;1
202400012951;155 758 964;33;0;2;1;26;1
202400012951;155 758 965;7;0;2;8;2;2
202400012952;155 758 958;7;0;2;1;2;1
202400012952;155 758 960;7;0;2;4;2;1
202400012952;155 758 961;7;0;2;4;2;1
202400012952;155 758 962;7;0;2;4;2;1
202400012953;155 758 959;30;0;2;1;1;1
202400012953;155 758 963;7;0;2;1;15;1
202400012954;155 758 957;7;0;1;1;9;1
202400012955;155 758 954;7;4;0;1;1;1
202400012956;155 758 955;7;0;2;1;15;1
202400012956;155 758 956;30;0;2;1;7;1
202400012957;155 758 952;32;0;2;1;17;1
202400012957;155 758 953;7;0;2;3;1;1
202400012958;155 758 949;1;0;2;4;11;5
202400012958;155 758 951;7;0;9;0;1;1
202400012959;155 758 946;7;0;2;5;1;1
202400012959;155 758 947;1;0;2;8;15;5
202400012960;155 758 948;7;0;0;0;0;0
202400012960;155 758 950;1;0;0;0;1;5
202400012961;155 758 943;1;1;0;1;21;5
202400012962;155 758 942;37;0;2;2;21;1
202400012962;155 758 944;7;0;2;4;1;1
202400012962;155 758 945;15;0;2;8;1;1
202400012963;155 758 939;7;0;2;2;1;1
202400012963;155 758 941;15;0;0;6;1;1
202400012964;155 758 937;7;0;2;3;9;1
202400012964;155 758 938;7;0;2;2;26;1
202400012965;155 758 935;38;0;1;5;20;1
202400012966;155 758 934;7;0;2;3;10;1
202400012966;155 758 936;33;0;2;3;1;1
202400012967;155 758 931;7;0;2;7;19;1
202400012967;155 758 933;7;0;2;1;1;1
202400012968;155 758 930;30;0;2;2;17;1
202400012968;155 758 932;7;0;2;8;15;3
202400012969;155 758 929;7;2;0;7;0;1
202400012970;155 758 926;7;0;2;1;26;1
202400012970;155 758 928;7;0;2;3;19;1
202400012971;155 758 927;7;0;2;1;15;1
202400012972;155 758 925;50;1;1;1;0;3
202400012973;155 758 923;2;0;0;0;13;1
202400012974;155 758 922;14;0;2;3;23;1
202400012974;155 758 924;7;0;2;1;21;1
202400012975;155 758 920;1;0;2;0;0;5
202400012975;155 758 921;7;0;2;2;1;1
202400012976;155 758 918;7;2;1;1;20;1
202400012977;155 758 916;7;0;1;1;16;1
202400012978;155 758 917;7;0;2;3;1;1
202400012978;155 758 919;50;0;2;7;19;3
202400012979;155 758 914;7;0;2;1;1;1
202400012979;155 758 915;7;0;2;5;15;1
202400012980;155 758 912;1;0;4;7;19;5
202400012980;155 758 913;40;0;2;1;1;3
202400012981;155 758 909;40;0;1;1;1;3
202400012982;155 758 908;7;0;2;4;0;1
202400012982;155 758 910;7;0;2;1;1;1
202400012982;155 758 911;7;0;2;4;1;2
202400012983;155 758 906;7;0;2;4;23;1
202400012983;155 758 907;7;0;2;1;1;1
202400012984;155 758 904;1;0;4;5;19;5
202400012984;155 758 905;40;0;2;2;1;3
202400012985;155 758 903;7;0;1;1;1;1
202400012986;155 758 902;30;1;0;1;13;1
202400012987;155 758 899;7;8;0;2;13;2
202400012988;155 758 900;2;0;2;4;23;1
202400012988;155 758 901;7;0;2;1;0;1
202400012989;155 758 897;7;0;1;2;26;1
202400012990;155 758 896;50;0;2;1;26;3
202400012990;155 758 898;10;0;2;4;20;1
202400012991;155 758 892;33;0;0;7;26;1
202400012991;155 758 894;7;0;0;7;26;1
202400012992;155 758 891;7;0;2;1;1;1
202400012992;155 758 893;7;0;2;4;23;1
202400012992;155 758 895;2;0;2;4;23;1
202400012993;155 758 888;33;0;2;1;17;1
202400012993;155 758 890;7;0;2;3;11;1
202400012994;155 758 889;7;0;1;2;1;1
202400012995;155 758 886;2;0;2;2;1;1
202400012995;155 758 887;7;0;2;3;1;1
202400012996;155 758 884;80;0;2;1;1;3
202400012996;155 758 885;7;0;2;3;15;1
202400012997;155 758 881;7;0;2;0;0;1
202400012997;155 758 882;7;0;2;1;1;1
202400012997;155 758 883;7;0;2;4;1;1
202400012998;155 758 880;7;0;1;1;1;1
202400012999;155 758 879;37;0;1;3;15;1
202400013000;155 758 877;33;0;2;1;1;1
202400013000;155 758 878;7;0;2;0;0;1
202400013001;155 758 871;7;0;1;5;20;2
202400013002;155 758 869;7;0;2;1;2;1
202400013002;155 758 870;7;0;2;4;23;1
202400013003;155 758 868;7;3;0;1;0;1
202400013004;155 758 866;1;0;2;1;26;5
202400013004;155 758 867;7;0;9;3;26;1
202400013005;155 758 864;7;0;2;3;16;1
202400013005;155 758 865;2;0;2;2;12;1
202400013006;155 758 862;7;0;2;2;15;1
202400013006;155 758 863;50;0;2;1;1;3
202400013007;155 758 860;7;0;2;8;15;1
202400013007;155 758 861;7;0;2;1;1;1
202400013008;155 758 858;13;0;9;2;2;1
202400013008;155 758 859;60;0;2;3;2;5
202400013009;155 758 856;10;0;2;7;1;1
202400013009;155 758 857;50;0;2;1;0;3
202400013010;155 758 854;10;0;2;3;15;1
202400013010;155 758 855;7;0;2;8;1;1
202400013011;155 758 853;33;1;0;1;21;1
202400013012;155 758 851;10;0;2;8;11;1
202400013012;155 758 852;31;0;2;7;3;1
202400013013;155 758 849;7;0;2;1;2;1
202400013013;155 758 850;7;0;2;6;2;1
202400013014;155 758 847;1;0;2;1;13;5
202400013014;155 758 848;1;0;2;1;1;5
202400013015;155 758 846;10;0;1;3;5;1
202400013016;155 758 844;7;0;2;8;22;1
202400013016;155 758 845;1;1;0;1;1;5
202400013017;155 758 842;30;0;2;1;26;1
202400013017;155 758 843;7;0;2;7;1;1
202400013018;155 758 841;10;0;1;0;17;0
202400013019;155 758 840;7;0;1;1;1;2
202400013020;155 758 839;10;0;1;4;20;1
202400013021;155 758 837;7;0;2;3;16;1
202400013021;155 758 838;1;0;2;7;19;5
202400013022;155 758 835;7;8;2;7;13;1
202400013022;155 758 836;7;0;2;7;1;1
202400013023;155 758 834;31;0;2;1;21;1
202400013024;155 758 832;1;0;2;2;9;5
202400013024;155 758 833;1;0;2;5;23;5
202400013025;155 758 830;1;0;2;1;19;5
202400013025;155 758 831;37;0;2;5;26;1
202400013026;155 758 828;7;1;2;8;22;2
202400013026;155 758 829;32;1;0;2;1;1
202400013027;155 758 826;7;0;2;3;15;1
202400013027;155 758 827;1;0;2;1;1;5
202400013028;155 758 824;33;0;2;1;1;1
202400013028;155 758 825;7;0;2;2;17;1
202400013029;155 758 821;32;0;2;1;3;1
202400013029;155 758 822;7;0;2;3;2;1
202400013029;155 758 823;7;0;2;5;2;1
202400013030;155 758 819;7;0;2;3;15;1
202400013030;155 758 820;33;0;2;0;17;0
202400013031;155 758 817;30;0;2;1;1;3
202400013031;155 758 818;7;0;2;2;15;1
202400013032;155 758 815;10;0;9;3;2;1
202400013032;155 758 816;50;0;2;2;19;3
202400013033;155 758 813;50;0;2;1;25;3
202400013033;155 758 814;10;0;2;1;1;1
202400013034;155 758 812;32;0;1;1;1;1
202400013035;155 758 811;7;0;1;2;1;2
202400013036;155 758 809;7;0;2;1;15;1
202400013036;155 758 810;33;0;2;3;1;1
202400013037;155 758 807;7;0;2;8;22;2
202400013037;155 758 808;50;1;0;0;0;3
202400013038;155 758 806;7;0;1;1;1;0
202400013039;155 758 805;7;0;1;1;16;1
202400013040;155 758 804;7;0;1;3;15;2
202400013041;155 758 802;10;0;2;6;1;0
202400013041;155 758 803;1;0;2;2;2;5
202400013042;155 758 800;80;0;2;6;0;3
202400013042;155 758 801;7;0;2;3;19;1
202400013043;155 758 798;7;0;2;2;15;1
202400013043;155 758 799;1;0;2;1;1;5
202400013044;155 758 796;7;0;2;1;15;1
202400013044;155 758 797;2;0;2;1;1;1
202400013045;155 758 794;1;0;2;4;2;5
202400013045;155 758 795;7;0;2;2;2;1
202400013046;155 758 792;14;0;2;7;1;1
202400013046;155 758 793;7;0;2;1;1;1
202400013047;155 758 790;31;0;2;1;1;1
202400013047;155 758 791;21;0;2;4;1;1
202400013048;155 758 789;10;13;0;1;13;1
202400013049;155 758 787;7;0;2;3;15;1
202400013049;155 758 788;33;0;2;6;1;1
202400013050;155 758 785;7;0;2;3;19;1
202400013050;155 758 786;7;0;2;1;1;1
202400013051;155 758 784;7;0;1;2;2;2
202400013052;155 758 782;33;11;0;1;1;1
202400013053;155 758 781;1;0;9;0;16;5
202400013054;155 758 779;7;0;0;4;2;1
202400013054;155 758 780;7;0;2;1;2;1
202400013055;155 758 778;33;12;0;2;1;1
202400013056;155 758 777;30;12;0;1;1;1
202400013057;155 758 776;7;8;0;8;1;1
202400013058;155 758 774;7;0;2;3;11;1
202400013058;155 758 775;13;0;2;3;1;1
202400013059;155 758 773;10;2;0;1;1;1
202400013060;155 758 772;10;0;1;1;1;1
202400013061;155 758 770;7;0;2;1;13;1
202400013061;155 758 771;10;0;2;1;1;1
202400013062;155 758 768;7;0;2;3;1;1
202400013062;155 758 769;10;0;2;3;13;1
202400013063;155 758 766;7;0;2;3;16;1
202400013063;155 758 767;7;0;2;3;15;1
202400013064;155 758 765;7;13;0;3;1;1
202400013065;155 758 763;7;0;2;3;1;1
202400013065;155 758 764;10;0;2;3;1;1
202400013066;155 758 762;7;13;0;2;0;1
202400013067;155 758 760;7;0;0;7;1;0
202400013067;155 758 761;2;0;2;1;1;1
202400013068;155 758 759;33;6;0;7;1;1
202400013069;155 758 757;33;0;2;8;14;1
202400013069;155 758 758;7;0;2;3;15;2
202400013070;155 758 756;10;6;0;2;1;1
202400013071;155 758 754;7;15;2;1;1;1
202400013071;155 758 755;7;4;2;2;11;1
202400013072;155 758 753;0;0;1;0;0;0
202400013073;155 758 751;7;0;0;4;2;1
202400013073;155 758 752;10;0;2;1;2;1
202400013074;155 758 750;7;2;0;9;17;1
202400013075;155 758 748;10;0;2;3;9;1
202400013075;155 758 749;1;0;2;2;15;5
202400013076;155 758 746;7;0;2;7;1;1
202400013076;155 758 747;2;0;2;3;1;1
202400013077;155 758 745;7;2;0;1;1;1
202400013078;155 758 743;7;0;0;5;19;1
202400013078;155 758 744;7;0;2;3;1;1
202400013079;155 758 741;7;0;2;5;12;1
202400013079;155 758 742;7;0;2;3;18;1
202400013080;155 758 739;33;0;2;1;1;1
202400013080;155 758 740;7;0;2;4;2;0
202400013081;155 758 737;7;3;2;7;12;1
202400013081;155 758 738;33;3;2;1;1;1
202400013082;155 758 735;7;0;2;8;2;1
202400013082;155 758 736;17;0;2;7;12;1
202400013083;155 758 733;7;0;2;7;12;1
202400013083;155 758 734;7;0;2;6;2;1
202400013084;155 758 731;7;0;2;2;1;1
202400013084;155 758 732;7;0;2;8;13;2
202400013085;155 758 728;7;0;2;4;0;1
202400013085;155 758 729;7;0;2;1;0;1
202400013085;155 758 730;7;0;2;1;0;1
202400013086;155 758 727;7;1;0;1;12;1
202400013087;155 758 725;33;0;2;0;3;1
202400013087;155 758 726;7;0;2;3;13;1
202400013088;155 758 723;10;0;2;7;12;3
202400013088;155 758 724;33;0;2;8;3;1
202400013089;155 758 721;7;0;2;7;12;2
202400013089;155 758 722;33;0;2;8;1;1
202400013090;155 758 720;7;4;0;5;14;1
202400013091;155 758 718;7;0;2;8;15;1
202400013091;155 758 719;2;0;2;2;1;1
202400013092;155 758 716;7;0;2;1;1;1
202400013092;155 758 717;1;0;2;7;0;5
202400013093;155 758 714;7;0;2;1;17;1
202400013093;155 758 715;32;0;2;1;1;1
202400013094;155 758 712;7;0;2;3;10;1
202400013094;155 758 713;31;0;2;1;5;1
202400013095;155 758 710;7;0;2;2;0;1
202400013095;155 758 711;7;0;2;2;0;2
202400013096;155 758 709;7;0;1;2;15;1
202400013097;155 758 706;33;0;2;2;17;1
202400013097;155 758 707;7;0;2;1;26;1
202400013097;155 758 708;7;0;2;3;26;1
202400013098;155 758 704;10;0;2;1;15;1
202400013098;155 758 705;33;0;2;3;0;1
202400013099;155 758 702;33;0;2;1;2;1
202400013099;155 758 703;7;0;2;6;2;1
202400013100;155 758 701;7;9;0;1;26;1
202400013101;155 758 699;33;0;2;1;0;1
202400013101;155 758 700;10;0;2;8;10;1
202400013102;155 758 696;13;4;0;1;1;0
202400013102;155 758 697;32;0;2;4;1;0
202400013102;155 758 698;7;0;2;4;1;0
202400013103;155 758 694;7;0;2;1;1;1
202400013103;155 758 695;7;0;2;2;1;1
202400013104;155 758 692;34;0;2;1;1;
202400013104;155 758 693;0;0;2;4;0;0
202400013105;155 758 690;7;0;0;3;9;1
202400013105;155 758 691;80;0;2;1;1;3
202400013106;155 758 688;7;0;2;3;19;1
202400013106;155 758 689;1;0;2;1;1;5
202400013107;155 758 686;7;0;2;8;1;1
202400013107;155 758 687;31;0;2;8;13;1
202400013108;155 758 684;30;0;2;3;1;1
202400013108;155 758 685;10;0;2;2;16;1
202400013109;155 758 682;33;0;2;5;1;1
202400013109;155 758 683;7;0;2;6;10;2
202400013110;155 758 680;30;0;2;1;1;1
202400013110;155 758 681;7;0;2;7;15;1
202400013111;155 758 678;30;0;2;5;1;1
202400013111;155 758 679;10;0;2;1;9;1
202400013112;155 758 676;10;9;2;7;1;1
202400013112;155 758 677;10;9;2;1;1;1
202400013113;155 758 674;1;0;2;3;2;5
202400013113;155 758 675;50;0;2;2;17;3
202400013114;155 758 672;7;0;2;7;26;1
202400013114;155 758 673;33;0;2;1;26;1
202400013115;155 758 670;7;0;2;1;1;1
202400013115;155 758 671;31;0;2;7;1;1
202400013116;155 758 668;7;0;2;2;1;1
202400013116;155 758 669;33;0;2;2;5;1
202400013117;155 758 666;7;0;2;2;16;1
202400013117;155 758 667;32;0;2;8;1;1
202400013118;155 758 665;30;0;1;1;1;1
202400013119;155 758 663;7;0;2;1;2;1
202400013119;155 758 664;1;0;2;4;1;5
202400013120;155 758 661;30;0;2;1;2;1
202400013120;155 758 662;7;0;2;4;1;2
202400013121;155 758 659;50;0;2;0;19;3
202400013121;155 758 660;7;0;2;0;0;1
202400013122;155 758 658;10;0;1;1;1;2
202400013123;155 758 656;32;0;2;1;1;1
202400013123;155 758 657;7;0;2;5;1;1
202400013124;155 758 655;33;0;0;7;1;1
202400013125;155 758 653;43;0;1;1;1;1
202400013126;155 758 652;10;0;1;1;14;1
202400013127;155 758 649;33;0;2;1;17;1
202400013127;155 758 650;7;0;2;4;1;1
202400013127;155 758 651;7;0;2;4;1;1
202400013128;155 758 647;7;0;2;3;15;1
202400013128;155 758 648;33;0;2;1;2;1
202400013129;155 758 645;10;0;2;3;1;1
202400013129;155 758 646;7;0;2;3;24;1
202400013130;155 758 640;7;0;1;2;1;1
202400013131;155 758 638;7;0;2;1;2;1
202400013131;155 758 639;7;0;2;3;2;1
202400013132;155 758 636;15;0;2;6;1;1
202400013132;155 758 637;7;0;9;3;13;1
202400013133;155 758 634;7;0;2;3;16;1
202400013133;155 758 635;32;0;2;3;1;1
202400013134;155 758 632;1;0;2;6;1;5
202400013134;155 758 633;7;0;2;2;26;0
202400013135;155 758 630;7;0;1;1;26;0
202400013136;155 758 629;33;0;2;1;19;1
202400013136;155 758 631;33;0;2;8;1;1
202400013137;155 758 626;7;0;2;1;15;1
202400013137;155 758 628;2;0;2;1;1;1
202400013138;155 758 625;50;0;2;8;19;3
202400013138;155 758 627;7;0;2;3;1;1
202400013139;155 758 623;7;0;2;2;2;1
202400013140;155 758 622;7;0;2;3;1;1
202400013140;155 758 624;7;0;2;2;15;1