Num_Acc;id_vehicule;categorie_vehicule;obstacle_fixe;obstacle_mobile;point_choc_initial;manoeuvre_principale;motorisation
202400013141;155 758 619;7;0;2;1;15;2
202400013141;155 758 621;7;0;2;1;1;1
202400013142;155 758 618;7;0;2;3;15;1
202400013142;155 758 620;30;0;2;1;1;1
202400013143;155 758 617;40;0;1;2;1;3
202400013144;155 758 615;7;0;2;2;1;2
202400013144;155 758 616;7;0;2;1;9;1
202400013145;155 758 613;7;0;2;0;0;1
202400013145;155 758 614;1;0;2;7;15;5
202400013146;155 758 609;10;0;9;2;16;1
202400013146;155 758 611;80;0;2;1;1;2
202400013147;155 758 608;7;0;0;4;23;0
202400013147;155 758 610;7;0;2;1;2;0
202400013147;155 758 612;7;0;2;9;2;0
202400013148;155 758 607;30;0;0;0;26;1
202400013149;155 758 606;7;15;0;1;16;1
202400013150;155 758 603;7;0;2;3;15;1
202400013150;155 758 605;30;0;2;1;17;1
202400013151;155 758 604;7;0;1;1;26;1
202400013152;155 758 599;33;0;2;1;1;1
202400013152;155 758 601;10;0;2;5;15;1
202400013153;155 758 600;31;0;2;7;1;1
202400013153;155 758 602;7;0;9;2;15;0
202400013154;155 758 596;7;0;2;6;10;1
202400013154;155 758 598;33;0;2;1;1;1
202400013155;155 758 595;7;0;2;5;12;1
202400013155;155 758 597;1;0;0;0;1;5
202400013156;155 758 592;1;0;2;8;1;5
202400013156;155 758 594;7;0;2;7;16;0
202400013157;155 758 591;33;0;2;2;17;1
202400013157;155 758 593;7;0;2;6;17;1
202400013158;155 758 590;1;12;0;2;14;5
202400013159;155 758 588;14;0;2;3;26;1
202400013159;155 758 589;7;0;2;3;13;1
202400013160;155 758 587;7;0;1;1;15;1
202400013161;155 758 586;7;0;1;1;1;1
202400013162;155 758 584;2;0;2;7;16;1
202400013162;155 758 585;7;0;2;8;18;2
202400013163;155 758 583;1;0;1;1;25;5
202400013164;155 758 581;33;0;2;0;1;1
202400013164;155 758 582;7;0;2;3;16;1
202400013165;155 758 579;7;0;0;0;5;0
202400013165;155 758 580;37;0;0;0;1;1
202400013166;155 758 578;7;2;0;1;13;1
202400013167;155 758 576;7;0;2;1;1;1
202400013167;155 758 577;7;0;2;6;1;0
202400013168;155 758 575;7;0;2;0;1;1
202400013169;155 758 573;7;0;2;1;1;1
202400013169;155 758 574;10;0;2;3;1;1
202400013170;155 758 569;7;0;2;2;1;6
202400013170;155 758 570;32;0;2;0;1;3
202400013171;155 758 568;33;2;0;1;15;1
202400013172;155 758 566;7;0;2;3;15;1
202400013172;155 758 567;32;0;2;6;0;1
202400013173;155 758 564;7;0;9;1;16;1
202400013173;155 758 565;1;0;2;4;1;5
202400013174;155 758 562;7;0;2;3;19;1
202400013174;155 758 563;31;0;0;0;21;1
202400013175;155 758 561;7;0;1;2;17;1
202400013176;155 758 560;7;5;0;1;1;1
202400013177;155 758 559;7;0;1;1;1;1
202400013178;155 758 558;31;0;1;0;0;0
202400013179;155 758 556;7;0;2;1;2;1
202400013179;155 758 557;7;0;2;4;2;1
202400013180;155 758 554;33;0;2;2;1;1
202400013180;155 758 555;7;0;2;1;13;2
202400013181;155 758 553;33;0;0;8;16;1
202400013182;155 758 548;7;0;2;1;1;1
202400013182;155 758 549;50;0;2;7;2;3
202400013183;155 758 547;7;1;0;3;1;1
202400013184;155 758 545;17;0;2;7;12;1
202400013184;155 758 546;7;0;2;8;1;1
202400013185;155 758 543;30;0;2;8;1;1
202400013185;155 758 544;7;0;2;3;1;1
202400013186;155 758 541;7;0;2;1;2;1
202400013186;155 758 542;50;0;2;4;2;3
202400013187;155 758 540;7;3;0;8;17;1
202400013188;155 758 539;42;0;1;3;1;1
202400013189;155 758 537;33;0;2;2;16;1
202400013189;155 758 538;7;0;2;6;0;1
202400013190;155 758 535;7;0;2;3;13;1
202400013190;155 758 536;7;0;2;6;1;3
202400013191;155 758 533;33;0;2;1;1;1
202400013191;155 758 534;7;0;2;5;15;1
202400013192;155 758 532;50;0;1;1;19;3
202400013193;155 758 531;7;0;1;3;1;1
202400013194;155 758 530;10;0;1;1;15;1
202400013195;155 758 529;7;0;1;1;1;1
202400013196;155 758 528;34;12;0;1;1;1
202400013197;155 758 527;3;6;0;3;10;3
202400013198;155 758 525;7;0;2;3;1;3
202400013198;155 758 526;3;0;2;6;4;1
202400013199;155 758 524;34;0;0;0;17;1
202400013200;155 758 522;10;0;2;3;10;1
202400013200;155 758 523;33;0;2;1;9;1
202400013201;155 758 521;1;0;1;1;1;5
202400013202;155 758 520;80;13;0;1;2;3
202400013203;155 758 519;10;0;1;1;1;1
202400013204;155 758 518;1;0;0;8;1;5
202400013205;155 758 516;33;0;2;1;1;1
202400013205;155 758 517;7;0;2;3;1;1
202400013206;155 758 515;7;0;1;3;1;0
202400013207;155 758 514;7;0;1;7;1;2
202400013208;155 758 513;30;0;1;2;1;3
202400013209;155 758 512;7;0;1;2;1;2
202400013210;155 758 510;10;0;2;1;2;1
202400013210;155 758 511;30;0;2;4;2;1
202400013211;155 758 507;7;0;2;2;1;1
202400013211;155 758 508;2;0;2;4;23;3
202400013211;155 758 509;33;0;2;5;23;1
202400013212;155 758 506;2;8;0;1;1;1
202400013213;155 758 505;7;0;1;1;1;1
202400013214;155 758 503;80;0;2;8;1;3
202400013214;155 758 504;7;0;2;3;15;2
202400013215;155 758 501;7;0;2;8;22;1
202400013215;155 758 502;1;1;0;1;1;5
202400013216;155 758 499;7;0;2;1;15;1
202400013216;155 758 500;7;0;2;3;1;1
202400013217;155 758 498;10;0;2;1;1;1
202400013218;155 758 496;30;12;0;0;1;1
202400013219;155 758 495;10;0;2;1;1;1
202400013219;155 758 497;7;0;2;4;12;1
202400013220;155 758 492;50;0;2;1;1;3
202400013220;155 758 493;7;0;2;7;15;2
202400013221;155 758 491;7;1;2;2;1;1
202400013221;155 758 494;7;0;2;4;24;1
202400013222;155 758 490;7;6;0;2;1;1
202400013223;155 758 489;7;0;1;1;1;1
202400013224;155 758 486;1;0;2;1;1;5
202400013224;155 758 488;7;0;2;3;9;1
202400013225;155 758 485;7;0;2;5;4;1
202400013225;155 758 487;99;0;2;3;18;3
202400013226;155 758 482;7;0;2;5;1;1
202400013226;155 758 483;13;0;2;1;19;1
202400013227;155 758 481;7;0;2;1;1;1
202400013227;155 758 484;1;0;2;6;1;5
202400013228;155 758 479;1;0;0;0;21;5
202400013229;155 758 478;7;0;0;0;9;0
202400013229;155 758 480;32;0;0;2;1;1
202400013230;155 758 474;80;0;0;0;0;3
202400013230;155 758 476;7;0;0;0;0;1
202400013231;155 758 473;7;0;2;0;0;
202400013231;155 758 475;7;0;2;0;0;
202400013231;155 758 477;7;0;2;0;0;
202400013232;155 758 471;37;0;2;3;1;0
202400013232;155 758 472;7;0;2;1;13;1
202400013233;155 758 469;80;0;2;1;15;3
202400013233;155 758 470;1;0;2;1;1;5
202400013234;155 758 467;33;0;2;3;1;1
202400013234;155 758 468;7;0;2;3;13;1
202400013235;155 758 466;7;0;1;3;1;2
202400013236;155 758 464;0;14;1;1;1;0
202400013237;155 758 463;7;0;2;4;26;1
202400013237;155 758 465;7;0;2;1;1;1
202400013238;155 758 460;7;0;1;2;1;1
202400013239;155 758 461;50;0;2;1;9;3
202400013239;155 758 462;10;0;2;2;15;1
202400013240;155 758 459;30;1;0;1;1;3
202400013241;155 758 457;1;1;0;4;2;5
202400013241;155 758 458;1;1;0;4;26;5
202400013242;155 758 454;80;0;2;1;15;3
202400013242;155 758 456;7;0;2;1;1;1
202400013243;155 758 453;7;0;2;2;1;1
202400013243;155 758 455;1;0;2;8;15;5
202400013244;155 758 450;7;0;2;7;15;1
202400013244;155 758 452;1;0;2;1;1;5
202400013245;155 758 449;37;0;2;1;1;1
202400013245;155 758 451;10;0;2;4;1;1
202400013246;155 758 448;7;6;0;1;26;1
202400013247;155 758 446;1;0;2;3;1;5
202400013247;155 758 447;7;0;2;3;17;1
202400013248;155 758 444;7;0;2;1;9;1
202400013248;155 758 445;50;0;0;0;0;3
202400013249;155 758 442;33;0;2;2;1;1
202400013249;155 758 443;7;0;2;8;15;1
202400013250;155 758 438;10;0;2;3;26;1
202400013250;155 758 440;2;0;2;1;26;1
202400013251;155 758 437;7;0;1;1;1;1
202400013252;155 758 436;7;15;0;3;5;1
202400013253;155 758 434;7;0;0;2;14;1
202400013254;155 758 432;7;0;2;1;1;2
202400013254;155 758 433;7;3;2;1;13;2
202400013254;155 758 435;7;0;2;1;1;1
202400013255;155 758 431;7;0;1;3;16;1
202400013256;155 758 429;7;0;0;3;9;1
202400013256;155 758 430;33;0;2;1;1;1
202400013257;155 758 428;7;0;1;1;2;1
202400013258;155 758 427;33;3;0;1;13;1
202400013259;155 758 426;7;0;1;4;26;1
202400013260;155 758 423;7;0;2;1;2;1
202400013260;155 758 425;7;0;2;4;1;1
202400013261;155 758 422;7;0;2;1;13;1
202400013261;155 758 424;7;0;2;1;1;1
202400013262;155 758 419;33;13;2;1;1;1
202400013262;155 758 421;7;0;2;3;9;1
202400013263;155 758 418;37;0;2;1;1;1
202400013263;155 758 420;7;0;2;3;15;1
202400013264;155 758 416;7;0;2;1;13;0
202400013264;155 758 417;7;0;2;1;1;1
202400013265;155 758 415;10;0;1;1;1;1
202400013266;155 758 413;31;6;0;1;1;1
202400013267;155 758 412;10;0;2;2;12;1
202400013267;155 758 414;33;0;2;3;1;1
202400013268;155 758 410;33;0;0;7;3;1
202400013269;155 758 409;7;0;2;3;13;1
202400013269;155 758 411;7;0;2;3;1;1
202400013270;155 758 407;7;0;2;6;1;2
202400013270;155 758 408;32;4;2;2;1;1
202400013271;155 758 405;7;0;2;1;15;1
202400013271;155 758 406;7;0;2;1;1;1
202400013272;155 758 403;7;0;2;3;1;3
202400013272;155 758 404;32;0;2;5;16;1
202400013273;155 758 401;7;0;0;0;15;1
202400013273;155 758 402;33;12;0;0;1;1
202400013274;155 758 398;30;0;2;2;1;1
202400013274;155 758 400;33;0;2;3;1;1
202400013275;155 758 397;10;0;2;6;11;1
202400013275;155 758 399;7;0;2;2;1;1
202400013276;155 758 396;80;0;0;0;5;3
202400013277;155 758 395;34;2;0;1;14;1
202400013278;155 758 392;7;0;2;3;13;1
202400013278;155 758 393;2;0;2;1;1;1
202400013279;155 758 391;30;0;2;2;19;3
202400013279;155 758 394;7;0;2;7;1;2
202400013280;155 758 390;7;15;0;2;2;1
202400013281;155 758 389;30;0;5;1;1;1
202400013282;155 758 387;7;0;2;2;19;1
202400013282;155 758 388;7;0;2;2;1;1
202400013283;155 758 385;7;0;2;7;1;1
202400013283;155 758 386;30;0;2;8;1;1
202400013284;155 758 384;36;0;0;2;0;1
202400013285;155 758 383;33;2;0;1;1;1
202400013286;155 758 381;34;0;2;8;1;1
202400013286;155 758 382;1;0;2;0;19;5
202400013287;155 758 380;7;8;0;7;0;1
202400013288;155 758 378;7;0;1;0;1;1
202400013289;155 758 377;7;0;2;1;0;1
202400013289;155 758 379;7;0;0;4;23;1
202400013290;155 758 376;7;2;0;1;1;1
202400013291;155 758 375;7;0;1;1;1;1
202400013292;155 758 373;10;0;2;1;1;1
202400013292;155 758 374;10;0;2;1;1;1
202400013293;155 758 371;10;0;2;1;6;0
202400013293;155 758 372;2;0;2;3;1;1
202400013294;155 758 369;7;0;2;1;17;1
202400013294;155 758 370;2;0;2;1;1;1
202400013295;155 758 367;7;0;2;1;26;1
202400013295;155 758 368;7;0;2;1;26;1
202400013296;155 758 366;33;3;0;1;0;1
202400013297;155 758 364;37;0;2;5;0;1
202400013297;155 758 365;1;0;2;0;14;5
202400013298;155 758 362;7;0;2;1;1;1
202400013298;155 758 363;7;0;2;8;15;1
202400013299;155 758 360;7;0;2;7;1;1
202400013299;155 758 361;30;0;2;1;15;1
202400013300;155 758 357;7;0;0;3;14;1
202400013301;155 758 356;32;0;2;1;17;1
202400013301;155 758 358;7;1;0;3;13;1
202400013302;155 758 353;31;9;9;1;17;1
202400013302;155 758 355;1;0;2;6;15;5
202400013303;155 758 352;10;0;2;8;1;0
202400013303;155 758 354;33;0;2;7;1;0
202400013304;155 758 347;7;0;2;5;1;2
202400013304;155 758 349;50;0;2;3;13;3
202400013305;155 758 348;7;0;2;8;15;1
202400013305;155 758 350;7;0;0;1;24;1
202400013305;155 758 351;43;1;2;9;17;1
202400013306;155 758 345;7;0;2;1;15;1
202400013306;155 758 346;1;0;2;4;15;5
202400013307;155 758 344;7;0;1;7;1;1
202400013308;155 758 342;7;0;9;3;15;1
202400013308;155 758 343;1;0;2;1;0;5
202400013309;155 758 339;10;6;0;1;1;0
202400013309;155 758 341;7;6;0;3;1;1
202400013310;155 758 338;7;0;2;1;1;1
202400013310;155 758 340;50;0;2;2;1;3
202400013311;155 758 334;7;0;2;8;15;1
202400013311;155 758 336;7;0;2;1;1;2
202400013312;155 758 335;2;0;0;1;1;1
202400013312;155 758 337;7;0;0;3;15;1
202400013313;155 758 332;2;0;0;0;0;1
202400013314;155 758 331;10;0;0;2;19;3
202400013314;155 758 333;33;9;0;1;13;1
202400013315;155 758 328;7;0;2;1;2;1
202400013315;155 758 330;21;0;2;4;2;1
202400013316;155 758 329;1;12;0;7;21;5
202400013317;155 758 327;7;13;0;1;0;1
202400013318;155 758 325;7;13;0;1;1;1
202400013319;155 758 326;33;0;0;4;26;1
202400013320;155 758 322;7;0;2;1;21;1
202400013320;155 758 323;7;0;2;1;1;1
202400013320;155 758 324;7;0;0;5;26;1
202400013321;155 758 319;7;0;2;1;13;1
202400013321;155 758 320;10;0;2;1;1;1
202400013322;155 758 317;7;0;1;1;1;1
202400013323;155 758 316;7;0;1;2;1;1
202400013324;155 758 313;33;0;2;8;9;1
202400013324;155 758 314;7;0;2;7;1;1
202400013325;155 758 312;2;0;0;9;1;0
202400013326;155 758 311;2;0;0;0;1;1
202400013327;155 758 308;7;0;2;6;9;1
202400013327;155 758 309;2;0;2;1;15;1
202400013328;155 758 310;2;4;0;7;1;1
202400013329;155 758 306;1;0;2;1;2;5
202400013329;155 758 307;7;0;0;4;2;1
202400013330;155 758 304;7;13;0;0;1;1
202400013331;155 758 305;17;4;0;3;1;1
202400013332;155 758 303;31;0;0;0;26;1
202400013333;155 758 301;33;0;2;1;1;1
202400013333;155 758 302;7;0;2;3;1;1
202400013334;155 758 298;7;0;2;3;26;1
202400013334;155 758 299;7;0;2;1;1;2
202400013335;155 758 300;7;3;0;2;1;2
202400013336;155 758 295;10;0;2;1;1;1
202400013336;155 758 296;10;0;2;4;16;1
202400013336;155 758 297;7;0;2;4;16;1
202400013337;155 758 292;7;2;0;1;1;1
202400013338;155 758 293;7;0;2;6;12;1
202400013338;155 758 294;33;0;2;1;3;1
202400013339;155 758 290;7;0;0;8;1;1
202400013339;155 758 291;7;0;2;1;1;1
202400013340;155 758 288;7;0;2;8;1;1
202400013340;155 758 289;7;0;2;8;1;1
202400013341;155 758 285;7;0;2;3;13;1
202400013341;155 758 286;7;0;2;3;1;1
202400013342;155 758 287;7;4;0;1;0;1
202400013343;155 758 283;7;0;2;8;11;1
202400013343;155 758 284;7;0;2;1;17;1
202400013344;155 758 281;33;0;0;0;1;1
202400013345;155 758 280;33;0;2;1;0;1
202400013345;155 758 282;7;0;2;4;0;1
202400013346;155 758 277;60;0;2;1;1;5
202400013346;155 758 278;10;0;2;1;9;1
202400013347;155 758 275;33;6;0;0;0;1
202400013348;155 758 273;10;16;0;9;0;0
202400013349;155 758 274;7;0;2;3;11;1
202400013349;155 758 276;7;0;2;7;1;1
202400013350;155 758 272;33;0;0;8;1;1
202400013351;155 758 269;7;0;2;2;15;1
202400013351;155 758 271;1;0;2;1;1;5
202400013352;155 758 268;7;0;2;6;11;1
202400013352;155 758 270;15;0;2;2;1;1
202400013353;155 758 266;1;0;2;8;13;5
202400013353;155 758 267;2;0;2;1;2;1
202400013354;155 758 265;7;4;0;1;1;1
202400013355;155 758 264;2;0;0;4;1;1
202400013356;155 758 262;7;0;2;5;1;1
202400013356;155 758 263;32;0;2;8;11;1
202400013357;155 758 260;7;0;2;3;15;1
202400013357;155 758 261;33;0;2;1;1;1
202400013358;155 758 257;33;0;2;4;3;1
202400013358;155 758 258;33;0;2;3;3;1
202400013358;155 758 259;7;0;2;7;14;1
202400013359;155 758 256;7;6;0;1;1;2
202400013360;155 758 255;2;6;0;2;1;1
202400013361;155 758 254;33;0;0;0;1;1
202400013362;155 758 252;7;0;1;4;4;2
202400013363;155 758 253;7;0;1;1;1;1
202400013364;155 758 250;34;0;2;0;19;1
202400013364;155 758 251;7;0;2;0;1;1
202400013365;155 758 248;31;0;2;3;13;1
202400013365;155 758 249;13;0;2;3;1;1
202400013366;155 758 245;7;0;2;3;15;1
202400013366;155 758 247;30;0;2;6;1;1
202400013367;155 758 244;7;0;2;2;1;1
202400013367;155 758 246;1;0;2;8;9;5
202400013368;155 758 241;30;0;2;1;1;1
202400013368;155 758 243;7;0;2;3;0;0
202400013369;155 758 240;31;0;2;1;1;1
202400013369;155 758 242;14;0;2;5;15;1
202400013370;155 758 236;7;0;0;4;17;1
202400013370;155 758 238;33;0;2;1;17;1
202400013371;155 758 235;10;0;2;1;1;1
202400013371;155 758 237;7;0;2;4;1;1
202400013371;155 758 239;7;0;2;4;1;1
202400013372;155 758 233;7;0;1;1;1;1
202400013373;155 758 232;7;0;2;3;15;1
202400013373;155 758 234;2;12;2;8;1;1
202400013374;155 758 231;10;0;1;1;1;1
202400013375;155 758 229;10;0;2;2;2;1
202400013375;155 758 230;80;0;0;4;2;3
202400013376;155 758 227;50;0;2;1;2;3
202400013376;155 758 228;7;0;2;3;22;1
202400013377;155 758 226;2;0;1;1;13;1
202400013378;155 758 224;7;0;2;2;1;1
202400013378;155 758 225;50;0;2;7;1;3
202400013379;155 758 223;7;0;1;1;1;1
202400013380;155 758 220;7;0;2;3;12;1
202400013380;155 758 222;7;0;2;2;1;1
202400013381;155 758 219;7;0;0;5;1;2
202400013381;155 758 221;33;0;2;1;1;1
202400013382;155 758 216;10;0;2;5;1;1
202400013382;155 758 218;33;0;2;1;3;1
202400013383;155 758 215;33;0;2;1;15;1
202400013383;155 758 217;7;0;2;1;1;1
202400013384;155 758 212;7;0;2;3;13;1
202400013384;155 758 213;10;0;2;3;1;1
202400013385;155 758 211;7;6;2;1;21;1
202400013385;155 758 214;7;0;0;0;0;1
202400013386;155 758 210;7;11;0;1;2;1
202400013387;155 758 206;7;0;2;1;1;1
202400013387;155 758 208;15;0;2;2;1;1
202400013387;155 758 209;7;8;2;9;17;2
202400013388;155 758 207;10;1;2;1;14;1
202400013389;155 758 204;34;0;2;1;1;1
202400013389;155 758 205;10;0;2;1;15;1
202400013390;155 758 203;7;0;1;1;1;1
202400013391;155 758 201;33;0;2;1;2;1
202400013391;155 758 202;7;0;0;6;2;1
202400013392;155 758 199;7;0;2;1;2;1
202400013392;155 758 200;30;0;2;1;2;1
202400013393;155 758 197;33;0;2;1;1;1
202400013393;155 758 198;7;0;2;7;9;2
202400013394;155 758 195;7;0;2;2;16;1
202400013394;155 758 196;1;0;2;4;2;5
202400013395;155 758 193;7;7;0;1;13;1
202400013396;155 758 191;33;0;0;8;11;1
202400013396;155 758 194;7;0;0;5;0;2
202400013397;155 758 190;7;0;2;1;1;1
202400013397;155 758 192;7;0;2;8;1;1
202400013398;155 758 189;33;8;0;9;14;1
202400013399;155 758 187;7;0;0;1;0;2
202400013399;155 758 188;7;0;0;4;0;1
202400013400;155 758 185;34;0;2;1;1;1
202400013400;155 758 186;7;0;2;2;1;1
202400013401;155 758 183;10;0;2;1;1;1
202400013401;155 758 184;7;0;2;1;13;1
202400013402;155 758 182;7;0;1;1;16;1
202400013403;155 758 181;7;2;0;1;1;1
202400013404;155 758 180;33;6;0;1;1;1
202400013405;155 758 179;7;0;1;1;1;1
202400013406;155 758 176;7;0;2;3;1;1
202400013406;155 758 177;7;0;2;1;1;1
202400013407;155 758 175;7;0;0;6;1;1
202400013407;155 758 178;7;0;2;3;1;1
202400013408;155 758 172;7;0;4;7;1;1
202400013408;155 758 174;40;0;2;1;1;3
202400013409;155 758 171;7;0;2;3;17;1
202400013409;155 758 173;33;0;2;8;1;1
202400013410;155 758 168;7;0;2;2;14;1
202400013410;155 758 170;1;0;2;8;1;5
202400013411;155 758 167;7;0;2;1;1;1
202400013411;155 758 169;7;0;2;3;15;1
202400013412;155 758 166;33;0;0;1;26;0
202400013413;155 758 163;7;0;2;2;0;1
202400013413;155 758 165;7;0;2;1;19;1
202400013414;155 758 162;7;0;2;1;1;1
202400013414;155 758 164;7;0;2;4;23;1
202400013415;155 758 161;7;2;9;3;1;1
202400013416;155 758 160;50;0;1;0;1;3
202400013417;155 758 159;7;16;0;9;13;1
202400013418;155 758 157;7;0;2;3;13;1
202400013418;155 758 158;33;0;2;7;17;1
202400013419;155 758 155;7;0;9;3;16;1
202400013419;155 758 156;50;0;0;0;1;3
202400013420;155 758 152;10;0;2;2;16;1
202400013420;155 758 154;32;0;2;6;2;1
202400013421;155 758 149;7;0;2;6;1;1
202400013421;155 758 150;7;0;2;4;1;1
202400013421;155 758 151;7;0;2;6;1;1
202400013421;155 758 153;7;0;2;2;12;1
202400013422;155 758 146;7;0;2;1;1;1
202400013422;155 758 147;7;0;2;4;2;1
202400013422;155 758 148;10;0;2;4;2;1
202400013423;155 758 145;7;3;0;1;1;1
202400013424;155 758 144;7;0;1;2;1;2
202400013425;155 758 142;7;0;2;1;2;1
202400013425;155 758 143;15;0;2;4;2;1
202400013426;155 758 139;15;0;2;6;1;0
202400013426;155 758 140;10;0;2;1;14;1
202400013427;155 758 138;7;0;2;2;9;1
202400013427;155 758 141;1;0;2;1;1;5
202400013428;155 758 135;32;0;2;8;1;1
202400013428;155 758 137;7;0;2;7;12;3
202400013429;155 758 134;1;0;2;1;15;5
202400013429;155 758 136;37;0;2;1;1;1
202400013430;155 758 132;33;0;2;8;3;1
202400013430;155 758 133;7;0;2;7;12;1
202400013431;155 758 129;7;0;2;4;2;1
202400013431;155 758 131;7;0;2;1;2;1
202400013432;155 758 128;17;0;2;1;1;1
202400013432;155 758 130;7;3;2;4;9;1
202400013433;155 758 125;7;0;2;0;0;1
202400013433;155 758 127;34;0;2;0;0;1
202400013434;155 758 124;7;0;2;2;15;1
202400013434;155 758 126;33;0;2;1;1;1
202400013435;155 758 122;7;0;2;4;2;1
202400013435;155 758 123;7;0;2;1;2;1
202400013436;155 758 121;33;0;0;0;1;1
202400013437;155 758 119;7;0;2;5;23;1
202400013437;155 758 120;43;0;2;1;2;1
202400013438;155 758 118;7;0;1;3;1;1
202400013439;155 758 116;1;0;2;4;1;5
202400013439;155 758 117;7;0;2;2;1;1
202400013440;155 758 112;50;0;2;1;25;3
202400013440;155 758 114;7;0;9;1;15;1
202400013441;155 758 113;7;0;2;1;1;1
202400013441;155 758 115;33;0;2;8;15;1
202400013442;155 758 109;1;0;2;1;1;5
202400013442;155 758 110;7;0;2;1;15;1
202400013443;155 758 108;7;0;0;0;14;1
202400013444;155 758 107;3;3;0;2;1;1
202400013445;155 758 105;30;15;0;1;17;1
202400013446;155 758 103;7;0;2;1;1;1
202400013446;155 758 104;7;0;2;8;0;1
202400013447;155 758 101;7;15;0;1;1;1
202400013448;155 758 102;7;0;1;2;16;1
202400013449;155 758 099;1;0;2;7;1;5
202400013449;155 758 100;7;0;2;6;1;1
202400013450;155 758 097;7;0;2;1;1;1
202400013450;155 758 098;7;0;2;1;1;1
202400013451;155 758 096;37;0;1;2;26;1
202400013452;155 758 095;7;0;1;1;18;1
202400013453;155 758 093;99;0;2;3;1;1
202400013453;155 758 094;99;0;2;2;9;1
202400013454;155 758 092;7;0;1;3;1;1
202400013455;155 758 089;7;0;2;1;16;1
202400013455;155 758 091;50;0;2;7;19;3
202400013456;155 758 088;7;0;2;1;1;1
202400013456;155 758 090;7;0;2;1;9;1
202400013457;155 758 087;7;0;1;8;1;2
202400013458;155 758 086;7;6;0;1;19;2
202400013459;155 758 084;7;0;0;4;1;2
202400013459;155 758 085;7;0;2;1;1;1
202400013460;155 758 083;7;8;0;2;1;1
202400013461;155 758 080;1;0;2;1;2;5
202400013461;155 758 082;1;0;2;8;9;5
202400013462;155 758 078;7;0;2;4;1;1
202400013462;155 758 079;7;0;2;4;1;1
202400013462;155 758 081;7;0;2;1;1;1
202400013463;155 758 076;7;0;2;1;0;1
202400013463;155 758 077;7;0;2;4;0;1
202400013464;155 758 075;7;0;1;2;0;1
202400013465;155 758 072;7;0;2;1;1;1
202400013465;155 758 073;7;0;2;4;1;1
202400013465;155 758 074;7;0;2;4;1;1
202400013466;155 758 068;7;0;2;3;0;1
202400013466;155 758 070;7;0;2;2;15;1
202400013467;155 758 069;7;0;2;3;15;1
202400013467;155 758 071;60;0;2;8;1;5
202400013468;155 758 066;7;0;2;1;2;1
202400013468;155 758 067;7;0;2;4;1;1
202400013469;155 758 063;1;0;2;1;1;5
202400013469;155 758 065;7;0;2;7;1;2
202400013470;155 758 062;33;0;2;1;26;1
202400013470;155 758 064;7;0;2;3;26;2
202400013471;155 758 061;50;0;1;1;1;3
202400013472;155 758 058;7;0;2;1;15;2
202400013472;155 758 059;32;0;2;1;15;1
202400013473;155 758 057;2;0;2;3;0;1
202400013473;155 758 060;7;0;2;1;15;1
202400013474;155 758 056;7;0;9;3;1;1
202400013475;155 758 051;7;0;2;1;1;1
202400013475;155 758 053;7;0;2;3;13;1
202400013475;155 758 055;7;0;2;3;1;1
202400013476;155 758 050;7;0;2;6;1;1
202400013476;155 758 052;17;0;2;2;12;1
202400013476;155 758 054;10;0;2;5;1;1
202400013477;155 758 048;31;8;0;0;14;0
202400013478;155 758 047;7;0;2;4;23;1
202400013478;155 758 049;7;0;2;1;1;1
202400013479;155 758 044;50;0;2;1;1;3
202400013479;155 758 046;7;0;2;3;26;1
202400013480;155 758 043;10;0;2;3;1;1
202400013480;155 758 045;1;0;2;1;15;5
202400013481;155 758 041;7;0;2;3;15;2
202400013481;155 758 042;7;0;2;2;1;1
202400013482;155 758 038;7;0;2;3;15;1
202400013482;155 758 040;33;0;2;7;2;1
202400013483;155 758 037;7;0;9;7;15;0
202400013483;155 758 039;1;0;2;0;0;5
202400013484;155 758 035;60;0;2;0;19;5
202400013484;155 758 036;7;0;2;0;1;1
202400013485;155 758 033;1;0;2;7;1;5
202400013485;155 758 034;10;0;9;1;9;1
202400013486;155 758 032;50;0;1;0;1;3
202400013487;155 758 030;7;0;2;3;9;1
202400013487;155 758 031;1;0;2;5;1;5
202400013488;155 758 029;7;4;0;3;13;1
202400013489;155 758 027;7;0;2;3;15;2
202400013489;155 758 028;33;0;2;1;1;1
202400013490;155 758 026;13;0;1;2;16;3
202400013491;155 758 024;7;0;2;3;1;1
202400013491;155 758 025;50;0;2;1;5;3
202400013492;155 758 021;10;0;2;1;1;1
202400013492;155 758 022;7;0;2;4;23;1
202400013492;155 758 023;7;0;2;8;1;1
202400013493;155 758 018;7;0;2;4;1;1
202400013493;155 758 019;7;0;2;1;15;
202400013493;155 758 020;7;0;2;1;2;1
202400013494;155 758 017;7;13;0;1;1;1
202400013495;155 758 015;7;0;2;6;1;1
202400013495;155 758 016;7;0;2;2;2;1
202400013496;155 758 013;33;0;2;1;2;1
202400013496;155 758 014;7;0;2;3;26;1
202400013497;155 758 011;33;0;2;1;1;1
202400013497;155 758 012;7;0;2;7;15;1
202400013498;155 758 010;7;12;0;0;1;1
202400013499;155 758 007;7;0;2;3;1;1
202400013499;155 758 008;7;0;2;8;23;3
202400013499;155 758 009;7;0;2;2;16;1