Num_Acc;id_vehicule;categorie_vehicule;obstacle_fixe;obstacle_mobile;point_choc_initial;manoeuvre_principale;motorisation
202400013500;155 758 005;33;0;2;2;3;1
202400013500;155 758 006;7;0;2;3;15;2
202400013501;155 758 002;7;0;2;1;2;2
202400013501;155 758 003;7;0;2;4;2;2
202400013501;155 758 004;7;0;2;1;2;1
202400013502;155 758 001;30;0;0;1;0;1
202400013503;155 757 998;7;0;2;2;1;1
202400013503;155 757 999;7;0;2;3;0;1
202400013503;155 758 000;7;0;2;1;16;1
202400013504;155 757 996;7;0;2;3;21;1
202400013504;155 757 997;33;0;2;1;17;1
202400013505;155 757 994;7;0;9;7;17;1
202400013505;155 757 995;50;0;0;0;0;3
202400013506;155 757 993;7;6;0;1;26;1
202400013507;155 757 991;80;0;2;2;26;3
202400013507;155 757 992;7;0;9;3;1;1
202400013508;155 757 990;7;8;0;1;19;1
202400013509;155 757 988;50;0;2;0;1;3
202400013509;155 757 989;7;0;2;0;15;3
202400013510;155 757 986;7;0;2;4;2;1
202400013510;155 757 987;10;0;2;1;2;1
202400013511;155 757 984;7;0;2;3;17;1
202400013511;155 757 985;7;0;2;3;1;1
202400013512;155 757 982;10;0;2;1;15;1
202400013512;155 757 983;1;0;2;8;1;5
202400013513;155 757 980;7;0;2;1;9;1
202400013513;155 757 981;7;0;2;3;9;1
202400013514;155 757 978;10;0;2;1;2;1
202400013514;155 757 979;10;0;2;4;2;1
202400013515;155 757 976;7;0;2;7;23;1
202400013515;155 757 977;50;0;2;1;1;3
202400013516;155 757 974;7;0;2;3;1;1
202400013516;155 757 975;7;0;2;6;5;1
202400013517;155 757 972;7;0;2;3;26;1
202400013517;155 757 973;1;0;2;1;1;5
202400013518;155 757 970;50;0;2;1;1;3
202400013518;155 757 971;7;0;2;2;15;1
202400013519;155 757 968;7;0;2;6;9;1
202400013519;155 757 969;7;0;2;1;1;1
202400013520;155 757 967;7;0;1;1;15;1
202400013521;155 757 966;7;0;1;1;16;1
202400013522;155 757 964;2;0;2;3;18;1
202400013522;155 757 965;10;0;2;7;14;1
202400013523;155 757 960;7;0;2;4;1;1
202400013523;155 757 961;7;0;2;1;1;1
202400013523;155 757 962;7;0;2;4;1;1
202400013523;155 757 963;37;0;2;4;1;1
202400013524;155 757 957;7;0;2;5;0;1
202400013524;155 757 958;7;0;2;1;13;1
202400013524;155 757 959;10;0;2;1;0;1
202400013525;155 757 955;7;0;2;2;26;1
202400013525;155 757 956;7;0;2;1;19;0
202400013526;155 757 952;7;0;2;4;2;1
202400013526;155 757 953;7;0;2;4;2;1
202400013526;155 757 954;10;0;2;1;2;1
202400013527;155 757 949;7;0;2;1;1;1
202400013527;155 757 950;7;0;2;4;1;1
202400013528;155 757 948;32;0;2;2;1;1
202400013528;155 757 951;7;0;2;8;9;1
202400013529;155 757 945;7;0;1;1;1;1
202400013530;155 757 944;7;0;2;2;12;1
202400013530;155 757 946;7;0;2;4;1;1
202400013530;155 757 947;7;0;2;4;1;1
202400013531;155 757 941;7;0;2;2;13;2
202400013531;155 757 943;1;0;2;1;1;5
202400013532;155 757 939;7;0;2;1;1;1
202400013532;155 757 940;7;0;2;4;23;1
202400013532;155 757 942;7;0;2;4;23;1
202400013533;155 757 937;7;0;2;2;19;1
202400013533;155 757 938;7;0;2;1;1;1
202400013534;155 757 934;7;0;2;1;1;1
202400013534;155 757 935;7;0;2;4;2;1
202400013534;155 757 936;7;0;2;4;2;1
202400013535;155 757 931;7;0;2;1;2;0
202400013535;155 757 932;7;0;2;4;2;0
202400013536;155 757 929;7;0;2;8;15;1
202400013536;155 757 930;33;0;2;1;17;1
202400013537;155 757 927;7;0;2;2;2;1
202400013537;155 757 928;7;0;2;6;2;1
202400013538;155 757 925;7;4;0;1;2;1
202400013539;155 757 923;7;3;0;1;12;2
202400013540;155 757 922;7;0;2;8;10;1
202400013540;155 757 924;37;0;2;2;7;1
202400013541;155 757 919;7;0;2;1;2;1
202400013541;155 757 921;7;0;2;4;2;1
202400013542;155 757 918;7;0;9;8;9;1
202400013542;155 757 920;1;0;2;4;16;5
202400013543;155 757 916;7;0;1;0;0;0
202400013544;155 757 915;7;0;2;8;15;1
202400013544;155 757 917;33;0;2;8;26;1
202400013545;155 757 911;30;0;2;7;17;1
202400013545;155 757 914;7;0;2;1;15;1
202400013546;155 757 912;7;0;2;4;1;1
202400013546;155 757 913;10;0;2;1;1;1
202400013547;155 757 907;7;0;9;3;1;2
202400013547;155 757 909;50;0;2;3;5;3
202400013548;155 757 906;7;0;2;1;26;1
202400013548;155 757 908;7;0;2;4;2;1
202400013548;155 757 910;7;0;2;4;2;1
202400013549;155 757 904;7;0;1;1;1;1
202400013550;155 757 903;7;0;2;3;9;1
202400013550;155 757 905;2;0;2;7;1;1
202400013551;155 757 901;33;0;9;1;1;1
202400013551;155 757 902;1;0;9;8;1;5
202400013552;155 757 900;10;2;0;1;14;1
202400013553;155 757 898;2;0;2;1;1;1
202400013553;155 757 899;7;0;2;0;12;1
202400013554;155 757 896;7;0;2;1;1;1
202400013554;155 757 897;7;0;2;2;1;1
202400013555;155 757 894;7;1;2;2;1;2
202400013555;155 757 895;50;0;2;0;0;3
202400013556;155 757 892;7;0;2;2;2;1
202400013556;155 757 893;30;0;2;1;16;1
202400013557;155 757 891;7;0;1;3;1;2
202400013558;155 757 890;7;0;1;1;1;1
202400013559;155 757 888;7;0;2;3;15;1
202400013559;155 757 889;32;0;2;1;1;1
202400013560;155 757 887;32;0;0;0;15;1
202400013561;155 757 886;7;0;1;4;0;2
202400013562;155 757 885;7;0;1;3;15;2
202400013563;155 757 884;7;0;1;3;15;1
202400013564;155 757 883;80;0;1;1;1;2
202400013565;155 757 880;7;1;2;1;26;1
202400013565;155 757 881;7;0;2;5;1;1
202400013565;155 757 882;7;0;2;3;24;2
202400013566;155 757 879;7;0;1;1;15;1
202400013567;155 757 877;7;0;2;1;1;1
202400013567;155 757 878;1;0;2;7;0;5
202400013568;155 757 875;7;0;2;1;26;1
202400013568;155 757 876;7;0;2;4;1;2
202400013569;155 757 873;7;14;2;1;26;1
202400013569;155 757 874;2;0;2;1;1;1
202400013570;155 757 869;31;0;2;2;1;1
202400013570;155 757 870;7;0;2;6;1;2
202400013571;155 757 868;7;0;1;2;1;6
202400013572;155 757 866;7;0;2;3;21;1
202400013572;155 757 867;7;0;2;2;1;1
202400013573;155 757 864;7;0;2;8;1;1
202400013573;155 757 865;7;8;2;2;15;1
202400013574;155 757 862;7;0;2;1;0;1
202400013574;155 757 863;7;0;2;4;0;1
202400013575;155 757 860;7;0;2;1;13;1
202400013575;155 757 861;7;0;2;3;1;1
202400013576;155 757 859;7;12;0;2;26;1
202400013577;155 757 858;7;0;1;0;15;0
202400013578;155 757 855;7;0;0;0;0;1
202400013578;155 757 856;7;0;2;0;0;1
202400013578;155 757 857;7;0;2;5;26;1
202400013579;155 757 854;7;1;0;1;1;1
202400013580;155 757 852;7;0;9;2;1;1
202400013580;155 757 853;99;0;2;1;5;3
202400013581;155 757 851;32;11;0;1;1;1
202400013582;155 757 850;30;0;0;0;1;1
202400013583;155 757 849;1;0;0;0;16;5
202400013584;155 757 847;7;0;2;6;13;1
202400013584;155 757 848;7;0;2;1;1;1
202400013585;155 757 844;7;0;2;1;2;1
202400013585;155 757 845;7;0;2;9;2;3
202400013585;155 757 846;7;0;2;4;15;1
202400013586;155 757 842;7;0;2;1;1;1
202400013586;155 757 843;7;0;2;6;10;1
202400013587;155 757 840;1;0;2;8;1;5
202400013587;155 757 841;10;0;2;1;1;1
202400013588;155 757 839;7;0;1;1;16;1
202400013589;155 757 837;7;0;2;8;15;1
202400013589;155 757 838;37;0;2;1;1;4
202400013590;155 757 835;31;0;2;1;1;1
202400013590;155 757 836;7;0;2;0;15;0
202400013591;155 757 834;50;0;0;0;1;3
202400013592;155 757 833;7;0;1;1;1;1
202400013593;155 757 831;1;0;2;1;1;5
202400013593;155 757 832;1;0;2;1;1;5
202400013594;155 757 829;7;0;2;1;1;1
202400013594;155 757 830;33;0;2;4;1;1
202400013595;155 757 828;7;0;1;3;15;1
202400013596;155 757 827;7;0;1;2;16;1
202400013597;155 757 825;7;0;2;0;9;1
202400013597;155 757 826;80;0;2;0;0;3
202400013598;155 757 824;7;0;1;3;1;1
202400013599;155 757 822;1;0;2;1;1;5
202400013599;155 757 823;7;0;2;3;1;1
202400013600;155 757 820;7;0;2;3;1;1
202400013600;155 757 821;7;0;2;6;9;1
202400013601;155 757 818;7;0;0;5;10;1
202400013601;155 757 819;34;0;2;1;26;1
202400013602;155 757 816;33;0;2;8;1;0
202400013602;155 757 817;10;0;2;1;11;0
202400013603;155 757 815;33;0;0;7;19;1
202400013604;155 757 813;7;0;2;5;17;1
202400013604;155 757 814;7;0;2;3;12;1
202400013605;155 757 811;7;0;2;1;1;1
202400013605;155 757 812;7;0;2;4;1;3
202400013606;155 757 809;7;0;2;2;1;1
202400013606;155 757 810;7;0;2;4;1;1
202400013607;155 757 807;1;0;2;7;1;5
202400013607;155 757 808;7;0;2;1;20;1
202400013608;155 757 803;31;0;2;1;1;1
202400013608;155 757 805;7;0;2;8;10;1
202400013609;155 757 804;7;0;2;1;1;1
202400013609;155 757 806;7;0;2;4;23;1
202400013610;155 757 799;7;0;2;8;1;1
202400013610;155 757 802;50;0;2;1;1;3
202400013611;155 757 798;7;3;2;3;1;3
202400013611;155 757 800;7;0;2;4;1;1
202400013611;155 757 801;7;4;2;3;17;2
202400013612;155 757 794;1;0;2;8;5;5
202400013612;155 757 796;7;0;2;2;16;2
202400013613;155 757 792;33;0;2;8;17;1
202400013613;155 757 793;7;0;9;8;1;2
202400013613;155 757 795;10;0;2;0;0;0
202400013613;155 757 797;7;0;2;3;2;1
202400013614;155 757 790;7;0;1;2;1;1
202400013615;155 757 789;34;0;2;8;2;1
202400013615;155 757 791;7;0;2;1;15;1
202400013616;155 757 788;36;15;0;2;1;1
202400013617;155 757 786;7;0;2;6;16;1
202400013617;155 757 787;32;0;2;1;26;1
202400013618;155 757 784;33;0;2;1;1;1
202400013618;155 757 785;7;0;2;1;15;1
202400013619;155 757 782;30;0;2;4;23;3
202400013619;155 757 783;7;0;2;1;1;0
202400013620;155 757 780;80;0;2;3;1;3
202400013620;155 757 781;7;0;2;0;0;0
202400013621;155 757 779;7;12;0;1;1;1
202400013622;155 757 778;7;0;1;0;1;
202400013623;155 757 777;7;0;0;6;0;1
202400013624;155 757 776;7;0;1;2;26;1
202400013625;155 757 774;7;0;2;4;23;1
202400013625;155 757 775;7;0;2;1;1;1
202400013626;155 757 773;7;13;0;0;1;0
202400013627;155 757 770;7;0;2;4;1;1
202400013627;155 757 772;7;0;2;1;1;1
202400013628;155 757 769;7;0;2;7;1;1
202400013628;155 757 771;50;0;2;1;1;3
202400013629;155 757 767;7;0;1;1;17;1
202400013630;155 757 764;7;0;2;1;16;1
202400013630;155 757 765;7;0;2;2;1;1
202400013631;155 757 766;7;0;2;7;1;1
202400013631;155 757 768;7;0;2;1;1;1
202400013632;155 757 762;33;0;2;1;17;1
202400013632;155 757 763;7;0;2;3;15;1
202400013633;155 757 760;7;0;0;6;2;2
202400013633;155 757 761;10;0;2;2;1;1
202400013634;155 757 757;7;0;2;6;23;1
202400013634;155 757 758;50;1;0;1;1;3
202400013635;155 757 759;7;0;1;1;2;1
202400013636;155 757 756;30;14;0;1;5;3
202400013637;155 757 752;7;6;0;1;21;1
202400013638;155 757 750;7;6;0;3;1;1
202400013639;155 757 749;30;0;1;1;25;1
202400013640;155 757 746;7;0;2;1;1;1
202400013640;155 757 748;7;0;2;7;0;1
202400013641;155 757 745;7;0;2;8;1;1
202400013641;155 757 747;17;0;2;1;17;1
202400013642;155 757 741;7;0;2;1;15;1
202400013642;155 757 744;7;0;2;1;1;1
202400013643;155 757 742;7;0;2;3;15;1
202400013643;155 757 743;33;0;2;1;1;1
202400013644;155 757 740;31;0;0;7;16;1
202400013645;155 757 737;7;1;0;1;1;1
202400013646;155 757 738;30;0;2;1;1;1
202400013646;155 757 739;7;0;2;3;15;1
202400013647;155 757 736;7;1;0;3;16;1
202400013648;155 757 734;7;0;1;1;15;1
202400013649;155 757 731;7;0;2;3;13;1
202400013649;155 757 732;7;0;2;3;1;1
202400013650;155 757 730;7;0;2;1;1;1
202400013650;155 757 733;7;0;2;1;1;1
202400013650;155 757 735;7;0;2;1;16;0
202400013651;155 757 727;7;0;2;1;1;1
202400013651;155 757 729;14;0;2;4;23;1
202400013652;155 757 726;43;0;2;1;1;1
202400013652;155 757 728;7;0;2;0;0;0
202400013653;155 757 725;7;0;1;3;1;1
202400013654;155 757 723;7;0;2;3;0;1
202400013654;155 757 724;33;0;2;3;13;1
202400013655;155 757 722;7;0;1;3;15;1
202400013656;155 757 719;3;0;2;7;1;1
202400013656;155 757 721;7;0;2;1;9;1
202400013657;155 757 718;7;0;2;9;13;1
202400013657;155 757 720;7;0;2;3;1;1
202400013658;155 757 714;7;0;2;1;1;1
202400013658;155 757 716;99;0;2;8;1;3
202400013659;155 757 715;2;0;2;7;1;1
202400013659;155 757 717;7;0;2;1;15;1
202400013660;155 757 713;7;0;1;1;1;1
202400013661;155 757 711;7;0;2;2;9;1
202400013661;155 757 712;80;0;2;1;1;3
202400013662;155 757 709;7;0;2;3;13;1
202400013662;155 757 710;34;0;2;1;1;1
202400013663;155 757 707;7;0;2;8;10;1
202400013663;155 757 708;32;0;2;9;17;1
202400013664;155 757 704;33;0;2;2;1;1
202400013664;155 757 706;7;0;2;3;9;1
202400013665;155 757 703;7;0;2;5;16;1
202400013665;155 757 705;60;0;0;0;16;5
202400013666;155 757 701;34;0;1;1;0;1
202400013667;155 757 700;7;0;2;3;15;1
202400013667;155 757 702;33;0;2;2;17;1
202400013668;155 757 698;43;0;2;1;2;1
202400013668;155 757 699;7;0;2;8;16;1
202400013669;155 757 693;13;0;2;2;1;1
202400013669;155 757 694;7;0;2;8;1;1
202400013670;155 757 692;10;0;2;4;2;1
202400013670;155 757 695;7;0;2;4;2;0
202400013670;155 757 696;7;0;2;4;2;1
202400013670;155 757 697;10;0;2;1;11;1
202400013671;155 757 689;7;4;2;1;9;1
202400013671;155 757 690;15;0;2;5;1;1
202400013672;155 757 688;7;0;2;4;23;1
202400013672;155 757 691;7;0;2;1;2;1
202400013673;155 757 687;33;14;0;2;26;1
202400013674;155 757 685;30;0;2;3;1;1
202400013674;155 757 686;7;0;2;3;15;0
202400013675;155 757 683;7;0;2;3;1;2
202400013675;155 757 684;80;0;2;1;1;3
202400013676;155 757 682;7;0;1;3;1;1
202400013677;155 757 680;1;0;9;1;1;5
202400013677;155 757 681;1;0;9;4;1;5
202400013678;155 757 674;7;0;2;3;15;1
202400013678;155 757 676;1;0;2;3;1;5
202400013679;155 757 675;7;1;2;1;9;1
202400013679;155 757 677;7;0;2;4;24;1
202400013679;155 757 678;7;0;2;1;1;1
202400013679;155 757 679;10;0;2;1;1;1
202400013680;155 757 672;50;1;0;2;1;3
202400013680;155 757 673;7;0;9;8;22;2
202400013681;155 757 671;10;1;1;2;1;1
202400013682;155 757 668;7;0;2;2;16;2
202400013682;155 757 670;50;0;2;1;1;3
202400013683;155 757 669;7;11;0;3;1;1
202400013684;155 757 665;1;1;2;1;2;5
202400013684;155 757 667;7;1;2;1;15;2
202400013685;155 757 664;7;0;2;5;22;2
202400013685;155 757 666;1;0;2;0;1;5
202400013686;155 757 663;7;0;1;1;1;2
202400013687;155 757 662;80;0;1;1;5;3
202400013688;155 757 660;7;0;2;0;10;
202400013688;155 757 661;43;0;2;8;1;1
202400013689;155 757 658;10;0;2;8;2;0
202400013689;155 757 659;30;0;2;7;2;3
202400013690;155 757 657;7;9;0;1;1;1
202400013691;155 757 656;1;0;9;0;1;5
202400013692;155 757 654;37;0;2;2;16;2
202400013692;155 757 655;1;0;0;0;0;5
202400013693;155 757 653;7;0;1;1;1;1
202400013694;155 757 651;7;0;2;4;9;1
202400013694;155 757 652;7;0;2;0;1;1
202400013695;155 757 650;10;0;1;1;15;3
202400013696;155 757 648;7;0;2;2;12;1
202400013696;155 757 649;7;0;2;0;0;2
202400013697;155 757 644;7;0;2;2;15;2
202400013697;155 757 646;1;0;0;0;0;5
202400013698;155 757 645;7;0;2;3;1;1
202400013698;155 757 647;7;0;2;4;1;1
202400013699;155 757 643;32;0;0;1;1;1
202400013700;155 757 642;7;0;1;1;20;1
202400013701;155 757 641;10;2;0;1;1;1
202400013702;155 757 640;30;0;0;0;1;1
202400013703;155 757 635;7;12;2;3;23;1
202400013703;155 757 636;2;12;2;1;2;1
202400013704;155 757 634;30;12;1;1;1;1
202400013705;155 757 633;33;13;0;3;14;1
202400013706;155 757 631;31;0;2;1;1;1
202400013706;155 757 632;7;0;2;3;19;2
202400013707;155 757 629;2;0;2;2;12;1
202400013707;155 757 630;7;0;2;8;14;1
202400013708;155 757 625;7;0;2;1;1;1
202400013708;155 757 627;7;0;2;3;16;1
202400013709;155 757 626;7;0;2;2;16;1
202400013709;155 757 628;1;0;2;8;19;5
202400013710;155 757 622;7;0;2;5;1;1
202400013710;155 757 624;7;0;2;1;15;1
202400013711;155 757 621;10;0;2;2;1;1
202400013711;155 757 623;7;3;2;3;1;2
202400013712;155 757 620;7;13;0;2;1;1
202400013713;155 757 615;10;14;0;2;1;0
202400013713;155 757 616;7;0;2;7;11;0
202400013713;155 757 618;7;0;2;3;1;2
202400013713;155 757 619;37;0;2;5;23;3
202400013714;155 757 614;7;0;2;3;1;1
202400013714;155 757 617;7;0;2;3;13;1
202400013715;155 757 612;34;0;0;7;1;1
202400013716;155 757 613;7;1;0;2;1;1
202400013717;155 757 608;7;0;2;7;17;1
202400013717;155 757 610;7;0;2;6;1;1
202400013718;155 757 609;7;0;2;5;14;1
202400013718;155 757 611;30;0;2;1;1;1
202400013719;155 757 605;7;0;2;1;1;1
202400013719;155 757 607;15;0;2;2;1;1
202400013720;155 757 603;7;0;2;3;15;2
202400013720;155 757 606;1;17;2;1;1;5
202400013721;155 757 602;7;5;0;3;12;1
202400013721;155 757 604;7;5;0;8;1;1
202400013722;155 757 600;21;0;2;1;1;1
202400013722;155 757 601;7;0;2;1;1;1
202400013723;155 757 597;30;0;2;4;2;1
202400013724;155 757 595;7;15;0;9;1;1
202400013725;155 757 594;7;0;2;3;23;0
202400013725;155 757 596;7;0;2;2;21;1
202400013725;155 757 598;7;0;2;4;23;1
202400013725;155 757 599;7;0;2;4;23;1
202400013726;155 757 592;37;0;1;1;2;1
202400013727;155 757 590;7;0;2;2;1;2
202400013727;155 757 593;7;0;2;3;1;3
202400013728;155 757 589;33;0;2;7;15;1
202400013728;155 757 591;7;0;2;1;1;1
202400013729;155 757 587;10;0;1;7;1;1
202400013730;155 757 585;7;13;0;1;1;1
202400013731;155 757 586;33;0;2;1;17;1
202400013731;155 757 588;7;0;2;6;15;2
202400013732;155 757 584;7;8;2;0;0;1
202400013733;155 757 582;7;1;1;0;1;3
202400013734;155 757 581;7;0;2;4;1;1
202400013734;155 757 583;7;0;2;1;1;1
202400013735;155 757 579;7;9;0;1;1;1
202400013736;155 757 578;31;13;0;1;14;1
202400013737;155 757 577;50;0;2;7;6;3
202400013737;155 757 580;7;0;9;1;1;1
202400013738;155 757 575;7;10;0;1;1;1
202400013739;155 757 574;1;0;1;1;1;5
202400013740;155 757 573;7;1;2;2;16;0
202400013740;155 757 576;1;1;0;3;1;5
202400013741;155 757 571;7;0;1;1;9;3
202400013742;155 757 570;7;0;2;2;1;1
202400013742;155 757 572;2;0;2;3;16;1
202400013743;155 757 569;7;0;1;3;15;1
202400013744;155 757 565;7;0;2;7;19;1
202400013744;155 757 567;7;0;2;1;1;1
202400013745;155 757 566;10;0;2;0;0;1
202400013746;155 757 564;14;0;2;3;1;1
202400013746;155 757 568;7;0;2;3;16;1
202400013747;155 757 563;1;0;1;1;1;5
202400013748;155 757 560;7;0;2;3;1;1
202400013748;155 757 562;7;0;2;3;13;1
202400013749;155 757 559;7;0;2;3;13;1
202400013749;155 757 561;31;0;2;1;1;3
202400013750;155 757 558;30;0;0;0;0;1
202400013751;155 757 556;31;0;2;3;0;1
202400013751;155 757 557;7;0;0;3;1;1
202400013752;155 757 555;7;0;1;1;1;1
202400013753;155 757 553;33;0;2;3;1;1
202400013753;155 757 554;7;0;2;2;1;0
202400013754;155 757 552;10;9;0;1;1;1
202400013755;155 757 549;7;2;0;1;1;1
202400013756;155 757 550;30;0;2;6;2;1
202400013756;155 757 551;7;0;2;6;2;3
202400013757;155 757 547;7;0;2;3;1;1
202400013757;155 757 548;7;0;2;3;1;1
202400013758;155 757 545;7;0;2;1;9;1
202400013758;155 757 546;2;0;2;7;1;1
202400013759;155 757 544;7;0;1;4;4;0
202400013760;155 757 542;2;0;2;3;1;1
202400013760;155 757 543;7;0;2;3;1;1
202400013761;155 757 540;32;0;0;7;1;1
202400013762;155 757 539;10;0;2;3;9;1
202400013762;155 757 541;31;0;2;3;9;1
202400013763;155 757 536;10;13;0;3;1;1
202400013764;155 757 535;7;0;1;2;26;3
202400013765;155 757 532;7;0;2;8;19;1
202400013765;155 757 534;33;0;2;1;1;1
202400013766;155 757 529;7;0;0;3;2;0
202400013766;155 757 531;7;0;0;3;23;0
202400013766;155 757 533;7;0;2;3;15;1
202400013767;155 757 528;50;0;2;4;1;3
202400013767;155 757 530;7;0;2;0;0;0
202400013768;155 757 527;10;2;0;7;1;1
202400013769;155 757 524;33;0;2;5;2;1
202400013769;155 757 526;33;0;2;0;2;0
202400013770;155 757 522;33;0;2;1;1;1
202400013770;155 757 523;7;0;2;1;15;1
202400013771;155 757 520;33;0;0;0;1;0
202400013772;155 757 521;2;0;0;4;1;3
202400013772;155 757 525;7;0;2;1;1;1
202400013773;155 757 516;7;0;2;3;9;1
202400013773;155 757 519;33;0;2;1;1;1
202400013774;155 757 517;7;0;2;2;2;1
202400013774;155 757 518;1;0;0;4;2;5
202400013775;155 757 515;7;6;0;1;0;1
202400013776;155 757 514;33;0;0;7;0;1
202400013777;155 757 513;31;5;0;0;14;1
202400013778;155 757 512;43;4;1;1;1;1
202400013779;155 757 511;7;17;0;1;12;1
202400013780;155 757 506;7;0;2;8;11;1
202400013780;155 757 509;7;3;2;3;1;1
202400013780;155 757 510;7;0;2;7;1;1
202400013781;155 757 504;7;0;0;1;13;1
202400013781;155 757 507;7;0;0;1;1;1
202400013782;155 757 503;7;0;2;4;2;1
202400013782;155 757 505;7;0;0;4;2;1
202400013782;155 757 508;7;0;2;1;2;2
202400013783;155 757 500;7;0;2;1;26;1
202400013783;155 757 501;7;0;2;1;1;3
202400013784;155 757 499;7;0;2;3;1;1
202400013784;155 757 502;2;0;2;7;19;1
202400013785;155 757 496;7;0;2;2;2;1
202400013785;155 757 498;10;0;0;6;1;1
202400013786;155 757 495;7;0;2;1;1;2
202400013786;155 757 497;7;0;2;1;11;1
202400013787;155 757 492;7;0;2;1;2;1
202400013787;155 757 494;7;13;2;6;1;1
202400013788;155 757 490;10;0;2;1;6;1
202400013788;155 757 491;7;0;2;1;1;2
202400013789;155 757 487;10;0;2;1;0;1
202400013789;155 757 489;17;0;2;3;1;1
202400013790;155 757 486;2;0;2;1;1;1
202400013790;155 757 488;10;0;0;6;6;1
202400013791;155 757 484;7;0;2;3;9;1
202400013791;155 757 485;1;0;2;8;12;5
202400013792;155 757 483;7;3;0;1;2;1
202400013793;155 757 480;7;0;0;2;0;1
202400013794;155 757 479;7;0;2;3;20;3
202400013794;155 757 481;7;0;2;5;1;1
202400013795;155 757 478;10;0;2;2;0;1
202400013795;155 757 482;7;0;2;3;5;1
202400013796;155 757 475;7;0;2;1;1;1
202400013796;155 757 477;7;0;2;8;9;1
202400013797;155 757 474;7;9;0;7;13;1
202400013798;155 757 473;31;0;2;8;15;0
202400013798;155 757 476;7;0;2;1;15;1
202400013799;155 757 472;1;0;1;1;1;5
202400013800;155 757 468;7;0;2;1;2;1
202400013800;155 757 471;7;0;2;1;5;1
202400013801;155 757 466;7;0;2;3;0;1
202400013801;155 757 469;7;0;2;3;0;1
202400013802;155 757 467;10;0;2;1;1;1
202400013802;155 757 470;7;0;0;4;1;1
202400013803;155 757 464;10;7;0;3;1;1
202400013804;155 757 462;7;13;2;3;15;1
202400013804;155 757 465;7;13;2;1;1;1
202400013805;155 757 461;33;0;2;8;0;1
202400013805;155 757 463;7;0;2;8;0;1
202400013806;155 757 459;7;0;0;1;1;1
202400013806;155 757 460;1;0;2;1;13;5
202400013807;155 757 457;7;2;0;1;1;1
202400013808;155 757 456;7;0;2;3;11;1
202400013808;155 757 458;2;0;2;1;17;1
202400013809;155 757 455;7;2;0;7;1;1
202400013810;155 757 452;7;0;2;1;1;1
202400013810;155 757 454;7;0;2;3;19;1
202400013811;155 757 450;7;0;0;1;1;1
202400013811;155 757 453;10;0;0;3;13;1
202400013812;155 757 449;2;0;2;2;1;1
202400013812;155 757 451;7;0;2;1;15;1
202400013813;155 757 448;1;0;0;0;0;5
202400013814;155 757 446;17;4;0;8;21;1
202400013814;155 757 447;17;6;0;2;1;1
202400013815;155 757 443;50;0;2;4;2;3
202400013815;155 757 444;7;0;2;2;2;0
202400013816;155 757 440;7;11;2;3;6;1
202400013816;155 757 441;7;0;2;3;1;1
202400013816;155 757 445;7;0;2;1;1;1
202400013817;155 757 439;7;0;0;2;14;1
202400013817;155 757 442;7;0;0;6;1;1
202400013818;155 757 438;7;13;0;1;1;1
202400013819;155 757 434;7;0;2;1;13;1
202400013819;155 757 436;7;8;2;1;1;1
202400013820;155 757 433;7;17;0;2;14;1
202400013821;155 757 435;7;0;2;4;9;1
202400013821;155 757 437;2;0;2;1;1;1
202400013822;155 757 431;7;0;1;8;15;1
202400013823;155 757 429;7;0;2;3;0;1
202400013823;155 757 432;7;0;2;1;0;1
202400013824;155 757 428;33;0;2;1;15;1
202400013824;155 757 430;7;0;2;1;1;1
202400013825;155 757 425;7;0;2;2;9;1
202400013825;155 757 427;7;0;2;2;2;1
202400013826;155 757 424;7;7;0;1;1;1
202400013827;155 757 423;80;0;2;8;1;3
202400013827;155 757 426;7;0;2;7;17;1
202400013828;155 757 422;43;3;0;1;2;1
202400013829;155 757 421;7;13;0;3;0;1
202400013830;155 757 418;7;0;0;4;1;1
202400013830;155 757 420;7;0;2;1;1;1
202400013831;155 757 416;7;0;2;1;13;1
202400013831;155 757 419;7;0;2;1;0;1
202400013832;155 757 415;15;3;0;1;1;1
202400013833;155 757 414;7;0;2;3;15;1
202400013833;155 757 417;13;0;2;3;1;1
202400013834;155 757 412;7;0;2;2;2;1
202400013834;155 757 413;7;0;0;4;16;1
202400013835;155 757 411;7;0;0;0;19;1
202400013836;155 757 409;7;6;2;8;1;1
202400013836;155 757 410;7;0;2;7;12;1
202400013837;155 757 408;10;0;1;2;0;1
202400013838;155 757 407;10;1;1;2;0;1
202400013839;155 757 405;7;4;0;9;1;1
202400013840;155 757 403;10;2;0;1;1;1
202400013841;155 757 404;7;0;2;4;2;1
202400013841;155 757 406;7;0;2;1;2;1
202400013842;155 757 397;7;0;2;1;5;1
202400013842;155 757 400;7;0;2;1;1;1
202400013843;155 757 396;7;0;2;4;23;1
202400013843;155 757 399;7;0;2;4;23;1
202400013843;155 757 401;7;0;2;1;2;1
202400013844;155 757 394;7;0;2;5;2;1
202400013844;155 757 395;7;1;0;1;12;2
202400013844;155 757 398;15;0;2;8;21;1
202400013844;155 757 402;7;1;2;1;21;2
202400013845;155 757 393;7;13;5;1;1;1
202400013846;155 757 391;7;0;2;1;2;1
202400013846;155 757 392;7;0;2;4;1;1