Num_Acc;id_vehicule;categorie_vehicule;obstacle_fixe;obstacle_mobile;point_choc_initial;manoeuvre_principale;motorisation
202400013847;155 757 387;10;7;2;1;1;1
202400013847;155 757 389;7;7;2;3;1;1
202400013848;155 757 385;7;0;2;6;1;1
202400013848;155 757 388;7;0;2;1;26;0
202400013849;155 757 386;33;2;2;1;12;1
202400013849;155 757 390;7;0;2;6;11;1
202400013850;155 757 384;7;8;0;1;14;1
202400013851;155 757 381;7;0;2;3;0;1
202400013851;155 757 383;33;0;2;7;1;1
202400013852;155 757 378;10;4;2;4;2;1
202400013852;155 757 380;33;4;2;1;3;1
202400013853;155 757 379;7;14;0;1;1;1
202400013853;155 757 382;7;0;0;4;1;3
202400013854;155 757 377;33;13;0;0;1;1
202400013855;155 757 376;33;0;0;0;3;1
202400013856;155 757 375;2;0;0;0;2;1
202400013857;155 757 373;15;0;1;0;0;1
202400013858;155 757 370;17;0;2;2;1;1
202400013858;155 757 371;33;0;2;1;17;1
202400013858;155 757 374;7;3;2;6;9;1
202400013859;155 757 369;7;4;0;1;0;1
202400013860;155 757 368;7;10;0;4;13;1
202400013860;155 757 372;10;1;0;1;13;1
202400013861;155 757 365;33;0;2;7;3;1
202400013861;155 757 366;7;0;2;8;2;1
202400013862;155 757 363;7;0;2;1;14;1
202400013862;155 757 367;15;0;2;4;1;1
202400013863;155 757 362;7;0;9;2;21;1
202400013863;155 757 364;1;0;2;3;15;5
202400013864;155 757 357;16;0;0;8;24;1
202400013864;155 757 358;15;1;9;8;24;1
202400013864;155 757 359;7;1;0;2;14;1
202400013865;155 757 360;7;0;2;3;24;1
202400013865;155 757 361;7;1;0;2;14;1
202400013866;155 757 355;33;3;0;2;0;1
202400013867;155 757 352;10;0;0;2;2;6
202400013867;155 757 354;30;0;0;4;13;1
202400013868;155 757 348;7;0;2;1;1;1
202400013868;155 757 349;7;0;2;1;1;3
202400013868;155 757 350;7;0;2;2;26;1
202400013868;155 757 353;7;0;2;4;2;1
202400013868;155 757 356;7;0;2;1;2;1
202400013869;155 757 346;2;0;2;1;5;1
202400013869;155 757 351;7;0;2;1;1;1
202400013870;155 757 345;33;0;2;1;1;1
202400013870;155 757 347;7;0;2;3;15;1
202400013871;155 757 344;7;0;1;1;1;1
202400013872;155 757 341;1;0;9;1;1;5
202400013872;155 757 342;1;0;9;1;1;5
202400013873;155 757 340;7;0;2;1;26;1
202400013873;155 757 343;1;0;2;8;25;5
202400013874;155 757 339;7;0;1;3;16;1
202400013875;155 757 338;7;13;0;9;1;1
202400013876;155 757 337;7;1;1;3;15;1
202400013877;155 757 335;7;0;1;1;1;1
202400013878;155 757 336;17;0;1;0;16;1
202400013879;155 757 333;31;12;2;1;14;1
202400013879;155 757 334;10;0;0;8;23;1
202400013880;155 757 332;80;0;1;1;1;3
202400013881;155 757 331;10;6;0;1;6;1
202400013882;155 757 330;31;0;0;0;1;1
202400013883;155 757 327;7;0;2;3;15;1
202400013883;155 757 329;1;0;2;1;1;5
202400013884;155 757 325;7;8;0;1;2;1
202400013885;155 757 324;7;0;2;7;1;1
202400013885;155 757 328;7;0;2;1;1;1
202400013886;155 757 323;7;0;6;3;1;1
202400013886;155 757 326;7;0;6;1;1;1
202400013887;155 757 320;33;0;2;1;2;1
202400013887;155 757 321;33;0;2;4;1;1
202400013888;155 757 317;7;0;2;0;0;1
202400013888;155 757 318;7;1;0;3;6;1
202400013889;155 757 319;7;6;0;2;2;1
202400013890;155 757 312;30;0;2;8;13;1
202400013890;155 757 315;10;0;2;6;0;1
202400013891;155 757 314;7;0;2;1;15;1
202400013891;155 757 316;7;0;2;1;1;1
202400013892;155 757 309;7;0;2;6;15;1
202400013892;155 757 310;33;0;2;1;13;1
202400013893;155 757 306;7;0;2;1;13;1
202400013893;155 757 307;7;0;2;1;1;1
202400013894;155 757 308;7;0;2;4;2;1
202400013894;155 757 311;7;0;2;1;2;1
202400013894;155 757 313;7;0;2;4;9;1
202400013895;155 757 302;7;0;2;8;24;3
202400013895;155 757 304;1;0;2;1;1;5
202400013896;155 757 303;7;0;2;2;19;2
202400013896;155 757 305;43;0;2;5;15;1
202400013897;155 757 298;7;0;2;1;1;0
202400013897;155 757 300;1;0;2;0;19;5
202400013898;155 757 299;7;0;2;1;2;1
202400013898;155 757 301;10;0;2;4;1;1
202400013899;155 757 296;17;0;0;0;1;0
202400013899;155 757 297;7;15;0;4;1;1
202400013900;155 757 289;7;0;2;1;2;1
202400013900;155 757 292;7;0;2;4;0;1
202400013900;155 757 294;7;0;2;4;1;1
202400013901;155 757 290;7;0;2;2;0;1
202400013901;155 757 295;7;0;2;7;16;1
202400013902;155 757 288;7;0;2;1;2;1
202400013902;155 757 291;7;0;2;4;2;1
202400013902;155 757 293;7;0;2;4;2;1
202400013903;155 757 285;30;0;0;0;14;1
202400013904;155 757 284;7;0;2;1;1;1
202400013904;155 757 286;7;0;2;4;2;1
202400013904;155 757 287;7;0;2;4;0;1
202400013905;155 757 282;7;0;2;1;12;1
202400013905;155 757 283;10;0;2;4;12;1
202400013906;155 757 280;37;0;1;0;2;0
202400013907;155 757 278;10;0;2;9;23;1
202400013907;155 757 279;7;0;2;1;0;1
202400013907;155 757 281;7;0;2;4;23;1
202400013908;155 757 272;33;0;2;1;21;1
202400013908;155 757 275;7;0;2;4;1;1
202400013909;155 757 273;7;0;0;0;0;1
202400013909;155 757 276;33;0;2;4;2;1
202400013909;155 757 277;33;0;2;1;2;1
202400013910;155 757 271;7;0;2;3;15;0
202400013910;155 757 274;2;0;2;5;1;1
202400013911;155 757 269;33;0;2;8;3;1
202400013911;155 757 270;7;0;2;7;12;1
202400013912;155 757 267;14;0;2;1;14;1
202400013912;155 757 268;14;0;2;4;24;0
202400013913;155 757 266;7;0;1;3;1;1
202400013914;155 757 264;7;0;2;6;9;1
202400013914;155 757 265;7;0;2;2;1;1
202400013915;155 757 259;15;0;2;6;24;1
202400013915;155 757 260;7;1;0;2;1;1
202400013916;155 757 257;7;0;2;1;12;1
202400013916;155 757 262;7;0;2;5;1;2
202400013917;155 757 255;10;0;1;1;1;1
202400013918;155 757 254;15;0;2;8;1;1
202400013918;155 757 256;10;0;2;5;1;1
202400013918;155 757 258;7;0;2;4;1;1
202400013918;155 757 261;15;0;2;1;1;1
202400013918;155 757 263;10;0;2;5;1;1
202400013919;155 757 252;33;0;9;1;26;1
202400013919;155 757 253;33;0;9;1;0;1
202400013920;155 757 248;7;0;2;1;15;1
202400013920;155 757 251;33;0;2;8;1;1
202400013921;155 757 247;7;0;0;3;21;1
202400013922;155 757 245;7;0;1;3;15;1
202400013923;155 757 241;7;0;2;9;1;1
202400013923;155 757 243;7;0;2;1;1;1
202400013924;155 757 242;7;0;2;7;1;
202400013924;155 757 244;7;0;2;1;1;
202400013925;155 757 239;7;0;2;3;1;1
202400013925;155 757 240;2;0;2;3;1;1
202400013926;155 757 236;7;0;2;4;2;1
202400013926;155 757 238;10;0;2;1;2;1
202400013927;155 757 235;33;0;2;1;1;1
202400013927;155 757 237;1;0;2;1;1;5
202400013928;155 757 234;7;0;1;2;16;1
202400013929;155 757 233;7;0;1;1;1;1
202400013930;155 757 231;2;0;2;1;18;1
202400013930;155 757 232;7;0;2;7;16;1
202400013931;155 757 229;32;0;0;7;17;1
202400013932;155 757 228;7;0;2;4;0;2
202400013932;155 757 230;38;0;2;1;21;1
202400013932;155 757 246;7;0;2;4;0;2
202400013932;155 757 249;7;0;2;0;0;1
202400013932;155 757 250;7;0;2;0;0;2
202400013933;155 757 226;7;0;9;2;1;1
202400013933;155 757 227;60;0;2;1;9;5
202400013934;155 757 222;43;0;2;0;17;1
202400013934;155 757 224;7;0;2;0;1;2
202400013935;155 757 221;2;0;1;1;1;0
202400013936;155 757 217;34;11;0;2;16;1
202400013937;155 757 214;32;8;0;3;13;1
202400013938;155 757 213;33;0;2;3;3;1
202400013938;155 757 215;7;0;2;5;1;1
202400013939;155 757 212;10;0;2;1;2;1
202400013939;155 757 216;7;0;2;4;2;1
202400013939;155 757 219;7;0;2;4;2;2
202400013939;155 757 220;7;0;2;0;2;1
202400013939;155 757 225;10;0;2;1;0;1
202400013940;155 757 210;37;0;2;6;15;3
202400013940;155 757 211;2;0;2;4;15;1
202400013941;155 757 208;1;0;2;4;23;5
202400013941;155 757 209;7;1;0;2;26;1
202400013942;155 757 204;7;0;2;3;1;1
202400013942;155 757 206;7;0;2;3;1;1
202400013943;155 757 203;33;0;2;8;12;1
202400013943;155 757 207;10;0;2;1;9;1
202400013944;155 757 201;7;0;2;2;16;1
202400013944;155 757 205;50;0;2;1;19;3
202400013945;155 757 200;7;0;2;1;1;1
202400013945;155 757 202;50;0;2;5;1;3
202400013946;155 757 195;7;0;2;1;1;1
202400013946;155 757 196;7;1;0;2;21;1
202400013946;155 757 199;7;0;2;6;23;1
202400013947;155 757 194;7;0;2;5;2;1
202400013947;155 757 197;2;0;2;3;2;1
202400013948;155 757 191;50;0;2;4;2;3
202400013948;155 757 193;10;0;2;1;2;0
202400013949;155 757 189;7;0;2;8;0;1
202400013949;155 757 192;31;0;2;7;0;1
202400013950;155 757 190;7;0;2;2;20;1
202400013950;155 757 198;30;0;2;1;20;1
202400013951;155 757 186;43;1;0;1;14;1
202400013952;155 757 187;30;0;2;1;17;1
202400013953;155 757 185;7;0;2;3;15;1
202400013953;155 757 188;33;0;2;1;1;1
202400013954;155 757 183;7;4;0;1;1;2
202400013955;155 757 182;7;0;2;4;23;0
202400013955;155 757 184;7;0;2;1;1;1
202400013956;155 757 179;34;0;1;1;1;1
202400013957;155 757 175;7;0;2;4;1;1
202400013957;155 757 178;7;0;2;4;1;1
202400013957;155 757 181;7;0;2;1;1;1
202400013958;155 757 174;7;14;0;1;2;1
202400013959;155 757 172;7;0;2;6;1;1
202400013959;155 757 176;10;0;2;2;13;1
202400013959;155 757 180;7;0;2;1;1;1
202400013960;155 757 170;33;4;0;8;2;1
202400013960;155 757 173;7;0;2;4;2;1
202400013960;155 757 177;7;0;2;1;2;1
202400013961;155 757 169;30;0;2;1;1;1
202400013961;155 757 171;7;0;2;4;1;3
202400013962;155 757 166;0;0;2;1;1;0
202400013962;155 757 168;50;0;2;1;1;3
202400013963;155 757 165;10;1;0;0;0;1
202400013963;155 757 167;10;1;2;4;23;2
202400013964;155 757 163;7;0;1;3;16;2
202400013965;155 757 162;33;0;0;7;1;1
202400013966;155 757 160;21;7;0;7;15;1
202400013967;155 757 161;7;0;2;2;13;1
202400013967;155 757 164;33;0;2;7;14;1
202400013968;155 757 158;7;0;9;2;20;1
202400013968;155 757 159;50;0;2;2;18;3
202400013969;155 757 154;33;0;2;1;15;1
202400013969;155 757 157;2;0;2;1;1;1
202400013970;155 757 152;33;0;2;2;3;1
202400013970;155 757 156;14;0;2;6;0;1
202400013971;155 757 151;7;9;0;1;0;3
202400013972;155 757 150;42;0;2;1;1;1
202400013972;155 757 155;7;0;2;1;15;3
202400013973;155 757 149;7;1;0;1;1;1
202400013973;155 757 153;7;0;2;4;24;1
202400013974;155 757 147;7;8;0;1;1;1
202400013975;155 757 144;32;0;2;7;1;1
202400013975;155 757 148;7;0;2;8;11;1
202400013976;155 757 143;34;0;2;2;17;1
202400013976;155 757 146;7;0;2;3;15;1
202400013977;155 757 141;7;0;2;3;15;1
202400013977;155 757 145;32;0;2;1;1;1
202400013978;155 757 142;7;6;0;5;20;1
202400013979;155 757 138;7;0;2;2;16;1
202400013979;155 757 140;30;0;2;8;18;1
202400013980;155 757 137;17;0;2;1;1;1
202400013980;155 757 139;7;0;2;9;0;1
202400013981;155 757 133;7;0;1;1;1;1
202400013982;155 757 134;7;0;2;4;2;2
202400013982;155 757 136;10;0;2;1;0;1
202400013983;155 757 132;33;0;0;0;1;1
202400013984;155 757 131;7;4;0;7;1;1
202400013985;155 757 130;7;0;0;2;2;1
202400013985;155 757 135;7;0;0;8;19;1
202400013986;155 757 128;33;0;0;7;1;1
202400013987;155 757 125;7;0;2;8;14;1
202400013987;155 757 129;80;0;2;8;1;3
202400013988;155 757 123;7;1;0;1;17;1
202400013989;155 757 122;7;0;2;4;2;2
202400013989;155 757 126;7;0;2;1;2;1
202400013990;155 757 121;33;0;2;3;3;1
202400013990;155 757 124;7;0;2;4;1;1
202400013990;155 757 127;7;0;2;2;12;1
202400013991;155 757 120;33;0;6;1;1;1
202400013992;155 757 119;33;0;1;2;1;1
202400013993;155 757 117;7;0;1;3;18;1
202400013994;155 757 116;7;8;0;3;13;1
202400013995;155 757 114;7;0;2;3;2;2
202400013995;155 757 118;7;0;2;0;0;1
202400013996;155 757 110;1;0;2;1;1;5
202400013996;155 757 112;7;0;2;8;15;2
202400013997;155 757 108;7;0;2;3;15;1
202400013997;155 757 111;7;0;2;7;1;1
202400013998;155 757 107;50;0;2;7;11;3
202400013998;155 757 109;7;0;2;3;2;3
202400013999;155 757 106;7;0;1;3;1;1
202400014000;155 757 102;7;0;2;4;1;1
202400014000;155 757 105;80;0;2;4;1;3
202400014001;155 757 098;7;4;2;2;12;1
202400014001;155 757 104;7;0;2;6;1;1
202400014002;155 757 099;7;0;1;1;1;1
202400014003;155 757 100;7;0;2;1;15;1
202400014003;155 757 103;7;0;2;1;1;1
202400014004;155 757 097;7;0;2;1;13;1
202400014004;155 757 101;7;0;2;1;2;1
202400014005;155 757 094;7;2;0;1;1;1
202400014006;155 757 093;7;1;2;3;15;1
202400014006;155 757 096;2;0;2;2;16;1
202400014007;155 757 091;7;0;2;3;5;1
202400014007;155 757 095;7;0;2;3;23;1
202400014008;155 757 088;7;0;2;1;9;1
202400014008;155 757 092;7;0;2;8;1;1
202400014009;155 757 087;2;0;2;3;11;1
202400014009;155 757 089;7;0;2;3;11;0
202400014010;155 757 085;7;0;1;2;26;1
202400014011;155 757 084;33;0;2;1;2;1
202400014011;155 757 086;7;0;2;5;2;1
202400014011;155 757 090;10;0;0;4;2;1
202400014012;155 757 082;7;0;2;1;1;1
202400014012;155 757 083;7;0;2;4;1;1
202400014013;155 757 081;7;0;1;7;26;1
202400014014;155 757 077;7;0;2;2;15;1
202400014014;155 757 079;33;0;2;1;2;1
202400014015;155 757 076;30;0;0;0;26;1
202400014016;155 757 075;33;0;2;3;3;1
202400014016;155 757 078;7;0;0;2;1;1
202400014016;155 757 080;15;0;0;0;1;1
202400014017;155 757 073;10;0;1;3;24;1
202400014018;155 757 072;7;0;2;1;2;0
202400014018;155 757 074;7;0;2;4;2;1
202400014019;155 757 070;7;0;2;1;1;1
202400014019;155 757 071;7;0;2;2;0;1
202400014020;155 757 068;7;0;0;9;0;1
202400014021;155 757 069;32;0;2;8;0;1
202400014022;155 757 066;1;0;1;1;1;5
202400014023;155 757 065;33;0;5;1;1;1
202400014024;155 757 064;7;0;2;3;19;2
202400014024;155 757 067;60;0;2;7;1;5
202400014025;155 757 062;7;3;0;0;1;2
202400014026;155 757 061;7;1;1;1;1;1
202400014026;155 757 063;7;0;2;0;0;1
202400014027;155 757 058;7;0;2;2;1;1
202400014027;155 757 059;7;0;2;8;16;1
202400014028;155 757 056;7;0;1;6;0;1
202400014029;155 757 055;7;0;2;4;15;1
202400014029;155 757 060;7;0;2;1;2;1
202400014030;155 757 054;7;1;0;2;14;1
202400014030;155 757 057;7;0;2;2;24;1
202400014031;155 757 052;15;0;2;7;16;1
202400014031;155 757 053;7;0;2;8;16;1
202400014032;155 757 051;7;0;1;0;1;1
202400014033;155 757 050;7;6;0;7;1;3
202400014034;155 757 048;7;3;0;0;1;1
202400014035;155 757 047;7;0;1;1;25;1
202400014036;155 757 045;7;13;0;1;1;1
202400014037;155 757 046;10;0;2;1;1;1
202400014037;155 757 049;37;0;2;1;1;1
202400014038;155 757 042;3;4;0;1;1;1
202400014039;155 757 041;7;0;2;0;16;1
202400014039;155 757 044;7;0;2;0;0;1
202400014040;155 757 040;7;0;1;1;26;2
202400014041;155 757 039;7;0;2;2;26;1
202400014041;155 757 043;7;0;2;7;0;2
202400014042;155 757 036;7;0;0;0;1;1
202400014043;155 757 037;10;0;1;1;19;6
202400014044;155 757 035;7;7;2;5;1;1
202400014044;155 757 038;7;0;2;1;1;1
202400014045;155 757 033;7;0;0;8;13;1
202400014045;155 757 034;7;0;0;8;1;1
202400014046;155 757 032;7;2;0;1;14;2
202400014047;155 757 030;7;0;1;8;15;2
202400014048;155 757 028;7;0;1;2;1;1
202400014049;155 757 027;7;0;1;2;1;2
202400014050;155 757 023;10;13;0;2;15;1
202400014051;155 757 025;50;0;2;8;19;3
202400014051;155 757 026;7;0;2;1;1;1
202400014052;155 757 020;1;0;2;2;0;5
202400014052;155 757 022;7;0;0;3;16;0
202400014053;155 757 019;7;0;2;1;9;1
202400014053;155 757 021;7;0;2;8;24;1
202400014053;155 757 024;7;0;2;2;1;1
202400014054;155 757 018;7;2;0;1;0;1
202400014055;155 757 016;7;0;1;1;1;1
202400014056;155 757 011;7;0;2;3;1;1
202400014056;155 757 014;7;0;2;6;13;1
202400014057;155 757 010;7;0;2;1;0;1
202400014057;155 757 012;7;0;2;4;15;1
202400014057;155 757 015;7;0;2;1;2;1
202400014058;155 757 008;7;0;2;7;19;1
202400014058;155 757 009;7;0;2;1;1;1
202400014059;155 757 007;7;11;0;1;1;1
202400014060;155 757 003;7;0;2;2;3;1
202400014060;155 757 006;17;0;0;6;23;1
202400014061;155 757 001;7;0;2;1;15;1
202400014061;155 757 002;33;0;2;1;18;1
202400014062;155 757 000;7;0;2;1;1;1
202400014062;155 757 005;1;1;0;3;2;5
202400014063;155 756 995;7;0;2;3;15;1
202400014063;155 756 998;7;0;2;8;2;1
202400014063;155 756 999;34;0;2;2;1;1
202400014064;155 756 993;7;0;2;0;10;1
202400014064;155 756 997;34;0;2;0;1;1
202400014065;155 756 992;10;0;2;6;1;1
202400014065;155 756 996;43;0;2;1;1;1
202400014066;155 756 989;7;12;0;1;13;1
202400014067;155 756 987;50;0;1;1;1;3
202400014068;155 756 988;7;0;2;3;10;1
202400014068;155 756 991;33;0;2;0;0;1
202400014069;155 756 986;7;0;2;2;17;1
202400014069;155 756 990;7;1;0;1;1;1
202400014069;155 756 994;7;0;2;3;1;1
202400014070;155 756 985;7;6;0;1;0;1
202400014071;155 756 983;7;0;1;1;1;2
202400014072;155 756 980;33;9;2;1;1;1
202400014072;155 756 981;7;0;2;1;15;1
202400014073;155 756 982;1;0;2;7;1;5
202400014073;155 756 984;7;9;2;8;9;1
202400014074;155 756 977;7;0;2;2;17;1
202400014074;155 756 979;50;12;2;3;15;3
202400014075;155 756 976;7;0;2;3;13;1
202400014075;155 756 978;7;0;2;3;23;1
202400014076;155 756 975;7;4;0;9;2;2
202400014077;155 756 974;7;0;1;2;1;1
202400014078;155 756 972;99;0;1;3;16;1
202400014079;155 756 973;7;1;0;6;14;0
202400014080;155 756 970;7;0;1;2;14;1
202400014081;155 756 968;7;0;0;4;1;2
202400014081;155 756 971;14;0;2;1;2;1
202400014082;155 756 966;7;0;2;3;0;1
202400014082;155 756 969;2;0;2;1;1;1
202400014083;155 756 965;7;0;2;2;9;1
202400014083;155 756 967;7;0;2;6;1;1
202400014084;155 756 960;7;0;2;1;1;1
202400014084;155 756 963;7;0;2;1;15;1
202400014085;155 756 961;7;0;2;7;15;1
202400014085;155 756 962;1;0;2;1;1;5
202400014086;155 756 958;2;0;2;0;26;1
202400014086;155 756 959;7;0;0;5;0;1
202400014087;155 756 964;10;0;1;1;1;1
202400014088;155 756 954;7;0;0;2;0;1
202400014088;155 756 957;1;0;0;4;0;5
202400014089;155 756 955;2;0;2;1;15;1
202400014089;155 756 956;7;0;2;3;1;1
202400014090;155 756 952;7;15;0;0;0;1
202400014091;155 756 950;32;0;0;2;16;1
202400014092;155 756 951;7;0;9;3;19;3
202400014092;155 756 953;50;0;0;0;0;3
202400014093;155 756 946;7;0;2;3;1;1
202400014093;155 756 948;7;0;2;3;11;1
202400014094;155 756 943;7;0;2;1;2;0
202400014094;155 756 944;2;0;2;4;2;1
202400014095;155 756 942;7;0;2;1;1;1
202400014095;155 756 945;7;0;2;1;13;1
202400014096;155 756 939;7;0;2;3;1;1
202400014096;155 756 941;7;6;2;3;1;1
202400014097;155 756 936;2;0;2;1;1;1
202400014097;155 756 938;7;0;2;3;1;1
202400014097;155 756 940;7;0;2;2;17;1
202400014098;155 756 934;7;0;2;3;11;0
202400014098;155 756 937;33;0;2;7;2;1
202400014099;155 756 933;7;0;0;9;1;1
202400014100;155 756 932;7;1;2;9;1;1
202400014100;155 756 935;1;0;2;4;1;5
202400014101;155 756 931;10;15;0;1;0;1
202400014102;155 756 930;80;0;1;7;21;3
202400014103;155 756 927;7;0;2;3;9;1
202400014103;155 756 929;2;0;2;1;25;0
202400014104;155 756 924;7;0;2;3;15;1
202400014104;155 756 928;33;0;2;1;1;1
202400014105;155 756 923;32;0;2;1;1;1
202400014105;155 756 926;7;0;2;8;15;1
202400014106;155 756 921;7;0;1;2;15;1
202400014107;155 756 918;7;8;0;2;14;1
202400014108;155 756 916;7;0;2;3;1;1
202400014108;155 756 920;1;0;2;1;19;5
202400014109;155 756 917;7;0;2;2;13;1
202400014109;155 756 919;7;0;2;1;1;1
202400014109;155 756 922;7;0;2;1;1;1
202400014110;155 756 913;1;1;0;3;1;5
202400014111;155 756 911;33;0;0;0;0;1
202400014111;155 756 915;7;0;2;3;15;0
202400014112;155 756 909;7;0;2;1;2;1
202400014112;155 756 912;7;0;2;9;23;1
202400014112;155 756 914;7;0;2;4;23;1
202400014113;155 756 908;14;0;2;8;9;1
202400014113;155 756 910;1;0;0;7;1;5
202400014114;155 756 906;7;0;0;6;15;2
202400014114;155 756 907;43;0;2;1;2;1
202400014115;155 756 903;7;4;0;2;1;1
202400014116;155 756 900;40;0;1;1;1;3
202400014117;155 756 899;7;0;2;4;26;1
202400014117;155 756 902;10;15;2;7;13;1
202400014117;155 756 905;17;0;2;1;26;1
202400014118;155 756 898;7;7;0;1;14;1
202400014119;155 756 901;7;0;2;1;1;1
202400014119;155 756 904;7;0;2;2;1;1
202400014120;155 756 894;10;0;2;7;16;1
202400014120;155 756 897;50;0;2;1;1;3
202400014121;155 756 892;7;0;2;4;23;1
202400014121;155 756 896;7;0;2;1;1;1
202400014122;155 756 891;31;0;2;1;1;1
202400014122;155 756 893;10;0;2;8;10;1
202400014123;155 756 887;7;0;1;1;19;0
202400014124;155 756 886;7;0;0;0;2;1
202400014125;155 756 884;7;3;2;3;21;1
202400014125;155 756 889;33;0;2;1;0;1
202400014126;155 756 883;7;0;1;1;19;1
202400014127;155 756 882;36;8;0;0;0;1
202400014128;155 756 880;80;12;0;1;1;3
202400014129;155 756 877;7;0;2;2;1;1
202400014129;155 756 881;7;0;2;3;13;1
202400014130;155 756 876;13;0;2;1;14;1
202400014130;155 756 879;7;0;2;4;1;1
202400014131;155 756 875;7;6;0;1;1;1
202400014132;155 756 874;2;0;2;1;1;1
202400014132;155 756 878;7;0;2;8;15;1
202400014133;155 756 873;2;0;0;0;0;1
202400014134;155 756 871;32;1;0;1;12;3
202400014134;155 756 872;7;0;2;4;23;1
202400014135;155 756 869;30;12;0;0;1;1
202400014136;155 756 870;7;0;9;0;1;1
202400014137;155 756 867;7;4;2;1;5;1
202400014137;155 756 868;7;3;2;4;1;1
202400014138;155 756 862;7;0;2;1;2;1
202400014138;155 756 864;7;0;2;6;23;1
202400014139;155 756 861;7;0;9;2;16;1
202400014139;155 756 865;1;0;2;0;0;5
202400014140;155 756 858;17;0;2;8;1;0
202400014140;155 756 860;10;0;2;3;13;1
202400014140;155 756 863;17;0;2;3;1;1
202400014140;155 756 866;7;0;2;3;23;2
202400014141;155 756 857;1;0;2;1;2;5
202400014141;155 756 859;10;0;2;4;1;1
202400014142;155 756 856;7;0;0;3;1;1
202400014143;155 756 851;50;0;2;1;5;3
202400014143;155 756 854;7;0;2;3;16;1
202400014144;155 756 852;7;0;2;3;0;1
202400014144;155 756 855;7;0;2;3;23;1
202400014145;155 756 850;7;0;2;8;26;1
202400014145;155 756 853;33;0;2;7;2;1
202400014146;155 756 848;7;0;2;1;1;1
202400014146;155 756 849;7;3;2;1;13;1
202400014147;155 756 847;7;4;0;8;2;1
202400014148;155 756 846;7;0;1;1;1;1
202400014149;155 756 845;7;0;0;9;0;1
202400014150;155 756 842;7;0;2;8;11;1
202400014150;155 756 844;31;0;2;7;1;1
202400014151;155 756 840;7;0;2;3;15;1
202400014151;155 756 843;33;0;2;1;1;1
202400014152;155 756 839;33;0;0;2;2;1
202400014152;155 756 841;7;0;2;3;15;1
202400014153;155 756 838;7;4;0;3;1;1
202400014154;155 756 837;7;13;0;3;13;1
202400014155;155 756 836;7;0;1;2;1;1
202400014156;155 756 835;10;0;0;9;1;1
202400014157;155 756 830;10;0;2;4;4;1
202400014157;155 756 832;1;0;2;8;1;5
202400014158;155 756 828;50;0;2;3;13;3
202400014158;155 756 831;7;0;2;0;0;1
202400014159;155 756 827;7;0;2;1;1;1
202400014159;155 756 829;7;0;2;3;1;2
202400014160;155 756 825;33;0;0;7;2;1
202400014161;155 756 824;33;0;2;0;0;1
202400014161;155 756 826;7;0;2;8;1;1
202400014162;155 756 822;7;0;2;2;1;1
202400014162;155 756 823;33;0;2;3;1;1
202400014163;155 756 817;7;4;2;9;17;1
202400014163;155 756 821;7;0;2;8;1;1
202400014164;155 756 818;7;0;2;1;1;1
202400014164;155 756 820;31;0;2;7;19;1
202400014165;155 756 813;2;0;0;7;19;1
202400014165;155 756 816;7;0;2;1;1;1
202400014166;155 756 812;7;0;2;2;2;1
202400014166;155 756 815;7;0;2;6;11;1
202400014167;155 756 810;7;0;2;4;1;2
202400014167;155 756 811;13;0;2;1;1;1
202400014167;155 756 814;7;0;2;2;1;1
202400014168;155 756 809;7;0;0;2;1;1
202400014169;155 756 807;7;0;2;6;0;1
202400014169;155 756 808;7;0;2;5;19;2
202400014170;155 756 805;7;2;0;7;1;1
202400014171;155 756 804;32;0;2;1;17;1
202400014171;155 756 806;10;0;2;2;1;1
202400014172;155 756 803;7;0;1;1;0;1
202400014173;155 756 802;7;0;1;3;5;1
202400014174;155 756 799;33;12;2;1;2;1
202400014174;155 756 800;1;0;2;7;19;5
202400014175;155 756 797;7;0;2;1;1;3
202400014175;155 756 798;7;0;2;1;13;1
202400014175;155 756 801;7;0;2;1;1;1
202400014176;155 756 796;43;7;0;1;1;1
202400014177;155 756 794;7;0;1;2;1;1
202400014178;155 756 793;7;0;2;2;16;1
202400014178;155 756 795;33;0;2;8;15;1
202400014179;155 756 792;7;2;0;9;1;1
202400014180;155 756 790;7;0;2;6;1;1
202400014180;155 756 791;50;0;2;1;1;3
202400014181;155 756 788;32;0;1;1;0;1
202400014182;155 756 787;7;1;9;3;24;1
202400014182;155 756 789;1;1;0;1;21;5
202400014183;155 756 786;7;15;0;1;15;1
202400014184;155 756 785;14;0;1;2;9;1
202400014185;155 756 783;7;0;2;2;12;1
202400014185;155 756 784;15;0;2;3;1;1
202400014186;155 756 781;7;0;1;2;14;1
202400014187;155 756 777;7;0;1;2;1;1
202400014188;155 756 778;7;0;2;2;17;1
202400014188;155 756 779;7;0;0;4;1;1
202400014189;155 756 776;7;0;0;9;26;1
202400014190;155 756 773;14;0;2;3;1;1
202400014190;155 756 774;7;0;2;1;13;1
202400014191;155 756 772;7;0;2;1;13;1
202400014191;155 756 775;7;0;2;1;1;1
202400014192;155 756 770;7;0;2;1;1;1
202400014192;155 756 771;7;0;2;1;1;1
202400014193;155 756 768;10;17;0;1;1;0
202400014194;155 756 769;80;0;1;4;26;3