Num_Acc;id_vehicule;categorie_vehicule;obstacle_fixe;obstacle_mobile;point_choc_initial;manoeuvre_principale;motorisation
202400014195;155 756 767;7;0;1;3;2;1
202400014196;155 756 765;7;8;0;1;9;1
202400014197;155 756 763;10;0;1;2;0;1
202400014198;155 756 764;7;0;2;1;13;1
202400014198;155 756 766;7;0;2;1;1;1
202400014199;155 756 762;7;0;1;7;2;1
202400014200;155 756 761;7;0;1;1;15;1
202400014201;155 756 757;33;0;2;1;1;1
202400014201;155 756 759;7;0;2;3;1;1
202400014201;155 756 760;10;0;2;8;11;1
202400014202;155 756 758;30;0;0;3;0;1
202400014203;155 756 753;7;0;2;1;2;1
202400014203;155 756 755;7;0;2;4;2;1
202400014204;155 756 752;10;8;0;2;6;1
202400014205;155 756 750;7;1;1;1;1;1
202400014206;155 756 749;10;0;2;3;15;1
202400014206;155 756 751;34;0;2;1;1;1
202400014206;155 756 754;7;0;2;1;23;1
202400014207;155 756 744;7;0;2;4;1;1
202400014207;155 756 745;7;0;2;1;2;1
202400014208;155 756 743;10;0;2;7;26;1
202400014208;155 756 747;13;0;2;1;16;1
202400014209;155 756 742;7;0;2;7;15;1
202400014209;155 756 746;7;0;2;1;1;1
202400014210;155 756 741;7;14;0;1;0;1
202400014211;155 756 735;7;0;2;2;12;1
202400014211;155 756 739;7;0;2;8;0;1
202400014212;155 756 734;7;0;2;1;13;1
202400014212;155 756 736;7;0;2;1;1;1
202400014212;155 756 740;7;0;2;8;9;1
202400014213;155 756 733;7;0;2;4;1;3
202400014213;155 756 737;99;0;2;3;21;1
202400014213;155 756 738;10;0;2;5;21;1
202400014214;155 756 730;10;4;0;3;13;1
202400014215;155 756 729;80;0;4;0;14;3
202400014215;155 756 731;40;0;2;8;1;3
202400014216;155 756 728;60;0;2;3;5;5
202400014216;155 756 732;7;0;2;2;2;1
202400014217;155 756 724;7;0;2;8;1;1
202400014217;155 756 726;31;14;2;4;1;1
202400014218;155 756 725;33;0;2;1;1;1
202400014218;155 756 727;7;0;2;2;15;1
202400014219;155 756 722;7;0;2;3;13;1
202400014219;155 756 723;7;0;2;8;1;1
202400014220;155 756 720;2;0;0;0;26;1
202400014221;155 756 719;15;0;2;1;2;1
202400014221;155 756 721;15;0;2;4;2;1
202400014222;155 756 715;14;0;2;5;1;1
202400014222;155 756 717;7;0;2;1;0;1
202400014222;155 756 718;3;1;0;4;0;1
202400014223;155 756 712;7;0;2;3;11;1
202400014223;155 756 714;33;0;2;7;3;1
202400014224;155 756 713;7;0;9;7;9;1
202400014224;155 756 716;50;0;2;2;1;3
202400014225;155 756 711;33;13;0;0;13;1
202400014226;155 756 708;31;0;2;1;1;1
202400014226;155 756 709;10;0;2;3;9;1
202400014227;155 756 707;7;4;2;1;1;1
202400014227;155 756 710;7;0;2;3;1;1
202400014228;155 756 703;33;0;2;1;0;1
202400014228;155 756 705;7;0;2;5;1;1
202400014229;155 756 704;30;0;2;1;1;1
202400014229;155 756 706;33;0;0;5;21;1
202400014230;155 756 702;17;3;0;7;1;1
202400014231;155 756 701;7;0;1;8;15;1
202400014232;155 756 700;7;4;0;2;14;1
202400014233;155 756 699;30;0;0;0;1;1
202400014234;155 756 697;1;0;2;1;1;5
202400014234;155 756 698;7;0;0;0;0;1
202400014235;155 756 694;7;0;2;1;1;1
202400014235;155 756 696;7;0;2;4;1;1
202400014236;155 756 693;33;0;2;6;12;1
202400014236;155 756 695;7;0;2;7;1;2
202400014237;155 756 691;7;0;0;8;1;1
202400014237;155 756 692;7;0;0;1;15;1
202400014238;155 756 686;7;0;2;2;1;2
202400014238;155 756 688;7;0;2;3;13;1
202400014239;155 756 685;10;0;2;3;13;1
202400014239;155 756 689;7;0;2;5;1;2
202400014239;155 756 690;7;0;2;4;1;1
202400014240;155 756 684;7;0;2;2;1;1
202400014240;155 756 687;7;0;2;3;1;1
202400014241;155 756 681;14;4;2;7;12;1
202400014241;155 756 683;7;4;2;8;1;1
202400014242;155 756 679;7;1;0;2;14;1
202400014243;155 756 678;33;0;2;7;1;1
202400014243;155 756 680;1;0;2;8;1;5
202400014243;155 756 682;10;0;2;3;13;3
202400014244;155 756 676;7;0;2;1;1;1
202400014244;155 756 677;1;0;2;1;5;5
202400014245;155 756 675;7;0;1;1;1;1
202400014246;155 756 671;7;0;2;1;9;1
202400014246;155 756 673;2;0;2;1;1;1
202400014247;155 756 670;7;0;1;1;1;1
202400014248;155 756 672;2;0;2;2;7;3
202400014248;155 756 674;7;0;2;3;15;2
202400014249;155 756 668;10;0;2;6;2;1
202400014249;155 756 669;2;1;0;1;2;1
202400014250;155 756 667;7;0;1;8;15;1
202400014251;155 756 666;37;0;1;2;7;3
202400014252;155 756 664;7;6;0;1;13;3
202400014253;155 756 662;99;0;2;2;8;3
202400014253;155 756 665;7;0;2;3;15;3
202400014254;155 756 661;31;0;0;1;3;1
202400014255;155 756 660;7;1;2;1;21;1
202400014255;155 756 663;7;0;2;2;1;1
202400014256;155 756 658;7;0;1;1;1;1
202400014257;155 756 657;7;0;1;4;4;1
202400014258;155 756 654;33;12;0;1;1;1
202400014259;155 756 652;1;0;0;0;1;5
202400014260;155 756 650;7;0;2;2;1;1
202400014260;155 756 653;50;0;2;1;1;3
202400014261;155 756 649;7;0;2;6;23;1
202400014261;155 756 651;7;0;2;6;0;1
202400014261;155 756 655;7;0;2;2;1;1
202400014261;155 756 656;14;0;2;2;1;1
202400014262;155 756 647;7;0;2;8;15;1
202400014262;155 756 648;32;9;2;1;17;1
202400014263;155 756 644;7;0;1;1;21;1
202400014264;155 756 643;14;0;2;8;15;1
202400014264;155 756 646;2;0;2;2;17;3
202400014265;155 756 641;7;0;2;1;1;1
202400014265;155 756 645;7;0;2;1;15;1
202400014266;155 756 640;33;0;2;2;15;1
202400014266;155 756 642;7;0;2;3;15;1
202400014267;155 756 638;7;0;2;4;19;1
202400014267;155 756 639;1;0;2;1;1;5
202400014268;155 756 637;10;0;1;1;16;1
202400014269;155 756 636;7;0;1;2;1;2
202400014270;155 756 634;10;0;1;4;4;1
202400014271;155 756 633;7;0;1;2;1;1
202400014272;155 756 632;32;0;2;3;1;1
202400014272;155 756 635;10;0;2;2;9;1
202400014273;155 756 631;7;0;1;1;1;1
202400014274;155 756 627;10;0;2;1;1;0
202400014274;155 756 629;10;0;2;4;23;2
202400014275;155 756 626;31;0;2;2;14;1
202400014275;155 756 630;33;0;2;3;18;1
202400014276;155 756 624;7;0;2;2;22;3
202400014276;155 756 628;80;0;2;3;1;3
202400014277;155 756 625;7;0;1;3;1;1
202400014278;155 756 623;33;0;1;1;1;1
202400014279;155 756 621;7;0;1;3;1;1
202400014280;155 756 620;1;0;1;1;16;5
202400014281;155 756 618;7;4;0;8;10;1
202400014281;155 756 622;7;4;2;1;1;1
202400014282;155 756 612;33;0;2;6;11;1
202400014282;155 756 615;7;0;2;6;1;1
202400014282;155 756 617;33;0;2;2;0;1
202400014282;155 756 619;7;0;2;8;1;2
202400014283;155 756 611;10;0;1;4;4;0
202400014284;155 756 607;7;0;2;1;1;1
202400014284;155 756 610;1;0;2;7;1;5
202400014284;155 756 614;1;0;2;7;1;5
202400014285;155 756 602;7;0;2;1;1;0
202400014285;155 756 604;7;0;2;4;23;1
202400014286;155 756 601;7;0;2;1;1;1
202400014286;155 756 606;10;0;2;2;1;3
202400014287;155 756 599;17;0;2;1;2;1
202400014287;155 756 600;7;0;2;1;1;1
202400014287;155 756 603;7;0;2;1;1;0
202400014287;155 756 605;7;0;2;1;1;1
202400014287;155 756 608;7;0;2;1;1;1
202400014287;155 756 609;7;0;2;1;1;0
202400014287;155 756 613;3;0;2;1;2;0
202400014287;155 756 616;7;0;2;1;2;1
202400014288;155 756 595;7;0;2;2;1;1
202400014288;155 756 597;7;9;2;3;20;1
202400014289;155 756 592;7;0;1;4;20;2
202400014290;155 756 593;50;0;2;1;1;3
202400014290;155 756 598;7;0;2;5;1;1
202400014291;155 756 594;34;0;2;5;1;1
202400014291;155 756 596;7;0;2;2;1;1
202400014292;155 756 591;15;1;1;5;20;1
202400014293;155 756 588;7;0;2;4;2;1
202400014293;155 756 590;7;0;2;1;2;1
202400014294;155 756 586;7;0;9;3;16;2
202400014294;155 756 589;1;0;0;2;1;5
202400014295;155 756 585;7;0;2;2;5;1
202400014295;155 756 587;7;0;2;1;1;1
202400014296;155 756 582;10;0;2;1;1;3
202400014296;155 756 584;7;0;2;4;1;3
202400014297;155 756 581;7;1;0;2;26;1
202400014298;155 756 579;7;0;2;5;26;1
202400014298;155 756 583;7;0;2;1;26;1
202400014299;155 756 578;10;0;2;1;15;3
202400014299;155 756 580;1;0;2;7;1;5
202400014300;155 756 573;7;0;2;3;13;1
202400014300;155 756 576;1;0;2;2;19;5
202400014301;155 756 571;7;0;2;1;1;1
202400014301;155 756 574;7;0;2;0;0;0
202400014302;155 756 569;7;0;2;1;1;1
202400014302;155 756 572;2;0;2;1;1;1
202400014302;155 756 575;7;0;2;3;15;1
202400014303;155 756 570;7;9;2;3;1;1
202400014303;155 756 577;10;0;2;2;1;1
202400014304;155 756 568;7;12;0;2;2;1
202400014305;155 756 566;10;12;0;9;2;1
202400014306;155 756 565;10;1;0;1;1;1
202400014307;155 756 564;7;0;9;2;1;1
202400014307;155 756 567;50;0;2;1;0;3
202400014308;155 756 562;7;0;2;2;17;1
202400014308;155 756 563;7;0;2;1;1;0
202400014309;155 756 557;33;0;0;0;1;1
202400014310;155 756 560;33;0;2;7;26;1
202400014310;155 756 561;7;0;2;6;0;1
202400014311;155 756 558;7;0;1;3;1;1
202400014312;155 756 555;32;0;2;8;1;1
202400014312;155 756 559;7;0;2;2;1;1
202400014313;155 756 553;99;8;2;1;21;1
202400014314;155 756 551;1;0;2;8;1;5
202400014314;155 756 552;7;0;9;7;15;1
202400014315;155 756 549;50;8;0;1;13;3
202400014316;155 756 547;7;0;2;4;15;1
202400014316;155 756 550;7;0;2;1;1;1
202400014317;155 756 543;7;0;1;1;1;1
202400014318;155 756 545;7;0;2;1;1;1
202400014318;155 756 546;7;0;2;4;1;1
202400014318;155 756 548;7;0;0;4;15;1
202400014319;155 756 542;7;0;2;2;15;1
202400014319;155 756 544;42;0;2;8;1;1
202400014320;155 756 540;7;;0;1;26;1
202400014321;155 756 537;7;0;2;1;1;1
202400014321;155 756 541;7;0;2;5;19;1
202400014322;155 756 535;7;0;2;2;13;1
202400014322;155 756 538;20;0;2;3;1;3
202400014323;155 756 536;7;0;2;4;2;1
202400014323;155 756 539;36;0;2;0;0;1
202400014324;155 756 534;7;0;1;2;15;0
202400014325;155 756 532;33;0;2;0;1;1
202400014326;155 756 531;7;0;2;1;26;1
202400014326;155 756 533;7;0;2;1;26;1
202400014327;155 756 530;7;0;1;7;16;1
202400014328;155 756 528;30;12;0;7;14;1
202400014329;155 756 525;7;0;2;1;1;1
202400014329;155 756 529;7;0;2;4;2;1
202400014330;155 756 523;7;0;2;1;2;1
202400014330;155 756 526;10;12;0;4;2;3
202400014331;155 756 524;2;0;2;7;15;1
202400014331;155 756 527;7;0;2;3;9;1
202400014332;155 756 520;33;0;2;4;1;1
202400014332;155 756 522;7;0;2;3;9;1
202400014333;155 756 519;32;0;2;1;1;1
202400014333;155 756 521;7;0;2;1;15;1
202400014334;155 756 517;7;0;1;1;18;1
202400014335;155 756 513;30;0;2;1;1;1
202400014335;155 756 516;7;0;2;8;15;1
202400014336;155 756 512;7;0;2;7;10;1
202400014336;155 756 518;32;0;2;1;26;1
202400014337;155 756 511;33;0;1;1;19;1
202400014338;155 756 506;7;0;2;1;13;1
202400014338;155 756 509;7;0;2;1;1;1
202400014339;155 756 507;7;0;2;2;16;1
202400014339;155 756 510;31;0;2;1;1;1
202400014340;155 756 504;32;0;1;1;2;1
202400014340;155 756 508;50;0;2;1;5;3
202400014341;155 756 503;7;0;2;1;1;1
202400014341;155 756 505;7;0;2;3;10;1
202400014342;155 756 501;38;0;2;4;2;1
202400014342;155 756 502;7;0;2;1;2;1
202400014343;155 756 500;7;0;1;1;1;1
202400014344;155 756 497;7;0;2;3;9;1
202400014344;155 756 499;1;0;2;2;1;5
202400014345;155 756 498;33;0;1;2;1;1
202400014346;155 756 495;31;0;2;8;15;1
202400014346;155 756 496;7;0;2;7;1;1
202400014347;155 756 493;7;0;2;3;1;1
202400014347;155 756 494;7;0;2;3;13;1
202400014348;155 756 492;37;9;1;7;9;1
202400014349;155 756 488;7;0;2;4;1;1
202400014349;155 756 490;7;0;2;1;1;1
202400014350;155 756 487;34;0;2;1;1;1
202400014350;155 756 489;7;0;2;7;12;1
202400014351;155 756 485;80;0;2;1;0;2
202400014351;155 756 491;7;0;2;1;9;1
202400014352;155 756 486;7;0;1;0;13;1
202400014353;155 756 481;33;0;2;2;20;0
202400014353;155 756 483;30;0;2;8;1;1
202400014354;155 756 479;50;0;2;1;1;3
202400014354;155 756 482;7;0;2;5;16;1
202400014355;155 756 480;33;0;2;8;18;1
202400014355;155 756 484;7;0;2;1;15;2
202400014356;155 756 476;50;0;0;0;14;3
202400014357;155 756 477;7;0;2;0;0;1
202400014357;155 756 478;10;0;2;0;0;1
202400014358;155 756 474;30;0;2;1;1;1
202400014358;155 756 475;7;0;2;1;9;1
202400014359;155 756 472;7;0;0;1;1;1
202400014360;155 756 470;7;0;1;5;1;1
202400014361;155 756 471;3;0;0;0;13;0
202400014361;155 756 473;37;1;2;0;1;1
202400014362;155 756 468;7;0;2;0;1;1
202400014362;155 756 469;1;0;2;0;1;5
202400014363;155 756 465;80;0;2;1;1;3
202400014363;155 756 467;15;0;2;5;1;1
202400014364;155 756 464;7;0;2;3;19;2
202400014364;155 756 466;32;0;2;1;1;1
202400014365;155 756 463;50;15;1;1;1;3
202400014366;155 756 459;33;0;0;0;0;1
202400014366;155 756 462;0;0;2;3;18;0
202400014367;155 756 458;31;0;2;3;2;1
202400014367;155 756 460;7;0;2;3;13;2
202400014368;155 756 456;7;0;2;3;1;1
202400014368;155 756 461;7;0;2;0;0;1
202400014369;155 756 455;7;0;2;1;0;1
202400014369;155 756 457;7;0;2;2;26;1
202400014370;155 756 454;10;0;1;1;2;1
202400014371;155 756 448;50;0;2;1;1;3
202400014371;155 756 452;7;0;9;8;9;0
202400014372;155 756 446;7;0;2;8;1;1
202400014372;155 756 450;50;0;2;7;1;3
202400014373;155 756 447;15;0;2;3;1;1
202400014373;155 756 451;7;0;2;1;1;1
202400014373;155 756 453;7;0;2;1;1;1
202400014374;155 756 444;7;0;2;5;2;1
202400014374;155 756 445;14;0;2;2;2;1
202400014374;155 756 449;7;0;2;6;9;1
202400014375;155 756 438;33;0;2;3;1;1
202400014375;155 756 442;7;0;2;3;1;1
202400014376;155 756 440;7;0;2;1;2;2
202400014376;155 756 443;10;0;2;4;23;1
202400014377;155 756 441;33;8;0;1;0;1
202400014378;155 756 437;33;0;2;7;3;1
202400014378;155 756 439;7;0;2;7;13;0
202400014379;155 756 433;30;0;0;2;1;1
202400014380;155 756 434;7;2;0;1;13;1
202400014381;155 756 431;3;0;2;6;26;1
202400014381;155 756 436;32;0;2;1;1;1
202400014382;155 756 432;32;0;2;7;1;1
202400014382;155 756 435;7;0;2;8;10;2
202400014383;155 756 429;7;0;1;7;1;2
202400014384;155 756 428;32;0;0;0;0;1
202400014385;155 756 430;7;13;0;1;1;1
202400014386;155 756 426;7;0;2;6;13;1
202400014386;155 756 427;7;0;2;3;1;1
202400014387;155 756 423;33;0;2;0;0;1
202400014387;155 756 425;7;0;2;2;15;2
202400014388;155 756 422;33;0;0;7;2;1
202400014389;155 756 421;7;0;2;3;19;1
202400014389;155 756 424;7;0;2;3;1;1
202400014390;155 756 420;7;0;1;2;1;1
202400014391;155 756 416;33;0;0;7;1;1
202400014392;155 756 415;7;1;2;1;13;1
202400014392;155 756 417;7;6;2;9;23;1
202400014392;155 756 419;7;0;2;1;1;1
202400014393;155 756 412;7;0;1;3;1;1
202400014394;155 756 411;7;0;2;0;0;1
202400014394;155 756 414;33;0;2;0;26;1
202400014395;155 756 409;50;0;2;1;13;3
202400014395;155 756 410;7;0;2;6;21;3
202400014396;155 756 407;15;0;0;3;1;1
202400014396;155 756 408;7;0;2;1;1;1
202400014396;155 756 413;7;0;0;6;1;1
202400014397;155 756 406;13;2;0;1;14;1
202400014398;155 756 404;7;0;2;1;5;1
202400014398;155 756 405;7;0;2;1;0;1
202400014399;155 756 403;7;0;1;3;19;2
202400014400;155 756 402;7;13;0;1;1;1
202400014401;155 756 400;7;6;0;1;1;1
202400014402;155 756 399;33;13;0;1;16;1
202400014403;155 756 398;30;0;2;1;1;1
202400014403;155 756 401;7;0;2;2;15;1
202400014404;155 756 394;60;0;2;2;19;5
202400014404;155 756 396;7;0;2;3;1;0
202400014405;155 756 393;7;0;2;3;1;1
202400014405;155 756 395;33;0;2;7;1;1
202400014405;155 756 397;7;0;2;8;1;1
202400014406;155 756 389;7;0;2;1;1;1
202400014406;155 756 391;1;0;2;7;15;5
202400014407;155 756 390;7;0;2;1;1;1
202400014407;155 756 392;7;8;0;5;19;1
202400014408;155 756 385;7;0;0;4;23;1
202400014408;155 756 387;7;0;2;1;1;1
202400014409;155 756 383;38;0;0;0;0;1
202400014409;155 756 384;30;0;2;1;26;3
202400014410;155 756 381;7;4;0;3;17;1
202400014411;155 756 380;7;0;1;1;1;1
202400014412;155 756 378;7;0;2;1;2;1
202400014412;155 756 382;13;0;0;6;2;1
202400014413;155 756 377;7;0;2;2;1;1
202400014413;155 756 379;7;0;2;6;4;1
202400014414;155 756 376;7;0;1;1;1;1
202400014415;155 756 374;7;0;2;6;20;1
202400014415;155 756 375;33;0;2;1;1;1
202400014416;155 756 373;33;13;0;1;1;1
202400014417;155 756 371;7;13;0;1;1;1
202400014418;155 756 370;1;0;2;1;2;5
202400014419;155 756 369;7;0;2;2;15;1
202400014419;155 756 372;16;0;2;3;1;1
202400014420;155 756 368;7;0;0;9;2;1
202400014421;155 756 367;1;0;0;0;1;5
202400014422;155 756 365;33;0;2;1;13;1
202400014422;155 756 366;7;0;2;6;2;1
202400014423;155 756 364;37;0;1;3;1;1
202400014424;155 756 362;7;0;2;1;1;0
202400014424;155 756 363;7;0;0;2;13;1
202400014425;155 756 360;7;0;1;1;1;1
202400014426;155 756 359;50;0;1;1;1;3
202400014427;155 756 357;14;0;2;1;2;1
202400014427;155 756 358;7;0;2;4;2;1
202400014427;155 756 361;14;0;2;4;2;1
202400014428;155 756 353;7;0;2;1;2;1
202400014428;155 756 355;7;0;2;4;23;1
202400014429;155 756 352;2;13;2;1;17;1
202400014429;155 756 356;7;0;2;2;16;1
202400014430;155 756 351;99;0;2;8;26;6
202400014430;155 756 354;7;0;5;2;17;1
202400014431;155 756 350;33;0;0;0;1;1
202400014432;155 756 348;7;0;2;7;15;1
202400014432;155 756 349;30;0;2;2;1;1
202400014433;155 756 347;7;0;1;0;0;1
202400014434;155 756 343;1;0;2;3;1;5
202400014434;155 756 346;7;0;2;2;17;2
202400014435;155 756 342;7;0;2;1;13;1
202400014435;155 756 344;10;0;2;1;1;1
202400014436;155 756 341;7;0;2;2;9;1
202400014436;155 756 345;80;0;2;7;1;3
202400014437;155 756 340;7;0;1;1;1;1
202400014438;155 756 339;7;2;0;3;13;1
202400014439;155 756 338;37;0;1;2;1;1
202400014440;155 756 337;7;16;9;1;1;1
202400014441;155 756 334;99;0;9;0;0;5
202400014441;155 756 336;1;0;9;8;21;5
202400014442;155 756 333;7;0;2;1;1;1
202400014442;155 756 335;7;0;2;2;19;1
202400014443;155 756 330;10;0;2;8;0;1
202400014443;155 756 332;7;0;2;1;0;1
202400014444;155 756 328;7;13;0;3;1;1
202400014445;155 756 331;7;2;0;8;16;1
202400014446;155 756 327;7;0;2;4;23;1
202400014446;155 756 329;10;14;2;1;1;1
202400014447;155 756 323;2;0;2;3;0;1
202400014447;155 756 326;7;0;2;3;0;2
202400014448;155 756 321;7;0;2;6;9;1
202400014448;155 756 325;7;0;2;2;21;1
202400014449;155 756 320;7;0;2;3;1;1
202400014449;155 756 322;7;0;0;0;0;1
202400014449;155 756 324;33;0;2;5;16;1
202400014450;155 756 318;14;0;2;3;1;1
202400014450;155 756 319;7;0;2;1;11;1
202400014451;155 756 315;7;0;2;1;1;3
202400014451;155 756 317;7;15;2;1;13;1
202400014452;155 756 314;33;0;2;1;21;1
202400014452;155 756 316;7;0;2;3;15;1
202400014453;155 756 312;2;1;0;1;1;1
202400014454;155 756 309;7;3;2;1;2;1
202400014454;155 756 311;7;0;0;4;2;1
202400014454;155 756 313;7;0;2;4;2;1
202400014455;155 756 306;7;8;0;1;1;1
202400014456;155 756 305;7;0;2;3;15;1
202400014456;155 756 308;7;0;2;2;21;1
202400014457;155 756 307;30;0;2;1;1;3
202400014457;155 756 310;7;0;2;8;15;1
202400014458;155 756 304;33;14;0;1;1;1
202400014459;155 756 302;80;0;2;8;10;3
202400014459;155 756 303;7;0;2;2;17;1
202400014460;155 756 299;7;0;2;0;1;1
202400014460;155 756 301;30;0;2;5;1;1
202400014461;155 756 298;7;16;0;0;1;1
202400014462;155 756 295;14;8;2;3;5;1
202400014462;155 756 296;7;0;2;8;1;1
202400014463;155 756 294;7;0;2;1;1;1
202400014463;155 756 297;7;0;2;3;15;2
202400014464;155 756 291;33;13;0;0;21;1
202400014465;155 756 292;7;0;2;3;13;1
202400014465;155 756 293;10;0;2;3;1;1
202400014466;155 756 289;7;0;2;1;9;1
202400014466;155 756 290;1;0;2;2;1;5
202400014467;155 756 286;7;0;2;8;9;1
202400014467;155 756 288;1;0;2;1;1;5
202400014468;155 756 285;7;0;2;2;13;1
202400014468;155 756 287;7;0;2;2;21;2
202400014469;155 756 283;1;0;2;1;1;5
202400014469;155 756 284;7;0;2;3;16;1
202400014470;155 756 282;7;13;0;0;1;1
202400014471;155 756 281;7;2;0;1;14;1
202400014472;155 756 280;7;0;1;1;1;1
202400014473;155 756 278;50;0;1;1;1;3
202400014474;155 756 277;7;0;2;2;15;1
202400014474;155 756 279;34;0;2;1;1;1
202400014475;155 756 274;0;0;2;3;13;0
202400014475;155 756 275;1;0;0;8;1;5
202400014476;155 756 276;7;0;1;1;1;1
202400014477;155 756 273;7;2;0;1;0;1
202400014478;155 756 272;33;0;0;1;1;1
202400014479;155 756 270;7;0;0;0;0;1
202400014480;155 756 268;7;0;2;3;26;1
202400014480;155 756 271;2;0;2;2;0;1
202400014481;155 756 267;7;0;9;2;11;1
202400014481;155 756 269;1;0;2;1;1;5
202400014482;155 756 265;7;0;2;6;9;1
202400014482;155 756 266;7;0;2;1;1;1
202400014483;155 756 264;7;0;1;1;15;1
202400014484;155 756 263;7;2;0;1;2;1
202400014485;155 756 262;7;0;1;1;26;1
202400014486;155 756 260;7;17;0;1;14;1
202400014487;155 756 259;2;0;2;1;17;1
202400014487;155 756 261;7;0;2;2;9;1
202400014488;155 756 252;1;0;9;3;1;5
202400014488;155 756 255;1;0;0;2;1;5
202400014488;155 756 257;1;0;0;0;1;5
202400014488;155 756 258;1;0;9;0;1;5
202400014489;155 756 251;7;0;2;1;2;1
202400014489;155 756 254;7;0;2;4;23;1
202400014490;155 756 250;7;0;2;3;17;1
202400014490;155 756 253;7;0;2;3;1;2
202400014490;155 756 256;10;0;2;8;1;1
202400014491;155 756 249;33;0;0;0;1;1
202400014492;155 756 248;10;14;0;1;1;1
202400014493;155 756 243;7;0;2;3;0;1
202400014493;155 756 246;17;0;0;3;0;1
202400014494;155 756 247;7;12;0;2;1;1
202400014495;155 756 241;2;0;6;1;0;1
202400014496;155 756 240;7;0;0;7;1;1
202400014497;155 756 237;33;0;6;8;21;1
202400014498;155 756 238;7;0;2;2;20;1
202400014498;155 756 239;1;0;2;1;1;5
202400014499;155 756 236;14;5;0;7;14;1
202400014500;155 756 232;7;0;2;1;1;1
202400014500;155 756 234;7;0;0;6;3;1
202400014501;155 756 230;7;0;2;1;17;1
202400014501;155 756 233;7;0;2;1;1;1
202400014502;155 756 231;30;0;2;1;1;1
202400014502;155 756 235;10;0;2;5;23;1
202400014503;155 756 226;7;0;2;3;1;1
202400014503;155 756 229;15;0;2;3;11;1
202400014504;155 756 224;7;0;2;3;1;1
202400014504;155 756 228;7;0;2;2;1;1
202400014505;155 756 222;7;0;2;1;13;1
202400014505;155 756 223;10;0;2;1;1;1
202400014505;155 756 225;7;2;0;1;21;1
202400014505;155 756 227;7;0;2;1;1;1
202400014506;155 756 220;7;0;0;5;3;1
202400014506;155 756 221;7;4;2;0;0;1
202400014507;155 756 217;1;0;2;3;15;5
202400014507;155 756 218;7;0;2;2;17;1
202400014508;155 756 216;10;14;2;2;1;1
202400014508;155 756 219;7;0;2;3;1;1
202400014509;155 756 215;7;;;;;1
202400014510;155 756 213;7;0;2;7;9;1
202400014510;155 756 214;33;0;2;1;7;1
202400014511;155 756 208;7;0;2;1;1;1
202400014511;155 756 210;7;0;2;4;1;1
202400014511;155 756 212;7;0;0;4;1;1
202400014512;155 756 209;7;0;2;1;1;1
202400014512;155 756 211;7;0;2;1;21;1
202400014513;155 756 206;7;0;2;3;1;1
202400014513;155 756 207;80;0;2;3;1;3
202400014514;155 756 204;7;2;0;1;19;1
202400014515;155 756 203;7;4;0;6;2;1
202400014515;155 756 205;7;0;2;2;11;1
202400014516;155 756 199;7;0;2;3;13;1
202400014516;155 756 201;7;0;2;3;1;1
202400014517;155 756 196;7;0;0;1;2;1
202400014517;155 756 198;7;0;0;4;2;1
202400014518;155 756 195;32;0;0;0;23;1
202400014518;155 756 197;7;0;2;1;1;1
202400014518;155 756 200;7;0;0;4;23;1
202400014518;155 756 202;7;0;2;4;23;1
202400014519;155 756 194;7;3;0;1;14;1
202400014520;155 756 193;10;0;1;2;1;1
202400014521;155 756 192;7;0;1;1;16;2
202400014522;155 756 191;7;8;0;2;1;1
202400014523;155 756 189;7;0;0;4;0;1
202400014523;155 756 190;7;0;2;1;0;1
202400014524;155 756 186;7;0;9;1;1;1
202400014524;155 756 188;1;0;2;8;19;5
202400014525;155 756 185;7;0;2;3;1;1
202400014525;155 756 187;7;0;2;8;15;1
202400014526;155 756 182;32;0;2;3;1;1
202400014526;155 756 183;32;0;2;3;1;1
202400014527;155 756 178;7;0;0;4;1;1
202400014527;155 756 180;7;0;2;1;1;1
202400014527;155 756 184;7;0;2;3;1;1
202400014528;155 756 177;7;0;2;1;1;1
202400014528;155 756 181;1;0;2;4;1;5
202400014529;155 756 176;7;0;2;1;9;1
202400014529;155 756 179;33;7;0;8;1;1
202400014530;155 756 175;7;13;0;1;1;1
202400014531;155 756 174;7;13;0;0;0;1
202400014532;155 756 173;7;0;1;2;2;1
202400014533;155 756 171;38;0;2;1;1;1
202400014533;155 756 172;33;0;2;1;0;1
202400014534;155 756 169;10;0;2;1;11;1
202400014534;155 756 170;7;0;2;1;1;2
202400014535;155 756 166;7;0;2;7;12;1
202400014535;155 756 168;33;0;2;3;3;1
202400014536;155 756 164;7;0;2;3;1;1
202400014536;155 756 167;32;0;2;1;13;1
202400014537;155 756 165;2;0;0;0;13;1
202400014538;155 756 162;7;0;2;1;1;2
202400014539;155 756 160;7;0;2;2;21;1
202400014539;155 756 161;2;0;2;4;15;1
202400014540;155 756 163;7;4;0;3;13;1
202400014541;155 756 157;7;0;2;1;16;1
202400014541;155 756 159;7;0;2;3;0;1
202400014542;155 756 154;7;0;2;1;1;1
202400014542;155 756 155;7;0;2;1;1;1
202400014542;155 756 158;7;0;2;1;1;1
202400014543;155 756 152;7;0;2;3;1;1
202400014543;155 756 153;3;0;2;2;1;1