Num_Acc;id_vehicule;categorie_vehicule;obstacle_fixe;obstacle_mobile;point_choc_initial;manoeuvre_principale;motorisation
202400015254;155 754 927;33;0;2;3;13;1
202400015254;155 754 929;14;0;2;3;21;1
202400015255;155 754 925;7;0;1;3;2;1
202400015256;155 754 924;50;0;2;1;1;3
202400015256;155 754 926;7;0;2;3;9;1
202400015257;155 754 920;7;0;2;5;18;1
202400015257;155 754 921;15;0;2;3;1;1
202400015257;155 754 922;7;0;2;3;14;2
202400015258;155 754 918;32;14;0;0;17;1
202400015258;155 754 919;38;0;0;0;15;1
202400015259;155 754 913;7;0;2;2;14;1
202400015259;155 754 915;17;0;0;0;1;1
202400015260;155 754 914;3;8;0;1;1;1
202400015261;155 754 912;7;6;0;1;1;1
202400015262;155 754 910;7;3;9;1;2;2
202400015263;155 754 909;7;4;0;3;1;1
202400015264;155 754 908;1;13;0;0;14;5
202400015265;155 754 905;7;0;2;5;15;1
202400015265;155 754 907;10;0;2;1;1;1
202400015266;155 754 904;2;0;0;1;1;1
202400015266;155 754 906;7;0;9;3;13;1
202400015267;155 754 902;13;0;1;5;1;1
202400015268;155 754 901;7;0;2;3;5;1
202400015268;155 754 903;7;0;2;3;1;1
202400015269;155 754 896;1;0;9;8;1;5
202400015269;155 754 898;1;0;2;8;1;5
202400015269;155 754 900;10;0;9;7;17;1
202400015270;155 754 895;7;13;0;2;1;1
202400015271;155 754 894;36;2;0;0;1;1
202400015272;155 754 891;7;0;2;1;13;1
202400015272;155 754 893;10;0;2;1;1;1
202400015273;155 754 890;7;0;2;7;1;1
202400015273;155 754 892;31;0;2;1;2;1
202400015274;155 754 888;2;0;1;1;1;1
202400015275;155 754 887;7;0;2;2;19;1
202400015275;155 754 889;7;13;2;1;1;1
202400015276;155 754 885;7;0;0;0;17;0
202400015276;155 754 886;1;0;0;0;0;5
202400015277;155 754 883;1;0;2;0;0;5
202400015277;155 754 884;10;0;9;3;0;1
202400015278;155 754 882;7;0;1;2;1;1
202400015279;155 754 881;7;0;1;1;1;1
202400015280;155 754 876;33;0;2;1;17;1
202400015280;155 754 878;7;0;2;8;15;1
202400015281;155 754 874;7;0;2;2;1;1
202400015281;155 754 875;7;0;2;8;1;1
202400015281;155 754 877;7;0;2;7;15;1
202400015282;155 754 871;7;0;2;1;1;1
202400015282;155 754 872;7;0;2;4;23;1
202400015282;155 754 873;7;0;2;1;1;1
202400015283;155 754 869;7;0;2;8;1;1
202400015283;155 754 870;33;0;2;7;17;1
202400015284;155 754 866;7;0;2;1;2;1
202400015284;155 754 868;21;0;2;4;2;1
202400015285;155 754 865;15;0;2;1;1;1
202400015285;155 754 867;7;0;2;1;5;1
202400015286;155 754 863;7;2;9;9;21;2
202400015287;155 754 862;1;0;2;3;15;5
202400015287;155 754 864;7;0;2;2;17;1
202400015288;155 754 860;33;0;2;1;1;1
202400015288;155 754 861;30;0;0;4;15;1
202400015289;155 754 858;1;0;2;0;1;5
202400015289;155 754 859;0;0;2;0;1;0
202400015290;155 754 857;33;0;0;1;0;1
202400015291;155 754 854;10;0;2;5;9;1
202400015291;155 754 856;1;0;2;1;2;5
202400015292;155 754 853;7;0;2;3;1;1
202400015292;155 754 855;7;0;2;1;15;1
202400015293;155 754 851;32;0;2;2;1;1
202400015293;155 754 852;7;0;2;3;1;1
202400015294;155 754 849;7;0;2;6;10;1
202400015294;155 754 850;50;0;2;1;1;3
202400015295;155 754 847;7;0;2;3;1;1
202400015295;155 754 848;33;0;2;1;13;1
202400015296;155 754 844;30;0;2;2;0;1
202400015296;155 754 846;7;0;2;5;2;1
202400015297;155 754 843;33;0;9;5;1;1
202400015297;155 754 845;1;0;2;8;1;5
202400015298;155 754 840;33;0;2;1;1;1
202400015298;155 754 842;7;0;2;4;1;1
202400015299;155 754 838;1;0;2;1;1;5
202400015299;155 754 839;7;0;2;1;13;1
202400015299;155 754 841;1;0;2;1;1;5
202400015300;155 754 836;7;0;1;2;1;1
202400015301;155 754 833;7;0;2;2;9;1
202400015301;155 754 834;2;0;2;8;15;1
202400015302;155 754 832;33;0;0;2;2;1
202400015303;155 754 830;7;0;2;3;13;1
202400015303;155 754 831;7;0;2;3;1;1
202400015304;155 754 826;10;7;2;2;11;1
202400015304;155 754 828;2;0;2;3;15;1
202400015305;155 754 825;7;0;2;8;1;1
202400015305;155 754 827;7;0;2;7;14;1
202400015306;155 754 823;7;0;2;3;9;1
202400015306;155 754 824;33;0;2;3;1;1
202400015307;155 754 821;10;0;2;1;2;1
202400015307;155 754 822;7;0;2;4;1;1
202400015308;155 754 819;10;0;2;3;19;1
202400015308;155 754 820;2;0;2;1;1;1
202400015309;155 754 815;7;0;2;1;2;3
202400015309;155 754 817;7;0;2;1;1;1
202400015309;155 754 818;7;0;2;9;2;1
202400015310;155 754 814;7;0;0;0;19;1
202400015310;155 754 816;7;6;0;2;1;1
202400015311;155 754 812;7;0;2;7;12;1
202400015311;155 754 813;33;0;2;8;3;1
202400015312;155 754 810;7;0;2;3;9;1
202400015312;155 754 811;2;0;2;1;9;1
202400015313;155 754 805;10;4;2;5;14;1
202400015313;155 754 807;10;4;2;8;2;1
202400015313;155 754 809;32;4;2;8;3;1
202400015314;155 754 804;36;13;0;0;1;1
202400015315;155 754 800;7;0;2;4;2;1
202400015315;155 754 802;10;0;2;1;2;1
202400015316;155 754 799;7;0;2;5;1;1
202400015316;155 754 801;7;0;2;8;11;1
202400015316;155 754 803;32;0;2;1;3;1
202400015317;155 754 797;7;0;2;4;2;1
202400015317;155 754 798;7;0;2;1;2;1
202400015318;155 754 795;10;0;2;3;11;1
202400015318;155 754 796;33;0;2;1;3;1
202400015319;155 754 793;7;0;2;2;2;1
202400015319;155 754 794;7;0;2;6;17;1
202400015320;155 754 792;31;14;0;1;1;1
202400015321;155 754 790;10;6;0;2;15;1
202400015322;155 754 788;7;0;2;1;2;1
202400015322;155 754 789;7;0;2;4;2;1
202400015322;155 754 791;10;0;2;4;2;1
202400015323;155 754 787;32;0;0;0;2;1
202400015324;155 754 785;33;0;2;1;1;1
202400015324;155 754 786;7;0;2;5;1;1
202400015325;155 754 783;7;4;0;8;13;1
202400015326;155 754 782;32;0;2;2;9;1
202400015326;155 754 784;33;0;2;8;3;1
202400015327;155 754 779;17;0;2;6;0;1
202400015327;155 754 781;10;0;2;2;2;1
202400015328;155 754 777;14;0;2;1;2;1
202400015328;155 754 778;7;0;2;4;2;1
202400015328;155 754 780;31;0;2;4;2;1
202400015329;155 754 773;7;4;2;4;1;1
202400015329;155 754 775;32;4;2;1;3;1
202400015329;155 754 776;7;4;2;8;11;1
202400015330;155 754 772;33;0;2;1;2;1
202400015330;155 754 774;10;0;2;5;2;1
202400015331;155 754 771;32;4;0;1;3;1
202400015332;155 754 767;33;0;2;1;3;1
202400015332;155 754 769;7;0;2;4;2;1
202400015333;155 754 768;7;0;2;8;1;2
202400015333;155 754 770;7;4;2;1;1;1
202400015334;155 754 764;7;4;2;1;12;1
202400015334;155 754 766;10;4;2;8;1;1
202400015335;155 754 763;7;4;0;3;1;1
202400015335;155 754 765;33;0;2;9;1;1
202400015336;155 754 758;7;0;0;2;14;1
202400015336;155 754 760;7;0;0;3;1;2
202400015337;155 754 757;7;0;2;4;0;1
202400015337;155 754 759;10;0;2;1;2;1
202400015337;155 754 761;7;0;2;4;0;1
202400015337;155 754 762;7;0;2;4;0;1
202400015338;155 754 753;33;0;2;1;1;1
202400015338;155 754 755;10;0;2;5;12;1
202400015339;155 754 752;7;0;2;4;2;1
202400015339;155 754 754;7;0;2;1;2;3
202400015339;155 754 756;7;0;2;4;2;1
202400015340;155 754 748;7;0;2;2;12;1
202400015340;155 754 750;33;0;2;8;3;1
202400015341;155 754 749;30;0;2;4;1;1
202400015341;155 754 751;7;0;2;1;1;1
202400015342;155 754 746;33;0;0;7;11;1
202400015343;155 754 745;31;0;2;3;0;1
202400015343;155 754 747;7;0;2;5;0;1
202400015344;155 754 743;2;0;0;8;1;1
202400015345;155 754 742;7;0;2;4;23;1
202400015345;155 754 744;15;0;2;1;2;1
202400015346;155 754 740;33;0;1;3;26;1
202400015347;155 754 739;7;0;0;1;1;1
202400015348;155 754 737;2;0;2;7;1;1
202400015348;155 754 738;7;0;2;1;15;1
202400015349;155 754 736;10;0;1;3;15;1
202400015350;155 754 735;50;0;0;1;1;3
202400015351;155 754 734;7;0;1;0;1;1
202400015352;155 754 730;7;0;2;3;1;1
202400015352;155 754 731;50;0;2;7;1;3
202400015353;155 754 732;7;0;2;4;26;1
202400015353;155 754 733;7;0;2;1;26;1
202400015354;155 754 728;30;0;2;3;17;1
202400015354;155 754 729;99;0;2;6;9;0
202400015355;155 754 726;10;0;2;1;2;1
202400015355;155 754 727;7;0;2;4;1;1
202400015356;155 754 725;50;0;2;1;1;3
202400015357;155 754 724;7;0;0;0;1;1
202400015358;155 754 722;1;0;2;1;1;5
202400015358;155 754 723;7;0;2;2;9;1
202400015359;155 754 721;7;8;0;8;1;1
202400015360;155 754 719;7;0;2;1;9;1
202400015360;155 754 720;31;0;2;7;3;3
202400015361;155 754 717;7;0;2;0;0;1
202400015361;155 754 718;50;0;2;7;19;3
202400015362;155 754 714;7;0;2;6;0;0
202400015362;155 754 716;7;0;2;3;2;1
202400015363;155 754 715;7;0;1;3;15;1
202400015364;155 754 711;10;0;2;3;19;1
202400015364;155 754 713;30;0;2;5;17;3
202400015365;155 754 710;80;0;2;0;21;3
202400015365;155 754 712;1;0;2;0;15;0
202400015366;155 754 708;7;0;1;3;16;1
202400015367;155 754 707;7;0;2;3;10;1
202400015367;155 754 709;33;0;2;2;17;1
202400015368;155 754 704;7;0;1;2;15;1
202400015369;155 754 703;7;0;2;1;1;1
202400015369;155 754 705;7;0;2;4;1;1
202400015369;155 754 706;7;0;2;4;1;1
202400015370;155 754 700;7;0;2;2;21;1
202400015370;155 754 701;34;0;2;3;2;1
202400015371;155 754 699;37;0;2;8;17;2
202400015371;155 754 702;33;0;2;1;1;1
202400015372;155 754 696;7;0;2;3;13;1
202400015372;155 754 698;7;0;2;6;1;1
202400015373;155 754 695;7;0;9;3;15;2
202400015373;155 754 697;80;0;2;4;15;3
202400015374;155 754 692;7;0;2;3;1;1
202400015374;155 754 693;33;0;0;7;1;1
202400015375;155 754 691;7;0;2;3;1;1
202400015375;155 754 694;7;0;2;3;1;1
202400015376;155 754 690;7;2;0;1;14;1
202400015377;155 754 687;7;0;2;1;1;1
202400015377;155 754 688;7;1;2;8;1;1
202400015378;155 754 685;32;0;1;1;1;1
202400015379;155 754 686;1;1;0;1;0;5
202400015380;155 754 682;7;0;2;3;15;1
202400015380;155 754 684;33;0;2;1;1;1
202400015381;155 754 681;7;0;2;2;1;1
202400015381;155 754 683;7;0;2;1;19;1
202400015382;155 754 679;31;0;2;7;17;1
202400015382;155 754 680;7;0;2;1;9;1
202400015383;155 754 678;10;0;1;6;20;1
202400015384;155 754 676;40;0;1;7;2;3
202400015385;155 754 675;7;0;2;0;15;1
202400015385;155 754 677;1;0;2;2;17;5
202400015386;155 754 673;1;0;0;0;26;5
202400015387;155 754 672;1;0;2;6;2;5
202400015387;155 754 674;7;0;2;1;2;1
202400015388;155 754 671;7;1;0;1;16;1
202400015389;155 754 669;7;0;1;1;1;1
202400015390;155 754 666;7;0;2;1;1;1
202400015390;155 754 668;7;0;2;1;13;1
202400015391;155 754 665;7;0;2;4;2;1
202400015391;155 754 667;7;0;2;1;2;1
202400015392;155 754 663;31;0;2;1;1;1
202400015392;155 754 664;7;0;2;4;1;1
202400015393;155 754 662;10;0;1;2;16;1
202400015394;155 754 659;7;0;2;8;9;1
202400015394;155 754 660;33;0;2;2;1;1
202400015395;155 754 661;7;0;1;0;1;0
202400015396;155 754 657;7;0;2;4;23;2
202400015396;155 754 658;50;1;0;4;1;3
202400015397;155 754 655;30;12;0;0;1;1
202400015398;155 754 656;32;0;1;1;1;1
202400015399;155 754 653;7;0;1;1;1;1
202400015400;155 754 652;7;0;2;1;1;1
202400015400;155 754 654;7;2;2;1;1;1
202400015401;155 754 649;7;0;2;3;1;1
202400015401;155 754 650;50;0;2;1;15;3
202400015402;155 754 648;7;0;2;3;0;1
202400015402;155 754 651;7;0;2;2;1;1
202400015403;155 754 645;30;0;2;4;23;1
202400015403;155 754 647;10;0;2;1;2;1
202400015404;155 754 644;7;0;0;0;0;1
202400015404;155 754 646;30;0;2;0;0;1
202400015405;155 754 643;7;0;1;0;1;1
202400015406;155 754 641;7;0;2;7;16;1
202400015406;155 754 642;31;0;2;1;18;1
202400015407;155 754 637;10;0;2;4;1;0
202400015407;155 754 639;33;0;2;1;1;0
202400015408;155 754 638;7;0;2;3;1;1
202400015408;155 754 640;7;0;2;1;15;1
202400015409;155 754 635;7;0;1;;1;
202400015410;155 754 634;32;0;2;7;15;1
202400015410;155 754 636;7;0;2;3;1;1
202400015411;155 754 633;7;0;1;1;1;1
202400015412;155 754 632;7;0;0;1;0;0
202400015413;155 754 629;30;0;2;2;17;3
202400015413;155 754 631;7;0;2;3;15;1
202400015414;155 754 627;7;15;2;1;1;1
202400015414;155 754 628;7;1;0;0;0;1
202400015414;155 754 630;7;1;0;0;0;1
202400015415;155 754 625;10;7;2;2;15;1
202400015415;155 754 626;10;0;2;1;7;1
202400015416;155 754 624;7;0;1;1;1;1
202400015417;155 754 619;7;0;2;4;2;1
202400015417;155 754 621;7;0;2;1;1;1
202400015417;155 754 623;7;0;2;4;2;3
202400015418;155 754 618;7;0;2;1;13;1
202400015418;155 754 620;7;0;2;5;1;1
202400015418;155 754 622;7;0;2;7;1;1
202400015419;155 754 616;7;0;2;3;15;1
202400015419;155 754 617;33;8;2;1;17;1
202400015420;155 754 615;7;0;1;2;1;1
202400015421;155 754 612;7;0;2;3;15;1
202400015421;155 754 614;33;0;2;7;17;1
202400015422;155 754 611;7;0;2;3;0;1
202400015422;155 754 613;7;0;2;2;13;1
202400015423;155 754 609;7;0;2;3;10;1
202400015423;155 754 610;33;0;2;1;1;1
202400015424;155 754 607;60;0;2;1;19;5
202400015424;155 754 608;7;0;2;3;1;1
202400015425;155 754 604;7;0;2;6;0;1
202400015425;155 754 606;7;0;2;1;0;3
202400015426;155 754 602;7;0;2;4;2;1
202400015426;155 754 603;10;0;2;1;2;1
202400015426;155 754 605;7;0;2;4;2;1
202400015427;155 754 601;10;0;1;2;1;1
202400015428;155 754 600;7;0;1;1;16;1
202400015429;155 754 599;7;0;1;1;15;1
202400015430;155 754 595;50;0;2;1;1;3
202400015430;155 754 597;7;0;2;1;15;1
202400015431;155 754 596;10;0;2;4;4;1
202400015431;155 754 598;1;0;2;1;0;5
202400015432;155 754 593;7;0;2;7;15;1
202400015432;155 754 594;2;0;2;0;1;1
202400015433;155 754 590;7;0;2;3;13;1
202400015433;155 754 591;7;0;2;8;1;6
202400015433;155 754 592;7;0;2;1;1;1
202400015434;155 754 588;50;0;2;8;19;3
202400015434;155 754 589;7;0;2;3;1;2
202400015435;155 754 587;7;2;0;1;1;1
202400015436;155 754 586;50;0;0;1;0;3
202400015437;155 754 583;7;0;2;1;17;1
202400015437;155 754 585;7;0;2;1;1;1
202400015438;155 754 582;10;3;2;4;14;1
202400015438;155 754 584;7;0;2;1;1;2
202400015439;155 754 581;33;0;1;1;1;1
202400015440;155 754 579;7;0;2;1;1;1
202400015440;155 754 580;7;0;2;1;1;1
202400015441;155 754 578;13;0;1;3;1;1
202400015442;155 754 576;31;0;2;2;2;1
202400015442;155 754 577;7;0;2;6;1;1
202400015443;155 754 574;33;0;2;1;5;1
202400015443;155 754 575;7;0;2;7;15;1
202400015444;155 754 572;7;0;2;1;2;1
202400015444;155 754 573;7;0;2;4;2;1
202400015445;155 754 570;7;0;2;7;16;1
202400015445;155 754 571;1;0;2;1;1;5
202400015446;155 754 568;38;0;2;3;15;1
202400015446;155 754 569;80;0;2;7;1;3
202400015447;155 754 566;7;0;2;8;15;1
202400015447;155 754 567;30;0;2;7;17;3
202400015448;155 754 563;7;0;2;1;5;1
202400015448;155 754 565;80;0;2;8;19;3
202400015449;155 754 561;33;0;2;3;3;1
202400015449;155 754 562;7;0;2;7;14;1
202400015449;155 754 564;7;0;2;5;1;1
202400015450;155 754 559;1;0;2;3;11;5
202400015450;155 754 560;7;0;9;2;1;1
202400015451;155 754 558;7;13;0;1;14;1
202400015452;155 754 557;30;0;1;1;26;1
202400015453;155 754 556;7;0;1;7;1;1
202400015454;155 754 554;7;0;2;1;26;1
202400015454;155 754 555;7;0;2;4;23;1
202400015455;155 754 552;7;0;0;0;0;1
202400015455;155 754 553;50;0;2;2;1;3
202400015456;155 754 550;7;0;2;2;14;1
202400015456;155 754 551;32;0;2;3;1;1
202400015457;155 754 548;7;0;2;1;1;1
202400015457;155 754 549;50;0;2;0;0;3
202400015458;155 754 544;7;0;2;6;16;1
202400015458;155 754 545;15;0;2;2;1;1
202400015459;155 754 542;7;0;2;1;1;1
202400015459;155 754 543;7;0;2;3;1;1
202400015460;155 754 541;7;0;1;1;26;1
202400015461;155 754 540;10;0;0;0;0;0
202400015462;155 754 538;7;0;2;1;0;1
202400015462;155 754 539;7;0;2;3;0;1
202400015463;155 754 536;7;0;2;5;16;1
202400015463;155 754 537;50;0;2;1;0;3
202400015464;155 754 535;7;13;0;1;14;1
202400015465;155 754 533;7;2;2;2;1;1
202400015465;155 754 534;1;0;2;4;1;5
202400015466;155 754 531;7;0;2;1;1;1
202400015466;155 754 532;7;0;2;4;9;2
202400015467;155 754 529;1;0;2;8;15;5
202400015467;155 754 530;33;0;2;1;1;1
202400015468;155 754 527;80;0;2;1;1;3
202400015468;155 754 528;80;0;2;1;1;3
202400015469;155 754 525;2;0;2;1;17;3
202400015469;155 754 526;10;0;2;3;10;1
202400015470;155 754 523;7;0;2;8;1;1
202400015470;155 754 524;31;0;2;1;1;1
202400015471;155 754 520;7;0;0;3;24;1
202400015471;155 754 521;10;1;0;3;2;1
202400015471;155 754 522;7;1;0;3;24;1
202400015472;155 754 519;50;0;0;1;1;3
202400015473;155 754 517;2;0;0;7;1;1
202400015474;155 754 516;17;2;2;1;2;1
202400015474;155 754 518;7;0;2;4;1;1
202400015475;155 754 513;10;0;2;6;1;1
202400015475;155 754 515;32;0;2;1;3;1
202400015476;155 754 512;7;0;2;7;23;1
202400015476;155 754 514;1;1;0;3;1;5
202400015477;155 754 509;7;4;2;6;2;1
202400015477;155 754 511;7;0;2;2;21;2
202400015478;155 754 508;7;0;9;7;23;3
202400015478;155 754 510;80;0;2;8;13;3
202400015479;155 754 507;7;4;0;6;13;1
202400015480;155 754 505;1;0;2;1;1;5
202400015480;155 754 506;10;0;2;8;15;0
202400015481;155 754 503;7;0;2;7;14;2
202400015481;155 754 504;7;0;2;8;1;1
202400015482;155 754 500;32;0;2;8;1;1
202400015482;155 754 502;1;0;2;7;13;5
202400015483;155 754 499;7;0;9;2;9;1
202400015483;155 754 501;1;0;2;4;19;5
202400015484;155 754 496;7;0;2;1;1;2
202400015484;155 754 498;80;0;2;7;9;3
202400015485;155 754 495;7;0;2;2;7;1
202400015485;155 754 497;7;0;0;8;1;3
202400015486;155 754 491;33;0;2;3;16;1
202400015486;155 754 493;80;0;2;1;1;3
202400015487;155 754 490;7;0;2;0;0;1
202400015487;155 754 492;7;9;2;6;1;1
202400015487;155 754 494;7;9;2;9;1;1
202400015488;155 754 489;7;0;1;2;16;2
202400015489;155 754 488;1;0;0;8;1;5
202400015490;155 754 487;7;10;0;1;1;1
202400015491;155 754 486;10;0;1;8;15;1
202400015492;155 754 484;7;0;2;3;1;1
202400015492;155 754 485;7;0;2;3;13;1
202400015493;155 754 483;7;0;1;2;1;1
202400015494;155 754 482;7;0;1;1;1;1
202400015495;155 754 479;7;0;2;1;23;1
202400015495;155 754 480;7;0;2;4;23;1
202400015495;155 754 481;7;0;2;1;2;1
202400015496;155 754 476;7;0;2;1;2;1
202400015496;155 754 477;7;0;2;4;15;1
202400015497;155 754 475;7;0;1;0;1;1
202400015498;155 754 474;7;0;0;9;1;1
202400015499;155 754 472;7;0;2;7;17;1
202400015499;155 754 473;7;0;2;6;1;1
202400015500;155 754 470;7;0;2;3;1;1
202400015500;155 754 471;7;0;2;3;15;1
202400015501;155 754 469;37;0;1;7;1;1
202400015502;155 754 467;7;0;9;1;16;1
202400015502;155 754 468;1;0;9;8;1;5
202400015503;155 754 465;7;0;2;1;26;1
202400015503;155 754 466;7;0;2;4;0;0
202400015504;155 754 464;7;0;1;1;2;1
202400015505;155 754 462;7;0;2;1;1;1
202400015505;155 754 463;10;9;2;5;15;1
202400015506;155 754 461;7;0;1;1;1;1
202400015507;155 754 460;7;0;1;1;1;0
202400015508;155 754 458;7;0;2;6;9;1
202400015508;155 754 459;33;0;2;1;1;1
202400015509;155 754 456;7;0;2;3;2;1
202400015509;155 754 457;50;0;2;1;19;3
202400015510;155 754 455;30;9;9;0;26;0
202400015511;155 754 452;7;0;2;1;2;1
202400015511;155 754 453;7;0;2;4;2;1
202400015511;155 754 454;7;0;2;4;2;1
202400015512;155 754 451;7;14;0;1;1;1
202400015513;155 754 450;7;0;1;2;1;1
202400015514;155 754 448;7;0;2;1;1;1
202400015514;155 754 449;7;0;2;1;13;2
202400015515;155 754 447;7;1;0;1;14;1
202400015516;155 754 446;7;0;1;1;1;1
202400015517;155 754 444;7;0;9;3;9;1
202400015517;155 754 445;50;0;2;1;1;3
202400015518;155 754 443;10;0;1;1;1;1
202400015519;155 754 440;7;13;2;1;17;1
202400015519;155 754 441;7;0;2;1;1;1
202400015519;155 754 442;7;0;2;3;2;1
202400015520;155 754 438;50;0;2;0;2;3
202400015520;155 754 439;1;0;2;4;1;5
202400015521;155 754 436;7;0;2;3;15;1
202400015521;155 754 437;2;0;2;3;1;1
202400015522;155 754 434;37;0;2;1;2;3
202400015522;155 754 435;7;7;0;4;2;1
202400015523;155 754 432;10;0;2;3;1;1
202400015523;155 754 433;1;0;2;1;9;5
202400015524;155 754 430;10;0;2;8;9;1
202400015524;155 754 431;50;0;2;7;1;3
202400015525;155 754 429;7;0;1;3;1;1
202400015526;155 754 426;7;0;2;1;2;1
202400015526;155 754 427;7;0;2;4;2;1
202400015526;155 754 428;7;0;0;0;0;1
202400015527;155 754 424;7;0;2;1;13;1
202400015527;155 754 425;7;0;2;1;1;1
202400015528;155 754 423;7;0;1;1;15;0
202400015529;155 754 422;37;0;1;1;1;1
202400015530;155 754 421;30;0;0;7;16;1
202400015531;155 754 420;7;0;1;3;20;1
202400015532;155 754 419;7;8;0;1;1;1
202400015533;155 754 417;7;0;2;1;15;1
202400015533;155 754 418;33;0;2;1;1;1
202400015534;155 754 415;50;0;2;1;13;3
202400015534;155 754 416;7;0;2;1;1;1
202400015535;155 754 414;7;0;2;1;1;1
202400015536;155 754 412;7;0;2;2;19;1
202400015536;155 754 413;32;0;2;1;1;1
202400015537;155 754 410;7;0;2;1;1;1
202400015537;155 754 411;7;0;2;4;26;1
202400015538;155 754 409;7;0;1;1;1;1
202400015539;155 754 407;7;0;2;2;1;1
202400015539;155 754 408;7;0;2;3;1;1
202400015540;155 754 406;7;0;2;1;0;1
202400015541;155 754 405;7;0;1;1;15;1
202400015542;155 754 403;50;0;2;8;1;3
202400015542;155 754 404;7;0;2;2;12;1
202400015543;155 754 402;50;0;1;0;0;3
202400015544;155 754 399;7;0;1;2;16;1
202400015545;155 754 397;1;0;0;0;0;5
202400015545;155 754 398;7;0;2;3;1;1
202400015546;155 754 396;7;0;1;3;1;1
202400015547;155 754 394;2;0;2;1;15;1
202400015547;155 754 395;7;0;2;3;1;1
202400015548;155 754 393;43;0;1;1;2;1
202400015549;155 754 392;34;0;1;0;1;3
202400015550;155 754 391;10;0;1;4;20;1
202400015551;155 754 390;3;0;1;8;2;3
202400015552;155 754 389;32;0;1;1;16;1
202400015553;155 754 387;7;0;2;3;1;1
202400015553;155 754 388;32;0;2;5;1;1
202400015554;155 754 386;1;0;1;1;1;5
202400015555;155 754 385;10;0;1;2;16;1
202400015556;155 754 383;50;0;2;1;13;3
202400015556;155 754 384;80;0;2;1;1;3
202400015557;155 754 381;7;0;2;6;22;2
202400015557;155 754 382;31;0;2;7;17;3
202400015558;155 754 379;1;2;0;2;17;5
202400015558;155 754 380;7;2;0;3;24;2
202400015559;155 754 378;37;0;1;3;7;2
202400015560;155 754 377;50;0;0;0;1;3
202400015561;155 754 376;7;0;1;1;9;1
202400015562;155 754 374;7;0;2;3;0;1
202400015562;155 754 375;7;0;2;1;1;1
202400015563;155 754 373;32;0;1;7;21;1
202400015564;155 754 371;33;4;2;1;1;1
202400015564;155 754 372;10;0;9;1;1;1
202400015565;155 754 369;7;0;2;1;1;1
202400015565;155 754 370;7;0;2;4;1;1
202400015566;155 754 367;7;0;2;4;2;1
202400015566;155 754 368;10;0;2;1;2;1
202400015567;155 754 365;7;0;2;2;2;3
202400015567;155 754 366;7;0;2;3;2;3
202400015568;155 754 364;10;0;1;1;9;1
202400015569;155 754 362;50;0;2;1;1;3
202400015569;155 754 363;10;0;2;7;20;1
202400015570;155 754 361;34;0;1;1;6;0
202400015571;155 754 359;0;0;2;0;0;0
202400015571;155 754 360;33;0;2;3;2;1
202400015572;155 754 357;30;0;2;1;1;1
202400015572;155 754 358;7;0;2;5;15;1
202400015573;155 754 355;50;1;0;1;1;3
202400015573;155 754 356;33;0;2;4;26;1
202400015574;155 754 354;7;0;1;3;15;1
202400015575;155 754 352;7;0;2;2;1;1
202400015575;155 754 353;32;0;2;3;1;1
202400015576;155 754 350;10;0;2;1;1;1
202400015576;155 754 351;10;0;2;3;13;1
202400015577;155 754 348;7;0;2;2;12;1
202400015577;155 754 349;7;0;2;6;1;1
202400015578;155 754 346;7;0;2;3;4;1
202400015578;155 754 347;7;13;2;1;1;1
202400015579;155 754 344;7;0;2;3;1;1
202400015579;155 754 345;7;0;2;1;1;1
202400015580;155 754 342;7;0;2;2;15;1
202400015580;155 754 343;32;0;2;2;1;1
202400015581;155 754 341;7;14;0;1;1;1
202400015582;155 754 339;7;0;2;3;9;1
202400015582;155 754 340;33;0;2;1;9;1
202400015583;155 754 338;10;13;0;1;1;1
202400015584;155 754 336;7;0;9;2;1;1
202400015584;155 754 337;1;0;0;4;1;5
202400015585;155 754 335;7;13;6;3;23;1
202400015586;155 754 334;7;0;0;3;1;1
202400015587;155 754 331;7;0;0;0;13;1
202400015587;155 754 332;7;0;2;3;13;1
202400015587;155 754 333;7;0;2;3;1;1
202400015588;155 754 329;7;16;2;3;1;1
202400015588;155 754 330;7;0;2;2;17;1
202400015589;155 754 327;7;0;2;3;13;2
202400015589;155 754 328;7;0;2;3;1;1
202400015590;155 754 326;7;10;0;1;26;1
202400015591;155 754 325;7;0;1;2;1;1
202400015592;155 754 322;10;0;0;0;14;1
202400015592;155 754 323;10;0;2;1;1;1
202400015592;155 754 324;7;0;2;1;13;1
202400015593;155 754 321;7;0;1;2;15;1
202400015594;155 754 317;7;15;2;1;15;1
202400015594;155 754 318;7;6;0;1;1;1
202400015594;155 754 319;7;0;2;1;1;1
202400015594;155 754 320;2;0;2;1;2;1
202400015595;155 754 316;7;0;1;2;1;1
202400015596;155 754 315;7;0;1;3;1;0
202400015597;155 754 313;7;0;2;0;1;1
202400015597;155 754 314;7;0;2;0;1;1
202400015598;155 754 311;2;0;2;7;6;1
202400015598;155 754 312;7;0;2;3;9;1
202400015599;155 754 310;7;6;0;7;1;1
202400015600;155 754 308;7;0;2;1;19;1
202400015600;155 754 309;7;0;2;8;1;2
202400015601;155 754 304;7;3;0;1;0;1