Num_Acc;id_vehicule;categorie_vehicule;obstacle_fixe;obstacle_mobile;point_choc_initial;manoeuvre_principale;motorisation
202400015602;155 754 303;7;0;1;1;1;1
202400015603;155 754 302;7;2;0;1;1;1
202400015604;155 754 301;7;0;1;1;1;1
202400015605;155 754 299;33;0;2;4;1;1
202400015605;155 754 300;7;0;2;1;17;1
202400015606;155 754 298;7;14;0;1;1;1
202400015607;155 754 296;7;0;2;1;1;1
202400015607;155 754 297;7;0;2;1;5;1
202400015608;155 754 294;32;0;2;1;1;1
202400015608;155 754 295;7;0;0;6;1;1
202400015609;155 754 293;7;0;1;1;1;1
202400015610;155 754 292;50;0;2;1;1;3
202400015611;155 754 291;7;0;9;1;1;1
202400015612;155 754 289;7;0;2;2;1;1
202400015612;155 754 290;60;0;2;8;19;5
202400015613;155 754 288;7;13;0;3;1;2
202400015614;155 754 285;7;7;2;2;19;1
202400015614;155 754 286;7;0;2;3;1;1
202400015614;155 754 287;7;0;0;8;1;1
202400015615;155 754 281;15;0;0;6;23;1
202400015615;155 754 283;15;1;0;7;26;1
202400015615;155 754 284;7;1;0;1;21;1
202400015616;155 754 282;33;0;0;0;1;1
202400015617;155 754 278;7;0;2;3;15;1
202400015617;155 754 280;7;0;2;1;1;1
202400015618;155 754 276;7;0;2;2;1;1
202400015618;155 754 277;7;4;2;9;11;1
202400015619;155 754 275;10;16;0;0;1;1
202400015620;155 754 272;7;0;0;9;0;1
202400015621;155 754 273;32;0;2;8;1;1
202400015621;155 754 274;10;0;2;2;14;1
202400015622;155 754 271;33;0;0;0;0;1
202400015623;155 754 269;38;0;2;3;1;1
202400015623;155 754 270;10;3;2;2;17;1
202400015624;155 754 268;7;0;1;3;1;3
202400015625;155 754 266;7;0;0;3;15;0
202400015625;155 754 267;2;0;0;1;17;1
202400015626;155 754 263;33;0;2;3;1;1
202400015626;155 754 265;7;0;2;6;9;1
202400015627;155 754 260;7;0;0;1;13;1
202400015628;155 754 259;7;4;2;9;17;1
202400015628;155 754 261;7;0;2;8;1;1
202400015628;155 754 262;7;0;2;1;17;1
202400015628;155 754 264;7;0;0;8;1;1
202400015629;155 754 258;7;0;1;2;1;1
202400015630;155 754 249;7;0;2;1;1;1
202400015630;155 754 250;7;0;2;1;1;1
202400015630;155 754 252;15;0;0;6;1;1
202400015630;155 754 253;7;1;0;5;1;1
202400015630;155 754 255;7;0;2;3;1;1
202400015630;155 754 256;7;4;0;2;1;1
202400015630;155 754 257;10;4;0;1;1;1
202400015631;155 754 248;7;0;2;3;1;1
202400015631;155 754 251;7;0;2;2;9;1
202400015631;155 754 254;7;0;0;3;23;1
202400015632;155 754 245;7;0;2;3;9;1
202400015632;155 754 246;33;0;2;0;17;1
202400015633;155 754 244;15;13;0;4;1;1
202400015633;155 754 247;15;14;0;1;1;1
202400015634;155 754 239;10;14;1;2;21;1
202400015634;155 754 241;17;0;0;4;23;1
202400015634;155 754 243;15;4;0;2;14;1
202400015635;155 754 236;7;0;2;1;1;1
202400015635;155 754 238;7;0;2;1;1;1
202400015635;155 754 240;7;0;2;1;1;1
202400015635;155 754 242;7;0;0;4;1;1
202400015636;155 754 235;7;0;0;0;11;0
202400015636;155 754 237;31;0;0;0;1;1
202400015637;155 754 233;21;0;2;3;1;1
202400015637;155 754 234;33;0;2;1;13;1
202400015638;155 754 232;7;3;0;1;21;1
202400015639;155 754 231;33;15;0;1;1;1
202400015640;155 754 229;7;0;2;4;2;1
202400015640;155 754 230;7;0;2;1;2;1
202400015641;155 754 228;10;13;0;0;0;1
202400015642;155 754 227;2;0;0;0;0;1
202400015643;155 754 223;7;0;2;1;9;1
202400015643;155 754 226;7;0;2;1;1;1
202400015644;155 754 221;7;15;0;1;1;1
202400015645;155 754 222;7;13;0;0;1;1
202400015646;155 754 220;10;3;0;1;1;1
202400015647;155 754 219;7;0;1;3;1;1
202400015648;155 754 218;7;0;0;0;0;1
202400015649;155 754 216;10;0;2;3;1;1
202400015649;155 754 217;7;0;2;3;13;1
202400015650;155 754 215;7;13;0;9;17;1
202400015651;155 754 214;7;0;1;2;15;1
202400015652;155 754 213;33;0;0;2;14;1
202400015653;155 754 212;7;2;0;3;1;1
202400015654;155 754 211;7;6;0;1;13;1
202400015655;155 754 210;21;6;9;1;1;0
202400015656;155 754 209;7;0;1;3;1;1
202400015657;155 754 208;7;0;1;3;1;1
202400015658;155 754 205;7;0;2;2;2;1
202400015658;155 754 207;7;0;2;6;23;1
202400015659;155 754 204;7;0;2;8;1;1
202400015659;155 754 206;7;2;2;3;1;1
202400015660;155 754 202;7;0;2;4;2;1
202400015660;155 754 203;43;0;2;1;2;1
202400015661;155 754 201;7;0;1;1;1;1
202400015662;155 754 197;15;0;2;1;2;1
202400015662;155 754 199;15;0;2;4;2;1
202400015662;155 754 200;15;0;2;4;23;1
202400015663;155 754 196;7;0;2;1;2;1
202400015663;155 754 198;10;0;0;4;2;1
202400015664;155 754 194;7;0;2;2;12;1
202400015664;155 754 195;33;0;2;3;11;1
202400015665;155 754 193;7;13;0;1;1;1
202400015666;155 754 191;10;0;2;1;1;1
202400015666;155 754 192;7;0;2;4;1;1
202400015667;155 754 189;7;0;2;3;1;1
202400015667;155 754 190;7;0;2;1;17;1
202400015668;155 754 187;10;0;2;5;1;1
202400015668;155 754 188;33;0;2;3;3;1
202400015669;155 754 185;10;4;0;1;1;1
202400015670;155 754 186;7;1;0;3;13;1
202400015671;155 754 181;31;0;2;1;1;1
202400015671;155 754 183;7;0;9;4;16;1
202400015672;155 754 179;7;0;2;1;1;1
202400015672;155 754 180;7;0;2;1;1;1
202400015672;155 754 182;7;14;0;4;1;1
202400015672;155 754 184;7;0;2;4;1;3
202400015673;155 754 176;1;0;2;4;2;5
202400015673;155 754 178;7;0;9;7;2;1
202400015674;155 754 175;7;0;2;3;9;1
202400015674;155 754 177;7;0;2;5;0;1
202400015675;155 754 172;7;0;2;1;9;1
202400015675;155 754 173;7;0;2;4;1;1
202400015676;155 754 171;7;0;2;3;5;1
202400015676;155 754 174;7;0;2;3;1;1
202400015677;155 754 168;7;0;2;2;1;1
202400015677;155 754 170;33;0;2;7;1;1
202400015678;155 754 167;7;0;2;1;17;1
202400015678;155 754 169;37;0;0;2;13;1
202400015679;155 754 164;7;0;2;4;1;1
202400015679;155 754 165;7;0;2;4;1;3
202400015679;155 754 166;7;0;2;1;1;1
202400015680;155 754 162;7;0;2;1;13;1
202400015680;155 754 163;7;0;2;1;1;1
202400015681;155 754 156;7;0;2;1;1;1
202400015681;155 754 158;31;0;2;1;1;1
202400015681;155 754 160;10;0;0;4;1;1
202400015682;155 754 155;10;0;2;4;1;1
202400015682;155 754 157;7;0;2;4;2;1
202400015682;155 754 159;10;0;2;1;2;1
202400015682;155 754 161;7;0;2;1;1;1
202400015683;155 754 154;10;4;0;1;0;1
202400015684;155 754 153;50;0;0;1;0;3
202400015685;155 754 151;7;14;0;1;1;1
202400015686;155 754 150;7;0;2;1;19;1
202400015686;155 754 152;50;0;2;7;19;3
202400015687;155 754 147;1;0;0;4;2;5
202400015687;155 754 149;7;0;9;2;2;1
202400015688;155 754 146;7;0;2;3;15;1
202400015688;155 754 148;31;0;2;1;2;1
202400015689;155 754 143;7;0;9;2;1;1
202400015689;155 754 145;1;0;2;1;25;5
202400015690;155 754 142;1;0;0;0;0;5
202400015690;155 754 144;10;0;0;0;0;1
202400015691;155 754 138;7;0;2;8;1;1
202400015691;155 754 140;1;0;2;0;1;5
202400015692;155 754 139;7;0;2;1;1;1
202400015692;155 754 141;33;0;2;1;1;1
202400015693;155 754 137;7;14;0;1;1;1
202400015694;155 754 135;31;0;0;0;0;1
202400015694;155 754 136;7;0;2;7;0;1
202400015695;155 754 134;36;8;0;9;13;1
202400015696;155 754 132;7;13;0;1;14;1
202400015697;155 754 131;7;0;2;1;9;1
202400015697;155 754 133;7;0;0;2;1;1
202400015698;155 754 129;7;0;2;8;1;1
202400015698;155 754 130;1;0;2;2;19;5
202400015699;155 754 127;7;6;0;1;0;1
202400015700;155 754 125;50;1;0;0;1;3
202400015701;155 754 122;33;15;0;0;14;1
202400015702;155 754 123;7;0;2;4;2;1
202400015702;155 754 124;7;0;2;4;2;1
202400015702;155 754 126;7;0;2;1;2;1
202400015703;155 754 119;7;0;9;2;1;1
202400015703;155 754 121;1;0;2;2;5;5
202400015704;155 754 118;7;0;2;6;2;1
202400015704;155 754 120;7;0;2;1;2;1
202400015705;155 754 117;7;13;0;9;0;1
202400015706;155 754 116;33;3;0;0;17;1
202400015707;155 754 114;33;6;0;8;1;1
202400015708;155 754 113;7;0;2;7;1;1
202400015708;155 754 115;31;0;2;7;16;1
202400015709;155 754 111;7;0;2;1;2;1
202400015709;155 754 112;7;0;2;4;0;1
202400015710;155 754 110;33;4;0;3;17;1
202400015711;155 754 108;7;0;2;3;13;0
202400015711;155 754 109;30;0;2;2;17;0
202400015712;155 754 107;7;8;0;1;0;1
202400015713;155 754 104;7;0;0;0;12;1
202400015713;155 754 105;33;0;2;0;1;1
202400015714;155 754 103;7;0;2;3;1;1
202400015714;155 754 106;50;0;2;7;19;3
202400015715;155 754 101;7;0;9;3;19;1
202400015715;155 754 102;2;0;2;1;1;1
202400015716;155 754 099;7;1;2;8;9;1
202400015716;155 754 100;7;1;2;7;1;1
202400015717;155 754 097;50;0;2;3;5;3
202400015717;155 754 098;7;0;2;3;16;1
202400015718;155 754 094;1;0;2;7;1;5
202400015718;155 754 096;7;0;2;1;9;2
202400015719;155 754 093;2;0;2;2;1;1
202400015719;155 754 095;7;0;2;3;20;1
202400015720;155 754 092;7;0;1;1;17;1
202400015721;155 754 090;7;0;1;2;1;1
202400015722;155 754 091;7;0;1;3;15;1
202400015723;155 754 088;7;0;2;1;1;1
202400015723;155 754 089;7;0;2;8;15;1
202400015724;155 754 085;7;0;2;2;2;1
202400015724;155 754 086;30;0;2;1;1;1
202400015725;155 754 087;7;0;1;4;20;1
202400015726;155 754 084;50;0;0;8;1;3
202400015727;155 754 082;2;0;2;1;1;1
202400015727;155 754 083;7;0;9;7;14;1
202400015728;155 754 079;7;0;2;0;15;1
202400015728;155 754 080;1;0;2;0;1;5
202400015729;155 754 081;7;8;0;3;1;1
202400015730;155 754 077;33;0;2;7;1;1
202400015730;155 754 078;7;0;2;3;11;0
202400015731;155 754 075;7;0;1;1;1;1
202400015732;155 754 072;10;0;2;3;1;1
202400015732;155 754 073;7;0;2;1;15;1
202400015733;155 754 074;7;0;2;1;15;1
202400015733;155 754 076;1;0;2;3;1;5
202400015734;155 754 070;7;0;2;2;1;1
202400015734;155 754 071;50;0;2;1;1;3
202400015735;155 754 068;7;0;1;1;1;1
202400015736;155 754 067;33;0;2;7;1;1
202400015736;155 754 069;10;0;2;2;9;1
202400015737;155 754 065;34;0;2;0;0;1
202400015737;155 754 066;2;0;2;3;9;1
202400015738;155 754 063;50;0;2;1;2;3
202400015738;155 754 064;7;0;2;4;2;1
202400015739;155 754 060;7;0;2;8;0;1
202400015739;155 754 061;7;0;2;6;1;1
202400015739;155 754 062;7;14;0;3;0;1
202400015740;155 754 058;2;0;2;4;1;1
202400015740;155 754 059;7;0;9;1;1;1
202400015741;155 754 057;50;0;1;1;1;3
202400015742;155 754 055;2;0;2;7;1;1
202400015742;155 754 056;7;0;2;2;1;1
202400015743;155 754 052;7;0;2;0;0;1
202400015743;155 754 053;7;0;2;0;0;1
202400015743;155 754 054;7;0;2;0;0;1
202400015744;155 754 050;7;0;2;3;13;2
202400015744;155 754 051;7;0;2;5;1;1
202400015745;155 754 049;7;3;0;9;0;1
202400015746;155 754 048;10;6;0;1;21;1
202400015747;155 754 046;7;0;2;8;15;1
202400015747;155 754 047;33;0;2;7;17;1
202400015748;155 754 044;80;0;2;7;2;3
202400015748;155 754 045;30;0;2;1;9;3
202400015749;155 754 041;7;0;2;3;1;1
202400015749;155 754 042;7;1;2;3;1;1
202400015749;155 754 043;7;0;2;8;13;1
202400015750;155 754 039;10;0;2;3;1;1
202400015750;155 754 040;10;0;2;3;13;1
202400015751;155 754 038;10;3;0;1;26;1
202400015752;155 754 037;1;0;0;0;1;5
202400015753;155 754 035;3;0;2;2;15;1
202400015753;155 754 036;1;0;2;1;1;5
202400015754;155 754 033;50;0;2;1;1;3
202400015754;155 754 034;7;0;2;3;16;2
202400015755;155 754 032;2;12;0;1;1;1
202400015756;155 754 030;7;0;2;7;16;1
202400015756;155 754 031;37;0;2;2;1;0
202400015757;155 754 029;34;0;1;1;1;1
202400015758;155 754 027;7;0;2;1;15;6
202400015758;155 754 028;7;0;2;1;1;6
202400015759;155 754 026;10;0;1;0;0;1
202400015760;155 754 025;80;0;0;7;1;3
202400015761;155 754 024;7;0;1;2;1;1
202400015762;155 754 023;7;6;2;1;14;1
202400015763;155 754 018;33;0;2;3;17;1
202400015763;155 754 019;7;0;2;3;15;1
202400015764;155 754 016;7;0;2;3;3;1
202400015764;155 754 017;32;0;2;2;1;1
202400015765;155 754 014;7;0;2;3;15;1
202400015765;155 754 015;32;0;2;1;1;1
202400015766;155 754 012;7;0;2;5;12;1
202400015766;155 754 013;7;0;2;3;1;1
202400015767;155 754 011;7;0;1;2;1;1
202400015768;155 754 009;7;0;2;1;1;1
202400015768;155 754 010;7;0;2;7;15;1
202400015769;155 754 008;32;0;1;3;12;1
202400015770;155 754 006;7;0;2;1;1;2
202400015770;155 754 007;7;0;2;5;10;1
202400015771;155 754 005;7;0;1;1;1;2
202400015772;155 754 003;7;0;2;5;16;1
202400015772;155 754 004;1;0;2;2;1;5
202400015773;155 754 002;7;3;9;1;13;1
202400015774;155 754 001;7;0;1;1;1;1
202400015775;155 754 000;10;0;1;2;16;1
202400015776;155 753 997;33;10;0;8;24;1
202400015776;155 753 998;7;0;2;4;2;1
202400015776;155 753 999;7;0;2;1;1;1
202400015777;155 753 995;2;0;2;1;1;1
202400015777;155 753 996;2;0;2;4;1;1
202400015778;155 753 993;7;0;2;4;14;0
202400015778;155 753 994;37;0;2;4;23;
202400015779;155 753 991;2;0;2;1;0;1
202400015779;155 753 992;7;0;2;3;19;1
202400015780;155 753 989;7;0;2;3;1;1
202400015780;155 753 990;50;0;2;1;1;3
202400015781;155 753 988;7;1;0;8;1;1
202400015782;155 753 986;1;0;2;4;1;5
202400015782;155 753 987;10;0;2;2;2;1
202400015783;155 753 985;10;10;0;1;26;0
202400015784;155 753 984;0;0;1;7;26;0
202400015785;155 753 982;7;0;1;2;1;0
202400015786;155 753 981;30;0;2;1;1;1
202400015786;155 753 983;7;0;2;4;1;1
202400015787;155 753 979;1;1;0;1;1;5
202400015787;155 753 980;7;0;2;8;22;1
202400015788;155 753 978;7;3;0;7;14;1
202400015789;155 753 975;32;0;2;1;17;1
202400015789;155 753 977;7;0;2;0;15;1
202400015790;155 753 970;7;0;2;1;1;1
202400015790;155 753 972;7;0;2;1;1;1
202400015790;155 753 974;7;0;2;1;1;1
202400015790;155 753 976;7;0;2;4;1;3
202400015791;155 753 968;2;0;2;8;1;1
202400015791;155 753 971;7;0;2;0;15;0
202400015792;155 753 967;10;0;1;1;1;1
202400015793;155 753 969;33;0;0;5;26;1
202400015793;155 753 973;7;0;2;1;26;1
202400015794;155 753 966;1;0;0;0;1;5
202400015795;155 753 965;50;0;1;1;1;3
202400015796;155 753 964;2;0;0;0;1;1
202400015797;155 753 962;7;0;2;1;1;1
202400015797;155 753 963;7;0;2;6;1;1
202400015798;155 753 961;7;0;1;1;1;1
202400015799;155 753 959;7;0;2;4;23;1
202400015799;155 753 960;33;0;2;1;1;1
202400015800;155 753 955;7;0;2;2;16;0
202400015800;155 753 957;50;0;2;1;1;3
202400015801;155 753 956;10;0;0;3;1;1
202400015801;155 753 958;7;0;0;1;13;1
202400015802;155 753 953;7;0;2;2;1;1
202400015802;155 753 954;7;0;2;0;24;1
202400015803;155 753 952;7;0;1;4;1;1
202400015804;155 753 951;10;13;0;1;2;1
202400015805;155 753 950;7;6;0;1;6;1
202400015806;155 753 948;2;0;0;0;13;1
202400015807;155 753 947;7;0;2;1;1;1
202400015807;155 753 949;10;0;0;8;15;1
202400015808;155 753 944;7;0;1;1;2;1
202400015809;155 753 939;7;0;2;2;15;1
202400015809;155 753 942;33;0;2;1;1;1
202400015810;155 753 941;33;0;2;1;2;1
202400015810;155 753 943;10;0;2;5;1;1
202400015811;155 753 938;7;0;2;8;1;1
202400015811;155 753 940;38;0;2;3;21;1
202400015812;155 753 933;7;17;6;1;1;1
202400015813;155 753 931;7;0;1;1;1;1
202400015814;155 753 932;7;0;2;6;11;1
202400015814;155 753 936;33;0;2;2;1;1
202400015815;155 753 927;1;0;0;8;1;5
202400015815;155 753 929;7;0;2;2;1;0
202400015816;155 753 925;50;0;2;0;0;3
202400015816;155 753 926;7;0;2;0;0;1
202400015817;155 753 924;10;0;1;2;0;3
202400015818;155 753 923;7;13;0;3;13;1
202400015819;155 753 921;7;3;0;0;1;1
202400015820;155 753 918;7;0;2;1;1;1
202400015820;155 753 920;7;0;2;1;9;1
202400015821;155 753 917;7;8;0;1;1;1
202400015822;155 753 912;2;1;0;5;2;1
202400015822;155 753 914;10;0;2;5;23;1
202400015823;155 753 911;7;0;2;8;15;1
202400015823;155 753 913;33;0;2;6;17;1
202400015824;155 753 910;7;4;0;9;0;1
202400015824;155 753 915;17;4;0;3;6;1
202400015824;155 753 916;7;0;0;8;0;1
202400015824;155 753 919;10;0;0;8;0;1
202400015824;155 753 922;7;0;0;8;0;2
202400015825;155 753 907;31;0;0;0;0;0
202400015825;155 753 908;10;0;0;0;0;0
202400015826;155 753 906;2;0;2;7;1;1
202400015826;155 753 909;7;0;2;1;1;1
202400015827;155 753 905;10;0;1;8;26;1
202400015828;155 753 901;7;0;9;2;1;1
202400015828;155 753 904;1;0;2;1;19;5
202400015829;155 753 899;33;0;2;1;18;1
202400015829;155 753 902;10;0;0;2;16;1
202400015830;155 753 900;7;0;2;1;19;1
202400015830;155 753 903;7;0;2;7;1;1
202400015831;155 753 896;7;0;2;3;9;2
202400015831;155 753 898;1;0;2;7;1;5
202400015832;155 753 894;7;0;2;8;9;1
202400015832;155 753 897;7;0;2;5;1;1
202400015833;155 753 893;7;0;0;4;2;1
202400015833;155 753 895;7;0;2;1;2;1
202400015834;155 753 890;7;0;2;1;2;1
202400015834;155 753 892;7;0;2;4;1;1
202400015835;155 753 889;1;0;2;3;15;5
202400015835;155 753 891;7;0;2;2;1;1
202400015836;155 753 888;7;2;0;1;1;1
202400015837;155 753 885;7;0;2;3;9;1
202400015837;155 753 887;50;0;2;1;1;3
202400015838;155 753 884;30;0;2;1;1;1
202400015838;155 753 886;7;0;2;3;10;1
202400015839;155 753 880;7;0;2;8;1;1
202400015839;155 753 882;50;0;2;1;25;3
202400015840;155 753 881;33;0;0;8;1;1
202400015840;155 753 883;7;0;2;8;15;1
202400015841;155 753 877;7;6;0;1;1;1
202400015842;155 753 878;7;0;2;1;0;1
202400015842;155 753 879;34;8;2;8;1;1
202400015843;155 753 873;10;0;2;4;23;1
202400015843;155 753 875;30;1;0;1;1;1
202400015844;155 753 874;2;0;2;1;1;1
202400015844;155 753 876;7;0;0;7;1;1
202400015845;155 753 869;7;0;2;1;5;1
202400015845;155 753 872;7;0;2;2;15;1
202400015846;155 753 868;1;0;0;0;1;5
202400015847;155 753 866;33;0;2;3;1;1
202400015847;155 753 870;80;0;2;8;15;3
202400015848;155 753 863;7;0;2;1;10;0
202400015848;155 753 865;33;0;2;1;0;1
202400015848;155 753 867;33;0;2;1;0;1
202400015849;155 753 860;7;8;2;2;1;1
202400015849;155 753 862;10;0;2;3;1;1
202400015849;155 753 864;10;0;2;3;1;1
202400015850;155 753 859;33;0;2;2;16;1
202400015850;155 753 861;7;0;2;6;1;1
202400015851;155 753 858;7;0;1;3;1;1
202400015852;155 753 854;7;0;2;2;1;1
202400015852;155 753 857;10;0;2;3;1;1
202400015853;155 753 853;33;0;2;1;3;1
202400015853;155 753 855;7;0;2;3;13;1
202400015853;155 753 856;7;0;2;5;1;1
202400015854;155 753 848;33;0;2;1;1;1
202400015854;155 753 851;7;0;2;8;15;1
202400015855;155 753 850;7;0;2;2;15;1
202400015855;155 753 852;33;0;2;1;1;1
202400015856;155 753 847;80;0;2;8;1;3
202400015856;155 753 849;7;0;2;2;16;1
202400015857;155 753 846;7;7;0;9;26;1
202400015858;155 753 844;10;0;2;5;15;1
202400015858;155 753 845;33;0;2;1;1;1
202400015859;155 753 839;7;0;2;2;1;1
202400015859;155 753 841;10;0;2;4;23;1
202400015859;155 753 843;7;0;2;4;23;1
202400015860;155 753 838;33;0;2;0;0;1
202400015860;155 753 840;10;0;2;1;0;1
202400015860;155 753 842;7;1;0;7;26;1
202400015861;155 753 835;7;0;0;3;26;1
202400015862;155 753 834;7;0;2;1;1;1
202400015862;155 753 836;7;0;2;4;1;1
202400015863;155 753 833;2;0;2;5;17;1
202400015863;155 753 837;7;0;2;3;1;1
202400015864;155 753 831;7;0;2;3;15;2
202400015864;155 753 832;1;0;2;7;15;5
202400015865;155 753 828;7;0;2;3;0;2
202400015865;155 753 830;7;0;2;7;0;1
202400015866;155 753 827;30;0;0;1;0;1
202400015867;155 753 825;7;0;1;2;2;1
202400015868;155 753 823;10;0;2;3;1;1
202400015868;155 753 826;7;0;2;1;1;1
202400015869;155 753 822;2;0;2;8;1;1
202400015869;155 753 824;7;0;2;1;19;1
202400015870;155 753 821;7;1;0;0;20;1
202400015871;155 753 820;2;0;0;7;1;1
202400015872;155 753 817;7;0;2;2;2;2
202400015872;155 753 818;7;0;2;6;1;1
202400015873;155 753 816;7;0;2;6;19;1
202400015873;155 753 819;7;0;2;1;1;1
202400015874;155 753 814;33;0;2;1;2;1
202400015874;155 753 815;7;0;2;4;2;1
202400015875;155 753 813;7;4;0;1;1;1
202400015876;155 753 811;34;0;2;1;1;1
202400015876;155 753 812;1;0;2;1;1;5
202400015877;155 753 810;10;0;2;7;1;1
202400015878;155 753 805;7;0;2;4;2;1
202400015878;155 753 806;33;0;2;1;1;1
202400015878;155 753 808;33;0;2;1;2;1
202400015878;155 753 809;7;0;2;1;1;2
202400015879;155 753 803;37;0;2;1;1;3
202400015879;155 753 807;7;0;2;7;1;1
202400015880;155 753 802;31;7;0;2;2;1
202400015881;155 753 800;33;0;2;1;1;1
202400015881;155 753 801;7;0;2;4;1;1
202400015881;155 753 804;7;0;2;4;1;1
202400015882;155 753 797;7;0;2;1;1;1
202400015882;155 753 799;1;0;2;1;0;5
202400015883;155 753 798;7;0;1;1;15;1
202400015884;155 753 794;7;0;1;3;1;2
202400015885;155 753 791;33;0;2;1;1;1
202400015885;155 753 793;7;0;2;4;1;2
202400015886;155 753 792;10;0;2;1;2;1
202400015886;155 753 795;7;0;2;4;2;1
202400015886;155 753 796;7;0;2;4;2;1
202400015887;155 753 789;7;0;2;1;2;2
202400015887;155 753 790;10;0;2;4;2;1
202400015888;155 753 786;1;0;2;1;17;5
202400015888;155 753 787;7;0;2;8;22;2
202400015889;155 753 784;33;12;0;1;21;1
202400015890;155 753 783;7;0;2;4;2;1
202400015890;155 753 785;10;0;2;1;2;1
202400015890;155 753 788;7;0;0;4;2;2
202400015891;155 753 779;7;0;2;3;16;2
202400015891;155 753 781;1;0;2;1;1;5
202400015892;155 753 778;7;0;2;3;22;1
202400015892;155 753 780;33;1;2;7;18;1
202400015892;155 753 782;10;0;2;2;1;1
202400015893;155 753 776;7;0;2;6;11;1
202400015893;155 753 777;33;0;2;2;1;1
202400015894;155 753 773;32;0;9;1;26;0
202400015894;155 753 775;1;0;2;8;9;5
202400015895;155 753 772;7;4;0;3;13;1
202400015896;155 753 771;80;0;2;1;1;3
202400015896;155 753 774;10;0;9;0;0;0
202400015897;155 753 766;7;0;2;5;16;1
202400015897;155 753 769;1;0;2;2;16;5
202400015898;155 753 767;7;0;2;4;24;1
202400015898;155 753 770;50;1;0;1;1;3
202400015899;155 753 762;7;0;2;2;12;1
202400015899;155 753 764;34;0;2;3;2;1
202400015899;155 753 765;7;0;2;4;1;2
202400015899;155 753 768;7;0;2;4;1;2
202400015900;155 753 759;2;0;2;1;9;1
202400015900;155 753 761;7;0;0;7;17;0
202400015901;155 753 760;1;0;0;0;1;5
202400015902;155 753 758;7;0;0;5;2;1
202400015902;155 753 763;7;0;2;1;2;1
202400015903;155 753 755;31;0;0;8;26;1
202400015904;155 753 754;7;0;2;4;2;1
202400015904;155 753 757;7;0;2;1;2;1
202400015905;155 753 752;33;0;2;1;26;1
202400015905;155 753 756;7;0;2;8;26;1
202400015906;155 753 751;10;0;2;2;1;0
202400015906;155 753 753;7;0;2;3;1;1
202400015907;155 753 748;33;0;0;0;0;1
202400015908;155 753 750;7;3;0;1;1;1
202400015909;155 753 747;31;0;2;1;1;3
202400015909;155 753 749;7;0;2;4;1;1
202400015910;155 753 745;7;4;0;1;16;1
202400015911;155 753 743;7;0;2;0;0;1
202400015911;155 753 746;7;0;2;0;0;2
202400015912;155 753 741;7;4;0;1;2;1
202400015913;155 753 739;7;6;2;7;19;1
202400015913;155 753 744;7;0;2;1;1;1
202400015914;155 753 740;33;0;9;1;1;1
202400015914;155 753 742;80;0;2;7;1;3
202400015915;155 753 738;37;1;1;7;11;1
202400015916;155 753 735;17;0;2;1;9;1
202400015916;155 753 737;17;0;2;4;0;1
202400015917;155 753 733;99;0;2;6;23;1
202400015917;155 753 734;10;0;2;1;1;1
202400015918;155 753 732;50;0;2;7;1;3
202400015918;155 753 736;7;0;2;0;0;0
202400015919;155 753 728;7;0;2;2;26;2
202400015919;155 753 731;7;0;2;6;1;1
202400015920;155 753 726;30;0;2;3;15;1
202400015920;155 753 729;50;0;2;1;1;3
202400015921;155 753 725;31;0;2;1;12;1
202400015921;155 753 727;33;0;2;4;1;1
202400015921;155 753 730;10;0;2;3;0;1
202400015922;155 753 720;0;0;1;0;0;0
202400015923;155 753 722;32;0;2;3;21;1
202400015923;155 753 723;7;0;2;6;1;3
202400015923;155 753 724;7;0;0;0;1;1
202400015924;155 753 719;10;0;2;1;1;1
202400015924;155 753 721;30;0;2;8;1;3
202400015925;155 753 718;7;6;0;1;0;0
202400015926;155 753 716;31;0;2;8;11;1
202400015926;155 753 717;33;0;2;1;3;1
202400015927;155 753 715;32;0;0;0;1;1
202400015928;155 753 713;0;0;2;0;2;1
202400015928;155 753 714;10;0;2;4;2;1
202400015929;155 753 712;10;0;1;1;1;0
202400015930;155 753 710;15;0;2;2;12;1
202400015930;155 753 711;7;0;2;8;1;1
202400015931;155 753 706;7;4;0;1;26;1
202400015932;155 753 704;10;0;2;2;15;1
202400015932;155 753 709;7;0;2;1;1;1
202400015933;155 753 707;7;0;2;3;1;1
202400015933;155 753 708;7;0;2;3;10;2
202400015934;155 753 703;7;0;2;8;1;1
202400015934;155 753 705;38;0;2;3;13;1
202400015935;155 753 700;10;4;0;3;26;1
202400015936;155 753 698;2;0;2;4;23;3
202400015936;155 753 701;0;0;2;3;1;0
202400015937;155 753 699;7;15;0;1;1;1
202400015938;155 753 697;99;0;2;1;0;0
202400015938;155 753 702;32;0;2;7;2;1
202400015939;155 753 696;7;0;0;0;1;1
202400015940;155 753 693;7;2;0;1;1;1
202400015941;155 753 691;7;0;2;2;5;0
202400015941;155 753 694;7;0;2;1;0;0
202400015942;155 753 690;7;0;0;4;1;1
202400015942;155 753 692;7;0;0;4;2;
202400015942;155 753 695;7;0;2;1;1;2
202400015943;155 753 688;2;0;2;1;17;1
202400015943;155 753 689;3;0;2;6;15;1
202400015944;155 753 687;7;0;1;0;16;0
202400015945;155 753 683;7;0;2;0;15;1