Num_Acc;id_vehicule;categorie_vehicule;obstacle_fixe;obstacle_mobile;point_choc_initial;manoeuvre_principale;motorisation
202400015945;155 753 685;1;0;2;0;5;5
202400015946;155 753 684;7;0;2;6;2;0
202400015946;155 753 686;30;0;2;2;2;1
202400015947;155 753 680;7;0;2;1;2;1
202400015947;155 753 681;7;0;2;4;2;1
202400015948;155 753 679;7;2;2;5;9;1
202400015948;155 753 682;7;0;2;3;0;1
202400015949;155 753 674;7;0;2;3;13;1
202400015949;155 753 676;7;0;2;3;1;1
202400015950;155 753 673;7;0;2;1;1;1
202400015950;155 753 677;7;0;0;2;15;
202400015951;155 753 672;7;0;2;1;2;1
202400015951;155 753 675;7;0;2;4;2;1
202400015952;155 753 671;7;0;2;2;1;1
202400015952;155 753 678;7;0;2;1;1;1
202400015953;155 753 670;15;0;0;7;1;1
202400015954;155 753 668;7;0;9;2;15;1
202400015954;155 753 669;33;0;2;1;0;1
202400015955;155 753 666;32;0;2;1;17;1
202400015956;155 753 662;7;0;2;1;17;1
202400015956;155 753 665;7;0;2;1;1;1
202400015956;155 753 667;7;0;2;8;1;1
202400015957;155 753 661;7;4;0;4;23;1
202400015957;155 753 664;7;0;2;1;1;1
202400015958;155 753 660;30;0;1;1;26;3
202400015959;155 753 657;7;13;0;1;1;1
202400015960;155 753 658;10;0;2;4;23;1
202400015960;155 753 659;10;0;2;1;1;3
202400015960;155 753 663;7;0;2;4;23;1
202400015961;155 753 655;7;0;1;0;1;1
202400015962;155 753 653;7;0;2;3;0;1
202400015962;155 753 656;10;0;2;3;13;1
202400015963;155 753 651;14;0;2;3;13;1
202400015963;155 753 654;15;0;2;3;1;1
202400015964;155 753 650;7;0;2;1;9;1
202400015964;155 753 652;7;0;2;3;1;2
202400015965;155 753 648;7;0;2;1;1;1
202400015965;155 753 649;1;0;2;7;19;5
202400015966;155 753 646;7;8;0;1;14;1
202400015967;155 753 645;2;0;0;4;1;1
202400015967;155 753 647;7;0;2;3;9;1
202400015968;155 753 641;32;0;0;0;5;0
202400015968;155 753 644;7;0;0;3;1;0
202400015969;155 753 639;2;0;2;8;1;1
202400015969;155 753 643;7;0;2;3;15;1
202400015970;155 753 638;34;0;2;1;17;1
202400015970;155 753 642;7;0;2;3;15;2
202400015971;155 753 637;7;0;0;4;15;1
202400015971;155 753 640;7;0;2;1;2;1
202400015972;155 753 636;2;0;0;0;1;1
202400015973;155 753 634;33;0;2;1;1;1
202400015973;155 753 635;7;0;2;7;15;2
202400015974;155 753 633;7;0;1;1;1;1
202400015975;155 753 630;7;0;2;3;13;1
202400015975;155 753 632;7;0;2;3;1;1
202400015976;155 753 631;7;2;0;8;1;1
202400015977;155 753 629;7;0;1;1;16;1
202400015978;155 753 628;7;13;0;0;0;1
202400015979;155 753 624;10;0;2;2;10;1
202400015979;155 753 627;31;0;2;1;1;1
202400015980;155 753 623;7;0;2;7;1;1
202400015980;155 753 625;50;0;2;1;0;3
202400015981;155 753 619;7;5;0;1;1;1
202400015982;155 753 621;1;0;2;0;0;5
202400015982;155 753 622;7;0;2;0;0;1
202400015983;155 753 618;7;0;0;4;23;1
202400015983;155 753 620;7;0;2;1;1;1
202400015984;155 753 616;7;14;1;3;0;1
202400015985;155 753 613;7;0;1;6;4;1
202400015986;155 753 614;7;0;2;3;16;0
202400015986;155 753 617;7;0;2;2;1;0
202400015987;155 753 612;7;0;2;1;2;0
202400015987;155 753 615;7;0;2;4;2;1
202400015988;155 753 611;2;0;0;0;1;1
202400015989;155 753 610;7;3;0;1;1;2
202400015990;155 753 608;1;0;0;9;13;5
202400015991;155 753 606;7;1;0;0;26;1
202400015992;155 753 605;7;13;2;1;17;1
202400015992;155 753 607;7;0;2;1;2;3
202400015992;155 753 609;15;0;2;1;0;1
202400015993;155 753 604;7;0;1;3;15;1
202400015994;155 753 603;7;0;1;1;1;1
202400015995;155 753 600;7;15;0;3;19;1
202400015996;155 753 599;7;0;2;3;1;1
202400015996;155 753 602;7;13;2;3;1;1
202400015997;155 753 597;7;0;2;2;15;1
202400015997;155 753 601;34;0;2;3;1;1
202400015998;155 753 596;10;13;2;1;2;1
202400015998;155 753 598;10;13;2;5;1;1
202400015999;155 753 593;1;0;2;0;0;5
202400015999;155 753 595;7;0;2;0;0;1
202400016000;155 753 594;7;15;0;1;1;1
202400016001;155 753 590;7;0;9;5;15;2
202400016001;155 753 592;1;0;2;1;15;5
202400016002;155 753 589;7;0;2;3;1;1
202400016002;155 753 591;7;0;2;3;1;1
202400016003;155 753 588;33;0;0;0;1;1
202400016004;155 753 584;10;0;2;8;9;1
202400016004;155 753 587;7;0;2;1;1;1
202400016005;155 753 583;10;0;2;3;1;1
202400016005;155 753 586;2;0;2;8;1;1
202400016006;155 753 581;7;14;0;9;5;1
202400016007;155 753 579;7;0;0;1;1;1
202400016007;155 753 585;7;0;2;7;19;1
202400016008;155 753 580;7;0;9;1;1;1
202400016008;155 753 582;50;0;2;1;5;3
202400016009;155 753 578;7;4;0;3;1;1
202400016010;155 753 574;7;0;2;2;1;1
202400016010;155 753 576;31;0;2;3;0;1
202400016011;155 753 573;33;0;2;0;1;1
202400016011;155 753 577;1;0;2;0;26;5
202400016012;155 753 572;7;2;0;9;0;1
202400016013;155 753 571;7;0;9;2;1;1
202400016013;155 753 575;1;0;2;7;19;5
202400016014;155 753 567;7;16;0;9;1;1
202400016015;155 753 566;7;0;2;1;1;1
202400016015;155 753 570;1;0;2;1;5;5
202400016016;155 753 565;7;0;2;2;16;1
202400016016;155 753 568;80;0;2;8;15;3
202400016017;155 753 564;33;0;2;1;18;1
202400016017;155 753 569;7;0;0;5;1;1
202400016018;155 753 558;7;0;2;1;5;1
202400016018;155 753 561;10;0;2;2;1;1
202400016019;155 753 557;7;0;2;5;2;1
202400016019;155 753 562;7;12;2;3;2;1
202400016020;155 753 556;7;0;2;2;15;1
202400016020;155 753 560;33;0;2;1;1;1
202400016021;155 753 552;7;0;2;1;13;1
202400016021;155 753 555;7;0;2;1;1;1
202400016022;155 753 550;7;0;2;1;26;1
202400016022;155 753 553;7;0;2;8;0;0
202400016023;155 753 551;7;0;2;1;1;1
202400016023;155 753 554;7;0;2;3;1;1
202400016024;155 753 547;10;0;2;3;13;1
202400016024;155 753 549;7;0;2;3;1;1
202400016025;155 753 546;7;0;2;1;0;1
202400016025;155 753 548;7;0;2;1;0;1
202400016026;155 753 545;32;0;0;1;1;1
202400016027;155 753 543;7;0;1;1;15;2
202400016028;155 753 542;7;0;0;9;1;1
202400016029;155 753 540;7;0;0;8;2;1
202400016029;155 753 544;33;0;2;1;17;1
202400016030;155 753 539;10;0;2;8;1;1
202400016030;155 753 541;2;0;2;1;1;1
202400016031;155 753 538;7;0;1;1;1;1
202400016032;155 753 537;7;0;1;2;1;1
202400016033;155 753 533;7;0;2;1;1;1
202400016033;155 753 536;33;0;2;3;1;1
202400016034;155 753 532;50;0;2;0;0;3
202400016034;155 753 535;7;0;2;0;0;0
202400016035;155 753 530;7;0;2;8;9;1
202400016035;155 753 534;33;0;2;1;1;1
202400016036;155 753 528;7;0;2;3;1;1
202400016036;155 753 531;7;0;2;3;13;1
202400016037;155 753 525;7;0;2;1;9;1
202400016038;155 753 523;31;0;2;1;13;1
202400016038;155 753 526;7;0;2;3;1;1
202400016039;155 753 522;7;2;0;3;1;1
202400016040;155 753 521;1;0;2;7;17;5
202400016040;155 753 524;1;0;2;8;26;5
202400016040;155 753 527;1;0;2;1;17;5
202400016040;155 753 529;1;0;2;1;17;5
202400016041;155 753 520;0;0;0;0;26;0
202400016042;155 753 514;10;0;1;8;1;1
202400016043;155 753 516;7;0;0;1;11;1
202400016043;155 753 519;7;0;0;1;1;1
202400016044;155 753 513;7;0;2;2;9;1
202400016044;155 753 518;7;0;2;3;1;1
202400016045;155 753 512;7;0;2;6;1;3
202400016045;155 753 515;33;0;2;1;1;1
202400016045;155 753 517;33;0;2;1;0;1
202400016046;155 753 511;7;8;0;1;0;1
202400016047;155 753 508;7;2;0;3;14;1
202400016048;155 753 506;7;3;0;3;1;1
202400016048;155 753 509;7;3;0;1;1;1
202400016049;155 753 507;7;0;2;2;15;1
202400016049;155 753 510;33;0;2;1;1;1
202400016050;155 753 503;34;0;2;7;2;1
202400016050;155 753 505;7;0;2;0;13;0
202400016051;155 753 504;7;2;0;2;1;1
202400016052;155 753 502;7;13;0;7;1;1
202400016053;155 753 499;3;0;1;2;1;1
202400016054;155 753 498;33;3;0;1;1;1
202400016055;155 753 496;7;13;0;0;19;1
202400016056;155 753 495;37;0;2;2;19;6
202400016056;155 753 497;7;0;2;3;19;1
202400016057;155 753 492;17;0;1;3;2;1
202400016058;155 753 491;7;13;2;3;1;0
202400016058;155 753 494;7;13;2;3;13;1
202400016059;155 753 489;7;0;2;3;9;1
202400016059;155 753 493;33;0;2;1;1;1
202400016060;155 753 488;7;0;2;1;2;1
202400016060;155 753 490;33;0;2;4;2;1
202400016061;155 753 486;2;12;0;7;1;3
202400016062;155 753 484;10;3;2;1;2;1
202400016062;155 753 487;10;3;2;9;2;1
202400016063;155 753 483;7;0;2;3;1;1
202400016063;155 753 485;7;0;2;3;1;1
202400016064;155 753 482;1;0;0;1;1;5
202400016065;155 753 478;7;0;2;1;2;1
202400016065;155 753 480;7;3;2;1;23;1
202400016065;155 753 481;17;0;0;1;2;1
202400016066;155 753 476;33;0;2;1;3;1
202400016066;155 753 477;15;0;0;4;1;6
202400016066;155 753 479;10;0;2;8;1;1
202400016067;155 753 475;33;13;0;7;14;1
202400016068;155 753 474;7;0;1;3;1;1
202400016069;155 753 471;15;0;2;3;1;1
202400016069;155 753 473;7;0;2;3;1;1
202400016070;155 753 466;7;0;2;3;1;1
202400016070;155 753 470;7;0;2;1;15;1
202400016071;155 753 464;7;0;2;3;17;1
202400016071;155 753 467;10;0;2;3;1;1
202400016071;155 753 469;7;0;2;3;1;1
202400016071;155 753 472;7;0;2;3;1;1
202400016072;155 753 463;7;0;2;5;13;1
202400016072;155 753 465;7;0;2;2;21;1
202400016072;155 753 468;13;0;2;3;1;1
202400016073;155 753 461;7;0;2;1;1;1
202400016073;155 753 462;7;0;2;4;1;1
202400016074;155 753 459;7;13;0;3;13;1
202400016075;155 753 460;7;0;1;1;1;1
202400016076;155 753 458;7;0;1;2;1;1
202400016077;155 753 456;36;6;0;3;0;1
202400016078;155 753 457;7;2;0;1;13;0
202400016079;155 753 455;30;0;2;0;0;0
202400016080;155 753 454;7;0;1;3;1;1
202400016081;155 753 453;7;0;0;0;2;1
202400016082;155 753 451;7;15;0;1;13;1
202400016083;155 753 449;7;0;1;3;1;2
202400016084;155 753 448;7;16;2;2;13;1
202400016084;155 753 450;15;0;2;2;1;1
202400016085;155 753 447;7;0;2;4;1;1
202400016085;155 753 452;10;0;2;3;9;1
202400016086;155 753 445;7;0;2;3;1;1
202400016086;155 753 446;1;0;2;1;9;5
202400016087;155 753 441;30;0;1;1;1;1
202400016088;155 753 442;7;3;0;3;13;1
202400016089;155 753 443;10;15;0;1;1;1
202400016090;155 753 439;7;0;2;2;1;1
202400016090;155 753 440;7;3;0;7;15;1
202400016090;155 753 444;10;0;2;1;1;1
202400016091;155 753 438;43;12;0;0;1;1
202400016092;155 753 435;7;0;2;8;19;1
202400016092;155 753 437;33;0;2;1;1;1
202400016093;155 753 434;7;1;1;2;1;1
202400016094;155 753 433;7;0;2;3;13;1
202400016094;155 753 436;7;0;2;3;1;1
202400016095;155 753 432;33;13;0;8;1;1
202400016096;155 753 431;7;2;0;1;1;1
202400016097;155 753 429;7;0;1;3;4;1
202400016098;155 753 428;7;0;0;0;1;1
202400016099;155 753 427;7;0;2;8;1;1
202400016099;155 753 430;7;0;2;1;13;1
202400016100;155 753 426;7;0;0;2;0;1
202400016101;155 753 423;50;0;2;1;1;3
202400016101;155 753 425;7;1;0;6;9;1
202400016102;155 753 421;7;0;9;1;1;1
202400016102;155 753 424;80;0;2;5;19;3
202400016103;155 753 419;10;0;2;1;17;1
202400016103;155 753 420;13;0;2;6;1;0
202400016103;155 753 422;7;0;2;1;9;1
202400016104;155 753 418;7;0;1;1;1;1
202400016105;155 753 415;7;13;2;1;5;1
202400016105;155 753 417;7;0;2;7;1;1
202400016106;155 753 413;1;0;2;1;16;5
202400016106;155 753 416;7;0;2;3;15;1
202400016107;155 753 412;7;0;2;8;1;1
202400016107;155 753 414;7;0;2;8;10;1
202400016108;155 753 411;31;15;0;1;14;1
202400016109;155 753 409;7;6;0;1;14;1
202400016110;155 753 408;7;0;1;1;1;1
202400016111;155 753 405;7;0;2;3;9;2
202400016111;155 753 406;1;0;2;2;14;5
202400016112;155 753 403;7;0;2;1;1;1
202400016112;155 753 404;7;0;2;2;13;1
202400016113;155 753 400;7;0;0;3;15;1
202400016113;155 753 402;32;0;2;3;17;1
202400016114;155 753 391;10;0;2;3;1;1
202400016114;155 753 395;10;6;2;1;13;1
202400016114;155 753 398;7;0;2;3;1;1
202400016115;155 753 390;7;14;0;1;26;1
202400016115;155 753 393;15;0;2;4;26;1
202400016115;155 753 397;7;14;0;9;2;1
202400016116;155 753 389;7;14;0;1;2;1
202400016116;155 753 392;7;0;2;1;2;1
202400016116;155 753 394;7;0;2;5;2;1
202400016116;155 753 396;7;0;2;4;2;1
202400016117;155 753 387;7;0;2;1;19;1
202400016117;155 753 388;2;0;2;8;1;1
202400016118;155 753 385;7;3;0;2;1;1
202400016119;155 753 386;31;12;0;1;13;1
202400016120;155 753 383;31;8;0;3;13;1
202400016121;155 753 384;7;0;1;1;1;1
202400016122;155 753 382;7;0;1;1;1;1
202400016123;155 753 378;7;0;2;4;2;1
202400016123;155 753 379;7;0;2;4;2;1
202400016123;155 753 381;7;0;2;1;2;2
202400016124;155 753 377;2;12;0;1;1;1
202400016125;155 753 375;7;0;2;2;15;1
202400016125;155 753 376;7;0;2;2;23;1
202400016125;155 753 380;7;6;2;3;1;1
202400016126;155 753 371;7;0;2;4;2;1
202400016126;155 753 373;7;0;2;1;2;1
202400016126;155 753 374;7;0;2;4;2;3
202400016127;155 753 370;7;0;1;7;1;1
202400016128;155 753 369;7;0;2;5;1;1
202400016128;155 753 372;7;0;2;5;15;2
202400016129;155 753 367;7;0;2;4;1;1
202400016129;155 753 368;7;0;2;1;1;1
202400016130;155 753 366;7;13;0;8;1;1
202400016131;155 753 365;7;7;0;1;16;2
202400016132;155 753 361;7;0;2;4;2;1
202400016132;155 753 364;7;0;2;1;2;2
202400016133;155 753 362;7;0;2;2;1;1
202400016133;155 753 363;7;0;2;6;16;1
202400016134;155 753 359;7;4;0;3;0;1
202400016135;155 753 358;33;0;2;8;3;1
202400016135;155 753 360;7;0;2;7;12;1
202400016136;155 753 357;10;9;0;1;1;0
202400016137;155 753 354;7;14;0;3;12;1
202400016138;155 753 350;7;0;2;4;23;1
202400016138;155 753 352;15;0;2;1;2;1
202400016138;155 753 353;10;0;2;4;23;1
202400016138;155 753 356;7;0;2;4;23;3
202400016139;155 753 351;7;0;2;1;1;1
202400016139;155 753 355;10;0;2;1;0;1
202400016140;155 753 347;7;11;0;1;13;1
202400016141;155 753 345;33;0;2;1;1;1
202400016141;155 753 348;7;0;2;1;1;1
202400016141;155 753 349;7;0;2;5;2;1
202400016142;155 753 344;7;0;2;1;2;1
202400016142;155 753 346;7;0;2;4;2;1
202400016143;155 753 343;7;0;1;2;1;1
202400016144;155 753 341;33;0;2;1;0;1
202400016144;155 753 342;7;0;2;7;0;1
202400016145;155 753 338;7;0;2;5;1;1
202400016145;155 753 340;30;0;2;1;1;1
202400016146;155 753 339;7;0;2;1;2;1
202400016147;155 753 336;7;0;2;1;1;1
202400016147;155 753 337;7;0;2;1;13;1
202400016148;155 753 334;7;0;2;1;26;1
202400016148;155 753 335;10;0;2;4;2;1
202400016149;155 753 331;30;0;2;1;2;1
202400016149;155 753 333;7;0;9;5;1;1
202400016150;155 753 332;7;3;0;1;16;1
202400016151;155 753 329;30;0;0;0;15;1
202400016152;155 753 325;7;0;2;2;26;3
202400016152;155 753 328;7;0;2;1;23;1
202400016152;155 753 330;7;0;2;1;1;1
202400016153;155 753 323;7;0;2;8;15;1
202400016153;155 753 324;1;0;2;8;1;0
202400016154;155 753 321;7;0;1;8;21;1
202400016155;155 753 322;7;0;2;4;21;1
202400016155;155 753 326;7;1;0;0;26;1
202400016155;155 753 327;7;3;2;1;2;1
202400016156;155 753 319;32;0;2;1;2;1
202400016156;155 753 320;7;0;2;8;10;2
202400016157;155 753 317;30;0;2;1;2;1
202400016157;155 753 318;10;0;2;6;2;1
202400016158;155 753 315;7;0;1;3;15;1
202400016159;155 753 314;7;0;2;1;2;1
202400016159;155 753 316;10;0;2;4;2;1
202400016160;155 753 311;7;0;2;1;19;1
202400016160;155 753 313;7;0;2;3;1;1
202400016161;155 753 310;31;0;2;1;1;1
202400016161;155 753 312;7;0;2;4;9;1
202400016162;155 753 308;7;15;1;2;1;0
202400016163;155 753 307;7;0;1;1;1;2
202400016164;155 753 305;7;0;2;4;2;2
202400016164;155 753 306;10;0;2;1;2;1
202400016164;155 753 309;7;0;2;4;1;1
202400016165;155 753 303;37;0;0;0;9;1
202400016165;155 753 304;30;0;0;0;21;1
202400016166;155 753 300;30;0;2;1;17;1
202400016166;155 753 302;7;0;0;3;15;1
202400016167;155 753 299;7;0;2;4;1;1
202400016167;155 753 301;10;0;2;1;2;1
202400016168;155 753 297;30;0;2;1;1;1
202400016168;155 753 298;7;0;2;8;20;1
202400016169;155 753 296;10;0;1;1;1;1
202400016170;155 753 292;7;14;0;8;9;3
202400016170;155 753 294;50;0;2;1;1;3
202400016171;155 753 290;34;0;2;1;17;1
202400016171;155 753 293;7;0;2;3;10;1
202400016172;155 753 291;7;0;2;4;2;2
202400016172;155 753 295;7;0;2;1;2;1
202400016173;155 753 289;7;0;1;2;1;1
202400016174;155 753 288;7;0;1;2;1;1
202400016175;155 753 287;10;0;1;2;2;1
202400016176;155 753 283;1;0;0;0;0;5
202400016176;155 753 286;30;0;2;1;0;1
202400016177;155 753 281;7;0;2;1;0;1
202400016177;155 753 284;14;0;2;4;4;1
202400016178;155 753 282;7;0;2;3;1;1
202400016178;155 753 285;33;0;2;9;1;1
202400016179;155 753 277;7;0;2;1;15;1
202400016179;155 753 279;33;0;2;0;1;1
202400016180;155 753 278;1;0;2;0;19;5
202400016180;155 753 280;32;0;2;0;1;3
202400016181;155 753 276;7;0;1;4;26;0
202400016182;155 753 275;7;12;1;1;15;1
202400016183;155 753 274;7;1;0;3;1;1
202400016184;155 753 273;7;0;1;2;12;1
202400016185;155 753 271;50;0;2;1;1;3
202400016185;155 753 272;7;0;2;1;1;2
202400016186;155 753 268;2;0;0;8;15;1
202400016186;155 753 269;99;0;2;2;17;0
202400016187;155 753 267;10;0;2;2;1;0
202400016187;155 753 270;10;0;2;5;1;0
202400016188;155 753 259;33;0;2;7;17;1
202400016188;155 753 264;7;0;2;8;15;1
202400016189;155 753 258;10;0;2;2;2;1
202400016189;155 753 261;7;0;2;2;2;1
202400016189;155 753 263;7;0;2;2;0;1
202400016189;155 753 265;7;4;2;2;11;1
202400016189;155 753 266;15;0;2;6;1;1
202400016190;155 753 257;7;0;2;3;1;1
202400016190;155 753 260;30;0;2;7;15;1
202400016191;155 753 256;7;0;2;7;1;1
202400016191;155 753 262;7;0;2;1;9;1
202400016192;155 753 254;7;0;2;2;17;1
202400016192;155 753 255;2;6;2;7;1;1
202400016193;155 753 251;50;0;2;1;2;3
202400016193;155 753 252;7;0;2;4;2;1
202400016194;155 753 249;7;0;1;3;13;1
202400016195;155 753 248;50;12;0;1;0;3
202400016196;155 753 245;7;0;1;5;1;1
202400016197;155 753 246;10;0;2;3;10;1
202400016197;155 753 247;33;0;2;1;17;1
202400016198;155 753 244;7;0;0;0;26;1
202400016199;155 753 241;33;0;2;1;13;1
202400016199;155 753 243;7;0;2;3;1;1
202400016200;155 753 239;10;0;2;7;20;1
202400016200;155 753 242;1;0;2;1;25;5
202400016201;155 753 237;7;0;2;1;1;1
202400016201;155 753 240;7;0;2;1;13;1
202400016202;155 753 238;7;0;1;3;19;1
202400016203;155 753 233;10;0;2;2;21;1
202400016203;155 753 236;7;0;2;2;13;1
202400016204;155 753 232;32;0;2;1;1;0
202400016204;155 753 235;7;0;2;2;15;1
202400016205;155 753 230;50;0;2;7;1;3
202400016205;155 753 234;7;0;2;2;1;1
202400016206;155 753 229;36;0;0;0;1;1
202400016207;155 753 228;3;0;2;1;1;1
202400016207;155 753 231;7;0;2;7;1;1
202400016208;155 753 225;50;0;2;8;16;3
202400016208;155 753 227;7;0;2;0;16;1
202400016209;155 753 224;7;13;0;1;1;1
202400016210;155 753 219;7;0;2;0;14;0
202400016210;155 753 221;7;0;2;3;2;1
202400016211;155 753 218;33;0;0;8;1;1
202400016212;155 753 217;7;0;1;1;1;0
202400016213;155 753 214;36;0;0;9;15;1
202400016214;155 753 211;7;0;2;1;1;3
202400016214;155 753 216;1;0;2;8;19;5
202400016215;155 753 212;7;0;2;1;2;1
202400016215;155 753 215;7;0;2;0;0;1
202400016216;155 753 210;7;0;2;1;1;1
202400016216;155 753 213;7;0;2;1;5;1
202400016217;155 753 209;7;2;9;1;14;1
202400016218;155 753 206;7;3;2;2;13;1
202400016218;155 753 208;14;0;2;1;1;1
202400016219;155 753 204;1;0;2;8;8;5
202400016219;155 753 207;7;0;9;1;1;1
202400016220;155 753 202;7;2;0;1;1;1
202400016221;155 753 203;10;0;2;3;1;1
202400016221;155 753 205;99;0;2;2;19;3
202400016222;155 753 199;80;0;2;1;1;2
202400016222;155 753 201;7;0;9;3;15;1
202400016223;155 753 196;7;0;2;1;9;1
202400016223;155 753 200;33;0;2;7;2;1
202400016224;155 753 195;2;0;2;1;1;1
202400016224;155 753 198;7;0;2;8;15;1
202400016225;155 753 194;7;0;2;1;0;1
202400016225;155 753 197;7;3;0;4;1;2
202400016226;155 753 192;7;0;0;0;26;1
202400016227;155 753 193;7;0;1;3;15;1
202400016228;155 753 191;7;6;0;1;14;1
202400016229;155 753 189;32;0;2;1;17;1
202400016229;155 753 190;7;0;2;6;15;2
202400016230;155 753 187;7;0;2;5;1;1
202400016230;155 753 188;7;0;2;1;1;1
202400016231;155 753 184;36;2;0;2;2;1
202400016232;155 753 181;30;0;2;1;17;1
202400016232;155 753 185;7;0;2;4;16;1
202400016233;155 753 180;32;0;2;1;2;1
202400016233;155 753 182;7;0;2;2;15;2
202400016234;155 753 176;50;0;0;0;0;3
202400016234;155 753 177;7;0;9;0;15;0
202400016235;155 753 174;7;6;0;1;1;1
202400016236;155 753 172;7;0;2;1;2;1
202400016236;155 753 175;7;0;2;4;2;2
202400016237;155 753 170;2;0;0;0;0;1
202400016238;155 753 173;30;0;1;1;1;1
202400016239;155 753 169;7;0;2;6;15;1
202400016239;155 753 171;7;0;2;3;21;1
202400016240;155 753 167;33;0;0;6;1;1
202400016241;155 753 165;7;0;2;1;12;3
202400016241;155 753 168;7;0;2;5;1;1
202400016242;155 753 163;7;0;2;2;15;1
202400016242;155 753 166;1;0;2;1;1;5
202400016243;155 753 161;32;11;0;1;26;1
202400016244;155 753 157;7;0;2;7;1;1
202400016244;155 753 158;7;0;2;3;1;1
202400016244;155 753 160;31;0;2;8;3;1
202400016245;155 753 156;33;0;1;1;26;1
202400016246;155 753 155;7;15;0;8;1;1
202400016247;155 753 153;7;0;2;4;23;1
202400016247;155 753 154;7;0;2;1;1;1
202400016248;155 753 149;7;0;2;1;16;1
202400016248;155 753 152;43;0;2;4;16;1
202400016249;155 753 148;7;0;2;3;1;1
202400016250;155 753 147;33;0;2;1;1;0
202400016250;155 753 151;7;0;2;3;15;0
202400016251;155 753 146;7;0;2;3;13;1
202400016251;155 753 150;10;0;2;3;1;1
202400016252;155 753 144;7;9;0;2;1;1
202400016253;155 753 143;7;8;0;1;1;1
202400016254;155 753 141;50;0;2;1;1;3
202400016254;155 753 145;7;0;2;3;1;2
202400016255;155 753 140;33;0;0;0;15;1
202400016255;155 753 142;7;0;0;0;9;1
202400016256;155 753 139;1;0;0;0;26;5
202400016257;155 753 137;7;12;0;1;14;1
202400016258;155 753 135;7;0;2;2;17;1
202400016258;155 753 138;7;0;2;3;11;1
202400016259;155 753 134;7;0;2;1;13;1
202400016259;155 753 136;7;0;2;1;21;1
202400016260;155 753 131;10;0;2;1;1;1
202400016260;155 753 133;7;8;2;1;1;1
202400016261;155 753 130;7;0;2;2;15;1
202400016261;155 753 132;34;0;2;3;1;1
202400016262;155 753 128;7;12;0;1;1;1
202400016263;155 753 127;10;0;0;1;1;1
202400016263;155 753 129;7;0;2;7;1;2
202400016264;155 753 125;1;0;2;6;1;5
202400016264;155 753 126;7;0;2;1;9;1
202400016265;155 753 123;33;8;0;1;19;1
202400016266;155 753 122;33;0;2;2;17;1
202400016266;155 753 124;7;0;2;3;10;3
202400016267;155 753 119;7;6;0;3;1;1
202400016268;155 753 117;7;0;2;3;1;2
202400016268;155 753 121;30;0;2;1;13;1
202400016269;155 753 116;1;0;2;3;15;5
202400016269;155 753 118;1;0;2;2;1;5
202400016270;155 753 115;50;0;2;1;0;3
202400016270;155 753 120;10;0;2;1;1;1
202400016271;155 753 110;33;0;0;1;1;1
202400016271;155 753 113;7;0;0;5;15;1
202400016272;155 753 112;37;0;1;5;9;1
202400016273;155 753 109;1;0;2;3;1;5
202400016273;155 753 114;7;0;2;3;1;1
202400016274;155 753 108;7;0;2;2;15;1
202400016274;155 753 111;33;0;2;1;7;1
202400016275;155 753 101;7;0;2;3;1;1
202400016275;155 753 104;7;6;2;9;13;1
202400016275;155 753 107;10;0;2;8;1;1
202400016276;155 753 102;7;0;2;6;15;1
202400016276;155 753 105;33;0;2;1;1;1
202400016277;155 753 100;7;0;2;1;2;3
202400016277;155 753 106;7;0;2;0;0;1
202400016278;155 753 099;1;0;2;1;1;5
202400016278;155 753 103;7;0;2;6;15;1
202400016279;155 753 098;7;0;0;9;26;1
202400016280;155 753 094;7;0;2;1;19;1
202400016280;155 753 097;33;0;2;7;1;1
202400016281;155 753 092;7;0;2;6;17;1
202400016281;155 753 096;7;2;2;1;17;1
202400016282;155 753 093;7;0;2;1;1;2
202400016282;155 753 095;7;0;0;4;23;1
202400016283;155 753 091;10;0;1;1;1;3
202400016284;155 753 087;7;0;2;3;1;1
202400016284;155 753 089;7;0;2;3;13;1
202400016285;155 753 086;7;0;2;3;9;0
202400016285;155 753 088;7;0;2;1;0;1
202400016286;155 753 085;7;0;2;7;1;1
202400016286;155 753 090;7;0;2;1;1;2
202400016287;155 753 084;7;0;1;1;1;1
202400016288;155 753 081;3;0;0;4;2;1
202400016288;155 753 083;7;0;2;1;2;1
202400016289;155 753 080;7;0;1;1;2;0
202400016290;155 753 078;7;0;2;1;1;1
202400016290;155 753 082;7;0;2;8;19;1
202400016291;155 753 077;7;0;2;1;1;1
202400016291;155 753 079;10;0;2;8;1;1
202400016292;155 753 074;50;0;0;4;2;3
202400016292;155 753 076;7;0;2;1;2;1
202400016293;155 753 072;7;0;0;3;1;1
202400016293;155 753 075;7;0;2;1;15;1
202400016294;155 753 071;1;0;0;4;2;5
202400016294;155 753 073;33;0;0;1;1;1
202400016295;155 753 069;7;0;1;2;1;1
202400016296;155 753 066;7;12;0;9;0;1
202400016297;155 753 065;10;0;9;3;26;1
202400016297;155 753 068;1;0;0;1;2;5
202400016298;155 753 064;7;1;0;0;20;1
202400016299;155 753 063;33;0;6;1;1;1
202400016300;155 753 061;7;3;0;1;1;1
202400016301;155 753 059;33;13;0;0;0;1