Num_Acc;id_vehicule;categorie_vehicule;obstacle_fixe;obstacle_mobile;point_choc_initial;manoeuvre_principale;motorisation
202400016302;155 753 058;7;8;0;8;1;1
202400016303;155 753 057;7;0;2;1;1;1
202400016303;155 753 060;1;0;2;1;5;5
202400016304;155 753 054;7;0;2;5;15;0
202400016304;155 753 056;33;0;2;1;1;0
202400016305;155 753 051;17;0;0;6;1;1
202400016305;155 753 053;7;4;2;9;2;1
202400016305;155 753 055;7;0;2;1;17;2
202400016306;155 753 050;7;0;1;1;19;1
202400016307;155 753 048;30;0;1;1;1;0
202400016308;155 753 047;7;13;0;9;1;1
202400016309;155 753 041;7;0;2;5;1;1
202400016309;155 753 044;7;0;2;5;2;1
202400016309;155 753 045;7;0;2;1;2;1
202400016310;155 753 040;7;0;2;1;2;1
202400016310;155 753 042;7;0;2;4;2;1
202400016310;155 753 046;7;0;2;4;2;1
202400016311;155 753 036;7;0;2;3;21;1
202400016311;155 753 039;7;0;2;3;1;2
202400016312;155 753 034;7;0;2;3;21;2
202400016312;155 753 038;33;0;2;7;14;1
202400016313;155 753 035;10;6;0;2;14;1
202400016314;155 753 037;50;0;2;1;1;3
202400016314;155 753 043;32;0;9;8;23;1
202400016315;155 753 031;10;0;2;6;15;1
202400016315;155 753 033;2;0;2;3;21;1
202400016316;155 753 030;30;0;2;0;26;1
202400016316;155 753 032;10;0;2;0;0;1
202400016317;155 753 028;7;3;0;1;0;1
202400016318;155 753 025;31;0;0;7;16;1
202400016319;155 753 024;1;0;2;4;1;5
202400016319;155 753 027;7;0;2;2;1;0
202400016319;155 753 029;1;0;2;4;1;5
202400016320;155 753 023;13;0;2;3;1;1
202400016320;155 753 026;33;0;2;0;0;1
202400016321;155 753 022;7;0;0;9;14;1
202400016322;155 753 021;7;0;1;1;15;1
202400016323;155 753 018;33;0;0;8;12;1
202400016324;155 753 017;14;0;2;1;16;1
202400016324;155 753 020;1;0;2;4;1;5
202400016325;155 753 015;30;0;2;1;17;1
202400016325;155 753 019;7;0;2;8;1;3
202400016326;155 753 012;7;0;2;3;13;1
202400016326;155 753 016;7;0;2;2;1;1
202400016327;155 753 013;7;3;2;9;14;1
202400016327;155 753 014;7;0;0;6;1;1
202400016328;155 753 010;1;0;0;0;26;5
202400016329;155 753 009;10;0;2;2;1;1
202400016329;155 753 011;1;0;0;0;13;5
202400016330;155 753 005;7;0;2;1;1;1
202400016330;155 753 006;7;0;2;4;1;2
202400016330;155 753 008;7;0;2;4;1;1
202400016331;155 753 002;14;0;2;3;13;1
202400016331;155 753 004;7;0;2;6;1;1
202400016332;155 753 001;7;0;2;3;13;1
202400016332;155 753 003;37;0;2;7;1;1
202400016333;155 752 999;33;0;0;0;1;1
202400016334;155 752 998;80;0;2;1;2;3
202400016334;155 753 000;7;0;2;;22;0
202400016335;155 752 997;2;1;0;2;14;1
202400016336;155 752 994;14;0;2;3;1;1
202400016336;155 752 996;2;0;2;1;1;1
202400016337;155 752 991;33;0;2;3;1;1
202400016337;155 752 995;7;0;2;4;12;0
202400016338;155 752 990;7;0;2;2;13;1
202400016338;155 752 993;7;0;2;1;1;1
202400016339;155 752 989;1;1;0;1;13;5
202400016339;155 752 992;10;0;2;3;24;1
202400016340;155 752 987;7;0;2;3;13;1
202400016340;155 752 988;33;0;2;8;1;1
202400016341;155 752 984;7;0;2;1;1;1
202400016341;155 752 986;7;0;2;1;1;1
202400016342;155 752 983;30;0;1;8;1;3
202400016343;155 752 982;7;0;2;4;1;1
202400016343;155 752 985;7;0;2;1;2;1
202400016344;155 752 979;7;0;2;3;15;1
202400016344;155 752 981;2;0;2;1;1;1
202400016345;155 752 978;33;14;0;1;17;3
202400016346;155 752 976;7;0;2;1;21;2
202400016346;155 752 977;7;0;2;6;23;1
202400016347;155 752 975;2;6;0;0;5;1
202400016348;155 752 973;7;0;2;2;1;1
202400016348;155 752 974;7;0;2;3;1;1
202400016349;155 752 972;31;12;0;2;14;3
202400016350;155 752 968;7;0;2;4;2;1
202400016350;155 752 970;7;0;2;1;2;1
202400016351;155 752 966;7;0;2;3;1;1
202400016351;155 752 971;10;0;2;3;13;1
202400016352;155 752 964;2;0;1;1;1;3
202400016353;155 752 959;7;2;2;3;13;1
202400016353;155 752 961;7;8;2;2;1;1
202400016354;155 752 958;7;0;2;4;1;1
202400016354;155 752 962;7;0;2;0;0;1
202400016354;155 752 963;7;0;2;1;2;2
202400016355;155 752 957;7;0;0;3;23;1
202400016355;155 752 960;7;0;2;2;16;1
202400016356;155 752 955;1;0;2;8;1;5
202400016356;155 752 956;10;0;2;7;16;1
202400016357;155 752 950;7;0;2;3;0;1
202400016357;155 752 952;7;0;2;1;0;1
202400016358;155 752 949;7;0;2;1;13;1
202400016358;155 752 954;7;0;2;3;2;1
202400016359;155 752 948;38;0;2;2;2;1
202400016359;155 752 951;33;0;2;8;3;1
202400016359;155 752 953;7;0;2;6;2;1
202400016360;155 752 946;33;0;0;0;0;1
202400016361;155 752 945;7;3;0;3;1;1
202400016362;155 752 944;10;0;2;5;15;1
202400016362;155 752 947;33;0;2;1;1;1
202400016363;155 752 943;2;3;0;0;1;1
202400016364;155 752 941;7;2;0;1;26;1
202400016365;155 752 940;7;11;0;1;2;1
202400016365;155 752 942;80;0;2;1;19;3
202400016366;155 752 938;33;0;0;9;1;1
202400016367;155 752 937;33;0;0;8;1;1
202400016367;155 752 939;7;0;0;0;15;0
202400016368;155 752 935;30;2;2;1;3;1
202400016368;155 752 936;7;2;2;8;15;1
202400016369;155 752 934;7;0;1;3;26;1
202400016370;155 752 932;7;0;2;1;26;1
202400016370;155 752 933;7;0;2;4;23;2
202400016371;155 752 929;38;0;0;7;1;1
202400016372;155 752 928;7;0;2;3;1;1
202400016372;155 752 931;32;0;2;1;1;1
202400016373;155 752 925;7;0;0;0;0;0
202400016373;155 752 927;7;0;2;1;2;1
202400016373;155 752 930;7;0;2;0;0;1
202400016374;155 752 924;33;0;0;7;2;1
202400016375;155 752 923;7;0;2;1;1;3
202400016375;155 752 926;7;0;2;4;1;1
202400016376;155 752 919;7;0;2;4;1;1
202400016376;155 752 921;17;0;2;1;2;1
202400016376;155 752 922;7;0;2;4;1;1
202400016377;155 752 917;1;0;2;0;0;5
202400016377;155 752 920;50;0;2;0;0;3
202400016378;155 752 918;7;0;1;1;1;1
202400016379;155 752 916;7;12;1;1;15;1
202400016380;155 752 915;32;4;0;1;14;1
202400016381;155 752 914;7;3;0;3;21;1
202400016382;155 752 912;7;0;2;1;2;1
202400016382;155 752 913;7;0;2;5;1;2
202400016383;155 752 907;17;0;2;6;1;1
202400016383;155 752 909;7;0;2;2;17;1
202400016384;155 752 908;7;0;2;7;15;1
202400016384;155 752 910;0;0;2;0;1;0
202400016385;155 752 906;7;6;0;3;1;1
202400016386;155 752 904;33;0;0;7;1;1
202400016387;155 752 905;7;9;2;8;1;1
202400016387;155 752 911;7;3;2;1;1;1
202400016388;155 752 903;7;3;0;3;13;1
202400016389;155 752 902;7;0;0;1;1;1
202400016390;155 752 899;7;0;2;1;19;2
202400016390;155 752 901;33;0;2;8;1;1
202400016391;155 752 896;7;5;0;2;1;1
202400016392;155 752 897;32;0;2;7;1;1
202400016392;155 752 900;7;0;2;6;13;1
202400016393;155 752 895;7;0;2;1;1;1
202400016393;155 752 898;7;0;0;8;10;2
202400016394;155 752 891;7;0;2;8;26;1
202400016394;155 752 892;7;0;2;8;0;1
202400016394;155 752 894;7;0;2;3;13;1
202400016395;155 752 889;31;0;5;1;1;1
202400016396;155 752 888;7;0;1;3;20;1
202400016397;155 752 886;7;13;0;0;14;1
202400016398;155 752 885;7;6;0;2;1;1
202400016399;155 752 881;7;0;2;3;1;2
202400016399;155 752 883;50;0;2;1;1;3
202400016400;155 752 882;30;1;0;2;1;1
202400016401;155 752 879;2;0;2;8;18;1
202400016401;155 752 880;7;0;0;7;16;1
202400016402;155 752 878;7;8;0;1;13;1
202400016403;155 752 874;7;0;6;1;1;1
202400016404;155 752 872;80;0;2;8;0;3
202400016404;155 752 876;7;0;2;8;2;1
202400016405;155 752 875;7;0;2;4;9;1
202400016405;155 752 877;33;0;2;1;2;1
202400016406;155 752 869;7;0;0;0;13;1
202400016407;155 752 871;7;0;2;1;19;1
202400016407;155 752 873;7;0;2;3;1;1
202400016408;155 752 868;7;0;1;1;16;3
202400016409;155 752 866;7;0;0;0;1;1
202400016410;155 752 865;7;2;0;0;14;1
202400016411;155 752 863;7;0;2;7;15;1
202400016411;155 752 864;33;0;2;1;1;1
202400016412;155 752 867;7;0;2;1;2;2
202400016412;155 752 870;7;0;0;4;9;1
202400016413;155 752 861;37;0;2;2;15;1
202400016414;155 752 859;7;14;0;3;9;1
202400016414;155 752 862;7;0;2;3;1;1
202400016415;155 752 858;7;0;2;1;13;1
202400016415;155 752 860;7;0;2;1;13;1
202400016416;155 752 855;7;13;0;2;1;1
202400016417;155 752 853;2;0;2;1;1;1
202400016417;155 752 856;7;0;2;7;15;1
202400016418;155 752 852;7;4;2;4;17;1
202400016418;155 752 854;10;0;2;1;1;1
202400016418;155 752 857;7;0;2;1;1;1
202400016419;155 752 850;32;0;1;1;21;3
202400016420;155 752 846;7;0;2;3;0;1
202400016420;155 752 848;33;0;2;1;0;1
202400016421;155 752 845;7;0;2;1;2;1
202400016421;155 752 847;10;0;2;4;2;1
202400016421;155 752 851;20;0;0;4;2;1
202400016422;155 752 844;7;0;2;1;1;1
202400016422;155 752 849;7;0;2;1;9;1
202400016423;155 752 842;7;0;2;1;1;1
202400016423;155 752 843;7;0;0;7;10;1
202400016424;155 752 839;7;6;0;2;0;1
202400016425;155 752 838;2;0;2;1;1;1
202400016425;155 752 841;7;0;2;2;1;1
202400016426;155 752 837;7;0;0;6;23;1
202400016426;155 752 840;7;0;1;2;2;1
202400016427;155 752 836;7;15;0;1;0;2
202400016428;155 752 832;7;0;2;3;1;1
202400016428;155 752 835;2;0;2;1;9;1
202400016429;155 752 831;7;0;0;0;19;1
202400016429;155 752 833;31;10;0;8;26;1
202400016430;155 752 827;7;0;2;5;17;1
202400016430;155 752 830;7;0;2;3;1;1
202400016431;155 752 826;7;13;0;3;19;1
202400016432;155 752 825;7;0;2;6;5;1
202400016432;155 752 828;7;0;2;1;17;1
202400016432;155 752 829;7;0;2;4;2;1
202400016432;155 752 834;15;0;2;4;2;1
202400016433;155 752 824;7;2;0;9;2;1
202400016434;155 752 820;7;0;2;1;1;0
202400016434;155 752 822;60;0;2;1;1;5
202400016435;155 752 819;2;0;2;1;1;1
202400016435;155 752 821;7;0;2;1;15;1
202400016436;155 752 817;7;8;0;1;15;1
202400016437;155 752 816;7;0;2;1;1;1
202400016437;155 752 818;7;0;2;3;9;1
202400016438;155 752 814;33;0;0;9;17;1
202400016439;155 752 813;7;0;6;0;15;0
202400016440;155 752 812;1;0;2;0;1;5
202400016440;155 752 815;7;0;2;0;1;1
202400016441;155 752 811;7;0;1;2;2;1
202400016442;155 752 808;33;13;0;9;14;1
202400016443;155 752 807;7;1;0;2;14;1
202400016444;155 752 806;2;0;2;1;5;1
202400016444;155 752 809;7;0;2;3;1;1
202400016445;155 752 805;7;0;2;3;13;1
202400016445;155 752 810;7;0;0;3;2;1
202400016446;155 752 803;7;6;0;1;1;1
202400016447;155 752 799;1;0;0;4;2;5
202400016447;155 752 802;7;0;2;2;2;1
202400016448;155 752 800;7;0;2;6;1;1
202400016448;155 752 804;33;0;2;1;2;1
202400016449;155 752 798;7;0;2;2;19;1
202400016449;155 752 801;2;0;2;1;1;1
202400016450;155 752 794;7;0;2;1;1;1
202400016450;155 752 797;7;0;2;1;1;1
202400016451;155 752 792;33;13;0;7;17;1
202400016451;155 752 796;17;0;0;0;13;1
202400016452;155 752 791;7;0;2;1;1;1
202400016452;155 752 795;2;0;2;5;1;1
202400016453;155 752 789;7;0;2;3;1;1
202400016453;155 752 790;7;0;0;3;15;1
202400016453;155 752 793;7;0;2;1;1;1
202400016454;155 752 786;7;0;2;3;1;1
202400016454;155 752 788;7;0;2;3;15;2
202400016455;155 752 785;7;0;2;2;26;2
202400016455;155 752 787;2;0;2;1;1;1
202400016456;155 752 784;7;0;1;1;15;1
202400016457;155 752 780;7;0;2;3;13;1
202400016457;155 752 782;31;0;2;1;1;1
202400016458;155 752 781;7;0;2;5;15;1
202400016458;155 752 783;33;0;2;1;1;1
202400016459;155 752 779;7;8;0;1;13;1
202400016460;155 752 775;7;0;2;2;15;1
202400016460;155 752 778;30;0;2;1;26;1
202400016461;155 752 774;7;0;2;2;1;1
202400016461;155 752 776;2;1;2;8;16;3
202400016462;155 752 773;7;0;0;0;17;1
202400016462;155 752 777;1;0;0;0;1;5
202400016463;155 752 770;50;0;2;0;0;3
202400016463;155 752 772;10;0;2;8;9;1
202400016464;155 752 769;7;0;1;2;19;1
202400016465;155 752 768;7;0;2;1;9;1
202400016465;155 752 771;7;9;2;7;1;2
202400016466;155 752 767;33;0;0;7;1;1
202400016467;155 752 766;7;0;1;2;17;1
202400016468;155 752 762;7;0;2;0;1;1
202400016468;155 752 764;7;0;2;1;1;1
202400016469;155 752 760;33;0;2;1;5;1
202400016469;155 752 763;7;0;2;3;10;1
202400016470;155 752 759;7;0;2;3;11;1
202400016470;155 752 761;31;0;2;2;17;1
202400016471;155 752 756;50;0;2;1;26;3
202400016471;155 752 758;7;0;2;0;0;1
202400016472;155 752 755;7;0;2;1;1;1
202400016472;155 752 757;1;0;2;8;19;5
202400016473;155 752 751;7;0;1;2;0;1
202400016474;155 752 752;7;14;2;1;1;1
202400016474;155 752 754;7;0;2;7;1;1
202400016475;155 752 750;7;0;2;1;2;2
202400016475;155 752 753;15;0;2;4;1;1
202400016476;155 752 748;7;0;1;1;16;1
202400016477;155 752 747;15;0;2;2;1;1
202400016477;155 752 749;10;0;2;3;13;1
202400016478;155 752 746;7;6;0;1;1;1
202400016479;155 752 745;30;0;0;0;21;1
202400016480;155 752 744;33;0;0;0;1;1
202400016481;155 752 743;7;0;1;7;0;1
202400016482;155 752 741;43;13;0;0;2;1
202400016483;155 752 740;7;0;2;1;1;0
202400016483;155 752 742;7;0;2;4;1;1
202400016484;155 752 738;32;0;2;0;0;1
202400016484;155 752 739;7;0;9;0;2;1
202400016485;155 752 736;7;2;0;1;1;1
202400016486;155 752 735;7;0;2;4;2;1
202400016486;155 752 737;7;0;2;1;2;1
202400016487;155 752 732;33;0;0;0;26;1
202400016488;155 752 731;0;0;2;1;17;0
202400016488;155 752 733;7;0;2;3;15;1
202400016489;155 752 734;33;2;0;1;0;1
202400016490;155 752 729;33;8;0;3;0;1
202400016491;155 752 727;7;0;2;1;1;1
202400016491;155 752 730;7;0;2;1;5;1
202400016492;155 752 726;7;1;0;2;1;1
202400016492;155 752 728;7;0;0;6;23;1
202400016493;155 752 724;33;15;0;0;15;1
202400016494;155 752 723;7;0;2;3;1;1
202400016494;155 752 725;1;0;0;7;19;5
202400016495;155 752 719;31;0;2;2;17;1
202400016495;155 752 721;7;0;2;3;15;1
202400016496;155 752 718;2;0;2;2;1;1
202400016496;155 752 722;7;0;2;3;19;1
202400016497;155 752 717;33;0;2;1;1;1
202400016497;155 752 720;7;0;2;2;15;1
202400016498;155 752 714;10;0;2;5;17;1
202400016498;155 752 715;33;0;2;8;1;1
202400016499;155 752 712;7;0;2;2;19;1
202400016499;155 752 716;7;0;2;3;1;1
202400016500;155 752 711;7;0;2;1;13;1
202400016500;155 752 713;7;0;2;3;1;1
202400016501;155 752 709;7;13;0;1;1;1
202400016502;155 752 708;7;0;9;3;15;1
202400016502;155 752 710;33;1;2;3;17;1
202400016503;155 752 706;7;0;1;3;16;1
202400016504;155 752 705;7;0;2;8;13;1
202400016504;155 752 707;7;0;2;8;1;1
202400016505;155 752 701;7;0;2;1;1;1
202400016505;155 752 703;7;0;2;1;5;1
202400016506;155 752 697;7;0;2;2;2;1
202400016506;155 752 699;7;0;0;8;11;1
202400016507;155 752 694;33;0;2;7;1;1
202400016507;155 752 695;7;0;2;3;11;1
202400016508;155 752 690;7;0;0;5;2;1
202400016508;155 752 692;10;0;2;3;2;1
202400016508;155 752 693;7;0;2;4;1;1
202400016508;155 752 696;7;0;0;4;1;1
202400016509;155 752 689;7;9;2;2;1;1
202400016509;155 752 691;7;0;2;1;1;1
202400016510;155 752 687;33;0;0;8;1;1
202400016511;155 752 686;7;0;2;3;9;1
202400016511;155 752 688;80;0;2;4;1;3
202400016512;155 752 682;31;0;2;1;1;1
202400016512;155 752 684;7;1;2;3;15;1
202400016513;155 752 683;7;0;2;1;1;1
202400016513;155 752 685;7;0;2;7;13;1
202400016514;155 752 680;7;0;1;1;15;1
202400016515;155 752 681;33;0;0;7;21;1
202400016516;155 752 677;7;0;2;1;2;1
202400016516;155 752 679;7;0;2;4;2;2
202400016517;155 752 676;7;0;2;3;0;1
202400016517;155 752 678;7;0;2;0;0;1
202400016518;155 752 675;7;0;1;2;1;1
202400016519;155 752 673;7;8;0;1;1;1
202400016520;155 752 672;10;0;2;3;15;1
202400016520;155 752 674;33;0;2;1;1;1
202400016521;155 752 669;7;0;2;3;1;1
202400016521;155 752 670;33;0;2;7;14;1
202400016522;155 752 668;33;0;2;1;1;1
202400016522;155 752 671;7;0;2;3;15;1
202400016523;155 752 666;7;0;2;0;10;1
202400016523;155 752 667;33;0;2;3;5;1
202400016524;155 752 663;7;0;2;1;13;1
202400016524;155 752 665;7;0;2;1;1;1
202400016525;155 752 662;7;0;2;6;19;1
202400016525;155 752 664;33;0;2;1;0;1
202400016526;155 752 661;7;15;0;1;13;1
202400016527;155 752 658;7;0;2;1;2;1
202400016527;155 752 659;10;0;2;4;2;1
202400016528;155 752 657;7;0;2;2;1;1
202400016528;155 752 660;7;0;0;3;15;1
202400016529;155 752 656;10;0;1;1;1;0
202400016530;155 752 654;7;0;2;1;2;1
202400016530;155 752 655;1;0;0;4;1;5
202400016531;155 752 652;10;0;0;0;0;1
202400016531;155 752 653;7;0;2;1;2;1
202400016532;155 752 651;7;8;0;1;13;1
202400016533;155 752 649;7;0;0;9;1;1
202400016534;155 752 645;7;0;2;3;13;1
202400016534;155 752 646;15;0;2;8;21;1
202400016535;155 752 644;37;0;2;1;1;1
202400016535;155 752 647;7;0;2;8;15;1
202400016536;155 752 642;30;15;0;2;0;1
202400016537;155 752 641;2;0;2;1;1;1
202400016537;155 752 643;7;0;2;3;17;1
202400016538;155 752 638;7;0;2;3;1;1
202400016538;155 752 640;50;0;2;8;1;3
202400016539;155 752 637;7;0;0;4;2;1
202400016539;155 752 639;10;0;2;1;2;1
202400016540;155 752 635;50;0;2;1;1;3
202400016540;155 752 636;7;0;2;1;9;1
202400016541;155 752 634;7;1;1;7;1;1
202400016542;155 752 632;7;0;2;1;1;1
202400016542;155 752 633;7;0;2;1;15;1
202400016543;155 752 631;33;7;0;0;1;1
202400016544;155 752 628;7;0;2;2;14;1
202400016544;155 752 629;15;0;2;8;13;1
202400016545;155 752 627;7;13;2;7;1;1
202400016545;155 752 630;10;13;2;1;1;1
202400016546;155 752 624;7;0;2;1;1;1
202400016546;155 752 626;7;0;2;4;1;1
202400016547;155 752 623;7;0;2;1;1;1
202400016547;155 752 625;50;0;2;4;0;3
202400016548;155 752 622;33;0;0;0;26;1
202400016549;155 752 621;7;0;0;0;15;1
202400016550;155 752 618;7;0;2;4;1;1
202400016550;155 752 619;7;0;2;2;1;1
202400016550;155 752 620;7;0;2;9;1;1
202400016551;155 752 616;10;0;1;0;0;0
202400016552;155 752 614;3;0;2;1;9;1
202400016552;155 752 615;32;0;2;5;12;1
202400016553;155 752 612;30;0;2;1;1;1
202400016553;155 752 613;7;0;2;2;15;1
202400016554;155 752 610;7;0;2;6;20;1
202400016554;155 752 611;7;1;0;2;20;1
202400016555;155 752 608;80;0;2;5;0;3
202400016555;155 752 609;7;0;2;3;13;1
202400016556;155 752 606;1;0;2;8;19;5
202400016556;155 752 607;32;0;2;1;1;1
202400016557;155 752 603;7;0;2;3;17;1
202400016558;155 752 604;50;0;2;6;1;3
202400016558;155 752 605;7;0;2;3;15;1
202400016559;155 752 602;7;0;1;2;2;1
202400016560;155 752 601;7;0;1;7;26;0
202400016561;155 752 599;7;1;0;1;26;1
202400016562;155 752 597;7;0;2;1;2;1
202400016562;155 752 598;7;0;2;4;0;1
202400016563;155 752 594;7;0;2;2;19;2
202400016563;155 752 596;7;0;2;1;1;1
202400016564;155 752 591;7;0;2;6;1;1
202400016564;155 752 592;7;0;2;4;1;1
202400016564;155 752 593;43;0;2;3;3;1
202400016564;155 752 595;38;0;2;2;1;1
202400016565;155 752 589;33;0;2;1;3;1
202400016565;155 752 590;7;0;2;3;11;1
202400016566;155 752 587;10;0;2;1;1;3
202400016566;155 752 588;7;0;2;4;2;1
202400016567;155 752 585;7;0;2;8;13;2
202400016567;155 752 586;50;0;2;1;1;3
202400016568;155 752 582;7;0;2;4;1;1
202400016568;155 752 583;33;0;2;1;1;1
202400016568;155 752 584;10;0;2;0;26;1
202400016569;155 752 580;7;0;2;2;26;1
202400016569;155 752 581;1;0;2;7;1;5
202400016570;155 752 577;7;0;2;1;1;2
202400016570;155 752 578;7;0;2;1;23;2
202400016570;155 752 579;7;8;2;7;1;1
202400016571;155 752 575;33;0;2;8;18;1
202400016571;155 752 576;7;0;2;7;12;2
202400016572;155 752 573;7;0;2;1;7;1
202400016572;155 752 574;13;0;2;4;0;1
202400016573;155 752 572;2;1;0;1;14;3
202400016574;155 752 571;7;0;1;1;15;1
202400016575;155 752 569;1;0;2;1;1;5
202400016575;155 752 570;7;0;2;5;15;1
202400016576;155 752 567;7;0;2;1;15;0
202400016576;155 752 568;50;0;2;1;1;3
202400016577;155 752 566;1;1;0;1;1;5
202400016578;155 752 564;10;0;2;1;1;1
202400016578;155 752 565;7;0;2;4;23;1
202400016579;155 752 562;33;0;2;8;1;1
202400016579;155 752 563;33;0;2;2;1;1
202400016580;155 752 560;7;1;2;3;15;0
202400016580;155 752 561;50;0;2;1;1;3
202400016581;155 752 558;7;0;2;8;19;1
202400016581;155 752 559;7;0;2;1;1;1
202400016582;155 752 556;33;12;0;1;16;1
202400016582;155 752 557;7;0;2;1;15;1
202400016583;155 752 553;7;0;2;4;1;2
202400016583;155 752 554;7;0;2;4;23;1
202400016583;155 752 555;7;0;2;4;0;0
202400016584;155 752 551;50;0;2;1;15;3
202400016584;155 752 552;30;0;2;0;19;1
202400016585;155 752 550;33;14;0;1;1;1
202400016586;155 752 548;7;0;2;1;14;1
202400016586;155 752 549;33;0;9;5;23;1
202400016587;155 752 547;32;0;0;7;14;1
202400016588;155 752 545;1;0;2;1;15;5
202400016588;155 752 546;1;0;2;1;1;5
202400016589;155 752 543;7;0;0;0;2;1
202400016589;155 752 544;30;0;0;0;2;1
202400016590;155 752 542;7;0;1;8;1;2
202400016591;155 752 541;43;12;0;3;13;1
202400016592;155 752 540;7;2;0;0;13;1
202400016593;155 752 538;21;0;2;7;15;1
202400016593;155 752 539;1;0;2;1;26;5
202400016594;155 752 536;33;0;2;1;1;1
202400016594;155 752 537;7;0;2;1;15;1
202400016595;155 752 534;7;0;2;1;1;1
202400016595;155 752 535;2;0;2;1;1;1
202400016596;155 752 533;33;14;0;1;1;1
202400016597;155 752 531;1;0;2;1;1;5
202400016597;155 752 532;7;0;9;3;0;1
202400016598;155 752 530;33;12;0;2;1;1
202400016599;155 752 529;32;12;0;0;17;1
202400016600;155 752 527;7;0;0;4;15;1
202400016600;155 752 528;10;0;2;1;1;1
202400016601;155 752 525;15;0;2;6;1;1
202400016601;155 752 526;7;4;2;2;12;1
202400016602;155 752 523;2;0;2;1;1;1
202400016602;155 752 524;7;0;2;2;15;1
202400016603;155 752 519;10;0;2;1;2;1
202400016603;155 752 520;7;0;0;3;1;1
202400016603;155 752 521;7;0;2;3;2;1
202400016603;155 752 522;7;0;2;4;1;2
202400016604;155 752 517;7;0;0;2;5;1
202400016604;155 752 518;7;0;0;2;13;1
202400016605;155 752 515;43;0;2;1;5;1
202400016605;155 752 516;7;0;2;2;1;1
202400016606;155 752 513;7;3;2;1;1;1
202400016606;155 752 514;7;3;2;1;13;1
202400016607;155 752 511;7;0;2;1;1;3
202400016607;155 752 512;7;3;2;1;11;1
202400016608;155 752 509;33;0;2;3;13;1
202400016608;155 752 510;7;0;2;3;1;1
202400016609;155 752 507;7;0;2;3;5;1
202400016609;155 752 508;33;0;2;1;2;1
202400016610;155 752 506;7;2;0;1;1;3
202400016611;155 752 505;7;2;0;1;14;1
202400016612;155 752 503;7;0;2;7;15;1
202400016612;155 752 504;1;0;2;2;1;5
202400016613;155 752 502;7;13;0;1;13;1
202400016614;155 752 501;7;2;0;8;1;1
202400016615;155 752 499;7;13;0;1;13;1
202400016616;155 752 497;1;0;2;3;2;5
202400016616;155 752 498;0;0;9;2;2;0
202400016617;155 752 496;33;7;0;3;1;1
202400016618;155 752 495;33;15;0;1;14;1
202400016619;155 752 494;33;13;0;1;16;1
202400016620;155 752 493;10;2;0;1;13;1
202400016621;155 752 491;7;0;2;3;5;3
202400016621;155 752 492;7;0;2;8;1;1
202400016622;155 752 490;33;13;0;1;1;1
202400016623;155 752 488;7;0;2;3;1;2
202400016623;155 752 489;33;0;2;2;2;1
202400016624;155 752 487;7;13;0;1;1;1
202400016625;155 752 485;7;0;2;6;11;1
202400016625;155 752 486;15;0;2;2;1;1
202400016626;155 752 484;1;0;0;1;1;5
202400016627;155 752 483;7;0;1;1;1;1
202400016628;155 752 481;33;0;2;1;2;1
202400016628;155 752 482;2;0;2;3;1;1
202400016629;155 752 479;33;0;2;1;2;1
202400016629;155 752 480;7;0;2;6;15;1
202400016630;155 752 478;7;8;0;2;14;1
202400016631;155 752 476;7;0;2;5;16;1
202400016631;155 752 477;31;0;2;1;1;1
202400016632;155 752 473;7;0;2;8;15;1
202400016632;155 752 475;7;0;2;1;17;1
202400016633;155 752 472;7;5;2;4;26;1
202400016633;155 752 474;7;0;2;3;2;1
202400016634;155 752 469;7;0;1;1;1;3
202400016635;155 752 470;50;0;0;4;16;3
202400016635;155 752 471;7;0;9;0;16;0
202400016636;155 752 467;7;8;9;1;13;1
202400016637;155 752 466;7;0;2;1;15;1
202400016637;155 752 468;33;0;2;8;0;1
202400016638;155 752 463;7;0;2;3;1;1
202400016638;155 752 465;33;0;2;5;17;1
202400016639;155 752 462;10;0;2;1;16;1
202400016639;155 752 464;7;0;2;7;1;1
202400016640;155 752 460;7;0;2;6;1;1
202400016640;155 752 461;7;0;2;1;1;1
202400016641;155 752 459;7;0;1;6;4;1
202400016642;155 752 457;7;0;9;2;1;1
202400016642;155 752 458;1;0;2;4;1;5
202400016643;155 752 455;7;0;2;2;26;1
202400016643;155 752 456;1;0;0;0;0;5
202400016644;155 752 454;33;13;0;1;1;1
202400016645;155 752 452;7;4;0;0;0;1
202400016646;155 752 451;15;0;0;1;1;0
202400016646;155 752 453;7;0;0;3;9;1
202400016647;155 752 450;7;0;1;1;1;2
202400016648;155 752 447;1;0;2;3;15;5
202400016648;155 752 449;7;0;2;3;1;2
202400016649;155 752 446;7;0;2;1;19;1
202400016649;155 752 448;7;0;2;8;19;1
202400016650;155 752 445;7;16;0;9;13;1
202400016651;155 752 443;7;0;2;3;1;1
202400016651;155 752 444;7;0;2;1;15;1
202400016652;155 752 442;10;0;0;9;1;1
202400016653;155 752 441;33;2;0;1;1;1
202400016654;155 752 440;7;0;1;1;15;1
202400016655;155 752 437;7;0;2;4;1;1
202400016655;155 752 438;7;0;2;4;1;1
202400016655;155 752 439;10;0;2;1;1;1