Num_Acc;id_vehicule;categorie_vehicule;obstacle_fixe;obstacle_mobile;point_choc_initial;manoeuvre_principale;motorisation
202400016656;155 752 436;7;11;0;1;9;1
202400016657;155 752 435;7;0;1;3;19;1
202400016658;155 752 433;7;0;2;6;15;1
202400016658;155 752 434;7;0;2;1;2;1
202400016659;155 752 431;30;0;2;1;2;1
202400016659;155 752 432;7;0;2;4;2;1
202400016660;155 752 430;7;15;0;2;25;1
202400016661;155 752 428;10;0;2;3;25;1
202400016661;155 752 429;2;0;2;3;2;1
202400016662;155 752 426;7;13;2;1;1;1
202400016662;155 752 427;7;0;2;6;1;1
202400016663;155 752 424;7;0;2;3;1;1
202400016663;155 752 425;7;0;2;3;17;1
202400016664;155 752 422;7;0;2;6;20;1
202400016664;155 752 423;33;0;2;1;1;1
202400016665;155 752 420;32;0;2;1;17;1
202400016665;155 752 421;7;0;2;8;15;1
202400016666;155 752 419;80;0;0;1;1;3
202400016667;155 752 418;7;8;0;1;1;1
202400016668;155 752 417;37;0;1;2;2;3
202400016669;155 752 416;2;16;0;7;26;3
202400016670;155 752 414;7;14;2;7;1;1
202400016670;155 752 415;1;14;2;1;1;5
202400016671;155 752 412;7;0;2;1;1;1
202400016671;155 752 413;80;0;2;8;1;3
202400016672;155 752 410;32;0;2;8;1;1
202400016672;155 752 411;10;0;2;2;16;1
202400016673;155 752 409;7;0;1;1;1;2
202400016674;155 752 408;2;0;0;0;1;3
202400016675;155 752 406;10;0;0;3;24;1
202400016675;155 752 407;1;0;0;3;2;5
202400016676;155 752 405;80;0;0;1;21;3
202400016677;155 752 404;1;0;1;8;19;5
202400016678;155 752 403;31;0;0;0;1;1
202400016679;155 752 402;1;0;1;1;1;5
202400016680;155 752 400;2;0;2;5;21;3
202400016680;155 752 401;14;1;0;4;2;1
202400016681;155 752 398;7;0;9;1;1;2
202400016681;155 752 399;1;0;2;7;1;5
202400016682;155 752 396;80;0;2;1;2;3
202400016682;155 752 397;10;0;2;2;20;1
202400016683;155 752 394;33;0;2;1;1;1
202400016683;155 752 395;7;0;2;1;15;1
202400016684;155 752 392;7;0;2;8;2;1
202400016684;155 752 393;31;0;2;7;17;1
202400016685;155 752 390;1;0;2;7;25;5
202400016685;155 752 391;30;0;2;1;25;1
202400016686;155 752 388;7;2;0;2;26;1
202400016686;155 752 389;7;0;2;1;0;1
202400016687;155 752 386;7;1;2;4;23;1
202400016687;155 752 387;7;1;2;1;1;1
202400016688;155 752 385;3;0;1;1;1;3
202400016689;155 752 383;7;0;2;1;15;2
202400016689;155 752 384;1;0;2;7;1;5
202400016690;155 752 382;50;0;1;1;1;3
202400016691;155 752 380;33;0;2;1;0;1
202400016691;155 752 381;2;0;2;3;10;1
202400016692;155 752 379;32;0;0;0;2;1
202400016693;155 752 377;7;1;2;3;24;3
202400016693;155 752 378;31;1;0;1;1;1
202400016694;155 752 375;10;14;0;5;2;0
202400016694;155 752 376;2;0;2;1;2;0
202400016695;155 752 373;32;0;2;2;9;1
202400016695;155 752 374;7;0;2;3;1;1
202400016696;155 752 371;7;0;2;0;0;1
202400016696;155 752 372;30;0;0;2;26;1
202400016697;155 752 369;60;0;2;1;1;5
202400016697;155 752 370;7;0;9;3;20;1
202400016698;155 752 367;7;0;2;3;26;1
202400016698;155 752 368;33;1;2;1;1;1
202400016699;155 752 365;30;0;2;7;9;1
202400016699;155 752 366;7;0;2;3;1;2
202400016700;155 752 364;30;0;0;8;26;1
202400016701;155 752 363;33;0;0;0;1;1
202400016702;155 752 362;7;1;0;2;1;1
202400016703;155 752 361;2;8;0;0;1;1
202400016704;155 752 359;1;0;2;3;15;5
202400016704;155 752 360;33;0;2;1;17;1
202400016705;155 752 358;33;2;0;1;14;1
202400016706;155 752 357;7;11;0;3;1;1
202400016707;155 752 355;7;0;2;8;1;1
202400016707;155 752 356;99;0;2;1;9;1
202400016708;155 752 353;7;0;2;3;0;1
202400016708;155 752 354;7;0;2;3;0;1
202400016709;155 752 351;10;8;2;2;19;1
202400016709;155 752 352;7;0;2;2;1;1
202400016710;155 752 349;15;0;2;2;17;1
202400016710;155 752 350;7;0;2;6;15;3
202400016711;155 752 346;36;7;2;7;19;1
202400016711;155 752 347;33;0;2;1;1;1
202400016711;155 752 348;33;7;2;1;1;1
202400016712;155 752 344;7;0;2;7;16;1
202400016712;155 752 345;31;0;2;1;25;1
202400016713;155 752 341;31;3;2;0;9;1
202400016713;155 752 342;15;0;2;0;1;1
202400016713;155 752 343;7;0;2;7;1;1
202400016714;155 752 340;7;2;0;2;1;1
202400016715;155 752 339;7;17;0;3;13;1
202400016716;155 752 337;10;0;2;2;1;1
202400016716;155 752 338;7;0;2;1;1;1
202400016717;155 752 336;7;1;0;2;1;1
202400016718;155 752 334;1;0;0;4;26;5
202400016718;155 752 335;7;0;2;3;26;1
202400016719;155 752 332;33;0;0;0;1;1
202400016719;155 752 333;7;0;0;0;17;1
202400016720;155 752 330;2;0;2;1;1;1
202400016720;155 752 331;7;0;0;3;19;1
202400016721;155 752 328;99;0;2;3;13;1
202400016721;155 752 329;10;0;2;3;1;1
202400016722;155 752 327;7;6;0;1;0;1
202400016723;155 752 326;7;2;0;1;13;1
202400016724;155 752 324;7;0;2;1;13;1
202400016724;155 752 325;7;0;2;3;1;1
202400016725;155 752 323;7;9;1;4;4;1
202400016726;155 752 322;7;13;0;1;15;1
202400016727;155 752 319;10;0;2;3;16;1
202400016727;155 752 320;1;0;2;1;16;5
202400016727;155 752 321;1;0;0;0;1;5
202400016728;155 752 317;33;10;2;3;9;1
202400016728;155 752 318;7;0;2;2;1;1
202400016729;155 752 315;7;0;2;3;13;1
202400016729;155 752 316;7;0;2;3;1;1
202400016730;155 752 313;31;0;2;1;17;1
202400016730;155 752 314;21;0;2;6;1;1
202400016731;155 752 312;33;0;0;1;1;1
202400016732;155 752 310;33;0;2;6;1;1
202400016732;155 752 311;10;0;2;2;15;1
202400016733;155 752 308;7;0;9;1;0;1
202400016733;155 752 309;1;0;0;4;0;5
202400016734;155 752 307;10;0;1;1;1;1
202400016735;155 752 306;31;2;0;2;1;1
202400016736;155 752 305;7;0;1;3;1;1
202400016737;155 752 304;7;0;1;2;1;1
202400016738;155 752 302;33;0;2;1;1;1
202400016738;155 752 303;7;0;2;7;19;1
202400016739;155 752 301;80;0;1;0;26;3
202400016740;155 752 300;33;8;0;2;1;1
202400016741;155 752 298;7;0;2;1;19;1
202400016741;155 752 299;7;7;0;3;1;1
202400016742;155 752 297;33;4;0;2;1;1
202400016743;155 752 296;7;0;0;7;1;1
202400016744;155 752 294;7;0;2;8;1;1
202400016744;155 752 295;7;0;2;1;19;1
202400016745;155 752 291;7;0;2;3;15;1
202400016745;155 752 292;7;0;2;3;1;1
202400016745;155 752 293;10;0;0;8;23;1
202400016746;155 752 289;7;0;2;1;2;1
202400016746;155 752 290;7;0;2;4;2;1
202400016747;155 752 288;33;1;2;0;1;1
202400016748;155 752 287;7;0;2;9;1;1
202400016749;155 752 286;7;4;0;0;1;1
202400016750;155 752 284;7;0;2;9;21;1
202400016750;155 752 285;7;0;2;0;0;1
202400016751;155 752 282;31;0;2;3;3;1
202400016751;155 752 283;7;0;2;3;12;0
202400016752;155 752 280;34;0;2;2;1;1
202400016752;155 752 281;7;0;2;3;11;1
202400016753;155 752 278;7;0;2;7;12;1
202400016753;155 752 279;33;0;2;8;0;1
202400016754;155 752 276;7;0;2;8;11;2
202400016754;155 752 277;33;0;2;7;3;1
202400016755;155 752 274;10;0;2;3;11;1
202400016755;155 752 275;33;0;2;7;3;1
202400016756;155 752 272;33;0;2;8;3;1
202400016756;155 752 273;7;0;2;7;12;1
202400016757;155 752 268;37;4;2;3;9;1
202400016757;155 752 269;7;3;2;1;1;1
202400016757;155 752 270;10;4;2;7;1;1
202400016757;155 752 271;7;4;2;2;1;2
202400016758;155 752 267;43;4;2;3;3;1
202400016759;155 752 265;7;0;2;7;14;1
202400016759;155 752 266;31;0;2;8;2;1
202400016760;155 752 263;33;0;2;1;3;1
202400016760;155 752 264;7;0;2;4;11;1
202400016761;155 752 260;7;0;2;3;2;1
202400016761;155 752 261;7;0;2;8;1;1
202400016761;155 752 262;10;4;0;1;26;1
202400016762;155 752 258;34;0;2;1;17;0
202400016762;155 752 259;7;0;2;8;13;0
202400016763;155 752 257;0;0;1;1;0;
202400016764;155 752 256;7;0;1;1;1;1
202400016765;155 752 255;3;0;0;9;1;1
202400016766;155 752 253;33;0;2;7;1;1
202400016766;155 752 254;7;0;2;5;15;1
202400016767;155 752 252;7;13;0;1;1;1
202400016768;155 752 250;7;0;2;1;1;2
202400016768;155 752 251;7;0;2;1;19;1
202400016769;155 752 248;10;0;2;2;9;1
202400016769;155 752 249;31;0;2;3;1;1
202400016770;155 752 245;7;0;2;1;26;1
202400016770;155 752 246;7;0;2;4;1;1
202400016770;155 752 247;7;0;2;4;1;1
202400016771;155 752 243;7;0;2;2;1;1
202400016771;155 752 244;50;0;2;8;1;3
202400016772;155 752 242;31;0;1;4;25;1
202400016773;155 752 240;7;0;9;3;1;3
202400016773;155 752 241;1;0;2;8;19;5
202400016774;155 752 238;7;0;0;0;2;1
202400016774;155 752 239;2;3;0;7;18;1
202400016775;155 752 236;10;0;2;0;0;1
202400016775;155 752 237;2;0;2;0;0;1
202400016776;155 752 235;50;0;1;1;1;3
202400016777;155 752 234;7;0;1;0;26;1
202400016778;155 752 233;0;0;0;0;16;1
202400016779;155 752 232;7;2;0;1;1;1
202400016780;155 752 230;7;0;2;3;13;1
202400016780;155 752 231;17;0;2;3;1;1
202400016781;155 752 228;7;0;2;1;9;1
202400016781;155 752 229;50;0;2;7;0;3
202400016782;155 752 226;7;0;2;8;11;1
202400016782;155 752 227;33;0;2;7;1;1
202400016783;155 752 225;7;13;0;1;0;1
202400016784;155 752 223;7;0;2;7;13;1
202400016784;155 752 224;33;0;2;7;1;1
202400016785;155 752 221;7;0;9;1;9;1
202400016785;155 752 222;50;0;2;7;0;3
202400016786;155 752 220;33;0;6;1;1;1
202400016787;155 752 219;33;0;0;0;1;1
202400016788;155 752 218;30;0;0;7;18;1
202400016789;155 752 214;7;0;2;2;15;3
202400016789;155 752 216;7;0;2;1;1;1
202400016790;155 752 213;1;12;0;1;2;5
202400016791;155 752 212;7;13;0;8;13;1
202400016792;155 752 209;21;0;9;8;23;0
202400016792;155 752 211;33;0;2;1;1;1
202400016793;155 752 210;7;6;0;1;1;1
202400016794;155 752 206;7;6;2;7;1;1
202400016794;155 752 208;7;6;2;1;0;1
202400016795;155 752 205;7;0;2;3;1;1
202400016795;155 752 207;7;0;2;1;16;0
202400016796;155 752 204;43;11;0;1;2;1
202400016797;155 752 202;31;0;2;1;1;1
202400016797;155 752 203;7;0;2;2;15;1
202400016798;155 752 200;7;0;2;3;15;1
202400016798;155 752 201;33;0;2;1;1;1
202400016799;155 752 199;7;0;2;0;1;6
202400016800;155 752 196;21;0;2;3;1;0
202400016800;155 752 198;7;0;2;3;1;1
202400016801;155 752 197;10;0;1;1;15;1
202400016802;155 752 192;33;0;2;1;1;1
202400016802;155 752 195;33;0;2;8;10;1
202400016803;155 752 190;10;13;0;3;13;1
202400016804;155 752 189;10;0;2;3;1;1
202400016804;155 752 191;80;0;2;7;1;3
202400016805;155 752 187;7;0;2;1;2;1
202400016805;155 752 188;3;13;0;4;2;1
202400016806;155 752 186;7;0;1;3;1;1
202400016807;155 752 183;7;3;2;1;5;1
202400016807;155 752 185;15;0;2;2;1;1
202400016808;155 752 182;7;0;2;1;1;0
202400016808;155 752 184;50;0;2;7;1;3
202400016809;155 752 179;7;0;2;6;24;1
202400016809;155 752 181;7;14;2;1;1;1
202400016810;155 752 178;7;0;2;1;1;1
202400016810;155 752 180;7;0;2;1;17;1
202400016811;155 752 177;1;0;0;2;26;5
202400016812;155 752 175;10;0;0;5;23;1
202400016812;155 752 176;33;0;2;1;1;1
202400016813;155 752 174;7;0;1;1;1;1
202400016814;155 752 173;7;0;1;2;0;1
202400016815;155 752 170;7;2;0;1;0;0
202400016816;155 752 171;10;0;2;4;23;1
202400016816;155 752 172;7;0;2;1;2;1
202400016817;155 752 166;7;0;2;5;2;1
202400016817;155 752 168;33;0;2;1;2;1
202400016818;155 752 167;7;0;2;8;15;1
202400016818;155 752 169;33;0;2;1;17;1
202400016819;155 752 159;13;0;2;8;23;0
202400016819;155 752 161;17;1;1;2;1;1
202400016820;155 752 158;2;0;2;1;1;1
202400016820;155 752 160;7;0;2;8;19;1
202400016821;155 752 157;7;13;0;2;0;2
202400016822;155 752 155;7;0;2;1;16;1
202400016822;155 752 156;50;0;2;7;19;3
202400016823;155 752 152;7;0;2;2;15;1
202400016823;155 752 153;30;0;2;1;1;1
202400016824;155 752 150;7;0;2;1;1;1
202400016824;155 752 154;7;0;2;8;15;1
202400016825;155 752 149;7;0;2;5;1;1
202400016825;155 752 151;7;0;2;1;1;1
202400016826;155 752 147;7;3;2;1;2;2
202400016826;155 752 148;17;0;2;4;2;1
202400016827;155 752 145;7;0;2;2;2;1
202400016827;155 752 146;7;0;2;5;1;1
202400016828;155 752 143;2;0;2;2;17;1
202400016828;155 752 144;7;0;2;3;15;1
202400016829;155 752 141;37;0;2;3;1;1
202400016829;155 752 142;7;0;2;7;16;1
202400016830;155 752 139;7;0;0;6;2;1
202400016830;155 752 140;7;3;2;2;11;1
202400016831;155 752 137;33;0;2;1;3;1
202400016831;155 752 138;7;0;2;1;9;1
202400016832;155 752 135;15;0;2;4;2;1
202400016832;155 752 136;7;0;2;1;2;1
202400016833;155 752 134;31;0;0;3;15;1
202400016834;155 752 131;17;0;2;2;12;1
202400016834;155 752 133;7;0;2;6;1;1
202400016835;155 752 130;7;0;2;1;2;1
202400016835;155 752 132;7;0;2;4;2;1
202400016836;155 752 128;34;0;1;0;1;0
202400016837;155 752 127;7;0;2;3;15;1
202400016837;155 752 129;43;0;2;3;17;1
202400016838;155 752 124;7;0;0;1;0;1
202400016838;155 752 125;7;0;2;4;5;1
202400016839;155 752 123;10;0;2;2;12;1
202400016839;155 752 126;37;0;0;6;1;1
202400016840;155 752 120;7;6;0;1;26;1
202400016841;155 752 119;7;0;0;6;1;1
202400016841;155 752 121;7;0;2;1;1;1
202400016842;155 752 116;33;0;2;1;1;1
202400016842;155 752 118;10;0;2;5;15;1
202400016843;155 752 115;7;0;2;1;13;1
202400016843;155 752 117;7;0;2;1;1;1
202400016844;155 752 113;10;0;9;1;11;1
202400016844;155 752 114;1;0;2;8;19;5
202400016845;155 752 112;7;0;1;3;15;1
202400016846;155 752 111;2;0;1;8;1;3
202400016847;155 752 109;7;0;2;3;0;1
202400016847;155 752 110;7;2;2;1;14;1
202400016848;155 752 108;7;0;1;3;1;1
202400016849;155 752 107;7;2;0;1;1;1
202400016850;155 752 104;14;0;2;8;26;1
202400016850;155 752 106;7;1;0;1;1;1
202400016851;155 752 105;33;0;0;0;1;1
202400016852;155 752 102;99;0;1;1;26;0
202400016853;155 752 100;14;0;2;6;20;1
202400016853;155 752 101;7;0;2;6;17;1
202400016853;155 752 103;7;0;2;3;1;1
202400016854;155 752 097;7;0;2;2;15;1
202400016854;155 752 099;10;0;2;6;1;1
202400016855;155 752 096;30;0;2;1;1;1
202400016855;155 752 098;7;0;2;6;20;1
202400016856;155 752 095;1;0;1;1;1;5
202400016857;155 752 092;7;0;2;2;13;1
202400016857;155 752 094;7;0;2;2;1;1
202400016858;155 752 091;7;0;2;4;1;1
202400016858;155 752 093;7;0;2;1;1;1
202400016859;155 752 089;7;0;2;1;1;1
202400016859;155 752 090;7;0;2;1;13;1
202400016860;155 752 086;7;0;2;1;0;1
202400016860;155 752 088;1;0;2;1;19;5
202400016861;155 752 085;7;13;0;3;13;1
202400016861;155 752 087;7;0;0;6;1;1
202400016862;155 752 083;1;0;0;0;16;5
202400016863;155 752 082;10;0;2;7;9;1
202400016863;155 752 084;33;0;2;1;1;1
202400016864;155 752 079;7;0;2;4;9;1
202400016864;155 752 080;7;0;2;1;9;2
202400016865;155 752 078;31;0;2;1;1;1
202400016865;155 752 081;7;0;2;1;19;1
202400016866;155 752 076;7;0;9;1;1;1
202400016866;155 752 077;50;0;2;7;19;3
202400016867;155 752 075;7;16;0;0;26;1
202400016868;155 752 074;17;0;0;7;26;1
202400016869;155 752 070;32;0;2;2;1;1
202400016869;155 752 072;7;0;2;3;15;2
202400016870;155 752 071;7;0;2;4;1;1
202400016870;155 752 073;7;0;2;1;1;1
202400016871;155 752 068;7;0;1;0;1;1
202400016872;155 752 066;7;0;2;8;11;1
202400016872;155 752 067;7;0;2;8;1;1
202400016872;155 752 069;33;0;2;7;1;1
202400016873;155 752 065;7;2;0;1;1;1
202400016874;155 752 062;33;0;2;1;9;1
202400016874;155 752 064;10;0;2;7;1;1
202400016875;155 752 061;10;0;2;8;1;1
202400016875;155 752 063;1;0;2;1;9;5
202400016876;155 752 059;7;0;2;4;23;1
202400016876;155 752 060;10;0;2;1;1;1
202400016877;155 752 055;33;3;2;7;2;1
202400016877;155 752 057;7;4;2;8;13;1
202400016878;155 752 054;80;0;2;1;1;2
202400016878;155 752 056;7;0;2;8;24;1
202400016878;155 752 058;80;0;2;1;1;2
202400016879;155 752 049;7;0;2;5;12;1
202400016879;155 752 051;7;0;2;3;1;1
202400016879;155 752 053;7;0;2;1;1;1
202400016880;155 752 050;33;0;2;7;1;1
202400016880;155 752 052;7;0;2;3;15;1
202400016881;155 752 048;7;13;0;1;1;1
202400016882;155 752 046;1;0;2;7;14;5
202400016882;155 752 047;1;0;2;3;18;5
202400016883;155 752 044;7;0;2;1;2;1
202400016883;155 752 045;7;0;2;4;2;1
202400016884;155 752 041;7;0;2;2;11;1
202400016884;155 752 043;7;0;2;8;1;2
202400016885;155 752 040;7;0;2;1;21;1
202400016885;155 752 042;7;0;0;0;0;1
202400016886;155 752 038;33;0;2;1;1;1
202400016886;155 752 039;7;0;2;4;1;3
202400016887;155 752 036;15;0;2;2;0;1
202400016887;155 752 037;7;0;2;0;0;1
202400016888;155 752 034;10;0;2;5;2;1
202400016888;155 752 035;10;0;2;1;2;1
202400016889;155 752 033;32;0;0;0;26;3
202400016890;155 752 031;33;0;2;1;1;1
202400016890;155 752 032;7;0;2;4;1;1
202400016891;155 752 029;10;1;0;2;1;1
202400016891;155 752 030;17;0;2;6;23;1
202400016892;155 752 027;33;0;2;1;17;1
202400016892;155 752 028;7;0;2;5;13;1
202400016893;155 752 026;7;0;1;3;1;1
202400016894;155 752 024;7;0;2;2;1;1
202400016894;155 752 025;2;0;2;8;16;1
202400016895;155 752 023;7;0;9;3;2;1
202400016896;155 752 021;7;3;2;1;1;1
202400016896;155 752 022;7;0;2;1;1;1
202400016897;155 752 020;36;12;0;1;1;1
202400016898;155 752 019;33;1;0;1;14;1
202400016899;155 752 017;7;3;0;3;1;1
202400016899;155 752 018;7;0;2;2;9;1
202400016900;155 752 016;7;2;0;1;1;1
202400016901;155 752 014;33;0;2;1;1;1
202400016901;155 752 015;7;0;2;1;15;1
202400016902;155 752 013;7;0;1;1;0;0
202400016903;155 752 012;10;0;1;5;15;1
202400016904;155 752 011;7;0;1;2;19;1
202400016905;155 752 009;33;1;0;1;21;1
202400016905;155 752 010;7;0;2;3;26;1
202400016906;155 752 007;7;0;2;1;1;1
202400016906;155 752 008;7;0;2;3;15;1
202400016907;155 752 005;7;0;2;1;1;1
202400016907;155 752 006;10;0;2;1;17;1
202400016908;155 752 003;7;0;2;1;13;1
202400016908;155 752 004;7;0;2;1;1;1
202400016909;155 752 001;2;0;2;1;1;1
202400016909;155 752 002;7;0;2;1;16;1
202400016910;155 751 999;7;0;2;2;1;1
202400016910;155 752 000;7;0;2;3;9;1
202400016911;155 751 997;7;0;2;3;9;1
202400016911;155 751 998;1;0;2;5;1;5
202400016912;155 751 996;7;0;1;1;1;1
202400016913;155 751 995;7;0;1;2;1;1
202400016914;155 751 993;7;0;2;4;1;1
202400016914;155 751 994;30;0;2;1;1;1
202400016915;155 751 990;7;0;2;3;13;1
202400016915;155 751 991;7;0;2;0;0;1
202400016915;155 751 992;7;0;2;0;0;1
202400016916;155 751 988;33;0;2;1;1;1
202400016916;155 751 989;7;0;2;8;15;1
202400016917;155 751 987;7;13;0;1;16;1
202400016918;155 751 985;7;0;2;3;13;1
202400016918;155 751 986;7;0;2;3;1;1
202400016919;155 751 983;7;0;2;1;0;4
202400016919;155 751 984;1;0;0;0;0;5
202400016920;155 751 980;7;0;2;1;2;1
202400016920;155 751 981;7;0;2;4;1;3
202400016921;155 751 976;7;0;2;7;1;1
202400016921;155 751 977;1;0;2;8;9;5
202400016922;155 751 975;7;0;1;6;20;1
202400016923;155 751 973;50;0;2;0;5;3
202400016923;155 751 974;33;0;2;7;16;1
202400016924;155 751 971;30;0;2;8;10;1
202400016924;155 751 972;30;0;2;1;1;1
202400016925;155 751 968;7;0;2;1;23;1
202400016925;155 751 969;7;0;2;1;23;1
202400016925;155 751 970;7;0;2;4;23;1
202400016926;155 751 967;7;0;1;1;1;1
202400016927;155 751 964;7;0;2;1;15;1
202400016927;155 751 965;33;0;2;2;1;1
202400016927;155 751 966;7;0;2;1;1;1
202400016928;155 751 962;7;0;2;1;13;1
202400016928;155 751 963;7;0;2;1;1;1
202400016929;155 751 961;7;1;0;1;1;1
202400016930;155 751 958;7;0;2;1;1;1
202400016930;155 751 959;7;0;2;1;1;1
202400016930;155 751 960;7;0;2;2;1;1
202400016931;155 751 956;1;0;2;8;19;5
202400016931;155 751 957;7;0;2;1;1;1
202400016932;155 751 955;7;3;0;1;19;2
202400016933;155 751 953;7;0;2;1;2;1
202400016933;155 751 954;10;0;2;4;2;1
202400016934;155 751 952;50;14;0;1;14;3
202400016935;155 751 949;7;0;2;1;19;1
202400016935;155 751 950;7;0;2;2;1;2
202400016935;155 751 951;7;0;2;1;23;2
202400016936;155 751 948;43;0;1;1;1;1
202400016937;155 751 947;50;14;0;1;1;3
202400016938;155 751 945;1;0;2;1;1;5
202400016938;155 751 946;7;0;2;7;1;2
202400016939;155 751 944;1;0;0;1;1;5
202400016940;155 751 942;10;0;2;5;15;1
202400016940;155 751 943;80;0;2;1;19;3
202400016941;155 751 941;7;6;0;1;1;1
202400016942;155 751 939;1;0;2;1;15;5
202400016942;155 751 940;7;0;2;3;1;1
202400016943;155 751 937;33;0;2;7;15;1
202400016943;155 751 938;7;0;2;2;1;1
202400016944;155 751 935;7;0;2;1;2;1
202400016944;155 751 936;7;0;2;4;1;1
202400016945;155 751 933;7;0;2;8;11;1
202400016945;155 751 934;7;0;2;2;1;3
202400016946;155 751 932;7;0;1;4;20;1
202400016947;155 751 931;7;0;1;2;26;1
202400016948;155 751 930;7;0;1;1;1;0
202400016949;155 751 928;7;0;2;1;15;1
202400016949;155 751 929;80;0;2;8;1;3
202400016950;155 751 926;7;0;2;2;9;1
202400016950;155 751 927;7;0;2;3;0;1
202400016951;155 751 924;7;0;2;3;9;2
202400016951;155 751 925;33;0;2;1;17;1
202400016952;155 751 922;7;0;2;1;9;1
202400016952;155 751 923;7;13;2;2;1;1
202400016953;155 751 920;7;0;0;5;21;1
202400016953;155 751 921;32;0;2;1;1;1
202400016954;155 751 918;7;0;2;1;1;1
202400016954;155 751 919;7;0;2;1;1;1
202400016955;155 751 916;7;0;2;1;1;1
202400016955;155 751 917;33;0;2;7;13;1
202400016956;155 751 915;7;0;0;9;1;1
202400016957;155 751 914;33;7;0;7;6;1
202400016958;155 751 913;7;8;0;1;1;1
202400016959;155 751 911;2;0;2;1;1;1
202400016959;155 751 912;21;0;2;3;1;1
202400016960;155 751 909;50;0;2;1;15;3
202400016960;155 751 910;7;0;9;1;1;1
202400016961;155 751 908;10;13;0;1;17;1
202400016962;155 751 906;31;16;0;1;1;1
202400016963;155 751 905;7;13;0;1;1;1
202400016964;155 751 904;7;8;0;1;1;3
202400016965;155 751 902;7;0;2;3;26;1
202400016965;155 751 903;33;0;2;5;1;1
202400016966;155 751 901;33;8;0;7;1;1
202400016967;155 751 898;7;0;0;6;2;1
202400016967;155 751 899;7;0;2;2;17;1
202400016967;155 751 900;7;0;2;6;2;1
202400016968;155 751 896;7;0;0;2;9;1
202400016968;155 751 897;34;0;2;1;1;1
202400016969;155 751 895;33;0;0;0;1;1
202400016970;155 751 894;7;2;0;1;14;1
202400016971;155 751 893;7;0;0;1;1;1
202400016972;155 751 891;2;0;2;1;1;1
202400016972;155 751 892;7;0;2;8;17;2
202400016973;155 751 889;7;0;2;3;13;1
202400016973;155 751 890;7;0;2;3;1;1
202400016974;155 751 888;1;0;0;0;1;5
202400016975;155 751 886;33;0;2;1;13;1
202400016975;155 751 887;7;0;2;3;1;1
202400016976;155 751 884;7;0;2;2;15;1
202400016976;155 751 885;2;0;2;1;1;1
202400016977;155 751 883;7;2;0;1;14;1
202400016978;155 751 882;7;0;0;2;1;1
202400016979;155 751 881;7;0;1;1;17;2
202400016980;155 751 879;99;0;2;1;1;1
202400016980;155 751 880;43;0;2;1;5;1
202400016981;155 751 878;2;13;0;0;0;1
202400016982;155 751 876;30;0;2;5;26;0
202400016982;155 751 877;32;0;2;3;26;1
202400016983;155 751 874;7;0;2;6;19;1
202400016983;155 751 875;32;0;2;1;17;1
202400016984;155 751 872;7;0;0;4;2;1
202400016984;155 751 873;7;0;2;1;2;2
202400016985;155 751 870;7;0;2;1;2;1
202400016985;155 751 871;7;0;2;4;2;1
202400016986;155 751 868;7;3;0;9;0;1
202400016986;155 751 869;7;0;2;3;0;1
202400016987;155 751 866;33;0;2;5;1;1
202400016987;155 751 867;7;0;2;2;15;1
202400016988;155 751 864;7;0;2;4;1;3
202400016988;155 751 865;7;0;2;1;1;1
202400016989;155 751 862;7;3;2;2;17;1
202400016989;155 751 863;7;3;2;3;1;2
202400016990;155 751 860;7;0;2;1;1;1
202400016990;155 751 861;7;3;2;1;1;1
202400016991;155 751 858;7;2;0;1;1;1
202400016991;155 751 859;7;2;2;1;17;1
202400016992;155 751 857;7;9;0;1;15;1
202400016993;155 751 856;7;0;1;0;17;1
202400016994;155 751 854;7;0;9;1;1;1
202400016994;155 751 855;80;0;2;7;1;3
202400016995;155 751 852;7;0;2;1;2;1
202400016995;155 751 853;7;0;2;4;2;1
202400016996;155 751 850;7;0;2;3;13;1
202400016996;155 751 851;7;0;2;3;1;1
202400016997;155 751 848;7;0;1;6;1;1
202400016997;155 751 849;7;0;0;6;23;1
202400016998;155 751 846;7;0;9;0;0;0
202400016998;155 751 847;1;0;0;4;1;5
202400016999;155 751 845;50;0;0;1;0;3
202400017000;155 751 843;7;0;2;1;13;1
202400017000;155 751 844;7;0;2;2;1;1
202400017001;155 751 841;7;13;2;1;16;1
202400017001;155 751 842;7;0;2;0;17;0
202400017002;155 751 839;7;0;2;9;1;1
202400017002;155 751 840;7;0;2;1;1;1
202400017003;155 751 838;2;7;0;8;5;1
202400017004;155 751 836;33;0;0;1;1;1
202400017004;155 751 837;7;0;2;1;15;1
202400017005;155 751 834;1;0;2;8;2;5
202400017005;155 751 835;7;0;2;1;17;1
202400017006;155 751 833;1;0;1;1;1;5
202400017007;155 751 831;7;0;2;1;2;1
202400017007;155 751 832;7;0;2;4;2;1
202400017008;155 751 829;7;0;2;7;1;1
202400017008;155 751 830;7;0;2;8;13;1
202400017009;155 751 827;7;0;2;2;1;1
202400017009;155 751 828;7;0;2;8;11;1
202400017010;155 751 826;33;4;0;2;1;1
202400017011;155 751 825;7;0;5;1;1;1
202400017012;155 751 822;7;0;0;9;1;1