Num_Acc;id_vehicule;categorie_vehicule;obstacle_fixe;obstacle_mobile;point_choc_initial;manoeuvre_principale;motorisation
202400017366;155 751 193;10;0;2;2;15;1
202400017366;155 751 196;10;0;2;1;1;1
202400017367;155 751 190;7;13;2;3;13;1
202400017367;155 751 192;7;0;2;1;1;1
202400017368;155 751 189;7;0;2;1;1;1
202400017368;155 751 191;50;0;2;8;19;3
202400017369;155 751 187;10;0;2;2;2;1
202400017369;155 751 188;2;0;2;4;2;1
202400017370;155 751 186;7;13;0;2;1;1
202400017371;155 751 185;31;0;1;1;1;0
202400017372;155 751 181;7;0;2;0;1;0
202400017372;155 751 184;7;0;2;0;2;1
202400017373;155 751 179;1;0;2;1;13;5
202400017373;155 751 183;50;0;2;1;1;3
202400017374;155 751 177;10;0;2;8;1;1
202400017374;155 751 178;10;0;2;6;1;1
202400017374;155 751 180;33;0;2;8;17;1
202400017374;155 751 182;33;0;2;1;1;1
202400017375;155 751 174;7;0;2;1;1;1
202400017375;155 751 176;3;0;2;4;23;1
202400017376;155 751 173;7;0;2;5;15;1
202400017376;155 751 175;32;0;2;1;1;1
202400017377;155 751 171;7;0;2;1;1;1
202400017377;155 751 172;7;0;2;5;1;1
202400017378;155 751 169;7;6;0;1;1;1
202400017379;155 751 167;7;13;2;2;17;1
202400017379;155 751 170;13;0;2;1;21;1
202400017380;155 751 166;32;0;2;1;1;1
202400017380;155 751 168;7;0;2;3;16;1
202400017381;155 751 165;33;2;0;0;1;1
202400017382;155 751 162;10;13;0;1;9;1
202400017383;155 751 158;7;13;0;1;1;1
202400017384;155 751 157;7;0;2;4;1;1
202400017384;155 751 159;13;0;2;5;2;1
202400017384;155 751 161;7;0;2;7;2;1
202400017384;155 751 164;10;0;2;1;2;1
202400017385;155 751 155;31;0;2;1;13;1
202400017385;155 751 156;7;0;2;1;1;1
202400017386;155 751 152;1;0;2;0;0;5
202400017386;155 751 154;7;0;9;0;0;1
202400017387;155 751 151;7;0;2;3;1;1
202400017387;155 751 153;7;0;0;8;1;1
202400017388;155 751 150;7;0;1;3;1;1
202400017389;155 751 146;7;3;0;9;26;1
202400017389;155 751 149;7;13;2;0;0;1
202400017390;155 751 145;31;0;2;1;1;1
202400017390;155 751 148;7;0;2;3;11;1
202400017391;155 751 144;33;0;2;1;2;1
202400017391;155 751 147;10;0;2;5;2;1
202400017392;155 751 142;7;4;6;1;1;1
202400017393;155 751 143;7;0;1;1;2;0
202400017394;155 751 140;7;0;0;3;2;1
202400017394;155 751 141;7;0;0;5;23;1
202400017395;155 751 139;7;13;0;1;1;1
202400017396;155 751 138;7;0;1;1;1;1
202400017397;155 751 134;7;0;1;2;17;2
202400017398;155 751 135;21;0;0;0;1;1
202400017398;155 751 136;1;0;9;1;1;5
202400017399;155 751 133;10;0;2;1;1;1
202400017399;155 751 137;7;0;2;2;2;1
202400017400;155 751 130;10;2;0;1;1;1
202400017401;155 751 129;7;12;2;3;9;1
202400017401;155 751 132;7;12;2;5;9;1
202400017402;155 751 128;10;0;2;7;2;1
202400017402;155 751 131;1;13;0;8;2;5
202400017403;155 751 127;33;13;0;2;1;1
202400017404;155 751 124;7;6;0;1;1;1
202400017405;155 751 123;7;0;2;3;0;0
202400017405;155 751 126;34;0;2;2;1;1
202400017406;155 751 122;7;0;2;1;1;1
202400017406;155 751 125;7;0;2;4;1;1
202400017407;155 751 119;7;0;2;1;19;1
202400017407;155 751 120;2;0;2;1;17;1
202400017408;155 751 118;10;13;0;3;13;1
202400017409;155 751 117;7;0;2;7;9;1
202400017409;155 751 121;7;0;2;1;26;1
202400017410;155 751 113;43;0;2;1;1;1
202400017410;155 751 116;10;0;2;3;1;1
202400017411;155 751 115;7;0;0;2;1;1
202400017412;155 751 111;7;0;1;4;4;1
202400017413;155 751 112;31;1;0;1;14;1
202400017414;155 751 109;15;0;0;6;1;1
202400017414;155 751 110;10;0;2;7;17;1
202400017415;155 751 104;7;0;2;1;1;1
202400017415;155 751 107;10;0;2;3;1;1
202400017415;155 751 108;7;0;2;1;13;1
202400017416;155 751 103;7;0;2;1;1;1
202400017416;155 751 106;7;0;2;7;1;1
202400017417;155 751 102;31;6;0;1;11;1
202400017417;155 751 105;15;0;0;6;1;1
202400017418;155 751 099;15;3;0;7;1;1
202400017419;155 751 098;33;0;2;1;1;1
202400017419;155 751 101;10;0;2;5;11;1
202400017420;155 751 097;10;0;2;1;13;1
202400017420;155 751 100;7;0;2;1;1;1
202400017421;155 751 093;7;8;0;0;13;1
202400017422;155 751 092;7;0;2;2;1;3
202400017422;155 751 095;7;0;2;1;1;1
202400017423;155 751 091;7;0;2;1;15;1
202400017423;155 751 094;10;0;2;1;1;1
202400017423;155 751 096;17;0;2;1;23;1
202400017424;155 751 088;7;0;2;1;2;1
202400017424;155 751 090;1;0;0;4;2;5
202400017425;155 751 087;7;0;2;1;16;1
202400017425;155 751 089;60;0;2;8;1;5
202400017426;155 751 086;7;0;1;2;2;1
202400017427;155 751 084;7;0;2;1;19;1
202400017427;155 751 085;7;12;2;1;1;1
202400017428;155 751 082;7;0;2;5;1;2
202400017428;155 751 083;1;0;2;1;1;5
202400017429;155 751 081;7;0;1;0;1;1
202400017430;155 751 079;10;0;2;1;1;1
202400017430;155 751 080;7;0;2;2;1;1
202400017431;155 751 076;60;1;2;8;1;5
202400017431;155 751 078;13;0;0;0;2;0
202400017432;155 751 075;99;0;2;1;1;1
202400017432;155 751 077;7;0;2;1;1;1
202400017433;155 751 071;3;0;2;1;0;1
202400017433;155 751 074;7;0;2;2;1;1
202400017434;155 751 069;7;0;2;3;15;1
202400017434;155 751 072;31;0;2;1;1;1
202400017435;155 751 067;7;0;2;3;16;1
202400017435;155 751 068;7;0;2;3;2;1
202400017436;155 751 066;10;0;1;3;1;1
202400017437;155 751 070;7;0;2;3;15;2
202400017437;155 751 073;31;0;2;8;1;1
202400017438;155 751 064;7;3;0;1;1;1
202400017439;155 751 063;7;0;2;2;13;1
202400017439;155 751 065;10;0;2;2;13;1
202400017440;155 751 062;7;0;1;1;2;1
202400017441;155 751 060;1;0;2;1;13;5
202400017441;155 751 061;7;0;9;8;26;1
202400017442;155 751 059;33;8;0;2;1;1
202400017443;155 751 058;7;0;1;1;15;1
202400017444;155 751 053;7;0;2;2;16;1
202400017444;155 751 055;1;0;2;7;1;5
202400017445;155 751 052;10;0;2;1;13;1
202400017445;155 751 056;7;0;2;1;1;2
202400017446;155 751 054;7;0;9;3;26;1
202400017446;155 751 057;1;0;2;1;1;5
202400017447;155 751 050;7;0;1;3;1;1
202400017448;155 751 047;7;0;2;2;15;1
202400017448;155 751 049;33;0;2;1;1;1
202400017449;155 751 048;7;0;2;1;1;1
202400017449;155 751 051;7;0;2;2;1;1
202400017450;155 751 045;33;0;2;3;3;1
202400017450;155 751 046;7;0;2;7;12;1
202400017451;155 751 043;7;0;1;1;15;1
202400017452;155 751 044;7;13;0;1;1;1
202400017453;155 751 041;50;0;2;7;19;3
202400017453;155 751 042;7;0;2;1;26;1
202400017454;155 751 040;34;0;1;1;21;1
202400017455;155 751 037;50;0;1;1;5;3
202400017456;155 751 036;7;0;2;3;1;1
202400017456;155 751 038;7;0;2;8;19;1
202400017457;155 751 035;7;0;2;1;1;1
202400017457;155 751 039;7;0;2;1;15;1
202400017458;155 751 033;32;0;2;1;1;3
202400017458;155 751 034;10;0;2;4;23;1
202400017459;155 751 031;2;0;2;8;16;1
202400017459;155 751 032;21;0;2;1;15;1
202400017460;155 751 029;7;0;1;1;1;1
202400017461;155 751 030;2;1;0;1;1;1
202400017462;155 751 027;7;10;0;1;11;1
202400017462;155 751 028;7;3;0;2;21;1
202400017463;155 751 026;33;13;0;9;1;1
202400017464;155 751 023;7;0;9;2;1;1
202400017464;155 751 025;80;0;2;4;1;3
202400017465;155 751 022;7;0;2;1;13;1
202400017465;155 751 024;7;0;2;1;1;1
202400017466;155 751 021;1;6;0;1;1;5
202400017467;155 751 019;33;0;2;7;1;1
202400017467;155 751 020;7;0;9;0;0;2
202400017468;155 751 018;7;0;1;5;1;1
202400017469;155 751 017;7;0;1;3;16;1
202400017470;155 751 016;7;2;0;1;17;1
202400017471;155 751 014;21;0;0;1;1;1
202400017472;155 751 013;7;0;2;7;12;1
202400017472;155 751 015;1;0;2;1;1;5
202400017473;155 751 012;33;0;1;1;1;1
202400017474;155 751 011;7;16;0;1;16;1
202400017475;155 751 009;7;0;1;1;1;1
202400017476;155 751 008;7;0;2;3;2;1
202400017476;155 751 010;7;0;2;3;0;1
202400017477;155 751 006;31;14;0;1;0;1
202400017478;155 751 005;7;14;0;4;2;1
202400017478;155 751 007;30;0;2;1;2;1
202400017479;155 751 004;10;0;0;8;0;1
202400017480;155 751 003;1;0;2;8;1;5
202400017481;155 751 002;15;0;1;3;23;1
202400017482;155 751 000;7;1;0;3;22;1
202400017482;155 751 001;60;1;2;2;1;5
202400017483;155 750 997;7;0;2;1;9;1
202400017483;155 750 999;33;0;2;1;1;1
202400017484;155 750 996;7;0;2;1;13;1
202400017484;155 750 998;7;0;2;1;1;1
202400017485;155 750 994;7;0;0;3;1;2
202400017485;155 750 995;7;0;0;3;1;1
202400017486;155 750 992;50;0;2;7;17;3
202400017486;155 750 993;7;0;2;3;1;1
202400017487;155 750 989;7;0;0;4;2;1
202400017487;155 750 991;7;0;2;1;2;1
202400017488;155 750 987;10;2;0;7;1;1
202400017489;155 750 984;43;3;0;2;1;1
202400017490;155 750 985;7;0;2;1;1;1
202400017490;155 750 986;7;0;2;1;1;1
202400017491;155 750 982;7;2;0;2;0;1
202400017492;155 750 981;7;0;1;2;1;1
202400017493;155 750 977;7;0;2;1;1;1
202400017493;155 750 978;7;0;1;1;14;1
202400017494;155 750 976;7;0;2;3;13;1
202400017494;155 750 979;7;0;2;3;1;1
202400017495;155 750 975;7;0;1;1;17;1
202400017496;155 750 973;14;0;2;2;21;1
202400017496;155 750 974;7;0;2;2;16;1
202400017497;155 750 971;33;0;2;1;1;1
202400017497;155 750 972;7;0;2;2;10;1
202400017498;155 750 970;7;14;0;1;1;1
202400017499;155 750 968;7;0;2;1;15;1
202400017499;155 750 969;7;0;2;1;1;1
202400017500;155 750 966;1;0;2;4;2;5
202400017500;155 750 967;1;0;2;1;2;5
202400017501;155 750 965;2;0;0;0;16;3
202400017502;155 750 964;7;0;1;3;1;1
202400017503;155 750 963;1;14;0;1;1;5
202400017504;155 750 962;10;13;0;1;19;1
202400017505;155 750 960;7;3;2;3;13;1
202400017505;155 750 961;7;0;2;3;1;1
202400017506;155 750 958;7;0;2;7;0;1
202400017506;155 750 959;7;0;2;3;15;1
202400017507;155 750 956;2;0;2;1;9;1
202400017507;155 750 957;7;0;2;3;9;1
202400017508;155 750 954;7;0;0;3;1;1
202400017508;155 750 955;10;0;0;1;1;1
202400017509;155 750 952;7;0;2;8;9;1
202400017509;155 750 953;33;0;2;3;1;1
202400017510;155 750 950;7;0;2;3;1;1
202400017510;155 750 951;17;0;0;0;9;1
202400017511;155 750 948;7;0;2;1;13;1
202400017511;155 750 949;14;0;2;3;1;1
202400017512;155 750 947;2;0;0;0;1;1
202400017513;155 750 945;7;1;2;2;2;1
202400017513;155 750 946;7;8;0;2;1;1
202400017514;155 750 944;7;13;0;3;1;1
202400017515;155 750 942;7;0;1;2;1;1
202400017516;155 750 940;7;0;2;8;15;1
202400017516;155 750 941;2;0;2;1;1;1
202400017517;155 750 938;7;0;2;1;17;1
202400017517;155 750 939;7;0;2;8;19;1
202400017518;155 750 937;7;0;1;2;1;1
202400017519;155 750 935;7;0;2;3;9;1
202400017519;155 750 936;33;0;2;7;1;1
202400017520;155 750 932;7;0;2;2;1;1
202400017520;155 750 933;7;0;2;1;13;1
202400017520;155 750 934;7;0;2;1;1;1
202400017521;155 750 927;10;0;1;2;1;1
202400017522;155 750 925;7;3;2;2;1;1
202400017522;155 750 926;7;3;2;2;5;1
202400017523;155 750 924;7;3;0;2;1;1
202400017524;155 750 922;10;0;0;3;11;1
202400017524;155 750 923;7;0;0;5;1;1
202400017525;155 750 920;7;15;0;3;1;1
202400017525;155 750 921;14;0;2;3;1;1
202400017526;155 750 919;33;8;0;1;21;1
202400017527;155 750 918;7;0;1;3;21;1
202400017528;155 750 917;33;2;0;1;0;1
202400017529;155 750 916;1;13;0;0;19;5
202400017530;155 750 914;30;0;0;5;1;1
202400017530;155 750 915;7;0;2;3;9;1
202400017531;155 750 913;7;0;1;3;15;3
202400017532;155 750 911;33;0;2;8;1;0
202400017532;155 750 912;7;0;2;1;15;1
202400017533;155 750 909;7;0;2;1;1;1
202400017533;155 750 910;7;0;2;2;15;1
202400017534;155 750 908;7;3;0;9;14;1
202400017535;155 750 907;10;0;1;3;15;1
202400017536;155 750 905;7;0;1;2;1;1
202400017537;155 750 904;7;3;0;1;1;1
202400017538;155 750 903;10;0;1;3;1;1
202400017539;155 750 901;7;0;2;3;16;2
202400017539;155 750 902;7;0;2;3;15;1
202400017540;155 750 899;38;0;2;3;1;1
202400017540;155 750 900;10;0;2;3;13;1
202400017541;155 750 897;7;4;2;4;2;1
202400017541;155 750 898;7;0;2;1;2;1
202400017542;155 750 896;33;0;2;7;3;1
202400017543;155 750 894;43;11;2;1;3;1
202400017543;155 750 895;7;0;2;5;12;1
202400017544;155 750 892;33;0;2;7;1;1
202400017544;155 750 893;7;0;2;3;11;1
202400017545;155 750 886;7;0;2;4;26;2
202400017545;155 750 887;7;0;2;1;26;1
202400017545;155 750 888;7;0;2;2;2;3
202400017545;155 750 889;7;0;2;1;26;1
202400017545;155 750 890;17;0;2;1;26;1
202400017545;155 750 891;7;0;2;6;26;2
202400017546;155 750 884;7;0;2;6;11;1
202400017546;155 750 885;33;0;2;1;3;1
202400017547;155 750 882;1;0;2;0;23;5
202400017547;155 750 883;21;0;2;0;17;1
202400017548;155 750 880;7;0;2;1;1;1
202400017548;155 750 881;10;0;2;1;13;1
202400017549;155 750 879;7;0;2;8;24;1
202400017550;155 750 877;10;0;2;3;13;1
202400017550;155 750 878;7;0;2;3;1;2
202400017551;155 750 875;7;0;2;3;1;1
202400017551;155 750 876;1;0;2;0;0;5
202400017552;155 750 872;7;8;1;1;26;1
202400017552;155 750 873;7;0;2;0;0;1
202400017552;155 750 874;7;0;2;1;0;1
202400017553;155 750 871;7;15;0;2;1;2
202400017554;155 750 869;7;0;1;4;4;1
202400017555;155 750 867;7;0;2;2;2;1
202400017555;155 750 868;34;0;2;1;12;1
202400017556;155 750 865;7;0;2;1;1;1
202400017556;155 750 866;7;0;2;0;0;1
202400017557;155 750 864;7;1;1;1;9;1
202400017558;155 750 862;33;0;2;1;1;1
202400017558;155 750 863;7;0;2;3;19;1
202400017559;155 750 860;7;0;2;1;1;0
202400017559;155 750 861;7;0;2;4;23;0
202400017560;155 750 858;10;15;2;2;9;1
202400017560;155 750 859;7;15;2;3;9;1
202400017561;155 750 857;7;0;1;1;1;1
202400017562;155 750 856;7;0;1;1;0;1
202400017563;155 750 855;3;6;0;3;16;1
202400017564;155 750 854;50;0;9;0;26;3
202400017565;155 750 853;7;0;1;1;1;1
202400017566;155 750 851;38;0;2;8;1;0
202400017566;155 750 852;7;0;2;7;1;1
202400017567;155 750 850;7;0;1;1;1;1
202400017568;155 750 838;7;0;2;4;2;3
202400017568;155 750 839;7;0;2;1;2;1
202400017568;155 750 840;7;0;0;4;2;3
202400017569;155 750 835;10;0;2;1;2;1
202400017569;155 750 836;7;0;2;4;1;1
202400017569;155 750 837;7;0;2;4;1;2
202400017570;155 750 834;7;0;1;1;15;1
202400017571;155 750 833;7;0;1;1;1;1
202400017572;155 750 831;50;0;2;7;0;3
202400017572;155 750 832;7;0;2;3;9;1
202400017573;155 750 830;37;0;1;1;1;1
202400017574;155 750 829;7;0;1;3;15;1
202400017575;155 750 828;7;0;1;3;1;1
202400017576;155 750 826;50;0;2;1;1;3
202400017576;155 750 827;7;9;2;1;1;1
202400017577;155 750 824;7;0;2;7;14;1
202400017577;155 750 825;10;0;2;3;1;1
202400017578;155 750 822;7;0;2;5;15;1
202400017578;155 750 823;1;0;2;1;1;5
202400017579;155 750 819;7;0;2;3;20;1
202400017579;155 750 820;7;0;2;0;0;0
202400017579;155 750 821;7;0;2;2;0;0
202400017580;155 750 817;7;0;2;1;1;2
202400017580;155 750 818;50;0;2;7;19;3
202400017581;155 750 816;1;0;1;1;25;5
202400017582;155 750 814;7;0;2;2;1;1
202400017582;155 750 815;7;0;2;2;15;1
202400017583;155 750 812;7;0;2;4;23;1
202400017583;155 750 813;7;0;2;1;1;3
202400017584;155 750 810;7;0;2;3;9;2
202400017584;155 750 811;7;0;2;4;1;1
202400017585;155 750 808;7;0;2;4;23;2
202400017585;155 750 809;31;0;2;1;2;1
202400017586;155 750 807;30;1;0;1;1;1
202400017587;155 750 805;7;0;2;1;1;1
202400017587;155 750 806;60;0;2;8;19;5
202400017588;155 750 804;7;0;1;1;15;1
202400017589;155 750 803;7;0;1;1;1;1
202400017590;155 750 801;7;0;2;1;0;1
202400017590;155 750 802;7;0;2;3;0;1
202400017591;155 750 800;7;0;1;1;15;1
202400017592;155 750 797;7;0;2;2;2;1
202400017592;155 750 798;7;0;2;6;1;1
202400017592;155 750 799;10;0;2;5;1;1
202400017593;155 750 796;50;0;0;0;1;3
202400017594;155 750 795;7;0;1;1;16;1
202400017595;155 750 793;7;0;2;1;20;1
202400017595;155 750 794;30;0;2;8;17;1
202400017596;155 750 791;10;0;2;1;9;1
202400017596;155 750 792;1;0;2;7;1;5
202400017597;155 750 789;10;2;0;1;1;1
202400017597;155 750 790;7;2;0;1;13;1
202400017598;155 750 788;7;0;1;1;2;1
202400017599;155 750 787;7;2;0;1;14;1
202400017600;155 750 784;7;0;2;9;1;1
202400017600;155 750 785;7;0;2;6;1;1
202400017600;155 750 786;7;0;2;1;5;1
202400017601;155 750 782;7;8;0;4;14;1
202400017601;155 750 783;10;8;0;2;14;1
202400017602;155 750 781;7;2;0;2;21;1
202400017603;155 750 780;7;8;0;1;17;1
202400017604;155 750 777;7;0;2;6;15;1
202400017604;155 750 778;7;0;2;1;1;1
202400017604;155 750 779;7;0;2;3;1;1
202400017605;155 750 775;7;0;2;3;1;1
202400017605;155 750 776;7;0;2;3;5;1
202400017606;155 750 774;33;0;0;7;14;1
202400017607;155 750 773;7;0;1;1;1;1
202400017608;155 750 771;7;0;2;3;13;1
202400017608;155 750 772;7;0;2;7;14;1
202400017609;155 750 770;7;13;0;1;1;1
202400017610;155 750 768;7;0;2;1;14;1
202400017610;155 750 769;15;0;2;6;1;1
202400017611;155 750 766;17;0;2;2;1;1
202400017611;155 750 767;7;0;2;1;5;1
202400017612;155 750 765;7;16;0;9;17;1
202400017613;155 750 763;0;0;2;0;19;0
202400017613;155 750 764;10;0;2;7;1;1
202400017614;155 750 762;33;0;1;0;0;1
202400017615;155 750 760;7;0;2;1;9;1
202400017615;155 750 761;7;0;2;1;1;1
202400017616;155 750 758;7;0;2;6;20;1
202400017616;155 750 759;33;0;2;1;1;1
202400017617;155 750 757;7;13;0;0;13;3
202400017618;155 750 755;7;0;2;1;1;1
202400017618;155 750 756;3;0;0;4;1;1
202400017619;155 750 753;2;0;2;1;1;0
202400017619;155 750 754;7;0;0;8;16;2
202400017620;155 750 751;7;0;0;5;1;2
202400017620;155 750 752;2;0;2;1;9;1
202400017621;155 750 750;7;6;0;2;1;1
202400017622;155 750 749;33;13;0;2;13;1
202400017623;155 750 747;31;0;0;5;1;1
202400017623;155 750 748;7;0;0;1;9;1
202400017624;155 750 745;7;0;2;5;16;1
202400017624;155 750 746;33;0;2;1;1;1
202400017625;155 750 744;7;0;0;1;1;1
202400017626;155 750 742;31;0;2;1;2;1
202400017626;155 750 743;7;0;2;5;2;1
202400017627;155 750 740;33;1;2;9;1;1
202400017627;155 750 741;0;0;0;0;0;0
202400017628;155 750 738;7;0;2;6;1;1
202400017628;155 750 739;7;4;2;1;1;1
202400017629;155 750 736;7;0;2;2;1;1
202400017629;155 750 737;10;0;2;6;11;1
202400017630;155 750 733;7;0;2;4;2;1
202400017630;155 750 734;7;0;2;1;2;1
202400017630;155 750 735;7;0;2;4;2;1
202400017631;155 750 731;7;0;2;1;2;1
202400017631;155 750 732;7;0;2;5;2;2
202400017632;155 750 730;7;13;0;1;2;1
202400017633;155 750 726;7;0;2;8;1;1
202400017633;155 750 727;10;0;2;6;1;1
202400017633;155 750 728;33;0;2;1;3;1
202400017633;155 750 729;7;0;2;7;1;1
202400017634;155 750 723;7;0;2;4;1;1
202400017634;155 750 724;7;0;2;7;1;1
202400017634;155 750 725;0;0;2;1;0;0
202400017635;155 750 721;7;0;2;7;12;1
202400017635;155 750 722;31;0;2;8;3;1
202400017636;155 750 720;7;4;0;3;21;1
202400017637;155 750 718;7;0;2;2;6;1
202400017637;155 750 719;7;0;2;2;1;1
202400017638;155 750 717;7;4;0;3;1;1
202400017639;155 750 715;1;0;2;6;19;5
202400017639;155 750 716;7;0;2;3;1;1
202400017640;155 750 713;7;15;2;1;13;1
202400017640;155 750 714;37;15;2;3;1;1
202400017641;155 750 711;33;0;2;8;17;1
202400017641;155 750 712;7;0;2;8;15;1
202400017642;155 750 710;7;0;1;3;1;3
202400017643;155 750 708;7;0;2;7;1;1
202400017643;155 750 709;50;0;2;1;1;3
202400017644;155 750 705;7;0;2;7;1;1
202400017644;155 750 706;7;8;2;6;23;1
202400017644;155 750 707;7;0;2;8;23;1
202400017645;155 750 703;2;0;2;1;1;0
202400017645;155 750 704;7;0;2;8;10;1
202400017646;155 750 701;32;0;2;1;1;1
202400017646;155 750 702;7;0;2;4;1;1
202400017647;155 750 698;7;0;2;4;1;1
202400017647;155 750 699;7;0;2;0;1;1
202400017647;155 750 700;33;0;2;4;1;1
202400017648;155 750 696;7;0;2;1;15;1
202400017648;155 750 697;7;0;2;8;1;1
202400017649;155 750 695;7;0;1;2;15;1
202400017650;155 750 693;7;0;2;6;0;1
202400017650;155 750 694;50;0;2;6;15;3
202400017651;155 750 692;7;0;1;1;1;1
202400017652;155 750 691;0;0;1;0;0;0
202400017653;155 750 689;7;0;1;2;15;2
202400017654;155 750 688;7;0;9;1;5;1
202400017654;155 750 690;60;0;2;1;1;5
202400017655;155 750 687;3;6;0;1;15;3
202400017656;155 750 686;7;0;1;2;1;1
202400017657;155 750 685;7;0;1;4;4;1
202400017658;155 750 683;50;0;0;0;1;3
202400017659;155 750 682;7;0;2;4;1;1
202400017659;155 750 684;7;0;2;1;12;1
202400017660;155 750 681;31;3;0;3;1;1
202400017661;155 750 680;7;3;0;2;1;1
202400017662;155 750 679;32;4;2;7;2;1
202400017663;155 750 678;37;0;1;5;7;2
202400017664;155 750 676;7;14;0;4;23;1
202400017664;155 750 677;7;0;2;1;2;2
202400017665;155 750 673;7;0;2;1;2;1
202400017665;155 750 674;7;0;2;4;2;1
202400017666;155 750 672;50;0;2;0;0;3
202400017666;155 750 675;7;0;2;0;0;1
202400017667;155 750 671;7;1;0;0;0;1
202400017668;155 750 670;30;0;0;2;14;1
202400017669;155 750 667;3;0;2;0;19;1
202400017669;155 750 669;7;0;2;0;1;1
202400017670;155 750 664;1;0;2;0;0;5
202400017670;155 750 666;7;0;2;4;23;1
202400017671;155 750 663;7;0;2;0;9;1
202400017671;155 750 665;1;0;2;0;1;5
202400017672;155 750 660;7;0;2;1;0;1
202400017672;155 750 662;7;0;2;7;0;1
202400017673;155 750 658;33;0;2;0;2;1
202400017673;155 750 659;7;0;2;4;2;1
202400017673;155 750 661;7;0;2;1;2;1
202400017674;155 750 656;7;0;2;1;13;1
202400017674;155 750 657;14;0;2;1;1;1
202400017675;155 750 654;7;0;2;8;9;1
202400017675;155 750 655;41;0;2;0;1;1
202400017676;155 750 652;13;0;2;3;15;1
202400017676;155 750 653;33;0;2;1;0;1
202400017677;155 750 648;7;0;2;1;2;1
202400017677;155 750 650;7;0;2;9;2;1
202400017677;155 750 651;7;0;2;4;2;2
202400017678;155 750 645;7;0;2;1;1;1
202400017678;155 750 647;31;15;2;1;1;1
202400017679;155 750 644;7;0;2;3;13;1
202400017679;155 750 646;7;0;2;8;1;1
202400017680;155 750 642;50;12;0;1;1;3
202400017681;155 750 641;33;0;2;1;1;1
202400017681;155 750 643;7;0;2;3;1;1
202400017682;155 750 639;7;0;2;7;1;1
202400017682;155 750 640;1;0;2;1;26;5
202400017683;155 750 638;7;0;1;1;15;1
202400017684;155 750 636;7;8;0;1;26;1
202400017685;155 750 635;40;1;2;0;1;3
202400017685;155 750 637;7;0;4;7;15;1
202400017686;155 750 633;32;0;2;8;3;1
202400017686;155 750 634;7;0;2;0;0;0
202400017687;155 750 630;7;0;2;3;1;1
202400017687;155 750 631;7;0;2;3;1;1
202400017687;155 750 632;7;0;2;3;5;1
202400017688;155 750 629;38;0;1;4;4;1
202400017689;155 750 626;10;0;2;0;0;1
202400017689;155 750 628;7;0;2;3;26;1
202400017690;155 750 625;7;0;2;1;1;1
202400017690;155 750 627;1;0;2;1;6;5
202400017691;155 750 623;7;0;2;3;15;1
202400017691;155 750 624;33;0;2;1;2;1
202400017692;155 750 622;7;0;1;2;1;1
202400017693;155 750 618;7;0;2;3;1;3
202400017693;155 750 620;7;0;2;1;13;1
202400017693;155 750 621;7;0;2;6;1;1
202400017694;155 750 617;10;0;2;2;0;1
202400017694;155 750 619;7;0;2;3;16;1
202400017695;155 750 613;7;0;2;3;1;2
202400017695;155 750 615;33;0;2;1;17;1
202400017695;155 750 616;7;0;0;0;1;1
202400017696;155 750 612;7;0;2;5;15;1
202400017696;155 750 614;33;0;2;1;1;1
202400017697;155 750 611;7;0;1;3;1;1
202400017698;155 750 610;7;0;1;1;9;1
202400017699;155 750 607;10;0;2;1;2;1
202400017699;155 750 609;7;0;2;4;2;1
202400017700;155 750 608;7;0;1;8;15;1
202400017701;155 750 604;7;0;2;1;13;1
202400017701;155 750 606;10;0;2;1;1;1
202400017702;155 750 603;10;0;2;3;10;1
202400017702;155 750 605;7;0;2;2;1;1
202400017703;155 750 602;7;0;1;1;1;2
202400017704;155 750 600;10;12;2;1;13;1
202400017704;155 750 601;7;0;0;1;13;1
202400017705;155 750 599;7;0;1;2;1;1
202400017706;155 750 597;7;0;2;4;23;1
202400017706;155 750 598;33;0;2;1;1;1
202400017707;155 750 596;7;0;1;1;16;1
202400017708;155 750 595;3;0;1;1;1;3
202400017709;155 750 594;7;1;0;2;1;1
202400017710;155 750 591;7;0;2;6;26;1
202400017710;155 750 593;43;0;2;1;2;1
202400017711;155 750 590;7;0;2;3;1;1
202400017711;155 750 592;7;0;2;8;1;1
202400017712;155 750 588;33;0;2;1;2;1
202400017712;155 750 589;7;0;2;4;1;2
202400017713;155 750 585;7;0;2;1;2;1
202400017713;155 750 586;7;0;2;7;1;1
202400017714;155 750 584;7;0;2;7;20;1
202400017714;155 750 587;1;0;2;8;1;5
202400017715;155 750 583;7;0;1;2;16;1
202400017716;155 750 581;10;0;2;1;11;1
202400017716;155 750 582;7;0;2;1;1;1
202400017717;155 750 580;3;0;1;3;1;1
202400017718;155 750 579;31;3;0;1;14;1
202400017719;155 750 577;7;8;5;1;14;1
202400017720;155 750 575;7;1;0;5;10;1
202400017720;155 750 578;30;1;2;1;0;0
202400017721;155 750 573;2;0;2;7;1;1
202400017721;155 750 576;7;0;2;3;15;1
202400017722;155 750 571;32;0;2;1;17;1
202400017722;155 750 572;7;0;2;3;15;2
202400017723;155 750 570;7;0;2;3;15;1
202400017723;155 750 574;32;0;2;2;17;1
202400017724;155 750 568;15;0;2;3;1;1