Num_Acc;id_vehicule;categorie_vehicule;obstacle_fixe;obstacle_mobile;point_choc_initial;manoeuvre_principale;motorisation
202400017724;155 750 569;7;0;2;2;17;1
202400017725;155 750 566;7;0;2;7;15;1
202400017725;155 750 567;1;0;2;1;1;5
202400017726;155 750 564;2;0;9;0;1;3
202400017727;155 750 563;7;0;2;1;1;1
202400017727;155 750 565;7;8;2;7;1;1
202400017728;155 750 562;7;9;0;1;1;1
202400017729;155 750 558;10;0;2;8;1;1
202400017729;155 750 559;33;0;2;8;1;1
202400017729;155 750 561;7;0;2;5;1;1
202400017730;155 750 557;7;0;2;7;1;1
202400017730;155 750 560;33;0;2;1;1;1
202400017731;155 750 553;7;0;2;3;1;1
202400017731;155 750 556;7;0;2;2;1;1
202400017732;155 750 551;1;0;2;8;19;5
202400017732;155 750 555;7;0;2;1;1;1
202400017733;155 750 550;7;0;2;1;1;1
202400017733;155 750 552;7;0;2;8;18;1
202400017733;155 750 554;3;0;2;7;9;1
202400017734;155 750 548;7;1;0;1;19;1
202400017734;155 750 549;7;0;2;1;24;1
202400017735;155 750 546;7;0;2;3;15;1
202400017735;155 750 547;1;0;2;3;1;5
202400017736;155 750 544;10;0;2;2;16;1
202400017736;155 750 545;37;0;2;3;1;2
202400017737;155 750 542;7;0;1;1;26;1
202400017738;155 750 540;7;1;1;6;14;1
202400017738;155 750 543;7;0;2;6;24;1
202400017739;155 750 539;10;0;2;3;15;6
202400017739;155 750 541;10;0;2;6;16;0
202400017740;155 750 537;7;9;0;1;6;1
202400017741;155 750 531;7;0;2;4;23;1
202400017741;155 750 533;7;0;2;1;2;1
202400017742;155 750 529;1;0;2;1;1;5
202400017742;155 750 532;37;0;2;3;1;1
202400017743;155 750 526;7;0;2;3;26;1
202400017744;155 750 525;7;0;2;3;16;1
202400017744;155 750 527;7;0;2;1;0;1
202400017745;155 750 528;7;0;2;4;2;1
202400017745;155 750 530;33;0;2;1;2;1
202400017746;155 750 521;7;0;2;2;5;1
202400017746;155 750 524;32;0;2;1;1;3
202400017747;155 750 522;7;0;2;2;2;1
202400017747;155 750 523;50;0;2;1;26;3
202400017748;155 750 519;33;0;2;1;2;1
202400017748;155 750 520;7;0;2;3;13;1
202400017749;155 750 518;30;0;1;1;25;1
202400017750;155 750 515;7;2;5;1;21;1
202400017751;155 750 512;50;0;2;1;1;3
202400017751;155 750 514;7;0;2;3;1;1
202400017752;155 750 513;7;0;2;4;2;2
202400017752;155 750 516;7;0;2;1;2;1
202400017752;155 750 517;7;0;2;4;2;1
202400017753;155 750 509;33;0;2;1;1;1
202400017753;155 750 510;7;0;2;1;13;1
202400017754;155 750 506;7;0;1;4;4;1
202400017755;155 750 504;7;0;0;4;2;1
202400017755;155 750 507;7;0;2;1;2;1
202400017755;155 750 511;10;0;2;9;2;1
202400017756;155 750 505;7;0;2;3;15;1
202400017756;155 750 508;33;0;2;7;15;1
202400017757;155 750 503;50;12;0;1;14;3
202400017758;155 750 499;7;0;2;4;1;2
202400017758;155 750 502;7;0;2;1;2;1
202400017759;155 750 498;7;0;2;3;2;1
202400017759;155 750 500;80;0;2;0;2;3
202400017760;155 750 497;50;0;1;1;25;3
202400017761;155 750 492;7;0;1;1;1;2
202400017762;155 750 490;7;0;2;1;15;1
202400017762;155 750 493;33;0;2;1;1;1
202400017763;155 750 489;10;9;2;3;11;1
202400017763;155 750 494;7;0;2;5;1;1
202400017764;155 750 485;10;0;2;1;1;1
202400017764;155 750 487;10;0;2;4;1;1
202400017765;155 750 481;7;0;2;1;1;1
202400017765;155 750 484;50;0;2;8;19;3
202400017766;155 750 482;7;0;2;4;1;1
202400017766;155 750 486;7;0;2;4;2;2
202400017766;155 750 488;7;0;2;4;2;1
202400017766;155 750 491;10;0;2;4;1;1
202400017766;155 750 495;10;0;2;1;2;1
202400017766;155 750 496;7;0;2;4;2;1
202400017767;155 750 479;14;0;0;0;2;1
202400017768;155 750 480;7;0;2;5;15;1
202400017768;155 750 483;7;0;2;1;1;1
202400017769;155 750 477;50;0;1;1;2;3
202400017770;155 750 476;33;3;0;1;1;1
202400017771;155 750 473;7;0;2;1;2;1
202400017771;155 750 475;7;0;2;4;2;1
202400017771;155 750 478;7;0;2;4;2;1
202400017772;155 750 471;3;0;2;1;13;1
202400017772;155 750 474;7;0;2;1;23;1
202400017773;155 750 470;7;0;1;1;15;0
202400017774;155 750 469;7;0;2;8;10;1
202400017774;155 750 472;2;0;2;8;17;1
202400017775;155 750 464;7;0;1;1;20;1
202400017776;155 750 461;31;0;2;4;2;1
202400017776;155 750 463;7;0;2;3;2;1
202400017777;155 750 459;10;0;2;4;2;1
202400017777;155 750 465;7;0;2;1;2;1
202400017777;155 750 467;7;0;2;4;2;1
202400017778;155 750 458;17;0;2;0;12;0
202400017778;155 750 460;7;0;2;7;14;1
202400017778;155 750 462;10;0;2;6;2;1
202400017778;155 750 466;7;0;2;1;2;2
202400017778;155 750 468;7;0;2;3;0;1
202400017779;155 750 456;7;0;2;1;15;1
202400017779;155 750 457;33;0;2;8;1;1
202400017780;155 750 451;33;0;2;1;2;1
202400017780;155 750 454;7;0;0;5;23;1
202400017781;155 750 453;7;0;2;3;15;1
202400017781;155 750 455;1;0;2;8;1;5
202400017782;155 750 450;33;0;2;2;3;1
202400017782;155 750 452;7;0;2;6;13;1
202400017783;155 750 448;30;0;2;1;0;1
202400017783;155 750 449;7;0;2;7;15;1
202400017784;155 750 445;7;12;0;2;1;1
202400017785;155 750 446;7;4;0;1;2;1
202400017786;155 750 444;1;0;2;1;1;5
202400017786;155 750 447;7;0;0;0;1;1
202400017787;155 750 443;7;0;0;0;26;1
202400017788;155 750 439;7;0;2;1;17;1
202400017788;155 750 440;7;0;2;9;23;1
202400017788;155 750 442;7;0;2;4;0;1
202400017789;155 750 438;7;0;2;1;26;1
202400017789;155 750 441;17;0;2;2;1;1
202400017790;155 750 434;7;0;2;1;10;1
202400017790;155 750 436;33;0;2;1;6;1
202400017791;155 750 433;7;0;2;4;23;1
202400017791;155 750 435;7;0;2;9;23;1
202400017791;155 750 437;7;0;2;1;1;1
202400017792;155 750 431;7;0;1;1;17;0
202400017793;155 750 429;7;0;2;3;11;1
202400017793;155 750 430;7;0;2;7;1;1
202400017793;155 750 432;33;0;2;8;11;1
202400017794;155 750 428;7;0;1;1;1;1
202400017795;155 750 426;50;0;1;1;0;3
202400017796;155 750 425;7;0;2;8;15;1
202400017796;155 750 427;33;0;2;7;1;1
202400017797;155 750 419;7;0;2;1;2;1
202400017797;155 750 423;7;0;2;1;2;1
202400017797;155 750 424;7;0;2;4;2;1
202400017798;155 750 418;7;0;2;1;15;1
202400017798;155 750 421;33;0;2;7;1;1
202400017799;155 750 417;32;0;2;3;2;1
202400017799;155 750 420;7;0;2;4;15;1
202400017800;155 750 416;50;0;2;4;15;3
202400017800;155 750 422;7;0;2;1;9;1
202400017801;155 750 412;33;0;1;1;25;1
202400017802;155 750 413;7;0;2;4;11;1
202400017802;155 750 415;34;0;2;8;3;1
202400017803;155 750 411;7;0;2;3;9;1
202400017803;155 750 414;31;0;2;4;9;1
202400017804;155 750 409;7;0;2;1;1;1
202400017804;155 750 410;7;0;2;1;1;1
202400017805;155 750 404;7;0;2;7;1;1
202400017805;155 750 407;7;0;2;1;1;1
202400017806;155 750 402;7;0;2;4;1;1
202400017806;155 750 406;7;0;2;4;1;2
202400017806;155 750 408;7;0;2;1;1;2
202400017807;155 750 403;7;0;1;2;1;1
202400017808;155 750 401;7;0;0;3;15;1
202400017808;155 750 405;1;0;2;1;17;5
202400017809;155 750 400;7;13;0;1;6;1
202400017810;155 750 395;33;0;2;8;3;1
202400017810;155 750 399;7;0;2;7;12;2
202400017811;155 750 393;7;0;2;2;9;1
202400017811;155 750 398;50;0;2;1;1;3
202400017812;155 750 392;7;14;0;1;2;1
202400017812;155 750 394;7;0;2;4;23;1
202400017813;155 750 388;7;0;2;1;2;1
202400017813;155 750 390;7;0;2;4;2;1
202400017814;155 750 389;7;6;0;1;1;1
202400017815;155 750 387;7;0;1;1;1;2
202400017816;155 750 386;10;0;1;1;1;1
202400017817;155 750 385;33;0;2;0;1;1
202400017817;155 750 391;37;0;2;2;1;1
202400017818;155 750 384;7;2;9;9;15;1
202400017819;155 750 382;7;0;1;2;15;2
202400017820;155 750 380;7;0;2;2;1;1
202400017820;155 750 381;1;0;2;8;19;5
202400017821;155 750 379;33;13;0;2;0;1
202400017822;155 750 375;31;0;2;8;3;1
202400017822;155 750 376;7;0;2;7;12;1
202400017823;155 750 373;7;0;2;4;1;1
202400017823;155 750 374;33;0;2;1;1;1
202400017824;155 750 371;7;0;2;2;20;1
202400017824;155 750 372;31;0;2;3;1;1
202400017825;155 750 370;3;15;0;1;1;1
202400017826;155 750 369;30;0;0;1;26;1
202400017827;155 750 366;32;0;9;1;23;1
202400017827;155 750 377;33;0;2;8;1;1
202400017827;155 750 378;7;0;2;1;23;1
202400017827;155 750 383;10;0;2;1;15;0
202400017828;155 750 365;7;0;2;1;2;1
202400017828;155 750 368;1;0;2;4;1;5
202400017829;155 750 364;1;0;1;1;1;5
202400017830;155 750 361;7;0;2;4;1;1
202400017830;155 750 363;7;0;2;1;1;0
202400017831;155 750 359;7;0;2;2;15;1
202400017831;155 750 362;50;0;2;1;1;3
202400017832;155 750 360;50;0;1;1;1;3
202400017833;155 750 357;7;0;1;4;4;2
202400017834;155 750 358;7;0;1;6;4;1
202400017835;155 750 354;31;0;2;1;3;3
202400017835;155 750 356;10;0;2;4;2;1
202400017836;155 750 352;33;0;2;3;7;1
202400017836;155 750 353;7;0;2;2;12;2
202400017837;155 750 351;7;0;2;2;1;1
202400017837;155 750 355;7;0;2;3;1;1
202400017838;155 750 347;34;0;1;1;1;0
202400017839;155 750 349;7;0;1;8;1;2
202400017840;155 750 345;7;0;2;6;10;1
202400017840;155 750 346;7;0;2;1;2;1
202400017841;155 750 341;1;0;1;1;1;5
202400017842;155 750 342;1;0;2;1;5;5
202400017842;155 750 344;7;0;2;3;15;1
202400017843;155 750 340;7;15;0;1;0;1
202400017844;155 750 343;40;0;1;1;1;3
202400017845;155 750 339;1;0;1;1;1;5
202400017846;155 750 337;7;9;0;1;1;1
202400017847;155 750 336;7;0;2;4;15;1
202400017847;155 750 338;7;0;2;1;2;1
202400017848;155 750 334;60;0;1;1;1;5
202400017849;155 750 333;7;0;0;3;24;2
202400017849;155 750 335;50;0;0;2;2;3
202400017850;155 750 329;7;0;9;3;2;1
202400017850;155 750 332;1;0;2;4;14;5
202400017851;155 750 328;7;0;2;1;2;1
202400017851;155 750 331;31;0;0;4;23;1
202400017852;155 750 327;30;0;2;1;2;1
202400017852;155 750 330;37;0;2;5;23;2
202400017853;155 750 325;80;0;2;1;26;3
202400017853;155 750 326;43;0;9;1;1;1
202400017854;155 750 321;31;0;2;2;17;1
202400017854;155 750 324;21;0;2;3;15;1
202400017855;155 750 323;33;0;1;1;1;1
202400017856;155 750 320;1;0;2;1;1;5
202400017856;155 750 322;7;0;2;3;1;2
202400017857;155 750 316;33;0;2;4;2;1
202400017857;155 750 317;7;0;2;5;1;1
202400017857;155 750 318;7;0;2;2;2;1
202400017858;155 750 314;30;0;2;1;1;3
202400017858;155 750 319;30;0;2;1;9;1
202400017859;155 750 313;33;1;0;1;0;1
202400017860;155 750 315;7;0;0;0;13;0
202400017861;155 750 312;80;0;1;1;1;3
202400017862;155 750 307;1;0;2;1;17;5
202400017862;155 750 310;10;0;9;8;2;0
202400017863;155 750 309;80;0;2;1;26;3
202400017863;155 750 311;7;0;2;1;0;1
202400017864;155 750 308;7;12;0;2;11;1
202400017865;155 750 306;1;0;1;1;1;5
202400017866;155 750 304;7;0;1;1;1;3
202400017867;155 750 303;31;0;0;0;1;1
202400017868;155 750 302;7;0;9;3;1;1
202400017868;155 750 305;80;0;2;1;1;3
202400017869;155 750 298;7;0;2;1;5;1
202400017869;155 750 301;7;0;2;1;13;2
202400017870;155 750 297;7;0;2;2;16;2
202400017870;155 750 300;50;0;2;0;0;3
202400017871;155 750 295;7;0;2;1;2;1
202400017871;155 750 299;50;0;2;4;2;3
202400017872;155 750 293;7;0;2;2;1;1
202400017872;155 750 296;7;0;2;8;16;2
202400017873;155 750 291;31;0;2;2;17;1
202400017873;155 750 294;7;0;2;3;19;1
202400017874;155 750 288;7;0;2;4;1;1
202400017874;155 750 290;37;0;2;4;23;2
202400017874;155 750 292;10;0;2;1;1;1
202400017875;155 750 286;7;0;0;0;0;1
202400017875;155 750 289;7;0;1;3;17;1
202400017876;155 750 284;10;0;2;2;1;1
202400017876;155 750 287;32;0;2;3;18;1
202400017877;155 750 283;32;0;2;1;1;1
202400017877;155 750 285;7;0;2;3;9;1
202400017878;155 750 281;7;2;0;1;26;1
202400017879;155 750 278;7;0;2;3;15;1
202400017879;155 750 282;1;0;2;8;1;5
202400017880;155 750 277;10;0;2;2;1;1
202400017880;155 750 280;7;0;2;3;15;1
202400017881;155 750 276;7;0;2;1;17;1
202400017881;155 750 279;7;0;2;5;23;1
202400017882;155 750 275;10;13;0;1;26;1
202400017883;155 750 272;33;0;2;3;18;1
202400017883;155 750 274;7;0;2;2;1;1
202400017884;155 750 270;7;0;2;3;13;1
202400017884;155 750 273;37;0;2;3;1;2
202400017885;155 750 269;10;14;2;2;1;1
202400017885;155 750 271;7;0;2;4;23;1
202400017886;155 750 267;7;0;2;1;1;1
202400017886;155 750 268;7;0;2;4;16;1
202400017887;155 750 265;7;0;1;6;16;1
202400017888;155 750 259;7;0;2;6;1;1
202400017888;155 750 263;7;0;2;3;13;1
202400017888;155 750 266;7;0;2;1;1;1
202400017889;155 750 262;7;0;2;8;15;2
202400017889;155 750 264;34;0;2;2;21;1
202400017890;155 750 258;1;0;2;7;19;5
202400017890;155 750 261;7;0;2;1;15;1
202400017891;155 750 257;32;0;2;1;1;1
202400017891;155 750 260;7;0;2;3;15;2
202400017892;155 750 255;7;0;1;2;1;1
202400017893;155 750 254;7;15;0;1;1;1
202400017894;155 750 252;7;4;0;1;1;1
202400017895;155 750 251;7;0;1;1;15;3
202400017896;155 750 249;7;0;2;1;2;1
202400017896;155 750 253;7;0;2;4;2;1
202400017897;155 750 250;7;0;2;1;2;1
202400017897;155 750 256;7;0;2;7;1;2
202400017898;155 750 246;33;0;2;2;1;1
202400017898;155 750 248;7;0;2;8;11;1
202400017899;155 750 244;7;1;0;1;21;1
202400017899;155 750 245;7;0;2;4;24;1
202400017900;155 750 243;30;0;2;1;16;1
202400017900;155 750 247;10;0;2;2;26;1
202400017901;155 750 242;7;0;1;2;1;1
202400017902;155 750 241;7;0;0;1;1;1
202400017903;155 750 239;7;0;1;0;15;0
202400017904;155 750 238;31;0;2;7;16;1
202400017905;155 750 234;7;0;2;1;15;0
202400017905;155 750 237;32;0;2;4;15;0
202400017905;155 750 240;7;0;2;0;15;0
202400017906;155 750 235;7;6;0;3;1;1
202400017907;155 750 233;10;0;1;7;16;1
202400017908;155 750 232;7;0;2;7;1;1
202400017908;155 750 236;7;0;2;1;19;1
202400017909;155 750 229;31;0;2;8;3;1
202400017909;155 750 231;7;0;2;7;12;1
202400017910;155 750 228;50;8;2;1;2;3
202400017910;155 750 230;7;0;9;3;15;1
202400017911;155 750 224;30;1;2;1;25;1
202400017911;155 750 226;10;0;2;1;1;1
202400017912;155 750 220;10;0;2;5;2;1
202400017912;155 750 223;43;0;2;1;2;1
202400017912;155 750 225;7;0;2;6;1;1
202400017913;155 750 219;1;1;0;3;13;5
202400017913;155 750 222;7;0;2;7;1;1
202400017914;155 750 221;7;0;2;1;1;1
202400017914;155 750 227;7;0;2;8;26;1
202400017915;155 750 218;42;6;0;1;19;1
202400017916;155 750 217;7;13;0;7;1;1
202400017917;155 750 211;31;0;2;1;21;1
202400017917;155 750 214;10;0;2;6;1;1
202400017917;155 750 216;7;0;0;6;1;0
202400017918;155 750 210;7;0;2;1;19;1
202400017918;155 750 213;99;0;2;2;19;1
202400017919;155 750 212;50;0;2;4;26;3
202400017919;155 750 215;0;0;2;0;0;0
202400017920;155 750 209;7;6;0;3;1;1
202400017921;155 750 207;50;0;1;1;1;3
202400017922;155 750 208;33;0;1;2;1;1
202400017923;155 750 204;7;0;2;1;1;1
202400017923;155 750 205;7;0;2;5;10;1
202400017924;155 750 202;7;6;0;8;13;1
202400017925;155 750 201;33;0;1;3;25;1
202400017926;155 750 200;37;0;2;1;2;0
202400017926;155 750 203;7;0;2;4;2;1
202400017927;155 750 199;7;4;0;0;0;1
202400017928;155 750 196;2;0;2;1;13;1
202400017928;155 750 198;7;0;2;1;26;1
202400017929;155 750 194;1;0;2;1;1;5
202400017929;155 750 197;31;0;9;1;5;1
202400017930;155 750 192;7;0;2;2;15;1
202400017930;155 750 195;34;0;2;1;1;1
202400017931;155 750 191;32;0;2;1;1;1
202400017931;155 750 193;7;0;2;8;23;1
202400017932;155 750 190;7;2;0;1;1;1
202400017933;155 750 188;1;0;1;1;26;5
202400017934;155 750 187;7;0;0;0;0;1
202400017935;155 750 186;30;14;0;1;1;1
202400017936;155 750 185;7;0;2;6;23;1
202400017936;155 750 189;33;0;2;1;13;1
202400017937;155 750 182;10;0;2;4;4;1
202400017937;155 750 184;2;0;2;1;1;3
202400017938;155 750 178;7;0;2;3;1;1
202400017938;155 750 181;7;0;2;3;1;1
202400017939;155 750 179;7;0;2;1;1;1
202400017939;155 750 180;7;0;1;4;1;1
202400017940;155 750 176;7;0;2;1;15;1
202400017940;155 750 177;2;0;0;4;16;1
202400017941;155 750 174;7;6;0;1;1;1
202400017942;155 750 172;1;0;2;1;13;5
202400017942;155 750 175;1;0;2;0;1;5
202400017943;155 750 171;7;0;9;1;1;1
202400017943;155 750 173;50;0;2;1;5;3
202400017944;155 750 167;10;0;2;7;15;1
202400017944;155 750 170;1;0;2;1;1;5
202400017945;155 750 168;33;0;0;0;26;1
202400017946;155 750 164;7;4;0;0;23;1
202400017946;155 750 166;14;1;0;2;2;1
202400017946;155 750 169;7;1;0;1;1;1
202400017947;155 750 162;7;0;2;1;1;1
202400017947;155 750 165;34;0;2;7;1;1
202400017948;155 750 159;33;6;0;1;26;1
202400017949;155 750 160;10;0;2;1;1;1
202400017949;155 750 163;16;0;2;4;2;1
202400017950;155 750 158;7;6;2;1;17;1
202400017950;155 750 161;7;6;2;6;15;1
202400017951;155 750 156;2;1;0;1;1;3
202400017952;155 750 153;30;0;2;8;1;3
202400017952;155 750 157;7;0;2;1;1;1
202400017953;155 750 152;99;0;2;1;2;3
202400017953;155 750 155;7;0;0;5;2;1
202400017954;155 750 148;10;14;0;4;2;1
202400017954;155 750 149;7;14;0;4;2;1
202400017954;155 750 151;17;14;0;1;2;1
202400017954;155 750 154;10;0;0;4;2;1
202400017955;155 750 146;7;2;0;1;1;1
202400017956;155 750 147;7;0;1;1;26;3
202400017957;155 750 144;7;0;0;1;0;1
202400017958;155 750 143;33;5;0;9;2;1
202400017959;155 750 141;1;0;0;1;14;5
202400017960;155 750 139;33;13;0;0;0;1
202400017961;155 750 138;7;1;2;3;16;1
202400017961;155 750 140;7;0;2;2;1;1
202400017962;155 750 135;7;0;2;1;0;1
202400017962;155 750 137;7;0;2;1;0;1
202400017962;155 750 142;7;0;2;3;0;1
202400017962;155 750 145;7;0;2;1;13;1
202400017962;155 750 150;7;1;0;1;26;1
202400017963;155 750 133;7;0;1;6;20;1
202400017964;155 750 131;7;6;0;2;14;1
202400017965;155 750 129;7;0;1;3;1;1
202400017966;155 750 128;1;0;2;8;1;5
202400017966;155 750 132;7;0;9;1;1;1
202400017967;155 750 130;7;0;2;3;11;1
202400017967;155 750 134;7;0;2;6;1;1
202400017967;155 750 136;7;0;2;5;1;1
202400017968;155 750 122;10;0;2;2;14;0
202400017968;155 750 125;33;0;2;3;1;1
202400017969;155 750 126;7;0;2;1;2;1
202400017969;155 750 127;2;0;0;4;23;1
202400017970;155 750 121;7;0;2;2;2;1
202400017970;155 750 123;10;0;2;6;2;1
202400017971;155 750 120;7;0;2;1;2;1
202400017971;155 750 124;7;0;2;4;2;1
202400017972;155 750 119;37;0;1;8;0;1
202400017973;155 750 118;2;12;0;1;16;1
202400017974;155 750 117;7;0;1;1;15;3
202400017975;155 750 115;10;0;2;3;11;3
202400017975;155 750 116;7;0;2;4;1;2
202400017976;155 750 113;80;0;0;2;1;3
202400017977;155 750 112;10;0;1;1;1;0
202400017978;155 750 111;7;0;2;8;1;1
202400017978;155 750 114;7;0;2;1;1;1
202400017979;155 750 107;7;15;0;2;1;1
202400017980;155 750 109;37;0;1;2;1;2
202400017981;155 750 108;50;0;2;1;1;3
202400017981;155 750 110;7;0;2;4;23;1
202400017982;155 750 105;2;0;2;8;1;1
202400017982;155 750 106;7;0;2;2;1;1
202400017983;155 750 104;33;0;0;8;1;1
202400017984;155 750 100;7;0;2;8;19;1
202400017984;155 750 103;7;0;2;1;1;1
202400017985;155 750 095;7;0;0;1;2;1
202400017985;155 750 098;30;0;0;0;0;1
202400017986;155 750 097;7;0;2;1;1;1
202400017986;155 750 101;7;0;2;1;1;1
202400017987;155 750 096;7;0;2;1;1;1
202400017987;155 750 099;7;0;2;4;1;1
202400017987;155 750 102;7;0;2;4;9;1
202400017988;155 750 094;7;12;0;0;0;1
202400017989;155 750 089;33;0;2;2;17;1
202400017989;155 750 093;7;0;2;3;0;2
202400017990;155 750 090;32;0;2;7;17;1
202400017990;155 750 092;10;0;2;3;9;1
202400017991;155 750 086;7;0;2;1;15;1
202400017991;155 750 088;7;0;2;1;1;1
202400017992;155 750 085;7;0;2;1;1;1
202400017992;155 750 087;7;0;2;4;1;1
202400017992;155 750 091;10;0;2;4;1;1
202400017993;155 750 082;1;0;2;3;19;5
202400017993;155 750 084;7;0;9;3;16;2
202400017994;155 750 080;2;0;2;8;16;3
202400017994;155 750 083;33;0;2;2;1;1
202400017995;155 750 079;7;0;1;3;1;3
202400017996;155 750 077;33;0;2;1;1;1
202400017996;155 750 081;7;0;2;6;19;1
202400017997;155 750 076;7;0;2;4;1;2
202400017997;155 750 078;7;0;2;1;2;1
202400017998;155 750 073;7;2;0;1;1;1
202400017999;155 750 070;7;0;2;7;22;2
202400017999;155 750 075;1;0;2;1;1;5
202400018000;155 750 068;10;0;0;0;15;1
202400018000;155 750 071;33;7;0;3;21;1
202400018001;155 750 069;7;1;0;1;1;1
202400018001;155 750 072;7;1;0;4;1;1
202400018001;155 750 074;7;0;0;4;23;2
202400018002;155 750 066;15;0;2;2;2;1
202400018002;155 750 067;1;0;2;3;2;5
202400018003;155 750 062;7;0;0;3;1;1
202400018003;155 750 065;7;0;0;3;1;1
202400018004;155 750 060;7;0;0;1;1;1
202400018005;155 750 059;7;0;2;2;2;1
202400018005;155 750 064;7;0;0;4;2;1
202400018006;155 750 061;7;0;2;8;15;1
202400018006;155 750 063;33;0;2;1;1;1
202400018007;155 750 057;2;0;0;7;10;1
202400018008;155 750 058;7;13;0;3;13;1
202400018009;155 750 049;33;0;2;1;1;1
202400018009;155 750 052;7;0;2;2;15;1
202400018010;155 750 048;7;0;2;0;1;1
202400018010;155 750 053;7;0;2;8;23;2
202400018010;155 750 055;32;0;2;1;1;1
202400018011;155 750 047;7;0;2;3;1;2
202400018011;155 750 051;30;0;2;2;19;1
202400018012;155 750 046;7;0;2;1;1;1
202400018012;155 750 050;10;0;2;1;1;1
202400018012;155 750 054;7;0;2;1;1;1
202400018012;155 750 056;7;0;2;4;1;3
202400018013;155 750 041;33;0;2;1;1;1
202400018013;155 750 045;7;0;2;1;1;1
202400018014;155 750 040;33;0;2;1;2;1
202400018014;155 750 042;7;0;2;5;0;1
202400018015;155 750 039;33;0;2;1;2;1
202400018015;155 750 044;7;0;2;2;17;1
202400018016;155 750 038;7;0;0;0;1;1
202400018017;155 750 037;7;0;1;1;0;1
202400018018;155 750 033;2;0;5;1;1;1
202400018019;155 750 034;7;0;2;1;2;1
202400018019;155 750 036;7;0;2;4;2;1
202400018020;155 750 032;7;0;2;2;12;1
202400018020;155 750 035;7;1;2;8;1;1
202400018021;155 750 030;7;7;0;3;1;1
202400018022;155 750 028;7;14;0;1;1;1
202400018023;155 750 026;99;0;2;3;13;0
202400018023;155 750 029;7;0;2;3;1;0
202400018024;155 750 024;7;0;1;2;1;1
202400018025;155 750 025;7;0;2;1;2;1
202400018025;155 750 027;7;0;2;4;2;2
202400018026;155 750 021;7;0;1;1;16;1
202400018027;155 750 019;10;0;2;3;1;1
202400018027;155 750 022;33;0;2;1;1;1
202400018028;155 750 017;7;0;2;0;26;1
202400018028;155 750 020;7;0;2;0;0;1
202400018029;155 750 018;7;0;2;2;15;1
202400018029;155 750 023;50;0;2;8;1;3
202400018030;155 750 016;7;2;0;7;1;1
202400018031;155 750 015;33;0;2;7;0;1
202400018032;155 750 014;7;0;1;1;1;1
202400018033;155 750 013;33;6;0;1;1;1
202400018034;155 750 010;7;0;2;4;23;1
202400018034;155 750 011;7;0;2;1;2;1
202400018035;155 750 009;7;3;2;3;13;1
202400018035;155 750 012;7;0;2;3;1;1
202400018036;155 750 006;7;3;2;1;0;1
202400018036;155 750 008;7;0;2;3;19;1
202400018037;155 750 005;21;0;2;6;19;1
202400018037;155 750 007;33;0;2;1;1;1
202400018038;155 750 003;2;0;6;1;1;1
202400018039;155 750 002;43;0;2;1;1;1
202400018039;155 750 004;7;0;2;4;1;1
202400018040;155 750 001;33;0;0;0;2;1
202400018041;155 750 000;7;2;0;5;1;1
202400018042;155 749 997;33;0;2;1;2;1
202400018042;155 749 998;7;0;2;5;14;1
202400018043;155 749 996;33;13;0;7;1;1
202400018043;155 749 999;7;0;2;1;9;1
202400018044;155 749 995;7;6;0;1;26;1
202400018045;155 749 992;7;0;2;3;13;1
202400018045;155 749 994;15;0;2;3;1;1
202400018046;155 749 991;33;0;2;3;0;1
202400018046;155 749 993;99;0;2;5;0;1
202400018047;155 749 988;31;0;0;1;1;1
202400018047;155 749 990;10;0;2;7;17;1
202400018048;155 749 987;13;0;2;7;1;1
202400018048;155 749 989;7;0;2;3;11;1
202400018049;155 749 986;33;5;0;7;0;1
202400018050;155 749 984;7;0;2;4;1;1
202400018050;155 749 985;33;0;2;1;2;1
202400018051;155 749 980;7;0;2;1;1;1
202400018051;155 749 982;10;0;2;4;23;1
202400018052;155 749 979;10;0;2;1;2;1
202400018052;155 749 983;17;0;2;6;2;1
202400018053;155 749 977;33;0;2;8;15;1
202400018053;155 749 981;10;0;2;2;1;1
202400018054;155 749 976;7;0;2;1;2;1
202400018054;155 749 978;7;0;2;4;2;1
202400018055;155 749 974;7;0;2;2;1;1
202400018055;155 749 975;7;0;2;3;13;1
202400018056;155 749 971;2;0;2;1;1;1
202400018056;155 749 973;7;0;2;7;15;1
202400018057;155 749 969;7;0;2;1;5;1
202400018057;155 749 972;10;0;2;1;1;1
202400018058;155 749 967;7;0;2;6;15;1
202400018058;155 749 968;32;0;2;1;17;1
202400018059;155 749 965;32;0;2;1;1;1
202400018059;155 749 966;7;0;2;3;23;1
202400018060;155 749 963;7;0;2;1;2;1
202400018060;155 749 964;7;0;2;4;2;1
202400018060;155 749 970;7;0;2;4;2;1
202400018061;155 749 961;7;13;0;2;14;1
202400018062;155 749 959;17;0;2;2;21;1
202400018062;155 749 962;17;13;2;2;13;1
202400018063;155 749 957;7;0;2;1;2;1
202400018063;155 749 960;15;0;2;4;2;1
202400018064;155 749 958;7;9;0;1;1;2
202400018065;155 749 955;2;8;0;1;14;1
202400018066;155 749 956;7;2;0;1;1;1
202400018067;155 749 949;7;13;2;2;1;1