Num_Acc;id_vehicule;categorie_vehicule;obstacle_fixe;obstacle_mobile;point_choc_initial;manoeuvre_principale;motorisation
202400018067;155 749 951;7;14;2;2;1;1
202400018068;155 749 950;50;0;2;1;1;3
202400018068;155 749 953;7;0;2;1;15;1
202400018069;155 749 948;1;0;2;1;1;5
202400018069;155 749 954;7;0;2;3;15;1
202400018070;155 749 947;7;0;2;1;2;1
202400018070;155 749 952;7;0;0;4;2;1
202400018071;155 749 946;32;0;0;0;0;6
202400018072;155 749 944;0;0;1;0;9;0
202400018073;155 749 943;17;3;0;7;1;0
202400018074;155 749 942;7;0;0;0;23;1
202400018074;155 749 945;7;0;0;3;1;1
202400018075;155 749 939;13;0;0;8;15;1
202400018075;155 749 941;50;0;2;1;1;3
202400018076;155 749 937;7;2;0;1;1;1
202400018077;155 749 936;50;15;2;7;1;3
202400018077;155 749 940;10;0;2;1;1;1
202400018078;155 749 932;20;0;1;3;2;3
202400018079;155 749 933;80;0;2;4;1;3
202400018079;155 749 934;10;0;2;1;1;1
202400018080;155 749 935;10;0;0;3;15;1
202400018080;155 749 938;7;0;0;2;17;2
202400018081;155 749 931;7;0;1;2;15;1
202400018082;155 749 928;7;0;2;3;0;1
202400018082;155 749 929;7;0;0;3;1;1
202400018083;155 749 927;32;4;2;4;14;1
202400018083;155 749 930;43;0;2;1;2;1
202400018084;155 749 926;30;1;0;1;25;1
202400018085;155 749 925;7;6;0;3;2;1
202400018086;155 749 923;33;0;2;1;17;1
202400018086;155 749 924;7;0;2;6;15;1
202400018087;155 749 922;2;8;0;7;10;3
202400018088;155 749 920;7;5;1;5;14;1
202400018089;155 749 918;7;2;0;2;14;1
202400018090;155 749 919;32;0;2;1;1;1
202400018090;155 749 921;7;0;2;8;15;1
202400018091;155 749 916;99;2;1;2;2;1
202400018092;155 749 915;15;13;0;3;1;1
202400018092;155 749 917;7;13;0;1;1;1
202400018093;155 749 912;7;0;2;1;17;1
202400018093;155 749 914;7;0;2;1;1;1
202400018094;155 749 913;7;2;0;0;1;1
202400018095;155 749 911;7;0;1;2;1;1
202400018096;155 749 909;1;0;0;0;1;5
202400018097;155 749 910;33;0;0;0;1;1
202400018098;155 749 908;21;0;0;0;1;1
202400018099;155 749 907;7;15;0;2;1;1
202400018100;155 749 906;33;3;0;7;1;1
202400018101;155 749 904;7;0;2;1;1;1
202400018101;155 749 905;1;0;2;4;1;5
202400018102;155 749 903;7;15;0;3;1;1
202400018103;155 749 900;7;0;2;3;13;1
202400018103;155 749 902;7;0;2;3;1;1
202400018104;155 749 898;33;14;0;1;1;1
202400018105;155 749 897;7;0;2;1;2;1
202400018105;155 749 899;7;0;2;0;1;1
202400018105;155 749 901;7;0;2;1;1;1
202400018106;155 749 896;7;2;0;2;1;2
202400018107;155 749 894;7;0;2;3;1;1
202400018107;155 749 895;7;0;2;3;1;1
202400018108;155 749 893;38;0;1;2;7;1
202400018109;155 749 892;7;13;0;0;16;1
202400018110;155 749 887;2;16;0;8;2;1
202400018110;155 749 890;7;0;2;2;2;0
202400018111;155 749 886;7;0;2;3;5;3
202400018111;155 749 889;7;0;2;2;0;1
202400018112;155 749 885;7;0;2;0;0;1
202400018112;155 749 888;13;0;2;8;2;1
202400018113;155 749 884;7;0;0;1;1;1
202400018114;155 749 879;7;0;1;1;15;1
202400018115;155 749 880;7;2;0;2;1;1
202400018116;155 749 881;7;0;2;1;1;1
202400018116;155 749 883;10;0;2;7;1;1
202400018117;155 749 875;7;0;1;1;1;1
202400018118;155 749 874;7;0;2;1;17;1
202400018118;155 749 877;7;0;2;1;1;1
202400018119;155 749 873;7;0;1;2;1;1
202400018120;155 749 872;7;0;2;4;1;1
202400018120;155 749 876;7;0;2;1;1;1
202400018121;155 749 871;33;0;5;1;1;1
202400018122;155 749 869;7;16;0;9;1;1
202400018123;155 749 866;7;0;2;1;1;1
202400018123;155 749 868;7;0;2;4;1;3
202400018124;155 749 865;7;0;2;3;19;1
202400018124;155 749 870;7;0;2;1;1;1
202400018125;155 749 864;7;0;2;1;2;1
202400018125;155 749 867;7;0;2;4;23;1
202400018126;155 749 862;7;0;2;1;2;1
202400018126;155 749 863;7;0;0;4;2;1
202400018127;155 749 858;7;0;1;3;1;1
202400018128;155 749 855;7;2;0;3;13;1
202400018129;155 749 857;7;4;2;4;13;1
202400018129;155 749 860;7;0;2;1;1;1
202400018129;155 749 861;7;0;2;6;1;1
202400018130;155 749 856;7;13;0;0;0;1
202400018130;155 749 859;7;13;0;0;1;1
202400018131;155 749 852;31;3;0;8;1;1
202400018132;155 749 850;7;0;2;6;1;1
202400018132;155 749 854;7;0;2;1;1;1
202400018133;155 749 849;7;0;2;6;1;1
202400018133;155 749 851;7;0;2;4;3;1
202400018133;155 749 853;7;0;2;1;1;1
202400018134;155 749 847;10;0;2;5;1;1
202400018134;155 749 848;33;0;2;1;21;1
202400018135;155 749 841;33;0;2;1;1;1
202400018135;155 749 844;7;0;2;4;1;1
202400018136;155 749 842;33;4;2;9;2;1
202400018136;155 749 845;7;0;2;8;13;1
202400018137;155 749 843;7;0;2;1;1;1
202400018137;155 749 846;7;0;2;1;15;1
202400018138;155 749 840;7;4;0;3;1;1
202400018139;155 749 834;7;0;1;1;19;0
202400018140;155 749 835;99;13;0;7;14;1
202400018141;155 749 833;10;0;2;3;2;1
202400018141;155 749 837;7;0;2;5;2;2
202400018141;155 749 839;7;0;2;6;2;1
202400018142;155 749 831;7;0;2;2;2;1
202400018142;155 749 836;7;0;2;1;2;1
202400018142;155 749 838;7;0;2;5;0;1
202400018143;155 749 830;17;0;2;6;2;1
202400018143;155 749 832;7;0;2;1;2;1
202400018144;155 749 826;1;0;5;1;1;5
202400018144;155 749 828;1;0;5;1;1;5
202400018145;155 749 824;2;0;2;7;15;0
202400018145;155 749 827;7;0;2;8;15;0
202400018146;155 749 822;7;0;2;4;2;1
202400018146;155 749 825;7;0;2;4;2;1
202400018146;155 749 829;7;0;2;1;2;1
202400018147;155 749 821;7;13;0;2;14;1
202400018148;155 749 820;36;13;0;8;1;3
202400018149;155 749 819;33;0;2;1;2;1
202400018149;155 749 823;33;0;2;6;11;1
202400018150;155 749 817;7;4;0;1;0;1
202400018151;155 749 818;7;0;1;2;1;1
202400018152;155 749 815;33;0;0;0;26;1
202400018153;155 749 813;7;0;2;1;13;1
202400018153;155 749 816;10;0;2;3;1;1
202400018154;155 749 811;10;0;2;3;15;1
202400018154;155 749 814;7;0;2;1;1;1
202400018155;155 749 808;7;9;9;1;9;1
202400018156;155 749 807;7;0;2;1;1;1
202400018156;155 749 809;10;0;2;4;11;1
202400018157;155 749 805;10;0;2;1;2;1
202400018157;155 749 806;7;0;2;4;1;1
202400018157;155 749 810;7;0;2;9;1;1
202400018157;155 749 812;7;0;2;5;2;1
202400018158;155 749 804;7;0;1;6;15;1
202400018159;155 749 801;33;0;6;1;1;1
202400018160;155 749 799;2;0;2;1;2;1
202400018160;155 749 802;7;0;2;5;0;1
202400018161;155 749 798;7;6;2;6;1;1
202400018161;155 749 803;7;0;2;2;17;1
202400018162;155 749 795;30;0;2;3;1;1
202400018162;155 749 797;7;0;2;0;2;1
202400018163;155 749 794;7;6;1;1;20;0
202400018164;155 749 796;10;0;2;4;1;1
202400018164;155 749 800;7;0;2;1;1;1
202400018165;155 749 793;7;8;0;2;14;1
202400018166;155 749 792;7;0;1;1;0;1
202400018167;155 749 791;7;13;0;3;13;1
202400018168;155 749 789;7;1;0;1;2;1
202400018169;155 749 788;7;0;2;1;2;1
202400018169;155 749 790;7;0;2;4;2;1
202400018170;155 749 787;2;3;0;0;2;1
202400018171;155 749 784;7;0;2;2;1;1
202400018171;155 749 786;2;0;2;1;5;1
202400018172;155 749 783;7;0;2;1;1;1
202400018172;155 749 785;7;13;2;4;13;1
202400018173;155 749 782;10;4;0;7;1;1
202400018174;155 749 781;36;6;0;2;26;1
202400018175;155 749 780;7;0;1;2;1;1
202400018176;155 749 779;7;0;1;2;16;1
202400018177;155 749 777;7;0;0;9;1;1
202400018178;155 749 775;7;0;1;4;4;1
202400018179;155 749 774;7;0;2;3;12;1
202400018179;155 749 778;33;0;2;2;12;1
202400018180;155 749 773;21;0;2;1;1;1
202400018180;155 749 776;7;0;2;7;1;1
202400018181;155 749 768;7;0;2;1;1;1
202400018181;155 749 772;7;0;2;1;1;1
202400018182;155 749 767;7;0;2;1;8;1
202400018182;155 749 771;7;0;2;8;15;1
202400018183;155 749 766;1;0;0;4;2;5
202400018183;155 749 769;7;0;2;2;14;1
202400018184;155 749 765;7;0;0;0;15;1
202400018184;155 749 770;31;0;0;0;1;1
202400018185;155 749 764;33;0;0;7;23;1
202400018186;155 749 762;7;0;1;1;1;1
202400018187;155 749 760;7;0;1;1;1;1
202400018188;155 749 758;10;0;1;3;1;1
202400018189;155 749 757;30;0;2;1;1;1
202400018189;155 749 759;7;0;2;1;15;1
202400018190;155 749 755;2;0;2;4;18;1
202400018190;155 749 756;14;0;2;7;9;1
202400018191;155 749 752;2;0;9;0;1;1
202400018192;155 749 750;7;0;2;1;5;1
202400018192;155 749 754;33;0;2;1;13;1
202400018193;155 749 751;7;0;2;2;15;1
202400018193;155 749 753;2;0;2;1;1;1
202400018194;155 749 749;7;0;1;1;15;1
202400018195;155 749 748;7;0;1;1;1;1
202400018196;155 749 746;7;2;0;1;1;1
202400018197;155 749 743;7;0;2;7;9;1
202400018197;155 749 745;2;0;2;0;0;1
202400018198;155 749 744;7;0;0;1;1;1
202400018198;155 749 747;7;3;0;1;1;1
202400018199;155 749 741;33;13;0;2;1;1
202400018200;155 749 739;7;1;0;2;1;1
202400018200;155 749 740;7;1;0;6;24;1
202400018201;155 749 738;7;0;2;1;19;1
202400018201;155 749 742;7;0;2;8;0;1
202400018202;155 749 736;33;0;0;0;16;1
202400018203;155 749 735;7;0;2;3;26;1
202400018204;155 749 734;7;0;2;3;1;1
202400018204;155 749 737;2;0;2;1;1;1
202400018205;155 749 733;7;0;1;3;1;1
202400018206;155 749 729;50;0;2;1;26;3
202400018206;155 749 732;31;0;2;8;1;1
202400018207;155 749 730;7;16;0;0;1;1
202400018208;155 749 728;10;0;2;2;1;1
202400018208;155 749 731;7;0;2;3;19;2
202400018209;155 749 724;30;0;2;1;26;3
202400018209;155 749 727;7;0;2;1;26;0
202400018210;155 749 725;7;13;0;2;21;1
202400018211;155 749 723;7;0;2;1;1;1
202400018211;155 749 726;50;0;2;7;19;3
202400018212;155 749 718;7;0;2;3;16;1
202400018212;155 749 722;2;0;0;0;0;6
202400018213;155 749 721;1;0;0;9;1;5
202400018214;155 749 717;7;0;2;8;6;1
202400018214;155 749 720;7;0;2;2;19;1
202400018215;155 749 719;31;13;0;0;14;1
202400018216;155 749 715;7;0;2;5;2;1
202400018216;155 749 716;7;0;2;3;2;1
202400018217;155 749 714;7;8;0;2;1;1
202400018218;155 749 712;33;13;0;7;1;1
202400018219;155 749 709;10;0;1;2;2;1
202400018220;155 749 710;1;0;2;1;1;5
202400018220;155 749 713;7;0;2;3;15;1
202400018221;155 749 708;7;0;2;5;15;2
202400018221;155 749 711;33;0;2;1;1;1
202400018222;155 749 705;33;13;0;8;1;1
202400018223;155 749 703;2;0;2;1;1;1
202400018223;155 749 706;7;0;2;2;1;1
202400018224;155 749 702;33;0;2;3;13;1
202400018224;155 749 707;1;0;2;3;13;5
202400018225;155 749 701;7;14;0;1;1;1
202400018225;155 749 704;7;0;2;1;2;1
202400018226;155 749 700;31;6;0;1;0;0
202400018227;155 749 699;7;0;1;4;4;1
202400018228;155 749 698;7;13;0;9;0;0
202400018229;155 749 697;7;0;1;1;1;1
202400018230;155 749 693;7;0;0;7;11;1
202400018230;155 749 695;10;0;0;1;1;1
202400018231;155 749 692;10;0;2;9;1;1
202400018231;155 749 696;7;0;2;1;1;1
202400018232;155 749 691;33;0;2;1;5;1
202400018232;155 749 694;7;0;2;3;1;1
202400018233;155 749 689;7;0;2;1;10;1
202400018233;155 749 690;33;0;2;1;1;1
202400018234;155 749 688;7;0;1;2;2;1
202400018235;155 749 684;7;0;2;1;13;1
202400018235;155 749 686;7;0;2;1;23;1
202400018236;155 749 683;7;0;2;2;15;1
202400018236;155 749 685;30;0;2;1;1;1
202400018237;155 749 681;7;0;0;9;1;1
202400018238;155 749 680;7;2;0;2;1;1
202400018239;155 749 679;7;4;2;2;1;1
202400018239;155 749 682;10;0;2;2;1;1
202400018240;155 749 676;33;0;0;2;1;1
202400018241;155 749 673;33;0;2;3;1;1
202400018241;155 749 674;7;0;2;1;15;1
202400018242;155 749 677;7;0;2;2;15;1
202400018242;155 749 678;2;0;2;1;1;1
202400018243;155 749 672;7;0;2;1;1;1
202400018243;155 749 675;7;0;2;3;1;1
202400018244;155 749 669;7;0;1;1;1;1
202400018245;155 749 667;33;0;2;8;1;1
202400018245;155 749 670;7;0;2;3;15;1
202400018246;155 749 666;7;0;2;2;12;1
202400018246;155 749 671;7;0;2;6;1;1
202400018247;155 749 659;1;0;2;7;1;5
202400018247;155 749 665;7;0;2;1;9;1
202400018248;155 749 661;7;0;2;3;0;1
202400018248;155 749 664;3;0;2;1;0;1
202400018249;155 749 663;7;0;2;1;19;2
202400018249;155 749 668;33;0;2;7;1;1
202400018250;155 749 660;10;0;2;7;1;1
202400018250;155 749 662;50;0;2;5;9;3
202400018251;155 749 657;7;0;1;3;1;1
202400018252;155 749 653;7;0;2;3;13;1
202400018252;155 749 656;7;0;2;3;1;1
202400018253;155 749 652;7;0;2;6;1;2
202400018253;155 749 655;33;0;2;3;3;1
202400018253;155 749 658;10;0;2;5;1;2
202400018254;155 749 651;7;0;0;1;15;1
202400018254;155 749 654;7;0;0;1;1;1
202400018255;155 749 647;34;0;2;3;1;1
202400018255;155 749 650;7;0;2;5;12;1
202400018256;155 749 646;7;0;2;1;2;1
202400018256;155 749 649;7;0;2;4;1;1
202400018257;155 749 645;33;0;2;4;1;1
202400018257;155 749 648;7;0;2;1;1;1
202400018258;155 749 642;10;13;2;8;1;1
202400018258;155 749 644;7;16;2;1;1;1
202400018259;155 749 639;1;0;1;1;1;5
202400018260;155 749 637;10;0;2;2;1;1
202400018260;155 749 641;7;0;2;3;15;1
202400018261;155 749 636;7;0;2;4;2;1
202400018261;155 749 638;10;0;2;1;2;1
202400018261;155 749 640;7;0;2;4;2;1
202400018261;155 749 643;7;0;2;4;2;3
202400018262;155 749 633;7;0;1;1;1;1
202400018263;155 749 634;7;0;2;1;1;1
202400018263;155 749 635;10;0;2;7;13;1
202400018264;155 749 631;7;1;0;1;1;1
202400018265;155 749 627;7;0;1;4;26;1
202400018266;155 749 626;7;0;2;4;2;1
202400018266;155 749 629;7;0;2;4;1;1
202400018266;155 749 632;10;0;2;1;2;1
202400018267;155 749 630;7;8;0;1;1;1
202400018268;155 749 625;7;0;2;2;1;1
202400018268;155 749 628;7;0;2;2;1;1
202400018269;155 749 624;7;0;1;2;26;1
202400018270;155 749 623;2;0;0;0;13;1
202400018271;155 749 619;7;0;2;2;19;1
202400018271;155 749 622;33;0;2;1;1;1
202400018272;155 749 616;1;0;2;4;3;5
202400018272;155 749 620;33;0;2;1;3;1
202400018273;155 749 618;7;0;2;7;1;1
202400018273;155 749 621;34;0;2;8;1;1
202400018274;155 749 615;1;0;2;7;1;0
202400018274;155 749 617;7;0;2;7;15;1
202400018275;155 749 611;7;0;0;2;26;1
202400018276;155 749 610;1;0;2;1;2;5
202400018276;155 749 612;1;0;2;1;2;5
202400018276;155 749 614;1;0;2;4;2;5
202400018277;155 749 607;7;0;2;1;2;1
202400018277;155 749 609;7;0;2;3;2;1
202400018278;155 749 608;7;0;2;3;15;3
202400018278;155 749 613;7;0;2;2;17;1
202400018279;155 749 605;50;0;1;1;25;3
202400018280;155 749 602;7;0;2;2;24;1
202400018280;155 749 604;7;1;2;2;1;1
202400018281;155 749 596;7;13;2;3;1;1
202400018281;155 749 601;7;13;2;8;1;1
202400018282;155 749 595;7;0;2;7;9;1
202400018282;155 749 598;2;0;2;1;1;1
202400018283;155 749 594;7;0;2;4;21;1
202400018283;155 749 599;33;0;2;1;2;1
202400018283;155 749 600;33;0;2;1;2;1
202400018283;155 749 603;33;0;2;3;2;1
202400018283;155 749 606;15;0;2;4;20;1
202400018284;155 749 593;7;0;2;4;23;1
202400018284;155 749 597;7;0;2;1;2;1
202400018285;155 749 591;80;0;0;0;1;3
202400018286;155 749 587;7;0;2;4;23;1
202400018286;155 749 590;31;0;2;1;17;1
202400018287;155 749 586;33;0;2;0;13;1
202400018287;155 749 588;7;0;2;6;1;1
202400018287;155 749 592;7;0;2;1;1;1
202400018288;155 749 585;10;0;1;1;15;1
202400018289;155 749 584;7;0;2;8;19;1
202400018289;155 749 589;10;0;2;1;1;1
202400018290;155 749 579;1;0;2;4;2;5
202400018290;155 749 582;7;0;2;1;2;0
202400018291;155 749 577;31;0;2;7;17;1
202400018291;155 749 580;7;0;2;8;15;1
202400018292;155 749 576;7;0;2;1;2;1
202400018292;155 749 581;7;0;2;4;2;1
202400018292;155 749 583;10;0;2;4;2;1
202400018293;155 749 575;33;0;2;1;1;1
202400018293;155 749 578;7;0;2;5;15;1
202400018294;155 749 571;33;0;0;0;2;1
202400018295;155 749 572;7;0;2;4;2;0
202400018295;155 749 573;7;0;2;1;26;0
202400018296;155 749 570;7;1;0;1;11;1
202400018296;155 749 574;7;0;2;4;0;1
202400018297;155 749 568;33;3;2;8;17;1
202400018297;155 749 569;7;0;2;7;17;2
202400018298;155 749 566;7;0;1;0;1;2
202400018299;155 749 564;7;0;2;8;13;1
202400018299;155 749 567;10;0;2;7;2;1
202400018300;155 749 563;7;4;0;2;1;1
202400018301;155 749 562;7;0;2;1;1;1
202400018301;155 749 565;2;0;0;4;1;1
202400018302;155 749 559;7;0;1;3;9;1
202400018303;155 749 558;10;0;2;8;11;1
202400018303;155 749 561;33;0;2;7;21;1
202400018304;155 749 557;7;0;2;3;13;1
202400018304;155 749 560;7;0;2;3;1;1
202400018305;155 749 555;7;0;2;2;1;1
202400018305;155 749 556;32;0;2;1;9;1
202400018306;155 749 554;1;0;0;0;14;5
202400018307;155 749 553;7;0;0;0;1;1
202400018308;155 749 547;7;0;2;2;15;1
202400018308;155 749 551;33;0;2;3;3;1
202400018309;155 749 545;7;0;2;1;1;1
202400018309;155 749 549;17;4;2;1;1;0
202400018310;155 749 544;7;0;2;1;1;1
202400018310;155 749 548;7;0;2;4;1;1
202400018311;155 749 542;7;3;2;3;17;1
202400018311;155 749 543;15;0;2;3;2;1
202400018311;155 749 546;7;0;0;0;0;1
202400018311;155 749 550;7;3;2;1;5;1
202400018311;155 749 552;15;3;2;1;17;1
202400018312;155 749 539;33;4;0;3;18;1
202400018313;155 749 537;7;0;1;1;16;1
202400018314;155 749 536;7;0;2;3;2;1
202400018314;155 749 541;50;0;2;1;0;3
202400018315;155 749 535;7;0;2;7;1;1
202400018315;155 749 538;10;0;0;6;23;1
202400018315;155 749 540;7;1;2;2;1;2
202400018316;155 749 531;7;0;0;4;2;1
202400018316;155 749 533;7;0;2;1;1;1
202400018317;155 749 532;7;3;0;2;1;1
202400018318;155 749 529;2;0;2;2;1;1
202400018318;155 749 534;7;0;2;3;15;1
202400018319;155 749 528;7;0;2;1;1;1
202400018319;155 749 530;7;8;2;6;15;1
202400018320;155 749 523;7;0;2;1;13;1
202400018320;155 749 525;7;0;2;1;1;1
202400018320;155 749 526;7;0;2;8;1;1
202400018321;155 749 524;33;0;2;3;1;1
202400018321;155 749 527;7;0;2;6;15;1
202400018322;155 749 519;10;0;2;1;16;1
202400018322;155 749 522;32;0;2;4;26;1
202400018323;155 749 518;7;0;0;4;2;1
202400018323;155 749 520;7;0;2;1;2;1
202400018323;155 749 521;7;0;2;1;21;0
202400018324;155 749 515;7;0;2;2;16;2
202400018324;155 749 517;2;0;2;1;18;1
202400018325;155 749 513;10;0;2;8;15;1
202400018325;155 749 516;31;0;2;1;1;1
202400018326;155 749 512;7;0;0;0;1;1
202400018327;155 749 514;30;12;0;0;1;1
202400018328;155 749 511;7;1;0;1;14;1
202400018329;155 749 506;7;0;2;1;2;1
202400018329;155 749 509;7;0;0;4;1;1
202400018330;155 749 505;7;0;2;8;15;1
202400018330;155 749 508;31;0;2;1;17;1
202400018331;155 749 504;7;0;1;7;7;1
202400018332;155 749 503;10;0;2;8;1;1
202400018332;155 749 507;33;0;2;1;5;1
202400018332;155 749 510;7;0;2;1;1;1
202400018333;155 749 502;7;14;0;2;1;1
202400018334;155 749 498;10;1;2;2;16;1
202400018334;155 749 501;31;0;2;8;1;1
202400018335;155 749 496;0;0;0;0;0;0
202400018335;155 749 500;30;0;2;4;1;1
202400018336;155 749 497;7;8;2;2;19;1
202400018336;155 749 499;34;8;2;1;1;1
202400018337;155 749 495;7;16;0;9;26;1
202400018338;155 749 494;32;0;1;1;18;1
202400018339;155 749 492;7;2;0;1;1;1
202400018340;155 749 490;7;0;2;2;12;1
202400018340;155 749 493;7;4;2;6;11;1
202400018341;155 749 487;7;0;9;3;1;1
202400018341;155 749 489;7;0;2;3;1;2
202400018341;155 749 491;10;0;2;1;13;1
202400018342;155 749 485;7;0;2;6;1;3
202400018342;155 749 488;7;0;2;2;3;1
202400018343;155 749 484;7;0;2;1;1;1
202400018343;155 749 486;10;0;2;4;1;1
202400018344;155 749 483;7;0;1;1;1;1
202400018345;155 749 482;36;6;0;1;14;1
202400018346;155 749 480;1;0;2;1;16;5
202400018346;155 749 481;10;0;2;5;16;1
202400018347;155 749 477;7;16;2;1;5;1
202400018347;155 749 479;7;0;2;1;5;1
202400018348;155 749 476;14;0;2;0;17;1
202400018348;155 749 478;80;0;2;0;0;3
202400018349;155 749 473;32;0;2;1;17;1
202400018349;155 749 475;7;0;2;3;10;1
202400018350;155 749 471;2;0;0;4;11;1
202400018350;155 749 474;7;0;0;2;1;1
202400018351;155 749 470;7;0;2;1;2;3
202400018351;155 749 472;32;0;2;4;2;1
202400018352;155 749 465;33;0;2;2;17;1
202400018352;155 749 467;10;0;2;8;15;1
202400018353;155 749 464;99;0;2;7;17;0
202400018353;155 749 466;50;0;2;8;1;3
202400018354;155 749 462;7;0;2;3;1;1
202400018354;155 749 463;30;0;2;3;19;3
202400018355;155 749 461;7;13;0;1;14;1
202400018356;155 749 460;7;0;0;1;1;1
202400018357;155 749 459;7;8;0;1;14;1
202400018358;155 749 455;7;0;2;8;13;1
202400018358;155 749 457;10;0;2;8;1;1
202400018359;155 749 453;7;0;2;0;0;1
202400018359;155 749 454;33;0;2;4;23;1
202400018360;155 749 452;50;2;0;0;1;3
202400018361;155 749 449;34;0;2;6;23;1
202400018361;155 749 450;7;0;2;2;2;1
202400018362;155 749 448;50;0;2;1;1;3
202400018362;155 749 451;7;0;2;1;1;1
202400018363;155 749 446;7;0;2;1;0;1
202400018363;155 749 447;7;0;2;1;1;1
202400018364;155 749 443;33;0;2;3;1;0
202400018364;155 749 445;7;0;2;0;15;0
202400018365;155 749 442;7;0;2;3;15;1
202400018365;155 749 444;33;0;2;3;1;1
202400018366;155 749 440;7;0;9;2;2;1
202400018366;155 749 441;1;0;2;4;2;5
202400018367;155 749 438;7;0;1;2;1;1
202400018368;155 749 437;50;8;0;1;26;3
202400018369;155 749 436;7;0;2;1;1;1
202400018369;155 749 439;7;0;2;7;15;1
202400018370;155 749 434;33;0;0;0;2;1
202400018371;155 749 433;7;0;2;2;1;1
202400018371;155 749 435;7;0;2;8;1;1
202400018372;155 749 430;34;9;0;8;1;0
202400018372;155 749 432;7;9;2;1;13;0
202400018373;155 749 429;7;0;2;1;1;1
202400018373;155 749 431;7;0;2;1;1;1
202400018374;155 749 427;1;0;2;3;1;5
202400018374;155 749 428;7;0;2;2;16;2
202400018375;155 749 425;10;0;1;3;15;1
202400018376;155 749 424;33;0;2;0;0;1
202400018376;155 749 426;7;0;2;1;0;1
202400018377;155 749 423;7;14;0;1;1;1
202400018378;155 749 422;7;0;1;2;1;3
202400018379;155 749 421;33;12;0;3;21;1
202400018380;155 749 417;80;0;2;4;1;3
202400018380;155 749 419;15;0;2;2;16;0
202400018381;155 749 418;7;0;2;5;23;2
202400018381;155 749 420;2;1;0;1;26;1
202400018382;155 749 416;7;8;0;2;1;1
202400018383;155 749 411;7;0;9;8;1;1
202400018383;155 749 414;50;0;2;7;1;3
202400018384;155 749 412;33;0;2;7;1;1
202400018384;155 749 415;7;0;2;2;2;2
202400018385;155 749 410;10;0;2;3;15;1
202400018385;155 749 413;7;0;2;3;1;3
202400018386;155 749 407;7;6;0;2;14;1
202400018387;155 749 406;7;0;2;8;15;1
202400018387;155 749 408;31;0;2;1;17;1
202400018388;155 749 405;7;0;2;3;1;2
202400018388;155 749 409;80;0;2;2;1;3
202400018389;155 749 400;7;0;2;1;15;1
202400018389;155 749 404;32;0;2;7;1;1
202400018390;155 749 398;7;0;2;1;1;1
202400018390;155 749 399;7;3;2;1;1;1
202400018390;155 749 401;7;3;2;3;1;1
202400018390;155 749 403;10;0;2;2;1;1
202400018391;155 749 402;7;1;0;3;13;1
202400018392;155 749 391;7;14;2;7;23;1
202400018392;155 749 395;7;0;2;3;13;1
202400018393;155 749 393;2;0;2;4;1;1
202400018393;155 749 394;7;0;2;4;1;1
202400018394;155 749 390;7;0;2;7;1;1
202400018394;155 749 392;50;0;2;1;15;3
202400018395;155 749 386;50;0;0;0;0;3
202400018395;155 749 387;7;0;2;8;24;1
202400018396;155 749 385;7;0;2;2;17;1
202400018396;155 749 389;7;0;2;1;1;1
202400018397;155 749 384;1;0;2;0;0;5
202400018397;155 749 388;7;0;2;1;15;1
202400018398;155 749 383;15;14;0;2;1;1
202400018399;155 749 381;1;0;2;1;26;5
202400018399;155 749 382;7;0;2;2;1;2
202400018400;155 749 379;7;1;0;2;1;1
202400018401;155 749 378;50;0;2;1;26;3
202400018401;155 749 380;1;0;2;1;1;5
202400018402;155 749 374;2;0;2;7;1;1
202400018402;155 749 377;7;0;2;3;15;1
202400018403;155 749 375;50;0;2;8;19;3
202400018403;155 749 376;10;0;2;0;9;0
202400018404;155 749 370;7;0;2;3;19;1
202400018404;155 749 373;31;0;2;1;1;1
202400018405;155 749 371;33;0;0;0;0;1
202400018406;155 749 369;10;0;2;2;1;1
202400018406;155 749 372;7;0;2;3;16;2
202400018407;155 749 368;32;4;0;1;16;1
202400018408;155 749 365;7;4;0;2;1;1
202400018409;155 749 361;31;0;2;8;19;1
202400018409;155 749 364;7;0;2;1;1;1
202400018410;155 749 363;7;0;2;2;19;1
202400018410;155 749 366;33;0;2;1;1;1
202400018411;155 749 360;7;4;2;4;1;1
202400018411;155 749 362;7;0;2;1;14;1
202400018412;155 749 356;7;0;2;7;9;1
202400018412;155 749 359;1;0;2;8;1;5
202400018413;155 749 355;7;0;2;6;11;1
202400018413;155 749 357;7;0;2;2;1;1
202400018414;155 749 358;7;0;0;1;1;
202400018415;155 749 354;7;1;0;1;15;1
202400018416;155 749 350;7;0;2;1;2;2
202400018416;155 749 352;7;3;2;4;1;1
202400018416;155 749 353;7;0;0;0;1;1
202400018417;155 749 349;38;0;2;7;1;1
202400018417;155 749 351;30;0;2;1;11;1
202400018418;155 749 348;7;0;1;7;1;0
202400018419;155 749 345;7;0;2;2;12;1
202400018419;155 749 347;7;0;2;8;1;1
202400018420;155 749 344;7;0;2;3;11;1
202400018420;155 749 346;34;0;2;0;0;1
202400018421;155 749 342;7;0;2;3;15;1
202400018421;155 749 343;43;0;2;1;2;1
202400018422;155 749 340;7;0;1;1;1;1
202400018423;155 749 338;7;0;2;6;23;1