Num_Acc;id_vehicule;categorie_vehicule;obstacle_fixe;obstacle_mobile;point_choc_initial;manoeuvre_principale;motorisation
202400019117;155 748 100;7;0;2;8;0;0
202400019118;155 748 096;50;0;2;5;1;3
202400019118;155 748 097;7;0;2;2;9;1
202400019119;155 748 095;50;0;9;1;1;3
202400019120;155 748 093;7;0;1;1;1;1
202400019121;155 748 092;7;1;0;2;1;1
202400019121;155 748 094;7;0;2;6;24;1
202400019122;155 748 090;7;2;0;2;26;1
202400019123;155 748 089;7;0;2;5;1;1
202400019123;155 748 091;30;0;2;2;2;1
202400019124;155 748 088;30;0;0;1;0;1
202400019125;155 748 085;1;0;0;0;0;5
202400019126;155 748 086;7;0;1;4;26;1
202400019127;155 748 084;7;0;2;1;1;1
202400019127;155 748 087;7;0;2;7;1;1
202400019128;155 748 082;30;0;0;0;26;3
202400019129;155 748 081;7;0;1;1;16;1
202400019130;155 748 076;7;0;2;4;23;1
202400019130;155 748 079;7;1;2;4;23;1
202400019130;155 748 080;7;1;0;1;2;1
202400019130;155 748 083;7;0;2;4;23;1
202400019131;155 748 075;7;0;2;3;1;2
202400019131;155 748 077;7;0;2;6;1;0
202400019132;155 748 071;7;0;2;4;23;1
202400019132;155 748 072;7;0;2;1;1;1
202400019132;155 748 074;7;0;2;4;23;1
202400019132;155 748 078;7;0;2;4;23;2
202400019133;155 748 070;99;0;2;1;1;0
202400019133;155 748 073;7;0;2;2;1;1
202400019134;155 748 069;7;8;0;1;1;1
202400019135;155 748 066;7;0;9;1;2;1
202400019135;155 748 068;50;0;0;0;0;3
202400019136;155 748 065;7;0;1;1;13;1
202400019137;155 748 064;32;0;2;1;2;1
202400019137;155 748 067;7;0;2;4;2;1
202400019138;155 748 060;7;0;2;1;1;1
202400019138;155 748 063;7;0;2;7;1;1
202400019139;155 748 059;0;0;2;0;0;0
202400019139;155 748 062;7;0;2;3;26;1
202400019140;155 748 058;50;0;2;5;15;3
202400019140;155 748 061;10;0;9;1;2;0
202400019141;155 748 057;1;0;0;1;1;5
202400019142;155 748 052;32;1;2;2;1;1
202400019142;155 748 055;7;0;2;3;9;2
202400019143;155 748 048;7;0;2;2;9;1
202400019143;155 748 050;7;1;0;6;2;1
202400019143;155 748 053;34;0;2;1;9;1
202400019143;155 748 054;33;0;2;1;1;1
202400019143;155 748 056;7;0;2;1;5;1
202400019144;155 748 047;32;0;0;0;1;1
202400019145;155 748 049;1;0;2;1;1;5
202400019145;155 748 051;7;0;2;0;0;1
202400019146;155 748 046;7;6;0;1;13;1
202400019147;155 748 044;7;0;1;2;19;1
202400019148;155 748 045;7;8;0;1;1;1
202400019149;155 748 042;7;1;0;0;0;1
202400019149;155 748 043;7;1;0;0;0;1
202400019150;155 748 038;7;0;2;3;15;1
202400019150;155 748 041;1;0;2;3;1;5
202400019151;155 748 036;7;0;2;1;0;0
202400019151;155 748 040;60;0;2;8;1;5
202400019152;155 748 034;7;13;0;8;1;1
202400019153;155 748 032;33;0;2;7;1;1
202400019153;155 748 035;7;0;2;3;15;1
202400019154;155 748 030;7;0;2;1;1;1
202400019154;155 748 033;10;0;2;4;12;1
202400019155;155 748 029;7;0;2;2;20;1
202400019155;155 748 031;2;0;2;8;1;1
202400019156;155 748 028;7;0;1;1;16;3
202400019157;155 748 026;7;0;1;3;13;1
202400019158;155 748 025;7;0;2;8;13;1
202400019158;155 748 027;17;0;2;6;1;1
202400019159;155 748 022;43;11;0;8;1;1
202400019160;155 748 023;7;0;2;7;15;2
202400019160;155 748 024;7;0;2;1;1;1
202400019161;155 748 020;7;0;2;0;0;0
202400019161;155 748 021;1;0;2;6;1;5
202400019162;155 748 017;1;0;2;2;3;5
202400019162;155 748 019;7;0;2;2;9;1
202400019163;155 748 016;10;0;4;6;26;1
202400019163;155 748 018;40;0;2;1;1;0
202400019164;155 748 015;7;2;0;1;17;1
202400019165;155 748 014;7;0;1;2;1;1
202400019166;155 748 012;7;1;1;4;20;1
202400019167;155 748 010;7;13;0;3;1;1
202400019168;155 748 008;7;0;9;4;1;1
202400019168;155 748 011;7;0;2;1;1;1
202400019168;155 748 013;10;0;2;1;1;1
202400019169;155 748 003;7;0;0;4;1;6
202400019169;155 748 005;7;0;2;1;1;1
202400019169;155 748 007;33;0;2;1;1;1
202400019170;155 748 002;13;0;2;2;12;1
202400019170;155 748 004;7;0;2;6;1;1
202400019170;155 748 006;7;0;2;4;1;2
202400019170;155 748 009;7;0;2;2;1;2
202400019171;155 748 000;2;6;0;2;14;1
202400019172;155 747 997;7;0;2;1;1;2
202400019172;155 747 998;7;0;2;4;1;1
202400019173;155 747 995;7;0;2;5;16;1
202400019173;155 747 996;1;0;2;1;1;5
202400019174;155 747 993;33;0;2;1;3;1
202400019174;155 747 994;7;0;2;6;1;1
202400019175;155 747 999;7;0;2;1;2;1
202400019175;155 748 001;7;0;2;4;1;1
202400019176;155 747 991;7;0;2;3;1;1
202400019176;155 747 992;7;0;2;3;1;1
202400019177;155 747 989;34;12;0;1;1;1
202400019178;155 747 988;7;0;1;1;26;1
202400019179;155 747 986;33;0;2;1;21;1
202400019179;155 747 987;43;0;2;4;23;1
202400019180;155 747 980;80;1;0;7;1;3
202400019180;155 747 982;10;0;2;3;22;1
202400019181;155 747 979;7;0;2;1;13;1
202400019181;155 747 981;7;0;2;4;2;2
202400019181;155 747 983;7;0;2;1;0;1
202400019181;155 747 984;10;0;2;1;2;1
202400019182;155 747 985;60;0;2;1;19;5
202400019182;155 747 990;10;12;2;7;1;1
202400019183;155 747 978;10;0;1;1;15;1
202400019184;155 747 977;7;0;1;2;1;2
202400019185;155 747 976;7;8;0;2;14;1
202400019186;155 747 974;10;0;0;9;1;1
202400019187;155 747 971;1;0;2;1;18;5
202400019187;155 747 973;1;0;2;4;14;5
202400019188;155 747 970;36;0;6;1;0;1
202400019189;155 747 972;7;0;2;5;1;1
202400019189;155 747 975;33;0;2;1;11;1
202400019190;155 747 968;7;0;2;2;15;0
202400019190;155 747 969;3;0;2;2;1;1
202400019191;155 747 967;7;0;1;1;1;2
202400019192;155 747 965;7;0;2;1;1;1
202400019192;155 747 966;7;0;2;1;13;1
202400019193;155 747 963;1;0;2;1;1;5
202400019193;155 747 964;7;0;2;2;1;1
202400019194;155 747 962;7;0;1;2;1;1
202400019195;155 747 960;7;9;0;1;10;1
202400019196;155 747 961;7;8;0;2;16;1
202400019197;155 747 959;80;0;1;1;1;3
202400019198;155 747 956;3;4;2;1;1;1
202400019198;155 747 958;7;4;2;3;1;1
202400019199;155 747 954;1;0;0;0;1;5
202400019200;155 747 953;7;0;1;3;1;1
202400019201;155 747 951;7;0;2;1;1;1
202400019201;155 747 952;7;0;2;4;1;1
202400019202;155 747 948;7;0;2;1;1;1
202400019202;155 747 950;10;0;2;1;5;1
202400019203;155 747 949;1;0;1;1;1;5
202400019204;155 747 944;7;0;2;4;2;1
202400019204;155 747 945;7;0;2;4;2;1
202400019204;155 747 947;7;0;2;1;2;1
202400019205;155 747 943;1;0;1;3;5;5
202400019206;155 747 942;10;0;1;2;1;1
202400019207;155 747 939;7;0;2;3;15;1
202400019207;155 747 941;1;0;2;7;1;5
202400019208;155 747 938;10;0;2;3;9;1
202400019208;155 747 940;1;0;2;1;1;5
202400019209;155 747 936;7;0;2;3;15;1
202400019209;155 747 937;30;0;2;1;1;1
202400019210;155 747 934;37;0;2;4;26;1
202400019210;155 747 935;7;0;2;1;2;1
202400019211;155 747 932;10;1;1;3;26;3
202400019212;155 747 930;7;0;0;4;2;1
202400019212;155 747 933;7;0;0;1;2;1
202400019213;155 747 929;7;0;2;0;17;1
202400019213;155 747 931;7;0;2;8;2;1
202400019214;155 747 927;7;0;1;3;19;1
202400019215;155 747 926;31;0;2;1;0;1
202400019215;155 747 928;7;0;2;3;0;1
202400019216;155 747 925;50;0;1;1;5;3
202400019217;155 747 922;33;0;2;1;17;1
202400019217;155 747 924;10;0;2;3;15;1
202400019218;155 747 923;33;0;1;2;21;1
202400019219;155 747 921;7;0;0;9;14;1
202400019220;155 747 918;50;0;2;1;2;3
202400019220;155 747 920;10;0;2;8;2;3
202400019221;155 747 917;33;0;0;5;1;1
202400019222;155 747 916;7;13;0;6;19;0
202400019222;155 747 919;7;13;2;1;1;1
202400019223;155 747 915;1;0;0;0;26;5
202400019224;155 747 913;7;4;0;7;0;1
202400019225;155 747 911;30;0;2;1;16;1
202400019225;155 747 912;7;0;2;7;16;1
202400019226;155 747 910;3;0;1;2;23;1
202400019226;155 747 914;7;0;2;2;1;6
202400019227;155 747 908;7;0;0;4;15;1
202400019227;155 747 909;7;0;2;1;1;1
202400019228;155 747 905;1;0;0;0;1;5
202400019229;155 747 906;7;8;0;1;1;2
202400019230;155 747 907;7;0;1;1;19;1
202400019231;155 747 903;7;8;0;1;1;1
202400019232;155 747 902;7;2;1;3;25;1
202400019233;155 747 900;7;0;2;1;1;1
202400019233;155 747 901;7;0;0;1;1;1
202400019233;155 747 904;7;0;0;1;1;1
202400019234;155 747 898;7;0;1;1;2;1
202400019235;155 747 896;7;0;2;1;1;1
202400019235;155 747 899;7;0;2;8;1;1
202400019236;155 747 895;7;1;0;1;1;1
202400019236;155 747 897;7;0;2;3;26;1
202400019237;155 747 892;2;0;2;1;0;1
202400019237;155 747 894;10;0;2;2;0;1
202400019238;155 747 891;1;0;2;1;1;5
202400019238;155 747 893;7;0;2;4;23;1
202400019239;155 747 889;3;1;0;1;14;1
202400019239;155 747 890;7;0;0;5;24;1
202400019240;155 747 888;7;4;0;1;9;1
202400019241;155 747 886;7;0;2;1;19;1
202400019241;155 747 887;32;0;2;8;1;3
202400019242;155 747 885;33;0;0;8;12;1
202400019243;155 747 882;33;0;2;7;2;1
202400019243;155 747 884;31;0;2;3;11;1
202400019244;155 747 881;7;0;1;1;1;0
202400019245;155 747 880;50;0;0;0;0;3
202400019245;155 747 883;7;0;0;0;1;1
202400019246;155 747 878;7;0;1;1;1;1
202400019247;155 747 877;7;0;1;1;9;1
202400019248;155 747 873;10;0;2;1;2;1
202400019248;155 747 875;7;0;2;4;2;1
202400019248;155 747 876;7;3;2;4;2;1
202400019248;155 747 879;7;0;0;4;2;1
202400019249;155 747 874;40;0;1;2;1;3
202400019250;155 747 870;31;0;2;2;21;1
202400019250;155 747 872;7;0;2;2;15;1
202400019251;155 747 868;7;0;2;3;13;1
202400019251;155 747 871;7;0;2;3;1;1
202400019252;155 747 869;7;0;1;1;16;1
202400019253;155 747 866;7;0;1;2;1;1
202400019254;155 747 865;7;0;2;3;9;1
202400019254;155 747 867;1;0;2;1;1;5
202400019255;155 747 863;1;0;2;6;1;5
202400019255;155 747 864;2;0;2;1;1;3
202400019256;155 747 861;7;0;1;3;1;2
202400019257;155 747 860;2;0;0;7;16;1
202400019258;155 747 858;7;0;2;2;0;2
202400019258;155 747 862;10;0;2;3;1;1
202400019259;155 747 857;2;1;0;1;1;3
202400019260;155 747 856;7;1;0;2;21;1
202400019260;155 747 859;15;0;0;6;23;1
202400019261;155 747 853;30;0;2;1;5;1
202400019261;155 747 855;7;0;2;1;1;1
202400019262;155 747 852;10;0;2;7;16;1
202400019262;155 747 854;31;0;2;8;18;1
202400019263;155 747 849;7;0;2;3;13;1
202400019263;155 747 851;7;0;2;3;1;1
202400019264;155 747 848;7;7;0;6;15;1
202400019264;155 747 850;7;0;2;2;17;1
202400019265;155 747 846;33;0;2;3;1;1
202400019265;155 747 847;1;0;2;1;19;5
202400019266;155 747 844;7;6;0;1;1;1
202400019267;155 747 843;1;0;0;1;1;5
202400019267;155 747 845;7;0;9;2;15;1
202400019268;155 747 842;31;0;1;1;1;1
202400019269;155 747 841;7;0;1;1;16;1
202400019270;155 747 839;2;0;2;1;1;1
202400019270;155 747 840;7;0;2;3;1;1
202400019271;155 747 838;1;0;2;7;1;5
202400019272;155 747 837;10;0;1;2;1;1
202400019273;155 747 835;99;0;2;2;9;1
202400019273;155 747 836;33;0;2;2;1;1
202400019274;155 747 833;7;0;1;1;15;2
202400019275;155 747 831;7;0;0;6;1;1
202400019275;155 747 834;10;0;2;1;15;1
202400019276;155 747 830;7;0;2;0;13;1
202400019276;155 747 832;7;0;2;1;1;1
202400019277;155 747 826;7;0;1;1;1;1
202400019278;155 747 825;7;0;2;4;1;1
202400019278;155 747 827;10;0;2;1;1;1
202400019278;155 747 828;7;0;2;4;1;1
202400019278;155 747 829;7;0;2;4;1;1
202400019279;155 747 822;2;0;2;1;1;3
202400019279;155 747 824;10;1;2;1;1;1
202400019280;155 747 820;7;0;1;5;1;1
202400019281;155 747 819;0;0;2;0;1;0
202400019281;155 747 821;30;0;2;0;9;1
202400019282;155 747 818;7;6;0;1;1;1
202400019283;155 747 815;1;0;2;1;1;5
202400019283;155 747 817;7;0;2;2;15;3
202400019284;155 747 813;7;3;0;0;2;1
202400019285;155 747 814;7;0;2;3;15;1
202400019285;155 747 816;7;0;2;1;1;1
202400019286;155 747 812;7;9;0;2;26;1
202400019287;155 747 809;10;0;2;1;15;1
202400019287;155 747 811;33;0;2;1;1;1
202400019288;155 747 808;7;0;2;8;15;1
202400019288;155 747 810;10;13;2;2;17;1
202400019289;155 747 806;50;0;0;1;1;3
202400019290;155 747 805;99;0;2;3;0;5
202400019290;155 747 807;7;0;2;3;15;1
202400019291;155 747 804;7;0;1;3;16;1
202400019292;155 747 801;7;0;2;1;1;1
202400019292;155 747 803;7;0;2;1;13;1
202400019293;155 747 800;2;0;2;1;2;3
202400019293;155 747 802;7;0;2;4;2;1
202400019294;155 747 798;7;0;2;1;0;1
202400019294;155 747 799;7;0;2;1;26;1
202400019295;155 747 795;33;8;0;9;1;1
202400019296;155 747 796;7;0;1;2;1;1
202400019297;155 747 794;50;0;9;7;26;3
202400019297;155 747 797;7;0;2;1;9;1
202400019298;155 747 789;7;0;2;1;1;1
202400019298;155 747 791;7;17;2;1;5;1
202400019299;155 747 790;7;0;2;1;1;1
202400019299;155 747 793;1;0;0;4;1;5
202400019300;155 747 787;7;0;2;2;26;1
202400019300;155 747 788;7;0;2;3;0;1
202400019300;155 747 792;7;0;2;1;1;1
202400019301;155 747 784;7;0;2;1;1;1
202400019301;155 747 786;7;0;2;1;5;1
202400019302;155 747 783;7;1;0;1;14;3
202400019303;155 747 781;7;13;0;2;1;1
202400019304;155 747 782;31;0;2;3;1;1
202400019304;155 747 785;7;0;2;3;21;1
202400019305;155 747 779;33;0;2;1;1;1
202400019305;155 747 780;7;0;2;2;15;2
202400019306;155 747 778;7;0;0;0;1;1
202400019307;155 747 776;7;0;2;5;16;2
202400019307;155 747 777;50;0;2;8;1;3
202400019308;155 747 774;50;8;0;1;1;3
202400019309;155 747 773;7;0;2;1;2;1
202400019309;155 747 775;32;0;2;3;1;1
202400019310;155 747 770;7;0;1;1;9;2
202400019311;155 747 771;2;0;9;6;15;1
202400019311;155 747 772;2;0;9;1;1;1
202400019312;155 747 767;7;0;0;1;17;1
202400019313;155 747 769;7;8;0;7;0;1
202400019314;155 747 766;30;0;2;3;2;1
202400019314;155 747 768;7;0;2;3;17;1
202400019315;155 747 765;7;8;0;7;26;1
202400019316;155 747 764;7;6;0;1;1;1
202400019317;155 747 761;2;15;0;1;16;1
202400019318;155 747 760;7;0;2;9;1;1
202400019318;155 747 763;7;0;2;2;1;1
202400019319;155 747 762;7;0;1;2;2;1
202400019320;155 747 758;10;0;1;3;1;1
202400019321;155 747 757;7;0;1;1;16;1
202400019322;155 747 756;17;0;2;2;12;1
202400019322;155 747 759;7;0;2;8;1;1
202400019323;155 747 754;1;0;0;0;1;5
202400019324;155 747 752;30;1;0;8;1;1
202400019324;155 747 755;7;1;0;3;15;1
202400019325;155 747 751;7;0;2;1;2;1
202400019325;155 747 753;7;0;2;4;2;1
202400019326;155 747 749;7;2;0;1;1;1
202400019327;155 747 747;1;0;0;0;26;5
202400019328;155 747 746;7;0;2;1;17;1
202400019328;155 747 748;7;0;2;1;1;1
202400019328;155 747 750;7;0;2;8;1;1
202400019329;155 747 744;32;0;1;1;1;2
202400019330;155 747 743;10;0;1;1;26;1
202400019331;155 747 742;7;0;2;1;13;1
202400019331;155 747 745;7;0;2;1;1;1
202400019332;155 747 740;7;0;1;3;1;1
202400019333;155 747 739;2;0;2;1;21;1
202400019333;155 747 741;7;0;2;6;2;1
202400019334;155 747 737;7;0;0;5;2;1
202400019334;155 747 738;3;0;2;3;2;1
202400019335;155 747 736;10;1;1;0;1;2
202400019336;155 747 733;7;0;2;3;15;1
202400019336;155 747 734;1;0;2;1;1;5
202400019337;155 747 730;10;0;2;1;1;1
202400019337;155 747 731;7;0;0;6;1;1
202400019338;155 747 732;7;0;1;2;15;2
202400019339;155 747 728;10;13;0;1;1;1
202400019340;155 747 725;7;6;0;1;0;1
202400019341;155 747 723;7;0;2;4;2;0
202400019341;155 747 724;7;0;2;4;2;0
202400019341;155 747 726;7;0;2;4;2;0
202400019341;155 747 727;7;0;2;1;2;0
202400019342;155 747 722;7;0;2;3;16;1
202400019342;155 747 729;7;0;2;1;1;1
202400019343;155 747 720;7;0;1;1;15;1
202400019344;155 747 718;7;2;0;3;1;1
202400019345;155 747 717;7;0;0;0;14;1
202400019346;155 747 716;10;0;1;1;15;1
202400019347;155 747 715;14;4;0;1;2;1
202400019348;155 747 714;33;16;0;1;1;1
202400019349;155 747 711;7;0;2;7;16;1
202400019349;155 747 713;1;0;2;1;1;5
202400019350;155 747 710;2;0;2;1;1;1
202400019350;155 747 712;7;0;9;2;15;1
202400019351;155 747 709;7;15;0;1;0;1
202400019352;155 747 706;7;0;2;2;16;1
202400019352;155 747 708;60;0;2;8;19;5
202400019353;155 747 707;7;0;1;2;20;1
202400019354;155 747 705;7;0;0;5;1;2
202400019355;155 747 702;1;0;0;4;2;5
202400019355;155 747 703;7;0;2;2;2;1
202400019356;155 747 701;7;0;2;1;9;1
202400019356;155 747 704;1;0;2;7;1;5
202400019357;155 747 700;7;6;0;1;16;1
202400019358;155 747 698;7;0;1;2;21;1
202400019359;155 747 697;10;0;0;5;23;1
202400019359;155 747 699;33;0;2;1;2;1
202400019360;155 747 696;33;15;0;8;1;1
202400019361;155 747 693;7;1;2;1;5;1
202400019361;155 747 695;7;0;2;6;1;1
202400019362;155 747 692;7;13;0;8;13;1
202400019363;155 747 691;7;0;2;3;23;1
202400019363;155 747 694;30;0;2;8;5;1
202400019364;155 747 690;2;0;1;1;1;1
202400019365;155 747 688;7;0;1;3;1;1
202400019366;155 747 687;7;0;2;3;15;1
202400019366;155 747 689;33;0;2;1;1;1
202400019367;155 747 684;33;4;0;1;1;1
202400019368;155 747 683;7;0;1;2;1;1
202400019369;155 747 685;7;0;2;3;15;1
202400019369;155 747 686;2;0;2;7;17;1
202400019370;155 747 679;33;0;2;1;17;1
202400019370;155 747 682;33;0;2;1;1;1
202400019371;155 747 678;15;0;0;1;1;1
202400019371;155 747 681;7;0;2;1;13;1
202400019372;155 747 680;7;0;1;0;1;1
202400019373;155 747 676;7;0;2;1;1;1
202400019373;155 747 677;10;0;2;8;1;1
202400019374;155 747 675;7;3;0;1;1;1
202400019375;155 747 674;33;0;0;0;1;1
202400019376;155 747 671;7;0;2;3;4;1
202400019376;155 747 672;7;0;2;2;1;1
202400019377;155 747 670;7;2;0;2;1;1
202400019378;155 747 673;7;0;1;3;1;1
202400019379;155 747 667;7;0;2;3;13;1
202400019379;155 747 669;7;0;2;3;1;1
202400019380;155 747 665;7;0;2;7;15;1
202400019380;155 747 668;33;0;2;1;1;1
202400019381;155 747 664;7;10;0;3;1;1
202400019382;155 747 663;7;0;2;1;1;1
202400019382;155 747 666;7;0;2;4;23;3
202400019383;155 747 661;7;6;0;1;1;1
202400019384;155 747 659;7;0;2;3;1;1
202400019384;155 747 662;7;0;2;3;9;1
202400019385;155 747 658;1;0;2;1;1;5
202400019385;155 747 660;7;0;9;5;0;1
202400019386;155 747 656;7;1;0;2;1;1
202400019387;155 747 657;7;0;1;2;0;1
202400019388;155 747 655;7;0;1;3;0;1
202400019389;155 747 654;7;5;0;1;0;1
202400019390;155 747 652;7;0;1;2;1;1
202400019391;155 747 651;7;0;2;1;15;1
202400019391;155 747 653;7;0;2;1;1;1
202400019392;155 747 649;7;0;2;2;1;1
202400019392;155 747 650;2;13;0;6;1;1
202400019393;155 747 648;7;0;1;2;1;1
202400019394;155 747 646;10;0;2;6;21;1
202400019394;155 747 647;7;0;2;3;21;1
202400019395;155 747 645;10;3;0;2;1;1
202400019396;155 747 643;10;0;2;8;20;1
202400019396;155 747 644;10;0;2;1;1;1
202400019397;155 747 640;7;0;2;3;5;1
202400019397;155 747 642;33;0;2;1;0;1
202400019398;155 747 637;7;0;2;5;26;1
202400019398;155 747 639;10;0;2;3;1;1
202400019398;155 747 641;7;0;2;2;1;1
202400019399;155 747 636;7;2;0;1;14;1
202400019400;155 747 638;7;2;0;9;1;1
202400019401;155 747 635;7;2;0;3;1;1
202400019402;155 747 631;7;0;2;1;1;1
202400019402;155 747 634;7;0;2;3;1;2
202400019403;155 747 629;7;0;2;3;5;1
202400019403;155 747 632;7;0;2;3;1;1
202400019404;155 747 628;7;0;2;1;2;1
202400019404;155 747 630;7;0;2;4;1;1
202400019404;155 747 633;7;0;2;1;1;1
202400019405;155 747 626;7;0;2;4;1;1
202400019405;155 747 627;33;0;2;1;2;1
202400019406;155 747 625;7;0;1;2;1;1
202400019407;155 747 624;7;0;1;2;1;2
202400019408;155 747 619;7;3;0;8;17;1
202400019408;155 747 621;7;1;0;1;1;1
202400019408;155 747 623;7;1;0;1;1;1
202400019409;155 747 618;7;2;0;1;1;1
202400019410;155 747 616;7;0;2;4;23;1
202400019410;155 747 617;7;0;2;4;23;1
202400019410;155 747 620;7;0;2;1;2;1
202400019410;155 747 622;7;0;2;4;23;1
202400019411;155 747 613;7;0;2;1;1;1
202400019411;155 747 614;33;0;2;4;9;1
202400019412;155 747 612;10;3;0;2;1;1
202400019412;155 747 615;17;0;0;6;1;0
202400019413;155 747 611;30;0;1;1;18;1
202400019414;155 747 609;7;13;0;1;13;1
202400019415;155 747 607;33;0;0;7;3;1
202400019415;155 747 610;17;0;9;8;21;1
202400019416;155 747 608;7;0;1;2;1;1
202400019417;155 747 602;7;0;2;1;17;1
202400019417;155 747 604;7;0;2;1;1;1
202400019417;155 747 605;2;0;2;1;1;1
202400019418;155 747 601;50;0;2;2;1;3
202400019418;155 747 603;10;0;2;3;10;0
202400019419;155 747 600;7;4;0;3;1;1
202400019420;155 747 598;7;7;0;1;15;1
202400019421;155 747 594;7;1;0;2;1;1
202400019421;155 747 597;20;0;2;2;26;1
202400019422;155 747 593;7;0;2;4;1;1
202400019422;155 747 596;7;0;2;1;17;2
202400019423;155 747 595;7;4;0;2;14;1
202400019424;155 747 589;7;0;2;1;5;1
202400019424;155 747 591;7;0;2;6;1;1
202400019424;155 747 592;7;0;2;1;1;1
202400019425;155 747 587;7;1;1;1;1;1
202400019425;155 747 590;10;0;0;3;24;1
202400019426;155 747 586;10;0;2;1;2;1
202400019426;155 747 588;7;0;0;4;26;1
202400019427;155 747 585;7;3;0;0;17;1
202400019428;155 747 584;33;0;0;9;1;1
202400019429;155 747 582;1;0;2;1;25;5
202400019429;155 747 583;50;0;2;1;25;3
202400019430;155 747 581;33;14;9;1;1;1
202400019431;155 747 579;7;0;2;1;1;1
202400019431;155 747 580;10;0;0;4;23;1
202400019432;155 747 577;7;2;0;1;13;1
202400019433;155 747 576;7;0;2;2;0;1
202400019433;155 747 578;2;0;0;5;0;1
202400019434;155 747 575;10;0;1;1;1;1
202400019435;155 747 573;31;0;2;1;1;1
202400019435;155 747 574;7;0;2;1;15;1
202400019436;155 747 572;7;2;0;1;13;1
202400019437;155 747 571;7;0;1;2;1;1
202400019438;155 747 568;7;0;2;1;2;3
202400019438;155 747 570;2;0;2;4;15;1
202400019439;155 747 563;7;4;2;1;14;1
202400019439;155 747 565;7;4;2;4;2;1
202400019440;155 747 560;17;1;2;1;1;1
202400019440;155 747 562;7;1;2;1;1;1
202400019440;155 747 566;15;0;2;1;24;1
202400019440;155 747 567;15;3;2;6;24;1
202400019441;155 747 561;33;0;2;1;16;1
202400019441;155 747 564;7;0;2;8;11;1
202400019442;155 747 557;2;12;0;1;1;1
202400019443;155 747 555;33;0;2;1;1;1
202400019443;155 747 558;7;0;2;5;1;1
202400019443;155 747 559;7;0;2;4;1;1
202400019444;155 747 551;7;0;2;2;17;1
202400019444;155 747 553;2;0;0;6;15;1
202400019445;155 747 549;7;0;2;5;1;1
202400019445;155 747 552;7;0;2;1;1;2
202400019445;155 747 554;7;0;2;2;15;1
202400019445;155 747 556;7;0;2;2;1;3
202400019446;155 747 547;7;0;2;1;1;1
202400019446;155 747 548;7;0;2;4;1;2
202400019446;155 747 550;7;0;2;4;1;2
202400019447;155 747 545;7;0;1;2;1;1
202400019448;155 747 544;99;0;2;3;1;1
202400019448;155 747 546;80;0;2;1;11;3
202400019449;155 747 539;7;0;2;4;1;1
202400019449;155 747 542;33;0;2;7;3;1
202400019449;155 747 543;7;0;2;8;1;1
202400019450;155 747 538;7;0;2;5;2;1
202400019450;155 747 541;7;0;2;3;2;1
202400019451;155 747 537;33;0;0;2;1;1
202400019452;155 747 534;7;0;2;8;15;1
202400019452;155 747 536;10;0;2;1;1;1
202400019453;155 747 533;7;0;1;3;16;1
202400019454;155 747 532;7;0;2;2;12;2
202400019454;155 747 535;7;0;2;6;1;1
202400019454;155 747 540;7;0;2;7;1;1
202400019455;155 747 530;10;3;0;8;1;2
202400019456;155 747 528;7;3;0;4;1;1
202400019457;155 747 527;7;3;2;1;11;1
202400019458;155 747 529;7;0;2;8;1;1
202400019458;155 747 531;7;0;2;1;1;1
202400019459;155 747 526;33;4;0;3;16;1
202400019460;155 747 524;1;0;2;2;5;5
202400019460;155 747 525;7;0;2;1;16;1
202400019461;155 747 523;30;14;0;0;1;1
202400019462;155 747 522;7;4;0;0;0;1
202400019463;155 747 520;7;0;2;7;9;1
202400019463;155 747 521;50;0;2;7;9;3
202400019464;155 747 518;7;0;2;1;2;1
202400019464;155 747 519;7;0;2;4;2;1
202400019465;155 747 517;7;0;1;7;1;1
202400019466;155 747 516;7;4;0;3;26;1
202400019467;155 747 515;7;2;0;2;14;1
202400019468;155 747 513;7;0;2;4;1;1
202400019468;155 747 514;30;0;2;1;2;1
202400019469;155 747 512;7;0;1;3;19;1
202400019470;155 747 511;1;0;0;1;2;5
202400019471;155 747 510;7;0;1;1;15;1
202400019472;155 747 508;7;4;0;0;0;1
202400019473;155 747 507;7;0;2;1;1;1
202400019473;155 747 509;10;0;2;5;1;1
202400019474;155 747 506;7;13;0;1;0;1
202400019475;155 747 505;37;0;0;0;1;1
202400019476;155 747 502;7;0;2;3;13;1
202400019476;155 747 504;7;0;2;3;1;1
202400019477;155 747 501;1;0;2;0;0;5
202400019477;155 747 503;7;0;2;0;0;1
202400019478;155 747 497;80;0;2;1;1;3
202400019478;155 747 499;7;0;2;7;16;1
202400019479;155 747 498;2;0;0;4;16;1
202400019479;155 747 500;7;0;2;2;1;1
202400019480;155 747 496;33;9;0;7;1;1
202400019481;155 747 495;10;0;1;1;1;1
202400019482;155 747 492;7;0;2;8;19;1
202400019482;155 747 494;2;0;2;1;1;1
202400019483;155 747 493;33;0;2;8;3;1
202400019484;155 747 490;7;1;0;2;14;2
202400019485;155 747 488;99;0;2;2;17;1
202400019485;155 747 491;15;0;2;6;1;1
202400019486;155 747 487;7;0;2;8;1;1
202400019486;155 747 489;7;0;2;2;14;1
202400019487;155 747 484;10;17;0;2;14;1
202400019488;155 747 481;33;0;0;8;1;1
202400019489;155 747 480;34;0;2;1;0;1