Num_Acc;id_vehicule;categorie_vehicule;obstacle_fixe;obstacle_mobile;point_choc_initial;manoeuvre_principale;motorisation
202400020198;155 746 225;7;0;2;4;2;1
202400020199;155 746 221;10;0;1;3;7;1
202400020200;155 746 220;7;6;0;1;1;1
202400020201;155 746 219;7;0;2;1;2;1
202400020201;155 746 222;2;0;2;1;15;1
202400020202;155 746 213;7;0;2;4;23;1
202400020202;155 746 217;10;0;2;1;2;1
202400020203;155 746 214;7;0;2;1;2;1
202400020203;155 746 215;7;0;2;4;2;1
202400020203;155 746 218;7;0;2;4;2;1
202400020204;155 746 212;7;0;2;8;1;1
202400020204;155 746 216;2;0;2;1;1;1
202400020205;155 746 211;7;4;0;0;0;1
202400020206;155 746 208;33;0;0;8;1;1
202400020207;155 746 207;7;0;2;1;0;1
202400020207;155 746 210;1;0;2;4;1;5
202400020208;155 746 206;7;0;0;4;23;1
202400020208;155 746 209;7;0;2;1;0;1
202400020209;155 746 204;32;0;2;1;13;1
202400020209;155 746 205;7;0;2;6;1;2
202400020210;155 746 201;7;13;0;9;14;1
202400020211;155 746 200;33;0;2;3;3;1
202400020211;155 746 202;7;0;2;7;1;1
202400020212;155 746 199;7;0;2;2;1;1
202400020212;155 746 203;33;0;2;1;17;1
202400020213;155 746 196;7;13;0;1;2;1
202400020214;155 746 194;10;0;2;3;15;0
202400020214;155 746 197;31;0;2;7;17;0
202400020215;155 746 193;7;0;2;4;2;1
202400020215;155 746 195;7;0;2;1;2;1
202400020215;155 746 198;7;0;2;1;2;1
202400020216;155 746 190;7;0;2;6;10;1
202400020216;155 746 192;32;0;2;1;1;1
202400020217;155 746 187;33;0;2;3;1;1
202400020217;155 746 189;7;;2;1;20;1
202400020218;155 746 188;7;0;2;4;23;1
202400020218;155 746 191;7;0;2;1;2;1
202400020219;155 746 185;7;0;2;1;1;1
202400020219;155 746 186;7;0;2;1;1;1
202400020220;155 746 182;7;0;2;1;9;1
202400020220;155 746 184;50;0;2;7;1;3
202400020221;155 746 181;7;0;2;2;15;1
202400020221;155 746 183;33;0;0;0;0;1
202400020222;155 746 179;10;1;0;2;1;1
202400020223;155 746 178;7;0;2;2;14;1
202400020223;155 746 180;2;0;2;2;18;1
202400020224;155 746 174;30;0;2;0;1;1
202400020225;155 746 172;7;0;0;4;10;1
202400020225;155 746 173;33;0;2;1;2;1
202400020226;155 746 169;7;1;0;1;0;1
202400020227;155 746 168;33;0;2;0;10;1
202400020227;155 746 171;10;0;2;0;1;1
202400020228;155 746 167;7;0;2;3;1;1
202400020228;155 746 170;7;0;2;3;1;1
202400020229;155 746 164;7;0;2;8;1;1
202400020229;155 746 166;7;0;2;8;1;1
202400020230;155 746 163;7;0;2;0;20;1
202400020230;155 746 165;50;0;2;0;0;3
202400020231;155 746 160;50;0;0;0;1;3
202400020232;155 746 159;7;0;2;3;13;1
202400020232;155 746 162;7;0;2;3;1;1
202400020233;155 746 157;10;0;2;1;1;1
202400020233;155 746 158;10;0;2;4;1;1
202400020233;155 746 161;7;0;2;4;1;2
202400020234;155 746 154;7;0;2;2;15;1
202400020234;155 746 156;33;0;2;1;1;1
202400020235;155 746 152;1;0;2;1;1;5
202400020235;155 746 155;13;0;9;7;1;6
202400020236;155 746 151;7;0;2;3;19;1
202400020236;155 746 153;33;0;2;2;1;1
202400020237;155 746 149;80;0;0;1;1;3
202400020238;155 746 145;7;0;2;1;1;1
202400020238;155 746 148;1;0;2;1;0;5
202400020239;155 746 144;10;0;1;5;26;1
202400020240;155 746 140;10;9;0;2;2;1
202400020240;155 746 143;33;9;0;0;15;1
202400020241;155 746 139;7;0;2;2;10;0
202400020241;155 746 141;33;0;2;1;1;0
202400020242;155 746 138;7;0;0;0;0;1
202400020242;155 746 142;60;0;0;0;0;5
202400020243;155 746 137;7;0;1;1;1;1
202400020244;155 746 135;33;0;2;1;2;1
202400020244;155 746 136;7;0;2;7;16;2
202400020245;155 746 133;7;0;9;0;0;1
202400020245;155 746 134;50;0;2;1;11;3
202400020246;155 746 129;10;0;2;8;15;0
202400020246;155 746 131;2;0;2;7;17;0
202400020247;155 746 130;7;0;2;1;1;1
202400020247;155 746 132;7;0;2;2;1;1
202400020248;155 746 127;7;0;2;1;2;1
202400020248;155 746 128;7;0;2;4;23;1
202400020249;155 746 124;7;0;2;2;1;1
202400020249;155 746 126;7;0;2;7;1;1
202400020250;155 746 121;7;0;2;3;20;1
202400020250;155 746 123;7;0;2;1;1;1
202400020251;155 746 122;10;0;2;1;1;0
202400020251;155 746 125;33;0;2;8;1;1
202400020252;155 746 120;40;0;1;3;1;3
202400020253;155 746 117;7;0;2;8;1;3
202400020253;155 746 119;7;0;2;1;1;1
202400020254;155 746 116;15;0;2;8;1;1
202400020254;155 746 118;7;0;2;1;1;1
202400020255;155 746 113;30;0;2;2;1;1
202400020255;155 746 115;7;0;2;3;15;1
202400020256;155 746 112;7;0;2;1;1;2
202400020256;155 746 114;7;0;2;2;1;1
202400020257;155 746 111;7;0;1;2;15;1
202400020258;155 746 109;7;0;1;2;1;1
202400020259;155 746 108;7;0;2;3;16;1
202400020259;155 746 110;1;0;2;2;1;5
202400020260;155 746 107;7;0;1;1;26;3
202400020261;155 746 103;7;0;2;3;1;1
202400020261;155 746 106;7;0;2;1;1;1
202400020262;155 746 104;10;0;2;1;2;1
202400020262;155 746 105;7;0;2;4;23;1
202400020263;155 746 102;7;2;0;2;1;1
202400020264;155 746 100;7;6;0;1;6;1
202400020265;155 746 099;33;0;2;5;1;1
202400020265;155 746 101;7;0;2;1;16;1
202400020266;155 746 098;50;0;0;0;0;3
202400020267;155 746 096;7;2;0;1;26;1
202400020268;155 746 095;33;0;2;7;1;1
202400020268;155 746 097;7;0;2;1;9;1
202400020269;155 746 094;30;0;0;0;0;1
202400020270;155 746 093;50;0;1;1;0;3
202400020271;155 746 092;7;0;1;3;0;1
202400020272;155 746 089;7;0;1;1;1;1
202400020273;155 746 088;7;0;2;3;1;1
202400020273;155 746 090;7;0;1;1;1;1
202400020274;155 746 087;50;0;2;1;1;3
202400020274;155 746 091;7;0;2;3;15;1
202400020275;155 746 086;7;7;0;1;1;1
202400020276;155 746 085;7;0;1;0;1;0
202400020277;155 746 080;7;0;2;3;10;1
202400020277;155 746 083;37;0;2;1;1;0
202400020278;155 746 081;7;0;2;1;15;1
202400020278;155 746 084;32;0;2;1;0;1
202400020279;155 746 079;33;0;2;1;0;1
202400020279;155 746 082;7;0;2;2;15;1
202400020280;155 746 077;7;0;2;3;15;3
202400020280;155 746 078;1;0;2;1;1;5
202400020281;155 746 075;30;0;1;1;1;1
202400020282;155 746 074;7;0;2;1;1;1
202400020282;155 746 076;7;0;2;1;1;2
202400020283;155 746 069;30;0;2;2;1;1
202400020283;155 746 072;7;0;2;3;1;1
202400020284;155 746 071;7;0;2;1;1;2
202400020284;155 746 073;80;0;2;1;0;3
202400020285;155 746 068;7;0;2;3;15;1
202400020285;155 746 070;33;0;2;1;17;1
202400020286;155 746 066;50;0;2;0;19;3
202400020286;155 746 067;7;0;2;0;16;1
202400020287;155 746 064;3;0;1;2;1;1
202400020288;155 746 063;7;0;2;1;5;1
202400020288;155 746 065;2;0;2;1;5;1
202400020289;155 746 061;7;0;2;1;1;1
202400020289;155 746 062;1;0;2;4;1;5
202400020290;155 746 058;7;0;2;1;1;1
202400020290;155 746 060;1;0;2;1;1;5
202400020291;155 746 055;7;0;2;6;15;2
202400020291;155 746 057;7;0;2;3;1;1
202400020292;155 746 056;33;0;2;0;23;1
202400020292;155 746 059;7;0;2;1;1;1
202400020293;155 746 054;10;0;1;1;1;1
202400020294;155 746 049;50;0;2;1;9;3
202400020294;155 746 052;7;0;2;7;26;1
202400020295;155 746 048;1;0;;1;14;5
202400020295;155 746 051;7;0;2;5;0;1
202400020296;155 746 050;15;0;2;4;9;1
202400020296;155 746 053;7;0;2;1;9;1
202400020297;155 746 046;50;0;2;0;1;3
202400020298;155 746 043;30;0;2;1;15;1
202400020298;155 746 045;7;0;2;3;1;1
202400020299;155 746 044;10;0;9;6;1;1
202400020299;155 746 047;80;0;2;3;16;3
202400020300;155 746 042;50;15;0;0;1;3
202400020301;155 746 040;50;0;2;1;1;3
202400020301;155 746 041;32;0;9;1;5;1
202400020302;155 746 038;1;0;1;0;1;5
202400020303;155 746 037;7;0;2;1;1;1
202400020303;155 746 039;7;0;2;1;13;1
202400020304;155 746 035;7;0;1;8;15;1
202400020305;155 746 034;7;0;2;1;2;1
202400020305;155 746 036;7;0;2;4;23;1
202400020306;155 746 033;7;0;0;3;2;1
202400020307;155 746 031;7;9;0;1;26;1
202400020308;155 746 030;7;2;2;7;1;1
202400020308;155 746 032;7;0;2;1;26;1
202400020309;155 746 029;60;12;0;1;1;5
202400020310;155 746 026;7;0;2;0;1;1
202400020310;155 746 028;33;0;2;0;17;1
202400020311;155 746 025;7;0;2;1;20;1
202400020311;155 746 027;50;0;2;3;1;3
202400020312;155 746 024;2;11;0;7;1;1
202400020313;155 746 021;1;0;2;1;1;5
202400020313;155 746 023;7;0;2;4;1;1
202400020314;155 746 019;7;0;6;0;1;1
202400020315;155 746 016;31;0;2;2;1;1
202400020315;155 746 018;10;0;2;5;15;1
202400020316;155 746 015;7;0;2;3;1;1
202400020316;155 746 017;1;0;2;1;1;5
202400020317;155 746 013;7;0;2;3;13;1
202400020317;155 746 014;7;0;2;3;1;1
202400020318;155 746 011;40;0;1;2;26;3
202400020319;155 746 010;1;0;2;7;1;5
202400020319;155 746 012;7;0;2;3;9;3
202400020320;155 746 008;15;1;0;3;13;1
202400020321;155 746 007;7;0;2;3;9;1
202400020321;155 746 009;7;0;2;2;1;1
202400020322;155 746 006;7;0;1;3;1;1
202400020323;155 746 004;10;7;0;2;1;1
202400020324;155 746 005;7;8;1;2;15;1
202400020325;155 746 002;1;0;2;1;1;5
202400020325;155 746 003;7;0;9;0;0;0
202400020326;155 745 999;80;0;2;7;1;3
202400020326;155 746 001;10;0;9;3;19;1
202400020327;155 745 998;33;0;2;1;13;1
202400020327;155 746 000;7;0;2;1;13;1
202400020328;155 745 996;30;14;0;1;14;1
202400020329;155 745 995;7;0;2;2;13;2
202400020329;155 745 997;7;0;2;2;9;1
202400020330;155 745 992;33;0;9;0;26;1
202400020331;155 745 989;7;0;2;2;15;1
202400020331;155 745 991;32;0;2;1;1;1
202400020332;155 745 985;50;0;2;1;1;3
202400020332;155 745 987;7;0;2;1;15;1
202400020333;155 745 984;33;0;2;1;1;1
202400020333;155 745 986;10;0;2;4;15;1
202400020334;155 745 980;10;0;2;1;13;1
202400020334;155 745 981;17;0;2;1;21;1
202400020335;155 745 979;1;16;0;0;1;5
202400020336;155 745 976;50;0;2;1;1;3
202400020336;155 745 978;7;0;9;7;19;1
202400020337;155 745 975;7;0;2;1;13;1
202400020337;155 745 977;7;4;2;1;1;1
202400020338;155 745 974;50;0;0;0;13;3
202400020339;155 745 972;7;0;1;1;1;1
202400020340;155 745 971;33;14;2;1;26;1
202400020340;155 745 973;7;0;2;5;23;1
202400020341;155 745 968;7;0;2;1;5;1
202400020341;155 745 969;7;0;2;1;1;1
202400020342;155 745 966;33;0;2;7;17;1
202400020342;155 745 967;7;0;2;8;1;1
202400020343;155 745 964;15;4;0;1;1;1
202400020344;155 745 963;7;0;2;2;21;1
202400020344;155 745 965;7;8;0;6;1;1
202400020345;155 745 960;7;0;2;3;1;1
202400020345;155 745 962;10;0;2;3;13;1
202400020346;155 745 959;7;0;2;1;1;1
202400020346;155 745 961;7;0;2;7;1;1
202400020347;155 745 958;80;6;0;1;1;3
202400020348;155 745 956;37;0;2;2;1;1
202400020348;155 745 957;7;0;2;5;12;1
202400020349;155 745 954;1;0;5;1;1;5
202400020349;155 745 955;1;0;2;1;2;5
202400020350;155 745 952;7;0;2;1;13;1
202400020350;155 745 953;7;0;2;2;1;1
202400020351;155 745 950;1;0;0;4;9;5
202400020351;155 745 951;10;0;2;1;9;3
202400020352;155 745 948;7;0;2;2;1;1
202400020352;155 745 949;7;0;2;6;9;1
202400020353;155 745 944;7;0;2;3;13;1
202400020353;155 745 945;15;0;2;6;1;1
202400020353;155 745 947;7;0;2;8;1;1
202400020354;155 745 943;7;4;0;5;1;1
202400020354;155 745 946;10;0;2;2;2;1
202400020355;155 745 941;7;1;0;8;26;1
202400020355;155 745 942;1;0;2;1;1;5
202400020356;155 745 940;7;2;0;1;2;1
202400020357;155 745 939;7;0;1;2;1;1
202400020358;155 745 937;7;0;2;5;12;1
202400020358;155 745 938;33;0;2;1;2;1
202400020359;155 745 936;7;0;1;1;15;1
202400020360;155 745 935;7;0;1;1;1;1
202400020361;155 745 931;50;0;0;8;1;3
202400020362;155 745 932;33;0;2;1;1;1
202400020362;155 745 934;7;0;2;5;15;1
202400020363;155 745 929;7;0;2;1;2;1
202400020363;155 745 930;7;0;2;4;2;2
202400020363;155 745 933;7;0;2;4;2;2
202400020364;155 745 926;1;0;2;1;1;5
202400020364;155 745 927;7;0;2;1;17;1
202400020365;155 745 924;7;0;0;4;0;1
202400020365;155 745 928;37;0;2;1;1;1
202400020366;155 745 917;7;0;2;4;2;2
202400020366;155 745 920;7;0;2;1;2;2
202400020367;155 745 919;7;0;2;3;26;1
202400020367;155 745 922;50;0;2;1;26;3
202400020368;155 745 916;7;0;2;4;2;2
202400020368;155 745 918;10;0;2;4;2;1
202400020368;155 745 921;7;0;2;4;2;1
202400020368;155 745 923;7;0;2;4;2;1
202400020368;155 745 925;10;0;2;1;2;1
202400020369;155 745 914;34;0;2;1;2;3
202400020369;155 745 915;10;0;2;6;2;1
202400020370;155 745 912;2;0;2;7;1;1
202400020370;155 745 913;7;0;2;1;1;1
202400020371;155 745 909;10;0;2;1;17;1
202400020371;155 745 911;7;0;2;6;2;1
202400020372;155 745 908;33;0;2;1;3;1
202400020372;155 745 910;7;0;2;5;11;1
202400020373;155 745 905;7;0;2;3;1;1
202400020373;155 745 907;7;0;2;3;13;1
202400020374;155 745 904;2;0;2;1;1;
202400020374;155 745 906;10;0;2;1;11;0
202400020375;155 745 903;7;3;0;8;2;1
202400020376;155 745 902;50;0;1;1;1;3
202400020377;155 745 899;7;0;2;1;2;3
202400020377;155 745 901;50;0;2;7;5;3
202400020378;155 745 897;7;3;0;9;1;1
202400020379;155 745 893;7;0;0;0;0;1
202400020379;155 745 895;7;0;9;1;12;1
202400020379;155 745 896;34;0;2;8;0;1
202400020380;155 745 894;80;0;2;2;1;3
202400020380;155 745 898;37;0;2;5;17;2
202400020381;155 745 892;7;0;1;3;1;1
202400020382;155 745 889;7;0;1;3;1;1
202400020383;155 745 886;7;0;2;3;9;1
202400020383;155 745 888;30;0;2;2;0;1
202400020384;155 745 885;33;0;2;6;1;1
202400020384;155 745 887;7;0;2;2;12;1
202400020384;155 745 890;7;0;2;7;1;1
202400020384;155 745 891;7;0;2;2;1;1
202400020385;155 745 883;30;0;1;1;25;1
202400020386;155 745 881;10;0;9;0;0;0
202400020386;155 745 884;1;0;2;3;1;5
202400020387;155 745 879;7;3;2;6;1;1
202400020387;155 745 880;10;0;2;2;2;1
202400020387;155 745 882;10;3;2;5;1;1
202400020388;155 745 875;50;0;2;8;3;3
202400020388;155 745 877;7;4;2;8;22;1
202400020388;155 745 878;10;0;2;7;1;1
202400020389;155 745 873;7;0;0;0;5;1
202400020389;155 745 876;7;0;2;9;1;1
202400020390;155 745 872;32;0;2;8;3;1
202400020390;155 745 874;7;0;2;7;12;3
202400020391;155 745 870;7;0;2;2;16;3
202400020391;155 745 871;34;0;2;4;1;1
202400020392;155 745 866;10;0;2;1;2;1
202400020392;155 745 867;7;0;2;4;2;2
202400020392;155 745 869;7;0;2;4;2;2
202400020393;155 745 865;7;0;2;9;11;2
202400020393;155 745 868;7;0;2;2;1;1
202400020394;155 745 863;50;0;2;8;15;3
202400020394;155 745 864;33;9;2;1;1;0
202400020395;155 745 861;7;0;2;1;2;2
202400020395;155 745 862;7;0;2;4;2;1
202400020396;155 745 860;10;0;1;3;1;1
202400020397;155 745 858;7;0;2;1;12;1
202400020398;155 745 857;1;0;2;6;1;5
202400020398;155 745 859;7;0;2;3;1;1
202400020399;155 745 856;7;6;0;1;13;0
202400020400;155 745 855;13;0;0;0;1;1
202400020401;155 745 853;30;0;2;7;17;1
202400020401;155 745 854;7;0;2;3;15;1
202400020402;155 745 850;7;0;2;1;2;1
202400020402;155 745 851;7;0;2;4;2;1
202400020403;155 745 849;7;0;2;1;19;1
202400020403;155 745 852;7;0;2;1;0;2
202400020404;155 745 847;7;0;2;1;1;1
202400020404;155 745 848;7;0;2;4;1;3
202400020405;155 745 844;10;0;2;2;12;1
202400020405;155 745 846;33;0;2;8;1;1
202400020406;155 745 843;7;0;9;3;0;1
202400020406;155 745 845;1;0;2;0;0;5
202400020407;155 745 839;7;0;2;8;1;1
202400020407;155 745 842;32;0;2;2;1;1
202400020408;155 745 836;7;0;2;9;2;1
202400020408;155 745 838;10;0;2;4;2;1
202400020408;155 745 841;7;0;2;1;2;1
202400020409;155 745 837;7;0;2;0;17;1
202400020409;155 745 840;1;0;2;0;21;5
202400020410;155 745 834;43;0;0;7;1;1
202400020411;155 745 831;7;0;2;3;1;1
202400020411;155 745 833;0;0;2;5;12;0
202400020412;155 745 832;7;0;2;7;15;1
202400020412;155 745 835;7;0;2;1;1;1
202400020413;155 745 826;7;4;2;1;1;1
202400020413;155 745 828;7;0;2;4;1;1
202400020413;155 745 829;10;0;2;1;1;1
202400020413;155 745 830;7;0;2;3;1;1
202400020414;155 745 825;33;0;2;3;17;1
202400020414;155 745 827;7;0;2;8;15;1
202400020415;155 745 824;30;0;2;7;1;3
202400020416;155 745 823;33;0;0;9;1;1
202400020417;155 745 820;7;0;2;5;15;1
202400020417;155 745 822;2;0;2;1;1;1
202400020418;155 745 819;7;0;2;3;15;1
202400020418;155 745 821;33;0;2;1;1;1
202400020419;155 745 816;7;0;0;9;16;1
202400020420;155 745 817;7;0;2;1;13;1
202400020420;155 745 818;7;0;2;1;1;1
202400020421;155 745 812;7;0;2;1;1;1
202400020421;155 745 815;7;8;2;7;15;1
202400020422;155 745 811;7;0;2;1;1;1
202400020422;155 745 813;7;0;2;4;15;1
202400020423;155 745 810;7;0;2;3;2;1
202400020423;155 745 814;31;0;2;2;3;0
202400020424;155 745 807;34;0;2;1;1;1
202400020424;155 745 809;10;0;2;3;15;1
202400020425;155 745 806;34;0;2;8;10;1
202400020425;155 745 808;7;0;2;2;17;1
202400020426;155 745 804;50;1;0;1;14;3
202400020426;155 745 805;7;0;2;6;0;1
202400020427;155 745 802;1;0;2;1;2;5
202400020427;155 745 803;7;0;2;5;2;3
202400020428;155 745 799;7;0;2;4;16;1
202400020428;155 745 801;33;0;2;1;1;1
202400020429;155 745 798;7;0;2;2;10;1
202400020429;155 745 800;7;0;2;1;1;1
202400020430;155 745 797;2;0;1;1;5;1
202400020431;155 745 796;50;12;0;1;0;3
202400020432;155 745 793;7;1;0;1;2;0
202400020433;155 745 794;7;0;2;3;15;3
202400020433;155 745 795;32;0;2;1;1;1
202400020434;155 745 791;34;0;2;7;17;1
202400020434;155 745 792;13;0;2;3;15;1
202400020435;155 745 788;14;0;2;2;16;1
202400020435;155 745 790;7;0;2;3;16;1
202400020436;155 745 787;10;0;1;1;2;1
202400020437;155 745 786;7;0;2;1;13;1
202400020437;155 745 789;7;0;2;1;1;1
202400020438;155 745 783;40;0;2;3;1;3
202400020438;155 745 785;7;9;4;1;1;1
202400020439;155 745 781;10;0;2;3;1;0
202400020439;155 745 784;7;0;2;0;0;0
202400020440;155 745 779;50;12;0;1;1;3
202400020441;155 745 780;7;0;2;1;26;1
202400020441;155 745 782;32;0;2;4;2;1
202400020442;155 745 774;7;0;2;3;15;1
202400020442;155 745 777;50;0;2;1;1;3
202400020443;155 745 773;14;0;2;3;1;1
202400020443;155 745 776;7;0;2;1;1;2
202400020443;155 745 778;7;0;2;4;1;1
202400020444;155 745 772;33;0;;4;2;1
202400020445;155 745 769;7;8;2;8;16;1
202400020445;155 745 771;0;0;2;0;0;0
202400020446;155 745 768;7;0;2;0;16;1
202400020446;155 745 770;37;0;2;0;1;1
202400020447;155 745 766;33;0;2;1;13;1
202400020447;155 745 767;7;0;2;3;10;1
202400020448;155 745 763;10;0;2;2;0;1
202400020448;155 745 764;1;0;0;0;0;5
202400020449;155 745 761;50;0;2;7;9;3
202400020449;155 745 765;7;0;9;3;19;6
202400020450;155 745 760;7;0;2;3;2;0
202400020450;155 745 762;10;0;2;1;1;0
202400020451;155 745 757;33;0;2;1;1;1
202400020451;155 745 759;1;0;2;4;1;5
202400020452;155 745 756;33;0;0;0;17;1
202400020452;155 745 758;7;0;0;0;15;1
202400020453;155 745 754;10;0;1;1;16;1
202400020454;155 745 752;7;6;2;2;1;1
202400020454;155 745 755;7;1;2;1;1;1
202400020455;155 745 751;7;0;2;3;19;1
202400020455;155 745 753;50;0;2;1;1;3
202400020456;155 745 749;7;12;0;3;17;1
202400020457;155 745 750;7;0;1;3;13;3
202400020458;155 745 747;1;0;2;0;1;5
202400020458;155 745 748;1;0;2;1;1;5
202400020459;155 745 746;7;12;0;3;13;1
202400020460;155 745 744;10;0;2;2;1;3
202400020460;155 745 745;7;0;2;4;23;2
202400020461;155 745 743;7;0;1;4;4;0
202400020462;155 745 739;7;0;2;6;2;1
202400020462;155 745 741;33;0;2;1;2;1
202400020463;155 745 736;7;0;2;7;1;1
202400020463;155 745 738;7;0;2;1;1;1
202400020464;155 745 733;10;0;2;3;1;1
202400020464;155 745 735;7;0;2;2;15;1
202400020465;155 745 729;7;0;2;7;2;1
202400020465;155 745 732;7;0;2;2;2;1
202400020466;155 745 726;50;0;2;7;26;3
202400020466;155 745 728;7;0;9;0;17;0
202400020467;155 745 723;7;0;2;3;13;1
202400020467;155 745 725;17;0;2;1;1;1
202400020468;155 745 722;7;0;9;8;15;1
202400020468;155 745 724;50;0;2;1;2;3
202400020469;155 745 719;30;0;1;0;2;1
202400020470;155 745 718;7;0;2;9;1;3
202400020470;155 745 720;7;0;2;1;17;1
202400020470;155 745 721;10;0;2;8;1;1
202400020471;155 745 715;7;0;2;2;1;1
202400020471;155 745 717;50;0;2;3;15;3
202400020472;155 745 714;7;0;2;4;2;1
202400020472;155 745 716;7;0;2;1;2;1
202400020473;155 745 713;2;0;0;0;2;1
202400020474;155 745 711;7;0;2;1;15;1
202400020474;155 745 712;1;0;2;1;1;5
202400020475;155 745 709;32;0;2;1;21;1
202400020475;155 745 710;7;0;2;3;15;1
202400020476;155 745 708;33;12;0;1;1;1
202400020477;155 745 707;7;13;0;8;1;1
202400020478;155 745 706;7;0;2;1;16;1
202400020479;155 745 703;7;0;4;7;26;1
202400020479;155 745 705;40;0;2;1;1;3
202400020480;155 745 702;7;0;0;4;23;1
202400020480;155 745 704;7;0;2;2;2;1
202400020481;155 745 701;7;9;0;1;1;1
202400020482;155 745 700;7;0;0;9;9;1
202400020483;155 745 698;7;0;1;3;1;1
202400020484;155 745 697;33;0;2;1;1;1
202400020484;155 745 699;7;0;2;3;1;1
202400020485;155 745 694;0;0;2;6;20;0
202400020485;155 745 696;0;0;2;1;1;0
202400020486;155 745 693;33;0;0;0;0;1
202400020486;155 745 695;7;0;2;2;15;1
202400020487;155 745 691;7;0;2;8;24;2
202400020487;155 745 692;1;1;0;1;2;5
202400020488;155 745 690;7;0;1;1;2;1
202400020489;155 745 687;7;0;2;3;2;1
202400020489;155 745 688;14;0;2;3;2;1
202400020490;155 745 686;1;0;2;7;1;5
202400020490;155 745 689;7;0;2;1;19;2
202400020491;155 745 682;7;0;2;1;1;1
202400020491;155 745 684;7;1;2;1;15;1
202400020492;155 745 681;10;0;2;4;0;1
202400020492;155 745 683;10;0;2;1;21;1
202400020492;155 745 685;7;0;2;1;1;1
202400020493;155 745 678;50;0;2;1;19;3
202400020493;155 745 680;7;0;9;3;19;1
202400020494;155 745 674;7;0;2;1;2;1
202400020494;155 745 676;7;0;2;4;2;2
202400020494;155 745 677;7;0;2;4;2;2
202400020494;155 745 679;13;0;2;1;2;3
202400020495;155 745 673;30;0;2;1;1;1
202400020495;155 745 675;37;0;2;6;19;1
202400020496;155 745 672;14;0;1;4;26;1
202400020497;155 745 671;7;1;0;3;15;1
202400020498;155 745 670;3;12;0;1;21;1
202400020499;155 745 669;38;0;1;1;1;1
202400020500;155 745 668;7;0;1;8;15;1
202400020501;155 745 666;1;0;1;1;1;5
202400020502;155 745 665;7;0;2;1;1;1
202400020502;155 745 667;7;0;2;9;1;1
202400020503;155 745 663;7;0;2;3;23;2
202400020503;155 745 664;10;0;2;7;26;1
202400020504;155 745 661;10;0;1;1;1;1
202400020505;155 745 660;7;0;1;2;1;2
202400020506;155 745 662;7;0;1;1;19;1
202400020507;155 745 658;7;0;1;3;1;2
202400020508;155 745 657;1;0;2;7;1;5
202400020508;155 745 659;7;0;2;1;26;3
202400020509;155 745 655;10;0;1;2;26;1
202400020510;155 745 654;50;0;2;1;1;3
202400020510;155 745 656;7;0;2;2;16;2
202400020511;155 745 651;33;0;2;3;18;1
202400020511;155 745 653;7;0;2;3;1;3
202400020512;155 745 650;7;0;2;3;15;1
202400020512;155 745 652;50;0;2;8;1;3
202400020513;155 745 648;33;0;2;1;2;1
202400020513;155 745 649;1;0;2;4;2;5
202400020514;155 745 647;7;0;1;7;1;2
202400020515;155 745 645;7;0;1;7;14;2
202400020516;155 745 644;30;0;2;4;0;1
202400020516;155 745 646;0;0;2;1;0;0
202400020517;155 745 643;7;0;1;1;1;0
202400020518;155 745 640;7;0;2;1;1;1
202400020518;155 745 642;1;0;2;1;1;5
202400020519;155 745 639;7;0;2;2;15;1
202400020519;155 745 641;1;0;2;1;1;5
202400020520;155 745 638;7;0;1;1;1;1
202400020521;155 745 637;7;0;1;3;26;2
202400020522;155 745 635;7;0;9;3;1;1
202400020522;155 745 636;1;1;2;7;1;5
202400020523;155 745 633;7;0;1;1;15;1
202400020524;155 745 631;7;0;2;1;1;1
202400020524;155 745 632;7;0;2;3;1;1
202400020524;155 745 634;7;0;2;3;13;1
202400020525;155 745 630;37;0;1;2;16;1
202400020526;155 745 629;7;0;1;3;15;1
202400020527;155 745 628;33;0;0;8;15;1
202400020528;155 745 627;7;8;0;2;1;1
202400020529;155 745 626;7;0;1;1;1;2
202400020530;155 745 623;7;0;2;1;2;1
202400020530;155 745 625;7;0;2;4;1;1
202400020531;155 745 619;7;0;2;4;1;1
202400020531;155 745 621;7;12;2;3;2;1
202400020531;155 745 624;7;0;2;6;2;1
202400020532;155 745 618;7;0;2;1;1;2
202400020532;155 745 620;7;0;2;4;1;1
202400020532;155 745 622;10;0;2;3;1;1
202400020533;155 745 614;30;0;2;5;1;3
202400020533;155 745 617;7;0;2;1;1;2
202400020534;155 745 615;7;0;2;1;1;1
202400020534;155 745 616;7;0;2;4;1;2
202400020535;155 745 613;1;9;0;7;15;5
202400020536;155 745 612;7;0;1;3;1;1
202400020537;155 745 609;33;0;2;1;1;1
202400020537;155 745 610;7;0;2;2;16;1
202400020538;155 745 606;50;0;0;0;1;3
202400020539;155 745 604;7;0;0;5;15;1
202400020539;155 745 605;33;0;2;1;1;1
202400020540;155 745 601;7;0;2;5;16;1
202400020540;155 745 603;2;0;2;1;16;1
202400020541;155 745 600;7;0;2;3;13;1
202400020541;155 745 602;7;0;2;3;1;1
202400020542;155 745 598;7;1;0;1;0;1
202400020543;155 745 597;33;0;2;1;19;1
202400020543;155 745 599;10;0;2;2;1;1
202400020544;155 745 595;7;2;0;1;11;1