Num_Acc;id_vehicule;categorie_vehicule;obstacle_fixe;obstacle_mobile;point_choc_initial;manoeuvre_principale;motorisation
202400020545;155 745 594;7;0;2;3;9;1
202400020545;155 745 596;80;0;2;1;19;3
202400020546;155 745 590;14;0;2;1;1;1
202400020546;155 745 592;7;0;2;8;1;1
202400020547;155 745 591;7;0;2;1;5;1
202400020547;155 745 593;7;0;2;1;26;1
202400020548;155 745 589;7;2;0;1;13;1
202400020549;155 745 588;32;3;0;2;0;1
202400020550;155 745 587;7;11;0;3;1;1
202400020551;155 745 586;30;0;0;0;0;1
202400020552;155 745 582;34;0;0;1;17;1
202400020552;155 745 583;7;0;0;8;10;1
202400020553;155 745 580;33;0;0;0;1;1
202400020554;155 745 579;7;0;2;1;15;1
202400020554;155 745 581;2;0;2;8;1;1
202400020555;155 745 576;7;0;0;8;24;1
202400020555;155 745 577;1;1;0;1;1;5
202400020556;155 745 575;10;0;2;3;1;1
202400020556;155 745 578;2;0;2;1;1;1
202400020557;155 745 572;7;0;2;2;0;0
202400020557;155 745 574;7;0;2;8;1;1
202400020558;155 745 571;7;0;2;2;19;1
202400020558;155 745 573;33;0;2;3;1;1
202400020559;155 745 569;10;0;2;1;15;1
202400020559;155 745 570;33;0;2;3;21;1
202400020560;155 745 567;7;0;2;2;1;1
202400020560;155 745 568;7;0;2;3;19;1
202400020561;155 745 565;10;1;0;2;1;1
202400020561;155 745 566;7;1;0;0;0;1
202400020562;155 745 564;7;16;0;1;1;1
202400020563;155 745 562;7;0;2;1;2;1
202400020563;155 745 563;7;0;2;4;2;1
202400020564;155 745 561;2;0;0;0;1;1
202400020565;155 745 559;7;0;2;1;1;1
202400020565;155 745 560;2;0;2;7;1;1
202400020566;155 745 555;7;0;2;1;13;1
202400020566;155 745 557;7;0;2;8;21;1
202400020566;155 745 558;7;0;2;1;1;1
202400020567;155 745 553;33;0;2;7;17;1
202400020567;155 745 554;7;0;2;8;1;1
202400020567;155 745 556;7;0;2;6;2;2
202400020568;155 745 552;33;0;0;9;0;0
202400020569;155 745 551;7;0;1;3;15;1
202400020570;155 745 550;7;13;0;1;14;1
202400020571;155 745 549;7;0;1;2;2;1
202400020572;155 745 546;7;0;2;6;9;1
202400020572;155 745 548;33;0;2;1;1;1
202400020573;155 745 542;2;0;2;7;26;1
202400020573;155 745 544;10;0;2;1;26;1
202400020574;155 745 541;2;0;2;1;1;1
202400020574;155 745 543;7;0;2;3;1;3
202400020575;155 745 539;7;2;0;3;14;1
202400020576;155 745 538;7;0;2;3;1;1
202400020576;155 745 540;7;0;2;3;13;1
202400020577;155 745 537;7;0;1;3;1;1
202400020578;155 745 534;7;0;2;1;16;1
202400020578;155 745 536;7;0;2;1;1;1
202400020579;155 745 533;2;0;2;1;13;1
202400020579;155 745 535;7;0;2;1;1;1
202400020580;155 745 528;7;0;2;6;11;2
202400020580;155 745 530;7;0;2;9;1;1
202400020580;155 745 532;10;0;2;1;1;1
202400020581;155 745 529;7;0;2;1;1;1
202400020581;155 745 531;7;0;2;2;15;2
202400020582;155 745 526;7;0;0;1;13;1
202400020583;155 745 521;10;0;2;1;1;1
202400020583;155 745 522;7;0;2;9;1;1
202400020583;155 745 524;10;0;2;9;1;1
202400020583;155 745 525;7;0;2;9;1;2
202400020583;155 745 527;7;0;2;4;1;1
202400020584;155 745 520;2;0;2;1;1;1
202400020584;155 745 523;10;0;2;7;19;1
202400020585;155 745 517;10;0;2;4;2;1
202400020585;155 745 519;31;0;2;1;2;1
202400020586;155 745 516;31;0;2;3;11;1
202400020586;155 745 518;7;0;2;3;1;1
202400020587;155 745 513;33;0;2;1;1;1
202400020587;155 745 515;10;0;2;7;1;1
202400020588;155 745 512;7;0;2;3;1;1
202400020588;155 745 514;7;0;2;3;1;2
202400020589;155 745 511;7;2;0;1;2;1
202400020590;155 745 510;33;2;0;2;0;1
202400020591;155 745 507;7;2;0;1;1;1
202400020592;155 745 506;2;0;0;0;16;1
202400020593;155 745 504;2;0;2;1;13;1
202400020593;155 745 505;7;0;0;3;15;1
202400020594;155 745 502;2;0;2;1;17;1
202400020594;155 745 503;7;0;0;3;10;2
202400020595;155 745 500;1;0;2;1;1;5
202400020595;155 745 501;10;0;2;1;15;1
202400020596;155 745 498;7;0;2;3;1;1
202400020596;155 745 499;7;0;2;3;13;1
202400020597;155 745 496;7;0;2;2;0;1
202400020597;155 745 497;15;0;0;4;0;1
202400020598;155 745 494;7;0;2;1;1;1
202400020598;155 745 495;99;0;2;2;1;1
202400020599;155 745 492;1;0;2;3;13;5
202400020599;155 745 493;7;0;9;2;17;1
202400020600;155 745 491;2;13;0;1;1;1
202400020601;155 745 489;7;13;2;3;13;1
202400020601;155 745 490;7;12;2;3;1;1
202400020602;155 745 486;15;0;2;7;1;1
202400020602;155 745 487;7;0;2;4;9;1
202400020602;155 745 488;15;0;2;1;1;1
202400020603;155 745 484;7;0;2;3;9;1
202400020603;155 745 485;33;0;2;1;1;1
202400020604;155 745 482;31;0;2;1;1;1
202400020604;155 745 483;7;0;2;2;15;1
202400020605;155 745 481;7;0;0;9;1;1
202400020606;155 745 480;33;1;0;1;1;1
202400020607;155 745 478;7;3;2;3;1;1
202400020607;155 745 479;7;3;2;1;13;1
202400020608;155 745 477;33;8;0;1;1;1
202400020609;155 745 474;33;0;2;1;1;1
202400020609;155 745 475;7;0;2;6;9;1
202400020610;155 745 473;15;0;1;2;1;1
202400020611;155 745 472;7;1;1;1;20;1
202400020612;155 745 471;7;15;9;9;1;1
202400020613;155 745 469;7;0;2;3;10;1
202400020613;155 745 470;7;0;2;2;1;1
202400020614;155 745 468;7;0;0;1;1;1
202400020615;155 745 467;7;0;1;1;1;1
202400020616;155 745 465;7;0;2;6;1;1
202400020616;155 745 466;7;0;2;2;3;1
202400020617;155 745 463;7;0;2;1;1;1
202400020617;155 745 464;7;0;0;1;1;1
202400020618;155 745 461;7;0;2;6;1;1
202400020618;155 745 462;34;0;2;1;1;1
202400020619;155 745 460;33;0;0;8;1;1
202400020620;155 745 458;34;3;2;8;3;1
202400020620;155 745 459;10;0;2;5;12;1
202400020621;155 745 456;10;0;2;1;26;1
202400020621;155 745 457;7;0;2;4;2;1
202400020622;155 745 454;7;0;2;4;1;2
202400020622;155 745 455;7;0;2;1;1;1
202400020623;155 745 453;32;4;0;1;0;1
202400020624;155 745 451;7;4;2;8;13;1
202400020624;155 745 452;7;1;0;3;2;1
202400020625;155 745 449;33;0;2;1;2;1
202400020625;155 745 450;7;0;0;4;1;1
202400020626;155 745 447;33;0;2;1;2;1
202400020626;155 745 448;7;0;2;4;1;1
202400020627;155 745 445;7;9;2;1;0;1
202400020627;155 745 446;7;0;2;1;1;1
202400020628;155 745 442;7;4;2;1;1;1
202400020628;155 745 443;7;4;2;4;2;1
202400020628;155 745 444;7;4;2;4;2;1
202400020629;155 745 440;7;0;2;6;11;1
202400020629;155 745 441;33;0;2;1;3;1
202400020630;155 745 432;7;0;2;2;16;1
202400020630;155 745 435;7;0;2;2;12;1
202400020631;155 745 427;15;0;2;1;2;1
202400020631;155 745 428;7;0;2;4;1;1
202400020631;155 745 429;7;0;2;4;1;2
202400020631;155 745 430;7;0;2;4;1;1
202400020631;155 745 431;7;0;2;4;1;1
202400020631;155 745 433;7;0;2;4;1;1
202400020631;155 745 434;7;0;2;4;1;2
202400020631;155 745 436;10;0;2;4;1;1
202400020631;155 745 437;10;0;2;4;1;1
202400020631;155 745 438;7;0;2;4;1;3
202400020631;155 745 439;7;0;2;7;1;1
202400020632;155 745 421;7;0;2;1;13;1
202400020632;155 745 422;7;0;2;1;1;1
202400020633;155 745 423;7;0;2;4;23;1
202400020633;155 745 425;7;0;2;4;23;1
202400020633;155 745 426;10;0;2;1;2;1
202400020634;155 745 420;30;0;1;1;21;1
202400020635;155 745 418;2;0;0;7;1;1
202400020636;155 745 416;10;0;9;2;2;1
202400020636;155 745 417;1;0;0;4;2;5
202400020637;155 745 415;33;0;2;1;1;1
202400020637;155 745 419;7;0;2;7;15;1
202400020638;155 745 413;7;0;2;2;15;2
202400020638;155 745 414;37;0;2;1;1;1
202400020639;155 745 410;7;0;2;2;15;1
202400020639;155 745 411;7;0;2;2;1;1
202400020640;155 745 407;33;0;2;0;3;1
202400020640;155 745 409;7;0;0;0;2;1
202400020641;155 745 408;7;0;2;3;9;1
202400020641;155 745 412;33;0;2;7;1;1
202400020642;155 745 405;2;0;2;1;1;1
202400020642;155 745 406;7;0;2;6;1;1
202400020643;155 745 401;50;0;0;0;0;3
202400020643;155 745 402;7;0;2;0;0;0
202400020644;155 745 403;50;0;2;1;14;3
202400020644;155 745 404;7;0;2;1;1;2
202400020645;155 745 400;34;0;1;0;26;1
202400020646;155 745 397;7;0;2;2;15;1
202400020646;155 745 398;34;0;2;3;1;1
202400020647;155 745 396;7;0;9;3;9;1
202400020647;155 745 399;50;0;2;1;1;3
202400020648;155 745 394;7;0;2;1;13;1
202400020648;155 745 395;7;0;2;1;1;1
202400020649;155 745 391;7;0;2;1;15;1
202400020649;155 745 393;34;0;2;1;1;1
202400020650;155 745 392;7;0;1;1;25;1
202400020651;155 745 389;7;0;1;0;15;1
202400020652;155 745 388;7;0;2;3;16;1
202400020652;155 745 390;33;0;2;2;15;1
202400020653;155 745 385;7;0;2;1;10;1
202400020653;155 745 387;2;0;2;1;26;1
202400020654;155 745 384;7;1;0;2;1;1
202400020654;155 745 386;7;0;2;7;23;2
202400020655;155 745 382;7;0;1;1;1;1
202400020656;155 745 381;30;0;2;3;13;1
202400020656;155 745 383;30;0;2;2;2;1
202400020657;155 745 379;10;0;1;1;16;1
202400020658;155 745 380;10;1;0;2;14;1
202400020659;155 745 377;7;0;2;1;1;1
202400020659;155 745 378;31;0;2;8;1;1
202400020660;155 745 375;7;6;0;1;21;1
202400020661;155 745 374;7;0;2;3;15;1
202400020661;155 745 376;33;0;2;3;17;1
202400020662;155 745 373;33;13;0;3;26;1
202400020663;155 745 372;7;0;1;2;26;1
202400020664;155 745 369;7;0;2;2;19;0
202400020664;155 745 371;7;0;2;1;19;1
202400020665;155 745 370;7;0;1;1;1;0
202400020666;155 745 368;30;0;0;0;20;1
202400020667;155 745 367;7;0;1;3;15;1
202400020668;155 745 364;32;0;9;1;17;1
202400020668;155 745 366;1;0;2;1;26;5
202400020669;155 745 365;30;0;0;0;21;1
202400020670;155 745 363;7;8;0;1;0;1
202400020671;155 745 361;30;0;1;1;1;1
202400020672;155 745 360;7;0;2;1;1;2
202400020672;155 745 362;7;0;2;1;21;1
202400020673;155 745 358;7;0;1;1;1;1
202400020674;155 745 357;7;0;2;8;19;1
202400020674;155 745 359;33;0;2;1;1;1
202400020675;155 745 354;7;0;2;5;15;1
202400020675;155 745 355;30;0;2;1;1;1
202400020676;155 745 353;7;0;2;2;9;1
202400020676;155 745 356;1;0;2;4;1;5
202400020677;155 745 351;7;0;9;4;9;1
202400020677;155 745 352;1;0;2;4;2;5
202400020678;155 745 349;7;15;0;1;15;1
202400020679;155 745 348;7;14;0;3;1;1
202400020679;155 745 350;7;8;0;1;9;1
202400020680;155 745 347;7;0;1;2;2;3
202400020681;155 745 346;7;0;1;1;1;1
202400020682;155 745 344;7;0;2;3;9;1
202400020682;155 745 345;50;0;2;1;1;3
202400020683;155 745 340;7;0;2;3;15;1
202400020683;155 745 342;31;0;2;1;17;1
202400020684;155 745 341;7;0;2;1;1;1
202400020684;155 745 343;7;0;2;4;2;1
202400020685;155 745 337;7;0;2;1;26;1
202400020685;155 745 339;7;0;2;7;1;1
202400020686;155 745 336;7;0;2;3;19;1
202400020686;155 745 338;7;0;2;1;1;1
202400020687;155 745 335;7;0;0;1;14;1
202400020688;155 745 333;7;3;0;1;2;1
202400020689;155 745 330;33;0;2;1;1;1
202400020689;155 745 332;7;0;2;7;0;2
202400020690;155 745 331;2;0;2;1;1;1
202400020690;155 745 334;10;0;2;3;9;1
202400020691;155 745 327;7;0;2;3;9;1
202400020691;155 745 329;7;0;2;2;1;1
202400020692;155 745 325;33;0;0;0;17;1
202400020693;155 745 326;10;0;2;1;2;1
202400020693;155 745 328;7;0;2;4;2;1
202400020694;155 745 322;7;0;9;1;24;1
202400020694;155 745 324;7;1;1;1;1;2
202400020695;155 745 321;80;0;2;1;0;3
202400020695;155 745 323;7;0;2;1;1;1
202400020696;155 745 319;7;0;2;7;15;1
202400020696;155 745 320;1;0;2;1;1;5
202400020697;155 745 318;7;0;1;1;1;2
202400020698;155 745 316;7;6;2;4;1;1
202400020698;155 745 317;7;0;2;1;1;0
202400020699;155 745 314;0;0;2;2;17;1
202400020699;155 745 315;50;0;2;6;1;3
202400020700;155 745 311;13;0;2;5;23;1
202400020700;155 745 313;30;0;2;1;2;3
202400020701;155 745 310;7;0;2;1;1;1
202400020701;155 745 312;7;0;2;6;1;2
202400020702;155 745 308;31;0;2;1;13;1
202400020702;155 745 309;10;0;2;3;1;1
202400020703;155 745 305;7;0;2;2;14;3
202400020703;155 745 307;1;0;2;3;1;5
202400020704;155 745 304;30;0;2;1;1;1
202400020704;155 745 306;3;0;2;3;5;1
202400020705;155 745 302;7;0;2;8;15;1
202400020705;155 745 303;2;0;2;1;1;3
202400020706;155 745 300;7;0;2;1;5;1
202400020706;155 745 301;30;0;0;0;0;0
202400020707;155 745 298;7;0;2;1;13;0
202400020707;155 745 299;7;0;2;1;1;0
202400020708;155 745 295;7;0;2;3;12;1
202400020708;155 745 296;7;0;2;3;1;2
202400020709;155 745 294;1;0;0;0;0;5
202400020709;155 745 297;7;0;2;1;0;1
202400020710;155 745 292;7;0;2;1;23;1
202400020710;155 745 293;7;0;2;1;1;1
202400020711;155 745 288;17;0;2;1;2;1
202400020711;155 745 290;7;0;9;4;1;2
202400020711;155 745 291;7;0;2;1;2;2
202400020712;155 745 287;7;0;2;1;9;2
202400020712;155 745 289;7;0;2;2;2;1
202400020713;155 745 286;7;1;0;1;19;1
202400020714;155 745 285;7;0;1;1;1;1
202400020715;155 745 284;7;0;1;1;2;0
202400020716;155 745 283;2;0;0;0;1;1
202400020717;155 745 282;7;3;0;0;26;1
202400020718;155 745 278;7;0;2;1;1;1
202400020718;155 745 280;7;6;2;1;13;1
202400020719;155 745 276;7;0;2;0;15;1
202400020719;155 745 277;1;0;2;1;0;5
202400020720;155 745 273;7;0;2;3;1;1
202400020720;155 745 275;7;0;2;2;0;1
202400020721;155 745 272;2;0;2;1;1;1
202400020721;155 745 274;7;0;2;5;23;1
202400020722;155 745 270;1;0;2;7;19;5
202400020722;155 745 271;7;0;0;0;0;1
202400020723;155 745 268;7;0;2;1;2;0
202400020723;155 745 269;2;0;2;4;23;1
202400020724;155 745 266;33;0;2;1;2;1
202400020724;155 745 267;7;0;2;5;1;1
202400020725;155 745 263;7;0;2;3;15;1
202400020725;155 745 265;30;0;2;1;1;1
202400020726;155 745 262;31;0;2;1;2;3
202400020726;155 745 264;10;0;2;4;2;1
202400020727;155 745 261;33;0;1;0;7;1
202400020728;155 745 259;31;0;2;2;1;1
202400020728;155 745 260;7;0;2;8;1;1
202400020729;155 745 257;10;0;2;0;1;1
202400020729;155 745 258;32;0;2;0;10;1
202400020730;155 745 255;10;0;2;0;2;1
202400020730;155 745 256;10;0;2;1;9;1
202400020731;155 745 254;7;6;0;2;1;1
202400020732;155 745 253;43;12;0;7;26;1
202400020733;155 745 252;7;0;1;2;16;1
202400020734;155 745 251;7;0;1;3;15;1
202400020735;155 745 249;30;0;2;1;1;1
202400020735;155 745 250;7;0;2;3;1;1
202400020736;155 745 245;2;0;2;2;1;1
202400020736;155 745 246;7;0;2;3;13;1
202400020737;155 745 244;7;0;1;2;1;1
202400020738;155 745 242;7;0;2;2;15;1
202400020738;155 745 243;50;0;2;1;21;3
202400020739;155 745 238;50;0;2;3;11;3
202400020739;155 745 239;7;0;9;7;2;1
202400020740;155 745 237;7;4;0;2;1;1
202400020741;155 745 235;33;0;2;8;1;1
202400020741;155 745 236;7;0;2;3;15;1
202400020742;155 745 234;7;1;0;1;0;1
202400020743;155 745 232;34;0;2;8;1;1
202400020743;155 745 233;7;0;2;0;0;0
202400020744;155 745 230;7;0;2;2;1;1
202400020744;155 745 231;33;0;2;4;23;1
202400020745;155 745 228;30;0;2;1;21;1
202400020745;155 745 229;7;0;2;7;15;1
202400020746;155 745 227;7;15;0;1;1;1
202400020747;155 745 226;30;9;0;1;26;1
202400020748;155 745 225;7;0;1;2;1;1
202400020749;155 745 223;37;0;2;7;1;1
202400020749;155 745 224;7;0;0;8;13;1
202400020750;155 745 221;7;0;2;3;1;1
202400020750;155 745 222;1;0;2;1;1;5
202400020751;155 745 220;7;0;1;4;20;2
202400020752;155 745 219;7;0;1;2;1;2
202400020753;155 745 217;32;0;2;1;1;1
202400020753;155 745 218;1;0;2;2;1;5
202400020754;155 745 216;1;12;0;7;1;5
202400020755;155 745 215;80;12;0;1;25;3
202400020756;155 745 212;7;0;2;1;1;2
202400020756;155 745 213;7;1;0;4;24;2
202400020756;155 745 214;7;1;0;6;24;1
202400020757;155 745 211;7;0;1;3;15;3
202400020758;155 745 210;33;12;0;1;14;1
202400020759;155 745 208;33;0;2;2;0;0
202400020759;155 745 209;1;0;2;8;17;5
202400020760;155 745 206;1;0;2;1;19;5
202400020760;155 745 207;32;0;2;1;1;3
202400020761;155 745 205;7;0;1;2;19;2
202400020762;155 745 203;30;0;2;2;1;1
202400020762;155 745 204;7;0;2;3;20;2
202400020763;155 745 201;33;0;2;2;1;1
202400020763;155 745 202;7;0;2;2;12;1
202400020764;155 745 200;7;1;1;1;2;1
202400020765;155 745 198;13;0;2;0;0;0
202400020765;155 745 199;10;0;2;4;26;0
202400020766;155 745 196;2;0;2;1;1;1
202400020766;155 745 197;7;0;2;2;15;1
202400020767;155 745 195;7;0;1;3;26;2
202400020768;155 745 194;7;0;1;1;1;3
202400020769;155 745 193;7;0;1;3;1;1
202400020770;155 745 191;34;0;2;1;1;3
202400020770;155 745 192;7;0;2;3;19;1
202400020771;155 745 190;1;0;1;8;1;5
202400020772;155 745 188;7;0;2;2;1;1
202400020772;155 745 189;7;0;2;6;20;1
202400020773;155 745 186;30;0;2;1;2;1
202400020773;155 745 187;7;0;2;4;16;1
202400020774;155 745 184;7;0;2;1;1;3
202400020774;155 745 185;10;0;2;3;1;1
202400020775;155 745 182;50;0;0;0;0;3
202400020775;155 745 183;50;0;0;0;0;3
202400020776;155 745 180;32;0;2;1;1;1
202400020776;155 745 181;7;0;2;1;15;1
202400020777;155 745 178;7;0;2;4;1;1
202400020777;155 745 179;32;0;2;1;1;1
202400020778;155 745 177;7;1;0;1;1;1
202400020779;155 745 175;33;0;2;1;3;0
202400020779;155 745 176;10;0;2;6;10;1
202400020780;155 745 174;10;1;0;2;11;1
202400020781;155 745 173;7;0;1;2;1;1
202400020782;155 745 171;10;7;2;2;9;1
202400020782;155 745 172;7;0;2;1;1;1
202400020783;155 745 169;7;0;2;6;19;1
202400020783;155 745 170;10;0;2;1;1;1
202400020784;155 745 167;7;0;0;4;16;1
202400020784;155 745 168;7;0;2;1;1;1
202400020785;155 745 165;36;0;2;1;17;1
202400020785;155 745 166;7;0;2;3;1;1
202400020786;155 745 164;33;0;0;8;15;1
202400020787;155 745 161;7;5;0;3;13;1
202400020788;155 745 158;7;2;0;1;1;1
202400020789;155 745 155;33;0;2;9;3;1
202400020789;155 745 156;7;0;0;8;1;1
202400020789;155 745 157;7;0;9;3;1;1
202400020790;155 745 154;31;5;0;1;15;1
202400020791;155 745 152;7;2;0;4;2;1
202400020791;155 745 153;38;0;2;2;2;1
202400020792;155 745 150;7;0;2;2;15;1
202400020792;155 745 151;33;0;2;8;1;1
202400020793;155 745 148;3;0;2;1;13;1
202400020793;155 745 149;7;0;2;1;0;1
202400020794;155 745 147;7;17;0;2;1;1
202400020795;155 745 145;10;0;2;1;1;1
202400020795;155 745 146;33;0;2;1;15;1
202400020796;155 745 143;7;0;2;1;5;0
202400020796;155 745 144;7;0;2;1;26;0
202400020797;155 745 141;7;0;2;3;19;1
202400020797;155 745 142;7;0;2;1;1;1
202400020798;155 745 138;7;0;2;3;1;1
202400020798;155 745 139;7;0;2;2;1;1
202400020798;155 745 140;10;13;2;3;1;1
202400020799;155 745 136;7;0;2;1;9;1
202400020799;155 745 137;1;0;2;7;1;5
202400020800;155 745 135;33;4;0;3;13;1
202400020801;155 745 133;2;0;2;8;15;1
202400020801;155 745 134;7;0;2;3;1;1
202400020802;155 745 132;7;0;0;2;1;2
202400020803;155 745 130;17;0;2;3;1;1
202400020803;155 745 131;7;0;2;8;10;1
202400020804;155 745 129;7;0;1;4;4;1
202400020805;155 745 128;7;15;0;1;1;1
202400020806;155 745 127;7;8;0;1;1;1
202400020807;155 745 125;7;0;2;1;1;1
202400020807;155 745 126;10;0;2;3;19;1
202400020808;155 745 124;31;0;0;3;2;1
202400020809;155 745 123;7;0;1;0;2;1
202400020810;155 745 122;7;8;0;9;1;1
202400020811;155 745 120;7;0;2;6;26;1
202400020811;155 745 121;33;1;2;1;6;1
202400020812;155 745 118;7;0;2;5;16;1
202400020812;155 745 119;80;0;2;0;1;3
202400020813;155 745 116;50;0;2;1;21;3
202400020813;155 745 117;7;0;2;8;1;1
202400020814;155 745 113;7;0;2;1;26;1
202400020814;155 745 114;7;0;2;4;1;1
202400020814;155 745 115;15;0;0;0;1;1
202400020815;155 745 111;33;0;2;1;13;1
202400020815;155 745 112;7;0;2;3;1;2
202400020816;155 745 109;33;0;2;1;1;1
202400020816;155 745 110;7;0;2;4;23;1
202400020817;155 745 107;31;0;2;8;1;1
202400020817;155 745 108;7;0;2;0;17;1
202400020818;155 745 105;7;0;0;6;1;1
202400020818;155 745 106;30;0;2;1;2;1
202400020819;155 745 104;7;16;0;9;1;1
202400020820;155 745 103;10;2;0;1;1;1
202400020821;155 745 101;10;0;2;3;26;1
202400020821;155 745 102;7;0;2;8;1;1
202400020822;155 745 099;2;0;2;2;1;1
202400020822;155 745 100;7;0;2;3;15;2
202400020823;155 745 097;1;0;0;4;2;5
202400020823;155 745 098;7;0;9;1;1;1
202400020824;155 745 096;7;8;0;3;13;2
202400020825;155 745 095;2;0;0;7;1;1
202400020826;155 745 094;7;0;1;3;1;2
202400020827;155 745 092;7;2;0;2;1;1
202400020828;155 745 091;2;13;0;0;1;1
202400020829;155 745 090;7;0;1;1;1;1
202400020830;155 745 089;2;12;0;1;1;1
202400020831;155 745 086;7;0;2;4;2;1
202400020831;155 745 087;7;0;2;1;1;1
202400020831;155 745 088;7;0;2;1;2;1
202400020832;155 745 083;7;0;2;1;2;1
202400020832;155 745 084;7;0;2;4;2;1
202400020832;155 745 085;10;1;2;4;0;1
202400020833;155 745 081;14;0;2;1;1;1
202400020833;155 745 082;7;0;2;4;1;1
202400020834;155 745 079;7;0;2;1;14;1
202400020834;155 745 080;7;0;2;6;1;1
202400020835;155 745 078;7;4;0;4;21;1
202400020836;155 745 076;33;0;2;3;3;1
202400020836;155 745 077;7;0;2;5;1;1
202400020837;155 745 073;7;0;2;2;12;1
202400020837;155 745 074;33;0;2;8;3;1
202400020837;155 745 075;7;0;2;6;1;1
202400020838;155 745 071;7;0;2;4;2;1
202400020838;155 745 072;10;0;2;1;2;1
202400020839;155 745 070;7;4;0;1;2;1
202400020840;155 745 069;34;0;0;0;21;1
202400020841;155 745 067;7;0;2;4;2;1
202400020841;155 745 068;7;0;2;1;2;1
202400020842;155 745 065;7;0;2;6;11;1
202400020842;155 745 066;33;0;2;2;3;1
202400020843;155 745 062;43;0;2;8;3;1
202400020843;155 745 063;7;0;2;5;12;1
202400020843;155 745 064;7;0;2;3;1;1
202400020844;155 745 060;7;0;2;4;2;3
202400020844;155 745 061;32;0;2;1;2;1
202400020845;155 745 058;7;0;2;1;1;1
202400020845;155 745 059;7;0;2;4;1;1
202400020846;155 745 056;37;0;2;2;21;1
202400020846;155 745 057;17;0;2;6;1;1
202400020847;155 745 054;10;3;2;2;11;1
202400020847;155 745 055;7;3;2;6;1;1
202400020848;155 745 053;7;4;0;1;1;1
202400020849;155 745 052;7;4;2;9;1;1
202400020850;155 745 049;7;4;2;4;26;1
202400020850;155 745 050;7;0;2;1;0;1
202400020850;155 745 051;7;0;2;0;0;1
202400020851;155 745 048;37;0;1;7;7;1
202400020852;155 745 046;1;0;2;0;0;5
202400020852;155 745 047;7;0;0;0;0;0
202400020853;155 745 045;40;0;1;2;1;3
202400020854;155 745 043;50;0;2;2;15;3
202400020854;155 745 044;7;0;2;3;1;1
202400020855;155 745 041;50;0;2;1;16;3
202400020855;155 745 042;7;0;2;3;0;1
202400020856;155 745 039;7;0;2;3;13;3
202400020856;155 745 040;33;0;2;1;7;1
202400020857;155 745 037;50;0;2;1;11;3
202400020857;155 745 038;33;0;2;1;1;1
202400020858;155 745 035;7;0;0;5;10;1
202400020858;155 745 036;33;0;2;1;1;1
202400020859;155 745 033;7;0;9;1;15;1
202400020859;155 745 034;1;0;2;8;15;5
202400020860;155 745 031;50;0;2;1;0;3
202400020860;155 745 032;7;0;2;1;0;1
202400020861;155 745 028;10;0;0;4;0;1
202400020861;155 745 029;7;0;2;1;0;1
202400020861;155 745 030;7;0;0;0;0;1
202400020862;155 745 026;7;0;2;1;2;3
202400020862;155 745 027;14;0;2;4;1;1
202400020863;155 745 024;3;0;2;1;13;1
202400020863;155 745 025;7;0;2;3;1;1
202400020864;155 745 022;33;0;2;3;17;1
202400020864;155 745 023;7;0;2;3;15;1
202400020865;155 745 020;1;0;2;8;1;5
202400020865;155 745 021;7;0;2;1;1;1
202400020866;155 745 019;7;0;1;2;1;1
202400020867;155 745 017;2;0;2;1;1;1
202400020867;155 745 018;7;0;2;3;15;1
202400020868;155 745 014;31;0;2;7;1;1
202400020868;155 745 015;7;0;2;3;19;1
202400020869;155 745 008;7;0;2;1;1;0
202400020869;155 745 009;7;0;2;1;1;0
202400020869;155 745 010;7;0;2;1;13;0
202400020870;155 745 002;7;0;2;8;1;1
202400020870;155 745 003;50;0;2;1;5;3
202400020871;155 745 000;2;0;2;2;1;1
202400020871;155 745 001;7;0;2;3;11;1
202400020872;155 744 999;7;0;1;1;16;2
202400020873;155 744 997;7;0;2;2;1;1
202400020873;155 744 998;7;0;2;3;0;1
202400020874;155 744 996;7;1;0;1;1;0
202400020875;155 744 994;7;0;2;3;1;1
202400020875;155 744 995;7;0;2;3;13;1
202400020876;155 744 992;10;0;2;7;14;0
202400020876;155 744 993;7;0;2;3;12;2
202400020877;155 744 990;1;0;4;3;9;5
202400020877;155 744 991;40;0;2;2;0;3
202400020878;155 744 988;33;0;2;1;1;1
202400020878;155 744 989;7;0;2;8;11;1
202400020879;155 744 986;30;0;2;1;9;1
202400020879;155 744 987;7;0;2;7;1;1
202400020880;155 744 985;7;0;1;8;1;6
202400020881;155 744 983;33;0;2;1;0;1
202400020881;155 744 984;7;0;2;6;1;1
202400020882;155 744 978;10;0;2;1;26;1
202400020882;155 744 979;7;0;2;8;1;1
202400020882;155 744 980;7;0;2;4;1;1
202400020882;155 744 981;7;0;2;6;1;1
202400020882;155 744 982;7;0;2;6;1;1
202400020883;155 744 976;43;0;2;1;0;1
202400020883;155 744 977;7;0;2;4;1;1
202400020884;155 744 973;7;0;2;4;2;1
202400020884;155 744 974;7;0;2;4;2;1
202400020884;155 744 975;7;0;2;1;2;2
202400020885;155 744 972;7;14;1;2;17;1
202400020886;155 744 971;50;14;0;7;1;3
202400020887;155 744 969;2;0;2;1;1;0
202400020887;155 744 970;7;0;2;5;16;1
202400020888;155 744 967;7;0;2;2;17;1