Num_Acc;id_vehicule;categorie_vehicule;obstacle_fixe;obstacle_mobile;point_choc_initial;manoeuvre_principale;motorisation
202400020888;155 744 968;7;0;2;6;15;1
202400020889;155 744 965;7;0;2;7;1;1
202400020889;155 744 966;50;0;2;1;1;3
202400020890;155 744 963;7;0;2;2;16;1
202400020890;155 744 964;32;0;2;3;7;1
202400020891;155 744 961;10;0;2;3;8;3
202400020891;155 744 962;33;0;2;4;17;1
202400020892;155 744 959;7;0;2;2;1;1
202400020892;155 744 960;7;0;2;3;1;1
202400020893;155 744 957;33;1;0;1;1;1
202400020893;155 744 958;7;0;0;4;23;1
202400020894;155 744 954;7;0;2;1;1;1
202400020894;155 744 955;10;0;2;4;1;1
202400020894;155 744 956;7;0;2;0;0;1
202400020895;155 744 951;7;0;2;1;1;1
202400020895;155 744 952;7;0;2;4;1;1
202400020895;155 744 953;7;0;2;4;1;2
202400020896;155 744 949;7;0;2;1;20;1
202400020896;155 744 950;7;0;2;3;1;1
202400020897;155 744 948;33;0;0;7;1;1
202400020898;155 744 947;7;0;1;1;15;1
202400020899;155 744 946;7;0;1;1;1;1
202400020900;155 744 944;33;0;2;1;19;1
202400020900;155 744 945;7;0;2;8;1;1
202400020901;155 744 942;7;0;2;8;9;1
202400020901;155 744 943;2;0;2;1;1;1
202400020902;155 744 940;31;0;2;1;1;1
202400020902;155 744 941;99;0;2;1;5;3
202400020903;155 744 938;7;0;2;1;9;1
202400020903;155 744 939;33;0;2;4;23;1
202400020904;155 744 935;7;0;2;1;2;1
202400020904;155 744 936;7;0;2;4;2;1
202400020904;155 744 937;7;0;2;4;2;1
202400020905;155 744 933;7;0;9;1;1;1
202400020905;155 744 934;60;0;2;8;19;5
202400020906;155 744 932;7;2;0;1;1;1
202400020907;155 744 931;7;0;1;2;16;1
202400020908;155 744 929;7;0;2;3;16;1
202400020908;155 744 930;1;0;2;3;1;5
202400020909;155 744 928;99;0;1;1;1;3
202400020910;155 744 927;7;6;0;1;26;0
202400020911;155 744 925;21;0;2;2;15;1
202400020911;155 744 926;33;0;2;1;26;1
202400020912;155 744 924;37;0;1;2;20;1
202400020913;155 744 922;7;0;2;8;1;1
202400020913;155 744 923;7;0;2;1;15;1
202400020914;155 744 921;7;0;1;2;1;1
202400020915;155 744 919;10;0;2;1;17;1
202400020915;155 744 920;38;0;2;3;1;6
202400020916;155 744 917;41;0;2;9;1;1
202400020916;155 744 918;7;0;2;0;17;6
202400020917;155 744 915;7;0;2;3;26;1
202400020917;155 744 916;50;0;2;7;26;3
202400020918;155 744 913;7;0;2;0;26;0
202400020918;155 744 914;30;0;2;0;26;1
202400020919;155 744 912;7;0;1;1;15;1
202400020920;155 744 910;32;0;2;1;1;1
202400020920;155 744 911;7;0;2;3;9;1
202400020921;155 744 909;7;15;0;2;15;1
202400020922;155 744 905;7;0;2;7;15;1
202400020922;155 744 907;7;0;2;1;1;1
202400020923;155 744 906;33;0;9;8;1;1
202400020923;155 744 908;7;0;2;2;12;1
202400020924;155 744 902;50;0;2;1;1;3
202400020924;155 744 904;38;0;2;3;15;1
202400020925;155 744 900;7;0;1;1;1;1
202400020926;155 744 901;33;0;2;1;3;1
202400020926;155 744 903;7;0;2;6;1;1
202400020927;155 744 898;31;0;2;1;21;1
202400020927;155 744 899;7;0;2;6;9;1
202400020928;155 744 896;30;0;2;3;2;1
202400020928;155 744 897;32;0;2;5;1;1
202400020929;155 744 893;7;0;1;1;15;1
202400020930;155 744 894;43;0;2;1;3;1
202400020930;155 744 895;7;0;2;7;12;3
202400020931;155 744 890;7;0;2;3;15;1
202400020931;155 744 892;1;0;2;7;19;5
202400020932;155 744 889;31;0;2;2;3;1
202400020932;155 744 891;7;0;2;3;11;1
202400020933;155 744 888;7;0;1;2;1;1
202400020934;155 744 887;7;4;0;3;1;1
202400020935;155 744 885;33;0;2;1;1;1
202400020935;155 744 886;7;0;2;2;1;1
202400020936;155 744 882;50;0;2;1;1;3
202400020936;155 744 883;7;0;2;7;15;1
202400020937;155 744 880;7;8;0;1;14;2
202400020938;155 744 881;10;0;2;0;0;1
202400020938;155 744 884;50;0;2;1;1;3
202400020939;155 744 878;1;0;2;4;1;5
202400020939;155 744 879;7;0;2;1;13;0
202400020940;155 744 873;7;0;2;3;23;1
202400020940;155 744 875;50;1;2;1;2;3
202400020941;155 744 872;7;0;2;9;5;1
202400020941;155 744 874;7;0;2;8;1;1
202400020941;155 744 876;7;0;2;4;0;1
202400020941;155 744 877;7;0;2;1;1;1
202400020942;155 744 870;7;0;2;6;0;1
202400020942;155 744 871;33;0;2;1;1;1
202400020943;155 744 869;7;2;0;1;2;1
202400020944;155 744 865;7;0;2;1;1;1
202400020944;155 744 867;7;0;2;4;1;3
202400020945;155 744 866;40;0;2;2;1;6
202400020945;155 744 868;50;0;4;1;0;3
202400020946;155 744 863;7;0;2;3;15;1
202400020946;155 744 864;33;0;2;1;17;1
202400020947;155 744 859;7;0;2;1;2;1
202400020947;155 744 860;7;0;2;1;2;1
202400020947;155 744 861;10;0;2;4;2;1
202400020948;155 744 857;33;0;2;8;13;1
202400020948;155 744 858;7;0;2;8;1;1
202400020949;155 744 855;7;0;2;0;1;1
202400020949;155 744 856;50;0;2;1;0;3
202400020950;155 744 853;30;0;0;0;1;1
202400020951;155 744 852;10;0;2;6;2;1
202400020951;155 744 854;30;0;2;2;3;1
202400020952;155 744 851;1;1;0;1;1;5
202400020953;155 744 848;7;0;9;3;15;0
202400020953;155 744 850;50;0;2;1;1;3
202400020954;155 744 846;10;0;2;4;12;1
202400020954;155 744 847;7;0;2;1;1;2
202400020955;155 744 844;7;1;0;0;14;3
202400020955;155 744 845;7;1;0;0;0;1
202400020956;155 744 843;7;6;0;1;1;1
202400020957;155 744 842;1;0;2;8;1;5
202400020957;155 744 849;7;0;2;7;14;1
202400020958;155 744 841;7;13;0;1;1;1
202400020959;155 744 840;2;0;1;1;1;3
202400020960;155 744 838;30;0;2;1;2;1
202400020960;155 744 839;7;0;2;5;2;1
202400020961;155 744 836;7;0;1;4;4;1
202400020962;155 744 837;2;0;0;0;16;1
202400020963;155 744 831;7;0;2;7;15;1
202400020963;155 744 833;7;0;2;1;1;1
202400020964;155 744 830;7;0;2;8;24;2
202400020964;155 744 832;1;1;0;8;18;5
202400020965;155 744 826;7;0;2;0;0;0
202400020965;155 744 828;80;0;2;4;2;2
202400020966;155 744 827;7;0;1;7;26;1
202400020967;155 744 824;7;9;0;2;19;1
202400020967;155 744 825;50;1;0;1;0;3
202400020968;155 744 823;33;13;0;2;26;1
202400020969;155 744 821;7;0;2;1;0;1
202400020969;155 744 822;80;0;0;0;0;3
202400020970;155 744 819;7;1;1;1;1;1
202400020971;155 744 818;33;0;2;1;7;1
202400020971;155 744 820;7;0;2;2;15;1
202400020972;155 744 816;7;0;1;1;26;1
202400020973;155 744 815;7;0;2;0;2;1
202400020973;155 744 817;7;0;2;0;0;1
202400020974;155 744 814;7;0;1;4;4;2
202400020975;155 744 813;7;9;0;1;1;1
202400020976;155 744 811;32;0;0;7;2;1
202400020977;155 744 809;7;0;1;3;26;0
202400020978;155 744 808;7;0;2;4;2;1
202400020978;155 744 810;7;0;2;1;2;1
202400020978;155 744 812;7;0;2;6;2;2
202400020979;155 744 804;7;0;2;2;15;1
202400020979;155 744 806;32;0;2;1;26;1
202400020980;155 744 800;7;0;2;1;1;1
202400020980;155 744 802;7;0;2;1;5;1
202400020980;155 744 805;7;0;2;1;1;1
202400020980;155 744 807;7;0;2;1;0;1
202400020981;155 744 801;33;0;2;1;26;1
202400020981;155 744 803;10;0;2;5;1;1
202400020982;155 744 799;7;0;1;3;15;1
202400020983;155 744 798;10;0;1;1;16;1
202400020984;155 744 797;7;0;1;1;15;3
202400020985;155 744 793;32;0;2;1;0;1
202400020985;155 744 796;7;0;2;8;0;1
202400020986;155 744 791;7;0;2;6;10;1
202400020986;155 744 794;43;0;2;1;1;1
202400020987;155 744 792;7;0;2;2;1;1
202400020987;155 744 795;1;0;2;4;11;5
202400020988;155 744 788;7;0;2;2;1;1
202400020988;155 744 790;7;0;2;6;1;1
202400020989;155 744 787;33;0;2;1;1;1
202400020990;155 744 786;7;0;2;3;1;1
202400020990;155 744 789;7;0;2;2;1;2
202400020991;155 744 785;7;0;1;1;19;1
202400020992;155 744 783;1;0;1;1;1;5
202400020993;155 744 782;31;0;2;1;0;1
202400020993;155 744 784;33;0;2;0;0;1
202400020994;155 744 779;7;1;0;3;13;2
202400020995;155 744 778;1;0;2;1;1;5
202400020995;155 744 781;1;0;2;4;1;5
202400020996;155 744 776;33;0;2;4;21;1
202400020996;155 744 777;7;0;2;4;1;1
202400020996;155 744 780;33;0;2;1;21;1
202400020997;155 744 773;7;4;2;9;18;1
202400020997;155 744 775;7;0;2;3;0;1
202400020998;155 744 772;10;0;2;5;1;1
202400020998;155 744 774;7;0;2;3;16;1
202400020999;155 744 769;34;0;0;7;1;1
202400020999;155 744 771;80;0;0;1;19;3
202400021000;155 744 768;7;0;2;3;23;1
202400021000;155 744 770;33;0;2;1;3;1
202400021001;155 744 767;7;0;0;0;0;1
202400021002;155 744 765;7;0;1;3;16;1
202400021003;155 744 764;7;0;2;3;19;2
202400021003;155 744 766;32;0;2;1;1;1
202400021004;155 744 763;7;14;0;3;13;1
202400021005;155 744 762;10;5;0;3;1;1
202400021006;155 744 758;7;0;0;3;1;1
202400021006;155 744 761;10;9;2;1;1;1
202400021007;155 744 759;33;0;2;1;17;1
202400021007;155 744 760;7;0;2;3;15;1
202400021008;155 744 757;50;9;0;1;25;3
202400021009;155 744 756;7;0;1;3;20;1
202400021010;155 744 754;7;0;2;3;15;1
202400021010;155 744 755;2;0;2;1;17;3
202400021011;155 744 753;10;0;1;4;26;1
202400021012;155 744 751;2;0;2;2;1;1
202400021012;155 744 752;10;0;2;5;10;1
202400021013;155 744 749;7;0;2;1;13;1
202400021013;155 744 750;7;0;2;1;1;1
202400021014;155 744 748;7;0;1;1;16;1
202400021015;155 744 744;7;0;2;4;2;0
202400021015;155 744 745;30;0;2;1;2;1
202400021016;155 744 742;33;0;0;0;0;1
202400021017;155 744 743;30;0;0;0;1;3
202400021018;155 744 739;7;0;2;1;21;0
202400021018;155 744 741;7;0;2;7;15;1
202400021019;155 744 737;33;12;2;2;26;1
202400021019;155 744 738;7;0;2;2;1;1
202400021020;155 744 736;7;2;0;1;1;1
202400021021;155 744 734;7;6;0;2;1;1
202400021022;155 744 733;1;0;2;1;13;5
202400021022;155 744 735;1;0;2;1;1;5
202400021023;155 744 732;7;1;1;2;15;1
202400021024;155 744 730;7;2;9;9;14;1
202400021025;155 744 728;10;0;2;6;24;1
202400021025;155 744 731;38;1;0;7;1;1
202400021026;155 744 727;7;0;2;4;4;1
202400021026;155 744 729;1;0;2;1;1;5
202400021027;155 744 724;1;0;0;0;0;5
202400021027;155 744 726;34;0;2;7;2;1
202400021028;155 744 723;1;0;1;4;19;5
202400021029;155 744 722;2;0;2;1;15;1
202400021029;155 744 725;7;0;2;3;1;1
202400021030;155 744 720;7;0;2;3;1;1
202400021030;155 744 721;7;12;0;5;23;0
202400021031;155 744 718;7;8;0;1;15;1
202400021032;155 744 719;7;14;0;2;1;1
202400021033;155 744 717;7;0;1;2;26;1
202400021034;155 744 715;7;0;1;2;1;1
202400021035;155 744 713;10;0;2;3;15;1
202400021035;155 744 716;32;0;2;5;17;1
202400021036;155 744 712;7;0;2;3;15;1
202400021036;155 744 714;2;0;2;2;17;1
202400021037;155 744 710;7;0;2;1;2;1
202400021037;155 744 711;10;0;2;4;26;1
202400021038;155 744 708;7;9;1;1;15;1
202400021039;155 744 707;10;0;2;1;2;1
202400021039;155 744 709;7;0;2;4;2;1
202400021040;155 744 706;7;0;1;2;1;1
202400021041;155 744 703;7;0;2;1;1;1
202400021041;155 744 705;7;0;2;1;13;1
202400021042;155 744 702;1;0;2;1;1;5
202400021042;155 744 704;30;0;2;7;1;0
202400021043;155 744 701;7;0;1;2;1;1
202400021044;155 744 699;7;1;2;1;1;1
202400021044;155 744 700;7;0;2;4;1;1
202400021045;155 744 697;7;2;0;1;1;1
202400021046;155 744 696;33;0;2;1;1;1
202400021046;155 744 698;1;0;2;1;1;5
202400021047;155 744 694;33;0;2;0;0;1
202400021047;155 744 695;60;0;2;1;26;5
202400021048;155 744 693;7;8;6;8;1;1
202400021049;155 744 692;99;0;0;0;21;5
202400021050;155 744 691;7;9;0;1;1;1
202400021051;155 744 688;7;0;2;2;1;1
202400021051;155 744 690;1;0;2;5;1;5
202400021052;155 744 687;1;0;2;7;17;5
202400021052;155 744 689;1;0;2;8;1;5
202400021053;155 744 685;7;1;0;2;2;1
202400021053;155 744 686;7;0;2;6;23;1
202400021054;155 744 684;2;0;0;7;1;1
202400021055;155 744 682;30;0;2;2;12;1
202400021055;155 744 683;37;0;2;3;7;1
202400021056;155 744 681;7;3;0;1;14;1
202400021057;155 744 680;7;13;0;0;21;1
202400021058;155 744 679;7;0;1;1;26;1
202400021059;155 744 678;10;0;1;1;15;3
202400021060;155 744 677;31;0;0;0;1;1
202400021061;155 744 673;1;0;2;3;18;5
202400021061;155 744 676;7;0;2;2;1;1
202400021062;155 744 672;33;0;2;1;17;1
202400021062;155 744 675;7;0;2;1;9;1
202400021063;155 744 671;7;0;2;3;11;1
202400021063;155 744 674;7;0;2;3;1;1
202400021064;155 744 668;7;3;0;1;1;1
202400021065;155 744 667;2;0;2;2;1;1
202400021065;155 744 669;2;0;2;1;9;3
202400021066;155 744 662;7;0;2;1;1;1
202400021066;155 744 665;7;0;2;1;13;1
202400021067;155 744 661;1;0;2;7;1;5
202400021067;155 744 664;7;0;2;2;15;1
202400021068;155 744 660;7;0;2;3;19;1
202400021068;155 744 663;7;0;2;7;1;1
202400021069;155 744 659;7;0;0;0;1;6
202400021070;155 744 657;0;0;1;0;2;0
202400021071;155 744 655;7;0;2;3;17;1
202400021071;155 744 658;21;0;2;6;1;1
202400021072;155 744 654;7;0;2;7;12;1
202400021072;155 744 656;30;0;2;3;1;1
202400021073;155 744 652;31;2;0;1;1;1
202400021074;155 744 651;33;0;0;8;1;1
202400021075;155 744 650;7;0;2;8;11;1
202400021075;155 744 653;7;0;2;2;1;1
202400021076;155 744 649;7;0;9;2;0;1
202400021077;155 744 647;7;2;0;2;1;1
202400021078;155 744 646;7;0;2;8;15;1
202400021078;155 744 648;33;0;2;0;0;1
202400021079;155 744 644;7;0;2;1;6;1
202400021079;155 744 645;7;0;2;1;1;1
202400021080;155 744 641;7;0;2;1;1;1
202400021080;155 744 642;7;13;0;4;1;3
202400021081;155 744 640;33;13;0;0;1;1
202400021082;155 744 639;7;0;2;3;1;1
202400021082;155 744 643;7;0;2;7;1;1
202400021083;155 744 637;10;0;2;3;1;1
202400021083;155 744 638;7;0;2;3;1;1
202400021084;155 744 636;7;2;0;7;1;1
202400021085;155 744 635;15;0;1;7;1;1
202400021086;155 744 634;10;2;0;1;13;1
202400021087;155 744 631;21;0;2;3;5;1
202400021087;155 744 633;7;0;2;3;5;1
202400021088;155 744 630;7;2;0;1;0;0
202400021089;155 744 629;7;0;2;1;11;1
202400021089;155 744 632;7;0;2;4;2;1
202400021090;155 744 625;7;0;2;3;1;1
202400021090;155 744 628;3;0;2;3;1;1
202400021091;155 744 624;7;0;2;3;15;3
202400021091;155 744 626;30;0;2;2;17;1
202400021092;155 744 623;2;0;2;5;19;1
202400021092;155 744 627;7;0;2;2;1;1
202400021093;155 744 619;7;0;2;3;13;1
202400021093;155 744 622;7;0;2;3;13;1
202400021094;155 744 618;99;0;2;8;9;0
202400021094;155 744 621;7;0;2;1;19;1
202400021095;155 744 615;10;0;2;1;1;1
202400021095;155 744 617;7;0;2;1;1;1
202400021095;155 744 620;7;0;2;3;1;1
202400021096;155 744 614;2;0;2;1;1;1
202400021096;155 744 616;7;0;2;7;15;1
202400021097;155 744 612;7;0;2;4;1;1
202400021097;155 744 613;7;0;2;1;1;1
202400021098;155 744 611;7;2;0;3;1;1
202400021099;155 744 608;36;15;0;1;1;1
202400021100;155 744 607;32;0;1;1;21;1
202400021101;155 744 606;7;13;0;1;0;1
202400021102;155 744 605;7;0;2;8;9;1
202400021102;155 744 609;7;0;2;1;1;1
202400021103;155 744 600;7;0;2;3;13;1
202400021103;155 744 602;7;0;2;3;1;1
202400021104;155 744 601;33;0;2;5;17;1
202400021104;155 744 604;7;0;2;3;9;1
202400021105;155 744 603;7;0;1;1;16;2
202400021106;155 744 595;7;0;9;8;9;2
202400021106;155 744 598;1;0;2;1;16;5
202400021107;155 744 596;7;0;0;1;0;1
202400021107;155 744 599;7;0;0;1;0;1
202400021108;155 744 594;7;0;9;1;5;2
202400021108;155 744 597;1;0;2;8;19;5
202400021109;155 744 592;7;6;0;1;1;6
202400021110;155 744 591;7;0;2;1;15;1
202400021110;155 744 593;7;9;2;1;1;1
202400021111;155 744 589;7;0;2;7;0;1
202400021111;155 744 590;34;0;0;0;15;1
202400021112;155 744 588;33;0;0;0;1;1
202400021113;155 744 587;7;6;0;0;0;1
202400021114;155 744 584;7;0;2;2;9;1
202400021114;155 744 585;1;0;2;5;1;5
202400021115;155 744 581;10;0;2;2;2;1
202400021115;155 744 583;50;0;0;4;2;3
202400021116;155 744 582;50;0;2;2;15;3
202400021116;155 744 586;7;0;2;3;2;1
202400021117;155 744 580;7;6;0;1;1;1
202400021118;155 744 578;7;0;2;7;1;1
202400021118;155 744 579;30;0;0;0;0;1
202400021119;155 744 576;38;2;0;7;1;1
202400021120;155 744 575;31;0;2;1;2;1
202400021120;155 744 577;7;0;0;4;1;1
202400021121;155 744 571;7;0;2;1;13;1
202400021121;155 744 573;7;0;2;1;1;1
202400021122;155 744 570;7;0;0;4;1;1
202400021122;155 744 574;33;0;2;1;1;1
202400021123;155 744 572;7;0;1;2;16;1
202400021124;155 744 569;14;0;1;1;1;1
202400021125;155 744 568;7;13;0;1;1;1
202400021126;155 744 566;7;0;6;1;1;1
202400021127;155 744 564;32;0;0;4;16;1
202400021127;155 744 565;7;0;2;1;16;1
202400021128;155 744 563;80;0;2;2;1;3
202400021128;155 744 567;7;0;2;7;1;2
202400021129;155 744 560;33;13;0;0;1;1
202400021129;155 744 562;7;0;0;0;0;1
202400021130;155 744 559;7;0;2;2;15;3
202400021130;155 744 561;33;0;2;2;3;3
202400021131;155 744 557;33;0;6;0;21;1
202400021132;155 744 555;33;0;2;1;13;1
202400021132;155 744 556;7;0;2;2;1;1
202400021133;155 744 554;34;0;2;1;1;1
202400021133;155 744 558;7;0;2;1;1;1
202400021134;155 744 553;2;13;0;2;1;1
202400021135;155 744 552;7;4;0;2;1;1
202400021136;155 744 548;32;0;2;1;17;1
202400021136;155 744 550;7;0;2;3;15;1
202400021137;155 744 549;31;1;0;2;21;1
202400021137;155 744 551;7;0;2;3;15;1
202400021138;155 744 546;7;0;2;1;12;1
202400021138;155 744 547;15;0;0;8;2;1
202400021139;155 744 544;7;0;0;0;1;1
202400021140;155 744 542;10;1;0;8;4;3
202400021140;155 744 543;7;0;2;1;23;1
202400021140;155 744 545;1;1;2;1;24;5
202400021141;155 744 540;32;0;2;1;1;1
202400021141;155 744 541;7;0;2;6;1;1
202400021142;155 744 537;7;0;2;6;19;1
202400021142;155 744 539;33;0;2;1;26;1
202400021143;155 744 535;1;0;2;2;1;5
202400021143;155 744 538;7;0;2;3;15;2
202400021144;155 744 536;7;3;0;0;14;1
202400021145;155 744 534;32;0;0;0;1;0
202400021146;155 744 530;10;0;2;2;17;1
202400021146;155 744 532;1;0;2;4;1;5
202400021147;155 744 531;10;0;2;2;16;1
202400021147;155 744 533;50;0;2;3;1;3
202400021148;155 744 528;31;0;2;1;0;6
202400021148;155 744 529;10;0;2;2;9;1
202400021149;155 744 526;7;13;0;2;14;1
202400021150;155 744 525;7;0;2;2;14;1
202400021150;155 744 527;7;0;2;6;1;1
202400021151;155 744 523;50;0;2;3;15;3
202400021151;155 744 524;7;0;2;2;1;1
202400021152;155 744 522;7;8;0;1;0;1
202400021153;155 744 521;7;0;1;1;26;2
202400021154;155 744 518;7;0;0;0;0;0
202400021154;155 744 520;50;12;0;8;1;3
202400021155;155 744 517;7;6;0;2;2;1
202400021156;155 744 516;7;0;2;1;17;1
202400021156;155 744 519;32;0;2;1;1;1
202400021157;155 744 514;33;3;0;0;1;1
202400021158;155 744 512;10;0;2;1;5;1
202400021158;155 744 515;15;0;2;1;1;1
202400021159;155 744 511;10;0;9;1;15;1
202400021159;155 744 513;2;0;2;1;1;1
202400021160;155 744 510;7;2;0;6;14;1
202400021161;155 744 509;7;0;0;0;1;1
202400021162;155 744 507;33;8;0;0;1;1
202400021163;155 744 506;7;0;2;3;16;1
202400021163;155 744 508;2;0;2;1;1;1
202400021164;155 744 505;15;1;1;2;1;1
202400021165;155 744 504;7;0;1;1;0;1
202400021166;155 744 501;7;0;2;3;10;1
202400021166;155 744 503;33;0;2;1;1;1
202400021167;155 744 500;7;0;0;6;15;1
202400021167;155 744 502;32;0;2;1;17;1
202400021168;155 744 496;7;16;0;6;1;1
202400021168;155 744 498;7;16;2;2;17;1
202400021169;155 744 495;7;0;2;1;13;1
202400021169;155 744 497;7;0;2;1;1;1
202400021170;155 744 492;7;0;2;3;1;1
202400021170;155 744 494;7;0;2;7;1;1
202400021171;155 744 493;2;6;0;0;1;1
202400021172;155 744 490;7;0;0;0;0;1
202400021173;155 744 491;7;16;0;9;17;1
202400021174;155 744 486;33;15;0;1;13;1
202400021175;155 744 485;7;13;2;1;2;2
202400021175;155 744 488;1;0;0;4;2;5
202400021175;155 744 489;7;0;2;4;2;3
202400021176;155 744 484;32;0;2;3;13;1
202400021176;155 744 487;7;0;2;2;17;1
202400021177;155 744 483;21;1;0;7;1;1
202400021178;155 744 480;1;0;2;4;13;5
202400021178;155 744 482;7;0;9;2;17;1
202400021179;155 744 479;32;0;2;1;1;1
202400021179;155 744 481;7;0;2;2;13;1
202400021180;155 744 474;7;0;2;3;13;1
202400021180;155 744 476;10;0;2;3;1;1
202400021181;155 744 473;7;0;0;3;23;1
202400021181;155 744 477;7;0;2;2;5;1
202400021181;155 744 478;15;0;2;2;1;1
202400021182;155 744 472;7;0;2;8;13;1
202400021182;155 744 475;7;0;2;6;1;1
202400021183;155 744 470;7;0;0;3;1;1
202400021183;155 744 471;7;0;0;2;1;1
202400021184;155 744 468;7;0;0;9;17;1
202400021185;155 744 466;7;0;2;1;15;1
202400021185;155 744 469;33;0;2;1;1;1
202400021186;155 744 463;7;13;2;3;1;1
202400021186;155 744 464;7;0;2;3;13;1
202400021187;155 744 462;0;0;1;0;0;0
202400021188;155 744 459;33;0;2;1;1;1
202400021188;155 744 460;7;0;0;5;1;1
202400021189;155 744 458;7;13;0;1;26;1
202400021190;155 744 457;7;0;1;1;1;1
202400021191;155 744 456;7;0;9;2;14;1
202400021192;155 744 454;7;6;0;3;1;1
202400021193;155 744 453;31;0;2;1;1;1
202400021193;155 744 455;7;0;2;3;1;1
202400021194;155 744 452;7;0;0;9;0;1
202400021195;155 744 451;33;8;0;7;1;1
202400021196;155 744 448;7;3;0;3;13;1
202400021197;155 744 449;2;0;2;1;1;1
202400021197;155 744 450;7;0;2;3;1;1
202400021198;155 744 445;7;6;2;4;1;1
202400021199;155 744 444;7;2;0;3;13;1
202400021200;155 744 446;7;0;2;5;15;1
202400021200;155 744 447;7;0;2;1;1;1
202400021201;155 744 443;7;16;0;1;16;1
202400021202;155 744 440;7;0;2;1;1;1
202400021202;155 744 441;10;0;2;1;13;1
202400021203;155 744 439;7;0;2;3;9;1
202400021203;155 744 442;7;0;2;2;1;1
202400021204;155 744 433;7;0;2;1;2;1
202400021204;155 744 435;10;0;2;4;2;1
202400021204;155 744 437;7;0;2;4;2;1
202400021204;155 744 438;7;0;2;4;2;1
202400021205;155 744 434;7;0;2;7;15;0
202400021205;155 744 436;33;0;2;1;1;1
202400021206;155 744 430;7;0;2;1;1;1
202400021206;155 744 432;10;0;2;8;19;1
202400021207;155 744 428;33;0;2;1;1;1
202400021207;155 744 431;7;0;2;4;12;1
202400021208;155 744 424;1;0;2;4;1;5
202400021208;155 744 426;7;0;2;2;1;1
202400021209;155 744 422;7;0;1;1;1;1
202400021210;155 744 421;7;0;2;1;1;1
202400021210;155 744 423;7;4;2;1;9;1
202400021210;155 744 425;7;0;2;3;1;1
202400021211;155 744 419;7;15;0;3;1;1
202400021212;155 744 418;7;0;1;9;19;0
202400021213;155 744 417;7;2;2;7;14;1
202400021213;155 744 420;10;0;2;3;21;1
202400021214;155 744 416;7;2;0;1;1;1
202400021215;155 744 415;1;15;0;1;1;5
202400021216;155 744 414;7;6;0;1;14;1
202400021217;155 744 411;7;13;2;3;13;1
202400021217;155 744 413;14;0;2;5;21;1
202400021218;155 744 410;7;0;2;1;15;1
202400021218;155 744 412;1;0;2;1;1;5
202400021219;155 744 406;7;0;2;4;1;1
202400021219;155 744 408;7;0;2;1;1;1
202400021219;155 744 409;7;0;2;4;1;1
202400021220;155 744 405;7;0;2;0;0;1
202400021220;155 744 407;7;0;2;1;9;1
202400021221;155 744 404;33;6;0;1;13;1
202400021222;155 744 401;50;0;0;0;0;3
202400021223;155 744 399;7;0;2;6;1;1
202400021223;155 744 402;7;0;2;3;1;1
202400021223;155 744 403;33;0;2;2;3;1
202400021224;155 744 398;10;0;2;3;1;1
202400021224;155 744 400;36;0;2;3;1;1
202400021225;155 744 396;7;0;1;7;1;1
202400021226;155 744 397;7;0;1;2;1;1
202400021227;155 744 393;1;14;0;0;16;5
202400021228;155 744 392;33;0;2;1;5;1
202400021228;155 744 395;7;6;2;7;1;1
202400021229;155 744 391;30;0;2;2;15;1
202400021229;155 744 394;7;0;2;3;1;1
202400021230;155 744 389;7;13;0;1;26;1
202400021231;155 744 390;7;0;1;1;26;1
202400021232;155 744 388;99;8;0;1;1;1
202400021233;155 744 385;10;0;2;4;1;1
202400021233;155 744 386;2;0;2;1;1;3
202400021234;155 744 383;7;2;0;1;1;2
202400021235;155 744 384;2;0;2;4;15;1
202400021235;155 744 387;7;0;2;2;17;1
202400021236;155 744 382;33;0;1;2;21;1
202400021237;155 744 380;7;13;0;1;1;1
202400021238;155 744 379;7;0;2;4;2;1
202400021238;155 744 381;1;0;2;1;2;5
202400021239;155 744 375;30;0;2;4;14;1
202400021239;155 744 378;7;0;2;1;1;0
202400021240;155 744 374;2;0;2;2;19;1
202400021240;155 744 377;7;0;2;1;1;2
202400021241;155 744 372;7;0;0;4;2;3
202400021241;155 744 373;7;0;0;1;2;1
202400021241;155 744 376;7;0;0;1;2;1
202400021242;155 744 370;10;0;0;9;13;1
202400021243;155 744 369;7;0;2;7;15;1
202400021243;155 744 371;2;0;2;1;1;1
202400021244;155 744 368;31;0;0;9;1;1
202400021245;155 744 364;7;0;2;1;2;1
202400021245;155 744 367;7;4;2;4;1;1
202400021246;155 744 362;7;0;2;5;1;1
202400021246;155 744 366;7;0;2;1;19;1
202400021247;155 744 363;7;0;2;3;1;1
202400021247;155 744 365;7;0;2;1;1;3
202400021248;155 744 361;31;8;0;1;1;1
202400021249;155 744 359;7;12;0;1;1;1
202400021250;155 744 358;7;0;0;6;2;1
202400021250;155 744 360;7;0;2;1;2;1
202400021251;155 744 356;30;13;0;0;2;1
202400021251;155 744 357;0;0;0;0;0;0
202400021252;155 744 354;33;0;0;0;0;1
202400021253;155 744 352;7;5;0;0;13;1
202400021254;155 744 350;33;0;2;1;2;1
202400021254;155 744 353;7;0;2;4;2;1
202400021255;155 744 349;7;0;2;1;15;1