Num_Acc;id_vehicule;categorie_vehicule;obstacle_fixe;obstacle_mobile;point_choc_initial;manoeuvre_principale;motorisation
202400021255;155 744 351;7;0;2;3;1;1
202400021256;155 744 346;7;0;2;1;13;1
202400021256;155 744 348;7;0;2;1;1;1
202400021257;155 744 345;43;0;2;0;9;1
202400021257;155 744 347;10;0;2;1;9;1
202400021258;155 744 343;10;0;2;1;1;1
202400021258;155 744 344;7;0;2;4;1;1
202400021259;155 744 342;7;0;1;0;0;2
202400021260;155 744 340;31;0;2;1;1;1
202400021260;155 744 341;7;0;2;3;13;1
202400021261;155 744 335;7;0;2;4;2;1
202400021261;155 744 337;7;0;2;1;2;1
202400021261;155 744 339;7;0;2;4;2;1
202400021262;155 744 336;7;0;2;4;2;1
202400021262;155 744 338;10;0;2;1;2;1
202400021263;155 744 333;7;0;2;1;26;1
202400021263;155 744 334;33;0;2;1;13;1
202400021264;155 744 332;7;0;2;4;2;1
202400021265;155 744 330;7;0;2;3;15;1
202400021265;155 744 331;7;0;2;2;21;1
202400021266;155 744 326;7;0;2;3;1;1
202400021266;155 744 328;7;0;2;1;1;1
202400021267;155 744 327;1;0;2;1;1;5
202400021267;155 744 329;7;0;0;5;15;1
202400021268;155 744 324;7;0;2;3;1;1
202400021268;155 744 325;7;0;2;4;15;1
202400021269;155 744 323;7;9;0;1;1;1
202400021270;155 744 322;7;2;0;1;2;1
202400021271;155 744 321;7;0;1;2;1;1
202400021272;155 744 320;7;0;9;3;1;1
202400021273;155 744 319;7;0;1;3;1;1
202400021274;155 744 317;7;4;0;3;1;1
202400021275;155 744 316;33;15;2;1;1;1
202400021275;155 744 318;7;15;0;4;10;1
202400021276;155 744 314;2;0;9;1;13;1
202400021276;155 744 315;21;0;2;6;1;1
202400021277;155 744 313;7;0;2;1;2;1
202400021278;155 744 312;7;12;0;2;1;2
202400021279;155 744 309;1;0;2;1;1;5
202400021279;155 744 311;7;0;2;2;1;1
202400021280;155 744 307;33;0;2;1;18;1
202400021280;155 744 310;7;0;2;5;1;1
202400021281;155 744 306;7;0;2;1;1;1
202400021281;155 744 308;7;0;2;2;15;1
202400021282;155 744 305;10;6;0;1;1;1
202400021283;155 744 304;7;2;0;1;14;2
202400021284;155 744 301;50;0;2;1;13;3
202400021284;155 744 303;7;0;2;1;1;1
202400021285;155 744 300;7;1;0;1;13;3
202400021286;155 744 299;7;0;2;4;23;1
202400021286;155 744 302;7;0;2;1;2;1
202400021287;155 744 296;7;4;0;3;0;1
202400021288;155 744 294;7;0;2;1;1;1
202400021288;155 744 297;3;0;2;1;15;3
202400021289;155 744 295;7;0;2;1;2;1
202400021289;155 744 298;7;0;2;4;1;1
202400021290;155 744 290;10;0;2;5;14;1
202400021290;155 744 293;50;0;2;1;16;3
202400021291;155 744 289;33;0;2;6;11;1
202400021291;155 744 291;15;0;2;4;0;1
202400021292;155 744 288;7;0;2;1;15;1
202400021292;155 744 292;7;0;2;1;1;1
202400021293;155 744 284;7;0;2;1;1;1
202400021293;155 744 286;7;0;2;4;1;1
202400021294;155 744 285;1;0;2;1;0;5
202400021294;155 744 287;7;0;2;3;23;2
202400021295;155 744 282;7;0;2;1;2;1
202400021295;155 744 283;7;0;2;4;2;1
202400021296;155 744 280;7;1;1;3;17;2
202400021297;155 744 279;7;0;2;1;1;1
202400021297;155 744 281;7;0;2;4;1;1
202400021298;155 744 278;7;2;0;1;1;6
202400021299;155 744 277;33;0;0;1;3;1
202400021300;155 744 275;2;0;2;2;17;1
202400021300;155 744 276;7;0;2;3;15;1
202400021301;155 744 272;7;0;2;2;11;1
202400021301;155 744 273;33;0;2;7;1;1
202400021302;155 744 266;33;0;2;2;1;1
202400021302;155 744 269;31;0;2;3;7;1
202400021302;155 744 270;7;0;2;2;23;2
202400021303;155 744 265;32;0;2;1;1;1
202400021303;155 744 268;7;0;2;6;1;1
202400021304;155 744 264;7;0;2;8;15;1
202400021304;155 744 267;7;0;2;1;1;1
202400021305;155 744 262;7;12;1;3;1;1
202400021306;155 744 261;7;0;2;5;12;1
202400021306;155 744 263;33;0;2;8;3;1
202400021307;155 744 256;33;14;2;8;19;1
202400021307;155 744 258;32;1;2;1;1;1
202400021308;155 744 253;7;0;2;4;2;1
202400021308;155 744 255;33;0;2;1;3;1
202400021308;155 744 257;7;0;2;6;2;1
202400021309;155 744 251;7;0;2;3;15;1
202400021309;155 744 252;2;0;2;1;0;1
202400021309;155 744 254;10;0;2;3;1;1
202400021310;155 744 248;50;0;2;1;1;3
202400021310;155 744 250;7;0;9;5;1;0
202400021311;155 744 245;10;0;2;4;1;1
202400021311;155 744 247;14;0;2;1;2;4
202400021311;155 744 249;7;0;2;1;2;1
202400021312;155 744 244;7;0;1;1;26;1
202400021313;155 744 243;7;0;2;1;1;1
202400021313;155 744 246;7;0;2;4;1;1
202400021314;155 744 241;10;0;2;1;2;1
202400021314;155 744 242;7;0;2;4;1;1
202400021315;155 744 239;10;0;2;2;16;1
202400021315;155 744 240;1;0;2;3;1;5
202400021316;155 744 237;7;0;2;1;1;1
202400021316;155 744 238;7;0;2;4;1;1
202400021317;155 744 236;1;0;0;0;1;5
202400021318;155 744 233;34;0;2;1;1;1
202400021318;155 744 235;7;0;2;5;15;1
202400021319;155 744 232;7;0;2;1;13;1
202400021319;155 744 234;50;0;2;1;1;3
202400021320;155 744 231;50;0;0;0;26;3
202400021321;155 744 230;50;8;1;1;25;3
202400021322;155 744 229;1;0;1;0;0;5
202400021323;155 744 228;7;0;0;9;0;1
202400021324;155 744 227;7;3;0;1;21;1
202400021325;155 744 224;7;0;9;4;2;1
202400021325;155 744 226;7;0;2;3;2;2
202400021326;155 744 223;1;0;0;1;15;5
202400021327;155 744 221;33;0;0;0;1;1
202400021328;155 744 220;33;0;2;7;1;1
202400021328;155 744 222;50;0;2;1;19;3
202400021329;155 744 219;33;0;2;1;1;1
202400021329;155 744 225;7;0;2;7;15;1
202400021330;155 744 218;7;13;0;1;2;1
202400021331;155 744 217;7;0;2;1;24;1
202400021332;155 744 214;7;0;2;3;1;1
202400021332;155 744 216;7;0;2;2;1;1
202400021333;155 744 212;7;0;2;2;15;1
202400021333;155 744 215;50;0;2;1;1;3
202400021334;155 744 211;7;0;2;2;10;1
202400021334;155 744 213;33;0;2;2;1;1
202400021335;155 744 207;10;0;1;2;1;1
202400021336;155 744 206;7;0;2;7;13;1
202400021336;155 744 209;7;0;2;1;1;1
202400021337;155 744 205;0;0;0;0;15;0
202400021338;155 744 202;10;0;2;3;0;1
202400021338;155 744 204;1;1;2;1;1;0
202400021339;155 744 201;33;0;2;1;1;1
202400021339;155 744 203;10;0;2;3;5;1
202400021340;155 744 200;7;13;0;1;1;2
202400021341;155 744 198;7;0;1;0;0;0
202400021342;155 744 195;50;0;2;8;19;3
202400021342;155 744 197;7;0;2;1;1;1
202400021343;155 744 196;7;0;2;5;16;1
202400021343;155 744 199;80;0;2;1;1;3
202400021344;155 744 192;34;0;2;5;1;0
202400021344;155 744 194;7;0;2;3;1;1
202400021345;155 744 189;33;0;2;2;1;1
202400021345;155 744 193;7;0;2;3;9;1
202400021346;155 744 190;7;0;2;3;15;1
202400021346;155 744 191;33;0;2;1;1;1
202400021347;155 744 188;7;0;1;2;20;1
202400021348;155 744 186;7;13;0;1;13;1
202400021349;155 744 185;7;0;2;8;15;1
202400021349;155 744 187;50;0;2;2;17;3
202400021350;155 744 183;30;1;0;7;16;1
202400021351;155 744 182;7;0;2;1;2;1
202400021351;155 744 184;7;0;2;5;1;1
202400021352;155 744 180;7;0;2;1;1;1
202400021352;155 744 181;7;0;2;4;1;1
202400021353;155 744 179;7;6;0;7;14;1
202400021354;155 744 176;7;6;0;9;1;1
202400021355;155 744 177;7;0;2;2;15;1
202400021355;155 744 178;33;0;2;1;13;1
202400021356;155 744 174;50;0;2;3;5;3
202400021356;155 744 175;7;0;9;8;15;1
202400021357;155 744 173;7;2;0;1;26;1
202400021358;155 744 172;33;12;0;3;2;1
202400021359;155 744 170;7;8;0;3;13;1
202400021360;155 744 169;7;0;2;3;1;1
202400021360;155 744 171;7;0;2;6;9;1
202400021361;155 744 168;7;1;0;2;1;1
202400021362;155 744 164;7;0;2;2;15;1
202400021362;155 744 167;31;0;2;1;1;1
202400021363;155 744 162;7;0;2;2;1;1
202400021363;155 744 166;7;0;2;3;9;1
202400021364;155 744 161;7;0;2;1;2;1
202400021364;155 744 163;7;0;2;4;2;2
202400021364;155 744 165;7;0;2;1;2;1
202400021365;155 744 159;7;0;2;1;2;1
202400021365;155 744 160;30;0;2;4;1;1
202400021366;155 744 156;7;0;1;7;19;2
202400021367;155 744 157;7;0;2;6;9;1
202400021367;155 744 158;2;0;2;1;1;1
202400021368;155 744 154;7;0;2;1;1;1
202400021368;155 744 155;7;0;2;4;1;1
202400021369;155 744 151;33;0;2;1;1;1
202400021369;155 744 153;7;0;2;6;1;1
202400021370;155 744 150;7;0;2;5;23;1
202400021370;155 744 152;30;0;2;1;2;1
202400021371;155 744 149;7;0;1;1;16;1
202400021372;155 744 147;7;0;2;2;12;3
202400021372;155 744 148;7;12;2;3;1;1
202400021373;155 744 143;7;1;0;1;1;1
202400021374;155 744 142;7;0;2;1;2;1
202400021374;155 744 144;7;0;2;4;2;1
202400021374;155 744 146;7;0;2;1;2;1
202400021375;155 744 141;50;0;2;3;26;3
202400021375;155 744 145;7;0;2;2;16;1
202400021376;155 744 138;1;0;2;4;1;5
202400021376;155 744 140;7;0;2;1;2;1
202400021377;155 744 137;33;0;2;1;2;1
202400021377;155 744 139;7;0;2;5;2;2
202400021378;155 744 136;7;0;1;1;1;1
202400021379;155 744 134;7;0;2;2;15;1
202400021379;155 744 135;50;0;2;2;25;3
202400021380;155 744 132;10;0;2;1;1;1
202400021380;155 744 133;7;0;2;1;13;1
202400021381;155 744 130;99;0;2;7;1;3
202400021382;155 744 129;7;0;2;3;0;1
202400021382;155 744 131;7;0;2;2;0;1
202400021383;155 744 127;7;0;1;1;1;1
202400021384;155 744 126;7;0;2;1;26;1
202400021384;155 744 128;2;0;2;1;1;1
202400021385;155 744 123;7;0;2;4;2;1
202400021385;155 744 125;7;0;2;1;2;1
202400021386;155 744 122;7;0;2;3;13;1
202400021386;155 744 124;7;0;2;1;13;1
202400021387;155 744 121;7;0;1;1;1;1
202400021388;155 744 118;1;0;2;7;1;5
202400021388;155 744 120;50;0;2;8;1;3
202400021389;155 744 117;7;0;2;5;20;1
202400021389;155 744 119;30;0;2;1;1;1
202400021390;155 744 114;7;0;0;7;20;1
202400021390;155 744 116;1;0;0;2;20;5
202400021391;155 744 115;7;0;1;1;1;1
202400021392;155 744 111;7;0;2;2;2;1
202400021392;155 744 113;1;0;2;0;0;5
202400021393;155 744 110;7;0;2;8;15;1
202400021393;155 744 112;33;0;2;2;17;1
202400021394;155 744 107;7;0;2;2;15;2
202400021394;155 744 109;0;0;2;3;19;3
202400021395;155 744 106;43;0;2;3;13;1
202400021395;155 744 108;7;0;2;3;13;1
202400021396;155 744 104;7;0;2;1;1;1
202400021396;155 744 105;7;0;2;4;9;1
202400021397;155 744 103;7;8;0;1;19;1
202400021398;155 744 100;7;0;0;0;0;1
202400021398;155 744 102;7;0;2;2;1;1
202400021399;155 744 099;1;0;2;0;9;5
202400021399;155 744 101;7;0;2;3;0;1
202400021400;155 744 097;7;0;2;1;15;1
202400021400;155 744 098;2;0;2;1;1;1
202400021401;155 744 096;37;0;1;7;1;2
202400021402;155 744 094;33;0;2;3;1;1
202400021402;155 744 095;10;0;2;4;1;1
202400021403;155 744 091;7;0;2;1;16;1
202400021403;155 744 093;1;0;2;1;1;5
202400021404;155 744 092;10;0;1;1;16;1
202400021405;155 744 089;7;0;1;2;1;1
202400021406;155 744 087;7;0;2;1;1;1
202400021406;155 744 088;7;0;2;1;1;1
202400021406;155 744 090;10;0;2;1;13;1
202400021407;155 744 085;7;0;2;1;2;1
202400021407;155 744 086;7;0;2;4;23;1
202400021408;155 744 084;7;0;1;2;0;1
202400021409;155 744 082;30;0;2;1;2;1
202400021409;155 744 083;7;0;2;5;2;3
202400021410;155 744 079;7;0;2;1;1;1
202400021410;155 744 081;7;0;2;3;1;1
202400021411;155 744 078;7;0;2;2;9;1
202400021411;155 744 080;50;0;2;1;5;3
202400021412;155 744 077;7;0;1;3;5;1
202400021413;155 744 075;7;0;2;2;15;1
202400021413;155 744 076;2;0;2;1;2;1
202400021414;155 744 073;7;2;0;8;0;1
202400021415;155 744 072;10;0;2;8;0;3
202400021415;155 744 074;7;0;2;1;1;1
202400021416;155 744 070;7;0;1;2;16;1
202400021417;155 744 069;7;0;2;4;23;0
202400021417;155 744 071;0;0;2;1;0;0
202400021418;155 744 068;7;13;0;2;14;1
202400021419;155 744 067;7;0;1;4;20;1
202400021420;155 744 065;7;0;1;2;1;1
202400021421;155 744 064;10;0;2;3;15;1
202400021421;155 744 066;7;0;2;2;2;1
202400021422;155 744 062;7;12;0;2;21;1
202400021423;155 744 061;7;0;2;1;5;1
202400021423;155 744 063;15;0;2;1;1;1
202400021424;155 744 059;33;0;0;0;26;1
202400021425;155 744 058;10;0;2;2;21;1
202400021425;155 744 060;7;0;2;2;13;1
202400021426;155 744 056;10;8;0;3;13;1
202400021427;155 744 054;7;0;0;0;0;1
202400021428;155 744 055;7;0;2;1;2;1
202400021428;155 744 057;7;0;2;4;2;2
202400021429;155 744 052;7;13;0;7;1;2
202400021430;155 744 050;31;0;0;0;0;1
202400021431;155 744 051;7;0;2;1;1;1
202400021431;155 744 053;7;0;2;7;19;2
202400021432;155 744 049;10;13;0;3;0;1
202400021433;155 744 048;7;0;1;2;1;1
202400021434;155 744 047;33;0;0;9;1;1
202400021435;155 744 046;7;0;1;1;1;1
202400021436;155 744 045;7;8;0;9;1;1
202400021437;155 744 041;7;8;1;8;1;1
202400021438;155 744 040;7;0;2;9;1;1
202400021438;155 744 042;7;0;2;1;2;1
202400021438;155 744 043;7;0;2;1;2;1
202400021438;155 744 044;7;0;2;4;2;1
202400021439;155 744 039;7;13;0;1;0;1
202400021440;155 744 036;7;2;0;1;1;1
202400021441;155 744 034;7;13;0;1;26;3
202400021442;155 744 033;32;0;2;1;1;1
202400021442;155 744 035;7;0;2;2;15;1
202400021443;155 744 032;7;6;0;3;1;1
202400021444;155 744 029;7;13;0;9;14;1
202400021445;155 744 030;7;0;2;3;2;1
202400021445;155 744 031;7;0;2;5;0;1
202400021446;155 744 026;7;0;2;1;17;1
202400021446;155 744 028;7;0;2;1;1;1
202400021447;155 744 025;32;0;2;7;17;1
202400021447;155 744 027;7;0;2;8;10;1
202400021448;155 744 023;7;2;2;5;17;1
202400021448;155 744 024;7;2;2;3;1;1
202400021449;155 744 022;7;0;1;1;1;1
202400021450;155 744 020;10;4;0;2;1;1
202400021451;155 744 018;7;0;2;6;0;1
202400021451;155 744 019;10;0;2;2;0;1
202400021452;155 744 016;7;0;2;3;9;1
202400021452;155 744 017;33;0;2;2;1;1
202400021453;155 744 015;7;0;1;3;1;0
202400021454;155 744 013;7;0;2;2;13;1
202400021454;155 744 014;7;0;2;2;1;1
202400021455;155 744 005;99;0;2;6;1;0
202400021455;155 744 006;7;0;2;1;9;1
202400021456;155 744 003;7;0;2;1;2;1
202400021456;155 744 004;15;0;0;6;1;1
202400021457;155 744 002;7;13;0;1;1;1
202400021458;155 744 000;7;0;2;1;13;1
202400021458;155 744 001;7;0;2;1;1;1
202400021459;155 743 998;7;0;0;3;1;1
202400021459;155 743 999;7;0;0;8;1;1
202400021460;155 743 997;7;13;0;1;1;1
202400021461;155 743 995;33;0;2;3;15;0
202400021461;155 743 996;7;0;2;3;0;1
202400021462;155 743 993;33;0;2;4;16;1
202400021462;155 743 994;7;0;2;1;12;1
202400021463;155 743 991;7;0;2;4;23;2
202400021463;155 743 992;7;0;2;1;1;0
202400021464;155 743 990;7;13;0;1;1;1
202400021465;155 743 988;7;0;2;2;26;1
202400021465;155 743 989;7;0;2;3;1;1
202400021466;155 743 985;7;0;2;5;23;1
202400021466;155 743 986;7;0;2;4;23;1
202400021466;155 743 987;10;0;2;2;2;1
202400021467;155 743 984;7;0;1;2;1;1
202400021468;155 743 983;7;0;1;1;1;1
202400021469;155 743 981;7;0;2;2;19;1
202400021469;155 743 982;7;0;2;1;1;1
202400021470;155 743 980;10;0;1;4;20;0
202400021471;155 743 978;30;0;2;1;17;1
202400021471;155 743 979;7;0;2;3;15;1
202400021472;155 743 976;1;0;2;8;19;5
202400021472;155 743 977;7;0;2;0;0;0
202400021473;155 743 975;7;15;0;1;1;1
202400021474;155 743 973;7;0;9;2;15;1
202400021474;155 743 974;50;0;2;1;1;3
202400021475;155 743 972;7;0;1;3;1;1
202400021476;155 743 970;7;1;2;3;9;1
202400021476;155 743 971;50;1;2;1;1;3
202400021477;155 743 968;33;0;2;1;17;1
202400021477;155 743 969;7;0;2;6;15;1
202400021478;155 743 966;7;0;2;6;2;1
202400021478;155 743 967;7;0;2;2;2;1
202400021479;155 743 964;7;0;2;1;1;1
202400021479;155 743 965;30;0;0;0;1;1
202400021480;155 743 961;1;0;0;1;0;5
202400021480;155 743 962;7;0;0;0;0;0
202400021480;155 743 963;7;0;0;0;0;0
202400021481;155 743 959;50;0;2;8;1;3
202400021481;155 743 960;7;0;2;3;1;1
202400021482;155 743 958;7;0;1;2;16;1
202400021483;155 743 957;7;2;0;1;1;1
202400021484;155 743 956;7;0;1;3;1;1
202400021485;155 743 954;7;0;2;3;15;1
202400021485;155 743 955;7;0;2;2;2;1
202400021486;155 743 952;33;0;2;4;23;1
202400021486;155 743 953;7;0;2;1;1;1
202400021487;155 743 950;7;0;2;3;16;1
202400021487;155 743 951;15;0;2;2;16;1
202400021488;155 743 946;7;0;0;0;13;
202400021488;155 743 947;7;0;2;6;1;1
202400021488;155 743 948;7;0;2;3;13;1
202400021488;155 743 949;7;0;2;9;1;1
202400021489;155 743 944;32;0;2;1;1;1
202400021489;155 743 945;32;0;2;1;23;1
202400021490;155 743 942;10;0;0;4;24;1
202400021490;155 743 943;7;0;2;1;1;1
202400021491;155 743 940;7;0;2;9;1;1
202400021491;155 743 941;7;5;0;8;12;1
202400021492;155 743 939;7;0;1;1;15;1
202400021493;155 743 938;10;13;0;7;1;1
202400021494;155 743 937;7;8;0;2;14;1
202400021495;155 743 936;7;0;1;1;15;1
202400021496;155 743 935;7;0;1;5;2;1
202400021497;155 743 933;50;0;2;1;2;3
202400021497;155 743 934;10;0;2;1;9;1
202400021498;155 743 932;7;0;1;1;1;1
202400021499;155 743 930;33;0;2;1;1;1
202400021499;155 743 931;1;0;2;8;19;5
202400021500;155 743 929;7;14;0;1;1;1
202400021501;155 743 928;37;1;0;2;12;3
202400021502;155 743 927;10;0;1;5;4;1
202400021503;155 743 925;7;0;2;2;9;1
202400021503;155 743 926;1;0;2;7;15;5
202400021504;155 743 922;7;0;2;1;2;1
202400021504;155 743 923;7;0;2;4;2;1
202400021504;155 743 924;7;0;2;1;2;1
202400021505;155 743 921;33;0;9;7;15;1
202400021506;155 743 917;10;0;2;1;2;1
202400021506;155 743 918;7;0;2;4;2;3
202400021506;155 743 919;7;0;2;4;2;1
202400021506;155 743 920;10;0;2;4;2;0
202400021507;155 743 916;7;4;0;2;14;1
202400021508;155 743 915;7;0;1;5;4;1
202400021509;155 743 912;7;0;2;1;18;1
202400021509;155 743 913;7;4;2;4;1;2
202400021509;155 743 914;7;0;2;2;1;2
202400021510;155 743 910;2;0;2;1;1;1
202400021510;155 743 911;7;0;2;3;8;1
202400021511;155 743 909;1;0;1;8;26;5
202400021512;155 743 907;7;0;2;3;1;1
202400021512;155 743 908;60;0;2;1;1;5
202400021513;155 743 905;32;0;2;1;1;1
202400021513;155 743 906;7;0;9;6;11;1
202400021514;155 743 904;10;0;1;3;16;1
202400021515;155 743 902;60;0;0;7;1;5
202400021515;155 743 903;7;0;2;1;15;2
202400021516;155 743 900;7;0;2;2;15;2
202400021516;155 743 901;2;0;2;1;1;1
202400021517;155 743 899;50;0;0;1;1;3
202400021518;155 743 898;7;1;0;1;13;2
202400021519;155 743 896;33;0;2;1;0;1
202400021519;155 743 897;7;0;2;2;0;2
202400021520;155 743 893;33;1;0;1;1;0
202400021521;155 743 891;7;0;2;1;13;1
202400021521;155 743 892;7;0;2;1;23;1
202400021522;155 743 890;99;0;0;0;0;
202400021523;155 743 888;7;0;2;1;1;2
202400021523;155 743 889;7;0;2;2;1;1
202400021524;155 743 886;1;1;0;2;1;5
202400021524;155 743 887;7;1;9;2;24;1
202400021525;155 743 884;7;4;2;1;1;1
202400021525;155 743 885;7;4;2;4;12;2
202400021526;155 743 883;7;0;1;4;4;0
202400021527;155 743 882;7;8;0;1;5;2
202400021528;155 743 880;7;0;0;8;24;0
202400021528;155 743 881;7;1;0;3;16;1
202400021529;155 743 879;7;8;0;1;1;1
202400021530;155 743 877;7;0;2;1;15;1
202400021530;155 743 878;30;0;2;1;1;1
202400021531;155 743 876;7;0;1;1;5;1
202400021532;155 743 875;50;12;0;2;14;3
202400021533;155 743 873;38;0;2;1;1;1
202400021533;155 743 874;7;0;2;1;1;1
202400021534;155 743 870;31;0;2;1;17;1
202400021534;155 743 871;21;0;2;5;15;1
202400021535;155 743 869;7;0;2;8;15;1
202400021535;155 743 872;33;0;2;1;2;1
202400021536;155 743 868;7;0;1;2;12;1
202400021537;155 743 866;7;0;2;1;2;1
202400021537;155 743 867;7;0;2;4;2;1
202400021538;155 743 864;7;0;2;4;5;0
202400021538;155 743 865;10;0;2;2;5;1
202400021539;155 743 862;7;4;0;1;11;1
202400021540;155 743 861;33;0;2;2;1;1
202400021540;155 743 863;1;0;2;3;15;5
202400021541;155 743 860;7;0;1;2;1;0
202400021542;155 743 857;21;13;0;3;0;1
202400021543;155 743 858;1;0;2;3;0;5
202400021543;155 743 859;7;1;0;8;26;1
202400021544;155 743 854;37;0;1;1;2;1
202400021545;155 743 853;7;2;0;1;1;1
202400021546;155 743 852;7;0;1;1;0;0
202400021547;155 743 850;99;0;0;1;2;0
202400021547;155 743 851;1;0;0;4;1;5
202400021548;155 743 847;10;0;9;2;9;1
202400021548;155 743 849;1;0;0;4;1;5
202400021549;155 743 846;7;0;2;2;19;1
202400021549;155 743 848;7;0;2;3;2;2
202400021550;155 743 845;7;8;0;0;0;1
202400021551;155 743 843;7;0;2;1;0;1
202400021551;155 743 844;7;0;2;2;14;1
202400021552;155 743 842;7;0;1;2;1;1
202400021553;155 743 841;7;0;1;2;1;1
202400021554;155 743 839;7;0;9;1;2;1
202400021554;155 743 840;99;0;0;4;1;6
202400021555;155 743 838;43;0;1;2;1;1
202400021556;155 743 837;7;13;0;9;14;1
202400021557;155 743 835;7;0;2;8;11;1
202400021557;155 743 836;33;0;2;7;3;1
202400021558;155 743 833;7;0;9;2;1;1
202400021558;155 743 834;50;0;2;4;2;3
202400021559;155 743 832;7;0;1;1;19;1
202400021560;155 743 831;7;13;0;3;1;1
202400021561;155 743 828;7;0;2;3;20;3
202400021561;155 743 830;32;0;2;2;17;1
202400021562;155 743 827;7;0;2;1;13;1
202400021562;155 743 829;7;0;2;1;1;1
202400021563;155 743 824;7;3;0;1;1;1
202400021564;155 743 825;31;0;2;1;1;1
202400021564;155 743 826;7;12;0;3;19;6
202400021565;155 743 822;7;2;0;1;1;1
202400021566;155 743 821;2;0;2;1;2;1
202400021566;155 743 823;7;0;2;6;16;0
202400021567;155 743 820;7;13;0;8;13;1
202400021568;155 743 818;7;0;2;0;0;1
202400021568;155 743 819;10;0;2;1;1;1
202400021569;155 743 814;34;1;2;1;18;1
202400021569;155 743 816;7;0;2;7;23;1
202400021570;155 743 813;10;0;2;7;17;1
202400021570;155 743 815;7;0;2;3;15;1
202400021571;155 743 811;33;0;0;1;3;1
202400021571;155 743 812;10;0;0;3;10;1
202400021572;155 743 809;2;0;2;1;26;1
202400021572;155 743 810;7;0;2;3;26;1
202400021573;155 743 806;7;1;0;2;2;1
202400021573;155 743 807;2;0;2;4;23;1
202400021573;155 743 808;7;0;2;4;23;1
202400021574;155 743 803;7;2;0;1;14;1
202400021575;155 743 802;7;0;2;8;15;1
202400021575;155 743 804;34;0;2;7;17;1
202400021576;155 743 800;7;0;2;1;1;1
202400021576;155 743 801;7;0;2;1;13;1
202400021577;155 743 797;7;0;2;1;1;1
202400021577;155 743 798;7;0;2;4;1;1
202400021577;155 743 799;10;0;2;4;1;1
202400021578;155 743 796;7;2;0;7;14;1
202400021579;155 743 794;33;0;2;2;11;1
202400021579;155 743 795;7;0;0;6;15;3
202400021580;155 743 793;7;13;0;1;17;1
202400021581;155 743 791;7;6;0;3;1;1
202400021582;155 743 790;7;0;2;1;1;1
202400021582;155 743 792;10;0;2;3;1;1
202400021583;155 743 789;3;8;0;1;1;1
202400021584;155 743 788;10;2;0;3;1;1
202400021585;155 743 787;7;0;0;0;1;1
202400021586;155 743 785;33;0;0;0;1;1
202400021587;155 743 786;2;0;0;0;0;1
202400021588;155 743 784;31;0;0;0;0;1
202400021589;155 743 779;10;0;2;1;1;6
202400021589;155 743 780;7;0;2;8;19;1
202400021590;155 743 777;7;0;2;1;1;1
202400021590;155 743 778;7;0;2;1;1;1
202400021590;155 743 781;7;0;2;8;1;2
202400021590;155 743 782;7;0;2;6;1;1
202400021590;155 743 783;7;0;2;1;5;2
202400021591;155 743 775;7;0;2;3;13;1
202400021591;155 743 776;7;0;2;3;1;1
202400021592;155 743 774;10;0;1;2;15;1
202400021593;155 743 773;7;2;0;8;1;1
202400021594;155 743 772;15;0;0;7;1;1
202400021595;155 743 768;7;0;2;1;5;1
202400021595;155 743 770;7;0;2;1;1;2
202400021595;155 743 771;7;0;2;1;1;1
202400021596;155 743 767;7;0;2;3;13;1
202400021596;155 743 769;7;0;2;3;1;1
202400021597;155 743 766;7;13;0;2;13;1
202400021598;155 743 765;33;4;0;3;0;1
202400021599;155 743 762;30;0;2;1;13;1
202400021599;155 743 764;7;0;2;1;2;1
202400021600;155 743 760;7;0;2;1;0;1
202400021600;155 743 761;7;0;0;4;0;1
202400021600;155 743 763;7;0;2;2;0;1
202400021601;155 743 758;14;0;2;3;1;1
202400021601;155 743 759;7;0;2;3;13;1
202400021602;155 743 755;2;0;0;0;5;1
202400021603;155 743 754;7;4;2;2;17;1
202400021603;155 743 756;33;0;0;0;0;1
202400021603;155 743 757;7;4;0;5;1;1
202400021604;155 743 752;7;0;2;1;1;1
202400021604;155 743 753;7;0;2;2;15;2
202400021605;155 743 749;10;2;0;3;13;1
202400021606;155 743 747;7;0;0;8;1;1
202400021606;155 743 748;7;0;2;1;19;1
202400021607;155 743 745;7;6;1;3;0;1
202400021608;155 743 743;7;0;2;3;1;1
202400021608;155 743 744;7;0;2;3;1;1
202400021608;155 743 746;7;0;2;1;1;1
202400021609;155 743 741;80;0;0;0;0;3
202400021610;155 743 740;38;0;2;3;14;1
202400021610;155 743 742;7;0;2;1;13;1
202400021611;155 743 736;14;0;2;2;1;1
202400021611;155 743 738;7;0;2;8;19;1
202400021612;155 743 737;7;0;2;1;2;1
202400021612;155 743 739;7;0;0;4;2;2
202400021613;155 743 735;17;0;1;3;1;1
202400021614;155 743 733;7;0;2;1;13;1
202400021614;155 743 734;7;0;2;3;1;1
202400021615;155 743 731;7;13;0;6;0;1
202400021615;155 743 732;7;0;2;1;2;1
202400021616;155 743 730;2;0;0;0;0;1
202400021617;155 743 727;7;0;2;3;13;1
202400021617;155 743 728;7;0;2;3;1;1
202400021618;155 743 723;33;0;2;1;1;1
202400021618;155 743 724;10;0;0;8;15;1
202400021619;155 743 725;7;0;2;1;1;1