Num_Acc;id_vehicule;categorie_vehicule;obstacle_fixe;obstacle_mobile;point_choc_initial;manoeuvre_principale;motorisation
202400021979;155 743 101;10;4;0;1;14;1
202400021980;155 743 100;7;0;2;8;9;1
202400021980;155 743 102;7;0;2;2;1;1
202400021981;155 743 099;7;0;1;2;1;1
202400021982;155 743 095;15;0;2;2;12;1
202400021982;155 743 098;7;0;2;6;1;1
202400021983;155 743 097;7;0;1;2;1;2
202400021984;155 743 094;1;0;2;4;2;5
202400021984;155 743 096;1;0;2;1;2;5
202400021985;155 743 093;7;0;1;2;1;1
202400021986;155 743 090;10;0;2;4;23;1
202400021986;155 743 092;10;0;2;1;9;1
202400021987;155 743 087;10;0;2;3;1;1
202400021987;155 743 089;33;0;2;3;13;1
202400021988;155 743 088;33;0;2;1;1;1
202400021988;155 743 091;7;0;2;5;15;2
202400021989;155 743 085;2;0;1;2;26;1
202400021990;155 743 084;1;0;2;1;26;5
202400021990;155 743 086;7;0;9;7;16;1
202400021991;155 743 082;7;0;0;4;2;0
202400021991;155 743 083;10;0;0;1;2;1
202400021992;155 743 078;7;0;2;1;2;1
202400021992;155 743 080;7;0;2;4;2;2
202400021993;155 743 075;7;0;2;1;13;1
202400021993;155 743 076;34;0;2;1;1;1
202400021994;155 743 074;2;0;2;3;15;1
202400021994;155 743 077;7;0;2;2;1;2
202400021995;155 743 073;2;0;0;8;1;1
202400021996;155 743 071;37;0;2;0;0;1
202400021996;155 743 072;7;0;2;0;0;1
202400021997;155 743 069;1;0;0;0;1;5
202400021998;155 743 070;33;8;0;3;0;1
202400021999;155 743 068;7;6;1;2;1;1
202400022000;155 743 066;7;8;0;2;14;1
202400022001;155 743 064;33;14;0;3;6;1
202400022002;155 743 062;32;0;2;1;1;1
202400022002;155 743 067;7;0;2;7;15;1
202400022003;155 743 063;10;0;2;2;1;1
202400022003;155 743 065;1;0;2;4;0;5
202400022004;155 743 061;7;13;0;9;21;1
202400022005;155 743 058;50;12;0;2;16;3
202400022006;155 743 057;1;0;2;5;1;5
202400022006;155 743 060;7;0;2;3;1;2
202400022007;155 743 056;50;1;0;1;16;3
202400022007;155 743 059;7;0;2;6;0;1
202400022008;155 743 054;7;0;0;4;1;1
202400022008;155 743 055;33;0;2;1;1;1
202400022009;155 743 053;2;0;0;7;1;1
202400022010;155 743 050;50;0;2;9;1;3
202400022010;155 743 051;10;0;2;5;16;1
202400022011;155 743 049;31;0;9;1;1;1
202400022011;155 743 052;1;0;2;6;1;5
202400022012;155 743 047;21;0;0;0;1;1
202400022013;155 743 048;33;13;0;0;1;1
202400022014;155 743 045;2;0;2;7;2;1
202400022014;155 743 046;7;0;2;1;0;0
202400022015;155 743 041;7;0;2;3;1;1
202400022015;155 743 043;7;0;2;3;13;1
202400022016;155 743 040;30;0;2;0;0;1
202400022016;155 743 044;1;0;2;0;0;5
202400022017;155 743 039;7;0;1;2;9;0
202400022018;155 743 038;1;0;0;8;26;5
202400022018;155 743 042;7;0;2;3;15;1
202400022019;155 743 037;7;0;1;2;14;1
202400022020;155 743 036;7;0;1;1;1;1
202400022021;155 743 032;7;5;0;3;1;1
202400022022;155 743 031;80;0;2;8;1;3
202400022022;155 743 035;7;0;2;1;1;1
202400022023;155 743 030;34;0;1;1;1;3
202400022024;155 743 029;1;0;2;1;17;5
202400022024;155 743 033;7;0;0;0;23;1
202400022024;155 743 034;7;0;2;3;1;1
202400022025;155 743 025;2;0;0;0;1;1
202400022026;155 743 023;7;0;2;5;9;0
202400022026;155 743 028;13;0;2;0;9;0
202400022027;155 743 022;13;0;2;4;23;1
202400022027;155 743 026;7;1;0;1;1;1
202400022028;155 743 021;7;0;2;2;13;1
202400022028;155 743 024;7;0;2;2;1;1
202400022028;155 743 027;7;0;2;2;1;1
202400022029;155 743 018;7;0;2;1;2;1
202400022029;155 743 020;7;0;0;4;2;1
202400022030;155 743 016;7;0;0;0;1;1
202400022031;155 743 014;7;0;2;3;15;1
202400022031;155 743 017;31;0;2;1;1;1
202400022032;155 743 015;7;5;2;1;2;1
202400022032;155 743 019;10;5;2;4;2;1
202400022033;155 743 010;21;0;2;6;1;1
202400022033;155 743 013;10;0;2;1;1;1
202400022034;155 743 009;7;0;2;3;5;1
202400022034;155 743 012;10;0;2;3;1;1
202400022035;155 743 008;7;0;1;2;1;2
202400022036;155 743 007;7;0;2;3;13;1
202400022036;155 743 011;7;0;2;3;1;1
202400022037;155 743 003;3;12;0;9;16;1
202400022038;155 743 002;17;0;2;7;12;1
202400022038;155 743 005;33;0;2;8;2;1
202400022039;155 743 004;33;0;2;1;1;1
202400022039;155 743 006;7;0;2;2;15;1
202400022040;155 743 000;7;0;2;8;13;1
202400022040;155 743 001;34;0;2;7;3;1
202400022041;155 742 998;33;13;0;0;1;1
202400022042;155 742 997;7;12;1;2;14;1
202400022043;155 742 996;7;0;2;2;16;1
202400022043;155 742 999;1;0;2;1;15;5
202400022044;155 742 992;1;0;0;0;1;5
202400022045;155 742 990;7;0;1;1;1;1
202400022046;155 742 991;10;0;2;4;1;1
202400022046;155 742 993;7;0;2;4;1;1
202400022046;155 742 995;10;0;2;1;2;1
202400022047;155 742 989;33;14;0;1;0;1
202400022048;155 742 984;10;0;2;3;1;3
202400022048;155 742 988;50;0;2;2;9;3
202400022049;155 742 983;7;0;2;5;15;1
202400022049;155 742 987;33;0;2;1;1;1
202400022050;155 742 982;7;0;2;1;2;1
202400022050;155 742 986;7;0;2;4;2;1
202400022051;155 742 981;7;0;2;1;1;1
202400022051;155 742 985;7;0;2;7;19;1
202400022052;155 742 979;7;0;1;1;1;1
202400022053;155 742 976;1;0;2;7;0;5
202400022053;155 742 980;7;0;9;1;0;1
202400022054;155 742 975;7;0;2;0;11;1
202400022054;155 742 978;33;0;2;0;3;1
202400022055;155 742 974;33;0;2;1;17;1
202400022055;155 742 977;7;0;0;8;15;1
202400022056;155 742 971;7;0;2;3;15;1
202400022056;155 742 973;33;0;2;1;1;1
202400022057;155 742 969;36;0;0;9;1;1
202400022058;155 742 968;7;0;2;6;2;1
202400022058;155 742 970;7;0;2;2;21;1
202400022059;155 742 967;7;0;2;8;1;1
202400022059;155 742 972;7;0;2;1;1;1
202400022060;155 742 965;7;0;2;1;2;1
202400022060;155 742 966;7;0;2;4;1;1
202400022061;155 742 961;17;0;0;0;2;1
202400022061;155 742 964;33;0;9;1;2;1
202400022062;155 742 958;1;0;2;7;1;5
202400022062;155 742 960;7;0;2;2;0;1
202400022063;155 742 963;7;0;1;1;1;1
202400022064;155 742 959;7;0;2;2;15;1
202400022064;155 742 962;33;0;2;1;1;1
202400022065;155 742 956;7;0;2;5;12;1
202400022065;155 742 957;32;0;2;8;3;1
202400022066;155 742 954;2;0;0;7;1;1
202400022067;155 742 955;2;15;0;1;1;1
202400022068;155 742 952;17;4;0;0;0;1
202400022069;155 742 951;7;0;2;1;9;1
202400022069;155 742 953;50;0;2;2;1;3
202400022070;155 742 950;33;0;0;3;16;1
202400022071;155 742 949;7;6;0;1;1;1
202400022072;155 742 948;7;4;0;8;1;1
202400022073;155 742 942;30;0;2;0;0;0
202400022073;155 742 946;7;0;2;3;0;6
202400022074;155 742 944;7;0;2;5;15;1
202400022074;155 742 947;30;0;2;1;1;1
202400022075;155 742 941;7;0;2;3;1;1
202400022075;155 742 945;7;0;2;3;1;1
202400022076;155 742 940;7;0;2;3;2;1
202400022076;155 742 943;7;0;2;2;14;1
202400022077;155 742 938;33;9;0;1;26;1
202400022078;155 742 937;2;0;2;1;1;1
202400022078;155 742 939;7;0;2;3;15;1
202400022079;155 742 934;7;0;2;1;1;1
202400022079;155 742 936;7;0;2;3;9;1
202400022080;155 742 933;7;0;2;4;2;1
202400022080;155 742 935;7;0;2;1;1;1
202400022081;155 742 932;2;0;1;1;17;1
202400022082;155 742 931;7;8;0;1;1;1
202400022083;155 742 926;33;0;2;2;17;1
202400022083;155 742 930;7;0;2;8;15;1
202400022084;155 742 927;33;0;2;8;3;1
202400022084;155 742 929;7;0;2;7;14;1
202400022085;155 742 924;10;0;2;1;9;1
202400022085;155 742 928;2;0;2;0;1;1
202400022086;155 742 923;7;0;2;1;13;1
202400022086;155 742 925;7;0;2;1;1;2
202400022087;155 742 922;7;17;0;2;1;1
202400022088;155 742 919;7;0;2;1;17;1
202400022088;155 742 921;10;0;2;1;1;1
202400022089;155 742 918;7;0;9;1;15;1
202400022089;155 742 920;1;0;2;7;1;5
202400022090;155 742 913;7;0;2;1;21;1
202400022090;155 742 915;10;0;2;1;15;1
202400022091;155 742 912;7;13;0;0;1;1
202400022092;155 742 911;15;0;0;0;15;1
202400022093;155 742 910;7;0;1;2;1;1
202400022094;155 742 908;7;13;0;1;1;1
202400022095;155 742 914;7;0;2;1;15;2
202400022095;155 742 916;7;0;2;1;1;1
202400022096;155 742 904;7;1;1;3;1;1
202400022097;155 742 905;7;0;2;4;2;1
202400022097;155 742 906;7;0;2;1;2;1
202400022098;155 742 907;7;0;9;3;9;1
202400022098;155 742 909;1;0;2;1;1;5
202400022099;155 742 903;7;9;0;2;0;1
202400022100;155 742 901;7;0;1;1;15;1
202400022101;155 742 898;7;0;2;1;9;1
202400022101;155 742 902;7;0;2;8;21;1
202400022102;155 742 899;7;0;1;1;1;2
202400022103;155 742 897;7;0;2;3;1;1
202400022103;155 742 900;15;0;0;6;1;1
202400022104;155 742 893;7;0;0;8;1;1
202400022104;155 742 895;7;0;0;1;1;1
202400022104;155 742 896;7;0;2;1;13;2
202400022105;155 742 892;7;0;2;1;1;1
202400022105;155 742 894;7;0;2;4;1;1
202400022106;155 742 891;33;0;0;0;17;1
202400022107;155 742 889;38;0;1;7;2;1
202400022108;155 742 888;7;0;2;3;13;1
202400022108;155 742 890;7;0;2;3;1;0
202400022109;155 742 885;7;0;2;8;24;1
202400022109;155 742 887;2;1;0;8;14;1
202400022110;155 742 882;7;4;0;1;21;1
202400022111;155 742 881;7;0;2;1;9;1
202400022111;155 742 884;7;0;2;2;1;1
202400022112;155 742 877;7;0;5;2;1;1
202400022113;155 742 878;33;12;0;7;16;1
202400022114;155 742 876;7;0;2;1;1;1
202400022114;155 742 879;30;0;2;1;13;1
202400022115;155 742 875;7;0;2;7;1;1
202400022115;155 742 880;10;0;2;1;1;3
202400022116;155 742 874;1;9;0;1;1;5
202400022117;155 742 872;7;0;1;0;26;0
202400022118;155 742 869;33;0;2;1;9;1
202400022118;155 742 873;7;0;2;3;19;1
202400022119;155 742 867;7;0;2;1;9;1
202400022119;155 742 870;7;0;2;2;1;1
202400022120;155 742 866;33;0;2;3;1;1
202400022120;155 742 868;7;0;2;3;20;3
202400022121;155 742 863;33;0;2;5;13;1
202400022121;155 742 864;7;0;2;6;17;1
202400022122;155 742 865;7;3;0;2;1;1
202400022123;155 742 861;7;2;0;0;1;0
202400022124;155 742 860;7;0;0;3;1;1
202400022124;155 742 862;2;0;2;1;13;1
202400022125;155 742 859;7;0;1;3;15;1
202400022126;155 742 858;7;1;0;2;14;1
202400022127;155 742 856;32;0;0;8;13;1
202400022127;155 742 857;10;0;2;8;1;1
202400022128;155 742 855;50;0;0;0;0;3
202400022129;155 742 854;32;0;1;1;0;1
202400022130;155 742 853;33;8;2;1;26;1
202400022131;155 742 852;7;4;0;3;12;1
202400022132;155 742 850;7;0;2;3;1;1
202400022132;155 742 851;33;0;2;1;17;1
202400022133;155 742 849;2;14;0;3;0;1
202400022134;155 742 848;7;7;0;1;16;3
202400022135;155 742 845;33;0;2;1;1;1
202400022135;155 742 846;7;0;2;1;0;1
202400022136;155 742 844;7;0;2;2;16;1
202400022136;155 742 847;33;8;2;1;1;1
202400022137;155 742 842;7;8;0;1;1;1
202400022137;155 742 843;7;0;2;3;21;1
202400022138;155 742 841;7;6;0;1;1;1
202400022139;155 742 840;7;0;1;1;1;0
202400022140;155 742 839;7;0;1;1;1;1
202400022141;155 742 837;50;0;2;1;1;3
202400022141;155 742 838;7;0;2;8;15;2
202400022142;155 742 834;50;0;2;8;26;3
202400022142;155 742 836;7;0;0;8;26;1
202400022143;155 742 835;37;0;1;5;16;0
202400022144;155 742 832;33;0;0;8;1;1
202400022144;155 742 833;7;0;2;2;9;1
202400022145;155 742 828;7;0;2;1;1;1
202400022145;155 742 831;7;0;2;1;1;3
202400022146;155 742 829;1;0;2;4;1;5
202400022146;155 742 830;7;0;2;3;1;1
202400022147;155 742 827;32;0;1;1;17;1
202400022148;155 742 825;31;0;0;1;26;1
202400022149;155 742 823;7;0;2;3;15;1
202400022149;155 742 824;33;0;2;1;17;1
202400022150;155 742 822;7;0;2;1;9;1
202400022150;155 742 826;50;0;2;7;1;3
202400022151;155 742 821;30;0;1;1;15;1
202400022152;155 742 819;2;0;2;1;11;1
202400022152;155 742 820;7;0;2;1;1;1
202400022153;155 742 818;7;0;1;1;1;1
202400022154;155 742 817;7;0;1;0;0;1
202400022155;155 742 814;1;0;2;1;2;5
202400022155;155 742 816;1;0;2;4;1;5
202400022156;155 742 813;7;0;2;1;1;1
202400022156;155 742 815;1;0;2;8;19;5
202400022157;155 742 809;7;0;2;2;19;1
202400022157;155 742 812;7;0;2;1;1;1
202400022158;155 742 810;7;0;4;8;15;1
202400022158;155 742 811;40;0;2;1;1;3
202400022159;155 742 807;33;0;2;1;1;1
202400022159;155 742 808;7;0;2;0;16;1
202400022160;155 742 804;7;0;1;2;26;1
202400022161;155 742 805;2;0;2;1;13;1
202400022161;155 742 806;10;0;2;3;13;1
202400022162;155 742 803;7;0;1;1;1;2
202400022163;155 742 802;7;0;1;1;1;1
202400022164;155 742 801;7;0;0;1;1;1
202400022165;155 742 800;7;0;1;3;1;2
202400022166;155 742 798;7;6;0;1;19;1
202400022167;155 742 795;7;0;2;4;2;1
202400022167;155 742 797;7;0;2;1;2;1
202400022167;155 742 799;7;0;2;1;2;1
202400022168;155 742 794;7;0;2;2;15;1
202400022168;155 742 796;38;0;2;1;1;1
202400022169;155 742 791;7;0;2;3;15;1
202400022169;155 742 793;7;0;2;3;1;2
202400022170;155 742 787;7;0;2;1;1;1
202400022170;155 742 789;7;0;2;4;1;1
202400022170;155 742 790;7;0;2;4;1;1
202400022170;155 742 792;7;0;2;4;1;2
202400022171;155 742 786;33;0;9;1;1;1
202400022171;155 742 788;80;0;2;8;19;3
202400022172;155 742 784;7;0;2;6;1;1
202400022172;155 742 785;7;0;2;1;1;1
202400022173;155 742 781;34;0;2;1;9;1
202400022173;155 742 783;7;0;2;2;1;1
202400022174;155 742 780;2;0;2;1;1;1
202400022174;155 742 782;7;2;2;3;17;1
202400022175;155 742 778;7;0;1;1;1;1
202400022176;155 742 776;7;0;2;1;5;1
202400022176;155 742 777;7;0;2;1;9;1
202400022177;155 742 773;7;0;1;1;1;1
202400022178;155 742 772;7;11;0;2;14;1
202400022179;155 742 771;7;0;2;4;2;1
202400022179;155 742 774;7;0;2;4;2;1
202400022179;155 742 775;15;0;2;1;2;1
202400022179;155 742 779;10;0;2;4;2;1
202400022180;155 742 768;7;0;2;3;1;1
202400022180;155 742 770;50;0;2;7;19;3
202400022181;155 742 767;7;0;2;8;9;1
202400022181;155 742 769;2;0;2;7;1;1
202400022182;155 742 763;1;0;2;0;1;5
202400022182;155 742 765;10;0;2;0;0;1
202400022183;155 742 762;7;0;1;0;1;1
202400022184;155 742 761;10;0;2;1;2;1
202400022184;155 742 764;7;0;2;4;1;1
202400022184;155 742 766;7;0;2;2;0;1
202400022185;155 742 758;32;0;2;3;1;1
202400022185;155 742 760;7;0;2;6;21;1
202400022186;155 742 757;30;0;2;7;16;1
202400022186;155 742 759;7;0;2;3;9;3
202400022187;155 742 752;15;0;2;6;1;1
202400022187;155 742 756;33;0;2;2;3;1
202400022188;155 742 753;7;0;2;8;9;1
202400022188;155 742 755;2;0;2;2;1;1
202400022189;155 742 751;7;0;2;3;1;1
202400022189;155 742 754;7;0;2;3;13;1
202400022190;155 742 747;7;0;1;2;1;1
202400022191;155 742 746;30;0;0;2;1;1
202400022192;155 742 745;10;0;2;4;2;1
202400022192;155 742 748;7;0;2;4;2;1
202400022192;155 742 749;7;0;2;1;2;1
202400022192;155 742 750;7;0;2;4;2;1
202400022193;155 742 743;1;0;0;1;16;5
202400022194;155 742 741;7;0;2;1;9;1
202400022194;155 742 744;50;0;2;7;1;3
202400022195;155 742 736;7;0;1;2;1;1
202400022196;155 742 737;1;0;2;5;2;5
202400022196;155 742 739;7;0;2;1;2;1
202400022197;155 742 735;7;0;2;6;11;1
202400022197;155 742 738;7;0;9;0;0;1
202400022197;155 742 740;15;0;2;1;2;1
202400022197;155 742 742;7;0;2;4;2;2
202400022198;155 742 733;7;0;1;3;1;1
202400022199;155 742 730;7;0;0;2;1;1
202400022200;155 742 729;7;0;2;7;16;1
202400022200;155 742 731;50;0;2;1;1;3
202400022201;155 742 726;10;0;2;1;2;1
202400022201;155 742 728;7;0;2;4;15;1
202400022202;155 742 724;10;0;1;3;15;1
202400022203;155 742 725;7;0;2;1;2;1
202400022203;155 742 727;7;0;2;4;2;1
202400022203;155 742 732;7;0;2;1;2;1
202400022204;155 742 722;33;0;2;1;17;1
202400022204;155 742 723;7;0;2;8;15;1
202400022205;155 742 721;7;0;1;2;1;1
202400022206;155 742 718;7;0;2;3;9;1
202400022206;155 742 720;2;0;2;7;1;1
202400022207;155 742 716;7;0;2;3;1;1
202400022207;155 742 717;17;0;2;7;12;1
202400022208;155 742 714;7;0;2;1;2;1
202400022208;155 742 719;7;0;2;4;2;3
202400022209;155 742 713;1;0;2;1;0;5
202400022209;155 742 715;7;0;9;1;0;1
202400022210;155 742 712;7;0;1;1;15;1
202400022211;155 742 707;7;0;2;1;2;2
202400022211;155 742 710;7;0;2;4;2;1
202400022211;155 742 711;7;0;2;4;2;1
202400022212;155 742 706;7;0;0;0;0;1
202400022212;155 742 709;30;1;0;1;14;1
202400022213;155 742 705;33;0;2;3;21;1
202400022213;155 742 708;7;0;2;5;10;1
202400022214;155 742 704;33;9;0;1;1;1
202400022215;155 742 703;7;0;1;1;1;1
202400022216;155 742 702;7;0;1;3;1;1
202400022217;155 742 700;7;4;2;2;1;1
202400022217;155 742 701;7;4;2;6;1;1
202400022218;155 742 696;7;1;2;3;15;1
202400022218;155 742 698;1;0;2;1;1;5
202400022219;155 742 695;7;0;2;6;2;2
202400022219;155 742 697;34;0;2;1;2;1
202400022219;155 742 699;7;0;2;0;0;1
202400022220;155 742 692;7;3;2;1;2;1
202400022220;155 742 694;7;3;2;4;2;1
202400022221;155 742 691;7;6;0;1;15;1
202400022222;155 742 688;7;0;2;4;2;1
202400022222;155 742 690;7;0;2;4;2;1
202400022222;155 742 693;13;0;2;1;2;1
202400022223;155 742 687;50;0;0;0;16;3
202400022224;155 742 685;7;0;2;5;2;1
202400022224;155 742 686;33;0;2;3;3;1
202400022224;155 742 689;7;0;2;6;1;1
202400022225;155 742 683;7;8;0;1;1;1
202400022226;155 742 681;7;0;2;3;9;1
202400022226;155 742 684;2;0;2;1;17;1
202400022227;155 742 680;2;0;2;1;1;1
202400022227;155 742 682;7;0;2;5;15;1
202400022228;155 742 678;7;0;1;2;1;1
202400022229;155 742 674;30;0;2;4;2;1
202400022229;155 742 676;30;0;2;1;2;1
202400022230;155 742 673;7;0;2;4;2;2
202400022230;155 742 675;7;0;2;6;2;0
202400022230;155 742 677;7;0;2;4;2;0
202400022230;155 742 679;7;0;2;2;2;2
202400022231;155 742 671;7;8;2;1;6;1
202400022231;155 742 672;7;0;2;0;0;1
202400022232;155 742 670;7;1;0;2;14;1
202400022233;155 742 668;43;0;2;1;3;1
202400022233;155 742 669;15;0;2;0;12;1
202400022234;155 742 665;7;0;2;7;1;1
202400022234;155 742 667;7;0;2;1;1;1
202400022235;155 742 664;7;1;0;1;1;1
202400022236;155 742 663;7;0;2;1;1;1
202400022236;155 742 666;2;0;2;4;1;1
202400022237;155 742 661;7;0;2;1;1;1
202400022237;155 742 662;7;0;2;5;9;1
202400022238;155 742 660;1;12;0;0;0;5
202400022239;155 742 656;7;0;2;1;1;1
202400022239;155 742 659;30;0;2;3;19;1
202400022240;155 742 657;33;1;0;2;14;1
202400022241;155 742 655;1;0;2;2;1;5
202400022241;155 742 658;7;0;2;3;9;1
202400022242;155 742 653;7;0;1;2;1;1
202400022243;155 742 650;7;0;2;1;1;1
202400022243;155 742 652;7;0;2;4;1;1
202400022243;155 742 654;7;0;2;4;2;1
202400022244;155 742 649;7;0;2;7;12;1
202400022244;155 742 651;7;0;2;8;1;1
202400022245;155 742 647;14;0;2;1;1;1
202400022245;155 742 648;7;0;0;4;15;1
202400022246;155 742 644;7;0;2;4;2;1
202400022246;155 742 646;7;0;2;1;2;1
202400022247;155 742 645;7;2;0;9;1;1
202400022248;155 742 641;33;0;0;0;1;1
202400022249;155 742 640;7;0;2;1;1;1
202400022249;155 742 643;7;0;2;8;1;1
202400022250;155 742 639;7;0;2;1;1;1
202400022250;155 742 642;80;0;2;7;19;3
202400022251;155 742 635;2;0;2;4;15;1
202400022251;155 742 638;7;0;2;3;1;1
202400022252;155 742 633;10;0;2;2;1;1
202400022252;155 742 637;7;0;2;3;1;1
202400022253;155 742 634;7;0;2;2;15;1
202400022253;155 742 636;32;0;2;1;1;1
202400022254;155 742 629;7;0;2;1;1;1
202400022254;155 742 632;7;16;0;8;1;1
202400022255;155 742 627;30;0;2;1;2;1
202400022255;155 742 630;7;0;2;5;1;1
202400022256;155 742 623;7;0;2;1;2;1
202400022256;155 742 625;31;0;2;4;2;1
202400022256;155 742 626;7;0;2;4;2;1
202400022256;155 742 628;7;0;2;4;2;1
202400022256;155 742 631;7;0;0;4;2;1
202400022257;155 742 621;7;0;2;1;13;1
202400022257;155 742 624;7;0;2;1;1;1
202400022258;155 742 622;60;1;0;2;0;5
202400022259;155 742 618;7;0;1;1;15;1
202400022260;155 742 617;38;0;2;3;1;1
202400022260;155 742 619;10;0;2;2;1;1
202400022261;155 742 616;33;0;0;0;2;1
202400022262;155 742 615;7;0;2;7;19;1
202400022262;155 742 620;10;0;2;1;1;1
202400022263;155 742 613;33;0;2;7;1;1
202400022263;155 742 614;7;0;2;8;11;2
202400022264;155 742 612;7;0;1;1;17;2
202400022265;155 742 609;7;0;2;1;2;1
202400022265;155 742 611;7;0;2;4;2;1
202400022266;155 742 607;7;0;2;8;0;1
202400022266;155 742 610;50;0;2;1;0;3
202400022267;155 742 604;7;0;2;1;1;3
202400022268;155 742 603;10;0;2;1;1;1
202400022268;155 742 605;10;0;2;4;1;1
202400022268;155 742 606;7;0;2;1;1;2
202400022268;155 742 608;31;0;2;1;1;1
202400022269;155 742 601;33;0;2;1;1;1
202400022269;155 742 602;7;0;2;4;1;1
202400022270;155 742 599;43;12;0;1;14;1
202400022271;155 742 598;7;0;2;4;23;1
202400022271;155 742 600;33;0;2;1;1;1
202400022272;155 742 596;10;0;2;5;15;0
202400022272;155 742 597;7;0;2;5;2;1
202400022273;155 742 594;7;0;1;0;2;1
202400022274;155 742 593;1;0;2;1;15;5
202400022274;155 742 595;7;0;2;1;12;1
202400022275;155 742 590;2;0;2;1;1;3
202400022275;155 742 592;7;0;2;4;1;2
202400022276;155 742 589;50;0;0;0;0;3
202400022276;155 742 591;10;0;9;1;1;1
202400022277;155 742 587;50;0;2;1;1;3
202400022277;155 742 588;7;0;2;3;16;2
202400022278;155 742 586;7;16;0;0;26;1
202400022279;155 742 585;7;2;0;1;1;1
202400022280;155 742 582;7;0;1;2;1;1
202400022281;155 742 580;7;0;2;2;2;2
202400022281;155 742 583;10;0;2;1;9;1
202400022282;155 742 581;7;0;9;8;22;1
202400022282;155 742 584;50;1;0;1;1;3
202400022283;155 742 579;7;0;1;1;26;1
202400022284;155 742 576;7;0;9;2;15;1
202400022284;155 742 577;1;0;2;1;0;5
202400022285;155 742 574;2;0;2;8;1;1
202400022285;155 742 575;7;0;2;1;15;1
202400022286;155 742 573;7;0;9;4;23;1
202400022286;155 742 578;17;0;2;1;1;1
202400022287;155 742 571;2;0;0;0;1;1
202400022288;155 742 570;43;0;2;2;1;1
202400022288;155 742 572;7;0;2;3;16;1
202400022289;155 742 567;80;12;0;1;14;3
202400022290;155 742 566;7;0;2;2;1;1
202400022290;155 742 569;7;0;2;3;26;1
202400022291;155 742 565;10;16;0;4;15;1
202400022291;155 742 568;33;0;2;1;3;1
202400022292;155 742 564;7;0;1;2;15;1
202400022293;155 742 561;32;0;0;1;1;1
202400022294;155 742 560;1;1;0;1;26;5
202400022294;155 742 563;31;1;0;3;24;1
202400022295;155 742 559;1;0;9;3;0;5
202400022295;155 742 562;50;0;9;3;1;3
202400022296;155 742 556;1;14;2;1;21;5
202400022296;155 742 558;7;0;2;4;4;0
202400022297;155 742 554;10;0;9;0;26;1
202400022297;155 742 557;50;0;9;0;0;3
202400022298;155 742 550;43;0;2;3;1;1
202400022298;155 742 553;7;0;2;0;26;2
202400022299;155 742 552;33;0;2;1;17;1
202400022299;155 742 555;7;0;2;3;15;1
202400022300;155 742 551;10;0;1;2;0;0
202400022301;155 742 548;7;0;2;4;26;1
202400022301;155 742 549;30;0;2;1;2;1
202400022302;155 742 547;2;0;0;8;1;3
202400022303;155 742 544;7;0;2;2;15;1
202400022303;155 742 546;50;0;2;8;25;3
202400022304;155 742 541;7;0;2;3;1;1
202400022304;155 742 543;7;0;2;3;15;1
202400022305;155 742 540;33;0;2;7;2;1
202400022305;155 742 542;99;0;2;3;2;1
202400022306;155 742 539;80;0;2;1;1;3
202400022306;155 742 545;7;0;9;3;19;1
202400022307;155 742 534;33;0;2;4;23;1
202400022308;155 742 537;7;0;2;2;1;1
202400022308;155 742 538;10;0;2;6;1;1
202400022309;155 742 532;7;0;2;6;23;1
202400022309;155 742 536;43;0;2;2;2;1
202400022310;155 742 533;7;0;2;1;15;1
202400022310;155 742 535;32;0;2;8;15;1
202400022311;155 742 530;30;0;0;8;13;1
202400022312;155 742 529;2;0;2;1;2;0
202400022312;155 742 531;13;0;0;4;2;0
202400022313;155 742 527;7;0;1;2;1;2
202400022314;155 742 524;50;0;1;8;1;3
202400022315;155 742 526;7;0;2;3;15;1
202400022315;155 742 528;43;0;2;1;1;1
202400022316;155 742 523;32;0;2;0;0;1
202400022316;155 742 525;7;0;2;0;0;3
202400022317;155 742 516;7;0;2;4;26;2
202400022317;155 742 519;7;0;2;4;4;1
202400022317;155 742 522;7;0;2;1;26;1
202400022318;155 742 517;15;0;2;2;1;1
202400022318;155 742 520;7;0;2;3;11;1
202400022319;155 742 514;7;0;1;2;14;1
202400022320;155 742 515;7;0;2;9;1;1
202400022320;155 742 518;10;0;2;1;1;1
202400022320;155 742 521;7;0;2;4;1;3
202400022321;155 742 509;7;0;2;4;23;1
202400022321;155 742 513;7;0;2;1;1;1
202400022322;155 742 507;37;0;2;2;1;1
202400022322;155 742 511;50;0;2;4;13;3
202400022323;155 742 506;7;0;2;1;2;1
202400022323;155 742 510;1;0;2;6;1;5
202400022324;155 742 508;1;0;0;8;1;5
202400022324;155 742 512;10;0;2;2;16;1
202400022325;155 742 502;7;0;1;0;0;1
202400022326;155 742 500;34;0;2;1;17;1
202400022326;155 742 503;7;0;2;3;15;1
202400022327;155 742 499;7;0;2;2;15;1
202400022327;155 742 505;33;0;2;1;1;1
202400022328;155 742 498;7;0;2;4;2;2
202400022328;155 742 501;7;0;2;1;2;1
202400022328;155 742 504;7;0;2;4;2;1
202400022329;155 742 494;7;0;2;1;1;1
202400022329;155 742 497;1;0;2;8;19;5
202400022330;155 742 496;7;1;0;2;1;1
202400022331;155 742 492;7;0;2;3;1;2