Num_Acc;id_vehicule;categorie_vehicule;obstacle_fixe;obstacle_mobile;point_choc_initial;manoeuvre_principale;motorisation
202400022331;155 742 495;50;0;2;1;15;3
202400022332;155 742 491;7;0;2;3;0;1
202400022332;155 742 493;7;0;2;1;15;1
202400022333;155 742 489;10;9;0;3;13;1
202400022333;155 742 490;10;9;0;3;26;1
202400022334;155 742 486;7;0;2;3;1;1
202400022334;155 742 488;33;0;2;5;1;1
202400022335;155 742 487;7;0;2;0;19;1
202400022336;155 742 484;10;0;2;3;2;3
202400022336;155 742 485;33;0;2;4;23;1
202400022337;155 742 480;7;0;2;6;0;1
202400022337;155 742 483;33;0;2;1;17;1
202400022338;155 742 478;10;0;2;1;1;1
202400022338;155 742 481;50;0;2;4;1;3
202400022339;155 742 479;7;0;2;3;1;1
202400022339;155 742 482;33;0;2;1;1;1
202400022340;155 742 476;33;0;2;8;0;1
202400022340;155 742 477;33;0;2;8;26;1
202400022341;155 742 474;7;0;1;1;1;3
202400022342;155 742 473;7;0;1;1;1;1
202400022343;155 742 472;33;0;2;1;9;1
202400022343;155 742 475;7;0;2;4;2;1
202400022344;155 742 470;7;0;2;3;13;1
202400022344;155 742 471;7;0;2;3;1;1
202400022345;155 742 465;33;0;9;3;1;1
202400022345;155 742 468;1;0;2;1;1;5
202400022346;155 742 466;30;0;2;2;17;1
202400022346;155 742 469;7;0;2;3;13;2
202400022347;155 742 464;31;0;2;3;3;1
202400022347;155 742 467;7;0;2;7;12;3
202400022348;155 742 460;1;0;0;7;1;5
202400022349;155 742 459;7;0;2;1;1;1
202400022349;155 742 463;7;0;2;2;1;1
202400022350;155 742 458;7;0;2;7;11;1
202400022350;155 742 461;33;0;2;8;1;1
202400022351;155 742 457;7;0;2;1;19;1
202400022351;155 742 462;7;0;2;7;1;1
202400022352;155 742 456;1;0;0;0;0;5
202400022353;155 742 454;1;0;0;0;0;5
202400022353;155 742 455;0;0;2;0;0;0
202400022354;155 742 452;7;4;0;7;1;1
202400022355;155 742 447;7;0;2;1;11;2
202400022355;155 742 450;14;0;2;1;1;1
202400022355;155 742 453;17;0;2;4;12;1
202400022356;155 742 446;13;0;2;1;2;1
202400022356;155 742 449;7;0;2;4;0;1
202400022356;155 742 451;7;0;2;4;2;1
202400022357;155 742 444;7;0;2;4;4;1
202400022357;155 742 445;32;0;2;1;23;1
202400022358;155 742 442;7;0;2;3;1;1
202400022358;155 742 448;7;0;2;1;1;1
202400022359;155 742 443;33;4;0;1;14;1
202400022360;155 742 439;7;0;2;3;1;1
202400022360;155 742 441;2;0;2;7;1;1
202400022361;155 742 438;2;0;0;0;1;1
202400022362;155 742 437;33;0;0;4;1;1
202400022362;155 742 440;7;0;0;0;0;0
202400022363;155 742 435;7;0;2;3;11;1
202400022363;155 742 436;33;0;2;7;1;1
202400022364;155 742 433;7;0;1;5;10;1
202400022365;155 742 432;50;8;0;1;1;3
202400022366;155 742 431;7;0;2;3;15;1
202400022366;155 742 434;31;0;2;1;1;1
202400022367;155 742 428;1;0;2;1;1;5
202400022367;155 742 430;1;0;2;4;1;5
202400022368;155 742 427;7;0;2;3;14;1
202400022368;155 742 429;50;0;2;2;1;3
202400022369;155 742 426;7;14;0;1;1;1
202400022370;155 742 423;7;0;2;1;19;1
202400022370;155 742 425;7;0;2;7;1;1
202400022371;155 742 420;7;1;0;2;1;1
202400022372;155 742 419;3;0;2;2;1;1
202400022372;155 742 422;0;0;2;3;9;0
202400022373;155 742 421;7;0;2;1;1;1
202400022373;155 742 424;10;0;2;6;23;1
202400022374;155 742 417;10;0;1;2;26;1
202400022375;155 742 418;7;2;0;1;1;1
202400022376;155 742 415;7;0;1;2;1;1
202400022377;155 742 414;33;0;2;3;1;1
202400022377;155 742 416;1;0;2;2;1;5
202400022378;155 742 411;7;0;2;1;2;1
202400022378;155 742 413;7;0;2;4;23;1
202400022379;155 742 409;7;0;1;1;1;1
202400022380;155 742 408;32;0;2;4;1;1
202400022380;155 742 410;32;0;2;1;1;1
202400022381;155 742 406;7;0;2;8;9;1
202400022381;155 742 412;7;0;2;1;1;1
202400022382;155 742 401;7;0;2;2;16;1
202400022382;155 742 405;1;0;2;8;1;5
202400022383;155 742 402;33;2;0;0;0;1
202400022384;155 742 404;33;0;2;3;9;1
202400022384;155 742 407;7;0;2;7;1;1
202400022385;155 742 400;33;0;2;1;1;1
202400022385;155 742 403;7;0;2;6;10;1
202400022386;155 742 399;7;2;0;1;1;1
202400022387;155 742 398;7;15;0;1;15;1
202400022388;155 742 396;1;0;2;4;1;5
202400022388;155 742 397;30;0;2;1;1;0
202400022389;155 742 391;7;0;2;3;1;1
202400022389;155 742 395;7;0;2;3;1;1
202400022390;155 742 392;1;0;2;1;1;5
202400022390;155 742 394;7;0;2;1;5;0
202400022391;155 742 390;32;0;2;1;1;1
202400022391;155 742 393;7;0;2;4;1;2
202400022392;155 742 389;33;15;0;1;0;1
202400022393;155 742 388;7;0;1;2;1;1
202400022394;155 742 387;10;0;1;1;1;3
202400022395;155 742 386;13;6;0;1;14;1
202400022396;155 742 385;80;0;0;0;26;3
202400022397;155 742 383;1;0;1;1;1;5
202400022398;155 742 382;7;0;2;5;19;3
202400022398;155 742 384;33;0;2;1;1;1
202400022399;155 742 381;7;0;1;1;1;1
202400022400;155 742 378;10;0;2;3;22;1
202400022400;155 742 380;80;0;2;3;5;3
202400022401;155 742 377;7;2;0;9;1;1
202400022402;155 742 376;32;1;0;3;3;1
202400022403;155 742 375;7;0;2;8;15;1
202400022403;155 742 379;10;0;2;3;1;1
202400022404;155 742 374;7;9;0;1;15;1
202400022405;155 742 371;7;0;2;2;16;1
202400022405;155 742 373;7;0;2;2;15;1
202400022406;155 742 370;1;0;1;1;1;5
202400022407;155 742 369;2;0;2;1;1;1
202400022407;155 742 372;7;0;2;2;11;1
202400022408;155 742 367;7;0;2;2;1;0
202400022408;155 742 368;1;0;2;6;1;5
202400022409;155 742 366;33;0;1;1;1;1
202400022410;155 742 365;33;6;0;1;1;1
202400022411;155 742 364;32;0;0;7;1;3
202400022412;155 742 362;7;0;2;8;15;1
202400022412;155 742 363;33;0;2;1;1;1
202400022413;155 742 361;7;2;0;3;13;1
202400022414;155 742 358;2;0;2;1;15;1
202400022414;155 742 360;7;0;2;5;1;0
202400022415;155 742 356;7;0;2;1;9;1
202400022415;155 742 359;7;0;2;2;5;1
202400022416;155 742 352;1;0;2;1;1;5
202400022416;155 742 355;7;0;2;5;16;1
202400022417;155 742 351;32;0;2;1;1;1
202400022417;155 742 353;7;0;2;3;15;2
202400022418;155 742 350;30;0;2;1;1;1
202400022418;155 742 354;21;0;2;3;9;0
202400022419;155 742 349;13;8;0;1;16;1
202400022420;155 742 346;33;0;2;1;1;1
202400022420;155 742 348;10;0;2;6;1;1
202400022421;155 742 344;32;2;0;1;0;1
202400022422;155 742 342;31;0;0;8;1;1
202400022423;155 742 340;7;0;2;1;0;0
202400022423;155 742 343;50;0;2;7;1;3
202400022424;155 742 338;10;0;2;1;1;1
202400022424;155 742 341;10;0;9;4;1;1
202400022425;155 742 337;7;13;0;1;1;1
202400022426;155 742 336;43;0;2;1;17;1
202400022426;155 742 339;7;0;2;0;17;1
202400022427;155 742 335;34;1;2;1;1;1
202400022428;155 742 332;32;0;2;7;17;1
202400022428;155 742 333;10;0;2;8;17;1
202400022429;155 742 331;7;0;2;3;15;1
202400022429;155 742 334;7;0;2;1;1;1
202400022430;155 742 329;10;0;1;3;1;1
202400022431;155 742 325;7;0;0;4;1;1
202400022431;155 742 327;7;0;2;4;1;1
202400022431;155 742 328;7;0;2;1;1;1
202400022432;155 742 326;7;13;0;1;1;1
202400022433;155 742 323;7;0;1;1;21;1
202400022434;155 742 322;10;0;2;1;1;1
202400022434;155 742 324;7;0;2;3;1;1
202400022435;155 742 318;7;0;2;1;1;1
202400022435;155 742 320;7;0;2;4;1;1
202400022436;155 742 316;7;0;1;5;16;1
202400022437;155 742 315;7;0;9;2;1;1
202400022437;155 742 317;1;0;2;4;19;5
202400022438;155 742 313;33;13;0;1;1;1
202400022439;155 742 312;7;0;2;1;1;1
202400022439;155 742 314;7;0;2;4;16;1
202400022440;155 742 310;7;0;2;5;1;2
202400022440;155 742 311;7;0;2;2;5;1
202400022441;155 742 308;7;8;2;2;0;1
202400022441;155 742 309;7;0;2;3;0;1
202400022442;155 742 307;7;0;0;2;1;1
202400022443;155 742 306;34;0;1;1;1;1
202400022444;155 742 305;33;6;0;1;0;1
202400022445;155 742 303;7;13;0;3;2;1
202400022446;155 742 301;37;1;0;7;14;1
202400022446;155 742 302;7;0;2;1;23;1
202400022446;155 742 304;7;0;2;0;23;1
202400022447;155 742 300;7;2;0;1;1;1
202400022448;155 742 297;7;0;0;1;17;1
202400022448;155 742 298;7;0;0;1;1;2
202400022449;155 742 299;7;0;0;0;1;1
202400022450;155 742 295;31;0;2;1;1;1
202400022450;155 742 296;7;0;2;7;15;2
202400022451;155 742 292;10;0;2;1;13;1
202400022451;155 742 293;7;0;2;6;1;1
202400022451;155 742 294;7;0;2;1;1;2
202400022452;155 742 287;7;0;2;1;5;1
202400022452;155 742 289;33;0;2;1;0;1
202400022452;155 742 290;33;0;2;1;0;1
202400022453;155 742 285;7;3;2;4;1;1
202400022453;155 742 286;7;4;2;1;1;1
202400022454;155 742 283;7;0;2;3;1;1
202400022454;155 742 284;7;0;2;3;1;1
202400022455;155 742 282;33;3;0;3;0;1
202400022456;155 742 279;7;3;2;1;2;1
202400022456;155 742 280;7;0;2;4;2;1
202400022457;155 742 278;7;4;2;1;0;1
202400022457;155 742 281;7;0;2;8;13;1
202400022458;155 742 277;34;0;0;1;1;1
202400022459;155 742 273;7;0;9;3;9;2
202400022459;155 742 276;1;0;2;8;9;5
202400022460;155 742 274;37;0;2;7;1;1
202400022460;155 742 275;15;0;2;8;1;1
202400022461;155 742 272;31;5;0;1;1;1
202400022462;155 742 270;7;0;1;1;2;1
202400022463;155 742 269;2;0;2;1;1;1
202400022463;155 742 271;7;0;2;3;19;1
202400022464;155 742 266;50;0;2;1;1;3
202400022464;155 742 267;7;0;2;5;22;2
202400022465;155 742 265;7;1;0;3;2;1
202400022465;155 742 268;7;0;0;5;24;1
202400022466;155 742 263;7;0;1;7;26;1
202400022467;155 742 262;31;1;0;0;26;1
202400022467;155 742 264;7;0;0;4;26;1
202400022468;155 742 261;32;1;0;1;21;1
202400022469;155 742 259;7;0;2;1;21;1
202400022469;155 742 260;7;0;2;1;13;1
202400022470;155 742 256;7;0;2;5;15;2
202400022470;155 742 258;1;0;2;1;1;5
202400022471;155 742 255;7;0;2;7;17;1
202400022471;155 742 257;1;0;2;4;13;5
202400022472;155 742 253;7;14;1;3;1;2
202400022473;155 742 252;1;0;2;1;19;5
202400022473;155 742 254;7;0;2;7;1;1
202400022474;155 742 249;7;0;2;3;9;1
202400022474;155 742 250;33;0;2;1;1;1
202400022475;155 742 247;99;0;2;1;1;0
202400022475;155 742 248;3;0;2;8;1;0
202400022476;155 742 246;2;0;0;9;0;1
202400022477;155 742 243;33;0;0;3;15;1
202400022478;155 742 244;10;0;2;0;0;0
202400022478;155 742 245;37;0;2;2;1;0
202400022479;155 742 242;7;12;0;1;2;2
202400022480;155 742 240;7;0;0;5;15;1
202400022480;155 742 241;31;0;2;1;2;1
202400022481;155 742 239;1;1;0;2;0;5
202400022482;155 742 235;7;0;2;3;2;1
202400022482;155 742 238;7;0;2;4;2;1
202400022483;155 742 236;31;0;2;1;13;1
202400022483;155 742 237;10;0;2;3;1;1
202400022484;155 742 231;33;0;2;7;1;1
202400022484;155 742 233;7;0;2;1;23;2
202400022484;155 742 234;7;0;2;3;15;1
202400022485;155 742 230;7;0;2;2;15;1
202400022485;155 742 232;1;0;2;1;1;5
202400022486;155 742 228;7;0;2;6;26;1
202400022486;155 742 229;33;0;2;7;0;1
202400022487;155 742 226;7;0;2;1;13;3
202400022487;155 742 227;7;0;2;1;1;1
202400022488;155 742 225;7;0;1;2;0;1
202400022489;155 742 221;7;0;2;1;2;3
202400022489;155 742 223;33;0;2;4;2;1
202400022489;155 742 224;7;0;2;4;1;1
202400022490;155 742 220;32;0;2;1;16;1
202400022490;155 742 222;7;0;2;1;1;1
202400022491;155 742 218;7;0;2;8;11;1
202400022491;155 742 219;33;0;2;7;1;1
202400022492;155 742 216;1;0;2;0;0;5
202400022492;155 742 217;7;0;2;1;1;1
202400022493;155 742 213;33;0;0;3;3;1
202400022493;155 742 214;7;0;0;2;12;2
202400022493;155 742 215;10;0;2;8;1;1
202400022494;155 742 211;7;6;0;2;1;1
202400022495;155 742 210;7;0;2;0;19;2
202400022495;155 742 212;33;0;0;0;0;1
202400022496;155 742 209;14;4;0;1;1;1
202400022497;155 742 207;1;0;2;7;18;5
202400022497;155 742 208;7;0;0;7;23;1
202400022498;155 742 205;31;0;2;7;26;1
202400022498;155 742 206;7;0;2;1;9;1
202400022499;155 742 203;2;0;2;3;15;1
202400022499;155 742 204;7;0;2;2;15;0
202400022500;155 742 200;32;0;2;1;1;1
202400022500;155 742 202;7;0;2;5;17;1
202400022501;155 742 201;1;0;0;0;0;5
202400022502;155 742 198;13;0;1;0;15;3
202400022503;155 742 197;31;0;2;3;9;1
202400022503;155 742 199;13;0;2;5;1;1
202400022504;155 742 195;1;9;1;7;1;5
202400022505;155 742 194;7;1;0;2;1;1
202400022505;155 742 196;7;0;2;6;24;1
202400022506;155 742 193;33;0;0;0;1;1
202400022507;155 742 191;10;1;0;6;23;1
202400022507;155 742 192;7;1;0;3;12;1
202400022508;155 742 190;14;3;0;2;1;1
202400022509;155 742 189;33;12;0;2;1;1
202400022510;155 742 187;7;0;2;3;15;1
202400022510;155 742 188;50;0;2;0;0;3
202400022511;155 742 186;32;14;0;1;1;1
202400022512;155 742 183;7;0;2;4;23;1
202400022512;155 742 185;34;0;2;1;2;1
202400022513;155 742 182;2;0;2;1;17;1
202400022513;155 742 184;7;0;0;3;15;1
202400022514;155 742 180;7;0;9;4;1;1
202400022514;155 742 181;7;0;2;2;1;1
202400022515;155 742 179;7;6;2;2;1;1
202400022516;155 742 178;10;0;1;2;15;1
202400022517;155 742 175;7;0;2;6;11;1
202400022517;155 742 177;7;0;2;2;1;2
202400022518;155 742 176;7;0;1;2;1;1
202400022519;155 742 172;7;0;2;2;1;1
202400022519;155 742 173;7;0;2;4;23;0
202400022519;155 742 174;7;0;2;6;23;1
202400022520;155 742 170;7;0;2;3;1;1
202400022520;155 742 171;7;0;2;0;0;0
202400022521;155 742 169;7;0;1;1;26;1
202400022522;155 742 167;7;0;2;2;16;1
202400022522;155 742 168;34;0;2;3;16;1
202400022523;155 742 165;7;0;2;5;12;1
202400022523;155 742 166;37;0;2;3;1;1
202400022524;155 742 163;7;0;2;3;9;1
202400022524;155 742 164;30;0;2;1;1;1
202400022525;155 742 161;33;0;2;1;1;1
202400022525;155 742 162;7;0;2;8;9;1
202400022526;155 742 159;7;0;2;1;1;1
202400022526;155 742 160;7;0;2;3;1;1
202400022527;155 742 158;50;0;0;0;25;3
202400022528;155 742 156;7;0;2;2;16;1
202400022528;155 742 157;1;0;0;0;0;5
202400022529;155 742 155;7;0;1;1;1;1
202400022530;155 742 153;7;0;2;3;9;1
202400022530;155 742 154;7;0;2;2;1;1
202400022531;155 742 152;10;0;1;1;1;1
202400022532;155 742 150;14;0;2;3;1;1
202400022532;155 742 151;33;0;2;3;19;1
202400022533;155 742 148;7;0;2;3;15;1
202400022533;155 742 149;2;0;2;3;1;1
202400022534;155 742 146;7;0;2;8;19;1
202400022534;155 742 147;10;0;2;1;1;1
202400022535;155 742 144;7;0;2;0;15;1
202400022535;155 742 145;7;0;2;0;0;1
202400022536;155 742 143;37;0;1;5;7;1
202400022537;155 742 141;7;8;2;8;1;1
202400022537;155 742 142;7;0;2;1;0;1
202400022538;155 742 139;7;0;2;2;9;1
202400022538;155 742 140;7;0;2;3;1;1
202400022539;155 742 137;10;0;4;6;24;1
202400022539;155 742 138;40;1;2;2;1;0
202400022540;155 742 135;7;0;2;2;15;1
202400022540;155 742 136;50;0;2;1;1;3
202400022541;155 742 133;1;0;2;8;19;5
202400022541;155 742 134;7;12;2;7;19;2
202400022542;155 742 131;7;0;2;8;15;1
202400022542;155 742 132;7;0;2;2;17;2
202400022543;155 742 129;7;0;2;7;15;1
202400022543;155 742 130;33;0;2;2;1;1
202400022544;155 742 127;2;0;2;2;17;1
202400022544;155 742 128;7;0;2;3;15;1
202400022545;155 742 125;7;0;2;1;1;1
202400022545;155 742 126;50;0;2;1;5;3
202400022546;155 742 124;7;0;1;1;26;1
202400022547;155 742 122;2;0;2;1;1;1
202400022547;155 742 123;10;0;2;1;10;1
202400022548;155 742 120;2;0;2;1;1;1
202400022548;155 742 121;7;0;2;3;9;1
202400022549;155 742 119;33;12;2;3;17;1
202400022550;155 742 116;33;0;2;1;1;1
202400022550;155 742 117;7;0;2;3;15;1
202400022550;155 742 118;7;1;0;6;24;1
202400022551;155 742 114;50;0;2;7;1;3
202400022551;155 742 115;7;0;2;1;9;1
202400022552;155 742 113;7;2;0;1;14;1
202400022553;155 742 111;10;0;2;1;13;1
202400022553;155 742 112;7;0;2;1;21;1
202400022554;155 742 109;1;0;2;1;1;5
202400022554;155 742 110;7;0;2;2;1;1
202400022555;155 742 106;37;0;2;4;7;4
202400022555;155 742 107;7;0;2;1;7;1
202400022556;155 742 104;1;0;2;1;19;5
202400022556;155 742 105;37;0;2;8;1;4
202400022557;155 742 102;7;0;2;1;1;1
202400022557;155 742 103;7;0;2;4;26;1
202400022558;155 742 097;7;0;2;1;2;1
202400022558;155 742 098;7;0;2;4;2;1
202400022558;155 742 099;7;0;2;1;0;2
202400022558;155 742 100;7;0;2;1;2;1
202400022558;155 742 101;7;0;2;1;2;1
202400022559;155 742 096;50;0;1;1;1;3
202400022560;155 742 094;7;0;2;2;1;2
202400022560;155 742 095;7;0;2;6;9;1
202400022561;155 742 093;7;3;0;9;0;1
202400022562;155 742 091;10;0;2;3;1;1
202400022562;155 742 092;7;0;2;8;1;1
202400022563;155 742 089;7;8;0;3;1;1
202400022563;155 742 090;7;0;2;2;12;1
202400022564;155 742 088;14;12;0;1;1;1
202400022565;155 742 082;7;0;2;5;16;1
202400022565;155 742 083;1;0;2;1;1;5
202400022566;155 742 078;14;0;2;7;16;1
202400022566;155 742 079;7;0;2;8;16;1
202400022567;155 742 076;7;0;2;8;11;1
202400022567;155 742 077;32;0;2;7;1;1
202400022568;155 742 074;1;0;2;1;1;5
202400022568;155 742 075;7;0;2;1;15;1
202400022569;155 742 071;13;0;2;1;1;1
202400022569;155 742 072;1;0;2;0;0;5
202400022570;155 742 069;7;0;2;1;16;0
202400022570;155 742 070;80;0;2;8;2;3
202400022571;155 742 067;7;0;2;1;11;1
202400022571;155 742 068;7;0;2;1;2;1
202400022572;155 742 065;7;14;2;2;1;1
202400022572;155 742 066;7;0;2;3;1;1
202400022573;155 742 063;17;0;2;8;9;1
202400022573;155 742 064;1;0;2;1;16;5
202400022574;155 742 061;7;0;9;3;1;1
202400022574;155 742 062;1;0;2;1;15;5
202400022575;155 742 059;7;0;2;1;2;1
202400022575;155 742 060;7;0;2;4;2;1
202400022576;155 742 056;7;0;2;2;2;2
202400022576;155 742 057;7;0;2;6;2;0
202400022577;155 742 054;7;0;2;3;15;1
202400022577;155 742 055;7;0;2;1;17;1
202400022578;155 742 052;7;0;2;6;17;1
202400022578;155 742 053;33;0;2;7;17;1
202400022579;155 742 050;7;0;2;5;1;1
202400022579;155 742 051;50;0;2;1;1;3
202400022580;155 742 048;7;0;2;4;1;2
202400022580;155 742 049;50;0;2;1;1;3
202400022581;155 742 047;7;0;1;3;1;1
202400022582;155 742 045;7;0;2;1;9;1
202400022582;155 742 046;32;0;2;7;26;1
202400022583;155 742 042;33;0;2;0;21;1
202400022583;155 742 044;7;0;;;11;
202400022584;155 742 040;10;0;2;1;5;1
202400022584;155 742 043;7;0;2;8;15;1
202400022585;155 742 039;7;0;0;0;16;1
202400022585;155 742 041;1;0;0;0;21;5
202400022586;155 742 036;7;0;2;5;2;1
202400022586;155 742 038;33;0;2;1;2;1
202400022587;155 742 037;10;0;1;1;16;0
202400022588;155 742 034;33;0;2;3;3;1
202400022588;155 742 035;7;0;2;3;1;2
202400022589;155 742 031;7;0;2;5;1;1
202400022589;155 742 033;30;0;2;6;11;1
202400022590;155 742 032;7;0;1;3;15;1
202400022591;155 742 030;33;0;0;8;16;1
202400022592;155 742 027;30;0;2;3;1;1
202400022592;155 742 028;34;0;2;8;1;1
202400022593;155 742 025;7;0;0;0;1;0
202400022593;155 742 026;7;0;2;1;13;1
202400022593;155 742 029;7;0;2;3;1;1
202400022594;155 742 024;50;0;0;0;0;3
202400022595;155 742 023;7;1;0;2;15;1
202400022596;155 742 018;7;0;2;1;1;1
202400022596;155 742 019;7;0;2;4;23;1
202400022596;155 742 021;7;0;2;4;23;1
202400022596;155 742 022;10;0;2;4;23;1
202400022597;155 742 017;7;0;2;4;1;2
202400022597;155 742 020;7;0;2;1;2;1
202400022598;155 742 015;33;0;2;1;21;1
202400022598;155 742 016;7;0;2;4;1;1
202400022599;155 742 013;31;0;2;1;1;3
202400022599;155 742 014;7;0;2;2;1;2
202400022600;155 742 011;7;0;1;4;4;2
202400022601;155 742 010;50;0;0;0;1;3
202400022602;155 742 008;50;0;2;8;19;3
202400022602;155 742 009;10;0;2;1;1;1
202400022603;155 742 005;10;0;1;1;1;1
202400022604;155 742 006;15;0;2;2;12;1
202400022604;155 742 007;7;0;2;4;1;1
202400022605;155 742 002;10;0;2;8;1;1
202400022605;155 742 004;30;0;2;1;1;1
202400022606;155 742 003;7;0;1;1;2;1
202400022607;155 742 000;10;0;1;3;15;1
202400022608;155 741 998;7;0;1;1;1;1
202400022609;155 741 999;10;0;2;3;1;1
202400022609;155 742 001;7;0;2;3;15;1
202400022610;155 741 997;7;6;0;1;16;1
202400022611;155 741 996;10;0;1;4;26;1
202400022612;155 741 994;2;0;2;8;1;1
202400022612;155 741 995;7;0;2;3;15;1
202400022613;155 741 991;50;0;2;6;16;3
202400022613;155 741 992;7;0;2;6;17;1
202400022613;155 741 993;10;0;0;0;0;0
202400022614;155 741 988;33;0;2;5;2;1
202400022614;155 741 989;7;0;2;3;9;2
202400022615;155 741 987;7;0;2;2;9;0
202400022615;155 741 990;1;0;2;1;1;5
202400022616;155 741 985;7;0;2;8;15;1
202400022616;155 741 986;33;1;2;1;1;1
202400022617;155 741 983;33;0;2;1;1;1
202400022617;155 741 984;7;0;2;7;15;1
202400022618;155 741 981;31;0;0;0;2;1
202400022619;155 741 982;7;13;0;1;26;1
202400022620;155 741 979;7;0;2;2;5;1
202400022620;155 741 980;7;0;2;2;1;1
202400022621;155 741 977;50;0;1;1;1;3
202400022622;155 741 973;7;8;0;1;1;1
202400022622;155 741 975;7;0;2;1;15;1
202400022623;155 741 970;7;0;2;1;1;1
202400022623;155 741 971;38;0;2;6;15;1
202400022624;155 741 972;7;0;2;1;1;1
202400022624;155 741 974;7;0;2;4;1;1
202400022625;155 741 968;13;0;2;8;13;1
202400022625;155 741 969;33;0;2;2;1;1
202400022626;155 741 967;30;0;0;0;1;1
202400022627;155 741 966;3;0;1;2;1;3
202400022628;155 741 965;33;2;0;1;13;1
202400022629;155 741 964;3;0;1;2;0;1
202400022630;155 741 962;7;0;0;7;1;1
202400022630;155 741 963;7;0;2;1;1;1
202400022631;155 741 960;7;14;0;0;1;1
202400022632;155 741 959;7;0;2;1;15;1
202400022632;155 741 961;33;0;2;7;1;1
202400022633;155 741 956;7;0;2;3;10;1
202400022633;155 741 958;2;0;2;1;2;1
202400022634;155 741 955;7;0;2;1;1;1
202400022634;155 741 957;7;0;2;1;1;1
202400022635;155 741 953;7;0;2;1;1;1
202400022635;155 741 954;7;0;2;7;1;1
202400022636;155 741 949;7;8;0;2;26;1
202400022637;155 741 944;7;0;2;4;2;1
202400022637;155 741 946;7;0;2;4;2;1
202400022637;155 741 947;7;0;2;5;2;1
202400022637;155 741 948;10;0;2;0;2;1
202400022637;155 741 950;17;0;2;6;1;1
202400022637;155 741 951;10;0;2;3;2;1
202400022637;155 741 952;10;0;2;4;2;1
202400022638;155 741 943;7;0;2;3;9;1
202400022638;155 741 945;7;0;2;2;15;1
202400022639;155 741 942;15;1;1;6;16;1
202400022640;155 741 939;7;0;2;3;1;1
202400022640;155 741 940;33;0;2;8;1;1
202400022640;155 741 941;33;0;2;1;1;1
202400022641;155 741 937;33;0;0;1;0;1
202400022642;155 741 933;3;0;2;3;13;1
202400022642;155 741 935;7;0;2;3;1;1
202400022643;155 741 934;7;0;2;4;23;1
202400022643;155 741 936;7;0;2;1;1;1
202400022643;155 741 938;7;0;2;4;23;1
202400022644;155 741 931;35;0;2;1;19;1
202400022644;155 741 932;7;0;2;8;1;1
202400022645;155 741 928;38;0;2;3;1;1
202400022645;155 741 930;33;0;2;1;5;1
202400022646;155 741 925;33;0;2;1;1;1
202400022646;155 741 926;7;0;2;6;9;1
202400022647;155 741 927;14;0;2;1;1;1
202400022647;155 741 929;7;0;2;4;1;1
202400022648;155 741 923;7;0;2;7;15;1
202400022648;155 741 924;10;0;2;1;1;1
202400022649;155 741 919;7;0;2;1;1;1
202400022649;155 741 920;7;0;2;5;1;3
202400022649;155 741 921;7;0;2;4;1;1
202400022649;155 741 922;10;0;2;4;1;1
202400022650;155 741 917;33;0;2;1;11;1
202400022650;155 741 918;7;0;2;6;0;3
202400022651;155 741 915;7;0;2;7;15;1
202400022651;155 741 916;32;0;2;1;1;1
202400022652;155 741 913;30;0;2;1;26;1
202400022652;155 741 914;7;0;2;4;0;1
202400022653;155 741 912;7;0;1;1;1;1
202400022654;155 741 910;50;0;2;3;13;3
202400022654;155 741 911;7;0;2;3;1;1
202400022655;155 741 906;10;0;2;1;14;1
202400022655;155 741 907;7;0;2;3;23;1
202400022656;155 741 902;50;0;0;1;0;3
202400022657;155 741 901;7;0;1;3;1;1
202400022658;155 741 899;7;0;2;2;9;1
202400022658;155 741 900;30;0;2;1;11;1
202400022659;155 741 897;7;0;2;4;15;1
202400022659;155 741 898;14;0;2;1;2;1
202400022660;155 741 895;33;0;2;1;1;1
202400022660;155 741 896;2;0;2;2;15;1
202400022661;155 741 893;31;0;2;1;17;1
202400022661;155 741 894;7;0;2;3;15;3
202400022662;155 741 891;33;0;2;7;1;1
202400022662;155 741 892;33;0;2;6;11;1
202400022663;155 741 890;7;4;0;4;1;1
202400022664;155 741 888;10;0;2;2;17;1
202400022664;155 741 889;50;0;2;8;1;3
202400022665;155 741 886;1;0;2;1;3;5
202400022665;155 741 887;7;0;2;3;15;1
202400022666;155 741 884;7;0;2;1;1;3
202400022666;155 741 885;33;0;2;4;1;1
202400022667;155 741 883;60;12;0;1;1;5
202400022668;155 741 881;80;0;2;1;5;3
202400022668;155 741 882;32;0;2;1;1;1
202400022669;155 741 880;7;0;1;3;1;2
202400022670;155 741 879;7;0;1;1;16;1
202400022671;155 741 877;10;0;2;4;2;1
202400022671;155 741 878;7;0;2;1;2;1
202400022672;155 741 875;80;0;2;1;1;3
202400022672;155 741 876;7;0;2;3;22;1
202400022673;155 741 873;1;0;0;1;5;5
202400022673;155 741 874;7;0;0;2;9;1
202400022674;155 741 872;1;0;0;8;2;5
202400022675;155 741 870;80;0;2;3;2;3
202400022675;155 741 871;7;0;2;5;17;2
202400022676;155 741 868;7;0;2;4;0;2
202400022676;155 741 869;7;0;2;1;26;2
202400022677;155 741 866;7;0;2;1;15;1