Num_Acc;id_vehicule;categorie_vehicule;obstacle_fixe;obstacle_mobile;point_choc_initial;manoeuvre_principale;motorisation
202400022677;155 741 867;43;0;2;3;0;1
202400022678;155 741 863;7;0;2;6;2;1
202400022678;155 741 864;80;0;2;7;3;3
202400022678;155 741 865;7;0;2;3;1;1
202400022679;155 741 861;33;0;2;2;0;1
202400022679;155 741 862;7;0;2;8;15;1
202400022680;155 741 859;60;0;2;1;17;5
202400022680;155 741 860;7;0;9;2;26;2
202400022681;155 741 858;10;1;1;4;26;3
202400022682;155 741 855;7;0;9;0;1;1
202400022682;155 741 856;7;0;2;2;1;1
202400022682;155 741 857;34;3;2;3;1;1
202400022683;155 741 854;37;0;1;2;1;1
202400022684;155 741 853;33;0;1;3;3;0
202400022685;155 741 851;50;0;2;1;1;3
202400022685;155 741 852;60;0;2;1;1;5
202400022686;155 741 850;50;0;1;1;25;3
202400022687;155 741 849;7;0;1;1;1;2
202400022688;155 741 848;7;14;1;1;2;1
202400022689;155 741 847;7;0;1;7;1;1
202400022690;155 741 845;7;0;2;3;1;1
202400022690;155 741 846;33;0;1;2;1;1
202400022691;155 741 844;50;0;1;1;1;3
202400022692;155 741 842;10;0;2;4;2;1
202400022692;155 741 843;14;0;2;1;2;1
202400022693;155 741 841;32;0;1;1;2;1
202400022694;155 741 840;7;13;0;1;1;1
202400022695;155 741 838;2;0;2;1;1;1
202400022695;155 741 839;10;0;0;6;26;1
202400022696;155 741 837;33;8;0;1;2;1
202400022697;155 741 835;15;0;2;3;1;1
202400022697;155 741 836;7;0;2;3;13;1
202400022698;155 741 833;7;0;0;7;1;1
202400022698;155 741 834;7;0;2;1;15;1
202400022699;155 741 830;7;0;0;1;1;1
202400022699;155 741 831;7;0;0;1;17;1
202400022699;155 741 832;10;0;0;3;16;1
202400022700;155 741 827;7;3;2;1;5;1
202400022700;155 741 828;33;0;2;3;1;1
202400022700;155 741 829;33;0;2;1;1;1
202400022701;155 741 826;7;2;0;3;1;1
202400022702;155 741 824;7;0;2;3;16;1
202400022702;155 741 825;7;0;2;1;1;1
202400022703;155 741 822;7;0;2;1;1;1
202400022703;155 741 823;10;0;0;4;23;1
202400022704;155 741 821;38;0;1;1;1;1
202400022705;155 741 819;7;0;2;3;1;1
202400022705;155 741 820;2;0;2;1;13;1
202400022706;155 741 817;7;0;2;2;1;1
202400022706;155 741 818;2;0;2;3;19;1
202400022707;155 741 816;7;6;0;1;14;1
202400022708;155 741 814;7;0;2;2;15;0
202400022708;155 741 815;33;0;2;2;13;1
202400022709;155 741 813;7;0;1;2;1;1
202400022710;155 741 810;10;0;2;2;1;1
202400022710;155 741 811;2;0;2;3;15;1
202400022711;155 741 809;7;5;0;1;1;3
202400022712;155 741 807;7;0;2;1;13;1
202400022712;155 741 808;15;0;2;1;1;1
202400022713;155 741 805;7;11;2;1;1;1
202400022713;155 741 806;7;11;2;7;19;1
202400022714;155 741 803;1;0;2;2;19;5
202400022714;155 741 804;7;0;0;5;26;1
202400022715;155 741 801;7;0;2;3;1;1
202400022715;155 741 802;7;0;2;2;1;1
202400022716;155 741 799;1;0;2;1;1;5
202400022716;155 741 800;7;0;2;1;15;1
202400022717;155 741 797;7;0;2;1;1;1
202400022717;155 741 798;7;0;0;3;16;1
202400022718;155 741 795;7;0;2;1;1;1
202400022718;155 741 796;7;0;0;7;1;1
202400022719;155 741 794;7;2;0;3;1;1
202400022720;155 741 793;7;15;0;0;0;1
202400022721;155 741 792;10;8;0;1;1;1
202400022722;155 741 790;32;0;2;1;14;1
202400022722;155 741 791;7;0;2;3;15;1
202400022723;155 741 788;0;0;2;0;5;0
202400022723;155 741 789;33;6;2;3;1;1
202400022724;155 741 786;7;0;2;3;1;1
202400022724;155 741 787;7;0;2;1;13;1
202400022725;155 741 785;33;0;6;1;1;1
202400022726;155 741 784;7;0;1;2;21;1
202400022727;155 741 783;7;2;0;1;1;1
202400022728;155 741 781;7;0;2;1;15;2
202400022728;155 741 782;7;0;2;1;1;1
202400022729;155 741 780;80;11;0;9;0;3
202400022730;155 741 777;7;0;2;7;13;1
202400022730;155 741 778;7;0;2;6;1;1
202400022730;155 741 779;7;0;2;1;1;1
202400022731;155 741 774;10;16;0;9;0;1
202400022732;155 741 773;7;15;0;1;13;1
202400022733;155 741 772;7;16;0;0;1;1
202400022734;155 741 770;33;0;2;1;17;1
202400022734;155 741 771;7;0;2;3;10;1
202400022735;155 741 768;7;0;2;1;2;1
202400022735;155 741 769;7;13;0;4;1;1
202400022736;155 741 766;2;0;2;1;13;1
202400022736;155 741 767;7;0;2;1;1;1
202400022737;155 741 765;7;0;1;4;4;1
202400022738;155 741 763;33;0;0;7;1;1
202400022738;155 741 764;33;8;0;8;1;1
202400022739;155 741 761;7;0;2;5;15;1
202400022739;155 741 762;2;0;2;1;1;1
202400022740;155 741 758;10;0;2;1;1;1
202400022740;155 741 759;7;0;2;2;13;1
202400022740;155 741 760;7;0;2;1;1;1
202400022741;155 741 756;7;0;2;1;15;1
202400022741;155 741 757;80;0;0;8;15;3
202400022742;155 741 751;7;0;2;5;1;1
202400022742;155 741 752;10;0;2;3;14;1
202400022742;155 741 753;17;0;2;5;1;1
202400022742;155 741 754;15;0;2;7;0;1
202400022742;155 741 755;7;0;2;5;13;1
202400022743;155 741 746;7;0;2;6;1;1
202400022743;155 741 747;7;0;2;1;2;1
202400022744;155 741 744;7;0;2;1;1;1
202400022744;155 741 745;7;0;2;4;1;1
202400022745;155 741 742;7;0;2;4;23;1
202400022745;155 741 743;7;0;2;1;1;0
202400022746;155 741 739;7;0;2;3;11;1
202400022746;155 741 740;33;0;2;1;3;1
202400022746;155 741 741;7;0;2;5;1;1
202400022747;155 741 737;7;0;2;1;1;1
202400022747;155 741 738;7;0;2;4;1;1
202400022748;155 741 736;7;3;0;5;1;1
202400022749;155 741 734;33;3;2;1;16;1
202400022749;155 741 735;34;0;2;1;1;1
202400022750;155 741 731;10;0;2;3;2;3
202400022750;155 741 732;7;0;2;4;1;1
202400022750;155 741 733;7;0;2;4;0;2
202400022751;155 741 730;33;0;0;0;26;1
202400022752;155 741 728;34;0;2;1;3;1
202400022752;155 741 729;7;0;2;4;1;1
202400022753;155 741 726;7;3;0;1;1;1
202400022753;155 741 727;7;13;0;0;1;2
202400022754;155 741 724;10;0;2;4;1;1
202400022754;155 741 725;10;0;2;4;1;1
202400022755;155 741 722;7;0;2;1;15;1
202400022755;155 741 723;7;0;2;8;1;1
202400022756;155 741 720;7;0;2;1;1;1
202400022756;155 741 721;7;0;2;4;1;2
202400022757;155 741 719;7;0;1;2;1;1
202400022758;155 741 717;7;0;2;8;0;1
202400022758;155 741 718;15;0;2;1;12;1
202400022759;155 741 715;15;0;2;4;2;1
202400022759;155 741 716;7;0;2;1;2;1
202400022760;155 741 713;1;0;2;1;0;5
202400022760;155 741 714;7;0;2;5;1;1
202400022761;155 741 711;50;0;2;1;1;3
202400022761;155 741 712;7;0;2;0;1;1
202400022762;155 741 709;7;0;2;4;26;1
202400022762;155 741 710;7;0;2;1;2;1
202400022763;155 741 707;7;0;2;4;16;0
202400022763;155 741 708;7;0;2;1;1;1
202400022764;155 741 705;7;0;2;1;26;1
202400022764;155 741 706;33;0;2;4;2;1
202400022765;155 741 702;10;0;2;2;11;1
202400022765;155 741 703;33;0;2;1;2;1
202400022765;155 741 704;7;0;2;4;2;1
202400022766;155 741 700;33;0;2;1;2;1
202400022766;155 741 701;10;0;2;0;2;1
202400022767;155 741 699;30;0;0;1;1;1
202400022768;155 741 697;1;0;2;4;1;5
202400022768;155 741 698;7;0;2;1;14;0
202400022769;155 741 695;37;0;2;1;1;1
202400022769;155 741 696;7;0;2;1;17;1
202400022770;155 741 694;7;0;2;2;26;1
202400022771;155 741 693;32;0;1;1;0;1
202400022772;155 741 692;33;0;1;1;0;1
202400022773;155 741 691;37;0;0;0;1;1
202400022774;155 741 689;7;0;9;3;2;1
202400022774;155 741 690;50;0;2;1;5;3
202400022775;155 741 688;37;0;1;3;0;1
202400022776;155 741 686;7;0;2;8;11;1
202400022776;155 741 687;7;0;2;0;0;1
202400022777;155 741 684;7;6;0;3;0;1
202400022777;155 741 685;10;0;2;1;1;1
202400022778;155 741 683;7;1;0;3;13;1
202400022779;155 741 679;7;0;2;2;1;0
202400022779;155 741 680;50;0;2;1;1;3
202400022780;155 741 678;7;0;1;1;1;1
202400022781;155 741 677;7;3;0;9;13;1
202400022782;155 741 676;7;0;1;2;26;1
202400022783;155 741 674;7;0;2;4;23;1
202400022783;155 741 675;7;0;2;1;0;1
202400022784;155 741 673;7;0;1;3;1;1
202400022785;155 741 670;15;0;2;2;2;1
202400022785;155 741 671;10;0;2;4;2;1
202400022785;155 741 672;7;0;2;4;2;1
202400022786;155 741 666;7;0;2;7;1;0
202400022786;155 741 667;7;0;0;0;0;0
202400022787;155 741 665;7;0;1;3;1;1
202400022788;155 741 663;7;9;2;1;26;1
202400022788;155 741 664;7;9;2;1;1;1
202400022789;155 741 661;7;0;2;2;15;1
202400022789;155 741 662;7;0;2;1;1;1
202400022790;155 741 657;7;0;2;4;2;1
202400022790;155 741 658;7;0;2;1;2;1
202400022790;155 741 659;7;0;2;4;2;1
202400022790;155 741 660;7;0;2;4;2;1
202400022791;155 741 655;7;0;2;1;2;1
202400022791;155 741 656;10;0;0;4;26;1
202400022792;155 741 653;7;0;2;1;1;1
202400022792;155 741 654;7;0;2;5;15;1
202400022793;155 741 651;1;0;2;0;0;5
202400022793;155 741 652;50;0;2;0;0;3
202400022794;155 741 649;3;0;2;2;2;1
202400022794;155 741 650;1;0;2;4;2;5
202400022795;155 741 647;7;0;1;1;1;1
202400022796;155 741 645;7;0;2;1;1;1
202400022796;155 741 646;7;0;2;4;1;1
202400022797;155 741 644;7;0;1;1;1;1
202400022798;155 741 642;7;0;2;1;13;1
202400022798;155 741 643;7;0;2;1;1;1
202400022799;155 741 640;7;6;2;1;9;1
202400022799;155 741 641;7;0;2;8;1;1
202400022800;155 741 638;7;0;2;2;17;1
202400022800;155 741 639;7;0;2;6;1;1
202400022801;155 741 636;7;0;2;1;13;1
202400022801;155 741 637;7;12;2;3;1;1
202400022802;155 741 634;7;0;2;3;1;1
202400022802;155 741 635;2;0;2;8;0;1
202400022803;155 741 632;7;0;1;1;1;1
202400022803;155 741 633;7;0;2;1;1;1
202400022804;155 741 630;1;0;2;7;1;5
202400022804;155 741 631;10;0;2;3;9;1
202400022805;155 741 629;30;0;0;8;16;3
202400022806;155 741 627;7;15;2;3;9;1
202400022806;155 741 628;7;15;2;2;1;1
202400022807;155 741 625;33;0;2;8;1;1
202400022807;155 741 626;7;0;2;7;9;1
202400022808;155 741 624;10;0;1;1;1;1
202400022809;155 741 623;10;0;1;4;4;1
202400022810;155 741 621;7;0;2;6;26;1
202400022810;155 741 622;7;0;2;1;26;1
202400022811;155 741 618;43;0;2;2;2;1
202400022811;155 741 619;7;0;2;3;2;1
202400022812;155 741 617;30;0;0;7;1;1
202400022813;155 741 616;7;6;0;1;14;1
202400022814;155 741 614;43;0;2;1;1;1
202400022814;155 741 615;7;0;2;5;9;1
202400022815;155 741 613;7;10;0;1;14;1
202400022816;155 741 611;7;0;2;1;13;1
202400022816;155 741 612;7;0;2;1;1;1
202400022817;155 741 610;33;0;1;1;1;1
202400022818;155 741 608;7;0;2;2;1;1
202400022818;155 741 609;7;0;2;8;15;1
202400022819;155 741 606;7;0;2;7;17;1
202400022819;155 741 607;50;0;2;8;2;3
202400022820;155 741 604;7;0;2;3;13;1
202400022820;155 741 605;7;0;2;3;1;1
202400022821;155 741 602;34;0;2;1;1;1
202400022821;155 741 603;7;0;2;2;15;1
202400022822;155 741 600;33;1;2;9;2;1
202400022822;155 741 601;7;0;2;7;2;1
202400022823;155 741 598;33;0;2;1;1;1
202400022823;155 741 599;7;0;2;5;1;2
202400022824;155 741 593;7;0;1;2;1;1
202400022825;155 741 590;7;0;2;4;23;0
202400022825;155 741 591;7;0;2;4;23;0
202400022825;155 741 592;7;0;2;1;0;1
202400022826;155 741 589;7;0;0;3;1;1
202400022827;155 741 587;1;0;2;1;9;5
202400022827;155 741 588;50;0;2;1;5;3
202400022828;155 741 585;50;0;2;1;1;3
202400022828;155 741 586;7;0;2;3;9;1
202400022829;155 741 584;1;8;0;1;1;5
202400022830;155 741 583;33;0;1;1;1;1
202400022831;155 741 581;7;0;2;1;5;1
202400022831;155 741 582;7;0;2;0;0;1
202400022832;155 741 579;33;0;2;7;17;1
202400022832;155 741 580;7;0;2;8;15;1
202400022833;155 741 578;7;0;1;1;1;0
202400022834;155 741 576;7;0;2;6;15;1
202400022834;155 741 577;7;2;2;1;1;1
202400022835;155 741 573;7;0;2;1;2;1
202400022835;155 741 574;7;0;2;4;2;1
202400022835;155 741 575;7;0;2;4;2;2
202400022836;155 741 571;50;0;2;7;1;3
202400022836;155 741 572;7;0;2;1;1;1
202400022837;155 741 570;7;0;1;0;26;0
202400022838;155 741 568;7;0;2;8;6;1
202400022838;155 741 569;7;0;2;1;7;3
202400022839;155 741 566;31;0;2;8;1;1
202400022839;155 741 567;7;0;2;8;15;1
202400022840;155 741 564;7;0;2;2;16;0
202400022840;155 741 565;50;0;2;1;15;3
202400022841;155 741 562;7;0;2;3;1;1
202400022841;155 741 563;7;0;2;3;13;1
202400022842;155 741 560;7;0;2;4;1;1
202400022842;155 741 561;10;0;2;1;1;1
202400022843;155 741 558;7;0;2;3;15;1
202400022843;155 741 559;2;0;2;1;17;1
202400022844;155 741 557;7;0;2;2;14;1
202400022845;155 741 555;80;0;2;1;1;3
202400022845;155 741 556;7;0;2;2;1;1
202400022846;155 741 553;7;0;2;2;1;1
202400022846;155 741 554;50;0;2;1;1;3
202400022847;155 741 552;33;13;0;1;1;1
202400022848;155 741 550;10;0;2;3;1;1
202400022848;155 741 551;1;0;2;3;15;5
202400022849;155 741 548;7;0;2;3;15;1
202400022849;155 741 549;33;0;2;8;1;1
202400022850;155 741 546;7;0;2;8;22;1
202400022850;155 741 547;1;0;2;3;1;5
202400022851;155 741 544;33;0;2;9;1;1
202400022851;155 741 545;7;0;2;1;6;2
202400022852;155 741 542;7;0;2;1;15;1
202400022852;155 741 543;34;0;2;7;17;1
202400022853;155 741 540;10;0;2;3;15;1
202400022853;155 741 541;30;0;2;1;1;1
202400022854;155 741 539;7;0;1;1;26;1
202400022855;155 741 536;7;0;0;0;26;1
202400022855;155 741 537;1;0;2;0;0;5
202400022856;155 741 534;7;0;2;1;26;1
202400022856;155 741 535;7;0;2;1;2;1
202400022857;155 741 533;14;0;0;8;16;1
202400022858;155 741 531;7;0;2;1;1;1
202400022858;155 741 532;7;0;2;4;16;1
202400022859;155 741 530;7;0;2;3;17;2
202400022860;155 741 529;7;0;1;1;26;3
202400022861;155 741 528;7;13;0;9;1;1
202400022862;155 741 526;7;0;2;2;1;2
202400022862;155 741 527;33;0;2;8;9;1
202400022863;155 741 524;37;0;2;2;1;1
202400022863;155 741 525;7;0;2;1;1;1
202400022864;155 741 522;50;0;2;1;1;3
202400022864;155 741 523;7;0;2;3;1;1
202400022865;155 741 521;7;0;1;1;1;2
202400022866;155 741 519;7;0;2;5;9;1
202400022866;155 741 520;7;0;2;1;2;1
202400022867;155 741 517;7;0;2;0;0;1
202400022867;155 741 518;7;0;2;0;0;1
202400022868;155 741 515;7;0;2;1;1;1
202400022868;155 741 516;7;0;2;5;1;1
202400022869;155 741 513;2;0;2;1;3;1
202400022869;155 741 514;33;0;2;8;1;1
202400022870;155 741 511;33;0;2;1;9;1
202400022870;155 741 512;7;0;2;4;1;1
202400022871;155 741 509;10;0;2;5;2;1
202400022871;155 741 510;43;0;2;1;2;1
202400022872;155 741 506;33;0;2;1;1;1
202400022872;155 741 507;31;0;2;4;14;1
202400022872;155 741 508;0;0;2;1;1;0
202400022873;155 741 503;10;0;2;8;1;0
202400022873;155 741 504;31;0;2;8;3;1
202400022873;155 741 505;10;0;2;7;1;1
202400022874;155 741 502;33;0;1;2;5;1
202400022875;155 741 501;1;0;1;8;1;5
202400022876;155 741 500;32;0;1;2;1;1
202400022877;155 741 498;30;0;2;1;2;1
202400022877;155 741 499;30;0;2;4;0;1
202400022878;155 741 497;7;0;1;3;1;2
202400022879;155 741 496;7;0;1;6;0;1
202400022880;155 741 494;32;0;2;1;17;1
202400022880;155 741 495;7;0;2;6;22;2
202400022881;155 741 491;32;0;1;3;21;1
202400022882;155 741 489;7;0;2;1;2;1
202400022882;155 741 490;7;0;2;4;2;1
202400022883;155 741 486;50;0;2;1;19;3
202400022883;155 741 488;7;0;2;8;2;2
202400022884;155 741 485;32;0;2;7;1;1
202400022884;155 741 487;7;0;2;3;11;1
202400022885;155 741 482;1;0;2;7;0;5
202400022885;155 741 484;7;0;9;1;0;0
202400022886;155 741 481;7;0;2;3;1;1
202400022886;155 741 483;1;0;2;1;19;5
202400022887;155 741 477;2;0;2;6;15;1
202400022887;155 741 479;7;0;2;2;1;2
202400022888;155 741 475;10;0;1;1;1;1
202400022889;155 741 472;50;0;1;8;1;3
202400022890;155 741 471;7;6;0;1;1;1
202400022891;155 741 468;7;0;1;1;1;1
202400022892;155 741 469;10;0;2;3;2;3
202400022892;155 741 470;7;0;2;5;1;1
202400022893;155 741 466;3;0;2;3;13;1
202400022893;155 741 467;14;0;2;8;1;1
202400022894;155 741 465;33;0;1;2;1;1
202400022895;155 741 463;7;0;2;0;0;0
202400022895;155 741 464;2;0;2;8;0;1
202400022896;155 741 462;7;0;1;1;1;1
202400022897;155 741 459;80;0;2;4;11;3
202400022897;155 741 461;30;0;2;1;1;1
202400022898;155 741 457;7;0;2;5;15;1
202400022898;155 741 458;7;0;2;1;17;1
202400022898;155 741 460;7;0;2;3;1;2
202400022899;155 741 453;7;0;2;6;15;1
202400022899;155 741 456;7;0;2;0;0;1
202400022900;155 741 454;7;0;2;1;1;1
202400022900;155 741 455;7;0;1;1;1;1
202400022901;155 741 451;7;0;2;1;15;3
202400022901;155 741 452;50;0;2;1;19;3
202400022902;155 741 450;13;0;1;3;15;1
202400022903;155 741 449;7;0;1;2;1;1
202400022904;155 741 447;7;0;2;1;1;1
202400022904;155 741 448;2;16;0;7;1;3
202400022905;155 741 445;7;0;2;7;15;1
202400022905;155 741 446;31;0;2;1;1;1
202400022906;155 741 442;10;0;2;1;13;1
202400022906;155 741 443;7;0;2;1;1;1
202400022907;155 741 439;34;0;2;1;1;1
202400022907;155 741 440;7;0;2;1;15;1
202400022908;155 741 441;32;0;2;8;18;1
202400022908;155 741 444;7;0;2;7;16;2
202400022909;155 741 437;43;0;2;3;3;1
202400022909;155 741 438;7;0;2;7;12;1
202400022910;155 741 434;7;0;2;5;23;2
202400022910;155 741 436;1;0;2;3;1;5
202400022911;155 741 433;33;0;2;8;1;1
202400022911;155 741 435;33;0;2;7;1;1
202400022912;155 741 431;80;0;2;1;1;3
202400022912;155 741 432;50;0;2;1;1;3
202400022913;155 741 429;10;0;2;5;4;1
202400022913;155 741 430;43;0;2;3;1;1
202400022914;155 741 428;7;0;1;2;1;1
202400022915;155 741 426;33;0;2;2;17;1
202400022915;155 741 427;10;0;2;3;15;1
202400022916;155 741 425;7;0;1;6;4;1
202400022917;155 741 422;7;0;2;2;15;1
202400022917;155 741 424;7;0;2;3;1;1
202400022918;155 741 421;7;0;2;2;2;1
202400022918;155 741 423;7;0;2;3;2;1
202400022919;155 741 418;7;0;2;3;13;1
202400022919;155 741 419;2;0;2;8;2;3
202400022920;155 741 417;7;9;2;1;15;1
202400022920;155 741 420;2;12;2;3;1;1
202400022921;155 741 414;7;0;2;2;0;1
202400022921;155 741 416;7;0;2;3;0;2
202400022922;155 741 413;1;0;2;1;19;5
202400022922;155 741 415;7;0;2;8;1;1
202400022923;155 741 412;7;0;9;1;26;1
202400022924;155 741 410;7;0;2;3;0;1
202400022924;155 741 411;32;0;2;1;0;1
202400022925;155 741 408;7;0;2;1;1;1
202400022925;155 741 409;7;0;2;4;23;2
202400022926;155 741 407;1;0;1;1;1;5
202400022927;155 741 404;50;15;2;1;5;3
202400022927;155 741 406;7;0;2;2;23;1
202400022928;155 741 403;7;0;2;2;16;3
202400022928;155 741 405;1;0;2;1;0;5
202400022929;155 741 401;7;8;0;3;13;1
202400022930;155 741 402;10;0;1;3;26;0
202400022931;155 741 400;7;8;0;1;1;1
202400022932;155 741 399;7;0;1;1;17;1
202400022933;155 741 398;10;0;1;1;20;1
202400022934;155 741 397;43;1;0;1;1;1
202400022935;155 741 394;1;0;2;1;1;5
202400022935;155 741 396;10;0;9;4;26;1
202400022936;155 741 393;7;0;2;1;5;1
202400022936;155 741 395;37;0;2;1;1;1
202400022937;155 741 390;7;0;2;3;1;1
202400022937;155 741 392;33;0;2;3;11;1
202400022938;155 741 389;7;0;2;2;1;1
202400022938;155 741 391;1;0;2;0;0;5
202400022939;155 741 386;7;0;1;2;1;1
202400022940;155 741 385;1;0;2;2;1;5
202400022940;155 741 387;7;0;2;6;23;1
202400022941;155 741 383;7;0;2;1;15;1
202400022942;155 741 382;7;0;0;3;15;2
202400022942;155 741 384;32;0;0;0;15;1
202400022943;155 741 380;34;0;2;1;15;1
202400022943;155 741 381;32;0;2;7;17;1
202400022944;155 741 378;34;0;0;0;0;1
202400022944;155 741 379;0;0;0;0;0;0
202400022945;155 741 375;1;1;0;1;1;5
202400022945;155 741 377;7;0;2;7;22;2
202400022946;155 741 374;7;0;2;7;16;1
202400022946;155 741 376;30;0;2;3;18;1
202400022947;155 741 373;7;0;0;1;1;1
202400022948;155 741 371;34;0;6;1;19;1
202400022949;155 741 372;1;0;2;0;0;5
202400022950;155 741 368;30;8;0;0;20;1
202400022951;155 741 369;50;0;2;0;0;3
202400022951;155 741 370;7;0;9;2;15;1
202400022952;155 741 367;7;8;0;2;14;1
202400022953;155 741 364;7;0;2;2;0;1
202400022953;155 741 366;15;0;0;6;1;1
202400022954;155 741 363;7;0;9;2;15;1
202400022954;155 741 365;1;0;2;1;1;5
202400022955;155 741 361;33;0;2;1;1;1
202400022955;155 741 362;7;0;0;8;15;1
202400022956;155 741 358;7;3;0;2;1;1
202400022957;155 741 359;7;0;2;1;1;1
202400022957;155 741 360;7;0;2;4;1;2
202400022958;155 741 355;10;3;2;1;11;1
202400022958;155 741 357;15;0;2;8;1;1
202400022959;155 741 354;7;0;2;5;14;1
202400022959;155 741 356;7;0;2;3;1;1
202400022960;155 741 351;34;0;2;1;2;1
202400022960;155 741 353;10;0;2;3;10;1
202400022961;155 741 352;7;4;0;1;2;1
202400022962;155 741 348;7;0;2;2;17;1
202400022962;155 741 350;1;0;2;4;15;5
202400022963;155 741 346;32;0;2;3;3;1
202400022963;155 741 347;7;0;2;7;1;1
202400022963;155 741 349;7;0;2;6;1;1
202400022964;155 741 344;15;1;0;7;15;1
202400022964;155 741 345;7;0;0;8;22;1
202400022965;155 741 341;33;0;2;1;0;1
202400022965;155 741 343;7;0;2;4;0;2
202400022966;155 741 339;31;0;0;1;26;1
202400022967;155 741 336;7;0;2;1;13;1
202400022967;155 741 338;33;0;2;1;1;1
202400022968;155 741 335;10;0;2;1;1;1
202400022968;155 741 337;7;0;2;4;1;1
202400022969;155 741 334;7;2;0;7;2;1
202400022970;155 741 331;32;0;0;7;1;1
202400022971;155 741 332;7;0;2;1;1;1
202400022971;155 741 333;7;0;2;1;13;1
202400022972;155 741 330;7;3;0;1;1;1
202400022973;155 741 328;7;0;2;8;1;1
202400022973;155 741 329;7;0;2;5;4;1
202400022974;155 741 327;7;0;1;1;1;1
202400022975;155 741 326;30;0;1;1;19;1
202400022976;155 741 324;10;0;2;1;1;1
202400022976;155 741 325;33;0;2;1;13;1
202400022977;155 741 322;7;0;2;1;9;1
202400022977;155 741 323;50;0;2;7;1;3
202400022978;155 741 321;2;0;0;0;1;1
202400022979;155 741 319;30;0;0;0;1;1
202400022980;155 741 318;31;0;2;1;1;1
202400022980;155 741 320;7;0;2;3;1;1
202400022981;155 741 315;7;0;2;5;14;1
202400022981;155 741 316;2;0;2;1;1;1
202400022982;155 741 314;33;0;2;1;1;1
202400022982;155 741 317;7;0;2;5;9;1
202400022983;155 741 311;7;6;0;1;13;1
202400022984;155 741 312;7;0;2;1;15;1
202400022984;155 741 313;50;0;2;1;1;3
202400022985;155 741 310;33;4;0;6;1;1
202400022986;155 741 308;33;0;2;8;1;1
202400022986;155 741 309;7;0;2;2;12;1
202400022987;155 741 307;33;0;0;0;1;1
202400022988;155 741 305;31;0;0;1;1;1
202400022989;155 741 304;7;0;2;1;1;1
202400022989;155 741 306;1;0;2;3;19;5
202400022990;155 741 300;2;0;2;1;17;1
202400022990;155 741 302;7;0;2;8;1;1
202400022990;155 741 303;7;0;2;3;1;1
202400022991;155 741 299;7;0;2;8;10;1
202400022991;155 741 301;2;0;2;1;1;1
202400022992;155 741 296;7;0;2;7;2;1
202400022992;155 741 298;7;0;2;2;1;1
202400022993;155 741 295;30;0;2;1;0;1
202400022993;155 741 297;7;0;2;2;2;2
202400022994;155 741 293;7;0;1;1;1;1
202400022995;155 741 292;7;0;2;2;1;1
202400022995;155 741 294;10;0;2;1;1;1
202400022996;155 741 291;7;0;1;1;26;1
202400022997;155 741 290;7;0;1;7;1;1
202400022998;155 741 288;7;0;1;8;9;1
202400022999;155 741 287;33;0;2;2;2;1
202400022999;155 741 289;7;0;2;6;1;3
202400023000;155 741 281;7;0;2;3;5;1
202400023000;155 741 283;7;0;2;6;1;1
202400023000;155 741 284;7;0;2;5;2;2
202400023001;155 741 279;7;0;2;1;2;2
202400023001;155 741 280;7;0;2;4;2;1
202400023001;155 741 282;7;0;2;1;2;1
202400023001;155 741 285;7;0;2;1;2;1
202400023001;155 741 286;7;0;2;4;1;1
202400023002;155 741 278;7;0;0;1;1;1
202400023003;155 741 275;50;0;2;1;2;3
202400023003;155 741 277;30;0;2;1;5;1
202400023004;155 741 274;7;0;2;8;1;1
202400023004;155 741 276;7;0;2;1;15;2
202400023005;155 741 272;33;0;2;1;17;1
202400023005;155 741 273;7;0;2;2;15;1
202400023006;155 741 271;7;0;1;4;20;1
202400023007;155 741 267;7;0;2;4;1;1
202400023007;155 741 268;7;0;2;1;2;1
202400023007;155 741 270;31;0;2;1;2;1
202400023008;155 741 265;10;2;2;3;1;1
202400023008;155 741 266;7;13;2;2;13;1
202400023009;155 741 262;7;0;2;7;16;1
202400023009;155 741 264;99;0;2;1;19;3
202400023010;155 741 261;1;13;0;2;21;5
202400023010;155 741 263;21;0;0;0;17;1
202400023011;155 741 260;37;0;1;7;16;1
202400023012;155 741 258;1;0;2;1;1;5
202400023012;155 741 259;10;0;2;2;1;0
202400023013;155 741 256;10;0;2;1;1;1
202400023013;155 741 257;80;0;2;2;19;3
202400023014;155 741 254;10;0;2;1;1;1
202400023014;155 741 255;10;0;2;4;1;1
202400023015;155 741 253;7;0;1;1;0;1
202400023016;155 741 252;15;0;0;8;1;1
202400023017;155 741 249;7;0;2;1;1;1
202400023017;155 741 250;60;0;2;7;19;5
202400023018;155 741 248;38;2;0;5;21;1
202400023018;155 741 251;21;0;0;0;26;1
202400023019;155 741 246;7;0;2;1;15;1
202400023019;155 741 247;10;0;2;8;1;1
202400023020;155 741 242;14;0;1;3;1;1
202400023021;155 741 241;17;0;2;2;2;1
202400023021;155 741 243;7;0;2;4;2;1
202400023021;155 741 244;7;0;2;4;2;1
202400023021;155 741 245;7;0;0;5;2;1
202400023022;155 741 240;7;0;1;1;1;2
202400023023;155 741 239;7;0;1;1;1;1
202400023024;155 741 237;60;0;2;8;1;5