Num_Acc;id_vehicule;categorie_vehicule;obstacle_fixe;obstacle_mobile;point_choc_initial;manoeuvre_principale;motorisation
202400023024;155 741 238;7;0;2;8;23;1
202400023025;155 741 235;14;0;2;2;19;1
202400023025;155 741 236;7;0;2;3;19;1
202400023026;155 741 232;33;0;2;1;2;1
202400023026;155 741 233;10;0;0;5;15;1
202400023027;155 741 231;7;0;2;8;15;1
202400023027;155 741 234;7;0;2;1;1;1
202400023028;155 741 228;10;0;2;1;1;1
202400023028;155 741 230;38;0;0;4;1;1
202400023029;155 741 229;7;0;1;2;15;1
202400023030;155 741 225;1;0;0;4;13;5
202400023030;155 741 227;10;0;2;2;13;1
202400023031;155 741 224;31;0;2;7;17;0
202400023031;155 741 226;7;0;2;3;15;0
202400023032;155 741 222;1;0;0;8;1;5
202400023032;155 741 223;7;0;2;2;2;1
202400023033;155 741 221;43;0;0;1;1;1
202400023034;155 741 220;7;16;0;9;14;1
202400023035;155 741 216;7;0;2;1;13;1
202400023035;155 741 218;7;0;2;3;1;1
202400023035;155 741 219;7;0;2;1;1;1
202400023036;155 741 215;15;0;2;3;1;1
202400023036;155 741 217;7;0;2;3;15;1
202400023037;155 741 212;33;0;2;1;1;1
202400023037;155 741 214;7;0;2;2;16;1
202400023038;155 741 211;33;0;2;2;2;1
202400023038;155 741 213;7;0;2;3;2;0
202400023039;155 741 209;33;1;0;2;1;1
202400023040;155 741 208;7;8;4;8;26;1
202400023040;155 741 210;40;0;2;1;0;3
202400023041;155 741 204;10;15;2;2;26;1
202400023041;155 741 206;10;0;2;1;1;1
202400023042;155 741 205;7;0;2;1;15;1
202400023042;155 741 207;32;0;2;1;1;1
202400023043;155 741 202;33;16;0;1;17;1
202400023044;155 741 201;7;0;2;1;26;1
202400023044;155 741 203;30;0;2;4;1;0
202400023045;155 741 199;33;0;2;1;1;1
202400023045;155 741 200;7;0;2;5;9;1
202400023046;155 741 197;7;0;2;7;12;1
202400023046;155 741 198;1;0;2;3;0;5
202400023047;155 741 195;7;8;0;1;1;1
202400023048;155 741 196;33;6;0;3;13;1
202400023049;155 741 190;7;0;2;8;22;3
202400023049;155 741 193;1;1;0;1;1;5
202400023050;155 741 189;7;0;2;1;5;1
202400023050;155 741 192;7;0;2;1;1;1
202400023050;155 741 194;7;0;2;3;1;1
202400023051;155 741 188;7;0;2;3;0;3
202400023051;155 741 191;34;0;2;3;13;1
202400023052;155 741 183;10;0;0;5;1;1
202400023052;155 741 186;32;0;2;1;2;1
202400023053;155 741 181;7;0;2;3;1;1
202400023053;155 741 182;31;0;2;7;1;1
202400023053;155 741 184;7;0;2;3;13;1
202400023054;155 741 180;7;0;1;2;1;1
202400023055;155 741 178;33;3;0;1;0;1
202400023056;155 741 177;17;0;2;3;1;1
202400023056;155 741 179;7;3;2;2;14;2
202400023057;155 741 176;7;0;0;9;17;1
202400023058;155 741 171;7;0;2;2;16;1
202400023058;155 741 174;80;0;2;1;21;3
202400023059;155 741 172;31;8;0;1;0;1
202400023060;155 741 169;7;0;0;4;1;1
202400023060;155 741 170;7;0;2;1;2;1
202400023060;155 741 173;7;0;2;1;2;1
202400023060;155 741 175;7;0;2;1;2;2
202400023061;155 741 164;10;0;2;7;15;1
202400023061;155 741 167;2;0;2;1;1;1
202400023062;155 741 165;33;0;2;1;1;1
202400023062;155 741 168;10;0;2;5;4;1
202400023063;155 741 163;7;0;2;1;15;1
202400023063;155 741 166;7;0;2;2;1;1
202400023064;155 741 162;7;8;0;2;9;1
202400023065;155 741 157;7;0;2;1;2;1
202400023065;155 741 160;7;0;2;4;1;0
202400023066;155 741 156;7;0;2;1;1;1
202400023066;155 741 159;50;0;0;4;14;3
202400023067;155 741 155;7;0;2;4;15;1
202400023067;155 741 158;7;0;2;1;2;1
202400023067;155 741 161;7;8;2;3;1;1
202400023068;155 741 152;7;0;2;3;2;1
202400023068;155 741 153;7;0;2;5;2;1
202400023069;155 741 151;50;0;2;7;1;3
202400023069;155 741 154;7;0;2;3;9;1
202400023070;155 741 150;7;0;1;1;1;1
202400023071;155 741 148;1;0;2;7;19;5
202400023071;155 741 149;7;0;2;1;16;1
202400023072;155 741 147;7;0;1;4;20;1
202400023073;155 741 145;7;3;0;9;1;3
202400023074;155 741 144;7;0;2;1;13;1
202400023074;155 741 146;7;0;0;1;1;1
202400023075;155 741 141;7;0;2;1;15;1
202400023075;155 741 143;50;0;2;1;25;3
202400023076;155 741 137;7;0;2;5;2;1
202400023076;155 741 139;1;0;2;4;2;5
202400023076;155 741 142;1;0;2;4;2;5
202400023077;155 741 138;7;0;2;2;1;1
202400023077;155 741 140;7;0;2;7;15;1
202400023078;155 741 135;50;0;2;4;11;3
202400023078;155 741 136;7;0;2;1;1;2
202400023079;155 741 130;7;0;2;1;5;0
202400023079;155 741 133;7;0;2;1;1;1
202400023080;155 741 129;1;0;0;0;0;5
202400023081;155 741 128;7;0;2;3;15;1
202400023081;155 741 131;3;0;2;2;1;3
202400023082;155 741 127;36;6;0;8;1;1
202400023083;155 741 124;7;16;0;9;1;1
202400023084;155 741 123;7;0;2;3;17;3
202400023084;155 741 125;7;13;2;1;1;1
202400023084;155 741 126;7;0;2;6;1;1
202400023085;155 741 122;7;1;0;4;23;1
202400023086;155 741 118;21;0;2;8;1;1
202400023086;155 741 121;31;0;2;1;1;1
202400023087;155 741 116;7;0;2;4;2;1
202400023087;155 741 117;7;0;2;1;1;1
202400023087;155 741 120;7;0;2;6;1;1
202400023088;155 741 115;33;6;0;1;1;1
202400023089;155 741 114;7;12;0;1;26;1
202400023090;155 741 111;1;0;2;1;1;5
202400023090;155 741 113;10;0;9;8;1;1
202400023091;155 741 110;7;0;1;4;4;1
202400023092;155 741 109;10;0;2;1;12;1
202400023092;155 741 112;7;0;2;0;1;1
202400023093;155 741 108;7;4;0;1;0;1
202400023094;155 741 104;7;0;2;1;2;1
202400023094;155 741 106;7;0;2;4;1;1
202400023095;155 741 105;1;0;0;4;15;5
202400023095;155 741 107;2;15;2;2;17;1
202400023096;155 741 100;10;0;2;1;2;1
202400023096;155 741 103;10;0;1;1;1;1
202400023097;155 741 099;10;0;2;1;15;1
202400023097;155 741 101;33;0;2;1;1;1
202400023098;155 741 096;7;0;2;4;2;1
202400023098;155 741 097;7;0;2;1;17;1
202400023098;155 741 098;7;0;2;8;13;1
202400023098;155 741 102;7;0;2;4;2;1
202400023099;155 741 095;50;0;0;0;16;3
202400023100;155 741 091;7;0;2;7;2;1
202400023100;155 741 094;1;0;2;8;2;5
202400023101;155 741 089;7;0;2;1;2;1
202400023101;155 741 092;2;0;2;4;2;1
202400023102;155 741 088;7;0;2;4;2;1
202400023102;155 741 090;7;0;2;4;1;1
202400023102;155 741 093;7;0;2;4;2;1
202400023103;155 741 087;33;0;0;7;1;1
202400023104;155 741 084;15;0;2;6;0;1
202400023104;155 741 086;15;0;2;2;2;1
202400023105;155 741 083;7;0;2;5;19;1
202400023105;155 741 085;43;0;2;1;19;1
202400023106;155 741 082;7;1;0;3;0;1
202400023107;155 741 078;37;0;2;6;24;1
202400023107;155 741 080;7;0;2;1;1;1
202400023108;155 741 077;7;0;2;1;1;1
202400023108;155 741 079;7;0;0;8;10;1
202400023109;155 741 074;7;0;2;1;2;1
202400023109;155 741 076;7;0;2;4;2;1
202400023109;155 741 081;7;0;2;4;2;1
202400023110;155 741 073;7;0;2;1;1;1
202400023110;155 741 075;10;0;2;4;16;0
202400023111;155 741 071;33;0;2;1;3;1
202400023111;155 741 072;7;0;2;2;13;1
202400023112;155 741 070;7;3;0;1;1;1
202400023113;155 741 066;7;0;2;3;2;1
202400023114;155 741 065;7;0;2;2;1;1
202400023114;155 741 069;7;0;2;1;15;1
202400023115;155 741 064;10;0;2;4;1;1
202400023115;155 741 067;10;0;2;1;1;1
202400023115;155 741 068;7;0;2;3;21;1
202400023116;155 741 054;7;0;9;2;1;1
202400023116;155 741 056;33;0;2;9;3;1
202400023116;155 741 058;7;0;9;3;1;1
202400023116;155 741 061;7;0;2;5;1;1
202400023116;155 741 062;7;0;9;3;1;1
202400023116;155 741 063;34;0;2;2;3;1
202400023117;155 741 055;7;0;0;4;1;1
202400023117;155 741 057;10;0;2;1;2;1
202400023117;155 741 060;10;0;2;4;1;1
202400023118;155 741 059;10;0;1;1;15;1
202400023119;155 741 052;7;4;0;3;1;1
202400023120;155 741 051;7;0;2;6;2;1
202400023120;155 741 053;30;0;2;1;2;0
202400023121;155 741 046;10;0;2;4;26;1
202400023121;155 741 048;2;0;2;4;26;1
202400023122;155 741 049;7;2;0;3;14;1
202400023123;155 741 045;7;0;2;4;1;1
202400023123;155 741 047;7;0;2;4;2;1
202400023123;155 741 050;7;0;2;1;2;1
202400023124;155 741 044;7;8;0;4;26;1
202400023125;155 741 037;33;0;2;0;0;1
202400023125;155 741 039;7;0;2;0;0;1
202400023125;155 741 041;7;0;2;3;13;1
202400023126;155 741 038;7;0;2;4;23;1
202400023126;155 741 043;50;0;2;1;2;3
202400023127;155 741 033;7;0;2;1;2;2
202400023127;155 741 035;7;0;2;4;2;1
202400023127;155 741 036;7;0;2;4;2;1
202400023127;155 741 040;7;0;2;4;2;1
202400023127;155 741 042;7;0;2;4;2;1
202400023128;155 741 032;30;0;2;7;0;1
202400023128;155 741 034;7;0;2;1;15;1
202400023129;155 741 029;7;0;2;1;17;1
202400023129;155 741 031;7;0;2;1;1;1
202400023130;155 741 025;10;0;2;2;1;1
202400023130;155 741 027;10;0;2;3;16;1
202400023131;155 741 020;7;0;2;1;13;1
202400023131;155 741 023;7;0;2;3;1;1
202400023131;155 741 026;7;0;2;8;1;1
202400023131;155 741 028;7;0;2;8;1;2
202400023131;155 741 030;7;0;2;3;1;1
202400023132;155 741 018;7;4;0;0;0;1
202400023132;155 741 019;7;0;0;0;18;1
202400023133;155 741 016;7;0;2;1;2;1
202400023133;155 741 017;7;0;2;4;2;1
202400023134;155 741 014;7;0;2;1;1;1
202400023134;155 741 015;1;0;2;0;0;5
202400023135;155 741 021;7;0;2;4;2;1
202400023135;155 741 022;10;0;2;1;2;1
202400023135;155 741 024;7;0;2;4;2;1
202400023136;155 741 008;30;0;0;8;1;1
202400023137;155 741 009;7;0;2;4;0;1
202400023137;155 741 011;7;0;2;7;1;1
202400023137;155 741 013;33;0;2;4;1;1
202400023138;155 741 007;7;15;0;9;14;1
202400023139;155 741 005;7;0;2;2;1;1
202400023139;155 741 006;7;0;2;5;15;1
202400023140;155 741 001;7;0;2;1;1;1
202400023140;155 741 003;7;0;2;8;10;1
202400023141;155 741 000;10;0;2;1;14;1
202400023141;155 741 002;15;0;2;2;1;1
202400023141;155 741 004;7;0;2;9;1;1
202400023142;155 740 999;33;0;0;0;1;1
202400023143;155 740 997;30;0;2;3;16;1
202400023143;155 740 998;7;0;2;7;16;1
202400023144;155 740 996;7;4;0;3;21;1
202400023145;155 740 994;7;0;2;4;1;1
202400023145;155 740 995;1;0;2;1;1;5
202400023146;155 740 991;17;0;2;2;12;1
202400023146;155 740 993;7;0;2;6;1;1
202400023147;155 740 990;7;0;2;8;15;1
202400023147;155 740 992;33;1;2;2;17;1
202400023148;155 740 987;7;0;2;1;2;1
202400023148;155 740 989;7;0;2;4;2;1
202400023149;155 740 988;7;0;1;3;19;1
202400023150;155 740 985;7;0;2;4;1;1
202400023150;155 740 986;10;0;2;1;1;1
202400023151;155 740 982;7;0;1;2;2;1
202400023152;155 740 981;7;0;2;3;13;3
202400023152;155 740 983;7;0;2;4;1;1
202400023152;155 740 984;7;0;2;2;3;1
202400023153;155 740 979;16;4;0;2;14;1
202400023154;155 740 980;7;1;0;3;1;1
202400023155;155 740 977;32;0;2;4;2;1
202400023155;155 740 978;34;0;2;1;2;1
202400023156;155 740 970;7;0;2;3;21;2
202400023156;155 740 972;7;0;2;8;1;1
202400023156;155 740 975;7;0;9;3;1;1
202400023156;155 740 976;7;0;2;1;5;1
202400023157;155 740 971;7;0;2;1;9;1
202400023157;155 740 974;13;0;2;2;1;1
202400023158;155 740 969;10;0;2;5;15;1
202400023158;155 740 973;32;0;2;1;1;1
202400023159;155 740 966;30;0;2;1;17;1
202400023159;155 740 968;7;0;2;8;15;1
202400023160;155 740 964;7;0;2;4;1;1
202400023160;155 740 965;7;0;2;4;1;1
202400023160;155 740 967;50;0;2;1;1;3
202400023161;155 740 963;7;0;1;4;24;1
202400023162;155 740 961;7;0;2;1;2;0
202400023162;155 740 962;7;0;2;4;23;0
202400023163;155 740 959;33;0;1;1;1;1
202400023164;155 740 958;7;0;2;4;2;1
202400023164;155 740 960;10;0;2;1;2;3
202400023165;155 740 957;7;0;1;0;1;1
202400023166;155 740 955;7;0;1;1;1;1
202400023167;155 740 954;32;0;2;8;11;1
202400023167;155 740 956;32;0;2;1;3;1
202400023168;155 740 952;10;0;2;3;1;1
202400023168;155 740 953;7;0;2;3;5;1
202400023169;155 740 949;7;0;9;1;15;1
202400023169;155 740 951;1;0;2;8;1;5
202400023170;155 740 947;10;0;2;2;9;1
202400023170;155 740 948;50;0;2;1;1;3
202400023171;155 740 944;7;0;2;1;2;1
202400023171;155 740 946;7;0;2;4;1;1
202400023171;155 740 950;7;0;2;4;2;1
202400023172;155 740 942;1;0;2;1;1;5
202400023172;155 740 945;7;0;9;2;15;1
202400023173;155 740 939;7;8;2;1;5;1
202400023173;155 740 943;7;0;2;3;23;1
202400023174;155 740 938;1;0;2;2;16;5
202400023174;155 740 941;7;0;9;1;9;1
202400023175;155 740 937;33;0;2;7;1;1
202400023175;155 740 940;7;0;2;1;15;1
202400023176;155 740 934;10;0;2;6;21;1
202400023176;155 740 935;7;0;2;3;21;1
202400023176;155 740 936;7;0;2;3;13;1
202400023177;155 740 932;7;0;1;1;1;1
202400023178;155 740 933;10;0;1;3;1;1
202400023179;155 740 928;2;0;2;1;1;1
202400023179;155 740 931;7;0;2;1;15;1
202400023180;155 740 929;33;0;2;1;1;1
202400023180;155 740 930;7;0;2;4;14;1
202400023181;155 740 927;10;0;1;1;1;0
202400023182;155 740 925;80;0;2;3;1;3
202400023182;155 740 926;7;0;2;2;26;1
202400023183;155 740 924;7;0;1;2;1;1
202400023184;155 740 922;33;0;0;8;9;1
202400023185;155 740 919;50;0;2;1;1;3
202400023185;155 740 920;7;0;2;1;15;1
202400023186;155 740 921;7;0;2;1;1;1
202400023186;155 740 923;7;0;2;7;1;1
202400023187;155 740 917;7;0;2;3;15;1
202400023187;155 740 918;30;0;2;2;17;1
202400023188;155 740 915;7;0;2;1;9;1
202400023188;155 740 916;1;0;2;7;1;5
202400023189;155 740 914;33;9;0;1;15;1
202400023190;155 740 912;10;0;2;1;0;1
202400023190;155 740 913;7;0;2;1;0;1
202400023191;155 740 911;7;6;0;0;13;1
202400023192;155 740 908;2;0;2;1;26;1
202400023192;155 740 910;7;0;2;2;21;1
202400023193;155 740 907;7;0;2;6;4;1
202400023193;155 740 909;1;0;2;0;1;5
202400023194;155 740 905;7;0;1;7;1;1
202400023195;155 740 904;7;0;2;1;2;1
202400023195;155 740 906;1;0;2;4;0;5
202400023196;155 740 903;30;0;2;0;1;1
202400023197;155 740 901;33;0;2;0;0;1
202400023197;155 740 902;7;0;0;0;0;1
202400023198;155 740 899;7;0;2;1;2;1
202400023198;155 740 900;3;0;0;4;2;1
202400023199;155 740 897;31;0;2;6;18;1
202400023199;155 740 898;7;0;2;5;15;1
202400023200;155 740 896;7;15;0;1;14;1
202400023201;155 740 895;10;0;1;1;2;1
202400023202;155 740 892;32;0;9;8;1;3
202400023202;155 740 894;1;0;0;1;19;5
202400023203;155 740 891;7;0;2;5;12;0
202400023203;155 740 893;33;0;2;3;3;1
202400023204;155 740 889;1;0;0;3;13;5
202400023204;155 740 890;7;0;0;3;13;2
202400023205;155 740 888;34;0;0;1;1;1
202400023206;155 740 886;10;0;1;2;1;1
202400023207;155 740 885;34;0;2;5;1;1
202400023207;155 740 887;7;0;2;5;1;2
202400023208;155 740 884;7;9;0;1;1;1
202400023209;155 740 881;7;0;2;1;0;1
202400023209;155 740 882;7;0;2;1;0;1
202400023210;155 740 880;7;0;2;2;10;1
202400023210;155 740 883;31;0;2;8;1;1
202400023211;155 740 879;33;12;0;1;26;1
202400023212;155 740 876;50;0;2;7;1;3
202400023212;155 740 878;7;0;2;1;1;1
202400023213;155 740 875;80;0;2;8;1;3
202400023213;155 740 877;7;0;2;2;16;1
202400023214;155 740 871;7;0;2;1;9;1
202400023214;155 740 874;10;0;2;7;1;1
202400023215;155 740 872;2;0;2;8;1;1
202400023215;155 740 873;10;0;2;1;16;1
202400023216;155 740 868;7;0;2;1;1;1
202400023216;155 740 870;7;0;2;4;23;1
202400023217;155 740 867;1;0;2;1;13;5
202400023217;155 740 869;1;0;2;1;1;5
202400023218;155 740 864;7;0;2;5;1;1
202400023218;155 740 866;33;0;2;0;0;1
202400023219;155 740 863;1;0;2;1;1;5
202400023219;155 740 865;50;0;2;8;19;3
202400023220;155 740 861;2;0;1;1;21;3
202400023221;155 740 860;7;0;2;1;1;1
202400023221;155 740 862;7;0;2;8;13;1
202400023222;155 740 857;10;0;2;8;15;1
202400023222;155 740 859;32;0;2;1;17;1
202400023223;155 740 856;7;0;2;3;2;3
202400023223;155 740 858;7;0;2;2;15;1
202400023224;155 740 854;30;0;2;8;16;1
202400023224;155 740 855;10;0;2;2;14;1
202400023225;155 740 852;0;0;2;0;0;0
202400023225;155 740 853;10;0;2;7;0;1
202400023226;155 740 851;7;0;1;1;0;0
202400023227;155 740 850;10;0;1;3;15;1
202400023228;155 740 848;7;0;2;7;16;2
202400023228;155 740 849;2;0;2;8;16;1
202400023229;155 740 846;7;0;2;1;1;1
202400023229;155 740 847;33;0;2;4;1;1
202400023230;155 740 845;13;0;1;4;4;0
202400023231;155 740 844;7;0;1;1;1;0
202400023232;155 740 843;7;0;1;1;1;1
202400023233;155 740 841;50;0;2;1;19;3
202400023233;155 740 842;7;0;2;7;16;1
202400023234;155 740 839;33;0;2;1;1;1
202400023234;155 740 840;1;0;2;2;15;5
202400023235;155 740 837;10;0;2;6;11;1
202400023235;155 740 838;31;0;2;2;1;1
202400023236;155 740 836;7;9;0;2;26;1
202400023237;155 740 832;1;0;2;1;21;5
202400023237;155 740 834;10;0;9;0;2;1
202400023238;155 740 833;33;0;2;7;17;1
202400023238;155 740 835;13;0;2;8;15;0
202400023239;155 740 830;7;0;2;3;15;1
202400023239;155 740 831;37;0;2;2;1;1
202400023240;155 740 829;1;0;1;1;1;5
202400023241;155 740 827;10;0;1;4;20;1
202400023242;155 740 826;1;0;2;7;1;5
202400023242;155 740 828;7;0;9;1;1;1
202400023243;155 740 823;10;0;2;2;1;1
202400023243;155 740 825;1;0;2;1;9;5
202400023244;155 740 822;34;0;2;8;2;0
202400023244;155 740 824;7;0;2;1;9;1
202400023245;155 740 819;7;0;1;0;15;1
202400023246;155 740 816;7;0;0;1;19;0
202400023247;155 740 813;7;0;2;1;1;1
202400023247;155 740 815;50;0;2;8;1;3
202400023248;155 740 814;7;0;1;3;1;1
202400023249;155 740 812;33;0;1;0;25;0
202400023250;155 740 811;60;0;1;1;5;5
202400023251;155 740 808;7;0;9;2;15;2
202400023251;155 740 810;50;0;9;1;1;3
202400023252;155 740 807;7;0;2;7;23;2
202400023252;155 740 809;1;9;2;3;1;5
202400023253;155 740 804;7;1;2;3;15;1
202400023253;155 740 806;32;1;2;1;1;3
202400023254;155 740 803;43;0;2;1;1;1
202400023254;155 740 805;10;0;2;3;15;1
202400023255;155 740 802;7;2;0;1;0;1
202400023256;155 740 800;1;0;2;1;1;5
202400023256;155 740 801;7;0;2;4;1;1
202400023257;155 740 799;7;8;0;1;0;1
202400023258;155 740 796;33;0;2;4;2;1
202400023258;155 740 798;10;0;2;3;15;3
202400023259;155 740 795;33;4;2;3;3;1
202400023259;155 740 797;7;0;0;5;2;3
202400023260;155 740 794;50;0;0;1;1;3
202400023261;155 740 791;7;0;2;1;13;1
202400023261;155 740 792;10;0;2;1;1;1
202400023261;155 740 793;7;0;2;1;1;1
202400023262;155 740 790;1;0;1;1;1;5
202400023263;155 740 789;7;0;1;1;3;1
202400023264;155 740 786;80;0;2;8;7;3
202400023264;155 740 788;37;0;2;5;7;2
202400023265;155 740 785;7;0;2;1;9;1
202400023265;155 740 787;33;0;2;7;1;1
202400023266;155 740 783;7;0;0;1;0;1
202400023267;155 740 782;10;0;2;6;23;1
202400023267;155 740 784;2;0;2;6;21;1
202400023268;155 740 781;7;2;0;3;1;1
202400023269;155 740 780;31;0;1;5;21;1
202400023270;155 740 779;7;0;0;0;14;1
202400023271;155 740 777;1;0;9;1;1;5
202400023271;155 740 778;7;0;9;2;16;1
202400023272;155 740 776;7;2;0;8;1;1
202400023273;155 740 773;7;0;2;3;5;1
202400023273;155 740 775;7;0;2;3;1;1
202400023274;155 740 772;7;0;2;2;1;2
202400023274;155 740 774;7;0;2;1;1;1
202400023275;155 740 769;10;0;2;2;15;
202400023275;155 740 771;2;0;2;1;1;
202400023276;155 740 768;7;0;2;2;1;2
202400023276;155 740 770;7;0;2;2;15;2
202400023277;155 740 765;50;1;0;1;17;3
202400023277;155 740 766;7;0;2;8;22;2
202400023278;155 740 761;80;0;1;1;9;3
202400023279;155 740 762;7;0;2;3;13;1
202400023279;155 740 763;7;0;2;3;1;1
202400023279;155 740 764;7;0;2;2;1;1
202400023279;155 740 767;7;0;2;3;1;1
202400023280;155 740 760;7;0;1;1;1;1
202400023281;155 740 758;7;0;1;1;1;0
202400023282;155 740 757;7;0;2;6;23;1
202400023282;155 740 759;2;0;2;7;1;1
202400023283;155 740 755;32;0;2;0;0;0
202400023283;155 740 756;7;0;2;0;20;1
202400023284;155 740 752;50;0;2;1;2;3
202400023284;155 740 753;10;0;2;4;1;1
202400023285;155 740 749;7;0;2;1;1;1
202400023285;155 740 750;7;0;2;1;17;1
202400023285;155 740 751;7;0;2;1;1;1
202400023285;155 740 754;7;0;2;6;1;1
202400023286;155 740 748;7;2;0;1;1;1
202400023287;155 740 746;33;13;0;1;1;1
202400023288;155 740 745;32;0;2;1;1;1
202400023288;155 740 747;7;0;2;1;15;1
202400023289;155 740 744;1;1;1;2;1;5
202400023290;155 740 743;7;13;0;8;1;1
202400023291;155 740 742;7;0;1;1;26;1
202400023292;155 740 741;10;1;0;2;1;1
202400023293;155 740 738;10;0;2;1;1;0
202400023293;155 740 740;7;0;2;4;26;1
202400023294;155 740 736;10;0;1;1;1;1
202400023295;155 740 737;7;0;2;1;1;1
202400023295;155 740 739;7;0;2;8;9;1
202400023296;155 740 735;7;1;0;1;1;1
202400023297;155 740 734;7;13;0;2;0;1
202400023298;155 740 729;7;0;2;3;13;1
202400023298;155 740 731;7;0;2;3;1;1
202400023298;155 740 733;7;0;2;1;1;1
202400023299;155 740 730;7;0;2;8;10;1
202400023299;155 740 732;34;0;2;1;1;
202400023300;155 740 728;7;13;0;1;1;1
202400023301;155 740 726;33;0;0;0;0;0
202400023301;155 740 727;7;0;0;0;0;0
202400023302;155 740 723;2;0;2;3;1;1
202400023302;155 740 725;2;0;2;3;1;1
202400023303;155 740 722;30;0;2;3;10;1
202400023303;155 740 724;30;0;2;2;1;1
202400023304;155 740 719;60;0;2;3;26;5
202400023304;155 740 721;7;0;2;1;1;1
202400023305;155 740 718;1;0;2;3;2;5
202400023305;155 740 720;7;0;2;2;17;1
202400023306;155 740 714;7;0;2;3;9;1
202400023306;155 740 716;33;0;2;1;1;1
202400023307;155 740 715;43;0;2;1;1;1
202400023307;155 740 717;7;0;2;1;15;1
202400023308;155 740 712;7;6;0;1;14;1
202400023309;155 740 713;7;0;1;2;1;1
202400023310;155 740 710;32;0;2;7;1;1
202400023310;155 740 711;10;0;2;3;9;1
202400023311;155 740 708;7;0;2;2;15;1
202400023311;155 740 709;2;0;2;8;1;1
202400023312;155 740 706;1;0;0;1;1;5
202400023313;155 740 703;7;0;2;1;1;1
202400023313;155 740 705;7;4;0;4;1;1
202400023314;155 740 704;33;11;0;1;1;1
202400023315;155 740 702;32;0;0;0;1;1
202400023316;155 740 701;32;12;0;1;0;1
202400023317;155 740 697;10;13;0;0;14;1
202400023318;155 740 694;33;0;2;3;1;1
202400023318;155 740 695;7;0;2;7;15;3
202400023319;155 740 691;7;0;0;5;2;1
202400023319;155 740 692;33;0;2;1;2;1
202400023319;155 740 693;7;0;2;1;2;1
202400023320;155 740 689;7;0;2;2;17;1
202400023320;155 740 690;1;0;2;3;15;5
202400023321;155 740 687;7;0;2;2;1;1
202400023321;155 740 688;10;0;2;3;1;1
202400023322;155 740 685;7;0;2;3;1;1
202400023322;155 740 686;33;0;2;1;13;1
202400023323;155 740 684;7;2;0;2;1;1
202400023324;155 740 683;7;0;1;1;1;1
202400023325;155 740 681;7;0;2;3;1;1
202400023325;155 740 682;7;0;2;2;9;1
202400023326;155 740 680;7;2;0;1;0;1
202400023327;155 740 678;7;0;2;1;1;1
202400023327;155 740 679;99;0;2;1;1;5
202400023328;155 740 676;1;0;2;4;1;5
202400023328;155 740 677;7;0;2;2;1;1
202400023329;155 740 675;13;0;0;0;1;1
202400023330;155 740 674;7;2;0;1;1;1
202400023331;155 740 672;7;0;2;2;1;1
202400023331;155 740 673;1;0;2;1;19;5
202400023332;155 740 671;10;0;1;3;1;1
202400023333;155 740 669;7;0;2;7;17;1
202400023333;155 740 670;7;0;2;2;15;1
202400023334;155 740 668;7;6;0;8;13;1
202400023335;155 740 667;7;0;0;3;13;1
202400023336;155 740 666;7;0;0;7;1;1
202400023337;155 740 664;7;0;2;2;1;1
202400023337;155 740 665;7;0;2;1;1;1
202400023338;155 740 662;7;0;0;6;15;1
202400023338;155 740 663;33;0;2;1;17;1
202400023339;155 740 660;7;0;2;2;2;1
202400023339;155 740 661;7;0;0;6;2;1
202400023340;155 740 658;7;3;2;3;0;1
202400023340;155 740 659;10;0;2;3;2;1
202400023341;155 740 656;31;0;2;1;1;1
202400023341;155 740 657;10;0;2;3;11;1
202400023342;155 740 655;7;4;0;3;1;1
202400023343;155 740 653;7;1;0;2;1;1
202400023343;155 740 654;2;0;0;4;23;1
202400023344;155 740 651;7;0;2;1;16;1
202400023344;155 740 652;7;0;2;1;15;1
202400023345;155 740 649;33;0;2;1;17;1
202400023345;155 740 650;7;0;2;8;10;1
202400023346;155 740 647;7;0;2;3;1;1
202400023346;155 740 648;10;0;2;3;13;1
202400023347;155 740 646;7;2;0;2;17;1
202400023348;155 740 645;7;0;1;1;1;1
202400023349;155 740 644;7;0;1;1;1;1
202400023350;155 740 642;2;0;2;5;1;3
202400023350;155 740 643;1;0;2;1;1;5
202400023351;155 740 640;7;0;2;1;17;1
202400023351;155 740 641;7;0;2;1;1;1
202400023352;155 740 638;7;0;2;3;15;1
202400023352;155 740 639;33;0;2;1;1;1
202400023353;155 740 636;7;0;0;0;5;0
202400023353;155 740 637;7;3;0;1;21;1
202400023354;155 740 632;33;0;2;0;0;1
202400023354;155 740 633;7;0;0;8;1;1
202400023355;155 740 629;10;0;9;3;1;1
202400023355;155 740 631;50;0;9;7;19;3
202400023356;155 740 628;10;0;2;4;2;1
202400023356;155 740 630;7;1;0;1;2;1
202400023357;155 740 625;7;0;2;1;26;1
202400023357;155 740 626;7;0;2;1;1;1
202400023358;155 740 623;7;0;2;4;2;1
202400023358;155 740 624;7;0;2;4;2;1
202400023358;155 740 627;7;0;2;1;2;1
202400023359;155 740 621;10;7;0;1;1;1
202400023360;155 740 616;7;0;2;1;2;1
202400023360;155 740 617;7;0;2;9;2;1
202400023360;155 740 618;7;0;2;4;1;1
202400023361;155 740 615;7;8;0;1;14;1