Num_Acc;id_vehicule;categorie_vehicule;obstacle_fixe;obstacle_mobile;point_choc_initial;manoeuvre_principale;motorisation
202400023362;155 740 611;7;0;2;8;11;1
202400023362;155 740 612;33;0;2;8;3;1
202400023362;155 740 614;7;0;2;4;1;1
202400023363;155 740 610;7;0;1;2;1;1
202400023364;155 740 608;31;0;2;1;2;1
202400023364;155 740 609;7;0;2;5;2;1
202400023365;155 740 606;7;0;2;3;13;0
202400023365;155 740 607;7;0;2;3;13;0
202400023366;155 740 604;15;0;2;2;12;1
202400023366;155 740 605;7;0;0;0;0;1
202400023367;155 740 603;43;14;0;1;1;1
202400023368;155 740 601;7;0;2;4;12;1
202400023368;155 740 602;33;0;2;1;3;1
202400023369;155 740 599;7;0;5;1;1;1
202400023370;155 740 598;37;0;0;3;1;1
202400023370;155 740 600;7;0;2;1;15;0
202400023371;155 740 597;7;3;0;2;0;1
202400023372;155 740 595;7;0;1;1;19;0
202400023373;155 740 593;32;0;2;9;3;1
202400023373;155 740 594;7;0;2;8;1;2
202400023373;155 740 596;7;0;2;5;1;2
202400023374;155 740 590;10;0;2;4;1;0
202400023374;155 740 591;31;0;2;1;3;1
202400023375;155 740 589;50;0;2;8;15;3
202400023375;155 740 592;33;0;2;1;1;0
202400023376;155 740 586;33;0;2;1;12;1
202400023376;155 740 588;7;0;2;4;1;1
202400023377;155 740 585;7;0;2;2;1;1
202400023377;155 740 587;7;0;2;3;15;1
202400023378;155 740 583;7;0;2;4;2;1
202400023378;155 740 584;7;0;2;1;2;1
202400023379;155 740 581;7;0;2;8;1;2
202400023379;155 740 582;1;0;2;1;19;5
202400023380;155 740 579;7;0;2;1;2;1
202400023380;155 740 580;7;0;2;4;0;1
202400023381;155 740 577;3;0;0;3;16;1
202400023381;155 740 578;3;0;2;1;1;1
202400023382;155 740 575;7;0;2;4;2;1
202400023382;155 740 576;32;0;2;1;2;1
202400023383;155 740 573;7;1;0;1;2;1
202400023383;155 740 574;7;0;2;4;23;1
202400023384;155 740 572;34;0;1;2;1;1
202400023385;155 740 571;7;4;0;1;17;1
202400023386;155 740 569;31;0;2;1;1;1
202400023386;155 740 570;10;0;2;3;15;1
202400023387;155 740 566;33;0;2;1;0;1
202400023387;155 740 568;7;0;2;8;15;1
202400023388;155 740 565;7;0;2;3;15;1
202400023388;155 740 567;2;0;2;1;1;1
202400023389;155 740 563;37;0;1;1;1;1
202400023390;155 740 564;7;0;1;1;1;2
202400023391;155 740 562;7;0;1;2;1;1
202400023392;155 740 560;1;0;2;2;1;5
202400023392;155 740 561;7;0;0;3;16;2
202400023393;155 740 558;7;0;2;8;7;1
202400023393;155 740 559;7;0;2;2;1;1
202400023394;155 740 556;10;0;2;1;13;1
202400023394;155 740 557;7;0;2;1;1;1
202400023395;155 740 553;50;0;2;1;7;3
202400023395;155 740 555;7;0;2;6;16;1
202400023396;155 740 552;7;0;2;1;15;1
202400023396;155 740 554;7;9;2;8;1;2
202400023397;155 740 550;10;0;2;3;1;1
202400023397;155 740 551;32;14;0;1;1;1
202400023398;155 740 546;7;0;2;1;13;1
202400023398;155 740 548;7;0;2;1;0;1
202400023399;155 740 547;80;1;0;1;13;3
202400023399;155 740 549;10;0;0;8;22;3
202400023400;155 740 543;7;0;2;8;23;1
202400023400;155 740 545;32;0;2;1;3;3
202400023401;155 740 544;7;0;1;3;15;1
202400023402;155 740 541;2;0;1;1;1;1
202400023403;155 740 540;14;0;2;4;1;1
202400023403;155 740 542;7;0;2;1;1;1
202400023404;155 740 537;7;0;2;5;1;1
202400023404;155 740 539;33;0;2;1;18;1
202400023405;155 740 536;7;0;9;7;1;2
202400023405;155 740 538;80;0;2;8;1;3
202400023406;155 740 535;7;0;1;0;1;1
202400023407;155 740 534;2;0;5;0;0;1
202400023408;155 740 530;7;0;2;1;7;1
202400023408;155 740 532;7;0;2;4;0;1
202400023408;155 740 533;7;0;2;1;2;1
202400023409;155 740 529;80;0;2;1;1;3
202400023409;155 740 531;33;0;2;6;1;1
202400023410;155 740 527;7;0;2;7;14;3
202400023410;155 740 528;33;0;2;8;14;1
202400023411;155 740 526;50;0;1;0;1;3
202400023412;155 740 524;30;0;2;8;0;1
202400023412;155 740 525;7;0;2;1;15;1
202400023413;155 740 522;7;0;2;1;26;1
202400023413;155 740 523;7;0;2;0;0;1
202400023414;155 740 520;2;0;2;5;1;1
202400023414;155 740 521;1;0;2;1;1;5
202400023415;155 740 518;15;0;2;4;0;1
202400023415;155 740 519;10;0;2;1;26;1
202400023416;155 740 517;7;0;1;2;1;1
202400023417;155 740 515;32;0;2;2;17;1
202400023417;155 740 516;7;0;2;8;15;0
202400023418;155 740 511;7;0;0;4;0;1
202400023418;155 740 513;10;0;2;1;2;3
202400023418;155 740 514;7;1;2;1;2;1
202400023419;155 740 510;7;12;0;0;0;1
202400023419;155 740 512;7;1;0;0;0;1
202400023420;155 740 509;7;6;0;1;1;1
202400023421;155 740 507;50;0;2;1;1;3
202400023421;155 740 508;33;0;2;1;1;1
202400023422;155 740 505;7;0;2;0;0;1
202400023422;155 740 506;7;0;2;8;11;1
202400023423;155 740 503;30;0;2;3;1;1
202400023423;155 740 504;7;0;2;0;9;1
202400023424;155 740 499;7;0;1;2;2;1
202400023425;155 740 496;33;0;2;2;26;1
202400023425;155 740 497;7;0;2;3;10;1
202400023426;155 740 495;7;0;2;4;1;1
202400023426;155 740 498;7;0;2;4;1;1
202400023426;155 740 500;7;0;2;4;1;1
202400023426;155 740 501;7;0;2;1;2;1
202400023426;155 740 502;7;0;2;4;1;1
202400023427;155 740 493;3;1;0;1;16;1
202400023427;155 740 494;7;0;2;6;24;1
202400023428;155 740 491;10;0;0;0;0;0
202400023428;155 740 492;33;1;2;1;2;0
202400023429;155 740 489;7;0;2;3;0;1
202400023429;155 740 490;7;0;2;1;9;2
202400023430;155 740 488;13;0;1;2;16;1
202400023431;155 740 487;7;0;1;2;1;1
202400023432;155 740 485;7;0;2;1;2;1
202400023432;155 740 486;34;0;0;4;23;1
202400023433;155 740 484;10;0;1;1;1;1
202400023434;155 740 482;1;1;0;5;1;5
202400023434;155 740 483;14;0;2;7;2;1
202400023435;155 740 480;7;0;2;1;1;1
202400023435;155 740 481;32;0;0;4;23;1
202400023436;155 740 478;14;0;9;8;1;0
202400023436;155 740 479;50;0;2;1;1;3
202400023437;155 740 477;7;15;0;9;1;2
202400023438;155 740 476;7;0;1;2;1;1
202400023439;155 740 474;1;0;0;6;1;5
202400023439;155 740 475;14;0;9;1;19;1
202400023440;155 740 473;7;2;0;8;1;1
202400023441;155 740 471;7;0;2;1;15;1
202400023441;155 740 472;33;0;2;1;1;1
202400023442;155 740 469;10;0;2;2;1;1
202400023442;155 740 470;2;0;2;1;15;1
202400023443;155 740 468;33;0;1;1;1;1
202400023444;155 740 467;7;4;0;1;1;1
202400023445;155 740 465;7;0;2;1;5;1
202400023445;155 740 466;7;0;2;1;1;1
202400023446;155 740 464;7;16;0;2;14;1
202400023447;155 740 462;7;0;2;1;2;1
202400023447;155 740 463;7;0;0;6;1;2
202400023448;155 740 460;7;0;2;3;15;1
202400023448;155 740 461;1;0;2;1;1;5
202400023449;155 740 458;7;0;2;1;15;1
202400023449;155 740 459;7;0;2;1;1;1
202400023450;155 740 455;7;6;2;3;1;1
202400023450;155 740 456;7;0;2;3;1;3
202400023450;155 740 457;7;0;2;3;13;1
202400023451;155 740 454;7;0;1;3;16;2
202400023452;155 740 452;33;0;2;1;1;1
202400023452;155 740 453;7;0;2;2;15;1
202400023453;155 740 450;7;0;2;8;9;1
202400023453;155 740 451;33;0;2;3;1;1
202400023454;155 740 449;7;0;1;3;20;1
202400023455;155 740 448;7;0;1;1;2;1
202400023456;155 740 446;7;0;2;1;1;3
202400023456;155 740 447;7;0;2;1;13;1
202400023457;155 740 444;7;0;2;0;0;0
202400023457;155 740 445;7;0;0;8;24;1
202400023458;155 740 443;10;0;0;0;1;1
202400023459;155 740 442;7;6;0;1;14;1
202400023460;155 740 440;7;0;2;1;1;1
202400023460;155 740 441;7;0;2;7;1;1
202400023461;155 740 438;50;0;0;4;2;3
202400023461;155 740 439;7;0;2;2;2;1
202400023462;155 740 435;7;0;2;8;1;1
202400023462;155 740 436;7;0;2;1;1;1
202400023462;155 740 437;7;0;2;3;1;1
202400023463;155 740 433;7;0;2;2;5;1
202400023463;155 740 434;7;0;2;1;1;1
202400023464;155 740 431;7;0;2;3;1;2
202400023464;155 740 432;50;0;2;0;2;3
202400023465;155 740 430;7;3;0;2;1;1
202400023466;155 740 427;7;0;2;3;1;1
202400023466;155 740 428;7;0;2;6;2;1
202400023466;155 740 429;7;0;2;3;13;1
202400023467;155 740 425;7;0;2;2;11;1
202400023467;155 740 426;10;0;2;3;15;1
202400023468;155 740 423;7;0;2;1;1;1
202400023468;155 740 424;15;0;2;2;1;1
202400023469;155 740 421;7;0;2;1;13;1
202400023469;155 740 422;7;0;2;1;1;1
202400023470;155 740 418;43;0;2;8;1;1
202400023470;155 740 419;7;0;2;3;2;1
202400023470;155 740 420;7;0;9;5;15;1
202400023471;155 740 417;31;14;0;1;26;1
202400023472;155 740 415;10;0;2;2;1;1
202400023472;155 740 416;7;0;2;5;15;1
202400023473;155 740 414;7;2;0;3;1;1
202400023474;155 740 413;7;0;1;1;15;1
202400023475;155 740 412;7;3;0;1;1;1
202400023476;155 740 410;21;0;2;3;13;1
202400023476;155 740 411;7;0;2;3;1;1
202400023477;155 740 409;2;12;0;7;1;1
202400023478;155 740 408;7;4;0;1;0;1
202400023479;155 740 406;15;0;2;2;2;1
202400023479;155 740 407;7;0;0;5;24;1
202400023480;155 740 404;7;0;2;1;2;1
202400023480;155 740 405;7;0;2;4;2;1
202400023481;155 740 402;7;13;2;8;13;1
202400023481;155 740 403;10;0;2;8;1;1
202400023482;155 740 400;7;0;2;1;2;2
202400023482;155 740 401;17;0;0;4;2;1
202400023483;155 740 398;7;0;2;3;15;1
202400023483;155 740 399;2;0;2;2;17;1
202400023484;155 740 397;7;0;9;2;26;1
202400023485;155 740 396;7;4;0;1;26;1
202400023486;155 740 394;10;0;2;2;17;0
202400023486;155 740 395;7;0;0;6;1;2
202400023487;155 740 392;7;0;2;3;1;1
202400023487;155 740 393;7;0;2;3;13;0
202400023488;155 740 387;7;0;9;1;16;1
202400023488;155 740 388;1;0;2;4;1;5
202400023489;155 740 385;10;0;2;1;2;0
202400023489;155 740 386;7;0;2;4;2;1
202400023489;155 740 389;7;0;2;4;2;1
202400023489;155 740 390;7;0;2;4;2;1
202400023489;155 740 391;10;0;2;4;2;1
202400023490;155 740 384;7;6;0;1;1;1
202400023491;155 740 383;10;13;0;2;1;1
202400023492;155 740 382;7;13;0;2;1;1
202400023493;155 740 381;7;8;0;1;14;1
202400023494;155 740 380;3;12;0;1;9;3
202400023495;155 740 378;7;0;2;3;1;1
202400023495;155 740 379;7;0;2;3;13;1
202400023496;155 740 375;7;0;2;3;1;1
202400023496;155 740 377;10;0;2;3;13;1
202400023497;155 740 374;33;0;2;8;17;1
202400023497;155 740 376;33;0;2;2;5;1
202400023498;155 740 372;7;0;2;1;1;1
202400023498;155 740 373;7;0;2;1;13;1
202400023499;155 740 371;7;1;0;7;26;1
202400023500;155 740 368;7;0;2;1;0;1
202400023500;155 740 369;7;0;2;1;0;1
202400023501;155 740 366;7;6;0;1;0;1
202400023502;155 740 364;7;1;1;3;1;1
202400023503;155 740 363;33;0;2;1;1;1
202400023503;155 740 365;7;0;2;3;1;1
202400023504;155 740 362;7;17;0;1;0;1
202400023505;155 740 360;7;0;2;7;19;1
202400023505;155 740 361;2;0;2;1;1;1
202400023506;155 740 358;7;0;1;1;1;2
202400023507;155 740 355;7;0;2;1;2;1
202400023507;155 740 356;7;0;0;8;23;1
202400023507;155 740 357;7;0;0;6;23;1
202400023507;155 740 359;10;0;0;7;2;1
202400023508;155 740 354;7;3;0;1;1;1
202400023509;155 740 352;10;0;2;5;14;1
202400023509;155 740 353;33;0;2;3;1;1
202400023510;155 740 351;7;4;0;1;1;1
202400023511;155 740 349;10;0;2;2;1;1
202400023511;155 740 350;7;0;2;3;15;2
202400023512;155 740 346;10;0;2;4;1;1
202400023512;155 740 347;7;0;2;1;1;1
202400023512;155 740 348;7;0;2;1;1;0
202400023513;155 740 345;7;6;0;1;0;2
202400023514;155 740 344;7;4;0;1;1;1
202400023515;155 740 342;7;0;2;8;1;1
202400023515;155 740 343;80;0;2;3;13;3
202400023516;155 740 340;33;0;2;3;3;1
202400023516;155 740 341;7;0;2;2;14;0
202400023517;155 740 334;37;0;2;1;16;1
202400023517;155 740 335;7;6;2;1;11;1
202400023517;155 740 337;7;0;2;5;23;1
202400023517;155 740 338;7;0;2;7;1;1
202400023517;155 740 339;7;0;2;6;2;1
202400023518;155 740 333;7;3;2;6;24;1
202400023518;155 740 336;7;0;2;2;2;2
202400023519;155 740 332;7;9;0;1;0;1
202400023520;155 740 330;2;0;0;2;1;1
202400023521;155 740 325;7;0;2;1;1;1
202400023521;155 740 326;1;0;2;4;13;5
202400023522;155 740 323;7;0;2;1;1;1
202400023522;155 740 324;7;0;2;6;1;1
202400023522;155 740 327;7;0;2;8;1;1
202400023522;155 740 328;7;0;2;4;1;1
202400023522;155 740 329;7;0;2;4;1;1
202400023522;155 740 331;7;0;2;4;1;2
202400023523;155 740 321;7;0;2;8;19;1
202400023523;155 740 322;38;0;2;1;1;1
202400023524;155 740 320;7;0;1;2;1;1
202400023525;155 740 319;33;0;0;0;0;1
202400023526;155 740 318;7;13;0;1;1;1
202400023527;155 740 316;7;0;2;4;1;1
202400023527;155 740 317;10;0;2;1;2;1
202400023528;155 740 315;7;2;0;1;1;1
202400023529;155 740 313;7;0;0;9;1;1
202400023530;155 740 312;7;0;2;1;2;1
202400023530;155 740 314;7;0;2;6;1;1
202400023531;155 740 309;50;0;2;1;1;3
202400023531;155 740 311;7;0;2;8;22;3
202400023532;155 740 308;7;0;2;4;1;2
202400023532;155 740 310;7;0;2;1;1;1
202400023533;155 740 305;7;0;2;1;9;1
202400023533;155 740 307;1;0;2;7;1;5
202400023534;155 740 304;7;0;2;4;2;1
202400023534;155 740 306;7;0;2;1;2;1
202400023535;155 740 303;7;12;0;2;26;1
202400023536;155 740 301;7;0;2;6;1;1
202400023536;155 740 302;7;0;2;2;1;1
202400023537;155 740 299;2;0;2;6;1;1
202400023537;155 740 300;80;0;2;1;5;3
202400023538;155 740 296;7;0;2;4;2;1
202400023538;155 740 297;10;0;2;1;2;1
202400023538;155 740 298;7;0;2;1;1;1
202400023539;155 740 294;7;0;2;3;15;1
202400023539;155 740 295;2;0;2;7;17;1
202400023540;155 740 292;7;0;2;6;11;1
202400023540;155 740 293;33;0;2;1;3;1
202400023541;155 740 288;7;0;2;1;2;1
202400023541;155 740 290;10;0;2;4;2;1
202400023542;155 740 286;7;0;2;4;23;1
202400023542;155 740 287;7;0;2;1;1;1
202400023542;155 740 289;7;0;2;5;1;1
202400023542;155 740 291;7;0;2;1;14;1
202400023543;155 740 284;7;4;0;8;21;1
202400023544;155 740 283;7;0;2;1;15;1
202400023544;155 740 285;34;0;2;1;1;1
202400023545;155 740 282;7;4;0;2;2;1
202400023546;155 740 281;7;1;0;3;1;1
202400023547;155 740 278;7;0;2;5;2;3
202400023547;155 740 280;33;0;2;3;21;1
202400023548;155 740 276;7;0;2;6;21;1
202400023548;155 740 279;7;0;2;3;13;1
202400023549;155 740 275;7;0;2;4;2;1
202400023549;155 740 277;10;0;2;1;2;1
202400023550;155 740 272;50;0;2;1;5;3
202400023550;155 740 274;10;0;2;2;0;1
202400023551;155 740 270;7;0;9;1;26;1
202400023551;155 740 273;1;0;2;4;26;5
202400023552;155 740 269;7;0;2;1;2;1
202400023552;155 740 271;7;0;2;4;1;1
202400023553;155 740 268;33;0;0;0;1;1
202400023554;155 740 264;7;0;2;2;2;1
202400023554;155 740 266;7;0;2;4;1;1
202400023555;155 740 262;10;0;2;1;2;1
202400023555;155 740 265;10;0;2;4;2;1
202400023555;155 740 267;7;0;2;4;2;1
202400023556;155 740 261;7;0;2;2;1;1
202400023556;155 740 263;7;0;2;3;9;1
202400023557;155 740 260;31;15;0;1;1;1
202400023558;155 740 258;30;0;2;1;15;1
202400023558;155 740 259;7;0;2;6;2;1
202400023559;155 740 256;7;4;0;1;1;1
202400023560;155 740 257;7;0;1;1;1;2
202400023561;155 740 253;7;0;2;1;13;1
202400023561;155 740 255;7;0;2;1;1;1
202400023562;155 740 251;33;0;2;1;3;1
202400023562;155 740 254;7;0;2;6;11;1
202400023563;155 740 250;7;0;2;3;9;1
202400023563;155 740 252;37;14;0;5;0;3
202400023564;155 740 247;7;0;2;2;2;1
202400023564;155 740 249;33;0;2;3;2;1
202400023565;155 740 242;7;4;2;3;11;3
202400023565;155 740 244;33;4;2;1;3;1
202400023566;155 740 243;37;1;0;7;21;0
202400023566;155 740 246;10;0;2;3;22;6
202400023567;155 740 240;7;1;0;2;14;2
202400023568;155 740 237;7;0;2;4;1;1
202400023568;155 740 239;33;0;2;1;1;1
202400023569;155 740 236;7;0;2;7;1;1
202400023569;155 740 238;7;0;2;1;17;1
202400023570;155 740 235;7;1;0;9;0;1
202400023571;155 740 232;3;8;0;1;19;1
202400023572;155 740 229;7;0;2;4;2;1
202400023572;155 740 230;10;0;2;4;2;1
202400023572;155 740 233;10;0;2;1;2;1
202400023572;155 740 234;10;0;2;4;2;1
202400023573;155 740 226;7;0;2;8;9;1
202400023573;155 740 228;33;0;2;7;1;1
202400023574;155 740 227;43;0;2;1;26;1
202400023574;155 740 231;10;0;2;2;21;3
202400023575;155 740 225;31;0;0;7;9;1
202400023576;155 740 224;7;0;1;3;1;1
202400023577;155 740 220;50;0;2;4;0;3
202400023577;155 740 222;7;0;2;1;11;1
202400023578;155 740 221;7;0;2;3;15;2
202400023578;155 740 223;32;0;2;1;1;1
202400023579;155 740 217;7;0;0;8;15;1
202400023579;155 740 218;33;0;2;1;17;1
202400023580;155 740 215;3;0;2;0;0;1
202400023580;155 740 219;7;0;2;8;1;1
202400023581;155 740 214;7;0;1;5;1;1
202400023582;155 740 212;7;8;0;1;1;1
202400023583;155 740 211;7;0;2;1;2;1
202400023583;155 740 213;7;0;2;4;23;1
202400023583;155 740 216;7;0;2;3;5;2
202400023584;155 740 206;34;14;0;8;16;1
202400023585;155 740 208;31;0;0;0;1;1
202400023586;155 740 207;7;0;2;6;26;1
202400023586;155 740 209;33;0;2;1;0;1
202400023587;155 740 203;34;0;2;1;2;1
202400023587;155 740 205;7;0;2;5;2;1
202400023588;155 740 204;20;13;0;8;10;1
202400023589;155 740 200;2;0;0;1;0;1
202400023590;155 740 198;7;14;2;1;1;1
202400023590;155 740 199;7;14;2;1;1;1
202400023590;155 740 201;7;14;2;4;1;1
202400023591;155 740 202;7;0;1;3;1;1
202400023592;155 740 197;15;1;2;6;2;1
202400023593;155 740 192;7;0;2;1;1;1
202400023593;155 740 195;7;0;2;4;15;1
202400023593;155 740 196;10;0;2;4;1;1
202400023594;155 740 191;7;0;2;1;1;1
202400023594;155 740 194;7;0;2;2;15;1
202400023595;155 740 185;7;0;2;3;11;1
202400023595;155 740 187;33;0;2;2;3;1
202400023595;155 740 189;7;0;2;4;1;1
202400023596;155 740 186;7;0;2;7;15;1
202400023596;155 740 188;1;0;2;8;1;5
202400023597;155 740 184;7;13;0;1;2;1
202400023598;155 740 182;31;0;0;8;13;1
202400023599;155 740 183;37;0;1;1;1;1
202400023600;155 740 179;50;0;2;1;15;3
202400023600;155 740 181;10;0;9;3;1;1
202400023601;155 740 176;1;0;0;1;1;5
202400023602;155 740 178;7;0;2;1;15;1
202400023602;155 740 180;7;0;2;2;1;1
202400023603;155 740 177;7;5;0;1;1;1
202400023604;155 740 175;7;2;0;9;1;1
202400023605;155 740 171;7;0;2;5;2;1
202400023605;155 740 174;31;0;2;1;9;1
202400023606;155 740 170;31;0;2;1;0;1
202400023606;155 740 172;31;0;2;2;0;0
202400023607;155 740 168;33;0;2;1;1;1
202400023607;155 740 173;7;0;2;2;19;1
202400023608;155 740 167;7;0;2;2;15;2
202400023608;155 740 169;7;0;2;1;1;1
202400023609;155 740 164;33;2;2;1;17;1
202400023609;155 740 166;7;2;2;3;15;1
202400023610;155 740 163;7;0;2;3;1;1
202400023610;155 740 165;7;0;2;1;15;1
202400023611;155 740 162;33;0;0;8;14;1
202400023612;155 740 161;7;0;1;1;1;1
202400023613;155 740 157;7;10;0;0;14;1
202400023614;155 740 156;7;0;2;6;15;1
202400023614;155 740 159;7;0;2;1;2;1
202400023615;155 740 155;7;0;2;6;23;1
202400023615;155 740 158;7;0;2;1;1;1
202400023615;155 740 160;0;1;0;2;2;0
202400023616;155 740 152;7;0;2;2;15;1
202400023616;155 740 154;33;0;2;1;1;1
202400023617;155 740 151;7;0;2;2;1;2
202400023618;155 740 150;7;13;0;3;13;3
202400023619;155 740 149;7;0;2;1;1;1
202400023619;155 740 153;7;15;2;2;1;1
202400023620;155 740 147;50;0;0;8;0;3
202400023621;155 740 148;3;0;1;1;1;1
202400023622;155 740 144;7;0;2;2;13;1
202400023622;155 740 146;7;0;2;2;21;1
202400023623;155 740 143;0;0;2;2;2;0
202400023623;155 740 145;7;12;0;6;23;0
202400023624;155 740 142;31;0;5;1;1;1
202400023625;155 740 139;33;0;2;1;1;1
202400023625;155 740 141;7;0;2;8;15;1
202400023626;155 740 137;7;0;2;1;1;1
202400023626;155 740 140;10;0;2;2;21;1
202400023627;155 740 136;7;0;2;3;9;0
202400023627;155 740 138;31;0;2;1;1;0
202400023628;155 740 134;7;0;2;1;1;1
202400023628;155 740 135;7;0;2;1;11;1
202400023629;155 740 133;7;0;1;2;1;1
202400023630;155 740 131;33;0;0;0;1;1
202400023631;155 740 128;33;0;2;7;17;1
202400023631;155 740 130;17;0;2;6;2;1
202400023631;155 740 132;7;0;2;1;1;1
202400023632;155 740 126;33;0;2;1;1;1
202400023632;155 740 129;3;0;0;3;9;3
202400023633;155 740 125;7;0;2;4;1;1
202400023633;155 740 127;13;0;2;1;1;3
202400023634;155 740 122;7;8;9;1;1;1
202400023634;155 740 124;1;0;2;4;1;5
202400023635;155 740 120;7;8;2;9;1;1
202400023636;155 740 118;7;0;9;1;1;0
202400023636;155 740 121;1;0;0;4;15;5
202400023637;155 740 117;7;0;1;1;1;1
202400023638;155 740 116;2;0;2;2;19;1
202400023638;155 740 119;7;0;0;7;1;1
202400023639;155 740 113;7;0;2;2;11;1
202400023639;155 740 115;32;0;2;3;1;1
202400023640;155 740 112;2;0;2;3;13;1
202400023640;155 740 114;7;0;2;3;21;1
202400023641;155 740 109;1;0;2;7;26;5
202400023641;155 740 110;7;7;2;1;1;1
202400023642;155 740 108;30;9;2;1;1;1
202400023642;155 740 111;7;0;2;3;15;1
202400023643;155 740 106;7;0;1;3;26;2
202400023644;155 740 104;7;0;2;1;2;1
202400023644;155 740 107;21;0;0;4;1;1
202400023645;155 740 100;7;0;2;6;9;1
202400023645;155 740 103;2;0;0;1;1;1
202400023646;155 740 102;7;0;2;1;9;1
202400023646;155 740 105;30;0;2;7;1;1
202400023647;155 740 098;7;0;2;3;1;2
202400023647;155 740 101;7;0;2;2;1;1
202400023648;155 740 094;7;0;2;3;1;1
202400023648;155 740 097;7;0;2;6;13;1
202400023649;155 740 095;7;0;2;6;19;1
202400023649;155 740 099;7;0;2;3;1;1
202400023650;155 740 093;7;1;2;1;26;1
202400023650;155 740 096;7;0;0;0;0;1
202400023651;155 740 088;10;0;2;4;2;1
202400023651;155 740 091;7;0;0;4;0;1
202400023651;155 740 092;7;0;2;1;1;1
202400023652;155 740 086;7;0;2;3;15;2
202400023652;155 740 090;2;0;2;1;1;1
202400023653;155 740 085;7;0;2;3;13;1
202400023653;155 740 089;15;0;2;3;1;1
202400023654;155 740 084;33;0;2;0;0;1
202400023654;155 740 087;10;0;2;0;0;1
202400023655;155 740 083;0;0;1;1;2;0
202400023656;155 740 082;33;0;0;1;1;1
202400023657;155 740 079;1;0;0;0;1;5
202400023658;155 740 078;7;0;0;2;1;1
202400023659;155 740 080;7;0;2;2;1;1
202400023659;155 740 081;10;0;2;1;19;1
202400023660;155 740 073;50;12;2;1;5;3
202400023660;155 740 076;7;12;0;5;16;1
202400023661;155 740 074;10;8;0;3;1;1
202400023662;155 740 075;7;16;0;0;2;1
202400023663;155 740 072;7;0;2;8;1;1
202400023663;155 740 077;30;0;2;1;19;1
202400023664;155 740 071;33;0;1;1;1;1
202400023665;155 740 070;33;0;0;7;1;1
202400023666;155 740 064;7;13;2;1;1;1
202400023666;155 740 067;7;0;2;2;1;2
202400023667;155 740 065;33;0;2;0;17;1
202400023667;155 740 068;1;0;2;1;2;5
202400023668;155 740 066;7;0;2;1;15;1
202400023668;155 740 069;32;0;2;8;1;1
202400023669;155 740 063;7;0;1;3;1;1
202400023670;155 740 062;7;8;0;1;2;1
202400023671;155 740 061;7;2;0;3;1;1
202400023672;155 740 060;7;1;0;1;14;1
202400023673;155 740 058;7;0;2;2;19;1
202400023673;155 740 059;2;0;2;1;1;1
202400023674;155 740 054;21;15;0;1;14;1
202400023675;155 740 053;33;0;2;8;1;1
202400023675;155 740 056;7;0;0;3;15;1
202400023676;155 740 051;7;9;0;1;13;1
202400023677;155 740 052;7;0;0;0;23;1
202400023677;155 740 055;7;0;0;5;24;1
202400023677;155 740 057;7;1;0;1;26;2
202400023678;155 740 045;7;0;9;1;15;1
202400023678;155 740 047;50;0;2;1;1;3
202400023679;155 740 044;7;12;0;2;1;1
202400023680;155 740 046;33;0;2;2;1;1
202400023680;155 740 048;7;0;2;4;20;1
202400023681;155 740 039;33;0;2;1;17;1
202400023681;155 740 042;7;0;2;5;15;1
202400023682;155 740 040;10;0;2;1;1;1
202400023682;155 740 043;7;0;2;8;1;1
202400023683;155 740 038;7;0;2;1;1;1
202400023683;155 740 041;7;0;2;4;0;1
202400023684;155 740 037;7;16;0;1;1;1
202400023685;155 740 033;7;0;2;3;16;1
202400023685;155 740 036;7;0;2;2;1;1
202400023686;155 740 032;7;0;2;1;1;1
202400023686;155 740 034;33;0;2;1;26;1
202400023687;155 740 028;7;0;2;2;16;1
202400023687;155 740 031;60;0;2;3;0;5
202400023688;155 740 027;7;0;2;1;9;1
202400023688;155 740 035;7;0;2;1;1;1
202400023689;155 740 026;31;0;2;1;7;1
202400023689;155 740 029;7;0;2;2;16;1
202400023690;155 740 025;0;0;2;0;0;0
202400023690;155 740 030;80;0;0;4;1;3
202400023691;155 740 022;7;6;0;1;1;1
202400023692;155 740 023;33;8;0;1;1;1
202400023693;155 740 021;7;0;2;1;15;1
202400023693;155 740 024;7;0;2;8;15;1
202400023694;155 740 017;33;0;0;0;1;1
202400023695;155 740 016;7;0;2;1;15;1
202400023695;155 740 019;50;0;2;3;1;3
202400023696;155 740 012;7;0;2;1;2;1
202400023696;155 740 014;7;0;2;4;2;1
202400023696;155 740 018;7;0;2;1;2;1
202400023696;155 740 020;7;0;2;5;0;2
202400023697;155 740 007;7;0;2;6;1;2
202400023697;155 740 010;31;0;2;1;1;1
202400023698;155 740 008;7;0;2;3;15;1
202400023698;155 740 011;31;0;2;2;1;1
202400023699;155 740 006;7;0;1;1;15;1
202400023700;155 740 005;80;0;2;1;1;3
202400023700;155 740 009;10;0;2;3;16;1
202400023701;155 740 002;7;6;0;1;21;1
202400023702;155 740 000;7;0;2;6;16;1
202400023702;155 740 004;50;0;2;3;5;3
202400023703;155 739 999;7;3;2;1;14;1
202400023703;155 740 003;10;0;2;4;0;0