Num_Acc;id_vehicule;categorie_vehicule;obstacle_fixe;obstacle_mobile;point_choc_initial;manoeuvre_principale;motorisation
202400024055;155 739 375;7;6;1;0;14;1
202400024056;155 739 372;7;3;0;1;14;1
202400024057;155 739 373;10;0;1;4;4;1
202400024058;155 739 369;7;4;2;0;1;1
202400024059;155 739 368;80;0;2;0;0;3
202400024059;155 739 370;7;0;2;3;9;1
202400024060;155 739 367;7;0;0;4;11;1
202400024060;155 739 371;13;0;2;1;1;1
202400024061;155 739 366;50;0;1;1;1;3
202400024062;155 739 360;1;0;2;1;25;5
202400024062;155 739 364;50;0;2;3;25;3
202400024063;155 739 359;7;0;2;1;3;1
202400024063;155 739 362;7;0;2;4;2;2
202400024063;155 739 365;7;0;2;4;2;1
202400024064;155 739 361;1;0;2;1;17;5
202400024064;155 739 363;50;0;2;1;1;3
202400024065;155 739 358;7;4;0;9;0;1
202400024066;155 739 356;7;0;2;1;26;1
202400024066;155 739 357;7;0;2;1;17;1
202400024067;155 739 355;10;0;1;1;1;1
202400024068;155 739 352;7;0;2;1;12;1
202400024068;155 739 354;7;0;2;6;1;2
202400024069;155 739 348;7;0;2;1;15;1
202400024069;155 739 350;2;0;2;8;1;3
202400024070;155 739 346;7;0;2;4;1;1
202400024070;155 739 347;7;0;2;1;1;1
202400024071;155 739 345;1;0;0;0;1;5
202400024072;155 739 344;7;0;1;2;16;1
202400024073;155 739 342;30;15;0;1;14;1
202400024074;155 739 341;7;0;2;3;11;2
202400024074;155 739 343;50;0;2;1;5;3
202400024075;155 739 337;7;3;2;7;2;1
202400024075;155 739 340;7;0;2;4;2;1
202400024076;155 739 338;7;0;2;1;1;1
202400024076;155 739 339;7;0;2;2;15;1
202400024077;155 739 332;10;4;2;2;17;1
202400024077;155 739 336;37;0;0;6;1;1
202400024078;155 739 333;10;0;2;1;15;1
202400024078;155 739 335;2;0;2;2;0;1
202400024079;155 739 330;34;0;2;1;2;1
202400024079;155 739 334;37;0;2;6;1;1
202400024080;155 739 327;7;4;0;3;1;1
202400024081;155 739 325;33;0;2;1;1;0
202400024081;155 739 328;7;0;2;4;23;1
202400024082;155 739 324;33;0;2;3;1;1
202400024082;155 739 326;7;0;2;3;1;2
202400024083;155 739 321;15;0;2;3;1;1
202400024083;155 739 323;10;0;2;2;1;1
202400024084;155 739 318;7;0;2;3;0;1
202400024084;155 739 322;15;0;2;5;1;1
202400024085;155 739 317;7;0;2;0;0;1
202400024085;155 739 320;7;0;2;0;0;1
202400024086;155 739 315;7;0;2;6;21;1
202400024086;155 739 319;7;0;2;2;1;1
202400024087;155 739 311;10;0;2;3;13;1
202400024087;155 739 313;31;0;2;1;2;1
202400024088;155 739 310;33;0;0;0;2;1
202400024089;155 739 309;7;0;2;8;1;0
202400024089;155 739 314;7;0;2;0;26;0
202400024090;155 739 307;50;1;0;0;0;3
202400024090;155 739 308;10;0;2;4;23;1
202400024091;155 739 306;7;1;0;2;1;2
202400024092;155 739 305;7;0;1;7;16;1
202400024093;155 739 303;7;0;2;7;15;1
202400024093;155 739 304;33;0;2;1;1;1
202400024094;155 739 300;7;0;2;3;1;1
202400024095;155 739 298;7;0;1;3;1;1
202400024096;155 739 301;2;0;2;1;1;1
202400024096;155 739 302;7;0;2;3;15;1
202400024097;155 739 297;7;0;2;2;2;1
202400024097;155 739 299;7;0;2;6;2;1
202400024098;155 739 295;7;1;1;1;19;1
202400024099;155 739 293;7;0;2;1;15;1
202400024099;155 739 296;33;0;2;1;3;1
202400024100;155 739 290;7;0;2;1;13;1
202400024100;155 739 292;15;0;2;3;1;1
202400024101;155 739 291;7;0;2;3;13;1
202400024101;155 739 294;7;0;2;1;1;1
202400024102;155 739 287;7;0;9;2;23;1
202400024102;155 739 288;33;0;2;0;3;1
202400024102;155 739 289;10;0;2;8;23;1
202400024103;155 739 285;10;0;1;3;1;1
202400024104;155 739 284;7;0;2;1;1;1
202400024104;155 739 286;33;0;2;1;1;1
202400024105;155 739 282;50;0;2;1;25;3
202400024105;155 739 283;10;0;9;3;9;1
202400024106;155 739 280;10;13;0;0;14;1
202400024107;155 739 279;7;0;2;1;1;1
202400024107;155 739 281;7;0;2;4;1;1
202400024108;155 739 274;7;0;2;3;1;1
202400024108;155 739 276;33;0;2;5;17;1
202400024109;155 739 273;38;0;2;5;11;1
202400024109;155 739 277;30;0;2;8;0;1
202400024109;155 739 278;7;0;2;6;15;1
202400024110;155 739 275;7;0;1;1;15;1
202400024111;155 739 271;39;0;1;2;1;3
202400024112;155 739 269;7;0;2;2;15;1
202400024112;155 739 272;50;0;2;1;1;3
202400024113;155 739 265;43;0;2;7;3;1
202400024113;155 739 267;7;0;2;8;13;1
202400024114;155 739 264;7;0;2;1;1;3
202400024114;155 739 268;7;0;2;2;1;1
202400024114;155 739 270;7;0;2;1;13;1
202400024115;155 739 263;33;0;2;7;1;1
202400024115;155 739 266;60;0;2;1;1;5
202400024116;155 739 261;33;0;2;7;2;1
202400024116;155 739 262;33;0;2;1;2;1
202400024117;155 739 260;7;0;1;3;1;2
202400024118;155 739 258;30;14;0;2;1;1
202400024119;155 739 259;31;0;1;1;5;1
202400024120;155 739 257;7;0;1;2;1;1
202400024121;155 739 255;37;0;1;2;1;2
202400024122;155 739 254;7;8;0;3;18;1
202400024122;155 739 256;7;0;0;1;1;1
202400024123;155 739 252;7;0;9;1;1;1
202400024123;155 739 253;1;0;2;1;5;5
202400024124;155 739 251;41;0;1;5;1;1
202400024125;155 739 250;2;0;0;7;1;1
202400024126;155 739 249;7;5;0;1;1;1
202400024127;155 739 246;14;0;1;3;1;1
202400024128;155 739 245;7;0;2;1;1;1
202400024128;155 739 247;10;0;2;6;1;1
202400024128;155 739 248;7;0;2;3;1;2
202400024129;155 739 243;10;0;2;1;1;1
202400024129;155 739 244;7;0;2;1;17;1
202400024130;155 739 241;50;0;2;1;1;3
202400024131;155 739 240;7;0;2;1;9;1
202400024131;155 739 242;31;0;2;7;1;1
202400024132;155 739 238;7;0;2;2;26;1
202400024132;155 739 239;33;0;2;8;1;1
202400024133;155 739 237;1;0;1;1;2;5
202400024134;155 739 235;32;0;0;1;21;1
202400024135;155 739 232;10;0;2;4;23;1
202400024135;155 739 234;7;0;2;3;23;1
202400024135;155 739 236;7;1;1;1;1;1
202400024136;155 739 233;10;0;1;7;14;1
202400024137;155 739 230;33;6;0;1;1;1
202400024138;155 739 229;7;0;1;1;1;1
202400024139;155 739 228;80;0;2;8;0;3
202400024139;155 739 231;10;0;2;7;19;1
202400024140;155 739 227;1;8;0;1;1;5
202400024141;155 739 224;7;0;2;3;10;1
202400024141;155 739 226;7;0;2;2;1;1
202400024142;155 739 223;31;0;2;3;3;3
202400024142;155 739 225;7;0;2;3;15;3
202400024143;155 739 221;7;0;2;3;13;1
202400024143;155 739 222;7;0;2;3;1;1
202400024144;155 739 220;7;2;0;1;1;1
202400024145;155 739 219;7;0;1;2;5;2
202400024146;155 739 216;7;0;2;4;2;1
202400024146;155 739 218;7;0;2;1;2;1
202400024147;155 739 217;30;0;0;7;1;3
202400024148;155 739 213;31;0;2;3;1;1
202400024148;155 739 215;7;0;2;1;1;1
202400024149;155 739 211;7;0;2;4;0;1
202400024149;155 739 214;7;0;2;1;1;1
202400024150;155 739 212;7;6;0;1;1;1
202400024151;155 739 210;10;3;0;1;26;1
202400024152;155 739 209;1;0;1;2;16;5
202400024153;155 739 204;34;0;2;3;13;1
202400024153;155 739 207;7;0;2;5;1;0
202400024154;155 739 205;7;9;2;2;6;1
202400024154;155 739 208;7;6;2;8;1;1
202400024155;155 739 203;7;0;2;6;13;0
202400024155;155 739 206;1;0;2;2;1;5
202400024156;155 739 202;7;4;0;1;1;1
202400024157;155 739 197;7;0;2;0;1;1
202400024157;155 739 200;7;0;2;0;0;0
202400024158;155 739 198;2;0;2;1;5;1
202400024158;155 739 201;7;0;2;2;1;1
202400024159;155 739 194;10;0;2;3;1;1
202400024159;155 739 195;7;0;2;3;13;1
202400024160;155 739 192;7;8;0;3;14;1
202400024161;155 739 191;7;0;0;4;1;1
202400024161;155 739 193;2;0;2;1;1;1
202400024162;155 739 189;33;0;2;6;2;1
202400024162;155 739 190;7;0;2;6;9;1
202400024163;155 739 188;7;8;0;2;14;1
202400024164;155 739 185;10;2;0;1;13;1
202400024165;155 739 184;10;0;2;3;1;1
202400024165;155 739 187;7;0;2;2;1;1
202400024166;155 739 183;50;0;2;2;19;3
202400024166;155 739 186;7;0;2;8;1;1
202400024167;155 739 182;33;0;0;0;0;1
202400024168;155 739 180;10;0;1;3;15;1
202400024169;155 739 179;7;6;0;3;1;1
202400024170;155 739 176;7;0;9;3;19;1
202400024170;155 739 178;50;0;2;1;2;3
202400024171;155 739 175;7;0;2;1;1;1
202400024171;155 739 177;7;0;2;4;23;1
202400024172;155 739 174;33;0;0;7;14;1
202400024173;155 739 171;7;0;2;3;1;1
202400024173;155 739 173;7;0;2;3;1;1
202400024174;155 739 169;1;0;2;1;1;5
202400024174;155 739 172;7;0;2;2;15;1
202400024175;155 739 168;7;0;2;1;1;3
202400024175;155 739 170;10;0;0;6;1;1
202400024176;155 739 167;7;0;1;1;26;1
202400024177;155 739 164;1;0;0;0;0;5
202400024177;155 739 166;7;0;2;1;16;1
202400024178;155 739 163;30;0;0;8;12;1
202400024179;155 739 160;2;0;2;8;9;0
202400024179;155 739 162;7;0;2;1;0;1
202400024180;155 739 159;7;0;1;2;2;1
202400024181;155 739 158;7;0;2;1;1;1
202400024181;155 739 161;7;0;2;7;1;1
202400024182;155 739 155;7;1;0;1;26;1
202400024183;155 739 156;31;0;1;1;21;1
202400024184;155 739 154;7;0;2;1;0;1
202400024184;155 739 157;31;0;2;4;0;1
202400024185;155 739 153;10;13;0;2;1;1
202400024186;155 739 152;32;0;0;1;1;1
202400024187;155 739 150;34;1;2;1;0;1
202400024187;155 739 151;32;0;2;1;0;1
202400024188;155 739 149;7;0;1;1;1;1
202400024189;155 739 147;34;0;2;3;1;1
202400024189;155 739 148;7;0;2;5;16;1
202400024190;155 739 145;7;0;2;1;1;1
202400024190;155 739 146;7;0;2;1;23;2
202400024191;155 739 143;7;0;2;3;15;1
202400024191;155 739 144;33;0;2;3;1;1
202400024192;155 739 140;10;0;2;1;13;1
202400024192;155 739 142;7;0;2;1;1;1
202400024193;155 739 139;2;0;2;1;15;1
202400024193;155 739 141;7;0;0;5;1;1
202400024194;155 739 138;33;0;0;8;16;1
202400024195;155 739 137;7;0;1;2;1;1
202400024196;155 739 135;7;0;0;0;13;1
202400024197;155 739 134;80;0;2;8;16;3
202400024197;155 739 136;7;0;2;5;16;2
202400024198;155 739 133;7;14;0;1;1;1
202400024199;155 739 130;15;0;2;6;1;1
202400024199;155 739 132;7;0;2;2;17;1
202400024200;155 739 128;7;14;0;1;1;1
202400024200;155 739 129;7;0;2;4;1;1
202400024200;155 739 131;7;0;2;4;1;1
202400024201;155 739 124;31;12;0;2;1;1
202400024202;155 739 121;32;0;0;0;1;1
202400024203;155 739 120;7;0;2;1;13;1
202400024203;155 739 123;7;0;2;1;1;1
202400024204;155 739 119;15;0;2;2;1;1
202400024204;155 739 122;7;0;2;3;0;1
202400024205;155 739 116;7;0;1;3;1;1
202400024206;155 739 115;7;0;2;3;1;0
202400024206;155 739 118;32;0;2;1;13;0
202400024207;155 739 114;1;0;2;8;2;5
202400024207;155 739 117;7;0;2;7;2;1
202400024208;155 739 111;50;0;2;7;2;3
202400024208;155 739 113;7;0;2;8;10;0
202400024209;155 739 110;33;14;0;8;13;1
202400024210;155 739 109;15;0;0;4;23;1
202400024210;155 739 112;14;1;0;1;2;1
202400024211;155 739 106;10;0;1;1;1;1
202400024212;155 739 108;7;0;1;1;26;1
202400024213;155 739 103;7;0;2;3;17;1
202400024213;155 739 105;33;0;2;5;17;1
202400024214;155 739 102;7;0;2;3;1;1
202400024214;155 739 107;7;0;2;2;1;1
202400024215;155 739 101;31;0;2;1;1;1
202400024215;155 739 104;7;0;2;6;1;1
202400024216;155 739 100;33;13;0;8;1;1
202400024217;155 739 099;7;7;0;1;1;1
202400024218;155 739 095;2;0;2;1;1;1
202400024218;155 739 097;7;0;2;3;26;1
202400024219;155 739 094;10;0;2;2;17;1
202400024219;155 739 098;17;0;0;6;1;1
202400024220;155 739 092;7;0;2;2;1;1
202400024220;155 739 096;7;0;2;3;19;1
202400024221;155 739 091;7;0;2;1;2;1
202400024221;155 739 093;2;0;0;4;1;1
202400024222;155 739 090;2;6;0;1;1;1
202400024223;155 739 089;7;6;0;1;15;1
202400024224;155 739 088;7;0;0;0;9;1
202400024225;155 739 087;7;0;1;2;1;1
202400024226;155 739 086;2;0;0;0;26;0
202400024227;155 739 084;7;0;2;5;15;1
202400024227;155 739 085;33;0;2;1;1;1
202400024228;155 739 080;7;0;2;1;13;1
202400024228;155 739 082;7;0;2;1;1;1
202400024229;155 739 079;7;0;6;1;0;0
202400024230;155 739 078;7;0;2;7;1;1
202400024230;155 739 081;7;8;2;1;1;1
202400024230;155 739 083;10;0;2;1;5;1
202400024231;155 739 077;7;0;1;4;4;1
202400024232;155 739 076;7;2;0;1;1;1
202400024233;155 739 074;80;0;2;1;1;3
202400024233;155 739 075;7;0;9;3;1;1
202400024234;155 739 072;7;2;0;2;1;1
202400024235;155 739 068;7;0;1;1;1;1
202400024236;155 739 067;7;0;2;1;17;1
202400024236;155 739 069;7;0;2;1;1;1
202400024236;155 739 070;7;0;2;1;1;1
202400024236;155 739 073;7;0;2;1;1;1
202400024237;155 739 065;7;0;2;3;1;1
202400024237;155 739 071;7;0;2;6;1;1
202400024238;155 739 064;2;0;2;8;1;1
202400024238;155 739 066;7;0;2;2;19;1
202400024239;155 739 060;13;0;2;3;13;1
202400024239;155 739 062;10;0;2;3;13;1
202400024240;155 739 059;7;0;2;5;1;1
202400024240;155 739 061;50;0;2;1;25;3
202400024241;155 739 058;33;6;0;2;1;1
202400024242;155 739 056;1;0;0;8;1;5
202400024243;155 739 054;7;0;1;2;1;1
202400024244;155 739 053;7;0;2;1;1;1
202400024244;155 739 055;7;0;2;8;13;1
202400024244;155 739 057;7;0;0;6;1;1
202400024245;155 739 052;7;6;0;1;13;1
202400024246;155 739 051;2;0;0;7;0;1
202400024247;155 739 049;7;2;0;1;1;1
202400024248;155 739 047;10;0;2;3;1;1
202400024248;155 739 050;2;0;2;1;1;1
202400024249;155 739 044;50;0;2;3;1;3
202400024249;155 739 046;7;0;2;3;16;1
202400024250;155 739 045;37;0;2;7;16;1
202400024250;155 739 048;50;0;2;8;18;3
202400024251;155 739 043;7;13;0;1;13;1
202400024252;155 739 037;7;8;0;1;11;1
202400024253;155 739 040;33;0;2;1;17;1
202400024253;155 739 042;99;0;2;3;15;1
202400024254;155 739 036;33;0;2;1;17;1
202400024254;155 739 039;7;0;0;6;15;2
202400024255;155 739 034;10;3;0;3;5;1
202400024256;155 739 033;7;2;0;8;1;1
202400024257;155 739 032;10;0;1;5;1;1
202400024258;155 739 031;7;0;2;4;1;1
202400024258;155 739 035;7;0;2;1;1;1
202400024259;155 739 029;7;8;0;2;14;1
202400024260;155 739 027;1;0;2;8;2;5
202400024260;155 739 030;17;0;2;7;2;1
202400024261;155 739 026;7;0;2;3;26;1
202400024261;155 739 028;7;0;2;1;13;1
202400024262;155 739 025;7;4;0;1;1;1
202400024263;155 739 024;10;0;0;1;1;1
202400024264;155 739 019;1;0;2;1;5;5
202400024264;155 739 021;1;0;2;1;5;5
202400024264;155 739 023;7;0;2;2;1;1
202400024265;155 739 017;7;0;2;2;1;1
202400024265;155 739 020;10;0;2;1;12;1
202400024265;155 739 022;7;0;2;1;1;0
202400024266;155 739 015;7;0;2;3;0;0
202400024266;155 739 018;7;0;2;0;0;1
202400024267;155 739 013;10;0;2;7;1;1
202400024267;155 739 016;7;0;2;3;1;1
202400024268;155 739 011;50;0;2;1;1;3
202400024268;155 739 014;10;0;2;2;1;1
202400024269;155 739 009;2;0;1;1;2;1
202400024270;155 739 010;30;0;2;1;17;1
202400024270;155 739 012;7;0;2;3;15;1
202400024271;155 739 008;7;0;1;1;1;1
202400024272;155 739 006;1;0;2;1;1;5
202400024272;155 739 007;7;0;9;3;1;2
202400024273;155 739 004;7;0;2;2;1;1
202400024273;155 739 005;7;0;2;3;1;1
202400024274;155 739 000;2;0;0;8;17;1
202400024274;155 739 002;0;0;0;2;13;0
202400024275;155 738 999;7;4;0;1;1;1
202400024276;155 739 001;7;0;2;1;1;1
202400024276;155 739 003;7;8;2;7;15;1
202400024277;155 738 997;1;0;1;1;5;5
202400024278;155 738 996;33;0;2;1;2;1
202400024278;155 738 998;7;0;0;4;2;1
202400024279;155 738 991;1;0;0;1;1;5
202400024279;155 738 994;7;0;0;3;17;1
202400024280;155 738 990;7;0;2;3;1;1
202400024280;155 738 993;7;0;2;3;1;1
202400024281;155 738 989;1;0;2;1;1;5
202400024281;155 738 992;1;0;2;1;1;5
202400024281;155 738 995;1;0;2;6;13;5
202400024282;155 738 988;7;8;0;2;1;1
202400024283;155 738 987;7;3;0;0;0;1
202400024284;155 738 985;43;0;2;3;1;1
202400024284;155 738 986;7;0;2;0;1;3
202400024285;155 738 982;7;0;2;3;1;0
202400024285;155 738 984;7;0;2;1;1;1
202400024286;155 738 983;17;0;1;3;2;1
202400024287;155 738 980;30;0;2;1;13;1
202400024287;155 738 981;7;0;2;5;23;1
202400024288;155 738 978;7;0;0;2;13;1
202400024288;155 738 979;10;0;0;1;1;1
202400024289;155 738 977;7;0;1;2;1;0
202400024290;155 738 976;1;0;1;1;26;5
202400024291;155 738 975;2;6;0;2;1;1
202400024292;155 738 973;15;0;2;3;13;1
202400024292;155 738 974;10;0;2;3;1;1
202400024293;155 738 971;33;0;0;0;1;1
202400024294;155 738 972;1;0;1;2;12;5
202400024295;155 738 970;7;0;0;9;2;1
202400024296;155 738 968;2;0;2;1;1;1
202400024296;155 738 969;7;0;2;4;23;2
202400024297;155 738 967;7;0;1;3;1;1
202400024298;155 738 966;7;9;0;1;1;1
202400024299;155 738 964;7;0;2;3;9;1
202400024299;155 738 965;7;0;2;1;17;1
202400024300;155 738 962;7;0;2;3;26;6
202400024300;155 738 963;2;0;0;0;0;1
202400024301;155 738 961;33;0;0;3;2;1
202400024302;155 738 959;1;0;2;1;2;5
202400024302;155 738 960;7;0;2;3;15;1
202400024303;155 738 957;31;0;2;1;7;1
202400024303;155 738 958;37;0;2;8;15;1
202400024304;155 738 954;10;0;2;1;0;0
202400024304;155 738 956;99;0;2;0;0;0
202400024305;155 738 952;33;0;2;3;1;1
202400024305;155 738 953;7;0;2;2;12;2
202400024306;155 738 950;7;0;2;1;1;1
202400024306;155 738 951;7;0;2;4;1;2
202400024307;155 738 949;32;0;0;0;1;1
202400024308;155 738 947;10;16;0;1;21;1
202400024309;155 738 948;10;9;0;1;9;1
202400024310;155 738 946;7;0;0;9;2;1
202400024311;155 738 944;7;0;2;0;0;1
202400024311;155 738 945;7;0;2;0;0;1
202400024312;155 738 942;7;0;9;5;1;1
202400024312;155 738 943;1;0;2;8;0;5
202400024313;155 738 941;33;0;6;1;1;1
202400024314;155 738 939;7;0;2;1;15;1
202400024314;155 738 940;33;0;2;8;1;1
202400024315;155 738 938;33;15;0;1;13;1
202400024316;155 738 937;7;0;1;3;23;1
202400024317;155 738 934;7;0;2;1;1;1
202400024317;155 738 936;7;0;0;4;1;1
202400024318;155 738 933;7;0;2;2;15;3
202400024318;155 738 935;2;0;2;7;1;1
202400024319;155 738 932;7;2;0;1;13;1
202400024320;155 738 930;7;0;2;3;0;1
202400024320;155 738 931;7;0;2;1;0;1
202400024321;155 738 929;7;4;0;3;21;1
202400024322;155 738 928;2;0;5;1;1;0
202400024323;155 738 927;2;15;9;2;0;1
202400024324;155 738 926;7;0;0;1;13;1
202400024325;155 738 924;1;0;0;4;0;5
202400024325;155 738 925;7;0;9;1;2;0
202400024326;155 738 923;33;0;0;9;26;0
202400024327;155 738 922;7;0;1;3;1;1
202400024328;155 738 919;80;1;0;1;1;3
202400024328;155 738 921;10;0;0;8;24;1
202400024329;155 738 918;7;0;2;2;1;1
202400024329;155 738 920;1;0;2;1;1;5
202400024330;155 738 916;10;11;2;1;15;1
202400024330;155 738 917;7;0;2;1;1;1
202400024331;155 738 912;33;0;0;7;12;1
202400024331;155 738 914;7;0;0;1;1;1
202400024332;155 738 908;7;0;2;8;1;1
202400024332;155 738 910;7;0;2;2;14;1
202400024332;155 738 911;7;0;2;8;2;1
202400024333;155 738 907;31;0;2;1;0;1
202400024333;155 738 909;7;0;0;4;2;1
202400024334;155 738 904;7;0;2;0;0;1
202400024334;155 738 906;7;0;2;0;0;1
202400024335;155 738 903;7;0;2;1;19;1
202400024335;155 738 905;7;2;2;8;1;1
202400024336;155 738 899;7;0;2;0;1;1
202400024336;155 738 901;7;3;2;0;0;1
202400024336;155 738 902;7;0;2;0;0;3
202400024337;155 738 898;1;1;0;1;14;5
202400024337;155 738 900;7;0;0;4;24;1
202400024338;155 738 896;33;0;0;7;1;1
202400024339;155 738 893;7;0;2;3;2;1
202400024339;155 738 895;7;0;2;5;23;1
202400024339;155 738 897;7;0;2;4;23;1
202400024340;155 738 894;7;15;9;3;19;1
202400024341;155 738 891;33;0;0;0;17;1
202400024342;155 738 888;33;0;2;1;3;1
202400024342;155 738 889;7;0;2;6;1;1
202400024342;155 738 890;7;0;2;8;1;2
202400024342;155 738 892;7;0;2;4;1;2
202400024343;155 738 886;21;0;2;1;11;1
202400024343;155 738 887;33;0;2;1;1;1
202400024344;155 738 884;7;3;2;4;1;1
202400024344;155 738 885;43;3;2;1;1;1
202400024345;155 738 883;7;13;0;9;1;1
202400024346;155 738 880;7;2;0;1;1;0
202400024347;155 738 881;38;0;1;1;0;1
202400024347;155 738 882;7;0;2;1;0;1
202400024348;155 738 877;31;0;2;2;17;0
202400024348;155 738 879;7;0;0;8;15;1
202400024349;155 738 876;10;0;2;2;1;1
202400024349;155 738 878;1;0;2;1;1;5
202400024350;155 738 875;7;7;0;2;1;1
202400024351;155 738 874;7;0;0;1;1;2
202400024352;155 738 873;1;0;0;1;1;5
202400024353;155 738 871;2;0;2;1;1;1
202400024353;155 738 872;7;0;2;1;16;0
202400024354;155 738 868;7;0;2;1;17;1
202400024354;155 738 870;10;0;0;4;15;1
202400024355;155 738 867;30;0;2;1;17;1
202400024355;155 738 869;7;0;2;8;0;1
202400024356;155 738 865;7;13;0;8;1;2
202400024357;155 738 864;33;0;2;1;2;1
202400024357;155 738 866;7;0;2;4;2;1
202400024358;155 738 861;7;0;2;8;1;1
202400024358;155 738 863;7;0;2;8;1;1
202400024359;155 738 860;1;0;2;5;1;5
202400024359;155 738 862;0;0;0;5;0;0
202400024360;155 738 858;21;13;0;4;0;1
202400024361;155 738 857;10;0;9;2;9;1
202400024361;155 738 859;50;0;2;1;5;3
202400024362;155 738 855;7;13;0;2;14;1
202400024363;155 738 854;7;0;9;8;15;1
202400024363;155 738 856;50;0;2;1;17;3
202400024364;155 738 852;2;0;1;1;1;1
202400024365;155 738 851;7;0;0;3;1;1
202400024365;155 738 853;1;0;2;1;16;5
202400024366;155 738 850;33;0;0;1;0;1
202400024367;155 738 848;3;0;2;1;1;1
202400024367;155 738 849;21;0;2;3;1;1
202400024368;155 738 847;10;0;1;3;26;1
202400024369;155 738 846;2;6;0;3;13;1
202400024370;155 738 845;43;12;0;1;0;1
202400024371;155 738 844;7;0;0;1;1;1
202400024372;155 738 841;7;0;2;8;15;1
202400024372;155 738 843;7;0;2;1;17;1
202400024373;155 738 840;32;0;2;1;17;1
202400024373;155 738 842;7;0;2;3;1;1
202400024374;155 738 838;50;0;0;0;1;3
202400024375;155 738 837;7;0;2;1;1;1
202400024375;155 738 839;7;0;2;7;1;1
202400024376;155 738 834;7;7;0;1;16;1
202400024377;155 738 835;7;4;2;7;17;1
202400024377;155 738 836;14;4;2;1;1;1
202400024378;155 738 831;10;0;9;4;4;1
202400024378;155 738 833;1;0;2;7;0;5
202400024379;155 738 830;7;0;2;2;9;1
202400024379;155 738 832;1;0;0;4;2;5
202400024380;155 738 827;7;0;1;3;15;1
202400024381;155 738 828;7;0;2;3;19;1
202400024381;155 738 829;33;0;2;1;1;1
202400024382;155 738 824;7;0;0;2;9;1
202400024382;155 738 825;33;0;0;1;26;1
202400024383;155 738 823;7;0;2;6;15;2
202400024383;155 738 826;33;0;2;0;0;1
202400024384;155 738 820;2;0;2;1;1;1
202400024384;155 738 822;7;0;2;3;15;1
202400024385;155 738 819;7;0;2;3;9;2
202400024385;155 738 821;31;0;2;5;0;1
202400024386;155 738 818;33;0;6;1;1;1
202400024387;155 738 816;1;0;2;1;9;5
202400024387;155 738 817;7;0;2;2;1;1
202400024388;155 738 814;7;0;2;6;23;1
202400024388;155 738 815;33;0;2;1;1;1
202400024389;155 738 811;33;0;2;2;15;1
202400024389;155 738 812;33;0;2;3;1;1
202400024390;155 738 810;7;0;2;5;15;3
202400024390;155 738 813;10;0;2;1;1;1
202400024391;155 738 809;80;0;0;8;1;3
202400024392;155 738 806;7;0;0;6;24;1
202400024392;155 738 808;7;1;0;6;0;1
202400024393;155 738 805;33;0;2;1;1;0
202400024393;155 738 807;20;0;0;1;1;0
202400024394;155 738 802;33;0;2;1;2;1
202400024394;155 738 804;15;0;0;5;2;1
202400024395;155 738 799;7;0;2;1;1;1
202400024395;155 738 801;7;0;2;1;1;1
202400024395;155 738 803;15;6;2;2;1;1
202400024396;155 738 798;7;0;2;3;1;1
202400024396;155 738 800;1;0;2;1;13;5
202400024397;155 738 796;80;0;2;2;1;3
202400024397;155 738 797;7;0;9;5;4;1
202400024398;155 738 793;7;0;2;1;0;1
202400024398;155 738 795;1;0;2;0;9;5
202400024399;155 738 791;7;0;2;3;17;1
202400024399;155 738 792;10;0;2;3;1;1
202400024400;155 738 789;7;0;9;2;0;1
202400024400;155 738 790;50;0;2;9;0;3
202400024401;155 738 788;7;2;0;1;1;1
202400024402;155 738 783;1;0;0;4;1;5
202400024402;155 738 785;7;6;9;2;17;1
202400024402;155 738 786;1;0;0;4;1;5
202400024403;155 738 781;7;0;2;4;2;3
202400024403;155 738 782;7;0;2;4;2;1
202400024403;155 738 784;7;0;2;1;2;1
202400024403;155 738 787;7;0;2;4;2;1
202400024404;155 738 778;7;16;2;0;2;1
202400024404;155 738 780;10;0;2;2;2;1
202400024405;155 738 775;10;0;9;1;1;1
202400024405;155 738 776;50;0;2;3;26;3
202400024406;155 738 777;7;0;2;8;1;1
202400024406;155 738 779;2;0;2;1;1;1
202400024407;155 738 774;7;0;1;3;26;1
202400024408;155 738 772;3;0;2;1;1;1
202400024408;155 738 773;7;0;0;4;23;1
202400024409;155 738 770;7;0;2;7;16;1
202400024409;155 738 771;50;0;2;1;1;3
202400024410;155 738 768;10;0;2;1;1;1
202400024410;155 738 769;33;0;2;1;13;1
202400024411;155 738 765;7;0;2;7;1;1
202400024411;155 738 767;1;0;2;8;1;5
202400024412;155 738 764;33;0;2;1;1;1
202400024412;155 738 766;7;0;2;8;10;1
202400024413;155 738 761;41;1;0;5;14;3
202400024414;155 738 762;7;0;2;3;11;1
202400024414;155 738 763;33;0;2;7;1;1
202400024415;155 738 760;36;0;0;0;0;1
202400024416;155 738 759;7;0;1;2;1;1
202400024417;155 738 758;7;15;0;2;14;1
202400024418;155 738 756;7;6;0;1;1;1
202400024419;155 738 757;7;9;0;3;19;1
202400024420;155 738 753;20;14;0;6;2;1
202400024420;155 738 755;33;0;2;1;2;1
202400024421;155 738 752;7;0;2;2;1;1