Num_Acc;id_vehicule;categorie_vehicule;obstacle_fixe;obstacle_mobile;point_choc_initial;manoeuvre_principale;motorisation
202400024421;155 738 754;7;0;2;6;15;1
202400024422;155 738 747;7;0;2;4;2;1
202400024422;155 738 749;7;0;2;4;1;1
202400024422;155 738 751;7;0;2;1;2;1
202400024423;155 738 748;15;0;2;1;1;1
202400024423;155 738 750;7;0;2;4;23;1
202400024424;155 738 745;10;0;1;1;1;1
202400024425;155 738 744;7;0;2;1;19;1
202400024425;155 738 746;7;0;2;5;2;1
202400024426;155 738 741;10;0;2;6;2;0
202400024426;155 738 743;7;0;2;1;2;1
202400024427;155 738 740;32;0;2;1;1;3
202400024427;155 738 742;7;0;2;7;1;1
202400024428;155 738 738;7;4;2;3;1;1
202400024428;155 738 739;7;0;2;5;1;1
202400024429;155 738 734;7;0;2;4;2;1
202400024429;155 738 736;7;0;2;1;2;1
202400024429;155 738 737;7;0;2;0;0;1
202400024430;155 738 732;7;0;2;7;12;1
202400024430;155 738 733;33;0;2;8;1;1
202400024430;155 738 735;7;0;2;8;1;1
202400024431;155 738 731;7;6;0;1;19;2
202400024432;155 738 730;7;3;0;1;0;1
202400024433;155 738 728;7;4;0;2;0;1
202400024434;155 738 727;7;0;2;1;19;1
202400024434;155 738 729;7;0;2;3;1;1
202400024435;155 738 726;7;0;5;1;1;1
202400024436;155 738 724;7;4;0;1;1;1
202400024437;155 738 722;33;0;2;1;1;1
202400024437;155 738 723;33;0;2;4;23;1
202400024437;155 738 725;33;0;2;4;1;1
202400024438;155 738 719;3;0;1;2;15;0
202400024439;155 738 718;10;0;2;7;14;1
202400024439;155 738 720;33;0;2;5;1;1
202400024439;155 738 721;7;0;2;3;1;2
202400024440;155 738 717;7;4;0;8;1;1
202400024441;155 738 716;7;0;1;1;26;3
202400024442;155 738 713;32;0;2;2;1;1
202400024442;155 738 715;7;0;2;3;15;1
202400024443;155 738 714;14;0;1;5;26;1
202400024444;155 738 710;7;0;2;6;2;1
202400024444;155 738 712;30;0;2;2;0;1
202400024445;155 738 709;50;0;2;1;2;3
202400024445;155 738 711;7;0;2;8;10;0
202400024446;155 738 708;7;12;0;2;14;1
202400024447;155 738 706;10;0;2;1;1;1
202400024447;155 738 707;7;0;2;4;23;1
202400024448;155 738 705;7;1;0;2;1;1
202400024449;155 738 701;32;0;2;1;13;0
202400024449;155 738 703;30;0;2;1;0;1
202400024450;155 738 702;33;0;2;1;0;1
202400024450;155 738 704;7;0;2;2;0;1
202400024451;155 738 699;7;0;2;3;13;1
202400024451;155 738 700;7;0;2;3;13;1
202400024452;155 738 697;37;0;2;3;1;1
202400024452;155 738 698;7;0;2;0;0;1
202400024453;155 738 695;7;12;0;1;1;1
202400024454;155 738 694;7;0;2;1;9;1
202400024454;155 738 696;7;0;2;2;1;1
202400024455;155 738 692;50;0;2;0;1;3
202400024455;155 738 693;7;0;9;0;15;1
202400024456;155 738 690;7;0;2;0;12;1
202400024456;155 738 691;7;0;2;6;1;1
202400024457;155 738 688;10;0;2;0;1;1
202400024457;155 738 689;7;0;2;1;1;1
202400024458;155 738 685;7;0;2;1;2;1
202400024458;155 738 686;7;0;2;3;2;1
202400024458;155 738 687;7;0;2;4;2;1
202400024459;155 738 684;7;0;1;3;1;1
202400024460;155 738 682;1;0;2;1;15;5
202400024460;155 738 683;7;0;2;7;1;1
202400024461;155 738 680;50;0;2;7;1;3
202400024461;155 738 681;7;0;2;1;1;1
202400024462;155 738 678;7;0;2;4;23;1
202400024462;155 738 679;10;0;2;1;1;1
202400024463;155 738 676;31;0;2;7;16;1
202400024463;155 738 677;7;0;2;8;1;1
202400024464;155 738 674;33;0;2;7;1;1
202400024464;155 738 675;7;0;2;1;1;1
202400024465;155 738 671;1;0;2;1;1;5
202400024465;155 738 672;7;0;2;7;16;1
202400024466;155 738 669;7;0;2;5;16;1
202400024466;155 738 670;14;0;2;3;0;1
202400024467;155 738 667;10;0;2;3;1;1
202400024467;155 738 668;7;0;2;1;1;1
202400024468;155 738 665;33;0;2;1;1;1
202400024468;155 738 666;37;0;2;2;15;1
202400024469;155 738 663;3;0;2;8;1;3
202400024469;155 738 664;0;0;2;0;0;0
202400024470;155 738 661;10;0;2;0;24;1
202400024470;155 738 662;7;1;0;1;1;2
202400024471;155 738 659;7;0;2;1;26;1
202400024471;155 738 660;1;0;2;1;25;5
202400024472;155 738 657;7;0;2;2;1;1
202400024472;155 738 658;50;0;2;1;1;3
202400024473;155 738 655;7;0;2;1;2;1
202400024473;155 738 656;10;0;2;4;2;1
202400024474;155 738 653;7;0;2;3;13;1
202400024474;155 738 654;15;0;2;3;1;1
202400024475;155 738 652;38;0;0;0;26;1
202400024476;155 738 650;1;1;2;1;1;5
202400024476;155 738 651;10;0;2;7;24;0
202400024477;155 738 648;2;0;2;2;3;1
202400024477;155 738 649;14;0;2;3;1;1
202400024478;155 738 646;33;0;2;1;3;1
202400024478;155 738 647;7;0;2;6;2;1
202400024479;155 738 645;7;13;0;3;13;1
202400024480;155 738 642;7;0;2;8;1;1
202400024480;155 738 643;7;0;2;1;25;2
202400024480;155 738 644;10;0;2;1;26;1
202400024481;155 738 640;37;0;2;0;0;0
202400024481;155 738 641;1;0;2;1;19;5
202400024482;155 738 638;7;0;2;3;1;1
202400024482;155 738 639;2;0;2;1;19;1
202400024483;155 738 637;7;0;2;2;26;1
202400024484;155 738 635;33;0;2;8;1;1
202400024484;155 738 636;7;0;2;8;15;1
202400024485;155 738 633;30;0;2;7;15;1
202400024485;155 738 634;33;1;2;1;1;1
202400024486;155 738 631;7;0;2;4;2;1
202400024486;155 738 632;10;0;0;4;2;1
202400024487;155 738 629;17;0;2;2;1;1
202400024487;155 738 630;7;0;2;3;1;1
202400024488;155 738 627;31;0;2;1;2;1
202400024488;155 738 628;7;0;0;4;2;1
202400024489;155 738 625;33;0;2;1;3;1
202400024489;155 738 626;10;0;2;5;2;1
202400024490;155 738 624;7;0;1;4;4;1
202400024491;155 738 622;7;0;2;5;1;1
202400024491;155 738 623;1;0;2;1;1;5
202400024492;155 738 621;33;0;1;3;1;1
202400024493;155 738 620;50;0;1;8;1;3
202400024494;155 738 619;7;0;1;2;1;1
202400024495;155 738 618;1;0;1;8;1;5
202400024496;155 738 617;7;9;2;1;1;1
202400024497;155 738 616;10;1;0;0;14;0
202400024498;155 738 614;2;0;2;6;2;1
202400024498;155 738 615;7;0;2;2;2;2
202400024499;155 738 613;34;0;1;1;25;1
202400024500;155 738 612;30;0;1;1;0;1
202400024501;155 738 610;7;0;2;7;22;1
202400024501;155 738 611;1;1;0;1;1;5
202400024502;155 738 608;7;0;2;6;13;1
202400024502;155 738 609;1;0;2;1;13;5
202400024503;155 738 606;80;0;2;1;1;2
202400024503;155 738 607;7;0;2;7;16;1
202400024504;155 738 605;38;0;1;2;1;1
202400024505;155 738 604;7;0;1;2;1;2
202400024506;155 738 603;7;0;1;7;1;1
202400024507;155 738 601;7;0;2;7;17;2
202400024507;155 738 602;80;0;2;8;1;3
202400024508;155 738 599;7;0;2;3;1;2
202400024508;155 738 600;1;0;2;2;15;5
202400024509;155 738 597;7;0;2;8;24;1
202400024509;155 738 598;1;0;2;1;1;5
202400024510;155 738 596;14;0;1;1;1;1
202400024511;155 738 595;7;0;1;0;1;2
202400024512;155 738 594;7;14;0;1;1;1
202400024513;155 738 592;7;0;1;1;1;1
202400024514;155 738 591;33;0;2;1;17;1
202400024514;155 738 593;7;0;2;6;15;1
202400024515;155 738 590;7;4;0;3;14;1
202400024516;155 738 589;34;12;0;1;1;1
202400024517;155 738 587;7;0;2;3;26;2
202400024517;155 738 588;7;0;2;2;1;1
202400024518;155 738 586;7;9;0;1;14;1
202400024519;155 738 585;7;0;1;1;0;0
202400024520;155 738 584;7;0;1;1;1;1
202400024521;155 738 582;15;15;2;7;16;1
202400024521;155 738 583;7;15;2;7;0;1
202400024522;155 738 581;50;0;0;0;15;3
202400024523;155 738 579;10;0;2;3;9;1
202400024523;155 738 580;32;0;2;1;1;1
202400024524;155 738 576;7;0;2;1;1;2
202400024524;155 738 578;50;0;2;7;19;3
202400024525;155 738 575;7;0;2;5;16;1
202400024525;155 738 577;80;0;2;8;1;3
202400024526;155 738 573;1;0;2;4;11;5
202400024526;155 738 574;7;0;2;2;1;1
202400024527;155 738 572;7;12;1;3;17;1
202400024528;155 738 570;1;0;2;8;1;5
202400024528;155 738 571;7;0;2;1;1;2
202400024529;155 738 568;7;0;2;1;2;1
202400024529;155 738 569;7;0;2;4;23;1
202400024530;155 738 566;1;0;2;8;19;5
202400024530;155 738 567;7;0;2;1;1;0
202400024531;155 738 563;50;0;2;1;1;3
202400024531;155 738 564;50;0;2;1;17;3
202400024532;155 738 562;7;13;0;1;19;1
202400024533;155 738 561;7;15;0;1;2;0
202400024534;155 738 560;50;0;1;1;11;3
202400024535;155 738 559;7;3;0;1;1;1
202400024536;155 738 555;2;0;2;1;1;1
202400024536;155 738 557;7;0;0;4;2;1
202400024537;155 738 556;10;0;2;1;1;1
202400024537;155 738 558;50;0;2;4;1;3
202400024538;155 738 554;0;0;1;0;26;0
202400024539;155 738 552;7;0;2;1;1;1
202400024539;155 738 553;1;0;2;3;19;5
202400024540;155 738 551;7;6;0;1;1;1
202400024541;155 738 547;15;0;2;1;2;1
202400024541;155 738 549;7;0;2;4;2;1
202400024542;155 738 548;7;4;2;1;26;1
202400024542;155 738 550;7;4;2;1;13;3
202400024543;155 738 545;7;0;2;1;0;1
202400024543;155 738 546;1;0;0;0;0;5
202400024544;155 738 544;7;17;0;2;1;1
202400024545;155 738 541;10;16;2;1;21;1
202400024545;155 738 542;7;13;0;4;1;1
202400024546;155 738 538;7;0;2;1;2;1
202400024546;155 738 539;33;0;0;4;2;1
202400024547;155 738 537;7;8;0;9;1;1
202400024548;155 738 536;7;0;1;1;0;1
202400024549;155 738 534;50;0;2;1;12;3
202400024549;155 738 535;7;0;2;3;1;2
202400024550;155 738 533;7;0;1;2;1;1
202400024551;155 738 531;2;0;2;1;15;1
202400024551;155 738 532;7;0;2;3;1;1
202400024552;155 738 529;33;3;0;2;0;1
202400024553;155 738 528;1;0;2;6;1;5
202400024553;155 738 530;7;0;2;2;1;0
202400024554;155 738 527;7;13;0;9;1;3
202400024555;155 738 524;32;0;2;1;13;1
202400024555;155 738 525;7;0;2;2;1;1
202400024556;155 738 521;7;0;0;1;1;1
202400024557;155 738 522;7;0;2;3;1;0
202400024557;155 738 523;7;0;2;4;15;2
202400024557;155 738 526;7;0;0;0;0;0
202400024558;155 738 518;7;0;2;3;15;1
202400024558;155 738 520;10;0;2;1;1;1
202400024559;155 738 516;2;0;2;5;21;1
202400024559;155 738 517;7;0;2;2;3;1
202400024560;155 738 515;10;0;2;1;26;1
202400024560;155 738 519;7;0;2;1;26;1
202400024561;155 738 514;10;2;0;2;1;1
202400024562;155 738 513;7;5;0;1;13;2
202400024563;155 738 511;7;0;2;1;1;1
202400024563;155 738 512;10;0;2;3;9;1
202400024564;155 738 509;7;0;2;1;1;1
202400024564;155 738 510;7;0;2;1;13;1
202400024565;155 738 508;7;0;1;1;1;1
202400024566;155 738 506;10;0;2;3;19;1
202400024566;155 738 507;7;0;2;2;1;1
202400024567;155 738 504;7;0;2;2;0;1
202400024567;155 738 505;7;0;2;3;0;1
202400024568;155 738 502;2;0;2;8;1;1
202400024568;155 738 503;7;0;2;2;1;1
202400024569;155 738 501;7;1;0;7;1;1
202400024570;155 738 500;7;0;1;2;17;1
202400024571;155 738 499;7;13;0;0;17;1
202400024572;155 738 498;10;0;1;2;19;1
202400024573;155 738 496;7;0;0;3;13;1
202400024573;155 738 497;7;0;0;3;23;1
202400024574;155 738 493;7;4;2;4;1;1
202400024574;155 738 494;7;4;2;1;14;1
202400024575;155 738 492;7;0;2;2;1;1
202400024575;155 738 495;2;0;2;7;1;1
202400024576;155 738 490;7;0;2;6;26;1
202400024576;155 738 491;1;0;2;0;1;5
202400024577;155 738 488;30;0;2;1;1;1
202400024577;155 738 489;10;0;2;1;15;1
202400024578;155 738 486;7;0;2;4;23;1
202400024578;155 738 487;7;0;2;1;2;1
202400024579;155 738 484;30;0;2;1;0;1
202400024579;155 738 485;7;0;2;4;4;1
202400024580;155 738 483;10;0;1;0;12;0
202400024581;155 738 481;7;0;2;4;23;1
202400024581;155 738 482;2;0;2;1;2;1
202400024582;155 738 479;10;0;2;3;15;1
202400024582;155 738 480;1;0;2;1;1;5
202400024583;155 738 477;50;0;2;1;9;3
202400024583;155 738 478;1;0;2;1;19;5
202400024584;155 738 473;7;0;2;4;23;1
202400024584;155 738 474;10;0;2;1;1;1
202400024584;155 738 475;7;0;0;4;23;1
202400024584;155 738 476;7;0;2;4;23;2
202400024585;155 738 471;1;0;2;1;1;5
202400024585;155 738 472;10;0;2;4;1;1
202400024586;155 738 469;7;0;2;8;13;2
202400024586;155 738 470;30;0;2;7;14;3
202400024587;155 738 468;7;0;1;1;1;2
202400024588;155 738 467;7;0;1;3;1;2
202400024589;155 738 465;43;0;2;1;19;1
202400024589;155 738 466;1;0;2;1;19;5
202400024590;155 738 463;10;0;2;1;19;1
202400024590;155 738 464;1;0;2;7;19;5
202400024591;155 738 461;1;0;2;2;26;5
202400024591;155 738 462;7;0;2;3;1;2
202400024592;155 738 460;7;0;1;7;9;3
202400024593;155 738 458;50;0;2;1;0;3
202400024593;155 738 459;7;0;2;2;16;1
202400024594;155 738 456;33;0;2;1;1;1
202400024594;155 738 457;7;0;2;2;15;1
202400024595;155 738 455;7;0;1;1;15;1
202400024596;155 738 453;7;0;2;2;1;1
202400024596;155 738 454;7;0;2;3;1;1
202400024597;155 738 451;10;0;2;3;1;1
202400024597;155 738 452;32;0;2;1;1;1
202400024598;155 738 449;13;0;2;7;9;0
202400024598;155 738 450;10;0;2;8;2;0
202400024599;155 738 447;1;1;0;7;1;5
202400024599;155 738 448;7;14;0;1;1;3
202400024600;155 738 445;7;0;2;1;1;1
202400024600;155 738 446;7;0;2;1;16;1
202400024601;155 738 443;7;0;2;3;16;1
202400024601;155 738 444;50;0;2;0;0;3
202400024602;155 738 440;7;0;2;4;26;1
202400024602;155 738 441;7;0;2;1;2;1
202400024602;155 738 442;7;0;0;0;0;1
202400024603;155 738 439;1;0;0;0;2;5
202400024604;155 738 437;7;0;2;1;1;1
202400024604;155 738 438;7;12;0;6;16;1
202400024605;155 738 436;7;0;1;2;1;1
202400024606;155 738 435;31;0;1;1;1;1
202400024607;155 738 433;7;0;9;0;1;1
202400024607;155 738 434;33;0;0;0;23;1
202400024608;155 738 431;33;0;2;3;1;1
202400024608;155 738 432;7;0;2;1;15;1
202400024609;155 738 430;7;15;0;1;6;1
202400024610;155 738 428;2;0;2;3;1;1
202400024610;155 738 429;7;0;2;2;16;1
202400024611;155 738 427;10;0;1;3;15;1
202400024612;155 738 425;7;0;2;1;2;1
202400024612;155 738 426;7;0;2;4;2;1
202400024613;155 738 422;7;0;1;2;1;1
202400024614;155 738 421;10;14;0;2;1;1
202400024615;155 738 419;10;0;2;4;1;1
202400024615;155 738 420;7;2;0;1;1;1
202400024616;155 738 418;7;1;0;1;1;1
202400024617;155 738 416;7;3;2;1;13;1
202400024617;155 738 417;7;0;2;1;1;1
202400024618;155 738 414;7;0;2;1;11;1
202400024618;155 738 415;7;16;2;3;1;1
202400024619;155 738 412;7;0;2;8;13;1
202400024619;155 738 413;7;0;2;1;1;2
202400024620;155 738 410;7;0;2;3;13;1
202400024620;155 738 411;7;0;2;3;1;1
202400024621;155 738 408;33;0;2;1;1;1
202400024621;155 738 409;33;0;2;4;1;1
202400024622;155 738 407;7;0;9;1;1;1
202400024623;155 738 406;7;0;1;8;1;1
202400024624;155 738 404;33;3;2;3;13;1
202400024624;155 738 405;21;0;2;8;1;1
202400024625;155 738 403;33;0;0;0;9;1
202400024626;155 738 401;7;0;2;1;13;1
202400024626;155 738 402;7;0;2;7;1;1
202400024627;155 738 399;7;0;2;3;1;1
202400024627;155 738 400;7;0;2;3;1;1
202400024628;155 738 397;7;0;2;1;1;1
202400024628;155 738 398;10;0;2;8;19;1
202400024629;155 738 395;17;0;2;8;1;1
202400024629;155 738 396;7;0;2;3;13;1
202400024630;155 738 394;2;12;0;7;16;1
202400024631;155 738 393;10;0;0;9;1;1
202400024632;155 738 392;7;0;0;1;1;1
202400024633;155 738 391;7;2;0;1;0;1
202400024634;155 738 390;7;0;1;6;4;1
202400024635;155 738 387;7;0;0;5;2;1
202400024635;155 738 388;33;0;2;3;2;1
202400024636;155 738 386;15;2;0;3;1;1
202400024637;155 738 384;10;0;2;1;5;1
202400024637;155 738 385;15;0;2;1;1;1
202400024638;155 738 382;17;0;0;6;1;1
202400024638;155 738 383;7;5;2;2;0;1
202400024639;155 738 380;7;0;2;1;13;1
202400024639;155 738 381;7;0;2;1;1;1
202400024640;155 738 378;7;0;2;1;1;1
202400024640;155 738 379;7;0;2;1;1;1
202400024641;155 738 376;7;13;2;7;15;1
202400024641;155 738 377;33;0;2;1;1;1
202400024642;155 738 371;7;0;2;1;2;1
202400024642;155 738 372;10;0;2;1;2;1
202400024642;155 738 373;7;4;2;4;2;1
202400024642;155 738 374;7;0;2;8;1;1
202400024642;155 738 375;7;4;2;9;2;1
202400024643;155 738 370;7;0;1;3;1;2
202400024644;155 738 368;10;0;2;1;2;1
202400024644;155 738 369;7;0;2;4;1;1
202400024645;155 738 366;13;3;0;3;2;1
202400024645;155 738 367;7;0;2;0;11;1
202400024646;155 738 364;7;0;2;1;1;1
202400024646;155 738 365;7;0;2;3;17;1
202400024647;155 738 362;7;0;0;0;15;1
202400024647;155 738 363;31;12;0;9;1;1
202400024648;155 738 360;7;0;2;7;16;1
202400024648;155 738 361;2;0;2;3;25;1
202400024649;155 738 359;7;0;1;3;1;1
202400024650;155 738 358;7;0;1;2;0;1
202400024651;155 738 357;7;13;0;3;13;1
202400024652;155 738 355;15;0;2;1;1;0
202400024652;155 738 356;7;0;2;1;0;1
202400024653;155 738 353;7;0;2;1;17;1
202400024653;155 738 354;7;0;2;1;1;1
202400024654;155 738 350;7;0;1;1;1;1
202400024655;155 738 347;7;0;2;1;2;1
202400024655;155 738 348;7;0;2;4;2;1
202400024655;155 738 349;10;0;2;4;2;1
202400024656;155 738 344;7;4;2;6;24;1
202400024656;155 738 345;7;4;2;2;14;1
202400024656;155 738 346;7;4;2;5;23;2
202400024657;155 738 341;7;0;2;4;1;1
202400024657;155 738 342;10;0;2;1;1;1
202400024657;155 738 343;10;0;2;1;2;3
202400024658;155 738 339;7;0;2;3;1;1
202400024658;155 738 340;32;0;2;2;0;1
202400024659;155 738 336;7;0;2;4;2;1
202400024659;155 738 337;7;0;2;1;2;1
202400024659;155 738 338;7;0;2;4;2;2
202400024660;155 738 334;33;0;2;8;2;1
202400024660;155 738 335;7;0;2;0;17;0
202400024661;155 738 332;7;0;2;4;2;1
202400024661;155 738 333;33;0;2;1;1;1
202400024662;155 738 331;7;7;0;7;14;1
202400024663;155 738 330;7;3;0;2;9;1
202400024664;155 738 329;7;8;0;1;1;1
202400024665;155 738 326;7;0;2;3;9;1
202400024665;155 738 327;7;0;2;7;21;1
202400024666;155 738 324;7;0;2;1;15;1
202400024666;155 738 325;7;0;2;3;0;1
202400024667;155 738 322;33;0;2;1;1;1
202400024667;155 738 323;7;0;2;0;2;0
202400024668;155 738 321;7;0;1;1;0;1
202400024669;155 738 320;2;0;0;0;0;1
202400024670;155 738 318;7;0;2;2;2;1
202400024670;155 738 319;7;0;2;6;0;1
202400024671;155 738 316;37;0;2;7;12;1
202400024671;155 738 317;80;0;2;3;1;3
202400024672;155 738 315;7;0;1;2;26;1
202400024673;155 738 314;33;0;0;0;26;1
202400024674;155 738 312;1;0;2;7;19;5
202400024674;155 738 313;34;0;2;1;1;1
202400024675;155 738 310;7;0;9;2;16;1
202400024675;155 738 311;50;0;2;1;2;3
202400024676;155 738 307;7;0;9;6;24;1
202400024676;155 738 308;7;0;2;3;15;1
202400024676;155 738 309;30;1;2;1;1;1
202400024677;155 738 305;2;0;2;5;9;1
202400024677;155 738 306;7;0;2;5;0;0
202400024678;155 738 304;1;0;1;0;0;5
202400024679;155 738 302;10;0;2;3;1;1
202400024679;155 738 303;7;0;2;1;1;1
202400024680;155 738 300;7;0;2;0;15;1
202400024680;155 738 301;1;0;2;0;1;5
202400024681;155 738 299;42;0;2;2;9;0
202400024682;155 738 298;7;0;1;3;1;1
202400024683;155 738 295;10;3;2;6;2;1
202400024683;155 738 296;7;3;2;2;2;1
202400024683;155 738 297;10;3;2;1;2;1
202400024684;155 738 293;7;0;2;5;16;1
202400024684;155 738 294;2;0;2;8;1;1
202400024685;155 738 291;7;12;9;2;13;1
202400024685;155 738 292;1;0;2;0;0;5
202400024686;155 738 289;7;0;2;0;15;1
202400024686;155 738 290;2;0;2;1;1;1
202400024687;155 738 288;7;0;9;3;2;1
202400024688;155 738 287;7;0;1;1;15;1
202400024689;155 738 286;50;0;0;0;0;3
202400024690;155 738 284;7;0;1;4;23;1
202400024690;155 738 285;7;0;2;1;2;1
202400024691;155 738 282;7;0;2;1;2;1
202400024691;155 738 283;7;0;2;4;1;1
202400024692;155 738 280;1;0;2;8;15;5
202400024692;155 738 281;7;0;2;1;1;1
202400024693;155 738 279;60;0;0;0;12;5
202400024694;155 738 277;7;0;2;7;13;1
202400024694;155 738 278;15;0;2;3;1;1
202400024695;155 738 275;7;0;2;1;0;1
202400024695;155 738 276;7;0;2;1;21;1
202400024696;155 738 273;10;0;2;1;13;1
202400024696;155 738 274;7;0;2;1;1;1
202400024697;155 738 272;7;0;1;3;1;1
202400024698;155 738 270;7;0;2;0;20;1
202400024698;155 738 271;32;0;2;0;21;1
202400024699;155 738 268;7;0;2;5;1;1
202400024699;155 738 269;30;0;2;1;1;1
202400024700;155 738 266;33;0;2;1;17;1
202400024700;155 738 267;7;0;2;1;23;1
202400024701;155 738 264;7;0;2;3;15;1
202400024701;155 738 265;2;0;2;1;17;1
202400024702;155 738 262;7;0;2;1;2;1
202400024702;155 738 263;7;0;1;4;23;1
202400024703;155 738 260;7;0;2;3;9;1
202400024703;155 738 261;50;0;2;7;1;3
202400024704;155 738 258;50;0;2;1;25;3
202400024704;155 738 259;7;0;2;2;9;1
202400024705;155 738 256;1;0;2;1;1;5
202400024705;155 738 257;7;0;2;2;16;1
202400024706;155 738 255;7;0;1;2;16;2
202400024707;155 738 254;10;0;1;4;4;1
202400024708;155 738 253;7;0;1;4;20;1
202400024709;155 738 251;7;0;2;3;9;1
202400024709;155 738 252;1;0;2;2;1;5
202400024710;155 738 249;7;0;2;1;17;2
202400024710;155 738 250;33;0;2;1;1;1
202400024711;155 738 247;7;0;2;1;1;1
202400024711;155 738 248;7;0;2;4;1;1
202400024712;155 738 245;30;0;2;1;2;1
202400024712;155 738 246;7;0;2;4;2;1
202400024713;155 738 243;3;0;0;0;0;1
202400024713;155 738 244;1;0;0;0;0;5
202400024714;155 738 241;10;0;2;6;1;1
202400024714;155 738 242;7;0;2;2;12;1
202400024715;155 738 240;10;0;0;1;26;0
202400024716;155 738 239;7;0;1;1;1;1
202400024717;155 738 236;7;0;2;4;2;1
202400024717;155 738 237;7;0;2;1;1;1
202400024717;155 738 238;7;0;2;4;23;1
202400024718;155 738 233;7;0;2;1;1;1
202400024718;155 738 234;7;0;2;1;2;1
202400024718;155 738 235;10;0;2;4;23;1
202400024719;155 738 231;7;0;2;1;2;1
202400024719;155 738 232;7;0;0;4;0;1
202400024720;155 738 229;7;0;2;3;16;1
202400024720;155 738 230;50;0;2;1;5;3
202400024721;155 738 227;10;0;2;2;1;1
202400024721;155 738 228;50;0;2;0;0;3
202400024722;155 738 226;7;4;0;1;13;1
202400024723;155 738 224;14;0;2;2;16;1
202400024723;155 738 225;80;0;2;1;1;3
202400024724;155 738 222;7;0;2;1;9;1
202400024724;155 738 223;1;0;2;7;2;5
202400024725;155 738 221;7;6;0;3;1;1
202400024726;155 738 219;7;0;2;2;16;1
202400024726;155 738 220;50;2;2;1;2;3
202400024727;155 738 217;7;0;2;3;15;1
202400024727;155 738 218;32;0;2;6;0;1
202400024728;155 738 216;7;0;1;1;1;1
202400024729;155 738 214;7;0;2;1;1;1
202400024729;155 738 215;7;0;2;1;26;1
202400024730;155 738 212;7;0;2;7;15;1
202400024730;155 738 213;31;0;2;8;1;1
202400024731;155 738 211;7;0;1;3;2;0
202400024732;155 738 209;50;0;0;0;0;3
202400024732;155 738 210;7;0;9;1;1;1
202400024733;155 738 208;7;0;1;3;15;1
202400024734;155 738 207;7;0;1;2;16;1
202400024735;155 738 204;30;0;0;1;26;1
202400024736;155 738 200;7;0;2;1;2;1
202400024736;155 738 201;7;0;2;1;2;1
202400024736;155 738 202;7;0;2;4;2;1
202400024736;155 738 203;7;0;2;4;0;0
202400024737;155 738 199;7;0;2;7;1;3
202400024738;155 738 195;7;0;2;8;1;0
202400024738;155 738 196;7;0;2;1;0;1
202400024738;155 738 197;7;0;2;5;2;1
202400024738;155 738 198;7;0;2;1;13;1
202400024739;155 738 194;7;0;1;2;1;1
202400024740;155 738 193;7;2;0;9;1;1
202400024741;155 738 191;2;0;0;0;0;1
202400024741;155 738 192;7;0;0;0;2;1
202400024742;155 738 190;7;0;1;3;15;1
202400024743;155 738 188;14;4;0;3;0;1
202400024743;155 738 189;10;0;0;0;0;1
202400024744;155 738 186;7;0;9;2;16;2
202400024744;155 738 187;50;0;2;1;5;3
202400024745;155 738 185;7;0;1;4;4;
202400024746;155 738 184;1;0;1;0;0;5
202400024747;155 738 183;31;13;0;0;0;1
202400024748;155 738 182;2;0;1;1;1;1
202400024749;155 738 181;1;1;0;3;1;5
202400024750;155 738 179;32;0;2;4;26;0
202400024750;155 738 180;7;0;2;4;26;0
202400024751;155 738 178;7;1;0;2;2;1
202400024752;155 738 177;7;6;0;1;16;1
202400024753;155 738 175;7;0;2;4;2;1
202400024753;155 738 176;7;0;2;1;2;2
202400024754;155 738 174;7;0;1;0;0;0
202400024755;155 738 172;7;0;2;3;15;1
202400024755;155 738 173;33;0;2;8;1;1
202400024756;155 738 171;7;16;0;1;1;1
202400024757;155 738 169;7;0;2;3;15;1
202400024757;155 738 170;33;0;2;2;17;1
202400024758;155 738 168;7;0;1;3;16;1
202400024759;155 738 167;7;0;1;1;19;1
202400024760;155 738 166;30;14;0;1;26;1
202400024761;155 738 164;7;0;2;2;1;1
202400024761;155 738 165;1;0;2;1;1;5
202400024762;155 738 162;7;0;2;8;11;1
202400024762;155 738 163;33;0;2;1;17;1
202400024763;155 738 160;7;0;2;3;1;1
202400024763;155 738 161;7;0;2;1;1;2
202400024764;155 738 159;7;0;1;0;0;1
202400024765;155 738 155;7;0;2;2;1;1
202400024765;155 738 156;7;0;2;3;9;1
202400024766;155 738 154;33;0;1;7;1;1
202400024767;155 738 152;7;0;2;3;1;1
202400024767;155 738 153;10;0;2;3;15;6
202400024768;155 738 150;50;0;2;2;19;3
202400024768;155 738 151;7;0;2;2;1;1
202400024769;155 738 149;7;0;1;1;1;1
202400024770;155 738 148;7;0;1;1;1;1
202400024771;155 738 146;34;0;2;1;16;1
202400024771;155 738 147;10;0;2;5;1;1
202400024772;155 738 145;7;6;0;0;0;1
202400024773;155 738 144;7;10;0;1;1;1
202400024774;155 738 143;32;0;0;1;1;1
202400024775;155 738 141;32;0;2;1;2;1
202400024775;155 738 142;7;0;2;4;2;1
202400024776;155 738 139;33;16;0;0;0;1
202400024776;155 738 140;33;16;0;0;0;1
202400024777;155 738 138;7;8;0;1;21;1