Num_Acc;id_vehicule;categorie_vehicule;obstacle_fixe;obstacle_mobile;point_choc_initial;manoeuvre_principale;motorisation
202400026145;155 735 678;7;0;2;4;2;1
202400026146;155 735 673;7;2;0;9;1;1
202400026147;155 735 669;7;0;9;1;15;1
202400026147;155 735 672;1;0;2;8;19;5
202400026148;155 735 668;7;13;9;2;0;1
202400026149;155 735 666;7;0;2;6;1;1
202400026149;155 735 670;33;0;2;2;3;1
202400026150;155 735 665;7;10;0;1;16;1
202400026151;155 735 663;7;0;2;5;17;0
202400026151;155 735 664;7;8;0;3;1;1
202400026152;155 735 661;33;9;0;8;0;1
202400026153;155 735 660;7;0;2;6;2;2
202400026153;155 735 662;2;0;2;1;2;1
202400026154;155 735 657;7;0;2;2;16;1
202400026154;155 735 659;50;0;2;7;5;3
202400026155;155 735 654;50;0;1;1;1;3
202400026156;155 735 652;10;0;2;2;16;1
202400026156;155 735 655;33;0;2;8;16;1
202400026157;155 735 651;7;0;2;6;23;1
202400026157;155 735 653;50;0;2;1;19;3
202400026158;155 735 650;7;9;1;1;1;1
202400026159;155 735 646;7;0;1;1;15;1
202400026160;155 735 647;31;0;2;4;18;1
202400026160;155 735 648;7;0;2;2;2;2
202400026161;155 735 645;1;0;2;7;1;0
202400026161;155 735 649;7;0;2;2;1;2
202400026162;155 735 643;10;0;2;6;9;1
202400026162;155 735 644;43;0;2;5;1;1
202400026163;155 735 640;7;0;2;4;26;1
202400026163;155 735 642;7;0;2;3;1;1
202400026164;155 735 639;7;0;1;0;26;1
202400026165;155 735 638;10;0;2;0;1;0
202400026165;155 735 641;1;0;2;0;1;5
202400026166;155 735 635;50;0;2;1;1;3
202400026166;155 735 636;10;0;2;2;15;1
202400026167;155 735 634;2;0;2;1;19;1
202400026167;155 735 637;7;0;2;3;1;1
202400026168;155 735 633;7;0;1;1;1;1
202400026169;155 735 630;1;0;2;8;19;5
202400026169;155 735 631;7;0;2;1;1;1
202400026170;155 735 632;30;0;1;1;0;1
202400026171;155 735 629;99;0;0;0;1;6
202400026172;155 735 628;99;6;0;2;26;0
202400026173;155 735 625;7;0;1;2;1;3
202400026174;155 735 623;37;0;2;2;1;1
202400026174;155 735 627;7;0;2;3;15;1
202400026175;155 735 622;50;0;1;1;1;3
202400026176;155 735 620;30;0;0;0;1;1
202400026177;155 735 619;7;0;2;3;2;1
202400026177;155 735 621;7;0;2;1;1;1
202400026177;155 735 624;7;0;2;5;23;1
202400026177;155 735 626;7;0;0;8;1;1
202400026178;155 735 618;7;1;1;1;1;2
202400026179;155 735 617;7;0;1;3;1;1
202400026180;155 735 613;1;0;2;1;14;5
202400026180;155 735 616;50;0;2;7;1;3
202400026181;155 735 611;10;0;2;8;10;1
202400026181;155 735 612;33;0;2;1;17;1
202400026182;155 735 610;7;0;0;8;1;1
202400026182;155 735 615;15;0;0;8;13;1
202400026183;155 735 609;7;0;2;8;2;1
202400026183;155 735 614;7;0;2;1;2;3
202400026184;155 735 608;15;0;0;8;9;1
202400026185;155 735 607;1;14;0;1;2;5
202400026186;155 735 603;43;0;2;2;17;1
202400026186;155 735 606;7;0;2;3;10;1
202400026187;155 735 602;10;0;2;1;13;1
202400026187;155 735 605;7;0;2;1;1;1
202400026188;155 735 601;32;0;2;1;1;1
202400026188;155 735 604;99;0;2;3;9;1
202400026189;155 735 599;7;0;2;1;1;1
202400026189;155 735 600;10;0;2;1;13;1
202400026190;155 735 595;33;0;2;1;9;1
202400026190;155 735 597;7;0;2;1;10;1
202400026191;155 735 594;7;0;2;0;0;1
202400026191;155 735 598;2;0;2;1;26;3
202400026192;155 735 596;10;12;0;1;19;1
202400026193;155 735 592;1;0;2;1;1;5
202400026193;155 735 593;7;0;2;1;15;2
202400026194;155 735 589;10;0;0;3;0;1
202400026194;155 735 591;1;1;0;2;1;5
202400026195;155 735 588;30;0;0;0;15;1
202400026196;155 735 585;7;0;2;7;13;1
202400026196;155 735 587;10;0;2;1;0;1
202400026197;155 735 586;7;0;2;1;9;1
202400026197;155 735 590;33;0;2;1;1;1
202400026198;155 735 583;10;0;2;1;13;1
202400026198;155 735 584;7;0;2;1;1;1
202400026199;155 735 580;7;2;0;3;1;1
202400026200;155 735 579;31;0;2;2;17;1
202400026200;155 735 582;7;0;2;3;15;1
202400026201;155 735 578;7;0;2;3;1;1
202400026201;155 735 581;7;0;2;2;1;1
202400026202;155 735 576;7;0;2;2;2;1
202400026202;155 735 577;43;0;2;4;23;1
202400026203;155 735 574;7;0;1;1;15;2
202400026204;155 735 573;7;0;2;1;1;1
202400026204;155 735 575;33;0;2;1;1;1
202400026205;155 735 572;2;0;0;0;26;1
202400026206;155 735 571;50;12;0;1;14;3
202400026207;155 735 569;7;0;1;2;1;2
202400026208;155 735 570;15;3;0;1;6;1
202400026209;155 735 568;7;2;0;1;15;1
202400026210;155 735 566;7;0;2;2;1;1
202400026210;155 735 567;50;0;2;1;1;3
202400026211;155 735 564;7;0;1;1;15;1
202400026212;155 735 563;7;0;2;1;5;1
202400026212;155 735 565;7;0;2;1;1;1
202400026213;155 735 562;7;0;1;2;1;1
202400026214;155 735 561;7;0;1;3;1;1
202400026215;155 735 559;7;8;0;1;1;1
202400026216;155 735 558;2;0;2;1;1;1
202400026216;155 735 560;1;0;2;7;19;5
202400026217;155 735 557;7;0;0;0;1;2
202400026218;155 735 555;7;0;2;5;16;1
202400026218;155 735 556;33;0;2;1;1;1
202400026219;155 735 554;0;0;1;0;0;0
202400026220;155 735 551;1;0;0;0;1;5
202400026221;155 735 550;7;3;1;7;10;1
202400026222;155 735 548;7;0;2;3;1;0
202400026222;155 735 552;80;0;2;1;12;3
202400026223;155 735 549;50;0;2;1;19;3
202400026223;155 735 553;7;0;2;1;1;1
202400026224;155 735 546;7;0;1;0;9;0
202400026225;155 735 545;7;0;0;0;21;1
202400026226;155 735 544;17;0;0;0;1;1
202400026226;155 735 547;7;0;0;1;0;1
202400026227;155 735 540;7;4;2;2;14;1
202400026227;155 735 542;10;0;2;3;1;1
202400026228;155 735 538;30;2;0;1;14;1
202400026229;155 735 539;7;0;2;3;11;1
202400026229;155 735 541;1;0;0;3;1;5
202400026230;155 735 536;7;7;0;2;1;0
202400026231;155 735 533;7;0;2;3;2;1
202400026231;155 735 535;34;0;2;2;2;3
202400026231;155 735 537;7;0;2;4;2;1
202400026232;155 735 532;7;0;2;3;17;1
202400026232;155 735 534;7;4;2;8;21;1
202400026233;155 735 527;7;0;2;0;15;1
202400026233;155 735 531;33;0;2;1;1;1
202400026234;155 735 528;7;0;9;1;1;1
202400026235;155 735 529;7;0;9;3;1;1
202400026235;155 735 530;32;0;2;1;13;1
202400026236;155 735 525;33;12;0;1;14;1
202400026237;155 735 524;14;0;0;7;14;1
202400026238;155 735 523;33;0;2;1;1;1
202400026238;155 735 526;7;0;2;3;9;1
202400026239;155 735 519;7;3;0;0;0;1
202400026240;155 735 518;43;0;2;2;3;1
202400026240;155 735 521;7;0;2;3;11;1
202400026241;155 735 520;7;0;2;2;1;1
202400026241;155 735 522;1;0;2;8;9;5
202400026242;155 735 515;1;0;0;9;1;5
202400026243;155 735 514;1;0;2;2;1;5
202400026243;155 735 517;7;0;2;1;9;1
202400026244;155 735 510;2;0;2;1;1;1
202400026244;155 735 513;7;0;2;8;19;1
202400026245;155 735 509;7;0;2;1;1;1
202400026245;155 735 512;7;2;0;8;19;1
202400026246;155 735 508;7;0;2;6;1;1
202400026246;155 735 511;7;0;2;3;1;1
202400026247;155 735 505;7;0;0;4;1;1
202400026247;155 735 507;10;0;2;1;1;1
202400026248;155 735 504;1;0;1;1;1;5
202400026249;155 735 503;7;0;0;6;9;3
202400026249;155 735 506;15;0;2;2;2;1
202400026250;155 735 502;7;9;0;1;1;1
202400026251;155 735 500;7;2;0;1;1;0
202400026252;155 735 499;7;0;2;1;13;1
202400026252;155 735 501;7;0;2;1;1;1
202400026253;155 735 495;33;0;0;8;0;1
202400026254;155 735 493;2;0;2;1;1;1
202400026254;155 735 497;7;0;0;0;15;0
202400026255;155 735 492;7;0;2;4;1;1
202400026255;155 735 494;7;0;2;4;1;1
202400026255;155 735 496;7;0;2;7;1;2
202400026255;155 735 498;7;0;2;1;1;0
202400026256;155 735 490;7;0;0;4;2;1
202400026256;155 735 491;7;0;2;1;2;1
202400026257;155 735 489;7;;9;4;23;1
202400026258;155 735 488;0;0;1;0;0;0
202400026259;155 735 487;7;13;0;1;14;3
202400026260;155 735 483;50;0;2;7;1;3
202400026260;155 735 486;7;0;2;1;1;1
202400026261;155 735 484;80;0;2;1;5;3
202400026261;155 735 485;7;0;9;1;16;1
202400026262;155 735 482;7;13;0;9;0;1
202400026263;155 735 481;7;0;1;3;19;1
202400026264;155 735 479;2;0;0;0;14;1
202400026265;155 735 478;1;0;2;1;18;5
202400026265;155 735 480;7;0;2;5;22;2
202400026266;155 735 473;7;0;2;1;1;1
202400026266;155 735 475;7;0;2;1;13;1
202400026267;155 735 472;32;0;2;1;1;1
202400026267;155 735 474;50;0;2;7;1;3
202400026268;155 735 470;2;13;0;1;1;1
202400026269;155 735 469;14;0;2;2;21;1
202400026269;155 735 471;7;0;2;4;23;1
202400026270;155 735 468;32;0;1;3;21;1
202400026271;155 735 467;7;2;0;1;1;1
202400026272;155 735 464;1;0;0;0;1;5
202400026273;155 735 462;7;0;2;4;1;1
202400026273;155 735 465;15;0;2;1;2;1
202400026273;155 735 466;7;0;2;4;2;3
202400026274;155 735 461;7;0;2;8;1;1
202400026274;155 735 463;33;0;2;1;1;1
202400026275;155 735 458;7;0;2;8;15;1
202400026275;155 735 460;31;0;2;1;17;1
202400026276;155 735 457;7;0;2;1;1;1
202400026276;155 735 459;7;4;2;4;1;1
202400026277;155 735 453;7;0;9;1;5;1
202400026277;155 735 455;80;0;2;1;1;3
202400026277;155 735 456;80;0;2;1;1;3
202400026278;155 735 451;33;0;2;7;1;1
202400026278;155 735 454;7;0;2;3;15;1
202400026279;155 735 450;33;0;2;1;3;1
202400026279;155 735 452;7;0;2;4;12;1
202400026280;155 735 448;10;0;2;1;1;1
202400026280;155 735 449;7;0;2;3;5;1
202400026281;155 735 446;7;13;0;1;26;1
202400026282;155 735 445;7;0;2;7;12;1
202400026282;155 735 447;31;0;2;8;3;1
202400026283;155 735 442;33;0;2;3;11;1
202400026283;155 735 443;33;0;2;2;1;1
202400026284;155 735 441;7;0;2;2;15;1
202400026284;155 735 444;7;0;2;3;1;1
202400026285;155 735 438;2;0;6;1;21;1
202400026286;155 735 437;7;0;2;1;1;
202400026286;155 735 439;43;1;2;2;0;1
202400026287;155 735 432;7;0;2;1;0;1
202400026287;155 735 433;7;0;2;9;23;1
202400026287;155 735 440;7;0;2;4;23;2
202400026288;155 735 431;7;0;2;8;1;1
202400026288;155 735 435;7;0;2;1;1;1
202400026289;155 735 429;7;0;0;0;1;1
202400026289;155 735 430;7;0;2;0;0;0
202400026290;155 735 427;33;3;0;1;0;1
202400026291;155 735 426;7;14;0;2;1;1
202400026291;155 735 428;7;0;2;1;16;1
202400026292;155 735 425;7;0;1;2;1;1
202400026293;155 735 422;34;0;2;8;3;1
202400026293;155 735 424;7;0;2;2;12;1
202400026294;155 735 421;7;13;0;1;1;1
202400026295;155 735 420;7;0;2;1;1;1
202400026295;155 735 423;7;0;2;8;19;1
202400026296;155 735 415;7;0;2;4;10;2
202400026297;155 735 413;7;0;2;3;1;1
202400026297;155 735 416;7;0;0;6;1;1
202400026297;155 735 418;33;0;2;1;2;1
202400026298;155 735 411;1;0;0;0;2;5
202400026299;155 735 410;7;0;2;5;1;0
202400026299;155 735 412;7;0;2;3;1;0
202400026300;155 735 409;7;0;2;1;1;1
202400026300;155 735 414;7;0;2;4;1;1
202400026300;155 735 417;7;0;2;4;1;1
202400026300;155 735 419;7;0;2;4;1;1
202400026301;155 735 408;7;0;0;9;16;1
202400026302;155 735 407;1;8;0;1;25;5
202400026303;155 735 406;50;0;0;0;1;3
202400026304;155 735 404;1;9;0;1;14;5
202400026305;155 735 402;7;0;2;8;0;1
202400026305;155 735 403;7;0;2;2;21;1
202400026305;155 735 405;7;0;2;5;11;1
202400026306;155 735 400;50;0;1;0;1;3
202400026307;155 735 401;7;2;0;7;1;1
202400026308;155 735 397;7;2;0;1;0;1
202400026309;155 735 395;7;0;2;5;1;3
202400026309;155 735 398;7;0;2;1;1;1
202400026309;155 735 399;10;0;2;2;21;1
202400026310;155 735 394;10;0;2;1;2;0
202400026310;155 735 396;7;0;2;4;2;1
202400026311;155 735 390;10;0;2;2;15;1
202400026311;155 735 392;33;0;2;1;1;1
202400026312;155 735 389;15;0;2;3;1;1
202400026312;155 735 391;7;0;2;7;1;1
202400026313;155 735 388;7;0;2;2;1;1
202400026313;155 735 393;2;0;2;0;1;1
202400026314;155 735 386;7;13;0;0;1;1
202400026315;155 735 384;7;0;2;3;1;1
202400026315;155 735 387;7;0;2;3;1;1
202400026316;155 735 383;7;0;2;6;1;1
202400026316;155 735 385;7;4;2;2;2;1
202400026317;155 735 381;7;0;2;1;1;1
202400026317;155 735 382;2;0;2;3;2;1
202400026318;155 735 379;43;0;2;1;17;1
202400026318;155 735 380;7;0;2;1;9;1
202400026319;155 735 376;7;0;2;1;19;1
202400026319;155 735 377;7;0;0;7;1;1
202400026320;155 735 375;7;6;0;3;1;2
202400026321;155 735 374;7;13;0;0;0;1
202400026322;155 735 373;7;8;0;1;1;1
202400026323;155 735 370;7;0;2;2;5;1
202400026323;155 735 371;17;0;2;2;1;1
202400026324;155 735 369;7;0;2;1;5;1
202400026324;155 735 372;7;0;2;1;1;1
202400026325;155 735 366;7;0;2;1;13;0
202400026325;155 735 368;15;0;2;1;1;1
202400026326;155 735 365;7;0;0;8;15;2
202400026326;155 735 367;33;0;2;7;17;1
202400026327;155 735 364;7;0;0;2;14;1
202400026328;155 735 362;7;15;0;2;0;1
202400026329;155 735 361;10;0;2;1;1;1
202400026329;155 735 363;7;0;2;1;13;1
202400026330;155 735 358;7;0;2;1;13;1
202400026330;155 735 359;7;0;2;1;1;1
202400026331;155 735 357;7;1;0;1;2;1
202400026331;155 735 360;17;0;0;4;24;1
202400026332;155 735 355;7;3;0;1;1;1
202400026333;155 735 354;7;0;2;1;21;3
202400026333;155 735 356;7;0;2;1;13;1
202400026334;155 735 353;7;13;0;9;1;1
202400026335;155 735 351;7;0;2;1;1;1
202400026335;155 735 352;7;0;2;1;13;1
202400026336;155 735 349;2;5;0;1;1;1
202400026337;155 735 350;80;12;0;1;15;3
202400026338;155 735 347;1;0;2;3;9;5
202400026338;155 735 348;7;0;2;2;2;3
202400026339;155 735 345;7;0;9;2;16;1
202400026339;155 735 346;1;0;0;2;26;5
202400026340;155 735 343;7;1;1;1;20;1
202400026341;155 735 342;10;0;2;1;1;1
202400026341;155 735 344;7;0;2;1;13;1
202400026342;155 735 341;10;7;0;2;13;1
202400026343;155 735 339;1;0;2;1;18;5
202400026343;155 735 340;33;0;2;1;1;1
202400026344;155 735 338;2;0;0;7;0;1
202400026345;155 735 335;7;0;2;3;15;1
202400026345;155 735 337;33;0;2;1;17;1
202400026346;155 735 332;7;8;0;1;0;2
202400026347;155 735 330;7;0;2;1;5;1
202400026347;155 735 331;7;0;2;1;1;1
202400026347;155 735 333;7;0;2;1;1;1
202400026347;155 735 334;7;0;2;3;1;1
202400026347;155 735 336;7;0;0;2;1;1
202400026348;155 735 327;7;0;2;8;13;1
202400026348;155 735 329;33;0;2;7;1;1
202400026349;155 735 326;7;0;2;2;1;1
202400026349;155 735 328;7;0;2;3;1;1
202400026350;155 735 324;7;0;2;2;1;1
202400026350;155 735 325;1;0;2;4;1;5
202400026351;155 735 323;7;2;0;1;1;1
202400026352;155 735 322;31;13;0;9;14;1
202400026353;155 735 318;7;4;0;8;13;1
202400026354;155 735 319;7;0;2;1;1;1
202400026354;155 735 320;7;0;2;4;2;1
202400026354;155 735 321;10;0;2;4;23;1
202400026355;155 735 315;1;0;2;1;1;5
202400026355;155 735 316;7;0;2;2;15;1
202400026356;155 735 314;7;0;2;1;1;1
202400026356;155 735 317;10;0;2;3;19;3
202400026357;155 735 312;7;17;0;3;11;1
202400026358;155 735 313;33;2;9;1;0;1
202400026359;155 735 311;33;0;0;7;1;1
202400026360;155 735 309;7;0;2;3;1;1
202400026360;155 735 310;7;0;2;3;1;1
202400026361;155 735 307;7;0;9;3;9;1
202400026361;155 735 308;50;0;9;7;0;3
202400026362;155 735 304;10;0;2;2;17;1
202400026362;155 735 306;7;0;2;1;1;1
202400026363;155 735 303;7;0;2;1;17;1
202400026363;155 735 305;7;0;2;1;1;1
202400026364;155 735 300;15;0;2;3;1;1
202400026364;155 735 302;7;7;2;1;1;3
202400026365;155 735 299;7;0;2;2;19;1
202400026365;155 735 301;7;13;2;3;19;1
202400026366;155 735 298;99;4;0;3;13;1
202400026367;155 735 294;33;0;2;1;17;1
202400026367;155 735 296;7;0;2;3;15;1
202400026368;155 735 292;7;0;2;1;13;1
202400026368;155 735 293;7;0;2;1;1;1
202400026368;155 735 295;7;0;2;2;2;1
202400026368;155 735 297;7;0;2;1;23;1
202400026369;155 735 291;2;0;0;8;1;1
202400026370;155 735 290;7;3;0;1;26;3
202400026371;155 735 289;7;0;1;3;15;1
202400026372;155 735 286;7;0;2;5;1;1
202400026372;155 735 287;34;0;2;2;3;1
202400026372;155 735 288;7;0;2;3;11;1
202400026373;155 735 284;7;0;2;1;1;1
202400026373;155 735 285;10;14;0;1;15;1
202400026374;155 735 283;7;16;0;3;26;1
202400026375;155 735 280;7;16;0;0;19;1
202400026376;155 735 281;31;0;2;7;0;1
202400026376;155 735 282;7;0;2;2;1;1
202400026377;155 735 279;7;4;0;2;16;1
202400026378;155 735 277;33;0;2;0;17;1
202400026378;155 735 278;7;0;0;3;1;1
202400026379;155 735 276;7;4;0;3;16;1
202400026380;155 735 273;7;3;0;4;2;1
202400026381;155 735 274;33;0;2;1;1;1
202400026381;155 735 275;7;0;2;1;9;1
202400026382;155 735 272;10;3;0;2;2;1
202400026383;155 735 270;7;0;2;1;17;1
202400026383;155 735 271;7;0;2;7;1;1
202400026384;155 735 269;7;0;0;1;26;1
202400026385;155 735 268;10;1;1;1;26;1
202400026386;155 735 266;7;0;2;2;1;1
202400026386;155 735 267;7;0;2;6;1;1
202400026387;155 735 265;7;0;1;3;20;1
202400026388;155 735 263;7;0;2;6;1;1
202400026388;155 735 264;7;0;2;2;0;1
202400026389;155 735 261;7;0;2;1;1;1
202400026389;155 735 262;7;0;2;1;1;1
202400026390;155 735 259;7;0;2;1;12;1
202400026390;155 735 260;7;0;2;4;0;1
202400026391;155 735 257;80;0;0;0;1;3
202400026391;155 735 258;7;0;2;7;17;1
202400026392;155 735 254;33;0;0;0;1;1
202400026393;155 735 255;7;4;2;3;13;1
202400026393;155 735 256;7;0;2;3;1;2
202400026394;155 735 252;7;4;0;3;1;1
202400026395;155 735 250;7;0;0;7;0;1
202400026396;155 735 249;7;0;2;2;17;1
202400026396;155 735 251;7;0;2;6;1;1
202400026397;155 735 247;7;1;2;1;1;1
202400026397;155 735 248;7;0;2;4;1;1
202400026398;155 735 245;33;0;2;1;5;1
202400026398;155 735 246;7;0;2;2;12;1
202400026399;155 735 243;32;0;2;8;3;1
202400026399;155 735 244;7;0;2;2;11;1
202400026400;155 735 241;17;0;2;2;12;1
202400026400;155 735 242;7;0;2;6;1;1
202400026401;155 735 237;7;0;2;4;13;1
202400026401;155 735 239;7;0;2;8;1;1
202400026401;155 735 240;38;0;2;1;1;1
202400026402;155 735 238;7;0;0;1;1;1
202400026403;155 735 236;7;4;0;3;1;1
202400026404;155 735 234;10;0;2;1;1;1
202400026404;155 735 235;7;0;2;4;1;1
202400026405;155 735 233;33;0;0;0;1;1
202400026406;155 735 232;34;4;0;1;1;1
202400026407;155 735 230;7;0;2;1;1;1
202400026407;155 735 231;10;0;2;4;1;1
202400026408;155 735 226;7;0;2;3;13;1
202400026408;155 735 228;14;0;2;1;1;1
202400026408;155 735 229;7;4;2;7;1;1
202400026409;155 735 224;7;0;2;5;1;1
202400026409;155 735 225;7;0;2;2;12;1
202400026409;155 735 227;33;0;2;3;3;1
202400026410;155 735 222;32;0;2;1;0;1
202400026410;155 735 223;7;0;2;5;0;2
202400026411;155 735 220;10;0;2;1;1;1
202400026411;155 735 221;7;0;2;4;1;1
202400026412;155 735 219;33;0;0;9;1;1
202400026413;155 735 217;10;0;0;4;1;1
202400026413;155 735 218;7;0;2;1;2;1
202400026414;155 735 216;10;0;1;1;1;1
202400026415;155 735 213;7;0;2;1;15;1
202400026415;155 735 214;2;0;2;3;26;1
202400026416;155 735 204;7;0;2;2;15;1
202400026416;155 735 206;31;0;2;0;0;1
202400026417;155 735 203;7;0;1;1;2;1
202400026418;155 735 202;31;0;0;8;15;1
202400026419;155 735 200;7;0;2;2;15;1
202400026419;155 735 201;7;0;2;3;0;1
202400026420;155 735 198;1;0;2;0;19;5
202400026420;155 735 199;10;0;2;0;1;1
202400026421;155 735 195;7;0;2;1;17;1
202400026421;155 735 197;7;0;2;1;1;1
202400026422;155 735 196;7;0;1;8;1;1
202400026423;155 735 192;32;0;2;7;1;1
202400026423;155 735 194;7;14;0;1;15;1
202400026424;155 735 190;7;0;2;1;2;6
202400026424;155 735 191;33;0;2;1;6;1
202400026424;155 735 193;7;0;2;1;1;1
202400026425;155 735 189;50;0;1;1;1;3
202400026426;155 735 187;30;12;0;8;1;1
202400026427;155 735 186;7;0;2;7;1;1
202400026427;155 735 188;10;0;2;1;9;1
202400026428;155 735 183;7;0;2;1;1;2
202400026428;155 735 185;1;0;2;8;16;0
202400026429;155 735 182;31;0;2;1;1;1
202400026429;155 735 184;7;0;2;4;1;1
202400026430;155 735 179;7;0;2;1;15;2
202400026430;155 735 181;31;0;2;4;3;1
202400026431;155 735 178;7;0;2;2;15;1
202400026431;155 735 180;1;0;2;1;1;5
202400026432;155 735 175;7;0;2;1;0;1
202400026432;155 735 177;30;0;2;1;0;3
202400026433;155 735 174;1;0;2;6;2;5
202400026433;155 735 176;1;0;2;1;0;5
202400026434;155 735 171;7;0;2;1;1;1
202400026434;155 735 173;7;0;2;1;15;1
202400026435;155 735 170;7;0;2;5;2;1
202400026435;155 735 172;32;0;2;1;2;1
202400026436;155 735 169;33;0;0;8;0;1
202400026437;155 735 167;7;0;1;1;1;1
202400026438;155 735 166;7;0;2;4;1;1
202400026438;155 735 168;33;0;2;1;1;1
202400026439;155 735 164;7;1;0;7;1;2
202400026440;155 735 162;7;0;2;4;2;1
202400026440;155 735 163;7;0;2;1;2;3
202400026440;155 735 165;7;0;2;4;2;1
202400026441;155 735 158;7;0;2;4;2;1
202400026441;155 735 160;7;0;2;1;2;1
202400026442;155 735 157;7;0;2;3;13;1
202400026442;155 735 159;7;0;2;8;1;1
202400026442;155 735 161;7;0;2;6;1;1
202400026443;155 735 155;7;0;2;5;20;1
202400026443;155 735 156;10;0;2;2;2;1
202400026444;155 735 153;7;0;2;2;9;1
202400026444;155 735 154;7;0;2;3;1;1
202400026445;155 735 151;30;0;0;0;26;3
202400026446;155 735 149;7;0;2;3;1;1
202400026446;155 735 150;7;0;2;2;15;1
202400026446;155 735 152;7;0;2;8;1;1
202400026447;155 735 148;30;0;1;1;9;1
202400026448;155 735 146;7;0;2;3;1;2
202400026448;155 735 147;2;0;2;1;1;6
202400026449;155 735 145;7;8;0;1;14;2
202400026450;155 735 143;30;0;0;0;1;1
202400026451;155 735 142;7;0;2;5;16;1
202400026451;155 735 144;37;0;2;3;1;3
202400026452;155 735 141;7;0;1;1;1;0
202400026453;155 735 140;7;0;1;1;1;1
202400026454;155 735 137;7;0;2;0;26;1
202400026454;155 735 139;1;0;2;0;1;5
202400026455;155 735 138;7;0;1;1;1;1
202400026456;155 735 135;50;12;0;1;1;3
202400026457;155 735 134;10;0;2;8;1;1
202400026457;155 735 136;10;0;2;2;15;1
202400026458;155 735 133;30;0;1;1;25;1
202400026459;155 735 131;38;0;2;1;1;1
202400026459;155 735 132;7;0;2;4;1;1
202400026460;155 735 129;34;0;2;3;18;1
202400026460;155 735 130;7;0;2;2;16;1
202400026461;155 735 126;7;3;2;7;5;1
202400026461;155 735 128;38;0;2;1;2;4
202400026462;155 735 125;7;0;2;3;1;1
202400026462;155 735 127;7;0;2;6;15;1
202400026463;155 735 124;7;0;1;1;1;1
202400026464;155 735 122;13;0;2;1;2;1
202400026464;155 735 123;7;0;2;4;2;1
202400026465;155 735 119;7;0;2;3;1;3
202400026465;155 735 121;1;0;2;7;1;5
202400026466;155 735 118;7;0;2;2;9;1
202400026466;155 735 120;1;0;2;1;21;5
202400026467;155 735 113;7;0;2;3;16;1
202400026467;155 735 115;7;0;2;2;1;1
202400026468;155 735 111;50;14;0;1;1;3
202400026469;155 735 110;7;0;2;3;15;1
202400026469;155 735 112;7;0;2;1;0;1
202400026469;155 735 114;99;1;2;1;1;1
202400026470;155 735 107;7;13;0;7;1;1
202400026471;155 735 108;30;0;2;1;1;0
202400026471;155 735 109;30;0;2;1;15;0
202400026472;155 735 105;7;0;9;0;1;1
202400026472;155 735 106;1;0;2;0;19;5
202400026473;155 735 103;1;0;2;8;15;5
202400026473;155 735 104;7;0;9;1;1;3
202400026474;155 735 098;7;0;2;1;1;1
202400026474;155 735 100;33;0;2;4;1;1
202400026475;155 735 097;1;0;2;8;19;5
202400026475;155 735 099;10;0;9;3;16;1
202400026476;155 735 096;33;0;0;0;1;1
202400026477;155 735 095;7;2;0;1;14;1
202400026478;155 735 094;30;12;0;1;1;1
202400026479;155 735 093;7;2;0;3;13;1
202400026480;155 735 092;7;12;0;1;19;1
202400026481;155 735 091;7;1;0;1;13;1
202400026482;155 735 089;37;0;2;0;21;2
202400026482;155 735 090;34;0;0;0;21;1
202400026483;155 735 087;7;0;9;0;5;0
202400026483;155 735 088;33;13;0;1;26;1
202400026484;155 735 085;3;0;2;1;1;0
202400026484;155 735 086;3;0;2;1;1;0
202400026485;155 735 083;7;0;1;2;2;1
202400026485;155 735 084;7;0;2;1;1;1
202400026486;155 735 081;1;0;2;8;1;5
202400026486;155 735 082;7;0;2;1;1;0
202400026487;155 735 080;7;0;1;1;15;1
202400026488;155 735 078;7;0;2;2;15;1
202400026488;155 735 079;50;0;2;1;1;3
202400026489;155 735 076;33;0;2;1;1;1
202400026489;155 735 077;7;0;2;8;15;1
202400026490;155 735 075;14;0;1;2;16;1
202400026491;155 735 073;10;0;2;2;12;0
202400026491;155 735 074;10;0;2;3;1;1
202400026492;155 735 072;80;0;1;8;1;3
202400026493;155 735 070;60;0;2;1;1;5
202400026493;155 735 071;7;0;0;3;1;1
202400026494;155 735 068;7;0;2;7;19;1
202400026494;155 735 069;7;0;2;1;19;1
202400026495;155 735 066;7;0;2;1;1;3
202400026495;155 735 067;7;0;2;4;1;2
202400026496;155 735 063;7;14;2;4;23;1
202400026496;155 735 064;7;0;2;4;23;1
202400026496;155 735 065;10;14;2;1;2;1
202400026497;155 735 062;7;0;1;2;16;3
202400026498;155 735 061;32;0;1;1;1;3
202400026499;155 735 059;2;0;2;7;15;1
202400026499;155 735 060;33;0;2;1;1;1
202400026500;155 735 057;1;0;2;1;21;5
202400026500;155 735 058;10;0;2;1;1;3
202400026501;155 735 055;32;0;2;7;2;3
202400026501;155 735 056;7;0;2;8;2;2
202400026502;155 735 053;7;0;2;2;12;1
202400026502;155 735 054;32;0;2;3;11;3
202400026503;155 735 052;31;0;1;1;1;1
202400026504;155 735 051;7;0;1;1;1;3
202400026505;155 735 049;1;1;2;1;1;5