Num_Acc;id_vehicule;categorie_vehicule;obstacle_fixe;obstacle_mobile;point_choc_initial;manoeuvre_principale;motorisation
202400026505;155 735 050;7;1;2;3;15;0
202400026506;155 735 047;7;0;2;3;19;1
202400026506;155 735 048;50;0;2;1;5;3
202400026507;155 735 045;7;0;2;1;2;1
202400026507;155 735 046;7;0;2;4;1;2
202400026508;155 735 043;7;0;0;0;0;0
202400026508;155 735 044;7;0;0;4;1;1
202400026509;155 735 042;7;0;1;2;1;1
202400026510;155 735 041;10;0;1;4;4;1
202400026511;155 735 039;33;0;2;2;2;1
202400026511;155 735 040;7;0;2;3;20;1
202400026512;155 735 036;7;0;2;3;1;2
202400026512;155 735 037;7;0;2;8;1;1
202400026512;155 735 038;7;0;2;3;1;2
202400026513;155 735 034;31;0;2;1;1;1
202400026513;155 735 035;7;0;2;2;12;1
202400026514;155 735 032;31;0;2;1;26;1
202400026514;155 735 033;7;0;2;1;9;1
202400026515;155 735 030;7;0;9;3;9;1
202400026515;155 735 031;50;0;2;3;1;3
202400026516;155 735 028;7;1;2;6;20;1
202400026516;155 735 029;10;0;2;2;2;1
202400026517;155 735 026;7;0;9;1;16;1
202400026517;155 735 027;1;0;2;7;19;5
202400026518;155 735 025;80;0;0;0;2;3
202400026519;155 735 023;32;0;2;1;1;1
202400026519;155 735 024;50;0;2;1;5;3
202400026520;155 735 021;50;0;2;6;18;3
202400026520;155 735 022;7;0;2;1;16;1
202400026521;155 735 019;50;0;2;1;1;3
202400026521;155 735 020;7;0;2;3;16;1
202400026522;155 735 018;7;14;0;0;1;0
202400026523;155 735 016;30;0;2;1;1;3
202400026523;155 735 017;7;0;2;3;15;1
202400026524;155 735 015;7;6;0;1;13;1
202400026525;155 735 013;7;13;0;9;14;1
202400026526;155 735 012;7;6;0;0;1;1
202400026527;155 735 011;7;2;0;3;1;1
202400026528;155 735 010;7;0;1;2;11;1
202400026529;155 735 008;10;0;2;1;13;1
202400026529;155 735 009;14;0;2;1;1;1
202400026530;155 735 007;33;0;0;0;1;1
202400026531;155 735 005;7;0;0;2;1;1
202400026531;155 735 006;7;0;2;1;1;1
202400026532;155 735 003;7;0;2;1;13;1
202400026532;155 735 004;17;0;2;3;0;1
202400026533;155 735 002;7;4;0;2;1;2
202400026534;155 735 001;7;4;0;4;4;3
202400026535;155 734 999;15;0;2;2;1;1
202400026535;155 735 000;7;0;2;8;22;1
202400026536;155 734 997;7;0;2;2;16;3
202400026536;155 734 998;2;0;2;3;1;1
202400026537;155 734 995;7;0;2;1;1;1
202400026537;155 734 996;7;0;0;4;1;1
202400026538;155 734 994;7;13;0;8;1;1
202400026539;155 734 992;7;0;2;3;26;1
202400026539;155 734 993;2;0;2;7;26;1
202400026540;155 734 990;1;0;2;7;1;5
202400026540;155 734 991;10;0;9;8;2;1
202400026541;155 734 988;7;13;2;3;1;1
202400026541;155 734 989;3;15;2;1;15;3
202400026542;155 734 986;2;0;2;1;1;1
202400026542;155 734 987;7;0;2;8;19;1
202400026543;155 734 985;7;0;1;2;0;1
202400026544;155 734 981;7;0;2;1;1;1
202400026544;155 734 982;7;0;2;4;1;1
202400026544;155 734 983;7;0;0;3;20;1
202400026544;155 734 984;7;0;2;4;1;1
202400026545;155 734 979;7;0;2;1;15;1
202400026545;155 734 980;1;0;2;3;1;5
202400026546;155 734 977;15;0;2;3;1;1
202400026546;155 734 978;7;0;2;3;13;1
202400026547;155 734 975;7;13;2;2;1;1
202400026547;155 734 976;7;13;2;1;19;2
202400026548;155 734 974;7;1;0;1;0;2
202400026549;155 734 971;7;0;2;1;1;1
202400026549;155 734 972;7;0;2;2;1;1
202400026549;155 734 973;7;0;2;1;5;2
202400026550;155 734 970;7;14;0;1;1;1
202400026551;155 734 969;3;13;0;3;0;1
202400026552;155 734 967;7;0;2;1;13;1
202400026552;155 734 968;17;0;2;1;1;1
202400026553;155 734 965;1;0;2;6;1;5
202400026553;155 734 966;7;0;9;3;15;1
202400026554;155 734 963;7;0;0;6;1;1
202400026554;155 734 964;80;0;2;0;21;3
202400026555;155 734 961;7;0;2;6;15;1
202400026555;155 734 962;7;0;2;3;1;1
202400026556;155 734 960;7;13;0;1;1;1
202400026557;155 734 958;31;13;2;1;5;1
202400026557;155 734 959;7;0;2;3;1;1
202400026558;155 734 956;7;2;2;1;19;1
202400026558;155 734 957;7;0;2;7;1;2
202400026559;155 734 955;7;13;0;1;0;1
202400026560;155 734 953;7;0;2;3;13;3
202400026560;155 734 954;7;0;2;3;1;1
202400026561;155 734 951;7;0;2;3;1;1
202400026561;155 734 952;7;0;2;3;1;1
202400026562;155 734 950;7;2;0;0;1;1
202400026563;155 734 948;7;0;2;1;13;1
202400026563;155 734 949;2;0;2;1;2;1
202400026564;155 734 945;7;0;2;1;17;1
202400026564;155 734 946;7;0;2;2;2;1
202400026564;155 734 947;7;0;0;6;2;2
202400026565;155 734 943;17;14;0;3;1;1
202400026565;155 734 944;7;4;0;3;1;1
202400026566;155 734 942;7;4;0;3;1;1
202400026567;155 734 941;7;3;0;3;1;2
202400026568;155 734 939;3;0;2;3;13;1
202400026568;155 734 940;33;0;2;3;1;1
202400026569;155 734 938;10;0;1;5;20;1
202400026570;155 734 937;7;16;0;9;1;1
202400026571;155 734 935;7;0;2;1;1;1
202400026571;155 734 936;7;0;2;1;5;1
202400026572;155 734 934;7;0;1;2;9;1
202400026573;155 734 933;7;2;0;2;21;1
202400026574;155 734 931;1;16;0;0;1;5
202400026575;155 734 929;7;0;2;3;15;1
202400026575;155 734 930;1;0;2;1;19;5
202400026576;155 734 927;33;3;2;1;1;1
202400026576;155 734 928;7;0;2;3;15;2
202400026577;155 734 925;7;0;2;1;9;1
202400026577;155 734 926;33;0;2;7;1;1
202400026578;155 734 923;7;0;2;8;9;1
202400026578;155 734 924;1;0;2;1;1;5
202400026579;155 734 921;7;0;2;1;11;1
202400026579;155 734 922;7;0;2;1;1;1
202400026580;155 734 920;10;0;1;2;1;1
202400026581;155 734 918;7;0;2;1;1;1
202400026581;155 734 919;7;0;2;1;1;0
202400026582;155 734 915;7;0;2;4;2;1
202400026582;155 734 916;7;0;2;4;2;1
202400026582;155 734 917;7;0;2;1;2;1
202400026583;155 734 914;7;2;0;1;1;1
202400026584;155 734 911;7;0;2;2;14;2
202400026584;155 734 912;7;0;2;6;1;1
202400026584;155 734 913;7;14;2;1;1;1
202400026585;155 734 910;7;4;0;1;19;1
202400026586;155 734 909;7;4;0;2;21;1
202400026587;155 734 907;7;4;2;7;2;1
202400026587;155 734 908;33;4;2;3;2;1
202400026588;155 734 906;7;3;0;1;1;1
202400026589;155 734 903;10;0;2;1;0;1
202400026589;155 734 904;7;4;2;9;12;1
202400026589;155 734 905;7;0;2;9;26;1
202400026590;155 734 902;7;4;0;3;1;1
202400026591;155 734 900;7;0;2;7;11;1
202400026591;155 734 901;31;0;2;8;0;1
202400026592;155 734 899;33;0;0;7;1;1
202400026593;155 734 897;7;0;2;1;2;1
202400026593;155 734 898;7;0;2;4;2;1
202400026594;155 734 895;32;0;2;6;11;1
202400026594;155 734 896;7;0;2;3;11;1
202400026595;155 734 893;33;0;2;8;0;1
202400026595;155 734 894;7;0;2;0;0;1
202400026596;155 734 891;7;1;2;1;21;1
202400026596;155 734 892;7;1;2;4;21;3
202400026597;155 734 889;7;0;2;8;11;1
202400026597;155 734 890;33;0;2;7;3;1
202400026598;155 734 888;32;0;2;7;26;1
202400026599;155 734 887;7;4;0;3;1;1
202400026600;155 734 886;7;3;0;1;1;1
202400026601;155 734 885;7;4;0;6;1;1
202400026602;155 734 884;7;4;2;1;1;1
202400026603;155 734 882;7;0;2;6;9;1
202400026603;155 734 883;7;0;2;2;1;1
202400026604;155 734 880;33;0;2;7;3;1
202400026604;155 734 881;10;0;2;8;11;1
202400026605;155 734 877;7;0;2;4;1;1
202400026605;155 734 878;7;0;2;8;11;1
202400026605;155 734 879;34;0;2;7;1;1
202400026606;155 734 875;50;0;2;2;1;3
202400026606;155 734 876;7;0;2;1;16;0
202400026607;155 734 874;7;0;0;3;1;1
202400026608;155 734 872;21;0;2;3;9;1
202400026608;155 734 873;30;0;2;1;1;1
202400026609;155 734 871;36;0;0;0;1;1
202400026610;155 734 869;7;0;2;2;11;1
202400026610;155 734 870;7;3;0;6;1;1
202400026611;155 734 868;1;0;0;0;24;5
202400026612;155 734 866;7;0;2;1;2;1
202400026612;155 734 867;33;0;2;4;2;1
202400026613;155 734 864;1;0;2;6;16;5
202400026613;155 734 865;0;0;2;2;2;0
202400026614;155 734 862;33;0;2;7;1;1
202400026614;155 734 863;10;0;2;2;15;1
202400026615;155 734 861;7;14;1;3;2;1
202400026616;155 734 860;50;0;0;0;1;3
202400026617;155 734 858;50;0;2;7;17;3
202400026617;155 734 859;7;0;2;3;15;1
202400026618;155 734 857;2;0;0;0;1;0
202400026619;155 734 856;50;14;0;1;1;3
202400026620;155 734 854;7;0;2;3;13;1
202400026620;155 734 855;7;0;2;3;1;1
202400026621;155 734 852;7;0;9;8;17;1
202400026621;155 734 853;32;0;2;5;1;1
202400026622;155 734 850;7;0;2;1;2;1
202400026622;155 734 851;7;0;2;7;2;1
202400026623;155 734 848;7;0;2;4;2;1
202400026623;155 734 849;10;0;2;1;2;1
202400026624;155 734 846;7;0;2;2;26;1
202400026624;155 734 847;1;0;2;4;0;5
202400026625;155 734 845;7;6;0;2;14;2
202400026626;155 734 844;7;0;1;2;1;0
202400026627;155 734 843;7;0;1;2;15;1
202400026628;155 734 842;7;0;1;3;1;1
202400026629;155 734 841;7;15;1;1;1;1
202400026630;155 734 839;31;0;2;1;1;1
202400026630;155 734 840;7;0;2;2;15;1
202400026631;155 734 837;80;0;2;3;15;2
202400026631;155 734 838;7;0;2;7;17;1
202400026632;155 734 836;33;0;1;2;21;1
202400026633;155 734 834;7;0;2;1;11;1
202400026633;155 734 835;50;0;2;3;26;3
202400026634;155 734 831;7;1;1;4;4;1
202400026635;155 734 828;7;0;2;1;0;1
202400026635;155 734 829;7;0;2;8;0;1
202400026636;155 734 826;7;0;2;1;1;1
202400026636;155 734 827;21;0;2;1;16;1
202400026637;155 734 824;2;0;2;7;1;1
202400026637;155 734 825;7;0;2;3;1;1
202400026638;155 734 823;2;1;0;1;26;1
202400026639;155 734 822;10;0;1;3;15;1
202400026640;155 734 820;43;0;2;1;13;1
202400026640;155 734 821;7;0;2;1;1;1
202400026641;155 734 818;7;0;2;3;13;1
202400026641;155 734 819;7;0;2;8;1;1
202400026642;155 734 816;7;0;2;5;15;1
202400026642;155 734 817;2;0;2;1;1;1
202400026643;155 734 814;7;0;2;1;6;1
202400026643;155 734 815;7;0;2;3;2;1
202400026644;155 734 813;10;0;1;1;11;1
202400026645;155 734 811;7;0;2;1;1;1
202400026645;155 734 812;0;0;2;1;5;0
202400026646;155 734 809;7;0;2;8;1;1
202400026646;155 734 810;7;0;2;3;1;1
202400026647;155 734 808;7;0;1;2;1;2
202400026648;155 734 807;7;0;2;1;1;1
202400026649;155 734 805;7;0;2;3;13;1
202400026649;155 734 806;33;0;2;8;0;1
202400026650;155 734 803;7;0;2;3;15;1
202400026650;155 734 804;7;0;2;1;1;1
202400026651;155 734 801;7;0;2;1;1;1
202400026651;155 734 802;1;0;2;8;19;5
202400026652;155 734 799;1;0;2;7;1;5
202400026652;155 734 800;7;0;2;1;16;1
202400026653;155 734 795;7;11;0;1;6;2
202400026654;155 734 794;7;0;1;1;15;1
202400026655;155 734 792;33;0;2;1;2;1
202400026655;155 734 793;7;0;2;4;1;1
202400026656;155 734 791;7;13;0;7;1;1
202400026657;155 734 789;30;0;2;1;1;1
202400026657;155 734 790;7;0;9;2;15;1
202400026658;155 734 788;7;0;0;0;14;1
202400026659;155 734 787;7;0;1;1;1;1
202400026660;155 734 785;30;0;2;3;19;1
202400026660;155 734 786;7;0;2;2;1;1
202400026661;155 734 783;7;0;2;1;16;1
202400026661;155 734 784;1;0;2;7;1;5
202400026662;155 734 782;10;0;1;4;26;1
202400026663;155 734 781;50;0;2;0;0;3
202400026664;155 734 779;7;0;2;3;9;2
202400026664;155 734 780;32;0;2;5;15;1
202400026665;155 734 777;7;0;2;1;0;0
202400026665;155 734 778;2;0;2;1;13;6
202400026666;155 734 775;10;0;2;1;2;1
202400026666;155 734 776;7;0;2;4;2;1
202400026667;155 734 774;30;0;0;7;21;1
202400026668;155 734 772;30;0;2;1;18;1
202400026668;155 734 773;7;0;2;2;14;1
202400026669;155 734 770;37;0;2;3;1;2
202400026669;155 734 771;7;0;2;2;15;1
202400026670;155 734 767;7;0;2;2;1;2
202400026670;155 734 768;7;0;2;8;1;1
202400026670;155 734 769;7;0;2;2;11;1
202400026671;155 734 766;1;0;1;1;16;5
202400026672;155 734 764;7;0;2;3;20;1
202400026672;155 734 765;1;0;2;7;1;5
202400026673;155 734 762;30;1;0;7;12;1
202400026673;155 734 763;7;0;0;3;23;1
202400026674;155 734 761;1;0;1;8;1;5
202400026675;155 734 759;43;0;2;3;18;1
202400026675;155 734 760;7;0;2;2;16;2
202400026676;155 734 757;80;1;0;2;1;3
202400026676;155 734 758;7;0;2;3;22;2
202400026677;155 734 756;7;0;1;3;15;1
202400026678;155 734 755;7;0;1;1;1;1
202400026679;155 734 753;1;0;2;1;1;5
202400026679;155 734 754;7;0;2;2;15;1
202400026680;155 734 752;7;0;1;1;16;1
202400026681;155 734 750;34;0;2;0;0;1
202400026681;155 734 751;7;0;2;0;0;1
202400026682;155 734 748;7;1;0;1;1;1
202400026682;155 734 749;10;0;2;2;0;1
202400026683;155 734 747;7;0;1;1;1;1
202400026684;155 734 746;7;2;0;1;13;1
202400026685;155 734 744;7;0;2;1;13;1
202400026685;155 734 745;7;0;0;0;0;1
202400026686;155 734 743;7;0;1;1;19;1
202400026687;155 734 741;30;0;2;3;2;1
202400026687;155 734 742;7;0;2;6;15;3
202400026688;155 734 739;7;0;2;1;0;1
202400026688;155 734 740;30;0;2;4;23;1
202400026689;155 734 738;7;0;1;1;1;1
202400026690;155 734 736;1;1;0;0;1;5
202400026690;155 734 737;7;0;2;3;24;1
202400026691;155 734 735;33;0;0;0;0;1
202400026692;155 734 733;7;0;2;2;1;1
202400026692;155 734 734;2;0;2;1;13;1
202400026693;155 734 731;7;0;2;1;1;1
202400026693;155 734 732;1;0;2;8;19;5
202400026694;155 734 727;7;0;2;5;15;1
202400026694;155 734 728;33;0;2;1;1;1
202400026695;155 734 724;7;0;2;4;2;2
202400026695;155 734 725;30;0;2;1;2;1
202400026696;155 734 722;7;0;2;2;15;1
202400026696;155 734 723;33;0;2;1;1;1
202400026697;155 734 720;7;0;2;2;16;1
202400026697;155 734 721;50;0;2;1;1;3
202400026698;155 734 718;7;0;9;2;16;1
202400026698;155 734 719;1;0;2;1;13;5
202400026699;155 734 715;7;0;2;6;17;1
202400026699;155 734 716;33;0;2;1;21;1
202400026699;155 734 717;15;0;0;0;3;1
202400026700;155 734 713;7;0;2;2;1;1
202400026700;155 734 714;1;0;2;1;15;5
202400026701;155 734 711;7;0;2;3;15;1
202400026701;155 734 712;7;0;2;1;1;1
202400026702;155 734 709;50;0;2;8;1;3
202400026702;155 734 710;7;0;2;0;15;0
202400026703;155 734 706;7;1;2;1;1;1
202400026703;155 734 707;7;0;2;4;1;1
202400026703;155 734 708;10;1;2;4;1;1
202400026704;155 734 705;7;6;0;1;14;1
202400026705;155 734 703;7;0;2;2;1;1
202400026705;155 734 704;7;0;2;1;1;1
202400026706;155 734 701;7;0;2;2;5;1
202400026706;155 734 702;50;0;2;1;5;3
202400026707;155 734 698;7;0;2;8;1;1
202400026707;155 734 699;1;0;2;1;2;5
202400026707;155 734 700;1;0;2;4;2;5
202400026708;155 734 697;7;0;1;1;1;1
202400026709;155 734 696;1;0;0;1;1;5
202400026710;155 734 695;33;0;0;7;1;1
202400026711;155 734 694;30;0;0;2;1;1
202400026712;155 734 693;7;0;1;1;1;1
202400026713;155 734 691;7;0;2;1;16;1
202400026713;155 734 692;80;0;2;7;1;3
202400026714;155 734 689;31;0;2;1;1;1
202400026714;155 734 690;7;0;2;5;9;1
202400026715;155 734 686;7;0;2;6;16;0
202400026715;155 734 687;7;0;2;0;0;0
202400026715;155 734 688;7;0;0;0;0;1
202400026716;155 734 685;7;0;1;0;0;0
202400026717;155 734 683;7;0;2;3;9;2
202400026717;155 734 684;7;0;2;2;1;1
202400026718;155 734 681;7;0;2;1;13;1
202400026718;155 734 682;7;0;2;1;1;1
202400026719;155 734 680;7;0;1;1;1;1
202400026720;155 734 678;7;0;2;1;2;1
202400026720;155 734 679;7;0;2;4;2;1
202400026721;155 734 676;1;0;2;1;0;5
202400026721;155 734 677;1;0;2;0;0;5
202400026722;155 734 674;7;0;2;1;1;1
202400026722;155 734 675;50;0;2;7;25;3
202400026723;155 734 672;7;0;2;3;1;1
202400026723;155 734 673;7;0;2;8;1;1
202400026724;155 734 670;7;0;2;3;9;1
202400026724;155 734 671;30;0;2;1;1;1
202400026725;155 734 669;7;0;1;2;1;1
202400026726;155 734 667;7;0;2;1;1;1
202400026726;155 734 668;7;0;2;4;1;1
202400026727;155 734 665;33;0;2;1;0;0
202400026727;155 734 666;7;0;2;1;19;1
202400026728;155 734 664;2;0;0;0;16;1
202400026729;155 734 662;33;0;2;4;23;1
202400026729;155 734 663;7;0;2;1;1;1
202400026730;155 734 661;7;0;1;3;1;1
202400026731;155 734 660;7;0;1;1;15;1
202400026732;155 734 658;7;0;2;6;15;1
202400026732;155 734 659;30;0;2;2;1;1
202400026733;155 734 654;2;0;2;1;1;1
202400026733;155 734 656;7;0;2;3;9;1
202400026734;155 734 653;7;0;2;4;1;1
202400026734;155 734 655;7;0;2;1;1;1
202400026734;155 734 657;7;0;2;4;2;1
202400026735;155 734 650;30;0;2;1;3;1
202400026735;155 734 652;7;0;9;5;15;1
202400026736;155 734 649;31;0;2;8;1;1
202400026736;155 734 651;7;0;2;2;15;1
202400026737;155 734 648;7;0;1;0;0;1
202400026738;155 734 647;40;0;1;1;1;3
202400026739;155 734 646;31;0;1;2;7;1
202400026740;155 734 643;7;0;2;2;15;1
202400026740;155 734 645;7;0;2;1;0;1
202400026741;155 734 642;33;0;2;2;2;1
202400026741;155 734 644;7;0;2;6;10;1
202400026742;155 734 640;7;0;2;2;15;1
202400026742;155 734 641;32;0;2;1;1;1
202400026743;155 734 638;3;0;2;2;15;1
202400026743;155 734 639;1;0;2;8;1;5
202400026744;155 734 637;14;0;1;1;21;1
202400026745;155 734 636;7;0;1;1;1;1
202400026746;155 734 635;37;0;2;0;26;1
202400026747;155 734 634;7;0;1;1;1;1
202400026748;155 734 632;7;0;2;1;0;1
202400026748;155 734 633;10;0;2;1;26;1
202400026749;155 734 631;7;0;1;2;1;1
202400026750;155 734 629;1;0;2;8;15;5
202400026750;155 734 630;7;8;0;2;1;1
202400026751;155 734 627;7;0;2;4;1;1
202400026751;155 734 628;37;0;2;1;2;1
202400026752;155 734 625;30;0;2;2;1;1
202400026752;155 734 626;10;0;2;1;1;1
202400026753;155 734 623;1;0;2;5;1;5
202400026753;155 734 624;7;0;2;1;9;1
202400026754;155 734 621;7;0;9;7;15;3
202400026754;155 734 622;50;0;2;1;1;3
202400026755;155 734 617;30;0;2;6;1;1
202400026755;155 734 619;7;0;2;3;20;1
202400026756;155 734 612;32;0;2;3;1;1
202400026756;155 734 615;7;0;2;2;16;1
202400026757;155 734 609;31;0;2;1;17;1
202400026757;155 734 611;13;0;2;6;1;3
202400026758;155 734 608;14;0;2;1;23;1
202400026758;155 734 610;7;0;2;4;2;1
202400026759;155 734 605;7;0;2;1;2;1
202400026759;155 734 607;10;0;2;4;1;1
202400026760;155 734 604;14;0;2;2;1;1
202400026760;155 734 606;1;16;2;3;19;5
202400026761;155 734 603;7;0;1;1;2;1
202400026762;155 734 601;33;0;2;2;3;1
202400026762;155 734 602;34;0;2;3;11;3
202400026763;155 734 599;7;0;2;3;16;1
202400026763;155 734 600;33;0;2;3;1;1
202400026764;155 734 597;7;0;2;2;12;1
202400026764;155 734 598;32;0;2;8;2;3
202400026765;155 734 595;33;0;0;8;3;1
202400026766;155 734 596;50;0;0;0;1;3
202400026767;155 734 593;33;0;2;7;3;1
202400026767;155 734 594;7;0;2;7;2;1
202400026768;155 734 592;2;11;0;1;1;1
202400026769;155 734 590;7;0;2;4;2;0
202400026769;155 734 591;2;0;2;1;1;1
202400026770;155 734 588;30;0;2;1;17;1
202400026770;155 734 589;7;0;2;3;15;1
202400026771;155 734 587;33;0;0;7;13;1
202400026772;155 734 585;37;0;2;5;1;1
202400026772;155 734 586;1;0;2;1;16;5
202400026773;155 734 583;34;0;2;2;18;1
202400026773;155 734 584;7;0;2;3;16;1
202400026774;155 734 579;33;0;2;1;1;1
202400026774;155 734 580;7;0;2;4;15;2
202400026775;155 734 578;7;0;2;1;1;1
202400026775;155 734 581;17;0;2;3;0;1
202400026775;155 734 582;7;0;2;5;15;1
202400026776;155 734 576;10;0;1;2;1;2
202400026777;155 734 573;7;0;2;1;2;1
202400026777;155 734 575;7;0;2;4;2;1
202400026778;155 734 572;1;0;2;2;1;5
202400026778;155 734 574;1;0;2;8;18;5
202400026779;155 734 570;33;0;1;2;1;1
202400026780;155 734 569;7;0;2;3;1;1
202400026780;155 734 571;7;0;2;7;26;1
202400026781;155 734 568;10;0;1;3;1;1
202400026782;155 734 567;7;0;1;3;15;1
202400026783;155 734 565;2;1;0;2;17;1
202400026783;155 734 566;7;0;2;3;22;2
202400026784;155 734 561;50;0;2;0;25;3
202400026784;155 734 563;1;0;0;0;25;5
202400026784;155 734 564;10;0;2;2;1;1
202400026785;155 734 560;80;0;2;1;1;3
202400026785;155 734 562;80;0;2;1;21;3
202400026786;155 734 557;39;0;2;1;24;0
202400026786;155 734 559;7;0;4;1;0;1
202400026787;155 734 556;32;14;2;1;1;1
202400026787;155 734 558;10;0;2;7;16;1
202400026788;155 734 555;7;0;1;3;23;0
202400026789;155 734 553;7;0;2;2;1;0
202400026789;155 734 554;33;0;2;4;23;1
202400026790;155 734 551;7;12;0;9;1;1
202400026791;155 734 550;1;0;2;4;15;5
202400026791;155 734 552;7;0;2;1;1;3
202400026792;155 734 548;50;0;0;8;19;3
202400026793;155 734 547;1;0;2;8;0;5
202400026793;155 734 549;7;0;2;3;16;1
202400026794;155 734 545;50;8;2;8;5;3
202400026794;155 734 546;7;0;2;3;15;3
202400026795;155 734 544;3;0;1;1;1;3
202400026796;155 734 543;33;0;1;2;17;3
202400026797;155 734 542;7;0;1;8;15;1
202400026798;155 734 541;50;0;0;0;1;3
202400026799;155 734 540;50;0;0;0;1;3
202400026800;155 734 538;10;0;2;3;9;1
202400026800;155 734 539;43;0;2;6;3;1
202400026801;155 734 536;7;0;2;1;1;1
202400026801;155 734 537;7;0;2;4;1;1
202400026802;155 734 533;7;0;2;4;1;0
202400026802;155 734 534;7;0;2;1;1;0
202400026802;155 734 535;7;0;2;4;1;1
202400026803;155 734 530;7;0;2;1;1;1
202400026803;155 734 531;7;0;2;4;1;1
202400026804;155 734 532;7;0;1;2;19;1
202400026805;155 734 528;7;0;2;1;11;1
202400026805;155 734 529;38;0;2;1;1;1
202400026806;155 734 527;7;0;0;1;2;1
202400026807;155 734 525;10;0;2;2;1;1
202400026807;155 734 526;50;0;2;1;21;3
202400026808;155 734 521;50;1;2;8;21;3
202400026809;155 734 520;7;0;2;1;2;1
202400026809;155 734 522;7;0;2;4;0;1
202400026809;155 734 523;7;0;2;4;1;1
202400026809;155 734 524;7;0;2;4;1;1
202400026810;155 734 518;33;0;2;1;17;0
202400026810;155 734 519;7;0;2;3;15;1
202400026811;155 734 517;7;0;1;2;15;1
202400026812;155 734 514;43;1;2;1;17;1
202400026812;155 734 516;7;0;2;2;15;1
202400026813;155 734 513;50;0;2;1;1;3
202400026813;155 734 515;7;0;9;3;1;1
202400026814;155 734 510;33;0;2;5;19;1
202400026814;155 734 512;7;0;2;2;1;1
202400026815;155 734 509;33;0;2;1;17;1
202400026815;155 734 511;7;0;2;6;15;1
202400026816;155 734 507;7;0;2;8;1;1
202400026816;155 734 508;7;0;2;1;15;2
202400026817;155 734 504;7;0;2;2;19;1
202400026817;155 734 506;31;0;2;5;1;1
202400026818;155 734 503;7;0;2;1;1;1
202400026818;155 734 505;7;0;2;3;15;1
202400026819;155 734 501;1;0;1;1;2;5
202400026820;155 734 500;33;0;2;7;17;1
202400026820;155 734 502;7;0;2;3;1;1
202400026821;155 734 498;7;0;2;1;1;1
202400026821;155 734 499;7;0;2;1;1;1
202400026822;155 734 497;1;0;1;1;1;5
202400026823;155 734 495;7;1;0;1;15;1
202400026823;155 734 496;33;1;0;7;1;1
202400026824;155 734 493;7;0;2;3;16;1
202400026824;155 734 494;33;0;2;1;1;1
202400026825;155 734 491;7;0;2;3;5;0
202400026825;155 734 492;7;0;2;3;5;1
202400026826;155 734 488;2;0;2;0;0;1
202400026826;155 734 490;7;0;2;0;0;1
202400026827;155 734 487;7;0;9;3;26;1
202400026827;155 734 489;1;0;2;7;17;5
202400026828;155 734 485;7;2;0;1;14;1
202400026829;155 734 483;7;2;0;3;13;1
202400026830;155 734 481;14;15;0;3;13;1
202400026831;155 734 480;7;0;2;7;19;2
202400026831;155 734 482;7;8;2;1;1;1
202400026832;155 734 478;7;0;2;3;5;1
202400026832;155 734 479;10;0;2;3;1;1
202400026833;155 734 476;2;0;2;1;2;1
202400026833;155 734 477;7;0;2;4;2;1
202400026834;155 734 475;7;0;1;2;2;1
202400026835;155 734 472;7;0;2;3;13;1
202400026835;155 734 473;7;0;2;3;1;1
202400026836;155 734 471;13;0;1;7;16;1
202400026837;155 734 468;1;15;2;1;1;5
202400026837;155 734 470;10;5;2;8;26;1
202400026838;155 734 467;7;0;2;8;15;1
202400026838;155 734 469;33;0;2;1;17;1
202400026839;155 734 466;7;12;0;1;14;1
202400026840;155 734 465;1;0;1;1;1;5
202400026841;155 734 462;7;0;2;4;2;1
202400026841;155 734 464;33;0;2;1;2;1
202400026842;155 734 461;1;0;2;7;1;5
202400026842;155 734 463;7;0;2;8;22;2
202400026843;155 734 460;7;13;0;9;14;1
202400026844;155 734 458;10;0;0;8;24;1
202400026844;155 734 459;1;1;0;1;1;5
202400026845;155 734 457;7;17;0;1;1;1
202400026846;155 734 456;7;0;2;3;2;1
202400026847;155 734 453;7;0;2;3;1;1
202400026847;155 734 455;7;0;2;3;13;1
202400026848;155 734 454;33;0;1;0;0;0
202400026849;155 734 450;7;0;2;3;2;1
202400026849;155 734 452;1;0;0;2;12;5
202400026850;155 734 449;30;0;2;1;1;1
202400026850;155 734 451;10;0;2;5;1;1
202400026851;155 734 448;7;14;0;1;1;1
202400026852;155 734 447;37;0;1;7;1;3
202400026853;155 734 445;33;0;2;3;13;1
202400026853;155 734 446;99;0;2;6;1;1
202400026854;155 734 444;33;0;2;2;1;1
202400026855;155 734 443;7;0;1;3;1;1
202400026856;155 734 442;50;0;0;0;1;3
202400026857;155 734 440;38;0;2;2;1;1
202400026857;155 734 441;2;0;2;8;19;1
202400026858;155 734 439;7;0;1;1;0;1
202400026859;155 734 438;7;7;0;1;1;1
202400026860;155 734 437;7;0;1;1;1;1
202400026861;155 734 434;10;0;2;3;1;1
202400026861;155 734 436;7;0;2;1;19;1
202400026862;155 734 433;99;2;2;8;2;1
202400026862;155 734 435;33;0;2;1;19;1
202400026863;155 734 432;2;17;0;2;1;1
202400026864;155 734 429;50;0;2;7;2;3
202400026864;155 734 431;7;0;2;1;9;1
202400026865;155 734 428;2;0;2;8;15;1