Num_Acc;id_vehicule;categorie_vehicule;obstacle_fixe;obstacle_mobile;point_choc_initial;manoeuvre_principale;motorisation
202400027211;155 733 794;7;0;2;4;2;1
202400027211;155 733 795;7;0;2;1;2;1
202400027212;155 733 789;50;0;2;8;19;3
202400027212;155 733 790;7;0;2;3;26;1
202400027213;155 733 786;7;0;0;8;1;1
202400027213;155 733 788;10;0;2;1;1;1
202400027214;155 733 783;32;0;2;7;1;1
202400027214;155 733 785;7;0;2;1;9;1
202400027215;155 733 779;33;4;2;4;5;1
202400027215;155 733 780;38;0;2;3;1;1
202400027216;155 733 778;7;0;1;1;1;1
202400027217;155 733 777;7;0;1;1;15;1
202400027218;155 733 776;33;11;0;1;17;1
202400027219;155 733 774;15;0;2;1;1;1
202400027219;155 733 775;15;0;2;3;1;1
202400027220;155 733 772;7;0;2;1;2;1
202400027220;155 733 773;7;0;2;4;2;1
202400027221;155 733 771;33;13;0;0;1;1
202400027222;155 733 769;37;14;0;3;1;1
202400027222;155 733 770;7;0;2;7;1;1
202400027223;155 733 768;10;0;1;4;4;1
202400027224;155 733 765;7;0;2;0;1;1
202400027224;155 733 766;15;0;0;4;0;1
202400027225;155 733 767;7;0;0;9;1;1
202400027226;155 733 764;33;16;0;9;1;1
202400027227;155 733 763;7;0;1;1;1;1
202400027228;155 733 761;7;0;2;3;17;1
202400027228;155 733 762;7;0;2;3;1;1
202400027229;155 733 758;7;0;2;1;9;1
202400027229;155 733 760;2;0;2;7;1;1
202400027230;155 733 757;17;0;2;0;0;1
202400027230;155 733 759;7;0;2;6;9;1
202400027231;155 733 756;3;8;0;1;1;1
202400027232;155 733 753;7;0;2;4;23;1
202400027232;155 733 754;7;0;2;1;2;1
202400027232;155 733 755;7;0;2;9;23;1
202400027233;155 733 750;10;0;2;2;2;1
202400027233;155 733 751;7;0;2;6;2;1
202400027234;155 733 749;7;2;0;1;1;1
202400027235;155 733 745;15;0;2;4;2;1
202400027235;155 733 747;10;0;2;3;2;1
202400027235;155 733 748;10;0;2;4;2;1
202400027236;155 733 744;2;0;2;1;1;1
202400027236;155 733 746;7;0;2;3;1;1
202400027237;155 733 742;7;0;2;8;13;3
202400027237;155 733 743;33;0;2;7;3;1
202400027238;155 733 739;7;3;0;1;21;1
202400027239;155 733 740;7;0;2;4;0;1
202400027239;155 733 741;7;0;2;1;2;1
202400027240;155 733 735;7;0;2;1;1;1
202400027240;155 733 737;60;0;2;7;1;5
202400027241;155 733 734;10;0;2;4;2;1
202400027241;155 733 736;7;0;2;4;0;1
202400027241;155 733 738;7;0;2;4;2;2
202400027242;155 733 733;33;12;0;9;1;1
202400027243;155 733 731;7;0;2;6;16;1
202400027243;155 733 732;31;0;2;9;1;1
202400027244;155 733 729;7;0;2;5;12;1
202400027244;155 733 730;33;0;2;1;3;1
202400027245;155 733 727;7;6;0;2;15;1
202400027246;155 733 726;31;0;2;8;0;1
202400027246;155 733 728;7;0;0;2;23;1
202400027247;155 733 724;33;0;0;0;3;1
202400027248;155 733 723;7;0;0;0;1;1
202400027248;155 733 725;1;0;2;7;19;5
202400027249;155 733 721;7;0;1;4;20;1
202400027250;155 733 719;10;0;2;7;12;1
202400027250;155 733 722;33;0;2;8;3;1
202400027251;155 733 718;7;0;2;4;1;1
202400027251;155 733 720;31;0;2;1;1;1
202400027252;155 733 717;7;0;1;1;1;0
202400027253;155 733 715;7;0;1;2;21;1
202400027254;155 733 713;10;0;2;1;2;1
202400027254;155 733 714;7;0;2;4;2;1
202400027254;155 733 716;7;0;2;4;2;1
202400027255;155 733 711;10;0;1;2;0;0
202400027256;155 733 710;2;0;2;1;1;1
202400027256;155 733 712;2;0;2;8;1;1
202400027257;155 733 708;1;0;2;0;1;5
202400027257;155 733 709;7;0;2;0;0;0
202400027258;155 733 707;7;0;1;3;1;1
202400027259;155 733 706;7;0;1;8;1;0
202400027260;155 733 705;7;0;1;2;16;1
202400027261;155 733 704;7;0;1;8;16;1
202400027262;155 733 703;10;0;1;6;4;1
202400027263;155 733 701;7;0;1;1;2;1
202400027264;155 733 700;7;0;2;3;15;1
202400027264;155 733 702;7;0;2;2;1;1
202400027265;155 733 699;7;1;0;1;14;2
202400027266;155 733 698;7;0;1;1;1;1
202400027267;155 733 697;7;0;1;2;1;1
202400027268;155 733 694;7;0;2;0;1;1
202400027268;155 733 696;1;0;2;0;1;5
202400027269;155 733 693;7;0;2;3;0;1
202400027269;155 733 695;50;0;2;1;9;3
202400027270;155 733 691;7;0;2;5;1;1
202400027270;155 733 692;1;0;2;2;2;5
202400027271;155 733 690;10;0;1;2;16;1
202400027272;155 733 688;7;13;0;0;2;1
202400027273;155 733 687;50;0;2;2;9;3
202400027273;155 733 689;7;0;2;7;1;1
202400027274;155 733 685;7;0;1;3;1;1
202400027275;155 733 684;33;0;2;1;21;1
202400027275;155 733 686;10;0;2;1;15;1
202400027276;155 733 682;2;0;0;0;26;1
202400027277;155 733 683;7;12;1;3;1;0
202400027278;155 733 681;10;0;1;3;16;3
202400027279;155 733 680;7;0;1;6;26;1
202400027280;155 733 678;33;0;2;1;2;1
202400027280;155 733 679;7;0;2;3;20;1
202400027281;155 733 676;1;0;2;1;1;5
202400027281;155 733 677;7;0;2;3;15;1
202400027282;155 733 674;7;12;2;1;13;1
202400027282;155 733 675;7;12;2;3;0;2
202400027283;155 733 673;7;15;0;1;14;1
202400027284;155 733 668;7;0;2;1;2;0
202400027284;155 733 670;7;0;2;4;2;1
202400027284;155 733 671;7;0;2;4;2;1
202400027284;155 733 672;7;0;2;4;15;1
202400027285;155 733 666;7;0;2;4;1;1
202400027285;155 733 667;7;0;2;4;1;1
202400027285;155 733 669;7;0;2;1;1;1
202400027286;155 733 664;7;0;2;1;2;1
202400027286;155 733 665;7;0;2;4;23;1
202400027287;155 733 663;32;0;2;3;21;1
202400027288;155 733 661;7;1;0;1;20;2
202400027288;155 733 662;7;1;0;0;0;1
202400027289;155 733 659;7;0;2;0;15;1
202400027289;155 733 660;7;0;2;2;1;1
202400027290;155 733 657;7;0;2;3;9;1
202400027290;155 733 658;2;0;2;1;1;1
202400027291;155 733 655;7;1;2;2;15;1
202400027291;155 733 656;1;1;2;3;1;5
202400027292;155 733 654;7;0;1;2;9;1
202400027293;155 733 652;33;0;0;0;1;1
202400027294;155 733 651;7;0;2;3;15;1
202400027294;155 733 653;50;0;2;1;1;3
202400027295;155 733 650;0;0;1;1;0;1
202400027296;155 733 649;7;0;1;3;1;2
202400027297;155 733 646;7;0;2;2;15;1
202400027297;155 733 648;1;0;2;1;1;5
202400027298;155 733 645;33;0;2;1;9;
202400027298;155 733 647;30;0;2;8;1;1
202400027299;155 733 642;7;0;2;3;19;1
202400027299;155 733 644;1;0;2;1;1;5
202400027300;155 733 641;7;0;9;1;1;1
202400027300;155 733 643;1;0;2;1;1;5
202400027301;155 733 638;14;0;2;3;15;0
202400027301;155 733 640;7;0;2;8;2;1
202400027302;155 733 637;7;0;2;3;16;1
202400027302;155 733 639;7;0;2;2;1;1
202400027303;155 733 634;7;0;2;2;1;1
202400027303;155 733 635;80;0;0;8;19;3
202400027304;155 733 633;10;0;2;1;1;1
202400027304;155 733 636;30;0;2;1;1;3
202400027305;155 733 629;10;0;1;3;1;1
202400027305;155 733 631;7;0;1;3;1;1
202400027306;155 733 630;7;0;2;3;15;1
202400027306;155 733 632;2;0;2;8;1;1
202400027307;155 733 625;60;0;2;8;2;5
202400027307;155 733 628;7;0;2;1;2;0
202400027308;155 733 623;33;0;2;1;1;1
202400027308;155 733 626;7;0;2;8;1;1
202400027308;155 733 627;33;0;2;3;1;1
202400027309;155 733 622;2;1;2;2;1;1
202400027309;155 733 624;7;0;2;3;20;1
202400027310;155 733 621;7;0;1;1;1;1
202400027311;155 733 619;7;9;0;6;26;2
202400027312;155 733 618;2;0;2;1;15;1
202400027312;155 733 620;7;0;2;2;1;1
202400027313;155 733 617;30;0;0;8;21;1
202400027314;155 733 614;7;0;2;1;0;2
202400027314;155 733 616;7;0;2;1;13;1
202400027315;155 733 611;7;0;2;7;15;1
202400027315;155 733 613;7;0;2;1;1;1
202400027316;155 733 612;7;0;2;3;15;1
202400027316;155 733 615;2;0;2;2;1;1
202400027317;155 733 610;7;0;1;3;1;1
202400027318;155 733 607;7;0;2;7;1;2
202400027318;155 733 609;50;0;2;1;9;3
202400027319;155 733 606;7;0;2;2;26;1
202400027319;155 733 608;50;0;2;7;19;3
202400027320;155 733 605;2;3;0;1;26;1
202400027321;155 733 604;7;1;0;1;1;0
202400027322;155 733 601;7;0;2;2;16;1
202400027322;155 733 603;1;0;2;1;2;0
202400027323;155 733 600;7;0;2;1;2;1
202400027323;155 733 602;38;0;2;4;2;1
202400027324;155 733 596;7;0;2;6;12;1
202400027324;155 733 598;1;0;2;1;2;0
202400027325;155 733 597;10;0;2;2;2;1
202400027325;155 733 599;7;0;2;4;1;1
202400027326;155 733 595;7;13;0;0;13;1
202400027327;155 733 592;30;0;1;1;3;1
202400027328;155 733 591;7;0;2;6;17;1
202400027328;155 733 593;7;0;2;1;1;1
202400027329;155 733 590;7;0;2;1;19;1
202400027329;155 733 594;7;8;2;8;1;3
202400027330;155 733 586;7;1;2;1;1;1
202400027330;155 733 588;7;1;0;3;5;1
202400027331;155 733 587;34;0;2;1;2;1
202400027331;155 733 589;7;0;2;4;2;1
202400027332;155 733 584;7;0;1;1;1;1
202400027332;155 733 585;7;0;2;1;1;1
202400027333;155 733 583;7;0;1;3;16;1
202400027334;155 733 582;7;12;0;3;13;1
202400027335;155 733 578;10;0;2;1;15;1
202400027335;155 733 580;33;0;2;1;1;1
202400027336;155 733 577;1;0;2;7;1;5
202400027336;155 733 581;7;0;2;2;9;1
202400027337;155 733 576;99;0;0;0;0;0
202400027337;155 733 579;7;0;2;7;9;0
202400027338;155 733 574;1;0;2;7;1;5
202400027338;155 733 575;30;0;2;1;18;0
202400027339;155 733 572;7;12;0;2;20;1
202400027340;155 733 571;7;0;2;1;2;1
202400027340;155 733 573;7;0;2;8;15;1
202400027341;155 733 568;7;0;2;2;10;1
202400027341;155 733 569;7;0;2;3;23;1
202400027342;155 733 567;37;0;2;1;1;1
202400027342;155 733 570;7;0;2;7;0;1
202400027343;155 733 566;7;0;1;1;19;1
202400027344;155 733 564;7;0;1;1;23;1
202400027345;155 733 563;7;0;1;6;4;1
202400027346;155 733 562;30;0;2;8;10;1
202400027346;155 733 565;7;0;2;1;1;1
202400027347;155 733 559;7;0;2;4;23;1
202400027347;155 733 561;7;0;2;1;2;1
202400027348;155 733 560;37;0;1;2;15;2
202400027349;155 733 556;60;0;2;1;19;5
202400027349;155 733 557;7;0;2;8;16;1
202400027350;155 733 552;7;0;2;2;16;1
202400027350;155 733 553;50;0;2;1;1;3
202400027351;155 733 551;7;0;2;0;2;1
202400027351;155 733 555;7;0;2;1;2;1
202400027351;155 733 558;7;0;2;4;2;1
202400027352;155 733 550;2;0;2;1;1;1
202400027352;155 733 554;10;16;2;8;15;1
202400027353;155 733 549;33;12;1;1;1;1
202400027354;155 733 547;0;0;1;1;2;1
202400027355;155 733 546;39;0;1;1;26;2
202400027356;155 733 544;33;0;2;1;1;0
202400027356;155 733 548;7;0;2;1;15;1
202400027357;155 733 541;7;2;0;1;1;1
202400027358;155 733 538;10;0;1;1;1;1
202400027359;155 733 539;7;13;0;9;1;1
202400027360;155 733 537;7;0;2;4;1;1
202400027360;155 733 540;7;0;2;1;0;1
202400027360;155 733 542;7;0;2;4;0;1
202400027361;155 733 536;3;0;1;2;13;3
202400027362;155 733 534;7;0;1;2;9;1
202400027363;155 733 533;30;0;2;1;1;1
202400027363;155 733 535;7;0;2;8;1;1
202400027364;155 733 531;7;0;1;0;26;0
202400027365;155 733 530;7;0;2;1;2;1
202400027365;155 733 532;7;0;2;4;2;1
202400027366;155 733 529;10;0;1;1;0;1
202400027367;155 733 526;7;0;2;3;15;0
202400027367;155 733 528;32;0;2;3;1;1
202400027368;155 733 525;7;0;2;1;1;1
202400027368;155 733 527;7;0;2;6;15;1
202400027369;155 733 524;7;0;9;1;15;1
202400027370;155 733 522;50;0;0;0;1;3
202400027371;155 733 518;50;0;2;1;1;3
202400027371;155 733 519;7;0;2;6;23;1
202400027372;155 733 516;2;0;0;0;0;1
202400027372;155 733 520;10;0;2;3;15;1
202400027373;155 733 514;7;0;1;5;17;1
202400027374;155 733 512;10;6;0;1;13;1
202400027375;155 733 510;31;0;0;7;1;1
202400027376;155 733 507;50;0;9;4;0;3
202400027376;155 733 509;50;0;9;1;1;3
202400027377;155 733 511;30;0;2;4;2;1
202400027377;155 733 513;7;0;2;4;2;1
202400027377;155 733 515;7;0;2;4;2;0
202400027377;155 733 517;38;0;2;1;2;1
202400027377;155 733 521;3;0;2;4;2;1
202400027377;155 733 523;7;0;2;4;2;1
202400027378;155 733 506;7;0;2;1;15;1
202400027378;155 733 508;2;0;2;3;1;1
202400027379;155 733 505;7;0;1;1;1;1
202400027380;155 733 500;7;0;1;1;1;1
202400027381;155 733 502;99;0;2;3;11;1
202400027381;155 733 504;7;0;2;1;1;1
202400027382;155 733 501;10;0;2;5;16;1
202400027383;155 733 499;1;0;2;0;0;5
202400027383;155 733 503;7;0;2;5;0;1
202400027384;155 733 496;10;0;1;4;20;1
202400027385;155 733 495;7;0;2;1;26;1
202400027385;155 733 497;7;0;2;2;1;1
202400027386;155 733 494;60;0;2;1;1;5
202400027386;155 733 498;7;0;2;1;1;1
202400027387;155 733 492;7;0;2;1;15;1
202400027387;155 733 493;2;0;2;1;1;1
202400027388;155 733 491;7;0;1;1;1;6
202400027389;155 733 489;7;0;1;4;20;1
202400027390;155 733 486;7;0;0;2;1;1
202400027390;155 733 490;7;0;2;1;1;1
202400027391;155 733 484;2;0;2;8;1;1
202400027391;155 733 487;7;0;2;2;9;1
202400027392;155 733 482;7;0;0;4;2;1
202400027392;155 733 483;33;0;2;1;2;1
202400027393;155 733 479;10;3;2;1;1;1
202400027393;155 733 480;7;16;2;4;9;1
202400027394;155 733 478;7;0;2;1;15;1
202400027394;155 733 481;33;0;2;1;1;1
202400027395;155 733 473;3;0;1;2;26;0
202400027396;155 733 471;7;0;0;0;0;
202400027396;155 733 474;7;0;2;0;0;
202400027396;155 733 477;7;1;0;0;0;
202400027397;155 733 472;31;0;2;1;18;1
202400027397;155 733 475;31;0;2;1;16;1
202400027398;155 733 470;2;0;2;7;1;1
202400027398;155 733 476;7;0;2;2;15;1
202400027399;155 733 465;7;0;2;3;9;1
202400027399;155 733 468;7;0;0;0;0;1
202400027400;155 733 464;7;0;2;3;0;1
202400027400;155 733 469;2;0;2;5;17;1
202400027401;155 733 462;7;0;2;3;1;1
202400027401;155 733 467;1;0;2;1;1;5
202400027402;155 733 463;7;0;2;4;1;3
202400027402;155 733 466;7;0;2;1;1;1
202400027403;155 733 461;7;0;1;1;1;1
202400027404;155 733 457;10;0;2;1;15;1
202400027404;155 733 460;1;0;2;8;1;5
202400027405;155 733 456;7;0;2;3;15;1
202400027405;155 733 459;2;0;2;1;1;1
202400027406;155 733 455;7;0;2;1;2;1
202400027406;155 733 458;10;0;2;4;1;1
202400027407;155 733 454;7;0;1;1;1;1
202400027408;155 733 451;10;0;1;2;21;1
202400027409;155 733 450;2;0;2;1;1;1
202400027409;155 733 452;7;0;2;1;16;1
202400027410;155 733 449;7;0;2;2;19;1
202400027410;155 733 453;1;0;2;1;1;5
202400027411;155 733 448;30;11;0;1;16;1
202400027412;155 733 447;7;0;1;3;1;1
202400027413;155 733 446;7;0;1;8;2;1
202400027414;155 733 444;7;0;2;3;15;1
202400027414;155 733 445;50;0;2;1;1;3
202400027415;155 733 442;33;5;0;1;1;1
202400027416;155 733 440;7;0;2;3;9;1
202400027416;155 733 443;7;0;2;1;1;1
202400027417;155 733 439;7;0;2;4;2;1
202400027417;155 733 441;7;0;2;1;2;1
202400027418;155 733 436;10;0;2;1;1;1
202400027418;155 733 438;7;0;2;4;1;1
202400027419;155 733 435;7;0;2;1;1;1
202400027419;155 733 437;7;0;2;3;16;1
202400027420;155 733 434;7;0;1;3;1;1
202400027421;155 733 430;7;0;2;1;2;1
202400027421;155 733 431;10;0;2;4;2;1
202400027421;155 733 433;7;0;2;4;2;1
202400027422;155 733 429;7;0;2;7;1;1
202400027422;155 733 432;32;0;2;1;15;1
202400027423;155 733 427;7;0;1;1;1;1
202400027424;155 733 426;7;0;2;1;2;1
202400027424;155 733 428;10;0;2;4;2;1
202400027425;155 733 424;10;0;1;1;2;1
202400027426;155 733 421;7;0;2;1;2;1
202400027426;155 733 425;7;0;0;4;1;1
202400027427;155 733 419;7;0;2;5;1;1
202400027427;155 733 422;50;0;2;1;1;3
202400027428;155 733 420;7;0;2;1;1;3
202400027428;155 733 423;7;0;2;7;15;1
202400027429;155 733 417;10;0;1;1;1;1
202400027430;155 733 415;7;0;2;1;0;1
202400027430;155 733 416;7;0;2;1;0;1
202400027431;155 733 413;7;0;2;1;15;1
202400027431;155 733 418;7;0;2;3;1;1
202400027432;155 733 412;7;0;2;0;0;0
202400027432;155 733 414;7;0;2;2;1;1
202400027433;155 733 409;7;2;0;1;9;1
202400027434;155 733 408;33;0;0;1;17;1
202400027435;155 733 407;7;0;2;3;1;1
202400027435;155 733 410;7;0;2;3;1;1
202400027435;155 733 411;7;0;2;1;13;1
202400027436;155 733 406;7;9;0;3;13;1
202400027437;155 733 405;33;14;0;1;16;1
202400027438;155 733 402;7;0;2;0;15;1
202400027438;155 733 404;2;0;2;0;1;1
202400027439;155 733 401;7;0;2;2;9;3
202400027439;155 733 403;31;0;2;1;1;1
202400027440;155 733 400;33;0;0;8;26;1
202400027441;155 733 397;7;0;2;5;4;1
202400027441;155 733 398;10;0;2;2;1;1
202400027442;155 733 396;10;0;1;1;1;6
202400027443;155 733 399;7;0;1;2;1;1
202400027444;155 733 393;7;1;0;2;14;1
202400027444;155 733 395;7;0;0;8;24;1
202400027445;155 733 389;7;0;2;4;1;1
202400027445;155 733 392;7;0;2;4;1;1
202400027445;155 733 394;7;0;2;1;1;1
202400027446;155 733 388;7;1;2;8;22;1
202400027446;155 733 391;1;1;0;1;1;5
202400027447;155 733 386;7;0;2;3;19;1
202400027447;155 733 390;30;0;2;1;17;1
202400027448;155 733 385;50;0;2;8;1;3
202400027448;155 733 387;7;0;9;7;16;0
202400027449;155 733 383;7;0;1;1;1;1
202400027450;155 733 382;7;0;2;8;1;1
202400027450;155 733 384;7;0;2;1;1;1
202400027451;155 733 380;30;2;0;1;13;1
202400027452;155 733 381;7;0;1;1;2;1
202400027453;155 733 378;7;0;1;2;1;1
202400027454;155 733 376;7;0;1;1;1;6
202400027455;155 733 371;7;0;2;6;1;1
202400027455;155 733 373;32;0;2;1;17;1
202400027455;155 733 375;7;0;2;0;0;0
202400027456;155 733 370;7;0;2;1;2;1
202400027456;155 733 374;50;0;2;1;0;3
202400027457;155 733 369;1;0;2;8;19;5
202400027457;155 733 372;7;0;2;1;2;1
202400027458;155 733 365;7;0;1;1;1;1
202400027459;155 733 364;33;0;2;3;1;1
202400027459;155 733 367;7;0;2;2;15;1
202400027460;155 733 366;50;0;2;2;1;3
202400027460;155 733 368;3;0;2;3;1;0
202400027461;155 733 363;7;0;1;1;1;1
202400027462;155 733 361;7;0;1;4;26;1
202400027463;155 733 360;7;0;2;4;2;1
202400027463;155 733 362;7;0;2;1;2;1
202400027464;155 733 357;7;0;2;3;15;0
202400027464;155 733 359;2;0;2;1;17;1
202400027465;155 733 354;7;1;2;1;1;1
202400027465;155 733 356;37;0;2;1;1;1
202400027466;155 733 358;7;0;1;1;1;1
202400027467;155 733 353;43;0;2;7;1;1
202400027467;155 733 355;7;0;2;1;15;2
202400027468;155 733 349;31;0;2;1;1;1
202400027468;155 733 351;7;0;9;4;2;1
202400027469;155 733 350;7;0;2;0;0;0
202400027469;155 733 352;1;0;2;4;19;5
202400027470;155 733 348;7;0;1;2;26;3
202400027471;155 733 346;32;12;0;2;14;1
202400027472;155 733 347;50;0;1;1;5;3
202400027473;155 733 345;7;0;1;7;9;1
202400027474;155 733 344;30;1;0;1;26;1
202400027475;155 733 342;7;0;1;0;2;2
202400027476;155 733 340;60;0;0;0;0;5
202400027476;155 733 343;7;0;2;0;0;1
202400027477;155 733 341;33;0;9;8;1;1
202400027478;155 733 336;7;0;2;1;2;1
202400027478;155 733 339;7;0;2;5;1;1
202400027479;155 733 333;1;0;2;5;2;5
202400027479;155 733 338;7;0;2;2;1;1
202400027480;155 733 332;13;0;1;2;16;1
202400027481;155 733 331;2;0;2;0;0;1
202400027481;155 733 334;10;0;2;0;0;1
202400027482;155 733 330;7;0;1;0;1;0
202400027483;155 733 329;7;0;1;7;1;1
202400027484;155 733 326;1;0;2;0;1;5
202400027484;155 733 328;1;0;2;1;1;5
202400027485;155 733 323;50;0;2;1;1;3
202400027485;155 733 325;7;0;2;7;14;1
202400027486;155 733 324;7;0;2;6;15;1
202400027486;155 733 327;7;1;2;3;1;0
202400027487;155 733 321;1;0;2;8;19;5
202400027487;155 733 322;7;0;2;3;0;1
202400027488;155 733 319;7;0;1;2;1;2
202400027489;155 733 317;33;0;0;7;0;1
202400027490;155 733 318;7;0;2;8;1;1
202400027490;155 733 320;7;0;2;8;13;1
202400027491;155 733 315;30;0;2;0;21;1
202400027491;155 733 316;30;0;2;0;10;1
202400027492;155 733 312;2;0;2;1;7;1
202400027492;155 733 314;7;0;9;2;16;2
202400027493;155 733 311;31;0;2;1;14;3
202400027493;155 733 313;7;0;2;5;1;2
202400027494;155 733 310;7;0;1;1;1;1
202400027495;155 733 306;7;15;0;1;26;2
202400027496;155 733 304;33;0;2;3;2;1
202400027496;155 733 307;13;0;0;5;12;
202400027497;155 733 302;7;0;2;4;23;1
202400027497;155 733 305;7;0;2;1;19;1
202400027497;155 733 308;7;0;2;3;23;1
202400027497;155 733 309;7;0;2;7;1;1
202400027498;155 733 301;14;0;2;5;1;1
202400027498;155 733 303;10;0;2;3;2;1
202400027499;155 733 300;7;0;1;1;19;1
202400027500;155 733 296;7;9;0;1;5;1
202400027501;155 733 297;2;0;2;7;1;1
202400027502;155 733 295;31;0;2;7;15;3
202400027502;155 733 299;13;0;2;8;15;1
202400027503;155 733 292;7;0;2;3;1;1
202400027503;155 733 294;80;0;2;1;1;3
202400027504;155 733 291;34;0;2;3;1;0
202400027504;155 733 293;7;0;2;2;1;1
202400027505;155 733 290;33;8;0;0;1;1
202400027506;155 733 287;33;12;0;2;1;1
202400027507;155 733 288;33;0;2;1;2;1
202400027507;155 733 289;7;0;2;6;2;1
202400027508;155 733 286;7;0;1;1;1;1
202400027509;155 733 285;7;0;1;1;0;1
202400027510;155 733 282;7;0;0;6;2;1
202400027510;155 733 284;33;0;0;2;0;1
202400027511;155 733 281;31;0;2;1;1;1
202400027511;155 733 283;1;0;2;8;19;5
202400027512;155 733 280;7;0;1;3;1;1
202400027513;155 733 276;32;0;2;1;1;1
202400027513;155 733 278;7;0;2;7;15;1
202400027514;155 733 277;10;0;1;1;1;1
202400027515;155 733 273;2;0;2;1;13;1
202400027515;155 733 275;7;0;2;3;1;1
202400027516;155 733 274;7;0;2;8;1;1
202400027516;155 733 279;7;0;2;1;0;1
202400027517;155 733 270;7;0;0;1;1;1
202400027518;155 733 271;30;0;0;0;1;1
202400027519;155 733 269;10;0;1;7;1;0
202400027520;155 733 268;1;0;2;1;1;5
202400027520;155 733 272;1;0;2;1;13;5
202400027521;155 733 264;10;0;2;4;1;1
202400027521;155 733 267;10;0;2;1;2;1
202400027522;155 733 260;7;0;2;2;16;1
202400027522;155 733 263;1;0;2;6;1;5
202400027523;155 733 262;7;0;0;4;1;1
202400027523;155 733 266;1;0;2;1;1;5
202400027524;155 733 261;7;0;0;8;9;0
202400027524;155 733 265;7;0;0;2;1;0
202400027525;155 733 258;7;0;2;1;1;1
202400027525;155 733 259;10;0;2;1;13;1
202400027526;155 733 257;7;0;1;1;1;1
202400027527;155 733 254;30;0;2;3;11;1
202400027527;155 733 255;7;0;2;2;1;1
202400027528;155 733 256;1;0;1;8;1;5
202400027529;155 733 250;1;0;2;1;1;5
202400027529;155 733 252;1;0;2;1;1;5
202400027530;155 733 249;50;0;2;1;1;3
202400027530;155 733 253;10;0;2;3;1;1
202400027531;155 733 248;1;0;2;1;1;5
202400027532;155 733 247;40;0;2;2;1;0
202400027532;155 733 251;7;0;4;3;15;1
202400027533;155 733 244;30;0;2;2;17;1
202400027533;155 733 246;7;0;0;8;15;1
202400027534;155 733 242;7;0;2;6;11;1
202400027534;155 733 245;33;0;2;1;2;1
202400027535;155 733 243;30;0;0;0;0;1
202400027536;155 733 241;7;0;1;2;1;1
202400027537;155 733 240;7;4;0;2;1;1
202400027538;155 733 239;13;1;1;6;15;1
202400027539;155 733 237;1;0;0;0;0;5
202400027540;155 733 235;34;0;2;7;1;1
202400027540;155 733 238;7;0;2;1;15;1
202400027541;155 733 232;50;0;2;1;16;3
202400027541;155 733 236;7;0;9;3;15;2
202400027542;155 733 230;33;0;2;1;1;1
202400027542;155 733 234;1;0;2;3;1;5
202400027543;155 733 229;7;0;2;4;1;1
202400027543;155 733 231;7;0;2;4;1;1
202400027543;155 733 233;10;0;2;1;1;1
202400027544;155 733 225;1;0;9;8;11;5
202400027544;155 733 227;32;0;9;7;2;1
202400027545;155 733 226;50;0;2;1;7;3
202400027545;155 733 228;7;0;2;7;16;2
202400027546;155 733 224;31;12;0;7;14;1
202400027547;155 733 222;50;0;0;0;26;3
202400027548;155 733 221;13;0;2;1;16;1
202400027548;155 733 223;7;0;0;0;0;0
202400027549;155 733 219;10;0;2;7;2;1
202400027550;155 733 218;50;0;0;0;1;3
202400027551;155 733 217;7;0;2;3;10;1
202400027551;155 733 220;33;0;2;7;1;1
202400027552;155 733 216;7;15;0;1;12;1
202400027553;155 733 211;32;0;2;1;14;1
202400027553;155 733 212;7;0;2;7;15;2
202400027554;155 733 209;10;0;2;3;1;1
202400027554;155 733 213;7;0;2;2;1;1
202400027555;155 733 206;10;0;2;1;2;1
202400027555;155 733 207;7;0;2;4;1;1
202400027556;155 733 205;32;0;0;8;15;1
202400027557;155 733 203;7;0;2;3;0;1
202400027557;155 733 204;7;0;2;2;9;1
202400027558;155 733 200;7;0;2;3;15;2
202400027558;155 733 201;34;0;2;2;26;1
202400027559;155 733 199;30;0;2;7;1;1
202400027559;155 733 202;7;0;2;1;1;2
202400027560;155 733 197;7;0;2;1;2;1
202400027560;155 733 198;10;0;1;1;23;1
202400027561;155 733 195;7;0;2;0;0;0
202400027561;155 733 196;2;1;0;0;0;0
202400027562;155 733 194;7;0;1;1;15;1
202400027563;155 733 192;2;12;0;1;1;1
202400027564;155 733 193;30;0;1;0;0;1
202400027565;155 733 190;7;0;2;8;1;1
202400027565;155 733 191;7;0;2;1;1;1
202400027566;155 733 189;7;0;1;3;15;1
202400027567;155 733 185;7;0;2;3;9;3
202400027567;155 733 187;7;9;2;2;21;1
202400027568;155 733 186;7;0;2;1;17;1
202400027568;155 733 188;1;0;2;1;0;5
202400027569;155 733 183;7;0;1;1;1;1
202400027570;155 733 182;7;0;2;1;13;1
202400027570;155 733 184;7;0;2;1;1;1
202400027571;155 733 179;7;0;1;3;15;1
202400027572;155 733 180;7;0;2;6;5;1
202400027572;155 733 181;7;0;2;1;1;1
202400027573;155 733 175;7;0;2;6;19;1
202400027573;155 733 177;43;0;2;1;1;1
202400027574;155 733 176;7;4;2;2;1;1
202400027574;155 733 178;15;0;2;3;1;1
202400027575;155 733 172;37;0;2;1;1;1
202400027575;155 733 174;10;0;2;1;5;1