Num_Acc;id_vehicule;categorie_vehicule;obstacle_fixe;obstacle_mobile;point_choc_initial;manoeuvre_principale;motorisation
202400027576;155 733 170;43;0;2;4;26;1
202400027576;155 733 173;7;0;2;1;2;2
202400027577;155 733 169;7;0;2;2;15;1
202400027577;155 733 171;7;0;2;1;1;1
202400027578;155 733 167;7;8;1;7;23;0
202400027579;155 733 164;7;12;0;8;1;1
202400027580;155 733 165;7;0;2;4;2;1
202400027580;155 733 166;7;0;2;1;2;1
202400027580;155 733 168;7;0;2;1;2;1
202400027581;155 733 162;33;0;1;3;1;1
202400027582;155 733 160;10;1;2;1;1;1
202400027582;155 733 161;7;0;2;3;0;1
202400027582;155 733 163;10;0;2;6;9;1
202400027583;155 733 158;30;0;2;7;19;1
202400027583;155 733 159;7;0;0;0;0;0
202400027584;155 733 156;7;0;2;3;1;1
202400027584;155 733 157;7;0;2;2;1;1
202400027585;155 733 153;34;0;2;1;9;1
202400027585;155 733 155;1;0;2;4;14;5
202400027586;155 733 150;33;0;2;3;3;1
202400027586;155 733 151;7;0;2;5;12;2
202400027587;155 733 149;7;0;2;0;0;0
202400027587;155 733 152;37;0;2;1;26;0
202400027587;155 733 154;7;0;2;3;1;0
202400027588;155 733 148;31;0;0;7;2;1
202400027589;155 733 146;37;0;2;2;1;1
202400027589;155 733 147;1;0;0;0;0;5
202400027590;155 733 144;32;0;2;8;3;1
202400027590;155 733 145;7;0;2;7;2;0
202400027591;155 733 142;7;0;2;0;0;
202400027591;155 733 143;50;0;2;8;0;3
202400027592;155 733 139;33;0;1;2;0;1
202400027593;155 733 138;13;0;2;3;1;1
202400027593;155 733 140;7;0;2;4;1;1
202400027593;155 733 141;33;0;2;8;1;1
202400027594;155 733 136;1;0;2;1;17;5
202400027594;155 733 137;7;0;9;8;10;1
202400027595;155 733 134;7;0;1;1;0;1
202400027596;155 733 133;7;0;2;4;4;1
202400027596;155 733 135;60;0;2;8;19;5
202400027597;155 733 131;10;0;1;1;1;1
202400027598;155 733 132;10;0;1;3;15;1
202400027599;155 733 129;7;0;2;2;1;1
202400027599;155 733 130;43;0;2;8;16;1
202400027600;155 733 128;10;0;1;2;11;1
202400027601;155 733 127;7;3;0;1;17;1
202400027602;155 733 126;7;0;1;7;1;3
202400027603;155 733 121;32;0;2;1;3;1
202400027603;155 733 123;10;0;2;5;1;3
202400027604;155 733 119;7;1;0;1;2;1
202400027604;155 733 120;7;1;0;1;1;1
202400027604;155 733 122;7;1;0;3;1;1
202400027604;155 733 124;7;0;2;8;2;2
202400027604;155 733 125;7;4;0;1;6;1
202400027605;155 733 117;7;0;2;1;1;1
202400027605;155 733 118;7;0;2;4;1;1
202400027606;155 733 116;1;0;0;0;1;5
202400027607;155 733 115;10;0;1;2;1;1
202400027608;155 733 113;2;15;0;1;1;1
202400027608;155 733 114;7;0;0;3;15;1
202400027609;155 733 109;7;0;2;2;2;1
202400027609;155 733 111;7;0;2;8;9;1
202400027610;155 733 110;20;0;2;2;20;3
202400027610;155 733 112;30;0;2;3;2;1
202400027611;155 733 108;2;0;0;8;0;1
202400027612;155 733 106;7;0;0;8;16;1
202400027613;155 733 107;7;0;1;1;2;3
202400027614;155 733 104;7;0;2;6;15;1
202400027614;155 733 105;33;0;2;1;17;1
202400027615;155 733 101;80;0;0;4;1;3
202400027615;155 733 102;7;0;0;1;2;0
202400027616;155 733 100;32;0;2;8;9;1
202400027616;155 733 103;60;0;2;7;9;5
202400027617;155 733 098;10;0;1;2;16;1
202400027618;155 733 097;1;0;2;1;26;5
202400027618;155 733 099;7;0;2;3;1;1
202400027619;155 733 096;1;0;1;1;21;5
202400027620;155 733 094;32;0;1;1;1;1
202400027621;155 733 092;7;0;2;2;15;1
202400027621;155 733 093;7;0;2;1;1;1
202400027621;155 733 095;10;0;2;2;1;1
202400027622;155 733 091;1;0;0;1;1;5
202400027623;155 733 090;7;1;0;1;0;1
202400027624;155 733 086;2;0;2;7;13;1
202400027624;155 733 087;7;0;2;3;5;1
202400027625;155 733 088;7;0;2;1;9;1
202400027625;155 733 089;33;0;2;8;1;1
202400027626;155 733 082;10;0;2;1;1;0
202400027626;155 733 085;32;0;2;7;1;1
202400027627;155 733 083;7;0;2;3;1;1
202400027627;155 733 084;7;15;2;3;1;1
202400027628;155 733 081;10;0;1;4;4;1
202400027629;155 733 080;14;0;1;2;1;1
202400027630;155 733 079;7;0;1;1;1;1
202400027631;155 733 078;7;2;0;1;1;1
202400027632;155 733 077;7;0;1;3;15;2
202400027633;155 733 075;7;13;0;7;14;1
202400027634;155 733 074;7;0;2;1;9;1
202400027634;155 733 076;1;0;2;7;7;5
202400027635;155 733 071;15;0;0;4;23;1
202400027635;155 733 073;31;0;0;1;1;1
202400027636;155 733 070;30;0;2;8;1;1
202400027636;155 733 072;7;0;2;2;15;1
202400027637;155 733 067;7;0;2;3;9;1
202400027637;155 733 069;30;0;2;2;2;1
202400027638;155 733 066;33;0;2;8;1;1
202400027638;155 733 068;15;0;2;7;0;1
202400027639;155 733 064;7;13;0;1;1;1
202400027640;155 733 063;7;0;2;4;1;1
202400027640;155 733 065;7;0;2;1;2;1
202400027641;155 733 061;7;0;1;8;1;1
202400027642;155 733 060;7;0;2;1;2;1
202400027642;155 733 062;7;0;0;4;1;1
202400027643;155 733 058;33;0;0;8;1;1
202400027644;155 733 057;2;0;2;1;1;1
202400027644;155 733 059;7;0;2;6;1;3
202400027645;155 733 056;7;0;1;0;1;1
202400027646;155 733 055;7;0;1;2;16;1
202400027647;155 733 054;7;14;0;1;1;1
202400027648;155 733 052;99;0;2;1;0;3
202400027648;155 733 053;7;0;2;2;1;1
202400027649;155 733 051;10;2;0;2;1;1
202400027650;155 733 049;7;1;0;2;1;1
202400027650;155 733 050;15;0;2;0;0;1
202400027651;155 733 047;7;0;2;8;19;1
202400027651;155 733 048;13;0;2;3;1;1
202400027652;155 733 045;32;0;2;1;17;1
202400027652;155 733 046;7;0;2;3;15;1
202400027653;155 733 043;1;0;1;1;25;5
202400027654;155 733 042;7;0;2;2;17;1
202400027654;155 733 044;7;0;0;6;1;1
202400027655;155 733 039;1;0;2;1;1;5
202400027655;155 733 041;7;0;2;6;1;1
202400027656;155 733 037;30;0;2;8;3;1
202400027656;155 733 040;7;0;2;7;1;1
202400027657;155 733 036;7;0;2;2;11;1
202400027657;155 733 038;7;0;0;6;12;1
202400027658;155 733 033;10;0;2;4;1;1
202400027658;155 733 035;7;0;2;1;1;1
202400027659;155 733 029;10;0;2;3;1;1
202400027659;155 733 030;14;0;2;1;1;1
202400027659;155 733 032;43;0;2;4;1;1
202400027660;155 733 028;32;0;2;1;1;1
202400027660;155 733 031;13;0;2;3;15;1
202400027661;155 733 027;7;0;2;6;1;1
202400027661;155 733 034;30;0;2;2;1;0
202400027662;155 733 023;10;0;2;1;2;1
202400027662;155 733 025;7;0;2;4;2;1
202400027662;155 733 026;7;0;0;4;2;1
202400027663;155 733 021;33;0;2;1;2;1
202400027663;155 733 024;7;0;2;6;15;1
202400027664;155 733 022;7;4;0;3;12;1
202400027665;155 733 019;50;0;0;2;14;3
202400027666;155 733 018;10;0;2;0;22;1
202400027666;155 733 020;1;1;0;0;1;5
202400027667;155 733 016;7;14;0;3;21;1
202400027667;155 733 017;7;3;0;3;23;1
202400027668;155 733 013;7;0;2;7;15;1
202400027668;155 733 015;20;0;2;1;1;1
202400027669;155 733 011;7;0;1;0;0;1
202400027670;155 733 010;7;0;2;2;17;1
202400027670;155 733 012;7;0;2;3;13;1
202400027671;155 733 007;7;0;2;2;2;0
202400027671;155 733 009;2;0;2;6;15;1
202400027672;155 733 008;60;0;0;0;0;5
202400027673;155 733 005;40;14;0;0;26;3
202400027673;155 733 014;7;0;4;1;26;1
202400027674;155 733 006;7;0;1;1;0;1
202400027675;155 733 003;36;12;0;2;2;1
202400027676;155 733 002;7;0;2;8;22;1
202400027676;155 733 004;80;1;0;0;1;3
202400027677;155 733 000;7;6;0;1;14;1
202400027678;155 732 995;10;0;2;3;0;1
202400027678;155 732 998;7;0;0;6;23;1
202400027679;155 732 997;7;0;2;5;17;1
202400027679;155 733 001;10;0;2;3;15;3
202400027680;155 732 991;1;0;2;7;1;5
202400027680;155 732 993;7;0;2;1;9;0
202400027681;155 732 987;7;0;2;1;1;1
202400027681;155 732 990;34;0;2;3;1;1
202400027682;155 732 988;10;3;0;3;13;1
202400027682;155 732 992;10;14;2;3;12;1
202400027682;155 732 994;7;0;2;6;2;1
202400027682;155 732 996;17;0;2;3;2;1
202400027682;155 732 999;7;0;2;8;21;1
202400027683;155 732 986;7;0;2;3;1;1
202400027683;155 732 989;7;0;2;6;1;1
202400027684;155 732 984;32;0;0;0;0;1
202400027685;155 732 981;1;0;2;0;1;5
202400027685;155 732 983;7;0;2;0;0;1
202400027686;155 732 982;7;0;2;7;15;1
202400027686;155 732 985;7;0;2;1;1;1
202400027687;155 732 980;7;2;0;3;1;1
202400027688;155 732 977;7;0;2;2;17;1
202400027688;155 732 979;33;0;2;6;11;1
202400027689;155 732 978;1;0;0;0;0;5
202400027690;155 732 975;7;0;1;1;1;1
202400027691;155 732 973;33;0;2;8;1;1
202400027691;155 732 976;15;0;2;3;1;0
202400027692;155 732 972;30;0;0;0;0;1
202400027693;155 732 970;7;0;1;1;1;1
202400027694;155 732 967;2;0;2;1;13;1
202400027694;155 732 969;21;0;2;1;1;1
202400027695;155 732 966;7;0;2;0;0;1
202400027695;155 732 968;60;0;2;0;1;5
202400027696;155 732 964;33;0;0;1;1;1
202400027697;155 732 961;7;0;2;3;9;1
202400027697;155 732 963;37;0;2;2;1;1
202400027698;155 732 960;7;2;0;1;1;1
202400027699;155 732 958;10;0;2;1;11;1
202400027699;155 732 962;7;0;2;1;0;1
202400027700;155 732 955;7;6;0;3;1;1
202400027701;155 732 956;50;12;0;1;0;3
202400027702;155 732 954;7;0;2;1;2;1
202400027702;155 732 957;7;0;2;4;23;1
202400027702;155 732 959;7;0;2;4;23;1
202400027703;155 732 952;7;0;2;1;1;1
202400027703;155 732 953;50;0;2;4;1;3
202400027704;155 732 950;7;0;1;3;26;1
202400027705;155 732 948;33;11;0;3;2;1
202400027706;155 732 946;7;0;2;2;1;1
202400027706;155 732 949;7;0;2;3;9;1
202400027707;155 732 943;7;0;2;4;14;1
202400027707;155 732 947;7;0;2;1;18;1
202400027708;155 732 941;33;0;2;8;9;1
202400027708;155 732 945;33;0;2;1;1;1
202400027709;155 732 942;7;0;9;7;15;1
202400027709;155 732 944;50;0;2;7;19;3
202400027710;155 732 938;50;0;2;1;5;3
202400027710;155 732 940;50;0;2;1;1;3
202400027711;155 732 937;33;0;0;7;1;1
202400027712;155 732 936;2;0;2;1;1;1
202400027713;155 732 934;7;0;2;7;2;1
202400027713;155 732 935;99;0;2;4;15;0
202400027713;155 732 939;10;0;2;5;2;1
202400027714;155 732 932;33;3;0;2;14;1
202400027715;155 732 931;10;0;1;4;26;1
202400027716;155 732 929;33;0;2;0;1;1
202400027716;155 732 933;3;0;2;0;15;1
202400027717;155 732 928;33;0;2;2;3;1
202400027717;155 732 930;7;0;2;8;11;1
202400027718;155 732 927;7;8;0;0;1;1
202400027719;155 732 926;7;0;0;1;1;1
202400027720;155 732 920;33;0;2;1;2;1
202400027720;155 732 922;7;0;2;5;2;1
202400027720;155 732 925;33;0;2;1;2;1
202400027721;155 732 918;7;0;2;0;0;1
202400027721;155 732 924;30;0;2;0;5;1
202400027722;155 732 917;1;0;2;1;1;5
202400027722;155 732 919;7;0;2;3;9;1
202400027723;155 732 921;1;0;2;8;9;5
202400027723;155 732 923;3;0;0;7;1;1
202400027724;155 732 915;43;0;2;1;2;1
202400027724;155 732 916;7;0;2;5;2;1
202400027725;155 732 913;7;0;1;1;1;1
202400027726;155 732 911;37;1;1;0;21;0
202400027726;155 732 914;10;0;2;0;24;1
202400027727;155 732 912;7;0;0;9;1;1
202400027728;155 732 909;33;0;2;1;2;1
202400027728;155 732 910;10;0;2;4;2;1
202400027729;155 732 907;7;0;1;1;1;1
202400027730;155 732 906;7;0;1;1;16;1
202400027731;155 732 903;7;0;2;4;0;1
202400027731;155 732 905;7;0;2;1;0;1
202400027732;155 732 908;33;17;0;1;14;1
202400027733;155 732 902;13;0;1;2;1;0
202400027734;155 732 901;7;0;2;1;1;1
202400027734;155 732 904;7;0;2;7;15;1
202400027735;155 732 898;7;0;2;7;5;1
202400027735;155 732 900;10;0;2;2;1;1
202400027736;155 732 897;34;0;2;1;2;1
202400027736;155 732 899;7;0;2;6;15;1
202400027737;155 732 892;7;0;2;6;4;1
202400027737;155 732 895;30;0;2;3;1;1
202400027738;155 732 890;7;0;2;2;12;1
202400027738;155 732 893;33;0;2;1;3;1
202400027739;155 732 894;7;0;2;1;13;1
202400027739;155 732 896;7;0;2;1;1;1
202400027740;155 732 889;33;0;2;1;1;1
202400027740;155 732 891;7;14;0;6;1;1
202400027741;155 732 887;1;0;2;0;1;5
202400027741;155 732 888;7;0;2;0;1;1
202400027742;155 732 886;32;1;1;0;26;0
202400027743;155 732 884;7;0;1;2;1;1
202400027744;155 732 881;7;0;2;1;1;1
202400027744;155 732 885;1;0;2;2;1;5
202400027745;155 732 879;1;0;2;8;1;5
202400027745;155 732 882;7;0;2;1;16;1
202400027746;155 732 874;7;0;2;3;14;1
202400027746;155 732 878;7;0;2;3;1;1
202400027747;155 732 873;7;0;2;3;1;1
202400027747;155 732 877;7;0;2;8;15;1
202400027748;155 732 872;7;0;2;1;1;1
202400027748;155 732 875;7;1;2;4;20;1
202400027749;155 732 868;7;0;1;7;1;3
202400027750;155 732 865;7;0;9;2;17;0
202400027750;155 732 867;60;0;2;6;1;5
202400027750;155 732 871;60;0;2;0;0;5
202400027751;155 732 866;7;0;2;3;10;1
202400027751;155 732 870;33;0;2;2;17;1
202400027752;155 732 861;10;0;2;2;16;1
202400027752;155 732 863;31;0;2;1;18;1
202400027753;155 732 860;7;15;0;1;13;1
202400027754;155 732 859;7;0;2;6;2;1
202400027754;155 732 862;7;4;2;3;13;1
202400027754;155 732 864;7;0;2;4;1;2
202400027754;155 732 869;7;0;2;1;2;1
202400027755;155 732 853;7;0;2;7;1;1
202400027755;155 732 856;7;1;0;6;24;1
202400027756;155 732 855;36;12;0;9;9;1
202400027757;155 732 852;7;0;0;5;15;1
202400027757;155 732 858;33;0;2;1;1;1
202400027758;155 732 851;7;0;2;4;1;1
202400027758;155 732 854;7;0;2;4;1;1
202400027758;155 732 857;7;0;2;1;1;1
202400027759;155 732 849;2;0;1;0;0;0
202400027760;155 732 847;7;0;1;3;15;0
202400027761;155 732 845;31;0;2;1;17;1
202400027761;155 732 848;7;0;2;6;15;1
202400027762;155 732 843;7;0;2;7;19;1
202400027762;155 732 846;7;0;2;1;7;1
202400027763;155 732 844;7;0;2;3;11;3
202400027763;155 732 850;43;0;2;7;1;1
202400027764;155 732 841;33;0;0;1;0;1
202400027765;155 732 842;7;14;0;2;0;1
202400027766;155 732 840;7;0;0;0;14;1
202400027767;155 732 836;7;0;2;2;2;1
202400027767;155 732 839;1;0;0;4;2;5
202400027768;155 732 835;33;0;0;0;0;1
202400027769;155 732 834;50;0;2;7;1;3
202400027769;155 732 838;7;0;9;8;2;1
202400027770;155 732 832;7;0;2;1;2;1
202400027770;155 732 833;7;0;2;4;2;1
202400027770;155 732 837;7;0;2;4;2;1
202400027771;155 732 831;7;0;0;0;0;1
202400027772;155 732 828;7;0;2;3;21;1
202400027772;155 732 830;7;0;2;8;0;1
202400027773;155 732 825;7;0;2;4;0;1
202400027773;155 732 827;7;0;2;1;0;1
202400027773;155 732 829;7;0;2;1;0;1
202400027774;155 732 823;33;0;0;7;1;1
202400027775;155 732 824;10;0;2;1;2;1
202400027775;155 732 826;7;0;2;4;2;1
202400027776;155 732 820;7;0;2;1;2;1
202400027776;155 732 822;7;0;2;4;2;1
202400027777;155 732 819;10;0;2;6;9;1
202400027777;155 732 821;33;0;2;1;11;1
202400027778;155 732 817;7;0;1;2;15;3
202400027779;155 732 816;7;3;2;1;1;1
202400027779;155 732 818;7;0;2;1;1;2
202400027780;155 732 815;7;0;1;1;1;3
202400027781;155 732 814;7;8;0;1;26;1
202400027782;155 732 813;10;12;0;3;15;1
202400027783;155 732 812;7;0;1;2;2;1
202400027784;155 732 811;13;0;1;4;20;1
202400027785;155 732 810;7;8;0;3;2;1
202400027786;155 732 806;33;0;0;8;14;1
202400027787;155 732 805;33;0;2;1;1;1
202400027787;155 732 808;1;0;2;4;11;5
202400027788;155 732 804;7;0;2;1;17;1
202400027788;155 732 807;21;0;2;8;15;1
202400027789;155 732 802;1;0;2;1;2;5
202400027789;155 732 803;7;0;2;5;23;1
202400027790;155 732 800;7;0;1;1;1;1
202400027791;155 732 799;1;1;0;1;1;5
202400027791;155 732 801;7;0;9;7;24;2
202400027792;155 732 795;7;0;9;1;0;1
202400027792;155 732 797;1;0;2;4;0;5
202400027793;155 732 794;1;0;2;1;1;5
202400027793;155 732 798;7;0;2;3;9;1
202400027794;155 732 793;33;0;2;1;2;1
202400027794;155 732 796;7;0;0;4;15;1
202400027795;155 732 792;7;0;1;1;0;0
202400027796;155 732 791;7;13;0;2;2;1
202400027797;155 732 789;30;0;2;2;1;1
202400027797;155 732 790;7;0;2;3;15;1
202400027798;155 732 786;7;0;2;5;15;1
202400027798;155 732 787;34;0;2;8;1;1
202400027799;155 732 784;7;0;2;3;1;1
202400027799;155 732 785;7;0;2;9;13;1
202400027800;155 732 782;7;0;1;1;1;1
202400027801;155 732 779;30;0;2;3;1;1
202400027801;155 732 783;7;0;2;1;15;1
202400027802;155 732 780;7;0;2;7;19;1
202400027802;155 732 788;2;0;2;1;1;1
202400027803;155 732 777;7;0;2;2;15;1
202400027803;155 732 781;31;0;2;3;1;1
202400027804;155 732 775;7;0;2;4;23;1
202400027804;155 732 776;7;0;2;4;23;1
202400027804;155 732 778;7;0;2;1;2;2
202400027805;155 732 773;10;0;1;4;4;1
202400027806;155 732 770;33;0;2;7;1;1
202400027806;155 732 772;10;0;2;6;11;1
202400027807;155 732 771;7;0;2;1;9;1
202400027807;155 732 774;2;8;2;7;21;1
202400027808;155 732 769;10;0;1;2;1;3
202400027809;155 732 766;1;0;2;4;2;5
202400027809;155 732 768;7;0;2;1;17;1
202400027810;155 732 764;7;0;2;2;15;1
202400027810;155 732 767;2;0;2;1;1;1
202400027811;155 732 763;7;2;0;1;21;1
202400027812;155 732 762;3;0;1;1;1;0
202400027813;155 732 760;31;0;2;8;5;1
202400027813;155 732 765;1;0;2;1;1;5
202400027814;155 732 757;7;0;1;2;1;1
202400027815;155 732 759;2;2;0;1;1;1
202400027816;155 732 758;31;0;2;3;1;1
202400027816;155 732 761;2;0;2;2;20;3
202400027817;155 732 755;7;0;2;3;9;1
202400027817;155 732 756;7;0;2;2;1;1
202400027818;155 732 750;1;0;2;1;1;5
202400027818;155 732 754;1;0;2;4;1;5
202400027819;155 732 749;7;0;2;1;15;1
202400027819;155 732 753;7;0;2;1;1;1
202400027820;155 732 747;7;0;2;1;1;1
202400027820;155 732 752;10;0;2;8;1;1
202400027821;155 732 746;7;0;2;3;1;1
202400027821;155 732 748;7;0;2;3;15;1
202400027822;155 732 744;50;9;2;0;1;3
202400027823;155 732 743;31;0;1;1;2;1
202400027824;155 732 739;7;0;0;6;23;1
202400027824;155 732 742;33;1;0;7;21;1
202400027825;155 732 736;7;0;2;2;1;3
202400027825;155 732 741;7;0;2;3;16;1
202400027826;155 732 732;2;0;2;2;1;3
202400027826;155 732 735;7;0;2;3;1;2
202400027827;155 732 730;7;0;2;1;1;1
202400027827;155 732 733;2;0;2;8;1;1
202400027827;155 732 738;7;0;2;7;17;2
202400027828;155 732 726;7;0;9;1;9;1
202400027828;155 732 729;50;0;2;1;5;3
202400027829;155 732 723;10;0;2;1;1;1
202400027829;155 732 725;7;0;2;4;23;1
202400027830;155 732 722;60;0;2;1;1;5
202400027830;155 732 724;10;0;2;2;10;3
202400027831;155 732 720;7;15;0;3;14;1
202400027832;155 732 719;7;0;2;1;1;2
202400027832;155 732 727;33;0;2;1;15;1
202400027833;155 732 717;7;0;2;1;1;1
202400027833;155 732 721;7;0;2;3;9;1
202400027834;155 732 711;33;1;2;1;1;1
202400027834;155 732 715;7;0;2;4;24;1
202400027834;155 732 718;1;0;2;3;1;5
202400027835;155 732 712;7;0;9;4;23;2
202400027835;155 732 716;1;14;2;1;2;5
202400027836;155 732 710;7;0;0;0;20;1
202400027836;155 732 714;31;0;2;8;2;1
202400027837;155 732 709;2;0;2;1;15;1
202400027837;155 732 713;33;0;2;8;1;1
202400027838;155 732 707;7;0;2;3;15;1
202400027838;155 732 708;7;14;2;1;1;1
202400027839;155 732 702;2;9;2;2;2;1
202400027839;155 732 706;7;9;2;3;23;0
202400027840;155 732 703;10;0;2;3;13;1
202400027840;155 732 704;7;0;2;8;1;1
202400027841;155 732 700;31;0;2;6;1;1
202400027841;155 732 705;7;0;2;2;1;2
202400027842;155 732 701;1;0;0;0;1;5
202400027843;155 732 697;1;0;0;9;26;5
202400027844;155 732 696;1;12;0;0;2;5
202400027844;155 732 698;10;0;0;0;0;0
202400027845;155 732 695;7;0;2;5;17;1
202400027845;155 732 699;1;0;2;1;15;5
202400027846;155 732 692;1;0;2;8;19;5
202400027846;155 732 694;7;0;2;1;1;0
202400027847;155 732 691;31;0;2;0;1;1
202400027847;155 732 693;7;0;2;3;15;1
202400027848;155 732 690;7;8;0;2;14;1
202400027849;155 732 689;7;13;0;2;21;1
202400027850;155 732 686;33;0;2;8;17;1
202400027850;155 732 688;7;0;2;7;1;1
202400027851;155 732 687;2;0;0;5;1;1
202400027852;155 732 682;37;0;2;2;21;1
202400027852;155 732 684;7;0;2;3;13;1
202400027853;155 732 681;7;2;0;1;1;1
202400027854;155 732 680;30;0;0;0;1;1
202400027855;155 732 678;7;0;1;2;16;0
202400027856;155 732 677;15;0;2;1;10;1
202400027856;155 732 679;7;0;2;7;26;1
202400027856;155 732 683;7;0;2;8;26;2
202400027857;155 732 676;7;8;0;1;1;1
202400027858;155 732 671;33;0;2;7;9;1
202400027858;155 732 674;7;0;2;2;1;1
202400027859;155 732 670;7;0;1;1;16;1
202400027860;155 732 668;7;6;0;1;1;1
202400027861;155 732 667;10;1;0;1;2;1
202400027861;155 732 672;10;0;2;4;2;1
202400027862;155 732 666;10;0;2;6;1;1
202400027862;155 732 669;7;0;2;5;1;2
202400027862;155 732 673;7;0;2;6;1;1
202400027862;155 732 675;7;0;2;3;1;1
202400027863;155 732 665;33;4;0;3;1;1
202400027864;155 732 661;7;0;1;4;20;2
202400027865;155 732 660;1;0;2;0;0;5
202400027865;155 732 663;1;0;2;0;0;5
202400027866;155 732 657;2;0;2;4;1;0
202400027866;155 732 664;7;0;2;1;1;0
202400027867;155 732 656;14;0;2;3;5;1
202400027867;155 732 659;7;0;2;1;2;1
202400027867;155 732 662;7;0;2;1;13;1
202400027868;155 732 655;17;0;9;3;5;1
202400027868;155 732 658;1;0;2;1;1;5
202400027869;155 732 651;30;6;0;1;14;1
202400027870;155 732 652;7;0;0;7;1;1
202400027870;155 732 654;7;0;2;1;1;1
202400027871;155 732 649;33;0;0;7;1;1
202400027872;155 732 648;7;0;2;4;2;0
202400027872;155 732 653;10;0;2;1;2;0
202400027873;155 732 647;7;0;2;1;2;1
202400027873;155 732 650;7;0;2;4;2;1
202400027874;155 732 645;7;6;2;1;15;1
202400027875;155 732 643;7;0;2;3;15;1
202400027875;155 732 646;31;0;2;2;17;1
202400027876;155 732 641;7;0;1;3;1;1
202400027877;155 732 640;33;0;2;5;17;1
202400027877;155 732 644;10;0;2;3;2;1
202400027878;155 732 639;7;14;0;1;2;1
202400027878;155 732 642;7;0;2;4;23;1
202400027879;155 732 637;15;3;0;9;2;1
202400027880;155 732 636;7;0;2;3;13;1
202400027880;155 732 638;7;0;2;3;1;1
202400027881;155 732 634;7;0;1;3;15;1
202400027882;155 732 631;7;0;2;2;16;1
202400027882;155 732 635;99;0;2;1;2;3
202400027883;155 732 630;7;0;2;4;23;1
202400027883;155 732 632;10;0;2;1;1;3
202400027884;155 732 628;7;0;2;1;9;0
202400027884;155 732 633;7;0;0;0;0;1
202400027885;155 732 629;7;6;0;1;0;1
202400027886;155 732 625;32;0;2;1;5;1
202400027886;155 732 627;7;0;2;3;1;1
202400027887;155 732 624;37;0;1;2;19;3
202400027888;155 732 626;7;0;2;2;21;1
202400027889;155 732 621;33;0;2;1;21;1
202400027889;155 732 623;10;0;2;6;26;1
202400027890;155 732 620;80;0;2;7;1;3
202400027890;155 732 622;10;0;2;3;15;1
202400027891;155 732 618;7;0;1;3;1;3
202400027892;155 732 615;33;0;2;1;26;1
202400027892;155 732 619;10;0;2;2;19;1
202400027893;155 732 617;7;0;1;2;26;1
202400027894;155 732 614;2;0;2;3;1;1
202400027894;155 732 616;32;0;2;2;1;1
202400027895;155 732 612;50;0;0;0;0;3
202400027896;155 732 611;7;8;2;8;1;1
202400027896;155 732 613;7;0;2;8;23;1
202400027897;155 732 609;1;0;2;1;5;5
202400027897;155 732 610;7;0;2;2;16;1
202400027898;155 732 608;7;0;1;1;0;1
202400027899;155 732 606;2;0;2;1;1;0
202400027899;155 732 607;7;0;2;2;20;1
202400027900;155 732 602;1;0;2;1;2;5
202400027900;155 732 604;7;0;9;1;10;1
202400027901;155 732 600;34;0;0;1;1;1
202400027901;155 732 605;7;0;9;1;15;1
202400027902;155 732 599;7;0;2;1;2;1
202400027902;155 732 603;7;0;0;4;2;1
202400027903;155 732 598;33;0;2;1;17;1
202400027903;155 732 601;7;0;2;3;15;1
202400027904;155 732 596;7;0;2;1;1;1
202400027904;155 732 597;7;0;2;8;1;1
202400027905;155 732 593;7;0;1;2;1;1
202400027906;155 732 589;32;0;0;7;1;1
202400027907;155 732 587;7;8;2;3;17;1
202400027907;155 732 590;7;1;0;0;1;1
202400027907;155 732 595;7;0;2;3;16;1
202400027908;155 732 591;1;0;2;8;2;5
202400027908;155 732 594;7;0;9;2;2;1
202400027909;155 732 585;7;0;2;9;1;1
202400027909;155 732 588;7;0;2;4;1;1
202400027909;155 732 592;7;0;2;1;1;1
202400027910;155 732 584;2;0;2;1;1;1
202400027910;155 732 586;7;0;2;1;5;1
202400027911;155 732 581;31;0;0;3;1;1
202400027912;155 732 578;7;0;2;3;16;1
202400027912;155 732 582;7;0;2;1;1;1
202400027913;155 732 577;13;0;2;1;1;1
202400027913;155 732 579;7;0;2;4;23;1
202400027913;155 732 583;7;0;2;4;23;0
202400027914;155 732 576;2;0;2;3;1;1
202400027914;155 732 580;10;0;2;5;21;6
202400027915;155 732 575;7;0;1;1;15;2
202400027916;155 732 573;7;0;1;2;1;1
202400027917;155 732 574;2;15;0;0;13;1
202400027918;155 732 572;7;2;0;1;1;1
202400027919;155 732 570;7;0;0;9;13;1
202400027920;155 732 568;7;0;2;4;1;1
202400027920;155 732 571;7;0;2;1;1;1
202400027921;155 732 567;7;0;9;2;16;1
202400027921;155 732 569;80;0;2;1;1;3
202400027922;155 732 562;7;0;2;4;1;1
202400027922;155 732 564;10;0;2;1;1;1
202400027923;155 732 561;7;0;2;1;1;1
202400027923;155 732 566;33;0;2;1;13;1
202400027924;155 732 560;33;0;2;1;13;1
202400027924;155 732 565;7;0;2;1;1;1
202400027925;155 732 559;7;0;2;1;19;1
202400027925;155 732 563;7;8;2;3;1;1
202400027926;155 732 558;10;0;1;1;15;1
202400027927;155 732 555;7;6;2;1;5;1