Num_Acc;id_vehicule;categorie_vehicule;obstacle_fixe;obstacle_mobile;point_choc_initial;manoeuvre_principale;motorisation
202400027927;155 732 557;3;0;2;1;1;1
202400027928;155 732 556;1;0;0;2;1;5
202400027929;155 732 553;7;0;0;9;26;1
202400027930;155 732 551;7;0;0;0;1;1
202400027931;155 732 550;30;0;0;1;2;1
202400027932;155 732 552;33;0;2;1;1;1
202400027932;155 732 554;10;0;2;5;15;1
202400027933;155 732 549;7;2;0;9;1;0
202400027934;155 732 547;50;12;0;0;1;3
202400027935;155 732 545;7;1;2;9;14;1
202400027935;155 732 546;7;0;2;6;1;1
202400027936;155 732 544;7;0;2;2;15;1
202400027936;155 732 548;33;0;2;1;1;1
202400027937;155 732 543;7;13;0;1;1;2
202400027938;155 732 541;10;2;0;3;1;1
202400027939;155 732 540;1;0;2;7;2;5
202400027939;155 732 542;7;0;2;3;1;1
202400027940;155 732 538;7;0;1;7;1;1
202400027941;155 732 535;7;0;0;4;23;1
202400027941;155 732 537;30;0;2;1;0;1
202400027942;155 732 533;7;0;0;1;0;1
202400027942;155 732 539;7;0;0;0;0;1
202400027943;155 732 532;7;0;0;8;1;1
202400027943;155 732 536;7;0;2;1;1;3
202400027944;155 732 530;1;0;2;1;19;5
202400027944;155 732 531;10;0;2;8;1;0
202400027945;155 732 529;7;0;2;1;16;1
202400027945;155 732 534;32;0;2;7;1;1
202400027946;155 732 527;7;11;2;3;9;1
202400027946;155 732 528;10;0;2;5;1;1
202400027947;155 732 526;7;0;1;2;14;1
202400027948;155 732 525;7;0;1;2;1;1
202400027949;155 732 523;7;0;1;2;17;1
202400027950;155 732 519;7;2;2;3;1;1
202400027950;155 732 524;7;0;2;6;9;1
202400027951;155 732 516;31;0;1;1;1;1
202400027952;155 732 517;7;0;9;3;1;1
202400027952;155 732 520;43;0;2;3;1;6
202400027953;155 732 514;7;0;2;4;2;1
202400027953;155 732 518;7;0;2;1;2;1
202400027953;155 732 521;7;0;2;4;2;2
202400027954;155 732 513;33;3;0;8;11;1
202400027955;155 732 515;7;0;2;2;2;1
202400027955;155 732 522;33;0;2;6;1;1
202400027956;155 732 510;7;0;2;1;1;1
202400027956;155 732 512;7;0;2;4;1;1
202400027957;155 732 511;33;0;0;0;1;1
202400027958;155 732 507;7;0;2;3;13;1
202400027958;155 732 509;7;0;2;7;1;2
202400027959;155 732 505;7;0;0;9;1;1
202400027960;155 732 508;1;12;0;7;1;5
202400027961;155 732 502;7;4;0;2;14;1
202400027962;155 732 501;7;0;2;7;13;1
202400027962;155 732 504;7;0;2;2;1;1
202400027963;155 732 498;7;8;0;1;1;1
202400027964;155 732 491;33;0;2;1;3;1
202400027964;155 732 494;7;0;0;4;2;2
202400027965;155 732 487;7;0;2;2;9;1
202400027965;155 732 490;7;0;2;4;1;1
202400027965;155 732 495;7;0;2;4;1;1
202400027965;155 732 496;7;0;2;6;23;2
202400027965;155 732 499;7;0;2;4;1;2
202400027966;155 732 489;10;0;2;1;2;1
202400027966;155 732 492;7;0;2;4;1;1
202400027966;155 732 497;7;0;2;4;1;1
202400027966;155 732 500;7;0;2;4;1;3
202400027967;155 732 488;7;0;2;1;15;1
202400027967;155 732 493;10;7;2;2;1;1
202400027968;155 732 481;7;0;2;1;15;1
202400027968;155 732 485;7;0;2;3;19;1
202400027968;155 732 486;7;0;2;1;1;1
202400027969;155 732 479;1;0;0;4;1;5
202400027969;155 732 484;0;0;2;0;2;
202400027970;155 732 480;33;0;2;1;3;1
202400027970;155 732 482;7;0;2;5;1;1
202400027971;155 732 478;7;0;0;4;2;1
202400027971;155 732 483;7;0;0;1;0;1
202400027972;155 732 476;3;8;0;1;26;3
202400027973;155 732 473;33;0;2;1;1;1
202400027973;155 732 477;10;0;2;7;1;1
202400027974;155 732 472;7;0;2;7;15;1
202400027974;155 732 475;31;0;2;1;1;1
202400027975;155 732 471;33;0;2;1;3;1
202400027975;155 732 474;7;0;2;5;1;1
202400027976;155 732 468;7;0;0;1;5;1
202400027976;155 732 470;7;0;0;1;1;1
202400027977;155 732 467;14;0;1;2;1;1
202400027978;155 732 465;7;4;0;9;2;1
202400027979;155 732 462;7;0;2;7;19;1
202400027979;155 732 469;7;0;2;3;1;2
202400027980;155 732 460;7;0;2;3;1;1
202400027980;155 732 463;1;0;2;1;13;5
202400027981;155 732 459;33;0;2;1;26;1
202400027981;155 732 461;7;1;2;4;24;2
202400027982;155 732 457;33;0;2;2;3;1
202400027982;155 732 458;7;0;2;3;1;2
202400027983;155 732 455;7;1;0;1;14;1
202400027984;155 732 454;7;0;2;1;15;1
202400027984;155 732 456;33;0;2;3;17;1
202400027985;155 732 449;7;4;2;8;9;1
202400027985;155 732 451;17;0;2;7;1;1
202400027986;155 732 448;10;0;2;1;21;1
202400027986;155 732 452;7;0;2;4;23;1
202400027986;155 732 453;34;0;2;1;1;1
202400027987;155 732 447;7;0;1;1;1;3
202400027988;155 732 445;33;0;0;7;1;1
202400027989;155 732 444;7;0;2;3;1;1
202400027989;155 732 450;7;0;2;3;1;1
202400027990;155 732 443;13;0;2;4;1;1
202400027990;155 732 446;7;0;2;1;1;3
202400027991;155 732 441;7;0;1;3;1;2
202400027992;155 732 440;30;0;2;1;16;1
202400027992;155 732 442;7;0;2;1;15;1
202400027993;155 732 438;33;16;0;0;1;1
202400027994;155 732 434;33;0;1;1;1;1
202400027995;155 732 433;10;0;2;3;15;1
202400027995;155 732 435;7;0;2;2;17;1
202400027996;155 732 430;43;0;2;1;2;1
202400027996;155 732 437;1;0;2;7;2;5
202400027997;155 732 428;7;0;2;1;13;1
202400027997;155 732 432;15;0;2;1;1;1
202400027998;155 732 429;10;0;2;1;2;1
202400027998;155 732 431;7;0;2;0;0;1
202400027998;155 732 436;38;0;2;8;0;1
202400027998;155 732 439;7;0;2;4;2;1
202400027999;155 732 425;10;9;2;1;19;1
202400027999;155 732 427;10;0;2;8;1;1
202400028000;155 732 422;7;2;0;1;13;1
202400028001;155 732 424;1;0;1;1;0;5
202400028002;155 732 419;7;0;2;1;0;1
202400028002;155 732 423;7;0;2;1;0;1
202400028002;155 732 426;7;0;0;0;0;1
202400028003;155 732 417;14;0;2;1;1;1
202400028003;155 732 420;10;0;2;4;11;1
202400028003;155 732 421;10;4;2;8;1;3
202400028004;155 732 416;34;0;2;1;1;1
202400028004;155 732 418;7;0;0;0;15;1
202400028005;155 732 415;7;12;0;2;1;1
202400028006;155 732 413;7;12;0;1;26;1
202400028007;155 732 411;34;0;2;1;17;1
202400028007;155 732 414;7;0;0;6;15;2
202400028008;155 732 409;7;0;2;4;1;1
202400028008;155 732 412;15;0;2;2;12;1
202400028009;155 732 406;7;0;2;3;13;1
202400028009;155 732 410;7;0;2;3;1;1
202400028010;155 732 405;21;0;0;8;19;1
202400028010;155 732 408;7;0;2;1;1;3
202400028011;155 732 403;7;0;2;1;1;1
202400028011;155 732 407;7;0;2;8;1;1
202400028012;155 732 401;10;0;2;2;16;1
202400028012;155 732 404;32;0;2;8;1;1
202400028013;155 732 399;7;0;2;2;12;1
202400028013;155 732 402;33;0;2;1;18;1
202400028014;155 732 398;7;0;2;4;1;1
202400028014;155 732 400;10;0;2;1;2;1
202400028015;155 732 394;7;16;0;4;1;1
202400028015;155 732 397;7;13;2;1;2;1
202400028016;155 732 393;7;0;2;2;15;1
202400028016;155 732 396;33;0;2;7;21;1
202400028017;155 732 389;43;0;2;1;2;1
202400028017;155 732 391;7;0;2;5;2;2
202400028018;155 732 390;7;0;2;2;15;1
202400028018;155 732 395;34;0;2;1;1;1
202400028019;155 732 387;7;0;2;3;26;1
202400028019;155 732 392;7;0;2;3;13;1
202400028020;155 732 386;7;16;0;9;1;1
202400028021;155 732 388;1;0;1;1;13;5
202400028022;155 732 385;33;0;1;1;1;1
202400028023;155 732 382;7;0;1;1;1;1
202400028024;155 732 381;31;0;2;1;1;1
202400028024;155 732 384;7;0;2;3;1;1
202400028025;155 732 379;37;0;1;2;7;3
202400028026;155 732 378;33;0;2;1;1;1
202400028026;155 732 383;10;0;2;7;26;1
202400028027;155 732 380;80;0;1;1;21;3
202400028028;155 732 377;7;1;0;1;1;1
202400028029;155 732 372;7;0;2;7;1;1
202400028029;155 732 376;7;0;2;1;1;1
202400028030;155 732 370;32;0;2;1;2;1
202400028030;155 732 374;7;0;2;4;1;1
202400028031;155 732 371;7;0;2;4;23;1
202400028031;155 732 375;7;0;2;1;1;2
202400028032;155 732 368;34;0;0;0;1;1
202400028033;155 732 367;33;8;2;0;0;1
202400028033;155 732 369;7;0;2;3;23;1
202400028033;155 732 373;7;0;2;2;9;1
202400028034;155 732 364;7;0;2;5;15;1
202400028034;155 732 366;33;0;2;1;1;1
202400028035;155 732 361;7;0;2;1;1;1
202400028035;155 732 365;33;0;2;7;1;1
202400028036;155 732 363;7;0;1;1;16;2
202400028037;155 732 357;32;0;2;1;13;1
202400028037;155 732 359;31;0;2;8;2;1
202400028037;155 732 362;7;0;2;1;1;1
202400028038;155 732 356;37;0;2;1;1;1
202400028038;155 732 360;37;0;2;4;1;2
202400028039;155 732 355;7;0;2;1;2;2
202400028039;155 732 358;33;0;2;4;2;1
202400028040;155 732 354;7;8;9;1;1;1
202400028041;155 732 353;7;11;0;1;16;1
202400028042;155 732 349;10;0;0;9;17;1
202400028043;155 732 350;2;0;1;1;1;0
202400028044;155 732 347;7;0;2;4;2;1
202400028044;155 732 352;7;0;2;1;2;1
202400028045;155 732 348;50;0;2;8;19;3
202400028045;155 732 351;7;0;2;1;1;3
202400028046;155 732 345;10;0;2;2;1;1
202400028046;155 732 346;1;0;2;3;11;5
202400028047;155 732 344;7;0;1;2;19;1
202400028048;155 732 342;30;0;1;1;13;1
202400028049;155 732 341;7;0;1;1;19;2
202400028050;155 732 343;7;0;1;2;26;1
202400028051;155 732 338;33;0;2;1;1;1
202400028051;155 732 340;7;0;2;5;1;1
202400028052;155 732 337;7;8;2;3;15;1
202400028052;155 732 339;2;13;2;1;17;0
202400028053;155 732 334;10;0;2;1;2;0
202400028053;155 732 336;7;0;2;4;2;0
202400028054;155 732 333;10;0;2;1;26;1
202400028054;155 732 335;43;0;2;4;23;1
202400028055;155 732 329;33;0;2;1;5;1
202400028055;155 732 330;43;0;2;8;15;1
202400028056;155 732 328;7;0;2;2;1;1
202400028056;155 732 332;1;0;2;8;9;5
202400028057;155 732 327;80;0;2;8;1;3
202400028057;155 732 331;7;0;2;1;15;1
202400028058;155 732 326;1;0;0;0;1;5
202400028059;155 732 325;50;0;0;7;1;3
202400028060;155 732 324;2;8;0;1;0;1
202400028061;155 732 321;32;0;2;1;3;1
202400028061;155 732 323;7;0;2;8;15;2
202400028062;155 732 318;2;0;0;0;1;1
202400028063;155 732 320;10;0;2;3;15;1
202400028063;155 732 322;50;0;2;2;2;3
202400028064;155 732 317;80;0;2;1;1;2
202400028064;155 732 319;30;0;2;1;9;1
202400028065;155 732 315;7;0;1;2;1;1
202400028066;155 732 314;7;0;2;7;10;1
202400028066;155 732 316;33;0;2;1;1;1
202400028067;155 732 313;14;0;1;2;16;4
202400028068;155 732 311;7;0;2;7;19;0
202400028068;155 732 312;10;0;2;1;19;1
202400028069;155 732 309;10;0;1;2;2;1
202400028070;155 732 308;7;0;2;4;1;1
202400028070;155 732 310;7;0;2;1;1;1
202400028071;155 732 306;7;12;0;8;15;1
202400028071;155 732 307;10;12;0;1;1;1
202400028072;155 732 303;10;0;2;3;2;1
202400028072;155 732 304;10;0;2;5;1;1
202400028073;155 732 302;50;0;2;3;5;3
202400028073;155 732 305;7;0;2;0;15;1
202400028074;155 732 299;7;0;2;1;9;1
202400028074;155 732 301;30;0;2;7;1;1
202400028075;155 732 296;99;0;2;0;0;
202400028075;155 732 298;33;0;0;0;0;0
202400028076;155 732 295;7;3;2;1;2;1
202400028076;155 732 297;7;0;2;0;0;1
202400028076;155 732 300;7;0;2;1;11;0
202400028077;155 732 294;33;0;0;8;1;1
202400028078;155 732 292;7;0;1;4;26;2
202400028079;155 732 290;7;0;2;1;2;1
202400028079;155 732 291;30;0;2;4;2;1
202400028080;155 732 289;7;3;2;0;0;1
202400028080;155 732 293;7;0;2;0;0;0
202400028081;155 732 287;33;0;0;3;1;1
202400028082;155 732 285;7;6;0;6;15;1
202400028082;155 732 288;7;0;2;1;9;1
202400028083;155 732 284;7;0;2;8;13;1
202400028083;155 732 286;14;0;2;2;2;1
202400028084;155 732 281;7;0;2;1;1;1
202400028084;155 732 283;7;0;2;8;15;1
202400028085;155 732 279;50;0;2;1;26;3
202400028085;155 732 282;7;0;9;1;10;1
202400028086;155 732 278;7;16;2;9;1;1
202400028086;155 732 280;10;0;2;2;2;1
202400028087;155 732 277;33;13;0;2;14;1
202400028088;155 732 273;7;0;2;1;1;1
202400028088;155 732 275;7;0;2;4;1;3
202400028089;155 732 274;7;0;2;1;9;1
202400028089;155 732 276;7;0;2;3;1;1
202400028090;155 732 272;7;2;0;1;1;1
202400028091;155 732 267;33;0;2;1;11;1
202400028091;155 732 270;7;0;2;3;1;1
202400028092;155 732 268;34;0;2;3;13;1
202400028092;155 732 271;7;0;0;0;2;1
202400028093;155 732 266;34;0;2;1;12;1
202400028093;155 732 269;7;0;2;6;1;1
202400028094;155 732 263;7;0;0;3;1;1
202400028095;155 732 262;34;0;2;1;1;1
202400028095;155 732 264;17;0;2;4;1;1
202400028096;155 732 261;7;0;2;3;1;1
202400028096;155 732 265;80;0;2;2;2;3
202400028097;155 732 260;33;0;0;7;3;1
202400028098;155 732 258;7;0;2;3;13;1
202400028098;155 732 259;7;0;2;3;21;1
202400028099;155 732 257;1;0;1;3;1;5
202400028100;155 732 255;32;14;0;1;1;3
202400028101;155 732 254;7;0;2;5;1;3
202400028101;155 732 256;7;0;2;3;13;1
202400028102;155 732 252;21;0;0;7;1;1
202400028103;155 732 251;33;0;0;0;3;1
202400028104;155 732 250;1;0;2;0;0;5
202400028104;155 732 253;7;0;2;8;26;1
202400028105;155 732 246;10;0;2;2;14;1
202400028105;155 732 249;10;0;2;6;1;1
202400028106;155 732 244;50;0;2;3;9;3
202400028106;155 732 247;7;0;2;2;14;1
202400028107;155 732 245;7;0;2;8;1;2
202400028107;155 732 248;33;0;2;3;13;1
202400028108;155 732 241;2;16;0;0;0;1
202400028109;155 732 240;31;0;2;1;3;1
202400028109;155 732 242;7;0;2;6;1;1
202400028109;155 732 243;7;0;2;5;1;3
202400028110;155 732 239;7;3;0;2;14;1
202400028111;155 732 236;7;0;2;1;2;1
202400028111;155 732 238;7;0;0;6;1;1
202400028112;155 732 235;1;0;2;4;1;5
202400028112;155 732 237;10;0;2;2;1;1
202400028113;155 732 232;7;2;0;2;13;1
202400028114;155 732 231;32;0;2;1;17;1
202400028114;155 732 233;7;0;2;1;1;1
202400028114;155 732 234;7;0;9;7;15;1
202400028115;155 732 229;7;0;2;1;13;3
202400028115;155 732 230;7;0;2;1;1;1
202400028116;155 732 227;7;13;0;2;13;1
202400028117;155 732 228;33;2;0;1;14;1
202400028118;155 732 224;33;0;2;8;21;1
202400028118;155 732 226;7;0;2;5;19;1
202400028119;155 732 223;7;0;2;1;1;1
202400028119;155 732 225;7;0;2;1;13;1
202400028120;155 732 222;33;3;0;0;1;1
202400028121;155 732 219;7;13;0;1;1;1
202400028122;155 732 218;7;0;0;1;15;1
202400028122;155 732 220;7;0;0;2;1;1
202400028123;155 732 214;33;13;0;2;2;1
202400028124;155 732 213;33;0;2;7;17;1
202400028124;155 732 215;7;0;2;8;1;1
202400028124;155 732 217;7;0;0;0;17;1
202400028125;155 732 212;31;0;2;1;1;1
202400028125;155 732 216;10;0;2;7;19;1
202400028126;155 732 211;7;2;0;1;1;1
202400028127;155 732 208;10;0;0;1;1;1
202400028128;155 732 209;2;0;2;1;0;1
202400028128;155 732 210;7;0;2;3;4;1
202400028129;155 732 206;7;0;2;1;13;1
202400028129;155 732 207;7;0;2;1;1;1
202400028130;155 732 205;32;0;0;0;26;1
202400028131;155 732 204;34;0;1;3;1;1
202400028132;155 732 202;7;13;0;2;0;1
202400028133;155 732 199;30;12;2;7;11;1
202400028133;155 732 201;7;0;2;2;21;0
202400028134;155 732 200;7;0;2;3;15;1
202400028134;155 732 203;33;6;2;1;17;1
202400028135;155 732 197;7;0;0;1;1;1
202400028135;155 732 198;7;0;0;4;1;1
202400028136;155 732 193;7;0;2;1;1;1
202400028136;155 732 196;99;0;2;4;0;3
202400028137;155 732 194;1;0;2;3;15;5
202400028137;155 732 195;7;0;2;7;17;1
202400028138;155 732 191;10;0;2;3;17;0
202400028138;155 732 192;10;0;2;1;1;1
202400028139;155 732 190;80;0;0;0;1;3
202400028140;155 732 189;37;0;1;2;16;1
202400028141;155 732 188;7;12;0;2;1;1
202400028142;155 732 187;7;13;0;1;1;1
202400028143;155 732 185;7;0;2;3;13;1
202400028143;155 732 186;7;0;2;3;0;1
202400028144;155 732 181;7;0;2;2;19;1
202400028144;155 732 184;33;0;2;8;1;1
202400028145;155 732 179;32;0;2;0;0;1
202400028145;155 732 182;7;0;2;0;0;1
202400028146;155 732 180;7;0;0;3;9;1
202400028146;155 732 183;31;0;0;6;1;1
202400028147;155 732 177;7;16;0;0;0;1
202400028148;155 732 175;7;0;2;1;1;1
202400028148;155 732 176;7;0;2;4;23;1
202400028149;155 732 174;7;0;1;1;25;1
202400028150;155 732 172;7;0;2;3;5;1
202400028150;155 732 173;7;0;2;3;1;1
202400028151;155 732 170;7;2;0;1;1;1
202400028152;155 732 167;7;0;0;3;1;1
202400028153;155 732 164;7;0;9;3;1;1
202400028153;155 732 166;1;0;2;3;0;5
202400028154;155 732 163;7;0;2;1;21;1
202400028154;155 732 165;33;0;0;4;0;1
202400028155;155 732 161;33;0;0;2;14;1
202400028156;155 732 160;7;0;9;8;1;1
202400028156;155 732 162;1;0;2;8;13;5
202400028157;155 732 159;7;8;0;1;1;1
202400028158;155 732 156;7;0;0;2;1;1
202400028159;155 732 155;7;0;2;3;1;1
202400028159;155 732 157;50;0;2;1;16;3
202400028160;155 732 154;7;0;2;1;26;1
202400028160;155 732 158;50;0;2;4;1;3
202400028161;155 732 152;21;13;0;7;1;1
202400028162;155 732 151;7;0;0;4;1;1
202400028162;155 732 153;33;0;2;1;2;1
202400028163;155 732 149;7;0;1;5;4;1
202400028164;155 732 147;7;8;2;9;2;1
202400028164;155 732 150;7;8;2;1;2;1
202400028165;155 732 145;33;0;2;9;1;1
202400028165;155 732 146;10;0;2;1;13;1
202400028165;155 732 148;43;0;2;1;1;1
202400028166;155 732 144;7;13;0;2;15;1
202400028167;155 732 140;7;0;2;1;1;1
202400028167;155 732 143;7;0;2;7;1;1
202400028168;155 732 139;33;0;2;1;17;1
202400028168;155 732 141;7;0;0;8;15;1
202400028169;155 732 138;33;0;2;1;26;1
202400028169;155 732 142;7;0;2;3;10;1
202400028170;155 732 135;7;0;1;3;15;1
202400028171;155 732 133;50;0;2;2;26;3
202400028171;155 732 137;10;0;2;2;1;1
202400028172;155 732 129;7;0;2;3;17;1
202400028172;155 732 130;15;0;2;8;1;1
202400028172;155 732 131;7;0;2;8;1;1
202400028172;155 732 132;14;0;2;8;1;1
202400028172;155 732 134;17;0;2;8;1;1
202400028172;155 732 136;7;0;2;3;1;1
202400028173;155 732 127;2;0;0;7;1;1
202400028174;155 732 128;7;0;1;2;1;1
202400028175;155 732 126;7;1;0;1;5;1
202400028176;155 732 124;15;0;2;3;1;1
202400028176;155 732 125;7;0;2;3;13;1
202400028177;155 732 121;7;0;2;3;5;1
202400028177;155 732 123;7;0;2;3;0;1
202400028178;155 732 120;33;4;0;4;0;1
202400028179;155 732 119;33;0;2;1;1;1
202400028179;155 732 122;7;0;2;8;15;1
202400028180;155 732 115;7;0;2;1;14;1
202400028180;155 732 118;10;0;0;4;23;1
202400028181;155 732 114;31;0;2;2;2;1
202400028181;155 732 117;7;0;2;6;2;1
202400028182;155 732 113;7;0;2;7;15;2
202400028182;155 732 116;33;0;2;1;1;1
202400028183;155 732 112;7;15;0;1;26;1
202400028184;155 732 109;10;0;2;7;17;1
202400028184;155 732 111;1;0;2;8;1;5
202400028185;155 732 110;7;0;1;3;15;1
202400028186;155 732 106;7;0;2;4;2;4
202400028186;155 732 108;7;0;2;1;2;1
202400028187;155 732 105;99;0;2;5;17;1
202400028187;155 732 107;80;0;2;3;1;2
202400028188;155 732 104;10;0;1;8;0;1
202400028189;155 732 101;7;0;2;3;1;0
202400028189;155 732 103;7;3;2;7;0;1
202400028190;155 732 100;7;0;2;5;4;1
202400028190;155 732 102;1;0;2;1;1;5
202400028191;155 732 097;17;0;2;1;2;1
202400028191;155 732 099;7;0;0;4;23;1
202400028192;155 732 096;7;0;2;1;9;1
202400028192;155 732 098;32;0;2;7;1;1
202400028193;155 732 094;7;0;2;6;15;2
202400028193;155 732 095;30;0;2;1;17;1
202400028194;155 732 091;7;0;2;2;2;1
202400028194;155 732 093;2;0;0;6;0;1
202400028195;155 732 090;33;0;2;8;1;1
202400028195;155 732 092;10;0;2;1;19;1
202400028196;155 732 087;7;15;0;3;13;1
202400028197;155 732 088;10;0;2;1;15;0
202400028197;155 732 089;32;0;2;1;1;1
202400028198;155 732 086;7;8;0;3;15;1
202400028199;155 732 085;7;2;0;1;1;1
202400028200;155 732 083;7;2;0;1;1;1
202400028201;155 732 078;7;0;2;1;26;1
202400028201;155 732 081;7;0;2;5;15;1
202400028202;155 732 080;7;0;0;1;13;1
202400028202;155 732 082;7;0;2;1;1;1
202400028202;155 732 084;10;0;2;8;1;1
202400028203;155 732 077;7;0;2;3;13;1
202400028203;155 732 079;7;2;2;3;1;1
202400028204;155 732 076;50;0;0;0;1;3
202400028205;155 732 073;10;0;2;4;2;1
202400028205;155 732 075;30;0;2;1;2;1
202400028206;155 732 074;32;12;0;1;17;1
202400028207;155 732 071;31;0;2;1;2;1
202400028207;155 732 072;10;0;2;6;2;1
202400028208;155 732 069;7;13;0;1;0;1
202400028209;155 732 068;33;0;0;;11;1
202400028210;155 732 066;7;0;2;1;13;1
202400028210;155 732 067;7;0;2;8;1;1
202400028210;155 732 070;7;0;2;3;1;1
202400028211;155 732 065;7;6;0;1;2;1
202400028212;155 732 064;80;14;0;8;1;3
202400028213;155 732 062;1;0;0;0;1;5
202400028214;155 732 061;1;1;0;1;1;5
202400028214;155 732 063;7;0;2;6;23;1
202400028215;155 732 060;7;0;1;2;1;2
202400028216;155 732 058;10;0;2;1;0;1
202400028216;155 732 059;31;0;0;1;0;1
202400028217;155 732 057;7;0;1;1;1;1
202400028218;155 732 056;33;0;0;1;1;1
202400028219;155 732 051;7;1;0;0;26;1
202400028219;155 732 055;7;14;0;3;13;1
202400028220;155 732 050;7;0;0;4;1;1
202400028220;155 732 053;10;0;2;1;1;1
202400028221;155 732 052;7;0;2;1;5;1
202400028221;155 732 054;7;0;2;1;1;1
202400028222;155 732 049;43;16;0;9;1;1
202400028223;155 732 047;10;3;0;2;1;1
202400028224;155 732 046;33;0;2;4;13;1
202400028224;155 732 048;7;0;2;1;11;1
202400028225;155 732 044;7;6;0;1;1;1
202400028226;155 732 045;7;16;0;9;15;1
202400028227;155 732 042;7;0;2;2;1;0
202400028227;155 732 043;7;0;2;3;11;0
202400028228;155 732 040;31;12;0;0;1;1
202400028229;155 732 037;7;0;0;4;2;1
202400028229;155 732 039;10;0;2;1;2;1
202400028229;155 732 041;10;0;2;1;2;1
202400028230;155 732 036;10;0;2;4;0;1
202400028230;155 732 038;10;1;0;1;0;1
202400028231;155 732 034;7;0;1;5;20;1
202400028232;155 732 033;7;0;0;1;26;1
202400028233;155 732 032;32;0;2;7;17;1
202400028233;155 732 035;7;0;9;2;19;1
202400028234;155 732 030;33;0;1;1;1;1
202400028235;155 732 029;7;14;1;2;1;1
202400028236;155 732 026;33;0;2;1;2;1
202400028236;155 732 028;7;0;0;4;23;1
202400028236;155 732 031;7;0;0;4;23;1
202400028237;155 732 024;7;0;2;1;5;2
202400028237;155 732 025;7;0;2;1;1;1
202400028237;155 732 027;7;0;2;1;1;1
202400028238;155 732 021;1;0;2;1;1;5
202400028238;155 732 023;10;0;9;2;20;1
202400028239;155 732 020;10;0;2;2;2;1
202400028239;155 732 022;7;0;0;6;1;1
202400028240;155 732 018;14;0;2;3;13;1
202400028240;155 732 019;7;0;2;8;1;1
202400028241;155 732 017;50;0;0;0;1;3
202400028242;155 732 014;21;13;0;2;14;1
202400028243;155 732 015;7;0;2;4;2;1
202400028243;155 732 016;10;0;2;1;2;1
202400028244;155 732 012;1;0;0;9;0;5
202400028245;155 732 011;7;4;0;8;0;1
202400028246;155 732 010;7;0;2;3;1;1
202400028246;155 732 013;7;0;2;3;13;1
202400028247;155 732 008;33;0;2;8;1;1
202400028247;155 732 009;7;0;2;3;1;1
202400028248;155 732 007;2;8;0;1;1;1
202400028249;155 732 006;33;0;0;0;0;1
202400028250;155 732 005;7;6;0;9;0;1
202400028251;155 732 003;7;8;0;9;21;1
202400028252;155 732 002;7;0;2;1;1;1
202400028252;155 732 004;7;0;2;1;13;1
202400028253;155 732 000;14;17;0;2;1;1
202400028254;155 731 998;7;3;2;3;16;1
202400028254;155 732 001;15;0;0;5;0;1
202400028255;155 731 997;7;0;2;5;0;1
202400028255;155 731 999;33;0;2;2;1;1
202400028256;155 731 994;2;0;2;1;17;1
202400028256;155 731 995;21;0;0;3;15;1
202400028257;155 731 991;31;0;2;5;15;1
202400028257;155 731 993;7;0;2;1;9;1
202400028258;155 731 990;7;0;9;1;21;1
202400028258;155 731 992;33;16;0;9;1;1
202400028259;155 731 989;7;6;0;2;1;1
202400028260;155 731 988;7;8;0;1;1;3
202400028261;155 731 987;2;4;0;1;13;1
202400028262;155 731 984;7;0;2;2;1;1
202400028262;155 731 986;7;4;0;6;1;2
202400028263;155 731 982;3;0;2;6;1;3
202400028263;155 731 985;7;0;2;2;15;2
202400028264;155 731 979;7;3;0;1;1;1
202400028265;155 731 980;7;0;2;3;13;1
202400028265;155 731 981;7;0;2;3;1;1
202400028266;155 731 977;33;0;2;1;1;1
202400028266;155 731 978;7;0;2;5;19;1
202400028267;155 731 974;31;0;2;1;1;1
202400028267;155 731 976;7;0;0;6;10;1
202400028268;155 731 973;7;0;2;2;1;1
202400028268;155 731 975;7;0;2;2;9;1
202400028269;155 731 969;1;0;0;5;12;5
202400028269;155 731 972;1;0;0;1;2;5
202400028270;155 731 968;38;0;0;3;24;1
202400028270;155 731 970;38;1;1;5;15;1
202400028271;155 731 967;7;0;9;1;2;1
202400028271;155 731 971;7;0;2;4;2;1
202400028272;155 731 966;7;3;0;3;21;1
202400028273;155 731 965;2;0;0;0;1;1
202400028274;155 731 963;10;0;2;2;2;1
202400028274;155 731 964;33;0;2;4;11;1
202400028275;155 731 961;7;2;0;8;14;1
202400028276;155 731 960;7;0;0;9;1;1
202400028277;155 731 957;7;0;2;4;0;1
202400028277;155 731 959;7;0;2;3;1;1
202400028278;155 731 956;31;0;2;1;1;1
202400028278;155 731 958;7;0;0;6;19;1
202400028279;155 731 955;33;0;0;8;1;1
202400028280;155 731 953;7;0;1;1;1;1
202400028281;155 731 952;7;4;0;0;0;1
202400028282;155 731 951;10;0;2;3;24;1
202400028282;155 731 954;21;1;0;1;14;1
202400028283;155 731 948;10;0;2;3;1;1
202400028283;155 731 950;7;0;2;3;0;1
202400028284;155 731 949;7;4;0;3;26;1
202400028285;155 731 947;10;0;1;1;1;1
202400028286;155 731 945;7;4;0;2;1;1
202400028287;155 731 944;7;0;2;8;11;1