Num_Acc;id_vehicule;categorie_vehicule;obstacle_fixe;obstacle_mobile;point_choc_initial;manoeuvre_principale;motorisation
202400028649;155 731 328;7;16;0;9;1;1
202400028650;155 731 326;7;0;2;7;15;1
202400028650;155 731 327;3;0;2;1;1;1
202400028651;155 731 324;37;0;2;6;1;1
202400028651;155 731 325;1;0;2;1;1;5
202400028652;155 731 323;33;12;0;0;1;1
202400028653;155 731 322;7;0;1;3;21;1
202400028654;155 731 320;7;0;2;1;1;1
202400028654;155 731 321;10;0;0;4;1;1
202400028655;155 731 315;80;0;0;0;16;3
202400028656;155 731 313;7;0;2;3;15;1
202400028656;155 731 314;33;0;2;2;1;1
202400028657;155 731 312;40;0;1;2;1;3
202400028658;155 731 310;32;0;2;2;2;1
202400028658;155 731 311;10;0;2;3;2;2
202400028659;155 731 308;15;0;2;3;21;1
202400028659;155 731 309;43;0;2;3;13;1
202400028660;155 731 307;7;0;1;1;2;1
202400028661;155 731 305;7;0;2;5;1;1
202400028661;155 731 306;33;0;2;1;1;1
202400028662;155 731 303;50;0;2;1;1;3
202400028662;155 731 304;7;0;2;2;15;1
202400028663;155 731 302;34;14;1;0;26;1
202400028664;155 731 300;7;0;2;3;9;0
202400028664;155 731 301;1;0;2;2;26;5
202400028665;155 731 298;7;0;2;4;1;1
202400028665;155 731 299;7;0;2;1;26;1
202400028666;155 731 297;7;2;0;1;13;2
202400028667;155 731 295;80;0;2;1;9;3
202400028667;155 731 296;7;0;0;3;1;1
202400028668;155 731 293;2;0;2;5;1;1
202400028668;155 731 294;7;0;2;3;15;1
202400028669;155 731 291;33;0;2;8;1;1
202400028669;155 731 292;7;0;2;3;2;1
202400028670;155 731 289;30;0;2;1;1;1
202400028670;155 731 290;13;0;2;7;16;1
202400028671;155 731 287;7;0;2;8;1;1
202400028671;155 731 288;31;0;2;1;1;1
202400028672;155 731 286;10;0;1;2;15;1
202400028673;155 731 285;1;0;1;1;1;5
202400028674;155 731 283;7;0;2;1;2;1
202400028674;155 731 284;80;0;2;4;1;3
202400028675;155 731 282;50;0;1;1;1;3
202400028676;155 731 280;7;0;2;2;1;1
202400028676;155 731 281;7;0;2;3;1;1
202400028677;155 731 278;33;0;2;7;1;1
202400028677;155 731 279;7;0;2;1;1;1
202400028678;155 731 276;32;0;2;0;1;1
202400028678;155 731 277;7;0;2;0;0;1
202400028679;155 731 274;7;0;2;4;1;0
202400028679;155 731 275;7;0;2;1;1;1
202400028680;155 731 273;7;0;1;3;1;1
202400028681;155 731 271;7;0;2;1;15;2
202400028681;155 731 272;32;0;2;1;1;1
202400028682;155 731 269;7;0;2;1;15;1
202400028682;155 731 270;32;0;2;1;1;1
202400028683;155 731 267;10;0;2;5;14;1
202400028683;155 731 268;50;0;2;3;14;3
202400028684;155 731 265;10;12;0;1;0;0
202400028685;155 731 264;7;0;2;2;15;1
202400028685;155 731 266;7;0;2;1;1;1
202400028686;155 731 263;7;0;1;1;1;1
202400028687;155 731 261;30;0;2;5;2;1
202400028687;155 731 262;13;0;2;1;17;1
202400028688;155 731 260;7;11;0;1;1;1
202400028689;155 731 259;7;15;0;3;1;1
202400028690;155 731 257;7;3;0;9;9;1
202400028691;155 731 256;31;0;2;1;1;1
202400028691;155 731 258;7;0;2;2;15;1
202400028692;155 731 254;50;0;2;8;19;3
202400028692;155 731 255;10;0;2;1;1;1
202400028693;155 731 251;1;0;2;1;1;5
202400028693;155 731 253;7;0;2;8;16;1
202400028694;155 731 250;7;0;2;7;16;1
202400028694;155 731 252;15;0;2;3;1;1
202400028695;155 731 249;31;0;0;2;10;3
202400028696;155 731 246;7;0;2;1;2;1
202400028696;155 731 248;7;0;2;4;2;1
202400028697;155 731 245;1;0;2;8;1;5
202400028697;155 731 247;7;0;2;1;1;1
202400028698;155 731 243;1;0;0;0;0;5
202400028699;155 731 242;1;0;2;8;15;5
202400028699;155 731 244;1;0;2;1;1;5
202400028700;155 731 239;7;0;2;3;13;1
202400028700;155 731 241;31;0;2;3;0;1
202400028701;155 731 238;7;0;2;2;1;1
202400028701;155 731 240;7;0;2;5;15;1
202400028702;155 731 236;7;0;2;2;15;1
202400028702;155 731 237;33;0;2;1;1;1
202400028703;155 731 235;7;0;1;2;1;1
202400028704;155 731 234;7;0;1;1;1;1
202400028705;155 731 232;34;8;0;1;1;1
202400028706;155 731 233;1;0;0;0;20;5
202400028707;155 731 231;7;14;5;1;1;1
202400028708;155 731 228;7;0;2;6;1;1
202400028708;155 731 230;7;0;2;3;1;1
202400028709;155 731 226;7;0;2;4;2;1
202400028709;155 731 227;7;0;2;4;23;2
202400028709;155 731 229;7;0;2;1;2;1
202400028710;155 731 225;7;8;0;1;1;1
202400028711;155 731 224;7;0;1;3;15;1
202400028712;155 731 222;10;0;2;2;1;1
202400028712;155 731 223;2;0;2;1;1;1
202400028713;155 731 221;33;13;0;7;0;1
202400028714;155 731 219;33;0;2;1;1;1
202400028714;155 731 220;7;0;2;3;15;1
202400028715;155 731 217;7;0;2;4;2;1
202400028715;155 731 218;10;0;2;1;2;1
202400028716;155 731 215;38;0;2;3;1;1
202400028716;155 731 216;2;0;2;8;13;1
202400028717;155 731 214;7;0;1;1;2;1
202400028718;155 731 212;7;0;1;1;2;0
202400028719;155 731 211;30;0;2;1;9;1
202400028719;155 731 213;33;0;0;8;14;1
202400028720;155 731 208;7;3;0;4;1;1
202400028720;155 731 210;7;4;2;1;2;1
202400028721;155 731 205;1;0;2;1;1;5
202400028721;155 731 206;15;0;2;1;15;1
202400028722;155 731 203;7;0;2;1;2;1
202400028722;155 731 204;7;0;2;4;1;2
202400028723;155 731 202;1;0;0;0;1;5
202400028724;155 731 198;7;0;2;1;2;1
202400028724;155 731 200;50;0;2;4;1;3
202400028725;155 731 199;7;0;2;6;1;0
202400028725;155 731 201;50;0;2;1;11;3
202400028726;155 731 195;43;0;2;2;3;1
202400028726;155 731 196;7;0;2;3;1;1
202400028727;155 731 194;7;0;2;8;15;1
202400028727;155 731 197;7;0;2;1;17;1
202400028728;155 731 191;2;0;0;0;1;1
202400028729;155 731 190;7;0;2;4;1;1
202400028729;155 731 192;7;0;2;4;1;1
202400028729;155 731 193;7;0;2;1;1;1
202400028730;155 731 187;13;0;2;1;19;1
202400028730;155 731 189;10;13;2;7;1;1
202400028731;155 731 186;30;0;2;1;1;1
202400028731;155 731 188;7;0;2;3;1;2
202400028732;155 731 183;30;0;2;1;17;1
202400028732;155 731 185;7;0;2;3;1;2
202400028733;155 731 182;7;0;2;1;13;1
202400028733;155 731 184;7;0;2;3;1;1
202400028734;155 731 178;32;0;2;0;17;1
202400028734;155 731 180;7;0;2;0;15;1
202400028735;155 731 179;2;0;2;3;15;1
202400028735;155 731 181;2;0;2;1;1;1
202400028736;155 731 175;33;0;2;8;1;1
202400028736;155 731 177;7;0;2;3;15;1
202400028737;155 731 173;7;0;2;3;13;1
202400028737;155 731 174;7;0;2;3;1;1
202400028737;155 731 176;13;0;2;6;1;1
202400028738;155 731 172;33;0;1;1;0;1
202400028739;155 731 171;33;4;0;1;2;0
202400028740;155 731 169;7;0;2;1;1;1
202400028740;155 731 170;7;0;2;1;10;1
202400028741;155 731 167;7;0;2;7;9;1
202400028741;155 731 168;33;0;2;1;1;1
202400028742;155 731 164;7;13;0;1;13;1
202400028743;155 731 162;7;0;2;4;1;1
202400028743;155 731 163;7;0;2;4;1;1
202400028743;155 731 165;7;0;2;1;2;1
202400028743;155 731 166;7;0;2;1;2;2
202400028744;155 731 160;7;0;2;3;1;1
202400028744;155 731 161;7;0;2;3;13;1
202400028745;155 731 159;50;0;0;0;15;3
202400028746;155 731 158;7;0;1;1;1;1
202400028747;155 731 157;33;0;0;0;1;1
202400028748;155 731 154;33;0;2;1;1;1
202400028748;155 731 156;7;0;2;2;15;1
202400028749;155 731 153;50;0;2;8;19;3
202400028749;155 731 155;7;0;2;3;1;1
202400028750;155 731 150;33;0;2;1;0;1
202400028750;155 731 151;7;0;2;7;15;1
202400028751;155 731 149;7;0;2;4;1;2
202400028751;155 731 152;32;0;2;1;1;1
202400028752;155 731 147;33;0;6;1;1;1
202400028753;155 731 146;32;0;2;7;19;1
202400028753;155 731 148;50;0;2;2;1;3
202400028754;155 731 144;30;0;0;0;15;3
202400028755;155 731 143;7;6;2;5;10;1
202400028755;155 731 145;7;0;2;1;1;1
202400028756;155 731 141;80;0;0;0;0;3
202400028757;155 731 140;2;0;2;8;18;1
202400028757;155 731 142;7;0;2;7;14;1
202400028758;155 731 137;1;8;0;4;1;5
202400028758;155 731 139;7;0;2;2;2;0
202400028759;155 731 138;10;0;1;2;1;1
202400028760;155 731 136;7;6;0;1;0;1
202400028761;155 731 134;7;0;2;5;23;1
202400028761;155 731 135;7;0;2;3;1;1
202400028762;155 731 133;7;0;1;3;1;1
202400028763;155 731 132;33;0;1;8;1;0
202400028764;155 731 130;1;0;2;4;2;5
202400028764;155 731 131;10;0;2;2;2;1
202400028765;155 731 127;34;0;2;1;1;3
202400028765;155 731 129;7;0;2;1;15;2
202400028766;155 731 126;2;0;2;1;13;1
202400028766;155 731 128;7;0;2;1;1;1
202400028767;155 731 124;34;12;0;0;15;3
202400028768;155 731 123;7;0;2;1;17;1
202400028768;155 731 125;7;0;2;1;1;1
202400028769;155 731 120;7;0;2;1;13;1
202400028769;155 731 122;7;0;2;1;1;1
202400028770;155 731 119;10;0;2;5;16;1
202400028770;155 731 121;7;0;2;3;7;2
202400028771;155 731 117;7;6;0;3;1;0
202400028772;155 731 116;33;0;2;8;1;1
202400028772;155 731 118;7;0;2;3;13;1
202400028773;155 731 113;7;0;2;2;2;1
202400028773;155 731 115;50;0;2;1;1;3
202400028774;155 731 112;33;0;2;1;1;1
202400028774;155 731 114;7;0;2;3;19;1
202400028775;155 731 111;10;0;1;1;17;1
202400028776;155 731 107;10;0;2;2;1;1
202400028776;155 731 108;1;0;2;4;19;5
202400028777;155 731 104;60;0;1;0;1;5
202400028778;155 731 103;7;3;2;3;13;1
202400028778;155 731 105;33;3;2;8;1;1
202400028778;155 731 106;7;0;2;2;1;3
202400028778;155 731 109;7;0;2;2;2;1
202400028779;155 731 101;33;0;2;1;1;0
202400028779;155 731 102;7;0;2;5;15;0
202400028780;155 731 099;7;0;2;4;1;1
202400028780;155 731 100;7;0;2;1;2;1
202400028781;155 731 097;7;3;0;3;1;1
202400028782;155 731 096;33;0;2;3;1;1
202400028782;155 731 098;7;0;2;3;15;2
202400028783;155 731 095;7;3;0;0;1;1
202400028784;155 731 092;7;0;2;5;15;1
202400028784;155 731 094;99;0;2;3;1;0
202400028785;155 731 090;7;0;0;0;1;1
202400028785;155 731 091;33;0;2;1;1;1
202400028785;155 731 093;7;0;2;6;12;1
202400028786;155 731 088;33;2;0;1;1;1
202400028787;155 731 086;7;0;2;4;2;1
202400028787;155 731 087;7;0;2;4;23;1
202400028787;155 731 089;7;0;2;3;9;2
202400028788;155 731 083;32;0;2;1;1;1
202400028788;155 731 085;7;0;2;7;15;1
202400028789;155 731 082;7;0;2;8;24;1
202400028789;155 731 084;7;1;0;2;1;2
202400028790;155 731 079;15;0;0;5;12;1
202400028790;155 731 081;7;0;0;3;2;1
202400028791;155 731 078;7;0;0;3;13;1
202400028791;155 731 080;7;0;0;2;0;1
202400028792;155 731 077;33;0;2;0;1;3
202400028793;155 731 075;7;0;2;8;15;1
202400028793;155 731 076;10;0;2;2;17;1
202400028794;155 731 072;7;0;2;4;23;1
202400028794;155 731 073;7;0;2;4;23;1
202400028794;155 731 074;7;0;2;1;1;1
202400028795;155 731 070;7;0;2;1;1;1
202400028795;155 731 071;16;0;2;2;19;1
202400028796;155 731 069;40;0;1;1;1;0
202400028797;155 731 066;7;0;2;3;15;1
202400028797;155 731 067;43;0;2;5;17;1
202400028798;155 731 065;1;0;2;1;1;5
202400028798;155 731 068;7;0;9;1;1;1
202400028799;155 731 064;1;0;0;1;26;5
202400028800;155 731 062;2;0;2;1;17;1
202400028800;155 731 063;7;0;2;3;15;1
202400028801;155 731 061;7;0;1;1;15;1
202400028802;155 731 059;2;0;2;1;1;1
202400028802;155 731 060;33;0;2;3;1;1
202400028803;155 731 057;7;0;9;3;9;1
202400028803;155 731 058;1;0;2;1;1;5
202400028804;155 731 055;7;0;2;1;17;1
202400028804;155 731 056;15;0;2;1;1;1
202400028805;155 731 054;7;0;1;1;0;1
202400028806;155 731 051;7;0;2;3;5;1
202400028806;155 731 052;7;0;2;3;1;1
202400028807;155 731 050;7;0;2;1;1;1
202400028807;155 731 053;31;0;2;1;5;1
202400028808;155 731 049;36;0;0;0;4;1
202400028809;155 731 048;7;0;0;9;1;1
202400028810;155 731 046;50;0;2;1;1;3
202400028810;155 731 047;7;0;2;1;15;1
202400028811;155 731 044;7;0;2;3;1;1
202400028811;155 731 045;50;0;2;1;19;3
202400028812;155 731 043;2;0;0;9;1;1
202400028813;155 731 041;7;4;0;3;0;1
202400028814;155 731 040;33;0;2;1;1;1
202400028814;155 731 042;7;0;2;3;10;1
202400028815;155 731 039;7;8;0;3;13;1
202400028816;155 731 037;7;0;2;3;1;1
202400028816;155 731 038;7;0;2;3;1;1
202400028817;155 731 034;7;0;2;4;1;1
202400028817;155 731 035;7;0;2;1;2;1
202400028817;155 731 036;7;0;2;4;2;1
202400028818;155 731 032;7;6;0;1;1;1
202400028819;155 731 031;7;0;2;3;15;1
202400028819;155 731 033;7;0;2;2;17;1
202400028820;155 731 028;33;3;2;8;26;1
202400028820;155 731 030;7;0;2;0;0;0
202400028821;155 731 027;7;0;2;0;17;0
202400028821;155 731 029;2;0;2;8;17;1
202400028822;155 731 023;7;0;2;2;15;1
202400028822;155 731 025;2;0;2;1;1;1
202400028823;155 731 022;7;0;0;1;1;1
202400028823;155 731 024;7;0;1;0;24;1
202400028823;155 731 026;7;0;0;0;1;1
202400028824;155 731 020;10;0;2;0;11;1
202400028824;155 731 021;33;0;2;0;3;1
202400028825;155 731 019;7;0;1;3;1;1
202400028826;155 731 017;7;4;2;4;1;1
202400028826;155 731 018;33;4;2;1;0;1
202400028827;155 731 013;7;0;2;2;2;1
202400028827;155 731 014;7;0;2;3;2;3
202400028827;155 731 015;7;0;2;5;2;1
202400028828;155 731 012;7;0;2;1;1;1
202400028828;155 731 016;7;0;2;1;13;1
202400028829;155 731 008;7;0;2;1;9;1
202400028829;155 731 010;2;0;2;2;1;1
202400028830;155 731 006;10;0;2;4;23;1
202400028830;155 731 007;10;0;2;1;1;1
202400028830;155 731 009;7;0;2;4;23;1
202400028830;155 731 011;10;0;2;4;23;1
202400028831;155 731 005;7;2;0;1;1;1
202400028832;155 731 003;7;0;2;1;2;1
202400028832;155 731 004;7;0;2;4;2;1
202400028833;155 731 002;50;0;0;0;1;3
202400028834;155 730 998;2;0;2;0;1;1
202400028834;155 731 000;7;0;2;3;11;1
202400028835;155 730 997;7;0;2;1;2;1
202400028835;155 730 999;10;0;2;4;2;1
202400028835;155 731 001;7;0;2;4;2;1
202400028836;155 730 994;7;16;2;1;13;1
202400028836;155 730 996;7;0;2;1;13;1
202400028837;155 730 993;2;0;2;3;3;1
202400028837;155 730 995;7;0;2;2;12;1
202400028838;155 730 990;7;0;2;3;15;1
202400028838;155 730 992;7;0;2;3;1;1
202400028839;155 730 989;7;0;2;4;1;1
202400028839;155 730 991;7;0;2;1;1;1
202400028840;155 730 988;7;3;0;8;13;2
202400028841;155 730 987;7;0;1;3;15;1
202400028842;155 730 985;7;0;2;8;9;1
202400028842;155 730 986;31;0;2;7;1;1
202400028843;155 730 983;7;0;2;1;1;0
202400028843;155 730 984;7;0;2;4;1;0
202400028844;155 730 982;7;13;0;2;1;1
202400028845;155 730 978;15;0;2;1;1;1
202400028845;155 730 980;7;0;2;1;5;1
202400028846;155 730 979;7;0;2;4;2;1
202400028846;155 730 981;7;0;2;0;0;1
202400028847;155 730 977;7;6;0;7;1;1
202400028848;155 730 976;34;0;0;0;0;1
202400028849;155 730 974;2;0;2;1;2;1
202400028849;155 730 975;7;0;0;6;23;1
202400028850;155 730 972;31;12;0;2;1;1
202400028851;155 730 973;7;7;0;0;0;1
202400028852;155 730 970;7;0;2;2;15;1
202400028852;155 730 971;33;0;2;1;1;1
202400028853;155 730 969;7;12;0;0;0;1
202400028854;155 730 968;7;0;1;1;15;1
202400028855;155 730 966;30;0;2;1;11;1
202400028855;155 730 967;7;0;2;3;1;1
202400028856;155 730 963;21;0;2;3;1;1
202400028856;155 730 965;7;0;2;3;13;1
202400028857;155 730 962;7;0;0;3;15;1
202400028857;155 730 964;1;0;2;2;1;5
202400028858;155 730 961;7;1;0;4;26;1
202400028859;155 730 959;7;7;2;1;1;1
202400028859;155 730 960;7;0;2;3;1;2
202400028860;155 730 957;1;0;0;0;0;5
202400028861;155 730 958;7;3;0;9;6;2
202400028862;155 730 954;7;0;2;3;17;1
202400028862;155 730 955;7;0;2;3;1;1
202400028863;155 730 953;7;8;2;6;1;1
202400028863;155 730 956;10;0;2;1;1;1
202400028864;155 730 952;50;0;0;0;1;3
202400028865;155 730 951;7;2;0;1;1;1
202400028866;155 730 950;36;0;0;1;1;1
202400028867;155 730 947;33;0;0;9;1;1
202400028868;155 730 945;7;0;2;3;13;1
202400028868;155 730 946;15;0;2;3;1;1
202400028869;155 730 948;7;0;2;1;0;0
202400028869;155 730 949;30;0;2;1;13;1
202400028870;155 730 942;3;0;2;3;0;1
202400028870;155 730 944;7;0;2;7;0;2
202400028871;155 730 941;7;0;2;1;1;1
202400028871;155 730 943;30;0;2;8;19;1
202400028872;155 730 940;33;0;0;0;1;1
202400028873;155 730 938;7;0;2;4;11;1
202400028873;155 730 939;7;0;2;1;1;1
202400028874;155 730 936;7;0;9;2;1;1
202400028874;155 730 937;80;1;0;4;0;3
202400028875;155 730 935;7;1;0;2;1;1
202400028876;155 730 934;3;15;0;1;0;1
202400028877;155 730 933;33;12;0;3;1;1
202400028878;155 730 930;10;0;2;6;15;1
202400028878;155 730 932;10;0;2;2;17;2
202400028879;155 730 929;7;0;2;3;1;1
202400028879;155 730 931;7;6;2;0;13;2
202400028880;155 730 924;7;2;2;1;1;1
202400028880;155 730 926;7;0;2;4;15;1
202400028880;155 730 928;7;0;2;1;2;1
202400028881;155 730 923;7;0;2;1;2;1
202400028881;155 730 925;7;0;2;4;2;1
202400028881;155 730 927;7;0;2;4;2;1
202400028882;155 730 922;7;2;0;2;14;1
202400028883;155 730 921;7;1;0;1;1;1
202400028884;155 730 919;7;0;1;3;1;3
202400028885;155 730 918;7;0;4;7;1;1
202400028885;155 730 920;39;0;2;1;1;0
202400028886;155 730 917;7;0;1;2;19;1
202400028887;155 730 916;7;0;1;3;15;1
202400028888;155 730 914;7;0;2;1;9;1
202400028888;155 730 915;7;0;2;1;1;1
202400028889;155 730 912;30;16;2;1;15;1
202400028889;155 730 913;31;0;2;7;1;1
202400028890;155 730 909;3;0;2;3;0;1
202400028890;155 730 911;7;0;2;1;0;1
202400028891;155 730 908;7;0;2;2;15;1
202400028891;155 730 910;33;0;2;1;1;1
202400028892;155 730 905;1;0;1;1;25;5
202400028893;155 730 906;7;0;2;7;15;1
202400028893;155 730 907;33;0;2;1;1;1
202400028894;155 730 902;7;0;2;1;1;1
202400028894;155 730 903;7;0;2;2;1;1
202400028895;155 730 901;1;0;2;5;26;5
202400028895;155 730 904;7;0;2;7;1;
202400028896;155 730 900;7;6;0;8;1;1
202400028897;155 730 899;7;0;0;1;6;1
202400028898;155 730 896;1;0;1;1;1;5
202400028899;155 730 895;7;0;2;6;11;1
202400028899;155 730 897;17;0;2;2;1;1
202400028900;155 730 892;10;13;2;3;1;1
202400028900;155 730 894;7;0;2;3;1;3
202400028901;155 730 890;7;0;2;4;26;1
202400028901;155 730 891;7;0;2;4;26;1
202400028901;155 730 893;7;0;2;1;26;1
202400028902;155 730 887;7;3;2;2;12;1
202400028902;155 730 888;7;0;2;6;1;2
202400028903;155 730 886;7;0;9;1;1;1
202400028903;155 730 889;50;0;2;1;9;3
202400028904;155 730 885;7;13;0;1;1;1
202400028905;155 730 881;7;0;2;1;15;1
202400028905;155 730 883;7;0;2;3;1;1
202400028906;155 730 879;7;0;2;4;2;1
202400028906;155 730 880;7;0;2;4;2;1
202400028906;155 730 882;7;0;2;4;2;1
202400028906;155 730 884;10;0;2;1;2;1
202400028907;155 730 877;7;0;1;2;16;1
202400028908;155 730 876;7;1;0;1;9;1
202400028908;155 730 878;7;1;0;2;1;1
202400028909;155 730 873;32;4;0;2;14;1
202400028910;155 730 874;7;0;9;3;9;1
202400028910;155 730 875;1;0;2;1;0;5
202400028911;155 730 870;33;0;2;3;1;1
202400028911;155 730 872;10;0;0;6;1;1
202400028912;155 730 869;7;0;2;7;15;1
202400028912;155 730 871;33;0;2;1;1;1
202400028913;155 730 867;7;0;1;2;1;1
202400028914;155 730 866;50;0;2;1;1;3
202400028914;155 730 868;7;0;2;4;4;3
202400028915;155 730 865;33;3;0;0;1;1
202400028916;155 730 864;7;6;0;1;1;1
202400028917;155 730 862;7;0;2;1;2;1
202400028917;155 730 863;7;0;2;3;9;3
202400028918;155 730 861;7;4;0;3;1;1
202400028919;155 730 859;7;0;2;7;17;1
202400028919;155 730 860;2;0;2;8;1;1
202400028920;155 730 857;7;0;2;2;1;0
202400028920;155 730 858;1;0;2;8;1;5
202400028921;155 730 855;7;0;2;1;1;1
202400028921;155 730 856;1;0;2;1;0;0
202400028922;155 730 853;1;0;1;2;12;5
202400028923;155 730 852;7;0;2;2;10;0
202400028923;155 730 854;33;0;2;1;1;0
202400028924;155 730 850;7;1;0;3;13;1
202400028925;155 730 849;40;0;2;3;1;3
202400028925;155 730 851;50;0;4;7;16;3
202400028926;155 730 848;7;0;1;4;4;1
202400028927;155 730 846;50;0;2;8;5;3
202400028927;155 730 847;7;0;2;3;1;1
202400028928;155 730 844;7;0;1;2;1;1
202400028929;155 730 843;3;8;0;6;1;1
202400028929;155 730 845;7;0;2;1;2;1
202400028930;155 730 842;10;4;0;1;11;1
202400028931;155 730 838;7;0;2;4;23;1
202400028931;155 730 840;7;0;2;1;21;1
202400028931;155 730 841;7;0;2;1;23;1
202400028932;155 730 837;1;0;2;1;15;5
202400028932;155 730 839;7;0;2;2;1;1
202400028933;155 730 836;7;15;0;3;16;1
202400028934;155 730 835;7;3;0;8;1;1
202400028935;155 730 833;7;0;2;1;1;1
202400028935;155 730 834;21;0;2;4;1;0
202400028936;155 730 831;33;0;2;1;12;1
202400028936;155 730 832;7;0;0;5;1;1
202400028937;155 730 828;7;0;2;3;9;1
202400028937;155 730 830;33;0;2;1;1;1
202400028938;155 730 827;1;0;2;8;1;5
202400028938;155 730 829;0;0;2;7;1;0
202400028939;155 730 826;7;0;1;3;13;1
202400028940;155 730 824;7;0;2;2;15;1
202400028940;155 730 825;1;0;0;0;0;5
202400028941;155 730 822;7;0;2;1;1;1
202400028941;155 730 823;7;0;2;1;1;1
202400028942;155 730 820;33;0;2;7;2;1
202400028942;155 730 821;7;0;0;0;0;0
202400028943;155 730 818;7;0;2;3;1;1
202400028943;155 730 819;31;0;2;1;7;1
202400028944;155 730 816;33;0;2;1;1;1
202400028944;155 730 817;33;0;2;1;13;1
202400028945;155 730 814;7;0;2;1;2;0
202400028945;155 730 815;80;0;2;0;1;3
202400028946;155 730 812;7;0;2;3;19;1
202400028946;155 730 813;33;0;2;1;1;1
202400028947;155 730 810;7;1;0;1;1;1
202400028948;155 730 809;7;0;2;0;0;0
202400028948;155 730 811;7;0;2;0;0;1
202400028949;155 730 808;7;0;1;0;0;0
202400028950;155 730 807;7;12;0;2;1;1
202400028951;155 730 806;7;9;0;1;1;1
202400028952;155 730 802;7;0;1;2;1;1
202400028953;155 730 801;33;0;0;0;1;1
202400028954;155 730 800;80;0;5;2;1;3
202400028955;155 730 798;7;0;2;7;15;1
202400028955;155 730 799;30;0;2;1;1;1
202400028956;155 730 797;30;0;0;7;0;1
202400028957;155 730 795;7;1;0;7;24;1
202400028957;155 730 796;1;1;0;7;1;5
202400028958;155 730 793;7;0;2;0;1;1
202400028958;155 730 794;33;0;2;0;15;1
202400028959;155 730 791;7;0;2;8;26;1
202400028959;155 730 792;33;0;2;8;1;1
202400028960;155 730 790;7;6;0;1;13;1
202400028961;155 730 786;7;0;2;3;10;0
202400028961;155 730 787;50;0;2;1;2;3
202400028962;155 730 785;34;0;1;0;26;0
202400028963;155 730 783;7;0;2;2;9;0
202400028963;155 730 784;7;0;2;8;1;1
202400028964;155 730 781;7;0;2;4;10;1
202400028964;155 730 782;7;0;2;6;1;1
202400028965;155 730 779;1;0;2;3;1;5
202400028965;155 730 780;7;0;2;3;1;2
202400028966;155 730 778;7;0;1;1;1;3
202400028967;155 730 776;7;0;2;4;23;2
202400028967;155 730 777;7;0;2;1;1;1
202400028968;155 730 774;7;0;2;2;1;2
202400028968;155 730 775;31;0;2;1;1;1
202400028969;155 730 772;1;0;2;7;1;5
202400028969;155 730 773;2;0;2;1;1;1
202400028970;155 730 771;7;0;1;1;1;1
202400028971;155 730 769;7;0;2;2;14;1
202400028971;155 730 770;1;0;2;3;1;5
202400028972;155 730 767;2;0;2;4;2;1
202400028972;155 730 768;7;0;2;2;2;2
202400028973;155 730 765;33;0;2;2;9;1
202400028973;155 730 766;7;0;2;3;9;1
202400028974;155 730 764;7;0;1;7;1;1
202400028975;155 730 762;7;0;2;8;16;1
202400028975;155 730 763;10;0;2;2;1;1
202400028976;155 730 760;7;0;9;3;15;1
202400028976;155 730 761;50;0;2;1;1;3
202400028977;155 730 758;7;0;2;3;13;1
202400028977;155 730 759;7;0;2;3;1;1
202400028978;155 730 757;7;1;0;2;1;2
202400028979;155 730 756;7;0;1;1;0;0
202400028980;155 730 754;7;0;2;1;1;1
202400028980;155 730 755;7;0;2;4;1;1
202400028981;155 730 753;33;0;0;0;13;1
202400028982;155 730 751;7;0;2;6;16;1
202400028982;155 730 752;31;0;2;2;1;1
202400028983;155 730 748;7;0;2;3;0;3
202400028983;155 730 749;7;0;2;2;0;1
202400028983;155 730 750;7;0;2;3;0;1
202400028984;155 730 746;7;0;2;2;17;1
202400028984;155 730 747;33;0;2;8;1;1
202400028985;155 730 744;10;4;0;3;0;1
202400028986;155 730 743;7;8;0;2;1;1
202400028987;155 730 742;7;13;0;7;14;1
202400028988;155 730 740;7;0;2;1;1;1
202400028988;155 730 741;7;0;2;2;13;2
202400028989;155 730 738;7;0;2;2;1;1
202400028989;155 730 739;50;0;2;1;5;3
202400028990;155 730 736;2;0;2;1;17;1
202400028990;155 730 737;10;0;0;6;15;1
202400028991;155 730 728;7;0;9;0;0;1
202400028991;155 730 729;7;0;9;1;11;1
202400028991;155 730 730;7;16;0;0;0;2
202400028991;155 730 731;15;0;9;1;1;1
202400028991;155 730 732;7;0;9;1;1;1
202400028991;155 730 733;10;0;2;2;0;1
202400028991;155 730 734;15;0;0;0;0;1
202400028991;155 730 735;10;16;2;1;0;1
202400028992;155 730 727;7;4;0;8;1;1
202400028993;155 730 724;7;0;2;3;1;1
202400028993;155 730 725;7;0;2;1;13;1
202400028993;155 730 726;7;0;2;1;1;2
202400028994;155 730 720;10;0;1;7;1;1
202400028995;155 730 718;7;6;0;6;19;1
202400028995;155 730 719;33;0;0;1;1;1
202400028996;155 730 717;33;2;0;8;1;1
202400028997;155 730 715;15;8;0;3;21;0
202400028997;155 730 716;7;0;0;8;13;1
202400028998;155 730 713;7;0;2;2;15;1
202400028998;155 730 714;7;13;2;1;1;2
202400028999;155 730 710;10;0;2;8;15;1
202400028999;155 730 712;33;0;2;1;17;0