Num_Acc;id_vehicule;categorie_vehicule;obstacle_fixe;obstacle_mobile;point_choc_initial;manoeuvre_principale;motorisation
202400029000;155 730 709;33;0;1;1;17;1
202400029001;155 730 708;7;0;9;3;15;1
202400029001;155 730 711;1;0;2;7;1;5
202400029002;155 730 707;7;15;9;1;1;0
202400029003;155 730 705;7;13;0;1;14;1
202400029004;155 730 704;7;0;2;6;1;1
202400029004;155 730 706;43;0;2;2;1;1
202400029005;155 730 703;7;2;0;1;1;1
202400029006;155 730 701;2;0;2;7;1;1
202400029006;155 730 702;7;0;2;1;9;1
202400029007;155 730 699;7;0;0;7;1;1
202400029008;155 730 697;7;0;1;0;1;1
202400029009;155 730 696;33;13;0;0;1;1
202400029010;155 730 694;7;0;1;1;17;1
202400029011;155 730 693;7;0;2;1;15;1
202400029011;155 730 695;7;0;2;2;1;1
202400029012;155 730 689;7;0;2;1;1;1
202400029012;155 730 690;7;0;2;5;13;1
202400029013;155 730 688;7;2;0;3;26;1
202400029014;155 730 687;10;3;0;1;1;1
202400029015;155 730 686;33;8;0;1;2;1
202400029016;155 730 684;7;0;2;1;2;0
202400029016;155 730 685;7;4;2;4;2;1
202400029017;155 730 682;15;0;0;6;2;1
202400029017;155 730 683;7;0;2;1;2;2
202400029018;155 730 680;7;0;2;2;17;1
202400029018;155 730 681;7;0;0;8;13;1
202400029019;155 730 679;34;4;0;3;1;1
202400029020;155 730 677;38;0;2;1;1;1
202400029020;155 730 678;7;0;2;1;13;1
202400029021;155 730 675;33;0;0;1;0;1
202400029021;155 730 676;7;0;2;1;15;1
202400029022;155 730 674;33;0;6;1;21;1
202400029023;155 730 670;7;0;6;2;21;1
202400029023;155 730 671;7;0;2;8;21;1
202400029023;155 730 672;7;0;2;8;1;1
202400029023;155 730 673;33;0;2;9;21;1
202400029024;155 730 669;7;0;1;1;1;1
202400029025;155 730 668;7;0;1;2;1;1
202400029026;155 730 666;80;0;2;1;1;3
202400029026;155 730 667;7;0;2;3;9;1
202400029027;155 730 664;13;0;2;3;1;1
202400029027;155 730 665;7;0;2;3;13;1
202400029028;155 730 662;2;0;2;1;1;1
202400029028;155 730 663;7;0;2;2;15;1
202400029029;155 730 661;50;0;0;1;1;3
202400029030;155 730 659;1;0;2;4;1;5
202400029030;155 730 660;10;0;2;2;2;1
202400029031;155 730 658;7;0;1;3;15;1
202400029032;155 730 656;7;0;2;7;10;1
202400029032;155 730 657;21;0;2;1;1;1
202400029033;155 730 655;7;13;0;2;26;1
202400029034;155 730 653;33;0;2;1;3;1
202400029034;155 730 654;15;0;2;6;1;1
202400029035;155 730 652;7;0;1;2;1;1
202400029036;155 730 651;7;0;0;1;1;1
202400029037;155 730 649;7;0;2;1;1;1
202400029037;155 730 650;7;0;2;4;1;1
202400029038;155 730 646;7;0;2;6;17;1
202400029038;155 730 648;7;;;;;
202400029039;155 730 644;7;2;0;1;2;1
202400029040;155 730 645;10;0;2;4;23;0
202400029040;155 730 647;10;0;2;1;1;0
202400029041;155 730 640;7;0;2;8;9;1
202400029041;155 730 641;15;0;2;7;1;1
202400029041;155 730 643;15;0;2;6;24;1
202400029042;155 730 639;32;0;2;2;1;1
202400029042;155 730 642;50;0;2;2;19;3
202400029043;155 730 636;7;0;2;1;11;1
202400029043;155 730 637;33;0;2;8;1;1
202400029043;155 730 638;7;0;2;7;1;1
202400029044;155 730 632;7;0;2;8;1;1
202400029044;155 730 633;10;0;2;7;12;1
202400029044;155 730 634;31;0;2;8;1;1
202400029045;155 730 631;7;0;2;2;1;1
202400029045;155 730 635;1;0;2;8;19;5
202400029046;155 730 630;33;0;2;7;14;1
202400029047;155 730 627;7;0;2;1;1;1
202400029047;155 730 628;7;0;2;4;1;2
202400029048;155 730 629;7;1;1;8;22;0
202400029049;155 730 626;7;16;0;1;14;2
202400029050;155 730 623;14;0;2;2;12;1
202400029050;155 730 624;7;6;2;6;1;1
202400029051;155 730 625;37;0;1;1;16;3
202400029052;155 730 621;33;0;9;0;21;1
202400029052;155 730 622;80;0;9;0;2;3
202400029053;155 730 619;7;0;2;3;11;0
202400029053;155 730 620;33;0;2;1;1;0
202400029054;155 730 617;43;0;2;2;3;1
202400029054;155 730 618;7;0;2;6;11;1
202400029055;155 730 615;7;0;2;5;12;1
202400029055;155 730 616;33;0;2;1;3;1
202400029056;155 730 614;33;0;1;1;19;3
202400029057;155 730 612;7;0;2;9;13;1
202400029057;155 730 613;7;0;2;7;1;1
202400029058;155 730 609;33;14;0;1;1;1
202400029059;155 730 610;80;0;2;7;1;3
202400029059;155 730 611;50;0;2;1;9;3
202400029060;155 730 605;7;0;2;1;13;1
202400029060;155 730 606;7;0;0;6;1;1
202400029060;155 730 607;7;0;0;1;6;1
202400029061;155 730 604;10;0;2;1;16;1
202400029061;155 730 608;1;0;2;2;1;5
202400029062;155 730 602;7;0;2;2;15;1
202400029062;155 730 603;30;0;2;1;1;1
202400029063;155 730 600;7;0;2;2;1;1
202400029063;155 730 601;7;0;2;2;13;1
202400029064;155 730 598;31;0;9;0;1;1
202400029064;155 730 599;15;0;2;0;0;1
202400029065;155 730 597;7;16;0;0;1;1
202400029066;155 730 595;10;0;2;3;13;1
202400029066;155 730 596;7;0;2;3;1;1
202400029067;155 730 593;7;0;1;2;1;3
202400029068;155 730 591;38;0;1;3;15;1
202400029069;155 730 592;15;0;2;3;1;1
202400029069;155 730 594;7;0;2;3;13;1
202400029070;155 730 588;7;0;2;1;1;1
202400029070;155 730 590;7;0;2;3;15;1
202400029071;155 730 586;50;8;0;1;13;3
202400029072;155 730 587;7;0;2;3;1;1
202400029072;155 730 589;7;3;2;5;14;1
202400029073;155 730 584;13;0;1;4;4;1
202400029074;155 730 583;7;0;2;3;13;0
202400029074;155 730 585;14;0;2;8;1;0
202400029075;155 730 581;7;0;2;1;16;1
202400029075;155 730 582;50;0;2;1;0;3
202400029076;155 730 579;2;0;2;3;5;1
202400029076;155 730 580;7;0;2;3;14;1
202400029077;155 730 576;33;0;0;8;21;1
202400029078;155 730 572;7;0;2;1;13;1
202400029078;155 730 573;10;0;2;2;13;1
202400029079;155 730 574;33;0;0;2;16;1
202400029080;155 730 569;7;3;2;1;17;1
202400029080;155 730 571;10;3;2;4;1;1
202400029081;155 730 568;7;0;2;3;15;1
202400029081;155 730 570;2;0;2;1;17;1
202400029082;155 730 566;33;0;2;1;17;1
202400029082;155 730 567;7;0;2;8;17;1
202400029083;155 730 564;7;0;2;3;13;1
202400029083;155 730 565;7;0;2;3;1;1
202400029084;155 730 562;2;6;0;0;1;1
202400029085;155 730 561;10;0;2;3;15;1
202400029085;155 730 563;10;0;2;3;23;1
202400029086;155 730 560;7;13;0;3;1;1
202400029087;155 730 558;7;0;2;0;0;2
202400029087;155 730 559;1;0;2;0;26;0
202400029088;155 730 556;10;0;2;3;15;1
202400029088;155 730 557;33;0;2;1;1;1
202400029089;155 730 554;7;0;2;1;13;1
202400029089;155 730 555;7;0;2;1;1;1
202400029090;155 730 553;7;2;0;1;26;1
202400029091;155 730 550;7;0;2;1;15;1
202400029091;155 730 552;32;0;2;6;14;1
202400029092;155 730 547;7;9;1;1;26;1
202400029093;155 730 546;7;1;0;6;24;1
202400029093;155 730 548;7;1;0;2;14;1
202400029093;155 730 549;7;1;0;4;24;1
202400029094;155 730 543;7;0;2;1;5;1
202400029094;155 730 544;7;0;2;1;1;1
202400029095;155 730 542;7;0;2;1;2;1
202400029095;155 730 545;7;0;2;4;1;1
202400029096;155 730 541;7;2;0;3;1;1
202400029097;155 730 539;7;0;2;1;2;1
202400029097;155 730 540;7;0;2;4;23;1
202400029098;155 730 538;7;13;0;1;21;1
202400029099;155 730 535;10;0;2;7;15;1
202400029099;155 730 537;2;0;2;1;1;1
202400029100;155 730 534;10;1;0;4;23;1
202400029100;155 730 536;7;1;0;1;1;1
202400029101;155 730 533;7;0;1;1;15;1
202400029102;155 730 532;7;2;0;1;1;1
202400029103;155 730 530;1;0;0;4;0;5
202400029103;155 730 531;7;0;0;1;1;1
202400029104;155 730 529;7;8;0;1;0;6
202400029105;155 730 527;7;0;1;1;1;1
202400029106;155 730 524;7;0;2;2;2;1
202400029106;155 730 526;1;0;0;4;0;5
202400029107;155 730 525;33;0;2;1;1;1
202400029107;155 730 528;7;0;2;6;15;1
202400029108;155 730 521;7;1;0;6;19;1
202400029108;155 730 523;7;1;0;2;1;1
202400029109;155 730 520;7;0;2;1;1;1
202400029109;155 730 522;7;0;2;3;9;1
202400029110;155 730 518;37;0;1;3;1;1
202400029111;155 730 517;7;1;2;1;0;1
202400029111;155 730 519;7;0;9;4;0;1
202400029112;155 730 514;7;0;2;1;1;1
202400029112;155 730 516;7;0;2;4;15;1
202400029113;155 730 512;10;0;2;1;1;1
202400029113;155 730 513;2;0;2;1;17;1
202400029113;155 730 515;7;0;2;6;1;1
202400029114;155 730 509;3;0;2;2;19;1
202400029114;155 730 511;7;0;2;3;1;1
202400029115;155 730 507;7;0;0;5;20;1
202400029115;155 730 508;31;0;2;1;1;1
202400029115;155 730 510;7;0;2;3;1;1
202400029116;155 730 506;7;0;1;1;1;1
202400029117;155 730 504;7;0;0;1;5;1
202400029117;155 730 505;7;0;0;1;0;1
202400029118;155 730 498;7;0;2;7;15;1
202400029118;155 730 502;80;0;2;1;1;3
202400029119;155 730 497;7;1;0;2;1;1
202400029119;155 730 499;7;0;0;4;17;1
202400029119;155 730 500;7;3;0;7;23;2
202400029119;155 730 501;7;0;2;1;1;1
202400029119;155 730 503;7;4;0;2;1;1
202400029120;155 730 495;7;0;2;5;15;1
202400029120;155 730 496;1;0;2;1;1;5
202400029121;155 730 491;7;0;2;3;13;1
202400029121;155 730 493;14;0;2;3;1;1
202400029121;155 730 494;7;0;2;1;1;1
202400029122;155 730 489;31;0;2;9;26;1
202400029122;155 730 490;7;0;2;2;1;3
202400029122;155 730 492;3;0;2;3;9;2
202400029123;155 730 488;17;3;0;3;0;1
202400029124;155 730 486;1;0;2;8;1;5
202400029124;155 730 487;10;0;2;7;14;1
202400029125;155 730 483;7;0;2;3;15;1
202400029125;155 730 485;1;0;2;1;1;5
202400029126;155 730 480;7;0;1;1;1;1
202400029127;155 730 481;7;0;0;4;2;1
202400029127;155 730 482;7;0;2;2;2;1
202400029127;155 730 484;7;0;2;6;2;1
202400029128;155 730 477;32;0;2;1;1;1
202400029128;155 730 479;7;0;2;3;13;1
202400029129;155 730 476;10;1;0;1;1;1
202400029129;155 730 478;17;0;0;0;24;1
202400029130;155 730 474;10;13;0;0;13;1
202400029131;155 730 473;7;0;2;1;1;1
202400029131;155 730 475;7;0;2;1;15;1
202400029132;155 730 471;7;0;1;4;26;1
202400029133;155 730 470;7;2;0;7;13;1
202400029134;155 730 468;7;0;0;1;1;1
202400029135;155 730 467;10;0;2;0;26;1
202400029135;155 730 469;33;0;9;1;1;1
202400029136;155 730 465;0;0;0;0;0;0
202400029137;155 730 463;31;0;0;0;1;1
202400029138;155 730 461;32;0;2;1;0;1
202400029138;155 730 462;7;0;2;3;15;1
202400029139;155 730 460;10;1;0;1;0;1
202400029140;155 730 459;7;0;1;1;9;1
202400029141;155 730 457;10;0;1;2;4;3
202400029142;155 730 455;10;0;2;4;2;1
202400029142;155 730 456;10;0;2;4;2;1
202400029142;155 730 458;14;0;2;1;2;1
202400029143;155 730 452;13;0;9;0;2;1
202400029143;155 730 454;1;0;0;0;0;5
202400029144;155 730 451;7;0;2;1;15;1
202400029144;155 730 453;2;0;2;1;1;1
202400029145;155 730 448;7;0;2;4;23;1
202400029145;155 730 450;7;0;2;1;0;1
202400029146;155 730 447;3;0;0;5;1;3
202400029146;155 730 449;1;0;2;1;2;5
202400029147;155 730 444;7;0;0;1;2;1
202400029147;155 730 445;7;0;2;4;1;1
202400029147;155 730 446;7;0;2;4;1;1
202400029148;155 730 443;7;0;0;2;1;1
202400029149;155 730 442;7;0;5;0;3;1
202400029150;155 730 441;10;8;0;1;2;1
202400029151;155 730 435;7;0;2;5;1;1
202400029151;155 730 436;7;0;2;8;1;1
202400029151;155 730 438;7;0;2;3;9;1
202400029152;155 730 434;7;0;2;1;13;1
202400029152;155 730 437;15;0;2;1;0;1
202400029152;155 730 439;7;0;2;1;1;1
202400029152;155 730 440;7;0;2;1;1;1
202400029153;155 730 433;7;0;1;7;16;1
202400029154;155 730 432;7;0;1;2;0;1
202400029155;155 730 429;7;0;2;0;0;1
202400029155;155 730 431;10;0;2;8;0;1
202400029156;155 730 430;7;16;0;1;1;1
202400029157;155 730 427;31;0;2;1;2;1
202400029157;155 730 428;33;0;2;5;2;1
202400029158;155 730 424;7;0;0;4;1;1
202400029158;155 730 426;7;3;2;1;1;1
202400029159;155 730 423;7;0;2;1;9;1
202400029159;155 730 425;1;0;2;2;1;5
202400029160;155 730 420;7;0;2;6;2;1
202400029160;155 730 422;14;0;2;2;2;1
202400029161;155 730 419;50;0;2;1;1;3
202400029161;155 730 421;7;0;2;2;15;1
202400029162;155 730 417;7;0;1;3;1;1
202400029163;155 730 416;7;0;2;4;2;1
202400029163;155 730 418;7;0;2;1;2;1
202400029164;155 730 413;10;0;2;1;9;0
202400029164;155 730 415;2;0;2;7;19;0
202400029165;155 730 411;7;0;2;4;2;1
202400029165;155 730 412;7;0;2;4;2;1
202400029165;155 730 414;7;0;2;1;2;1
202400029166;155 730 410;7;0;1;1;16;1
202400029167;155 730 407;7;0;1;1;1;1
202400029168;155 730 406;7;0;2;4;23;1
202400029168;155 730 408;7;0;2;4;23;1
202400029168;155 730 409;7;0;2;1;1;1
202400029169;155 730 404;7;0;2;2;1;3
202400029169;155 730 405;1;0;2;3;19;5
202400029170;155 730 403;7;3;0;1;13;1
202400029171;155 730 402;7;12;0;3;1;1
202400029172;155 730 400;33;0;2;1;2;1
202400029172;155 730 401;7;0;2;5;23;1
202400029173;155 730 398;1;0;2;8;1;5
202400029173;155 730 399;7;0;2;1;16;1
202400029174;155 730 396;10;0;1;0;1;0
202400029175;155 730 395;14;0;2;1;1;1
202400029175;155 730 397;7;0;2;9;9;1
202400029176;155 730 394;7;0;1;1;1;1
202400029177;155 730 392;15;0;2;2;1;1
202400029177;155 730 393;7;0;2;6;14;1
202400029178;155 730 391;17;0;1;1;23;1
202400029179;155 730 387;33;0;2;1;3;1
202400029179;155 730 389;7;0;2;4;14;1
202400029179;155 730 390;7;0;2;2;1;1
202400029180;155 730 386;7;0;2;3;9;1
202400029180;155 730 388;7;0;2;1;0;1
202400029181;155 730 385;41;0;0;0;0;1
202400029182;155 730 383;10;0;2;1;1;1
202400029182;155 730 384;7;0;2;1;1;1
202400029183;155 730 380;7;0;1;7;1;1
202400029184;155 730 379;7;0;2;8;1;1
202400029184;155 730 381;33;0;2;0;3;1
202400029184;155 730 382;7;0;2;8;1;1
202400029185;155 730 377;7;0;2;3;15;2
202400029185;155 730 378;2;0;2;1;1;1
202400029186;155 730 374;10;0;2;4;4;1
202400029186;155 730 375;2;0;2;1;23;1
202400029187;155 730 371;30;0;2;0;0;1
202400029187;155 730 373;7;0;2;0;0;1
202400029188;155 730 372;60;0;2;0;0;5
202400029188;155 730 376;7;0;2;0;0;1
202400029189;155 730 370;7;4;0;3;13;1
202400029190;155 730 368;7;0;2;3;13;1
202400029190;155 730 369;7;0;2;2;1;1
202400029191;155 730 365;7;0;2;1;2;3
202400029191;155 730 366;7;0;2;4;23;1
202400029191;155 730 367;7;0;2;4;23;1
202400029192;155 730 364;7;0;1;8;1;0
202400029193;155 730 363;50;12;0;1;14;3
202400029194;155 730 361;7;0;2;1;1;1
202400029194;155 730 362;33;0;2;7;1;1
202400029195;155 730 360;7;0;1;1;15;2
202400029196;155 730 358;7;14;1;0;16;3
202400029197;155 730 357;50;0;2;0;0;3
202400029197;155 730 359;7;0;2;2;0;1
202400029198;155 730 354;7;1;2;3;15;1
202400029198;155 730 356;32;0;2;1;1;1
202400029199;155 730 353;1;0;2;0;1;5
202400029199;155 730 355;7;0;2;0;0;1
202400029200;155 730 352;7;0;1;0;26;1
202400029201;155 730 349;7;0;2;4;1;1
202400029201;155 730 350;14;0;2;1;2;1
202400029202;155 730 348;7;0;2;1;12;1
202400029202;155 730 351;33;0;2;0;0;1
202400029203;155 730 347;7;0;1;1;1;1
202400029204;155 730 345;7;0;2;7;1;1
202400029204;155 730 346;1;0;2;8;1;5
202400029205;155 730 342;1;0;2;2;26;5
202400029205;155 730 344;7;0;2;8;1;1
202400029206;155 730 341;30;0;2;4;23;1
202400029206;155 730 343;7;0;2;1;2;1
202400029207;155 730 340;10;0;1;1;17;1
202400029208;155 730 339;7;0;1;1;1;1
202400029209;155 730 336;7;0;2;3;11;1
202400029209;155 730 337;33;0;2;1;0;1
202400029210;155 730 330;7;0;2;0;0;1
202400029210;155 730 331;7;0;2;1;6;1
202400029211;155 730 329;7;0;2;3;26;3
202400029211;155 730 332;50;0;2;4;26;3
202400029212;155 730 325;10;0;2;3;15;1
202400029212;155 730 326;2;0;2;1;1;1
202400029213;155 730 327;10;0;2;1;11;0
202400029213;155 730 328;7;0;2;3;2;1
202400029214;155 730 323;50;0;2;1;5;3
202400029214;155 730 324;7;0;2;8;1;1
202400029215;155 730 321;7;0;2;1;1;1
202400029215;155 730 322;10;0;2;1;15;1
202400029216;155 730 316;7;0;2;1;1;1
202400029216;155 730 320;7;0;2;2;1;1
202400029217;155 730 313;7;0;2;8;15;1
202400029217;155 730 315;32;0;2;7;2;3
202400029218;155 730 312;3;1;0;8;16;0
202400029218;155 730 314;34;0;0;1;1;1
202400029219;155 730 310;7;0;2;6;15;1
202400029219;155 730 311;33;0;2;1;17;1
202400029220;155 730 309;7;0;1;1;9;1
202400029221;155 730 308;7;0;1;2;21;1
202400029222;155 730 306;7;0;9;1;26;2
202400029222;155 730 307;50;0;2;7;1;3
202400029223;155 730 304;30;0;0;2;26;1
202400029224;155 730 303;7;0;2;1;0;1
202400029224;155 730 305;99;0;2;1;13;0
202400029225;155 730 301;7;0;2;3;0;1
202400029225;155 730 302;7;0;2;3;14;1
202400029226;155 730 300;0;0;0;0;26;0
202400029227;155 730 299;7;0;1;4;4;1
202400029228;155 730 298;7;0;1;1;16;1
202400029229;155 730 296;7;12;1;1;2;1
202400029230;155 730 295;7;0;2;3;2;2
202400029230;155 730 297;33;0;2;1;17;1
202400029231;155 730 292;32;0;2;7;1;1
202400029231;155 730 293;10;0;2;1;9;1
202400029232;155 730 291;99;0;0;0;0;5
202400029232;155 730 294;7;0;2;5;13;1
202400029233;155 730 289;7;0;2;1;2;1
202400029233;155 730 290;7;0;2;4;2;3
202400029234;155 730 288;7;0;1;1;15;1
202400029235;155 730 286;7;0;1;1;1;1
202400029236;155 730 285;10;0;2;2;1;1
202400029236;155 730 287;33;0;2;3;7;1
202400029237;155 730 283;7;0;2;8;15;1
202400029237;155 730 284;1;0;2;8;1;5
202400029238;155 730 281;7;0;2;1;15;2
202400029238;155 730 282;31;0;2;3;1;1
202400029239;155 730 279;7;0;2;1;26;1
202400029239;155 730 280;10;0;2;4;2;1
202400029240;155 730 278;10;0;1;2;1;1
202400029241;155 730 276;10;0;2;3;1;1
202400029241;155 730 277;37;0;2;3;1;1
202400029242;155 730 272;7;0;2;1;15;2
202400029242;155 730 274;50;0;2;8;1;3
202400029243;155 730 273;32;0;2;1;15;1
202400029243;155 730 275;43;0;2;1;1;1
202400029244;155 730 271;7;0;1;2;15;1
202400029245;155 730 270;33;0;1;2;1;1
202400029246;155 730 269;32;0;0;0;0;1
202400029247;155 730 268;2;0;0;0;26;3
202400029248;155 730 267;7;4;0;8;26;1
202400029249;155 730 266;30;0;0;0;14;1
202400029250;155 730 264;7;0;2;8;1;1
202400029250;155 730 265;31;0;2;2;17;1
202400029251;155 730 262;1;0;0;0;0;5
202400029251;155 730 263;7;0;0;0;16;1
202400029252;155 730 260;10;0;2;4;1;6
202400029252;155 730 261;10;0;2;1;1;6
202400029253;155 730 258;1;0;2;1;2;5
202400029253;155 730 259;7;0;2;4;16;1
202400029254;155 730 256;7;0;2;8;19;1
202400029254;155 730 257;32;0;2;1;1;1
202400029255;155 730 253;7;0;2;7;14;1
202400029255;155 730 255;31;0;2;8;0;1
202400029256;155 730 252;7;0;2;1;0;1
202400029256;155 730 254;7;0;2;1;1;1
202400029257;155 730 250;33;1;1;1;1;1
202400029258;155 730 246;50;0;2;1;2;3
202400029258;155 730 248;31;0;2;1;16;1
202400029259;155 730 245;33;0;2;7;1;1
202400029259;155 730 247;37;0;2;8;13;1
202400029260;155 730 243;7;4;0;2;14;1
202400029261;155 730 242;7;0;2;1;16;2
202400029261;155 730 244;1;0;2;1;1;5
202400029262;155 730 241;30;0;0;7;26;1
202400029263;155 730 240;50;1;0;1;1;3
202400029264;155 730 239;7;15;0;1;13;1
202400029265;155 730 237;33;0;2;0;0;1
202400029265;155 730 238;7;0;2;0;0;1
202400029266;155 730 234;7;0;2;2;1;1
202400029266;155 730 236;7;0;2;3;9;1
202400029267;155 730 233;33;0;2;2;1;1
202400029267;155 730 235;7;0;2;3;15;1
202400029268;155 730 231;1;0;2;0;0;5
202400029268;155 730 232;7;0;2;0;26;1
202400029269;155 730 230;7;14;0;3;5;1
202400029270;155 730 225;7;0;2;4;2;1
202400029270;155 730 227;7;0;2;4;2;1
202400029270;155 730 228;10;0;2;4;2;1
202400029270;155 730 229;7;0;2;1;2;1
202400029271;155 730 224;10;0;2;3;1;3
202400029271;155 730 226;1;0;0;0;0;5
202400029272;155 730 220;10;0;2;1;0;1
202400029272;155 730 222;7;0;2;3;26;1
202400029273;155 730 218;7;12;1;1;0;2
202400029274;155 730 217;7;0;2;1;15;1
202400029274;155 730 219;30;0;2;1;1;1
202400029275;155 730 216;10;0;1;1;1;1
202400029276;155 730 213;37;0;2;1;1;1
202400029276;155 730 215;7;0;2;7;1;1
202400029277;155 730 212;50;0;2;8;26;3
202400029277;155 730 214;7;0;2;3;2;1
202400029278;155 730 210;10;0;2;1;15;1
202400029278;155 730 211;7;0;2;7;1;1
202400029279;155 730 209;0;0;1;1;2;0
202400029280;155 730 206;7;0;2;1;2;1
202400029280;155 730 208;7;0;2;4;2;1
202400029281;155 730 205;7;0;9;2;16;1
202400029281;155 730 207;50;0;2;1;1;3
202400029282;155 730 204;10;0;0;0;0;0
202400029283;155 730 203;7;0;1;1;19;1
202400029284;155 730 199;33;0;2;1;5;1
202400029284;155 730 200;7;0;2;1;0;0
202400029284;155 730 202;7;0;2;1;5;1
202400029285;155 730 198;7;0;1;1;26;1
202400029286;155 730 196;31;0;2;8;2;1
202400029286;155 730 197;7;0;2;3;15;1
202400029287;155 730 195;7;0;1;1;1;1
202400029288;155 730 194;32;8;0;1;1;1
202400029289;155 730 193;3;0;2;0;26;1
202400029290;155 730 192;33;1;1;8;17;1
202400029291;155 730 190;7;2;2;2;13;1
202400029291;155 730 191;7;0;2;2;1;1
202400029292;155 730 188;34;0;2;2;17;1
202400029292;155 730 189;7;0;2;3;13;1
202400029293;155 730 186;7;0;2;1;2;1
202400029293;155 730 187;7;0;2;4;2;1
202400029294;155 730 185;7;0;1;3;16;1
202400029295;155 730 184;33;0;0;0;1;1
202400029296;155 730 182;7;0;2;5;9;2
202400029296;155 730 183;7;0;2;1;1;1
202400029297;155 730 180;7;0;2;1;13;0
202400029297;155 730 181;7;0;2;1;1;0
202400029298;155 730 178;7;0;2;3;15;1
202400029298;155 730 179;1;0;2;8;1;5
202400029299;155 730 177;37;0;0;1;14;3
202400029300;155 730 176;1;0;0;0;1;5
202400029301;155 730 175;7;0;1;1;1;1
202400029302;155 730 174;7;0;1;3;1;1
202400029303;155 730 173;2;0;0;0;1;1
202400029304;155 730 172;7;6;1;2;21;1
202400029305;155 730 170;33;0;2;2;1;1
202400029305;155 730 171;10;0;2;3;1;1
202400029306;155 730 168;7;0;2;1;13;1
202400029306;155 730 169;7;0;2;1;1;1
202400029307;155 730 165;31;0;2;8;21;1
202400029307;155 730 167;7;0;2;8;16;1
202400029308;155 730 164;33;0;2;1;13;1
202400029308;155 730 166;7;0;2;1;1;3
202400029309;155 730 161;31;0;2;1;8;1
202400029309;155 730 163;7;0;2;2;15;1
202400029310;155 730 160;7;0;2;1;6;1
202400029310;155 730 162;7;0;2;1;9;1
202400029311;155 730 157;33;0;2;1;2;1
202400029311;155 730 159;7;0;2;4;2;0
202400029312;155 730 156;7;16;2;3;1;1
202400029312;155 730 158;7;0;2;3;1;1
202400029313;155 730 154;33;0;2;1;1;1
202400029313;155 730 155;7;0;2;3;10;1
202400029314;155 730 153;10;0;1;3;16;1
202400029315;155 730 151;7;16;0;0;0;1
202400029316;155 730 150;7;0;2;1;11;1
202400029316;155 730 152;14;0;2;3;1;1
202400029317;155 730 147;7;0;9;2;0;1
202400029317;155 730 149;99;0;2;1;5;3
202400029318;155 730 146;7;0;2;1;15;1
202400029318;155 730 148;7;0;2;8;0;1
202400029319;155 730 143;7;0;2;1;13;1
202400029319;155 730 145;15;0;2;1;1;1
202400029320;155 730 142;37;0;2;2;0;1
202400029320;155 730 144;7;0;0;0;0;1
202400029321;155 730 138;13;0;2;3;1;1
202400029321;155 730 141;7;0;2;1;1;1
202400029322;155 730 137;10;0;2;3;2;1
202400029322;155 730 140;7;0;2;4;2;1
202400029323;155 730 136;7;0;2;3;9;1
202400029323;155 730 139;2;0;2;2;1;1
202400029324;155 730 133;7;0;2;8;13;1
202400029324;155 730 135;7;0;2;1;1;1
202400029325;155 730 132;30;0;0;0;0;1
202400029326;155 730 129;7;0;2;1;17;1
202400029326;155 730 130;1;0;2;1;1;5
202400029327;155 730 126;10;0;2;1;16;1
202400029327;155 730 128;50;0;2;8;19;3
202400029328;155 730 125;7;13;0;2;1;1
202400029329;155 730 124;7;0;2;4;23;2
202400029329;155 730 127;7;0;2;1;1;1
202400029330;155 730 121;7;0;2;2;13;1
202400029330;155 730 122;7;0;2;1;1;2
202400029331;155 730 120;31;0;2;1;2;1
202400029331;155 730 123;7;0;2;4;2;2
202400029332;155 730 119;7;0;1;2;2;1
202400029333;155 730 118;7;0;0;9;1;1
202400029334;155 730 116;7;0;0;2;13;1
202400029335;155 730 115;50;0;2;1;1;3
202400029335;155 730 117;7;0;2;1;1;1
202400029336;155 730 113;13;0;4;1;9;1
202400029336;155 730 114;40;0;2;3;1;0
202400029337;155 730 112;7;0;1;1;1;2
202400029338;155 730 109;2;0;0;0;2;1
202400029339;155 730 108;31;0;2;3;15;1
202400029339;155 730 111;7;0;2;2;19;1
202400029340;155 730 107;7;0;0;0;0;1
202400029340;155 730 110;7;0;0;0;0;1
202400029341;155 730 105;7;0;1;3;1;1
202400029342;155 730 104;33;0;2;1;1;1
202400029342;155 730 106;7;0;2;2;19;1
202400029343;155 730 102;7;0;1;2;1;2
202400029344;155 730 100;7;0;2;2;1;1
202400029344;155 730 101;7;0;2;5;1;1
202400029344;155 730 103;37;0;2;3;23;1
202400029345;155 730 097;33;0;2;2;17;1
202400029345;155 730 099;7;0;2;3;15;1
202400029346;155 730 096;31;0;2;7;1;1
202400029346;155 730 098;7;0;2;3;11;1
202400029347;155 730 094;7;4;0;2;1;1
202400029348;155 730 093;7;0;2;3;2;1
202400029348;155 730 095;7;0;2;4;2;1
202400029349;155 730 088;10;0;2;1;2;1
202400029349;155 730 090;10;0;2;1;2;1
202400029349;155 730 092;7;0;2;4;2;2
202400029350;155 730 089;7;0;2;1;26;1
202400029350;155 730 091;7;0;2;1;1;1
202400029351;155 730 086;7;1;0;6;24;2
202400029351;155 730 087;80;1;0;1;2;3
202400029352;155 730 084;33;0;2;1;1;1