Num_Acc;id_vehicule;categorie_vehicule;obstacle_fixe;obstacle_mobile;point_choc_initial;manoeuvre_principale;motorisation
202400029352;155 730 085;7;0;2;1;15;1
202400029353;155 730 083;7;0;1;1;0;0
202400029354;155 730 080;1;0;2;7;0;5
202400029354;155 730 082;7;0;2;3;0;1
202400029355;155 730 081;7;0;1;1;1;2
202400029356;155 730 077;1;0;2;4;1;5
202400029356;155 730 078;1;0;2;1;2;5
202400029357;155 730 076;10;0;2;1;1;1
202400029357;155 730 079;37;0;2;7;1;6
202400029358;155 730 074;31;0;2;3;1;1
202400029358;155 730 075;7;0;2;1;15;1
202400029359;155 730 073;7;0;1;7;15;1
202400029360;155 730 071;33;0;2;1;1;1
202400029360;155 730 072;7;0;2;4;23;1
202400029361;155 730 068;2;14;2;3;1;1
202400029361;155 730 070;7;0;2;2;19;1
202400029362;155 730 067;30;0;0;0;0;1
202400029362;155 730 069;10;0;2;5;1;1
202400029363;155 730 064;7;0;2;3;1;1
202400029363;155 730 066;7;0;2;2;15;3
202400029364;155 730 063;7;0;2;3;1;1
202400029364;155 730 065;10;0;2;3;13;1
202400029365;155 730 061;50;0;2;8;18;3
202400029365;155 730 062;13;0;2;5;1;1
202400029366;155 730 058;34;0;2;1;1;1
202400029366;155 730 059;7;0;2;0;0;1
202400029366;155 730 060;1;0;2;0;11;5
202400029367;155 730 057;10;0;1;3;15;1
202400029368;155 730 053;7;0;2;4;1;1
202400029368;155 730 055;7;0;2;1;1;0
202400029369;155 730 054;7;0;2;3;15;1
202400029369;155 730 056;1;0;2;0;0;5
202400029370;155 730 050;7;0;2;1;1;1
202400029370;155 730 051;7;0;2;3;16;1
202400029371;155 730 049;7;0;2;1;9;1
202400029371;155 730 052;1;0;2;3;5;5
202400029372;155 730 047;7;0;2;2;0;1
202400029372;155 730 048;1;0;2;3;0;5
202400029373;155 730 043;7;0;2;1;1;1
202400029373;155 730 044;33;0;2;8;1;1
202400029374;155 730 042;10;0;1;1;1;1
202400029375;155 730 038;10;0;2;3;13;1
202400029375;155 730 039;7;0;2;8;21;1
202400029375;155 730 041;7;0;2;2;1;2
202400029376;155 730 037;33;0;1;1;1;1
202400029376;155 730 040;7;0;2;7;9;2
202400029377;155 730 036;10;0;1;2;20;1
202400029378;155 730 035;33;0;0;0;1;1
202400029379;155 730 033;7;0;2;2;15;1
202400029379;155 730 034;33;0;2;4;15;1
202400029380;155 730 032;7;0;1;3;15;1
202400029381;155 730 031;7;0;1;2;17;1
202400029382;155 730 029;1;0;2;1;1;5
202400029382;155 730 030;7;0;2;3;1;1
202400029383;155 730 028;7;0;1;1;11;2
202400029384;155 730 026;34;4;0;7;13;1
202400029384;155 730 027;7;4;0;8;13;1
202400029385;155 730 025;7;0;0;1;26;1
202400029386;155 730 023;33;0;2;8;0;1
202400029386;155 730 024;7;0;2;5;0;1
202400029387;155 730 022;7;8;0;2;1;1
202400029388;155 730 021;33;3;0;0;0;1
202400029389;155 730 017;10;1;2;7;16;1
202400029389;155 730 019;7;1;2;3;24;1
202400029390;155 730 018;33;0;2;1;7;1
202400029390;155 730 020;7;0;2;7;17;1
202400029391;155 730 014;7;0;2;8;1;1
202400029391;155 730 016;7;0;2;1;20;1
202400029392;155 730 013;1;0;9;7;1;5
202400029392;155 730 015;7;0;2;1;1;1
202400029393;155 730 010;7;0;2;8;11;1
202400029393;155 730 011;33;0;2;2;3;1
202400029394;155 730 012;7;0;2;0;0;0
202400029395;155 730 008;33;0;2;4;1;1
202400029395;155 730 009;7;0;2;1;9;3
202400029396;155 730 007;7;0;1;2;16;2
202400029397;155 730 006;7;0;1;1;1;1
202400029398;155 730 002;2;0;2;1;1;1
202400029398;155 730 005;7;0;2;7;1;1
202400029399;155 730 003;1;0;2;1;9;5
202400029399;155 730 004;7;0;2;6;12;2
202400029400;155 729 998;7;14;0;1;16;1
202400029400;155 730 001;7;0;0;1;23;1
202400029401;155 729 999;7;0;2;1;15;1
202400029401;155 730 000;50;0;2;2;1;3
202400029402;155 729 996;33;0;2;1;1;1
202400029402;155 729 997;32;0;2;4;23;1
202400029403;155 729 995;37;1;1;5;14;1
202400029404;155 729 994;1;0;1;1;21;5
202400029405;155 729 991;50;0;2;3;2;3
202400029405;155 729 993;7;0;2;7;16;1
202400029406;155 729 990;50;0;2;1;9;3
202400029406;155 729 992;7;0;9;1;9;3
202400029407;155 729 986;7;0;2;3;1;3
202400029407;155 729 987;7;0;2;2;1;1
202400029408;155 729 988;33;0;2;1;17;1
202400029408;155 729 989;10;0;2;6;15;3
202400029409;155 729 983;7;9;0;1;26;1
202400029409;155 729 985;7;9;0;1;15;1
202400029410;155 729 982;30;0;2;1;17;1
202400029410;155 729 984;10;0;2;0;15;1
202400029411;155 729 979;2;0;2;1;1;1
202400029411;155 729 981;21;0;2;4;15;1
202400029412;155 729 978;33;0;2;1;2;1
202400029412;155 729 980;7;0;0;4;2;1
202400029413;155 729 977;7;13;0;1;1;1
202400029414;155 729 974;33;0;0;1;1;1
202400029414;155 729 976;7;0;0;3;13;1
202400029415;155 729 973;7;0;2;8;20;1
202400029415;155 729 975;33;1;2;7;1;1
202400029416;155 729 970;7;0;2;1;0;1
202400029416;155 729 972;7;0;2;1;1;1
202400029417;155 729 967;10;0;2;1;2;1
202400029417;155 729 969;2;0;2;4;15;1
202400029417;155 729 971;7;0;2;3;15;1
202400029418;155 729 966;10;0;2;2;11;1
202400029418;155 729 968;15;0;0;0;1;1
202400029419;155 729 965;30;0;9;0;1;1
202400029420;155 729 961;10;0;2;1;0;1
202400029420;155 729 962;7;0;2;0;0;1
202400029420;155 729 964;7;0;2;1;13;1
202400029421;155 729 959;7;0;2;8;17;1
202400029421;155 729 960;7;0;2;7;13;1
202400029421;155 729 963;7;0;2;1;1;1
202400029422;155 729 956;50;0;2;1;9;3
202400029422;155 729 958;7;0;9;1;1;1
202400029423;155 729 954;10;0;1;2;0;1
202400029424;155 729 955;7;11;0;3;6;1
202400029424;155 729 957;7;11;0;0;1;1
202400029425;155 729 952;15;0;2;6;15;1
202400029425;155 729 953;33;0;2;1;1;1
202400029426;155 729 949;17;0;2;6;1;0
202400029426;155 729 950;7;0;2;1;3;1
202400029427;155 729 947;7;0;2;5;1;1
202400029427;155 729 951;7;0;2;2;1;1
202400029428;155 729 946;7;0;2;1;13;1
202400029428;155 729 948;15;0;2;3;1;1
202400029429;155 729 945;7;13;0;2;1;1
202400029430;155 729 943;2;14;0;1;11;1
202400029431;155 729 942;7;0;2;1;2;1
202400029431;155 729 944;1;0;2;7;2;5
202400029432;155 729 941;7;6;0;2;14;1
202400029433;155 729 940;7;6;0;1;1;1
202400029434;155 729 937;7;0;0;4;1;1
202400029434;155 729 938;33;0;2;1;1;1
202400029435;155 729 936;7;0;2;5;12;1
202400029435;155 729 939;38;0;2;3;1;1
202400029436;155 729 934;1;0;2;1;19;5
202400029436;155 729 935;7;0;2;8;1;1
202400029437;155 729 932;80;0;2;6;18;3
202400029437;155 729 933;17;0;9;2;16;1
202400029438;155 729 930;7;0;2;1;1;1
202400029438;155 729 931;7;0;2;4;1;1
202400029439;155 729 929;50;0;0;0;5;3
202400029440;155 729 927;7;0;2;2;15;1
202400029440;155 729 928;50;0;2;1;26;3
202400029441;155 729 925;1;0;2;1;1;5
202400029441;155 729 926;1;0;2;5;17;5
202400029442;155 729 923;7;0;1;1;1;1
202400029443;155 729 924;1;0;0;0;2;5
202400029444;155 729 922;7;0;1;7;14;1
202400029445;155 729 919;7;0;2;1;1;1
202400029445;155 729 920;10;0;2;4;23;1
202400029445;155 729 921;7;0;2;4;23;1
202400029446;155 729 917;7;0;2;2;1;1
202400029446;155 729 918;50;0;2;4;1;3
202400029447;155 729 916;33;0;0;0;1;1
202400029448;155 729 914;7;0;1;2;26;1
202400029449;155 729 913;7;0;2;3;15;1
202400029449;155 729 915;1;0;2;7;19;5
202400029450;155 729 910;7;8;1;1;25;1
202400029451;155 729 911;7;0;2;3;15;1
202400029451;155 729 912;2;0;2;2;17;1
202400029452;155 729 909;7;13;0;1;15;1
202400029453;155 729 908;7;0;1;3;1;1
202400029454;155 729 905;7;0;2;3;1;1
202400029454;155 729 907;7;0;2;1;15;0
202400029455;155 729 904;31;0;2;1;2;1
202400029455;155 729 906;7;0;0;5;1;1
202400029456;155 729 903;7;0;1;0;2;1
202400029457;155 729 901;7;0;2;4;1;1
202400029457;155 729 902;10;0;2;1;1;1
202400029458;155 729 900;7;0;1;2;2;0
202400029459;155 729 899;37;0;1;2;1;1
202400029460;155 729 897;7;0;2;1;16;1
202400029460;155 729 898;7;0;2;2;1;1
202400029461;155 729 893;7;0;2;3;20;1
202400029461;155 729 895;32;0;2;1;1;1
202400029462;155 729 894;2;0;2;1;1;3
202400029462;155 729 896;10;0;2;3;19;1
202400029463;155 729 892;7;8;0;1;14;1
202400029464;155 729 891;32;2;0;1;1;1
202400029465;155 729 889;30;0;2;3;1;1
202400029465;155 729 890;7;0;2;3;15;1
202400029466;155 729 887;7;1;0;7;1;1
202400029466;155 729 888;10;0;2;7;24;1
202400029467;155 729 885;7;0;2;2;15;1
202400029467;155 729 886;7;0;2;1;1;1
202400029468;155 729 882;7;0;2;4;23;1
202400029468;155 729 883;10;0;2;1;21;1
202400029468;155 729 884;7;0;2;4;23;2
202400029469;155 729 880;10;0;2;1;15;1
202400029469;155 729 881;7;0;2;4;23;1
202400029470;155 729 878;7;0;2;4;23;1
202400029470;155 729 879;7;0;2;1;1;1
202400029471;155 729 875;30;0;2;2;18;3
202400029471;155 729 877;10;0;2;1;1;1
202400029472;155 729 873;7;0;1;6;4;1
202400029473;155 729 870;1;0;0;0;0;5
202400029473;155 729 872;7;0;9;1;1;1
202400029474;155 729 869;7;0;0;2;15;2
202400029474;155 729 871;32;0;2;3;1;1
202400029475;155 729 866;7;0;2;3;9;1
202400029475;155 729 867;1;0;2;2;1;5
202400029476;155 729 864;7;9;0;1;1;1
202400029476;155 729 865;7;14;0;0;1;1
202400029476;155 729 868;7;9;0;1;1;1
202400029477;155 729 861;33;0;2;1;21;1
202400029477;155 729 863;10;0;2;7;10;1
202400029478;155 729 862;37;0;1;3;15;2
202400029479;155 729 858;33;0;2;1;26;1
202400029479;155 729 860;7;0;2;1;1;1
202400029480;155 729 855;7;0;2;6;23;1
202400029480;155 729 856;7;0;2;3;2;1
202400029480;155 729 857;7;0;2;0;1;1
202400029480;155 729 859;7;0;2;5;23;2
202400029481;155 729 853;7;8;0;1;1;1
202400029482;155 729 852;7;0;9;3;22;1
202400029482;155 729 854;1;1;0;1;22;5
202400029483;155 729 850;7;0;1;2;15;1
202400029484;155 729 848;2;0;2;1;2;1
202400029484;155 729 849;2;0;2;1;2;1
202400029484;155 729 851;7;0;2;5;15;1
202400029485;155 729 847;2;0;0;0;1;1
202400029486;155 729 844;7;1;0;2;14;1
202400029486;155 729 846;7;0;2;6;23;1
202400029487;155 729 841;7;0;1;1;1;1
202400029488;155 729 839;7;0;2;1;1;1
202400029488;155 729 840;7;3;2;4;1;1
202400029488;155 729 842;7;0;2;1;1;1
202400029488;155 729 843;7;0;2;4;1;1
202400029488;155 729 845;7;0;2;4;1;1
202400029489;155 729 836;10;0;2;1;26;1
202400029489;155 729 837;7;0;2;1;1;1
202400029490;155 729 835;7;0;2;3;1;0
202400029490;155 729 838;10;0;2;3;1;0
202400029491;155 729 834;1;0;0;0;1;5
202400029492;155 729 831;34;0;2;1;17;1
202400029492;155 729 833;7;0;2;6;15;1
202400029493;155 729 830;7;0;2;1;1;1
202400029493;155 729 832;15;0;0;0;1;1
202400029494;155 729 825;15;0;2;1;1;0
202400029494;155 729 827;7;0;2;4;1;1
202400029494;155 729 828;15;0;0;5;1;1
202400029495;155 729 826;7;0;2;3;1;1
202400029495;155 729 829;1;0;2;0;1;5
202400029496;155 729 823;7;6;0;1;24;1
202400029497;155 729 822;7;0;2;5;0;0
202400029497;155 729 824;7;0;2;5;0;1
202400029498;155 729 820;7;0;2;1;2;1
202400029498;155 729 821;7;0;2;4;2;1
202400029499;155 729 817;7;0;2;7;15;2
202400029499;155 729 819;33;0;2;2;1;1
202400029500;155 729 816;7;0;2;2;2;1
202400029500;155 729 818;1;0;0;4;2;5
202400029501;155 729 813;7;0;2;4;1;1
202400029501;155 729 815;43;0;2;1;3;1
202400029502;155 729 812;7;0;2;3;11;1
202400029502;155 729 814;7;0;2;2;1;1
202400029503;155 729 810;10;12;0;3;1;1
202400029504;155 729 807;7;0;2;1;2;1
202400029504;155 729 808;7;0;2;4;2;2
202400029504;155 729 809;7;0;2;4;2;2
202400029504;155 729 811;7;0;2;4;2;1
202400029505;155 729 806;2;0;5;8;1;1
202400029506;155 729 803;7;0;2;2;1;2
202400029506;155 729 805;1;0;2;8;1;5
202400029507;155 729 802;38;0;2;2;15;1
202400029507;155 729 804;10;0;2;3;19;1
202400029508;155 729 798;7;0;2;3;1;1
202400029508;155 729 800;10;0;2;1;1;1
202400029509;155 729 797;33;0;2;1;1;1
202400029509;155 729 799;80;0;2;8;19;3
202400029509;155 729 801;7;0;2;3;1;1
202400029510;155 729 795;10;0;1;4;20;1
202400029511;155 729 793;17;0;2;6;1;1
202400029511;155 729 794;14;0;2;1;1;1
202400029511;155 729 796;7;0;2;8;13;1
202400029512;155 729 791;7;0;1;2;26;1
202400029513;155 729 790;7;0;2;1;1;1
202400029513;155 729 792;7;0;2;1;1;1
202400029514;155 729 788;10;0;2;2;20;1
202400029514;155 729 789;7;0;2;3;1;1
202400029515;155 729 787;7;0;1;2;1;0
202400029516;155 729 785;32;0;2;7;1;1
202400029516;155 729 786;7;0;2;8;1;2
202400029517;155 729 784;7;0;1;3;15;3
202400029518;155 729 783;10;0;1;4;4;3
202400029519;155 729 781;10;0;2;1;1;1
202400029519;155 729 782;7;0;2;3;1;1
202400029520;155 729 778;7;0;2;6;14;0
202400029520;155 729 780;1;0;2;1;1;5
202400029521;155 729 777;7;6;0;3;1;1
202400029522;155 729 776;50;12;0;1;26;3
202400029523;155 729 773;1;0;2;5;16;5
202400029523;155 729 775;3;0;9;1;9;1
202400029524;155 729 772;7;0;2;1;15;1
202400029524;155 729 774;1;0;2;1;1;5
202400029525;155 729 771;7;3;0;2;14;1
202400029526;155 729 769;33;0;2;1;11;1
202400029526;155 729 770;1;1;2;4;3;5
202400029527;155 729 768;7;1;1;3;1;1
202400029528;155 729 766;7;0;1;2;16;1
202400029529;155 729 767;10;0;1;1;1;1
202400029530;155 729 765;7;0;1;7;1;3
202400029531;155 729 764;10;0;1;2;1;1
202400029532;155 729 761;7;0;1;1;1;1
202400029533;155 729 762;1;0;2;7;15;5
202400029533;155 729 763;7;0;0;3;1;2
202400029534;155 729 759;7;0;2;2;15;3
202400029534;155 729 760;31;0;2;1;1;1
202400029535;155 729 756;10;0;2;1;2;1
202400029535;155 729 758;7;0;2;4;1;1
202400029536;155 729 757;7;9;0;1;1;1
202400029537;155 729 755;7;0;1;3;1;1
202400029538;155 729 753;7;0;2;2;2;1
202400029538;155 729 754;2;0;2;6;1;1
202400029539;155 729 751;2;0;0;0;0;1
202400029540;155 729 750;1;0;2;8;15;5
202400029540;155 729 752;43;0;2;2;1;1
202400029541;155 729 748;7;3;0;1;1;1
202400029541;155 729 749;7;0;2;1;1;1
202400029542;155 729 746;33;0;2;2;1;1
202400029542;155 729 747;2;0;2;3;11;1
202400029543;155 729 741;7;0;2;2;1;1
202400029543;155 729 745;50;0;2;3;11;3
202400029544;155 729 740;7;15;0;3;17;1
202400029544;155 729 743;7;0;2;6;1;1
202400029544;155 729 744;7;0;2;2;1;1
202400029545;155 729 737;31;0;2;1;17;1
202400029545;155 729 738;7;0;2;8;15;0
202400029546;155 729 735;7;0;0;1;0;1
202400029546;155 729 736;7;0;0;1;0;1
202400029547;155 729 733;7;0;2;3;1;1
202400029547;155 729 734;1;0;2;2;1;5
202400029548;155 729 730;80;0;2;1;1;3
202400029548;155 729 732;7;0;2;3;1;1
202400029549;155 729 729;7;0;2;8;11;1
202400029549;155 729 731;32;0;2;7;1;1
202400029550;155 729 727;7;0;2;1;12;1
202400029550;155 729 728;7;0;2;6;1;1
202400029551;155 729 725;7;4;0;1;1;1
202400029552;155 729 724;7;3;0;2;13;1
202400029553;155 729 723;50;0;2;8;21;3
202400029553;155 729 726;7;0;2;1;1;1
202400029554;155 729 719;7;0;2;4;23;1
202400029554;155 729 721;7;0;2;1;2;1
202400029555;155 729 716;10;0;2;1;2;1
202400029555;155 729 718;10;0;2;4;2;1
202400029555;155 729 720;7;0;2;4;2;1
202400029555;155 729 722;7;0;2;4;2;2
202400029556;155 729 715;7;1;1;8;23;1
202400029556;155 729 717;10;0;2;1;15;1
202400029557;155 729 710;7;0;2;9;1;1
202400029557;155 729 713;7;0;2;4;2;1
202400029557;155 729 714;7;0;2;1;2;1
202400029558;155 729 707;7;0;2;1;2;1
202400029558;155 729 709;7;0;2;4;2;1
202400029558;155 729 712;7;0;2;4;2;1
202400029559;155 729 708;33;0;2;6;20;1
202400029559;155 729 711;1;0;2;1;1;5
202400029560;155 729 703;7;3;0;7;14;1
202400029561;155 729 701;10;0;2;3;26;1
202400029561;155 729 704;7;0;2;7;23;3
202400029561;155 729 705;7;0;2;7;23;1
202400029561;155 729 706;7;0;2;5;23;3
202400029562;155 729 700;7;0;2;5;1;1
202400029562;155 729 702;33;0;2;1;2;1
202400029563;155 729 697;7;0;2;4;2;1
202400029563;155 729 699;7;0;2;1;26;1
202400029564;155 729 694;7;9;0;1;16;1
202400029565;155 729 693;7;14;0;1;1;1
202400029565;155 729 695;7;14;0;1;1;1
202400029565;155 729 696;10;14;0;1;1;1
202400029565;155 729 698;38;14;0;1;1;1
202400029566;155 729 692;7;0;1;8;1;1
202400029567;155 729 690;10;0;1;1;16;1
202400029568;155 729 691;7;0;1;1;2;1
202400029569;155 729 687;7;0;2;4;2;1
202400029569;155 729 689;7;7;2;9;2;1
202400029570;155 729 686;2;0;2;1;17;1
202400029570;155 729 688;10;0;2;0;0;1
202400029571;155 729 685;7;0;1;1;1;1
202400029572;155 729 684;7;4;0;1;1;1
202400029573;155 729 683;30;0;9;1;26;3
202400029574;155 729 681;7;12;0;3;13;1
202400029575;155 729 679;7;0;2;1;26;1
202400029575;155 729 682;10;0;2;4;2;1
202400029576;155 729 677;30;0;2;5;15;1
202400029576;155 729 680;7;0;2;2;1;1
202400029577;155 729 676;7;0;2;3;13;1
202400029577;155 729 678;7;0;2;6;1;1
202400029578;155 729 672;7;0;2;1;15;1
202400029578;155 729 675;50;0;2;1;1;3
202400029579;155 729 671;1;0;2;7;9;5
202400029579;155 729 674;7;0;9;2;9;3
202400029580;155 729 670;7;0;2;3;1;1
202400029580;155 729 673;32;0;2;1;1;1
202400029581;155 729 666;1;0;2;0;1;5
202400029581;155 729 669;7;0;2;7;20;1
202400029582;155 729 665;30;0;9;4;26;1
202400029582;155 729 668;7;0;2;1;2;1
202400029583;155 729 664;7;0;2;5;12;1
202400029583;155 729 667;33;0;2;3;1;1
202400029584;155 729 662;80;0;2;1;1;3
202400029584;155 729 663;33;0;2;1;26;1
202400029585;155 729 659;7;0;2;1;0;1
202400029585;155 729 660;30;0;2;7;26;1
202400029586;155 729 658;33;0;2;8;1;1
202400029586;155 729 661;7;0;2;7;2;0
202400029587;155 729 656;2;14;2;3;1;1
202400029587;155 729 657;7;14;2;3;21;1
202400029588;155 729 655;30;0;1;0;26;1
202400029589;155 729 654;10;0;1;2;16;3
202400029590;155 729 652;7;0;2;7;15;1
202400029590;155 729 653;50;0;2;0;2;3
202400029591;155 729 650;7;0;2;1;1;1
202400029591;155 729 651;33;0;2;1;17;1
202400029592;155 729 648;36;16;0;7;14;1
202400029593;155 729 647;33;0;2;7;0;1
202400029593;155 729 649;10;0;2;8;15;1
202400029594;155 729 643;32;0;2;7;15;1
202400029594;155 729 645;7;0;2;3;15;1
202400029595;155 729 644;7;0;2;1;0;0
202400029595;155 729 646;7;0;2;3;26;0
202400029596;155 729 642;33;0;1;1;1;1
202400029597;155 729 640;7;2;0;1;2;1
202400029598;155 729 639;34;0;2;1;2;1
202400029598;155 729 641;7;0;2;4;2;1
202400029599;155 729 636;7;0;2;2;1;1
202400029599;155 729 638;7;0;2;3;20;2
202400029600;155 729 634;3;0;2;2;20;1
202400029600;155 729 635;31;0;2;1;1;1
202400029601;155 729 633;7;0;2;7;9;1
202400029601;155 729 637;7;0;2;1;1;1
202400029602;155 729 630;7;0;2;3;1;1
202400029602;155 729 632;7;0;2;1;15;1
202400029603;155 729 628;80;0;1;1;1;3
202400029604;155 729 625;7;0;2;1;1;1
202400029604;155 729 627;3;0;2;4;23;1
202400029605;155 729 624;7;0;2;2;13;1
202400029605;155 729 626;33;0;2;1;1;1
202400029606;155 729 621;7;0;2;3;16;1
202400029606;155 729 623;1;0;2;1;19;5
202400029607;155 729 619;33;0;2;1;1;1
202400029607;155 729 622;7;0;2;2;15;1
202400029608;155 729 618;7;0;2;6;16;1
202400029608;155 729 620;2;0;2;1;1;1
202400029609;155 729 615;10;0;2;2;17;1
202400029609;155 729 616;1;0;0;8;15;5
202400029610;155 729 614;7;0;2;1;1;1
202400029610;155 729 617;7;15;2;8;1;1
202400029611;155 729 611;30;0;2;1;13;1
202400029611;155 729 613;7;0;2;3;1;1
202400029612;155 729 610;50;0;0;1;0;3
202400029613;155 729 609;7;0;2;8;10;1
202400029613;155 729 612;33;0;2;1;1;1
202400029614;155 729 607;10;0;1;3;1;1
202400029615;155 729 605;7;0;2;2;14;1
202400029615;155 729 608;14;0;2;6;1;1
202400029616;155 729 604;33;0;2;1;17;1
202400029616;155 729 606;7;0;2;3;2;2
202400029617;155 729 603;7;0;1;2;1;1
202400029618;155 729 602;33;0;0;9;1;1
202400029619;155 729 600;1;0;2;6;1;5
202400029619;155 729 601;7;0;2;2;9;1
202400029620;155 729 598;7;9;0;3;14;1
202400029621;155 729 597;7;6;0;4;1;1
202400029622;155 729 595;2;0;2;1;17;1
202400029622;155 729 596;7;0;2;6;19;1
202400029623;155 729 599;7;1;1;0;26;1
202400029624;155 729 594;7;8;0;1;2;1
202400029625;155 729 591;7;0;1;2;21;1
202400029626;155 729 590;14;0;0;0;15;1
202400029626;155 729 592;33;13;0;3;26;1
202400029627;155 729 589;7;0;2;3;1;1
202400029627;155 729 593;50;0;2;7;19;3
202400029628;155 729 587;7;0;2;4;2;1
202400029628;155 729 588;7;0;2;1;2;1
202400029629;155 729 585;7;16;0;9;16;1
202400029630;155 729 584;7;0;2;1;11;1
202400029630;155 729 586;7;0;2;1;1;1
202400029631;155 729 579;10;0;2;4;2;1
202400029631;155 729 581;31;0;2;1;2;1
202400029632;155 729 577;7;0;1;8;1;1
202400029633;155 729 578;7;0;2;3;15;1
202400029633;155 729 580;33;0;2;1;17;1
202400029634;155 729 576;7;0;1;4;4;1
202400029635;155 729 575;7;1;0;1;1;1
202400029636;155 729 574;7;6;0;3;13;1
202400029637;155 729 570;33;1;2;1;1;1
202400029637;155 729 572;7;0;2;5;0;2
202400029638;155 729 569;7;0;2;4;2;1
202400029638;155 729 571;7;0;2;1;2;1
202400029639;155 729 568;3;0;2;0;13;1
202400029639;155 729 573;15;0;2;3;1;1
202400029640;155 729 567;7;1;0;2;14;1
202400029641;155 729 564;7;0;2;1;15;2
202400029641;155 729 566;32;0;2;1;1;3
202400029642;155 729 561;7;0;2;7;1;1
202400029642;155 729 563;7;0;2;3;11;1
202400029643;155 729 559;7;1;2;3;2;1
202400029643;155 729 562;33;0;2;1;13;1
202400029643;155 729 565;33;0;2;0;13;1
202400029644;155 729 558;30;0;2;8;14;3
202400029644;155 729 560;30;0;2;8;18;3
202400029645;155 729 557;7;0;1;1;1;2
202400029646;155 729 554;7;0;2;1;2;1
202400029646;155 729 556;7;0;2;4;2;1
202400029647;155 729 555;14;0;0;0;1;1
202400029648;155 729 552;2;0;0;7;26;1
202400029649;155 729 551;10;0;2;3;19;1
202400029649;155 729 553;33;0;2;1;17;1
202400029650;155 729 546;7;0;2;2;1;1
202400029650;155 729 549;7;0;0;4;16;1
202400029651;155 729 548;33;0;2;3;13;1
202400029651;155 729 550;7;0;2;2;1;1
202400029652;155 729 544;33;0;2;2;1;1
202400029652;155 729 547;33;0;2;3;1;1
202400029653;155 729 543;17;10;0;1;13;1
202400029654;155 729 541;7;12;1;0;0;0
202400029655;155 729 542;7;0;9;4;9;1
202400029655;155 729 545;50;0;0;0;1;3
202400029656;155 729 539;7;8;0;1;0;1
202400029657;155 729 537;7;0;2;3;1;1
202400029657;155 729 540;2;0;2;3;0;1
202400029658;155 729 535;10;0;2;2;12;1
202400029658;155 729 538;43;0;2;8;1;1
202400029659;155 729 533;7;13;0;1;1;1
202400029660;155 729 532;50;0;2;2;1;3
202400029660;155 729 534;7;0;2;1;1;1
202400029661;155 729 531;30;0;2;0;5;3
202400029662;155 729 530;33;2;0;9;14;1
202400029663;155 729 528;50;0;0;7;0;3
202400029663;155 729 529;7;0;2;1;0;1
202400029664;155 729 526;33;0;6;1;1;1
202400029665;155 729 527;2;0;0;8;1;3
202400029666;155 729 521;7;0;0;7;15;1
202400029666;155 729 524;33;0;0;1;1;1
202400029667;155 729 520;7;0;2;1;26;1
202400029667;155 729 525;7;15;2;1;1;1
202400029668;155 729 519;7;0;2;1;1;2
202400029668;155 729 522;2;0;2;1;17;3
202400029669;155 729 523;7;0;2;2;12;1
202400029669;155 729 536;33;0;2;3;1;1
202400029670;155 729 518;33;0;0;0;26;1
202400029671;155 729 515;7;0;2;3;15;1
202400029671;155 729 517;33;0;2;1;1;1
202400029672;155 729 513;32;0;2;1;1;1
202400029672;155 729 516;7;0;2;8;10;2
202400029673;155 729 511;3;0;2;3;1;2
202400029673;155 729 512;1;0;2;1;21;5
202400029674;155 729 508;7;0;1;1;20;2
202400029675;155 729 507;7;0;0;8;15;1
202400029675;155 729 509;33;0;2;1;1;1
202400029676;155 729 506;7;0;1;2;1;1
202400029677;155 729 503;30;0;0;7;1;1
202400029678;155 729 510;7;0;2;2;1;1
202400029678;155 729 514;1;0;2;4;1;5
202400029679;155 729 501;7;0;2;3;1;1
202400029679;155 729 505;2;0;2;1;11;1
202400029680;155 729 502;7;0;2;7;16;2
202400029680;155 729 504;30;0;2;8;17;3
202400029681;155 729 500;7;1;0;1;1;3
202400029682;155 729 497;33;1;2;4;23;1
202400029682;155 729 499;7;0;2;8;15;1
202400029683;155 729 496;7;0;2;3;15;1
202400029683;155 729 498;1;0;2;7;1;5
202400029684;155 729 494;7;12;0;1;14;2
202400029685;155 729 490;1;0;2;4;2;5
202400029685;155 729 492;7;0;2;2;2;1
202400029686;155 729 489;50;0;2;3;19;3
202400029686;155 729 491;7;0;2;2;1;2
202400029687;155 729 488;7;0;2;4;1;1
202400029687;155 729 493;7;0;2;1;1;1
202400029688;155 729 487;7;0;2;3;16;1
202400029688;155 729 495;33;0;2;5;1;1
202400029689;155 729 485;7;0;1;2;26;1
202400029690;155 729 484;7;12;0;2;1;1
202400029691;155 729 483;7;0;2;1;1;1
202400029691;155 729 486;7;0;2;1;1;1
202400029692;155 729 480;7;16;1;3;9;2
202400029693;155 729 479;7;0;9;4;2;1
202400029693;155 729 482;10;0;2;1;1;1
202400029694;155 729 478;10;0;2;1;1;1
202400029694;155 729 481;10;0;2;3;19;1
202400029695;155 729 476;32;0;2;3;1;0
202400029695;155 729 477;7;0;2;0;15;0
202400029696;155 729 472;33;0;2;1;17;1
202400029696;155 729 474;7;0;2;3;15;1