Num_Acc;id_vehicule;categorie_vehicule;obstacle_fixe;obstacle_mobile;point_choc_initial;manoeuvre_principale;motorisation
202400029697;155 729 469;30;0;2;7;2;1
202400029697;155 729 473;10;0;2;8;2;1
202400029698;155 729 470;80;0;2;4;1;3
202400029698;155 729 475;7;0;2;1;1;1
202400029699;155 729 468;50;0;2;1;21;3
202400029699;155 729 471;7;0;2;5;23;2
202400029700;155 729 466;7;0;2;3;1;1
202400029700;155 729 467;7;0;2;3;13;1
202400029701;155 729 465;33;8;0;1;2;1
202400029702;155 729 461;7;0;2;1;0;1
202400029702;155 729 463;15;7;2;3;1;1
202400029703;155 729 457;33;4;0;3;1;1
202400029704;155 729 458;7;11;2;1;6;1
202400029704;155 729 459;7;0;2;1;1;3
202400029705;155 729 456;7;0;2;1;1;1
202400029705;155 729 460;7;0;2;2;1;1
202400029705;155 729 464;7;0;2;1;15;1
202400029706;155 729 455;7;0;2;1;1;1
202400029706;155 729 462;7;0;2;8;1;1
202400029707;155 729 451;33;0;2;1;3;1
202400029707;155 729 454;7;0;2;3;9;1
202400029708;155 729 450;7;1;1;3;13;1
202400029708;155 729 453;7;12;2;7;24;1
202400029709;155 729 446;1;;;;0;5
202400029709;155 729 447;7;0;2;0;0;
202400029710;155 729 445;7;4;0;4;1;1
202400029710;155 729 448;10;0;2;1;2;1
202400029711;155 729 449;7;0;9;4;1;1
202400029711;155 729 452;33;0;2;1;1;1
202400029712;155 729 443;7;0;2;1;1;1
202400029712;155 729 444;7;0;0;4;11;1
202400029713;155 729 439;7;0;2;1;15;6
202400029713;155 729 440;7;0;2;3;1;1
202400029714;155 729 436;7;0;2;8;1;2
202400029714;155 729 441;7;0;2;1;1;2
202400029715;155 729 435;10;0;2;3;10;0
202400029715;155 729 438;32;0;2;1;1;1
202400029716;155 729 434;7;0;2;2;23;1
202400029716;155 729 437;1;0;2;1;15;5
202400029716;155 729 442;7;0;2;3;1;1
202400029717;155 729 430;10;9;0;9;2;1
202400029718;155 729 432;7;0;2;3;13;1
202400029718;155 729 433;80;0;2;1;0;3
202400029719;155 729 429;50;0;1;1;0;3
202400029720;155 729 428;1;0;2;1;1;5
202400029720;155 729 431;7;0;2;0;16;1
202400029721;155 729 426;33;0;2;8;0;1
202400029721;155 729 427;7;0;2;2;0;1
202400029722;155 729 425;21;0;1;2;21;1
202400029723;155 729 422;7;0;0;0;0;0
202400029724;155 729 421;7;0;2;1;2;1
202400029724;155 729 424;7;0;2;4;2;1
202400029725;155 729 420;30;0;2;4;23;1
202400029725;155 729 423;7;0;2;3;0;1
202400029726;155 729 418;33;2;2;8;17;1
202400029726;155 729 419;7;0;0;8;1;1
202400029727;155 729 417;7;4;0;1;1;1
202400029728;155 729 408;33;0;2;8;2;1
202400029728;155 729 411;7;0;2;7;2;1
202400029729;155 729 413;7;4;0;3;13;1
202400029730;155 729 406;33;0;0;2;1;1
202400029731;155 729 404;7;0;2;1;2;2
202400029731;155 729 405;7;0;2;4;2;1
202400029732;155 729 402;60;8;2;7;19;5
202400029732;155 729 403;7;0;2;2;1;1
202400029733;155 729 401;33;8;0;0;0;1
202400029734;155 729 398;33;0;2;1;3;1
202400029734;155 729 399;7;0;2;6;11;1
202400029735;155 729 397;7;13;0;2;1;1
202400029736;155 729 395;33;0;2;2;17;1
202400029736;155 729 396;7;0;0;6;14;1
202400029737;155 729 391;7;0;2;5;15;1
202400029737;155 729 393;33;0;2;1;1;1
202400029738;155 729 388;7;0;2;2;17;1
202400029738;155 729 390;1;0;2;8;1;5
202400029739;155 729 389;10;0;2;1;2;3
202400029739;155 729 392;7;0;2;7;2;2
202400029739;155 729 400;7;0;2;4;1;2
202400029740;155 729 386;7;0;2;2;11;1
202400029740;155 729 387;33;0;2;2;1;1
202400029741;155 729 383;7;0;2;1;15;1
202400029741;155 729 385;33;0;2;1;1;1
202400029742;155 729 381;7;0;2;7;19;1
202400029742;155 729 384;7;0;2;1;1;0
202400029743;155 729 379;1;0;2;8;1;5
202400029743;155 729 382;7;0;2;3;15;2
202400029744;155 729 380;7;6;1;2;1;1
202400029745;155 729 376;7;1;0;2;14;1
202400029745;155 729 378;15;0;0;6;24;1
202400029746;155 729 375;10;0;2;1;13;1
202400029746;155 729 377;15;0;2;3;1;1
202400029747;155 729 373;7;0;0;1;20;3
202400029748;155 729 370;7;0;0;3;26;1
202400029748;155 729 374;2;0;2;1;1;1
202400029749;155 729 369;7;0;2;8;9;1
202400029749;155 729 372;33;0;2;1;1;1
202400029750;155 729 367;7;2;0;9;1;1
202400029751;155 729 368;43;0;2;3;1;1
202400029751;155 729 371;7;0;2;2;9;1
202400029752;155 729 366;7;0;1;3;15;1
202400029753;155 729 365;17;3;0;1;1;6
202400029754;155 729 363;7;0;1;1;1;0
202400029755;155 729 360;7;0;1;1;1;1
202400029756;155 729 358;33;0;2;2;1;1
202400029756;155 729 362;1;0;2;3;11;5
202400029757;155 729 356;7;0;2;4;1;1
202400029757;155 729 357;10;0;2;1;0;0
202400029758;155 729 354;7;0;1;2;1;2
202400029759;155 729 353;7;0;2;8;20;1
202400029759;155 729 355;1;0;2;7;1;5
202400029760;155 729 350;7;0;2;4;1;1
202400029760;155 729 351;7;0;2;1;2;1
202400029761;155 729 348;2;0;0;7;1;1
202400029762;155 729 349;50;0;2;1;1;3
202400029762;155 729 352;7;0;2;2;16;1
202400029763;155 729 346;7;1;0;9;13;1
202400029764;155 729 345;7;0;2;4;2;1
202400029764;155 729 347;7;0;2;1;2;2
202400029765;155 729 344;7;0;1;2;1;1
202400029766;155 729 340;1;0;2;1;17;5
202400029766;155 729 343;80;0;2;8;15;3
202400029767;155 729 338;7;0;0;1;1;1
202400029768;155 729 336;7;0;2;4;1;1
202400029768;155 729 339;7;0;2;1;13;0
202400029768;155 729 341;32;0;2;7;1;1
202400029769;155 729 337;30;0;2;3;1;3
202400029769;155 729 342;7;0;2;2;14;0
202400029770;155 729 334;7;2;0;2;14;1
202400029771;155 729 335;7;13;0;9;15;1
202400029772;155 729 332;1;0;2;2;1;5
202400029772;155 729 333;7;0;0;1;15;1
202400029773;155 729 331;7;0;1;1;1;1
202400029774;155 729 325;7;0;2;3;21;2
202400029774;155 729 327;1;0;2;3;7;5
202400029775;155 729 324;7;0;2;1;2;1
202400029775;155 729 326;7;0;2;1;2;1
202400029775;155 729 328;10;0;2;4;23;1
202400029775;155 729 330;7;0;2;4;1;1
202400029776;155 729 323;10;0;1;5;14;1
202400029777;155 729 320;7;11;2;1;6;1
202400029777;155 729 322;7;0;2;8;1;3
202400029778;155 729 318;1;12;0;1;15;5
202400029779;155 729 317;10;0;2;1;2;1
202400029779;155 729 319;7;0;2;4;2;1
202400029780;155 729 316;33;0;2;8;15;1
202400029780;155 729 321;33;0;2;7;15;1
202400029781;155 729 313;15;0;1;1;1;1
202400029782;155 729 314;7;3;0;1;1;1
202400029783;155 729 312;7;0;2;3;15;1
202400029783;155 729 315;30;0;2;1;0;1
202400029784;155 729 309;10;0;1;3;15;1
202400029785;155 729 308;7;0;2;3;1;1
202400029785;155 729 310;7;0;0;6;1;1
202400029786;155 729 305;7;0;2;1;1;1
202400029786;155 729 307;7;0;2;4;26;1
202400029787;155 729 306;7;0;2;3;16;2
202400029787;155 729 311;7;0;2;1;1;1
202400029788;155 729 303;7;0;1;1;1;1
202400029789;155 729 302;7;0;2;1;1;1
202400029789;155 729 304;7;0;2;4;1;1
202400029790;155 729 301;7;0;1;1;26;1
202400029791;155 729 300;7;0;1;2;21;1
202400029792;155 729 299;10;3;0;9;1;1
202400029793;155 729 294;7;0;2;0;0;0
202400029793;155 729 298;60;0;2;0;0;5
202400029794;155 729 293;7;0;2;1;1;1
202400029794;155 729 297;10;0;2;1;5;1
202400029795;155 729 291;7;0;2;5;12;1
202400029795;155 729 295;31;0;2;1;3;1
202400029796;155 729 292;7;0;2;2;16;2
202400029796;155 729 296;2;0;2;8;1;3
202400029797;155 729 289;7;0;0;1;0;1
202400029798;155 729 286;50;0;2;1;25;3
202400029798;155 729 290;7;0;2;1;16;1
202400029799;155 729 284;7;0;2;4;1;1
202400029799;155 729 287;7;0;2;1;2;1
202400029799;155 729 288;7;0;2;4;1;1
202400029800;155 729 285;1;0;1;2;1;5
202400029801;155 729 283;7;0;1;1;1;2
202400029802;155 729 278;7;2;0;0;0;1
202400029803;155 729 280;7;0;2;5;12;1
202400029803;155 729 281;33;0;2;1;3;1
202400029804;155 729 277;7;0;2;3;1;0
202400029804;155 729 282;7;0;2;2;1;0
202400029805;155 729 276;7;0;2;1;1;1
202400029805;155 729 279;1;0;2;8;19;5
202400029806;155 729 275;7;0;0;1;14;1
202400029807;155 729 272;7;0;2;2;11;1
202400029807;155 729 273;15;0;2;6;2;1
202400029808;155 729 270;30;0;2;1;1;3
202400029808;155 729 274;7;0;2;8;1;1
202400029809;155 729 269;7;0;2;4;23;3
202400029809;155 729 271;7;0;2;3;0;1
202400029810;155 729 264;31;0;2;1;2;0
202400029810;155 729 267;7;0;2;4;1;1
202400029811;155 729 266;32;0;2;7;2;1
202400029811;155 729 268;32;1;0;0;0;1
202400029812;155 729 262;33;0;2;1;1;1
202400029812;155 729 265;7;0;2;3;15;1
202400029813;155 729 263;10;0;1;4;26;1
202400029814;155 729 258;7;1;0;1;0;1
202400029815;155 729 256;7;0;1;3;1;1
202400029815;155 729 261;7;6;2;2;1;1
202400029816;155 729 254;33;0;2;2;21;1
202400029816;155 729 257;7;0;2;5;1;1
202400029816;155 729 259;14;0;2;6;26;1
202400029816;155 729 260;7;1;0;0;23;1
202400029817;155 729 255;10;0;1;1;19;1
202400029818;155 729 252;7;0;1;1;1;1
202400029819;155 729 251;1;0;9;1;1;5
202400029819;155 729 253;1;0;9;1;1;5
202400029820;155 729 245;80;0;2;7;19;3
202400029820;155 729 250;7;0;2;1;6;1
202400029821;155 729 247;7;0;2;3;15;1
202400029821;155 729 249;33;0;2;7;17;1
202400029822;155 729 244;33;0;2;3;1;1
202400029822;155 729 248;31;0;2;3;17;1
202400029823;155 729 241;1;1;0;1;17;5
202400029823;155 729 242;7;0;0;2;0;1
202400029824;155 729 240;10;0;2;4;0;1
202400029824;155 729 243;10;0;2;1;0;1
202400029824;155 729 246;7;0;2;4;23;1
202400029825;155 729 238;10;0;1;1;1;1
202400029826;155 729 235;2;0;2;7;9;1
202400029826;155 729 239;7;0;2;0;0;0
202400029827;155 729 234;7;0;2;3;16;1
202400029827;155 729 236;7;0;2;2;15;2
202400029828;155 729 231;7;0;9;2;2;2
202400029828;155 729 237;50;0;2;8;19;3
202400029829;155 729 230;7;0;2;3;9;1
202400029829;155 729 233;7;0;2;1;1;1
202400029830;155 729 229;7;0;2;4;24;1
202400029830;155 729 232;7;1;0;1;14;1
202400029831;155 729 228;7;0;1;2;1;1
202400029832;155 729 227;7;0;1;1;1;1
202400029833;155 729 223;7;14;0;1;1;1
202400029833;155 729 225;7;14;0;4;1;1
202400029834;155 729 219;7;0;2;2;17;1
202400029834;155 729 224;7;0;0;4;17;1
202400029835;155 729 217;7;0;2;2;15;1
202400029835;155 729 220;33;0;2;1;1;1
202400029836;155 729 218;10;0;2;1;26;0
202400029836;155 729 221;7;6;2;4;1;1
202400029837;155 729 216;7;0;2;4;1;1
202400029837;155 729 222;7;0;2;4;1;1
202400029837;155 729 226;7;0;2;1;1;1
202400029838;155 729 214;7;13;0;3;0;1
202400029839;155 729 213;7;1;0;1;0;1
202400029840;155 729 212;10;0;2;2;16;1
202400029840;155 729 215;50;0;2;1;1;3
202400029841;155 729 211;34;2;1;1;1;1
202400029842;155 729 210;10;13;0;1;1;1
202400029843;155 729 208;7;13;0;9;1;1
202400029844;155 729 209;7;0;1;3;15;1
202400029845;155 729 202;7;0;2;1;2;1
202400029845;155 729 205;31;0;0;4;1;1
202400029846;155 729 204;7;0;2;3;1;1
202400029846;155 729 207;50;0;2;1;5;3
202400029847;155 729 201;7;0;2;2;13;1
202400029847;155 729 206;7;0;2;1;1;1
202400029848;155 729 200;7;0;2;3;1;1
202400029848;155 729 203;7;0;2;1;13;1
202400029849;155 729 199;7;13;0;0;0;1
202400029850;155 729 196;7;0;2;3;17;1
202400029850;155 729 198;31;0;2;1;21;1
202400029851;155 729 191;7;0;2;1;13;1
202400029851;155 729 194;17;0;2;1;1;1
202400029852;155 729 195;15;1;0;4;24;1
202400029852;155 729 197;37;1;0;0;2;2
202400029853;155 729 189;10;0;0;3;0;0
202400029853;155 729 193;7;8;0;0;0;1
202400029854;155 729 188;7;0;2;3;15;2
202400029854;155 729 190;33;0;2;2;17;1
202400029855;155 729 187;33;0;2;8;0;1
202400029855;155 729 192;10;0;2;8;13;1
202400029856;155 729 184;3;0;1;2;16;1
202400029857;155 729 182;7;0;2;3;21;2
202400029857;155 729 185;30;0;2;1;15;1
202400029858;155 729 180;7;0;2;1;0;1
202400029858;155 729 186;7;0;0;8;1;1
202400029859;155 729 179;7;0;0;4;1;1
202400029859;155 729 181;7;0;2;1;1;2
202400029859;155 729 183;7;0;2;1;1;1
202400029860;155 729 176;36;0;0;0;0;1
202400029861;155 729 172;7;1;2;3;5;1
202400029861;155 729 177;7;0;2;3;21;1
202400029862;155 729 173;2;1;0;2;14;1
202400029863;155 729 175;7;0;2;3;9;1
202400029863;155 729 178;7;0;2;1;26;1
202400029864;155 729 171;10;0;2;6;15;1
202400029864;155 729 174;33;0;2;1;1;1
202400029865;155 729 168;7;8;0;1;26;1
202400029866;155 729 166;7;0;2;2;13;1
202400029866;155 729 169;7;0;2;2;21;1
202400029867;155 729 167;32;0;0;8;1;1
202400029868;155 729 165;33;2;0;1;13;1
202400029869;155 729 162;10;1;2;8;1;1
202400029869;155 729 164;10;0;2;2;20;1
202400029870;155 729 161;10;6;0;0;13;1
202400029871;155 729 159;7;2;0;7;15;1
202400029872;155 729 157;33;12;0;1;1;1
202400029873;155 729 158;7;0;0;5;1;1
202400029873;155 729 163;33;0;2;1;1;1
202400029874;155 729 156;7;0;2;1;13;1
202400029874;155 729 160;7;0;2;1;1;1
202400029875;155 729 153;2;7;0;1;1;1
202400029876;155 729 154;10;0;1;1;2;1
202400029877;155 729 152;7;0;2;1;2;1
202400029877;155 729 155;31;0;2;4;2;1
202400029878;155 729 151;7;2;2;3;26;1
202400029879;155 729 145;7;0;2;1;2;1
202400029879;155 729 148;7;0;2;4;2;1
202400029880;155 729 147;7;4;2;8;9;1
202400029880;155 729 149;7;3;2;7;2;2
202400029881;155 729 143;7;0;2;5;2;1
202400029881;155 729 144;33;0;2;3;1;1
202400029882;155 729 141;1;0;2;7;1;5
202400029882;155 729 150;7;0;9;6;9;1
202400029883;155 729 142;32;0;2;1;1;1
202400029883;155 729 146;7;0;2;5;1;2
202400029884;155 729 138;7;0;2;3;1;1
202400029884;155 729 139;7;0;2;3;1;1
202400029885;155 729 136;7;2;0;2;1;1
202400029886;155 729 131;7;0;0;9;26;1
202400029887;155 729 133;7;0;2;1;0;1
202400029887;155 729 137;50;0;2;1;19;3
202400029888;155 729 128;7;0;2;9;1;1
202400029888;155 729 134;7;0;2;4;23;1
202400029889;155 729 127;33;13;0;8;1;1
202400029890;155 729 125;1;0;2;1;1;5
202400029890;155 729 129;10;0;2;1;15;1
202400029891;155 729 123;7;0;9;2;16;1
202400029891;155 729 126;1;0;2;2;0;5
202400029892;155 729 121;33;0;0;1;1;1
202400029893;155 729 119;7;0;2;2;2;1
202400029893;155 729 122;7;0;2;4;1;2
202400029894;155 729 120;7;0;2;1;1;1
202400029894;155 729 124;7;0;2;4;1;1
202400029895;155 729 118;33;0;0;0;0;1
202400029896;155 729 112;7;0;2;4;1;2
202400029896;155 729 115;7;0;2;1;1;1
202400029897;155 729 110;31;0;2;7;2;1
202400029897;155 729 114;7;0;2;3;1;1
202400029898;155 729 109;15;0;2;7;12;1
202400029898;155 729 113;7;0;0;8;1;1
202400029899;155 729 106;7;0;2;8;1;1
202400029899;155 729 108;7;0;2;8;2;1
202400029899;155 729 111;33;0;2;7;17;1
202400029900;155 729 105;7;3;0;1;0;1
202400029901;155 729 103;7;8;0;1;26;1
202400029902;155 729 102;7;13;0;1;2;1
202400029903;155 729 101;7;0;2;4;1;1
202400029903;155 729 104;7;0;2;1;1;1
202400029903;155 729 107;7;0;2;4;1;3
202400029904;155 729 099;7;0;0;9;14;1
202400029905;155 729 096;7;0;2;8;11;1
202400029905;155 729 100;7;0;0;7;1;1
202400029906;155 729 097;1;4;0;2;1;5
202400029907;155 729 095;50;0;0;0;1;3
202400029908;155 729 094;10;0;2;2;1;1
202400029908;155 729 098;7;0;2;8;9;1
202400029909;155 729 090;7;0;2;8;1;1
202400029909;155 729 092;7;0;2;7;12;1
202400029910;155 729 089;7;0;2;2;1;1
202400029910;155 729 091;7;12;2;3;1;1
202400029911;155 729 088;7;0;1;1;26;1
202400029912;155 729 087;7;3;0;1;1;1
202400029913;155 729 086;7;0;1;3;1;1
202400029914;155 729 085;7;0;1;1;15;1
202400029915;155 729 082;7;0;2;1;1;1
202400029915;155 729 084;7;0;2;4;1;1
202400029916;155 729 081;10;0;0;2;1;1
202400029917;155 729 083;7;3;0;0;17;1
202400029917;155 729 093;7;0;9;0;1;1
202400029918;155 729 078;7;0;2;1;9;1
202400029918;155 729 079;7;0;2;2;1;1
202400029919;155 729 077;7;0;2;4;2;3
202400029919;155 729 080;32;0;2;1;2;1
202400029920;155 729 075;3;2;0;1;14;3
202400029921;155 729 073;7;4;0;1;12;1
202400029922;155 729 072;7;0;2;3;2;1
202400029922;155 729 074;7;0;2;5;2;1
202400029922;155 729 076;7;0;2;1;1;1
202400029923;155 729 071;7;0;0;9;0;1
202400029924;155 729 069;10;0;2;8;11;1
202400029924;155 729 070;33;0;2;7;1;1
202400029925;155 729 067;7;0;2;2;9;1
202400029925;155 729 068;7;0;2;3;1;1
202400029926;155 729 066;7;0;2;7;0;1
202400029927;155 729 061;10;0;2;2;1;3
202400029927;155 729 064;33;0;2;6;3;1
202400029928;155 729 060;7;0;2;1;13;1
202400029928;155 729 063;7;0;2;3;1;1
202400029929;155 729 057;7;0;2;1;1;1
202400029929;155 729 065;33;0;2;1;13;1
202400029930;155 729 054;31;0;0;0;1;1
202400029931;155 729 053;10;0;2;1;2;1
202400029931;155 729 055;7;0;2;4;2;1
202400029931;155 729 058;7;0;2;4;2;1
202400029931;155 729 059;7;0;2;4;2;1
202400029931;155 729 062;7;0;2;4;2;2
202400029932;155 729 052;7;0;2;2;14;1
202400029932;155 729 056;7;0;2;6;1;2
202400029933;155 729 051;10;2;0;3;1;1
202400029934;155 729 047;7;16;0;3;1;1
202400029935;155 729 043;10;0;2;4;1;1
202400029935;155 729 045;7;0;2;6;11;1
202400029935;155 729 049;14;0;2;2;1;1
202400029935;155 729 050;7;0;2;4;1;1
202400029936;155 729 041;33;0;0;0;16;1
202400029937;155 729 042;15;0;2;6;1;1
202400029937;155 729 046;10;0;2;7;1;0
202400029937;155 729 048;33;0;2;8;11;1
202400029938;155 729 039;7;3;2;1;1;1
202400029938;155 729 044;7;0;2;1;1;1
202400029939;155 729 035;7;0;2;8;1;1
202400029939;155 729 038;7;0;2;1;1;1
202400029939;155 729 040;7;0;2;1;13;1
202400029940;155 729 034;7;0;2;1;13;1
202400029940;155 729 036;7;0;2;3;1;1
202400029941;155 729 033;1;0;2;5;25;5
202400029941;155 729 037;7;0;2;7;26;1
202400029942;155 729 030;7;0;2;4;2;1
202400029942;155 729 032;7;0;2;1;2;3
202400029943;155 729 031;33;0;0;8;1;1
202400029944;155 729 029;7;15;0;1;1;1
202400029945;155 729 027;1;0;2;4;14;5
202400029945;155 729 028;1;0;2;1;1;5
202400029946;155 729 024;7;0;9;1;2;0
202400029946;155 729 026;2;5;2;3;9;6
202400029947;155 729 021;33;0;2;1;1;1
202400029947;155 729 023;7;0;2;1;15;1
202400029948;155 729 018;7;0;2;3;13;1
202400029948;155 729 022;7;0;2;8;0;1
202400029949;155 729 020;7;0;1;2;1;2
202400029950;155 729 019;31;0;2;1;13;1
202400029950;155 729 025;10;0;2;3;1;1
202400029951;155 729 016;7;13;0;2;14;1
202400029952;155 729 013;7;0;2;3;2;1
202400029952;155 729 015;33;0;2;5;2;1
202400029952;155 729 017;33;0;2;4;2;1
202400029953;155 729 012;1;0;0;1;1;5
202400029953;155 729 014;1;0;0;1;1;5
202400029954;155 729 011;7;2;0;3;14;1
202400029955;155 729 010;38;0;1;1;1;1
202400029956;155 729 009;7;6;0;3;16;1
202400029957;155 729 005;1;0;2;4;13;5
202400029957;155 729 007;7;0;2;3;2;1
202400029958;155 729 004;7;0;2;1;13;1
202400029958;155 729 008;7;0;2;0;0;2
202400029959;155 729 003;50;0;2;8;15;3
202400029959;155 729 006;7;0;2;2;17;1
202400029960;155 729 002;33;0;6;1;0;1
202400029961;155 729 001;2;0;0;0;1;1
202400029962;155 728 998;7;0;2;0;0;0
202400029962;155 729 000;1;0;2;0;0;5
202400029963;155 728 995;7;0;2;1;1;1
202400029963;155 728 997;21;0;2;3;1;1
202400029964;155 728 996;7;0;0;3;1;1
202400029964;155 728 999;33;0;2;1;1;1
202400029965;155 728 992;60;0;1;1;2;5
202400029966;155 728 990;10;0;2;3;13;1
202400029966;155 728 993;7;0;2;3;1;1
202400029967;155 728 989;33;0;0;0;1;1
202400029968;155 728 991;15;0;2;6;1;1
202400029968;155 728 994;7;0;2;2;1;1
202400029969;155 728 988;33;0;0;8;1;1
202400029970;155 728 985;7;3;0;2;2;1
202400029971;155 728 986;7;0;2;3;11;1
202400029971;155 728 987;34;9;2;2;1;1
202400029972;155 728 984;7;13;0;9;1;1
202400029973;155 728 980;7;0;2;2;1;1
202400029973;155 728 983;7;13;2;3;1;1
202400029974;155 728 981;1;12;2;1;26;5
202400029974;155 728 982;7;12;2;3;5;1
202400029975;155 728 978;7;0;2;4;23;1
202400029975;155 728 979;7;0;2;1;2;1
202400029976;155 728 975;7;0;2;1;19;1
202400029976;155 728 977;10;0;2;1;1;1
202400029977;155 728 974;7;0;1;5;4;0
202400029978;155 728 976;1;0;0;0;0;5
202400029979;155 728 973;7;0;1;1;16;1
202400029980;155 728 972;2;0;0;0;1;1
202400029981;155 728 970;7;9;0;1;1;1
202400029982;155 728 969;7;0;2;1;2;1
202400029982;155 728 971;7;0;2;4;0;1
202400029983;155 728 967;21;0;0;7;15;1
202400029984;155 728 966;2;0;0;7;1;1
202400029985;155 728 965;1;0;2;4;2;5
202400029985;155 728 968;7;0;2;2;17;1
202400029986;155 728 962;7;0;1;1;1;0
202400029987;155 728 961;7;0;2;3;1;1
202400029987;155 728 964;7;0;2;2;1;0
202400029988;155 728 955;13;0;2;3;1;0
202400029988;155 728 960;7;0;2;3;13;1
202400029989;155 728 956;7;0;2;2;19;1
202400029989;155 728 958;2;0;2;1;1;1
202400029990;155 728 954;7;12;2;3;15;1
202400029990;155 728 957;32;0;0;0;0;1
202400029991;155 728 959;7;2;0;9;1;1
202400029992;155 728 951;50;0;0;0;1;3
202400029993;155 728 948;17;2;0;8;1;1
202400029994;155 728 946;7;1;2;8;26;1
202400029994;155 728 949;7;0;2;1;1;1
202400029994;155 728 953;7;0;2;6;1;1
202400029995;155 728 943;1;0;2;7;25;5
202400029995;155 728 947;34;0;2;3;25;1
202400029996;155 728 945;21;9;0;1;13;1
202400029997;155 728 941;7;8;2;1;1;1
202400029998;155 728 938;7;0;2;3;26;0
202400029998;155 728 940;2;0;2;4;0;0
202400029999;155 728 937;7;6;0;1;1;1
202400030000;155 728 936;7;8;2;8;1;1
202400030000;155 728 939;1;0;2;1;5;5
202400030001;155 728 935;7;0;1;2;20;1
202400030002;155 728 932;7;0;2;3;1;2
202400030002;155 728 934;10;0;2;6;1;1
202400030003;155 728 930;33;0;0;0;2;1
202400030004;155 728 929;7;0;2;3;1;1
202400030004;155 728 931;33;0;2;3;17;1
202400030005;155 728 928;7;0;2;1;1;1
202400030005;155 728 933;15;0;2;4;1;1
202400030006;155 728 925;7;8;0;2;14;0
202400030007;155 728 923;33;0;2;1;17;1
202400030007;155 728 927;7;0;2;5;15;1
202400030008;155 728 926;33;13;0;2;1;1
202400030009;155 728 922;34;0;2;3;13;1
202400030009;155 728 924;30;0;2;3;1;3
202400030010;155 728 921;7;9;0;1;1;1
202400030011;155 728 916;7;0;2;1;1;1
202400030011;155 728 919;7;0;2;1;13;1
202400030012;155 728 915;2;0;2;7;2;1
202400030012;155 728 920;7;0;2;1;1;1
202400030013;155 728 914;7;2;0;1;5;1
202400030013;155 728 917;7;5;0;1;1;1
202400030014;155 728 913;7;0;2;1;1;1
202400030014;155 728 918;10;0;2;8;19;1
202400030015;155 728 912;33;0;0;0;11;1
202400030016;155 728 909;7;0;1;1;1;1
202400030017;155 728 910;32;0;2;1;1;1
202400030017;155 728 911;33;0;2;7;15;1
202400030018;155 728 907;7;0;2;1;13;1
202400030018;155 728 908;10;0;2;1;21;1
202400030019;155 728 903;7;0;2;2;1;1
202400030019;155 728 905;7;0;2;3;1;1
202400030020;155 728 901;7;0;2;8;15;1
202400030020;155 728 904;7;0;2;8;15;1
202400030021;155 728 900;7;0;2;8;26;1
202400030021;155 728 902;7;0;2;1;17;1
202400030021;155 728 906;10;0;2;8;1;1
202400030022;155 728 896;7;0;2;3;13;1
202400030022;155 728 898;7;0;2;3;1;1
202400030023;155 728 894;7;0;2;0;15;1
202400030023;155 728 897;1;0;0;8;0;5
202400030024;155 728 899;7;2;0;2;0;1
202400030025;155 728 893;33;0;2;1;1;1
202400030025;155 728 895;10;0;2;1;15;1
202400030026;155 728 891;7;0;1;2;1;1
202400030027;155 728 889;7;2;0;1;13;1
202400030028;155 728 892;31;8;0;1;1;1
202400030029;155 728 888;7;0;0;7;15;3
202400030029;155 728 890;33;0;2;1;1;1
202400030030;155 728 886;7;0;2;5;11;1
202400030030;155 728 887;33;0;2;1;1;1
202400030031;155 728 882;10;0;2;8;1;1
202400030031;155 728 885;33;0;2;1;13;1
202400030032;155 728 883;10;0;2;3;13;1
202400030032;155 728 884;7;0;2;3;1;1
202400030033;155 728 880;33;0;2;1;1;1
202400030033;155 728 881;7;0;2;1;21;1
202400030034;155 728 879;1;0;0;1;21;5
202400030035;155 728 875;7;2;0;1;13;1
202400030036;155 728 876;2;0;2;1;0;1
202400030036;155 728 878;21;0;2;3;0;1
202400030037;155 728 874;7;0;2;8;2;1
202400030037;155 728 877;7;9;2;1;5;1
202400030038;155 728 872;1;0;0;8;1;5
202400030039;155 728 868;7;0;2;1;17;1
202400030039;155 728 870;7;0;2;1;1;1
202400030040;155 728 869;1;0;2;1;1;5
202400030040;155 728 871;10;0;2;3;1;1
202400030041;155 728 866;7;0;2;3;13;1
202400030041;155 728 867;7;0;2;3;2;1
202400030042;155 728 864;7;15;0;1;6;1
202400030043;155 728 862;7;0;2;2;17;1
202400030043;155 728 865;10;0;0;0;1;1
202400030044;155 728 860;33;0;2;1;1;1
202400030044;155 728 863;7;0;0;6;26;1
202400030045;155 728 861;7;0;1;1;1;1
202400030046;155 728 858;33;0;2;1;1;1
202400030046;155 728 859;33;0;2;7;15;1
202400030047;155 728 855;7;0;0;8;15;1
202400030047;155 728 857;33;0;2;1;1;1
202400030048;155 728 856;7;8;0;1;1;1
202400030049;155 728 849;7;0;2;1;0;2
202400030049;155 728 852;7;0;2;1;17;1
202400030050;155 728 848;7;0;2;2;16;1
202400030050;155 728 850;1;0;2;1;5;5
202400030051;155 728 847;7;0;2;0;0;1
202400030051;155 728 851;15;0;2;2;1;4
202400030052;155 728 845;2;14;0;1;1;1