Num_Acc;id_vehicule;categorie_vehicule;obstacle_fixe;obstacle_mobile;point_choc_initial;manoeuvre_principale;motorisation
202400030399;155 728 227;7;0;2;3;1;1
202400030400;155 728 224;10;15;0;8;19;1
202400030400;155 728 225;7;0;0;0;0;1
202400030401;155 728 223;80;0;0;0;0;3
202400030402;155 728 221;7;0;2;7;16;1
202400030402;155 728 222;33;6;2;8;18;1
202400030403;155 728 219;7;0;9;1;3;1
202400030403;155 728 220;1;0;2;7;3;5
202400030404;155 728 218;7;13;0;3;13;1
202400030405;155 728 217;30;0;1;1;17;1
202400030406;155 728 216;7;0;1;2;1;1
202400030407;155 728 214;33;0;2;1;19;1
202400030407;155 728 215;7;0;2;1;26;1
202400030408;155 728 210;7;0;2;3;1;1
202400030408;155 728 211;7;0;2;3;1;2
202400030408;155 728 212;7;0;2;3;1;1
202400030408;155 728 213;33;0;2;8;1;1
202400030409;155 728 208;7;0;9;5;15;1
202400030409;155 728 209;1;0;2;1;1;5
202400030410;155 728 206;7;0;2;2;14;2
202400030410;155 728 207;7;3;0;6;2;1
202400030411;155 728 204;7;0;2;1;1;2
202400030411;155 728 205;7;0;2;1;5;1
202400030412;155 728 203;7;16;0;9;1;1
202400030413;155 728 201;33;0;2;8;1;1
202400030413;155 728 202;14;0;2;6;1;1
202400030414;155 728 199;7;0;2;6;0;1
202400030414;155 728 200;50;0;2;1;0;3
202400030415;155 728 198;7;2;0;8;1;3
202400030416;155 728 196;7;0;0;3;14;1
202400030416;155 728 197;2;0;2;1;13;1
202400030417;155 728 195;21;0;0;9;0;1
202400030418;155 728 193;7;0;2;1;16;1
202400030418;155 728 194;50;0;2;4;16;3
202400030419;155 728 191;10;0;2;4;0;1
202400030419;155 728 192;10;0;2;1;0;1
202400030420;155 728 190;7;0;1;3;1;1
202400030421;155 728 188;7;0;9;2;0;1
202400030421;155 728 189;50;0;2;7;0;3
202400030422;155 728 186;7;0;2;7;15;1
202400030422;155 728 187;2;0;2;1;1;1
202400030423;155 728 184;7;0;2;1;15;0
202400030423;155 728 185;50;0;2;0;0;3
202400030424;155 728 183;7;0;1;4;4;1
202400030425;155 728 182;7;0;0;0;1;1
202400030426;155 728 180;10;0;2;1;15;1
202400030426;155 728 181;2;0;2;1;1;1
202400030427;155 728 179;7;0;1;1;16;1
202400030428;155 728 177;2;0;2;8;1;1
202400030428;155 728 178;7;0;2;2;12;0
202400030429;155 728 175;7;0;2;1;2;1
202400030429;155 728 176;31;0;2;4;1;1
202400030430;155 728 173;7;0;2;2;15;1
202400030430;155 728 174;31;0;2;1;1;1
202400030431;155 728 171;7;0;2;4;23;1
202400030431;155 728 172;1;0;2;1;15;5
202400030432;155 728 167;7;0;2;2;2;0
202400030432;155 728 168;7;0;2;1;2;0
202400030433;155 728 166;43;8;0;2;1;1
202400030434;155 728 165;7;0;1;2;1;1
202400030435;155 728 163;50;0;2;1;5;3
202400030435;155 728 164;10;0;9;2;23;1
202400030436;155 728 162;7;14;0;1;26;1
202400030437;155 728 160;7;0;2;3;15;1
202400030437;155 728 161;30;0;2;1;1;1
202400030438;155 728 158;7;0;2;1;2;1
202400030438;155 728 159;7;0;2;4;2;1
202400030439;155 728 156;80;0;2;1;2;3
202400030439;155 728 157;7;0;2;4;23;1
202400030440;155 728 153;7;0;2;4;2;1
202400030440;155 728 154;7;0;2;4;2;1
202400030440;155 728 155;7;0;2;1;2;1
202400030441;155 728 152;3;8;0;1;1;1
202400030442;155 728 151;7;0;1;2;1;2
202400030443;155 728 149;7;1;0;1;14;1
202400030444;155 728 147;1;0;2;1;1;5
202400030444;155 728 148;30;0;2;1;14;1
202400030445;155 728 145;1;0;2;1;19;5
202400030445;155 728 146;7;0;2;1;26;1
202400030446;155 728 143;1;0;2;1;2;5
202400030446;155 728 144;1;0;2;4;1;5
202400030447;155 728 141;7;0;2;4;1;1
202400030447;155 728 142;7;0;2;1;1;1
202400030448;155 728 139;7;0;2;1;1;6
202400030448;155 728 140;7;14;0;1;13;1
202400030449;155 728 138;7;0;1;3;16;2
202400030450;155 728 136;7;0;2;8;1;1
202400030450;155 728 137;7;0;2;0;1;1
202400030451;155 728 134;1;0;2;0;19;5
202400030451;155 728 135;50;0;2;0;1;3
202400030452;155 728 132;7;0;2;1;1;1
202400030452;155 728 133;30;0;2;1;15;1
202400030453;155 728 129;7;0;2;3;1;1
202400030453;155 728 130;32;0;2;1;17;1
202400030453;155 728 131;30;0;2;4;15;1
202400030454;155 728 128;33;0;1;1;1;1
202400030455;155 728 126;7;0;2;4;1;1
202400030455;155 728 127;10;0;2;1;2;1
202400030456;155 728 125;3;0;2;0;9;0
202400030457;155 728 123;7;0;2;4;1;1
202400030457;155 728 124;7;0;2;1;1;1
202400030458;155 728 121;10;0;2;1;1;1
202400030458;155 728 122;2;0;2;7;1;1
202400030459;155 728 119;10;0;2;3;9;1
202400030459;155 728 120;50;0;2;1;1;3
202400030460;155 728 117;2;0;2;2;9;1
202400030460;155 728 118;7;0;2;3;16;1
202400030461;155 728 115;10;0;2;2;16;1
202400030461;155 728 116;7;12;2;8;1;1
202400030462;155 728 113;7;0;2;1;13;1
202400030462;155 728 114;7;0;2;3;1;1
202400030463;155 728 111;7;0;2;5;15;1
202400030463;155 728 112;7;0;2;1;1;1
202400030464;155 728 109;7;0;2;1;2;1
202400030464;155 728 110;7;0;2;4;2;1
202400030465;155 728 107;15;0;2;2;2;1
202400030465;155 728 108;7;0;2;6;11;2
202400030466;155 728 106;7;1;0;1;1;2
202400030467;155 728 104;1;0;2;4;1;5
202400030467;155 728 105;7;0;2;2;16;1
202400030468;155 728 103;7;0;1;1;1;1
202400030469;155 728 101;7;0;2;4;1;1
202400030469;155 728 102;30;0;2;1;2;3
202400030470;155 728 100;80;0;0;1;1;3
202400030471;155 728 098;80;0;2;1;5;3
202400030471;155 728 099;7;0;2;1;1;2
202400030472;155 728 097;7;0;1;0;0;1
202400030473;155 728 096;7;0;1;1;15;1
202400030474;155 728 094;10;0;2;1;15;1
202400030474;155 728 095;1;0;2;1;1;5
202400030475;155 728 092;37;0;2;1;0;1
202400030475;155 728 093;1;0;2;4;2;5
202400030476;155 728 091;7;0;1;3;15;1
202400030477;155 728 090;33;4;0;2;14;1
202400030478;155 728 088;7;0;2;4;2;1
202400030478;155 728 089;7;0;2;1;2;1
202400030479;155 728 086;7;0;2;1;1;1
202400030479;155 728 087;7;0;2;1;1;1
202400030480;155 728 084;7;0;2;8;0;2
202400030480;155 728 085;34;0;2;1;0;1
202400030481;155 728 082;7;0;2;1;0;1
202400030481;155 728 083;34;0;2;1;1;1
202400030482;155 728 079;33;0;2;2;1;1
202400030482;155 728 080;10;0;2;2;20;1
202400030483;155 728 077;7;0;2;1;15;0
202400030483;155 728 078;31;0;2;3;0;6
202400030484;155 728 075;7;0;2;0;0;1
202400030484;155 728 076;33;0;2;0;0;1
202400030485;155 728 074;7;0;2;2;2;2
202400030486;155 728 073;7;15;0;1;14;1
202400030487;155 728 071;30;0;2;1;1;1
202400030487;155 728 072;30;0;0;8;1;1
202400030488;155 728 069;7;0;2;3;1;1
202400030488;155 728 070;7;0;2;3;1;1
202400030489;155 728 066;7;0;2;4;2;1
202400030489;155 728 067;7;0;2;1;1;1
202400030489;155 728 068;10;0;2;1;2;1
202400030490;155 728 064;7;0;2;0;5;0
202400030490;155 728 065;2;0;0;1;1;1
202400030491;155 728 063;7;0;1;1;19;1
202400030492;155 728 062;33;0;0;0;1;1
202400030493;155 728 061;33;0;0;0;1;1
202400030494;155 728 059;7;13;0;3;1;1
202400030495;155 728 057;33;0;0;1;2;1
202400030495;155 728 058;7;0;2;6;9;1
202400030496;155 728 055;33;0;2;1;17;1
202400030496;155 728 056;10;0;2;3;15;1
202400030497;155 728 054;33;0;0;0;14;1
202400030498;155 728 053;50;0;0;0;1;3
202400030499;155 728 051;34;0;2;7;17;1
202400030499;155 728 052;7;0;2;8;15;1
202400030500;155 728 050;7;13;0;9;1;1
202400030501;155 728 049;2;0;0;9;1;1
202400030502;155 728 047;7;0;2;3;1;1
202400030502;155 728 048;2;0;2;1;1;1
202400030503;155 728 045;7;0;2;3;1;1
202400030503;155 728 046;7;0;2;3;13;1
202400030504;155 728 041;33;0;2;1;1;0
202400030504;155 728 042;7;0;2;8;9;0
202400030505;155 728 039;2;0;2;3;11;0
202400030505;155 728 040;10;0;2;3;11;1
202400030506;155 728 038;33;13;0;3;1;1
202400030507;155 728 037;7;16;0;9;14;1
202400030508;155 728 036;7;13;0;1;1;1
202400030509;155 728 034;21;0;2;8;1;1
202400030509;155 728 035;7;0;2;3;1;1
202400030510;155 728 032;1;0;2;5;1;5
202400030510;155 728 033;7;0;2;3;16;1
202400030511;155 728 030;7;0;2;2;1;1
202400030511;155 728 031;7;0;2;3;19;1
202400030512;155 728 029;7;0;1;2;1;1
202400030513;155 728 028;7;6;0;1;1;1
202400030514;155 728 027;7;2;0;3;0;1
202400030515;155 728 026;7;15;0;2;1;1
202400030516;155 728 025;7;0;0;0;14;1
202400030517;155 728 023;2;0;2;1;13;1
202400030517;155 728 024;7;0;2;2;1;1
202400030518;155 728 021;7;0;2;3;1;1
202400030518;155 728 022;7;0;2;2;15;1
202400030519;155 728 019;7;0;2;3;1;1
202400030519;155 728 020;7;0;2;3;1;1
202400030520;155 728 017;7;0;0;6;13;1
202400030520;155 728 018;33;0;2;1;1;1
202400030521;155 728 016;7;2;0;3;1;1
202400030522;155 728 014;2;0;2;1;17;1
202400030522;155 728 015;7;8;0;3;15;1
202400030523;155 728 012;7;0;2;3;13;1
202400030523;155 728 013;10;0;2;3;1;1
202400030524;155 728 010;1;0;2;1;1;5
202400030524;155 728 011;33;4;2;8;13;1
202400030525;155 728 008;1;0;2;4;2;5
202400030525;155 728 009;7;0;0;1;2;1
202400030526;155 728 007;7;2;0;3;2;1
202400030527;155 728 006;7;0;0;0;13;1
202400030528;155 728 005;7;2;0;1;1;1
202400030529;155 728 004;1;12;0;0;1;5
202400030530;155 728 003;7;7;0;1;1;1
202400030531;155 728 001;33;0;2;1;1;1
202400030531;155 728 002;7;0;2;8;17;1
202400030532;155 727 999;7;0;2;1;13;1
202400030532;155 728 000;7;0;2;1;1;1
202400030533;155 727 998;7;0;1;3;9;2
202400030534;155 727 997;7;0;1;0;15;1
202400030535;155 727 996;10;7;0;9;14;1
202400030536;155 727 995;10;3;0;1;1;1
202400030537;155 727 994;32;6;0;1;0;1
202400030538;155 727 993;33;0;0;7;1;1
202400030539;155 727 992;7;3;0;3;1;1
202400030540;155 727 988;7;13;0;2;14;1
202400030541;155 727 986;33;0;2;7;17;1
202400030541;155 727 987;7;0;2;8;15;1
202400030542;155 727 985;36;12;0;2;1;1
202400030543;155 727 984;33;13;0;1;1;1
202400030544;155 727 981;7;0;2;8;13;1
202400030544;155 727 982;7;0;2;1;1;1
202400030544;155 727 983;31;4;2;7;17;1
202400030545;155 727 978;7;0;2;1;2;1
202400030545;155 727 979;7;0;2;4;1;1
202400030545;155 727 980;15;0;0;4;2;1
202400030546;155 727 976;7;0;2;1;1;1
202400030546;155 727 977;7;0;2;1;13;1
202400030547;155 727 974;7;0;2;2;16;3
202400030547;155 727 975;50;0;2;8;1;3
202400030548;155 727 972;7;0;2;3;9;1
202400030548;155 727 973;2;0;2;1;1;1
202400030549;155 727 971;34;0;2;7;17;1
202400030550;155 727 970;7;15;0;1;2;1
202400030551;155 727 969;7;8;0;3;13;1
202400030552;155 727 967;7;0;2;2;16;1
202400030552;155 727 968;50;0;2;1;18;3
202400030553;155 727 965;7;0;2;7;1;1
202400030553;155 727 966;32;0;2;1;1;1
202400030554;155 727 963;42;14;0;2;17;1
202400030554;155 727 964;7;0;2;3;1;1
202400030555;155 727 961;33;0;2;1;2;1
202400030555;155 727 962;7;0;2;5;2;2
202400030556;155 727 960;7;0;1;3;1;1
202400030557;155 727 959;1;0;1;2;1;5
202400030558;155 727 956;30;0;1;1;3;3
202400030558;155 727 957;7;0;2;2;2;2
202400030558;155 727 958;7;0;2;3;2;2
202400030559;155 727 954;33;0;2;2;1;1
202400030559;155 727 955;7;0;2;3;10;2
202400030560;155 727 952;7;12;2;2;2;1
202400030560;155 727 953;30;12;2;4;2;1
202400030561;155 727 950;7;0;2;0;0;1
202400030561;155 727 951;50;0;2;1;1;3
202400030562;155 727 948;7;0;2;1;2;1
202400030562;155 727 949;7;0;2;4;23;1
202400030563;155 727 946;7;0;2;3;6;1
202400030563;155 727 947;33;0;2;1;17;1
202400030564;155 727 945;7;0;1;2;20;1
202400030565;155 727 943;2;0;2;7;1;1
202400030565;155 727 944;7;0;2;2;1;1
202400030566;155 727 942;34;12;0;9;1;1
202400030567;155 727 940;7;0;2;8;9;2
202400030567;155 727 941;31;0;2;1;1;1
202400030568;155 727 939;7;12;0;1;20;1
202400030569;155 727 938;33;0;0;7;1;1
202400030570;155 727 937;33;13;0;1;17;1
202400030571;155 727 935;7;0;2;1;1;1
202400030571;155 727 936;7;15;0;7;19;1
202400030572;155 727 933;33;0;2;1;1;1
202400030572;155 727 934;7;0;2;7;19;1
202400030573;155 727 932;7;8;0;9;13;1
202400030574;155 727 930;7;0;2;1;5;1
202400030574;155 727 931;7;0;2;1;1;1
202400030575;155 727 929;7;0;0;0;0;1
202400030576;155 727 928;33;0;0;1;1;1
202400030577;155 727 924;7;0;2;1;1;1
202400030577;155 727 925;7;3;2;4;1;0
202400030577;155 727 926;7;0;2;6;1;1
202400030577;155 727 927;7;0;2;1;1;2
202400030578;155 727 922;33;2;2;1;13;1
202400030578;155 727 923;10;0;2;1;1;1
202400030579;155 727 920;7;0;2;3;13;1
202400030579;155 727 921;7;0;2;2;1;1
202400030580;155 727 919;33;13;0;1;17;1
202400030581;155 727 918;7;8;0;3;13;1
202400030582;155 727 917;33;0;0;0;1;1
202400030583;155 727 915;7;0;2;3;15;2
202400030583;155 727 916;7;0;2;1;1;1
202400030584;155 727 914;33;0;0;0;1;1
202400030585;155 727 913;10;15;0;2;14;1
202400030586;155 727 912;7;0;0;2;14;1
202400030587;155 727 910;33;0;2;1;2;1
202400030587;155 727 911;7;0;2;3;15;1
202400030588;155 727 909;33;0;0;9;1;1
202400030589;155 727 908;7;13;0;7;14;1
202400030590;155 727 907;7;0;0;2;1;1
202400030591;155 727 906;7;6;0;1;1;1
202400030592;155 727 904;15;0;2;1;1;1
202400030592;155 727 905;7;0;2;1;1;1
202400030593;155 727 903;33;0;0;7;26;1
202400030594;155 727 902;33;9;0;2;1;1
202400030595;155 727 901;33;0;0;8;1;1
202400030596;155 727 899;33;0;2;1;1;1
202400030596;155 727 900;7;0;2;3;17;1
202400030597;155 727 897;33;0;0;1;2;1
202400030597;155 727 898;33;0;0;4;2;1
202400030598;155 727 896;10;0;1;7;16;1
202400030599;155 727 894;7;0;2;2;19;1
202400030599;155 727 895;7;0;2;1;1;1
202400030600;155 727 892;7;0;2;1;19;1
202400030600;155 727 893;7;0;2;6;1;1
202400030601;155 727 891;7;14;0;1;1;1
202400030602;155 727 890;7;10;0;3;1;1
202400030603;155 727 888;15;0;2;2;9;1
202400030603;155 727 889;7;4;0;8;1;1
202400030604;155 727 887;33;0;0;4;1;1
202400030605;155 727 885;17;1;0;2;14;1
202400030605;155 727 886;10;0;0;6;23;1
202400030606;155 727 884;7;16;0;1;1;1
202400030607;155 727 882;2;0;2;1;1;1
202400030607;155 727 883;7;0;0;2;20;2
202400030608;155 727 880;7;2;0;7;1;1
202400030609;155 727 878;7;0;2;1;2;1
202400030609;155 727 879;7;3;0;4;2;1
202400030609;155 727 881;7;14;0;0;2;1
202400030610;155 727 877;1;0;5;7;1;5
202400030611;155 727 876;10;3;0;1;1;1
202400030612;155 727 874;1;0;2;7;1;5
202400030612;155 727 875;7;0;2;3;9;1
202400030613;155 727 873;2;0;0;7;1;6
202400030614;155 727 872;1;6;0;1;1;5
202400030615;155 727 870;7;0;2;1;11;1
202400030615;155 727 871;7;0;2;1;1;1
202400030616;155 727 868;33;16;2;4;11;1
202400030616;155 727 869;7;2;2;1;17;1
202400030617;155 727 866;7;0;2;1;1;1
202400030617;155 727 867;7;0;2;8;19;1
202400030618;155 727 865;7;6;0;1;1;1
202400030619;155 727 863;7;0;2;6;1;1
202400030619;155 727 864;33;0;2;8;26;1
202400030620;155 727 861;7;0;2;1;5;1
202400030620;155 727 862;10;0;2;1;1;1
202400030621;155 727 859;33;0;2;1;2;1
202400030621;155 727 860;33;0;2;1;1;1
202400030622;155 727 858;33;8;0;2;1;1
202400030623;155 727 855;33;13;0;1;0;0
202400030624;155 727 852;2;0;2;1;1;1
202400030624;155 727 854;10;0;2;1;15;1
202400030625;155 727 851;7;0;2;3;16;1
202400030625;155 727 853;33;0;0;7;1;1
202400030626;155 727 849;33;14;0;2;17;1
202400030626;155 727 850;7;0;2;3;23;1
202400030627;155 727 848;33;16;0;1;1;1
202400030628;155 727 847;33;0;0;9;10;1
202400030629;155 727 846;7;2;0;9;1;1
202400030630;155 727 844;1;0;0;6;16;5
202400030630;155 727 845;7;0;9;0;1;0
202400030631;155 727 843;10;4;0;1;1;1
202400030632;155 727 841;7;0;2;6;16;1
202400030632;155 727 842;33;0;2;2;1;1
202400030633;155 727 840;14;13;0;9;1;1
202400030634;155 727 837;13;3;0;4;1;1
202400030634;155 727 839;15;13;0;1;1;1
202400030635;155 727 836;17;0;2;3;13;1
202400030635;155 727 838;10;0;2;3;1;1
202400030636;155 727 835;10;2;0;2;1;1
202400030637;155 727 831;7;0;0;4;1;1
202400030637;155 727 832;10;0;2;1;1;1
202400030638;155 727 830;13;3;0;2;26;1
202400030639;155 727 828;7;0;9;1;9;1
202400030639;155 727 829;1;0;0;4;2;5
202400030640;155 727 826;7;0;0;4;1;1
202400030640;155 727 827;7;0;2;1;0;1
202400030641;155 727 824;30;0;2;1;2;1
202400030641;155 727 825;21;0;0;4;15;1
202400030642;155 727 822;10;0;2;5;15;4
202400030642;155 727 823;1;0;2;1;25;5
202400030643;155 727 819;10;0;2;1;1;1
202400030643;155 727 820;7;0;2;4;1;1
202400030643;155 727 821;7;0;2;4;1;1
202400030644;155 727 815;7;1;0;8;23;1
202400030644;155 727 817;33;1;0;9;3;1
202400030645;155 727 812;7;0;0;4;21;1
202400030645;155 727 813;7;4;2;3;21;2
202400030645;155 727 814;7;0;2;1;21;2
202400030645;155 727 816;7;4;2;6;23;2
202400030645;155 727 818;7;0;2;2;21;2
202400030646;155 727 811;7;4;0;1;16;1
202400030647;155 727 810;10;0;1;7;14;1
202400030648;155 727 808;7;0;2;1;1;1
202400030648;155 727 809;7;0;2;4;1;1
202400030649;155 727 806;7;0;2;2;0;1
202400030649;155 727 807;7;0;2;1;0;1
202400030650;155 727 805;7;4;0;3;26;1
202400030651;155 727 804;7;6;0;1;13;1
202400030652;155 727 802;7;0;2;4;2;1
202400030652;155 727 803;33;0;2;1;2;1
202400030653;155 727 800;7;4;0;2;1;1
202400030654;155 727 801;1;9;0;1;0;5
202400030655;155 727 798;7;0;2;1;1;1
202400030655;155 727 799;0;0;2;4;2;0
202400030656;155 727 797;7;0;1;1;16;1
202400030657;155 727 793;7;0;2;4;23;1
202400030657;155 727 795;10;1;0;1;2;1
202400030658;155 727 792;7;0;2;3;11;1
202400030658;155 727 794;7;4;2;5;1;1
202400030658;155 727 796;7;0;2;6;0;1
202400030659;155 727 791;7;13;0;3;1;1
202400030660;155 727 786;7;0;2;1;2;1
202400030660;155 727 787;7;0;2;4;2;1
202400030660;155 727 789;7;0;2;4;2;1
202400030660;155 727 790;7;0;2;4;2;1
202400030661;155 727 785;7;0;2;1;1;1
202400030661;155 727 788;33;0;0;0;16;1
202400030662;155 727 783;7;0;2;1;1;1
202400030662;155 727 784;7;0;2;4;2;1
202400030663;155 727 781;7;4;0;1;1;1
202400030664;155 727 779;33;0;0;3;1;1
202400030665;155 727 780;7;0;2;1;13;3
202400030665;155 727 782;7;0;2;1;1;1
202400030666;155 727 776;7;0;2;2;1;1
202400030666;155 727 778;7;0;2;8;1;1
202400030667;155 727 775;7;0;2;7;17;3
202400030667;155 727 777;10;0;2;8;1;1
202400030668;155 727 774;33;4;0;8;13;1
202400030669;155 727 773;10;2;0;3;1;1
202400030670;155 727 771;7;0;0;5;2;1
202400030670;155 727 772;31;0;2;1;3;1
202400030671;155 727 770;7;2;0;8;1;1
202400030672;155 727 768;7;4;0;2;11;1
202400030673;155 727 767;7;13;2;2;21;2
202400030673;155 727 769;7;13;2;0;0;1
202400030674;155 727 764;10;0;2;1;1;1
202400030674;155 727 766;7;0;2;4;1;1
202400030675;155 727 762;7;3;2;4;2;1
202400030675;155 727 763;10;0;2;1;2;1
202400030675;155 727 765;7;3;2;4;2;1
202400030676;155 727 761;32;0;5;9;21;1
202400030677;155 727 759;33;0;2;4;23;1
202400030677;155 727 760;7;0;2;1;1;1
202400030678;155 727 758;30;0;0;7;1;1
202400030679;155 727 757;7;1;1;2;2;1
202400030680;155 727 756;50;0;0;0;1;3
202400030681;155 727 754;33;0;2;7;1;1
202400030681;155 727 755;7;0;2;8;11;1
202400030682;155 727 752;7;0;2;1;2;1
202400030682;155 727 753;7;0;2;4;2;1
202400030683;155 727 749;0;0;1;1;26;1
202400030684;155 727 748;7;0;2;1;1;1
202400030684;155 727 750;7;0;2;4;23;2
202400030684;155 727 751;7;0;2;4;23;1
202400030685;155 727 746;7;0;2;7;15;1
202400030685;155 727 747;33;0;2;1;1;1
202400030686;155 727 744;7;0;1;4;24;1
202400030687;155 727 745;7;4;0;3;1;1
202400030688;155 727 742;33;0;2;1;0;1
202400030688;155 727 743;7;0;2;1;15;2
202400030689;155 727 741;7;13;0;9;13;1
202400030690;155 727 740;7;0;1;6;26;1
202400030691;155 727 738;7;0;1;3;1;1
202400030692;155 727 737;7;0;0;2;2;1
202400030692;155 727 739;7;13;0;0;0;1
202400030693;155 727 735;1;0;0;0;0;5
202400030694;155 727 734;7;0;2;3;1;1
202400030694;155 727 736;7;6;2;1;1;1
202400030695;155 727 733;2;0;0;0;0;1
202400030696;155 727 727;7;0;2;2;2;1
202400030696;155 727 729;7;0;0;6;1;1
202400030697;155 727 728;7;0;2;7;15;1
202400030697;155 727 730;7;0;2;1;1;1
202400030698;155 727 723;1;0;2;1;1;5
202400030698;155 727 725;2;0;2;1;5;1
202400030699;155 727 722;2;9;0;0;1;1
202400030700;155 727 724;7;12;2;3;5;1
202400030700;155 727 726;14;0;2;2;1;1
202400030701;155 727 721;33;15;0;1;14;1
202400030702;155 727 719;7;0;2;1;1;1
202400030702;155 727 720;10;8;2;1;13;1
202400030703;155 727 716;7;13;2;1;1;1
202400030703;155 727 718;7;0;0;7;1;1
202400030704;155 727 715;33;0;2;8;1;1
202400030704;155 727 717;7;0;2;1;26;1
202400030705;155 727 712;7;0;2;1;0;
202400030705;155 727 714;7;1;0;3;21;1
202400030706;155 727 713;15;9;0;1;16;1
202400030707;155 727 711;7;1;0;7;14;1
202400030708;155 727 710;7;1;0;3;26;1
202400030709;155 727 709;7;1;0;1;1;1
202400030710;155 727 706;31;15;0;0;0;0
202400030711;155 727 705;7;0;2;1;1;1
202400030711;155 727 707;7;0;2;6;1;2
202400030711;155 727 708;7;0;2;1;14;1
202400030712;155 727 704;7;15;0;1;1;1
202400030713;155 727 700;7;0;9;7;15;1
202400030713;155 727 703;1;0;2;1;1;5
202400030714;155 727 699;7;0;2;5;0;1
202400030714;155 727 701;7;0;2;3;1;1
202400030714;155 727 702;30;0;2;0;0;0
202400030715;155 727 697;31;1;0;1;1;1
202400030716;155 727 696;7;0;2;5;1;1
202400030716;155 727 698;7;0;2;3;2;1
202400030717;155 727 695;7;13;0;1;0;2
202400030718;155 727 694;7;0;1;4;4;2
202400030719;155 727 692;10;15;0;1;14;1
202400030720;155 727 691;1;0;2;0;0;5
202400030720;155 727 693;7;0;2;0;1;2
202400030721;155 727 687;7;0;2;5;23;2
202400030721;155 727 688;7;0;2;3;1;1
202400030722;155 727 685;34;0;2;1;16;1
202400030722;155 727 686;7;0;2;1;1;1
202400030723;155 727 682;31;0;0;1;2;1
202400030723;155 727 683;7;0;2;4;1;1
202400030724;155 727 679;7;6;2;1;13;1
202400030724;155 727 680;10;0;2;1;1;1
202400030724;155 727 681;7;0;2;1;1;1
202400030724;155 727 684;7;0;2;1;1;1
202400030725;155 727 677;7;0;2;1;1;1
202400030725;155 727 678;2;0;2;5;19;1
202400030726;155 727 675;7;0;1;3;15;1
202400030727;155 727 674;7;0;2;6;11;1
202400030727;155 727 676;34;0;2;2;11;1
202400030728;155 727 672;50;0;2;1;13;3
202400030728;155 727 673;7;0;2;1;1;1
202400030729;155 727 670;7;0;2;2;14;1
202400030729;155 727 671;7;0;2;6;2;1
202400030730;155 727 668;7;0;2;8;1;1
202400030730;155 727 669;7;0;2;1;1;1
202400030731;155 727 667;33;0;0;0;1;1
202400030732;155 727 663;7;0;2;4;20;2
202400030732;155 727 665;7;0;2;2;2;3
202400030733;155 727 664;7;0;2;8;15;1
202400030733;155 727 666;7;0;2;1;1;1
202400030734;155 727 658;50;0;2;0;26;3
202400030734;155 727 660;7;0;2;3;15;1
202400030735;155 727 656;7;0;2;4;23;1
202400030735;155 727 657;7;0;2;4;23;1
202400030735;155 727 659;7;0;2;4;23;1
202400030735;155 727 661;7;0;2;4;23;1
202400030735;155 727 662;7;1;0;1;2;1
202400030736;155 727 654;7;0;0;0;1;1
202400030737;155 727 653;7;0;2;8;10;2
202400030737;155 727 655;33;0;2;1;1;1
202400030738;155 727 649;7;6;0;1;1;1
202400030739;155 727 648;1;0;2;1;1;5
202400030739;155 727 650;10;0;2;1;15;1
202400030740;155 727 647;7;13;0;0;0;1
202400030741;155 727 646;7;1;0;2;1;1
202400030742;155 727 643;7;0;2;0;15;1
202400030742;155 727 645;33;0;2;7;1;1
202400030743;155 727 642;7;0;1;3;1;0
202400030744;155 727 641;7;8;2;3;26;1
202400030744;155 727 644;7;0;2;1;19;1
202400030745;155 727 640;7;0;0;3;1;1
202400030746;155 727 639;7;0;1;1;1;1
202400030747;155 727 636;7;0;2;1;2;1
202400030747;155 727 638;7;0;2;4;2;1
202400030748;155 727 632;10;0;2;1;1;0
202400030748;155 727 634;7;0;2;1;1;1
202400030749;155 727 633;10;0;2;1;2;2
202400030749;155 727 635;10;0;2;4;2;1
202400030749;155 727 637;10;0;2;1;2;1
202400030750;155 727 630;50;0;2;8;1;3
202400030750;155 727 631;7;0;2;1;15;1
202400030751;155 727 628;7;5;0;1;3;1
202400030752;155 727 627;10;0;2;7;15;1
202400030752;155 727 629;2;0;2;1;1;1
202400030753;155 727 625;7;0;2;8;1;1
202400030753;155 727 626;35;0;2;2;1;1
202400030754;155 727 623;7;6;0;1;5;1
202400030755;155 727 622;7;6;2;2;17;1
202400030755;155 727 624;7;9;2;8;15;1
202400030756;155 727 620;7;0;2;1;1;1
202400030756;155 727 621;7;0;2;7;15;1
202400030757;155 727 618;7;1;0;2;14;1
202400030758;155 727 614;7;0;2;6;1;1
202400030758;155 727 615;1;0;2;1;1;5
202400030759;155 727 616;7;0;2;1;1;1
202400030759;155 727 617;7;0;2;4;23;1
202400030759;155 727 619;7;0;0;4;23;1
202400030760;155 727 613;7;0;1;1;15;1
202400030761;155 727 610;7;0;2;6;2;0
202400030761;155 727 612;41;0;2;1;2;0
202400030762;155 727 607;7;0;2;1;1;1
202400030762;155 727 608;7;9;2;8;15;1
202400030763;155 727 604;7;0;2;3;10;1
202400030763;155 727 605;30;0;0;1;0;1
202400030764;155 727 603;7;0;2;3;1;1