Num_Acc;id_vehicule;categorie_vehicule;obstacle_fixe;obstacle_mobile;point_choc_initial;manoeuvre_principale;motorisation
202400031109;155 726 986;7;0;0;1;1;1
202400031109;155 726 988;7;0;0;1;23;1
202400031110;155 726 984;30;0;0;0;0;1
202400031111;155 726 983;7;14;0;8;1;1
202400031112;155 726 982;7;2;0;3;14;1
202400031113;155 726 979;7;0;2;1;2;1
202400031113;155 726 981;2;0;0;4;0;1
202400031114;155 726 978;7;0;0;1;1;1
202400031114;155 726 980;14;0;2;2;1;1
202400031115;155 726 976;32;0;2;1;1;1
202400031115;155 726 977;31;0;2;3;24;1
202400031116;155 726 974;7;0;2;3;15;2
202400031116;155 726 975;7;0;2;2;1;1
202400031117;155 726 973;31;0;1;1;9;1
202400031118;155 726 971;2;0;2;1;1;1
202400031118;155 726 972;7;0;2;1;1;1
202400031119;155 726 970;7;0;1;4;4;1
202400031120;155 726 968;30;0;1;7;1;1
202400031121;155 726 967;30;0;2;1;15;1
202400031121;155 726 969;7;0;2;2;1;1
202400031122;155 726 964;7;0;2;4;2;2
202400031122;155 726 966;30;0;2;1;0;1
202400031123;155 726 963;13;0;2;7;12;1
202400031123;155 726 965;7;0;0;8;1;1
202400031124;155 726 959;7;1;0;1;14;1
202400031124;155 726 961;7;0;2;1;24;1
202400031125;155 726 958;7;0;2;1;0;1
202400031125;155 726 960;7;0;2;1;26;1
202400031125;155 726 962;7;0;2;4;0;1
202400031126;155 726 954;7;0;2;2;26;1
202400031126;155 726 956;50;0;2;1;1;3
202400031127;155 726 953;10;0;2;1;2;1
202400031127;155 726 955;7;0;2;1;2;1
202400031127;155 726 957;7;0;0;4;2;1
202400031128;155 726 951;7;17;0;1;14;1
202400031129;155 726 950;7;1;0;1;1;1
202400031129;155 726 952;7;1;2;4;24;1
202400031130;155 726 948;7;0;1;4;20;1
202400031131;155 726 947;7;0;2;2;17;0
202400031131;155 726 949;7;0;2;4;1;1
202400031132;155 726 946;7;0;0;2;1;1
202400031133;155 726 944;7;0;9;3;15;1
202400031133;155 726 945;1;0;2;3;17;5
202400031134;155 726 942;50;0;9;1;13;3
202400031134;155 726 943;1;0;9;1;11;5
202400031135;155 726 939;1;0;2;4;0;5
202400031135;155 726 941;2;0;2;1;0;0
202400031136;155 726 940;7;14;0;1;1;1
202400031137;155 726 938;7;0;1;1;1;1
202400031138;155 726 934;7;0;2;1;19;1
202400031138;155 726 936;7;0;2;1;1;1
202400031139;155 726 935;7;0;2;0;11;1
202400031139;155 726 937;7;0;2;2;12;1
202400031140;155 726 932;7;6;0;1;0;1
202400031141;155 726 931;7;0;2;3;1;1
202400031141;155 726 933;7;0;2;4;1;1
202400031142;155 726 930;7;13;0;1;0;1
202400031143;155 726 927;7;0;2;6;2;1
202400031143;155 726 928;7;0;2;1;2;1
202400031144;155 726 925;7;0;2;1;1;3
202400031144;155 726 926;7;0;2;4;12;1
202400031144;155 726 929;10;0;2;1;1;1
202400031145;155 726 923;7;0;2;1;1;1
202400031145;155 726 924;7;0;2;4;13;1
202400031146;155 726 921;32;4;0;1;1;1
202400031147;155 726 917;7;0;2;3;15;1
202400031147;155 726 918;50;0;2;1;17;3
202400031148;155 726 916;7;0;2;8;1;1
202400031148;155 726 919;13;0;2;1;1;1
202400031148;155 726 920;7;0;2;4;1;1
202400031148;155 726 922;33;0;2;4;3;1
202400031149;155 726 915;7;0;1;3;19;1
202400031150;155 726 913;7;1;0;1;2;1
202400031150;155 726 914;7;1;2;4;23;1
202400031151;155 726 911;7;0;2;2;5;1
202400031151;155 726 912;7;0;2;6;5;1
202400031152;155 726 909;7;0;2;6;23;1
202400031152;155 726 910;7;1;0;2;9;1
202400031153;155 726 908;7;5;0;0;13;1
202400031154;155 726 907;7;0;0;;1;1
202400031155;155 726 906;7;13;0;0;0;1
202400031156;155 726 903;7;0;2;3;1;1
202400031156;155 726 905;7;0;2;2;1;1
202400031157;155 726 902;7;0;2;0;0;1
202400031157;155 726 904;7;0;2;0;0;1
202400031158;155 726 901;7;0;1;0;24;1
202400031159;155 726 900;7;0;1;0;1;1
202400031160;155 726 898;7;0;2;2;1;1
202400031160;155 726 899;60;0;2;8;15;5
202400031161;155 726 897;10;0;0;0;0;1
202400031162;155 726 895;7;0;2;4;1;3
202400031162;155 726 896;7;0;2;1;1;1
202400031163;155 726 893;7;0;2;1;2;1
202400031163;155 726 894;7;0;2;6;15;1
202400031164;155 726 891;2;0;2;1;1;1
202400031164;155 726 892;7;0;2;3;15;1
202400031165;155 726 890;7;0;1;3;1;1
202400031166;155 726 888;7;16;2;9;26;6
202400031166;155 726 889;7;0;2;8;1;1
202400031167;155 726 886;7;0;2;3;1;2
202400031167;155 726 887;7;0;2;3;13;1
202400031168;155 726 883;7;0;2;4;1;1
202400031168;155 726 884;7;0;2;6;1;1
202400031168;155 726 885;10;15;2;1;1;1
202400031169;155 726 882;33;0;1;2;26;1
202400031170;155 726 880;7;0;2;1;1;1
202400031170;155 726 881;7;0;2;1;0;1
202400031171;155 726 876;2;0;2;3;1;3
202400031171;155 726 877;7;0;2;2;1;1
202400031172;155 726 874;37;0;2;8;2;1
202400031172;155 726 875;7;8;0;1;26;2
202400031173;155 726 872;7;0;2;7;1;1
202400031173;155 726 873;7;0;2;1;1;1
202400031174;155 726 871;7;0;1;1;1;1
202400031175;155 726 870;7;2;0;2;14;1
202400031176;155 726 868;7;0;2;8;1;1
202400031176;155 726 869;7;0;2;1;19;1
202400031177;155 726 866;1;0;2;4;1;5
202400031177;155 726 867;7;0;2;1;1;0
202400031178;155 726 864;7;0;2;3;9;1
202400031178;155 726 865;1;0;2;1;1;5
202400031179;155 726 863;33;0;0;7;26;1
202400031180;155 726 862;7;13;0;1;26;1
202400031181;155 726 860;60;0;2;5;1;5
202400031181;155 726 861;7;0;9;5;1;1
202400031182;155 726 859;7;0;1;1;0;0
202400031183;155 726 857;7;0;2;3;13;1
202400031183;155 726 858;7;3;2;8;1;1
202400031184;155 726 855;7;0;2;7;12;1
202400031184;155 726 856;33;0;2;8;3;1
202400031185;155 726 853;10;0;2;1;2;1
202400031185;155 726 854;7;0;2;4;2;1
202400031186;155 726 851;7;0;2;7;12;1
202400031186;155 726 852;33;0;2;8;1;1
202400031187;155 726 847;7;0;2;4;2;1
202400031187;155 726 848;7;0;2;4;2;1
202400031187;155 726 849;7;0;2;4;2;1
202400031187;155 726 850;10;0;2;1;2;1
202400031188;155 726 845;43;0;2;1;2;1
202400031188;155 726 846;7;0;0;6;2;1
202400031189;155 726 844;7;0;1;7;1;2
202400031190;155 726 842;33;0;2;3;1;1
202400031190;155 726 843;10;0;2;7;15;1
202400031191;155 726 836;10;0;2;1;1;1
202400031191;155 726 837;33;0;2;4;1;1
202400031191;155 726 838;7;0;0;4;1;1
202400031191;155 726 839;10;0;2;4;1;1
202400031191;155 726 840;7;0;2;7;1;1
202400031191;155 726 841;10;0;2;4;1;1
202400031192;155 726 834;1;0;2;8;1;5
202400031192;155 726 835;7;0;2;7;17;0
202400031193;155 726 833;2;0;0;2;2;3
202400031194;155 726 832;30;0;0;2;1;3
202400031195;155 726 830;7;0;2;5;1;1
202400031195;155 726 831;7;0;2;1;0;1
202400031196;155 726 829;7;0;1;2;1;2
202400031197;155 726 827;7;0;2;1;1;1
202400031197;155 726 828;30;0;2;4;1;1
202400031198;155 726 826;7;12;0;2;14;1
202400031199;155 726 824;7;0;2;3;1;1
202400031199;155 726 825;7;0;2;2;19;1
202400031200;155 726 823;7;2;0;3;1;1
202400031201;155 726 820;7;0;2;3;1;1
202400031201;155 726 821;10;0;0;6;1;1
202400031202;155 726 819;7;13;0;1;6;1
202400031203;155 726 816;7;0;2;3;1;1
202400031203;155 726 817;7;0;2;3;17;1
202400031203;155 726 818;7;0;2;4;1;1
202400031204;155 726 815;10;13;0;9;1;1
202400031205;155 726 813;7;13;2;2;26;1
202400031205;155 726 814;1;0;2;1;1;5
202400031206;155 726 811;7;0;2;1;1;1
202400031206;155 726 812;7;0;2;0;1;1
202400031207;155 726 810;7;13;0;8;1;1
202400031208;155 726 807;7;0;2;7;5;1
202400031208;155 726 808;7;0;2;1;1;1
202400031209;155 726 805;7;0;2;1;1;1
202400031209;155 726 806;7;0;2;1;13;1
202400031210;155 726 804;7;14;0;1;14;1
202400031211;155 726 803;7;4;0;1;1;1
202400031212;155 726 801;7;0;2;3;13;1
202400031212;155 726 802;15;0;2;3;1;1
202400031213;155 726 800;7;0;0;0;21;1
202400031214;155 726 798;33;0;2;1;13;1
202400031214;155 726 799;7;0;2;1;1;1
202400031215;155 726 796;7;0;2;3;19;1
202400031215;155 726 797;33;0;2;2;1;1
202400031216;155 726 794;50;0;2;3;15;3
202400031216;155 726 795;7;0;9;2;1;1
202400031217;155 726 792;7;0;0;4;23;1
202400031217;155 726 793;7;0;2;1;1;1
202400031218;155 726 791;7;16;0;0;0;1
202400031219;155 726 790;7;0;0;0;2;1
202400031220;155 726 788;7;0;2;1;1;1
202400031220;155 726 789;10;0;2;2;1;1
202400031221;155 726 785;15;0;2;3;13;1
202400031221;155 726 786;7;0;2;3;1;1
202400031222;155 726 784;1;0;2;8;1;5
202400031222;155 726 787;50;0;2;1;1;3
202400031223;155 726 782;7;0;0;7;6;1
202400031223;155 726 783;2;0;2;1;1;1
202400031224;155 726 778;10;0;0;4;23;1
202400031224;155 726 780;10;0;2;1;2;1
202400031225;155 726 779;7;0;2;4;20;1
202400031225;155 726 781;3;0;2;1;2;1
202400031226;155 726 776;33;0;2;1;2;1
202400031226;155 726 777;7;0;2;6;11;1
202400031227;155 726 775;7;0;2;1;1;1
202400031228;155 726 771;33;0;1;1;1;1
202400031229;155 726 769;7;0;0;1;23;1
202400031229;155 726 770;13;0;0;4;23;1
202400031229;155 726 772;7;0;0;0;23;1
202400031229;155 726 773;7;0;0;0;23;1
202400031229;155 726 774;7;1;1;1;13;1
202400031230;155 726 767;32;0;2;1;17;1
202400031230;155 726 768;32;0;0;6;15;1
202400031231;155 726 766;7;6;0;1;1;1
202400031232;155 726 764;2;0;2;1;5;1
202400031232;155 726 765;10;0;2;1;1;1
202400031233;155 726 762;7;0;2;8;15;1
202400031233;155 726 763;33;0;2;7;17;1
202400031234;155 726 760;7;0;2;1;13;1
202400031234;155 726 761;31;0;2;1;1;1
202400031235;155 726 759;7;0;1;3;1;1
202400031236;155 726 756;32;0;2;8;11;1
202400031236;155 726 758;7;0;2;2;1;1
202400031237;155 726 755;7;0;2;1;1;1
202400031237;155 726 757;7;0;2;7;15;1
202400031238;155 726 752;1;0;2;7;1;5
202400031238;155 726 754;7;0;2;8;9;1
202400031239;155 726 753;10;2;0;9;14;1
202400031240;155 726 751;40;0;1;7;1;3
202400031241;155 726 749;10;0;2;8;2;1
202400031241;155 726 750;2;0;2;2;17;1
202400031242;155 726 747;7;0;2;1;19;2
202400031242;155 726 748;33;0;2;7;1;1
202400031243;155 726 744;2;0;2;1;1;0
202400031243;155 726 746;7;0;0;6;26;1
202400031244;155 726 743;7;0;2;1;15;1
202400031244;155 726 745;7;0;2;3;1;1
202400031245;155 726 742;7;0;1;2;1;1
202400031246;155 726 741;50;0;1;1;0;3
202400031247;155 726 739;7;0;2;4;2;1
202400031247;155 726 740;7;0;2;1;2;1
202400031248;155 726 735;7;0;2;8;10;1
202400031248;155 726 738;33;0;2;1;1;1
202400031249;155 726 734;10;1;0;2;2;1
202400031249;155 726 736;7;0;2;1;2;1
202400031249;155 726 737;7;0;0;4;2;2
202400031250;155 726 731;7;4;2;1;1;1
202400031250;155 726 732;10;0;2;1;1;1
202400031251;155 726 730;7;0;2;3;1;1
202400031251;155 726 733;7;0;2;1;1;1
202400031252;155 726 727;10;0;1;2;26;1
202400031253;155 726 725;7;0;2;7;5;1
202400031253;155 726 726;17;0;2;6;24;1
202400031253;155 726 728;17;1;2;5;21;1
202400031253;155 726 729;7;0;2;7;21;2
202400031254;155 726 721;43;0;2;1;12;1
202400031254;155 726 723;7;4;2;8;1;1
202400031255;155 726 722;7;0;2;4;2;1
202400031255;155 726 724;32;0;2;1;2;1
202400031256;155 726 720;7;4;0;4;0;1
202400031257;155 726 718;7;0;2;1;1;1
202400031258;155 726 717;7;0;2;1;2;1
202400031258;155 726 719;7;0;2;4;2;2
202400031259;155 726 713;33;0;2;1;1;1
202400031259;155 726 715;7;0;2;4;2;1
202400031260;155 726 714;7;0;2;1;13;1
202400031260;155 726 716;7;0;2;6;15;2
202400031261;155 726 709;7;0;2;1;1;1
202400031261;155 726 711;1;0;2;8;19;5
202400031262;155 726 704;7;0;2;4;1;1
202400031262;155 726 706;10;0;2;4;1;1
202400031262;155 726 707;7;0;2;4;1;1
202400031262;155 726 708;7;0;2;4;1;2
202400031262;155 726 710;10;0;2;4;1;1
202400031262;155 726 712;7;0;2;2;12;1
202400031263;155 726 705;7;0;1;1;1;1
202400031264;155 726 701;7;0;2;3;1;1
202400031264;155 726 703;7;3;2;5;12;1
202400031265;155 726 702;3;0;1;2;0;1
202400031266;155 726 698;10;0;2;8;26;0
202400031266;155 726 700;7;0;2;2;0;1
202400031267;155 726 697;7;0;2;3;1;1
202400031267;155 726 699;50;0;2;1;1;3
202400031268;155 726 694;7;3;2;1;1;1
202400031268;155 726 696;7;0;2;0;0;0
202400031269;155 726 693;7;0;2;2;1;1
202400031269;155 726 695;50;0;2;1;1;3
202400031270;155 726 692;33;3;0;0;1;1
202400031271;155 726 690;7;0;2;2;2;1
202400031271;155 726 691;80;0;2;4;1;3
202400031272;155 726 689;7;0;2;1;1;1
202400031273;155 726 688;7;0;1;1;18;1
202400031274;155 726 686;7;0;2;1;12;1
202400031274;155 726 687;33;0;2;4;1;1
202400031275;155 726 683;33;0;2;7;17;1
202400031275;155 726 685;7;0;2;8;15;1
202400031276;155 726 681;7;0;2;2;1;2
202400031276;155 726 682;7;3;2;1;18;2
202400031276;155 726 684;7;0;2;4;1;1
202400031277;155 726 680;7;0;1;2;15;1
202400031278;155 726 678;7;0;2;4;1;1
202400031278;155 726 679;10;0;2;1;1;1
202400031279;155 726 675;7;0;2;1;21;1
202400031279;155 726 676;7;3;2;1;21;1
202400031280;155 726 674;1;0;9;1;19;5
202400031280;155 726 677;1;0;9;2;1;5
202400031281;155 726 672;1;1;2;3;1;5
202400031281;155 726 673;10;1;0;3;24;0
202400031282;155 726 668;7;0;2;3;16;1
202400031282;155 726 670;7;0;2;1;1;1
202400031283;155 726 669;1;0;2;1;1;5
202400031283;155 726 671;7;0;2;8;15;1
202400031284;155 726 667;7;5;0;2;14;1
202400031285;155 726 666;33;0;5;1;1;1
202400031286;155 726 664;2;0;2;7;1;1
202400031286;155 726 665;7;0;9;3;9;1
202400031287;155 726 662;7;4;0;1;9;1
202400031288;155 726 660;7;0;2;3;1;1
202400031288;155 726 663;37;0;2;1;1;1
202400031289;155 726 658;7;4;2;6;2;1
202400031289;155 726 659;7;4;2;9;1;1
202400031289;155 726 661;7;4;2;9;18;1
202400031290;155 726 657;10;0;1;4;25;1
202400031291;155 726 655;7;0;2;1;1;1
202400031291;155 726 656;7;0;2;4;20;1
202400031292;155 726 652;10;0;2;2;16;0
202400031292;155 726 654;1;0;2;1;1;5
202400031293;155 726 653;33;14;0;1;17;1
202400031294;155 726 650;7;0;2;2;15;1
202400031294;155 726 651;7;0;2;1;1;1
202400031295;155 726 649;7;0;0;3;26;1
202400031296;155 726 648;31;12;0;1;17;1
202400031297;155 726 646;80;0;0;7;15;3
202400031297;155 726 647;7;0;2;1;1;1
202400031298;155 726 642;10;0;2;7;16;1
202400031298;155 726 645;30;0;2;1;21;3
202400031299;155 726 640;7;0;2;7;15;1
202400031299;155 726 641;2;0;2;1;1;1
202400031300;155 726 639;7;13;0;1;13;1
202400031301;155 726 637;10;0;2;1;2;1
202400031301;155 726 638;7;0;2;4;2;1
202400031302;155 726 635;7;0;1;2;1;1
202400031303;155 726 636;7;0;1;2;16;1
202400031304;155 726 633;7;0;2;7;15;1
202400031304;155 726 634;33;0;2;1;1;1
202400031305;155 726 630;7;0;2;3;15;1
202400031305;155 726 632;50;0;2;3;1;3
202400031306;155 726 629;50;0;2;1;1;3
202400031306;155 726 631;7;0;2;1;16;1
202400031307;155 726 628;3;15;0;1;1;1
202400031308;155 726 624;7;0;2;1;1;1
202400031308;155 726 626;7;0;2;4;1;1
202400031309;155 726 621;7;0;0;0;0;1
202400031309;155 726 625;7;0;0;1;13;1
202400031309;155 726 627;7;0;0;8;14;1
202400031310;155 726 619;7;0;2;4;23;1
202400031310;155 726 620;7;0;2;1;26;1
202400031311;155 726 616;50;0;2;2;19;3
202400031311;155 726 618;7;0;2;2;15;1
202400031312;155 726 622;7;0;2;3;2;1
202400031312;155 726 623;7;15;2;5;2;1
202400031313;155 726 613;33;2;0;0;0;1
202400031314;155 726 611;7;0;2;1;1;1
202400031314;155 726 615;32;0;2;7;1;1
202400031315;155 726 610;7;0;0;0;9;1
202400031316;155 726 607;7;0;2;5;17;1
202400031316;155 726 608;7;0;2;3;1;1
202400031317;155 726 605;7;0;1;1;1;1
202400031318;155 726 603;7;0;1;5;20;1
202400031319;155 726 601;7;8;0;1;13;1
202400031320;155 726 602;7;0;2;3;1;1
202400031320;155 726 604;30;0;2;2;15;1
202400031321;155 726 599;50;0;2;8;2;3
202400031321;155 726 600;7;0;2;2;2;1
202400031322;155 726 597;7;0;1;3;16;1
202400031323;155 726 595;7;6;0;1;0;1
202400031324;155 726 596;7;0;2;3;15;1
202400031324;155 726 598;2;0;2;3;15;1
202400031325;155 726 594;7;6;2;1;0;1
202400031326;155 726 592;7;8;0;3;26;1
202400031327;155 726 589;10;0;2;1;1;1
202400031327;155 726 590;33;0;2;3;12;1
202400031327;155 726 591;7;0;2;2;1;2
202400031328;155 726 588;7;0;1;1;1;1
202400031329;155 726 586;10;0;1;7;1;1
202400031330;155 726 587;1;0;2;2;26;5
202400031330;155 726 593;7;0;2;3;26;1
202400031331;155 726 584;7;0;2;2;15;1
202400031331;155 726 585;30;0;2;1;1;1
202400031332;155 726 583;7;0;1;1;1;2
202400031333;155 726 580;7;0;2;4;0;1
202400031333;155 726 581;7;0;2;1;1;1
202400031334;155 726 578;2;0;1;1;1;3
202400031335;155 726 579;7;0;2;2;16;1
202400031335;155 726 582;1;0;0;0;1;5
202400031336;155 726 577;7;0;1;0;0;1
202400031337;155 726 575;7;0;1;1;10;1
202400031338;155 726 573;7;0;2;1;0;2
202400031338;155 726 574;10;0;2;1;5;1
202400031339;155 726 572;7;0;2;3;15;1
202400031339;155 726 576;1;0;2;1;16;5
202400031340;155 726 569;7;0;2;1;13;1
202400031340;155 726 571;50;0;2;1;0;3
202400031341;155 726 568;1;1;2;1;1;5
202400031341;155 726 570;10;0;2;8;22;1
202400031342;155 726 567;7;0;1;2;1;1
202400031343;155 726 564;7;0;1;4;4;1
202400031344;155 726 563;0;0;0;0;0;0
202400031344;155 726 565;30;0;2;0;1;1
202400031345;155 726 561;10;0;2;1;2;1
202400031345;155 726 562;7;0;2;1;23;1
202400031345;155 726 566;7;0;2;4;23;1
202400031346;155 726 559;7;0;0;6;23;1
202400031346;155 726 560;2;0;2;2;13;1
202400031347;155 726 558;7;8;0;3;1;1
202400031348;155 726 557;80;0;1;1;17;3
202400031349;155 726 554;7;0;2;4;2;1
202400031349;155 726 556;2;0;2;1;2;3
202400031350;155 726 553;10;0;1;1;1;1
202400031351;155 726 552;7;0;2;3;1;1
202400031351;155 726 555;32;0;2;7;12;1
202400031352;155 726 549;31;0;2;1;1;1
202400031352;155 726 551;7;0;2;1;15;1
202400031353;155 726 548;33;0;2;1;1;1
202400031353;155 726 550;7;0;2;5;1;1
202400031354;155 726 545;7;0;0;0;1;1
202400031355;155 726 542;7;0;2;1;2;1
202400031355;155 726 544;7;0;2;1;2;1
202400031355;155 726 546;10;0;2;1;2;1
202400031355;155 726 547;7;0;2;4;2;1
202400031356;155 726 541;7;13;0;1;1;1
202400031357;155 726 540;30;0;0;0;0;1
202400031358;155 726 538;2;0;2;3;1;1
202400031358;155 726 539;0;0;2;0;0;
202400031359;155 726 532;50;0;2;1;1;3
202400031359;155 726 533;7;0;2;7;1;1
202400031360;155 726 535;7;0;2;3;13;1
202400031360;155 726 537;7;0;2;8;1;1
202400031361;155 726 530;80;0;2;1;1;3
202400031361;155 726 531;7;0;2;3;22;1
202400031362;155 726 528;7;0;1;1;1;1
202400031363;155 726 526;7;0;0;1;26;1
202400031364;155 726 527;7;0;2;3;1;1
202400031364;155 726 529;7;0;2;2;10;1
202400031365;155 726 523;10;0;1;4;4;1
202400031366;155 726 522;7;0;2;4;2;1
202400031366;155 726 525;7;0;2;1;2;1
202400031367;155 726 520;30;0;2;1;5;1
202400031367;155 726 524;7;0;2;1;1;1
202400031368;155 726 519;7;0;2;7;16;1
202400031368;155 726 521;1;0;2;8;2;5
202400031369;155 726 517;7;0;1;1;26;1
202400031370;155 726 516;7;0;2;4;23;1
202400031370;155 726 518;7;0;2;1;1;1
202400031371;155 726 514;7;0;2;4;2;3
202400031371;155 726 515;7;0;2;1;2;1
202400031372;155 726 511;50;0;1;1;25;3
202400031373;155 726 509;7;0;2;1;1;0
202400031373;155 726 512;7;0;2;8;15;0
202400031374;155 726 507;7;0;2;1;1;1
202400031374;155 726 510;10;0;2;4;23;1
202400031374;155 726 513;7;0;2;4;0;1
202400031375;155 726 504;7;0;2;1;13;1
202400031375;155 726 506;7;0;2;1;2;1
202400031376;155 726 505;2;0;2;7;17;1
202400031376;155 726 508;7;0;2;3;13;1
202400031377;155 726 501;7;0;2;1;8;1
202400031377;155 726 503;37;0;2;3;24;1
202400031378;155 726 499;30;0;2;1;1;1
202400031378;155 726 502;7;0;2;6;26;1
202400031379;155 726 498;7;0;2;1;2;1
202400031379;155 726 500;7;0;2;4;2;1
202400031380;155 726 497;7;4;0;0;16;1
202400031381;155 726 494;50;0;2;1;1;3
202400031381;155 726 496;80;0;2;1;5;3
202400031382;155 726 495;7;0;1;1;15;2
202400031383;155 726 488;7;0;2;3;13;1
202400031383;155 726 491;7;0;2;3;1;1
202400031384;155 726 492;34;0;2;1;26;1
202400031384;155 726 493;10;0;2;3;19;1
202400031385;155 726 487;33;0;0;7;1;1
202400031385;155 726 489;7;0;2;1;1;2
202400031386;155 726 486;37;0;1;2;1;1
202400031387;155 726 485;32;0;1;1;1;1
202400031388;155 726 483;7;8;0;2;14;1
202400031389;155 726 484;7;0;1;1;16;1
202400031390;155 726 482;7;0;1;1;0;1
202400031391;155 726 480;7;0;1;1;20;0
202400031392;155 726 481;7;0;1;0;1;1
202400031393;155 726 476;34;0;2;4;26;1
202400031393;155 726 478;7;0;2;1;0;1
202400031394;155 726 474;7;0;2;4;0;1
202400031394;155 726 475;10;0;2;1;1;1
202400031395;155 726 473;7;0;2;4;1;1
202400031395;155 726 477;7;0;2;4;1;1
202400031395;155 726 479;7;0;2;1;1;1
202400031396;155 726 472;7;0;1;3;15;1
202400031397;155 726 471;7;0;1;1;1;1
202400031398;155 726 470;7;0;1;2;15;2
202400031399;155 726 469;1;0;9;8;0;5
202400031400;155 726 467;7;0;2;1;2;1
202400031400;155 726 468;7;0;2;4;2;1
202400031401;155 726 463;7;0;2;4;2;1
202400031401;155 726 465;7;0;2;1;2;1
202400031402;155 726 462;7;2;2;1;21;1
202400031402;155 726 466;7;0;2;2;15;3
202400031403;155 726 459;7;0;2;3;1;1
202400031403;155 726 461;33;0;2;4;1;1
202400031404;155 726 458;33;0;2;1;1;1
202400031404;155 726 460;34;0;2;1;1;1
202400031404;155 726 464;1;0;2;4;15;5
202400031405;155 726 456;7;0;2;3;5;1
202400031405;155 726 457;7;0;2;3;1;1
202400031406;155 726 455;7;6;0;1;26;1
202400031407;155 726 454;7;2;0;7;1;1
202400031408;155 726 451;7;0;1;4;26;1
202400031409;155 726 453;7;0;1;8;15;3
202400031410;155 726 450;7;0;2;2;15;3
202400031410;155 726 452;33;0;2;1;1;1
202400031411;155 726 449;7;2;0;1;1;1
202400031412;155 726 446;7;1;2;3;13;1
202400031412;155 726 448;32;1;2;1;1;1
202400031413;155 726 443;7;0;2;6;23;1
202400031413;155 726 447;33;0;2;1;16;1
202400031414;155 726 442;80;0;2;6;1;3
202400031414;155 726 445;1;0;2;1;17;5
202400031415;155 726 441;33;0;2;3;5;1
202400031415;155 726 444;33;0;2;3;1;1
202400031416;155 726 439;7;0;2;1;2;1
202400031416;155 726 440;7;0;2;4;2;1
202400031417;155 726 433;7;0;2;5;12;1
202400031417;155 726 435;15;0;2;3;1;1
202400031417;155 726 438;33;0;2;3;3;1
202400031418;155 726 434;7;12;2;3;13;2
202400031418;155 726 436;7;0;2;0;0;0
202400031419;155 726 437;7;2;0;3;13;2
202400031420;155 726 430;7;0;2;1;1;1
202400031420;155 726 432;7;0;2;4;1;2
202400031421;155 726 428;7;0;1;4;4;2
202400031422;155 726 427;7;16;0;9;17;1
202400031423;155 726 426;33;0;2;1;12;1
202400031423;155 726 429;7;0;2;6;1;1
202400031423;155 726 431;7;0;2;2;1;3
202400031424;155 726 425;7;0;1;1;1;1
202400031425;155 726 422;3;0;0;9;0;1
202400031426;155 726 420;7;0;2;4;2;1
202400031426;155 726 424;7;0;2;1;2;1
202400031427;155 726 416;7;0;1;2;1;1
202400031428;155 726 417;10;0;2;4;23;1
202400031428;155 726 418;7;0;2;4;23;1
202400031428;155 726 421;7;0;2;4;23;1
202400031428;155 726 423;10;0;2;1;2;1
202400031429;155 726 414;7;1;0;0;0;1
202400031430;155 726 413;33;0;2;1;2;1
202400031430;155 726 415;7;0;2;5;2;1
202400031431;155 726 410;1;0;2;4;1;5
202400031431;155 726 412;7;0;2;1;1;0
202400031432;155 726 409;33;0;2;8;17;1
202400031432;155 726 411;7;0;2;8;1;2
202400031433;155 726 407;37;0;1;2;1;1
202400031434;155 726 404;7;0;1;4;4;1
202400031435;155 726 405;2;0;2;3;24;3
202400031435;155 726 408;7;1;0;2;1;1
202400031436;155 726 403;7;0;2;3;1;1
202400031436;155 726 406;7;0;2;3;1;2
202400031437;155 726 401;15;4;0;2;1;1
202400031438;155 726 397;7;0;1;1;15;1
202400031439;155 726 398;32;0;2;8;1;1
202400031439;155 726 400;7;0;2;1;9;1
202400031440;155 726 399;7;0;2;3;1;1
202400031440;155 726 402;80;0;2;0;1;3
202400031441;155 726 395;7;0;2;1;5;1
202400031441;155 726 396;7;0;2;1;1;1
202400031442;155 726 393;7;0;1;1;1;0
202400031443;155 726 391;7;0;1;1;1;1
202400031444;155 726 390;7;0;2;1;19;2
202400031444;155 726 394;7;0;2;7;1;1
202400031445;155 726 392;40;0;1;2;1;3
202400031446;155 726 388;1;7;0;1;17;5
202400031447;155 726 386;31;0;2;1;21;1
202400031447;155 726 387;7;0;2;1;23;1
202400031448;155 726 385;7;0;2;1;15;1
202400031448;155 726 389;43;0;2;3;1;1
202400031449;155 726 384;7;0;1;2;1;1
202400031450;155 726 381;1;0;2;4;2;5
202400031450;155 726 383;7;0;2;4;2;2
202400031451;155 726 379;50;0;2;8;18;3
202400031451;155 726 382;7;0;9;7;16;1
202400031452;155 726 377;10;0;2;8;21;1
202400031452;155 726 380;7;0;2;8;13;1
202400031453;155 726 376;1;0;2;1;16;5
202400031453;155 726 378;7;0;2;5;16;1
202400031454;155 726 374;7;0;1;2;15;1
202400031455;155 726 372;1;0;2;4;26;5
202400031455;155 726 375;2;0;2;1;1;1
202400031456;155 726 370;7;0;2;1;15;1
202400031456;155 726 373;7;0;2;1;1;1
202400031457;155 726 369;31;0;0;0;1;1
202400031458;155 726 368;7;14;0;4;23;1