Num_Acc;id_vehicule;categorie_vehicule;obstacle_fixe;obstacle_mobile;point_choc_initial;manoeuvre_principale;motorisation
202400031458;155 726 371;7;0;2;1;1;1
202400031459;155 726 366;7;0;1;1;1;2
202400031460;155 726 362;2;0;2;8;1;1
202400031460;155 726 367;7;0;2;6;17;1
202400031461;155 726 361;30;0;2;1;17;1
202400031461;155 726 364;7;0;2;1;1;2
202400031462;155 726 360;7;0;2;4;2;3
202400031462;155 726 363;7;0;2;1;2;1
202400031462;155 726 365;7;0;2;9;2;1
202400031463;155 726 357;7;0;0;9;13;1
202400031464;155 726 355;7;0;0;3;22;2
202400031464;155 726 358;1;0;2;1;2;5
202400031465;155 726 356;33;0;2;1;2;1
202400031465;155 726 359;33;0;2;4;23;1
202400031466;155 726 352;7;17;0;1;1;1
202400031467;155 726 353;1;0;2;1;1;5
202400031467;155 726 354;7;0;2;4;1;2
202400031468;155 726 349;1;1;0;1;1;5
202400031468;155 726 351;7;0;9;5;23;1
202400031469;155 726 348;7;0;2;8;15;2
202400031469;155 726 350;7;0;2;1;1;1
202400031470;155 726 347;31;7;0;8;1;1
202400031471;155 726 343;7;8;0;1;1;1
202400031472;155 726 344;1;0;2;1;1;5
202400031472;155 726 346;7;0;2;2;1;1
202400031473;155 726 341;7;0;2;8;1;2
202400031473;155 726 345;7;0;2;1;1;1
202400031474;155 726 338;10;0;9;4;1;1
202400031474;155 726 340;7;0;2;5;12;1
202400031474;155 726 342;33;0;2;1;3;1
202400031475;155 726 334;7;0;2;2;1;1
202400031475;155 726 337;7;3;2;6;1;1
202400031476;155 726 336;1;14;1;1;1;5
202400031477;155 726 333;1;0;2;2;1;5
202400031477;155 726 335;7;0;2;5;1;2
202400031477;155 726 339;7;8;0;1;1;1
202400031478;155 726 331;7;3;0;5;1;1
202400031478;155 726 332;7;0;2;1;0;2
202400031479;155 726 330;33;0;1;3;2;1
202400031480;155 726 329;7;15;0;2;1;1
202400031481;155 726 325;50;0;0;0;1;3
202400031482;155 726 323;7;0;2;1;1;0
202400031482;155 726 326;7;0;2;3;1;0
202400031482;155 726 328;7;0;2;3;13;0
202400031483;155 726 321;10;0;2;1;1;1
202400031483;155 726 324;3;0;2;3;1;1
202400031484;155 726 322;7;0;2;1;15;1
202400031484;155 726 327;7;0;2;1;1;1
202400031485;155 726 319;32;15;0;1;0;1
202400031486;155 726 316;7;13;0;1;1;1
202400031487;155 726 315;10;0;2;1;5;1
202400031487;155 726 318;7;0;2;8;1;1
202400031487;155 726 320;7;0;2;1;1;1
202400031488;155 726 314;20;0;2;3;17;0
202400031488;155 726 317;7;0;2;2;1;1
202400031489;155 726 312;34;0;2;0;15;1
202400031489;155 726 313;7;0;0;1;2;1
202400031490;155 726 308;7;13;0;1;16;1
202400031491;155 726 310;7;0;1;3;1;1
202400031492;155 726 309;7;0;2;1;13;1
202400031492;155 726 311;7;0;2;2;1;1
202400031493;155 726 307;33;11;0;0;6;1
202400031494;155 726 303;7;0;2;3;1;1
202400031494;155 726 305;33;0;2;3;13;1
202400031495;155 726 302;7;0;2;1;10;1
202400031495;155 726 304;2;0;2;1;1;1
202400031496;155 726 301;33;0;2;1;1;1
202400031496;155 726 306;7;0;2;3;23;1
202400031497;155 726 300;33;0;0;3;1;1
202400031498;155 726 298;7;15;0;7;1;1
202400031499;155 726 297;7;1;0;2;2;1
202400031500;155 726 295;7;0;2;4;16;1
202400031500;155 726 299;7;0;2;1;1;1
202400031501;155 726 292;1;0;2;4;2;5
202400031501;155 726 294;7;0;2;2;26;1
202400031502;155 726 293;7;8;0;3;1;1
202400031503;155 726 288;7;14;0;1;1;0
202400031504;155 726 289;7;0;2;4;23;1
202400031504;155 726 291;7;0;2;1;2;1
202400031505;155 726 287;33;13;0;1;1;1
202400031506;155 726 286;7;0;2;1;2;1
202400031506;155 726 290;7;0;0;5;2;1
202400031507;155 726 282;7;0;2;3;26;1
202400031507;155 726 285;50;0;2;3;19;3
202400031508;155 726 280;21;0;2;1;21;0
202400031508;155 726 284;7;0;2;1;13;0
202400031509;155 726 279;7;0;2;3;5;3
202400031509;155 726 283;10;0;2;3;0;1
202400031510;155 726 278;80;0;0;4;13;3
202400031510;155 726 281;31;0;2;7;2;1
202400031511;155 726 277;7;2;0;3;1;1
202400031512;155 726 273;7;0;2;3;15;1
202400031512;155 726 275;30;0;2;2;1;3
202400031513;155 726 271;7;0;2;1;1;1
202400031513;155 726 276;7;0;0;5;1;1
202400031514;155 726 269;7;6;0;1;1;2
202400031515;155 726 263;7;0;2;8;1;0
202400031515;155 726 267;7;0;2;1;1;0
202400031516;155 726 258;33;0;0;8;1;1
202400031517;155 726 259;7;0;0;1;1;1
202400031517;155 726 262;7;0;2;2;15;2
202400031517;155 726 266;10;0;2;6;1;1
202400031518;155 726 255;7;0;9;1;1;1
202400031518;155 726 256;10;14;0;1;1;1
202400031518;155 726 260;17;4;0;0;1;1
202400031518;155 726 261;7;14;0;1;1;1
202400031518;155 726 265;7;14;0;1;1;1
202400031518;155 726 268;7;14;0;1;1;1
202400031518;155 726 270;7;14;0;1;1;1
202400031519;155 726 254;7;0;2;1;1;1
202400031519;155 726 257;7;0;2;4;1;2
202400031520;155 726 252;7;2;0;1;2;1
202400031521;155 726 248;7;0;2;3;13;1
202400031521;155 726 251;7;0;2;3;1;1
202400031522;155 726 247;60;0;2;3;19;5
202400031522;155 726 250;32;0;2;8;1;1
202400031523;155 726 245;33;0;2;1;1;1
202400031523;155 726 249;7;0;2;2;15;1
202400031524;155 726 243;2;0;5;0;1;1
202400031525;155 726 241;33;0;2;1;2;1
202400031525;155 726 244;7;0;0;4;2;1
202400031526;155 726 240;33;0;0;0;0;0
202400031527;155 726 237;7;17;0;1;1;1
202400031528;155 726 239;7;0;2;2;19;1
202400031528;155 726 242;7;0;2;3;1;1
202400031529;155 726 236;1;0;2;1;26;5
202400031529;155 726 238;7;0;9;8;15;1
202400031530;155 726 233;7;3;0;4;2;1
202400031530;155 726 235;7;0;2;1;2;1
202400031531;155 726 232;7;0;2;4;2;3
202400031531;155 726 234;7;3;2;1;2;3
202400031532;155 726 227;10;0;0;5;1;1
202400031532;155 726 230;33;0;2;3;13;1
202400031533;155 726 226;7;1;2;3;1;1
202400031533;155 726 228;7;0;2;3;17;1
202400031534;155 726 225;7;0;2;8;26;1
202400031534;155 726 229;7;0;2;3;1;1
202400031535;155 726 224;7;0;2;2;19;1
202400031535;155 726 231;7;0;2;1;1;1
202400031536;155 726 221;7;0;2;7;15;1
202400031536;155 726 223;2;0;2;1;1;1
202400031537;155 726 220;7;13;0;2;14;1
202400031538;155 726 219;99;0;9;2;17;1
202400031538;155 726 222;21;2;0;6;1;0
202400031539;155 726 217;7;1;0;1;14;1
202400031540;155 726 215;7;0;2;3;1;1
202400031540;155 726 218;7;0;2;1;13;1
202400031541;155 726 213;7;0;2;4;1;1
202400031541;155 726 216;7;0;2;1;12;1
202400031542;155 726 211;7;1;0;1;1;1
202400031543;155 726 212;7;0;9;0;16;1
202400031543;155 726 214;1;0;2;0;16;5
202400031544;155 726 210;2;15;0;0;1;1
202400031545;155 726 208;7;15;0;2;1;1
202400031546;155 726 207;2;0;2;1;17;1
202400031546;155 726 209;7;0;2;3;15;1
202400031547;155 726 205;2;0;0;0;1;1
202400031548;155 726 204;10;0;2;1;15;1
202400031548;155 726 206;2;0;2;1;1;1
202400031549;155 726 201;7;0;2;3;13;1
202400031549;155 726 202;31;0;2;1;1;1
202400031550;155 726 200;7;0;2;2;17;1
202400031550;155 726 203;38;0;2;6;1;1
202400031551;155 726 199;7;3;1;2;1;1
202400031552;155 726 196;10;0;2;3;15;1
202400031552;155 726 198;7;0;2;1;1;1
202400031553;155 726 194;7;3;0;1;9;1
202400031553;155 726 197;7;4;2;1;1;1
202400031554;155 726 193;7;0;2;8;13;1
202400031554;155 726 195;15;0;2;3;1;1
202400031555;155 726 191;7;0;2;6;15;1
202400031555;155 726 192;33;0;2;1;17;1
202400031556;155 726 186;7;0;2;4;1;1
202400031556;155 726 188;7;0;2;1;1;1
202400031556;155 726 190;7;0;2;5;1;1
202400031557;155 726 185;7;0;2;1;20;1
202400031557;155 726 187;2;0;2;1;1;1
202400031558;155 726 184;7;0;2;4;2;1
202400031558;155 726 189;7;0;2;2;2;1
202400031559;155 726 182;33;0;0;3;14;1
202400031560;155 726 181;7;0;2;1;14;1
202400031560;155 726 183;7;4;2;2;1;1
202400031561;155 726 178;7;0;2;8;1;1
202400031561;155 726 180;15;0;2;2;12;1
202400031562;155 726 176;15;0;2;6;1;1
202400031562;155 726 177;7;4;2;8;2;1
202400031563;155 726 175;7;6;0;1;13;1
202400031564;155 726 174;7;0;1;7;1;1
202400031565;155 726 173;15;13;0;8;2;1
202400031566;155 726 172;21;0;0;0;15;1
202400031567;155 726 168;2;0;2;1;1;3
202400031567;155 726 170;31;0;2;6;15;1
202400031568;155 726 167;7;0;2;1;2;1
202400031568;155 726 169;7;0;2;4;2;2
202400031568;155 726 171;7;0;0;4;2;2
202400031569;155 726 165;33;0;2;1;1;1
202400031569;155 726 166;7;0;2;2;15;1
202400031570;155 726 163;1;0;2;1;13;5
202400031570;155 726 164;50;0;2;1;23;3
202400031571;155 726 160;33;0;2;1;16;1
202400031571;155 726 162;7;0;2;1;15;1
202400031572;155 726 159;7;0;2;5;13;1
202400031572;155 726 161;2;0;2;8;16;1
202400031573;155 726 158;7;16;0;0;14;1
202400031574;155 726 157;7;13;0;2;0;1
202400031575;155 726 154;3;0;2;8;15;3
202400031575;155 726 155;33;0;2;1;17;1
202400031576;155 726 152;7;0;2;8;19;1
202400031576;155 726 156;7;0;2;1;1;1
202400031577;155 726 151;15;0;0;5;26;1
202400031577;155 726 153;7;0;2;1;1;1
202400031578;155 726 150;7;15;0;0;1;1
202400031579;155 726 149;32;0;0;1;26;1
202400031580;155 726 147;7;0;1;2;1;1
202400031581;155 726 146;7;0;2;3;15;1
202400031581;155 726 148;33;0;2;1;1;1
202400031582;155 726 144;7;0;2;3;15;1
202400031582;155 726 145;32;0;2;2;17;1
202400031583;155 726 142;2;0;2;1;13;1
202400031583;155 726 143;10;0;2;1;0;1
202400031584;155 726 141;10;0;1;1;26;1
202400031585;155 726 140;7;6;0;2;14;1
202400031586;155 726 137;7;15;0;1;1;1
202400031587;155 726 135;7;0;2;3;1;1
202400031587;155 726 138;7;0;2;1;1;1
202400031588;155 726 136;1;0;2;1;15;5
202400031588;155 726 139;2;0;2;1;1;3
202400031589;155 726 131;7;0;2;1;13;1
202400031589;155 726 134;7;0;2;3;1;1
202400031590;155 726 133;33;3;0;0;1;1
202400031591;155 726 130;7;0;2;2;0;2
202400031591;155 726 132;10;0;2;1;0;1
202400031592;155 726 128;7;0;1;2;9;0
202400031593;155 726 125;7;0;0;0;1;1
202400031594;155 726 126;7;0;9;8;15;1
202400031594;155 726 129;2;0;0;1;1;1
202400031595;155 726 124;10;0;2;2;19;1
202400031595;155 726 127;34;0;2;5;1;1
202400031596;155 726 123;7;0;1;1;1;1
202400031597;155 726 122;33;0;0;0;1;1
202400031598;155 726 120;7;0;1;3;1;1
202400031599;155 726 119;7;0;2;3;9;1
202400031599;155 726 121;33;13;2;1;0;1
202400031600;155 726 116;7;3;0;1;14;1
202400031601;155 726 114;7;0;2;3;13;1
202400031601;155 726 115;10;0;2;3;1;1
202400031602;155 726 111;7;1;0;3;1;1
202400031603;155 726 110;7;0;1;3;16;1
202400031604;155 726 109;33;0;2;1;1;1
202400031604;155 726 112;7;0;2;4;15;1
202400031605;155 726 108;7;15;0;1;13;1
202400031606;155 726 107;7;0;1;2;1;1
202400031607;155 726 102;7;0;2;1;15;1
202400031607;155 726 104;7;0;2;1;1;1
202400031608;155 726 103;7;0;2;5;1;1
202400031608;155 726 106;33;0;2;1;3;1
202400031609;155 726 101;7;0;2;1;15;1
202400031609;155 726 105;33;0;2;8;18;1
202400031610;155 726 098;7;0;2;2;2;1
202400031610;155 726 100;1;0;2;4;1;5
202400031611;155 726 097;10;0;2;1;1;1
202400031611;155 726 099;15;0;2;4;23;1
202400031612;155 726 096;7;4;0;3;11;1
202400031613;155 726 095;7;0;1;2;1;1
202400031614;155 726 090;7;0;0;9;1;1
202400031615;155 726 091;7;0;2;1;1;1
202400031615;155 726 093;2;0;0;4;1;1
202400031616;155 726 089;7;0;2;1;2;1
202400031616;155 726 092;7;0;2;4;2;1
202400031616;155 726 094;7;0;2;4;2;1
202400031617;155 726 085;7;0;2;6;1;1
202400031617;155 726 088;7;0;2;2;14;1
202400031618;155 726 084;33;0;2;1;3;1
202400031618;155 726 087;7;0;2;4;11;1
202400031619;155 726 083;7;0;0;8;5;1
202400031619;155 726 086;10;0;0;0;5;1
202400031620;155 726 080;7;0;2;8;10;1
202400031620;155 726 082;37;0;2;2;1;0
202400031621;155 726 079;7;0;2;2;12;1
202400031621;155 726 081;33;0;2;8;3;1
202400031622;155 726 077;7;0;0;1;1;1
202400031622;155 726 078;7;0;0;1;0;1
202400031623;155 726 075;33;0;0;7;1;1
202400031624;155 726 074;7;0;2;3;16;1
202400031624;155 726 076;1;0;2;8;1;0
202400031625;155 726 072;7;0;0;6;9;0
202400031625;155 726 073;33;0;2;1;1;1
202400031626;155 726 069;7;0;2;7;12;1
202400031626;155 726 070;7;0;2;3;1;1
202400031627;155 726 068;7;0;2;4;2;1
202400031627;155 726 071;7;0;2;1;2;1
202400031628;155 726 065;7;0;2;1;5;1
202400031628;155 726 067;7;0;2;1;1;1
202400031629;155 726 064;15;0;2;4;2;1
202400031629;155 726 066;33;0;2;1;2;1
202400031630;155 726 063;7;0;1;0;1;0
202400031631;155 726 062;7;8;0;3;1;1
202400031632;155 726 061;33;0;2;0;3;1
202400031633;155 726 060;7;0;1;1;16;1
202400031634;155 726 056;7;2;0;2;1;1
202400031635;155 726 057;7;0;2;1;1;1
202400031635;155 726 059;7;0;2;5;15;1
202400031636;155 726 055;13;0;2;2;12;1
202400031636;155 726 058;7;0;2;6;1;1
202400031637;155 726 053;7;0;1;1;1;1
202400031638;155 726 049;7;3;0;2;14;1
202400031639;155 726 051;80;0;2;7;15;3
202400031639;155 726 054;7;0;2;3;9;1
202400031640;155 726 047;33;0;0;0;9;1
202400031641;155 726 045;2;0;2;7;17;3
202400031641;155 726 048;7;0;2;5;15;1
202400031642;155 726 044;7;2;0;8;0;1
202400031643;155 726 043;7;0;2;2;1;1
202400031643;155 726 046;7;0;2;3;15;1
202400031644;155 726 040;7;0;1;3;1;1
202400031645;155 726 036;7;0;2;0;0;0
202400031645;155 726 039;7;0;2;1;1;1
202400031645;155 726 042;7;0;2;1;1;1
202400031646;155 726 035;33;11;0;1;1;1
202400031647;155 726 034;7;0;2;4;2;1
202400031647;155 726 037;7;0;2;4;2;1
202400031647;155 726 038;7;0;2;1;2;1
202400031647;155 726 041;7;0;2;4;2;1
202400031648;155 726 033;7;1;0;3;1;1
202400031649;155 726 030;7;0;2;2;12;1
202400031649;155 726 032;32;0;2;6;1;1
202400031650;155 726 029;10;0;2;1;26;1
202400031650;155 726 031;50;0;2;1;1;3
202400031651;155 726 027;31;0;2;1;1;1
202400031651;155 726 028;7;0;2;2;15;2
202400031652;155 726 025;7;0;2;1;1;1
202400031652;155 726 026;7;0;2;5;1;1
202400031653;155 726 023;7;0;2;1;2;0
202400031653;155 726 024;7;0;2;0;0;0
202400031654;155 726 022;10;0;1;2;2;1
202400031655;155 726 021;30;0;0;7;1;1
202400031656;155 726 018;31;0;1;1;1;1
202400031657;155 726 019;7;7;0;1;0;1
202400031658;155 726 017;33;0;2;1;1;1
202400031658;155 726 020;7;0;2;6;15;1
202400031659;155 726 015;7;0;2;2;1;1
202400031659;155 726 016;7;0;2;3;16;1
202400031660;155 726 014;10;0;1;1;15;1
202400031661;155 726 012;1;0;2;7;15;5
202400031661;155 726 013;7;0;2;1;1;1
202400031662;155 726 011;43;0;0;0;1;1
202400031663;155 726 009;7;0;2;5;1;1
202400031663;155 726 010;1;0;2;8;1;5
202400031664;155 726 006;7;0;2;1;2;1
202400031664;155 726 008;7;0;2;4;2;1
202400031665;155 726 005;7;0;2;4;23;1
202400031665;155 726 007;7;0;2;1;2;1
202400031666;155 726 004;7;0;1;1;16;1
202400031667;155 725 999;7;0;2;3;1;1
202400031667;155 726 002;7;0;2;2;15;1
202400031668;155 725 997;7;0;2;1;1;1
202400031668;155 725 998;7;0;2;4;1;1
202400031668;155 726 000;7;0;2;9;1;1
202400031669;155 726 001;10;0;2;8;11;1
202400031669;155 726 003;34;0;2;1;1;1
202400031670;155 725 995;7;0;2;1;1;1
202400031670;155 725 996;10;12;2;1;13;1
202400031671;155 725 994;7;0;1;1;16;3
202400031672;155 725 990;7;0;2;8;11;1
202400031672;155 725 992;33;0;2;2;1;1
202400031673;155 725 991;7;0;2;4;12;1
202400031673;155 725 993;30;0;2;1;3;1
202400031674;155 725 988;7;0;2;1;2;1
202400031674;155 725 989;7;0;2;4;2;1
202400031675;155 725 987;7;4;0;4;13;1
202400031676;155 725 980;10;0;2;4;1;0
202400031676;155 725 983;7;0;2;2;26;1
202400031676;155 725 985;7;0;2;3;24;1
202400031676;155 725 986;7;1;2;1;5;1
202400031677;155 725 981;7;0;2;3;15;1
202400031677;155 725 984;31;0;2;3;1;1
202400031678;155 725 978;7;0;1;1;0;0
202400031679;155 725 976;37;0;1;7;1;1
202400031680;155 725 975;7;0;2;4;2;1
202400031680;155 725 977;7;0;2;1;2;1
202400031680;155 725 979;7;0;2;9;2;1
202400031681;155 725 971;7;1;0;4;20;1
202400031681;155 725 973;7;1;0;1;1;1
202400031682;155 725 968;7;7;2;1;2;1
202400031682;155 725 972;10;0;2;4;2;1
202400031683;155 725 963;7;0;2;4;23;1
202400031683;155 725 965;7;0;2;4;1;1
202400031683;155 725 967;7;0;2;7;1;1
202400031683;155 725 970;7;0;2;2;1;1
202400031684;155 725 961;50;1;0;2;1;3
202400031684;155 725 962;7;1;9;6;22;1
202400031685;155 725 960;33;0;2;1;18;1
202400031685;155 725 964;50;0;2;4;1;3
202400031686;155 725 966;7;0;2;5;15;1
202400031686;155 725 969;7;0;2;6;15;1
202400031686;155 725 974;33;0;2;1;1;1
202400031687;155 725 958;7;0;2;2;1;1
202400031687;155 725 959;10;0;2;6;13;1
202400031688;155 725 957;2;0;0;3;26;1
202400031689;155 725 955;7;0;2;8;1;1
202400031689;155 725 956;99;0;2;2;17;0
202400031690;155 725 953;7;4;2;1;1;1
202400031690;155 725 954;7;0;2;4;2;1
202400031691;155 725 949;7;0;2;1;12;1
202400031691;155 725 952;13;0;2;1;1;1
202400031692;155 725 946;7;0;2;1;0;0
202400031692;155 725 951;7;0;2;1;0;1
202400031693;155 725 945;7;0;2;4;23;1
202400031693;155 725 947;7;14;0;1;1;2
202400031694;155 725 944;7;0;1;1;16;1
202400031695;155 725 948;31;0;2;1;1;1
202400031695;155 725 950;7;0;2;6;9;2
202400031696;155 725 943;7;6;0;8;13;1
202400031697;155 725 942;7;0;1;1;15;1
202400031698;155 725 937;32;1;0;1;0;1
202400031698;155 725 939;37;0;2;4;23;1
202400031699;155 725 936;7;0;2;1;1;1
202400031699;155 725 938;7;0;2;1;13;2
202400031700;155 725 934;7;0;2;8;1;1
202400031700;155 725 935;7;5;2;1;6;1
202400031701;155 725 932;33;1;0;1;1;1
202400031702;155 725 930;7;7;0;3;13;1
202400031703;155 725 931;7;0;1;4;4;0
202400031704;155 725 933;33;0;2;2;2;1
202400031704;155 725 940;21;0;0;4;15;1
202400031705;155 725 928;7;6;2;4;20;1
202400031705;155 725 929;33;6;2;1;1;1
202400031706;155 725 927;10;0;1;1;15;1
202400031707;155 725 926;7;0;1;1;1;1
202400031708;155 725 924;7;0;1;5;11;1
202400031709;155 725 925;7;2;0;1;0;1
202400031710;155 725 919;7;8;2;1;26;0
202400031710;155 725 922;7;0;2;1;26;0
202400031711;155 725 921;7;0;2;0;0;0
202400031711;155 725 923;7;0;2;4;2;1
202400031712;155 725 917;7;0;2;3;1;1
202400031712;155 725 920;7;0;2;1;1;1
202400031713;155 725 914;7;0;2;2;0;1
202400031713;155 725 918;7;0;2;3;26;1
202400031714;155 725 911;2;0;0;8;0;1
202400031715;155 725 909;7;0;2;2;13;1
202400031715;155 725 912;7;0;2;1;1;1
202400031715;155 725 913;10;0;2;4;1;1
202400031715;155 725 915;7;0;2;1;0;1
202400031716;155 725 908;0;0;2;0;0;0
202400031716;155 725 910;33;0;2;7;0;0
202400031717;155 725 905;7;0;0;0;1;1
202400031718;155 725 906;1;0;0;7;1;5
202400031719;155 725 904;7;0;2;2;21;1
202400031720;155 725 903;7;0;2;1;1;1
202400031720;155 725 907;7;0;2;1;1;1
202400031721;155 725 899;7;0;2;2;1;1
202400031721;155 725 902;80;0;2;1;1;3
202400031722;155 725 898;7;0;2;3;1;2
202400031722;155 725 900;7;0;2;1;1;1
202400031723;155 725 896;7;0;2;3;21;1
202400031723;155 725 901;43;0;2;1;5;1
202400031724;155 725 895;7;1;0;3;13;1
202400031725;155 725 894;30;0;2;1;1;1
202400031725;155 725 897;30;0;2;1;16;1
202400031726;155 725 893;7;6;0;1;0;1
202400031727;155 725 889;7;0;1;7;1;1
202400031728;155 725 883;7;0;2;3;24;1
202400031728;155 725 885;7;0;2;3;24;1
202400031728;155 725 888;7;1;2;3;13;1
202400031728;155 725 891;32;0;2;1;1;1
202400031729;155 725 884;7;0;2;0;1;1
202400031729;155 725 886;7;9;2;9;19;1
202400031729;155 725 887;7;0;2;9;1;1
202400031729;155 725 890;7;0;2;0;1;2
202400031730;155 725 881;7;1;1;2;1;1
202400031731;155 725 882;21;0;2;7;1;1
202400031731;155 725 892;21;0;2;1;19;1
202400031732;155 725 877;7;0;2;1;9;1
202400031732;155 725 880;7;0;2;6;13;1
202400031733;155 725 876;50;0;2;2;19;3
202400031733;155 725 879;7;0;2;1;1;1
202400031734;155 725 875;32;0;2;2;17;1
202400031734;155 725 878;7;0;2;3;15;1
202400031735;155 725 868;7;0;2;8;9;1
202400031735;155 725 872;30;0;2;7;1;1
202400031736;155 725 867;13;0;2;5;2;1
202400031736;155 725 871;7;0;2;3;2;2
202400031737;155 725 869;2;0;2;3;21;3
202400031737;155 725 873;7;0;2;7;16;2
202400031738;155 725 866;7;0;2;1;1;1
202400031738;155 725 870;10;0;2;1;21;1
202400031738;155 725 874;7;0;2;3;1;1
202400031739;155 725 863;10;0;2;7;12;3
202400031739;155 725 865;2;0;2;8;3;1
202400031740;155 725 861;7;4;0;1;9;1
202400031741;155 725 860;7;0;2;1;2;1
202400031741;155 725 862;7;0;2;9;0;1
202400031741;155 725 864;7;0;2;0;0;2
202400031742;155 725 857;2;0;2;1;1;1
202400031742;155 725 858;7;0;0;2;15;1
202400031743;155 725 854;7;0;2;1;1;1
202400031743;155 725 856;7;0;2;4;23;1
202400031744;155 725 853;33;0;2;2;2;1
202400031744;155 725 855;7;0;2;3;20;0
202400031745;155 725 859;33;0;0;8;23;1
202400031746;155 725 852;1;0;0;3;1;5
202400031747;155 725 850;37;0;1;7;1;1
202400031748;155 725 851;7;0;1;0;1;0
202400031749;155 725 847;7;0;2;5;12;3
202400031749;155 725 849;31;0;2;3;1;1
202400031750;155 725 844;7;0;2;8;15;2
202400031750;155 725 848;7;0;2;2;1;1
202400031751;155 725 845;30;0;2;1;1;1
202400031751;155 725 846;7;0;2;3;9;1
202400031752;155 725 841;1;0;2;7;18;5
202400031752;155 725 842;37;0;2;7;1;2
202400031753;155 725 839;2;0;2;8;15;1
202400031753;155 725 843;7;0;2;2;17;1
202400031754;155 725 838;7;0;2;1;15;1
202400031754;155 725 840;2;0;2;8;2;3
202400031755;155 725 837;7;0;1;1;15;1
202400031756;155 725 832;1;14;0;1;1;5
202400031756;155 725 836;80;0;2;1;26;3
202400031757;155 725 829;10;0;2;3;16;0
202400031757;155 725 833;50;0;2;1;0;3
202400031758;155 725 831;10;0;2;0;20;1
202400031758;155 725 834;1;0;2;0;1;5
202400031759;155 725 828;7;0;1;3;19;1
202400031760;155 725 826;7;0;1;2;1;1
202400031761;155 725 830;7;0;2;3;13;1
202400031761;155 725 835;7;13;2;3;1;1
202400031762;155 725 827;7;0;1;2;0;1
202400031763;155 725 825;99;0;1;1;1;0
202400031764;155 725 818;1;0;2;6;13;5
202400031764;155 725 821;43;0;2;1;17;1
202400031765;155 725 817;7;4;2;9;14;1
202400031765;155 725 820;7;0;2;1;1;1
202400031766;155 725 819;7;0;2;3;1;1
202400031766;155 725 822;2;0;2;1;5;1
202400031767;155 725 815;7;0;2;1;26;1
202400031767;155 725 816;7;0;2;1;0;1
202400031767;155 725 823;7;0;2;1;0;1
202400031767;155 725 824;7;0;2;4;0;1
202400031768;155 725 812;7;0;2;2;1;1
202400031768;155 725 814;7;0;2;3;20;1
202400031769;155 725 811;7;15;2;1;17;0
202400031769;155 725 813;10;0;2;3;15;1
202400031770;155 725 805;7;0;2;7;15;1
202400031770;155 725 807;50;0;2;1;1;3
202400031771;155 725 809;33;0;0;0;0;1
202400031771;155 725 810;7;0;2;3;11;1
202400031772;155 725 804;37;0;2;1;1;2
202400031772;155 725 806;1;0;2;8;19;5
202400031773;155 725 802;7;0;1;1;1;1
202400031774;155 725 799;50;0;1;1;25;3
202400031775;155 725 798;50;0;2;0;0;3
202400031775;155 725 801;7;0;2;1;0;1
202400031776;155 725 800;7;0;2;1;1;1
202400031776;155 725 803;33;0;2;1;1;1
202400031776;155 725 808;7;0;0;6;9;1
202400031777;155 725 795;37;0;0;6;1;1
202400031777;155 725 797;32;0;2;7;1;1
202400031778;155 725 793;50;0;2;1;5;3
202400031778;155 725 796;7;0;2;1;15;1
202400031779;155 725 792;50;12;2;1;26;3
202400031779;155 725 794;7;0;2;6;23;1
202400031780;155 725 791;7;0;0;1;1;1
202400031781;155 725 789;7;0;1;3;1;1
202400031782;155 725 788;7;0;2;3;13;1
202400031782;155 725 790;7;13;2;3;1;1
202400031783;155 725 785;30;0;1;8;13;1
202400031784;155 725 786;7;0;1;0;0;0
202400031785;155 725 784;7;0;2;7;26;1
202400031785;155 725 787;7;0;2;1;26;1
202400031786;155 725 775;7;0;2;3;1;1
202400031786;155 725 780;7;0;2;2;15;1
202400031787;155 725 776;30;0;0;0;0;1
202400031787;155 725 778;7;0;0;0;0;1
202400031788;155 725 779;7;0;2;3;19;1
202400031788;155 725 783;1;0;2;7;1;5
202400031789;155 725 774;33;15;2;1;1;1
202400031789;155 725 777;15;0;2;2;1;1
202400031790;155 725 770;10;0;2;1;15;1
202400031790;155 725 772;50;0;2;8;1;3
202400031791;155 725 766;7;0;2;1;1;1
202400031791;155 725 768;7;0;2;4;1;1
202400031792;155 725 769;7;2;2;3;1;1
202400031792;155 725 773;7;0;2;2;13;1
202400031793;155 725 763;50;0;2;0;0;3
202400031793;155 725 767;7;0;2;3;0;1
202400031794;155 725 765;31;0;2;8;19;1
202400031794;155 725 771;7;0;2;2;1;1
202400031795;155 725 761;15;0;2;1;1;1
202400031795;155 725 764;10;0;2;1;5;1
202400031796;155 725 760;7;0;9;1;1;1
202400031796;155 725 762;1;0;2;4;1;5
202400031797;155 725 757;7;0;1;1;1;1
202400031798;155 725 755;7;0;2;8;13;1
202400031798;155 725 758;2;0;2;8;13;1
202400031799;155 725 754;50;0;2;1;1;3
202400031799;155 725 759;7;0;2;3;9;2
202400031800;155 725 752;7;0;1;1;1;1
202400031801;155 725 750;13;0;2;1;23;1
202400031801;155 725 751;7;0;2;1;1;1
202400031802;155 725 749;33;2;0;8;1;1