Num_Acc;id_vehicule;categorie_vehicule;obstacle_fixe;obstacle_mobile;point_choc_initial;manoeuvre_principale;motorisation
202400031803;155 725 748;7;0;1;1;1;1
202400031804;155 725 747;7;0;1;1;1;1
202400031805;155 725 745;7;0;2;1;15;1
202400031805;155 725 746;2;0;2;1;1;1
202400031806;155 725 742;7;0;1;3;1;2
202400031807;155 725 741;7;0;2;1;1;1
202400031807;155 725 744;2;0;2;4;1;1
202400031808;155 725 735;7;0;1;2;1;1
202400031809;155 725 739;7;0;2;2;26;1
202400031809;155 725 743;50;0;2;0;0;3
202400031810;155 725 736;7;0;0;4;2;1
202400031810;155 725 738;31;0;2;1;1;1
202400031811;155 725 734;7;0;2;3;1;1
202400031811;155 725 737;7;0;2;6;1;1
202400031812;155 725 732;7;0;2;4;23;1
202400031812;155 725 733;1;0;2;1;1;5
202400031813;155 725 728;80;0;2;3;5;3
202400031813;155 725 731;7;0;2;2;16;1
202400031814;155 725 727;7;0;2;1;15;1
202400031814;155 725 730;33;0;2;1;26;1
202400031815;155 725 725;7;0;1;3;1;1
202400031816;155 725 721;7;0;1;2;1;1
202400031817;155 725 720;7;0;2;1;15;1
202400031817;155 725 723;7;0;2;8;1;1
202400031818;155 725 718;10;0;0;5;1;1
202400031818;155 725 722;33;0;2;5;14;1
202400031819;155 725 715;7;0;2;1;19;1
202400031819;155 725 717;7;0;2;1;23;1
202400031819;155 725 724;10;0;2;1;1;1
202400031820;155 725 711;7;0;2;3;0;1
202400031820;155 725 713;7;0;2;3;0;1
202400031821;155 725 707;7;0;2;3;23;1
202400031821;155 725 709;7;0;2;1;1;1
202400031821;155 725 712;7;0;2;3;15;1
202400031822;155 725 708;33;0;2;2;17;1
202400031822;155 725 710;7;0;2;5;16;1
202400031823;155 725 705;10;0;2;2;17;1
202400031823;155 725 706;21;0;2;8;1;1
202400031824;155 725 714;30;0;0;2;1;1
202400031825;155 725 701;7;0;1;1;15;1
202400031826;155 725 702;50;0;2;1;1;3
202400031826;155 725 704;7;0;2;5;12;1
202400031827;155 725 703;3;8;0;2;1;1
202400031828;155 725 699;7;0;2;3;1;1
202400031828;155 725 700;7;0;0;0;0;1
202400031829;155 725 695;7;0;2;2;17;1
202400031829;155 725 698;7;0;2;3;14;1
202400031830;155 725 693;30;0;1;1;1;1
202400031831;155 725 692;10;0;2;8;14;1
202400031831;155 725 694;33;0;2;1;17;1
202400031831;155 725 697;17;0;2;8;5;1
202400031832;155 725 688;7;0;0;4;1;1
202400031832;155 725 690;7;0;2;1;1;1
202400031833;155 725 689;7;0;2;7;17;1
202400031833;155 725 691;1;0;2;8;1;5
202400031834;155 725 687;7;0;2;1;1;1
202400031834;155 725 696;1;0;2;1;13;5
202400031835;155 725 685;80;0;0;0;26;2
202400031836;155 725 684;1;0;2;1;1;5
202400031836;155 725 686;50;0;2;1;1;3
202400031837;155 725 682;7;0;2;1;13;1
202400031837;155 725 683;7;0;2;1;1;1
202400031838;155 725 681;7;0;1;3;15;1
202400031839;155 725 679;33;2;0;1;1;1
202400031840;155 725 678;14;0;2;3;1;1
202400031840;155 725 680;33;0;2;1;13;1
202400031841;155 725 677;7;0;1;1;17;1
202400031842;155 725 675;7;0;2;1;13;1
202400031842;155 725 676;7;0;2;1;1;1
202400031843;155 725 672;7;0;2;3;0;1
202400031843;155 725 674;33;0;2;1;0;1
202400031844;155 725 671;7;0;1;3;1;1
202400031845;155 725 670;21;0;2;3;21;1
202400031845;155 725 673;33;0;2;3;21;1
202400031846;155 725 667;10;0;2;1;1;1
202400031846;155 725 669;10;0;2;4;1;1
202400031847;155 725 665;50;0;2;1;1;3
202400031847;155 725 668;7;0;2;6;1;1
202400031848;155 725 664;10;0;2;3;16;1
202400031848;155 725 666;50;0;2;2;9;3
202400031849;155 725 663;7;3;0;1;13;1
202400031850;155 725 658;15;0;0;0;11;1
202400031850;155 725 661;7;0;9;2;1;1
202400031851;155 725 657;7;0;2;1;1;1
202400031851;155 725 662;7;0;2;8;15;1
202400031852;155 725 654;3;0;2;3;10;1
202400031852;155 725 659;33;0;2;7;21;1
202400031853;155 725 655;7;0;2;2;15;1
202400031853;155 725 660;33;0;2;1;17;1
202400031854;155 725 653;33;4;0;8;17;1
202400031854;155 725 656;7;0;9;1;17;1
202400031855;155 725 652;30;6;0;1;1;1
202400031856;155 725 651;7;0;1;1;1;1
202400031857;155 725 650;7;3;0;0;1;1
202400031858;155 725 648;7;0;2;3;1;1
202400031858;155 725 649;7;0;2;3;1;1
202400031859;155 725 647;7;0;1;2;1;1
202400031860;155 725 643;33;0;2;7;21;1
202400031861;155 725 640;7;0;2;3;9;1
202400031861;155 725 645;33;0;2;1;1;1
202400031862;155 725 641;7;3;2;5;13;1
202400031862;155 725 646;7;0;2;2;1;1
202400031863;155 725 639;7;15;0;2;1;1
202400031864;155 725 638;7;0;1;1;1;2
202400031865;155 725 637;33;0;0;8;1;1
202400031866;155 725 634;7;0;2;3;1;2
202400031866;155 725 636;1;0;2;7;19;5
202400031867;155 725 633;2;0;2;1;1;1
202400031867;155 725 635;7;0;2;1;15;1
202400031868;155 725 629;1;0;2;0;1;5
202400031868;155 725 631;7;0;2;2;16;1
202400031869;155 725 625;7;0;2;3;15;1
202400031869;155 725 628;33;0;2;1;1;1
202400031870;155 725 624;7;0;2;1;13;1
202400031870;155 725 630;7;0;2;1;1;1
202400031871;155 725 626;32;0;2;8;15;1
202400031871;155 725 632;7;0;2;8;1;1
202400031872;155 725 621;7;0;2;7;15;1
202400031872;155 725 622;7;0;2;4;15;1
202400031872;155 725 623;7;0;2;1;11;1
202400031872;155 725 627;7;0;2;2;15;1
202400031873;155 725 620;7;3;0;0;26;1
202400031874;155 725 619;7;8;0;0;0;1
202400031875;155 725 618;7;6;0;1;1;3
202400031876;155 725 615;7;0;2;3;9;1
202400031876;155 725 617;7;0;2;5;2;1
202400031877;155 725 612;7;0;2;7;1;1
202400031877;155 725 614;2;13;2;0;1;1
202400031878;155 725 611;14;0;2;4;15;1
202400031878;155 725 613;1;0;2;1;1;5
202400031879;155 725 607;1;14;2;1;2;5
202400031879;155 725 610;7;0;2;5;23;1
202400031880;155 725 608;7;0;1;3;1;0
202400031881;155 725 604;7;0;0;0;1;1
202400031882;155 725 603;10;0;2;1;1;1
202400031882;155 725 605;7;0;2;1;13;2
202400031883;155 725 602;7;2;0;1;0;1
202400031884;155 725 600;7;0;1;1;1;1
202400031885;155 725 599;7;0;2;3;1;1
202400031885;155 725 601;7;0;2;3;13;1
202400031886;155 725 596;7;0;2;8;15;1
202400031886;155 725 598;34;0;2;1;17;1
202400031887;155 725 595;7;11;2;1;13;1
202400031887;155 725 597;10;0;2;2;1;1
202400031888;155 725 594;10;2;0;1;6;1
202400031889;155 725 590;21;0;0;5;15;0
202400031889;155 725 592;7;0;2;1;1;1
202400031890;155 725 591;7;0;2;8;13;1
202400031890;155 725 593;1;0;2;8;1;5
202400031891;155 725 586;7;0;2;1;1;1
202400031891;155 725 589;7;0;2;5;1;1
202400031892;155 725 584;7;0;2;3;5;1
202400031892;155 725 588;7;0;2;1;1;3
202400031893;155 725 585;10;0;2;1;0;1
202400031893;155 725 587;7;0;2;1;13;1
202400031894;155 725 583;50;0;0;1;1;3
202400031895;155 725 582;7;15;1;1;16;1
202400031896;155 725 580;7;16;0;3;1;1
202400031897;155 725 578;7;0;2;1;1;1
202400031897;155 725 581;7;0;2;6;23;1
202400031898;155 725 575;7;0;0;3;1;1
202400031899;155 725 576;7;14;0;2;1;1
202400031900;155 725 573;50;9;0;2;25;3
202400031901;155 725 574;2;0;2;1;1;1
202400031901;155 725 579;10;0;0;6;15;1
202400031902;155 725 569;7;0;2;7;17;1
202400031902;155 725 572;15;0;2;8;13;0
202400031903;155 725 567;7;0;2;1;1;1
202400031903;155 725 571;7;0;2;1;5;1
202400031904;155 725 566;1;0;2;7;26;5
202400031904;155 725 568;7;0;9;1;1;0
202400031905;155 725 564;7;0;2;1;1;1
202400031905;155 725 570;7;0;2;1;5;1
202400031906;155 725 563;31;0;2;1;2;1
202400031906;155 725 565;10;0;2;6;2;1
202400031907;155 725 559;1;0;2;2;19;5
202400031907;155 725 562;7;0;9;3;17;1
202400031908;155 725 558;7;0;2;1;15;1
202400031908;155 725 561;10;0;2;2;1;1
202400031909;155 725 556;7;0;2;1;2;1
202400031909;155 725 557;2;0;0;4;2;1
202400031910;155 725 552;7;0;2;2;2;1
202400031910;155 725 555;7;9;2;6;2;1
202400031911;155 725 553;7;0;2;2;1;1
202400031911;155 725 560;7;0;2;3;15;1
202400031912;155 725 550;7;0;2;7;19;1
202400031912;155 725 554;7;0;2;1;1;2
202400031913;155 725 548;7;0;9;1;16;1
202400031913;155 725 551;1;0;2;7;1;5
202400031914;155 725 544;7;0;2;2;1;1
202400031914;155 725 547;7;0;2;3;1;1
202400031914;155 725 549;7;16;2;6;2;1
202400031915;155 725 539;2;1;0;1;0;1
202400031916;155 725 540;7;0;2;1;9;1
202400031916;155 725 545;33;0;2;1;1;1
202400031917;155 725 542;21;6;0;3;13;1
202400031918;155 725 543;33;0;2;1;1;1
202400031918;155 725 546;10;0;2;3;9;1
202400031919;155 725 538;7;0;2;3;15;1
202400031919;155 725 541;43;0;2;1;17;1
202400031920;155 725 534;1;0;2;0;5;5
202400031920;155 725 537;7;0;9;1;1;1
202400031921;155 725 532;2;0;2;1;13;1
202400031921;155 725 536;7;0;0;2;1;1
202400031922;155 725 531;7;0;2;2;1;1
202400031922;155 725 533;7;0;2;2;23;1
202400031923;155 725 530;7;0;2;3;9;1
202400031923;155 725 535;2;0;2;6;1;1
202400031924;155 725 528;7;0;2;1;5;1
202400031924;155 725 529;15;0;2;1;1;1
202400031925;155 725 524;80;1;0;1;1;3
202400031926;155 725 522;7;0;2;2;1;1
202400031926;155 725 527;7;0;2;1;9;1
202400031927;155 725 520;32;0;2;1;17;1
202400031927;155 725 523;7;0;2;3;2;1
202400031927;155 725 526;7;0;2;3;1;1
202400031928;155 725 518;7;16;0;1;2;6
202400031928;155 725 521;7;0;0;7;26;1
202400031929;155 725 514;37;0;2;1;2;1
202400031929;155 725 525;37;0;0;4;2;1
202400031930;155 725 513;7;0;2;1;1;1
202400031930;155 725 516;10;0;2;4;15;1
202400031930;155 725 519;7;0;2;1;1;1
202400031931;155 725 510;33;0;2;1;15;1
202400031931;155 725 511;10;0;2;3;9;1
202400031932;155 725 506;7;6;0;1;2;1
202400031933;155 725 507;1;0;0;1;1;5
202400031934;155 725 504;7;0;0;4;24;1
202400031934;155 725 512;10;1;0;1;1;1
202400031935;155 725 503;7;0;9;8;26;1
202400031935;155 725 505;1;0;2;1;1;5
202400031936;155 725 500;7;2;2;2;21;1
202400031937;155 725 499;7;0;1;1;26;1
202400031938;155 725 497;7;0;0;9;1;1
202400031939;155 725 496;7;0;2;1;1;1
202400031939;155 725 498;7;0;0;7;15;1
202400031939;155 725 501;7;0;0;3;0;1
202400031939;155 725 502;7;0;0;3;1;1
202400031940;155 725 494;33;0;2;1;2;1
202400031940;155 725 495;7;0;2;4;2;1
202400031941;155 725 488;10;3;2;6;1;1
202400031941;155 725 491;10;0;2;2;1;1
202400031942;155 725 486;33;0;2;1;17;1
202400031942;155 725 490;7;0;2;1;1;1
202400031942;155 725 493;7;0;2;3;1;1
202400031943;155 725 487;15;0;2;1;1;1
202400031943;155 725 492;7;0;2;8;19;1
202400031944;155 725 485;10;0;2;3;11;1
202400031944;155 725 489;33;0;2;7;3;1
202400031945;155 725 484;33;0;6;1;1;1
202400031946;155 725 482;33;3;0;2;2;1
202400031947;155 725 479;7;0;2;1;2;1
202400031947;155 725 481;7;0;0;4;2;2
202400031948;155 725 478;10;4;2;1;1;1
202400031948;155 725 480;7;4;2;4;11;1
202400031948;155 725 483;10;0;2;1;1;1
202400031949;155 725 475;15;0;2;8;1;1
202400031949;155 725 477;7;0;2;1;1;1
202400031950;155 725 474;17;4;0;3;26;1
202400031951;155 725 471;7;0;2;3;13;1
202400031951;155 725 472;33;14;2;1;26;1
202400031952;155 725 469;32;0;2;1;3;1
202400031952;155 725 470;7;0;2;5;1;2
202400031953;155 725 468;7;0;2;1;2;1
202400031953;155 725 473;7;0;0;4;1;1
202400031953;155 725 476;7;0;9;8;2;1
202400031954;155 725 467;7;0;1;3;1;1
202400031955;155 725 463;33;0;2;1;3;1
202400031955;155 725 464;10;0;2;7;1;1
202400031955;155 725 466;43;0;2;5;2;1
202400031956;155 725 462;7;0;2;1;2;1
202400031956;155 725 465;7;0;0;4;2;1
202400031957;155 725 460;7;0;2;8;0;0
202400031957;155 725 461;7;0;2;0;0;1
202400031958;155 725 458;33;0;2;3;3;1
202400031958;155 725 459;7;0;2;2;12;1
202400031959;155 725 454;33;0;0;7;0;1
202400031960;155 725 453;7;0;2;3;15;1
202400031960;155 725 456;33;0;2;1;0;1
202400031961;155 725 455;7;0;2;2;15;1
202400031961;155 725 457;33;0;2;1;1;1
202400031962;155 725 451;32;0;2;1;1;1
202400031962;155 725 452;7;0;2;0;5;0
202400031963;155 725 450;7;0;1;2;0;1
202400031964;155 725 447;7;0;2;2;15;1
202400031964;155 725 449;2;0;2;1;1;3
202400031965;155 725 445;32;0;2;0;0;1
202400031965;155 725 448;7;0;2;0;0;1
202400031966;155 725 444;7;0;2;1;1;2
202400031966;155 725 446;7;0;2;8;15;1
202400031967;155 725 442;7;8;0;2;13;1
202400031968;155 725 441;30;0;2;1;2;1
202400031968;155 725 443;10;0;2;4;23;1
202400031969;155 725 437;7;0;2;1;2;1
202400031969;155 725 439;7;0;2;4;20;1
202400031970;155 725 438;7;2;0;3;1;1
202400031971;155 725 436;7;0;2;3;9;3
202400031971;155 725 440;80;0;2;2;1;3
202400031972;155 725 431;7;0;2;3;1;1
202400031972;155 725 434;7;6;2;1;10;1
202400031973;155 725 432;1;0;2;4;2;5
202400031973;155 725 435;7;0;2;2;2;3
202400031974;155 725 433;2;0;0;0;0;1
202400031975;155 725 430;30;0;0;0;1;
202400031976;155 725 429;2;0;0;7;1;1
202400031977;155 725 428;7;0;1;3;21;1
202400031978;155 725 425;7;0;1;3;1;1
202400031979;155 725 423;7;0;2;4;2;1
202400031979;155 725 424;7;0;2;4;2;1
202400031979;155 725 427;10;0;2;1;2;1
202400031980;155 725 421;7;3;2;4;1;1
202400031980;155 725 422;7;0;2;1;1;1
202400031981;155 725 420;33;0;0;0;0;1
202400031982;155 725 419;7;0;1;2;1;1
202400031983;155 725 415;31;0;2;8;13;1
202400031983;155 725 418;7;0;2;2;1;2
202400031984;155 725 413;31;0;2;1;1;1
202400031984;155 725 414;7;0;2;6;1;1
202400031984;155 725 417;7;0;2;7;20;0
202400031985;155 725 412;1;0;2;1;1;5
202400031985;155 725 416;7;0;9;5;20;1
202400031986;155 725 410;2;0;2;4;15;0
202400031986;155 725 411;2;0;2;1;0;0
202400031987;155 725 404;7;0;2;1;1;1
202400031987;155 725 407;7;0;2;3;2;1
202400031987;155 725 408;7;4;2;2;14;1
202400031987;155 725 409;7;0;2;4;1;2
202400031988;155 725 403;7;0;2;3;1;1
202400031988;155 725 406;2;0;2;1;15;1
202400031989;155 725 400;7;0;2;4;2;1
202400031989;155 725 402;7;0;2;1;2;1
202400031989;155 725 405;7;0;2;1;2;1
202400031990;155 725 398;7;0;2;2;2;1
202400031990;155 725 399;7;0;2;4;2;2
202400031990;155 725 401;7;0;2;4;2;1
202400031991;155 725 392;33;0;0;0;1;1
202400031992;155 725 390;30;0;2;1;1;1
202400031992;155 725 393;7;0;2;0;0;0
202400031993;155 725 389;10;0;2;4;1;1
202400031993;155 725 391;7;0;2;1;26;1
202400031993;155 725 394;10;0;2;4;1;1
202400031993;155 725 395;7;0;2;4;1;1
202400031993;155 725 396;7;0;2;4;1;3
202400031994;155 725 387;7;0;1;1;1;1
202400031995;155 725 388;0;0;0;0;1;0
202400031996;155 725 386;7;4;0;1;11;1
202400031997;155 725 384;33;0;2;2;2;1
202400031997;155 725 385;33;0;2;6;1;1
202400031998;155 725 382;7;0;2;2;11;1
202400031998;155 725 383;2;0;2;8;9;3
202400031999;155 725 381;7;0;9;1;0;1
202400032000;155 725 379;7;0;2;4;2;1
202400032000;155 725 380;10;0;2;1;2;1
202400032001;155 725 376;7;0;2;3;15;3
202400032001;155 725 378;33;0;2;1;10;1
202400032002;155 725 374;7;0;2;8;2;1
202400032002;155 725 377;33;0;2;7;14;1
202400032003;155 725 373;2;0;2;1;14;1
202400032003;155 725 375;7;0;2;1;20;1
202400032004;155 725 371;7;0;0;0;20;1
202400032004;155 725 372;33;11;0;1;21;1
202400032005;155 725 368;10;0;2;7;1;1
202400032005;155 725 370;43;0;2;1;10;1
202400032006;155 725 365;33;0;2;2;3;1
202400032006;155 725 367;7;0;2;3;11;1
202400032006;155 725 369;7;0;2;5;2;1
202400032007;155 725 364;7;0;2;3;1;1
202400032007;155 725 366;30;0;2;1;19;1
202400032008;155 725 363;50;0;1;0;0;3
202400032009;155 725 357;33;0;1;8;1;1
202400032009;155 725 361;7;0;2;3;15;1
202400032010;155 725 356;7;0;2;5;16;1
202400032010;155 725 359;1;0;2;1;12;5
202400032011;155 725 354;7;0;2;4;0;1
202400032011;155 725 355;7;0;2;1;2;1
202400032011;155 725 358;7;0;2;1;2;2
202400032011;155 725 360;7;0;2;1;2;2
202400032011;155 725 362;7;0;2;1;2;1
202400032012;155 725 353;7;0;1;2;1;1
202400032013;155 725 351;1;1;0;7;1;5
202400032013;155 725 352;7;0;2;3;24;2
202400032014;155 725 348;7;14;0;1;13;1
202400032015;155 725 349;7;0;2;0;2;1
202400032015;155 725 350;7;0;2;0;2;1
202400032016;155 725 347;1;0;1;4;1;5
202400032017;155 725 344;7;0;2;2;19;1
202400032017;155 725 346;43;0;2;8;1;1
202400032018;155 725 343;33;0;1;1;1;1
202400032019;155 725 342;7;0;2;4;1;1
202400032019;155 725 345;10;0;2;4;26;1
202400032020;155 725 340;7;0;2;8;15;1
202400032020;155 725 341;30;0;2;7;17;3
202400032021;155 725 339;1;12;2;2;12;5
202400032022;155 725 334;7;0;0;1;19;1
202400032023;155 725 333;43;0;2;1;5;1
202400032023;155 725 336;7;0;0;1;23;2
202400032024;155 725 332;7;0;2;4;2;1
202400032024;155 725 335;7;0;2;4;26;1
202400032024;155 725 337;7;0;2;4;2;1
202400032024;155 725 338;7;0;2;1;2;1
202400032025;155 725 329;7;0;2;1;13;1
202400032025;155 725 331;37;0;2;3;1;1
202400032026;155 725 328;7;0;2;1;1;1
202400032026;155 725 330;7;0;2;4;1;1
202400032027;155 725 326;7;4;0;1;1;1
202400032027;155 725 327;7;4;0;1;1;1
202400032028;155 725 323;7;0;2;6;1;1
202400032028;155 725 325;7;0;2;1;1;1
202400032029;155 725 322;7;0;2;1;2;1
202400032029;155 725 324;7;0;2;4;0;1
202400032030;155 725 319;1;0;2;1;1;5
202400032030;155 725 321;7;0;2;1;16;1
202400032031;155 725 320;33;5;0;1;1;1
202400032032;155 725 318;50;0;1;1;1;3
202400032033;155 725 316;7;0;2;8;2;1
202400032033;155 725 317;7;0;2;0;0;0
202400032034;155 725 315;7;0;1;1;1;1
202400032035;155 725 314;7;4;0;1;2;1
202400032036;155 725 313;1;0;0;1;1;5
202400032037;155 725 311;7;0;2;6;2;1
202400032037;155 725 312;32;0;2;7;3;1
202400032038;155 725 308;7;0;2;1;1;1
202400032038;155 725 310;7;0;2;3;1;1
202400032039;155 725 307;7;0;2;1;2;1
202400032039;155 725 309;7;0;2;4;2;1
202400032040;155 725 304;14;0;2;7;1;1
202400032040;155 725 306;1;0;2;9;16;5
202400032041;155 725 303;15;1;0;2;1;1
202400032041;155 725 305;7;1;0;1;13;1
202400032042;155 725 301;7;4;0;7;1;3
202400032043;155 725 300;10;0;2;1;9;1
202400032043;155 725 302;7;0;2;1;5;1
202400032044;155 725 298;43;4;2;6;1;1
202400032044;155 725 299;7;4;2;1;26;1
202400032045;155 725 296;7;0;2;3;1;1
202400032045;155 725 297;1;0;2;5;19;5
202400032046;155 725 295;7;4;0;1;1;1
202400032047;155 725 293;7;0;2;3;15;1
202400032047;155 725 294;43;0;2;1;1;1
202400032048;155 725 290;10;0;2;4;2;1
202400032048;155 725 291;7;0;2;4;2;1
202400032048;155 725 292;7;0;2;1;2;2
202400032049;155 725 289;7;0;1;3;1;1
202400032050;155 725 286;7;0;2;8;1;1
202400032050;155 725 288;7;0;2;2;14;1
202400032051;155 725 285;7;0;2;2;1;1
202400032051;155 725 287;7;0;2;2;15;2
202400032052;155 725 280;33;0;2;8;15;1
202400032052;155 725 282;7;0;2;7;1;1
202400032053;155 725 281;10;0;2;1;2;1
202400032053;155 725 283;7;0;2;4;2;1
202400032053;155 725 284;7;0;2;4;2;1
202400032054;155 725 276;10;0;2;6;11;1
202400032054;155 725 278;32;0;2;7;1;1
202400032055;155 725 277;2;0;2;1;2;1
202400032055;155 725 279;7;0;2;4;23;2
202400032056;155 725 273;31;0;2;1;17;1
202400032056;155 725 274;32;0;2;8;15;1
202400032057;155 725 272;7;0;2;2;15;0
202400032057;155 725 275;1;0;2;8;1;5
202400032058;155 725 269;7;0;2;3;9;1
202400032058;155 725 271;2;0;2;7;16;1
202400032059;155 725 268;7;0;2;6;2;1
202400032059;155 725 270;32;0;2;1;2;1
202400032060;155 725 266;7;0;0;1;13;1
202400032061;155 725 265;33;0;0;1;2;0
202400032061;155 725 267;7;0;0;3;15;0
202400032062;155 725 262;2;0;2;9;1;1
202400032062;155 725 264;7;0;2;8;16;1
202400032063;155 725 261;1;0;2;3;1;5
202400032063;155 725 263;7;0;2;2;19;1
202400032064;155 725 259;14;0;2;2;16;1
202400032064;155 725 260;1;0;2;1;1;5
202400032065;155 725 257;7;0;2;3;10;1
202400032065;155 725 258;2;0;2;1;1;1
202400032066;155 725 256;31;0;0;0;13;1
202400032067;155 725 253;10;0;2;1;2;1
202400032067;155 725 255;33;0;2;4;2;1
202400032068;155 725 252;7;0;2;1;2;1
202400032068;155 725 254;7;0;2;4;2;1
202400032069;155 725 251;31;0;0;7;16;1
202400032070;155 725 246;2;0;2;1;2;1
202400032070;155 725 247;7;0;2;6;15;2
202400032071;155 725 244;7;0;2;0;0;1
202400032071;155 725 245;7;0;2;0;0;2
202400032072;155 725 242;3;0;2;2;2;1
202400032072;155 725 243;7;0;2;3;9;1
202400032073;155 725 241;33;0;0;0;0;1
202400032074;155 725 238;38;1;0;6;1;1
202400032074;155 725 239;2;0;2;1;2;1
202400032075;155 725 237;7;0;2;1;19;1
202400032075;155 725 240;7;0;2;7;1;1
202400032076;155 725 236;7;0;1;4;4;1
202400032077;155 725 234;7;4;0;1;19;1
202400032078;155 725 233;30;0;2;1;0;1
202400032078;155 725 235;7;0;0;0;0;1
202400032079;155 725 231;7;8;0;1;15;1
202400032080;155 725 229;37;0;2;3;1;1
202400032080;155 725 230;7;0;2;2;16;1
202400032081;155 725 227;2;0;2;1;3;1
202400032081;155 725 228;10;0;2;3;15;1
202400032082;155 725 226;33;12;0;1;17;1
202400032083;155 725 225;7;6;0;1;0;1
202400032084;155 725 224;33;0;1;1;1;1
202400032085;155 725 220;33;0;2;0;0;1
202400032085;155 725 222;7;0;2;3;15;2
202400032086;155 725 219;30;0;2;8;1;3
202400032086;155 725 221;37;0;2;1;1;2
202400032087;155 725 216;7;0;2;1;1;1
202400032087;155 725 218;7;0;2;4;1;1
202400032088;155 725 215;7;0;2;6;11;1
202400032088;155 725 217;33;0;2;2;1;1
202400032089;155 725 214;1;12;0;0;0;5
202400032090;155 725 212;50;0;1;1;1;3
202400032091;155 725 211;7;0;2;1;13;1
202400032091;155 725 213;7;0;2;1;1;1
202400032092;155 725 208;7;9;2;6;1;1
202400032092;155 725 209;7;0;2;1;1;0
202400032093;155 725 207;10;0;2;5;19;1
202400032093;155 725 210;7;0;2;1;0;1
202400032094;155 725 206;7;0;1;1;1;1
202400032095;155 725 204;7;0;2;1;9;1
202400032095;155 725 205;32;0;2;2;3;1
202400032096;155 725 202;15;0;2;1;1;1
202400032096;155 725 203;7;0;2;1;1;1
202400032097;155 725 199;10;0;2;3;15;1
202400032097;155 725 201;10;9;2;1;2;1
202400032098;155 725 198;7;0;2;4;2;2
202400032098;155 725 200;7;0;2;1;2;1
202400032099;155 725 195;7;0;9;2;16;1
202400032099;155 725 197;1;0;2;8;1;5
202400032100;155 725 194;30;0;2;1;15;1
202400032100;155 725 196;7;0;2;2;1;1
202400032101;155 725 192;7;0;1;1;1;1
202400032102;155 725 191;2;0;2;1;2;1
202400032102;155 725 193;7;0;2;2;15;1
202400032103;155 725 190;7;0;1;1;1;0
202400032104;155 725 187;14;0;0;3;23;1
202400032104;155 725 189;7;0;0;3;1;1
202400032105;155 725 186;7;0;2;7;1;1
202400032105;155 725 188;30;0;2;3;1;1
202400032106;155 725 183;7;0;9;1;9;2
202400032106;155 725 185;1;0;2;7;1;5
202400032107;155 725 182;7;0;2;3;1;1
202400032107;155 725 184;1;0;2;1;19;5
202400032108;155 725 179;10;0;2;3;26;1
202400032108;155 725 181;10;0;2;3;26;1
202400032109;155 725 178;31;0;2;1;1;1
202400032109;155 725 180;7;0;2;2;15;1
202400032110;155 725 176;7;0;1;2;1;1
202400032111;155 725 175;2;0;2;5;19;1
202400032111;155 725 177;7;0;2;1;1;1
202400032112;155 725 174;7;0;1;2;20;0
202400032113;155 725 173;7;0;0;3;13;1
202400032114;155 725 170;7;0;1;3;14;1
202400032115;155 725 168;7;0;2;2;12;1
202400032115;155 725 169;7;0;2;6;26;1
202400032115;155 725 171;7;0;2;4;0;1
202400032115;155 725 172;7;0;2;3;0;1
202400032116;155 725 167;32;0;1;1;17;1
202400032117;155 725 166;7;0;1;8;15;0
202400032118;155 725 165;30;0;1;1;0;0
202400032119;155 725 163;7;0;1;2;26;1
202400032120;155 725 162;30;0;4;2;9;1
202400032120;155 725 164;40;0;2;7;26;3
202400032121;155 725 160;7;0;1;;4;
202400032122;155 725 159;7;0;2;3;8;1
202400032122;155 725 161;37;0;2;3;1;1
202400032123;155 725 157;7;0;1;6;4;1
202400032124;155 725 156;50;0;2;7;1;3
202400032124;155 725 158;7;0;2;1;1;1
202400032125;155 725 152;7;0;2;1;15;1
202400032125;155 725 154;43;0;2;1;2;1
202400032126;155 725 151;7;0;2;4;2;1
202400032126;155 725 153;7;0;2;4;0;1
202400032126;155 725 155;7;0;2;1;2;1
202400032127;155 725 150;32;12;0;8;1;1
202400032128;155 725 147;7;0;2;6;2;1
202400032128;155 725 148;7;0;2;1;10;1
202400032128;155 725 149;7;0;2;1;1;1
202400032129;155 725 146;2;0;1;1;1;1
202400032130;155 725 142;7;0;2;1;1;1
202400032130;155 725 144;7;0;2;1;13;1
202400032131;155 725 141;33;0;2;4;2;1
202400032131;155 725 143;31;0;2;1;3;1
202400032131;155 725 145;7;0;2;8;2;1
202400032132;155 725 139;7;0;2;1;2;1
202400032132;155 725 140;37;0;2;4;2;1
202400032133;155 725 137;7;0;2;4;2;1
202400032133;155 725 138;7;0;2;1;2;2
202400032134;155 725 134;31;0;2;5;14;1
202400032134;155 725 135;7;0;2;3;1;1
202400032135;155 725 133;7;0;2;1;26;1
202400032135;155 725 136;7;0;2;8;26;1
202400032136;155 725 130;31;0;2;1;3;1
202400032136;155 725 132;7;0;2;1;1;1
202400032137;155 725 129;10;0;2;4;2;1
202400032137;155 725 131;50;0;2;1;2;3
202400032138;155 725 125;7;0;2;4;1;1
202400032138;155 725 126;7;0;2;1;1;2
202400032138;155 725 128;7;0;2;4;1;1
202400032139;155 725 127;7;0;1;3;15;1