Num_Acc;id_vehicule;categorie_vehicule;obstacle_fixe;obstacle_mobile;point_choc_initial;manoeuvre_principale;motorisation
202400032483;155 724 515;17;0;2;2;2;1
202400032483;155 724 516;7;0;2;8;2;1
202400032484;155 724 513;7;0;2;6;18;1
202400032484;155 724 514;10;0;2;2;2;1
202400032485;155 724 511;7;0;2;1;2;1
202400032485;155 724 512;7;0;2;4;2;1
202400032486;155 724 509;7;0;2;3;1;1
202400032486;155 724 510;33;0;2;2;1;1
202400032487;155 724 507;7;0;2;7;16;1
202400032487;155 724 508;2;0;2;1;1;1
202400032488;155 724 504;30;0;2;3;1;3
202400032488;155 724 505;7;0;2;2;14;1
202400032488;155 724 506;7;0;2;8;0;1
202400032489;155 724 502;7;0;2;7;12;1
202400032489;155 724 503;2;0;2;8;1;1
202400032490;155 724 500;7;0;2;3;1;1
202400032490;155 724 501;32;0;2;1;1;1
202400032491;155 724 499;7;2;0;1;13;1
202400032492;155 724 498;7;13;0;1;13;1
202400032493;155 724 497;21;0;0;9;1;1
202400032494;155 724 496;7;8;0;0;2;1
202400032495;155 724 495;7;0;1;2;1;0
202400032496;155 724 494;7;1;1;2;26;1
202400032497;155 724 492;33;0;2;1;1;1
202400032497;155 724 493;10;0;2;2;15;1
202400032498;155 724 491;7;0;1;1;1;1
202400032499;155 724 489;7;0;2;1;1;2
202400032499;155 724 490;1;0;2;1;13;5
202400032500;155 724 487;14;14;2;6;1;1
202400032500;155 724 488;33;0;2;0;1;1
202400032501;155 724 484;10;0;0;3;9;1
202400032501;155 724 485;7;0;2;1;1;3
202400032501;155 724 486;7;0;2;3;1;1
202400032502;155 724 481;1;0;2;4;1;5
202400032502;155 724 482;99;0;2;5;14;1
202400032502;155 724 483;7;0;2;3;1;1
202400032503;155 724 480;7;0;1;3;15;1
202400032504;155 724 479;7;13;0;9;1;1
202400032505;155 724 478;31;2;0;1;1;1
202400032506;155 724 476;1;0;2;8;1;5
202400032506;155 724 477;33;0;2;8;1;1
202400032507;155 724 475;7;13;0;1;1;1
202400032508;155 724 473;7;0;9;2;15;1
202400032508;155 724 474;1;0;2;1;1;5
202400032509;155 724 472;31;7;0;1;1;1
202400032510;155 724 471;7;2;0;1;1;1
202400032511;155 724 470;7;2;0;1;0;1
202400032512;155 724 469;7;11;0;1;2;1
202400032513;155 724 467;7;0;2;1;1;1
202400032513;155 724 468;7;0;2;1;1;1
202400032514;155 724 466;33;2;0;0;2;1
202400032515;155 724 464;10;0;0;2;1;1
202400032515;155 724 465;7;0;0;3;9;1
202400032516;155 724 463;0;0;1;2;1;0
202400032517;155 724 462;7;3;0;1;2;2
202400032518;155 724 461;33;4;0;7;1;1
202400032519;155 724 458;33;0;0;0;0;1
202400032520;155 724 456;7;0;2;3;15;1
202400032520;155 724 457;33;0;2;1;1;1
202400032521;155 724 454;7;0;2;2;1;1
202400032521;155 724 455;10;0;2;1;13;1
202400032522;155 724 452;7;0;2;3;13;1
202400032522;155 724 453;7;0;2;8;1;1
202400032523;155 724 450;2;0;2;1;17;1
202400032523;155 724 451;7;0;0;2;15;1
202400032524;155 724 448;33;0;2;9;1;0
202400032524;155 724 449;7;0;2;8;11;1
202400032525;155 724 446;2;0;0;4;2;1
202400032525;155 724 447;7;0;2;1;2;1
202400032526;155 724 444;2;0;0;5;16;1
202400032526;155 724 445;7;0;2;1;1;1
202400032527;155 724 442;7;16;2;2;13;1
202400032527;155 724 443;7;0;0;6;23;1
202400032528;155 724 440;7;3;2;7;1;1
202400032528;155 724 441;7;0;2;3;15;1
202400032529;155 724 438;7;0;2;1;16;1
202400032529;155 724 439;7;0;0;7;1;1
202400032530;155 724 435;7;5;2;8;1;1
202400032530;155 724 436;7;0;2;1;13;1
202400032530;155 724 437;10;0;2;1;1;1
202400032531;155 724 434;7;5;0;1;14;1
202400032532;155 724 433;32;0;0;9;23;1
202400032533;155 724 431;7;0;2;2;26;1
202400032533;155 724 432;33;0;2;2;1;1
202400032534;155 724 429;7;0;2;5;13;1
202400032534;155 724 430;7;0;2;3;1;1
202400032535;155 724 426;2;0;0;4;2;1
202400032535;155 724 427;7;0;2;2;2;1
202400032536;155 724 424;33;0;2;3;3;1
202400032536;155 724 425;7;0;2;5;12;1
202400032537;155 724 422;7;0;2;1;1;1
202400032537;155 724 423;7;0;2;4;1;1
202400032538;155 724 420;7;0;2;1;2;1
202400032538;155 724 421;7;0;2;3;0;1
202400032539;155 724 418;33;0;2;1;9;1
202400032539;155 724 419;7;0;2;1;1;1
202400032540;155 724 416;7;0;2;1;1;1
202400032540;155 724 417;7;0;2;4;1;1
202400032541;155 724 414;7;0;2;1;9;1
202400032541;155 724 415;15;0;2;2;1;1
202400032542;155 724 412;7;0;2;1;1;1
202400032542;155 724 413;7;0;2;4;1;1
202400032543;155 724 410;7;4;2;1;1;1
202400032543;155 724 411;7;0;2;6;2;2
202400032544;155 724 408;7;0;2;1;2;1
202400032544;155 724 409;1;0;2;4;2;5
202400032545;155 724 407;50;14;0;1;1;3
202400032546;155 724 405;32;0;2;1;1;1
202400032546;155 724 406;7;0;2;3;15;1
202400032547;155 724 404;30;0;0;0;1;1
202400032548;155 724 402;7;0;2;8;19;1
202400032548;155 724 403;7;0;2;1;19;1
202400032549;155 724 400;80;0;2;8;1;3
202400032549;155 724 401;10;0;2;7;16;1
202400032550;155 724 398;80;0;2;4;15;3
202400032550;155 724 399;30;0;2;1;17;0
202400032551;155 724 396;7;0;2;4;10;1
202400032551;155 724 397;1;0;2;1;1;0
202400032552;155 724 392;7;0;2;2;17;1
202400032552;155 724 393;7;0;2;1;17;1
202400032552;155 724 394;7;0;2;8;1;1
202400032552;155 724 395;7;0;2;6;1;2
202400032553;155 724 390;7;0;2;1;26;1
202400032553;155 724 391;7;0;2;2;26;1
202400032554;155 724 387;10;0;2;1;2;1
202400032554;155 724 388;10;0;2;4;23;1
202400032554;155 724 389;7;0;2;1;2;1
202400032555;155 724 385;32;0;2;1;17;1
202400032555;155 724 386;13;0;2;3;4;1
202400032556;155 724 383;10;0;2;2;2;1
202400032556;155 724 384;7;0;2;6;12;1
202400032557;155 724 382;7;0;1;1;26;1
202400032558;155 724 380;10;0;2;5;1;2
202400032558;155 724 381;7;0;2;3;13;1
202400032559;155 724 378;50;0;2;0;0;3
202400032559;155 724 379;7;0;2;1;0;
202400032560;155 724 377;30;0;1;1;2;1
202400032561;155 724 376;10;0;1;4;4;0
202400032562;155 724 375;7;4;0;1;1;1
202400032563;155 724 371;7;9;0;1;9;1
202400032564;155 724 370;7;9;1;1;15;1
202400032565;155 724 367;7;0;2;1;0;0
202400032565;155 724 369;10;0;2;1;1;1
202400032566;155 724 366;7;0;2;1;13;1
202400032566;155 724 368;33;0;2;1;1;1
202400032567;155 724 364;7;0;1;4;20;1
202400032568;155 724 363;7;0;2;3;13;1
202400032568;155 724 365;7;0;2;8;1;1
202400032569;155 724 362;30;0;1;1;2;1
202400032570;155 724 360;1;0;2;0;18;5
202400032570;155 724 361;10;0;2;2;23;1
202400032571;155 724 358;7;0;2;1;5;1
202400032571;155 724 359;7;0;2;1;1;1
202400032572;155 724 357;10;0;1;1;15;0
202400032573;155 724 356;34;0;1;1;1;1
202400032574;155 724 355;1;1;0;0;0;5
202400032575;155 724 354;7;0;1;2;2;1
202400032576;155 724 352;7;0;2;3;15;1
202400032576;155 724 353;2;0;2;3;1;2
202400032577;155 724 350;14;0;2;3;9;1
202400032577;155 724 351;7;0;2;1;0;3
202400032578;155 724 349;7;3;0;3;1;1
202400032579;155 724 347;7;0;2;8;10;0
202400032579;155 724 348;33;0;2;2;2;0
202400032580;155 724 345;2;0;0;0;26;3
202400032581;155 724 343;7;0;2;1;1;1
202400032581;155 724 344;7;0;2;7;1;1
202400032582;155 724 342;7;0;1;2;1;1
202400032583;155 724 339;7;0;2;1;1;1
202400032583;155 724 340;50;0;2;3;19;3
202400032584;155 724 338;7;0;0;4;1;1
202400032584;155 724 341;7;0;2;1;1;1
202400032585;155 724 335;7;0;0;5;15;1
202400032585;155 724 336;1;0;2;1;1;5
202400032586;155 724 334;7;0;2;1;1;1
202400032586;155 724 337;7;0;2;5;26;1
202400032587;155 724 332;80;0;2;1;1;3
202400032587;155 724 333;7;0;2;5;24;3
202400032588;155 724 331;7;0;1;3;1;1
202400032589;155 724 329;7;0;2;1;2;1
202400032589;155 724 330;7;0;2;4;1;1
202400032590;155 724 327;7;0;2;3;1;1
202400032590;155 724 328;10;0;2;3;1;1
202400032591;155 724 325;2;0;1;1;3;1
202400032592;155 724 324;7;0;2;2;1;1
202400032592;155 724 326;50;0;2;8;9;3
202400032593;155 724 323;2;0;0;7;1;1
202400032594;155 724 319;7;0;2;8;15;1
202400032594;155 724 321;7;0;2;3;1;1
202400032595;155 724 320;2;0;2;0;5;1
202400032595;155 724 322;7;0;2;1;15;1
202400032596;155 724 318;7;13;0;1;26;2
202400032597;155 724 316;7;13;0;9;1;1
202400032598;155 724 315;7;0;2;7;1;1
202400032598;155 724 317;30;0;2;1;26;1
202400032599;155 724 312;33;0;2;7;17;1
202400032599;155 724 314;7;0;2;3;15;1
202400032600;155 724 310;7;0;2;1;2;1
202400032600;155 724 311;10;0;2;1;2;1
202400032600;155 724 313;7;0;2;4;2;2
202400032601;155 724 309;7;0;1;2;1;1
202400032602;155 724 307;50;0;2;4;26;3
202400032602;155 724 308;7;0;2;3;1;1
202400032603;155 724 306;7;2;0;1;1;1
202400032604;155 724 303;30;0;2;1;0;1
202400032604;155 724 305;7;0;2;5;16;1
202400032605;155 724 304;7;0;1;2;15;1
202400032606;155 724 302;30;12;0;1;14;1
202400032607;155 724 300;1;0;2;7;1;5
202400032607;155 724 301;7;0;2;1;16;1
202400032608;155 724 299;30;0;0;8;1;1
202400032609;155 724 298;7;2;0;9;1;1
202400032610;155 724 297;7;0;0;0;1;1
202400032611;155 724 296;3;0;0;4;10;1
202400032612;155 724 294;33;0;6;1;1;1
202400032613;155 724 293;7;0;2;5;1;1
202400032613;155 724 295;7;0;2;1;1;2
202400032614;155 724 291;1;0;2;4;1;5
202400032614;155 724 292;1;0;2;1;1;5
202400032615;155 724 289;7;0;2;1;1;1
202400032615;155 724 290;50;0;2;8;1;3
202400032616;155 724 288;7;13;0;9;0;1
202400032617;155 724 286;1;0;2;4;19;5
202400032617;155 724 287;7;0;2;1;21;1
202400032618;155 724 285;33;2;0;0;0;1
202400032619;155 724 282;1;1;0;4;7;5
202400032619;155 724 284;10;0;9;4;1;3
202400032620;155 724 280;10;0;0;3;24;0
202400032620;155 724 281;33;1;1;3;1;1
202400032620;155 724 283;7;0;0;9;1;1
202400032621;155 724 278;10;13;0;1;13;1
202400032622;155 724 277;7;0;2;3;15;1
202400032622;155 724 279;7;0;2;3;1;1
202400032623;155 724 276;2;6;0;1;1;1
202400032624;155 724 274;80;0;2;1;1;3
202400032624;155 724 275;1;0;2;1;1;5
202400032625;155 724 273;7;2;0;2;1;1
202400032626;155 724 271;7;13;0;1;1;1
202400032627;155 724 269;7;0;2;1;1;1
202400032627;155 724 270;7;0;2;4;23;1
202400032627;155 724 272;7;0;2;4;0;1
202400032628;155 724 268;33;0;0;0;1;1
202400032629;155 724 267;7;15;0;6;26;1
202400032630;155 724 266;50;0;0;0;0;3
202400032631;155 724 261;7;6;2;1;1;1
202400032631;155 724 262;7;0;2;4;1;1
202400032631;155 724 265;7;6;2;1;1;1
202400032632;155 724 260;37;0;1;2;1;2
202400032633;155 724 259;36;13;0;3;16;1
202400032634;155 724 257;7;0;2;1;2;1
202400032634;155 724 258;50;0;2;8;2;3
202400032635;155 724 256;7;1;1;1;1;1
202400032636;155 724 253;3;0;1;1;1;1
202400032637;155 724 254;33;0;2;1;1;1
202400032637;155 724 255;10;0;2;6;1;1
202400032638;155 724 252;33;0;5;8;1;1
202400032639;155 724 250;7;0;2;5;1;1
202400032639;155 724 251;50;0;2;0;1;3
202400032640;155 724 248;7;0;2;1;5;1
202400032640;155 724 249;7;3;2;1;1;1
202400032641;155 724 246;7;0;2;1;16;1
202400032641;155 724 247;50;0;2;8;19;3
202400032642;155 724 245;7;0;1;1;1;0
202400032643;155 724 243;7;0;2;1;2;1
202400032643;155 724 244;7;0;2;4;1;1
202400032644;155 724 242;7;0;1;2;1;3
202400032645;155 724 241;7;0;1;2;1;1
202400032646;155 724 239;2;0;2;8;1;1
202400032646;155 724 240;7;0;2;1;15;1
202400032647;155 724 238;7;8;0;3;1;1
202400032648;155 724 234;30;0;2;1;1;1
202400032648;155 724 236;99;0;0;8;1;1
202400032649;155 724 231;7;0;2;3;15;1
202400032649;155 724 233;32;0;2;1;2;1
202400032650;155 724 230;10;0;0;0;15;1
202400032650;155 724 232;7;0;2;3;23;1
202400032650;155 724 235;7;0;2;5;1;1
202400032651;155 724 228;7;13;0;9;1;1
202400032652;155 724 227;50;0;2;1;19;3
202400032652;155 724 229;7;0;2;2;17;1
202400032653;155 724 226;7;4;0;3;1;1
202400032654;155 724 225;30;0;0;0;26;1
202400032655;155 724 224;7;8;0;1;1;1
202400032656;155 724 222;7;0;2;3;13;1
202400032656;155 724 223;7;0;2;3;1;3
202400032657;155 724 220;1;0;0;4;1;5
202400032657;155 724 221;7;0;2;1;9;1
202400032658;155 724 218;7;0;2;1;15;1
202400032658;155 724 219;7;0;2;1;1;1
202400032659;155 724 215;7;0;1;0;20;1
202400032660;155 724 216;7;0;2;3;0;1
202400032660;155 724 217;7;0;2;3;0;1
202400032661;155 724 212;7;0;2;3;2;1
202400032661;155 724 214;2;0;2;0;0;1
202400032662;155 724 209;2;0;0;0;1;1
202400032663;155 724 208;7;0;9;1;0;1
202400032663;155 724 210;7;0;2;4;0;1
202400032663;155 724 211;7;0;2;1;0;1
202400032663;155 724 213;7;0;2;1;0;1
202400032664;155 724 207;13;3;1;7;1;6
202400032665;155 724 205;33;0;2;2;0;1
202400032665;155 724 206;7;0;2;3;0;0
202400032666;155 724 201;7;0;2;1;1;1
202400032666;155 724 203;7;0;2;8;1;1
202400032666;155 724 204;7;0;2;1;5;2
202400032667;155 724 200;7;1;0;6;1;1
202400032667;155 724 202;7;0;2;6;1;6
202400032668;155 724 199;7;4;0;2;1;1
202400032669;155 724 197;7;0;2;1;19;1
202400032669;155 724 198;7;0;2;3;19;1
202400032670;155 724 194;7;0;2;3;2;1
202400032670;155 724 196;33;8;2;1;16;1
202400032671;155 724 193;7;0;2;2;17;1
202400032671;155 724 195;7;13;0;6;1;2
202400032672;155 724 190;7;0;2;3;1;1
202400032672;155 724 191;31;0;2;1;13;1
202400032673;155 724 188;7;0;2;8;15;1
202400032673;155 724 189;33;0;2;2;17;1
202400032673;155 724 192;33;0;2;2;17;1
202400032674;155 724 186;33;0;2;1;13;1
202400032674;155 724 187;7;0;2;2;0;2
202400032675;155 724 185;30;0;0;0;1;1
202400032676;155 724 184;2;5;0;7;1;1
202400032677;155 724 180;7;0;2;6;24;1
202400032677;155 724 182;33;1;2;1;1;1
202400032677;155 724 183;7;0;2;3;1;1
202400032678;155 724 181;7;0;1;1;19;1
202400032679;155 724 178;50;0;0;0;1;3
202400032680;155 724 176;37;0;2;1;1;2
202400032680;155 724 177;7;0;2;9;1;1
202400032680;155 724 179;7;0;2;4;1;1
202400032681;155 724 175;7;3;0;2;1;1
202400032682;155 724 173;80;0;1;2;1;3
202400032683;155 724 172;7;0;1;5;11;0
202400032684;155 724 170;14;0;2;1;2;1
202400032684;155 724 171;2;0;0;4;23;3
202400032685;155 724 168;33;0;2;1;13;1
202400032685;155 724 169;7;0;0;3;1;3
202400032686;155 724 167;33;0;1;1;1;1
202400032687;155 724 165;7;0;2;3;0;1
202400032687;155 724 166;2;0;0;4;1;1
202400032688;155 724 163;7;15;0;1;14;1
202400032689;155 724 162;1;0;2;3;1;5
202400032689;155 724 164;7;0;2;2;1;1
202400032690;155 724 161;33;0;0;1;1;1
202400032691;155 724 160;1;0;2;8;21;5
202400032692;155 724 159;10;1;0;2;1;1
202400032693;155 724 158;7;0;1;2;1;2
202400032694;155 724 155;33;0;2;2;1;1
202400032694;155 724 156;7;0;2;0;10;1
202400032695;155 724 154;7;2;0;1;0;1
202400032696;155 724 153;1;0;1;2;1;5
202400032697;155 724 151;7;0;2;8;1;1
202400032697;155 724 152;17;0;0;0;0;0
202400032698;155 724 150;1;0;0;8;2;5
202400032699;155 724 147;7;0;2;1;2;1
202400032699;155 724 148;7;0;2;4;2;1
202400032699;155 724 149;7;0;2;4;2;1
202400032700;155 724 145;50;0;2;2;17;3
202400032700;155 724 146;1;0;2;3;1;5
202400032701;155 724 143;7;0;2;2;1;1
202400032701;155 724 144;10;0;2;6;2;1
202400032702;155 724 142;30;14;0;7;8;1
202400032703;155 724 140;7;0;2;2;1;1
202400032703;155 724 141;7;3;2;1;13;1
202400032704;155 724 137;1;0;2;8;0;5
202400032704;155 724 138;33;0;2;8;0;1
202400032704;155 724 139;7;0;2;3;13;1
202400032705;155 724 136;7;4;0;1;18;1
202400032706;155 724 133;7;0;2;2;1;1
202400032706;155 724 135;30;0;2;3;15;1
202400032707;155 724 131;7;0;2;8;1;2
202400032707;155 724 132;7;0;2;1;5;1
202400032707;155 724 134;7;0;2;1;1;1
202400032708;155 724 129;7;0;2;1;17;1
202400032708;155 724 130;7;0;2;1;1;1
202400032709;155 724 127;7;0;2;3;9;1
202400032709;155 724 128;30;0;2;2;13;1
202400032710;155 724 123;99;0;9;1;26;0
202400032710;155 724 124;99;0;9;1;0;0
202400032711;155 724 125;7;0;2;2;15;3
202400032711;155 724 126;33;0;2;1;2;1
202400032712;155 724 119;7;0;2;2;1;1
202400032712;155 724 121;7;0;2;3;13;1
202400032713;155 724 118;7;0;2;3;17;1
202400032713;155 724 120;31;0;2;7;3;1
202400032714;155 724 117;7;8;2;8;1;1
202400032714;155 724 122;7;8;2;1;9;1
202400032715;155 724 115;7;10;0;2;14;1
202400032716;155 724 113;7;0;2;8;9;1
202400032716;155 724 116;7;0;2;1;1;1
202400032717;155 724 112;10;0;2;3;15;1
202400032717;155 724 114;32;0;1;1;1;1
202400032718;155 724 111;7;0;1;3;15;1
202400032719;155 724 108;7;0;2;0;0;0
202400032719;155 724 109;50;0;2;0;0;3
202400032720;155 724 107;10;0;2;1;0;1
202400032720;155 724 110;7;0;2;7;1;1
202400032721;155 724 105;7;0;2;1;13;1
202400032721;155 724 106;7;0;2;1;1;1
202400032722;155 724 103;7;1;0;0;22;1
202400032722;155 724 104;2;0;2;8;22;1
202400032723;155 724 101;7;0;0;0;0;1
202400032724;155 724 100;2;0;0;0;1;1
202400032725;155 724 099;32;0;2;1;1;1
202400032725;155 724 102;10;16;2;0;15;1
202400032726;155 724 098;7;13;0;1;5;1
202400032727;155 724 097;30;0;0;7;26;1
202400032728;155 724 094;33;13;0;9;1;1
202400032729;155 724 093;7;0;2;0;13;2
202400032729;155 724 096;33;0;2;3;17;1
202400032730;155 724 095;31;0;0;8;1;1
202400032731;155 724 092;33;0;0;0;0;1
202400032732;155 724 090;34;0;2;7;1;1
202400032732;155 724 091;7;0;2;1;1;2
202400032733;155 724 089;7;6;0;1;26;1
202400032734;155 724 088;7;2;0;1;6;1
202400032735;155 724 086;7;6;0;1;1;1
202400032736;155 724 083;7;0;2;4;2;1
202400032736;155 724 084;7;0;2;1;1;1
202400032736;155 724 087;7;0;2;4;2;2
202400032737;155 724 082;2;0;2;8;1;1
202400032737;155 724 085;7;0;2;2;1;1
202400032738;155 724 081;7;13;0;2;1;1
202400032739;155 724 079;50;0;2;1;1;3
202400032739;155 724 080;7;0;9;2;9;1
202400032740;155 724 076;33;0;2;1;1;1
202400032740;155 724 078;7;0;2;2;15;1
202400032741;155 724 075;7;0;0;1;26;0
202400032741;155 724 077;7;0;2;4;0;0
202400032742;155 724 074;7;0;1;1;1;2
202400032743;155 724 073;31;0;0;1;0;1
202400032744;155 724 068;7;13;0;1;1;1
202400032745;155 724 069;7;0;2;8;15;1
202400032745;155 724 072;30;0;2;1;17;1
202400032746;155 724 070;7;0;2;1;9;2
202400032746;155 724 071;7;0;2;3;1;1
202400032747;155 724 066;10;0;1;4;4;3
202400032748;155 724 064;7;0;2;3;17;1
202400032748;155 724 067;7;0;2;3;1;1
202400032749;155 724 063;7;0;2;2;15;1
202400032749;155 724 065;2;0;2;1;1;1
202400032750;155 724 061;33;2;0;0;2;1
202400032751;155 724 060;50;0;2;8;1;3
202400032751;155 724 062;10;0;2;2;1;1
202400032752;155 724 058;7;0;1;0;0;0
202400032753;155 724 057;38;0;0;5;15;1
202400032753;155 724 059;2;0;2;1;1;1
202400032754;155 724 054;0;0;2;;0;
202400032754;155 724 056;31;0;2;7;16;1
202400032755;155 724 053;1;0;2;3;1;5
202400032755;155 724 055;7;0;2;3;15;1
202400032756;155 724 052;10;0;1;2;1;1
202400032757;155 724 048;10;0;2;3;9;1
202400032757;155 724 050;10;0;2;1;26;1
202400032758;155 724 049;7;0;2;2;15;1
202400032758;155 724 051;7;0;2;1;1;1
202400032759;155 724 046;7;0;2;4;2;1
202400032759;155 724 047;13;0;2;1;2;1
202400032760;155 724 044;7;0;2;1;2;1
202400032760;155 724 045;30;0;2;4;0;3
202400032761;155 724 043;7;13;0;1;13;1
202400032762;155 724 042;7;0;1;3;1;1
202400032763;155 724 041;10;1;0;2;1;0
202400032764;155 724 040;7;2;0;1;1;1
202400032765;155 724 035;7;0;2;1;2;2
202400032765;155 724 038;7;0;2;4;1;1
202400032766;155 724 036;7;0;2;3;9;1
202400032766;155 724 039;1;0;2;1;1;5
202400032767;155 724 037;7;2;0;3;1;1
202400032768;155 724 031;7;0;2;7;1;1
202400032768;155 724 034;50;0;2;1;1;3
202400032769;155 724 030;34;0;2;3;13;1
202400032769;155 724 032;7;0;2;3;1;1
202400032770;155 724 029;7;0;2;7;15;1
202400032770;155 724 033;7;8;2;1;1;1
202400032771;155 724 028;7;1;0;3;13;2
202400032772;155 724 026;7;1;0;1;14;1
202400032773;155 724 025;7;3;0;4;2;1
202400032773;155 724 027;10;0;2;1;2;1
202400032774;155 724 024;31;0;0;1;0;1
202400032775;155 724 020;1;0;0;0;26;5
202400032776;155 724 019;7;0;2;1;2;1
202400032776;155 724 023;7;0;2;4;23;1
202400032777;155 724 018;10;0;2;1;2;1
202400032777;155 724 021;7;0;2;4;2;1
202400032777;155 724 022;15;0;0;4;11;1
202400032778;155 724 015;7;0;2;2;13;1
202400032778;155 724 017;7;0;2;1;1;1
202400032779;155 724 014;10;0;1;2;1;1
202400032780;155 724 013;7;0;2;7;19;1
202400032780;155 724 016;33;0;2;1;1;1
202400032781;155 724 009;7;0;2;2;26;1
202400032781;155 724 010;7;0;2;6;1;1
202400032781;155 724 012;7;0;2;4;1;1
202400032782;155 724 007;10;3;0;8;1;1
202400032783;155 724 008;7;0;2;6;15;1
202400032783;155 724 011;2;0;2;1;0;1
202400032784;155 724 005;7;0;2;7;0;1
202400032784;155 724 006;31;0;2;8;9;3
202400032785;155 724 002;7;0;2;1;0;1
202400032785;155 724 004;7;0;2;3;0;1
202400032786;155 724 001;31;0;2;1;3;1
202400032786;155 724 003;7;0;2;3;15;1
202400032787;155 724 000;33;0;0;0;0;0
202400032788;155 723 998;33;0;0;0;0;1
202400032789;155 723 997;33;1;0;1;14;1
202400032789;155 723 999;7;0;2;2;23;1
202400032790;155 723 995;50;0;2;1;1;3
202400032790;155 723 996;7;0;2;3;26;1
202400032791;155 723 993;36;0;0;1;14;1
202400032792;155 723 992;2;0;2;2;17;1
202400032792;155 723 994;7;4;2;0;13;1
202400032793;155 723 988;10;0;2;1;1;1
202400032793;155 723 990;7;0;2;3;1;1
202400032794;155 723 986;10;0;2;6;15;1
202400032794;155 723 987;33;0;2;1;17;1
202400032795;155 723 984;2;6;0;1;0;1
202400032796;155 723 983;7;0;1;3;19;1
202400032797;155 723 980;7;0;2;2;21;1
202400032797;155 723 982;10;0;2;3;21;1
202400032798;155 723 979;17;0;2;0;1;1
202400032798;155 723 981;1;0;2;0;1;5
202400032799;155 723 976;10;6;0;1;1;1
202400032800;155 723 973;36;0;2;1;26;1
202400032800;155 723 975;7;0;2;2;1;1
202400032801;155 723 971;7;0;2;1;17;1
202400032801;155 723 972;7;0;2;1;1;1
202400032801;155 723 974;7;0;2;6;1;1
202400032801;155 723 977;7;0;2;4;1;1
202400032802;155 723 969;7;2;0;1;1;0
202400032803;155 723 968;7;0;2;8;1;1
202400032803;155 723 970;2;0;2;1;1;1
202400032804;155 723 966;7;0;2;1;13;1
202400032804;155 723 967;7;0;2;3;1;1
202400032805;155 723 965;2;6;0;1;1;1
202400032806;155 723 964;7;2;0;3;0;2
202400032807;155 723 963;7;8;0;8;1;1
202400032808;155 723 962;7;0;0;1;1;1
202400032809;155 723 961;7;0;1;1;1;1
202400032810;155 723 960;7;8;0;1;1;1
202400032811;155 723 956;33;0;2;7;17;1
202400032811;155 723 959;7;0;2;3;15;1
202400032812;155 723 955;7;0;2;1;2;1
202400032812;155 723 958;7;0;2;4;2;1
202400032813;155 723 954;7;0;2;2;13;1
202400032813;155 723 957;7;0;2;1;1;2
202400032814;155 723 953;7;0;0;0;1;1
202400032815;155 723 951;10;4;2;3;1;0
202400032815;155 723 952;37;0;2;3;1;1
202400032816;155 723 950;7;0;1;1;0;1
202400032817;155 723 949;10;0;1;1;26;1
202400032818;155 723 945;7;2;0;5;13;1
202400032819;155 723 944;7;0;2;1;1;1
202400032819;155 723 947;1;0;2;8;19;5
202400032820;155 723 946;7;0;2;3;16;1
202400032820;155 723 948;7;0;2;3;1;1
202400032821;155 723 940;7;0;0;8;1;1
202400032821;155 723 943;7;0;2;3;13;1
202400032822;155 723 941;30;0;0;8;1;1
202400032823;155 723 939;2;0;2;2;1;1
202400032823;155 723 942;7;0;2;8;15;1
202400032824;155 723 935;7;0;2;1;1;1
202400032824;155 723 938;7;0;2;1;13;1
202400032825;155 723 933;2;0;2;8;19;1
202400032825;155 723 937;7;0;2;3;1;1
202400032826;155 723 934;1;0;2;1;0;5
202400032826;155 723 936;7;0;2;1;1;2
202400032827;155 723 932;7;0;1;2;1;1
202400032828;155 723 930;7;13;0;9;1;1
202400032828;155 723 931;7;0;0;0;5;0
202400032829;155 723 929;7;0;1;1;1;1
202400032830;155 723 926;7;0;2;8;1;1
202400032830;155 723 928;7;0;2;1;1;1
202400032831;155 723 923;7;0;2;1;1;1
202400032831;155 723 925;7;0;2;1;15;1
202400032831;155 723 927;38;0;2;8;1;1
202400032832;155 723 922;7;0;2;1;1;1
202400032832;155 723 924;50;0;2;1;1;3
202400032833;155 723 920;99;0;2;8;1;3
202400032833;155 723 921;7;0;2;3;15;1
202400032834;155 723 919;7;16;0;0;13;1
202400032835;155 723 915;3;15;0;3;0;1
202400032836;155 723 917;7;0;2;1;15;1
202400032836;155 723 918;1;0;2;8;1;5
202400032837;155 723 914;7;3;0;1;0;1
202400032838;155 723 912;7;4;0;1;1;1
202400032839;155 723 911;7;0;2;1;19;1
202400032839;155 723 913;50;0;2;1;19;3
202400032840;155 723 908;7;0;2;3;13;1
202400032840;155 723 910;33;0;2;1;1;1
202400032841;155 723 907;7;0;2;3;1;1
202400032841;155 723 909;7;0;2;4;14;1
202400032842;155 723 905;7;0;2;2;15;1
202400032842;155 723 906;30;0;2;6;1;1
202400032843;155 723 901;7;0;2;4;1;1
202400032843;155 723 902;33;0;2;1;2;1
202400032844;155 723 900;7;0;2;2;15;1
202400032844;155 723 903;7;0;2;1;1;1
202400032845;155 723 898;7;0;2;0;0;1
202400032845;155 723 899;7;0;2;4;26;1
202400032846;155 723 904;7;2;0;3;1;1