Num_Acc;id_vehicule;categorie_vehicule;obstacle_fixe;obstacle_mobile;point_choc_initial;manoeuvre_principale;motorisation
202400032847;155 723 895;7;0;2;1;13;1
202400032847;155 723 896;7;0;2;6;21;1
202400032847;155 723 897;7;0;2;1;1;1
202400032848;155 723 894;7;3;0;9;1;1
202400032849;155 723 892;7;0;2;1;2;1
202400032849;155 723 893;7;0;2;4;2;1
202400032850;155 723 887;7;0;2;3;15;1
202400032850;155 723 891;33;0;0;5;1;1
202400032851;155 723 888;50;0;2;2;9;3
202400032851;155 723 890;7;0;2;2;1;1
202400032852;155 723 886;7;0;2;1;2;1
202400032852;155 723 889;10;0;2;4;1;1
202400032853;155 723 885;7;4;0;3;1;1
202400032854;155 723 883;31;16;0;7;26;1
202400032855;155 723 882;31;0;2;1;1;1
202400032855;155 723 884;10;0;2;8;9;1
202400032856;155 723 878;2;0;2;3;15;1
202400032856;155 723 881;10;0;2;2;17;1
202400032857;155 723 877;30;0;2;8;1;1
202400032857;155 723 879;7;0;9;5;1;1
202400032858;155 723 875;7;0;2;1;2;1
202400032858;155 723 876;7;1;2;4;2;1
202400032858;155 723 880;7;0;2;4;2;1
202400032859;155 723 873;7;0;0;0;15;1
202400032859;155 723 874;31;13;0;7;0;1
202400032860;155 723 872;7;3;0;2;12;1
202400032861;155 723 870;7;0;2;1;2;1
202400032861;155 723 871;7;0;2;4;0;1
202400032862;155 723 866;7;0;2;4;1;1
202400032862;155 723 868;7;0;2;4;2;1
202400032862;155 723 869;7;0;2;1;2;1
202400032863;155 723 865;7;0;2;5;15;1
202400032863;155 723 867;34;0;2;1;1;1
202400032864;155 723 861;31;0;2;2;17;1
202400032864;155 723 863;7;0;2;3;15;1
202400032865;155 723 860;7;0;2;3;13;1
202400032865;155 723 862;10;0;2;6;0;1
202400032865;155 723 864;7;0;2;2;1;2
202400032866;155 723 857;7;0;2;3;15;1
202400032866;155 723 859;33;0;2;1;17;1
202400032867;155 723 856;7;0;2;0;12;1
202400032867;155 723 858;33;0;2;7;3;1
202400032868;155 723 853;7;0;2;1;0;1
202400032868;155 723 855;80;0;2;4;1;3
202400032869;155 723 852;7;4;2;4;1;1
202400032869;155 723 854;7;0;2;1;1;1
202400032870;155 723 849;1;0;2;1;1;5
202400032870;155 723 851;7;0;2;3;0;1
202400032871;155 723 848;33;0;2;1;2;1
202400032871;155 723 850;7;0;2;4;0;1
202400032872;155 723 847;37;0;1;2;15;1
202400032873;155 723 845;50;0;2;6;0;3
202400032873;155 723 846;32;0;2;2;21;1
202400032874;155 723 842;33;4;0;9;26;1
202400032875;155 723 843;7;0;2;5;2;1
202400032875;155 723 844;7;0;2;5;2;1
202400032876;155 723 839;7;0;2;1;5;1
202400032876;155 723 841;7;0;2;1;1;1
202400032877;155 723 838;7;0;2;7;15;1
202400032877;155 723 840;7;0;2;2;1;1
202400032878;155 723 835;7;0;2;3;10;1
202400032878;155 723 836;31;0;2;8;1;1
202400032879;155 723 834;33;12;0;0;1;1
202400032879;155 723 837;3;0;2;0;15;0
202400032880;155 723 833;7;0;1;2;1;1
202400032881;155 723 831;32;0;2;7;15;1
202400032881;155 723 832;10;0;2;7;1;1
202400032882;155 723 830;7;0;1;7;1;1
202400032883;155 723 829;33;0;0;7;1;1
202400032884;155 723 827;7;6;0;1;0;1
202400032885;155 723 826;50;0;2;8;19;3
202400032885;155 723 828;7;0;9;3;2;1
202400032886;155 723 824;33;0;2;1;0;1
202400032886;155 723 825;7;0;0;0;0;0
202400032887;155 723 821;7;0;2;3;1;1
202400032887;155 723 823;2;0;2;1;1;1
202400032888;155 723 820;7;0;2;7;14;1
202400032888;155 723 822;37;0;2;8;7;0
202400032889;155 723 817;7;0;2;2;2;1
202400032889;155 723 819;7;0;2;4;2;1
202400032890;155 723 816;7;0;2;0;26;
202400032890;155 723 818;1;0;2;1;25;5
202400032891;155 723 813;7;0;2;2;16;1
202400032891;155 723 815;43;0;2;3;16;1
202400032892;155 723 812;7;0;2;3;26;1
202400032892;155 723 814;10;0;2;3;26;1
202400032893;155 723 811;3;0;1;1;1;0
202400032894;155 723 808;7;0;2;1;1;0
202400032894;155 723 809;7;0;2;1;1;1
202400032894;155 723 810;7;0;2;1;1;1
202400032895;155 723 806;10;0;2;7;16;1
202400032895;155 723 807;13;0;2;1;1;0
202400032896;155 723 805;30;0;1;1;1;3
202400032897;155 723 802;1;0;2;1;1;5
202400032897;155 723 804;7;0;2;2;15;1
202400032898;155 723 801;7;0;2;1;1;1
202400032898;155 723 803;7;0;2;3;15;1
202400032899;155 723 799;7;0;2;4;1;1
202400032899;155 723 800;10;0;2;1;2;1
202400032900;155 723 797;30;0;1;7;16;1
202400032901;155 723 796;7;0;2;1;15;1
202400032901;155 723 798;33;0;2;1;3;1
202400032902;155 723 794;50;0;2;7;19;3
202400032902;155 723 795;7;0;0;7;16;0
202400032903;155 723 793;32;0;0;0;0;1
202400032904;155 723 791;2;0;2;3;1;1
202400032904;155 723 792;7;0;2;2;15;3
202400032905;155 723 790;7;0;1;3;1;1
202400032906;155 723 789;7;0;1;3;0;3
202400032907;155 723 787;7;0;2;3;13;1
202400032907;155 723 788;7;0;2;3;1;1
202400032908;155 723 786;7;0;1;1;15;2
202400032909;155 723 783;7;1;0;4;1;1
202400032909;155 723 785;7;0;2;1;1;1
202400032910;155 723 782;7;0;2;7;15;1
202400032910;155 723 784;33;0;2;1;1;1
202400032911;155 723 781;10;0;1;1;26;1
202400032912;155 723 778;7;0;2;4;1;1
202400032912;155 723 779;7;0;2;1;1;1
202400032912;155 723 780;10;0;2;4;1;1
202400032913;155 723 777;7;1;0;2;14;1
202400032914;155 723 775;7;0;9;3;20;1
202400032914;155 723 776;50;0;2;2;0;3
202400032915;155 723 773;7;0;9;2;1;1
202400032915;155 723 774;50;0;2;3;26;3
202400032916;155 723 771;33;0;2;1;1;1
202400032916;155 723 772;7;0;9;1;15;1
202400032917;155 723 769;7;0;2;3;13;1
202400032917;155 723 770;10;0;2;3;1;1
202400032918;155 723 768;7;0;1;1;1;1
202400032919;155 723 767;50;0;0;0;1;3
202400032920;155 723 765;7;0;2;1;15;1
202400032920;155 723 766;33;0;2;2;1;1
202400032921;155 723 764;7;0;1;2;2;1
202400032922;155 723 762;7;1;2;1;1;1
202400032922;155 723 763;7;0;2;4;20;1
202400032923;155 723 760;30;0;2;8;9;1
202400032923;155 723 761;7;0;2;2;1;1
202400032924;155 723 759;7;0;1;5;26;2
202400032925;155 723 756;32;0;2;1;1;1
202400032925;155 723 758;10;0;2;0;15;0
202400032926;155 723 754;7;0;2;3;0;1
202400032926;155 723 755;7;0;2;3;1;1
202400032926;155 723 757;7;0;2;5;0;1
202400032927;155 723 752;50;0;1;1;2;3
202400032928;155 723 751;7;0;2;2;15;1
202400032928;155 723 753;50;0;2;1;1;3
202400032929;155 723 748;50;0;2;1;3;3
202400032929;155 723 750;7;0;2;3;0;1
202400032930;155 723 744;7;0;2;1;2;1
202400032930;155 723 745;7;0;2;1;2;1
202400032930;155 723 746;7;0;2;4;2;1
202400032930;155 723 747;7;0;2;1;2;1
202400032930;155 723 749;7;0;2;1;2;1
202400032931;155 723 742;7;0;2;8;15;1
202400032931;155 723 743;32;0;2;7;17;1
202400032932;155 723 740;7;1;2;3;1;1
202400032932;155 723 741;7;0;2;3;13;1
202400032933;155 723 738;7;0;2;1;2;1
202400032933;155 723 739;10;0;2;4;2;1
202400032934;155 723 736;7;0;2;2;17;0
202400032934;155 723 737;7;0;2;6;1;1
202400032935;155 723 735;7;0;1;2;1;1
202400032936;155 723 733;50;0;2;1;1;3
202400032936;155 723 734;7;0;2;2;15;1
202400032937;155 723 730;10;0;2;1;1;1
202400032937;155 723 731;7;0;2;4;1;1
202400032938;155 723 729;7;0;9;2;9;1
202400032938;155 723 732;1;0;2;8;1;5
202400032939;155 723 728;10;0;1;5;4;1
202400032940;155 723 726;7;0;2;3;18;1
202400032940;155 723 727;7;0;2;7;1;1
202400032941;155 723 724;7;0;2;2;15;1
202400032941;155 723 725;2;0;2;1;1;1
202400032942;155 723 723;7;0;0;3;26;1
202400032943;155 723 721;7;0;2;1;15;1
202400032943;155 723 722;33;0;2;8;1;1
202400032944;155 723 719;7;0;2;2;16;1
202400032944;155 723 720;50;0;2;1;25;3
202400032945;155 723 716;7;0;2;3;15;1
202400032945;155 723 717;33;0;2;1;17;1
202400032946;155 723 715;34;0;2;1;1;1
202400032946;155 723 718;7;0;2;5;19;2
202400032947;155 723 713;32;14;0;1;17;1
202400032948;155 723 712;7;0;2;1;1;1
202400032948;155 723 714;7;0;0;4;1;1
202400032949;155 723 709;10;0;1;4;20;1
202400032950;155 723 710;7;0;9;3;19;1
202400032950;155 723 711;50;0;2;2;19;3
202400032951;155 723 708;80;0;0;1;1;3
202400032952;155 723 703;7;0;2;3;15;1
202400032952;155 723 705;30;0;2;1;1;1
202400032953;155 723 702;7;0;2;6;3;1
202400032953;155 723 704;7;0;2;6;1;1
202400032954;155 723 698;7;0;1;8;1;3
202400032955;155 723 697;7;0;2;1;0;2
202400032955;155 723 699;7;0;2;9;1;1
202400032955;155 723 700;10;0;2;4;2;1
202400032955;155 723 701;7;0;2;1;1;1
202400032956;155 723 696;7;13;0;1;9;1
202400032957;155 723 694;7;0;9;1;13;1
202400032957;155 723 695;50;0;2;1;1;3
202400032958;155 723 692;50;0;2;1;1;3
202400032958;155 723 693;7;0;2;3;1;1
202400032959;155 723 689;7;2;0;8;0;1
202400032960;155 723 690;32;0;2;2;21;1
202400032960;155 723 691;33;0;2;6;1;1
202400032961;155 723 688;10;0;1;1;1;1
202400032962;155 723 686;33;0;2;1;2;1
202400032962;155 723 687;7;0;2;5;2;1
202400032963;155 723 685;34;0;0;0;0;1
202400032964;155 723 684;1;0;1;1;1;5
202400032965;155 723 683;7;1;1;4;4;2
202400032966;155 723 682;1;0;1;1;1;5
202400032967;155 723 680;7;0;2;1;2;1
202400032967;155 723 681;7;0;2;4;1;1
202400032968;155 723 676;1;0;2;7;3;5
202400032968;155 723 678;14;0;2;5;15;1
202400032968;155 723 679;7;0;2;8;16;1
202400032969;155 723 675;50;0;2;1;19;3
202400032969;155 723 677;7;0;9;1;2;1
202400032970;155 723 673;80;0;2;8;1;3
202400032970;155 723 674;7;0;2;7;1;1
202400032971;155 723 672;7;0;1;1;15;2
202400032972;155 723 670;7;8;0;8;0;1
202400032973;155 723 669;7;0;2;1;5;1
202400032973;155 723 671;30;0;2;1;1;1
202400032974;155 723 667;33;0;2;1;1;1
202400032974;155 723 668;10;0;2;7;15;1
202400032975;155 723 666;7;0;1;1;16;2
202400032976;155 723 663;7;0;2;2;26;1
202400032976;155 723 665;7;0;2;3;26;1
202400032977;155 723 662;32;0;2;7;3;1
202400032977;155 723 664;7;0;2;1;15;1
202400032978;155 723 660;1;1;0;4;14;5
202400032978;155 723 661;7;1;0;4;13;1
202400032979;155 723 659;80;0;0;8;21;3
202400032980;155 723 657;33;0;2;4;1;1
202400032980;155 723 658;7;0;2;1;1;2
202400032981;155 723 656;7;0;1;3;1;1
202400032982;155 723 654;7;0;2;2;16;3
202400032982;155 723 655;50;0;2;8;1;3
202400032983;155 723 649;2;0;2;8;1;1
202400032983;155 723 652;7;0;2;1;1;1
202400032984;155 723 650;10;0;2;2;10;1
202400032984;155 723 651;34;0;2;3;1;1
202400032985;155 723 647;13;0;2;2;15;1
202400032985;155 723 648;33;0;2;1;1;1
202400032986;155 723 646;1;0;1;1;5;5
202400032987;155 723 643;7;0;2;6;1;1
202400032987;155 723 645;10;0;2;2;2;1
202400032988;155 723 642;7;0;2;3;15;1
202400032988;155 723 644;1;0;2;1;1;5
202400032989;155 723 640;1;0;1;1;1;5
202400032990;155 723 639;7;0;2;3;15;1
202400032990;155 723 641;1;0;2;1;17;5
202400032991;155 723 637;33;0;2;3;1;1
202400032991;155 723 638;7;0;2;2;12;1
202400032992;155 723 635;7;0;2;2;15;2
202400032992;155 723 636;2;0;2;1;1;1
202400032993;155 723 633;34;0;2;2;3;1
202400032993;155 723 634;7;0;2;3;1;2
202400032994;155 723 631;10;0;2;4;16;1
202400032994;155 723 632;1;0;2;1;1;5
202400032995;155 723 628;10;0;2;8;24;1
202400032995;155 723 630;60;1;0;1;14;5
202400032996;155 723 627;7;0;2;2;10;1
202400032996;155 723 629;32;0;2;3;1;1
202400032997;155 723 626;2;12;0;1;1;3
202400032998;155 723 624;33;0;2;7;17;1
202400032998;155 723 625;7;0;2;3;15;1
202400032999;155 723 623;7;8;1;3;13;2
202400033000;155 723 621;50;0;2;1;1;3
202400033000;155 723 622;7;0;9;1;1;1
202400033001;155 723 618;50;0;0;1;25;3
202400033001;155 723 620;7;0;9;3;1;1
202400033002;155 723 619;33;0;1;3;1;1
202400033003;155 723 616;7;0;0;4;1;1
202400033003;155 723 617;34;0;0;0;0;1
202400033004;155 723 614;7;0;1;1;1;1
202400033005;155 723 611;7;0;2;1;1;1
202400033005;155 723 612;7;0;2;2;15;1
202400033006;155 723 613;7;0;9;1;1;1
202400033006;155 723 615;1;0;2;8;1;5
202400033007;155 723 610;7;0;1;3;1;2
202400033008;155 723 609;7;0;1;2;16;1
202400033009;155 723 607;50;0;2;8;26;3
202400033009;155 723 608;7;0;2;1;11;1
202400033010;155 723 605;7;0;2;1;5;0
202400033010;155 723 606;7;0;2;1;1;0
202400033011;155 723 603;33;0;2;7;1;1
202400033011;155 723 604;7;0;2;3;11;3
202400033012;155 723 601;7;0;2;3;13;1
202400033012;155 723 602;7;0;2;3;1;1
202400033013;155 723 599;2;0;2;1;5;0
202400033013;155 723 600;7;0;2;3;2;0
202400033014;155 723 598;30;0;1;1;1;1
202400033015;155 723 597;7;0;1;1;1;1
202400033016;155 723 596;7;9;0;1;16;1
202400033017;155 723 595;7;0;1;2;21;1
202400033018;155 723 593;7;0;1;5;2;1
202400033018;155 723 594;7;0;2;1;1;1
202400033019;155 723 592;30;0;0;8;1;1
202400033020;155 723 591;7;1;0;3;1;1
202400033021;155 723 589;7;0;2;8;15;1
202400033021;155 723 590;33;0;2;1;1;1
202400033022;155 723 587;7;0;0;0;0;1
202400033022;155 723 588;7;9;2;1;0;1
202400033023;155 723 585;33;0;2;1;1;1
202400033023;155 723 586;7;0;2;5;15;1
202400033024;155 723 584;10;1;0;1;21;1
202400033025;155 723 583;43;0;1;1;1;1
202400033026;155 723 581;34;0;2;2;15;1
202400033026;155 723 582;30;0;2;3;1;1
202400033027;155 723 579;32;0;2;7;1;1
202400033027;155 723 580;7;0;2;8;10;1
202400033028;155 723 577;7;0;2;8;1;1
202400033028;155 723 578;7;0;2;3;19;1
202400033029;155 723 576;33;15;0;7;14;1
202400033030;155 723 575;7;15;0;1;1;1
202400033031;155 723 572;7;3;6;1;1;1
202400033031;155 723 573;7;3;2;5;23;2
202400033031;155 723 574;7;1;0;3;2;1
202400033032;155 723 570;7;0;2;3;0;1
202400033032;155 723 571;1;0;2;0;19;5
202400033033;155 723 569;7;13;0;1;14;1
202400033034;155 723 568;7;2;0;7;0;1
202400033035;155 723 566;7;13;2;8;13;1
202400033035;155 723 567;7;13;2;8;13;1
202400033036;155 723 565;1;0;0;8;11;5
202400033037;155 723 563;10;0;2;1;9;1
202400033037;155 723 564;1;0;2;7;15;5
202400033038;155 723 561;80;0;2;1;1;3
202400033038;155 723 562;7;0;2;2;19;1
202400033039;155 723 560;31;0;0;8;1;1
202400033040;155 723 559;7;13;0;7;14;1
202400033041;155 723 557;2;0;2;1;13;1
202400033041;155 723 558;10;0;2;1;1;1
202400033042;155 723 555;7;0;2;1;1;1
202400033042;155 723 556;7;0;2;1;13;1
202400033043;155 723 554;7;8;0;3;1;1
202400033044;155 723 553;7;0;0;1;1;1
202400033045;155 723 551;7;0;2;1;13;1
202400033045;155 723 552;7;0;2;1;1;1
202400033046;155 723 549;7;0;2;1;0;1
202400033046;155 723 550;7;0;2;1;0;1
202400033047;155 723 547;7;0;2;1;1;1
202400033047;155 723 548;7;0;2;1;5;1
202400033048;155 723 546;7;2;0;1;1;1
202400033049;155 723 544;2;0;2;1;0;1
202400033049;155 723 545;7;6;2;3;1;1
202400033050;155 723 542;17;0;0;6;1;1
202400033050;155 723 543;7;0;2;2;1;1
202400033051;155 723 541;7;6;0;2;1;1
202400033052;155 723 539;7;0;2;1;2;1
202400033052;155 723 540;7;0;0;4;1;1
202400033053;155 723 537;7;0;2;7;13;1
202400033053;155 723 538;7;0;2;1;1;1
202400033054;155 723 535;7;0;2;4;23;1
202400033054;155 723 536;10;0;2;1;2;1
202400033055;155 723 533;34;0;2;7;5;1
202400033055;155 723 534;7;0;2;3;9;1
202400033056;155 723 531;7;0;2;7;1;1
202400033056;155 723 532;7;0;2;1;1;1
202400033057;155 723 529;7;0;2;1;1;1
202400033057;155 723 530;7;0;2;1;17;1
202400033058;155 723 528;2;0;0;0;1;0
202400033059;155 723 526;7;0;2;6;5;1
202400033059;155 723 527;43;0;2;3;1;1
202400033060;155 723 525;7;13;0;3;2;1
202400033061;155 723 524;7;8;0;1;1;1
202400033062;155 723 523;7;15;0;1;5;1
202400033063;155 723 521;7;0;2;3;13;1
202400033063;155 723 522;7;0;2;3;1;1
202400033064;155 723 520;33;3;0;2;1;1
202400033065;155 723 519;7;2;0;1;13;1
202400033066;155 723 517;30;0;2;1;1;1
202400033066;155 723 518;7;0;2;7;19;1
202400033067;155 723 514;7;3;2;0;5;1
202400033067;155 723 515;7;0;2;3;1;1
202400033067;155 723 516;7;0;2;3;17;3
202400033068;155 723 513;7;4;0;1;1;1
202400033069;155 723 510;7;0;2;1;2;1
202400033069;155 723 511;10;0;2;7;2;1
202400033069;155 723 512;33;0;2;1;1;1
202400033070;155 723 508;33;0;2;0;26;1
202400033070;155 723 509;7;3;0;4;0;1
202400033071;155 723 505;7;0;2;1;2;3
202400033071;155 723 506;7;0;2;4;2;1
202400033071;155 723 507;7;0;2;1;2;2
202400033072;155 723 502;7;0;2;6;1;2
202400033072;155 723 503;7;0;2;2;17;1
202400033072;155 723 504;7;0;2;6;1;1
202400033073;155 723 501;7;0;2;1;2;1
202400033074;155 723 499;7;0;2;2;1;1
202400033074;155 723 500;34;0;2;1;3;1
202400033075;155 723 496;7;0;2;3;2;1
202400033075;155 723 497;7;0;2;4;2;1
202400033075;155 723 498;7;0;2;4;2;2
202400033076;155 723 495;7;3;0;1;26;1
202400033077;155 723 493;10;0;2;2;19;1
202400033077;155 723 494;10;0;0;7;1;1
202400033078;155 723 491;7;7;0;1;0;1
202400033078;155 723 492;7;0;0;0;1;1
202400033079;155 723 488;37;0;0;0;14;1
202400033080;155 723 486;7;0;2;1;17;1
202400033080;155 723 487;7;0;0;8;23;1
202400033081;155 723 484;7;0;2;1;5;1
202400033081;155 723 485;7;0;2;3;1;1
202400033082;155 723 482;33;0;2;1;18;1
202400033082;155 723 483;10;0;2;2;16;1
202400033083;155 723 480;10;0;2;3;1;1
202400033083;155 723 481;33;0;2;3;1;1
202400033084;155 723 478;7;0;2;1;0;1
202400033084;155 723 479;7;0;2;1;1;1
202400033085;155 723 477;7;8;0;1;0;1
202400033086;155 723 475;7;0;2;5;19;1
202400033086;155 723 476;33;0;2;1;1;1
202400033087;155 723 472;7;0;2;1;17;1
202400033087;155 723 473;7;0;2;1;21;1
202400033088;155 723 470;33;0;2;3;0;1
202400033088;155 723 471;7;0;2;3;0;2
202400033089;155 723 469;7;16;0;9;0;1
202400033090;155 723 467;2;0;0;3;1;1
202400033090;155 723 468;7;0;0;3;15;1
202400033091;155 723 466;33;3;0;0;16;1
202400033092;155 723 465;33;13;0;1;0;1
202400033093;155 723 463;7;0;2;3;1;1
202400033093;155 723 464;7;0;2;3;13;1
202400033094;155 723 462;31;0;0;3;1;1
202400033095;155 723 460;7;0;2;3;13;1
202400033095;155 723 461;7;0;2;1;1;1
202400033096;155 723 459;7;6;0;2;2;1
202400033097;155 723 458;1;12;0;0;1;5
202400033098;155 723 457;2;0;6;1;0;1
202400033099;155 723 456;7;0;0;1;1;1
202400033100;155 723 455;7;3;0;3;1;2
202400033101;155 723 453;7;0;2;8;10;1
202400033101;155 723 454;14;0;2;2;2;1
202400033102;155 723 452;32;17;0;1;13;1
202400033103;155 723 451;7;2;0;7;1;1
202400033104;155 723 449;7;5;0;1;0;1
202400033105;155 723 445;7;0;2;4;1;1
202400033105;155 723 447;7;0;2;2;2;1
202400033106;155 723 444;7;0;2;3;16;3
202400033106;155 723 446;33;0;2;1;21;1
202400033107;155 723 441;30;0;0;0;0;1
202400033107;155 723 442;0;0;2;1;0;0
202400033108;155 723 439;7;0;9;2;1;1
202400033108;155 723 440;1;0;2;0;15;5
202400033109;155 723 437;33;16;0;3;1;1
202400033110;155 723 436;7;0;2;2;15;1
202400033110;155 723 438;30;0;2;1;1;1
202400033111;155 723 434;7;0;2;2;1;1
202400033111;155 723 435;33;0;2;2;5;1
202400033112;155 723 433;0;0;1;0;0;0
202400033113;155 723 432;7;15;0;1;2;1
202400033114;155 723 430;7;0;2;1;1;1
202400033114;155 723 431;2;0;2;1;1;1
202400033115;155 723 427;50;0;1;1;25;3
202400033116;155 723 428;7;0;2;2;15;1
202400033116;155 723 429;32;0;2;1;0;3
202400033117;155 723 426;7;0;0;9;1;1
202400033118;155 723 425;32;0;1;1;1;1
202400033119;155 723 423;7;0;2;3;13;1
202400033119;155 723 424;7;0;2;3;1;1
202400033120;155 723 420;7;0;2;8;26;1
202400033120;155 723 422;32;0;2;1;26;1
202400033121;155 723 416;7;13;2;7;13;1
202400033121;155 723 417;7;0;2;1;1;1
202400033122;155 723 415;7;0;9;2;16;1
202400033122;155 723 418;50;14;2;1;25;3
202400033123;155 723 412;10;0;2;1;15;1
202400033123;155 723 414;1;0;2;7;1;5
202400033124;155 723 410;7;0;2;1;15;1
202400033124;155 723 411;33;0;2;8;1;1
202400033124;155 723 413;33;0;2;7;1;1
202400033125;155 723 407;33;0;2;1;1;1
202400033125;155 723 409;7;0;2;2;11;1
202400033126;155 723 406;7;0;2;2;12;1
202400033126;155 723 408;33;0;2;3;3;1
202400033127;155 723 402;31;0;2;6;3;1
202400033127;155 723 404;7;0;2;6;1;1
202400033127;155 723 405;31;0;2;5;3;3
202400033128;155 723 401;7;0;2;2;1;1
202400033128;155 723 403;7;8;2;3;19;1
202400033129;155 723 397;7;0;2;7;2;1
202400033129;155 723 399;7;0;2;6;23;1
202400033129;155 723 400;7;0;2;1;2;2
202400033130;155 723 396;7;7;0;1;1;1
202400033131;155 723 395;7;14;0;3;2;2
202400033132;155 723 394;3;1;0;1;14;1
202400033133;155 723 391;31;0;2;1;21;1
202400033133;155 723 392;7;0;2;6;1;2
202400033134;155 723 390;7;0;2;1;2;1
202400033134;155 723 393;7;0;2;4;1;1
202400033135;155 723 388;7;0;1;5;1;1
202400033136;155 723 386;7;0;2;1;1;1
202400033136;155 723 387;10;0;2;4;2;1
202400033136;155 723 389;7;0;2;4;2;1
202400033137;155 723 384;7;4;0;9;17;1
202400033138;155 723 383;2;0;2;3;2;1
202400033138;155 723 385;10;0;2;2;18;1
202400033139;155 723 378;10;0;2;3;9;1
202400033139;155 723 380;31;0;2;2;1;1
202400033140;155 723 377;7;0;2;1;1;1
202400033140;155 723 379;10;0;2;4;2;1
202400033140;155 723 381;7;0;2;4;2;1
202400033140;155 723 382;7;0;2;4;2;1
202400033141;155 723 376;2;0;1;1;1;1
202400033142;155 723 372;7;0;2;3;5;1
202400033142;155 723 374;7;0;2;3;1;2
202400033143;155 723 373;7;0;2;4;2;1
202400033143;155 723 375;7;0;2;1;2;1
202400033144;155 723 370;7;8;0;1;0;1
202400033145;155 723 371;50;0;0;0;0;3
202400033146;155 723 368;33;0;2;2;3;1
202400033146;155 723 369;7;0;2;6;11;1
202400033147;155 723 365;7;0;2;3;13;1
202400033147;155 723 366;7;0;2;3;1;2
202400033148;155 723 364;7;0;2;2;1;1
202400033148;155 723 367;32;0;2;3;0;1
202400033149;155 723 362;7;0;2;1;1;1
202400033149;155 723 363;14;0;2;4;1;1
202400033150;155 723 359;15;3;2;1;2;1
202400033150;155 723 361;17;0;0;5;2;1
202400033151;155 723 360;7;0;1;3;1;2
202400033152;155 723 357;14;0;9;2;1;0
202400033152;155 723 358;1;15;2;4;25;5
202400033153;155 723 356;7;0;1;1;15;1
202400033154;155 723 355;33;1;1;1;1;1
202400033155;155 723 353;7;0;2;1;15;1
202400033155;155 723 354;50;0;2;1;1;3
202400033156;155 723 352;7;0;1;4;20;1
202400033157;155 723 351;7;0;0;8;13;1
202400033158;155 723 346;10;0;2;1;2;1
202400033158;155 723 347;7;0;2;4;23;1
202400033158;155 723 349;7;0;2;6;23;1
202400033159;155 723 345;10;0;1;1;1;1
202400033160;155 723 344;7;0;1;4;23;2
202400033160;155 723 348;7;0;2;4;2;1
202400033160;155 723 350;99;0;2;1;2;2
202400033161;155 723 341;10;0;2;1;2;1
202400033161;155 723 343;7;0;2;4;1;1
202400033162;155 723 339;10;0;2;3;15;1
202400033162;155 723 342;33;0;2;2;1;1
202400033163;155 723 336;30;0;0;0;14;1
202400033164;155 723 335;32;0;2;3;3;1
202400033164;155 723 337;7;0;2;5;1;2
202400033165;155 723 338;7;0;2;2;1;1
202400033165;155 723 340;1;0;2;1;1;5
202400033166;155 723 332;30;0;9;1;9;1
202400033167;155 723 329;7;0;2;1;1;1
202400033167;155 723 333;7;1;2;2;1;1
202400033168;155 723 327;10;0;2;4;20;3
202400033168;155 723 330;1;0;2;1;1;5
202400033169;155 723 326;7;0;2;4;26;1
202400033169;155 723 331;7;0;2;1;2;1
202400033169;155 723 334;7;0;2;7;2;1
202400033170;155 723 325;7;0;2;5;15;1
202400033170;155 723 328;33;0;2;1;1;1
202400033171;155 723 322;7;0;2;4;1;1
202400033171;155 723 323;10;0;2;1;1;1
202400033171;155 723 324;7;0;2;4;1;1
202400033172;155 723 321;80;12;0;7;14;3
202400033173;155 723 317;7;0;2;3;16;1
202400033173;155 723 319;10;0;2;1;10;1
202400033174;155 723 315;7;0;2;1;2;1
202400033174;155 723 318;7;0;0;4;1;1
202400033175;155 723 314;7;0;4;3;9;0
202400033175;155 723 320;40;0;2;1;0;3
202400033176;155 723 313;7;0;2;0;0;2
202400033176;155 723 316;33;0;2;3;3;1
202400033177;155 723 312;7;0;1;1;16;1
202400033178;155 723 310;7;0;0;0;9;2
202400033179;155 723 309;7;0;2;6;23;1
202400033179;155 723 311;7;0;2;2;1;1
202400033180;155 723 308;1;12;0;0;2;5
202400033181;155 723 307;7;1;0;1;21;1
202400033182;155 723 303;7;0;2;3;13;1
202400033182;155 723 306;7;0;2;8;1;1
202400033183;155 723 304;80;9;0;1;1;3
202400033184;155 723 302;7;0;2;6;1;1
202400033184;155 723 305;14;0;2;2;12;1
202400033185;155 723 301;7;0;1;1;15;1
202400033186;155 723 295;1;0;0;0;25;5
202400033187;155 723 296;7;3;2;3;1;2
202400033187;155 723 298;7;3;2;2;12;1
202400033188;155 723 294;7;0;2;3;13;1
202400033188;155 723 299;38;0;2;3;14;1
202400033189;155 723 297;7;0;2;8;13;6
202400033189;155 723 300;30;0;2;2;1;0
202400033190;155 723 292;7;4;0;2;1;1
202400033191;155 723 289;10;0;2;3;1;1
202400033191;155 723 293;7;0;2;3;15;1
202400033192;155 723 288;7;0;2;2;15;1
202400033192;155 723 291;2;0;2;1;1;1
202400033193;155 723 290;7;0;1;2;16;1
202400033194;155 723 286;7;1;0;1;2;1
202400033194;155 723 287;14;0;2;4;23;1
202400033195;155 723 282;7;0;2;2;15;1