Num_Acc;id_vehicule;categorie_vehicule;obstacle_fixe;obstacle_mobile;point_choc_initial;manoeuvre_principale;motorisation
202400033195;155 723 285;32;0;2;1;1;1
202400033196;155 723 279;10;2;1;2;1;1
202400033197;155 723 280;10;0;2;7;13;1
202400033197;155 723 283;31;0;2;3;10;1
202400033198;155 723 281;7;0;2;2;15;1
202400033198;155 723 284;30;0;2;1;1;1
202400033199;155 723 277;7;0;2;1;0;1
202400033199;155 723 278;7;0;2;4;2;1
202400033200;155 723 276;7;3;0;1;26;1
202400033201;155 723 275;7;1;1;3;1;1
202400033202;155 723 273;7;8;0;1;1;1
202400033203;155 723 274;7;0;1;1;1;0
202400033204;155 723 268;7;15;2;2;12;1
202400033204;155 723 272;7;15;2;3;1;1
202400033205;155 723 269;7;0;2;7;1;1
202400033205;155 723 271;7;0;2;1;24;1
202400033206;155 723 267;99;1;0;0;0;0
202400033206;155 723 270;99;0;9;1;16;6
202400033207;155 723 261;31;0;0;0;0;1
202400033207;155 723 263;7;0;2;5;15;2
202400033208;155 723 259;38;0;2;3;26;1
202400033208;155 723 264;7;0;2;4;1;1
202400033209;155 723 260;7;0;2;1;0;1
202400033209;155 723 262;31;0;2;7;0;3
202400033210;155 723 257;7;0;2;2;15;1
202400033210;155 723 258;32;0;2;1;2;3
202400033211;155 723 255;7;0;1;2;1;1
202400033212;155 723 254;7;0;2;4;26;0
202400033212;155 723 256;1;0;2;4;26;5
202400033213;155 723 253;7;0;1;1;1;1
202400033214;155 723 252;7;0;1;1;15;1
202400033215;155 723 248;33;12;0;1;1;0
202400033216;155 723 247;33;0;2;0;17;1
202400033216;155 723 250;7;0;2;3;15;2
202400033217;155 723 246;7;0;2;1;15;1
202400033217;155 723 249;7;0;2;1;8;1
202400033217;155 723 251;7;0;2;5;1;1
202400033218;155 723 244;7;0;0;6;23;1
202400033218;155 723 245;34;14;0;1;17;1
202400033219;155 723 242;7;0;1;3;1;1
202400033220;155 723 241;7;0;2;3;13;1
202400033220;155 723 243;10;0;2;3;1;1
202400033221;155 723 238;7;6;2;8;1;1
202400033221;155 723 240;7;0;2;1;1;1
202400033222;155 723 237;10;0;1;2;19;1
202400033223;155 723 235;7;0;2;1;1;2
202400033223;155 723 239;37;0;2;3;1;1
202400033224;155 723 233;33;1;0;6;2;1
202400033225;155 723 234;1;0;2;7;26;5
202400033225;155 723 236;7;0;2;1;9;1
202400033226;155 723 231;7;0;2;1;2;1
202400033226;155 723 232;7;0;2;5;2;1
202400033227;155 723 228;7;4;0;1;15;1
202400033228;155 723 226;10;0;2;6;1;1
202400033228;155 723 230;7;0;2;0;0;0
202400033229;155 723 225;7;0;2;1;2;1
202400033229;155 723 227;7;0;2;4;2;1
202400033230;155 723 224;7;0;2;1;1;1
202400033230;155 723 229;50;0;0;0;0;3
202400033231;155 723 222;7;0;1;4;19;1
202400033232;155 723 220;7;0;2;8;23;1
202400033232;155 723 223;50;0;2;7;2;3
202400033233;155 723 219;10;0;2;4;2;1
202400033233;155 723 221;37;0;2;1;2;1
202400033234;155 723 215;7;0;2;8;1;3
202400033234;155 723 217;2;0;0;0;0;4
202400033235;155 723 216;7;0;2;1;13;1
202400033235;155 723 218;7;0;2;1;1;1
202400033236;155 723 213;10;0;2;7;15;0
202400033236;155 723 214;33;0;2;1;1;1
202400033237;155 723 208;7;0;2;1;2;1
202400033237;155 723 211;7;0;2;4;2;1
202400033237;155 723 212;7;0;2;4;2;1
202400033238;155 723 206;33;0;2;2;15;1
202400033238;155 723 210;7;0;2;1;15;1
202400033239;155 723 204;7;0;2;2;15;1
202400033239;155 723 207;80;0;2;8;1;3
202400033240;155 723 203;7;0;2;6;1;1
202400033240;155 723 205;34;0;2;1;18;1
202400033240;155 723 209;7;0;2;2;16;2
202400033241;155 723 201;7;0;1;1;19;2
202400033242;155 723 200;7;0;2;2;0;1
202400033242;155 723 202;3;0;2;7;0;1
202400033243;155 723 197;7;0;2;3;20;3
202400033243;155 723 199;50;0;2;1;2;3
202400033244;155 723 196;33;0;2;1;1;1
202400033244;155 723 198;10;0;2;2;1;1
202400033245;155 723 194;7;0;1;1;15;1
202400033246;155 723 192;7;1;0;6;24;2
202400033246;155 723 193;7;1;0;2;1;1
202400033246;155 723 195;7;1;0;0;1;0
202400033247;155 723 188;1;0;2;3;1;5
202400033247;155 723 191;10;0;9;3;17;1
202400033248;155 723 186;30;14;2;1;1;0
202400033248;155 723 190;7;16;2;3;15;0
202400033249;155 723 185;34;0;2;7;26;1
202400033250;155 723 187;33;0;2;1;1;1
202400033250;155 723 189;14;0;2;3;15;1
202400033251;155 723 182;30;0;0;0;1;1
202400033252;155 723 181;7;0;2;4;1;0
202400033252;155 723 184;30;0;2;1;1;1
202400033253;155 723 180;10;0;2;1;16;1
202400033253;155 723 183;33;8;2;8;18;1
202400033254;155 723 176;7;0;2;2;1;1
202400033254;155 723 179;7;0;2;8;10;1
202400033255;155 723 175;2;0;2;4;1;1
202400033255;155 723 178;7;0;2;1;1;1
202400033256;155 723 173;32;0;2;2;1;1
202400033256;155 723 177;7;1;2;3;9;1
202400033257;155 723 172;7;0;2;1;15;1
202400033257;155 723 174;33;0;2;1;3;1
202400033258;155 723 170;7;0;1;2;1;1
202400033259;155 723 168;50;0;2;8;19;3
202400033259;155 723 171;7;0;2;2;1;2
202400033260;155 723 165;33;0;2;3;26;0
202400033260;155 723 167;7;0;2;2;19;1
202400033261;155 723 166;1;0;2;1;1;5
202400033261;155 723 169;7;0;2;2;15;1
202400033262;155 723 162;7;0;2;3;9;1
202400033262;155 723 164;50;0;2;2;1;3
202400033263;155 723 160;33;3;0;8;1;1
202400033264;155 723 158;50;0;0;1;0;3
202400033264;155 723 161;7;0;0;3;13;2
202400033265;155 723 159;7;0;2;2;15;1
202400033265;155 723 163;32;0;2;1;1;1
202400033266;155 723 154;7;0;2;9;2;1
202400033266;155 723 156;7;0;2;4;2;1
202400033266;155 723 157;7;0;2;1;2;1
202400033267;155 723 152;37;0;2;3;9;0
202400033267;155 723 155;7;0;2;5;9;1
202400033268;155 723 150;7;0;2;5;1;1
202400033268;155 723 153;2;0;2;1;1;1
202400033269;155 723 149;7;0;2;1;1;1
202400033269;155 723 151;43;0;2;1;1;1
202400033270;155 723 147;7;0;1;1;1;1
202400033271;155 723 146;7;0;2;1;1;1
202400033271;155 723 148;7;0;0;7;10;1
202400033272;155 723 144;7;0;2;2;15;1
202400033272;155 723 145;50;0;2;3;25;3
202400033273;155 723 143;7;0;1;3;15;1
202400033274;155 723 140;15;8;0;3;1;1
202400033274;155 723 142;7;13;0;3;13;1
202400033275;155 723 138;34;0;2;1;13;0
202400033275;155 723 141;7;0;2;2;1;1
202400033276;155 723 136;7;0;2;3;24;1
202400033276;155 723 139;7;1;0;7;1;1
202400033277;155 723 134;7;0;2;2;15;1
202400033277;155 723 137;7;0;2;7;1;1
202400033278;155 723 131;7;0;0;2;1;1
202400033278;155 723 135;50;0;0;1;5;3
202400033279;155 723 132;7;4;0;3;13;1
202400033280;155 723 129;40;0;1;1;1;3
202400033281;155 723 127;2;0;2;2;1;1
202400033281;155 723 130;7;0;2;6;1;1
202400033281;155 723 133;7;0;2;1;1;1
202400033282;155 723 126;3;0;0;3;1;1
202400033283;155 723 125;7;0;2;1;16;1
202400033283;155 723 128;7;0;2;3;1;1
202400033284;155 723 122;7;0;2;2;1;
202400033284;155 723 124;30;0;2;2;16;1
202400033285;155 723 121;1;0;0;1;1;5
202400033286;155 723 119;7;0;2;9;2;1
202400033286;155 723 120;7;0;2;4;2;1
202400033287;155 723 117;7;4;2;9;1;1
202400033287;155 723 123;14;1;0;0;1;1
202400033288;155 723 115;32;0;2;1;2;1
202400033288;155 723 118;10;0;2;6;9;1
202400033289;155 723 114;7;0;2;6;11;1
202400033289;155 723 116;33;0;2;2;3;1
202400033290;155 723 109;7;0;0;1;1;1
202400033290;155 723 112;7;0;2;1;17;1
202400033291;155 723 108;31;0;2;1;9;1
202400033291;155 723 113;7;0;2;7;1;1
202400033292;155 723 107;7;0;2;8;15;1
202400033292;155 723 110;7;0;2;2;1;1
202400033293;155 723 106;7;0;0;6;1;1
202400033293;155 723 111;34;0;2;1;2;1
202400033294;155 723 101;7;15;0;2;1;1
202400033295;155 723 102;33;13;0;0;1;1
202400033295;155 723 105;7;0;0;3;1;2
202400033296;155 723 100;7;0;2;1;9;1
202400033296;155 723 104;1;0;2;8;1;5
202400033297;155 723 099;7;0;2;8;1;1
202400033297;155 723 103;7;0;2;1;19;1
202400033298;155 723 096;7;1;0;2;2;1
202400033299;155 723 095;7;1;2;3;16;1
202400033299;155 723 098;7;0;2;8;1;1
202400033300;155 723 094;7;0;2;1;15;1
202400033300;155 723 097;7;0;2;1;15;1
202400033301;155 723 091;7;0;2;1;1;1
202400033301;155 723 092;7;0;2;1;13;1
202400033302;155 723 093;7;16;0;0;17;1
202400033303;155 723 090;10;8;0;1;1;0
202400033304;155 723 087;7;0;2;6;13;1
202400033304;155 723 089;7;0;2;3;1;1
202400033305;155 723 086;32;0;2;1;3;1
202400033305;155 723 088;7;0;2;8;10;1
202400033306;155 723 084;32;13;0;2;1;1
202400033307;155 723 083;7;0;2;1;1;1
202400033307;155 723 085;7;0;2;4;1;1
202400033308;155 723 082;7;0;1;1;1;1
202400033309;155 723 081;7;6;0;9;13;1
202400033310;155 723 079;7;0;9;1;2;1
202400033310;155 723 080;1;0;0;2;0;5
202400033311;155 723 077;7;13;0;3;13;1
202400033312;155 723 075;10;0;2;2;17;3
202400033312;155 723 078;1;0;2;8;1;5
202400033313;155 723 074;7;0;2;2;15;1
202400033313;155 723 076;7;0;2;1;1;1
202400033314;155 723 073;33;13;0;7;1;1
202400033315;155 723 070;7;0;2;3;13;1
202400033315;155 723 072;14;0;2;3;1;1
202400033316;155 723 069;30;0;2;8;21;1
202400033316;155 723 071;7;0;2;4;20;1
202400033317;155 723 066;7;0;2;1;13;1
202400033317;155 723 068;33;0;2;1;1;1
202400033318;155 723 067;10;0;1;2;16;1
202400033319;155 723 064;7;13;0;2;1;1
202400033320;155 723 061;7;3;0;9;17;1
202400033321;155 723 062;7;0;2;1;16;1
202400033321;155 723 065;1;0;2;7;19;5
202400033322;155 723 063;7;0;1;1;26;1
202400033323;155 723 060;2;13;0;1;1;1
202400033324;155 723 056;7;0;1;1;16;1
202400033325;155 723 054;1;0;2;4;1;5
202400033325;155 723 057;10;0;9;1;1;1
202400033325;155 723 059;1;0;2;4;1;5
202400033326;155 723 053;7;0;2;8;1;1
202400033326;155 723 058;7;0;2;2;1;1
202400033327;155 723 052;7;0;2;6;15;1
202400033327;155 723 055;2;0;2;1;2;1
202400033328;155 723 049;7;2;0;7;1;1
202400033329;155 723 048;7;8;2;6;16;1
202400033329;155 723 051;10;0;2;3;2;1
202400033330;155 723 046;7;11;2;1;1;1
202400033330;155 723 047;7;0;2;1;15;1
202400033331;155 723 044;33;0;0;2;1;1
202400033332;155 723 042;7;0;2;3;13;1
202400033332;155 723 045;7;0;2;3;0;1
202400033333;155 723 041;7;0;2;1;1;1
202400033333;155 723 043;33;0;2;3;1;1
202400033334;155 723 040;7;0;1;1;1;1
202400033335;155 723 036;33;0;6;1;26;1
202400033336;155 723 035;7;0;2;3;15;1
202400033336;155 723 038;32;0;2;1;1;1
202400033337;155 723 034;7;0;2;1;1;1
202400033337;155 723 037;7;0;2;4;1;1
202400033337;155 723 039;7;0;0;4;1;1
202400033338;155 723 033;7;1;1;1;20;1
202400033339;155 723 032;7;2;0;3;1;1
202400033340;155 723 031;1;0;0;0;25;5
202400033341;155 723 027;14;0;9;2;16;1
202400033341;155 723 029;1;0;2;1;1;5
202400033342;155 723 028;33;1;0;1;13;1
202400033342;155 723 030;10;0;0;4;23;1
202400033343;155 723 023;2;0;2;1;19;1
202400033343;155 723 025;7;0;2;2;1;1
202400033344;155 723 024;2;0;2;1;1;1
202400033344;155 723 026;7;0;2;2;15;1
202400033345;155 723 020;7;0;2;6;2;1
202400033345;155 723 022;33;0;2;1;2;1
202400033346;155 723 019;7;0;2;1;11;1
202400033346;155 723 021;50;0;2;1;1;3
202400033347;155 723 017;50;0;2;1;19;3
202400033347;155 723 018;7;0;9;2;1;1
202400033348;155 723 015;10;0;2;5;13;1
202400033348;155 723 016;7;0;2;2;21;1
202400033349;155 723 010;10;8;2;8;10;1
202400033349;155 723 013;7;0;2;1;1;1
202400033350;155 723 012;7;0;2;3;15;1
202400033350;155 723 014;30;0;2;7;17;1
202400033351;155 723 007;7;7;0;2;14;1
202400033352;155 723 005;7;0;2;1;2;1
202400033352;155 723 008;15;0;0;6;2;1
202400033353;155 723 009;7;0;2;4;2;1
202400033353;155 723 011;33;0;2;1;2;1
202400033354;155 723 003;7;6;0;2;13;1
202400033355;155 723 001;1;0;2;4;1;5
202400033355;155 723 002;7;0;2;2;1;1
202400033356;155 722 998;7;0;2;2;2;1
202400033356;155 723 000;7;0;2;6;20;1
202400033357;155 722 996;7;0;2;1;5;1
202400033357;155 722 997;7;0;0;1;1;1
202400033358;155 722 994;7;0;2;1;1;1
202400033358;155 722 999;7;0;2;8;1;1
202400033359;155 722 993;38;0;2;1;1;1
202400033359;155 722 995;7;0;2;3;15;1
202400033360;155 722 991;33;0;0;7;1;1
202400033361;155 722 990;7;0;2;7;10;1
202400033361;155 722 992;2;0;2;1;2;1
202400033362;155 722 988;33;7;0;3;13;1
202400033363;155 722 983;7;6;0;3;13;1
202400033364;155 722 984;7;0;2;8;16;1
202400033364;155 722 986;7;0;2;1;1;1
202400033365;155 722 982;7;6;0;1;5;1
202400033366;155 722 981;7;0;2;3;1;1
202400033366;155 722 985;1;0;2;1;1;5
202400033367;155 722 979;10;0;1;3;15;1
202400033368;155 722 976;7;0;2;1;15;1
202400033368;155 722 978;33;0;2;7;0;1
202400033369;155 722 974;7;0;2;3;13;1
202400033369;155 722 975;7;0;2;3;1;1
202400033370;155 722 971;7;2;0;1;1;1
202400033371;155 722 972;7;0;1;1;16;1
202400033372;155 722 970;7;2;0;2;19;1
202400033373;155 722 969;7;0;2;8;26;1
202400033373;155 722 973;7;0;2;1;1;1
202400033374;155 722 968;7;3;0;8;0;1
202400033375;155 722 967;7;0;1;1;1;1
202400033376;155 722 965;33;0;2;2;17;1
202400033376;155 722 966;7;0;2;3;2;1
202400033377;155 722 961;2;0;2;0;13;1
202400033378;155 722 960;7;0;2;3;9;1
202400033378;155 722 963;7;0;2;1;1;1
202400033379;155 722 959;2;10;0;8;1;1
202400033380;155 722 958;7;0;2;4;1;1
202400033380;155 722 962;7;0;2;1;1;1
202400033380;155 722 964;7;0;2;9;1;1
202400033381;155 722 953;7;0;0;5;1;1
202400033381;155 722 956;1;0;0;3;21;5
202400033382;155 722 950;7;0;2;8;16;1
202400033382;155 722 955;31;0;2;2;1;1
202400033383;155 722 951;33;0;2;1;1;1
202400033383;155 722 954;7;0;0;4;1;1
202400033384;155 722 949;37;0;2;1;1;1
202400033384;155 722 952;7;0;2;0;0;1
202400033384;155 722 957;3;0;2;0;0;1
202400033385;155 722 947;33;0;2;1;1;1
202400033385;155 722 948;7;0;2;6;13;1
202400033386;155 722 944;7;0;1;1;1;1
202400033387;155 722 943;7;0;2;5;15;1
202400033387;155 722 946;33;0;2;1;1;1
202400033388;155 722 940;15;0;1;5;15;1
202400033389;155 722 939;7;4;2;9;12;1
202400033389;155 722 942;7;4;2;7;1;1
202400033390;155 722 941;10;13;0;3;21;1
202400033391;155 722 938;7;8;0;1;1;1
202400033392;155 722 934;33;0;2;7;1;1
202400033392;155 722 937;7;0;2;0;11;0
202400033393;155 722 932;33;0;2;1;18;1
202400033393;155 722 936;10;0;2;2;20;1
202400033394;155 722 931;33;0;2;8;18;1
202400033394;155 722 935;7;0;2;7;2;1
202400033395;155 722 930;7;0;2;1;19;1
202400033395;155 722 933;33;0;2;5;1;1
202400033396;155 722 925;7;0;2;2;9;1
202400033396;155 722 929;7;0;2;8;1;3
202400033397;155 722 924;14;0;2;4;26;1
202400033397;155 722 927;2;0;2;7;26;1
202400033398;155 722 922;7;0;2;3;15;1
202400033398;155 722 928;33;0;2;1;21;1
202400033399;155 722 923;7;0;2;1;2;1
202400033399;155 722 926;10;0;2;4;23;1
202400033400;155 722 921;43;4;0;7;1;1
202400033401;155 722 920;7;2;0;7;0;1
202400033402;155 722 916;33;0;2;8;3;1
202400033402;155 722 918;7;0;2;7;12;1
202400033403;155 722 914;7;0;2;7;22;1
202400033403;155 722 917;32;0;2;1;18;3
202400033404;155 722 913;7;13;0;3;13;1
202400033405;155 722 912;7;4;0;7;1;1
202400033406;155 722 915;30;0;2;8;7;1
202400033406;155 722 919;0;0;0;0;0;0
202400033407;155 722 907;7;0;2;4;12;1
202400033407;155 722 910;33;0;2;1;3;1
202400033408;155 722 906;7;0;2;2;15;1
202400033408;155 722 911;34;0;2;1;1;1
202400033409;155 722 905;1;0;2;1;17;5
202400033409;155 722 908;7;0;2;8;15;1
202400033410;155 722 899;7;0;2;6;26;1
202400033410;155 722 901;7;0;2;5;12;1
202400033410;155 722 903;7;0;2;1;3;1
202400033411;155 722 900;7;0;2;8;10;1
202400033411;155 722 902;32;0;2;1;1;1
202400033412;155 722 898;7;13;0;9;1;1
202400033413;155 722 897;7;9;0;1;14;1
202400033414;155 722 895;43;14;0;2;1;1
202400033415;155 722 894;7;3;0;1;1;1
202400033416;155 722 892;7;0;2;2;0;1
202400033416;155 722 893;7;0;2;8;13;1
202400033416;155 722 896;33;0;2;5;0;1
202400033417;155 722 891;10;0;1;1;1;1
202400033418;155 722 889;7;0;1;1;9;2
202400033419;155 722 885;7;0;2;1;11;1
202400033419;155 722 888;7;0;2;4;1;1
202400033420;155 722 884;33;0;2;1;1;1
202400033420;155 722 887;33;0;2;4;21;1
202400033420;155 722 890;7;0;2;5;1;1
202400033421;155 722 883;1;0;2;4;1;5
202400033421;155 722 886;7;0;2;0;1;0
202400033422;155 722 882;31;12;0;8;17;1
202400033423;155 722 880;7;0;2;1;2;1
202400033423;155 722 881;7;0;2;4;23;1
202400033424;155 722 875;1;0;2;1;1;5
202400033424;155 722 878;7;0;2;3;9;1
202400033425;155 722 876;7;0;1;3;15;1
202400033426;155 722 873;7;0;2;3;13;1
202400033426;155 722 877;7;0;2;3;1;1
202400033426;155 722 879;10;0;2;1;1;1
202400033427;155 722 872;15;0;2;2;1;1
202400033427;155 722 874;7;0;2;1;11;1
202400033428;155 722 871;33;13;0;1;5;1
202400033429;155 722 870;30;0;1;1;1;1
202400033430;155 722 865;33;0;2;2;1;1
202400033430;155 722 869;7;0;2;8;11;1
202400033431;155 722 862;7;0;2;8;1;1
202400033431;155 722 866;13;14;2;7;2;1
202400033432;155 722 864;37;0;2;0;0;0
202400033432;155 722 868;7;0;2;0;0;1
202400033433;155 722 863;33;0;2;1;0;1
202400033433;155 722 867;33;0;2;1;0;1
202400033434;155 722 858;7;0;1;1;15;1
202400033435;155 722 856;33;0;2;1;1;1
202400033435;155 722 861;7;0;2;6;9;1
202400033436;155 722 854;7;0;2;3;1;1
202400033436;155 722 855;7;0;2;4;1;1
202400033436;155 722 857;7;0;2;4;1;1
202400033436;155 722 859;7;0;2;1;13;1
202400033437;155 722 851;10;0;1;4;4;0
202400033438;155 722 850;7;0;2;1;1;1
202400033438;155 722 852;7;0;2;3;1;1
202400033439;155 722 849;2;0;1;1;3;1
202400033440;155 722 844;7;0;2;1;2;1
202400033440;155 722 847;7;1;2;3;11;1
202400033441;155 722 843;33;0;2;8;3;1
202400033441;155 722 846;10;0;2;7;12;0
202400033442;155 722 842;10;0;2;6;16;1
202400033442;155 722 845;7;0;2;2;1;1
202400033443;155 722 840;7;0;1;1;15;1
202400033444;155 722 841;10;0;2;1;1;1
202400033444;155 722 848;7;0;2;6;1;1
202400033444;155 722 853;14;0;2;2;12;1
202400033444;155 722 860;10;0;2;1;1;1
202400033445;155 722 839;7;6;0;1;1;1
202400033446;155 722 838;7;2;0;2;1;1
202400033447;155 722 837;32;0;0;7;1;3
202400033448;155 722 835;7;6;0;2;1;1
202400033449;155 722 831;7;0;2;1;1;1
202400033449;155 722 834;7;0;2;1;1;1
202400033449;155 722 836;7;0;2;4;1;1
202400033450;155 722 833;33;0;0;8;3;1
202400033451;155 722 828;7;0;2;1;0;2
202400033451;155 722 832;7;0;1;7;1;1
202400033452;155 722 829;7;0;2;3;1;1
202400033452;155 722 830;7;0;2;1;9;1
202400033453;155 722 826;31;0;2;3;3;3
202400033453;155 722 827;7;0;2;5;1;1
202400033454;155 722 825;37;0;1;1;23;3
202400033455;155 722 820;32;0;0;2;23;1
202400033456;155 722 821;7;0;2;1;0;1
202400033456;155 722 824;7;0;2;1;0;1
202400033457;155 722 819;50;0;2;1;16;3
202400033457;155 722 823;1;0;2;1;1;5
202400033458;155 722 817;7;1;0;1;13;1
202400033459;155 722 815;7;12;2;1;13;1
202400033459;155 722 816;7;0;2;3;0;1
202400033460;155 722 814;7;0;1;2;1;1
202400033461;155 722 813;7;2;0;2;13;1
202400033462;155 722 818;10;0;2;2;12;1
202400033462;155 722 822;33;0;2;1;3;1
202400033463;155 722 811;50;0;2;1;19;3
202400033463;155 722 812;7;0;2;7;23;1
202400033464;155 722 808;7;0;2;1;0;1
202400033464;155 722 810;1;0;2;1;1;5
202400033465;155 722 807;7;13;0;7;1;1
202400033466;155 722 802;7;0;2;6;11;1
202400033466;155 722 804;34;0;2;2;3;1
202400033467;155 722 803;30;0;1;1;18;1
202400033468;155 722 800;7;0;2;6;1;1
202400033468;155 722 806;10;0;2;2;14;1
202400033469;155 722 797;7;0;9;1;1;1
202400033469;155 722 799;7;4;0;1;18;1
202400033470;155 722 795;7;0;2;6;2;1
202400033470;155 722 798;10;0;2;1;1;1
202400033470;155 722 801;33;0;2;1;2;1
202400033471;155 722 792;7;0;1;3;1;1
202400033472;155 722 796;7;0;1;7;2;1
202400033473;155 722 791;10;0;2;3;1;1
202400033473;155 722 794;10;0;2;2;1;1
202400033474;155 722 790;7;0;2;1;1;1
202400033474;155 722 793;7;0;2;4;23;1
202400033475;155 722 788;10;1;0;1;1;1
202400033475;155 722 789;7;0;0;4;23;1
202400033476;155 722 787;7;0;1;2;15;1
202400033477;155 722 783;16;0;2;2;12;1
202400033477;155 722 785;7;0;2;8;1;1
202400033478;155 722 780;7;0;0;4;12;1
202400033478;155 722 784;7;0;2;1;12;1
202400033479;155 722 779;7;3;0;1;1;1
202400033480;155 722 777;7;2;0;2;14;1
202400033481;155 722 776;1;0;0;4;24;5
202400033481;155 722 782;7;1;0;1;0;0
202400033481;155 722 786;80;0;0;0;0;3
202400033482;155 722 778;50;0;2;7;1;3
202400033482;155 722 781;7;0;2;2;26;1
202400033483;155 722 773;7;0;1;2;16;2
202400033484;155 722 771;7;0;2;3;1;1
202400033484;155 722 774;7;0;2;1;15;1
202400033485;155 722 770;10;0;2;4;23;1
202400033485;155 722 772;7;0;2;1;1;1
202400033485;155 722 775;7;0;2;9;2;1
202400033486;155 722 769;10;0;1;4;4;1
202400033487;155 722 766;10;0;1;1;16;1
202400033488;155 722 765;7;0;2;1;2;1
202400033488;155 722 768;7;0;2;4;2;2
202400033489;155 722 764;10;0;1;6;15;1
202400033490;155 722 762;33;0;0;9;1;1
202400033491;155 722 767;7;0;1;1;0;1
202400033492;155 722 761;30;0;2;2;15;3
202400033492;155 722 763;31;0;2;1;1;1
202400033493;155 722 759;17;0;2;2;1;1
202400033493;155 722 760;7;7;2;3;13;1
202400033494;155 722 754;7;0;2;1;2;1
202400033494;155 722 756;7;0;2;4;23;1
202400033494;155 722 758;7;0;2;4;23;1
202400033495;155 722 752;80;0;2;1;1;3
202400033495;155 722 755;7;0;2;2;16;1
202400033496;155 722 750;7;0;2;8;19;1
202400033496;155 722 753;10;0;2;1;1;1
202400033497;155 722 748;33;0;2;3;3;1
202400033497;155 722 749;7;0;2;5;2;1
202400033498;155 722 751;7;0;2;4;1;1
202400033498;155 722 757;7;0;2;1;2;1
202400033499;155 722 745;7;0;1;4;1;1
202400033500;155 722 744;7;0;2;1;1;1
202400033500;155 722 746;10;0;2;4;1;1
202400033501;155 722 742;33;0;2;1;2;1
202400033501;155 722 743;7;0;2;4;2;1
202400033502;155 722 737;33;0;2;4;17;1
202400033502;155 722 738;33;0;2;1;17;1
202400033503;155 722 735;7;0;1;2;1;1
202400033504;155 722 733;33;0;0;8;3;1
202400033505;155 722 732;7;7;2;1;13;1
202400033505;155 722 736;7;0;2;1;1;1
202400033506;155 722 731;38;0;1;2;21;1
202400033507;155 722 726;7;0;2;4;1;2
202400033507;155 722 728;43;0;2;0;3;1
202400033507;155 722 730;7;0;2;2;14;1
202400033508;155 722 724;1;0;2;6;26;5
202400033508;155 722 729;13;0;0;6;1;1
202400033509;155 722 723;7;0;2;1;1;1
202400033509;155 722 725;7;0;0;8;19;1
202400033510;155 722 727;7;0;2;6;23;1
202400033510;155 722 734;7;0;2;4;23;0
202400033510;155 722 740;7;1;0;1;2;1
202400033511;155 722 720;32;0;2;4;3;1
202400033511;155 722 722;7;0;2;3;11;1
202400033512;155 722 721;7;1;0;2;1;1
202400033513;155 722 718;7;0;2;1;9;1
202400033513;155 722 719;33;0;2;7;1;1
202400033514;155 722 715;7;4;2;3;17;1
202400033514;155 722 717;7;4;2;5;1;1
202400033515;155 722 714;7;0;1;1;1;1
202400033516;155 722 716;7;0;1;3;15;1
202400033517;155 722 709;14;0;2;2;21;1
202400033517;155 722 712;10;0;2;8;2;1
202400033518;155 722 713;7;0;0;0;26;1
202400033519;155 722 708;7;0;2;2;2;1
202400033519;155 722 711;7;0;2;6;2;1
202400033520;155 722 707;30;0;2;1;1;3
202400033520;155 722 710;7;0;2;3;15;1
202400033521;155 722 705;7;0;1;4;20;1
202400033522;155 722 700;7;16;2;3;1;1
202400033522;155 722 702;7;0;2;1;1;1
202400033522;155 722 704;7;0;2;4;1;1
202400033522;155 722 706;7;7;2;8;6;1
202400033523;155 722 699;7;0;1;2;16;1
202400033524;155 722 697;7;0;2;1;1;1
202400033524;155 722 701;7;0;2;0;1;1
202400033524;155 722 703;7;14;0;0;1;1
202400033525;155 722 693;21;0;9;0;1;1
202400033525;155 722 695;1;0;9;0;1;5
202400033525;155 722 696;1;0;9;0;1;5
202400033526;155 722 694;7;13;0;1;14;1
202400033527;155 722 691;7;0;2;3;2;1
202400033527;155 722 692;7;1;2;6;0;1
202400033528;155 722 698;7;12;0;3;13;1
202400033529;155 722 689;7;2;0;1;14;1
202400033530;155 722 690;7;0;0;0;1;1
202400033531;155 722 688;7;0;1;7;16;1
202400033532;155 722 686;7;0;1;1;15;1
202400033533;155 722 684;30;0;2;1;1;1
202400033533;155 722 687;7;0;2;3;19;1
202400033534;155 722 683;10;0;2;1;1;1
202400033534;155 722 685;17;0;2;4;1;6
202400033535;155 722 677;21;0;0;9;1;1
202400033536;155 722 678;50;0;2;1;5;3
202400033536;155 722 681;7;0;2;2;23;1
202400033537;155 722 679;37;0;2;8;1;1
202400033537;155 722 682;15;0;2;1;9;1
202400033538;155 722 676;7;0;2;1;26;2
202400033538;155 722 680;7;0;2;2;0;1
202400033539;155 722 672;7;0;2;1;17;0
202400033539;155 722 675;1;0;2;1;1;0
202400033540;155 722 671;7;0;1;3;2;1
202400033541;155 722 673;7;0;1;1;16;1
202400033542;155 722 670;7;0;2;3;15;0
202400033542;155 722 674;50;0;2;1;1;3
202400033543;155 722 665;7;0;2;1;0;1
202400033543;155 722 668;7;0;2;4;1;0