Num_Acc;id_vehicule;categorie_vehicule;obstacle_fixe;obstacle_mobile;point_choc_initial;manoeuvre_principale;motorisation
202400033544;155 722 663;33;12;2;0;1;1
202400033544;155 722 666;34;0;0;0;0;1
202400033545;155 722 664;7;0;2;5;1;1
202400033545;155 722 669;7;0;2;1;1;1
202400033546;155 722 662;7;0;2;1;2;1
202400033546;155 722 667;36;0;2;1;1;1
202400033547;155 722 658;7;0;1;3;1;1
202400033548;155 722 660;1;0;1;1;19;5
202400033549;155 722 657;7;0;2;3;1;0
202400033549;155 722 661;7;0;2;1;13;1
202400033550;155 722 656;7;0;2;1;15;1
202400033550;155 722 659;50;0;2;1;15;3
202400033551;155 722 654;7;0;1;3;1;1
202400033552;155 722 649;7;0;2;3;13;1
202400033552;155 722 652;7;0;2;3;1;1
202400033553;155 722 651;7;0;2;1;1;1
202400033553;155 722 655;7;0;2;4;26;1
202400033554;155 722 650;10;0;2;2;9;1
202400033554;155 722 653;10;0;2;0;0;1
202400033555;155 722 648;7;0;6;1;1;1
202400033556;155 722 646;7;3;0;2;0;1
202400033557;155 722 645;30;0;1;1;1;1
202400033558;155 722 643;7;0;2;4;2;1
202400033558;155 722 644;7;0;2;1;2;1
202400033558;155 722 647;7;0;2;4;2;1
202400033559;155 722 641;32;3;0;7;1;1
202400033560;155 722 640;7;0;2;1;19;1
202400033560;155 722 642;7;0;2;8;19;1
202400033561;155 722 639;7;0;1;1;16;1
202400033562;155 722 637;7;0;2;5;1;1
202400033562;155 722 638;7;0;2;3;26;0
202400033563;155 722 633;32;0;2;1;17;1
202400033563;155 722 635;7;0;2;3;15;1
202400033564;155 722 629;7;0;0;4;1;1
202400033564;155 722 630;7;0;2;1;1;1
202400033565;155 722 625;7;0;2;1;2;1
202400033565;155 722 627;33;0;2;4;11;1
202400033566;155 722 626;7;0;2;3;1;1
202400033566;155 722 628;30;0;2;1;1;1
202400033567;155 722 624;7;0;1;1;15;1
202400033568;155 722 632;7;0;1;3;1;1
202400033569;155 722 622;7;0;2;1;1;1
202400033569;155 722 631;7;0;2;1;2;1
202400033569;155 722 634;7;3;2;2;17;1
202400033569;155 722 636;15;0;2;3;1;1
202400033570;155 722 620;50;0;0;0;1;3
202400033571;155 722 619;7;0;2;1;15;1
202400033571;155 722 623;30;0;2;1;1;1
202400033572;155 722 618;7;0;9;1;16;1
202400033572;155 722 621;1;0;2;1;1;5
202400033573;155 722 617;7;0;1;2;1;0
202400033574;155 722 612;99;0;2;2;1;1
202400033574;155 722 616;10;0;2;2;13;1
202400033575;155 722 611;50;9;0;1;1;3
202400033575;155 722 615;1;9;0;1;15;5
202400033576;155 722 610;7;0;2;1;5;1
202400033576;155 722 613;33;0;2;1;1;1
202400033576;155 722 614;7;0;2;3;1;1
202400033577;155 722 609;7;0;1;3;13;1
202400033578;155 722 608;7;0;0;9;1;0
202400033579;155 722 607;10;0;1;3;1;1
202400033580;155 722 606;10;11;0;3;1;1
202400033581;155 722 604;7;0;1;2;2;1
202400033582;155 722 602;7;0;0;2;15;1
202400033582;155 722 605;32;0;2;1;1;1
202400033583;155 722 600;34;0;2;7;1;1
202400033583;155 722 603;7;0;2;3;1;1
202400033584;155 722 599;7;0;2;8;15;1
202400033584;155 722 601;34;0;2;3;2;1
202400033585;155 722 597;50;0;0;0;26;3
202400033586;155 722 596;7;14;2;1;19;0
202400033586;155 722 598;7;14;0;0;9;1
202400033587;155 722 594;7;0;2;8;22;0
202400033587;155 722 595;1;14;2;3;18;5
202400033588;155 722 593;33;0;0;1;15;1
202400033589;155 722 592;7;0;1;2;16;1
202400033590;155 722 590;7;2;0;1;1;1
202400033591;155 722 589;7;15;1;3;13;1
202400033592;155 722 587;7;0;1;2;1;1
202400033593;155 722 585;38;0;2;2;1;1
202400033593;155 722 588;7;0;2;3;16;1
202400033594;155 722 584;33;4;0;8;1;1
202400033595;155 722 582;7;2;0;1;0;1
202400033596;155 722 583;50;0;2;1;1;3
202400033596;155 722 586;7;0;2;3;15;1
202400033597;155 722 581;7;0;1;2;1;1
202400033598;155 722 580;50;12;0;1;1;3
202400033599;155 722 578;7;0;1;3;1;1
202400033600;155 722 576;7;6;0;3;13;1
202400033601;155 722 577;31;0;0;8;1;1
202400033601;155 722 579;7;0;0;1;15;1
202400033602;155 722 575;7;0;1;2;1;1
202400033603;155 722 574;7;0;1;1;15;1
202400033604;155 722 573;7;12;0;2;14;1
202400033605;155 722 572;31;4;0;3;0;1
202400033606;155 722 571;7;13;0;0;0;5
202400033607;155 722 568;2;0;0;9;1;1
202400033608;155 722 567;7;0;1;3;1;1
202400033609;155 722 565;7;0;2;2;1;1
202400033609;155 722 570;1;0;2;4;19;5
202400033610;155 722 566;10;0;2;2;15;1
202400033610;155 722 569;33;0;2;2;15;1
202400033611;155 722 562;7;0;2;3;1;1
202400033611;155 722 564;7;9;2;2;19;1
202400033612;155 722 561;7;0;1;1;17;1
202400033613;155 722 560;50;0;1;1;1;3
202400033614;155 722 559;7;0;2;1;2;1
202400033614;155 722 563;13;0;0;4;2;1
202400033615;155 722 557;7;0;1;4;4;1
202400033616;155 722 555;7;0;2;3;9;1
202400033616;155 722 558;1;0;2;7;1;5
202400033617;155 722 552;10;0;2;8;15;1
202400033617;155 722 556;7;0;2;3;1;1
202400033618;155 722 553;7;8;2;8;1;1
202400033618;155 722 554;7;0;2;1;1;1
202400033619;155 722 548;14;0;0;0;0;0
202400033619;155 722 550;7;0;2;8;1;1
202400033620;155 722 549;1;0;2;1;19;5
202400033620;155 722 551;7;0;2;6;1;1
202400033621;155 722 546;7;4;0;1;1;1
202400033622;155 722 545;7;0;2;3;1;1
202400033622;155 722 547;7;0;2;1;1;1
202400033623;155 722 543;33;0;2;1;1;1
202400033624;155 722 542;7;0;2;1;13;1
202400033624;155 722 544;7;0;2;1;21;1
202400033625;155 722 538;7;0;2;1;16;1
202400033625;155 722 541;1;0;2;8;19;5
202400033626;155 722 535;7;3;2;1;1;1
202400033626;155 722 539;7;0;2;1;2;1
202400033627;155 722 536;7;0;2;1;13;1
202400033627;155 722 537;7;0;2;1;1;1
202400033628;155 722 534;7;8;2;2;1;1
202400033628;155 722 540;7;8;2;3;1;1
202400033629;155 722 530;10;0;2;2;16;1
202400033629;155 722 533;80;0;2;3;1;3
202400033630;155 722 529;33;0;2;3;13;1
202400033630;155 722 531;10;0;2;8;21;1
202400033631;155 722 528;2;14;0;1;1;1
202400033632;155 722 527;7;13;0;0;1;0
202400033633;155 722 524;7;2;2;1;13;1
202400033634;155 722 525;33;11;0;1;13;1
202400033635;155 722 522;32;0;0;0;14;2
202400033636;155 722 523;7;0;2;1;1;1
202400033636;155 722 526;2;0;2;1;11;1
202400033637;155 722 520;7;4;0;0;1;1
202400033638;155 722 519;10;16;0;9;13;1
202400033639;155 722 515;7;0;2;1;0;0
202400033639;155 722 517;7;0;2;4;1;1
202400033640;155 722 516;7;0;2;4;1;1
202400033640;155 722 518;7;0;2;1;2;1
202400033640;155 722 521;7;0;2;4;1;2
202400033641;155 722 513;34;0;2;1;1;1
202400033641;155 722 514;7;0;2;6;1;1
202400033642;155 722 510;1;0;0;0;1;5
202400033643;155 722 509;7;0;2;6;2;1
202400033643;155 722 511;7;0;2;1;2;1
202400033644;155 722 507;7;0;2;1;2;1
202400033644;155 722 512;7;0;2;4;2;1
202400033645;155 722 506;7;2;2;7;20;1
202400033645;155 722 508;1;0;2;1;1;5
202400033646;155 722 504;7;0;2;5;15;1
202400033646;155 722 505;50;0;2;1;17;3
202400033647;155 722 503;7;6;0;8;1;1
202400033648;155 722 500;2;0;0;0;0;1
202400033649;155 722 499;7;0;2;3;1;2
202400033649;155 722 502;7;0;2;3;13;1
202400033650;155 722 498;7;0;2;2;1;1
202400033650;155 722 501;7;0;2;6;15;1
202400033651;155 722 494;7;0;1;6;4;1
202400033652;155 722 493;1;0;2;3;1;5
202400033652;155 722 496;7;0;0;3;15;1
202400033653;155 722 489;7;0;2;3;23;1
202400033653;155 722 491;1;0;2;7;2;5
202400033654;155 722 488;1;0;2;2;1;5
202400033654;155 722 490;7;0;2;1;15;1
202400033655;155 722 492;7;0;2;7;1;1
202400033655;155 722 497;7;0;2;1;15;1
202400033656;155 722 487;7;8;0;1;14;1
202400033657;155 722 486;7;0;2;7;10;1
202400033657;155 722 495;31;0;2;1;1;1
202400033658;155 722 482;1;0;2;2;1;5
202400033658;155 722 485;7;0;2;2;9;1
202400033659;155 722 480;33;13;0;8;2;1
202400033660;155 722 481;7;0;0;6;21;0
202400033660;155 722 484;31;0;2;1;17;0
202400033661;155 722 479;33;0;1;1;1;1
202400033662;155 722 476;7;0;2;1;1;1
202400033662;155 722 478;7;0;0;0;0;1
202400033662;155 722 483;7;0;0;4;1;2
202400033663;155 722 474;7;0;1;2;2;1
202400033664;155 722 472;7;0;2;4;15;1
202400033664;155 722 477;7;0;2;1;1;1
202400033665;155 722 473;7;0;2;3;2;1
202400033665;155 722 475;7;0;2;3;1;1
202400033666;155 722 469;7;8;0;1;14;1
202400033667;155 722 468;7;0;2;3;17;1
202400033667;155 722 471;7;0;2;3;1;1
202400033668;155 722 466;33;14;2;2;3;1
202400033668;155 722 470;7;14;2;3;13;1
202400033669;155 722 463;10;0;2;3;2;1
202400033669;155 722 464;7;0;2;4;2;1
202400033669;155 722 467;7;0;2;4;2;1
202400033670;155 722 461;30;0;0;0;0;1
202400033671;155 722 460;7;0;0;4;23;1
202400033671;155 722 465;7;0;2;1;1;1
202400033672;155 722 459;7;0;1;1;1;2
202400033673;155 722 458;7;11;0;3;13;1
202400033674;155 722 456;7;13;0;8;13;1
202400033675;155 722 457;7;0;2;8;15;1
202400033675;155 722 462;43;0;2;1;17;1
202400033676;155 722 454;7;0;1;3;15;1
202400033677;155 722 451;7;8;0;1;0;1
202400033678;155 722 452;7;2;0;7;1;1
202400033679;155 722 450;7;0;2;5;15;1
202400033679;155 722 455;32;0;2;3;2;1
202400033680;155 722 448;7;0;2;3;1;1
202400033680;155 722 453;7;0;2;1;26;1
202400033681;155 722 444;30;0;2;2;17;1
202400033681;155 722 449;7;0;2;8;0;3
202400033682;155 722 441;1;0;2;0;1;5
202400033682;155 722 445;7;0;9;8;15;1
202400033683;155 722 443;7;0;2;7;1;1
202400033683;155 722 447;2;0;2;1;1;1
202400033684;155 722 442;20;0;0;6;15;1
202400033684;155 722 446;7;0;2;2;17;1
202400033685;155 722 436;7;13;0;9;1;1
202400033686;155 722 438;7;0;2;5;1;1
202400033686;155 722 440;2;0;2;1;9;1
202400033687;155 722 432;10;0;1;7;2;1
202400033688;155 722 434;7;0;2;1;15;2
202400033688;155 722 437;1;0;2;3;1;5
202400033689;155 722 428;1;0;0;1;1;5
202400033690;155 722 429;15;0;2;4;2;1
202400033690;155 722 430;10;3;2;1;2;1
202400033691;155 722 422;7;0;2;8;23;1
202400033691;155 722 425;32;0;2;1;17;1
202400033691;155 722 427;7;0;2;1;1;1
202400033692;155 722 421;33;0;2;7;3;1
202400033692;155 722 424;7;0;2;2;1;1
202400033692;155 722 426;7;0;2;1;1;1
202400033693;155 722 419;2;0;2;1;1;1
202400033693;155 722 423;7;0;0;4;15;1
202400033694;155 722 417;33;0;2;1;2;1
202400033694;155 722 420;7;0;2;4;1;1
202400033695;155 722 416;7;0;1;1;0;1
202400033696;155 722 418;7;0;1;1;1;1
202400033697;155 722 415;7;0;0;1;1;1
202400033698;155 722 414;7;16;0;0;17;1
202400033699;155 722 412;7;0;2;2;19;1
202400033699;155 722 413;32;0;2;5;17;1
202400033700;155 722 409;10;0;1;2;0;1
202400033701;155 722 407;7;2;0;7;1;1
202400033702;155 722 406;7;0;2;2;1;1
202400033702;155 722 410;7;0;2;1;1;1
202400033703;155 722 405;7;8;0;0;14;1
202400033704;155 722 404;7;0;1;1;15;1
202400033705;155 722 401;7;0;2;0;0;0
202400033705;155 722 402;7;0;2;4;0;1
202400033706;155 722 399;7;0;2;2;15;1
202400033706;155 722 403;33;0;2;1;1;1
202400033707;155 722 396;7;0;1;1;0;1
202400033708;155 722 397;7;0;2;3;2;1
202400033708;155 722 400;33;0;2;4;2;1
202400033709;155 722 395;7;0;2;8;0;1
202400033709;155 722 398;7;0;2;1;1;1
202400033710;155 722 394;7;0;1;3;1;1
202400033711;155 722 393;7;3;0;1;2;1
202400033712;155 722 392;7;0;0;3;13;1
202400033713;155 722 391;7;0;1;2;1;1
202400033714;155 722 390;7;0;1;1;1;1
202400033715;155 722 387;7;0;2;5;2;1
202400033715;155 722 389;7;0;2;1;2;1
202400033716;155 722 386;10;0;1;3;2;1
202400033717;155 722 384;2;0;2;3;9;1
202400033717;155 722 388;10;0;2;1;1;1
202400033718;155 722 383;7;2;0;5;14;1
202400033719;155 722 382;7;0;2;8;22;1
202400033719;155 722 385;1;0;2;7;1;5
202400033720;155 722 375;7;0;2;1;9;0
202400033720;155 722 381;1;0;2;7;1;5
202400033721;155 722 374;7;0;2;3;0;1
202400033721;155 722 380;7;0;2;3;0;1
202400033722;155 722 373;34;0;2;2;1;1
202400033722;155 722 378;7;0;2;6;16;1
202400033723;155 722 377;33;0;2;1;1;1
202400033723;155 722 379;10;0;2;1;15;1
202400033724;155 722 372;10;0;2;8;10;1
202400033724;155 722 376;30;0;2;2;17;1
202400033725;155 722 368;7;0;2;2;1;1
202400033725;155 722 371;0;0;2;5;12;
202400033726;155 722 366;7;0;1;1;16;1
202400033727;155 722 364;17;0;0;5;1;1
202400033727;155 722 367;17;0;2;2;1;0
202400033727;155 722 369;15;0;0;4;1;0
202400033728;155 722 361;7;14;0;1;6;1
202400033729;155 722 363;7;0;2;9;13;1
202400033729;155 722 365;7;13;2;3;1;1
202400033729;155 722 370;7;0;2;1;1;1
202400033730;155 722 360;7;0;1;2;15;2
202400033731;155 722 358;7;0;0;0;9;0
202400033731;155 722 359;32;0;0;0;1;1
202400033732;155 722 355;7;0;1;1;1;1
202400033733;155 722 354;40;0;9;2;1;3
202400033733;155 722 357;1;0;4;3;15;5
202400033734;155 722 353;7;6;2;5;4;1
202400033734;155 722 356;7;0;2;2;1;1
202400033735;155 722 350;10;0;9;2;2;0
202400033735;155 722 351;1;0;0;8;2;5
202400033736;155 722 349;33;0;2;1;18;1
202400033736;155 722 352;7;0;2;7;15;1
202400033737;155 722 345;30;0;2;4;0;3
202400033737;155 722 348;7;0;2;1;1;1
202400033738;155 722 343;33;3;9;4;2;1
202400033738;155 722 346;7;0;0;1;11;1
202400033739;155 722 344;7;14;0;1;21;1
202400033739;155 722 347;7;0;0;6;2;1
202400033740;155 722 340;7;0;2;1;13;1
202400033740;155 722 341;7;0;2;1;1;1
202400033741;155 722 339;10;0;2;8;15;1
202400033741;155 722 342;33;0;2;1;3;0
202400033742;155 722 338;33;2;0;9;1;1
202400033743;155 722 337;7;0;1;7;1;1
202400033744;155 722 334;7;0;1;4;4;1
202400033745;155 722 336;7;0;1;1;1;0
202400033746;155 722 333;7;0;2;7;15;1
202400033746;155 722 335;33;0;2;1;0;1
202400033747;155 722 331;7;15;0;3;13;1
202400033748;155 722 328;1;0;2;8;1;5
202400033748;155 722 330;14;0;2;7;1;1
202400033749;155 722 327;50;0;0;8;25;3
202400033750;155 722 323;7;0;2;3;15;1
202400033750;155 722 325;7;0;2;8;1;1
202400033751;155 722 319;21;0;2;4;1;1
202400033751;155 722 321;7;0;2;4;23;1
202400033752;155 722 320;7;0;2;2;1;1
202400033752;155 722 324;7;0;2;3;16;3
202400033753;155 722 318;3;0;2;1;9;1
202400033753;155 722 322;7;0;2;3;1;1
202400033754;155 722 317;7;0;1;6;4;1
202400033755;155 722 315;30;0;2;1;11;1
202400033755;155 722 316;7;0;2;1;1;3
202400033756;155 722 314;7;2;0;1;0;1
202400033757;155 722 313;38;0;1;1;1;1
202400033758;155 722 312;10;2;0;2;0;1
202400033759;155 722 309;7;16;2;8;15;1
202400033759;155 722 311;10;0;2;1;11;1
202400033760;155 722 305;7;0;2;3;16;2
202400033760;155 722 307;1;0;2;7;16;5
202400033761;155 722 304;7;0;2;1;13;1
202400033761;155 722 308;7;0;2;1;1;1
202400033761;155 722 310;7;0;2;1;1;1
202400033762;155 722 306;7;15;0;2;14;1
202400033763;155 722 302;7;0;2;1;0;1
202400033763;155 722 303;50;0;2;0;0;3
202400033764;155 722 298;7;0;2;4;4;1
202400033764;155 722 300;15;0;2;1;2;0
202400033765;155 722 299;7;0;2;6;11;1
202400033765;155 722 301;33;0;2;7;1;1
202400033766;155 722 297;7;0;1;1;16;1
202400033767;155 722 296;7;2;0;1;1;1
202400033768;155 722 291;7;0;2;1;16;1
202400033768;155 722 295;50;0;2;1;1;3
202400033769;155 722 290;34;0;2;6;1;1
202400033769;155 722 293;7;0;2;2;16;1
202400033770;155 722 289;10;0;0;0;15;1
202400033770;155 722 294;33;0;0;0;21;1
202400033771;155 722 287;7;1;0;8;1;1
202400033772;155 722 286;31;0;0;0;1;1
202400033773;155 722 284;7;1;0;9;1;1
202400033774;155 722 283;1;0;2;3;1;5
202400033774;155 722 285;15;0;2;5;1;1
202400033775;155 722 282;40;0;1;2;1;3
202400033776;155 722 281;50;0;1;1;1;3
202400033777;155 722 278;15;0;2;7;12;1
202400033777;155 722 280;7;0;2;8;2;2
202400033778;155 722 279;34;0;0;2;1;1
202400033779;155 722 276;7;0;2;7;16;1
202400033779;155 722 277;1;12;2;1;1;5
202400033780;155 722 274;7;0;2;4;2;1
202400033780;155 722 275;7;0;2;1;2;1
202400033781;155 722 270;7;0;2;2;12;1
202400033781;155 722 273;32;0;2;1;3;1
202400033782;155 722 266;33;0;2;1;1;1
202400033782;155 722 268;7;0;2;5;14;1
202400033783;155 722 267;7;0;2;3;2;1
202400033783;155 722 271;33;0;2;5;15;1
202400033784;155 722 265;7;0;0;3;23;1
202400033784;155 722 269;7;0;0;1;1;1
202400033784;155 722 272;7;0;0;2;2;1
202400033785;155 722 264;1;0;1;7;1;5
202400033786;155 722 263;7;8;0;1;2;1
202400033787;155 722 261;33;0;2;8;1;1
202400033787;155 722 262;7;0;2;7;12;2
202400033788;155 722 257;1;0;2;8;1;5
202400033788;155 722 260;7;0;2;1;15;1
202400033789;155 722 255;33;1;9;1;1;1
202400033789;155 722 256;15;9;2;8;1;1
202400033790;155 722 253;80;0;2;2;17;3
202400033790;155 722 259;50;0;2;3;15;3
202400033791;155 722 254;33;0;2;1;1;1
202400033791;155 722 258;10;0;2;3;9;1
202400033792;155 722 252;14;6;0;3;1;1
202400033793;155 722 248;33;16;0;7;0;0
202400033794;155 722 247;7;0;2;3;15;1
202400033794;155 722 250;33;0;2;2;17;1
202400033795;155 722 249;2;0;2;0;11;1
202400033795;155 722 251;33;0;2;1;1;1
202400033796;155 722 246;80;0;1;1;1;3
202400033797;155 722 242;43;0;1;1;17;1
202400033798;155 722 241;7;0;2;4;2;1
202400033798;155 722 245;33;0;2;1;1;1
202400033799;155 722 240;7;0;2;1;1;2
202400033799;155 722 244;1;0;2;7;1;5
202400033800;155 722 239;30;0;2;5;15;1
202400033800;155 722 243;7;0;2;3;9;1
202400033801;155 722 237;7;0;2;0;0;0
202400033801;155 722 238;80;0;2;0;1;3
202400033802;155 722 236;7;0;1;1;1;1
202400033803;155 722 235;14;0;1;2;1;1
202400033804;155 722 232;7;0;1;2;1;1
202400033805;155 722 230;7;0;2;3;15;0
202400033805;155 722 234;33;0;2;1;17;1
202400033806;155 722 231;7;0;2;3;15;2
202400033806;155 722 233;2;0;2;2;17;1
202400033807;155 722 228;7;0;2;3;13;1
202400033807;155 722 229;7;0;2;3;1;1
202400033808;155 722 224;50;0;1;0;1;3
202400033809;155 722 225;7;0;2;8;24;1
202400033809;155 722 227;50;0;2;7;1;3
202400033810;155 722 223;7;0;2;1;2;1
202400033810;155 722 226;7;0;2;4;2;1
202400033811;155 722 222;7;0;1;3;15;1
202400033812;155 722 218;50;0;0;;1;3
202400033813;155 722 219;33;0;2;2;10;1
202400033813;155 722 221;33;0;2;1;1;1
202400033814;155 722 217;33;0;2;2;12;1
202400033814;155 722 220;10;0;0;6;1;1
202400033815;155 722 215;7;0;2;1;1;1
202400033815;155 722 216;1;0;2;4;1;5
202400033816;155 722 212;1;0;1;1;1;5
202400033817;155 722 211;7;0;2;3;13;1
202400033817;155 722 213;15;0;2;2;1;1
202400033818;155 722 209;7;0;1;1;0;1
202400033819;155 722 206;7;0;2;1;1;2
202400033819;155 722 208;50;0;2;8;1;3
202400033820;155 722 210;7;0;2;3;15;1
202400033820;155 722 214;33;0;2;7;1;1
202400033821;155 722 203;50;0;2;2;1;3
202400033821;155 722 205;7;0;2;1;1;3
202400033822;155 722 202;7;0;2;1;2;1
202400033822;155 722 204;10;0;2;5;12;1
202400033822;155 722 207;33;0;2;1;3;1
202400033823;155 722 199;33;0;2;6;3;1
202400033823;155 722 201;7;0;2;2;2;1
202400033824;155 722 195;37;0;2;3;26;1
202400033824;155 722 197;7;0;2;4;23;1
202400033824;155 722 200;7;0;2;4;23;2
202400033825;155 722 194;7;4;0;9;2;1
202400033826;155 722 193;7;0;2;3;1;1
202400033826;155 722 196;7;0;2;3;23;0
202400033826;155 722 198;1;0;2;8;19;5
202400033827;155 722 191;7;0;0;7;1;1
202400033828;155 722 190;13;0;2;3;13;1
202400033828;155 722 192;7;0;2;2;1;1
202400033829;155 722 189;7;0;1;1;0;0
202400033830;155 722 185;43;0;1;3;1;1
202400033831;155 722 182;10;0;2;4;2;1
202400033831;155 722 186;7;0;2;1;2;2
202400033831;155 722 188;10;0;2;4;2;2
202400033832;155 722 181;7;0;2;1;1;1
202400033832;155 722 184;1;0;2;8;19;5
202400033833;155 722 180;7;14;0;1;1;0
202400033834;155 722 178;7;13;0;1;1;1
202400033835;155 722 183;7;0;2;1;1;1
202400033835;155 722 187;2;0;1;1;1;1
202400033836;155 722 179;31;0;0;0;1;1
202400033837;155 722 176;32;1;2;1;1;1
202400033837;155 722 177;7;1;2;3;9;1
202400033838;155 722 173;7;4;2;2;12;1
202400033838;155 722 175;7;0;2;9;1;1
202400033839;155 722 172;7;1;0;4;20;1
202400033840;155 722 171;37;0;1;1;1;1
202400033841;155 722 167;33;0;2;1;3;1
202400033841;155 722 170;7;0;2;4;11;1
202400033842;155 722 164;33;0;2;7;15;1
202400033842;155 722 166;7;0;2;3;1;1
202400033843;155 722 169;7;0;2;1;2;1
202400033843;155 722 174;7;0;2;4;2;1
202400033844;155 722 158;31;0;2;2;0;1
202400033844;155 722 161;7;0;2;8;15;1
202400033845;155 722 156;7;0;2;1;12;1
202400033845;155 722 160;7;0;2;4;1;3
202400033845;155 722 163;10;0;2;4;1;1
202400033846;155 722 154;7;0;2;3;15;1
202400033846;155 722 159;1;0;2;1;1;5
202400033846;155 722 162;7;0;2;1;1;1
202400033847;155 722 155;7;0;2;1;1;1
202400033847;155 722 157;7;0;2;4;2;1
202400033848;155 722 153;37;1;1;0;0;1
202400033849;155 722 152;33;4;0;1;16;1
202400033850;155 722 150;7;0;1;1;1;1
202400033851;155 722 147;1;0;2;2;1;5
202400033851;155 722 151;7;0;2;3;1;1
202400033852;155 722 145;10;0;2;4;1;1
202400033852;155 722 148;99;0;2;1;1;1
202400033853;155 722 144;7;0;2;4;1;1
202400033853;155 722 146;7;0;2;3;0;1
202400033853;155 722 149;33;0;2;7;3;1
202400033854;155 722 141;1;1;2;1;1;5
202400033854;155 722 143;10;0;2;6;24;1
202400033855;155 722 140;15;0;1;2;2;1
202400033856;155 722 139;1;0;2;0;0;5
202400033856;155 722 142;7;0;2;4;16;1
202400033857;155 722 138;10;2;0;2;1;1
202400033858;155 722 136;7;0;1;1;1;1
202400033859;155 722 135;7;2;0;2;1;1
202400033860;155 722 134;10;15;2;7;1;1
202400033860;155 722 137;7;0;2;1;1;1
202400033861;155 722 133;7;0;1;1;15;1
202400033862;155 722 130;7;0;1;3;1;1
202400033863;155 722 131;7;0;1;2;17;1
202400033864;155 722 129;30;0;2;1;5;1
202400033864;155 722 132;7;0;2;1;2;1
202400033865;155 722 128;2;13;0;9;0;1
202400033866;155 722 125;7;0;2;1;26;1
202400033866;155 722 127;33;0;2;1;1;1
202400033867;155 722 124;7;1;2;3;13;3
202400033867;155 722 126;1;1;2;0;1;5
202400033868;155 722 120;2;0;2;0;0;1
202400033868;155 722 123;7;0;2;1;0;1
202400033869;155 722 121;7;0;2;3;1;1
202400033869;155 722 122;33;0;2;1;1;1
202400033870;155 722 114;7;0;2;4;23;1
202400033870;155 722 117;7;0;2;1;1;1
202400033871;155 722 113;7;0;2;1;5;1
202400033871;155 722 116;7;0;2;1;1;1
202400033871;155 722 118;7;0;2;6;24;1
202400033871;155 722 119;7;0;2;8;1;2
202400033872;155 722 112;10;0;2;1;1;1
202400033872;155 722 115;37;0;2;4;1;1
202400033873;155 722 111;7;6;0;1;2;1
202400033874;155 722 106;32;0;2;4;23;1
202400033874;155 722 110;7;0;2;1;2;1
202400033875;155 722 105;7;0;2;1;13;1
202400033875;155 722 108;10;0;2;1;13;3
202400033876;155 722 103;7;0;9;2;15;1
202400033876;155 722 107;1;0;2;1;1;5
202400033877;155 722 104;15;0;2;6;1;1
202400033877;155 722 109;17;0;2;3;14;1
202400033878;155 722 102;34;1;0;1;0;1
202400033879;155 722 098;17;0;0;6;2;1
202400033879;155 722 101;7;0;2;2;2;1
202400033880;155 722 099;2;1;0;1;25;1
202400033881;155 722 097;50;0;2;1;16;3
202400033881;155 722 100;7;0;2;1;1;1
202400033882;155 722 094;7;6;1;1;20;1
202400033883;155 722 092;2;0;2;1;2;1
202400033883;155 722 096;7;0;2;4;16;1
202400033884;155 722 091;33;2;0;1;2;1
202400033885;155 722 090;7;0;2;1;13;1
202400033885;155 722 093;7;0;2;6;1;4
202400033885;155 722 095;10;0;2;3;1;1
202400033886;155 722 089;7;15;0;1;0;1
202400033887;155 722 088;7;0;1;2;15;0
202400033888;155 722 086;30;0;2;1;1;3
202400033888;155 722 087;7;0;2;8;19;3
202400033889;155 722 085;7;6;0;1;1;1
202400033890;155 722 083;33;0;2;4;26;1
202400033890;155 722 084;30;0;0;5;13;1
202400033891;155 722 081;13;0;2;3;0;1
202400033891;155 722 082;33;0;2;0;0;1
202400033892;155 722 080;7;9;2;1;13;1
202400033893;155 722 079;7;0;1;1;21;2
202400033894;155 722 077;2;12;2;7;1;3
202400033895;155 722 076;7;0;2;2;16;1
202400033895;155 722 078;1;0;2;1;18;5
202400033896;155 722 073;34;0;2;4;23;1
202400033896;155 722 075;7;0;2;1;2;1
202400033897;155 722 072;7;0;2;5;1;
202400033897;155 722 074;30;0;2;1;2;1
202400033898;155 722 071;30;0;0;0;26;3
202400033899;155 722 068;7;0;2;3;0;1
202400033899;155 722 070;38;0;2;2;1;1
202400033900;155 722 067;7;0;2;5;15;1
202400033900;155 722 069;32;0;2;1;1;1
202400033901;155 722 062;10;0;2;1;12;1
202400033901;155 722 064;31;0;2;6;1;3
202400033901;155 722 066;7;0;2;6;2;1
202400033902;155 722 063;10;0;2;3;9;1
202400033902;155 722 065;33;0;2;2;1;1
202400033903;155 722 061;33;0;0;9;1;1
202400033904;155 722 059;10;12;0;1;5;0
202400033904;155 722 060;31;12;2;1;1;0
202400033905;155 722 056;33;0;2;3;17;1
202400033905;155 722 058;7;0;2;3;1;1
202400033906;155 722 057;33;1;0;7;1;1
202400033907;155 722 055;33;0;0;0;26;1
202400033908;155 722 053;7;0;2;1;19;2
202400033908;155 722 054;7;0;2;8;1;1
202400033909;155 722 052;2;0;0;3;1;1
202400033910;155 722 047;7;0;2;1;13;1