Num_Acc;id_vehicule;categorie_vehicule;obstacle_fixe;obstacle_mobile;point_choc_initial;manoeuvre_principale;motorisation
202400034248;155 721 444;13;0;2;3;1;1
202400034249;155 721 439;7;0;2;3;1;1
202400034249;155 721 441;7;0;2;3;17;1
202400034250;155 721 438;7;0;2;3;1;1
202400034250;155 721 440;2;0;2;1;17;1
202400034251;155 721 436;10;0;9;2;0;0
202400034251;155 721 437;1;13;0;0;2;5
202400034252;155 721 434;33;7;2;3;13;1
202400034252;155 721 435;7;0;2;2;1;1
202400034253;155 721 432;7;0;9;3;1;1
202400034253;155 721 433;1;0;2;3;13;5
202400034254;155 721 431;7;0;1;1;0;1
202400034255;155 721 429;7;0;2;4;26;1
202400034255;155 721 430;43;0;2;1;2;1
202400034256;155 721 425;7;0;2;5;1;1
202400034256;155 721 427;33;0;2;3;3;1
202400034257;155 721 423;31;0;0;7;1;1
202400034258;155 721 422;7;0;1;7;1;1
202400034259;155 721 420;7;0;2;1;1;1
202400034259;155 721 421;14;0;2;0;0;1
202400034260;155 721 416;33;0;2;1;1;1
202400034260;155 721 418;7;0;2;4;1;1
202400034261;155 721 417;10;0;2;2;1;2
202400034261;155 721 419;10;0;2;1;26;0
202400034262;155 721 413;7;8;2;4;2;1
202400034262;155 721 415;7;0;2;1;2;1
202400034263;155 721 410;7;0;2;4;2;2
202400034263;155 721 411;7;0;2;4;2;1
202400034263;155 721 412;7;0;2;4;2;1
202400034263;155 721 414;7;0;2;1;21;1
202400034264;155 721 409;7;0;1;1;1;1
202400034265;155 721 407;7;0;2;2;11;1
202400034265;155 721 408;33;0;2;7;3;1
202400034266;155 721 405;7;0;2;3;11;1
202400034266;155 721 406;32;0;2;7;17;1
202400034267;155 721 404;7;0;2;8;1;1
202400034268;155 721 402;7;0;2;4;0;1
202400034268;155 721 403;43;0;2;1;0;1
202400034269;155 721 398;7;8;2;3;1;1
202400034269;155 721 400;7;0;2;3;15;1
202400034269;155 721 401;1;9;0;0;0;5
202400034270;155 721 397;10;0;2;4;2;1
202400034270;155 721 399;7;0;2;1;2;1
202400034271;155 721 395;33;0;2;1;2;1
202400034271;155 721 396;7;0;2;6;1;2
202400034272;155 721 392;33;0;2;8;1;1
202400034272;155 721 394;7;0;2;1;15;1
202400034273;155 721 390;33;0;2;1;1;1
202400034273;155 721 391;33;0;2;4;1;1
202400034273;155 721 393;15;0;2;6;1;1
202400034274;155 721 387;10;0;2;6;1;1
202400034274;155 721 389;33;0;2;1;2;1
202400034275;155 721 386;7;0;2;6;15;1
202400034275;155 721 388;33;0;2;6;17;1
202400034276;155 721 383;10;0;2;4;1;1
202400034276;155 721 384;43;0;2;6;3;1
202400034276;155 721 385;10;0;2;3;14;1
202400034277;155 721 382;30;0;1;1;1;1
202400034278;155 721 379;33;0;2;7;3;1
202400034278;155 721 380;7;0;2;6;2;3
202400034279;155 721 378;33;0;2;1;1;1
202400034279;155 721 381;7;0;2;2;19;1
202400034280;155 721 376;33;0;0;8;15;1
202400034281;155 721 375;37;0;2;3;1;1
202400034281;155 721 377;7;0;2;1;13;1
202400034282;155 721 374;7;0;1;1;2;1
202400034283;155 721 372;7;0;2;1;1;3
202400034283;155 721 373;50;0;0;0;0;3
202400034284;155 721 369;7;0;2;3;1;1
202400034284;155 721 371;7;0;2;3;14;1
202400034285;155 721 367;7;0;1;2;1;1
202400034286;155 721 366;30;0;2;4;1;1
202400034286;155 721 368;7;0;9;1;1;1
202400034287;155 721 362;50;0;2;8;19;3
202400034287;155 721 364;7;0;2;0;2;1
202400034288;155 721 361;7;0;2;4;23;1
202400034288;155 721 363;7;0;2;4;23;1
202400034288;155 721 365;7;0;2;1;2;2
202400034289;155 721 357;7;0;2;3;13;1
202400034289;155 721 359;7;0;2;3;1;1
202400034290;155 721 353;33;0;2;1;1;1
202400034290;155 721 355;7;0;0;4;15;1
202400034291;155 721 354;50;0;2;1;1;3
202400034291;155 721 356;7;0;9;2;16;1
202400034292;155 721 352;50;1;0;1;1;3
202400034293;155 721 351;31;13;0;3;1;1
202400034294;155 721 350;7;0;2;2;1;1
202400034295;155 721 348;7;0;2;2;11;1
202400034295;155 721 349;7;0;2;4;1;1
202400034296;155 721 346;7;0;2;3;15;1
202400034296;155 721 347;32;0;2;2;17;1
202400034297;155 721 345;7;0;1;1;2;2
202400034298;155 721 344;50;0;1;1;25;3
202400034299;155 721 340;1;0;2;3;19;5
202400034299;155 721 342;1;0;2;0;0;5
202400034299;155 721 343;7;0;2;1;1;0
202400034300;155 721 339;7;0;2;2;1;1
202400034300;155 721 341;7;0;2;3;19;1
202400034301;155 721 337;7;0;1;1;1;1
202400034302;155 721 334;7;0;2;1;9;1
202400034302;155 721 335;10;0;2;7;9;1
202400034303;155 721 336;7;0;2;1;15;1
202400034303;155 721 338;7;0;2;6;15;2
202400034304;155 721 332;34;0;2;1;12;1
202400034304;155 721 333;10;0;2;5;1;1
202400034305;155 721 330;37;1;2;7;17;1
202400034305;155 721 331;37;0;2;6;23;1
202400034306;155 721 329;10;0;1;4;20;1
202400034307;155 721 326;1;0;2;3;15;5
202400034307;155 721 327;80;0;2;1;1;3
202400034308;155 721 324;1;0;2;8;13;5
202400034308;155 721 325;30;0;2;8;1;3
202400034309;155 721 323;31;0;2;1;17;1
202400034309;155 721 328;7;0;2;8;15;1
202400034310;155 721 321;1;0;2;6;2;5
202400034310;155 721 322;7;0;2;2;2;0
202400034311;155 721 318;10;0;2;1;19;1
202400034311;155 721 319;33;0;2;7;1;1
202400034312;155 721 315;7;0;2;3;16;1
202400034312;155 721 317;50;0;2;1;25;3
202400034313;155 721 313;33;1;1;1;1;1
202400034314;155 721 314;10;0;2;2;15;1
202400034314;155 721 316;33;0;2;7;1;1
202400034315;155 721 312;33;4;0;2;1;1
202400034316;155 721 310;7;0;2;3;1;2
202400034316;155 721 311;1;0;2;1;1;5
202400034317;155 721 308;7;0;2;1;13;0
202400034317;155 721 309;0;0;2;0;26;0
202400034318;155 721 306;7;0;2;2;19;1
202400034318;155 721 307;7;0;2;1;15;1
202400034319;155 721 305;7;1;1;3;15;1
202400034320;155 721 303;7;0;2;2;1;2
202400034320;155 721 304;50;8;0;3;13;3
202400034321;155 721 301;50;0;2;1;1;3
202400034321;155 721 302;7;0;2;2;20;1
202400034322;155 721 300;7;2;0;1;2;2
202400034323;155 721 299;14;0;1;2;15;1
202400034324;155 721 297;14;0;0;7;0;0
202400034324;155 721 298;7;0;0;8;0;0
202400034325;155 721 295;7;0;2;3;15;0
202400034325;155 721 296;43;0;2;3;1;1
202400034326;155 721 294;7;0;1;3;1;1
202400034327;155 721 293;10;0;1;1;0;3
202400034328;155 721 289;7;0;2;1;1;1
202400034328;155 721 290;7;0;2;4;23;1
202400034328;155 721 291;7;0;2;4;23;1
202400034328;155 721 292;7;0;2;4;23;1
202400034329;155 721 287;7;0;2;2;0;1
202400034329;155 721 288;7;8;2;0;1;1
202400034330;155 721 286;60;14;0;1;25;5
202400034331;155 721 284;7;0;2;1;2;1
202400034331;155 721 285;7;0;2;4;2;3
202400034332;155 721 282;7;0;2;7;16;1
202400034332;155 721 283;32;0;2;1;1;1
202400034333;155 721 281;7;0;1;3;1;2
202400034334;155 721 279;34;0;2;8;1;1
202400034334;155 721 280;7;0;2;2;23;1
202400034335;155 721 277;7;0;2;4;1;2
202400034335;155 721 278;30;0;2;1;1;3
202400034336;155 721 276;33;0;1;8;0;1
202400034337;155 721 274;7;0;0;8;10;1
202400034337;155 721 275;7;0;2;2;21;1
202400034338;155 721 273;2;1;0;1;17;1
202400034339;155 721 272;2;13;0;7;2;1
202400034340;155 721 270;7;0;2;3;1;1
202400034340;155 721 271;1;0;2;8;19;5
202400034341;155 721 269;33;0;6;8;1;1
202400034342;155 721 268;7;13;0;1;1;1
202400034343;155 721 266;7;0;2;2;15;1
202400034343;155 721 267;2;0;2;1;1;1
202400034344;155 721 265;14;0;0;0;1;1
202400034345;155 721 263;7;0;2;7;15;1
202400034345;155 721 264;33;0;2;1;1;1
202400034346;155 721 262;2;6;0;1;1;1
202400034347;155 721 261;7;4;0;3;1;1
202400034348;155 721 259;7;0;2;8;1;1
202400034348;155 721 260;7;8;2;3;13;2
202400034349;155 721 258;34;0;0;8;15;1
202400034350;155 721 257;7;0;0;9;0;1
202400034351;155 721 256;7;13;0;3;1;1
202400034352;155 721 254;1;0;2;0;0;5
202400034352;155 721 255;15;0;0;3;1;1
202400034353;155 721 252;7;0;2;2;17;1
202400034353;155 721 253;7;0;2;8;15;1
202400034354;155 721 250;7;0;2;3;1;1
202400034354;155 721 251;33;0;2;3;1;1
202400034355;155 721 248;7;0;2;1;1;1
202400034355;155 721 249;15;0;0;6;9;1
202400034356;155 721 247;7;15;0;1;1;3
202400034357;155 721 246;33;0;0;3;1;1
202400034358;155 721 245;33;2;0;2;1;1
202400034359;155 721 242;7;12;1;1;20;2
202400034360;155 721 243;7;0;2;8;13;1
202400034360;155 721 244;15;0;2;3;14;1
202400034361;155 721 239;7;0;2;1;1;1
202400034361;155 721 240;7;0;2;1;1;1
202400034362;155 721 238;7;6;2;2;1;1
202400034362;155 721 241;7;0;0;2;15;1
202400034363;155 721 235;33;0;2;8;1;1
202400034363;155 721 236;7;0;2;3;13;1
202400034364;155 721 234;7;15;2;1;19;1
202400034364;155 721 237;30;0;2;1;1;1
202400034365;155 721 233;2;0;9;0;0;1
202400034366;155 721 231;7;0;2;3;15;2
202400034366;155 721 232;33;0;2;1;17;1
202400034367;155 721 228;15;0;2;3;1;0
202400034367;155 721 230;7;0;2;3;5;0
202400034368;155 721 226;33;8;0;1;26;1
202400034369;155 721 222;7;0;2;7;21;1
202400034369;155 721 223;7;0;2;7;13;1
202400034369;155 721 224;7;0;2;1;1;1
202400034370;155 721 225;7;0;9;7;17;1
202400034370;155 721 227;1;0;2;8;11;5
202400034371;155 721 221;7;8;0;1;1;1
202400034372;155 721 218;7;0;2;1;17;1
202400034372;155 721 220;7;0;2;1;1;1
202400034373;155 721 217;7;0;2;4;2;1
202400034373;155 721 219;10;0;2;1;2;3
202400034374;155 721 215;7;0;1;2;2;1
202400034375;155 721 214;7;0;2;7;21;1
202400034375;155 721 216;10;0;2;2;5;1
202400034376;155 721 213;33;0;0;8;1;1
202400034377;155 721 211;7;0;2;1;0;1
202400034377;155 721 212;7;0;0;4;14;1
202400034378;155 721 210;2;13;0;1;26;1
202400034379;155 721 209;2;12;0;0;1;1
202400034380;155 721 208;7;0;1;3;1;1
202400034381;155 721 206;7;0;2;1;1;1
202400034381;155 721 207;7;0;2;1;5;1
202400034382;155 721 202;7;0;2;2;2;1
202400034382;155 721 204;7;0;0;6;23;1
202400034383;155 721 203;10;0;2;1;19;1
202400034383;155 721 205;7;0;2;6;19;1
202400034384;155 721 201;33;3;0;7;1;1
202400034385;155 721 200;7;0;9;1;13;1
202400034386;155 721 196;7;13;0;0;21;1
202400034386;155 721 198;10;0;0;0;15;1
202400034387;155 721 197;7;2;2;2;1;3
202400034387;155 721 199;2;0;0;5;1;1
202400034388;155 721 193;2;0;2;1;19;0
202400034388;155 721 195;7;0;2;8;1;1
202400034389;155 721 192;7;0;2;3;15;1
202400034389;155 721 194;33;0;2;1;1;1
202400034390;155 721 190;10;0;0;1;13;1
202400034390;155 721 191;32;0;9;1;1;1
202400034391;155 721 189;7;6;0;1;1;1
202400034392;155 721 187;50;0;1;8;2;3
202400034393;155 721 184;31;0;9;1;2;1
202400034393;155 721 185;1;0;0;8;2;5
202400034394;155 721 183;7;0;2;4;23;1
202400034394;155 721 186;7;0;2;3;13;1
202400034394;155 721 188;7;0;2;3;1;2
202400034395;155 721 182;7;3;0;3;1;1
202400034396;155 721 179;33;0;2;3;26;1
202400034396;155 721 181;33;0;2;3;26;1
202400034397;155 721 177;10;0;2;2;15;1
202400034397;155 721 178;33;0;2;1;1;1
202400034397;155 721 180;33;0;2;1;1;1
202400034398;155 721 175;7;10;0;3;1;1
202400034399;155 721 174;7;0;2;3;12;1
202400034399;155 721 176;7;0;0;5;1;1
202400034400;155 721 172;15;0;0;8;1;1
202400034400;155 721 173;33;0;2;3;1;1
202400034401;155 721 171;2;0;0;5;26;1
202400034402;155 721 168;33;0;2;2;17;1
202400034402;155 721 170;50;0;2;8;15;3
202400034403;155 721 166;7;0;2;1;13;1
202400034403;155 721 167;7;0;2;3;1;1
202400034404;155 721 160;7;0;2;1;2;1
202400034404;155 721 162;10;0;2;4;2;1
202400034404;155 721 164;7;0;2;4;2;1
202400034404;155 721 165;7;0;0;4;2;1
202400034405;155 721 161;7;0;2;2;9;1
202400034405;155 721 163;2;0;2;1;1;1
202400034406;155 721 157;1;0;2;3;1;5
202400034406;155 721 159;7;0;9;8;1;1
202400034407;155 721 156;7;0;2;1;13;1
202400034407;155 721 158;7;0;2;3;1;1
202400034408;155 721 154;2;0;0;3;1;1
202400034409;155 721 153;7;0;2;3;15;1
202400034409;155 721 155;7;0;2;1;1;1
202400034410;155 721 152;10;2;0;1;14;1
202400034411;155 721 151;10;0;1;5;4;1
202400034412;155 721 150;2;0;0;1;1;1
202400034413;155 721 149;7;2;0;1;14;1
202400034414;155 721 148;7;0;1;3;1;1
202400034415;155 721 146;7;0;0;6;1;1
202400034415;155 721 147;7;2;2;2;2;1
202400034416;155 721 142;7;0;2;2;14;1
202400034416;155 721 144;7;0;2;3;1;1
202400034416;155 721 145;7;0;2;5;12;1
202400034417;155 721 141;33;0;2;1;14;1
202400034417;155 721 143;7;0;2;3;13;1
202400034418;155 721 140;33;0;2;1;3;1
202400034419;155 721 138;10;0;2;6;10;1
202400034419;155 721 139;2;0;2;1;1;1
202400034420;155 721 136;7;0;2;7;12;1
202400034420;155 721 137;33;0;2;8;3;1
202400034421;155 721 133;7;0;2;3;1;1
202400034421;155 721 135;7;2;2;1;17;1
202400034422;155 721 131;10;0;2;1;1;1
202400034422;155 721 132;10;0;2;1;1;1
202400034422;155 721 134;33;0;0;4;23;1
202400034423;155 721 128;10;0;2;3;5;1
202400034423;155 721 130;2;0;2;1;1;1
202400034424;155 721 126;33;0;2;1;3;1
202400034424;155 721 127;7;0;2;2;12;1
202400034424;155 721 129;7;0;2;8;1;1
202400034425;155 721 122;7;0;2;1;2;0
202400034425;155 721 124;7;0;2;4;2;1
202400034425;155 721 125;7;0;2;4;2;1
202400034426;155 721 121;7;4;2;2;21;2
202400034426;155 721 123;7;0;2;4;23;1
202400034427;155 721 118;7;0;2;4;1;1
202400034427;155 721 120;7;0;2;1;14;1
202400034428;155 721 117;15;0;2;1;2;0
202400034428;155 721 119;7;0;2;4;2;1
202400034429;155 721 115;7;0;2;2;12;1
202400034429;155 721 116;17;0;2;6;1;1
202400034430;155 721 113;7;0;2;9;0;1
202400034430;155 721 114;7;0;2;0;0;1
202400034431;155 721 111;33;0;2;8;1;1
202400034431;155 721 112;7;0;2;2;14;1
202400034432;155 721 109;7;3;2;4;23;1
202400034432;155 721 110;7;0;2;1;1;1
202400034433;155 721 108;7;4;2;1;21;1
202400034434;155 721 107;7;4;0;3;26;1
202400034435;155 721 103;7;0;2;3;14;1
202400034435;155 721 105;7;0;2;2;2;2
202400034435;155 721 106;7;0;2;6;1;1
202400034436;155 721 102;7;0;2;4;26;1
202400034436;155 721 104;7;0;2;3;1;1
202400034437;155 721 100;7;0;2;3;1;1
202400034437;155 721 101;10;0;2;6;1;1
202400034438;155 721 099;37;0;1;2;7;1
202400034439;155 721 097;7;0;2;1;1;1
202400034439;155 721 098;7;0;2;4;15;1
202400034440;155 721 095;34;0;2;6;3;1
202400034440;155 721 096;10;0;2;7;12;1
202400034441;155 721 092;7;4;0;3;13;1
202400034442;155 721 090;33;0;2;1;1;1
202400034442;155 721 093;7;0;2;4;1;1
202400034443;155 721 091;50;0;2;1;3;3
202400034443;155 721 094;15;0;2;1;15;1
202400034444;155 721 088;2;0;0;0;26;1
202400034445;155 721 087;7;0;2;1;1;1
202400034445;155 721 089;7;0;0;4;1;1
202400034446;155 721 086;7;0;1;2;1;1
202400034447;155 721 082;7;0;2;4;1;1
202400034447;155 721 084;7;0;2;1;1;1
202400034448;155 721 081;7;0;2;1;1;1
202400034449;155 721 077;7;4;0;1;0;1
202400034450;155 721 076;10;0;2;3;2;0
202400034450;155 721 078;33;0;2;2;2;1
202400034451;155 721 075;7;0;2;8;13;1
202400034452;155 721 072;7;0;2;6;24;1
202400034452;155 721 074;10;0;2;1;15;1
202400034453;155 721 070;7;0;2;8;13;2
202400034453;155 721 073;80;0;2;4;2;3
202400034454;155 721 068;7;2;0;8;13;1
202400034455;155 721 067;7;0;2;4;1;1
202400034455;155 721 069;7;0;2;4;1;1
202400034455;155 721 071;7;0;2;1;1;2
202400034456;155 721 062;60;0;2;4;0;5
202400034456;155 721 066;10;0;2;1;2;1
202400034457;155 721 063;7;0;2;3;15;1
202400034457;155 721 065;2;0;2;1;17;1
202400034458;155 721 061;7;0;2;1;12;1
202400034458;155 721 064;38;0;2;4;1;1
202400034459;155 721 059;2;0;0;7;1;3
202400034460;155 721 058;2;0;2;1;17;1
202400034460;155 721 060;10;0;2;3;15;1
202400034461;155 721 057;7;1;0;2;1;1
202400034462;155 721 054;7;3;0;2;1;1
202400034463;155 721 048;7;0;1;1;1;1
202400034464;155 721 047;7;0;2;1;26;1
202400034464;155 721 050;7;0;2;4;26;1
202400034464;155 721 052;7;0;2;4;26;1
202400034465;155 721 046;10;0;2;1;2;1
202400034465;155 721 049;7;0;2;4;2;1
202400034465;155 721 051;10;0;2;1;2;1
202400034466;155 721 045;7;13;0;9;0;1
202400034467;155 721 043;10;0;1;2;1;1
202400034468;155 721 042;50;0;2;2;5;3
202400034468;155 721 044;7;0;2;3;15;1
202400034469;155 721 037;10;0;2;3;15;1
202400034469;155 721 039;7;0;2;1;1;1
202400034470;155 721 036;13;6;0;1;26;1
202400034471;155 721 038;2;0;1;1;0;1
202400034472;155 721 034;7;0;1;2;1;1
202400034473;155 721 031;7;0;2;7;1;1
202400034473;155 721 032;15;0;2;4;1;1
202400034473;155 721 035;10;0;2;7;21;1
202400034474;155 721 030;30;0;2;7;17;1
202400034474;155 721 033;7;0;2;3;17;2
202400034475;155 721 029;10;0;1;6;1;1
202400034476;155 721 026;7;16;0;3;17;1
202400034477;155 721 025;7;0;1;2;1;1
202400034478;155 721 019;38;0;2;8;0;1
202400034478;155 721 022;30;0;2;8;17;1
202400034478;155 721 023;7;0;2;8;1;1
202400034479;155 721 021;80;0;1;2;1;3
202400034480;155 721 018;7;0;2;1;16;1
202400034480;155 721 020;7;0;2;0;15;1
202400034481;155 721 017;37;1;1;1;1;1
202400034482;155 721 015;7;0;2;1;17;1
202400034482;155 721 016;2;0;2;1;1;1
202400034483;155 721 014;7;0;1;0;13;0
202400034484;155 721 013;7;0;1;1;1;1
202400034485;155 721 012;7;6;0;1;1;1
202400034486;155 721 009;10;0;2;1;0;0
202400034486;155 721 010;50;0;2;3;0;3
202400034487;155 721 008;1;0;2;7;15;5
202400034487;155 721 011;7;0;2;1;1;1
202400034488;155 721 006;7;0;0;1;0;1
202400034489;155 721 005;7;0;2;1;13;1
202400034489;155 721 007;7;0;2;1;1;1
202400034490;155 721 001;7;0;2;8;1;0
202400034490;155 721 004;30;0;2;1;1;1
202400034491;155 721 000;7;0;2;7;15;3
202400034491;155 721 002;33;0;2;2;21;1
202400034492;155 720 999;7;7;2;3;1;1
202400034492;155 721 003;7;0;0;8;1;1
202400034493;155 720 996;7;0;2;8;2;1
202400034493;155 720 998;7;0;2;1;15;1
202400034494;155 720 994;7;0;2;2;16;1
202400034494;155 720 997;50;0;2;1;19;3
202400034495;155 720 993;7;0;2;3;1;1
202400034495;155 720 995;7;0;2;3;13;1
202400034496;155 720 992;7;4;0;3;13;1
202400034497;155 720 990;1;0;2;0;0;5
202400034497;155 720 991;7;0;2;1;15;1
202400034498;155 720 989;7;0;1;1;1;1
202400034499;155 720 988;7;2;0;1;26;1
202400034500;155 720 984;7;0;0;0;0;1
202400034500;155 720 986;1;0;2;5;0;5
202400034501;155 720 983;7;12;2;4;23;1
202400034501;155 720 985;7;0;2;4;23;1
202400034501;155 720 987;7;0;2;1;2;1
202400034502;155 720 980;40;0;1;7;1;3
202400034503;155 720 979;7;0;2;1;1;1
202400034503;155 720 982;33;0;2;1;13;1
202400034504;155 720 977;7;9;0;1;1;1
202400034505;155 720 976;7;0;2;2;15;1
202400034505;155 720 978;7;0;2;3;1;2
202400034506;155 720 972;7;0;2;4;1;0
202400034506;155 720 973;10;0;2;1;1;1
202400034506;155 720 974;7;0;2;4;1;2
202400034507;155 720 970;10;0;2;5;10;1
202400034507;155 720 971;7;0;2;3;1;1
202400034508;155 720 968;7;13;0;1;21;1
202400034509;155 720 966;10;0;2;2;1;1
202400034509;155 720 969;7;8;2;1;0;1
202400034510;155 720 965;20;0;2;4;4;1
202400034510;155 720 967;1;0;2;1;1;5
202400034511;155 720 964;7;0;1;1;1;1
202400034512;155 720 960;7;0;2;1;1;1
202400034512;155 720 961;7;0;2;4;0;1
202400034512;155 720 963;7;0;2;6;1;1
202400034513;155 720 959;7;0;2;1;9;1
202400034513;155 720 962;7;0;2;7;1;3
202400034514;155 720 957;10;0;2;1;1;1
202400034514;155 720 958;7;0;2;3;15;1
202400034515;155 720 954;7;0;2;5;23;1
202400034515;155 720 956;7;1;2;3;20;1
202400034516;155 720 953;37;0;2;8;0;1
202400034516;155 720 955;7;0;2;7;13;1
202400034517;155 720 948;1;0;2;1;1;0
202400034517;155 720 951;7;0;2;3;1;1
202400034518;155 720 950;50;0;2;1;1;3
202400034518;155 720 952;7;0;2;5;15;1
202400034519;155 720 947;7;0;9;3;9;1
202400034519;155 720 949;50;0;2;1;0;3
202400034520;155 720 946;7;14;1;2;16;1
202400034521;155 720 944;33;14;0;0;1;1
202400034522;155 720 941;7;0;2;1;1;1
202400034522;155 720 942;7;0;2;7;15;1
202400034523;155 720 939;7;0;2;1;2;1
202400034523;155 720 940;7;0;2;4;23;1
202400034524;155 720 938;7;2;0;1;14;2
202400034525;155 720 937;7;0;1;3;13;3
202400034526;155 720 933;7;0;2;6;15;1
202400034526;155 720 935;33;0;2;3;17;1
202400034527;155 720 932;99;0;2;1;7;1
202400034527;155 720 934;7;0;2;3;1;2
202400034528;155 720 931;7;0;2;7;1;1
202400034528;155 720 936;7;0;2;2;19;1
202400034529;155 720 927;7;0;2;3;9;2
202400034529;155 720 930;2;0;2;3;1;1
202400034530;155 720 928;7;15;0;2;0;1
202400034531;155 720 926;7;0;2;3;13;1
202400034531;155 720 929;7;0;2;8;1;1
202400034532;155 720 922;13;0;2;4;1;1
202400034532;155 720 925;7;0;2;1;2;1
202400034533;155 720 921;7;0;2;3;1;0
202400034533;155 720 923;7;1;2;3;5;2
202400034534;155 720 920;2;0;2;1;1;1
202400034534;155 720 924;7;0;2;3;1;1
202400034535;155 720 918;7;0;2;1;9;1
202400034535;155 720 919;2;0;2;1;21;1
202400034536;155 720 917;7;0;1;3;1;1
202400034537;155 720 915;10;0;1;4;4;1
202400034538;155 720 913;50;0;2;1;1;3
202400034538;155 720 916;7;0;2;2;16;1
202400034539;155 720 910;10;0;2;1;1;0
202400034539;155 720 911;10;0;2;3;1;0
202400034539;155 720 912;7;0;2;4;1;1
202400034539;155 720 914;7;0;2;4;1;1
202400034540;155 720 909;3;0;1;7;1;0
202400034541;155 720 905;10;0;1;1;1;1
202400034542;155 720 907;7;0;2;1;0;1
202400034542;155 720 908;7;3;2;1;0;2
202400034543;155 720 906;10;0;1;2;15;3
202400034544;155 720 904;37;0;1;7;1;6
202400034545;155 720 902;7;1;1;3;13;1
202400034546;155 720 901;10;0;2;3;15;1
202400034546;155 720 903;33;0;2;1;1;1
202400034547;155 720 898;7;0;2;4;20;1
202400034547;155 720 899;7;0;2;1;19;1
202400034548;155 720 897;50;0;2;8;1;3
202400034548;155 720 900;7;0;2;1;15;1
202400034549;155 720 893;7;0;2;1;1;1
202400034549;155 720 895;2;0;2;7;1;1
202400034550;155 720 892;7;0;2;0;22;1
202400034550;155 720 894;1;0;2;1;1;5
202400034551;155 720 891;7;0;2;1;17;1
202400034551;155 720 896;7;4;2;1;1;1
202400034552;155 720 890;10;0;1;3;1;1
202400034553;155 720 889;7;0;0;9;14;1
202400034554;155 720 887;7;0;2;1;13;1
202400034554;155 720 888;10;0;2;1;1;1
202400034555;155 720 885;37;0;2;2;21;1
202400034555;155 720 886;50;0;0;0;0;3
202400034556;155 720 882;7;0;2;3;19;1
202400034556;155 720 884;7;0;2;7;17;1
202400034557;155 720 879;7;0;2;1;1;1
202400034557;155 720 881;7;0;0;4;1;1
202400034558;155 720 880;7;0;2;1;19;1
202400034558;155 720 883;7;8;2;7;1;1
202400034559;155 720 876;7;0;2;3;1;1
202400034559;155 720 877;7;0;2;1;10;1
202400034560;155 720 873;10;0;1;1;1;1
202400034561;155 720 874;7;0;2;3;1;1
202400034561;155 720 875;7;3;2;3;13;1
202400034562;155 720 870;7;0;2;3;26;1
202400034562;155 720 872;10;0;2;2;1;1
202400034563;155 720 869;3;0;2;7;1;1
202400034563;155 720 871;7;0;2;3;1;1
202400034564;155 720 866;7;0;2;1;1;1
202400034564;155 720 868;7;0;2;4;1;1
202400034565;155 720 867;7;13;0;1;1;1
202400034566;155 720 862;7;0;0;8;15;1
202400034566;155 720 864;2;0;2;1;17;1
202400034567;155 720 861;10;0;2;1;2;1
202400034567;155 720 863;7;0;2;4;23;1
202400034567;155 720 865;7;0;2;4;23;1
202400034568;155 720 857;30;0;2;1;1;1
202400034568;155 720 859;7;0;2;4;1;1
202400034569;155 720 858;7;0;2;2;1;2
202400034569;155 720 860;1;0;2;3;19;5
202400034570;155 720 856;31;0;0;2;26;1
202400034571;155 720 854;1;0;2;4;0;5
202400034571;155 720 855;7;0;2;0;0;0
202400034572;155 720 852;1;0;2;2;1;5
202400034572;155 720 853;10;0;2;3;1;1
202400034573;155 720 850;43;7;9;1;14;1
202400034574;155 720 847;7;0;2;3;15;2
202400034574;155 720 848;31;0;2;7;0;1
202400034575;155 720 845;7;0;2;6;0;1
202400034575;155 720 846;7;0;2;3;13;1
202400034576;155 720 844;7;0;1;5;4;2
202400034577;155 720 842;1;0;2;1;1;5
202400034577;155 720 843;7;0;2;6;1;1
202400034578;155 720 840;33;0;0;1;17;1
202400034579;155 720 839;7;0;6;1;1;1
202400034579;155 720 841;7;0;2;1;2;1
202400034580;155 720 836;7;0;2;5;26;1
202400034580;155 720 838;7;0;2;1;26;1
202400034581;155 720 835;7;0;2;3;1;1
202400034581;155 720 837;17;0;2;3;13;1
202400034582;155 720 833;7;13;0;3;1;1
202400034583;155 720 832;7;0;2;1;9;1
202400034583;155 720 834;10;0;2;5;1;1
202400034584;155 720 831;33;6;0;1;1;1
202400034585;155 720 827;32;0;2;1;17;1
202400034585;155 720 830;7;0;2;1;1;1
202400034586;155 720 828;7;0;2;2;1;1
202400034586;155 720 829;3;12;2;1;1;1
202400034587;155 720 826;1;0;1;1;1;5
202400034588;155 720 825;2;0;0;0;1;1
202400034589;155 720 824;7;13;0;9;25;1
202400034590;155 720 822;7;4;2;3;5;1
202400034590;155 720 823;7;0;2;3;17;1
202400034591;155 720 820;50;0;2;1;25;3
202400034591;155 720 821;7;0;2;2;1;1
202400034592;155 720 818;7;0;1;1;1;1
202400034593;155 720 817;7;0;2;1;1;1
202400034593;155 720 819;7;0;2;4;1;1
202400034594;155 720 816;7;16;0;1;19;1
202400034595;155 720 814;7;0;2;1;1;1