Num_Acc;id_vehicule;categorie_vehicule;obstacle_fixe;obstacle_mobile;point_choc_initial;manoeuvre_principale;motorisation
202400034595;155 720 815;7;0;2;2;15;1
202400034596;155 720 811;2;0;2;1;1;1
202400034596;155 720 812;7;0;2;1;17;1
202400034597;155 720 810;7;0;2;1;1;1
202400034597;155 720 813;7;0;2;1;17;1
202400034598;155 720 808;10;0;0;5;15;1
202400034598;155 720 809;33;0;2;1;13;1
202400034599;155 720 807;30;0;1;1;13;1
202400034600;155 720 806;2;1;0;1;1;3
202400034601;155 720 805;31;0;9;8;1;1
202400034602;155 720 802;7;0;2;8;9;1
202400034602;155 720 804;7;0;2;2;1;1
202400034603;155 720 800;7;0;2;8;2;1
202400034603;155 720 801;7;0;2;7;2;2
202400034603;155 720 803;7;0;2;7;12;1
202400034604;155 720 799;50;1;0;1;26;3
202400034605;155 720 797;43;0;2;1;3;1
202400034605;155 720 798;7;0;2;4;1;1
202400034606;155 720 795;7;9;0;3;16;1
202400034607;155 720 796;15;0;1;0;1;0
202400034608;155 720 793;14;1;0;5;22;1
202400034608;155 720 794;80;1;2;5;1;3
202400034609;155 720 790;37;0;1;1;1;3
202400034610;155 720 791;7;0;2;1;1;1
202400034610;155 720 792;7;0;2;8;15;2
202400034611;155 720 788;7;0;2;3;13;1
202400034611;155 720 789;7;0;2;7;1;1
202400034612;155 720 787;7;13;0;1;1;1
202400034613;155 720 785;2;0;2;3;15;3
202400034613;155 720 786;7;0;2;2;1;2
202400034614;155 720 782;10;0;9;1;16;1
202400034614;155 720 783;50;0;0;1;1;3
202400034615;155 720 781;7;0;2;4;1;1
202400034615;155 720 784;7;0;2;1;1;1
202400034616;155 720 778;33;0;2;1;1;1
202400034616;155 720 780;7;0;2;4;1;2
202400034617;155 720 779;7;0;0;0;1;1
202400034618;155 720 776;1;0;2;7;1;5
202400034618;155 720 777;7;0;2;8;22;3
202400034619;155 720 774;50;0;1;1;5;3
202400034620;155 720 773;7;0;2;1;2;1
202400034620;155 720 775;10;0;2;4;2;1
202400034621;155 720 770;7;0;2;3;10;1
202400034621;155 720 772;43;0;2;1;17;1
202400034622;155 720 771;7;4;0;1;26;1
202400034623;155 720 768;10;0;2;4;4;1
202400034623;155 720 769;31;0;2;1;1;1
202400034624;155 720 764;14;0;2;2;16;1
202400034624;155 720 766;1;0;2;1;18;5
202400034625;155 720 762;7;0;1;3;1;1
202400034626;155 720 763;7;0;2;4;1;1
202400034626;155 720 765;7;0;2;7;12;1
202400034626;155 720 767;33;0;2;8;3;1
202400034627;155 720 760;14;0;2;1;2;1
202400034627;155 720 761;7;0;2;4;2;1
202400034628;155 720 759;7;4;0;1;1;1
202400034629;155 720 756;7;0;2;5;15;1
202400034629;155 720 758;33;0;2;3;0;1
202400034630;155 720 757;31;0;0;8;1;1
202400034631;155 720 754;7;0;2;2;11;1
202400034631;155 720 755;10;0;2;6;23;1
202400034632;155 720 751;7;0;1;1;1;1
202400034633;155 720 752;7;0;2;3;11;1
202400034633;155 720 753;33;0;2;7;3;1
202400034634;155 720 749;32;4;0;3;9;1
202400034635;155 720 747;10;0;2;1;2;1
202400034635;155 720 748;7;0;2;4;1;1
202400034636;155 720 743;10;0;2;2;14;1
202400034636;155 720 744;1;0;2;1;1;5
202400034637;155 720 742;10;0;2;1;2;1
202400034637;155 720 745;7;0;2;4;2;1
202400034637;155 720 746;7;0;2;4;2;1
202400034637;155 720 750;10;0;2;4;2;0
202400034638;155 720 740;34;0;2;3;15;1
202400034638;155 720 741;50;0;2;3;1;3
202400034639;155 720 736;2;0;2;1;1;1
202400034639;155 720 738;7;0;2;5;1;1
202400034640;155 720 737;33;0;2;1;3;1
202400034640;155 720 739;7;0;2;5;12;1
202400034641;155 720 734;10;0;2;2;12;1
202400034641;155 720 735;1;0;2;2;9;5
202400034642;155 720 732;33;0;2;7;3;1
202400034642;155 720 733;7;0;2;8;2;1
202400034643;155 720 730;32;0;2;1;1;1
202400034643;155 720 731;30;0;2;1;15;1
202400034644;155 720 728;7;0;1;2;1;1
202400034645;155 720 727;7;0;2;6;1;1
202400034645;155 720 729;34;0;2;2;3;1
202400034646;155 720 725;7;2;2;8;1;1
202400034646;155 720 726;10;2;2;1;19;1
202400034647;155 720 723;33;0;2;1;17;1
202400034647;155 720 724;14;0;2;8;11;1
202400034648;155 720 721;7;0;0;5;15;1
202400034648;155 720 722;10;0;2;3;2;1
202400034649;155 720 720;7;0;1;6;4;1
202400034650;155 720 716;7;0;2;3;5;1
202400034650;155 720 718;7;0;2;2;5;1
202400034651;155 720 717;33;0;2;1;21;1
202400034651;155 720 719;10;0;2;6;1;1
202400034652;155 720 714;1;0;2;1;26;5
202400034652;155 720 715;7;0;9;1;26;1
202400034653;155 720 712;31;3;0;0;1;1
202400034654;155 720 711;33;0;2;0;3;1
202400034654;155 720 713;7;0;0;0;12;1
202400034655;155 720 709;7;3;2;1;14;1
202400034655;155 720 710;15;0;0;6;1;1
202400034656;155 720 708;2;13;0;2;0;1
202400034657;155 720 707;33;0;0;8;1;1
202400034658;155 720 706;7;13;0;0;1;1
202400034659;155 720 703;7;0;2;1;2;1
202400034659;155 720 705;50;0;2;8;19;3
202400034660;155 720 702;7;0;2;1;2;1
202400034660;155 720 704;7;0;2;4;2;2
202400034661;155 720 700;1;0;2;3;0;5
202400034661;155 720 701;7;0;2;2;0;1
202400034662;155 720 698;21;2;0;0;0;1
202400034663;155 720 697;7;0;2;4;11;1
202400034663;155 720 699;33;0;2;1;2;1
202400034664;155 720 696;7;2;0;1;1;1
202400034665;155 720 694;7;6;0;1;13;1
202400034666;155 720 690;7;0;2;1;13;1
202400034666;155 720 691;15;0;2;2;1;1
202400034667;155 720 692;13;0;2;4;2;1
202400034667;155 720 693;7;0;2;2;12;1
202400034667;155 720 695;33;0;2;3;3;1
202400034668;155 720 688;7;0;2;1;17;1
202400034668;155 720 689;10;0;0;4;15;1
202400034669;155 720 687;7;2;0;7;1;1
202400034670;155 720 686;3;0;0;9;15;1
202400034671;155 720 685;7;0;1;1;16;1
202400034672;155 720 684;7;6;0;1;1;1
202400034673;155 720 682;2;0;2;1;13;1
202400034673;155 720 683;7;0;2;1;1;1
202400034674;155 720 680;33;16;0;9;13;1
202400034675;155 720 678;31;0;2;1;1;1
202400034675;155 720 679;10;0;2;1;15;1
202400034675;155 720 681;10;0;2;3;15;1
202400034676;155 720 676;7;0;2;2;1;1
202400034676;155 720 677;7;0;2;1;15;1
202400034677;155 720 675;7;0;0;1;13;1
202400034678;155 720 674;15;0;1;2;1;1
202400034679;155 720 671;10;0;2;1;15;3
202400034679;155 720 673;10;0;2;2;1;1
202400034680;155 720 670;7;0;2;3;19;1
202400034680;155 720 672;7;0;2;1;1;2
202400034681;155 720 668;10;0;9;2;20;1
202400034681;155 720 669;50;0;2;1;2;3
202400034682;155 720 666;1;0;2;1;0;5
202400034682;155 720 667;7;0;9;3;1;1
202400034683;155 720 665;7;1;0;2;14;2
202400034684;155 720 663;10;0;0;8;10;1
202400034684;155 720 664;7;0;2;1;1;1
202400034685;155 720 660;7;0;2;2;1;1
202400034685;155 720 662;1;0;2;1;1;5
202400034686;155 720 659;10;0;2;3;15;1
202400034686;155 720 661;32;0;2;3;23;1
202400034687;155 720 657;7;0;1;2;1;1
202400034688;155 720 656;7;0;1;4;23;1
202400034688;155 720 658;7;14;2;1;2;1
202400034689;155 720 655;1;0;0;0;1;5
202400034690;155 720 653;7;0;9;1;9;0
202400034690;155 720 654;2;0;2;6;23;1
202400034691;155 720 647;7;0;2;1;1;1
202400034691;155 720 649;33;0;2;1;13;1
202400034692;155 720 648;2;0;2;7;1;1
202400034692;155 720 650;7;0;2;1;9;2
202400034693;155 720 644;7;0;2;1;13;1
202400034693;155 720 646;7;0;2;1;1;2
202400034694;155 720 643;30;0;2;8;2;1
202400034694;155 720 645;7;0;2;3;2;1
202400034695;155 720 642;10;2;0;1;13;1
202400034696;155 720 640;40;0;2;0;0;3
202400034696;155 720 641;1;9;4;1;18;5
202400034697;155 720 639;7;7;5;1;1;1
202400034698;155 720 638;34;0;1;1;26;0
202400034699;155 720 636;15;0;0;0;17;1
202400034699;155 720 637;30;0;0;0;1;1
202400034700;155 720 635;7;0;1;3;0;1
202400034701;155 720 633;7;0;2;1;1;1
202400034701;155 720 634;30;0;2;8;1;0
202400034702;155 720 631;7;0;2;1;1;1
202400034702;155 720 632;7;0;2;1;13;1
202400034703;155 720 629;31;6;2;3;26;1
202400034704;155 720 626;7;4;2;1;2;1
202400034704;155 720 627;10;4;2;4;1;1
202400034704;155 720 628;7;4;2;4;1;1
202400034704;155 720 630;7;4;2;8;1;1
202400034705;155 720 624;10;0;0;9;13;1
202400034706;155 720 625;33;9;0;0;0;1
202400034707;155 720 618;31;0;2;1;5;1
202400034707;155 720 620;7;0;2;1;1;1
202400034708;155 720 616;7;0;2;5;1;1
202400034708;155 720 617;7;0;2;5;1;1
202400034708;155 720 621;7;0;2;5;1;1
202400034708;155 720 622;7;0;2;1;1;1
202400034708;155 720 623;15;0;2;8;11;1
202400034709;155 720 615;7;0;2;6;2;1
202400034709;155 720 619;30;0;2;1;2;1
202400034710;155 720 612;10;3;2;8;1;1
202400034710;155 720 614;7;0;2;2;21;1
202400034711;155 720 610;33;0;2;1;2;1
202400034711;155 720 613;7;0;2;4;2;1
202400034712;155 720 609;7;0;2;3;1;1
202400034712;155 720 611;2;0;2;1;1;1
202400034713;155 720 608;1;0;0;0;9;5
202400034714;155 720 606;10;0;1;1;19;2
202400034715;155 720 605;7;4;2;1;2;1
202400034715;155 720 607;7;3;2;4;2;2
202400034716;155 720 604;7;3;0;2;2;1
202400034717;155 720 603;15;3;0;1;1;1
202400034718;155 720 601;32;3;0;3;13;1
202400034719;155 720 600;7;0;2;3;16;1
202400034719;155 720 602;7;6;2;3;1;1
202400034720;155 720 599;0;0;1;0;0;0
202400034721;155 720 597;7;2;0;1;1;1
202400034722;155 720 593;0;0;2;2;15;0
202400034722;155 720 595;33;0;2;7;1;1
202400034723;155 720 594;7;0;2;9;0;1
202400034723;155 720 596;7;0;2;4;2;1
202400034723;155 720 598;7;0;2;1;2;1
202400034724;155 720 591;15;0;2;1;21;1
202400034724;155 720 592;10;0;2;3;19;1
202400034725;155 720 587;7;0;2;1;1;1
202400034725;155 720 588;7;0;2;1;1;1
202400034725;155 720 590;7;0;2;4;1;1
202400034726;155 720 586;7;0;2;1;9;0
202400034726;155 720 589;7;0;2;2;1;1
202400034727;155 720 585;7;0;1;1;1;1
202400034728;155 720 583;50;12;0;7;25;3
202400034729;155 720 584;7;0;2;9;14;1
202400034730;155 720 582;33;4;0;7;1;1
202400034731;155 720 579;1;0;2;1;1;5
202400034731;155 720 581;7;0;2;1;13;1
202400034732;155 720 578;7;6;0;1;14;1
202400034733;155 720 577;32;0;2;2;17;3
202400034733;155 720 580;10;0;2;6;1;1
202400034734;155 720 574;33;0;2;1;3;1
202400034734;155 720 576;7;0;2;3;15;1
202400034735;155 720 572;50;0;2;1;1;3
202400034735;155 720 573;7;0;9;8;1;3
202400034736;155 720 571;32;0;2;7;1;1
202400034736;155 720 575;3;0;2;0;23;1
202400034737;155 720 570;32;0;5;1;19;1
202400034738;155 720 568;33;0;0;2;26;1
202400034739;155 720 566;7;0;2;1;26;1
202400034739;155 720 567;30;0;2;1;1;1
202400034740;155 720 565;7;0;0;7;1;1
202400034740;155 720 569;31;0;2;1;0;1
202400034741;155 720 562;33;0;2;2;13;1
202400034741;155 720 564;33;0;2;3;10;1
202400034742;155 720 561;33;0;0;7;26;1
202400034743;155 720 560;33;0;2;4;0;1
202400034743;155 720 563;50;0;2;1;0;3
202400034744;155 720 558;7;0;2;1;15;1
202400034744;155 720 559;33;0;2;7;17;1
202400034745;155 720 557;30;0;0;0;1;1
202400034746;155 720 555;7;0;2;7;12;3
202400034746;155 720 556;33;10;2;8;1;1
202400034747;155 720 552;33;0;2;1;1;1
202400034747;155 720 553;7;0;2;2;9;1
202400034748;155 720 551;7;0;9;1;26;1
202400034748;155 720 554;60;0;2;8;26;5
202400034749;155 720 550;14;0;1;3;1;1
202400034750;155 720 549;7;0;1;1;1;2
202400034751;155 720 547;7;0;2;5;1;1
202400034751;155 720 548;50;0;2;8;1;3
202400034752;155 720 544;7;0;2;3;1;2
202400034752;155 720 546;7;0;2;3;5;1
202400034753;155 720 542;7;0;2;8;1;1
202400034753;155 720 545;50;0;2;1;1;3
202400034754;155 720 541;10;0;9;3;15;1
202400034754;155 720 543;2;0;2;1;1;1
202400034755;155 720 539;30;0;0;0;1;1
202400034756;155 720 538;2;0;2;4;2;3
202400034756;155 720 540;7;0;2;1;2;1
202400034757;155 720 537;99;0;1;1;1;1
202400034758;155 720 534;7;0;2;8;1;1
202400034758;155 720 536;2;0;2;1;1;1
202400034759;155 720 531;7;0;2;2;13;1
202400034759;155 720 533;10;0;2;2;1;1
202400034760;155 720 532;7;0;2;3;15;2
202400034760;155 720 535;33;0;2;3;1;1
202400034761;155 720 529;7;0;2;1;15;2
202400034761;155 720 530;60;0;2;8;19;5
202400034762;155 720 527;30;0;1;1;17;1
202400034763;155 720 526;10;0;2;1;1;1
202400034763;155 720 528;17;0;2;6;2;1
202400034764;155 720 523;33;8;0;0;1;1
202400034765;155 720 524;33;0;2;1;1;1
202400034765;155 720 525;10;0;2;8;15;1
202400034766;155 720 521;7;2;0;1;1;1
202400034767;155 720 520;7;0;0;0;1;1
202400034767;155 720 522;33;0;2;4;1;1
202400034768;155 720 519;7;0;1;8;1;1
202400034769;155 720 517;7;0;2;1;15;1
202400034769;155 720 518;1;0;2;1;1;5
202400034770;155 720 515;7;0;2;2;1;1
202400034770;155 720 516;7;0;2;5;19;2
202400034771;155 720 513;7;0;2;8;1;1
202400034771;155 720 514;50;0;2;0;0;3
202400034772;155 720 511;7;0;2;3;13;1
202400034772;155 720 512;7;0;2;3;1;1
202400034773;155 720 509;33;0;2;1;2;1
202400034773;155 720 510;7;0;2;4;1;1
202400034774;155 720 507;7;0;1;1;1;1
202400034775;155 720 506;7;0;2;2;1;2
202400034775;155 720 508;7;0;2;1;16;1
202400034776;155 720 504;32;0;2;7;1;1
202400034776;155 720 505;7;0;2;3;16;1
202400034777;155 720 502;7;0;2;1;2;0
202400034777;155 720 503;7;0;2;5;1;1
202400034778;155 720 500;7;1;2;4;2;1
202400034778;155 720 501;2;0;2;4;12;3
202400034779;155 720 497;7;1;2;4;23;1
202400034779;155 720 498;7;0;2;4;2;1
202400034779;155 720 499;7;1;2;4;23;1
202400034780;155 720 493;50;0;2;1;5;3
202400034780;155 720 495;7;0;2;3;1;1
202400034781;155 720 492;7;0;2;1;1;1
202400034781;155 720 494;10;0;2;1;1;1
202400034781;155 720 496;7;0;2;6;1;1
202400034782;155 720 489;7;0;2;3;1;1
202400034782;155 720 491;30;0;2;1;9;1
202400034783;155 720 488;7;0;2;3;15;1
202400034783;155 720 490;7;0;2;2;16;1
202400034784;155 720 486;10;0;0;0;1;1
202400034784;155 720 487;7;0;2;1;1;1
202400034785;155 720 485;7;0;1;3;0;0
202400034786;155 720 483;7;8;0;1;13;1
202400034787;155 720 482;7;0;2;1;2;1
202400034787;155 720 484;33;0;2;4;1;1
202400034788;155 720 481;7;9;0;3;1;1
202400034789;155 720 480;32;16;0;7;1;1
202400034790;155 720 478;37;0;2;2;1;1
202400034790;155 720 479;1;0;2;3;1;5
202400034791;155 720 477;50;12;0;0;1;3
202400034792;155 720 475;1;0;2;7;0;5
202400034792;155 720 476;50;0;2;7;0;3
202400034793;155 720 474;7;0;1;8;18;1
202400034794;155 720 470;7;0;2;1;16;1
202400034794;155 720 472;1;0;2;4;1;5
202400034795;155 720 469;31;0;2;1;13;1
202400034795;155 720 471;7;0;2;1;1;1
202400034795;155 720 473;10;0;2;0;17;1
202400034796;155 720 468;7;0;1;1;1;1
202400034797;155 720 466;31;0;2;8;1;1
202400034797;155 720 467;7;0;2;3;15;1
202400034798;155 720 465;10;8;0;3;19;1
202400034799;155 720 463;2;0;2;0;21;1
202400034799;155 720 464;7;0;2;8;9;1
202400034800;155 720 461;34;0;2;1;1;1
202400034800;155 720 462;7;0;2;2;0;1
202400034801;155 720 460;7;0;1;1;1;1
202400034802;155 720 459;7;0;1;3;1;1
202400034803;155 720 458;10;0;1;1;17;1
202400034804;155 720 457;10;0;1;8;1;1
202400034805;155 720 454;7;0;1;7;0;0
202400034806;155 720 453;7;0;2;4;23;1
202400034806;155 720 455;10;0;2;1;2;1
202400034806;155 720 456;7;0;2;4;23;1
202400034807;155 720 449;7;12;2;5;16;1
202400034807;155 720 450;50;12;2;1;1;3
202400034808;155 720 446;7;6;0;1;1;1
202400034809;155 720 444;37;0;1;7;1;1
202400034810;155 720 442;7;0;2;1;2;1
202400034810;155 720 443;7;0;2;4;2;1
202400034811;155 720 437;7;0;2;5;1;1
202400034811;155 720 440;7;0;2;1;19;1
202400034812;155 720 438;7;3;2;6;1;1
202400034812;155 720 439;7;0;2;2;9;1
202400034813;155 720 435;33;0;2;1;17;1
202400034813;155 720 436;7;0;0;3;15;1
202400034814;155 720 434;7;0;1;1;0;1
202400034815;155 720 432;14;0;1;8;15;1
202400034816;155 720 431;7;0;2;2;15;1
202400034816;155 720 433;33;0;2;1;1;1
202400034817;155 720 427;7;0;2;1;1;1
202400034817;155 720 429;7;0;2;5;0;1
202400034818;155 720 428;32;0;2;1;1;1
202400034818;155 720 430;7;0;2;1;15;3
202400034819;155 720 424;7;0;1;1;1;0
202400034820;155 720 425;1;0;2;1;1;5
202400034820;155 720 426;7;0;0;3;15;1
202400034821;155 720 421;7;0;2;7;15;1
202400034821;155 720 422;7;0;2;1;1;1
202400034822;155 720 420;10;0;2;1;16;1
202400034822;155 720 423;7;0;2;2;1;1
202400034823;155 720 418;50;0;0;0;0;3
202400034824;155 720 417;30;0;2;1;11;1
202400034824;155 720 419;7;0;2;5;1;1
202400034825;155 720 415;7;0;1;2;1;1
202400034826;155 720 414;10;0;2;7;15;1
202400034826;155 720 416;30;0;2;1;1;1
202400034827;155 720 411;1;0;2;1;1;5
202400034827;155 720 413;10;0;2;1;1;1
202400034828;155 720 412;33;6;0;1;6;1
202400034829;155 720 408;50;0;2;1;17;3
202400034829;155 720 410;7;0;9;1;1;0
202400034830;155 720 407;7;0;2;1;13;1
202400034830;155 720 409;7;0;2;1;0;1
202400034831;155 720 404;7;0;2;1;1;1
202400034831;155 720 406;50;0;2;0;0;3
202400034832;155 720 403;33;0;2;1;1;1
202400034832;155 720 405;10;0;2;4;11;1
202400034833;155 720 402;7;0;1;1;16;1
202400034834;155 720 400;10;0;2;8;22;1
202400034834;155 720 401;1;0;2;1;1;5
202400034835;155 720 399;7;0;1;1;19;1
202400034836;155 720 397;30;0;2;3;9;1
202400034836;155 720 398;7;0;2;2;1;1
202400034837;155 720 396;7;2;0;1;14;1
202400034838;155 720 395;37;0;1;1;9;3
202400034839;155 720 393;50;0;2;1;15;3
202400034839;155 720 394;7;0;2;3;9;1
202400034840;155 720 392;1;0;1;1;1;5
202400034841;155 720 390;15;0;2;4;2;0
202400034841;155 720 391;50;0;2;1;2;3
202400034842;155 720 388;1;0;2;3;1;5
202400034842;155 720 389;50;0;2;3;5;3
202400034843;155 720 386;7;0;2;8;1;3
202400034843;155 720 387;50;0;2;1;1;3
202400034844;155 720 384;7;0;2;3;13;1
202400034844;155 720 385;1;0;2;2;17;5
202400034845;155 720 382;38;0;2;3;1;1
202400034845;155 720 383;15;0;2;3;23;1
202400034846;155 720 380;30;0;2;1;1;1
202400034846;155 720 381;1;0;2;8;19;5
202400034847;155 720 379;7;4;0;4;1;1
202400034848;155 720 376;7;0;2;1;1;1
202400034848;155 720 378;50;0;2;8;1;3
202400034849;155 720 377;33;0;1;1;1;1
202400034850;155 720 374;10;0;1;1;1;1
202400034851;155 720 373;2;0;2;0;17;1
202400034851;155 720 375;7;0;2;3;15;1
202400034852;155 720 371;1;0;2;1;25;5
202400034852;155 720 372;13;0;2;8;16;6
202400034853;155 720 368;10;0;2;5;1;1
202400034853;155 720 370;7;0;2;1;1;1
202400034854;155 720 367;16;0;2;8;20;1
202400034854;155 720 369;33;0;2;8;1;1
202400034855;155 720 364;7;0;2;1;10;1
202400034855;155 720 366;33;0;2;1;1;1
202400034856;155 720 363;7;0;2;3;15;1
202400034856;155 720 365;34;0;2;8;1;1
202400034857;155 720 361;7;9;2;1;13;1
202400034857;155 720 362;7;0;2;1;1;1
202400034858;155 720 359;1;0;2;2;19;5
202400034858;155 720 360;7;0;2;5;4;2
202400034859;155 720 357;33;0;2;1;1;1
202400034859;155 720 358;7;0;2;3;15;3
202400034860;155 720 355;7;0;2;5;12;1
202400034860;155 720 356;34;0;2;1;3;1
202400034861;155 720 351;7;0;2;4;0;1
202400034861;155 720 353;7;0;2;4;26;1
202400034862;155 720 352;99;0;2;1;2;1
202400034862;155 720 354;1;0;2;1;0;5
202400034863;155 720 348;7;13;0;0;14;1
202400034864;155 720 349;50;0;2;1;5;3
202400034864;155 720 350;34;0;2;1;1;1
202400034865;155 720 345;30;0;2;1;1;1
202400034865;155 720 347;7;0;2;3;1;1
202400034866;155 720 344;10;0;2;1;26;3
202400034866;155 720 346;50;0;2;0;26;3
202400034867;155 720 342;7;0;1;4;20;1
202400034868;155 720 341;80;0;2;7;5;3
202400034868;155 720 343;7;0;2;0;15;1
202400034869;155 720 340;7;0;1;1;1;1
202400034870;155 720 339;7;8;0;1;26;1
202400034871;155 720 337;43;0;1;2;1;1
202400034872;155 720 335;7;0;2;1;2;1
202400034872;155 720 336;30;0;2;4;1;1
202400034872;155 720 338;7;0;2;4;2;1
202400034873;155 720 331;32;0;2;1;1;1
202400034873;155 720 333;10;0;2;3;13;1
202400034874;155 720 330;7;0;2;1;23;1
202400034874;155 720 332;7;0;2;1;23;1
202400034874;155 720 334;7;0;2;3;0;1
202400034875;155 720 328;7;0;1;1;0;1
202400034876;155 720 327;33;0;2;4;20;1
202400034876;155 720 329;7;0;2;1;0;0
202400034877;155 720 324;43;0;2;3;15;1
202400034877;155 720 326;7;0;2;2;1;1
202400034878;155 720 323;7;0;2;1;1;1
202400034878;155 720 325;0;0;2;1;17;0
202400034879;155 720 320;1;0;2;1;1;5
202400034879;155 720 322;7;0;0;8;24;1
202400034880;155 720 319;34;0;2;1;2;1
202400034880;155 720 321;7;0;2;1;10;1
202400034881;155 720 318;50;8;0;1;1;3
202400034882;155 720 317;7;4;0;1;26;1
202400034883;155 720 315;32;0;2;1;21;1
202400034883;155 720 316;7;0;2;3;11;0
202400034884;155 720 314;7;0;1;2;1;1
202400034885;155 720 313;7;0;1;1;16;1
202400034886;155 720 311;7;0;2;1;13;1
202400034886;155 720 312;7;0;2;1;1;1
202400034887;155 720 309;7;6;0;1;13;1
202400034888;155 720 308;10;0;2;1;1;1
202400034888;155 720 310;7;0;2;5;1;2
202400034889;155 720 305;10;0;2;3;1;1
202400034889;155 720 307;30;0;2;1;5;1
202400034890;155 720 304;60;0;2;0;0;5
202400034890;155 720 306;7;0;2;1;0;1
202400034891;155 720 303;7;0;1;1;2;1
202400034892;155 720 302;7;0;1;2;0;1
202400034893;155 720 299;7;0;2;1;2;1
202400034893;155 720 301;7;0;2;6;2;3
202400034894;155 720 298;1;0;2;1;5;5
202400034894;155 720 300;7;0;9;3;16;1
202400034895;155 720 296;7;0;2;1;2;1
202400034895;155 720 297;10;0;9;4;1;1
202400034896;155 720 294;7;0;1;2;14;1
202400034897;155 720 292;7;0;2;1;2;1
202400034897;155 720 293;7;0;2;4;2;1
202400034898;155 720 290;7;0;2;2;9;1
202400034898;155 720 291;80;0;2;5;1;3
202400034899;155 720 289;80;8;9;2;21;3
202400034900;155 720 287;7;0;2;2;1;1
202400034900;155 720 288;7;0;2;2;1;1
202400034901;155 720 284;21;0;0;7;1;1
202400034902;155 720 285;43;0;2;1;1;1
202400034902;155 720 286;1;0;2;2;15;5
202400034903;155 720 281;1;0;1;1;1;5
202400034904;155 720 282;7;0;2;1;13;1
202400034904;155 720 283;31;0;2;1;1;3
202400034905;155 720 276;7;0;2;4;23;1
202400034905;155 720 278;7;0;2;4;1;2
202400034905;155 720 280;7;9;2;1;1;2
202400034906;155 720 277;2;0;0;1;1;1
202400034906;155 720 279;7;0;0;1;15;1
202400034907;155 720 274;33;1;0;2;1;1
202400034907;155 720 275;7;1;0;3;24;1
202400034908;155 720 272;7;0;2;1;1;1
202400034908;155 720 273;15;3;2;3;1;1
202400034909;155 720 269;7;0;2;6;9;1
202400034909;155 720 270;7;0;2;9;1;1
202400034909;155 720 271;10;0;2;7;1;1
202400034910;155 720 267;31;0;2;8;0;1
202400034910;155 720 268;10;0;2;1;5;1
202400034911;155 720 262;10;0;2;3;1;1
202400034911;155 720 264;10;0;2;3;0;1
202400034912;155 720 263;7;0;2;1;16;1
202400034912;155 720 265;7;0;2;4;15;1
202400034912;155 720 266;7;0;2;4;23;3
202400034913;155 720 260;7;0;2;3;13;1
202400034913;155 720 261;7;0;2;3;1;1
202400034914;155 720 258;7;12;0;2;21;1
202400034915;155 720 257;7;2;0;1;14;1
202400034915;155 720 259;10;13;0;0;21;1
202400034916;155 720 254;34;0;2;1;1;3
202400034916;155 720 256;7;0;2;1;11;2
202400034917;155 720 253;38;0;0;7;1;1
202400034917;155 720 255;33;0;2;8;11;1
202400034918;155 720 250;7;0;2;4;1;1
202400034918;155 720 252;7;0;2;1;1;1
202400034919;155 720 249;7;0;2;3;17;1
202400034919;155 720 251;10;0;2;3;1;1
202400034920;155 720 247;10;1;0;2;0;1
202400034921;155 720 246;37;0;2;3;0;1
202400034921;155 720 248;10;0;2;2;0;1
202400034922;155 720 245;33;0;1;1;1;1
202400034923;155 720 244;33;0;0;7;26;1
202400034924;155 720 242;7;0;2;3;15;0
202400034924;155 720 243;43;0;2;1;6;0
202400034925;155 720 240;10;0;2;1;11;0
202400034925;155 720 241;10;0;0;3;2;0
202400034926;155 720 238;7;0;2;3;15;1
202400034926;155 720 239;34;2;2;1;3;1
202400034927;155 720 236;43;0;2;1;1;1
202400034927;155 720 237;10;0;2;3;10;1
202400034928;155 720 233;32;1;0;3;1;1
202400034929;155 720 231;30;0;2;1;1;1
202400034929;155 720 232;7;0;2;4;0;2
202400034930;155 720 229;7;0;2;1;2;2
202400034930;155 720 230;7;0;2;5;15;0
202400034931;155 720 228;34;1;0;2;14;1
202400034932;155 720 227;99;0;0;1;15;0
202400034933;155 720 225;32;0;2;1;17;1
202400034933;155 720 226;7;0;2;1;13;1
202400034934;155 720 224;1;0;1;0;16;5
202400034935;155 720 222;7;0;2;1;1;0
202400034935;155 720 223;7;0;2;4;16;0
202400034936;155 720 219;7;0;1;1;1;1
202400034937;155 720 217;10;5;2;2;1;1
202400034937;155 720 218;7;5;2;1;13;1
202400034938;155 720 215;1;0;2;1;19;5
202400034938;155 720 216;7;0;9;6;15;1
202400034939;155 720 214;7;8;0;7;13;1
202400034940;155 720 213;7;2;0;1;0;1
202400034941;155 720 211;7;0;2;3;1;1
202400034941;155 720 212;7;0;2;3;1;3
202400034942;155 720 210;7;17;0;8;13;1
202400034943;155 720 208;7;0;2;2;1;1
202400034943;155 720 209;1;0;0;3;19;5
202400034944;155 720 207;36;6;0;3;1;1
202400034945;155 720 205;7;0;2;1;9;1
202400034945;155 720 206;7;0;2;7;9;1
202400034946;155 720 204;33;2;0;1;1;1
202400034947;155 720 202;7;0;2;8;15;2
202400034947;155 720 203;2;0;2;1;17;0