Num_Acc;id_vehicule;categorie_vehicule;obstacle_fixe;obstacle_mobile;point_choc_initial;manoeuvre_principale;motorisation
202400034948;155 720 201;7;0;0;9;1;1
202400034949;155 720 200;2;0;0;9;1;1
202400034950;155 720 199;7;2;0;1;1;1
202400034951;155 720 197;10;0;2;8;21;1
202400034951;155 720 198;10;0;2;3;13;1
202400034952;155 720 195;10;0;2;8;15;1
202400034952;155 720 196;7;0;2;2;17;1
202400034953;155 720 194;7;3;0;1;1;1
202400034954;155 720 192;7;0;2;2;5;1
202400034954;155 720 193;7;0;2;3;1;2
202400034955;155 720 191;7;2;0;9;1;1
202400034956;155 720 190;33;13;0;0;1;1
202400034957;155 720 189;7;13;0;1;13;1
202400034958;155 720 188;7;16;0;0;2;1
202400034959;155 720 187;2;12;0;1;1;1
202400034960;155 720 185;7;0;2;3;16;1
202400034960;155 720 186;7;0;2;2;1;1
202400034961;155 720 183;7;0;0;3;9;1
202400034961;155 720 184;1;0;0;3;21;5
202400034962;155 720 182;7;17;0;1;1;1
202400034963;155 720 180;7;0;6;1;1;1
202400034963;155 720 181;7;0;2;1;1;1
202400034964;155 720 178;7;0;2;2;17;1
202400034964;155 720 179;2;0;0;4;15;0
202400034965;155 720 177;7;0;1;2;1;3
202400034966;155 720 176;7;2;0;9;1;1
202400034967;155 720 174;7;0;2;3;0;1
202400034967;155 720 175;7;0;2;1;0;1
202400034968;155 720 173;7;13;0;0;0;0
202400034969;155 720 172;2;0;0;0;0;1
202400034970;155 720 167;17;0;2;2;19;1
202400034970;155 720 168;7;0;2;1;1;2
202400034971;155 720 166;15;16;0;7;0;1
202400034972;155 720 165;7;13;0;1;1;1
202400034973;155 720 162;7;2;0;3;17;1
202400034974;155 720 155;7;0;2;0;15;0
202400034974;155 720 156;7;0;2;1;1;1
202400034975;155 720 154;7;2;0;4;21;1
202400034976;155 720 152;33;0;2;1;17;1
202400034976;155 720 153;7;0;2;3;9;1
202400034977;155 720 150;7;0;2;1;13;1
202400034977;155 720 151;7;0;2;1;1;1
202400034978;155 720 148;7;0;2;2;1;1
202400034978;155 720 149;33;0;2;3;1;1
202400034979;155 720 147;7;13;0;1;1;1
202400034980;155 720 145;10;0;1;1;1;1
202400034981;155 720 143;7;0;9;2;0;1
202400034981;155 720 144;1;0;2;4;0;5
202400034982;155 720 141;50;0;2;1;11;3
202400034982;155 720 142;7;0;2;3;0;1
202400034983;155 720 138;7;0;2;2;26;1
202400034983;155 720 139;33;0;2;8;23;1
202400034983;155 720 140;7;0;2;7;23;1
202400034984;155 720 136;7;0;2;4;2;1
202400034984;155 720 137;7;0;2;1;2;1
202400034985;155 720 134;7;2;2;9;17;1
202400034985;155 720 135;7;0;2;0;0;1
202400034986;155 720 132;37;4;2;1;2;1
202400034986;155 720 133;7;4;2;4;0;1
202400034987;155 720 131;10;4;0;1;26;1
202400034988;155 720 129;7;0;2;4;2;1
202400034988;155 720 130;33;0;2;1;3;1
202400034989;155 720 127;7;0;2;1;2;1
202400034989;155 720 128;10;0;2;4;2;1
202400034990;155 720 125;7;0;2;3;11;1
202400034990;155 720 126;43;0;2;2;3;1
202400034991;155 720 123;7;0;2;4;2;0
202400034991;155 720 124;7;0;2;1;2;1
202400034992;155 720 121;7;0;2;1;2;1
202400034992;155 720 122;7;0;2;4;0;2
202400034993;155 720 119;10;0;0;4;0;0
202400034993;155 720 120;7;0;0;1;0;0
202400034994;155 720 117;33;0;2;1;3;1
202400034994;155 720 118;7;0;2;2;12;1
202400034995;155 720 115;7;0;2;6;21;1
202400034995;155 720 116;33;0;2;1;3;1
202400034996;155 720 112;33;4;2;1;3;1
202400034996;155 720 113;7;4;2;6;11;3
202400034996;155 720 114;7;4;2;6;1;1
202400034997;155 720 109;7;0;2;4;1;1
202400034997;155 720 110;10;0;2;4;1;1
202400034997;155 720 111;7;0;2;1;26;1
202400034998;155 720 107;15;0;2;3;2;1
202400034998;155 720 108;7;0;2;2;2;1
202400034999;155 720 106;33;0;0;8;1;1
202400035000;155 720 104;7;0;2;1;15;1
202400035000;155 720 105;2;0;2;1;15;1
202400035001;155 720 102;32;0;2;0;0;1
202400035001;155 720 103;7;0;2;0;16;1
202400035002;155 720 100;7;0;2;3;1;1
202400035002;155 720 101;2;0;2;1;5;1
202400035003;155 720 098;30;0;2;1;1;1
202400035003;155 720 099;50;0;2;1;15;3
202400035004;155 720 096;2;0;2;1;1;1
202400035004;155 720 097;7;0;2;2;15;1
202400035005;155 720 094;7;0;2;8;10;1
202400035005;155 720 095;33;0;2;1;2;1
202400035006;155 720 091;7;0;2;6;26;1
202400035006;155 720 092;7;0;0;0;0;1
202400035006;155 720 093;7;0;0;0;0;1
202400035007;155 720 088;7;1;0;2;2;1
202400035007;155 720 089;10;0;2;6;23;1
202400035007;155 720 090;7;3;0;2;21;1
202400035008;155 720 086;7;0;2;3;13;1
202400035008;155 720 087;7;0;2;3;1;1
202400035009;155 720 085;7;9;0;1;2;2
202400035010;155 720 083;7;0;9;2;1;1
202400035010;155 720 084;50;0;2;8;19;3
202400035011;155 720 082;7;0;1;7;1;1
202400035012;155 720 081;7;0;1;1;1;1
202400035013;155 720 079;7;0;2;4;1;1
202400035013;155 720 080;7;0;2;1;2;1
202400035014;155 720 078;7;13;0;0;0;1
202400035015;155 720 077;7;8;0;1;14;1
202400035016;155 720 075;7;4;2;4;17;1
202400035016;155 720 076;10;0;2;2;1;1
202400035017;155 720 073;31;0;2;6;1;1
202400035017;155 720 074;7;0;2;3;15;1
202400035018;155 720 071;7;17;2;3;1;1
202400035018;155 720 072;21;0;2;2;26;1
202400035019;155 720 069;7;0;2;3;13;1
202400035019;155 720 070;7;0;2;3;1;1
202400035020;155 720 067;10;0;2;3;1;1
202400035020;155 720 068;33;0;2;1;13;1
202400035021;155 720 066;7;0;0;9;14;1
202400035022;155 720 063;7;0;0;6;1;1
202400035022;155 720 064;10;0;2;1;1;1
202400035022;155 720 065;7;0;2;1;13;1
202400035023;155 720 061;7;0;2;2;19;1
202400035023;155 720 062;2;0;2;1;1;1
202400035024;155 720 060;7;13;0;3;10;1
202400035025;155 720 059;33;0;9;1;1;1
202400035026;155 720 055;7;0;2;1;1;1
202400035026;155 720 056;7;0;2;9;23;1
202400035026;155 720 057;7;0;2;9;23;1
202400035026;155 720 058;7;0;2;4;23;1
202400035027;155 720 053;10;0;2;1;2;1
202400035027;155 720 054;7;0;2;4;12;1
202400035028;155 720 049;7;0;2;4;23;1
202400035028;155 720 050;7;0;2;4;23;1
202400035028;155 720 051;7;0;2;4;23;1
202400035028;155 720 052;7;0;2;1;1;2
202400035029;155 720 047;33;0;2;7;1;0
202400035029;155 720 048;10;0;2;7;12;1
202400035030;155 720 045;50;0;2;1;19;3
202400035030;155 720 046;7;0;2;8;2;1
202400035031;155 720 044;31;0;2;8;2;1
202400035032;155 720 042;33;0;2;7;1;1
202400035032;155 720 043;7;0;2;3;9;1
202400035033;155 720 041;7;2;0;1;1;1
202400035034;155 720 039;7;0;2;6;0;2
202400035034;155 720 040;7;0;2;1;0;1
202400035035;155 720 037;7;0;9;7;1;1
202400035035;155 720 038;1;0;2;3;15;5
202400035036;155 720 034;7;0;2;4;1;1
202400035036;155 720 036;7;0;2;1;1;1
202400035037;155 720 033;7;3;0;0;0;1
202400035037;155 720 035;7;3;0;0;0;1
202400035038;155 720 031;33;0;2;7;3;1
202400035038;155 720 032;10;0;2;8;11;1
202400035039;155 720 028;10;0;2;6;2;1
202400035039;155 720 030;43;0;2;1;2;1
202400035040;155 720 026;14;0;2;7;1;1
202400035040;155 720 027;1;0;2;6;18;5
202400035041;155 720 025;1;0;2;1;1;5
202400035041;155 720 029;10;0;9;4;4;3
202400035042;155 720 024;7;4;0;1;0;1
202400035043;155 720 023;7;0;1;1;1;1
202400035044;155 720 022;20;16;0;0;2;0
202400035045;155 720 018;50;0;2;2;1;3
202400035045;155 720 021;32;0;2;7;1;1
202400035046;155 720 017;7;0;2;6;13;1
202400035046;155 720 019;33;0;2;2;3;1
202400035046;155 720 020;7;0;2;4;1;1
202400035047;155 720 014;0;0;2;3;13;0
202400035047;155 720 016;33;0;2;3;1;1
202400035048;155 720 015;1;0;0;0;0;5
202400035049;155 720 012;7;4;2;2;1;1
202400035049;155 720 013;7;4;2;5;12;1
202400035050;155 720 009;1;0;0;0;21;5
202400035050;155 720 011;7;0;0;0;17;1
202400035051;155 720 008;31;0;2;1;1;1
202400035051;155 720 010;7;0;2;7;15;1
202400035052;155 720 006;7;0;1;4;20;1
202400035053;155 720 002;33;0;2;1;3;1
202400035053;155 720 004;7;0;2;7;1;1
202400035054;155 720 000;7;0;1;1;15;1
202400035055;155 720 001;7;0;2;2;15;1
202400035055;155 720 003;10;0;2;1;1;1
202400035055;155 720 005;7;0;2;1;15;1
202400035055;155 720 007;7;0;2;1;1;1
202400035056;155 719 998;10;0;2;3;11;1
202400035056;155 719 999;31;0;2;2;3;1
202400035057;155 719 997;50;0;1;1;1;3
202400035058;155 719 993;7;1;1;1;1;1
202400035059;155 719 992;34;0;2;7;3;1
202400035059;155 719 995;7;0;2;3;11;1
202400035060;155 719 991;14;0;2;3;1;1
202400035060;155 719 994;7;0;2;1;1;1
202400035060;155 719 996;7;0;2;3;13;1
202400035061;155 719 986;10;0;2;4;2;1
202400035061;155 719 989;14;0;2;2;2;1
202400035062;155 719 982;7;0;2;4;1;1
202400035062;155 719 985;31;0;2;1;1;1
202400035062;155 719 988;7;0;2;4;1;2
202400035062;155 719 990;31;0;2;8;1;3
202400035063;155 719 983;7;6;0;1;1;1
202400035064;155 719 981;10;0;2;5;1;1
202400035064;155 719 984;7;0;2;3;11;2
202400035064;155 719 987;31;0;2;2;1;1
202400035065;155 719 980;7;15;0;1;1;1
202400035066;155 719 977;7;0;2;2;14;1
202400035066;155 719 979;7;0;2;8;24;1
202400035067;155 719 976;7;4;0;3;1;1
202400035068;155 719 975;33;12;0;1;2;1
202400035069;155 719 974;1;0;2;1;1;5
202400035069;155 719 978;7;0;2;3;9;1
202400035070;155 719 971;7;0;2;1;2;1
202400035070;155 719 973;7;0;2;4;23;1
202400035071;155 719 970;7;0;0;3;15;1
202400035072;155 719 968;7;0;2;1;2;3
202400035072;155 719 969;10;0;2;4;1;1
202400035072;155 719 972;10;0;2;4;2;1
202400035073;155 719 967;33;13;0;0;1;1
202400035074;155 719 966;33;15;0;1;14;1
202400035075;155 719 963;33;0;0;7;1;1
202400035076;155 719 961;7;0;1;2;1;1
202400035077;155 719 960;7;0;2;3;15;1
202400035077;155 719 962;7;0;0;2;17;1
202400035078;155 719 959;7;0;1;1;16;1
202400035079;155 719 954;7;0;1;3;1;1
202400035080;155 719 952;7;0;2;3;1;1
202400035080;155 719 956;7;0;2;3;1;1
202400035081;155 719 951;7;0;2;3;1;1
202400035081;155 719 955;7;0;2;2;1;1
202400035082;155 719 950;7;0;2;1;1;1
202400035082;155 719 953;7;0;2;1;1;2
202400035082;155 719 957;7;0;2;4;15;1
202400035082;155 719 958;10;0;0;8;23;1
202400035083;155 719 948;7;13;0;3;1;2
202400035084;155 719 947;31;12;0;1;15;1
202400035085;155 719 946;7;0;2;7;1;1
202400035085;155 719 949;7;0;2;1;1;1
202400035086;155 719 945;33;2;0;1;1;1
202400035087;155 719 942;1;0;2;8;19;5
202400035087;155 719 944;7;0;2;1;1;1
202400035088;155 719 940;7;0;2;1;15;1
202400035088;155 719 943;31;0;2;1;1;1
202400035089;155 719 939;33;0;0;7;1;1
202400035090;155 719 938;10;0;2;3;19;1
202400035090;155 719 941;7;0;2;1;26;1
202400035091;155 719 937;7;15;0;1;13;1
202400035092;155 719 934;31;12;0;1;6;1
202400035093;155 719 933;7;0;2;3;10;1
202400035093;155 719 936;37;0;2;2;1;1
202400035094;155 719 931;33;0;2;3;1;1
202400035094;155 719 935;7;0;2;3;13;1
202400035095;155 719 932;50;0;1;0;1;3
202400035096;155 719 930;7;0;0;9;1;1
202400035097;155 719 927;80;0;2;8;5;3
202400035097;155 719 928;7;0;2;2;16;1
202400035098;155 719 925;7;2;0;1;26;1
202400035099;155 719 924;7;2;0;1;14;1
202400035100;155 719 926;7;0;2;2;14;1
202400035100;155 719 929;7;1;2;3;1;1
202400035101;155 719 922;10;0;0;0;11;1
202400035101;155 719 923;31;0;2;0;21;0
202400035102;155 719 918;7;0;2;1;0;1
202400035102;155 719 921;7;7;2;8;0;1
202400035103;155 719 919;7;0;2;2;19;1
202400035103;155 719 920;50;0;2;8;19;3
202400035104;155 719 916;7;0;1;2;1;1
202400035105;155 719 915;7;0;9;3;1;1
202400035105;155 719 917;50;0;2;7;1;3
202400035106;155 719 914;7;0;1;2;0;1
202400035107;155 719 913;2;13;0;7;13;1
202400035108;155 719 910;7;8;0;3;16;1
202400035109;155 719 909;1;0;2;8;2;5
202400035109;155 719 911;7;0;2;5;2;1
202400035110;155 719 908;7;0;2;7;1;1
202400035110;155 719 912;7;0;2;1;1;1
202400035111;155 719 907;7;16;0;1;0;1
202400035112;155 719 906;7;0;0;0;13;1
202400035113;155 719 902;7;0;2;1;1;1
202400035113;155 719 904;7;0;2;4;1;1
202400035114;155 719 901;2;0;2;1;17;1
202400035114;155 719 903;10;0;0;1;1;1
202400035115;155 719 900;10;0;2;2;16;1
202400035115;155 719 905;50;0;2;1;18;3
202400035116;155 719 898;7;0;0;4;23;1
202400035116;155 719 899;31;0;2;1;1;1
202400035117;155 719 896;7;0;1;3;1;1
202400035118;155 719 894;17;0;2;1;2;1
202400035118;155 719 897;7;0;2;3;9;1
202400035119;155 719 892;7;0;2;2;13;1
202400035119;155 719 895;7;0;2;2;26;1
202400035120;155 719 891;7;0;0;4;1;1
202400035120;155 719 893;7;0;2;1;2;1
202400035121;155 719 885;7;0;2;1;16;0
202400035121;155 719 889;7;0;2;0;0;0
202400035122;155 719 884;10;0;2;1;2;1
202400035122;155 719 887;7;3;0;4;1;1
202400035123;155 719 886;7;0;2;7;15;1
202400035123;155 719 888;30;0;2;1;1;1
202400035124;155 719 882;10;0;1;2;20;1
202400035125;155 719 881;7;0;2;1;19;1
202400035125;155 719 883;7;0;2;1;21;2
202400035126;155 719 879;17;0;1;1;2;1
202400035127;155 719 878;7;0;2;4;23;1
202400035127;155 719 880;1;0;2;1;1;0
202400035128;155 719 877;30;0;1;8;1;3
202400035129;155 719 875;7;4;0;3;13;1
202400035130;155 719 870;7;0;2;0;0;1
202400035130;155 719 872;50;0;2;8;1;3
202400035131;155 719 869;10;0;2;1;17;1
202400035131;155 719 871;7;0;2;2;17;1
202400035132;155 719 867;33;0;2;7;1;1
202400035132;155 719 874;7;0;2;1;9;1
202400035133;155 719 866;7;0;2;1;13;1
202400035133;155 719 868;7;0;2;6;17;1
202400035133;155 719 873;7;0;2;1;1;1
202400035133;155 719 876;15;0;2;8;1;1
202400035134;155 719 864;7;0;0;0;0;0
202400035135;155 719 863;7;0;2;3;11;1
202400035135;155 719 865;2;0;2;1;1;1
202400035136;155 719 861;50;0;0;0;1;3
202400035137;155 719 862;7;1;1;7;26;1
202400035138;155 719 860;7;0;2;3;2;1
202400035139;155 719 858;10;0;2;3;20;1
202400035139;155 719 859;50;0;2;1;25;3
202400035140;155 719 856;33;0;0;0;26;1
202400035141;155 719 854;7;0;2;1;1;1
202400035141;155 719 857;10;0;2;3;13;1
202400035142;155 719 852;7;0;2;4;1;1
202400035142;155 719 855;31;0;2;1;1;1
202400035143;155 719 851;7;0;2;4;2;1
202400035143;155 719 853;33;0;2;1;2;1
202400035144;155 719 850;31;0;0;0;16;1
202400035145;155 719 848;7;0;1;3;1;1
202400035146;155 719 847;32;12;0;8;1;1
202400035147;155 719 849;1;16;0;1;16;5
202400035148;155 719 845;33;0;1;1;1;1
202400035149;155 719 840;15;1;0;1;1;1
202400035149;155 719 843;10;13;0;3;9;1
202400035150;155 719 841;7;0;2;1;1;1
202400035150;155 719 846;7;0;2;1;15;1
202400035151;155 719 839;7;0;1;1;1;1
202400035152;155 719 842;31;0;2;8;23;1
202400035152;155 719 844;7;0;2;2;1;1
202400035153;155 719 835;7;0;2;1;1;1
202400035153;155 719 838;7;0;0;1;1;1
202400035154;155 719 833;7;0;2;3;2;1
202400035154;155 719 836;30;0;2;5;2;1
202400035155;155 719 834;33;0;2;1;0;1
202400035155;155 719 837;7;0;0;0;0;1
202400035156;155 719 831;7;0;2;1;0;1
202400035156;155 719 832;7;0;2;1;1;1
202400035157;155 719 828;34;0;0;1;1;1
202400035158;155 719 827;7;0;2;2;0;1
202400035158;155 719 830;32;0;0;8;1;1
202400035159;155 719 826;7;0;2;2;16;1
202400035159;155 719 829;1;0;2;1;1;5
202400035160;155 719 821;7;0;2;6;23;1
202400035160;155 719 823;31;0;2;1;1;1
202400035161;155 719 822;7;0;2;1;0;1
202400035161;155 719 824;7;0;2;7;15;1
202400035162;155 719 819;7;0;2;1;15;1
202400035162;155 719 820;10;0;2;1;1;1
202400035163;155 719 818;2;0;0;3;1;0
202400035164;155 719 816;1;0;1;1;1;5
202400035165;155 719 817;38;0;2;3;1;1
202400035165;155 719 825;33;0;2;0;17;1
202400035166;155 719 814;7;9;0;1;1;1
202400035167;155 719 813;33;0;2;1;17;1
202400035167;155 719 815;7;0;0;6;15;1
202400035168;155 719 811;7;0;1;2;1;1
202400035169;155 719 810;7;0;1;4;26;3
202400035170;155 719 809;7;0;2;6;0;1
202400035170;155 719 812;10;0;2;2;21;1
202400035171;155 719 807;7;0;2;1;13;1
202400035171;155 719 808;7;0;2;1;1;1
202400035172;155 719 803;1;0;2;0;1;5
202400035172;155 719 806;7;0;9;2;1;1
202400035173;155 719 805;7;0;1;1;1;2
202400035174;155 719 800;7;0;2;1;11;1
202400035174;155 719 802;15;0;0;7;13;1
202400035175;155 719 797;7;9;2;3;5;1
202400035175;155 719 799;7;0;2;8;1;1
202400035176;155 719 793;17;0;2;1;2;1
202400035176;155 719 794;17;14;0;6;2;1
202400035177;155 719 795;7;0;2;0;2;1
202400035177;155 719 798;10;0;2;4;2;1
202400035178;155 719 792;7;0;0;3;1;1
202400035178;155 719 796;14;0;2;5;12;1
202400035179;155 719 790;7;0;2;1;1;1
202400035179;155 719 791;7;0;0;4;26;1
202400035180;155 719 789;7;3;0;3;17;2
202400035181;155 719 787;10;13;0;9;1;1
202400035182;155 719 786;7;0;2;3;13;1
202400035182;155 719 788;31;0;2;1;1;1
202400035183;155 719 785;33;12;0;7;1;1
202400035184;155 719 781;7;6;0;1;1;1
202400035185;155 719 778;7;0;0;4;2;1
202400035185;155 719 782;38;0;2;2;2;1
202400035185;155 719 784;7;0;2;4;2;1
202400035186;155 719 777;33;0;2;1;1;1
202400035186;155 719 779;7;0;2;7;15;1
202400035187;155 719 776;7;0;2;3;19;1
202400035187;155 719 780;2;0;2;1;17;1
202400035187;155 719 783;33;0;2;1;17;1
202400035188;155 719 773;7;1;0;2;0;1
202400035189;155 719 770;7;0;2;1;26;1
202400035189;155 719 774;1;0;2;1;1;5
202400035189;155 719 775;1;0;9;1;1;5
202400035190;155 719 769;7;0;2;3;1;1
202400035190;155 719 772;30;0;2;1;13;3
202400035191;155 719 766;7;0;2;1;1;1
202400035191;155 719 768;7;0;2;4;1;1
202400035191;155 719 771;10;0;2;1;1;1
202400035192;155 719 764;33;0;2;1;1;1
202400035192;155 719 767;7;0;2;2;11;1
202400035193;155 719 761;7;0;2;2;17;1
202400035193;155 719 763;1;0;2;4;1;5
202400035194;155 719 757;33;0;2;7;3;1
202400035194;155 719 760;7;0;2;5;2;1
202400035194;155 719 762;7;0;2;3;2;2
202400035195;155 719 756;7;3;0;3;1;1
202400035195;155 719 759;7;0;0;3;1;1
202400035196;155 719 754;7;0;2;7;13;2
202400035196;155 719 758;7;0;2;1;1;1
202400035197;155 719 752;13;0;2;2;17;1
202400035197;155 719 755;7;6;2;3;17;3
202400035198;155 719 751;10;0;2;5;12;1
202400035198;155 719 753;7;0;2;3;2;1
202400035199;155 719 749;20;0;2;1;23;1
202400035199;155 719 750;7;1;0;7;1;1
202400035200;155 719 746;33;0;1;3;26;1
202400035201;155 719 745;42;0;2;1;3;1
202400035201;155 719 747;7;0;2;6;1;1
202400035202;155 719 744;7;16;0;2;13;1
202400035203;155 719 743;7;0;2;3;1;1
202400035203;155 719 748;7;0;2;5;15;1
202400035204;155 719 739;15;0;2;4;1;1
202400035204;155 719 741;15;0;2;1;1;1
202400035205;155 719 737;7;0;1;4;4;1
202400035206;155 719 732;15;0;2;7;1;1
202400035206;155 719 734;10;0;2;1;1;1
202400035206;155 719 736;7;0;2;1;13;1
202400035206;155 719 738;7;0;2;8;17;1
202400035207;155 719 729;7;0;1;2;1;1
202400035208;155 719 730;33;0;2;0;3;1
202400035208;155 719 731;7;0;2;0;0;1
202400035208;155 719 733;7;0;2;0;0;1
202400035208;155 719 735;7;0;2;0;0;1
202400035209;155 719 728;7;6;0;1;1;3
202400035210;155 719 726;7;0;2;3;1;1
202400035210;155 719 727;7;0;2;3;1;1
202400035211;155 719 725;7;13;0;9;1;1
202400035212;155 719 724;2;2;0;1;15;1
202400035213;155 719 721;7;0;2;4;4;1
202400035213;155 719 723;1;0;2;7;21;5
202400035214;155 719 719;7;0;2;3;15;1
202400035214;155 719 722;33;0;2;8;1;1
202400035215;155 719 718;32;3;0;8;16;1
202400035216;155 719 717;7;0;2;8;13;1
202400035216;155 719 720;33;0;2;7;0;1
202400035217;155 719 716;7;13;0;2;0;1
202400035218;155 719 714;7;0;1;3;1;1
202400035219;155 719 711;7;4;0;2;26;1
202400035220;155 719 712;7;0;2;8;1;1
202400035220;155 719 715;7;0;2;2;1;1
202400035221;155 719 710;15;0;2;1;2;1
202400035221;155 719 713;7;0;2;5;2;2
202400035222;155 719 709;7;0;1;1;1;1
202400035223;155 719 704;10;0;2;7;1;1
202400035223;155 719 708;7;0;2;1;19;1
202400035224;155 719 705;7;0;2;5;2;1
202400035224;155 719 707;7;0;2;1;2;1
202400035225;155 719 706;7;9;0;3;1;4
202400035226;155 719 700;7;0;2;3;1;1
202400035226;155 719 702;7;0;2;3;1;1
202400035227;155 719 698;50;0;2;1;26;3
202400035227;155 719 703;7;0;2;7;1;1
202400035228;155 719 695;32;0;2;3;3;1
202400035228;155 719 697;7;0;2;5;1;1
202400035228;155 719 699;7;0;2;7;1;1
202400035228;155 719 701;7;0;2;7;2;2
202400035229;155 719 693;7;0;2;3;1;2
202400035229;155 719 696;80;0;2;1;1;3
202400035230;155 719 691;17;0;0;2;1;1
202400035230;155 719 694;7;0;2;2;11;1
202400035231;155 719 689;7;0;2;2;1;1
202400035231;155 719 692;7;0;2;6;2;1
202400035232;155 719 688;7;0;2;7;12;1
202400035232;155 719 690;7;0;2;8;1;2
202400035233;155 719 686;7;6;0;1;14;1
202400035234;155 719 687;33;0;0;8;26;0
202400035235;155 719 683;7;0;2;7;1;1
202400035235;155 719 685;7;0;2;1;16;1
202400035236;155 719 682;32;0;2;3;3;1
202400035236;155 719 684;10;0;2;5;1;1
202400035237;155 719 681;15;0;1;2;2;1
202400035238;155 719 679;7;0;5;9;1;1
202400035238;155 719 680;10;0;2;9;1;1
202400035239;155 719 676;7;0;2;8;23;1
202400035239;155 719 678;14;0;2;2;14;1
202400035240;155 719 677;7;0;1;3;1;1
202400035241;155 719 674;10;3;2;2;12;1
202400035241;155 719 675;7;3;2;3;13;1
202400035242;155 719 671;10;0;2;8;11;1
202400035242;155 719 673;33;0;2;7;3;1
202400035243;155 719 668;36;13;0;1;14;1
202400035244;155 719 665;7;0;2;1;2;1
202400035244;155 719 667;10;0;2;4;2;1
202400035244;155 719 670;7;0;2;4;2;1
202400035244;155 719 672;10;0;2;4;2;1
202400035245;155 719 664;7;0;2;3;1;1
202400035245;155 719 669;7;0;2;1;15;1
202400035246;155 719 663;14;0;2;2;12;1
202400035246;155 719 666;7;0;2;8;1;1
202400035247;155 719 662;7;0;1;3;13;2
202400035248;155 719 660;7;0;2;1;2;2
202400035248;155 719 661;10;0;2;4;1;1
202400035249;155 719 657;7;0;1;1;2;1
202400035250;155 719 653;7;0;2;7;26;1
202400035250;155 719 655;7;1;2;0;9;0
202400035251;155 719 652;7;0;2;1;1;1
202400035251;155 719 656;7;0;2;3;13;1
202400035251;155 719 658;7;0;2;3;1;1
202400035252;155 719 654;30;0;2;1;17;1
202400035252;155 719 659;7;0;2;3;15;1
202400035253;155 719 646;1;0;2;7;1;5
202400035253;155 719 649;0;0;2;2;9;
202400035254;155 719 645;10;0;2;2;14;1
202400035254;155 719 651;7;0;2;3;1;1
202400035255;155 719 643;40;0;1;1;1;3
202400035256;155 719 644;30;0;2;1;19;1
202400035256;155 719 647;14;0;2;8;0;1
202400035257;155 719 642;7;2;0;3;1;1
202400035258;155 719 640;7;1;0;2;14;1
202400035259;155 719 637;7;0;2;4;1;0
202400035259;155 719 639;7;0;2;1;2;1
202400035259;155 719 641;7;0;2;1;2;1
202400035260;155 719 634;7;0;1;1;1;1
202400035261;155 719 635;7;0;2;2;9;1
202400035261;155 719 638;7;0;2;8;1;1
202400035262;155 719 633;33;0;2;1;17;1
202400035262;155 719 636;10;0;2;8;15;1
202400035263;155 719 630;7;0;2;4;2;1
202400035263;155 719 632;10;0;2;1;2;1
202400035264;155 719 628;2;0;2;1;1;1
202400035264;155 719 631;7;0;2;2;15;1
202400035265;155 719 624;7;4;2;0;2;1
202400035266;155 719 625;7;0;0;8;15;1
202400035266;155 719 627;2;1;2;5;17;1
202400035267;155 719 622;7;13;2;3;1;1
202400035267;155 719 623;7;0;2;3;1;1
202400035268;155 719 619;7;0;2;2;2;1
202400035268;155 719 621;7;0;2;6;1;1
202400035269;155 719 616;7;12;0;9;1;1
202400035270;155 719 617;7;0;1;2;1;1
202400035271;155 719 614;33;0;0;1;1;1
202400035271;155 719 618;7;0;0;3;1;1
202400035272;155 719 613;7;0;2;3;11;0
202400035272;155 719 615;50;0;2;5;1;3
202400035273;155 719 612;7;4;0;1;26;1
202400035274;155 719 607;10;0;2;6;1;1
202400035274;155 719 611;7;0;2;2;12;1
202400035275;155 719 609;7;0;2;3;20;1
202400035275;155 719 610;1;1;0;7;1;5
202400035276;155 719 604;32;0;0;7;21;1
202400035276;155 719 606;7;0;0;0;0;1
202400035277;155 719 602;7;4;0;9;1;1
202400035278;155 719 603;7;0;2;4;23;1
202400035278;155 719 605;7;0;2;1;1;1
202400035278;155 719 608;10;0;2;4;23;1
202400035279;155 719 599;7;0;1;7;1;1
202400035280;155 719 597;7;0;2;6;1;1
202400035280;155 719 600;15;0;2;0;0;0
202400035281;155 719 596;37;0;2;3;1;1
202400035281;155 719 601;7;0;2;2;15;1
202400035282;155 719 598;7;3;0;9;0;1
202400035283;155 719 593;7;0;2;7;13;1
202400035283;155 719 595;17;0;2;4;1;1
202400035284;155 719 594;30;12;0;1;1;1
202400035285;155 719 591;7;3;0;9;26;1
202400035286;155 719 588;7;4;0;2;0;1
202400035287;155 719 590;7;0;2;1;15;1
202400035287;155 719 592;2;0;2;8;1;1
202400035288;155 719 587;7;0;2;2;10;1
202400035288;155 719 589;32;0;2;1;2;1
202400035289;155 719 583;7;0;2;4;1;1
202400035289;155 719 585;14;0;2;1;1;1
202400035290;155 719 586;7;0;1;1;15;2
202400035291;155 719 580;10;0;2;9;0;1
202400035291;155 719 582;7;0;2;3;13;1
202400035292;155 719 579;7;4;0;1;1;1
202400035293;155 719 581;7;0;2;3;21;1
202400035293;155 719 584;7;0;2;5;1;1
202400035294;155 719 578;7;6;0;2;26;1
202400035295;155 719 576;7;8;0;1;26;1