Num_Acc;id_vehicule;categorie_vehicule;obstacle_fixe;obstacle_mobile;point_choc_initial;manoeuvre_principale;motorisation
202400035296;155 719 577;7;13;0;1;26;1
202400035297;155 719 575;1;0;2;0;0;5
202400035298;155 719 573;7;13;0;0;0;1
202400035299;155 719 572;0;0;1;1;1;1
202400035300;155 719 574;7;2;0;1;1;1
202400035301;155 719 570;7;0;2;2;1;2
202400035301;155 719 571;50;0;2;3;1;3
202400035302;155 719 567;7;0;0;0;0;0
202400035302;155 719 568;2;14;2;6;17;6
202400035303;155 719 566;7;1;2;2;14;1
202400035303;155 719 569;7;0;2;8;1;1
202400035304;155 719 565;50;0;1;0;21;3
202400035305;155 719 564;13;0;1;1;1;1
202400035306;155 719 562;7;9;0;1;1;1
202400035307;155 719 560;7;0;2;1;15;1
202400035307;155 719 563;2;0;2;1;15;1
202400035308;155 719 559;1;0;0;0;1;5
202400035309;155 719 558;33;0;2;1;1;1
202400035309;155 719 561;7;0;2;2;1;1
202400035310;155 719 553;7;0;2;7;2;1
202400035310;155 719 556;2;0;2;8;2;1
202400035311;155 719 551;7;0;2;1;17;1
202400035311;155 719 554;1;0;2;8;15;5
202400035312;155 719 555;7;0;2;6;1;1
202400035312;155 719 557;30;0;2;8;1;1
202400035313;155 719 550;7;0;2;1;2;1
202400035313;155 719 552;33;0;2;4;2;1
202400035314;155 719 549;31;0;0;0;21;1
202400035315;155 719 547;7;0;1;1;1;1
202400035316;155 719 545;7;14;0;1;1;3
202400035317;155 719 546;33;0;2;1;1;1
202400035317;155 719 548;7;0;2;4;9;1
202400035318;155 719 543;7;0;2;2;15;1
202400035318;155 719 544;33;0;2;9;1;1
202400035319;155 719 540;7;0;2;2;17;1
202400035319;155 719 542;7;0;2;3;15;1
202400035320;155 719 538;7;0;2;3;9;1
202400035320;155 719 541;50;0;2;7;1;3
202400035321;155 719 535;7;0;2;3;9;1
202400035321;155 719 536;31;0;2;7;1;1
202400035322;155 719 530;10;0;2;5;1;1
202400035322;155 719 534;7;0;2;1;17;1
202400035323;155 719 531;7;0;2;1;1;0
202400035323;155 719 533;7;0;2;1;1;1
202400035323;155 719 537;7;0;2;4;1;1
202400035324;155 719 527;7;6;0;1;14;1
202400035325;155 719 524;30;0;2;1;1;1
202400035325;155 719 526;7;0;2;8;15;1
202400035326;155 719 521;2;0;2;8;18;1
202400035326;155 719 523;7;0;2;2;16;1
202400035327;155 719 520;33;0;2;7;17;1
202400035327;155 719 522;10;0;2;1;15;1
202400035328;155 719 518;20;0;1;4;26;1
202400035329;155 719 517;10;0;2;1;15;1
202400035329;155 719 519;7;0;2;1;1;1
202400035330;155 719 515;7;0;1;0;0;0
202400035331;155 719 514;7;0;2;7;16;1
202400035331;155 719 516;50;0;2;0;19;3
202400035332;155 719 512;7;0;1;1;1;1
202400035333;155 719 508;7;0;0;0;0;1
202400035333;155 719 511;30;0;2;1;2;1
202400035334;155 719 510;7;0;1;3;1;1
202400035335;155 719 505;14;0;2;7;12;1
202400035335;155 719 507;43;0;2;8;1;1
202400035336;155 719 506;2;0;2;7;17;1
202400035336;155 719 509;2;0;2;7;0;1
202400035336;155 719 513;7;0;2;1;0;3
202400035337;155 719 504;7;0;1;7;26;2
202400035338;155 719 503;7;4;0;1;0;1
202400035339;155 719 499;7;0;2;1;3;1
202400035339;155 719 500;7;0;2;6;1;1
202400035339;155 719 502;7;0;2;7;0;2
202400035340;155 719 497;30;0;2;1;19;1
202400035340;155 719 501;7;0;2;2;15;1
202400035341;155 719 493;33;0;2;2;13;1
202400035341;155 719 495;30;0;2;3;26;1
202400035342;155 719 492;0;0;1;8;2;0
202400035343;155 719 491;33;0;2;1;2;1
202400035343;155 719 494;7;0;2;4;2;1
202400035344;155 719 489;7;8;0;1;1;1
202400035345;155 719 488;7;0;2;1;13;1
202400035345;155 719 490;7;0;2;1;1;1
202400035346;155 719 486;7;0;0;2;14;1
202400035347;155 719 485;7;0;2;2;1;1
202400035347;155 719 487;7;0;2;3;1;1
202400035348;155 719 483;7;0;1;2;1;2
202400035349;155 719 484;7;0;1;0;1;0
202400035350;155 719 482;31;0;1;0;26;1
202400035351;155 719 480;7;1;1;3;1;1
202400035352;155 719 479;7;1;0;1;1;0
202400035353;155 719 478;10;0;2;6;10;1
202400035353;155 719 481;33;0;2;8;2;1
202400035354;155 719 474;7;8;0;1;1;1
202400035355;155 719 475;7;0;2;1;1;1
202400035355;155 719 477;10;0;2;7;16;1
202400035356;155 719 472;7;0;0;1;2;1
202400035356;155 719 476;7;8;2;1;26;1
202400035357;155 719 471;7;9;2;8;1;1
202400035357;155 719 473;7;8;2;2;1;1
202400035358;155 719 470;7;0;1;3;15;1
202400035359;155 719 465;7;0;2;4;23;1
202400035359;155 719 467;7;0;2;1;2;1
202400035359;155 719 469;7;0;2;0;0;1
202400035360;155 719 466;7;0;2;1;1;1
202400035360;155 719 468;7;0;2;8;1;1
202400035361;155 719 461;31;0;2;2;17;1
202400035361;155 719 463;7;0;2;3;15;1
202400035362;155 719 462;7;0;2;1;1;1
202400035362;155 719 464;33;0;2;4;1;1
202400035363;155 719 459;7;0;2;7;15;1
202400035363;155 719 460;33;0;2;1;1;1
202400035364;155 719 454;37;0;2;3;1;3
202400035364;155 719 457;33;0;2;3;13;1
202400035365;155 719 455;7;0;2;2;9;1
202400035365;155 719 456;33;0;2;1;1;1
202400035366;155 719 453;7;0;2;1;1;1
202400035366;155 719 458;0;0;2;0;0;0
202400035367;155 719 452;10;0;1;3;1;1
202400035368;155 719 451;33;0;0;3;1;1
202400035369;155 719 450;43;0;1;1;3;1
202400035370;155 719 447;7;0;2;2;20;1
202400035370;155 719 449;50;0;2;3;1;3
202400035371;155 719 444;7;0;2;3;2;1
202400035371;155 719 448;50;0;2;8;2;3
202400035372;155 719 443;7;0;2;3;1;1
202400035372;155 719 446;1;0;2;4;1;5
202400035373;155 719 442;7;0;9;2;15;1
202400035373;155 719 445;1;0;2;1;1;5
202400035374;155 719 437;7;0;1;2;16;1
202400035375;155 719 439;30;0;2;1;1;1
202400035375;155 719 441;7;0;2;7;15;1
202400035376;155 719 434;7;0;2;1;2;1
202400035376;155 719 435;10;0;2;4;2;1
202400035376;155 719 436;7;0;2;4;1;2
202400035377;155 719 433;7;6;0;1;16;1
202400035378;155 719 432;1;0;1;1;1;5
202400035379;155 719 430;7;1;0;1;2;1
202400035379;155 719 431;7;0;2;4;23;1
202400035380;155 719 425;33;0;2;1;1;1
202400035380;155 719 427;7;0;2;3;26;1
202400035381;155 719 424;33;0;2;1;13;1
202400035381;155 719 428;80;0;2;3;1;3
202400035382;155 719 426;1;0;2;1;1;5
202400035382;155 719 429;10;0;2;2;16;1
202400035383;155 719 423;7;0;1;1;1;2
202400035384;155 719 419;7;0;2;6;1;1
202400035384;155 719 422;30;0;2;1;1;1
202400035385;155 719 417;13;0;0;0;0;1
202400035385;155 719 420;2;0;9;0;2;1
202400035386;155 719 418;2;0;2;8;16;1
202400035386;155 719 421;7;0;0;8;1;2
202400035387;155 719 415;30;1;2;1;14;3
202400035387;155 719 416;1;0;2;0;0;5
202400035388;155 719 411;7;0;2;3;1;1
202400035388;155 719 414;10;0;2;2;1;1
202400035389;155 719 412;30;14;1;7;1;1
202400035390;155 719 410;10;0;2;2;26;0
202400035390;155 719 413;10;0;2;2;1;6
202400035391;155 719 405;7;0;1;3;1;1
202400035392;155 719 407;80;0;1;7;1;3
202400035393;155 719 406;40;0;2;1;1;3
202400035393;155 719 409;1;0;4;4;15;5
202400035394;155 719 404;1;0;2;1;1;5
202400035394;155 719 408;14;0;2;7;1;1
202400035395;155 719 398;7;0;1;2;1;1
202400035396;155 719 401;7;0;2;8;10;1
202400035396;155 719 403;7;0;2;1;1;1
202400035397;155 719 400;7;0;0;2;1;1
202400035397;155 719 402;1;0;2;1;1;5
202400035398;155 719 397;7;0;2;6;2;1
202400035398;155 719 399;31;0;2;1;2;1
202400035399;155 719 393;7;0;1;3;1;1
202400035400;155 719 394;7;0;2;1;1;1
202400035400;155 719 396;7;0;2;4;1;1
202400035401;155 719 395;1;12;0;2;14;5
202400035402;155 719 390;33;12;2;4;26;1
202400035402;155 719 392;7;0;2;1;1;
202400035403;155 719 387;7;0;9;6;0;1
202400035403;155 719 389;1;0;0;0;0;5
202400035404;155 719 385;7;0;2;2;1;1
202400035404;155 719 388;7;6;2;4;16;0
202400035405;155 719 386;31;1;1;1;17;1
202400035406;155 719 380;10;0;2;1;13;1
202400035406;155 719 383;7;0;2;1;1;1
202400035407;155 719 379;7;0;2;4;23;1
202400035407;155 719 382;2;0;2;1;1;1
202400035408;155 719 375;7;0;2;1;2;1
202400035408;155 719 384;7;0;2;4;2;1
202400035409;155 719 373;7;0;2;2;1;1
202400035409;155 719 376;50;0;2;1;25;3
202400035410;155 719 372;7;0;2;2;15;1
202400035410;155 719 374;7;0;2;3;1;0
202400035411;155 719 371;7;0;2;2;23;1
202400035411;155 719 377;7;0;2;2;5;1
202400035412;155 719 365;7;0;1;1;1;2
202400035413;155 719 367;7;1;0;4;17;1
202400035413;155 719 370;33;1;2;1;17;1
202400035414;155 719 366;7;0;2;1;21;1
202400035414;155 719 368;7;1;2;3;24;1
202400035414;155 719 369;7;0;2;1;21;1
202400035415;155 719 364;7;2;0;1;13;1
202400035416;155 719 361;7;0;1;1;1;1
202400035417;155 719 360;31;0;2;1;1;1
202400035417;155 719 362;7;0;2;2;15;1
202400035418;155 719 357;7;0;2;1;1;1
202400035418;155 719 363;7;0;2;8;15;1
202400035419;155 719 359;7;1;0;2;16;1
202400035420;155 719 356;7;0;2;1;1;1
202400035420;155 719 358;10;0;2;1;1;1
202400035421;155 719 352;7;0;2;1;1;1
202400035421;155 719 354;7;0;2;1;15;1
202400035422;155 719 351;31;0;2;1;1;0
202400035422;155 719 353;7;0;2;0;15;0
202400035423;155 719 355;7;6;0;1;16;1
202400035424;155 719 344;7;0;2;2;15;1
202400035424;155 719 345;1;0;2;3;1;5
202400035425;155 719 343;7;0;2;3;5;1
202400035425;155 719 346;7;0;2;3;1;1
202400035425;155 719 350;7;0;2;3;1;1
202400035426;155 719 341;7;0;2;3;9;1
202400035426;155 719 348;32;0;2;1;1;1
202400035427;155 719 342;30;0;2;2;1;1
202400035427;155 719 347;7;0;2;3;9;0
202400035427;155 719 349;7;0;0;0;15;1
202400035428;155 719 337;7;0;2;2;5;1
202400035428;155 719 340;7;0;2;1;7;1
202400035429;155 719 336;10;0;2;3;23;1
202400035429;155 719 339;7;0;2;3;16;0
202400035430;155 719 338;7;0;1;2;21;1
202400035431;155 719 334;33;8;2;3;17;1
202400035431;155 719 335;7;0;2;0;0;1
202400035432;155 719 331;10;0;2;1;13;1
202400035432;155 719 332;7;0;2;1;0;1
202400035433;155 719 330;7;0;2;1;15;1
202400035433;155 719 333;1;0;2;1;1;0
202400035434;155 719 328;7;2;0;2;16;1
202400035435;155 719 327;30;0;2;0;0;1
202400035435;155 719 329;30;0;2;0;0;1
202400035436;155 719 325;7;0;1;1;1;1
202400035437;155 719 326;7;0;1;1;16;1
202400035438;155 719 322;30;15;1;1;25;1
202400035439;155 719 321;10;0;1;1;1;1
202400035440;155 719 319;15;0;2;1;2;1
202400035440;155 719 320;7;0;2;4;2;1
202400035441;155 719 316;7;0;1;1;1;1
202400035442;155 719 315;7;0;2;8;26;1
202400035442;155 719 317;31;0;2;7;0;1
202400035443;155 719 314;2;0;2;1;1;1
202400035443;155 719 318;10;0;2;2;15;1
202400035444;155 719 311;7;8;0;1;26;1
202400035445;155 719 310;50;0;2;3;26;3
202400035445;155 719 312;10;0;2;2;1;1
202400035446;155 719 309;33;0;2;2;1;1
202400035446;155 719 313;7;0;2;3;15;1
202400035447;155 719 306;7;0;2;2;1;1
202400035447;155 719 308;7;0;2;6;1;1
202400035448;155 719 305;50;0;0;1;1;3
202400035449;155 719 303;1;0;2;2;1;5
202400035449;155 719 307;7;0;2;3;9;1
202400035450;155 719 298;7;0;2;2;1;1
202400035450;155 719 300;80;0;2;1;1;3
202400035451;155 719 296;10;0;2;7;16;1
202400035451;155 719 299;50;0;2;1;1;3
202400035452;155 719 292;7;0;2;3;9;1
202400035452;155 719 294;80;0;2;2;1;3
202400035453;155 719 295;7;0;2;1;1;1
202400035453;155 719 301;7;0;2;3;1;1
202400035454;155 719 293;1;1;0;8;1;5
202400035454;155 719 297;7;1;0;7;22;1
202400035455;155 719 291;31;7;0;2;26;1
202400035456;155 719 286;7;0;1;3;1;2
202400035457;155 719 285;7;0;2;1;13;0
202400035457;155 719 289;7;0;2;1;0;0
202400035458;155 719 287;7;0;9;3;15;1
202400035458;155 719 290;1;0;2;1;1;5
202400035459;155 719 288;7;0;1;1;15;1
202400035460;155 719 283;13;0;2;5;4;1
202400035460;155 719 284;7;0;2;2;1;1
202400035461;155 719 280;10;0;1;1;1;0
202400035462;155 719 278;30;0;2;1;26;1
202400035462;155 719 281;7;0;2;5;26;1
202400035463;155 719 275;13;0;2;1;1;1
202400035463;155 719 277;2;0;2;1;13;1
202400035464;155 719 272;7;0;2;1;21;1
202400035464;155 719 274;3;0;2;1;17;1
202400035465;155 719 269;10;0;2;1;2;1
202400035465;155 719 271;7;0;2;4;2;1
202400035465;155 719 273;7;0;2;4;2;1
202400035465;155 719 276;7;0;2;4;2;1
202400035465;155 719 279;7;0;2;4;2;1
202400035465;155 719 282;43;0;2;4;2;1
202400035466;155 719 266;7;0;1;1;19;6
202400035467;155 719 267;7;0;2;1;5;1
202400035467;155 719 270;30;0;2;1;1;1
202400035468;155 719 263;33;0;2;1;1;1
202400035468;155 719 265;1;0;2;7;10;5
202400035469;155 719 261;7;0;2;8;10;1
202400035469;155 719 268;33;0;2;1;1;1
202400035470;155 719 260;7;0;0;1;1;1
202400035470;155 719 264;33;0;0;0;1;1
202400035471;155 719 259;32;0;2;0;0;0
202400035471;155 719 262;7;0;2;2;15;0
202400035472;155 719 255;7;0;2;3;1;1
202400035472;155 719 258;7;0;2;1;1;1
202400035473;155 719 257;7;5;0;2;0;1
202400035474;155 719 253;7;0;2;3;13;1
202400035474;155 719 254;7;0;2;3;13;1
202400035475;155 719 252;7;0;2;5;15;1
202400035475;155 719 256;7;0;2;1;1;1
202400035476;155 719 249;1;0;2;1;1;5
202400035476;155 719 251;7;0;2;2;1;1
202400035477;155 719 244;7;0;2;3;11;2
202400035477;155 719 246;33;0;2;2;1;1
202400035478;155 719 245;31;0;2;1;1;1
202400035478;155 719 248;33;0;2;1;1;1
202400035478;155 719 250;7;0;2;2;15;1
202400035479;155 719 243;7;0;2;1;13;1
202400035479;155 719 247;7;0;2;1;1;1
202400035480;155 719 242;31;0;1;0;1;0
202400035481;155 719 239;7;0;2;1;2;1
202400035481;155 719 241;31;8;2;4;23;1
202400035482;155 719 237;7;0;2;1;1;2
202400035482;155 719 240;7;0;2;8;15;1
202400035483;155 719 236;7;1;2;1;1;1
202400035483;155 719 238;7;1;2;6;15;1
202400035484;155 719 233;7;0;2;2;15;1
202400035484;155 719 235;33;0;2;3;1;1
202400035485;155 719 232;21;0;0;0;13;1
202400035486;155 719 229;10;0;2;4;4;1
202400035486;155 719 231;33;0;2;1;23;1
202400035487;155 719 226;1;0;2;3;7;5
202400035487;155 719 228;33;0;9;5;14;1
202400035488;155 719 227;1;0;0;8;1;5
202400035488;155 719 230;7;0;2;7;13;1
202400035489;155 719 225;7;15;0;9;1;1
202400035490;155 719 221;2;6;0;1;10;1
202400035491;155 719 219;37;0;2;4;1;1
202400035491;155 719 222;10;0;2;1;2;1
202400035491;155 719 224;7;0;2;7;1;1
202400035492;155 719 220;7;0;9;8;22;1
202400035492;155 719 223;80;1;0;2;1;3
202400035493;155 719 217;33;0;2;8;1;1
202400035493;155 719 218;7;0;2;2;15;1
202400035494;155 719 213;7;0;2;1;15;1
202400035494;155 719 216;2;0;2;8;1;1
202400035495;155 719 212;10;0;2;1;2;1
202400035495;155 719 215;7;3;2;4;2;1
202400035496;155 719 211;7;0;2;2;1;3
202400035496;155 719 214;50;0;2;1;2;3
202400035497;155 719 209;7;0;2;3;9;1
202400035497;155 719 210;50;0;2;1;1;3
202400035498;155 719 204;1;0;2;3;15;5
202400035498;155 719 208;38;0;2;3;16;1
202400035499;155 719 202;1;0;2;0;1;5
202400035499;155 719 207;7;0;2;0;16;0
202400035500;155 719 201;7;0;2;3;16;2
202400035500;155 719 206;33;0;2;2;1;1
202400035501;155 719 203;2;12;2;7;1;1
202400035501;155 719 205;7;12;2;8;1;1
202400035502;155 719 197;7;0;0;0;1;1
202400035503;155 719 196;31;1;0;0;26;1
202400035503;155 719 200;7;0;2;0;0;1
202400035504;155 719 198;1;0;0;0;1;5
202400035505;155 719 194;7;0;2;1;1;1
202400035505;155 719 195;7;0;2;4;1;1
202400035506;155 719 191;7;0;1;3;1;1
202400035507;155 719 188;7;0;1;1;15;1
202400035508;155 719 185;10;0;2;0;9;1
202400035508;155 719 187;33;0;2;3;1;1
202400035509;155 719 186;31;0;2;1;2;1
202400035509;155 719 189;10;0;2;4;1;1
202400035510;155 719 184;33;0;0;8;15;1
202400035511;155 719 182;7;1;0;1;26;1
202400035511;155 719 190;7;0;2;4;;1
202400035511;155 719 192;7;0;0;4;;1
202400035512;155 719 181;7;0;2;1;15;1
202400035512;155 719 183;2;0;2;7;1;3
202400035513;155 719 176;7;0;2;3;17;1
202400035513;155 719 178;7;0;2;1;1;1
202400035514;155 719 175;1;0;1;1;1;5
202400035515;155 719 170;37;0;9;1;2;3
202400035515;155 719 172;80;0;2;8;2;3
202400035516;155 719 173;33;0;2;8;2;1
202400035516;155 719 179;7;0;2;1;15;1
202400035517;155 719 168;7;0;2;3;17;6
202400035517;155 719 171;10;0;2;1;1;6
202400035517;155 719 174;7;0;2;1;2;6
202400035518;155 719 165;1;8;0;1;1;5
202400035519;155 719 161;10;0;2;2;20;1
202400035519;155 719 164;50;0;2;0;0;3
202400035520;155 719 160;33;0;9;3;23;1
202400035520;155 719 163;80;0;2;2;2;3
202400035521;155 719 159;7;0;1;3;16;2
202400035522;155 719 156;7;4;0;9;26;1
202400035523;155 719 158;50;0;0;0;1;3
202400035524;155 719 157;7;0;2;1;1;1
202400035524;155 719 162;7;0;2;2;1;1
202400035525;155 719 153;10;0;9;5;26;1
202400035525;155 719 155;50;0;2;1;2;3
202400035526;155 719 152;7;0;2;2;21;1
202400035526;155 719 154;10;0;2;2;5;1
202400035527;155 719 151;7;0;1;1;1;1
202400035528;155 719 150;7;0;1;3;1;1
202400035529;155 719 147;7;0;6;1;0;2
202400035530;155 719 146;10;0;2;7;15;1
202400035530;155 719 148;7;0;2;1;1;1
202400035531;155 719 145;1;0;2;1;5;5
202400035531;155 719 149;7;0;2;1;15;1
202400035532;155 719 143;7;0;2;6;11;1
202400035532;155 719 144;7;0;2;2;1;1
202400035533;155 719 141;7;0;1;2;1;1
202400035534;155 719 137;34;0;1;1;1;1
202400035535;155 719 138;7;0;0;2;2;1
202400035535;155 719 140;7;1;0;0;0;1
202400035536;155 719 134;32;0;2;1;1;1
202400035536;155 719 142;7;0;2;3;19;1
202400035537;155 719 136;7;7;2;4;1;1
202400035537;155 719 139;7;0;2;1;1;2
202400035538;155 719 132;7;0;2;3;13;2
202400035538;155 719 133;7;0;2;1;1;1
202400035538;155 719 135;7;0;2;3;1;1
202400035539;155 719 131;33;0;1;3;1;1
202400035540;155 719 129;7;0;1;1;2;1
202400035541;155 719 124;1;0;2;2;1;5
202400035541;155 719 127;7;0;0;8;16;1
202400035542;155 719 122;7;0;2;1;1;1
202400035542;155 719 128;7;0;2;2;16;1
202400035543;155 719 121;33;0;2;3;17;1
202400035543;155 719 125;7;0;0;2;15;1
202400035544;155 719 123;2;0;2;4;0;1
202400035544;155 719 126;7;0;2;4;0;1
202400035544;155 719 130;7;0;2;1;2;1
202400035545;155 719 119;7;0;2;5;15;3
202400035545;155 719 120;30;0;2;1;1;1
202400035546;155 719 114;10;1;0;2;0;1
202400035546;155 719 117;33;1;0;0;0;1
202400035547;155 719 113;32;0;2;2;17;1
202400035547;155 719 116;7;0;2;3;0;1
202400035548;155 719 115;15;0;2;1;2;1
202400035548;155 719 118;15;0;2;4;2;1
202400035549;155 719 109;7;0;1;2;16;1
202400035550;155 719 111;7;0;2;1;1;1
202400035550;155 719 112;1;0;2;8;19;5
202400035551;155 719 110;7;12;1;1;26;1
202400035552;155 719 107;7;1;0;2;14;1
202400035553;155 719 105;7;0;2;1;13;1
202400035553;155 719 108;14;0;2;3;1;1
202400035554;155 719 102;7;0;2;1;13;1
202400035554;155 719 106;13;0;2;1;1;1
202400035555;155 719 098;7;0;2;1;1;0
202400035555;155 719 104;7;0;2;5;1;0
202400035556;155 719 097;7;0;0;1;19;0
202400035556;155 719 101;7;7;0;7;1;1
202400035557;155 719 099;7;0;2;0;21;1
202400035557;155 719 103;2;16;2;1;19;1
202400035558;155 719 095;50;0;0;0;0;3
202400035559;155 719 094;7;0;1;7;1;1
202400035560;155 719 087;32;1;0;2;1;1
202400035560;155 719 092;10;0;0;6;1;1
202400035561;155 719 086;10;1;2;2;0;1
202400035561;155 719 089;7;0;2;3;22;1
202400035562;155 719 084;7;0;0;4;2;1
202400035562;155 719 088;7;0;2;1;2;1
202400035562;155 719 091;7;0;2;1;2;1
202400035563;155 719 083;33;0;2;8;23;1
202400035563;155 719 085;7;0;2;3;1;1
202400035564;155 719 080;40;0;1;2;26;0
202400035565;155 719 081;7;6;0;1;1;1
202400035566;155 719 078;33;0;2;1;1;1
202400035566;155 719 082;7;0;2;6;9;1
202400035567;155 719 077;7;0;1;2;15;1
202400035568;155 719 076;13;0;2;6;23;1
202400035568;155 719 079;7;1;0;7;1;1
202400035569;155 719 074;15;0;1;0;26;0
202400035570;155 719 075;10;0;1;2;0;0
202400035571;155 719 071;7;0;2;1;9;1
202400035571;155 719 073;2;0;2;8;1;1
202400035572;155 719 069;7;0;2;1;1;1
202400035572;155 719 072;7;0;2;4;1;1
202400035573;155 719 066;17;3;9;1;6;1
202400035574;155 719 064;7;0;2;1;1;1
202400035574;155 719 068;7;0;2;8;15;1
202400035575;155 719 062;7;0;2;2;1;1
202400035575;155 719 065;7;0;2;3;1;1
202400035576;155 719 060;7;0;2;1;1;1
202400035576;155 719 063;7;0;2;4;2;1
202400035576;155 719 067;7;0;2;5;1;1
202400035576;155 719 070;7;0;2;1;5;2
202400035577;155 719 056;7;0;1;6;4;3
202400035578;155 719 059;13;0;2;3;1;1
202400035578;155 719 061;1;0;2;3;1;5
202400035579;155 719 055;7;0;9;3;1;1
202400035579;155 719 057;1;0;2;4;12;5
202400035580;155 719 054;7;0;2;2;1;1
202400035580;155 719 058;7;0;2;3;19;1
202400035581;155 719 053;7;6;0;3;26;1
202400035582;155 719 049;7;2;0;3;14;1
202400035583;155 719 048;50;0;2;1;1;3
202400035583;155 719 051;7;0;2;2;15;1
202400035584;155 719 046;7;0;2;2;15;2
202400035584;155 719 050;33;0;2;1;1;1
202400035585;155 719 047;33;0;2;1;18;1
202400035585;155 719 052;7;0;2;5;14;3
202400035586;155 719 044;7;1;0;1;1;1
202400035587;155 719 045;7;6;0;1;14;2
202400035588;155 719 043;7;0;1;2;14;1
202400035589;155 719 040;1;0;2;1;1;5
202400035589;155 719 042;7;0;2;3;19;1
202400035590;155 719 037;7;0;2;1;1;1
202400035590;155 719 041;7;0;2;7;1;1
202400035591;155 719 033;7;0;2;4;2;1
202400035591;155 719 036;7;0;2;3;1;1
202400035591;155 719 039;15;0;2;1;2;1
202400035592;155 719 035;7;0;2;3;13;1
202400035592;155 719 038;13;0;2;3;1;1
202400035593;155 719 031;7;0;2;1;15;2
202400035593;155 719 034;7;0;2;1;2;1
202400035594;155 719 029;7;0;2;1;2;1
202400035594;155 719 032;7;0;2;4;0;1
202400035595;155 719 027;10;16;0;2;21;1
202400035596;155 719 026;7;0;9;1;26;1
202400035596;155 719 030;1;0;2;8;25;5
202400035597;155 719 025;33;0;2;1;1;1
202400035597;155 719 028;21;0;0;6;1;1
202400035598;155 719 024;7;0;1;1;1;1
202400035599;155 719 023;7;6;0;1;14;1
202400035600;155 719 021;17;0;0;6;23;1
202400035600;155 719 022;7;0;2;1;21;1
202400035601;155 719 016;7;0;2;1;2;2
202400035601;155 719 020;33;0;2;4;2;1
202400035602;155 719 015;7;0;2;3;15;3
202400035602;155 719 018;34;0;2;1;1;1
202400035603;155 719 017;10;0;2;3;1;1
202400035603;155 719 019;14;0;2;3;1;1
202400035604;155 719 011;1;0;2;7;26;5
202400035604;155 719 014;7;0;9;1;26;3
202400035605;155 719 012;31;0;2;1;1;1
202400035605;155 719 013;7;0;2;1;15;1
202400035606;155 719 007;43;0;2;0;0;1
202400035606;155 719 010;7;0;2;3;1;1
202400035607;155 719 008;2;0;;;1;1
202400035608;155 719 006;2;0;2;3;1;0
202400035608;155 719 009;7;0;2;1;9;1
202400035609;155 719 005;7;2;0;1;1;1
202400035610;155 719 002;7;2;0;1;13;1
202400035611;155 719 000;7;0;2;1;13;1
202400035611;155 719 003;15;0;2;1;1;1
202400035612;155 719 001;7;0;2;8;11;1
202400035612;155 719 004;2;0;2;1;2;1
202400035613;155 718 999;0;0;1;1;11;0
202400035614;155 718 997;7;0;2;7;16;1
202400035614;155 718 998;7;0;2;1;11;1
202400035615;155 718 995;7;2;0;2;1;1
202400035616;155 718 992;7;0;2;2;15;1
202400035616;155 718 996;2;0;2;1;1;0
202400035617;155 718 990;30;0;2;1;1;1
202400035617;155 718 993;7;0;2;4;20;3
202400035618;155 718 991;30;0;2;3;7;1
202400035618;155 718 994;7;0;2;2;16;1
202400035619;155 718 986;7;0;0;4;1;1
202400035619;155 718 989;7;0;2;1;2;1
202400035620;155 718 983;7;0;2;1;19;1
202400035620;155 718 987;7;0;2;3;1;1
202400035621;155 718 982;7;0;2;1;1;1
202400035621;155 718 985;7;0;2;7;15;1
202400035621;155 718 988;7;0;2;1;1;1
202400035622;155 718 981;7;13;0;2;1;1
202400035623;155 718 980;7;3;2;3;1;1
202400035623;155 718 984;7;3;2;1;1;1
202400035624;155 718 977;33;0;2;2;17;1
202400035624;155 718 978;1;0;2;8;1;5
202400035624;155 718 979;7;0;2;3;15;2
202400035625;155 718 975;10;0;1;8;1;1
202400035626;155 718 973;7;0;0;8;10;1
202400035626;155 718 976;33;0;2;1;1;1
202400035627;155 718 972;7;11;2;1;0;1
202400035627;155 718 974;7;2;2;1;0;1
202400035628;155 718 969;7;0;2;3;1;1
202400035628;155 718 970;31;0;2;7;1;1
202400035629;155 718 966;7;0;2;1;19;1
202400035629;155 718 971;7;0;2;8;1;1
202400035630;155 718 965;33;0;2;1;1;1
202400035630;155 718 968;33;0;2;1;13;1
202400035631;155 718 963;1;0;2;8;9;5
202400035631;155 718 967;7;0;2;2;12;1
202400035632;155 718 956;7;0;2;3;1;0
202400035632;155 718 960;33;0;2;3;1;1
202400035633;155 718 955;7;0;2;3;5;2
202400035633;155 718 959;7;0;2;0;1;1
202400035633;155 718 962;7;0;2;3;1;1
202400035633;155 718 964;7;0;2;3;1;1
202400035634;155 718 954;7;0;2;1;1;1
202400035634;155 718 958;1;0;2;4;1;5
202400035635;155 718 953;7;0;2;4;1;0
202400035635;155 718 957;7;1;2;1;1;1
202400035635;155 718 961;7;0;2;6;24;1
202400035636;155 718 952;10;0;1;3;1;1
202400035637;155 718 948;7;1;0;2;1;1
202400035638;155 718 950;17;6;0;1;13;1
202400035639;155 718 947;7;0;0;1;2;2
202400035639;155 718 949;7;0;0;4;2;1