Num_Acc;id_vehicule;categorie_vehicule;obstacle_fixe;obstacle_mobile;point_choc_initial;manoeuvre_principale;motorisation
202400036686;155 717 093;7;0;2;4;1;1
202400036687;155 717 088;7;0;2;1;13;1
202400036687;155 717 090;7;0;2;5;17;1
202400036687;155 717 092;7;0;2;2;2;1
202400036688;155 717 087;10;0;2;2;2;1
202400036688;155 717 089;10;0;2;6;1;1
202400036689;155 717 085;7;0;1;4;20;2
202400036690;155 717 086;10;0;1;1;1;1
202400036691;155 717 083;7;0;2;1;1;1
202400036691;155 717 084;7;0;2;3;1;1
202400036692;155 717 081;10;0;1;1;1;0
202400036693;155 717 080;7;0;2;2;1;1
202400036693;155 717 082;30;0;2;1;0;1
202400036694;155 717 077;7;0;2;1;5;1
202400036694;155 717 079;7;0;2;1;1;1
202400036695;155 717 076;2;0;2;4;1;1
202400036695;155 717 078;7;0;2;1;1;1
202400036696;155 717 071;32;0;2;1;19;1
202400036696;155 717 075;7;0;2;7;19;1
202400036697;155 717 070;7;0;2;1;1;1
202400036697;155 717 073;7;0;2;4;1;1
202400036698;155 717 072;7;0;2;1;17;1
202400036698;155 717 074;10;0;2;3;15;1
202400036699;155 717 067;7;1;2;1;17;1
202400036699;155 717 069;31;0;2;1;1;1
202400036700;155 717 066;7;0;1;1;1;1
202400036701;155 717 065;33;0;2;5;1;1
202400036701;155 717 068;7;0;2;3;9;1
202400036702;155 717 061;33;0;0;7;1;1
202400036703;155 717 062;33;0;2;8;1;1
202400036703;155 717 064;7;0;2;2;1;1
202400036704;155 717 059;7;0;2;9;2;1
202400036704;155 717 060;7;0;2;5;2;1
202400036704;155 717 063;7;0;2;1;2;1
202400036705;155 717 058;7;0;1;1;20;1
202400036706;155 717 057;50;12;0;1;1;3
202400036707;155 717 056;30;0;1;1;1;1
202400036708;155 717 053;33;0;2;1;1;1
202400036708;155 717 055;7;0;2;2;15;1
202400036709;155 717 052;7;0;2;1;13;1
202400036709;155 717 054;7;0;2;1;1;1
202400036710;155 717 051;7;0;1;1;1;1
202400036711;155 717 049;30;0;1;1;2;1
202400036712;155 717 048;10;0;2;7;15;1
202400036712;155 717 050;33;0;2;1;1;1
202400036713;155 717 045;2;0;2;8;1;1
202400036713;155 717 046;7;0;2;3;15;1
202400036714;155 717 043;7;0;1;3;16;1
202400036715;155 717 044;7;0;1;1;1;0
202400036716;155 717 042;7;0;1;3;1;1
202400036717;155 717 039;2;0;1;1;1;1
202400036718;155 717 038;7;0;2;1;2;1
202400036718;155 717 040;7;0;2;9;0;1
202400036718;155 717 041;7;0;2;4;2;1
202400036719;155 717 036;7;0;2;1;1;1
202400036719;155 717 037;10;0;2;1;1;1
202400036720;155 717 034;33;0;2;7;17;1
202400036720;155 717 035;10;0;2;8;1;1
202400036721;155 717 030;7;0;2;3;1;1
202400036721;155 717 032;7;0;2;2;0;1
202400036722;155 717 031;7;0;2;2;2;1
202400036722;155 717 033;7;0;2;6;26;2
202400036723;155 717 029;38;0;1;2;1;1
202400036724;155 717 027;33;0;2;8;3;1
202400036724;155 717 028;7;0;2;7;12;1
202400036725;155 717 025;7;0;2;3;2;1
202400036725;155 717 026;7;0;0;5;1;1
202400036726;155 717 021;7;0;2;8;23;1
202400036726;155 717 023;7;0;2;7;23;2
202400036726;155 717 024;1;0;2;2;3;5
202400036727;155 717 022;7;0;1;1;26;1
202400036728;155 717 020;32;12;0;3;16;1
202400036729;155 717 018;7;0;2;1;0;1
202400036729;155 717 019;7;0;2;1;0;0
202400036730;155 717 016;34;0;2;1;1;3
202400036730;155 717 017;50;0;2;1;15;3
202400036731;155 717 015;7;0;1;1;26;1
202400036732;155 717 014;7;0;1;2;1;2
202400036733;155 717 013;10;0;1;1;1;1
202400036734;155 717 012;7;0;1;2;16;3
202400036735;155 717 010;7;0;2;1;2;2
202400036735;155 717 011;7;0;2;4;2;1
202400036736;155 717 008;10;0;1;1;1;1
202400036737;155 717 005;7;0;1;3;1;1
202400036738;155 717 003;7;0;2;8;0;1
202400036738;155 717 004;7;0;1;4;0;1
202400036738;155 717 006;7;0;2;6;0;1
202400036738;155 717 007;7;1;2;7;0;1
202400036738;155 717 009;7;0;2;3;0;1
202400036739;155 717 001;10;0;2;2;1;1
202400036739;155 717 002;33;0;2;4;23;1
202400036740;155 716 999;50;0;2;1;1;3
202400036740;155 717 000;7;0;2;3;26;1
202400036741;155 716 997;10;0;2;2;1;1
202400036741;155 716 998;7;0;2;6;1;1
202400036742;155 716 996;7;15;0;1;13;1
202400036743;155 716 994;80;0;2;1;1;3
202400036743;155 716 995;1;0;2;4;1;5
202400036744;155 716 992;7;0;2;1;13;1
202400036744;155 716 993;7;0;2;1;13;1
202400036745;155 716 991;50;0;1;0;1;3
202400036746;155 716 987;30;0;2;1;2;1
202400036746;155 716 989;7;0;2;6;15;1
202400036747;155 716 985;10;0;1;3;1;1
202400036748;155 716 984;7;0;2;1;15;0
202400036748;155 716 986;33;0;2;8;1;0
202400036749;155 716 983;32;0;1;1;21;1
202400036750;155 716 982;7;0;1;2;16;1
202400036751;155 716 979;50;0;2;1;1;3
202400036751;155 716 981;60;0;2;1;19;5
202400036752;155 716 974;7;0;2;8;1;2
202400036752;155 716 975;33;0;2;1;3;1
202400036752;155 716 977;32;0;2;4;9;1
202400036752;155 716 978;7;0;2;8;1;2
202400036752;155 716 980;7;0;2;8;1;2
202400036753;155 716 973;33;0;2;2;2;1
202400036753;155 716 976;7;0;2;6;15;1
202400036754;155 716 970;33;0;2;3;1;1
202400036754;155 716 972;10;0;2;5;12;2
202400036755;155 716 969;32;0;2;1;2;0
202400036755;155 716 971;32;0;2;8;10;0
202400036756;155 716 966;10;0;2;6;1;0
202400036756;155 716 968;33;0;2;2;12;1
202400036757;155 716 967;7;0;2;1;26;1
202400036758;155 716 963;7;0;2;6;23;1
202400036758;155 716 965;31;0;2;1;2;1
202400036759;155 716 962;30;0;2;4;23;1
202400036759;155 716 964;7;0;2;1;15;1
202400036760;155 716 958;7;0;0;0;26;1
202400036760;155 716 960;33;0;2;0;17;1
202400036761;155 716 959;1;0;2;8;5;5
202400036761;155 716 961;7;0;0;8;15;1
202400036762;155 716 956;2;0;1;1;3;1
202400036763;155 716 955;7;0;0;1;22;1
202400036763;155 716 957;50;0;2;1;1;3
202400036764;155 716 951;32;0;2;1;17;3
202400036764;155 716 953;7;0;2;2;15;0
202400036764;155 716 954;3;0;2;8;24;0
202400036765;155 716 950;7;0;2;2;17;1
202400036765;155 716 952;7;0;2;6;1;2
202400036766;155 716 947;7;0;2;0;0;2
202400036766;155 716 949;14;0;2;2;1;1
202400036767;155 716 946;1;0;2;1;1;5
202400036767;155 716 948;7;0;2;3;22;1
202400036768;155 716 944;99;0;2;8;13;1
202400036768;155 716 945;30;0;2;8;3;1
202400036769;155 716 943;34;0;1;1;1;1
202400036770;155 716 942;7;0;1;2;16;1
202400036771;155 716 941;33;0;1;1;1;1
202400036772;155 716 939;1;0;2;3;1;5
202400036772;155 716 940;10;0;2;1;11;1
202400036773;155 716 938;30;0;1;1;1;1
202400036774;155 716 936;36;0;0;1;0;1
202400036774;155 716 937;31;0;0;4;0;1
202400036775;155 716 934;14;0;1;2;16;1
202400036776;155 716 933;10;0;2;6;2;1
202400036776;155 716 935;33;0;2;2;2;1
202400036777;155 716 930;7;0;2;2;1;1
202400036777;155 716 932;7;0;2;2;1;1
202400036778;155 716 929;30;0;2;1;13;1
202400036778;155 716 931;10;0;2;8;1;1
202400036779;155 716 928;7;13;0;9;13;1
202400036780;155 716 926;50;0;2;2;1;3
202400036780;155 716 927;7;0;2;3;1;2
202400036781;155 716 925;7;0;1;3;0;1
202400036782;155 716 924;7;0;1;1;1;1
202400036783;155 716 922;10;0;2;2;1;1
202400036783;155 716 923;7;0;2;3;9;1
202400036784;155 716 921;80;0;0;2;13;3
202400036785;155 716 918;7;1;9;3;22;1
202400036785;155 716 919;1;0;2;1;1;5
202400036786;155 716 915;7;0;2;8;13;1
202400036786;155 716 917;7;0;2;1;1;1
202400036786;155 716 920;7;0;2;8;1;2
202400036787;155 716 916;32;0;1;1;1;1
202400036788;155 716 912;30;0;2;1;13;1
202400036788;155 716 914;7;0;2;3;1;1
202400036789;155 716 911;50;0;2;0;0;3
202400036789;155 716 913;7;0;2;2;16;1
202400036790;155 716 910;7;4;0;1;14;1
202400036791;155 716 909;30;0;1;1;25;1
202400036792;155 716 908;7;13;0;1;17;1
202400036793;155 716 907;2;0;1;1;0;1
202400036794;155 716 905;7;0;2;1;1;1
202400036794;155 716 906;7;2;2;7;13;1
202400036795;155 716 902;7;0;2;1;2;1
202400036795;155 716 903;10;0;2;4;2;1
202400036796;155 716 901;7;0;2;3;1;1
202400036796;155 716 904;32;0;2;1;13;1
202400036797;155 716 898;0;0;2;0;12;0
202400036797;155 716 900;32;0;2;8;2;1
202400036798;155 716 897;7;0;2;1;1;1
202400036798;155 716 899;10;0;0;7;15;1
202400036799;155 716 895;33;0;2;0;2;1
202400036800;155 716 894;10;0;2;1;1;3
202400036800;155 716 896;7;0;2;4;2;1
202400036801;155 716 891;7;0;2;3;1;1
202400036801;155 716 893;15;0;2;3;1;1
202400036802;155 716 890;7;6;0;1;1;1
202400036803;155 716 889;7;0;2;1;1;1
202400036803;155 716 892;32;0;2;8;1;1
202400036804;155 716 886;7;1;1;6;20;1
202400036805;155 716 885;7;0;9;2;17;1
202400036805;155 716 887;7;0;2;3;1;1
202400036805;155 716 888;21;0;0;6;1;1
202400036806;155 716 883;7;0;1;1;1;3
202400036807;155 716 880;7;0;2;1;1;1
202400036807;155 716 882;7;0;2;4;1;1
202400036808;155 716 879;10;0;2;3;5;1
202400036808;155 716 881;38;0;2;3;1;1
202400036808;155 716 884;7;0;2;3;1;1
202400036809;155 716 877;33;0;2;1;13;1
202400036809;155 716 878;7;0;2;1;1;1
202400036810;155 716 876;7;0;0;9;1;1
202400036811;155 716 875;7;13;0;1;15;1
202400036812;155 716 873;7;0;0;3;26;1
202400036812;155 716 874;7;0;2;3;1;1
202400036813;155 716 872;7;0;1;2;1;2
202400036814;155 716 871;2;0;0;0;26;0
202400036815;155 716 869;7;8;2;7;15;1
202400036815;155 716 870;7;0;2;1;1;1
202400036816;155 716 867;7;0;2;2;15;1
202400036816;155 716 868;7;0;2;1;1;1
202400036817;155 716 864;7;3;2;1;2;1
202400036817;155 716 865;17;0;2;4;1;1
202400036818;155 716 863;7;0;2;1;9;1
202400036818;155 716 866;33;0;2;1;17;1
202400036819;155 716 862;7;0;1;3;1;1
202400036820;155 716 860;7;0;2;2;9;1
202400036820;155 716 861;2;0;0;6;1;3
202400036821;155 716 858;15;0;2;3;21;1
202400036821;155 716 859;7;0;2;3;13;1
202400036822;155 716 856;32;0;2;7;17;1
202400036822;155 716 857;7;0;2;8;9;1
202400036823;155 716 855;7;0;1;1;0;1
202400036824;155 716 854;7;0;1;1;1;2
202400036825;155 716 853;10;1;0;1;14;1
202400036826;155 716 850;7;0;2;1;1;1
202400036826;155 716 852;7;0;2;1;1;1
202400036827;155 716 849;33;0;0;7;16;1
202400036828;155 716 848;7;0;2;3;13;1
202400036828;155 716 851;7;0;2;3;21;1
202400036829;155 716 846;33;8;0;1;26;1
202400036830;155 716 845;10;0;2;1;13;1
202400036830;155 716 847;7;0;2;1;1;1
202400036831;155 716 843;7;0;1;1;16;1
202400036832;155 716 842;7;0;9;2;1;1
202400036832;155 716 844;1;0;2;8;19;5
202400036833;155 716 839;7;0;2;0;13;1
202400036833;155 716 840;33;0;2;1;1;1
202400036834;155 716 838;7;0;2;2;1;1
202400036834;155 716 841;7;0;2;8;15;1
202400036835;155 716 835;33;0;2;1;1;1
202400036835;155 716 836;7;0;2;8;9;3
202400036836;155 716 834;7;0;2;8;19;1
202400036836;155 716 837;7;0;2;1;1;1
202400036837;155 716 831;60;0;2;1;19;5
202400036837;155 716 833;7;0;2;3;1;2
202400036838;155 716 830;7;0;0;0;1;1
202400036838;155 716 832;7;0;2;3;1;1
202400036839;155 716 828;7;0;1;1;1;1
202400036840;155 716 827;7;0;2;3;9;1
202400036840;155 716 829;1;0;2;7;1;5
202400036841;155 716 825;7;0;6;1;1;1
202400036842;155 716 824;7;0;2;6;1;1
202400036842;155 716 826;15;0;2;2;12;1
202400036843;155 716 821;7;0;2;3;9;1
202400036843;155 716 823;2;0;2;1;1;1
202400036844;155 716 820;10;0;2;1;2;1
202400036844;155 716 822;15;0;2;4;2;1
202400036845;155 716 819;7;0;0;7;1;1
202400036846;155 716 817;33;0;2;1;3;1
202400036846;155 716 818;10;0;2;4;11;
202400036847;155 716 815;31;0;2;1;1;1
202400036847;155 716 816;7;0;2;1;17;1
202400036848;155 716 813;17;0;2;4;1;1
202400036848;155 716 814;10;0;2;1;1;1
202400036849;155 716 811;33;0;2;1;1;1
202400036849;155 716 812;7;0;2;7;15;1
202400036850;155 716 809;7;0;2;1;2;1
202400036850;155 716 810;7;0;2;4;2;1
202400036851;155 716 807;7;0;2;3;15;1
202400036851;155 716 808;7;0;2;3;1;1
202400036852;155 716 805;7;4;2;8;11;1
202400036852;155 716 806;33;4;2;2;1;1
202400036853;155 716 803;7;0;2;3;13;1
202400036853;155 716 804;7;0;2;3;14;2
202400036854;155 716 800;10;0;2;2;21;1
202400036854;155 716 801;7;0;2;6;2;1
202400036854;155 716 802;33;0;2;7;2;1
202400036855;155 716 796;33;0;2;2;3;1
202400036855;155 716 798;7;0;2;3;13;1
202400036856;155 716 794;14;0;2;1;13;1
202400036856;155 716 795;10;0;2;1;1;1
202400036856;155 716 797;7;0;2;1;1;1
202400036856;155 716 799;10;0;2;1;1;1
202400036857;155 716 791;10;0;2;1;2;1
202400036857;155 716 792;7;0;2;4;0;1
202400036857;155 716 793;7;0;2;4;0;1
202400036858;155 716 790;7;0;0;2;17;1
202400036859;155 716 788;7;3;0;3;0;1
202400036860;155 716 785;7;0;2;1;1;1
202400036860;155 716 787;7;0;2;4;1;1
202400036860;155 716 789;7;0;2;4;1;1
202400036861;155 716 783;7;0;2;4;15;1
202400036861;155 716 784;15;0;2;3;2;1
202400036861;155 716 786;7;0;2;1;2;1
202400036862;155 716 781;7;0;2;4;2;1
202400036862;155 716 782;14;0;2;1;2;1
202400036863;155 716 778;32;0;2;1;2;1
202400036863;155 716 779;7;0;0;4;23;1
202400036864;155 716 776;15;0;2;5;15;1
202400036864;155 716 777;15;0;2;3;1;1
202400036864;155 716 780;7;3;2;3;17;1
202400036865;155 716 775;7;0;1;1;1;0
202400036866;155 716 772;10;0;2;8;15;1
202400036866;155 716 774;32;0;2;3;17;1
202400036867;155 716 771;1;0;2;3;23;5
202400036867;155 716 773;7;0;2;2;14;1
202400036868;155 716 769;1;1;0;1;21;5
202400036869;155 716 767;33;0;2;8;3;1
202400036869;155 716 768;7;0;2;8;1;1
202400036869;155 716 770;7;0;2;7;12;1
202400036870;155 716 765;34;0;2;1;2;1
202400036870;155 716 766;7;0;0;6;2;2
202400036871;155 716 764;7;0;1;1;1;1
202400036872;155 716 762;7;0;1;4;26;6
202400036873;155 716 761;2;0;2;1;2;1
202400036873;155 716 763;7;0;2;5;1;1
202400036874;155 716 759;7;13;0;2;1;1
202400036875;155 716 757;10;8;0;1;14;1
202400036876;155 716 756;7;0;1;3;21;1
202400036877;155 716 755;7;13;0;1;1;1
202400036878;155 716 753;31;0;2;1;1;0
202400036878;155 716 754;7;0;2;3;15;1
202400036879;155 716 752;33;0;6;1;1;1
202400036880;155 716 751;10;8;0;1;1;1
202400036881;155 716 749;7;0;2;3;13;1
202400036881;155 716 750;7;0;2;3;1;1
202400036882;155 716 748;7;2;0;1;1;1
202400036883;155 716 747;7;0;1;2;1;1
202400036884;155 716 746;7;0;1;2;1;1
202400036885;155 716 744;7;0;0;3;1;1
202400036885;155 716 745;7;0;0;3;1;1
202400036886;155 716 742;10;0;2;2;1;1
202400036886;155 716 743;7;0;2;6;1;1
202400036887;155 716 741;7;0;1;1;2;1
202400036888;155 716 738;7;0;2;7;14;1
202400036888;155 716 739;33;0;2;8;3;1
202400036888;155 716 740;7;0;2;8;2;2
202400036889;155 716 735;10;0;9;4;1;1
202400036889;155 716 736;10;0;2;1;2;1
202400036889;155 716 737;7;0;2;1;2;1
202400036890;155 716 733;7;4;2;1;1;1
202400036890;155 716 734;7;4;0;4;2;3
202400036891;155 716 732;7;13;0;0;0;1
202400036892;155 716 728;7;0;2;4;2;1
202400036892;155 716 729;7;0;2;5;2;1
202400036892;155 716 730;7;0;2;4;2;1
202400036892;155 716 731;10;0;2;1;2;1
202400036893;155 716 726;33;0;2;1;1;1
202400036893;155 716 727;7;0;2;4;2;1
202400036894;155 716 723;7;0;2;9;2;1
202400036894;155 716 724;7;0;2;3;2;1
202400036894;155 716 725;7;0;2;1;2;1
202400036895;155 716 719;7;0;2;4;1;0
202400036895;155 716 720;7;0;2;4;1;0
202400036895;155 716 721;7;0;2;1;1;1
202400036895;155 716 722;7;0;2;4;1;0
202400036896;155 716 717;7;0;2;7;12;1
202400036896;155 716 718;32;0;2;1;3;1
202400036897;155 716 716;43;0;2;1;18;1
202400036898;155 716 714;33;0;2;7;3;1
202400036898;155 716 715;7;0;2;8;11;1
202400036899;155 716 712;7;0;2;2;2;1
202400036899;155 716 713;7;0;2;6;2;1
202400036900;155 716 709;10;0;2;6;1;1
202400036900;155 716 710;7;0;2;1;18;1
202400036900;155 716 711;7;0;2;5;1;2
202400036901;155 716 707;33;0;2;3;3;1
202400036901;155 716 708;7;0;2;7;12;1
202400036902;155 716 705;7;0;2;8;11;1
202400036902;155 716 706;32;0;2;7;1;1
202400036903;155 716 704;7;4;0;1;2;1
202400036904;155 716 702;7;0;9;5;1;2
202400036904;155 716 703;7;0;2;1;21;1
202400036905;155 716 700;7;0;2;1;2;1
202400036905;155 716 701;7;0;2;4;23;1
202400036906;155 716 698;33;0;2;2;3;1
202400036906;155 716 699;7;0;2;6;11;1
202400036907;155 716 696;7;0;2;4;4;1
202400036907;155 716 697;31;0;2;1;0;1
202400036908;155 716 695;7;0;1;0;1;0
202400036909;155 716 693;7;0;2;0;0;1
202400036909;155 716 694;1;0;2;0;0;5
202400036910;155 716 690;7;0;2;4;2;1
202400036910;155 716 691;7;0;2;1;2;0
202400036910;155 716 692;7;0;2;4;2;1
202400036911;155 716 689;50;14;0;0;1;3
202400036912;155 716 687;7;0;2;2;1;1
202400036912;155 716 688;7;0;2;8;0;1
202400036913;155 716 686;7;0;1;1;1;1
202400036914;155 716 684;7;0;2;3;1;
202400036914;155 716 685;7;0;2;7;1;
202400036915;155 716 683;30;0;1;1;1;1
202400036916;155 716 682;7;1;0;2;9;1
202400036917;155 716 681;33;0;0;0;1;1
202400036918;155 716 680;7;1;0;1;1;0
202400036919;155 716 677;7;0;2;1;13;1
202400036919;155 716 678;10;0;2;3;1;1
202400036919;155 716 679;7;0;2;3;1;1
202400036920;155 716 676;7;3;0;1;1;1
202400036921;155 716 675;7;0;1;2;1;1
202400036922;155 716 674;60;0;0;0;0;5
202400036923;155 716 673;7;0;2;0;1;1
202400036924;155 716 671;7;0;2;0;0;1
202400036924;155 716 672;1;0;2;0;0;5
202400036925;155 716 667;7;8;2;1;1;3
202400036925;155 716 668;10;0;0;5;1;1
202400036926;155 716 665;7;0;2;1;15;1
202400036926;155 716 666;32;0;2;3;1;1
202400036927;155 716 663;30;0;2;1;15;1
202400036927;155 716 664;30;0;2;1;1;1
202400036928;155 716 662;10;0;1;5;4;1
202400036929;155 716 660;7;0;2;3;1;1
202400036929;155 716 661;7;0;2;6;16;1
202400036930;155 716 658;7;0;2;5;26;1
202400036930;155 716 659;7;0;2;1;11;1
202400036931;155 716 656;7;0;0;8;1;3
202400036931;155 716 657;7;0;0;1;15;1
202400036932;155 716 655;7;0;1;1;19;1
202400036933;155 716 654;7;0;1;3;1;1
202400036934;155 716 652;10;0;2;1;9;1
202400036934;155 716 653;31;0;2;7;1;1
202400036935;155 716 650;7;0;2;2;9;1
202400036935;155 716 651;7;0;2;3;9;1
202400036936;155 716 649;7;2;0;1;14;1
202400036937;155 716 647;7;0;2;1;1;1
202400036937;155 716 648;7;0;2;7;16;1
202400036938;155 716 645;2;0;2;5;9;1
202400036938;155 716 646;7;0;2;3;13;1
202400036939;155 716 644;7;0;1;1;17;1
202400036940;155 716 643;30;0;0;0;1;1
202400036941;155 716 640;10;0;2;1;2;1
202400036941;155 716 641;7;0;2;4;2;1
202400036941;155 716 642;7;0;2;7;1;1
202400036942;155 716 638;30;0;2;8;1;1
202400036942;155 716 639;7;0;2;3;15;1
202400036943;155 716 637;0;0;1;1;0;0
202400036944;155 716 633;7;0;2;4;2;0
202400036944;155 716 634;7;0;2;1;2;0
202400036944;155 716 635;7;0;2;4;2;0
202400036944;155 716 636;7;0;2;4;2;0
202400036945;155 716 631;7;0;2;3;0;1
202400036945;155 716 632;7;0;2;1;1;1
202400036946;155 716 627;10;0;2;0;1;1
202400036946;155 716 628;14;0;2;5;17;1
202400036946;155 716 629;10;0;2;0;23;0
202400036946;155 716 630;80;0;2;3;1;3
202400036947;155 716 625;10;0;9;1;26;1
202400036947;155 716 626;1;0;2;0;23;5
202400036948;155 716 623;7;0;2;1;0;1
202400036948;155 716 624;7;0;0;0;0;1
202400036949;155 716 621;7;0;0;4;0;1
202400036949;155 716 622;37;0;0;0;0;2
202400036950;155 716 619;7;0;2;4;23;1
202400036950;155 716 620;7;0;2;0;2;1
202400036951;155 716 618;99;0;0;0;0;3
202400036952;155 716 617;7;15;0;1;17;1
202400036953;155 716 616;7;0;1;3;1;1
202400036954;155 716 615;7;0;1;3;1;2
202400036955;155 716 613;33;12;2;3;13;1
202400036955;155 716 614;7;0;2;3;0;1
202400036956;155 716 610;10;0;2;7;1;3
202400036956;155 716 611;50;0;2;8;1;3
202400036957;155 716 609;7;1;0;3;16;1
202400036958;155 716 608;7;0;1;1;9;1
202400036959;155 716 607;1;0;1;1;1;5
202400036960;155 716 605;10;0;9;3;23;1
202400036960;155 716 606;1;0;2;2;2;5
202400036961;155 716 604;1;0;0;8;2;5
202400036962;155 716 603;7;1;1;2;26;0
202400036963;155 716 601;7;0;2;1;16;0
202400036963;155 716 602;1;0;2;7;9;5
202400036964;155 716 596;7;3;2;2;0;1
202400036964;155 716 597;7;0;2;3;2;1
202400036964;155 716 599;7;0;2;7;0;1
202400036964;155 716 600;7;0;2;7;0;1
202400036965;155 716 595;7;0;2;7;1;1
202400036965;155 716 598;7;0;2;3;1;1
202400036966;155 716 593;2;0;2;6;24;3
202400036966;155 716 594;7;0;2;2;2;1
202400036967;155 716 592;7;0;1;1;1;1
202400036968;155 716 590;7;0;2;1;15;1
202400036969;155 716 588;7;0;1;2;23;0
202400036970;155 716 587;7;0;2;6;1;1
202400036970;155 716 589;33;0;2;1;1;1
202400036971;155 716 583;30;0;2;2;17;1
202400036971;155 716 585;7;0;2;8;15;1
202400036972;155 716 580;15;0;0;6;9;1
202400036972;155 716 582;7;0;2;3;1;1
202400036973;155 716 579;7;0;0;0;26;1
202400036973;155 716 581;31;0;0;0;21;1
202400036974;155 716 578;7;17;0;2;1;1
202400036975;155 716 577;7;0;1;1;0;1
202400036976;155 716 575;10;2;0;1;0;1
202400036977;155 716 573;7;0;2;2;1;1
202400036977;155 716 576;7;6;2;1;1;1
202400036978;155 716 572;7;0;0;3;0;1
202400036979;155 716 571;10;0;2;1;1;0
202400036979;155 716 574;7;0;2;1;5;0
202400036980;155 716 567;32;0;2;1;1;1
202400036980;155 716 568;7;0;2;6;16;1
202400036981;155 716 566;7;0;2;1;1;1
202400036981;155 716 569;14;0;2;4;23;0
202400036982;155 716 565;7;17;0;3;1;1
202400036983;155 716 562;10;2;2;2;15;0
202400036983;155 716 564;33;2;2;1;2;0
202400036984;155 716 561;7;13;0;1;1;1
202400036985;155 716 560;1;0;4;2;2;5
202400036985;155 716 563;40;0;2;0;0;3
202400036986;155 716 556;7;0;2;8;5;1
202400036986;155 716 558;7;0;2;1;26;1
202400036987;155 716 552;7;0;2;1;1;1
202400036987;155 716 554;33;0;2;9;1;1
202400036987;155 716 555;7;0;2;6;1;1
202400036987;155 716 557;7;0;2;1;1;1
202400036987;155 716 559;7;0;2;3;13;1
202400036988;155 716 553;10;0;1;7;1;1
202400036989;155 716 551;7;0;1;2;19;1
202400036990;155 716 550;30;8;0;1;1;0
202400036991;155 716 549;7;2;0;3;1;1
202400036992;155 716 548;7;0;1;3;26;1
202400036993;155 716 546;7;0;0;9;14;1
202400036994;155 716 545;1;0;2;1;1;5
202400036994;155 716 547;7;0;2;2;16;1
202400036995;155 716 543;33;0;2;1;16;1
202400036995;155 716 544;7;0;2;8;16;1
202400036996;155 716 541;7;6;0;1;0;1
202400036997;155 716 540;7;0;2;4;1;1
202400036997;155 716 542;7;0;2;1;1;1
202400036998;155 716 538;7;0;1;3;1;1
202400036999;155 716 539;30;0;0;0;2;3
202400037000;155 716 536;7;2;0;7;1;1
202400037001;155 716 534;7;0;2;7;19;1
202400037001;155 716 537;13;0;2;1;1;1
202400037002;155 716 532;7;2;0;0;0;1
202400037003;155 716 531;7;0;2;1;2;1
202400037003;155 716 533;7;0;2;4;2;1
202400037003;155 716 535;7;0;2;4;2;2
202400037004;155 716 529;7;0;0;1;1;1
202400037005;155 716 527;32;0;0;0;1;1
202400037006;155 716 526;7;0;2;8;9;1
202400037006;155 716 528;33;0;2;7;1;1
202400037007;155 716 525;7;8;0;0;5;1
202400037008;155 716 522;32;4;0;2;0;1
202400037009;155 716 523;30;0;0;9;1;1
202400037010;155 716 521;7;0;2;8;16;1
202400037010;155 716 524;7;0;2;2;1;1
202400037011;155 716 520;7;14;0;1;2;1
202400037012;155 716 519;7;0;1;2;1;3
202400037013;155 716 518;7;0;0;1;16;1
202400037014;155 716 515;17;4;0;0;1;1
202400037015;155 716 514;7;0;2;2;1;1
202400037015;155 716 516;33;0;2;0;0;0
202400037016;155 716 513;7;0;0;1;0;0
202400037017;155 716 512;7;0;1;1;1;1
202400037018;155 716 510;7;8;2;1;17;1
202400037018;155 716 511;7;0;2;8;1;1
202400037019;155 716 507;10;0;2;1;0;1
202400037019;155 716 508;7;0;2;1;13;3
202400037020;155 716 506;7;0;2;7;1;1
202400037020;155 716 509;50;0;2;8;15;3
202400037021;155 716 504;7;2;0;1;0;2
202400037022;155 716 503;32;0;2;1;8;1
202400037022;155 716 505;10;0;2;8;15;1
202400037023;155 716 497;7;2;2;2;14;1
202400037023;155 716 499;7;0;2;2;21;1
202400037023;155 716 501;7;0;2;2;21;1
202400037024;155 716 498;7;9;0;1;21;1
202400037025;155 716 494;3;5;2;2;1;1
202400037025;155 716 495;7;0;2;1;1;1
202400037026;155 716 496;33;0;2;8;1;1
202400037026;155 716 500;7;0;2;2;15;1
202400037026;155 716 502;33;0;2;1;1;1
202400037027;155 716 492;37;0;1;1;15;0
202400037028;155 716 490;7;0;2;1;2;1
202400037028;155 716 491;7;0;2;4;15;1
202400037028;155 716 493;7;0;2;3;1;1
202400037029;155 716 487;7;0;2;2;1;1
202400037029;155 716 489;1;0;2;1;15;5
202400037030;155 716 486;7;0;2;1;2;1
202400037030;155 716 488;7;0;2;4;2;1
202400037031;155 716 485;7;0;1;2;15;1
202400037032;155 716 483;7;0;1;1;1;1
202400037033;155 716 481;7;16;0;2;1;1
202400037034;155 716 482;7;0;2;8;9;1
202400037034;155 716 484;7;0;2;2;0;1
202400037035;155 716 478;7;6;0;2;1;1
202400037036;155 716 479;30;0;2;1;1;1
202400037036;155 716 480;7;0;2;3;1;1
202400037037;155 716 472;7;11;2;1;9;2