Num_Acc;id_vehicule;categorie_vehicule;obstacle_fixe;obstacle_mobile;point_choc_initial;manoeuvre_principale;motorisation
202400037037;155 716 475;7;7;2;3;1;1
202400037038;155 716 473;7;0;2;5;15;1
202400037038;155 716 474;1;0;2;1;1;5
202400037039;155 716 476;7;0;2;1;1;1
202400037039;155 716 477;10;0;2;4;0;1
202400037040;155 716 469;30;0;2;6;1;1
202400037040;155 716 471;7;0;2;2;2;1
202400037041;155 716 468;7;0;2;0;0;0
202400037041;155 716 470;1;0;0;0;0;5
202400037042;155 716 466;7;8;0;0;1;1
202400037043;155 716 464;7;0;1;4;26;1
202400037044;155 716 458;10;0;2;1;2;1
202400037044;155 716 461;10;0;2;8;2;1
202400037044;155 716 462;7;0;2;4;2;1
202400037044;155 716 463;7;0;2;1;2;1
202400037045;155 716 460;7;0;0;9;26;1
202400037046;155 716 457;1;0;2;1;1;5
202400037046;155 716 459;10;0;2;5;1;1
202400037047;155 716 455;33;0;2;7;26;1
202400037047;155 716 456;14;0;2;6;26;0
202400037048;155 716 451;7;0;1;0;1;1
202400037049;155 716 453;7;0;2;0;0;1
202400037049;155 716 454;34;0;2;1;1;1
202400037050;155 716 450;7;0;2;1;1;1
202400037050;155 716 452;7;0;2;4;2;1
202400037051;155 716 448;10;0;1;5;4;1
202400037052;155 716 447;7;14;0;1;1;1
202400037053;155 716 445;10;0;2;2;1;1
202400037053;155 716 446;7;0;2;6;1;1
202400037053;155 716 449;10;0;0;0;0;1
202400037054;155 716 444;7;0;1;2;1;1
202400037055;155 716 442;7;0;1;1;15;1
202400037056;155 716 441;32;0;2;1;26;1
202400037056;155 716 443;38;0;2;6;1;1
202400037057;155 716 440;37;0;1;1;26;1
202400037058;155 716 438;33;0;2;8;3;1
202400037058;155 716 439;7;0;2;7;12;1
202400037059;155 716 435;7;11;0;1;1;1
202400037060;155 716 436;7;0;2;1;2;1
202400037060;155 716 437;7;0;2;4;2;1
202400037061;155 716 434;7;4;0;2;26;1
202400037062;155 716 432;7;3;0;1;0;2
202400037063;155 716 429;7;0;2;8;15;1
202400037063;155 716 433;33;0;2;1;17;1
202400037064;155 716 430;7;0;2;4;23;1
202400037064;155 716 431;7;0;0;1;2;1
202400037065;155 716 426;33;0;0;7;14;1
202400037066;155 716 425;32;0;2;1;0;1
202400037066;155 716 427;7;0;2;6;1;1
202400037066;155 716 428;7;0;2;1;1;1
202400037067;155 716 423;7;0;2;2;1;1
202400037067;155 716 424;1;0;2;1;1;5
202400037068;155 716 420;17;0;2;1;1;1
202400037068;155 716 422;7;0;2;4;11;1
202400037069;155 716 419;7;0;2;1;1;1
202400037069;155 716 421;33;0;2;7;16;1
202400037070;155 716 418;7;13;0;1;26;1
202400037071;155 716 416;7;0;2;7;12;1
202400037071;155 716 417;34;0;2;8;3;1
202400037072;155 716 413;7;0;1;1;1;2
202400037073;155 716 414;33;0;2;2;1;1
202400037073;155 716 415;7;0;2;3;9;1
202400037074;155 716 410;7;0;2;4;2;1
202400037074;155 716 412;7;0;2;1;2;1
202400037075;155 716 408;0;0;1;0;26;0
202400037076;155 716 409;10;0;2;2;16;1
202400037076;155 716 411;50;0;2;4;0;3
202400037077;155 716 406;7;0;2;1;2;1
202400037077;155 716 407;15;0;2;4;2;1
202400037078;155 716 404;7;0;1;3;9;1
202400037079;155 716 403;30;0;1;7;1;1
202400037080;155 716 402;7;0;2;2;19;1
202400037080;155 716 405;7;0;2;1;1;1
202400037081;155 716 397;7;16;0;8;1;1
202400037081;155 716 401;30;0;2;1;19;1
202400037082;155 716 396;7;0;2;1;19;2
202400037082;155 716 400;7;0;2;5;1;1
202400037083;155 716 390;50;0;2;1;1;3
202400037083;155 716 394;7;0;2;7;19;1
202400037084;155 716 389;34;0;2;8;1;1
202400037084;155 716 391;7;0;2;2;14;1
202400037085;155 716 386;32;0;2;1;1;1
202400037085;155 716 387;10;0;2;6;1;1
202400037086;155 716 383;32;0;2;1;1;1
202400037086;155 716 385;7;0;2;7;0;1
202400037087;155 716 381;7;0;2;3;15;1
202400037087;155 716 382;7;0;2;2;1;1
202400037088;155 716 379;7;3;2;7;0;2
202400037088;155 716 384;7;0;2;1;0;1
202400037089;155 716 378;7;0;2;2;1;1
202400037089;155 716 380;80;0;2;1;1;3
202400037090;155 716 377;31;0;1;1;0;1
202400037091;155 716 370;7;9;2;3;2;1
202400037091;155 716 374;10;9;2;6;15;3
202400037092;155 716 371;7;0;9;0;0;1
202400037092;155 716 375;50;0;2;0;0;3
202400037093;155 716 369;30;1;0;6;23;1
202400037093;155 716 373;7;0;2;2;23;1
202400037093;155 716 376;7;0;2;1;1;0
202400037094;155 716 372;7;4;0;3;1;2
202400037095;155 716 367;1;0;2;7;1;5
202400037095;155 716 368;7;0;2;6;15;2
202400037096;155 716 365;7;0;1;2;1;1
202400037097;155 716 363;10;1;0;3;1;1
202400037097;155 716 366;7;0;1;0;24;1
202400037098;155 716 361;7;15;0;1;1;1
202400037099;155 716 359;7;0;2;3;9;1
202400037099;155 716 362;7;0;2;5;1;1
202400037099;155 716 364;7;0;2;5;2;1
202400037100;155 716 357;7;0;1;1;1;1
202400037101;155 716 356;7;0;2;4;2;1
202400037101;155 716 358;7;0;2;4;2;3
202400037101;155 716 360;7;0;2;1;2;1
202400037102;155 716 353;7;0;0;4;0;1
202400037102;155 716 355;7;0;2;1;0;1
202400037103;155 716 351;33;0;1;2;1;1
202400037104;155 716 350;33;0;2;1;1;1
202400037104;155 716 354;7;0;2;4;11;1
202400037105;155 716 349;7;0;2;4;1;1
202400037105;155 716 352;7;0;2;1;1;1
202400037106;155 716 347;7;0;1;2;1;1
202400037107;155 716 345;43;6;0;2;15;1
202400037108;155 716 346;10;0;2;3;15;1
202400037108;155 716 348;1;0;2;1;17;5
202400037109;155 716 343;7;0;1;1;1;1
202400037110;155 716 341;7;0;2;1;2;1
202400037110;155 716 344;7;0;2;1;2;1
202400037111;155 716 339;50;0;2;1;16;3
202400037111;155 716 342;7;0;2;3;16;1
202400037112;155 716 338;7;0;1;3;1;1
202400037113;155 716 335;34;0;2;7;3;1
202400037113;155 716 337;7;0;2;2;15;1
202400037114;155 716 333;7;8;0;3;2;1
202400037115;155 716 336;34;0;2;1;1;1
202400037115;155 716 340;7;0;2;2;15;3
202400037116;155 716 332;31;0;2;1;1;1
202400037116;155 716 334;7;0;2;3;19;1
202400037117;155 716 325;7;2;0;1;14;1
202400037118;155 716 326;1;0;2;3;19;5
202400037118;155 716 328;7;0;9;1;1;1
202400037119;155 716 323;50;0;2;8;1;3
202400037119;155 716 324;7;0;2;1;1;1
202400037120;155 716 319;33;0;2;1;6;1
202400037120;155 716 322;7;0;2;1;1;1
202400037121;155 716 318;1;0;2;7;1;5
202400037121;155 716 321;7;0;2;1;1;1
202400037122;155 716 317;7;0;2;1;15;1
202400037122;155 716 320;50;0;2;1;19;3
202400037123;155 716 315;13;0;1;1;1;1
202400037123;155 716 316;34;0;1;1;1;1
202400037124;155 716 313;1;0;2;1;5;5
202400037124;155 716 314;7;0;2;3;9;1
202400037125;155 716 308;32;0;2;2;1;1
202400037125;155 716 310;30;0;2;8;15;1
202400037126;155 716 306;7;2;0;1;2;2
202400037127;155 716 304;7;0;9;3;2;1
202400037127;155 716 307;1;0;2;4;15;5
202400037128;155 716 302;10;0;2;1;26;1
202400037128;155 716 305;10;0;2;4;2;1
202400037129;155 716 301;7;0;2;1;17;2
202400037129;155 716 303;17;0;2;3;1;1
202400037130;155 716 299;7;0;2;1;1;1
202400037130;155 716 300;7;0;2;1;5;1
202400037131;155 716 295;1;0;2;4;1;5
202400037131;155 716 296;7;0;2;2;17;1
202400037132;155 716 293;17;0;2;1;1;1
202400037132;155 716 298;17;0;2;3;13;1
202400037133;155 716 294;7;0;2;1;2;1
202400037133;155 716 297;33;0;2;4;2;1
202400037134;155 716 287;50;0;2;2;1;3
202400037134;155 716 292;7;0;2;1;9;1
202400037135;155 716 286;7;0;2;3;13;1
202400037135;155 716 290;43;0;2;7;1;1
202400037136;155 716 282;7;0;2;7;1;1
202400037136;155 716 284;7;0;2;2;1;1
202400037137;155 716 280;7;0;2;2;9;1
202400037137;155 716 283;7;0;2;6;23;1
202400037137;155 716 285;7;0;2;2;23;1
202400037137;155 716 289;7;0;2;8;23;1
202400037138;155 716 278;7;0;2;2;1;1
202400037138;155 716 281;7;0;2;3;1;1
202400037139;155 716 276;7;15;2;1;2;1
202400037139;155 716 279;7;0;2;2;2;1
202400037140;155 716 274;7;0;2;2;15;1
202400037140;155 716 277;7;0;2;1;0;1
202400037141;155 716 272;7;4;0;5;1;1
202400037142;155 716 271;7;0;1;1;1;1
202400037143;155 716 273;10;0;2;3;15;1
202400037143;155 716 275;7;0;2;7;1;2
202400037144;155 716 265;7;0;2;3;1;1
202400037144;155 716 269;7;0;2;2;1;1
202400037145;155 716 266;7;0;2;7;12;1
202400037145;155 716 267;33;0;2;1;3;1
202400037145;155 716 270;10;0;2;4;1;1
202400037146;155 716 264;7;0;2;1;21;1
202400037146;155 716 268;7;0;2;1;13;1
202400037147;155 716 258;7;0;2;4;23;1
202400037147;155 716 261;7;0;2;1;2;1
202400037148;155 716 257;7;0;5;1;1;1
202400037149;155 716 254;7;6;2;2;12;1
202400037149;155 716 256;31;0;2;1;3;1
202400037149;155 716 260;7;0;2;4;2;2
202400037149;155 716 262;7;0;2;2;0;1
202400037149;155 716 263;7;4;0;9;1;1
202400037150;155 716 252;7;6;0;1;10;1
202400037151;155 716 253;7;0;2;5;2;1
202400037151;155 716 255;7;0;2;5;2;1
202400037151;155 716 259;10;0;2;3;2;1
202400037152;155 716 247;7;0;2;3;9;2
202400037152;155 716 251;7;0;2;7;1;1
202400037153;155 716 248;7;0;1;8;1;0
202400037154;155 716 246;32;0;2;7;16;1
202400037154;155 716 249;7;0;2;3;1;1
202400037155;155 716 245;10;0;2;1;9;0
202400037155;155 716 250;10;0;2;5;0;0
202400037156;155 716 242;10;0;1;2;1;1
202400037157;155 716 241;7;0;0;2;15;1
202400037157;155 716 243;30;0;2;1;1;1
202400037158;155 716 239;7;0;2;2;1;1
202400037158;155 716 244;1;0;2;1;1;5
202400037159;155 716 238;40;0;2;3;1;3
202400037159;155 716 240;7;0;4;1;1;1
202400037160;155 716 237;7;0;1;3;16;1
202400037161;155 716 235;33;12;0;1;1;1
202400037162;155 716 233;7;0;1;2;1;3
202400037163;155 716 231;7;0;2;1;2;1
202400037163;155 716 234;7;0;2;4;2;1
202400037163;155 716 236;7;0;2;1;2;0
202400037164;155 716 229;7;0;2;2;14;1
202400037164;155 716 232;33;0;2;3;2;1
202400037165;155 716 226;7;0;1;1;9;1
202400037166;155 716 228;30;0;2;1;1;1
202400037166;155 716 230;7;0;2;8;9;1
202400037167;155 716 224;10;0;1;3;15;1
202400037168;155 716 222;7;0;2;4;4;2
202400037169;155 716 221;7;0;1;2;0;1
202400037170;155 716 223;7;0;2;1;1;1
202400037170;155 716 225;7;0;2;3;1;1
202400037170;155 716 227;7;0;2;5;15;1
202400037171;155 716 218;7;0;2;1;1;2
202400037171;155 716 220;2;0;2;1;21;3
202400037172;155 716 215;2;0;0;0;1;1
202400037172;155 716 219;7;0;0;0;16;1
202400037173;155 716 214;33;0;2;1;1;1
202400037173;155 716 217;7;0;2;3;9;1
202400037174;155 716 213;7;0;1;1;1;1
202400037175;155 716 212;3;0;1;1;1;1
202400037176;155 716 210;7;0;2;1;19;1
202400037176;155 716 216;7;0;2;1;1;1
202400037177;155 716 209;31;0;2;7;1;1
202400037177;155 716 211;7;0;9;1;1;1
202400037178;155 716 205;7;0;2;2;1;1
202400037178;155 716 208;7;0;2;3;9;1
202400037179;155 716 206;1;0;2;3;1;5
202400037179;155 716 207;13;0;2;3;10;1
202400037180;155 716 204;3;8;0;1;16;1
202400037181;155 716 202;7;1;0;2;20;1
202400037182;155 716 200;7;0;2;1;1;1
202400037182;155 716 203;80;0;2;7;19;3
202400037183;155 716 198;50;8;0;1;0;3
202400037184;155 716 199;7;0;2;4;23;2
202400037184;155 716 201;7;0;2;1;0;1
202400037185;155 716 195;30;0;2;1;1;1
202400037185;155 716 197;7;0;2;3;1;1
202400037186;155 716 194;7;0;2;3;1;1
202400037186;155 716 196;33;0;2;1;13;1
202400037187;155 716 191;7;0;1;1;15;1
202400037188;155 716 190;7;0;1;0;0;0
202400037189;155 716 192;7;0;0;0;10;2
202400037189;155 716 193;31;0;2;2;5;1
202400037190;155 716 186;7;0;2;4;23;1
202400037190;155 716 188;7;0;2;1;2;1
202400037191;155 716 184;7;0;1;1;1;1
202400037192;155 716 183;1;0;2;1;17;5
202400037192;155 716 187;80;0;2;1;1;3
202400037193;155 716 185;7;0;2;3;9;1
202400037193;155 716 189;32;0;2;1;1;1
202400037194;155 716 182;7;0;1;2;19;1
202400037195;155 716 180;50;0;0;0;1;3
202400037196;155 716 179;33;1;0;1;1;1
202400037197;155 716 178;13;0;2;0;0;0
202400037197;155 716 181;50;0;2;9;1;3
202400037198;155 716 177;1;0;1;1;19;5
202400037199;155 716 175;1;0;0;0;2;5
202400037200;155 716 174;13;0;0;0;0;0
202400037200;155 716 176;10;0;0;0;9;1
202400037201;155 716 170;7;0;2;1;9;1
202400037201;155 716 173;7;0;2;7;1;1
202400037202;155 716 168;30;0;1;1;26;3
202400037203;155 716 169;7;0;2;8;15;2
202400037203;155 716 171;30;0;2;1;17;1
202400037204;155 716 167;7;0;2;7;15;1
202400037204;155 716 172;34;0;2;1;16;1
202400037205;155 716 164;33;0;0;1;1;1
202400037205;155 716 166;7;0;2;2;9;2
202400037206;155 716 160;7;12;2;8;9;2
202400037206;155 716 163;80;8;2;1;2;3
202400037207;155 716 158;50;12;0;0;5;3
202400037208;155 716 159;7;6;0;1;1;1
202400037209;155 716 157;2;0;2;4;9;3
202400037209;155 716 161;1;0;2;1;1;5
202400037210;155 716 156;30;0;1;1;17;1
202400037211;155 716 155;7;0;0;9;1;1
202400037212;155 716 154;7;0;1;2;1;1
202400037213;155 716 152;10;0;2;1;1;1
202400037213;155 716 153;7;0;2;8;10;1
202400037214;155 716 150;7;0;1;7;1;1
202400037215;155 716 151;7;0;1;1;20;1
202400037216;155 716 147;37;1;1;5;15;6
202400037217;155 716 144;33;0;2;1;1;1
202400037217;155 716 146;7;0;2;4;23;1
202400037217;155 716 149;7;0;2;4;23;1
202400037218;155 716 145;7;2;0;1;1;1
202400037219;155 716 143;10;0;2;8;1;1
202400037219;155 716 148;1;0;2;1;6;5
202400037220;155 716 139;7;0;2;7;0;1
202400037220;155 716 141;7;0;2;1;0;1
202400037221;155 716 138;7;0;2;1;1;2
202400037221;155 716 142;50;0;2;7;19;3
202400037222;155 716 136;7;0;2;1;1;1
202400037222;155 716 140;7;0;2;4;1;1
202400037223;155 716 135;7;0;2;1;13;1
202400037223;155 716 137;15;0;2;1;21;1
202400037224;155 716 133;7;0;1;3;1;1
202400037225;155 716 131;7;15;0;2;14;1
202400037226;155 716 130;33;0;2;1;1;1
202400037226;155 716 134;7;0;2;3;15;1
202400037227;155 716 129;1;0;2;1;1;5
202400037227;155 716 132;7;0;2;7;19;3
202400037228;155 716 124;7;0;2;1;1;1
202400037228;155 716 128;7;0;2;1;1;1
202400037229;155 716 123;7;0;0;4;23;0
202400037229;155 716 126;15;0;2;1;1;0
202400037230;155 716 122;7;0;2;7;15;1
202400037230;155 716 125;7;0;2;1;2;1
202400037231;155 716 121;37;0;2;2;1;1
202400037231;155 716 127;7;0;2;6;13;1
202400037232;155 716 119;10;0;2;3;1;0
202400037232;155 716 120;80;0;2;7;17;3
202400037233;155 716 118;7;13;0;3;13;1
202400037234;155 716 114;7;0;2;3;1;1
202400037234;155 716 116;1;0;2;7;1;5
202400037235;155 716 115;7;0;2;1;15;1
202400037235;155 716 117;32;0;2;8;1;1
202400037236;155 716 113;7;0;1;1;1;1
202400037237;155 716 111;80;0;1;1;1;3
202400037238;155 716 109;1;0;2;1;1;5
202400037238;155 716 112;7;0;2;1;1;1
202400037239;155 716 107;7;0;2;2;1;1
202400037239;155 716 110;1;0;2;8;0;5
202400037240;155 716 105;7;0;2;1;1;1
202400037240;155 716 108;50;0;2;7;1;3
202400037241;155 716 104;43;0;2;8;18;1
202400037241;155 716 106;15;0;2;2;1;0
202400037242;155 716 102;7;0;1;7;1;1
202400037243;155 716 101;99;0;2;1;1;6
202400037243;155 716 103;7;0;2;1;9;2
202400037244;155 716 099;7;0;1;1;1;1
202400037245;155 716 098;32;0;2;7;17;1
202400037245;155 716 100;7;0;2;3;1;2
202400037246;155 716 095;7;0;2;1;13;1
202400037246;155 716 097;7;0;2;1;1;1
202400037247;155 716 093;10;0;2;3;16;1
202400037247;155 716 096;43;0;2;1;21;1
202400037248;155 716 091;7;0;1;1;25;1
202400037249;155 716 092;7;0;2;1;1;1
202400037249;155 716 094;10;0;2;1;6;1
202400037250;155 716 089;1;0;0;0;0;5
202400037250;155 716 090;7;0;2;1;1;1
202400037251;155 716 084;1;8;0;0;0;5
202400037251;155 716 086;7;0;2;4;0;0
202400037252;155 716 081;7;0;2;0;17;1
202400037252;155 716 083;1;0;2;0;1;5
202400037253;155 716 088;43;0;1;1;17;1
202400037254;155 716 079;10;0;1;3;1;1
202400037255;155 716 074;30;0;2;1;1;1
202400037255;155 716 078;7;0;2;8;1;1
202400037256;155 716 075;7;0;2;3;24;1
202400037256;155 716 077;80;1;2;1;2;3
202400037257;155 716 073;7;0;1;1;1;1
202400037258;155 716 068;7;0;9;1;1;2
202400037258;155 716 071;50;0;2;8;1;3
202400037259;155 716 066;33;0;2;4;1;1
202400037260;155 716 069;7;0;2;6;11;1
202400037260;155 716 070;33;0;2;1;1;1
202400037261;155 716 065;7;0;2;2;1;1
202400037261;155 716 067;10;0;2;1;1;1
202400037262;155 716 061;60;0;2;7;19;5
202400037262;155 716 064;7;0;2;3;1;1
202400037263;155 716 058;7;0;2;4;24;1
202400037263;155 716 060;7;0;2;1;1;3
202400037264;155 716 057;7;3;0;9;1;1
202400037264;155 716 059;7;1;0;4;2;1
202400037264;155 716 063;10;0;2;1;1;1
202400037265;155 716 056;7;0;2;2;16;1
202400037265;155 716 062;7;0;2;7;1;1
202400037266;155 716 054;7;0;1;5;1;1
202400037267;155 716 051;50;0;1;1;1;3
202400037268;155 716 049;99;0;2;1;1;1
202400037268;155 716 052;7;0;2;4;12;2
202400037268;155 716 055;37;0;2;4;23;1
202400037269;155 716 048;7;0;2;2;1;6
202400037269;155 716 053;7;0;2;3;13;6
202400037270;155 716 045;7;0;1;1;15;1
202400037271;155 716 043;7;0;2;3;23;1
202400037271;155 716 046;7;0;2;1;1;1
202400037271;155 716 047;7;0;2;4;2;1
202400037271;155 716 050;7;0;2;2;1;1
202400037272;155 716 041;7;0;2;3;15;2
202400037272;155 716 044;50;0;2;1;1;3
202400037273;155 716 040;7;0;2;9;1;1
202400037273;155 716 042;7;0;2;8;9;1
202400037274;155 716 039;30;0;1;1;18;1
202400037275;155 716 037;7;0;1;3;1;1
202400037276;155 716 036;7;0;1;3;1;1
202400037277;155 716 034;7;0;2;3;10;1
202400037277;155 716 038;33;0;2;1;2;1
202400037278;155 716 033;10;0;2;1;1;1
202400037278;155 716 035;10;0;2;8;9;1
202400037279;155 716 029;32;0;2;8;1;1
202400037279;155 716 031;7;0;2;8;17;0
202400037280;155 716 028;10;0;2;4;2;1
202400037280;155 716 030;7;0;2;1;2;1
202400037280;155 716 032;7;0;2;1;2;1
202400037281;155 716 027;7;0;1;1;1;1
202400037282;155 716 026;10;0;1;1;1;1
202400037283;155 716 025;10;6;0;1;1;1
202400037284;155 716 024;30;0;1;1;1;3
202400037285;155 716 021;30;0;2;1;2;1
202400037285;155 716 023;7;0;0;4;23;1
202400037286;155 716 022;0;1;0;2;0;1
202400037287;155 716 018;7;0;2;2;2;1
202400037287;155 716 020;7;0;2;6;2;1
202400037288;155 716 017;7;0;2;1;2;1
202400037288;155 716 019;32;0;2;4;2;1
202400037289;155 716 015;7;0;2;1;2;1
202400037289;155 716 016;7;0;2;4;2;2
202400037290;155 716 014;7;0;1;8;15;1
202400037291;155 716 011;1;3;0;0;1;5
202400037292;155 716 012;7;0;1;7;16;0
202400037293;155 716 010;2;0;2;8;25;1
202400037293;155 716 013;7;0;2;2;2;3
202400037294;155 716 008;21;0;0;8;1;1
202400037295;155 716 009;7;0;1;3;15;1
202400037296;155 716 005;10;0;1;5;19;1
202400037297;155 716 006;30;0;2;1;5;1
202400037297;155 716 007;7;0;2;7;1;1
202400037298;155 716 003;7;0;1;1;1;1
202400037299;155 716 004;7;2;0;1;1;1
202400037300;155 716 000;7;2;0;3;14;1
202400037301;155 715 996;7;0;2;7;16;1
202400037301;155 715 998;37;0;2;3;1;1
202400037302;155 715 997;7;12;2;3;1;1
202400037302;155 716 001;10;0;2;2;15;1
202400037303;155 715 995;7;14;0;1;1;1
202400037304;155 715 994;1;15;1;1;1;5
202400037305;155 715 992;7;6;0;4;26;2
202400037306;155 715 991;50;7;0;1;25;3
202400037307;155 715 990;30;0;2;7;1;1
202400037307;155 715 993;10;0;2;3;16;0
202400037308;155 715 989;7;2;0;7;1;1
202400037309;155 715 987;7;0;1;1;1;1
202400037310;155 715 985;10;0;1;4;4;1
202400037311;155 715 986;7;0;2;2;1;1
202400037311;155 715 988;7;0;2;8;16;1
202400037312;155 715 982;7;0;0;3;1;1
202400037312;155 715 984;10;0;0;2;1;1
202400037313;155 715 981;7;0;9;7;9;1
202400037313;155 715 983;50;0;2;7;2;3
202400037314;155 715 980;7;0;1;0;1;0
202400037315;155 715 978;2;15;0;8;15;1
202400037316;155 715 977;7;0;2;2;13;1
202400037316;155 715 979;7;0;2;5;1;1
202400037317;155 715 974;33;0;6;2;1;1
202400037318;155 715 973;7;0;2;7;15;1
202400037318;155 715 976;33;0;2;1;1;1
202400037319;155 715 972;2;0;2;4;15;1
202400037319;155 715 975;7;0;2;3;1;1
202400037320;155 715 969;7;6;0;1;1;1
202400037321;155 715 966;7;0;2;3;1;1
202400037321;155 715 968;7;0;2;1;13;1
202400037321;155 715 971;3;0;2;1;1;1
202400037322;155 715 965;7;0;2;1;1;1
202400037322;155 715 970;7;0;2;3;1;1
202400037323;155 715 964;7;0;2;7;1;1
202400037323;155 715 967;99;0;2;1;0;3
202400037324;155 715 960;7;6;2;1;6;1
202400037324;155 715 963;7;0;2;2;15;1
202400037325;155 715 959;50;0;1;1;1;3
202400037326;155 715 961;7;0;2;8;1;1
202400037326;155 715 962;14;0;2;1;1;1
202400037327;155 715 957;30;0;0;0;2;1
202400037327;155 715 958;7;0;2;7;21;1
202400037328;155 715 956;7;2;0;3;13;1
202400037329;155 715 955;7;0;1;1;1;1
202400037330;155 715 951;7;13;0;3;13;1
202400037331;155 715 952;33;0;2;1;1;1
202400037331;155 715 954;7;0;2;1;9;1
202400037332;155 715 948;7;0;2;1;1;1
202400037332;155 715 950;7;0;2;1;1;1
202400037332;155 715 953;7;0;2;4;1;1
202400037333;155 715 946;7;0;2;1;1;1
202400037333;155 715 949;7;0;2;4;11;2
202400037334;155 715 945;7;0;2;3;1;1
202400037334;155 715 947;7;0;2;3;1;1
202400037335;155 715 944;7;0;1;1;21;1
202400037336;155 715 942;7;2;0;1;1;1
202400037337;155 715 938;7;0;0;0;1;1
202400037338;155 715 940;7;0;2;2;1;1
202400037338;155 715 943;7;0;2;1;1;1
202400037339;155 715 936;50;9;0;1;1;3
202400037340;155 715 932;7;0;0;4;2;1
202400037340;155 715 935;7;0;2;1;1;1
202400037341;155 715 933;0;0;1;1;0;0
202400037342;155 715 930;7;0;2;3;1;1
202400037342;155 715 931;7;0;2;3;1;1
202400037343;155 715 929;2;0;2;3;1;1
202400037343;155 715 934;7;0;2;7;15;1
202400037344;155 715 928;7;4;0;2;1;1
202400037345;155 715 926;33;7;0;9;13;1
202400037346;155 715 924;2;0;2;7;17;3
202400037346;155 715 927;7;0;2;0;15;0
202400037347;155 715 923;50;0;2;1;1;3
202400037347;155 715 925;10;0;2;3;15;1
202400037348;155 715 922;7;0;1;0;1;1
202400037349;155 715 918;7;2;0;3;13;1
202400037350;155 715 917;31;0;2;1;1;1
202400037350;155 715 920;7;0;0;0;0;0
202400037351;155 715 915;7;0;2;3;1;1
202400037351;155 715 921;7;0;2;8;1;1
202400037352;155 715 916;10;0;2;7;1;1
202400037352;155 715 919;80;0;2;8;17;3
202400037353;155 715 914;17;0;1;2;1;1
202400037354;155 715 909;7;0;2;8;13;1
202400037354;155 715 911;7;0;2;3;1;1
202400037355;155 715 908;7;0;2;1;17;1
202400037355;155 715 912;1;0;2;1;1;5
202400037356;155 715 910;31;1;2;1;1;1
202400037356;155 715 913;10;0;2;0;17;0
202400037357;155 715 907;7;2;0;1;0;0
202400037358;155 715 906;7;0;1;3;1;2
202400037359;155 715 902;7;0;0;2;1;1
202400037360;155 715 900;32;0;0;5;1;1
202400037360;155 715 901;7;0;0;3;1;0
202400037361;155 715 899;7;16;0;1;2;1
202400037361;155 715 904;30;14;0;7;7;1
202400037362;155 715 903;7;0;2;1;1;1
202400037362;155 715 905;7;0;2;4;1;1
202400037363;155 715 891;7;0;0;1;0;1
202400037363;155 715 893;7;0;0;1;0;2
202400037364;155 715 894;7;0;1;1;7;0
202400037365;155 715 892;10;0;2;3;17;1
202400037365;155 715 896;7;0;2;1;16;1
202400037366;155 715 890;1;0;2;8;1;5
202400037366;155 715 895;1;0;2;7;1;5
202400037367;155 715 889;10;6;0;1;1;1
202400037368;155 715 887;7;0;2;1;5;1
202400037368;155 715 888;7;0;2;1;1;1
202400037369;155 715 884;50;0;2;8;18;3
202400037369;155 715 886;7;0;2;7;16;1
202400037370;155 715 879;7;0;2;3;1;1
202400037370;155 715 881;7;0;2;1;2;1
202400037370;155 715 883;10;0;2;3;1;1
202400037370;155 715 885;7;0;2;1;2;1
202400037371;155 715 878;33;0;2;1;17;1
202400037371;155 715 882;7;0;2;5;15;1
202400037372;155 715 880;50;0;0;7;16;3
202400037373;155 715 876;7;0;2;5;16;1
202400037373;155 715 877;2;0;2;8;16;1
202400037374;155 715 874;7;0;2;4;9;1
202400037374;155 715 875;10;0;2;1;17;1
202400037375;155 715 871;7;0;2;1;26;1
202400037375;155 715 873;1;0;2;8;5;5
202400037376;155 715 870;13;0;2;3;1;0
202400037376;155 715 872;7;0;2;3;13;1
202400037377;155 715 867;10;0;2;8;15;1
202400037377;155 715 868;33;0;2;7;17;1
202400037378;155 715 866;10;0;2;2;9;1
202400037378;155 715 869;1;0;2;7;1;5
202400037379;155 715 864;7;6;0;1;1;1
202400037380;155 715 863;7;0;2;1;9;2
202400037380;155 715 865;1;0;2;1;5;5
202400037381;155 715 862;7;13;0;9;0;2
202400037382;155 715 860;7;0;1;3;19;1
202400037383;155 715 859;7;0;2;1;1;1
202400037383;155 715 861;7;0;2;1;1;1
202400037384;155 715 856;10;0;2;1;2;1
202400037384;155 715 858;7;15;2;4;2;1
202400037385;155 715 853;2;0;2;7;1;1
202400037385;155 715 855;7;0;2;2;9;1
202400037386;155 715 850;7;0;9;2;26;1
202400037386;155 715 851;50;0;2;1;2;3
202400037387;155 715 848;7;0;2;5;10;1
202400037387;155 715 854;7;0;2;1;1;1
202400037388;155 715 849;7;0;2;3;0;1
202400037388;155 715 852;33;0;2;2;0;1
202400037389;155 715 846;7;2;0;1;0;1
202400037390;155 715 845;7;0;2;1;2;1
202400037390;155 715 847;7;0;2;4;2;1
202400037391;155 715 844;33;1;0;3;15;1
202400037392;155 715 839;7;0;2;3;9;1
202400037392;155 715 843;32;0;2;1;21;1