Num_Acc;id_vehicule;categorie_vehicule;obstacle_fixe;obstacle_mobile;point_choc_initial;manoeuvre_principale;motorisation
202400037763;155 715 222;7;0;0;1;1;1
202400037764;155 715 218;7;0;1;1;19;1
202400037765;155 715 216;7;0;2;4;2;2
202400037765;155 715 217;10;0;2;1;2;1
202400037765;155 715 219;7;0;2;4;2;1
202400037765;155 715 220;7;0;2;4;2;1
202400037766;155 715 215;33;12;0;8;1;1
202400037767;155 715 213;14;0;2;1;1;1
202400037767;155 715 214;7;0;2;4;11;1
202400037768;155 715 211;30;0;1;8;1;1
202400037769;155 715 210;50;0;9;3;1;3
202400037769;155 715 212;1;0;2;3;13;5
202400037770;155 715 208;15;0;2;2;12;1
202400037770;155 715 209;7;0;2;6;1;2
202400037771;155 715 204;33;0;2;3;1;1
202400037771;155 715 207;7;0;2;2;15;0
202400037772;155 715 203;7;0;2;2;12;1
202400037772;155 715 205;33;0;2;3;3;1
202400037773;155 715 202;31;0;2;7;1;1
202400037773;155 715 206;0;0;2;0;15;0
202400037774;155 715 201;33;0;0;8;21;1
202400037775;155 715 196;7;4;0;9;0;1
202400037776;155 715 197;7;0;2;3;20;1
202400037776;155 715 200;33;0;2;7;18;1
202400037777;155 715 195;7;0;2;3;1;1
202400037777;155 715 198;33;0;2;1;19;1
202400037777;155 715 199;33;0;9;1;1;1
202400037778;155 715 193;7;0;2;1;2;1
202400037778;155 715 194;7;0;2;4;2;2
202400037779;155 715 191;10;0;1;1;15;1
202400037780;155 715 189;7;0;0;0;23;1
202400037781;155 715 187;7;0;1;2;1;1
202400037782;155 715 184;33;0;2;7;17;1
202400037782;155 715 186;7;0;2;6;1;0
202400037783;155 715 182;33;9;0;0;1;1
202400037784;155 715 183;7;0;2;4;2;3
202400037784;155 715 185;7;0;2;1;2;1
202400037784;155 715 188;7;0;2;4;2;1
202400037785;155 715 181;33;6;6;3;1;1
202400037786;155 715 180;34;0;0;7;1;1
202400037787;155 715 177;2;0;2;1;1;1
202400037787;155 715 179;7;0;2;5;16;2
202400037788;155 715 176;99;0;2;1;21;3
202400037788;155 715 178;50;0;2;7;21;3
202400037789;155 715 174;7;0;2;5;1;1
202400037789;155 715 175;33;3;2;3;12;1
202400037790;155 715 172;7;13;0;1;1;1
202400037791;155 715 171;10;0;0;7;1;1
202400037792;155 715 170;7;0;2;1;1;1
202400037792;155 715 173;31;0;2;8;15;1
202400037793;155 715 167;7;0;2;1;2;1
202400037793;155 715 168;10;0;2;4;1;1
202400037794;155 715 166;7;8;0;7;1;1
202400037794;155 715 169;7;0;2;1;0;1
202400037795;155 715 163;32;0;2;7;2;1
202400037795;155 715 165;7;0;2;8;16;1
202400037796;155 715 161;7;13;0;3;1;1
202400037797;155 715 160;10;0;2;4;2;1
202400037797;155 715 162;10;0;2;1;2;1
202400037797;155 715 164;7;0;2;4;2;2
202400037798;155 715 158;33;0;6;1;1;1
202400037799;155 715 156;7;0;2;0;21;1
202400037799;155 715 159;7;0;2;0;13;0
202400037800;155 715 155;7;0;2;1;26;1
202400037800;155 715 157;7;0;2;4;1;1
202400037801;155 715 152;7;0;2;1;1;1
202400037801;155 715 154;13;0;2;4;4;1
202400037802;155 715 153;3;0;1;1;1;1
202400037803;155 715 150;2;0;2;3;17;1
202400037803;155 715 151;7;13;0;3;1;1
202400037804;155 715 149;7;6;0;2;15;1
202400037805;155 715 146;15;0;2;1;1;1
202400037805;155 715 148;7;0;2;8;19;1
202400037806;155 715 144;7;0;2;4;2;1
202400037806;155 715 145;7;0;2;4;0;1
202400037806;155 715 147;7;0;2;1;2;1
202400037807;155 715 143;31;0;2;1;1;1
202400037808;155 715 142;7;2;0;2;15;1
202400037809;155 715 140;2;0;2;7;11;1
202400037809;155 715 141;0;0;2;0;0;0
202400037810;155 715 137;2;16;2;3;16;1
202400037810;155 715 139;60;0;2;0;0;5
202400037811;155 715 134;32;0;2;1;1;1
202400037811;155 715 138;7;0;2;2;9;1
202400037812;155 715 133;7;0;2;4;2;1
202400037812;155 715 135;7;0;2;4;2;2
202400037812;155 715 136;7;0;2;1;2;1
202400037813;155 715 131;30;0;0;0;1;1
202400037814;155 715 130;34;0;2;1;1;1
202400037814;155 715 132;7;0;2;2;22;3
202400037815;155 715 127;30;0;2;1;13;1
202400037815;155 715 129;10;0;2;1;1;1
202400037816;155 715 125;30;0;9;0;1;1
202400037817;155 715 123;7;0;2;4;2;1
202400037817;155 715 126;7;0;2;4;26;1
202400037817;155 715 128;7;0;2;1;2;1
202400037818;155 715 121;3;12;2;1;15;1
202400037818;155 715 122;7;0;2;1;1;1
202400037818;155 715 124;7;0;2;1;1;1
202400037819;155 715 118;30;0;1;1;13;1
202400037820;155 715 116;7;0;2;1;2;1
202400037820;155 715 119;10;0;2;4;2;1
202400037821;155 715 115;7;4;9;1;26;1
202400037822;155 715 117;13;12;2;1;1;1
202400037822;155 715 120;32;12;0;0;0;1
202400037823;155 715 111;32;0;2;1;1;1
202400037823;155 715 114;7;0;2;5;15;1
202400037824;155 715 110;7;15;2;1;9;2
202400037824;155 715 112;7;12;0;6;1;1
202400037825;155 715 107;7;0;1;8;1;1
202400037826;155 715 108;33;0;2;2;3;1
202400037826;155 715 109;7;0;2;6;1;1
202400037826;155 715 113;33;0;2;1;3;1
202400037827;155 715 105;7;0;1;3;15;1
202400037828;155 715 104;2;0;2;8;15;1
202400037828;155 715 106;7;0;2;2;17;1
202400037829;155 715 103;7;0;1;1;26;1
202400037830;155 715 100;7;0;2;1;2;2
202400037830;155 715 102;7;0;2;4;2;1
202400037831;155 715 097;33;0;2;1;17;1
202400037831;155 715 099;7;0;2;3;1;1
202400037832;155 715 098;7;0;2;1;15;1
202400037832;155 715 101;33;0;2;1;1;1
202400037833;155 715 096;7;3;0;3;1;1
202400037834;155 715 092;7;0;1;1;1;1
202400037835;155 715 091;7;0;2;5;2;1
202400037835;155 715 093;7;0;0;0;12;0
202400037835;155 715 095;43;0;2;1;1;1
202400037836;155 715 090;1;0;2;2;1;5
202400037836;155 715 094;7;0;9;8;1;1
202400037837;155 715 087;33;0;2;2;1;0
202400037837;155 715 089;33;0;2;2;1;1
202400037838;155 715 088;10;0;1;0;1;0
202400037839;155 715 083;3;0;2;4;2;1
202400037839;155 715 085;7;0;2;1;2;1
202400037840;155 715 084;15;0;2;2;1;1
202400037840;155 715 086;2;0;2;1;1;1
202400037841;155 715 081;31;0;2;1;2;1
202400037841;155 715 082;7;0;2;3;15;2
202400037842;155 715 078;13;0;2;2;2;1
202400037842;155 715 080;10;0;2;0;0;1
202400037843;155 715 077;2;0;2;1;13;1
202400037843;155 715 079;2;0;2;1;0;1
202400037844;155 715 074;33;0;2;3;2;1
202400037844;155 715 075;15;0;2;2;16;1
202400037845;155 715 073;7;0;9;2;1;1
202400037845;155 715 076;2;0;2;1;1;1
202400037846;155 715 072;33;12;9;1;14;1
202400037847;155 715 068;7;0;2;3;15;0
202400037847;155 715 071;31;0;2;1;17;0
202400037848;155 715 066;7;0;2;1;19;1
202400037848;155 715 069;1;0;2;8;19;5
202400037849;155 715 067;7;0;2;3;9;1
202400037849;155 715 070;33;0;2;5;1;1
202400037850;155 715 065;40;0;1;1;1;3
202400037851;155 715 064;33;7;0;1;2;1
202400037852;155 715 062;7;0;2;4;2;1
202400037852;155 715 063;7;0;2;1;2;1
202400037853;155 715 060;7;0;1;2;9;1
202400037854;155 715 059;7;0;2;1;19;1
202400037854;155 715 061;33;0;2;8;1;1
202400037855;155 715 056;14;0;2;2;26;1
202400037855;155 715 058;1;0;2;6;25;5
202400037856;155 715 055;7;0;2;7;2;0
202400037856;155 715 057;50;0;2;8;9;3
202400037857;155 715 052;35;0;0;6;1;1
202400037857;155 715 054;7;0;2;2;17;0
202400037858;155 715 051;1;0;2;1;5;5
202400037858;155 715 053;7;0;2;2;16;1
202400037859;155 715 049;33;0;2;8;17;1
202400037859;155 715 050;7;0;2;8;1;1
202400037860;155 715 046;7;0;2;1;9;1
202400037860;155 715 048;7;0;2;8;9;1
202400037861;155 715 045;7;17;0;1;13;1
202400037862;155 715 043;34;0;2;3;17;1
202400037862;155 715 044;7;0;2;2;15;1
202400037863;155 715 040;7;0;2;1;1;1
202400037863;155 715 042;7;0;2;3;19;1
202400037864;155 715 039;33;0;2;1;3;1
202400037864;155 715 041;7;0;2;3;15;1
202400037865;155 715 038;7;6;0;1;1;1
202400037866;155 715 033;7;0;2;1;19;1
202400037866;155 715 035;14;0;2;8;19;1
202400037867;155 715 031;33;0;2;1;2;1
202400037867;155 715 032;7;0;2;4;2;1
202400037867;155 715 034;7;0;2;1;2;1
202400037867;155 715 036;7;0;2;4;2;2
202400037867;155 715 037;7;0;2;1;1;1
202400037868;155 715 028;7;0;2;4;9;1
202400037868;155 715 029;1;0;2;7;16;5
202400037869;155 715 027;10;0;0;7;15;3
202400037870;155 715 025;7;0;2;2;10;1
202400037870;155 715 026;7;0;2;3;2;1
202400037871;155 715 022;7;0;2;0;15;3
202400037871;155 715 024;33;0;2;1;17;1
202400037872;155 715 021;2;0;2;1;9;1
202400037872;155 715 023;7;0;2;7;1;1
202400037873;155 715 020;50;12;0;1;26;3
202400037874;155 715 018;7;0;2;8;19;1
202400037874;155 715 019;7;0;2;1;19;1
202400037875;155 715 017;7;1;0;1;13;1
202400037876;155 715 015;33;13;0;8;21;1
202400037877;155 715 014;33;0;2;1;17;1
202400037877;155 715 016;7;0;2;8;15;1
202400037878;155 715 013;7;6;0;1;2;1
202400037879;155 715 012;7;0;1;2;1;1
202400037880;155 715 009;0;0;2;0;5;0
202400037880;155 715 010;33;0;2;1;1;1
202400037880;155 715 011;33;13;0;0;1;1
202400037881;155 715 008;7;0;1;1;15;3
202400037882;155 715 006;33;0;2;1;0;1
202400037882;155 715 007;7;0;2;3;9;1
202400037883;155 715 004;7;0;2;1;1;1
202400037883;155 715 005;30;0;2;5;1;1
202400037884;155 714 999;7;3;0;3;13;1
202400037885;155 714 998;7;12;2;3;1;1
202400037885;155 715 000;7;12;2;3;1;1
202400037885;155 715 001;7;0;2;3;13;1
202400037886;155 714 994;10;0;2;2;15;3
202400037886;155 714 996;33;0;2;1;1;1
202400037887;155 714 992;7;0;1;2;1;1
202400037888;155 714 991;33;0;2;1;1;1
202400037888;155 714 993;10;0;2;1;0;1
202400037889;155 714 989;7;0;2;1;1;1
202400037889;155 714 990;33;0;2;1;13;1
202400037890;155 714 988;7;0;1;4;20;1
202400037891;155 714 987;10;0;1;1;1;1
202400037892;155 714 986;33;12;0;2;1;1
202400037893;155 714 983;7;0;2;1;2;1
202400037893;155 714 985;7;0;2;4;1;1
202400037894;155 714 982;7;0;2;1;5;1
202400037894;155 714 984;7;0;2;1;1;2
202400037895;155 714 980;7;13;0;1;2;1
202400037896;155 714 981;7;0;1;2;1;1
202400037897;155 714 977;7;0;2;5;15;1
202400037897;155 714 979;33;0;2;1;1;1
202400037898;155 714 971;7;0;2;1;1;1
202400037898;155 714 973;7;0;2;3;15;1
202400037899;155 714 970;7;0;2;1;13;0
202400037899;155 714 972;7;0;2;1;1;1
202400037900;155 714 969;10;9;9;1;6;1
202400037901;155 714 966;10;0;2;1;0;1
202400037901;155 714 968;21;0;2;4;0;1
202400037902;155 714 965;7;0;2;2;1;1
202400037902;155 714 967;31;0;2;5;15;1
202400037903;155 714 963;7;0;9;2;1;1
202400037903;155 714 964;60;1;0;1;2;5
202400037904;155 714 961;7;0;2;3;9;1
202400037904;155 714 962;1;0;2;2;1;5
202400037905;155 714 960;80;13;0;0;1;3
202400037906;155 714 958;7;0;2;6;23;1
202400037906;155 714 959;7;0;2;5;1;1
202400037907;155 714 957;31;16;9;0;0;0
202400037908;155 714 954;33;0;0;1;14;1
202400037909;155 714 953;7;0;2;1;2;1
202400037909;155 714 955;7;0;2;4;1;1
202400037909;155 714 956;7;0;2;4;1;1
202400037910;155 714 948;7;0;2;1;1;1
202400037910;155 714 950;7;0;2;7;19;1
202400037911;155 714 947;7;0;2;4;1;1
202400037911;155 714 949;7;0;2;4;1;1
202400037911;155 714 951;7;0;2;4;1;1
202400037911;155 714 952;7;0;2;1;1;1
202400037912;155 714 945;10;0;1;1;1;1
202400037913;155 714 943;7;0;2;4;2;1
202400037913;155 714 944;7;0;2;4;2;1
202400037913;155 714 946;7;0;2;1;26;1
202400037914;155 714 940;33;0;2;7;21;1
202400037914;155 714 942;7;0;2;7;0;1
202400037915;155 714 939;10;0;2;4;1;1
202400037915;155 714 941;7;0;2;1;1;1
202400037916;155 714 938;50;11;0;1;13;3
202400037917;155 714 936;30;0;0;0;15;1
202400037918;155 714 933;7;0;2;4;2;1
202400037918;155 714 934;7;0;2;4;2;1
202400037918;155 714 935;7;0;2;4;2;1
202400037918;155 714 937;7;0;2;1;2;3
202400037919;155 714 930;7;0;9;8;10;1
202400037919;155 714 932;33;0;2;1;1;1
202400037920;155 714 929;31;0;2;7;17;1
202400037920;155 714 931;7;0;2;8;1;1
202400037921;155 714 927;33;6;2;1;17;1
202400037921;155 714 928;7;0;2;8;15;1
202400037922;155 714 924;7;0;2;8;11;1
202400037922;155 714 926;7;0;2;1;1;1
202400037923;155 714 923;7;0;2;8;9;1
202400037923;155 714 925;32;0;2;2;9;1
202400037924;155 714 920;7;0;2;6;1;1
202400037924;155 714 921;7;0;2;1;1;1
202400037924;155 714 922;33;0;2;1;13;1
202400037925;155 714 919;10;0;1;8;1;1
202400037926;155 714 916;7;6;0;1;6;1
202400037927;155 714 917;7;0;2;1;2;1
202400037927;155 714 918;7;0;2;4;2;1
202400037928;155 714 913;7;0;2;1;1;0
202400037928;155 714 915;7;0;0;0;0;1
202400037929;155 714 912;10;0;2;4;1;1
202400037929;155 714 914;7;0;2;1;1;1
202400037930;155 714 910;30;12;0;1;14;1
202400037931;155 714 908;10;0;2;1;2;1
202400037931;155 714 909;7;0;2;4;2;1
202400037931;155 714 911;7;0;2;4;2;1
202400037932;155 714 907;7;0;2;1;0;1
202400037933;155 714 905;33;0;2;7;3;1
202400037933;155 714 906;7;0;2;2;11;2
202400037934;155 714 903;33;0;2;1;3;1
202400037934;155 714 904;7;0;2;4;11;1
202400037935;155 714 902;20;0;0;7;15;1
202400037936;155 714 901;7;4;0;1;21;1
202400037937;155 714 899;1;0;2;1;19;5
202400037937;155 714 900;7;0;9;1;19;1
202400037938;155 714 897;7;0;2;6;2;1
202400037938;155 714 898;7;0;2;1;2;1
202400037939;155 714 895;7;0;2;8;17;1
202400037939;155 714 896;1;0;2;0;0;5
202400037940;155 714 894;31;3;0;3;13;1
202400037941;155 714 892;7;0;2;2;15;
202400037941;155 714 893;30;0;2;2;1;
202400037942;155 714 890;7;4;0;1;0;1
202400037942;155 714 891;7;0;2;1;1;2
202400037943;155 714 886;7;0;2;8;1;1
202400037943;155 714 888;33;0;2;7;3;1
202400037944;155 714 887;30;0;2;7;1;1
202400037944;155 714 889;7;0;2;1;1;1
202400037945;155 714 883;7;0;2;2;1;1
202400037945;155 714 885;10;0;2;4;1;1
202400037946;155 714 882;7;0;2;5;15;1
202400037946;155 714 884;2;0;2;1;1;1
202400037947;155 714 880;1;0;0;0;1;5
202400037948;155 714 879;1;0;2;0;0;5
202400037948;155 714 881;10;0;9;7;0;1
202400037949;155 714 876;7;0;2;1;1;1
202400037949;155 714 878;7;0;2;7;1;1
202400037950;155 714 875;1;0;2;4;0;5
202400037950;155 714 877;7;0;2;2;2;1
202400037951;155 714 871;7;0;2;4;2;1
202400037951;155 714 873;7;0;2;1;26;1
202400037951;155 714 874;7;0;2;4;1;1
202400037952;155 714 870;7;0;0;5;2;1
202400037952;155 714 872;33;0;2;1;2;1
202400037953;155 714 868;7;0;1;1;1;1
202400037954;155 714 867;2;0;2;1;9;1
202400037954;155 714 869;7;0;2;3;17;1
202400037955;155 714 866;7;0;1;4;2;1
202400037956;155 714 863;7;0;2;8;19;1
202400037956;155 714 865;30;0;2;1;19;1
202400037957;155 714 862;7;0;2;1;13;1
202400037957;155 714 864;7;0;2;1;1;1
202400037958;155 714 861;7;3;0;3;26;1
202400037959;155 714 860;33;6;0;1;1;1
202400037960;155 714 859;7;0;1;1;16;1
202400037961;155 714 858;7;13;0;1;14;1
202400037962;155 714 857;7;0;1;1;0;1
202400037963;155 714 855;7;0;2;2;16;0
202400037963;155 714 856;1;0;2;8;1;5
202400037964;155 714 853;33;0;2;1;1;
202400037964;155 714 854;10;0;2;3;1;
202400037965;155 714 852;10;0;1;2;1;1
202400037966;155 714 849;7;0;2;2;17;0
202400037966;155 714 850;7;0;2;3;1;0
202400037966;155 714 851;7;0;2;4;1;0
202400037967;155 714 844;7;0;2;3;15;1
202400037967;155 714 847;7;0;2;2;1;1
202400037968;155 714 845;1;0;2;8;15;5
202400037968;155 714 846;33;0;2;7;1;1
202400037969;155 714 841;7;0;2;5;2;2
202400037969;155 714 843;7;0;2;1;2;1
202400037970;155 714 842;7;0;0;9;14;1
202400037971;155 714 840;50;0;1;0;26;3
202400037972;155 714 838;3;0;2;1;1;1
202400037972;155 714 839;3;0;2;1;1;1
202400037973;155 714 836;7;0;2;1;26;1
202400037973;155 714 837;1;0;2;1;26;5
202400037974;155 714 834;7;0;2;7;10;1
202400037974;155 714 835;34;0;2;1;2;1
202400037975;155 714 833;7;1;0;3;1;1
202400037976;155 714 832;50;0;0;0;1;3
202400037977;155 714 829;7;0;1;1;1;1
202400037978;155 714 826;50;0;2;3;19;3
202400037978;155 714 828;7;0;9;5;16;1
202400037979;155 714 825;7;0;2;2;1;1
202400037979;155 714 827;7;0;2;3;16;2
202400037980;155 714 824;33;0;0;0;26;1
202400037981;155 714 823;37;0;1;1;2;1
202400037982;155 714 821;7;0;2;1;26;1
202400037982;155 714 822;7;3;2;4;2;1
202400037983;155 714 820;7;0;1;3;1;1
202400037984;155 714 818;7;0;2;3;15;1
202400037984;155 714 819;2;0;2;1;1;1
202400037985;155 714 816;33;0;2;1;17;1
202400037985;155 714 817;7;0;2;0;0;1
202400037986;155 714 815;50;0;0;0;1;3
202400037987;155 714 813;7;0;2;1;13;1
202400037987;155 714 814;33;0;2;1;1;1
202400037988;155 714 812;7;8;1;1;0;1
202400037989;155 714 809;7;0;2;1;2;1
202400037989;155 714 810;7;0;2;4;23;1
202400037990;155 714 807;7;0;2;3;9;1
202400037990;155 714 808;50;0;2;1;1;3
202400037991;155 714 806;34;8;0;0;0;1
202400037992;155 714 804;2;0;2;8;1;3
202400037992;155 714 805;7;0;2;1;15;1
202400037993;155 714 803;33;1;0;1;0;1
202400037994;155 714 802;50;12;0;7;25;3
202400037995;155 714 799;7;0;1;8;1;1
202400037996;155 714 800;7;0;1;2;1;1
202400037997;155 714 798;7;4;0;8;1;1
202400037998;155 714 797;7;0;2;2;15;1
202400037998;155 714 801;32;0;2;3;15;1
202400037999;155 714 793;7;0;2;4;1;1
202400037999;155 714 794;7;0;2;1;1;1
202400037999;155 714 796;33;0;2;4;1;1
202400038000;155 714 792;7;0;1;3;20;1
202400038001;155 714 791;1;0;2;4;26;5
202400038001;155 714 795;7;0;2;2;12;1
202400038002;155 714 789;7;12;0;0;0;1
202400038002;155 714 790;2;12;0;8;14;1
202400038003;155 714 786;30;1;2;1;15;1
202400038003;155 714 788;7;1;2;1;1;1
202400038004;155 714 785;50;0;2;1;12;3
202400038004;155 714 787;7;0;2;7;17;1
202400038005;155 714 783;7;0;2;3;16;1
202400038005;155 714 784;50;0;2;1;5;3
202400038006;155 714 779;7;0;1;4;16;1
202400038007;155 714 780;7;12;0;2;16;1
202400038007;155 714 782;10;0;2;5;12;1
202400038008;155 714 778;33;0;2;1;18;1
202400038008;155 714 781;7;0;2;7;16;2
202400038009;155 714 776;7;0;2;3;13;1
202400038009;155 714 777;7;0;2;3;15;1
202400038010;155 714 774;7;14;0;3;2;1
202400038011;155 714 770;30;0;2;8;1;1
202400038011;155 714 772;10;0;2;7;16;1
202400038012;155 714 773;33;0;0;8;1;1
202400038013;155 714 769;7;0;1;1;1;1
202400038014;155 714 771;7;0;2;8;13;1
202400038014;155 714 775;32;0;2;7;17;1
202400038015;155 714 768;7;0;1;2;9;3
202400038016;155 714 767;31;0;0;2;3;1
202400038017;155 714 763;2;0;2;8;15;1
202400038017;155 714 766;2;0;2;1;17;1
202400038018;155 714 764;7;0;1;2;15;1
202400038019;155 714 762;7;0;2;4;1;1
202400038019;155 714 765;31;0;2;1;2;1
202400038020;155 714 760;7;0;1;7;1;1
202400038021;155 714 759;34;0;2;9;17;1
202400038021;155 714 761;7;0;2;1;9;1
202400038022;155 714 756;7;0;2;1;2;1
202400038022;155 714 758;7;0;2;4;2;1
202400038023;155 714 754;43;0;2;3;2;1
202400038023;155 714 755;7;0;2;6;2;1
202400038024;155 714 753;50;0;2;1;19;3
202400038024;155 714 757;7;0;2;7;1;1
202400038025;155 714 750;10;0;2;4;1;1
202400038025;155 714 751;10;0;2;8;1;1
202400038025;155 714 752;33;0;2;1;1;1
202400038026;155 714 745;33;0;2;8;3;1
202400038026;155 714 748;7;0;2;4;1;1
202400038026;155 714 749;7;0;2;7;12;1
202400038027;155 714 744;43;0;2;1;1;1
202400038027;155 714 746;10;0;2;5;0;1
202400038028;155 714 743;7;0;2;1;16;1
202400038028;155 714 747;21;0;2;6;23;1
202400038029;155 714 740;1;0;2;1;9;5
202400038029;155 714 742;7;0;2;0;0;0
202400038030;155 714 739;1;0;2;8;15;5
202400038030;155 714 741;2;0;2;1;1;1
202400038031;155 714 737;7;0;2;3;9;1
202400038031;155 714 738;7;0;2;2;0;1
202400038032;155 714 734;50;0;2;1;25;3
202400038032;155 714 735;50;0;2;1;25;3
202400038033;155 714 733;7;0;0;8;24;1
202400038033;155 714 736;1;1;0;1;1;5
202400038034;155 714 730;32;0;2;1;1;1
202400038034;155 714 732;7;0;2;8;22;2
202400038035;155 714 729;33;0;0;0;26;1
202400038036;155 714 728;7;0;2;5;17;2
202400038036;155 714 731;50;0;2;8;15;3
202400038037;155 714 726;43;0;2;8;15;1
202400038037;155 714 727;7;0;2;2;1;2
202400038038;155 714 724;7;0;2;1;2;1
202400038038;155 714 725;7;0;2;4;2;1
202400038039;155 714 722;2;0;2;6;1;3
202400038039;155 714 723;7;0;2;7;16;1
202400038040;155 714 719;10;0;2;2;10;1
202400038040;155 714 721;33;0;2;1;1;1
202400038041;155 714 715;32;0;0;8;1;3
202400038042;155 714 716;7;0;2;1;11;1
202400038042;155 714 718;30;0;2;4;1;1
202400038043;155 714 714;32;0;2;8;13;1
202400038043;155 714 717;7;0;2;6;2;1
202400038043;155 714 720;7;0;2;3;1;1
202400038044;155 714 713;7;0;1;1;0;1
202400038045;155 714 712;10;0;1;1;15;3
202400038046;155 714 709;33;0;1;1;19;1
202400038047;155 714 708;10;0;2;3;1;6
202400038047;155 714 710;7;0;2;6;15;1
202400038048;155 714 707;7;0;2;8;22;1
202400038048;155 714 711;1;1;0;7;1;5
202400038049;155 714 706;30;0;2;0;1;6
202400038050;155 714 705;34;3;0;2;14;1
202400038051;155 714 703;7;0;1;1;2;1
202400038052;155 714 700;7;0;2;1;1;1
202400038052;155 714 702;33;0;2;3;1;1
202400038053;155 714 701;33;0;2;1;17;1
202400038053;155 714 704;7;0;2;3;15;2
202400038054;155 714 699;7;0;1;1;0;1
202400038055;155 714 694;10;0;2;0;0;
202400038055;155 714 698;7;0;2;8;1;1
202400038056;155 714 693;37;0;2;3;1;1
202400038056;155 714 696;7;0;2;2;12;1
202400038057;155 714 695;7;0;2;8;15;1
202400038057;155 714 697;33;0;2;9;1;1
202400038058;155 714 688;7;0;0;3;26;1
202400038058;155 714 692;7;1;0;0;26;1
202400038059;155 714 689;7;0;2;5;0;1
202400038059;155 714 691;50;0;2;1;2;3
202400038060;155 714 687;7;0;2;3;2;1
202400038060;155 714 690;7;0;2;7;2;1
202400038061;155 714 686;7;0;1;8;0;1
202400038062;155 714 683;10;9;2;1;9;1
202400038062;155 714 685;13;9;0;3;1;1
202400038063;155 714 681;1;0;0;0;0;5
202400038063;155 714 682;32;0;0;0;0;0
202400038064;155 714 680;7;0;2;1;0;0
202400038064;155 714 684;33;0;2;4;0;1
202400038065;155 714 678;80;0;2;7;1;3
202400038065;155 714 679;7;0;2;8;22;1
202400038066;155 714 676;13;0;2;6;15;1
202400038066;155 714 677;34;0;2;1;13;1
202400038067;155 714 673;7;0;2;1;15;1
202400038067;155 714 675;33;0;2;7;1;1
202400038068;155 714 672;31;0;2;1;21;1
202400038068;155 714 674;7;0;2;4;2;3
202400038069;155 714 670;7;0;2;7;15;1
202400038069;155 714 671;34;0;2;1;1;1
202400038070;155 714 667;7;0;2;3;15;1
202400038070;155 714 669;1;0;2;1;1;5
202400038071;155 714 666;10;0;2;1;19;1
202400038071;155 714 668;1;0;2;4;2;5
202400038072;155 714 665;7;0;0;1;0;1
202400038073;155 714 663;7;0;1;2;26;1
202400038074;155 714 662;7;2;2;5;15;1
202400038074;155 714 664;7;0;2;2;1;1
202400038075;155 714 661;33;0;1;1;17;0
202400038076;155 714 659;7;0;0;9;0;1
202400038077;155 714 657;7;0;2;3;1;1
202400038077;155 714 660;1;0;2;1;1;5
202400038078;155 714 656;7;0;2;3;13;1
202400038078;155 714 658;7;0;2;3;1;1
202400038079;155 714 655;7;16;0;3;1;1
202400038080;155 714 653;10;1;0;2;21;1
202400038081;155 714 654;50;1;0;1;26;3
202400038082;155 714 651;7;0;1;1;1;1
202400038083;155 714 649;50;0;2;1;1;3
202400038083;155 714 652;7;0;2;8;1;0
202400038084;155 714 648;32;0;2;0;0;1
202400038084;155 714 650;10;0;2;3;11;1
202400038085;155 714 646;30;0;1;1;1;1
202400038086;155 714 642;7;3;0;3;1;1
202400038086;155 714 644;7;0;2;3;5;1
202400038086;155 714 647;10;3;2;3;1;1
202400038087;155 714 643;33;0;2;8;1;1
202400038087;155 714 645;10;0;2;1;15;1
202400038088;155 714 640;30;0;2;1;1;1
202400038088;155 714 641;7;0;2;5;15;1
202400038089;155 714 639;7;3;0;1;0;2
202400038090;155 714 637;7;0;2;1;0;1
202400038090;155 714 638;7;0;2;4;0;3
202400038091;155 714 633;7;0;2;3;0;1
202400038091;155 714 635;7;0;2;1;0;1
202400038092;155 714 632;2;0;2;1;2;1
202400038092;155 714 634;7;0;2;3;15;1
202400038093;155 714 631;7;0;2;4;1;1
202400038093;155 714 636;10;0;2;1;1;1
202400038094;155 714 630;7;0;1;1;1;1
202400038095;155 714 627;14;0;1;1;1;1
202400038096;155 714 626;30;0;2;1;16;1
202400038096;155 714 629;50;0;2;7;1;3
202400038097;155 714 625;31;0;2;1;0;1
202400038097;155 714 628;31;0;2;1;0;1
202400038098;155 714 619;33;0;2;3;3;1
202400038098;155 714 622;7;0;2;8;1;2
202400038098;155 714 624;10;0;2;5;1;3
202400038099;155 714 618;7;0;2;2;16;1
202400038099;155 714 621;50;0;2;1;1;3
202400038100;155 714 616;7;2;0;1;14;1
202400038101;155 714 615;33;0;2;2;3;1
202400038101;155 714 617;14;0;2;6;1;1
202400038102;155 714 613;43;0;2;3;1;1
202400038102;155 714 614;10;0;2;1;1;1
202400038103;155 714 610;7;0;0;6;1;1
202400038103;155 714 612;7;0;2;1;1;1
202400038104;155 714 609;7;0;0;4;2;1
202400038104;155 714 611;7;0;2;1;2;1
202400038105;155 714 605;2;0;2;1;1;1
202400038105;155 714 606;7;0;2;3;1;1
202400038106;155 714 607;7;0;2;3;15;1
202400038106;155 714 608;43;0;2;5;17;1
202400038107;155 714 603;10;0;2;3;1;1