Num_Acc;id_vehicule;categorie_vehicule;obstacle_fixe;obstacle_mobile;point_choc_initial;manoeuvre_principale;motorisation
202400038453;155 713 974;32;0;2;1;1;1
202400038453;155 713 975;1;0;2;4;1;5
202400038454;155 713 973;10;0;1;1;15;3
202400038455;155 713 971;33;0;2;4;2;1
202400038455;155 713 972;7;0;2;1;2;1
202400038456;155 713 968;10;0;2;2;16;1
202400038456;155 713 970;1;0;2;1;1;5
202400038457;155 713 964;7;1;0;1;1;1
202400038457;155 713 966;10;0;2;4;2;1
202400038458;155 713 963;7;0;1;1;1;1
202400038459;155 713 965;7;0;2;1;2;1
202400038459;155 713 967;7;0;0;4;2;1
202400038459;155 713 969;7;0;2;1;2;1
202400038460;155 713 961;7;0;2;1;2;1
202400038460;155 713 962;7;0;2;4;1;2
202400038461;155 713 960;3;0;1;1;1;3
202400038462;155 713 956;33;0;2;1;2;1
202400038462;155 713 958;10;0;2;4;1;1
202400038463;155 713 955;7;0;2;1;2;1
202400038463;155 713 957;7;0;2;4;23;1
202400038464;155 713 954;7;0;2;3;15;1
202400038464;155 713 959;33;0;2;1;1;1
202400038465;155 713 951;10;0;2;1;2;0
202400038465;155 713 953;7;0;2;4;2;1
202400038466;155 713 950;7;0;2;1;1;1
202400038466;155 713 952;7;0;2;4;1;1
202400038467;155 713 946;7;0;2;4;2;1
202400038467;155 713 948;10;0;2;1;2;1
202400038468;155 713 945;7;0;1;1;0;1
202400038469;155 713 947;32;0;2;8;11;1
202400038469;155 713 949;10;0;2;2;0;1
202400038470;155 713 943;34;4;2;2;3;1
202400038470;155 713 944;7;4;2;3;11;1
202400038471;155 713 941;7;0;2;3;11;1
202400038471;155 713 942;7;0;0;0;1;1
202400038472;155 713 938;33;0;2;1;1;1
202400038472;155 713 940;7;0;2;4;12;1
202400038473;155 713 936;7;0;2;1;1;1
202400038473;155 713 939;10;0;2;4;1;1
202400038474;155 713 933;7;0;2;8;1;1
202400038474;155 713 935;14;0;2;2;1;1
202400038475;155 713 934;7;0;2;1;15;1
202400038475;155 713 937;34;0;2;1;1;1
202400038476;155 713 930;7;1;0;1;1;1
202400038477;155 713 929;7;0;2;7;0;1
202400038477;155 713 931;7;0;2;8;21;1
202400038478;155 713 928;50;0;2;3;19;3
202400038478;155 713 932;34;12;2;1;1;1
202400038479;155 713 922;33;0;2;1;3;1
202400038479;155 713 924;7;0;2;4;1;1
202400038479;155 713 926;7;0;2;3;11;1
202400038480;155 713 923;1;0;0;3;21;5
202400038480;155 713 925;7;0;0;5;1;2
202400038480;155 713 927;7;11;0;0;9;1
202400038481;155 713 920;80;0;0;0;0;3
202400038482;155 713 918;15;0;2;1;2;1
202400038482;155 713 919;7;0;2;4;2;1
202400038483;155 713 917;1;0;0;0;0;5
202400038484;155 713 915;7;0;2;1;1;1
202400038484;155 713 916;1;0;2;0;19;5
202400038485;155 713 912;7;2;2;3;15;1
202400038485;155 713 913;43;0;2;3;1;1
202400038486;155 713 914;10;0;2;1;1;0
202400038486;155 713 921;10;0;2;1;16;0
202400038487;155 713 909;1;0;2;0;0;5
202400038487;155 713 911;7;0;2;0;0;1
202400038488;155 713 908;7;0;2;2;0;1
202400038488;155 713 910;32;0;2;1;21;3
202400038489;155 713 904;15;0;2;4;26;1
202400038489;155 713 906;10;0;2;1;0;1
202400038490;155 713 907;7;0;0;1;1;0
202400038491;155 713 903;17;0;2;6;23;1
202400038491;155 713 905;13;0;2;2;2;1
202400038492;155 713 902;1;0;0;0;0;5
202400038493;155 713 899;7;0;2;3;15;1
202400038493;155 713 901;34;0;2;1;1;1
202400038494;155 713 898;7;0;0;0;0;1
202400038495;155 713 900;0;0;1;1;0;
202400038496;155 713 897;7;6;0;0;0;1
202400038497;155 713 892;34;0;2;1;11;
202400038497;155 713 896;7;0;2;1;1;
202400038498;155 713 890;7;0;2;3;5;1
202400038498;155 713 891;7;0;0;8;2;1
202400038498;155 713 894;10;0;2;3;5;1
202400038499;155 713 893;7;0;2;8;0;1
202400038499;155 713 895;2;0;2;1;2;1
202400038500;155 713 889;32;10;0;1;1;1
202400038501;155 713 888;17;13;0;1;0;1
202400038502;155 713 886;7;0;0;1;26;1
202400038503;155 713 885;32;0;2;1;3;1
202400038503;155 713 887;7;0;2;3;15;1
202400038504;155 713 884;7;2;0;1;1;1
202400038505;155 713 882;99;0;2;0;0;0
202400038505;155 713 883;7;0;2;1;15;1
202400038506;155 713 880;17;0;2;1;1;1
202400038506;155 713 881;7;0;2;8;19;1
202400038507;155 713 875;7;0;2;0;2;1
202400038507;155 713 878;50;0;2;0;1;3
202400038508;155 713 874;7;13;0;4;15;1
202400038508;155 713 877;10;16;0;1;1;0
202400038509;155 713 876;7;0;2;8;11;1
202400038509;155 713 879;32;0;2;2;3;1
202400038510;155 713 872;1;0;2;3;1;0
202400038510;155 713 873;7;0;2;2;1;1
202400038511;155 713 870;7;0;2;7;12;3
202400038511;155 713 871;7;0;2;8;1;1
202400038512;155 713 868;7;0;1;2;1;2
202400038513;155 713 867;7;7;0;1;1;1
202400038514;155 713 866;7;0;2;1;2;1
202400038514;155 713 869;7;0;2;4;2;1
202400038515;155 713 864;7;0;1;1;1;1
202400038516;155 713 862;33;0;0;8;1;1
202400038517;155 713 860;7;0;0;6;2;1
202400038517;155 713 861;33;0;2;1;2;1
202400038518;155 713 859;7;0;1;1;1;2
202400038519;155 713 858;7;2;0;6;13;1
202400038520;155 713 863;10;0;2;7;1;1
202400038520;155 713 865;30;0;2;1;26;1
202400038521;155 713 857;7;2;0;1;1;1
202400038522;155 713 856;1;0;1;1;7;5
202400038523;155 713 852;7;0;0;0;13;0
202400038523;155 713 853;2;6;0;9;21;1
202400038524;155 713 854;7;0;2;2;1;1
202400038524;155 713 855;60;0;2;0;19;5
202400038525;155 713 851;32;0;1;3;1;1
202400038526;155 713 849;7;0;2;5;17;0
202400038526;155 713 850;7;0;2;3;1;2
202400038527;155 713 848;7;0;1;3;1;1
202400038528;155 713 846;7;0;2;1;15;1
202400038528;155 713 847;7;0;2;1;1;1
202400038529;155 713 845;7;2;0;2;16;1
202400038530;155 713 842;2;0;0;0;1;1
202400038531;155 713 843;10;0;2;2;16;1
202400038531;155 713 844;1;0;2;1;1;5
202400038532;155 713 840;7;0;2;3;15;2
202400038532;155 713 841;50;0;2;0;0;3
202400038533;155 713 838;7;5;2;3;1;1
202400038533;155 713 839;7;0;2;1;1;1
202400038534;155 713 837;7;0;1;7;26;0
202400038535;155 713 835;50;12;0;1;1;3
202400038536;155 713 834;7;8;0;2;2;1
202400038537;155 713 833;30;0;2;8;18;3
202400038537;155 713 836;7;0;2;3;14;2
202400038538;155 713 831;33;6;0;1;19;1
202400038539;155 713 830;7;0;2;2;13;1
202400038539;155 713 832;7;0;2;3;1;1
202400038540;155 713 828;7;0;2;2;1;1
202400038540;155 713 829;7;0;2;3;1;1
202400038541;155 713 826;7;0;1;2;1;1
202400038542;155 713 823;80;0;2;1;1;3
202400038542;155 713 827;10;0;2;3;22;1
202400038543;155 713 822;7;0;2;8;1;1
202400038543;155 713 825;10;0;2;1;1;1
202400038544;155 713 821;10;0;2;1;5;1
202400038544;155 713 824;7;0;2;1;1;1
202400038545;155 713 817;13;0;2;3;1;1
202400038545;155 713 819;7;0;2;1;13;1
202400038546;155 713 815;7;0;2;3;1;1
202400038546;155 713 816;7;0;2;3;1;1
202400038546;155 713 820;7;0;2;3;1;1
202400038547;155 713 818;10;0;1;1;15;0
202400038548;155 713 813;2;0;2;1;19;1
202400038548;155 713 814;7;0;2;7;13;1
202400038549;155 713 812;10;0;9;0;26;0
202400038550;155 713 811;33;0;0;1;1;1
202400038551;155 713 808;13;0;1;2;1;1
202400038552;155 713 807;31;0;0;0;1;1
202400038553;155 713 809;10;0;2;5;16;1
202400038553;155 713 810;33;0;2;3;18;1
202400038554;155 713 805;2;6;0;2;14;1
202400038555;155 713 802;10;14;0;6;1;1
202400038555;155 713 806;7;0;2;1;1;1
202400038556;155 713 803;1;0;2;3;1;5
202400038556;155 713 804;7;0;2;8;15;1
202400038557;155 713 800;15;0;9;1;0;1
202400038557;155 713 801;50;0;2;4;0;3
202400038558;155 713 799;7;0;1;1;1;1
202400038559;155 713 796;2;0;2;1;26;1
202400038559;155 713 797;7;0;2;2;16;2
202400038560;155 713 795;1;0;2;1;1;5
202400038560;155 713 798;7;0;9;3;16;1
202400038561;155 713 793;7;0;2;6;1;1
202400038561;155 713 794;33;0;2;2;1;1
202400038562;155 713 792;10;0;1;8;1;1
202400038563;155 713 790;7;0;1;1;9;1
202400038564;155 713 788;14;0;4;7;2;1
202400038564;155 713 791;40;0;2;1;2;0
202400038565;155 713 787;7;0;2;5;16;2
202400038565;155 713 789;1;0;2;1;1;5
202400038566;155 713 785;50;1;0;1;1;3
202400038567;155 713 782;7;0;2;3;1;1
202400038567;155 713 783;7;0;2;3;13;1
202400038567;155 713 784;7;0;2;3;1;1
202400038568;155 713 780;10;0;0;2;1;0
202400038568;155 713 781;34;0;2;1;18;1
202400038569;155 713 779;7;0;1;1;1;1
202400038570;155 713 786;7;0;1;1;1;1
202400038571;155 713 776;7;8;0;1;19;1
202400038572;155 713 775;10;0;2;1;0;1
202400038572;155 713 777;10;0;2;3;1;1
202400038572;155 713 778;34;0;2;1;11;1
202400038573;155 713 773;10;0;1;2;14;1
202400038574;155 713 771;7;0;2;1;1;2
202400038574;155 713 774;33;0;2;6;1;1
202400038575;155 713 770;7;0;2;3;15;1
202400038575;155 713 772;33;0;2;1;3;1
202400038576;155 713 769;7;0;1;2;1;1
202400038577;155 713 767;7;0;2;1;2;1
202400038577;155 713 768;10;0;2;4;1;1
202400038578;155 713 766;31;0;1;2;17;1
202400038579;155 713 765;7;1;0;1;20;1
202400038580;155 713 761;7;0;2;8;10;0
202400038580;155 713 763;33;0;2;1;1;1
202400038581;155 713 759;7;0;1;1;26;1
202400038582;155 713 755;50;0;2;3;0;3
202400038582;155 713 758;7;0;2;2;9;1
202400038583;155 713 756;7;0;1;0;2;1
202400038584;155 713 754;34;0;2;1;1;1
202400038584;155 713 757;7;0;2;3;19;1
202400038585;155 713 750;1;0;2;7;1;5
202400038585;155 713 752;7;0;2;1;9;1
202400038586;155 713 751;38;0;1;2;1;1
202400038587;155 713 749;37;0;2;2;2;0
202400038587;155 713 753;7;0;2;1;5;0
202400038588;155 713 745;50;0;2;2;7;3
202400038588;155 713 747;37;0;9;2;2;1
202400038589;155 713 744;33;0;2;1;17;0
202400038589;155 713 748;7;0;2;3;15;1
202400038590;155 713 743;7;0;2;1;15;1
202400038590;155 713 746;32;0;2;8;16;1
202400038591;155 713 738;14;0;2;0;0;1
202400038591;155 713 741;32;0;2;1;17;1
202400038591;155 713 742;7;0;2;3;1;2
202400038592;155 713 735;7;0;2;4;0;0
202400038592;155 713 736;15;0;2;1;0;1
202400038592;155 713 739;7;0;2;4;0;1
202400038593;155 713 734;7;0;2;6;23;1
202400038593;155 713 737;7;0;2;1;21;1
202400038593;155 713 740;13;0;2;8;1;1
202400038594;155 713 732;7;0;2;1;13;1
202400038594;155 713 733;7;0;2;1;1;1
202400038595;155 713 731;3;1;0;8;13;1
202400038596;155 713 728;33;0;2;7;12;1
202400038597;155 713 729;1;0;2;0;1;5
202400038597;155 713 730;10;0;2;5;17;1
202400038598;155 713 727;7;0;1;1;1;3
202400038599;155 713 726;40;0;1;1;1;3
202400038600;155 713 725;7;14;1;1;19;1
202400038601;155 713 723;7;0;2;6;1;2
202400038601;155 713 724;2;0;2;1;3;3
202400038602;155 713 722;60;12;0;1;1;5
202400038603;155 713 721;7;13;0;3;1;1
202400038604;155 713 720;1;0;4;1;1;5
202400038605;155 713 717;7;0;2;1;2;1
202400038605;155 713 718;17;0;2;4;24;1
202400038606;155 713 714;50;0;0;0;1;3
202400038607;155 713 715;33;0;2;1;1;1
202400038607;155 713 716;7;0;2;2;15;1
202400038608;155 713 719;10;1;1;1;1;3
202400038609;155 713 711;33;0;2;2;1;1
202400038609;155 713 713;7;0;2;3;11;1
202400038610;155 713 710;15;1;2;4;;0
202400038610;155 713 712;7;1;0;1;13;1
202400038611;155 713 707;7;1;2;8;15;1
202400038611;155 713 708;10;0;2;1;17;1
202400038612;155 713 709;10;0;1;3;15;1
202400038613;155 713 706;7;0;1;3;1;1
202400038614;155 713 701;7;0;2;1;1;1
202400038614;155 713 704;7;0;2;4;23;1
202400038615;155 713 700;7;0;2;4;1;1
202400038615;155 713 702;7;0;2;1;1;1
202400038615;155 713 703;7;0;2;1;1;2
202400038616;155 713 698;7;0;0;0;9;1
202400038616;155 713 699;1;0;0;0;2;5
202400038617;155 713 693;7;13;2;7;5;1
202400038617;155 713 695;7;0;2;1;1;1
202400038618;155 713 694;10;0;2;1;1;1
202400038618;155 713 696;7;0;2;4;2;1
202400038618;155 713 697;10;0;2;4;1;1
202400038619;155 713 692;33;11;0;1;1;1
202400038620;155 713 690;7;0;2;2;15;1
202400038620;155 713 691;32;0;2;1;5;1
202400038621;155 713 687;30;0;2;1;17;3
202400038621;155 713 689;7;0;2;3;15;2
202400038622;155 713 684;7;0;2;2;0;1
202400038622;155 713 685;33;0;2;1;17;1
202400038623;155 713 682;37;0;2;3;12;1
202400038623;155 713 683;10;0;2;2;11;1
202400038624;155 713 686;17;13;0;1;1;1
202400038624;155 713 688;21;0;0;0;0;1
202400038625;155 713 681;7;0;1;1;15;2
202400038626;155 713 679;31;0;2;9;13;1
202400038626;155 713 680;7;0;2;3;1;1
202400038627;155 713 677;33;0;2;2;1;1
202400038627;155 713 678;7;0;2;6;15;1
202400038628;155 713 675;7;0;1;3;1;1
202400038629;155 713 674;7;0;2;1;13;2
202400038629;155 713 676;7;0;2;1;1;2
202400038630;155 713 671;33;0;2;1;1;0
202400038630;155 713 673;13;0;0;6;23;0
202400038631;155 713 668;10;1;2;2;20;3
202400038631;155 713 669;31;1;2;0;0;1
202400038632;155 713 666;37;0;9;3;1;1
202400038632;155 713 667;1;0;2;1;13;5
202400038633;155 713 670;7;0;2;2;2;1
202400038633;155 713 672;1;0;0;4;1;5
202400038634;155 713 664;7;1;0;3;1;1
202400038634;155 713 665;33;1;0;2;2;1
202400038635;155 713 661;7;0;2;2;12;1
202400038635;155 713 662;37;0;2;3;1;2
202400038636;155 713 659;30;0;1;7;16;1
202400038637;155 713 658;32;0;1;1;1;1
202400038638;155 713 660;2;0;2;1;0;1
202400038638;155 713 663;7;0;2;3;0;1
202400038639;155 713 657;7;0;1;1;15;2
202400038640;155 713 654;7;0;2;3;1;1
202400038640;155 713 656;7;0;2;1;9;1
202400038641;155 713 653;7;0;2;0;19;2
202400038641;155 713 655;7;0;2;3;1;1
202400038642;155 713 649;1;0;0;2;0;5
202400038642;155 713 651;30;0;0;1;3;1
202400038643;155 713 650;7;0;2;2;17;1
202400038643;155 713 652;2;0;0;3;15;1
202400038644;155 713 648;7;0;1;2;16;2
202400038645;155 713 645;7;0;1;2;1;1
202400038646;155 713 643;2;0;2;3;1;1
202400038646;155 713 644;7;0;2;2;1;1
202400038647;155 713 640;7;0;2;3;1;1
202400038647;155 713 641;7;0;2;3;13;1
202400038648;155 713 639;7;0;2;8;16;1
202400038648;155 713 642;30;0;2;1;1;3
202400038649;155 713 638;7;3;0;2;14;1
202400038650;155 713 637;7;0;1;1;1;0
202400038651;155 713 634;33;0;2;5;26;1
202400038651;155 713 636;32;0;2;1;0;0
202400038652;155 713 633;2;0;2;1;3;1
202400038652;155 713 635;7;0;2;6;13;1
202400038653;155 713 632;7;0;1;2;1;1
202400038654;155 713 631;10;2;0;1;13;1
202400038655;155 713 629;7;0;2;3;5;1
202400038655;155 713 630;7;0;2;3;1;1
202400038656;155 713 628;7;2;0;1;1;1
202400038657;155 713 625;2;0;2;1;0;1
202400038657;155 713 626;7;0;2;3;17;3
202400038658;155 713 627;10;0;1;3;26;1
202400038659;155 713 623;2;0;2;1;1;0
202400038659;155 713 624;7;0;2;7;15;1
202400038660;155 713 621;31;0;2;2;13;1
202400038660;155 713 622;7;0;0;3;15;1
202400038661;155 713 620;10;2;0;9;0;1
202400038662;155 713 619;10;0;1;1;1;1
202400038663;155 713 617;7;0;2;2;17;1
202400038663;155 713 618;2;0;0;2;1;1
202400038664;155 713 615;7;0;2;1;1;1
202400038664;155 713 616;7;0;2;1;1;2
202400038665;155 713 614;34;0;0;0;21;1
202400038666;155 713 613;7;0;1;2;24;1
202400038667;155 713 612;7;0;1;2;17;1
202400038668;155 713 611;7;1;0;3;13;1
202400038669;155 713 609;10;6;0;1;1;1
202400038670;155 713 607;7;0;2;1;2;1
202400038670;155 713 608;7;0;0;4;15;1
202400038670;155 713 610;7;0;2;3;1;1
202400038671;155 713 606;7;0;1;3;1;1
202400038672;155 713 603;33;0;2;1;1;1
202400038672;155 713 605;14;0;2;3;15;1
202400038673;155 713 602;7;0;0;1;1;1
202400038673;155 713 604;38;0;2;1;13;1
202400038674;155 713 599;7;0;2;3;13;1
202400038674;155 713 600;7;0;2;3;0;1
202400038675;155 713 598;14;0;0;0;26;1
202400038675;155 713 601;7;0;0;1;2;1
202400038676;155 713 597;7;0;0;0;23;1
202400038677;155 713 595;7;0;2;7;5;1
202400038677;155 713 596;15;0;2;1;5;1
202400038678;155 713 593;7;0;2;3;1;2
202400038678;155 713 594;7;0;2;1;15;1
202400038679;155 713 590;7;6;0;0;0;1
202400038680;155 713 589;7;0;2;2;16;1
202400038680;155 713 591;7;12;2;3;1;1
202400038681;155 713 586;7;0;2;6;15;1
202400038681;155 713 588;33;0;2;1;1;1
202400038682;155 713 584;7;0;2;1;1;1
202400038682;155 713 585;7;0;0;6;15;1
202400038682;155 713 587;10;0;2;2;2;1
202400038683;155 713 582;33;0;2;1;17;1
202400038683;155 713 583;7;0;2;3;15;1
202400038684;155 713 581;2;0;0;0;1;3
202400038685;155 713 577;1;0;0;7;26;5
202400038685;155 713 580;33;0;2;1;1;1
202400038686;155 713 574;34;0;2;1;1;1
202400038686;155 713 576;7;0;0;1;15;1
202400038687;155 713 575;7;0;1;2;1;1
202400038688;155 713 571;33;0;2;1;13;1
202400038688;155 713 573;10;0;2;3;1;1
202400038689;155 713 570;7;8;2;1;1;1
202400038689;155 713 572;10;6;2;5;15;1
202400038690;155 713 566;33;0;2;7;1;1
202400038690;155 713 569;7;0;2;1;15;1
202400038691;155 713 565;15;0;2;2;11;1
202400038691;155 713 567;15;0;2;3;11;1
202400038691;155 713 568;10;0;2;4;12;1
202400038692;155 713 563;33;12;9;1;1;1
202400038693;155 713 562;7;0;2;1;21;1
202400038693;155 713 564;2;0;2;1;0;1
202400038694;155 713 558;7;0;0;4;17;1
202400038694;155 713 560;32;0;2;1;3;1
202400038695;155 713 559;7;0;2;1;1;1
202400038695;155 713 561;10;0;2;4;23;1
202400038696;155 713 554;7;0;2;1;1;1
202400038696;155 713 556;50;0;0;8;19;3
202400038697;155 713 552;7;8;0;1;1;1
202400038698;155 713 547;7;0;2;7;19;1
202400038698;155 713 549;10;0;2;2;1;1
202400038698;155 713 550;7;0;2;1;1;1
202400038699;155 713 548;15;0;2;8;15;1
202400038699;155 713 551;31;0;2;2;17;1
202400038700;155 713 546;7;0;1;1;19;1
202400038701;155 713 544;7;0;2;3;13;1
202400038701;155 713 545;7;0;2;3;23;1
202400038702;155 713 542;7;0;0;8;16;3
202400038702;155 713 543;7;0;2;1;1;2
202400038703;155 713 540;33;4;0;8;26;1
202400038704;155 713 539;7;0;2;0;1;1
202400038704;155 713 541;7;0;2;1;15;1
202400038705;155 713 537;7;0;2;0;3;1
202400038705;155 713 538;33;0;2;0;3;1
202400038706;155 713 535;15;0;0;0;1;1
202400038707;155 713 534;31;0;0;4;9;1
202400038707;155 713 536;7;0;2;3;1;1
202400038708;155 713 531;33;0;2;1;2;1
202400038708;155 713 533;7;0;2;4;2;1
202400038709;155 713 530;7;0;2;1;1;1
202400038709;155 713 532;7;0;2;4;1;2
202400038710;155 713 526;10;0;2;4;2;1
202400038710;155 713 527;10;0;2;1;2;1
202400038710;155 713 529;10;0;2;3;2;1
202400038711;155 713 525;7;4;2;5;17;1
202400038711;155 713 528;7;0;2;6;2;1
202400038712;155 713 523;7;0;2;3;0;1
202400038712;155 713 524;7;0;2;5;1;1
202400038713;155 713 521;7;0;2;4;2;1
202400038713;155 713 522;10;0;2;1;2;1
202400038714;155 713 519;7;0;2;4;1;2
202400038714;155 713 520;7;0;2;0;0;1
202400038715;155 713 517;7;0;2;1;2;1
202400038715;155 713 518;10;0;2;4;2;1
202400038716;155 713 516;7;3;0;3;2;1
202400038717;155 713 515;33;16;0;0;1;1
202400038718;155 713 513;7;0;2;6;1;1
202400038718;155 713 514;10;0;2;2;2;1
202400038719;155 713 512;7;0;2;1;13;1
202400038720;155 713 511;31;0;2;0;1;1
202400038721;155 713 509;7;0;0;0;1;1
202400038722;155 713 508;33;0;0;2;13;1
202400038723;155 713 506;40;0;2;1;1;3
202400038723;155 713 507;7;0;4;8;10;1
202400038724;155 713 510;7;3;0;1;1;1
202400038725;155 713 505;30;0;0;0;0;1
202400038726;155 713 502;50;0;0;0;0;3
202400038727;155 713 503;7;0;2;4;2;2
202400038727;155 713 504;31;0;2;1;2;1
202400038728;155 713 499;7;0;2;0;1;1
202400038728;155 713 501;1;0;2;0;0;5
202400038729;155 713 497;7;0;2;4;2;1
202400038729;155 713 498;7;0;0;4;2;2
202400038729;155 713 500;7;0;2;1;2;1
202400038730;155 713 496;50;0;1;0;25;3
202400038731;155 713 493;7;0;2;3;15;1
202400038731;155 713 495;2;0;0;6;1;1
202400038732;155 713 492;7;0;2;1;2;1
202400038732;155 713 494;7;0;2;4;2;1
202400038733;155 713 490;10;0;2;1;1;1
202400038733;155 713 491;7;0;2;4;4;1
202400038734;155 713 489;7;3;0;4;2;2
202400038735;155 713 487;33;0;2;0;1;1
202400038735;155 713 488;7;0;2;1;1;1
202400038736;155 713 485;7;0;2;1;2;1
202400038736;155 713 486;7;0;2;4;2;1
202400038737;155 713 483;7;0;0;3;2;0
202400038737;155 713 484;31;0;0;2;12;1
202400038738;155 713 481;7;0;2;5;12;1
202400038738;155 713 482;33;0;2;1;3;1
202400038739;155 713 479;7;8;0;3;13;1
202400038740;155 713 476;7;0;2;1;26;1
202400038740;155 713 478;7;0;2;0;0;1
202400038741;155 713 477;7;0;1;3;15;1
202400038742;155 713 475;7;0;0;0;1;
202400038743;155 713 472;7;16;0;1;0;1
202400038744;155 713 471;7;3;2;4;1;1
202400038744;155 713 473;7;2;2;0;1;1
202400038744;155 713 474;7;0;2;1;11;1
202400038745;155 713 468;50;0;2;1;13;3
202400038745;155 713 470;10;0;2;1;1;1
202400038746;155 713 467;7;1;0;1;1;1
202400038746;155 713 469;10;0;2;4;24;1
202400038747;155 713 464;7;0;2;8;15;1
202400038747;155 713 466;33;0;2;7;16;1
202400038748;155 713 463;7;3;2;1;1;1
202400038748;155 713 465;7;0;2;1;1;3
202400038749;155 713 460;50;0;2;8;9;3
202400038749;155 713 462;7;0;2;7;14;2
202400038750;155 713 459;7;0;2;2;26;2
202400038750;155 713 461;1;0;2;1;1;5
202400038751;155 713 457;7;0;1;0;0;2
202400038752;155 713 456;7;0;2;2;15;1
202400038752;155 713 458;33;0;2;1;1;1
202400038753;155 713 454;1;0;2;8;1;5
202400038753;155 713 455;7;0;2;7;16;1
202400038754;155 713 452;30;0;2;1;1;1
202400038754;155 713 453;1;0;2;1;1;5
202400038755;155 713 451;7;1;1;4;20;1
202400038756;155 713 449;30;0;2;1;15;1
202400038756;155 713 450;80;0;2;1;1;3
202400038757;155 713 448;7;4;0;1;1;1
202400038758;155 713 445;7;0;2;3;1;1
202400038758;155 713 446;7;0;2;3;13;1
202400038759;155 713 444;50;0;2;2;1;3
202400038759;155 713 447;7;0;2;1;1;1
202400038760;155 713 441;7;8;0;7;0;0
202400038761;155 713 442;7;0;2;8;15;1
202400038761;155 713 443;7;0;2;3;1;1
202400038762;155 713 439;33;0;2;0;9;1
202400038762;155 713 440;7;0;2;3;1;1
202400038763;155 713 438;7;6;0;1;26;1
202400038764;155 713 437;7;0;1;1;2;1
202400038765;155 713 435;32;0;2;1;1;1
202400038765;155 713 436;10;0;2;5;26;1
202400038766;155 713 434;10;0;1;1;0;1
202400038767;155 713 431;30;0;1;1;5;0
202400038768;155 713 432;33;0;2;1;1;1
202400038768;155 713 433;7;0;2;3;15;1
202400038769;155 713 429;10;0;1;3;15;1
202400038770;155 713 430;7;1;0;2;26;1
202400038771;155 713 426;7;0;2;3;20;1
202400038771;155 713 428;32;0;2;2;21;1
202400038772;155 713 427;7;0;1;1;26;1
202400038773;155 713 425;7;0;1;2;1;1
202400038774;155 713 424;10;0;1;2;1;0
202400038775;155 713 421;7;0;2;4;23;1
202400038775;155 713 423;7;0;2;1;2;1
202400038776;155 713 420;33;0;2;7;17;1
202400038776;155 713 422;7;0;2;3;15;2
202400038777;155 713 417;7;0;2;2;2;1
202400038777;155 713 418;30;0;2;3;11;1
202400038778;155 713 416;33;0;2;3;0;1
202400038778;155 713 419;7;0;2;3;13;0
202400038779;155 713 415;33;7;0;1;9;1
202400038780;155 713 414;33;0;1;1;26;1
202400038781;155 713 407;7;0;2;1;1;1
202400038781;155 713 409;7;0;2;7;17;2
202400038781;155 713 411;7;0;2;8;1;1
202400038782;155 713 406;7;0;0;0;1;1
202400038783;155 713 402;33;0;2;1;17;1
202400038783;155 713 404;7;0;0;5;23;1
202400038784;155 713 401;15;0;2;1;2;1
202400038784;155 713 403;10;0;2;1;5;1
202400038784;155 713 405;7;0;2;4;1;1
202400038785;155 713 400;33;12;0;1;14;1
202400038786;155 713 397;7;0;2;4;19;1
202400038786;155 713 398;7;0;2;0;19;1
202400038786;155 713 399;7;0;2;6;19;0
202400038787;155 713 394;7;0;1;2;1;1
202400038788;155 713 392;7;0;2;1;17;1
202400038788;155 713 393;60;0;2;8;19;5
202400038789;155 713 391;7;0;1;1;1;1
202400038790;155 713 390;32;1;0;1;5;1
202400038791;155 713 387;7;0;2;4;1;1
202400038791;155 713 388;7;0;2;4;1;1
202400038791;155 713 389;10;0;2;1;1;1
202400038792;155 713 386;7;0;1;8;1;1
202400038793;155 713 385;7;0;1;2;21;1
202400038794;155 713 383;7;0;2;3;15;2
202400038794;155 713 384;1;0;2;8;15;5
202400038795;155 713 382;7;0;1;3;15;1
202400038796;155 713 380;7;15;0;3;1;1
202400038797;155 713 379;7;0;2;3;21;1
202400038797;155 713 381;7;0;2;5;1;1
202400038798;155 713 378;7;1;0;2;1;1
202400038799;155 713 376;7;0;2;1;16;1
202400038799;155 713 377;7;0;2;2;2;1
202400038800;155 713 374;31;0;2;1;1;1
202400038800;155 713 375;7;0;2;8;20;1
202400038801;155 713 373;7;0;1;2;15;1
202400038802;155 713 370;2;0;2;8;1;1
202400038802;155 713 371;7;0;2;8;17;1
202400038803;155 713 369;10;0;2;1;26;1
202400038803;155 713 372;7;0;2;7;17;1
202400038804;155 713 368;10;0;1;3;20;1
202400038805;155 713 366;7;0;2;1;0;1
202400038805;155 713 367;7;0;2;4;2;1
202400038806;155 713 365;7;1;0;1;14;1
202400038807;155 713 364;10;9;0;1;15;1
202400038808;155 713 361;15;0;2;3;0;1
202400038808;155 713 363;7;0;2;3;13;1
202400038809;155 713 360;7;0;2;8;19;1
202400038809;155 713 362;36;0;2;1;26;0
202400038810;155 713 358;7;0;2;1;1;1
202400038810;155 713 359;50;0;2;7;19;3
202400038811;155 713 356;30;0;0;7;1;1