Num_Acc;id_vehicule;categorie_vehicule;obstacle_fixe;obstacle_mobile;point_choc_initial;manoeuvre_principale;motorisation
202400039527;155 712 121;7;0;9;4;2;1
202400039528;155 712 119;33;12;9;1;6;1
202400039529;155 712 118;30;12;0;1;2;1
202400039530;155 712 115;10;0;2;2;15;1
202400039530;155 712 117;31;0;2;8;1;1
202400039531;155 712 112;7;0;2;1;26;1
202400039531;155 712 113;7;0;2;4;2;2
202400039532;155 712 106;7;8;0;2;14;1
202400039533;155 712 107;7;0;2;4;2;1
202400039533;155 712 110;7;0;2;4;2;1
202400039533;155 712 114;7;0;2;1;2;1
202400039533;155 712 116;7;0;2;4;2;1
202400039534;155 712 104;7;0;2;3;11;1
202400039534;155 712 108;33;0;2;9;17;1
202400039534;155 712 111;7;0;2;6;17;1
202400039535;155 712 101;7;12;0;9;2;1
202400039536;155 712 100;7;0;2;6;1;2
202400039536;155 712 102;7;0;2;1;1;1
202400039537;155 712 098;7;0;2;0;0;1
202400039537;155 712 103;7;0;2;1;1;2
202400039538;155 712 096;7;0;2;1;0;1
202400039538;155 712 097;7;0;2;1;0;2
202400039539;155 712 099;33;6;0;1;26;1
202400039540;155 712 094;7;0;1;2;0;1
202400039541;155 712 093;37;0;0;5;17;1
202400039541;155 712 095;1;0;2;8;13;5
202400039542;155 712 091;33;0;6;0;1;1
202400039543;155 712 087;31;0;0;7;1;1
202400039544;155 712 086;7;0;2;1;1;1
202400039544;155 712 089;7;0;2;3;19;1
202400039545;155 712 081;33;0;2;7;15;1
202400039545;155 712 085;7;0;2;2;1;1
202400039546;155 712 078;3;15;0;4;2;1
202400039546;155 712 084;14;0;2;2;2;1
202400039547;155 712 080;14;0;2;2;1;1
202400039547;155 712 082;1;0;2;8;2;5
202400039548;155 712 074;2;0;0;0;17;1
202400039549;155 712 075;50;14;0;1;1;3
202400039550;155 712 072;10;0;2;4;2;1
202400039550;155 712 076;10;0;2;1;2;1
202400039550;155 712 077;10;0;2;8;1;1
202400039550;155 712 079;7;0;2;4;2;1
202400039550;155 712 083;7;0;2;4;0;1
202400039551;155 712 068;7;0;2;1;1;1
202400039551;155 712 070;30;0;2;7;15;1
202400039552;155 712 066;33;4;0;1;1;1
202400039553;155 712 067;33;0;2;1;2;1
202400039553;155 712 069;33;0;0;4;1;1
202400039554;155 712 062;7;0;2;1;1;1
202400039554;155 712 064;34;0;2;1;17;1
202400039555;155 712 063;10;0;2;1;1;1
202400039555;155 712 065;10;0;0;7;1;1
202400039556;155 712 060;10;0;1;6;4;1
202400039557;155 712 061;7;16;0;0;14;1
202400039558;155 712 057;2;0;0;0;17;1
202400039559;155 712 056;7;0;2;7;15;1
202400039559;155 712 059;7;0;2;1;1;1
202400039560;155 712 054;2;1;2;2;18;1
202400039560;155 712 058;10;0;2;3;24;3
202400039561;155 712 053;10;0;2;1;1;1
202400039561;155 712 055;15;0;2;6;23;1
202400039562;155 712 050;2;0;1;7;23;1
202400039563;155 712 047;33;0;2;1;1;1
202400039563;155 712 052;10;0;2;8;11;1
202400039564;155 712 046;14;0;2;1;2;1
202400039564;155 712 048;7;0;2;4;2;1
202400039564;155 712 051;15;0;2;4;2;1
202400039565;155 712 042;33;0;2;1;26;1
202400039565;155 712 045;7;0;0;2;14;1
202400039565;155 712 049;7;0;0;6;1;1
202400039566;155 712 043;7;0;2;1;1;1
202400039566;155 712 044;31;0;2;4;1;1
202400039567;155 712 041;1;0;0;0;1;5
202400039568;155 712 039;7;13;0;3;1;1
202400039569;155 712 037;10;0;1;5;20;1
202400039570;155 712 038;7;0;2;8;9;1
202400039570;155 712 040;13;0;2;7;1;1
202400039571;155 712 034;33;0;0;0;0;1
202400039572;155 712 033;80;0;1;1;1;3
202400039573;155 712 030;33;0;0;4;1;1
202400039574;155 712 028;1;0;1;1;0;5
202400039575;155 712 029;33;0;2;1;3;1
202400039575;155 712 032;7;0;2;5;1;1
202400039576;155 712 027;10;0;0;3;15;1
202400039576;155 712 031;7;0;2;1;1;1
202400039577;155 712 024;7;0;2;1;1;0
202400039577;155 712 026;7;0;2;1;13;1
202400039578;155 712 023;33;0;0;0;21;1
202400039579;155 712 022;13;1;1;1;2;3
202400039580;155 712 021;7;0;2;1;1;1
202400039580;155 712 025;7;0;2;8;23;1
202400039581;155 712 016;31;0;2;7;1;1
202400039581;155 712 018;7;0;2;8;11;2
202400039582;155 712 015;7;0;0;6;15;1
202400039582;155 712 019;2;0;2;1;17;1
202400039583;155 712 014;7;1;1;8;19;2
202400039584;155 712 017;7;0;2;3;1;1
202400039584;155 712 020;7;0;2;3;11;1
202400039585;155 712 012;21;0;2;3;15;1
202400039585;155 712 013;7;0;2;2;17;1
202400039586;155 712 011;7;15;0;2;1;1
202400039587;155 712 008;33;2;0;0;0;1
202400039588;155 712 007;7;0;2;1;1;1
202400039588;155 712 009;33;0;2;4;26;1
202400039589;155 712 006;17;0;2;2;1;1
202400039589;155 712 010;10;0;2;6;11;1
202400039590;155 712 004;7;6;0;8;1;1
202400039591;155 712 001;50;0;1;0;25;3
202400039592;155 711 999;33;0;0;8;1;1
202400039592;155 712 005;7;0;2;1;1;0
202400039593;155 711 998;33;0;2;1;1;1
202400039593;155 712 003;7;0;2;2;19;1
202400039594;155 711 995;7;0;0;4;9;1
202400039594;155 711 996;33;0;2;1;1;1
202400039595;155 711 992;7;0;2;9;2;1
202400039595;155 711 994;7;0;2;1;2;1
202400039595;155 711 997;7;0;2;9;2;1
202400039595;155 712 000;7;0;2;4;2;1
202400039595;155 712 002;7;0;2;9;2;1
202400039596;155 711 990;7;4;2;2;2;1
202400039596;155 711 993;7;0;2;6;1;1
202400039597;155 711 989;31;0;0;7;1;1
202400039598;155 711 988;7;1;0;1;1;1
202400039599;155 711 987;7;0;2;2;15;1
202400039599;155 711 991;7;0;2;3;1;1
202400039600;155 711 985;7;0;1;3;1;1
202400039601;155 711 984;33;13;0;1;0;1
202400039602;155 711 983;7;0;2;2;17;1
202400039602;155 711 986;7;14;2;6;1;1
202400039603;155 711 980;33;0;2;1;3;1
202400039603;155 711 982;7;0;2;7;12;1
202400039604;155 711 977;7;13;0;1;13;1
202400039605;155 711 978;7;0;2;1;1;1
202400039605;155 711 981;7;0;2;4;1;1
202400039606;155 711 975;7;0;0;4;1;1
202400039606;155 711 979;7;0;2;1;2;1
202400039607;155 711 972;7;6;0;2;14;1
202400039608;155 711 970;7;0;2;0;12;0
202400039608;155 711 974;34;0;2;8;18;1
202400039609;155 711 973;7;0;2;1;19;1
202400039609;155 711 976;15;0;0;6;1;1
202400039610;155 711 969;7;0;1;3;1;1
202400039611;155 711 968;10;0;2;3;15;1
202400039611;155 711 971;1;0;2;7;19;5
202400039612;155 711 966;31;0;0;7;1;1
202400039613;155 711 965;34;0;2;1;1;1
202400039613;155 711 967;7;0;2;3;1;1
202400039614;155 711 962;7;0;1;1;26;1
202400039615;155 711 961;33;0;0;4;1;1
202400039615;155 711 963;7;0;0;0;1;1
202400039616;155 711 960;7;0;0;1;1;1
202400039617;155 711 959;30;0;2;1;2;1
202400039617;155 711 964;7;0;0;4;2;1
202400039618;155 711 958;7;6;0;1;14;1
202400039619;155 711 957;7;0;1;2;1;1
202400039620;155 711 955;7;0;2;8;9;1
202400039620;155 711 956;1;0;2;7;1;5
202400039621;155 711 953;7;0;2;1;1;1
202400039621;155 711 954;2;0;2;4;9;1
202400039622;155 711 951;7;0;1;1;1;1
202400039623;155 711 950;7;5;0;1;1;1
202400039624;155 711 949;1;0;2;1;19;5
202400039624;155 711 952;7;0;2;3;2;1
202400039625;155 711 948;7;8;0;1;14;1
202400039626;155 711 947;7;12;0;1;1;1
202400039627;155 711 943;21;0;2;3;9;1
202400039627;155 711 946;33;0;2;1;1;1
202400039628;155 711 942;7;0;2;1;1;1
202400039628;155 711 945;1;0;2;7;15;5
202400039629;155 711 941;7;0;2;1;15;1
202400039629;155 711 944;7;0;2;7;1;1
202400039630;155 711 936;33;0;0;2;6;1
202400039631;155 711 937;7;0;2;3;1;1
202400039631;155 711 939;7;0;2;1;13;1
202400039632;155 711 938;10;0;2;2;15;1
202400039632;155 711 940;33;0;2;1;1;1
202400039633;155 711 933;7;0;2;1;1;1
202400039633;155 711 935;50;0;2;8;1;3
202400039634;155 711 932;7;8;0;7;1;1
202400039635;155 711 931;50;0;2;1;1;3
202400039635;155 711 934;7;0;0;8;1;1
202400039636;155 711 929;7;0;1;1;1;1
202400039637;155 711 924;7;9;2;0;15;1
202400039637;155 711 926;60;0;2;0;0;5
202400039638;155 711 925;7;13;2;1;1;1
202400039638;155 711 930;10;0;2;3;15;1
202400039639;155 711 923;7;0;9;1;1;1
202400039639;155 711 928;1;0;2;8;19;5
202400039640;155 711 921;3;2;2;3;15;1
202400039640;155 711 927;7;6;2;1;1;1
202400039641;155 711 917;10;0;2;5;16;1
202400039641;155 711 920;60;0;2;8;2;5
202400039642;155 711 919;7;0;2;3;5;1
202400039642;155 711 922;33;0;2;3;1;1
202400039643;155 711 916;33;13;0;1;1;1
202400039644;155 711 915;7;0;2;7;1;0
202400039644;155 711 918;50;0;0;6;2;3
202400039645;155 711 913;7;0;2;3;16;1
202400039645;155 711 914;2;0;2;3;16;1
202400039646;155 711 911;7;2;0;1;1;1
202400039647;155 711 908;33;0;2;0;0;1
202400039647;155 711 912;7;0;2;3;9;1
202400039648;155 711 909;33;16;0;0;1;1
202400039649;155 711 903;1;0;1;1;5;0
202400039650;155 711 904;33;13;0;3;1;1
202400039651;155 711 902;7;0;4;1;10;0
202400039651;155 711 905;40;0;2;5;26;3
202400039652;155 711 900;7;0;9;1;1;1
202400039652;155 711 906;7;0;2;1;2;1
202400039652;155 711 910;38;0;2;1;2;1
202400039653;155 711 898;1;0;2;8;19;5
202400039653;155 711 901;7;0;9;2;1;1
202400039654;155 711 897;7;0;0;2;0;1
202400039655;155 711 895;2;17;2;2;15;1
202400039655;155 711 899;7;0;2;2;16;1
202400039656;155 711 896;33;12;0;1;16;1
202400039657;155 711 893;32;0;2;2;0;1
202400039657;155 711 894;7;0;2;2;0;1
202400039658;155 711 889;21;0;1;2;1;0
202400039659;155 711 888;7;0;2;6;2;1
202400039659;155 711 890;7;0;2;2;2;0
202400039660;155 711 891;7;15;0;2;0;1
202400039661;155 711 887;2;0;2;7;1;1
202400039661;155 711 892;7;0;2;3;1;1
202400039662;155 711 882;7;0;1;2;9;3
202400039663;155 711 883;31;2;9;1;2;1
202400039664;155 711 884;2;0;2;1;1;1
202400039664;155 711 886;7;0;2;3;15;1
202400039665;155 711 880;7;0;2;2;12;1
202400039665;155 711 885;32;0;2;3;1;1
202400039666;155 711 879;33;0;2;1;13;1
202400039666;155 711 881;7;0;2;1;1;1
202400039667;155 711 875;7;6;2;2;1;1
202400039667;155 711 878;21;9;2;2;5;1
202400039668;155 711 876;7;2;0;1;1;1
202400039669;155 711 873;7;0;2;2;17;1
202400039669;155 711 877;33;0;2;1;17;1
202400039670;155 711 872;1;7;0;1;0;5
202400039671;155 711 871;33;0;2;1;1;1
202400039671;155 711 874;10;0;2;3;10;1
202400039672;155 711 869;7;2;0;1;1;1
202400039673;155 711 864;30;0;0;0;1;1
202400039673;155 711 868;2;0;0;0;1;1
202400039673;155 711 870;31;0;0;5;17;1
202400039674;155 711 863;7;0;2;1;19;1
202400039674;155 711 867;10;0;2;8;16;1
202400039675;155 711 862;2;0;2;1;13;1
202400039675;155 711 866;7;0;2;3;1;1
202400039676;155 711 861;33;0;2;1;16;1
202400039676;155 711 865;7;0;2;3;15;1
202400039677;155 711 859;7;0;2;2;17;1
202400039677;155 711 860;21;0;0;4;13;1
202400039678;155 711 858;31;0;0;0;14;1
202400039679;155 711 854;2;0;0;0;1;1
202400039680;155 711 855;33;0;2;1;17;1
202400039680;155 711 857;7;0;2;3;15;1
202400039681;155 711 852;7;13;2;1;3;0
202400039681;155 711 856;15;0;0;4;2;0
202400039682;155 711 847;7;0;0;0;21;1
202400039682;155 711 851;33;17;0;1;21;1
202400039683;155 711 849;7;0;2;2;19;1
202400039683;155 711 853;2;0;2;1;0;1
202400039684;155 711 846;7;0;0;3;19;1
202400039684;155 711 850;33;0;2;1;17;1
202400039685;155 711 844;7;2;0;1;1;1
202400039686;155 711 843;7;2;0;3;1;1
202400039687;155 711 841;31;0;2;5;0;1
202400039687;155 711 845;7;3;2;5;1;1
202400039688;155 711 839;33;0;2;8;1;1
202400039688;155 711 842;7;0;2;1;9;1
202400039689;155 711 840;7;0;1;3;1;1
202400039690;155 711 833;7;0;2;2;17;1
202400039690;155 711 835;1;0;2;8;15;5
202400039691;155 711 830;31;0;0;0;1;1
202400039692;155 711 829;1;0;2;7;1;5
202400039692;155 711 832;1;0;2;7;1;5
202400039692;155 711 836;7;0;9;1;1;1
202400039692;155 711 838;1;0;2;7;1;5
202400039693;155 711 827;7;0;2;1;2;1
202400039693;155 711 828;7;0;2;4;2;1
202400039693;155 711 831;7;0;2;4;2;1
202400039694;155 711 822;7;0;0;0;13;1
202400039694;155 711 824;33;0;0;3;1;1
202400039695;155 711 820;7;0;2;3;15;1
202400039695;155 711 821;31;0;2;1;1;1
202400039696;155 711 825;7;0;0;0;1;1
202400039697;155 711 823;10;0;2;8;10;1
202400039697;155 711 826;33;0;2;2;1;1
202400039698;155 711 819;7;2;0;2;0;1
202400039699;155 711 818;7;2;0;1;1;1
202400039700;155 711 816;7;0;1;1;1;1
202400039701;155 711 814;2;0;2;1;1;1
202400039701;155 711 817;7;0;2;3;9;1
202400039702;155 711 811;1;0;2;1;1;5
202400039702;155 711 815;10;0;2;2;15;1
202400039703;155 711 808;7;0;2;1;13;1
202400039703;155 711 812;10;0;2;3;26;1
202400039704;155 711 809;1;0;2;7;1;5
202400039704;155 711 813;7;0;9;1;1;1
202400039705;155 711 806;7;0;2;1;1;1
202400039705;155 711 810;1;0;2;0;0;5
202400039706;155 711 805;43;3;0;3;13;1
202400039707;155 711 804;33;0;0;8;1;1
202400039708;155 711 803;7;0;2;5;9;1
202400039708;155 711 807;7;0;2;1;1;1
202400039709;155 711 797;2;0;2;2;1;0
202400039709;155 711 799;7;0;2;3;9;1
202400039710;155 711 796;1;0;2;5;18;5
202400039710;155 711 798;7;0;2;5;22;1
202400039711;155 711 795;33;0;2;8;13;1
202400039711;155 711 801;33;0;2;8;1;1
202400039712;155 711 792;60;0;2;1;2;5
202400039712;155 711 793;7;0;0;5;2;1
202400039713;155 711 790;7;15;1;2;1;1
202400039714;155 711 791;7;0;2;3;11;1
202400039714;155 711 794;7;0;2;3;13;1
202400039715;155 711 785;50;0;2;1;17;3
202400039715;155 711 788;7;0;2;3;15;1
202400039716;155 711 787;7;0;2;2;15;1
202400039716;155 711 789;2;0;2;1;16;1
202400039717;155 711 786;7;0;1;2;1;1
202400039718;155 711 783;7;0;2;6;11;1
202400039718;155 711 784;33;0;2;1;0;1
202400039719;155 711 782;7;6;0;2;2;1
202400039720;155 711 781;7;0;0;0;1;1
202400039721;155 711 778;7;8;0;3;0;1
202400039722;155 711 779;7;0;2;3;15;1
202400039722;155 711 780;33;0;2;1;17;1
202400039723;155 711 776;33;0;2;1;9;1
202400039723;155 711 777;7;0;2;4;1;1
202400039724;155 711 774;50;0;0;4;2;3
202400039724;155 711 775;7;0;9;1;2;1
202400039725;155 711 769;34;4;0;7;14;1
202400039726;155 711 768;7;0;2;1;1;1
202400039726;155 711 770;7;0;2;2;17;1
202400039726;155 711 772;7;3;0;9;1;1
202400039726;155 711 773;10;0;2;1;1;1
202400039727;155 711 766;7;0;2;3;1;1
202400039727;155 711 771;2;0;2;1;9;1
202400039728;155 711 760;7;0;2;7;17;1
202400039728;155 711 763;15;0;2;6;1;1
202400039729;155 711 761;7;0;0;3;9;1
202400039729;155 711 765;1;0;0;8;9;5
202400039729;155 711 767;1;0;0;1;9;5
202400039730;155 711 759;14;0;2;8;1;0
202400039730;155 711 762;7;0;0;6;14;1
202400039730;155 711 764;31;0;2;1;13;1
202400039731;155 711 758;7;0;1;1;1;1
202400039732;155 711 756;7;0;2;1;1;1
202400039732;155 711 757;17;0;2;4;2;1
202400039733;155 711 755;7;0;1;1;1;1
202400039734;155 711 753;2;0;0;0;0;1
202400039735;155 711 752;33;0;2;1;1;1
202400039735;155 711 754;10;0;2;7;9;1
202400039736;155 711 751;10;0;1;4;20;1
202400039737;155 711 749;7;8;0;1;13;1
202400039738;155 711 750;33;0;0;0;1;1
202400039739;155 711 747;7;2;0;1;14;1
202400039740;155 711 746;32;0;2;1;1;1
202400039740;155 711 748;7;0;2;2;15;1
202400039741;155 711 744;10;0;1;2;19;1
202400039742;155 711 743;7;0;2;1;1;1
202400039742;155 711 745;36;0;2;3;0;1
202400039743;155 711 739;7;3;0;1;1;1
202400039744;155 711 740;33;0;1;2;25;1
202400039745;155 711 734;7;0;2;0;2;1
202400039745;155 711 735;31;0;2;0;2;1
202400039746;155 711 732;7;0;0;9;1;2
202400039747;155 711 733;33;0;2;3;13;1
202400039747;155 711 736;15;0;2;3;14;1
202400039748;155 711 729;99;0;2;2;1;1
202400039748;155 711 731;1;0;2;1;13;5
202400039749;155 711 730;3;12;0;7;15;3
202400039750;155 711 728;15;0;1;1;1;1
202400039751;155 711 726;7;0;2;1;13;1
202400039751;155 711 727;38;0;2;1;1;1
202400039752;155 711 722;33;0;9;1;1;1
202400039753;155 711 721;7;0;2;2;9;1
202400039753;155 711 724;31;0;2;4;1;1
202400039754;155 711 720;80;12;0;0;1;3
202400039755;155 711 719;10;0;1;1;1;1
202400039756;155 711 717;33;0;0;2;1;1
202400039757;155 711 716;7;0;2;1;2;1
202400039757;155 711 718;7;0;2;4;2;1
202400039758;155 711 713;7;0;2;7;19;1
202400039758;155 711 715;33;0;2;8;1;1
202400039759;155 711 712;33;0;0;2;1;1
202400039760;155 711 711;1;0;2;1;1;5
202400039760;155 711 714;7;0;2;7;1;1
202400039761;155 711 707;33;0;0;9;1;1
202400039762;155 711 708;1;0;2;8;1;5
202400039762;155 711 710;7;0;2;1;16;1
202400039763;155 711 706;10;0;2;6;11;1
202400039763;155 711 709;33;0;2;2;3;1
202400039764;155 711 704;7;0;1;1;1;1
202400039765;155 711 703;31;0;2;0;5;1
202400039765;155 711 705;31;0;2;0;26;1
202400039766;155 711 702;7;4;0;1;26;1
202400039767;155 711 699;33;0;2;7;0;1
202400039767;155 711 700;7;0;2;6;0;1
202400039768;155 711 697;7;0;2;4;2;2
202400039768;155 711 698;7;0;2;3;2;1
202400039768;155 711 701;7;0;2;1;1;1
202400039769;155 711 695;33;0;0;0;1;1
202400039770;155 711 694;33;0;2;7;17;1
202400039770;155 711 696;7;0;2;3;15;1
202400039771;155 711 692;7;0;2;2;15;1
202400039771;155 711 693;2;0;2;1;1;1
202400039772;155 711 690;33;0;2;1;2;1
202400039772;155 711 691;7;0;2;4;1;1
202400039773;155 711 688;7;15;2;3;13;1
202400039773;155 711 689;7;0;2;3;1;1
202400039774;155 711 686;7;8;0;1;13;1
202400039775;155 711 685;7;0;2;2;13;1
202400039775;155 711 687;7;0;2;2;1;1
202400039776;155 711 681;7;0;2;3;13;1
202400039776;155 711 683;7;0;2;3;1;1
202400039777;155 711 682;7;0;0;1;13;1
202400039777;155 711 684;7;0;0;1;0;1
202400039778;155 711 679;7;2;0;1;13;1
202400039779;155 711 678;1;0;2;3;1;5
202400039779;155 711 680;7;0;2;3;1;1
202400039780;155 711 676;1;0;2;4;2;5
202400039780;155 711 677;1;0;2;1;2;5
202400039781;155 711 674;10;8;0;1;1;1
202400039782;155 711 673;7;0;2;7;11;1
202400039782;155 711 675;33;0;2;1;1;1
202400039783;155 711 671;10;8;0;1;13;1
202400039784;155 711 672;10;0;0;7;1;1
202400039785;155 711 669;33;0;2;1;17;1
202400039785;155 711 670;7;0;0;6;15;1
202400039786;155 711 666;33;0;2;1;1;1
202400039786;155 711 667;7;0;2;5;10;1
202400039787;155 711 664;36;0;0;9;1;1
202400039788;155 711 663;7;0;2;1;2;1
202400039788;155 711 665;7;0;2;1;23;1
202400039788;155 711 668;7;0;0;4;23;1
202400039789;155 711 661;36;0;0;2;1;1
202400039790;155 711 659;7;0;2;4;4;1
202400039790;155 711 660;32;0;2;1;1;1
202400039791;155 711 657;7;0;2;3;15;2
202400039791;155 711 658;33;0;2;2;17;1
202400039792;155 711 655;33;0;2;1;1;1
202400039792;155 711 656;7;0;2;4;9;1
202400039793;155 711 653;31;0;0;0;1;1
202400039794;155 711 651;33;0;0;9;1;1
202400039795;155 711 652;7;0;2;1;1;1
202400039795;155 711 654;10;0;2;2;0;1
202400039796;155 711 650;7;0;1;1;1;1
202400039797;155 711 649;13;9;1;5;17;1
202400039798;155 711 647;33;0;2;1;2;1
202400039798;155 711 648;15;0;2;4;17;
202400039799;155 711 643;7;0;2;9;2;1
202400039799;155 711 645;10;0;2;1;1;1
202400039799;155 711 646;7;0;2;4;2;2
202400039800;155 711 642;10;1;0;1;2;1
202400039800;155 711 644;15;0;0;4;23;1
202400039801;155 711 638;7;0;2;9;13;1
202400039801;155 711 640;7;0;2;4;1;1
202400039801;155 711 641;33;0;2;1;2;1
202400039802;155 711 639;7;4;0;1;17;1
202400039803;155 711 636;7;0;2;1;2;1
202400039803;155 711 637;7;0;2;4;1;1
202400039804;155 711 633;43;0;2;3;3;0
202400039804;155 711 634;7;0;2;5;14;0
202400039805;155 711 632;50;0;2;1;15;3
202400039805;155 711 635;7;0;9;1;1;1
202400039806;155 711 630;10;0;2;5;1;1
202400039806;155 711 631;7;0;2;1;1;1
202400039807;155 711 626;7;0;2;8;11;1
202400039807;155 711 628;33;0;2;1;3;1
202400039808;155 711 627;2;0;2;1;1;1
202400039808;155 711 629;7;0;2;7;19;1
202400039809;155 711 621;7;0;2;4;1;1
202400039809;155 711 622;7;0;2;4;1;1
202400039809;155 711 624;7;0;2;1;1;1
202400039809;155 711 625;7;0;2;4;1;1
202400039810;155 711 620;7;4;2;2;1;1
202400039810;155 711 623;7;4;2;4;1;1
202400039811;155 711 618;7;0;2;2;0;1
202400039811;155 711 619;7;0;2;6;11;2
202400039812;155 711 617;7;1;1;2;0;1
202400039813;155 711 615;30;0;2;1;5;3
202400039813;155 711 616;33;0;2;1;1;1
202400039814;155 711 612;33;3;0;1;0;1
202400039815;155 711 613;7;0;2;3;1;1
202400039815;155 711 614;7;0;2;3;1;1
202400039816;155 711 610;7;0;2;1;1;1
202400039816;155 711 611;17;0;2;5;2;1
202400039817;155 711 606;33;0;2;2;2;1
202400039817;155 711 607;7;0;2;3;2;1
202400039817;155 711 608;2;0;2;4;2;1
202400039818;155 711 605;50;0;2;8;15;3
202400039818;155 711 609;7;0;2;3;1;1
202400039819;155 711 603;7;0;2;8;15;1
202400039819;155 711 604;10;0;2;1;7;1
202400039820;155 711 601;7;0;0;9;13;1
202400039821;155 711 599;7;0;2;6;1;1
202400039821;155 711 600;7;0;2;3;1;1
202400039821;155 711 602;7;0;2;2;1;1
202400039822;155 711 597;2;0;0;0;0;1
202400039822;155 711 598;7;0;9;8;15;1
202400039823;155 711 592;7;0;2;1;0;1
202400039823;155 711 593;7;0;0;0;0;0
202400039823;155 711 595;7;0;2;1;1;1
202400039823;155 711 596;7;0;2;4;1;1
202400039824;155 711 591;10;3;0;4;2;0
202400039824;155 711 594;10;0;2;1;2;1
202400039825;155 711 589;7;0;2;1;1;1
202400039825;155 711 590;7;0;2;5;19;1
202400039826;155 711 585;7;0;2;1;16;1
202400039826;155 711 587;7;0;2;3;1;1
202400039827;155 711 586;7;0;2;3;9;1
202400039827;155 711 588;1;0;0;0;0;5
202400039828;155 711 583;7;0;2;8;9;1
202400039828;155 711 584;31;0;2;1;1;1
202400039829;155 711 579;7;0;2;0;0;1
202400039829;155 711 580;7;0;2;0;2;1
202400039829;155 711 582;7;0;2;0;2;1
202400039830;155 711 581;7;6;0;1;14;1
202400039831;155 711 577;50;0;2;8;1;3
202400039831;155 711 578;7;0;2;3;19;1
202400039832;155 711 574;7;0;2;1;15;1
202400039832;155 711 576;7;0;2;1;1;1
202400039833;155 711 575;7;0;1;0;1;1
202400039834;155 711 573;33;8;0;7;14;1
202400039835;155 711 571;33;0;2;1;1;1
202400039835;155 711 572;10;0;2;7;1;1
202400039836;155 711 569;7;0;1;1;9;1
202400039837;155 711 568;7;0;2;3;23;1
202400039837;155 711 570;33;6;2;1;26;1
202400039838;155 711 564;37;0;2;3;1;1
202400039838;155 711 566;7;0;2;5;12;0
202400039839;155 711 563;7;0;2;6;15;1
202400039839;155 711 565;7;0;2;1;1;2
202400039840;155 711 562;7;0;1;1;1;3
202400039841;155 711 561;7;0;1;1;26;1
202400039842;155 711 559;7;0;2;3;0;1
202400039842;155 711 560;15;0;2;3;0;1
202400039843;155 711 558;33;0;2;4;1;1
202400039844;155 711 557;7;2;0;1;9;1
202400039845;155 711 555;7;0;2;4;23;1
202400039845;155 711 556;7;0;2;1;1;1
202400039846;155 711 552;30;1;2;1;1;1
202400039846;155 711 553;7;0;2;4;24;1
202400039847;155 711 551;7;0;2;3;15;2
202400039847;155 711 554;1;0;2;8;1;5
202400039848;155 711 550;7;8;0;1;1;1
202400039849;155 711 548;7;0;2;1;1;1
202400039849;155 711 549;7;0;2;1;13;1
202400039850;155 711 547;7;0;1;2;1;1
202400039851;155 711 545;33;0;2;2;17;1
202400039851;155 711 546;7;0;9;3;15;1
202400039852;155 711 544;7;8;0;0;0;1
202400039853;155 711 542;7;0;0;1;1;1
202400039854;155 711 541;2;0;2;8;1;1
202400039854;155 711 543;10;0;9;2;15;1
202400039855;155 711 540;33;0;0;0;15;1
202400039856;155 711 538;7;0;2;3;2;1
202400039856;155 711 539;14;0;2;5;12;1
202400039857;155 711 535;50;8;0;0;26;3
202400039858;155 711 536;7;0;2;1;26;6
202400039858;155 711 537;37;0;2;3;2;6
202400039859;155 711 531;7;0;2;3;1;1
202400039859;155 711 534;33;0;2;1;1;1
202400039860;155 711 532;33;0;2;1;21;1
202400039860;155 711 533;7;0;0;0;0;0
202400039861;155 711 529;7;16;0;9;14;1
202400039862;155 711 528;1;0;2;7;1;5
202400039862;155 711 530;7;0;2;3;1;1
202400039863;155 711 526;7;0;2;7;2;2
202400039863;155 711 527;1;0;2;6;2;5
202400039864;155 711 524;7;0;2;8;9;1
202400039864;155 711 525;7;0;2;1;1;1
202400039865;155 711 523;7;0;1;1;0;0
202400039866;155 711 522;3;0;0;0;26;3
202400039867;155 711 519;7;0;2;3;2;1
202400039867;155 711 520;33;0;2;4;2;1
202400039867;155 711 521;10;0;2;5;2;1
202400039868;155 711 517;7;0;2;1;1;1
202400039868;155 711 518;33;0;2;4;1;1
202400039869;155 711 516;30;12;0;8;1;1
202400039870;155 711 514;33;0;2;1;1;1
202400039870;155 711 515;7;0;2;2;13;1
202400039871;155 711 513;7;13;0;1;1;1
202400039872;155 711 510;30;0;2;3;1;1
202400039872;155 711 512;7;0;2;1;1;1
202400039873;155 711 509;2;0;2;1;1;1
202400039873;155 711 511;7;0;2;6;1;2
202400039874;155 711 508;36;0;0;0;26;1
202400039875;155 711 507;50;14;0;1;0;3
202400039876;155 711 506;7;4;0;1;14;1
202400039877;155 711 505;7;0;1;1;0;1
202400039878;155 711 504;50;0;9;1;25;3
202400039879;155 711 503;30;0;0;7;14;1
202400039880;155 711 502;31;16;0;7;26;1
202400039881;155 711 500;7;0;1;1;2;1
202400039882;155 711 499;31;0;2;0;0;1
202400039882;155 711 501;7;0;2;2;9;1
202400039883;155 711 498;2;8;0;2;26;1
202400039884;155 711 496;7;0;1;2;26;1