Num_Acc;id_vehicule;categorie_vehicule;obstacle_fixe;obstacle_mobile;point_choc_initial;manoeuvre_principale;motorisation
202400040227;155 710 878;10;0;2;3;23;1
202400040227;155 710 880;7;0;2;1;19;1
202400040228;155 710 877;36;0;0;7;15;1
202400040229;155 710 874;7;0;2;7;1;1
202400040229;155 710 876;33;0;2;1;1;1
202400040230;155 710 875;7;0;1;1;11;1
202400040231;155 710 873;7;0;1;2;1;1
202400040232;155 710 870;7;3;2;1;5;1
202400040232;155 710 872;10;3;2;1;1;1
202400040233;155 710 869;7;0;2;1;1;1
202400040233;155 710 871;7;0;2;8;1;1
202400040234;155 710 867;2;0;2;1;9;3
202400040234;155 710 868;7;0;9;2;0;1
202400040235;155 710 866;7;0;1;7;1;1
202400040236;155 710 863;37;0;2;3;0;1
202400040236;155 710 864;7;0;2;8;15;1
202400040237;155 710 862;7;0;2;0;19;1
202400040237;155 710 865;10;0;2;5;1;1
202400040238;155 710 860;7;0;2;7;1;1
202400040238;155 710 861;7;0;2;1;15;1
202400040239;155 710 858;31;0;2;1;2;1
202400040239;155 710 859;7;0;2;3;1;1
202400040240;155 710 855;31;8;0;2;14;1
202400040241;155 710 856;7;16;0;2;13;1
202400040241;155 710 857;10;0;2;1;1;1
202400040242;155 710 854;7;0;0;9;0;1
202400040243;155 710 853;7;0;1;2;1;1
202400040244;155 710 852;7;1;0;2;1;1
202400040245;155 710 851;7;6;0;2;14;2
202400040246;155 710 848;7;0;2;2;15;1
202400040246;155 710 850;2;0;2;1;1;1
202400040247;155 710 845;7;0;2;3;15;1
202400040247;155 710 846;1;0;2;1;1;5
202400040248;155 710 847;7;6;2;3;13;1
202400040248;155 710 849;1;0;0;0;0;5
202400040249;155 710 844;30;0;1;1;13;1
202400040250;155 710 841;7;0;2;6;1;1
202400040250;155 710 843;32;0;2;1;19;1
202400040251;155 710 840;7;0;2;1;13;1
202400040251;155 710 842;7;0;2;1;1;1
202400040252;155 710 837;34;0;2;1;1;1
202400040252;155 710 839;30;0;2;1;1;1
202400040253;155 710 836;7;0;2;1;1;1
202400040253;155 710 838;7;0;2;2;0;1
202400040254;155 710 833;33;0;2;8;9;1
202400040254;155 710 835;7;0;2;7;1;1
202400040255;155 710 832;7;0;2;8;26;1
202400040255;155 710 834;33;0;2;1;1;1
202400040256;155 710 831;1;0;1;1;1;5
202400040257;155 710 829;7;0;2;2;15;1
202400040257;155 710 830;2;0;2;1;1;1
202400040258;155 710 828;7;0;1;1;1;1
202400040259;155 710 825;7;0;2;4;1;1
202400040259;155 710 827;2;0;2;1;1;1
202400040260;155 710 824;7;0;2;6;11;1
202400040260;155 710 826;31;0;2;1;1;1
202400040261;155 710 821;50;0;2;4;2;3
202400040261;155 710 823;1;0;2;4;1;5
202400040262;155 710 820;33;0;2;1;2;1
202400040262;155 710 822;7;0;2;4;2;1
202400040263;155 710 819;10;1;0;2;14;1
202400040264;155 710 818;50;0;1;8;1;3
202400040265;155 710 815;7;0;2;6;24;0
202400040265;155 710 817;1;1;0;1;1;5
202400040266;155 710 814;10;0;2;2;15;1
202400040266;155 710 816;33;0;2;3;1;1
202400040267;155 710 812;1;1;0;7;1;5
202400040267;155 710 813;7;0;9;8;24;1
202400040268;155 710 810;7;0;2;2;1;1
202400040268;155 710 811;7;0;2;2;1;1
202400040269;155 710 808;10;0;2;2;16;3
202400040269;155 710 809;1;0;2;8;1;5
202400040270;155 710 807;33;0;0;7;16;1
202400040271;155 710 804;1;0;0;2;1;5
202400040271;155 710 806;7;0;2;8;24;1
202400040272;155 710 802;1;0;2;1;2;5
202400040272;155 710 803;1;0;2;1;2;5
202400040272;155 710 805;1;0;2;4;2;5
202400040273;155 710 801;7;6;0;1;9;2
202400040274;155 710 796;1;0;2;8;13;5
202400040274;155 710 798;1;0;2;1;1;5
202400040274;155 710 799;1;0;2;7;1;5
202400040274;155 710 800;1;0;2;1;1;5
202400040275;155 710 795;7;0;2;1;1;3
202400040275;155 710 797;7;0;2;1;1;1
202400040276;155 710 792;7;0;2;3;1;2
202400040276;155 710 794;1;0;2;1;1;5
202400040277;155 710 791;7;1;0;6;1;1
202400040277;155 710 793;7;16;0;6;1;3
202400040278;155 710 789;33;0;2;2;16;1
202400040278;155 710 790;1;0;2;1;1;5
202400040279;155 710 788;7;0;1;2;21;0
202400040280;155 710 786;7;0;2;8;10;1
202400040280;155 710 787;32;0;2;2;3;1
202400040281;155 710 784;7;0;2;1;1;1
202400040281;155 710 785;7;0;2;4;1;1
202400040282;155 710 782;7;0;2;2;16;1
202400040282;155 710 783;33;0;2;3;1;1
202400040283;155 710 779;7;0;2;2;16;2
202400040283;155 710 781;1;0;2;8;1;5
202400040284;155 710 778;10;0;2;1;15;1
202400040284;155 710 780;30;0;2;1;1;1
202400040285;155 710 777;7;0;1;1;2;2
202400040286;155 710 775;33;0;2;1;2;1
202400040286;155 710 776;7;0;2;8;16;1
202400040287;155 710 772;7;0;0;6;23;2
202400040287;155 710 773;7;0;2;0;15;1
202400040288;155 710 771;7;0;2;1;1;1
202400040288;155 710 774;10;0;2;8;15;1
202400040289;155 710 768;7;0;0;0;9;1
202400040289;155 710 770;50;0;0;0;0;3
202400040290;155 710 763;7;0;2;6;23;1
202400040290;155 710 765;7;0;2;5;23;1
202400040290;155 710 766;7;0;2;5;23;1
202400040290;155 710 767;7;0;2;4;23;2
202400040290;155 710 769;7;0;2;9;1;3
202400040291;155 710 761;7;1;2;3;11;3
202400040291;155 710 762;7;1;0;4;1;1
202400040291;155 710 764;7;1;2;4;2;1
202400040292;155 710 757;33;0;2;1;1;1
202400040292;155 710 759;7;0;2;4;1;1
202400040293;155 710 756;7;0;2;4;23;1
202400040293;155 710 758;10;0;2;1;26;1
202400040293;155 710 760;7;0;2;4;23;1
202400040294;155 710 755;80;1;0;2;1;3
202400040295;155 710 752;7;13;0;0;1;1
202400040296;155 710 753;10;0;2;1;15;1
202400040296;155 710 754;2;0;2;4;23;1
202400040297;155 710 749;7;0;0;4;23;1
202400040297;155 710 751;10;0;2;1;26;1
202400040298;155 710 748;7;0;2;2;1;3
202400040298;155 710 750;1;0;2;1;1;5
202400040299;155 710 747;17;2;0;8;1;1
202400040300;155 710 746;33;0;0;0;1;1
202400040301;155 710 745;33;4;0;2;2;1
202400040302;155 710 743;50;0;0;2;19;3
202400040302;155 710 744;7;0;0;1;1;1
202400040303;155 710 742;10;2;0;2;13;6
202400040304;155 710 741;7;0;1;7;1;1
202400040305;155 710 739;7;0;2;3;2;1
202400040305;155 710 740;7;4;0;5;2;1
202400040306;155 710 737;7;0;2;7;14;1
202400040306;155 710 738;32;0;2;8;1;1
202400040307;155 710 735;7;0;0;2;1;1
202400040308;155 710 734;15;1;2;2;2;1
202400040308;155 710 736;10;3;2;6;23;1
202400040309;155 710 733;50;0;1;4;1;3
202400040310;155 710 730;7;0;1;3;16;1
202400040311;155 710 729;17;0;2;3;1;1
202400040311;155 710 731;7;0;2;3;13;1
202400040312;155 710 728;7;0;2;3;9;1
202400040312;155 710 732;7;0;2;3;1;1
202400040313;155 710 727;31;0;1;1;1;1
202400040314;155 710 726;7;3;0;1;1;1
202400040315;155 710 725;7;13;0;9;2;6
202400040316;155 710 724;7;0;1;1;1;1
202400040317;155 710 719;10;1;0;1;0;0
202400040317;155 710 721;10;1;2;0;0;0
202400040317;155 710 723;10;1;0;0;0;0
202400040318;155 710 717;7;16;0;1;1;1
202400040319;155 710 720;7;0;2;1;17;1
202400040319;155 710 722;7;0;2;1;21;1
202400040320;155 710 713;7;0;1;3;15;1
202400040321;155 710 712;21;13;0;3;2;1
202400040322;155 710 708;7;0;0;1;2;0
202400040322;155 710 710;1;0;0;9;1;5
202400040323;155 710 706;7;12;0;1;2;1
202400040324;155 710 705;7;0;2;3;1;1
202400040324;155 710 707;38;8;2;3;13;1
202400040324;155 710 709;7;0;2;3;1;1
202400040324;155 710 711;7;0;2;1;1;2
202400040325;155 710 704;31;0;0;0;1;3
202400040326;155 710 702;7;0;0;1;1;1
202400040326;155 710 703;80;0;2;1;1;3
202400040327;155 710 699;10;16;0;1;1;1
202400040327;155 710 700;1;0;2;4;9;5
202400040328;155 710 698;15;13;0;6;13;1
202400040328;155 710 701;7;13;2;3;1;1
202400040329;155 710 696;32;0;0;0;1;1
202400040330;155 710 695;7;0;2;1;5;1
202400040330;155 710 697;7;0;2;1;1;1
202400040331;155 710 694;7;0;9;7;1;1
202400040332;155 710 693;7;0;1;1;1;2
202400040333;155 710 690;33;6;0;1;1;1
202400040333;155 710 691;7;0;0;1;1;1
202400040334;155 710 688;30;0;2;0;0;0
202400040334;155 710 689;32;0;2;0;1;1
202400040335;155 710 687;7;0;2;6;19;1
202400040335;155 710 692;7;0;2;1;1;1
202400040336;155 710 686;33;0;0;7;1;1
202400040337;155 710 684;7;0;2;1;1;1
202400040337;155 710 685;7;0;2;2;15;1
202400040338;155 710 680;80;0;2;1;1;3
202400040338;155 710 682;7;0;0;4;23;1
202400040339;155 710 679;31;0;2;1;17;1
202400040339;155 710 681;7;0;0;8;15;2
202400040340;155 710 678;7;0;2;7;17;1
202400040340;155 710 683;14;0;2;3;15;1
202400040341;155 710 677;33;0;0;1;1;1
202400040342;155 710 676;7;0;1;1;1;1
202400040343;155 710 670;7;0;2;3;11;1
202400040343;155 710 673;10;0;2;3;1;1
202400040344;155 710 671;7;0;2;1;1;1
202400040344;155 710 674;7;0;2;1;1;1
202400040344;155 710 675;7;0;2;1;13;1
202400040345;155 710 669;33;0;2;2;17;1
202400040345;155 710 672;7;0;2;8;26;2
202400040346;155 710 668;2;9;0;2;1;1
202400040347;155 710 667;31;0;5;0;1;1
202400040348;155 710 665;1;0;2;1;19;5
202400040348;155 710 666;7;0;9;2;1;1
202400040349;155 710 663;7;13;0;0;13;1
202400040350;155 710 662;7;3;1;1;14;2
202400040350;155 710 664;7;3;0;4;23;1
202400040351;155 710 660;7;16;0;1;1;1
202400040352;155 710 657;1;0;2;1;18;5
202400040352;155 710 658;10;0;2;2;16;1
202400040353;155 710 655;7;0;2;1;15;1
202400040353;155 710 656;2;0;2;8;1;1
202400040354;155 710 652;7;0;1;3;1;1
202400040355;155 710 650;7;0;2;1;1;1
202400040355;155 710 653;7;0;2;1;13;1
202400040356;155 710 651;7;0;2;2;1;1
202400040356;155 710 654;7;8;2;5;16;1
202400040357;155 710 646;7;0;2;0;3;1
202400040357;155 710 649;14;0;2;4;24;1
202400040358;155 710 648;7;13;0;3;1;1
202400040359;155 710 645;7;0;2;3;1;1
202400040359;155 710 647;7;0;2;3;17;1
202400040360;155 710 642;7;0;2;1;1;1
202400040360;155 710 644;15;0;2;2;13;1
202400040361;155 710 640;32;0;6;8;1;1
202400040362;155 710 641;7;0;2;2;1;1
202400040362;155 710 643;2;0;2;1;13;1
202400040363;155 710 637;7;0;2;2;16;1
202400040363;155 710 639;7;0;2;1;1;1
202400040364;155 710 635;7;0;0;3;1;1
202400040364;155 710 638;7;0;0;3;15;1
202400040365;155 710 634;7;3;2;1;13;1
202400040365;155 710 636;7;0;2;1;1;1
202400040366;155 710 632;10;0;2;8;1;1
202400040366;155 710 633;7;0;9;1;1;1
202400040367;155 710 629;7;0;9;3;1;1
202400040367;155 710 631;1;0;2;1;13;5
202400040368;155 710 627;7;0;2;2;1;1
202400040368;155 710 630;1;0;0;6;19;5
202400040369;155 710 628;7;2;0;1;11;1
202400040370;155 710 624;7;0;2;3;13;1
202400040370;155 710 626;7;0;2;3;1;1
202400040371;155 710 623;7;0;2;6;15;1
202400040371;155 710 625;2;0;2;1;1;1
202400040372;155 710 620;33;13;0;2;1;1
202400040373;155 710 619;7;0;2;1;1;1
202400040373;155 710 621;80;0;2;1;11;3
202400040374;155 710 618;7;0;2;3;1;1
202400040374;155 710 622;7;0;2;6;10;1
202400040375;155 710 615;7;0;2;8;5;1
202400040375;155 710 616;7;0;2;8;5;1
202400040376;155 710 612;7;2;0;7;1;1
202400040377;155 710 609;7;0;2;3;5;1
202400040377;155 710 611;7;0;2;3;1;2
202400040378;155 710 610;7;0;2;8;1;3
202400040378;155 710 613;10;0;2;1;2;1
202400040378;155 710 614;7;0;2;9;1;1
202400040379;155 710 608;33;0;0;8;1;1
202400040380;155 710 606;7;2;0;1;0;1
202400040381;155 710 605;2;13;0;9;1;1
202400040382;155 710 604;32;0;0;1;1;3
202400040383;155 710 599;7;0;2;1;1;1
202400040383;155 710 602;7;0;2;1;1;1
202400040384;155 710 597;7;0;0;0;1;1
202400040384;155 710 600;7;0;2;6;1;1
202400040384;155 710 603;7;0;2;1;1;1
202400040385;155 710 598;7;2;0;3;15;3
202400040385;155 710 601;7;0;2;1;17;1
202400040386;155 710 596;7;17;0;1;13;1
202400040387;155 710 595;33;0;0;3;0;1
202400040388;155 710 593;7;0;1;3;1;1
202400040389;155 710 592;7;0;1;1;1;1
202400040390;155 710 591;31;0;2;1;1;1
202400040390;155 710 594;7;0;2;7;19;1
202400040391;155 710 588;7;0;1;3;1;1
202400040392;155 710 586;0;0;2;0;2;0
202400040392;155 710 587;7;0;2;3;2;1
202400040392;155 710 589;7;0;2;1;1;1
202400040392;155 710 590;7;0;2;1;2;1
202400040393;155 710 584;7;0;2;1;17;1
202400040393;155 710 585;3;0;2;4;1;3
202400040394;155 710 582;7;0;6;1;1;1
202400040395;155 710 581;7;0;2;3;2;0
202400040395;155 710 583;7;0;2;1;19;0
202400040396;155 710 578;7;0;1;1;1;0
202400040397;155 710 579;1;0;2;0;0;5
202400040397;155 710 580;7;0;2;2;1;1
202400040398;155 710 577;7;3;0;2;1;1
202400040399;155 710 574;2;0;6;1;19;1
202400040400;155 710 575;33;0;2;1;2;1
202400040400;155 710 576;7;0;2;4;2;1
202400040401;155 710 572;7;1;0;3;14;1
202400040401;155 710 573;17;0;2;5;24;1
202400040402;155 710 568;7;0;2;1;1;1
202400040402;155 710 571;15;0;0;4;1;1
202400040403;155 710 569;1;12;2;5;15;5
202400040403;155 710 570;7;0;9;1;1;1
202400040404;155 710 567;7;6;0;1;5;1
202400040405;155 710 565;7;3;0;2;0;1
202400040406;155 710 564;7;0;1;1;1;1
202400040407;155 710 563;7;14;0;0;1;1
202400040408;155 710 561;14;0;2;3;1;1
202400040408;155 710 562;7;0;2;3;13;1
202400040409;155 710 558;7;0;2;1;1;1
202400040409;155 710 560;1;0;0;8;19;5
202400040410;155 710 559;7;2;6;2;1;1
202400040411;155 710 557;33;8;0;1;1;1
202400040412;155 710 555;10;0;0;9;1;1
202400040413;155 710 552;7;0;0;0;1;1
202400040414;155 710 551;7;0;1;3;16;1
202400040415;155 710 550;7;0;2;5;2;1
202400040415;155 710 553;7;0;2;6;2;1
202400040415;155 710 554;10;0;2;4;2;1
202400040415;155 710 556;33;0;2;1;2;1
202400040416;155 710 547;7;0;2;8;15;2
202400040416;155 710 549;32;0;2;2;17;1
202400040417;155 710 546;7;0;2;3;1;1
202400040417;155 710 548;10;0;2;3;16;1
202400040418;155 710 544;7;0;1;1;9;1
202400040419;155 710 542;14;0;1;0;0;0
202400040419;155 710 545;7;0;0;0;23;1
202400040420;155 710 541;41;0;2;1;2;1
202400040420;155 710 543;10;0;2;4;0;1
202400040421;155 710 540;2;3;0;1;1;0
202400040422;155 710 539;7;3;0;9;1;1
202400040423;155 710 535;7;0;2;1;0;1
202400040423;155 710 537;7;0;2;4;26;1
202400040423;155 710 538;7;0;2;1;2;2
202400040424;155 710 532;7;0;2;2;21;1
202400040424;155 710 534;7;0;2;2;14;1
202400040425;155 710 533;7;0;2;5;12;1
202400040425;155 710 536;2;0;2;8;1;1
202400040426;155 710 530;2;13;0;1;0;1
202400040427;155 710 529;7;3;0;7;1;1
202400040428;155 710 528;3;0;2;1;15;1
202400040428;155 710 531;2;0;2;8;1;1
202400040429;155 710 526;7;0;2;3;20;1
202400040429;155 710 527;32;0;2;0;0;0
202400040430;155 710 522;7;0;2;1;2;1
202400040430;155 710 524;7;0;2;4;2;1
202400040431;155 710 523;7;0;2;2;16;1
202400040431;155 710 525;80;0;2;1;1;3
202400040432;155 710 520;7;3;0;1;1;1
202400040433;155 710 519;10;0;2;1;1;1
202400040433;155 710 521;3;0;2;1;13;1
202400040434;155 710 517;31;0;2;4;2;1
202400040434;155 710 518;7;0;2;1;2;1
202400040435;155 710 515;7;8;0;1;2;1
202400040436;155 710 514;50;0;2;1;1;3
202400040436;155 710 516;7;0;2;4;1;1
202400040437;155 710 512;7;0;0;0;14;1
202400040438;155 710 511;7;0;2;5;15;1
202400040438;155 710 513;33;0;2;1;1;1
202400040439;155 710 509;80;0;2;8;19;3
202400040439;155 710 510;33;0;2;1;17;1
202400040440;155 710 507;7;0;2;1;13;1
202400040440;155 710 508;7;0;2;1;1;1
202400040441;155 710 506;1;0;1;2;1;5
202400040442;155 710 505;7;2;0;2;6;1
202400040443;155 710 502;7;0;9;2;1;1
202400040443;155 710 504;20;0;0;7;26;1
202400040444;155 710 500;31;0;2;5;16;1
202400040444;155 710 503;7;0;2;7;9;1
202400040445;155 710 499;7;13;0;7;1;1
202400040446;155 710 498;34;0;2;4;1;1
202400040446;155 710 501;7;0;2;1;1;1
202400040447;155 710 494;34;0;2;4;1;1
202400040447;155 710 497;7;0;2;1;0;0
202400040448;155 710 493;7;0;2;4;1;1
202400040448;155 710 495;7;0;0;0;0;1
202400040449;155 710 491;10;0;1;2;1;1
202400040450;155 710 489;7;0;2;4;18;1
202400040450;155 710 490;7;0;2;1;2;1
202400040450;155 710 492;7;0;2;4;2;1
202400040451;155 710 488;7;14;0;1;1;2
202400040452;155 710 485;50;0;2;5;0;3
202400040452;155 710 487;7;0;2;1;9;1
202400040453;155 710 484;34;0;2;1;1;1
202400040453;155 710 486;7;0;2;8;10;1
202400040454;155 710 480;7;0;2;1;2;1
202400040454;155 710 482;7;0;2;4;1;1
202400040454;155 710 483;7;0;2;1;2;1
202400040455;155 710 479;13;0;9;1;1;1
202400040455;155 710 481;1;0;2;8;1;5
202400040456;155 710 473;10;0;2;4;2;1
202400040456;155 710 476;13;0;2;1;2;1
202400040456;155 710 477;10;0;2;4;1;1
202400040456;155 710 478;10;0;0;4;1;1
202400040457;155 710 471;7;0;2;1;11;1
202400040457;155 710 474;7;0;2;4;1;1
202400040458;155 710 469;7;0;1;3;15;1
202400040459;155 710 468;33;0;2;1;17;1
202400040459;155 710 470;7;0;0;6;2;1
202400040460;155 710 466;10;0;2;1;1;1
202400040460;155 710 467;7;0;2;4;1;1
202400040461;155 710 464;7;4;0;1;1;1
202400040462;155 710 463;31;0;2;1;1;1
202400040462;155 710 465;7;0;2;3;15;1
202400040463;155 710 462;33;4;0;7;3;1
202400040464;155 710 457;7;0;2;4;1;1
202400040464;155 710 460;7;0;2;1;1;0
202400040465;155 710 458;33;0;2;3;2;1
202400040465;155 710 461;7;0;2;0;12;1
202400040466;155 710 459;33;3;0;1;1;1
202400040467;155 710 454;7;4;0;3;11;2
202400040468;155 710 453;7;0;2;2;15;1
202400040468;155 710 456;33;0;2;3;17;1
202400040469;155 710 452;15;0;1;1;1;1
202400040469;155 710 455;15;0;1;1;1;1
202400040470;155 710 450;7;0;0;0;1;1
202400040471;155 710 448;7;0;2;4;1;1
202400040471;155 710 451;7;0;2;1;1;1
202400040472;155 710 447;33;0;2;1;1;1
202400040472;155 710 449;10;0;2;4;1;1
202400040473;155 710 446;33;3;0;1;1;1
202400040474;155 710 443;7;0;2;3;1;0
202400040474;155 710 444;33;0;2;2;16;1
202400040475;155 710 440;10;0;2;2;2;1
202400040475;155 710 442;33;0;2;3;3;1
202400040475;155 710 445;7;0;2;5;1;0
202400040476;155 710 438;7;0;2;7;12;1
202400040476;155 710 439;7;0;2;5;1;3
202400040476;155 710 441;33;0;2;8;1;1
202400040477;155 710 437;32;1;0;4;14;1
202400040478;155 710 432;7;0;2;4;2;1
202400040478;155 710 434;7;0;2;4;2;1
202400040478;155 710 435;7;0;2;4;2;1
202400040478;155 710 436;7;0;2;1;2;2
202400040479;155 710 431;34;0;2;8;3;1
202400040479;155 710 433;10;0;2;7;1;1
202400040480;155 710 430;7;0;1;1;1;2
202400040481;155 710 427;1;0;1;1;25;5
202400040482;155 710 425;7;0;2;4;2;1
202400040482;155 710 428;7;0;2;1;2;1
202400040482;155 710 429;10;0;2;4;2;1
202400040483;155 710 424;7;0;2;1;1;1
202400040483;155 710 426;10;0;2;1;5;1
202400040484;155 710 423;7;4;0;3;2;1
202400040485;155 710 422;33;0;1;1;1;1
202400040486;155 710 421;14;0;1;0;0;1
202400040487;155 710 418;7;0;2;4;26;1
202400040487;155 710 420;7;0;2;1;1;1
202400040488;155 710 417;7;0;2;2;16;1
202400040488;155 710 419;1;0;2;8;19;5
202400040489;155 710 415;7;0;2;7;15;1
202400040489;155 710 416;2;0;2;1;1;1
202400040490;155 710 414;7;2;0;0;0;1
202400040491;155 710 411;7;0;0;9;1;1
202400040492;155 710 410;7;1;2;3;3;1
202400040492;155 710 413;7;0;2;6;24;1
202400040493;155 710 409;7;0;2;0;5;1
202400040493;155 710 412;1;0;2;0;1;5
202400040494;155 710 406;10;0;2;1;13;1
202400040494;155 710 408;7;0;2;1;0;1
202400040495;155 710 402;33;0;0;0;26;1
202400040495;155 710 405;0;0;0;0;13;0
202400040496;155 710 401;10;0;2;2;1;1
202400040496;155 710 403;7;0;2;4;1;1
202400040496;155 710 404;10;0;2;3;13;1
202400040496;155 710 407;7;0;2;0;0;2
202400040497;155 710 399;7;0;2;4;2;1
202400040497;155 710 400;7;0;2;1;2;1
202400040498;155 710 397;7;0;2;8;24;1
202400040498;155 710 398;1;1;0;0;1;5
202400040499;155 710 396;7;0;1;1;1;3
202400040500;155 710 394;7;0;2;1;2;1
202400040500;155 710 395;7;0;2;4;2;1
202400040501;155 710 391;1;0;2;0;1;5
202400040501;155 710 393;7;0;2;0;0;1
202400040502;155 710 390;33;0;2;1;18;1
202400040502;155 710 392;7;0;2;2;16;1
202400040503;155 710 388;30;0;2;1;2;1
202400040503;155 710 389;7;0;2;6;23;1
202400040504;155 710 386;7;0;2;3;11;2
202400040504;155 710 387;33;0;2;7;3;1
202400040505;155 710 385;7;0;1;2;26;1
202400040506;155 710 382;7;6;0;0;21;1
202400040507;155 710 381;7;0;2;1;2;1
202400040507;155 710 384;7;0;0;4;2;1
202400040508;155 710 380;7;0;2;8;1;2
202400040508;155 710 383;1;0;2;8;16;5
202400040509;155 710 378;7;0;2;3;1;1
202400040509;155 710 379;33;0;2;7;1;1
202400040510;155 710 376;33;0;0;0;2;1
202400040511;155 710 375;30;0;2;7;14;1
202400040511;155 710 377;7;0;2;1;1;2
202400040512;155 710 373;33;0;2;1;2;1
202400040512;155 710 374;7;0;2;4;2;1
202400040513;155 710 372;7;0;1;1;2;0
202400040514;155 710 371;1;0;9;0;26;5
202400040515;155 710 369;2;1;0;2;1;1
202400040516;155 710 367;7;16;0;6;0;1
202400040516;155 710 370;7;1;2;1;2;0
202400040517;155 710 366;31;0;2;1;1;1
202400040517;155 710 368;7;0;2;5;1;1
202400040518;155 710 364;30;0;2;4;2;1
202400040518;155 710 365;7;0;2;1;2;1
202400040519;155 710 361;7;0;1;2;1;1
202400040520;155 710 360;30;0;2;0;18;1
202400040520;155 710 362;7;0;2;3;15;1
202400040521;155 710 359;7;0;9;2;1;1
202400040521;155 710 363;50;0;2;7;1;3
202400040522;155 710 358;7;7;0;1;14;1
202400040523;155 710 357;7;16;0;3;13;1
202400040524;155 710 355;33;0;2;7;15;1
202400040524;155 710 356;7;0;2;8;0;1
202400040525;155 710 352;7;0;2;3;9;1
202400040525;155 710 354;2;0;2;1;1;1
202400040526;155 710 351;7;12;2;1;1;1
202400040526;155 710 353;7;0;2;1;1;1
202400040527;155 710 348;7;4;0;1;14;1
202400040528;155 710 347;2;0;2;1;1;1
202400040528;155 710 350;7;0;2;7;9;1
202400040529;155 710 346;7;1;2;7;15;1
202400040529;155 710 349;30;0;2;7;1;1
202400040530;155 710 343;33;0;2;7;18;1
202400040530;155 710 345;7;0;2;8;2;1
202400040531;155 710 342;7;0;2;8;4;1
202400040531;155 710 344;80;0;2;1;1;3
202400040532;155 710 341;7;0;1;3;2;1
202400040533;155 710 339;7;0;2;1;1;1
202400040533;155 710 340;7;0;2;1;5;1
202400040534;155 710 336;7;0;9;2;17;1
202400040534;155 710 338;2;0;2;4;15;1
202400040535;155 710 335;0;0;2;2;1;0
202400040535;155 710 337;7;0;2;4;23;1
202400040536;155 710 332;38;0;2;6;19;1
202400040536;155 710 334;33;0;2;1;1;1
202400040537;155 710 330;50;0;2;1;1;3
202400040537;155 710 333;80;0;2;4;1;3
202400040538;155 710 329;37;0;2;3;1;1
202400040538;155 710 331;7;0;2;8;9;2
202400040539;155 710 326;10;0;2;3;13;1
202400040539;155 710 328;7;0;2;3;1;1
202400040540;155 710 322;10;0;2;2;17;1
202400040540;155 710 325;7;0;2;8;15;1
202400040541;155 710 323;7;0;2;4;0;1
202400040541;155 710 324;7;0;2;2;0;1
202400040541;155 710 327;7;0;2;9;23;1
202400040542;155 710 319;7;0;2;3;13;1
202400040542;155 710 321;7;0;2;3;1;1
202400040543;155 710 318;7;0;1;2;14;1
202400040544;155 710 317;7;0;2;3;15;1
202400040544;155 710 320;7;0;2;2;26;1
202400040545;155 710 315;7;0;1;3;1;2
202400040546;155 710 313;7;0;2;3;1;1
202400040546;155 710 316;33;0;2;2;1;1
202400040547;155 710 312;7;0;2;1;1;1
202400040547;155 710 314;7;0;2;7;1;1
202400040548;155 710 311;30;15;0;2;14;1
202400040549;155 710 310;2;0;0;0;1;1
202400040550;155 710 308;7;0;1;1;1;3
202400040551;155 710 307;33;0;2;1;17;1
202400040551;155 710 309;7;0;2;8;15;1
202400040552;155 710 305;7;0;2;6;2;1
202400040552;155 710 306;30;0;2;1;2;1
202400040553;155 710 304;7;0;1;1;1;1
202400040554;155 710 303;7;0;1;1;15;1
202400040555;155 710 299;7;0;2;3;13;1
202400040555;155 710 301;7;0;2;3;1;1
202400040555;155 710 302;15;0;2;8;1;1
202400040556;155 710 298;33;9;0;2;14;1
202400040557;155 710 294;10;13;0;2;1;1
202400040558;155 710 291;2;2;0;1;14;1
202400040559;155 710 292;7;0;1;3;15;1
202400040560;155 710 288;7;0;2;1;13;1
202400040560;155 710 290;7;0;2;1;1;1
202400040561;155 710 287;7;0;1;1;1;1
202400040562;155 710 285;7;0;2;0;0;1
202400040562;155 710 286;7;0;2;0;0;0
202400040562;155 710 289;7;0;2;0;0;1
202400040563;155 710 284;7;1;0;1;1;1
202400040564;155 710 281;7;0;2;3;15;1
202400040564;155 710 283;10;0;2;3;1;1
202400040565;155 710 280;33;1;0;1;1;1
202400040565;155 710 282;7;0;2;8;22;1
202400040566;155 710 279;10;0;1;2;1;1
202400040567;155 710 276;7;0;2;1;21;1
202400040567;155 710 278;7;0;2;1;5;2
202400040568;155 710 275;7;0;2;2;1;1
202400040568;155 710 277;1;0;2;1;25;5
202400040569;155 710 273;15;0;1;5;1;1
202400040570;155 710 271;7;8;0;7;0;1
202400040571;155 710 272;7;0;2;8;15;1
202400040571;155 710 274;10;0;2;2;2;1
202400040572;155 710 267;2;0;2;1;13;1
202400040572;155 710 269;10;0;2;3;21;1
202400040573;155 710 266;7;14;2;1;13;1
202400040573;155 710 270;1;0;2;7;0;5
202400040574;155 710 265;7;0;2;0;1;0
202400040574;155 710 268;7;0;2;1;26;1
202400040575;155 710 263;7;17;0;1;1;1
202400040576;155 710 261;7;0;0;0;0;0
202400040576;155 710 264;7;0;2;4;24;1
202400040577;155 710 260;2;0;2;8;9;1