Num_Acc;id_vehicule;categorie_vehicule;obstacle_fixe;obstacle_mobile;point_choc_initial;manoeuvre_principale;motorisation
202400040577;155 710 262;7;0;2;1;1;1
202400040578;155 710 259;10;0;1;3;2;3
202400040579;155 710 255;7;0;1;2;1;1
202400040580;155 710 256;7;6;0;1;0;1
202400040581;155 710 257;7;0;2;2;1;1
202400040581;155 710 258;30;0;2;3;9;1
202400040582;155 710 252;7;0;2;3;26;2
202400040582;155 710 254;10;0;2;3;1;1
202400040583;155 710 250;33;0;2;3;1;1
202400040583;155 710 253;7;0;2;7;15;2
202400040584;155 710 249;7;0;2;2;16;1
202400040584;155 710 251;1;0;2;3;9;5
202400040585;155 710 244;32;0;2;1;1;1
202400040585;155 710 248;7;0;2;3;15;1
202400040586;155 710 245;7;8;0;1;26;1
202400040587;155 710 246;7;0;2;2;2;1
202400040587;155 710 247;7;0;2;3;9;1
202400040588;155 710 240;7;0;2;1;1;1
202400040588;155 710 243;1;0;2;7;1;5
202400040589;155 710 239;3;0;2;2;15;0
202400040589;155 710 242;30;0;2;1;1;1
202400040590;155 710 241;7;0;1;2;16;1
202400040591;155 710 238;33;4;0;1;1;1
202400040592;155 710 236;0;0;1;0;0;0
202400040593;155 710 234;33;0;0;0;0;1
202400040594;155 710 233;50;0;1;1;1;3
202400040595;155 710 230;10;0;2;2;2;1
202400040595;155 710 231;10;0;2;6;15;1
202400040596;155 710 229;7;0;2;1;9;1
202400040596;155 710 232;7;0;2;7;1;1
202400040597;155 710 228;7;0;0;0;1;1
202400040598;155 710 226;31;0;0;8;1;1
202400040599;155 710 224;7;0;0;1;13;1
202400040599;155 710 227;7;0;2;1;1;1
202400040600;155 710 223;1;0;2;3;26;5
202400040600;155 710 225;7;0;2;2;1;1
202400040601;155 710 220;7;0;2;8;15;1
202400040601;155 710 221;2;0;2;2;17;3
202400040602;155 710 219;10;0;2;7;2;1
202400040602;155 710 222;30;0;2;3;15;1
202400040603;155 710 217;7;0;2;2;15;1
202400040603;155 710 218;7;0;2;1;1;2
202400040604;155 710 215;30;0;0;0;1;1
202400040605;155 710 214;50;0;0;0;2;3
202400040606;155 710 210;7;0;2;1;19;1
202400040606;155 710 213;7;0;2;7;1;1
202400040606;155 710 216;7;0;2;2;1;1
202400040607;155 710 209;7;0;2;2;1;1
202400040607;155 710 212;1;0;2;1;19;5
202400040608;155 710 208;3;0;2;3;16;3
202400040608;155 710 211;7;0;2;2;1;1
202400040609;155 710 207;7;3;0;1;1;1
202400040610;155 710 204;7;0;2;2;2;1
202400040610;155 710 206;10;0;2;3;13;1
202400040611;155 710 202;7;0;2;1;1;1
202400040611;155 710 205;7;0;2;1;13;1
202400040612;155 710 201;7;0;2;4;12;1
202400040612;155 710 203;33;0;2;1;3;1
202400040613;155 710 199;7;0;2;1;17;1
202400040613;155 710 200;7;0;2;1;1;1
202400040614;155 710 197;10;0;1;2;2;1
202400040615;155 710 196;7;0;2;1;2;1
202400040615;155 710 198;7;0;2;4;2;1
202400040616;155 710 194;7;13;0;3;13;1
202400040617;155 710 193;7;4;0;9;1;1
202400040618;155 710 192;7;1;2;7;1;1
202400040618;155 710 195;7;0;2;3;1;1
202400040619;155 710 191;34;0;0;0;0;1
202400040620;155 710 188;7;0;2;1;2;1
202400040620;155 710 190;7;0;2;4;1;1
202400040621;155 710 187;33;0;2;4;16;1
202400040621;155 710 189;7;0;2;0;2;1
202400040622;155 710 186;7;0;1;3;15;1
202400040623;155 710 182;33;0;2;1;1;1
202400040623;155 710 185;7;0;2;8;1;1
202400040624;155 710 181;10;0;2;3;1;1
202400040624;155 710 183;30;0;2;1;1;1
202400040625;155 710 180;7;0;2;1;26;1
202400040625;155 710 184;7;0;2;3;26;1
202400040626;155 710 177;40;0;2;7;1;3
202400040626;155 710 179;7;0;4;8;1;1
202400040627;155 710 175;2;0;2;0;12;1
202400040627;155 710 178;7;0;2;7;1;2
202400040628;155 710 172;7;0;2;1;13;1
202400040628;155 710 174;7;0;2;9;1;1
202400040628;155 710 176;7;0;2;1;1;1
202400040629;155 710 171;7;0;2;4;1;0
202400040629;155 710 173;43;3;2;4;1;1
202400040630;155 710 170;30;0;0;0;0;1
202400040631;155 710 169;30;0;0;8;1;1
202400040632;155 710 168;7;0;1;7;21;1
202400040633;155 710 167;7;0;0;0;0;1
202400040634;155 710 163;7;0;2;6;23;1
202400040634;155 710 165;32;1;0;1;0;1
202400040635;155 710 164;14;0;2;7;1;1
202400040635;155 710 166;50;0;2;8;15;3
202400040636;155 710 160;7;0;2;5;15;1
202400040636;155 710 162;31;0;2;1;1;1
202400040637;155 710 161;7;0;1;1;15;1
202400040638;155 710 157;2;0;2;3;1;1
202400040638;155 710 159;7;0;2;0;15;1
202400040639;155 710 155;7;0;0;0;1;1
202400040639;155 710 156;30;0;2;0;13;1
202400040640;155 710 153;7;0;2;1;2;1
202400040640;155 710 154;7;0;2;5;23;2
202400040641;155 710 150;33;0;2;1;1;1
202400040641;155 710 152;7;0;2;8;10;1
202400040642;155 710 149;33;0;2;7;17;1
202400040642;155 710 151;14;0;2;8;2;1
202400040643;155 710 147;7;0;2;7;15;1
202400040643;155 710 148;2;0;2;1;1;1
202400040644;155 710 146;37;0;1;2;2;1
202400040645;155 710 144;30;0;0;0;1;1
202400040646;155 710 143;7;0;2;2;1;1
202400040646;155 710 145;7;0;2;8;15;1
202400040647;155 710 140;30;0;2;1;0;1
202400040647;155 710 142;7;0;2;1;1;1
202400040648;155 710 139;33;0;2;1;17;1
202400040648;155 710 141;10;0;2;3;15;1
202400040649;155 710 138;2;14;0;2;16;3
202400040650;155 710 136;7;0;2;7;15;1
202400040650;155 710 137;33;0;2;1;21;1
202400040651;155 710 133;10;0;2;6;9;1
202400040651;155 710 135;33;0;2;1;1;1
202400040652;155 710 132;7;3;2;2;14;1
202400040652;155 710 134;7;3;2;2;13;1
202400040653;155 710 131;7;0;1;1;15;1
202400040654;155 710 129;7;0;2;2;2;1
202400040654;155 710 130;50;0;2;4;2;3
202400040655;155 710 124;31;0;2;1;1;0
202400040655;155 710 127;7;0;2;1;10;1
202400040656;155 710 123;7;0;2;4;2;2
202400040656;155 710 125;7;0;2;1;2;2
202400040656;155 710 126;7;0;2;4;2;1
202400040656;155 710 128;7;0;2;4;2;1
202400040657;155 710 118;31;1;0;5;17;1
202400040657;155 710 120;7;0;2;3;22;3
202400040658;155 710 117;7;0;2;1;2;1
202400040658;155 710 119;7;0;2;1;2;1
202400040658;155 710 121;7;0;2;1;2;1
202400040658;155 710 122;7;0;2;1;0;1
202400040659;155 710 116;7;1;0;1;2;1
202400040660;155 710 115;31;0;1;1;16;1
202400040661;155 710 113;41;0;2;1;2;1
202400040661;155 710 114;10;0;2;4;15;1
202400040662;155 710 111;7;0;2;2;2;1
202400040662;155 710 112;32;0;0;1;2;1
202400040663;155 710 109;30;0;2;1;1;1
202400040663;155 710 110;7;0;2;6;1;1
202400040664;155 710 107;7;0;2;3;9;1
202400040664;155 710 108;1;0;2;1;1;5
202400040665;155 710 105;7;0;2;6;16;1
202400040665;155 710 106;30;0;2;1;1;1
202400040666;155 710 103;1;0;2;7;1;5
202400040666;155 710 104;7;0;2;1;9;1
202400040667;155 710 101;10;0;2;3;9;1
202400040667;155 710 102;30;0;2;1;15;1
202400040668;155 710 099;1;1;0;3;1;5
202400040668;155 710 100;7;1;0;3;22;1
202400040669;155 710 097;1;0;2;1;16;5
202400040669;155 710 098;50;0;2;1;15;3
202400040670;155 710 095;50;0;2;8;1;3
202400040670;155 710 096;10;0;2;1;7;1
202400040671;155 710 094;2;12;0;1;16;1
202400040672;155 710 093;10;0;1;1;1;1
202400040673;155 710 091;7;0;2;2;15;1
202400040673;155 710 092;32;0;2;3;1;1
202400040674;155 710 089;10;6;2;8;15;1
202400040674;155 710 090;33;0;2;1;2;1
202400040675;155 710 087;10;0;2;1;1;1
202400040675;155 710 088;7;0;2;4;1;1
202400040676;155 710 085;2;0;2;1;2;1
202400040676;155 710 086;7;0;2;4;23;1
202400040677;155 710 081;30;1;0;1;1;1
202400040677;155 710 082;37;0;2;4;23;1
202400040678;155 710 083;2;0;2;1;2;1
202400040678;155 710 084;7;0;2;3;15;1
202400040679;155 710 078;32;0;2;1;1;1
202400040679;155 710 080;7;0;2;4;1;1
202400040680;155 710 077;30;0;2;1;1;1
202400040680;155 710 079;10;0;2;4;1;1
202400040681;155 710 075;7;0;2;1;17;1
202400040681;155 710 076;7;0;0;4;1;1
202400040682;155 710 074;7;0;1;3;0;0
202400040683;155 710 073;7;2;0;2;1;1
202400040684;155 710 071;7;0;2;2;9;3
202400040684;155 710 072;32;0;2;1;1;1
202400040685;155 710 069;1;0;2;8;1;5
202400040685;155 710 070;7;0;2;1;15;1
202400040686;155 710 068;7;0;1;0;0;
202400040687;155 710 067;7;0;1;1;9;1
202400040688;155 710 066;7;0;1;1;1;1
202400040689;155 710 063;32;0;2;1;1;1
202400040689;155 710 065;7;0;2;4;1;1
202400040690;155 710 062;7;0;2;1;1;1
202400040690;155 710 064;7;0;2;7;1;3
202400040691;155 710 061;7;1;0;1;1;2
202400040692;155 710 060;37;1;1;7;1;1
202400040693;155 710 058;43;0;2;7;17;1
202400040693;155 710 059;7;0;2;8;13;2
202400040694;155 710 057;7;0;1;1;15;2
202400040695;155 710 055;3;0;2;1;1;3
202400040695;155 710 056;10;0;2;4;23;1
202400040696;155 710 054;7;0;1;1;1;2
202400040697;155 710 053;7;0;1;0;0;0
202400040698;155 710 052;7;0;1;2;2;1
202400040699;155 710 051;50;1;0;1;1;3
202400040700;155 710 048;7;2;0;1;14;2
202400040701;155 710 049;32;0;2;7;2;1
202400040701;155 710 050;7;0;2;5;2;3
202400040702;155 710 045;33;0;2;1;21;1
202400040702;155 710 047;37;0;2;3;1;1
202400040703;155 710 044;7;0;2;7;1;2
202400040703;155 710 046;32;0;2;1;1;0
202400040704;155 710 043;7;13;0;1;14;1
202400040705;155 710 042;7;17;0;1;17;1
202400040706;155 710 040;10;9;0;2;15;0
202400040706;155 710 041;32;0;0;1;2;1
202400040707;155 710 038;7;13;0;2;0;1
202400040707;155 710 039;7;13;0;6;0;1
202400040708;155 710 036;7;0;2;2;20;2
202400040708;155 710 037;10;0;2;1;1;1
202400040709;155 710 034;1;0;0;0;1;5
202400040709;155 710 035;7;0;0;0;15;1
202400040710;155 710 032;7;0;4;8;15;1
202400040710;155 710 033;40;0;2;2;1;0
202400040711;155 710 029;7;9;0;1;1;2
202400040712;155 710 028;7;1;2;3;2;1
202400040713;155 710 027;10;5;1;1;9;1
202400040714;155 710 025;7;0;2;8;1;1
202400040714;155 710 026;7;0;2;1;1;1
202400040715;155 710 030;33;0;2;1;1;1
202400040715;155 710 031;10;0;2;2;11;1
202400040716;155 710 022;7;1;0;2;5;1
202400040717;155 710 020;7;0;2;1;0;1
202400040717;155 710 021;10;0;2;1;0;1
202400040718;155 710 017;7;0;2;3;17;1
202400040718;155 710 019;10;0;2;3;1;1
202400040719;155 710 015;10;0;2;2;21;1
202400040719;155 710 016;2;0;2;1;1;1
202400040719;155 710 018;7;0;2;3;9;2
202400040720;155 710 014;7;0;1;2;2;1
202400040721;155 710 013;33;0;0;8;1;1
202400040722;155 710 011;33;0;2;1;1;1
202400040722;155 710 012;33;0;2;1;1;1
202400040723;155 710 008;7;6;0;2;14;1
202400040724;155 710 007;7;0;2;1;2;1
202400040724;155 710 009;7;0;2;1;2;1
202400040724;155 710 010;7;0;2;4;1;1
202400040725;155 710 004;7;0;1;1;1;1
202400040726;155 710 002;7;0;0;9;1;1
202400040727;155 710 001;7;4;0;3;0;1
202400040728;155 710 000;7;2;0;7;1;1
202400040729;155 709 999;10;0;1;2;0;1
202400040730;155 709 997;7;2;0;1;14;1
202400040731;155 709 996;7;0;2;1;13;1
202400040731;155 709 998;7;0;2;3;1;1
202400040732;155 709 994;7;8;0;3;1;1
202400040733;155 709 993;21;0;2;3;24;0
202400040733;155 709 995;7;1;0;3;1;1
202400040734;155 709 992;10;2;0;1;13;1
202400040735;155 709 990;7;1;6;1;11;1
202400040735;155 709 991;7;0;6;1;23;2
202400040736;155 709 989;1;0;0;0;0;5
202400040737;155 709 987;7;0;2;8;1;1
202400040737;155 709 988;7;0;2;1;1;1
202400040738;155 709 983;7;0;2;3;13;1
202400040738;155 709 985;10;0;2;8;1;3
202400040739;155 709 982;7;0;2;3;13;1
202400040739;155 709 984;7;0;2;1;1;1
202400040740;155 709 979;7;0;2;2;17;1
202400040740;155 709 981;50;0;2;4;21;3
202400040741;155 709 976;33;0;6;1;1;1
202400040742;155 709 977;1;0;1;1;2;5
202400040743;155 709 975;7;6;0;1;14;1
202400040744;155 709 974;7;2;0;0;1;3
202400040745;155 709 973;33;8;0;1;1;1
202400040746;155 709 970;7;6;2;3;1;1
202400040746;155 709 972;7;0;2;2;0;1
202400040747;155 709 969;33;0;0;1;2;1
202400040747;155 709 971;10;0;0;3;15;1
202400040748;155 709 967;7;0;0;3;0;1
202400040749;155 709 966;1;0;2;1;1;5
202400040749;155 709 968;7;0;9;3;0;1
202400040750;155 709 965;7;16;0;9;0;1
202400040751;155 709 964;7;0;1;7;1;3
202400040752;155 709 963;10;13;0;9;0;1
202400040753;155 709 961;7;0;2;4;1;1
202400040753;155 709 962;15;0;2;1;1;1
202400040754;155 709 959;7;0;0;4;1;1
202400040754;155 709 960;7;0;2;1;1;2
202400040755;155 709 957;7;0;2;2;13;1
202400040755;155 709 958;1;0;2;4;2;5
202400040756;155 709 955;7;0;2;4;2;0
202400040756;155 709 956;1;0;0;4;1;5
202400040757;155 709 954;7;3;0;3;1;1
202400040758;155 709 951;7;11;0;3;1;1
202400040759;155 709 950;7;2;0;1;1;1
202400040760;155 709 949;33;5;0;0;1;1
202400040761;155 709 947;7;0;2;1;1;1
202400040761;155 709 948;7;0;2;8;0;0
202400040762;155 709 945;7;0;9;3;26;1
202400040762;155 709 946;33;15;2;2;1;1
202400040763;155 709 943;1;0;0;0;1;5
202400040764;155 709 942;7;0;2;1;17;1
202400040764;155 709 944;7;0;2;1;1;1
202400040765;155 709 940;80;0;2;8;2;3
202400040765;155 709 941;7;0;2;7;17;1
202400040766;155 709 938;10;0;2;3;13;1
202400040766;155 709 939;7;0;2;1;1;1
202400040767;155 709 937;3;0;0;1;1;1
202400040768;155 709 935;7;8;0;1;1;1
202400040769;155 709 934;7;16;2;8;19;1
202400040769;155 709 936;7;0;2;2;1;1
202400040770;155 709 933;10;2;0;1;5;1
202400040771;155 709 929;7;0;0;0;26;0
202400040771;155 709 930;7;12;2;1;21;1
202400040771;155 709 932;7;13;0;8;23;1
202400040772;155 709 928;7;8;0;1;0;1
202400040773;155 709 927;33;0;0;0;1;1
202400040774;155 709 922;7;0;0;4;1;1
202400040774;155 709 924;7;0;2;1;1;1
202400040774;155 709 925;7;0;2;1;1;1
202400040774;155 709 926;7;0;2;1;1;1
202400040775;155 709 921;38;0;2;1;1;1
202400040775;155 709 923;13;0;2;2;15;1
202400040776;155 709 917;34;0;2;0;17;1
202400040776;155 709 918;7;0;9;3;1;3
202400040776;155 709 920;7;0;2;3;2;1
202400040777;155 709 916;32;0;2;7;1;1
202400040777;155 709 919;7;0;2;1;15;1
202400040778;155 709 912;38;0;9;1;1;1
202400040778;155 709 914;1;0;2;7;19;5
202400040779;155 709 913;10;0;2;1;2;1
202400040779;155 709 915;15;0;0;4;2;1
202400040780;155 709 911;7;5;0;2;1;1
202400040781;155 709 907;7;0;2;4;2;1
202400040781;155 709 909;7;0;0;4;2;1
202400040781;155 709 910;10;0;2;3;2;1
202400040782;155 709 906;10;0;2;1;2;1
202400040782;155 709 908;10;0;0;6;2;1
202400040783;155 709 905;2;0;0;7;0;1
202400040784;155 709 899;7;0;2;1;5;1
202400040784;155 709 900;7;0;2;1;1;1
202400040784;155 709 902;7;0;2;8;1;1
202400040785;155 709 898;15;3;0;7;1;1
202400040786;155 709 896;7;0;1;2;23;1
202400040787;155 709 895;7;0;2;2;2;1
202400040787;155 709 897;15;0;0;6;2;1
202400040788;155 709 893;7;0;2;2;17;1
202400040788;155 709 894;7;0;2;2;1;1
202400040789;155 709 891;10;0;0;1;1;1
202400040789;155 709 892;2;0;2;1;17;1
202400040790;155 709 890;7;13;0;8;1;1
202400040791;155 709 888;10;15;0;1;13;1
202400040792;155 709 887;7;0;2;3;1;1
202400040792;155 709 889;10;0;0;5;21;1
202400040793;155 709 885;32;12;0;1;1;1
202400040794;155 709 884;15;0;0;6;2;1
202400040794;155 709 886;7;0;2;2;2;1
202400040795;155 709 882;1;0;2;3;1;5
202400040795;155 709 883;7;0;2;3;15;1
202400040796;155 709 880;1;0;2;1;1;5
202400040796;155 709 881;7;0;2;3;15;1
202400040797;155 709 877;7;0;0;3;23;1
202400040797;155 709 879;33;0;2;1;1;1
202400040798;155 709 876;7;0;0;4;2;0
202400040798;155 709 878;7;0;2;1;2;1
202400040799;155 709 875;34;0;0;7;11;1
202400040800;155 709 874;7;0;0;0;0;1
202400040801;155 709 872;50;0;2;7;19;3
202400040801;155 709 873;7;0;2;8;1;1
202400040802;155 709 871;7;6;0;1;0;1
202400040803;155 709 869;1;0;0;0;1;5
202400040804;155 709 867;7;0;2;3;1;1
202400040804;155 709 868;7;0;2;3;9;1
202400040805;155 709 865;1;0;2;1;1;5
202400040805;155 709 866;31;0;2;1;1;1
202400040806;155 709 864;7;6;0;1;1;1
202400040807;155 709 863;33;8;0;1;13;1
202400040808;155 709 861;33;0;2;1;26;1
202400040808;155 709 862;7;;;;;
202400040809;155 709 859;34;1;0;1;2;1
202400040809;155 709 860;7;0;0;4;2;2
202400040810;155 709 856;7;0;2;4;1;1
202400040810;155 709 857;7;0;2;1;2;1
202400040810;155 709 858;7;0;2;2;13;1
202400040811;155 709 853;7;0;2;1;1;1
202400040811;155 709 854;7;0;2;4;2;1
202400040811;155 709 855;7;0;2;4;2;1
202400040812;155 709 851;7;6;2;2;14;1
202400040812;155 709 852;7;6;2;6;2;1
202400040813;155 709 849;7;0;2;1;26;1
202400040813;155 709 850;7;0;0;4;1;1
202400040814;155 709 843;7;0;2;1;2;1
202400040814;155 709 844;7;0;2;1;2;1
202400040814;155 709 845;7;0;2;4;2;1
202400040814;155 709 846;7;0;2;1;2;1
202400040814;155 709 847;7;0;2;1;2;1
202400040814;155 709 848;7;0;2;4;2;1
202400040815;155 709 841;7;0;2;1;2;1
202400040815;155 709 842;7;0;2;4;2;1
202400040816;155 709 839;7;0;2;2;1;1
202400040816;155 709 840;7;0;2;8;19;1
202400040817;155 709 838;33;0;2;1;2;1
202400040818;155 709 836;7;0;2;4;2;1
202400040818;155 709 837;7;0;2;1;2;1
202400040819;155 709 835;30;0;0;9;26;1
202400040820;155 709 834;7;3;0;3;13;1
202400040821;155 709 832;7;0;2;3;1;1
202400040821;155 709 833;33;0;2;3;21;1
202400040822;155 709 831;50;0;1;0;1;3
202400040823;155 709 829;7;0;2;3;22;1
202400040823;155 709 830;1;1;0;0;1;5
202400040824;155 709 827;7;0;2;1;2;1
202400040824;155 709 828;7;0;2;4;26;1
202400040825;155 709 825;10;0;2;1;1;1
202400040825;155 709 826;7;0;2;7;19;1
202400040826;155 709 824;7;12;0;0;0;1
202400040827;155 709 822;7;0;2;1;1;1
202400040827;155 709 823;7;0;2;4;1;2
202400040828;155 709 821;7;0;1;1;1;1
202400040829;155 709 820;7;0;1;2;1;1
202400040830;155 709 819;10;0;1;2;1;1
202400040831;155 709 816;7;0;2;1;1;0
202400040831;155 709 817;7;0;2;1;1;0
202400040831;155 709 818;7;0;2;4;1;0
202400040832;155 709 814;15;0;2;1;1;1
202400040832;155 709 815;7;0;2;4;2;1
202400040833;155 709 812;33;0;2;2;1;1
202400040833;155 709 813;7;0;2;5;15;2
202400040834;155 709 809;7;0;2;1;2;1
202400040834;155 709 810;7;0;2;9;2;1
202400040834;155 709 811;7;0;2;4;2;1
202400040835;155 709 808;31;0;0;7;1;1
202400040836;155 709 806;7;0;2;3;1;1
202400040836;155 709 807;7;0;2;1;1;1
202400040837;155 709 805;7;0;0;0;1;1
202400040838;155 709 803;7;0;2;0;0;0
202400040838;155 709 804;50;0;2;0;1;3
202400040839;155 709 801;7;0;2;1;1;1
202400040839;155 709 802;10;0;2;3;15;1
202400040840;155 709 799;1;0;2;4;15;5
202400040840;155 709 800;7;0;2;1;1;1
202400040841;155 709 797;7;0;2;7;15;1
202400040841;155 709 798;30;0;2;1;1;1
202400040842;155 709 795;7;0;2;8;1;1
202400040842;155 709 796;7;0;2;1;1;1
202400040843;155 709 794;7;0;1;1;0;1
202400040844;155 709 792;50;0;0;0;0;3
202400040844;155 709 793;7;0;9;3;13;0
202400040845;155 709 790;7;0;2;2;1;1
202400040845;155 709 791;1;0;2;4;1;5
202400040846;155 709 789;37;0;1;3;1;1
202400040847;155 709 787;7;1;0;3;24;1
202400040847;155 709 788;7;8;0;1;14;2
202400040848;155 709 785;7;14;0;7;1;1
202400040848;155 709 786;7;0;2;1;15;1
202400040849;155 709 784;7;0;1;3;17;1
202400040850;155 709 782;7;0;2;3;13;1
202400040850;155 709 783;7;0;2;6;1;1
202400040851;155 709 779;7;0;2;6;12;1
202400040851;155 709 780;7;0;2;3;1;1
202400040851;155 709 781;7;0;2;1;1;1
202400040852;155 709 778;7;0;1;1;1;1
202400040853;155 709 777;7;9;0;1;26;1
202400040854;155 709 775;80;0;2;7;1;3
202400040854;155 709 776;7;0;2;1;9;1
202400040855;155 709 772;7;0;2;1;1;1
202400040855;155 709 773;7;0;2;3;1;1
202400040855;155 709 774;7;0;1;2;1;1
202400040856;155 709 771;7;0;1;1;1;1
202400040857;155 709 769;7;0;2;2;15;1
202400040857;155 709 770;50;0;2;7;26;3
202400040858;155 709 767;30;0;2;0;0;1
202400040858;155 709 768;7;0;2;6;10;1
202400040859;155 709 765;7;0;2;3;15;1
202400040859;155 709 766;30;0;2;1;1;1
202400040860;155 709 763;7;0;2;1;1;1
202400040860;155 709 764;14;0;2;3;1;0
202400040861;155 709 762;7;4;0;1;0;1
202400040862;155 709 761;7;12;1;3;2;1
202400040863;155 709 759;30;0;2;1;14;1
202400040863;155 709 760;7;0;2;6;23;1
202400040864;155 709 757;7;0;2;1;16;1
202400040864;155 709 758;2;13;2;1;1;1
202400040865;155 709 754;33;0;2;1;2;1
202400040865;155 709 755;7;0;0;4;0;1
202400040865;155 709 756;7;0;2;5;0;1
202400040866;155 709 752;50;0;2;8;13;3
202400040866;155 709 753;7;0;2;2;2;1
202400040867;155 709 751;7;15;0;1;0;1
202400040868;155 709 750;7;0;1;1;1;1
202400040869;155 709 748;7;0;2;3;1;1
202400040869;155 709 749;7;0;2;6;1;1
202400040870;155 709 746;1;0;2;1;1;5
202400040870;155 709 747;7;0;9;2;15;1
202400040871;155 709 744;7;0;2;1;1;1
202400040871;155 709 745;7;0;2;4;1;0
202400040872;155 709 742;1;0;2;8;1;5
202400040872;155 709 743;7;0;2;7;1;1
202400040873;155 709 741;7;0;1;2;16;2
202400040874;155 709 739;14;0;2;8;10;1
202400040874;155 709 740;32;0;2;7;1;1
202400040875;155 709 737;2;0;2;0;1;1
202400040875;155 709 738;1;0;2;0;1;5
202400040876;155 709 736;31;0;1;1;1;1
202400040877;155 709 735;80;9;0;1;26;3
202400040878;155 709 734;33;0;1;1;1;1
202400040879;155 709 732;33;0;9;2;1;1
202400040879;155 709 733;1;0;2;1;1;5
202400040880;155 709 730;7;0;2;2;24;0
202400040880;155 709 731;1;0;2;8;6;5
202400040881;155 709 729;7;4;0;2;1;1
202400040882;155 709 728;7;8;0;1;15;1
202400040883;155 709 726;30;0;2;1;1;1
202400040883;155 709 727;7;0;2;3;1;1
202400040884;155 709 724;7;0;2;3;26;1
202400040884;155 709 725;7;0;2;0;0;0
202400040885;155 709 723;7;0;1;4;20;1
202400040886;155 709 721;7;0;2;1;13;1
202400040886;155 709 722;31;0;2;1;1;1
202400040887;155 709 719;50;0;2;1;25;3
202400040887;155 709 720;7;0;2;2;26;2
202400040888;155 709 718;7;0;1;1;2;1
202400040889;155 709 716;7;8;2;1;5;1
202400040889;155 709 717;7;0;2;2;0;1
202400040890;155 709 714;30;0;2;7;1;1
202400040890;155 709 715;7;0;2;1;1;3
202400040891;155 709 713;43;2;0;1;0;1
202400040892;155 709 712;32;0;1;1;1;1
202400040893;155 709 710;7;0;2;1;0;1
202400040893;155 709 711;7;0;2;8;1;0
202400040894;155 709 708;7;0;2;6;1;1
202400040894;155 709 709;7;0;2;2;1;1
202400040895;155 709 707;10;0;1;1;1;1
202400040896;155 709 706;7;0;0;9;1;2
202400040897;155 709 704;41;2;0;7;2;0
202400040898;155 709 702;7;0;2;7;13;1
202400040898;155 709 703;10;0;2;3;1;1
202400040899;155 709 700;7;0;9;2;17;1
202400040899;155 709 701;1;0;2;3;11;5
202400040900;155 709 697;1;0;2;4;1;5
202400040900;155 709 699;7;0;2;7;16;1
202400040901;155 709 696;7;0;2;1;26;1
202400040901;155 709 698;7;0;2;8;16;1
202400040902;155 709 694;2;0;2;1;0;0
202400040902;155 709 695;7;0;2;8;1;0
202400040903;155 709 691;10;17;0;1;1;1
202400040904;155 709 692;7;0;2;2;1;1
202400040904;155 709 693;1;0;2;3;19;5
202400040905;155 709 689;7;0;2;3;13;1
202400040905;155 709 690;7;0;2;3;1;1
202400040906;155 709 688;7;1;1;1;13;1
202400040907;155 709 686;10;0;2;2;13;1
202400040907;155 709 687;15;0;0;0;1;1
202400040908;155 709 682;7;13;2;2;9;1
202400040908;155 709 684;7;7;2;3;1;1
202400040909;155 709 683;30;0;2;0;15;1
202400040909;155 709 685;30;0;2;0;1;1
202400040910;155 709 679;7;0;2;8;1;1
202400040910;155 709 680;7;0;2;7;13;1
202400040911;155 709 678;2;0;2;1;1;1
202400040911;155 709 681;7;0;2;6;0;1
202400040912;155 709 676;37;0;0;3;0;1
202400040912;155 709 677;7;0;2;0;0;1
202400040913;155 709 674;7;0;2;2;1;1
202400040913;155 709 675;32;0;2;4;1;1
202400040914;155 709 673;7;0;1;6;4;1
202400040915;155 709 670;10;0;2;3;16;1
202400040915;155 709 671;2;0;2;1;2;1
202400040916;155 709 668;7;11;0;1;16;1
202400040917;155 709 666;7;0;2;3;1;1
202400040917;155 709 667;7;0;2;3;13;1
202400040918;155 709 664;7;0;2;1;2;1
202400040918;155 709 665;7;0;0;4;2;3
202400040918;155 709 669;7;0;0;6;2;0
202400040918;155 709 672;7;0;0;6;2;1
202400040919;155 709 662;50;0;2;1;1;3
202400040919;155 709 663;7;0;2;6;23;1
202400040920;155 709 660;7;0;2;1;1;0
202400040920;155 709 661;7;0;2;8;19;0
202400040921;155 709 659;7;3;0;2;1;6
202400040922;155 709 658;7;0;1;1;15;1
202400040923;155 709 657;7;4;0;0;0;1
202400040924;155 709 655;10;0;2;1;1;1
202400040924;155 709 656;7;0;2;1;1;1
202400040925;155 709 652;7;13;0;7;14;1
202400040926;155 709 651;7;0;2;3;9;1
202400040926;155 709 654;1;0;2;7;1;5
202400040927;155 709 650;99;0;2;3;1;1
202400040927;155 709 653;42;0;2;1;13;1
202400040928;155 709 649;7;9;0;1;0;1
202400040929;155 709 648;10;1;0;3;13;1
202400040930;155 709 646;7;8;0;1;1;1
202400040931;155 709 644;10;6;0;2;1;1
202400040932;155 709 645;10;0;2;2;0;1
202400040932;155 709 647;2;0;2;0;0;1
202400040933;155 709 643;7;8;0;1;1;1
202400040934;155 709 641;31;11;0;1;1;1
202400040935;155 709 640;7;0;0;3;15;1
202400040935;155 709 642;7;0;0;3;1;1