Num_Acc;id_vehicule;categorie_vehicule;obstacle_fixe;obstacle_mobile;point_choc_initial;manoeuvre_principale;motorisation
202400041290;155 709 009;7;0;2;2;1;1
202400041290;155 709 012;33;0;2;1;1;1
202400041291;155 709 011;1;0;0;0;26;5
202400041292;155 709 006;2;0;2;1;0;1
202400041292;155 709 008;7;0;2;3;21;1
202400041293;155 709 002;7;0;2;3;1;1
202400041293;155 709 007;50;0;2;8;11;3
202400041294;155 709 000;7;0;9;2;17;1
202400041294;155 709 004;1;0;2;5;15;5
202400041295;155 708 999;1;0;2;3;1;5
202400041295;155 709 003;7;0;2;2;1;1
202400041296;155 708 997;7;0;1;2;17;1
202400041297;155 708 996;21;0;0;4;2;1
202400041297;155 708 998;7;0;2;1;2;1
202400041298;155 708 995;50;0;1;1;5;3
202400041299;155 709 001;31;0;2;1;2;1
202400041299;155 709 005;7;0;2;2;16;2
202400041300;155 708 994;33;3;0;2;0;1
202400041301;155 708 991;7;0;0;6;15;1
202400041301;155 708 993;33;0;2;1;17;1
202400041302;155 708 989;7;0;2;1;15;1
202400041302;155 708 992;33;0;2;1;2;1
202400041303;155 708 988;7;0;2;5;15;1
202400041303;155 708 990;43;0;2;1;1;1
202400041304;155 708 985;33;11;0;1;1;1
202400041305;155 708 987;36;12;9;3;1;1
202400041306;155 708 984;7;0;2;1;1;1
202400041306;155 708 986;7;0;2;4;1;1
202400041307;155 708 981;33;0;1;3;1;1
202400041308;155 708 982;7;8;0;1;1;1
202400041309;155 708 980;34;4;0;8;26;1
202400041310;155 708 979;7;0;1;3;1;0
202400041311;155 708 978;7;0;2;1;13;1
202400041311;155 708 983;7;0;2;1;1;1
202400041312;155 708 976;7;4;0;1;1;1
202400041313;155 708 972;10;0;2;1;2;1
202400041313;155 708 977;7;0;2;3;0;1
202400041314;155 708 971;7;0;0;4;23;1
202400041314;155 708 974;2;0;2;1;2;1
202400041315;155 708 970;10;0;2;2;14;1
202400041315;155 708 973;33;0;2;3;1;1
202400041316;155 708 969;50;0;2;7;1;3
202400041316;155 708 975;0;0;9;1;1;
202400041317;155 708 967;7;0;2;4;1;1
202400041317;155 708 968;7;0;2;1;2;1
202400041318;155 708 963;7;0;2;1;1;1
202400041318;155 708 964;7;0;2;4;1;2
202400041319;155 708 962;7;0;2;4;4;1
202400041319;155 708 965;30;0;2;1;1;3
202400041320;155 708 960;7;6;0;1;26;1
202400041321;155 708 959;7;4;0;1;1;1
202400041322;155 708 961;10;0;1;7;21;1
202400041323;155 708 956;7;0;2;8;15;1
202400041323;155 708 958;33;0;2;7;1;1
202400041324;155 708 955;10;0;1;1;0;1
202400041325;155 708 953;7;0;2;8;1;1
202400041325;155 708 957;2;0;2;1;15;1
202400041326;155 708 950;10;0;2;1;2;3
202400041326;155 708 952;7;0;2;4;2;1
202400041326;155 708 954;7;0;2;4;2;1
202400041327;155 708 951;10;0;1;3;13;1
202400041328;155 708 947;34;0;9;3;1;1
202400041328;155 708 949;1;0;2;5;1;5
202400041329;155 708 945;7;0;1;3;0;1
202400041330;155 708 946;31;0;2;1;16;1
202400041330;155 708 948;7;0;2;1;15;1
202400041331;155 708 943;0;0;1;0;2;0
202400041332;155 708 941;30;0;1;0;26;1
202400041333;155 708 937;14;0;2;2;14;1
202400041333;155 708 940;10;0;2;5;1;1
202400041333;155 708 942;33;0;2;3;3;1
202400041333;155 708 944;7;0;2;6;1;1
202400041334;155 708 935;33;1;0;1;0;1
202400041335;155 708 936;1;0;2;1;1;5
202400041335;155 708 939;7;0;2;8;1;1
202400041336;155 708 932;7;0;2;2;1;1
202400041336;155 708 933;7;0;2;6;23;1
202400041337;155 708 928;7;0;2;2;1;1
202400041337;155 708 931;7;9;2;6;12;2
202400041338;155 708 926;33;0;2;1;1;1
202400041338;155 708 929;10;0;2;3;9;1
202400041339;155 708 925;7;0;2;1;2;1
202400041339;155 708 927;7;14;0;4;23;1
202400041340;155 708 924;33;0;0;7;1;1
202400041341;155 708 923;7;0;0;8;0;1
202400041341;155 708 930;13;0;2;1;1;1
202400041342;155 708 918;31;0;2;1;1;1
202400041342;155 708 921;7;0;2;3;1;1
202400041343;155 708 919;10;0;2;4;2;1
202400041343;155 708 922;7;0;2;1;1;1
202400041344;155 708 915;3;0;2;4;2;1
202400041344;155 708 917;7;0;2;1;1;1
202400041345;155 708 916;7;0;2;1;1;2
202400041345;155 708 920;32;0;2;7;1;1
202400041346;155 708 914;7;6;0;2;1;0
202400041347;155 708 909;33;0;2;3;3;1
202400041347;155 708 911;7;0;2;7;1;3
202400041348;155 708 907;7;8;0;1;14;1
202400041349;155 708 906;38;0;0;0;23;1
202400041349;155 708 908;7;0;1;1;2;1
202400041349;155 708 912;7;0;0;0;2;1
202400041350;155 708 910;80;0;2;8;1;3
202400041350;155 708 913;7;0;9;1;15;1
202400041351;155 708 905;7;0;1;1;19;1
202400041352;155 708 902;32;0;2;1;3;1
202400041352;155 708 904;7;0;2;4;1;2
202400041353;155 708 903;17;9;9;0;0;1
202400041354;155 708 901;7;2;0;9;1;1
202400041355;155 708 900;30;0;0;0;1;1
202400041356;155 708 899;33;0;0;0;1;1
202400041357;155 708 896;7;13;0;1;1;1
202400041358;155 708 898;33;0;0;2;21;1
202400041359;155 708 892;7;0;2;1;1;1
202400041359;155 708 897;33;0;2;1;13;0
202400041360;155 708 891;7;0;2;6;1;1
202400041360;155 708 894;7;0;2;3;1;1
202400041360;155 708 895;7;0;2;2;14;1
202400041361;155 708 887;7;0;2;1;19;1
202400041361;155 708 890;38;0;2;2;1;1
202400041362;155 708 885;7;0;1;3;19;1
202400041363;155 708 883;7;0;2;6;1;1
202400041363;155 708 888;7;0;2;6;1;2
202400041363;155 708 893;33;0;2;2;21;1
202400041364;155 708 886;2;0;2;1;1;1
202400041364;155 708 889;7;0;2;4;18;0
202400041365;155 708 882;10;0;2;4;2;1
202400041365;155 708 884;7;0;2;1;2;1
202400041366;155 708 880;7;3;0;7;17;1
202400041367;155 708 878;7;0;2;1;1;1
202400041367;155 708 881;7;0;2;1;1;1
202400041368;155 708 876;7;0;2;3;21;1
202400041368;155 708 879;7;0;2;6;1;1
202400041369;155 708 875;60;0;2;1;25;5
202400041369;155 708 877;10;0;9;2;16;3
202400041370;155 708 873;7;0;1;4;26;1
202400041371;155 708 872;7;0;2;3;1;1
202400041371;155 708 874;7;0;2;1;19;1
202400041372;155 708 871;7;4;0;1;0;1
202400041373;155 708 869;7;13;0;3;13;1
202400041374;155 708 868;31;0;2;1;1;3
202400041374;155 708 870;2;0;2;4;1;3
202400041375;155 708 866;33;0;2;1;1;1
202400041375;155 708 867;33;0;0;4;2;1
202400041376;155 708 863;7;0;0;6;23;1
202400041376;155 708 865;2;0;2;1;2;3
202400041377;155 708 862;7;0;2;1;5;2
202400041377;155 708 864;7;0;2;1;1;1
202400041378;155 708 860;31;0;1;8;23;1
202400041379;155 708 859;7;0;1;2;1;1
202400041380;155 708 856;7;0;2;2;2;1
202400041380;155 708 858;7;0;0;6;2;1
202400041381;155 708 857;33;0;2;3;1;1
202400041381;155 708 861;7;0;2;3;15;1
202400041382;155 708 854;7;0;1;3;16;1
202400041383;155 708 851;17;0;2;1;1;1
202400041383;155 708 852;10;0;2;1;13;1
202400041384;155 708 849;7;2;0;1;1;1
202400041385;155 708 848;2;0;2;3;1;1
202400041385;155 708 850;21;0;2;3;1;1
202400041386;155 708 847;50;0;1;0;2;3
202400041387;155 708 846;33;0;6;0;21;1
202400041388;155 708 845;7;0;1;1;15;1
202400041389;155 708 843;7;0;2;1;13;1
202400041389;155 708 844;10;0;2;1;1;1
202400041390;155 708 840;7;15;0;1;17;1
202400041391;155 708 838;7;0;1;2;0;2
202400041392;155 708 837;7;0;2;1;1;1
202400041392;155 708 842;7;0;2;3;15;1
202400041393;155 708 839;7;0;2;1;0;0
202400041393;155 708 841;7;0;2;3;0;1
202400041394;155 708 835;2;0;0;1;13;1
202400041395;155 708 834;7;0;2;8;1;1
202400041395;155 708 836;33;0;2;1;1;1
202400041396;155 708 833;32;15;0;1;26;0
202400041397;155 708 830;2;6;9;0;1;1
202400041397;155 708 831;10;0;2;0;19;1
202400041398;155 708 829;7;6;0;2;1;1
202400041399;155 708 828;1;0;0;9;1;5
202400041400;155 708 825;10;0;1;2;21;1
202400041401;155 708 823;7;8;0;2;1;1
202400041402;155 708 824;10;0;0;0;16;1
202400041402;155 708 826;2;0;0;0;1;1
202400041403;155 708 822;7;0;1;3;15;3
202400041404;155 708 827;2;0;2;1;2;1
202400041404;155 708 832;10;0;0;4;1;1
202400041405;155 708 819;7;0;0;2;13;1
202400041405;155 708 820;7;0;2;8;1;1
202400041406;155 708 818;7;12;0;2;14;1
202400041407;155 708 816;2;0;2;1;1;1
202400041407;155 708 817;10;0;0;4;1;1
202400041408;155 708 813;31;13;2;1;1;1
202400041408;155 708 815;7;0;2;2;15;1
202400041409;155 708 810;33;9;2;1;1;1
202400041409;155 708 812;1;9;2;3;19;5
202400041410;155 708 808;33;0;0;1;19;1
202400041411;155 708 809;1;0;2;1;26;5
202400041411;155 708 811;10;0;9;2;15;1
202400041412;155 708 806;7;0;2;5;2;1
202400041412;155 708 807;33;0;2;1;3;1
202400041413;155 708 801;7;0;2;1;1;1
202400041413;155 708 804;7;0;2;1;1;1
202400041414;155 708 800;7;0;1;1;16;1
202400041415;155 708 803;10;0;2;3;15;1
202400041415;155 708 814;33;0;2;1;1;1
202400041416;155 708 798;7;0;1;1;16;1
202400041417;155 708 797;50;0;1;7;25;3
202400041418;155 708 796;7;0;2;1;13;1
202400041418;155 708 799;10;0;2;1;1;1
202400041419;155 708 795;10;0;1;1;1;1
202400041420;155 708 791;30;0;2;7;23;1
202400041420;155 708 793;31;0;2;0;23;1
202400041421;155 708 790;7;0;2;1;0;1
202400041421;155 708 792;7;0;2;0;0;0
202400041421;155 708 794;7;0;2;0;0;1
202400041422;155 708 788;7;2;0;3;1;1
202400041423;155 708 787;80;0;0;9;1;3
202400041424;155 708 782;7;0;0;3;1;1
202400041424;155 708 785;33;0;2;8;17;1
202400041425;155 708 780;7;1;2;3;1;0
202400041425;155 708 781;7;0;0;4;0;0
202400041425;155 708 786;7;1;2;2;21;0
202400041426;155 708 779;7;0;2;1;11;1
202400041426;155 708 783;33;0;2;1;1;1
202400041427;155 708 776;7;0;2;3;1;1
202400041427;155 708 778;7;0;2;2;9;1
202400041428;155 708 774;7;1;0;3;1;1
202400041429;155 708 773;10;0;2;4;26;1
202400041429;155 708 775;32;0;2;7;26;3
202400041430;155 708 777;7;0;2;1;13;1
202400041430;155 708 784;32;0;2;1;1;1
202400041430;155 708 789;33;0;2;1;1;1
202400041431;155 708 771;2;0;2;1;1;1
202400041431;155 708 772;10;0;2;8;1;1
202400041432;155 708 770;7;2;0;1;1;1
202400041433;155 708 767;7;12;2;1;6;1
202400041433;155 708 768;33;0;2;8;1;1
202400041434;155 708 766;7;0;1;3;1;1
202400041435;155 708 762;10;0;2;3;1;1
202400041435;155 708 765;2;0;2;1;0;1
202400041436;155 708 761;7;0;1;7;1;1
202400041437;155 708 760;7;0;2;3;1;1
202400041437;155 708 763;31;0;2;1;1;1
202400041438;155 708 757;7;0;2;3;0;1
202400041438;155 708 759;7;0;2;2;1;1
202400041439;155 708 764;32;0;2;2;26;1
202400041439;155 708 769;7;0;2;3;20;1
202400041440;155 708 753;10;0;2;2;2;1
202400041440;155 708 755;7;0;2;4;2;1
202400041440;155 708 758;7;0;2;1;2;1
202400041441;155 708 754;7;0;2;7;2;1
202400041441;155 708 756;1;0;2;8;2;5
202400041442;155 708 752;1;0;0;1;1;5
202400041443;155 708 750;31;14;0;3;1;1
202400041443;155 708 751;7;0;0;3;10;0
202400041444;155 708 746;7;0;0;8;1;1
202400041444;155 708 748;1;0;2;1;13;5
202400041445;155 708 744;7;0;0;5;1;1
202400041445;155 708 747;30;0;2;1;2;1
202400041446;155 708 743;99;0;2;4;1;1
202400041446;155 708 749;10;0;2;1;2;1
202400041447;155 708 742;7;0;0;0;0;2
202400041447;155 708 745;7;0;0;2;1;1
202400041448;155 708 739;7;0;0;3;1;1
202400041448;155 708 741;33;8;2;2;2;1
202400041449;155 708 736;7;0;2;3;15;1
202400041449;155 708 740;31;0;2;8;1;1
202400041450;155 708 733;10;0;2;4;23;1
202400041450;155 708 734;10;0;0;4;23;1
202400041450;155 708 737;7;0;2;1;1;1
202400041451;155 708 729;10;0;2;5;17;1
202400041451;155 708 731;80;0;2;5;1;3
202400041452;155 708 728;10;1;1;2;15;1
202400041453;155 708 730;7;0;2;4;15;1
202400041453;155 708 732;1;0;2;1;2;5
202400041454;155 708 721;33;0;2;1;17;1
202400041454;155 708 725;7;0;2;8;0;0
202400041455;155 708 723;7;8;0;9;13;2
202400041456;155 708 722;7;0;2;1;2;1
202400041456;155 708 727;7;0;2;4;2;2
202400041457;155 708 720;7;0;1;1;1;1
202400041458;155 708 724;17;0;2;8;1;1
202400041458;155 708 726;1;0;2;8;1;5
202400041459;155 708 718;15;0;0;7;21;1
202400041460;155 708 713;7;0;0;0;1;1
202400041460;155 708 717;7;0;2;1;0;1
202400041461;155 708 714;7;0;2;5;9;1
202400041461;155 708 719;80;0;2;3;9;3
202400041462;155 708 711;33;0;2;1;3;1
202400041462;155 708 715;7;0;2;5;12;2
202400041463;155 708 710;2;9;0;1;1;1
202400041464;155 708 707;32;0;2;3;18;1
202400041464;155 708 709;7;0;2;1;15;1
202400041465;155 708 701;33;0;2;1;1;1
202400041465;155 708 705;7;0;2;8;15;1
202400041466;155 708 700;7;4;2;4;2;1
202400041466;155 708 704;10;4;2;4;2;1
202400041466;155 708 708;10;4;2;1;1;1
202400041467;155 708 703;7;0;2;6;19;1
202400041467;155 708 706;32;0;2;1;1;1
202400041468;155 708 699;7;0;2;2;1;1
202400041468;155 708 702;50;0;2;1;0;3
202400041469;155 708 698;7;4;0;1;1;1
202400041470;155 708 695;7;0;0;7;1;1
202400041470;155 708 697;50;0;2;1;1;3
202400041471;155 708 693;7;0;2;1;1;2
202400041471;155 708 696;60;0;2;7;19;5
202400041472;155 708 694;10;2;0;9;1;1
202400041473;155 708 687;33;0;2;5;0;1
202400041473;155 708 691;7;1;0;1;14;1
202400041473;155 708 692;7;1;0;4;0;1
202400041474;155 708 685;32;0;2;2;17;1
202400041474;155 708 690;7;0;2;3;15;1
202400041475;155 708 688;33;3;0;1;0;1
202400041476;155 708 684;7;0;2;1;1;1
202400041476;155 708 686;7;0;2;4;2;1
202400041476;155 708 689;7;0;2;4;2;1
202400041477;155 708 680;7;0;2;4;1;1
202400041477;155 708 683;10;0;2;1;2;1
202400041478;155 708 681;33;3;0;9;0;1
202400041479;155 708 679;1;0;2;1;16;5
202400041479;155 708 682;7;0;2;3;1;1
202400041480;155 708 677;31;0;2;3;1;1
202400041480;155 708 678;7;0;2;3;1;1
202400041481;155 708 674;10;0;2;8;13;1
202400041481;155 708 676;10;0;2;2;2;1
202400041482;155 708 671;7;0;2;3;1;1
202400041482;155 708 675;7;6;2;2;5;1
202400041483;155 708 672;7;6;0;3;0;1
202400041484;155 708 670;50;0;2;1;5;3
202400041484;155 708 673;7;0;2;2;1;1
202400041485;155 708 668;1;0;1;1;1;5
202400041486;155 708 669;10;0;1;2;1;1
202400041487;155 708 667;7;0;1;1;21;1
202400041488;155 708 663;7;0;2;1;1;1
202400041488;155 708 665;7;0;2;7;15;1
202400041489;155 708 661;7;1;2;3;26;1
202400041489;155 708 664;7;1;2;3;13;1
202400041490;155 708 658;7;0;2;1;15;1
202400041490;155 708 660;33;0;2;1;1;1
202400041491;155 708 654;7;0;2;1;2;1
202400041491;155 708 657;99;0;0;4;2;1
202400041491;155 708 659;7;0;2;1;2;1
202400041491;155 708 662;17;0;2;8;1;1
202400041492;155 708 652;7;0;9;3;15;1
202400041492;155 708 655;2;0;2;1;1;1
202400041493;155 708 651;33;13;0;9;13;1
202400041494;155 708 650;10;0;2;3;13;1
202400041494;155 708 653;7;0;2;8;1;1
202400041494;155 708 656;7;0;2;8;1;1
202400041495;155 708 649;7;0;1;3;1;1
202400041496;155 708 646;33;0;2;1;2;1
202400041496;155 708 648;7;0;2;4;2;1
202400041497;155 708 644;7;2;0;3;13;1
202400041498;155 708 645;21;0;2;1;23;0
202400041498;155 708 647;7;1;0;2;1;1
202400041499;155 708 643;7;0;1;1;1;1
202400041500;155 708 640;10;0;2;3;15;0
202400041500;155 708 641;2;0;2;1;1;1
202400041501;155 708 639;36;0;2;7;1;1
202400041501;155 708 642;7;0;2;3;9;1
202400041502;155 708 637;33;0;2;7;17;1
202400041502;155 708 638;7;0;2;3;17;1
202400041503;155 708 635;7;8;0;2;0;1
202400041504;155 708 634;31;0;0;7;0;1
202400041505;155 708 629;2;13;2;2;2;1
202400041506;155 708 631;7;0;2;2;13;1
202400041506;155 708 633;7;0;2;1;1;1
202400041507;155 708 630;7;0;2;1;5;1
202400041507;155 708 632;2;0;2;1;1;1
202400041508;155 708 627;7;0;2;1;2;1
202400041508;155 708 636;7;0;0;4;1;1
202400041509;155 708 626;2;0;2;7;1;1
202400041509;155 708 628;7;0;2;0;0;1
202400041510;155 708 625;7;15;0;1;0;1
202400041511;155 708 623;7;0;1;2;1;1
202400041512;155 708 622;33;0;0;0;1;1
202400041513;155 708 620;7;0;2;2;13;1
202400041513;155 708 624;33;0;2;1;1;1
202400041514;155 708 617;7;2;0;9;1;1
202400041515;155 708 615;7;6;0;8;1;1
202400041516;155 708 614;7;3;2;1;0;1
202400041516;155 708 618;7;14;2;2;0;1
202400041517;155 708 611;31;0;0;8;1;1
202400041518;155 708 608;7;0;2;1;19;1
202400041518;155 708 613;7;0;2;3;15;1
202400041519;155 708 609;10;0;1;4;10;1
202400041520;155 708 610;7;0;2;1;1;1
202400041520;155 708 616;7;0;2;5;15;1
202400041521;155 708 606;33;0;0;7;1;1
202400041522;155 708 605;2;0;9;0;1;1
202400041523;155 708 601;7;15;0;1;1;1
202400041524;155 708 598;33;3;0;2;1;1
202400041525;155 708 597;50;0;2;0;1;3
202400041525;155 708 602;7;0;2;1;15;1
202400041526;155 708 600;7;2;0;1;5;1
202400041527;155 708 599;7;2;0;0;18;1
202400041528;155 708 594;7;2;0;2;1;1
202400041529;155 708 593;1;0;2;7;19;5
202400041529;155 708 595;10;0;9;3;1;1
202400041530;155 708 591;7;3;2;1;0;1
202400041530;155 708 592;7;3;2;9;0;1
202400041530;155 708 596;7;0;2;7;1;1
202400041531;155 708 590;7;8;0;2;1;1
202400041532;155 708 589;7;2;0;1;1;1
202400041533;155 708 585;31;0;2;1;1;1
202400041533;155 708 586;10;0;2;6;9;1
202400041534;155 708 587;7;2;0;5;2;1
202400041535;155 708 583;33;0;0;0;0;1
202400041536;155 708 581;7;0;0;8;19;1
202400041536;155 708 584;7;0;2;2;1;1
202400041537;155 708 580;7;9;0;9;0;1
202400041538;155 708 579;7;1;0;2;1;1
202400041539;155 708 582;7;0;2;1;15;1
202400041539;155 708 588;1;0;2;8;1;5
202400041540;155 708 575;7;0;2;1;5;1
202400041540;155 708 577;38;0;2;1;1;1
202400041541;155 708 572;7;0;2;3;13;1
202400041541;155 708 576;15;0;2;3;1;1
202400041541;155 708 578;7;0;2;9;1;1
202400041542;155 708 573;33;13;0;1;1;1
202400041543;155 708 574;7;0;1;4;26;1
202400041544;155 708 569;7;13;0;0;1;1
202400041545;155 708 571;7;13;0;0;1;1
202400041546;155 708 567;32;11;2;0;9;1
202400041546;155 708 568;7;0;2;3;1;1
202400041547;155 708 566;2;0;0;0;0;1
202400041548;155 708 563;7;2;0;1;13;1
202400041549;155 708 565;7;0;2;2;15;1
202400041549;155 708 570;7;8;2;1;1;1
202400041550;155 708 559;7;0;5;1;1;1
202400041551;155 708 558;7;0;9;4;23;1
202400041551;155 708 561;33;0;2;0;1;1
202400041552;155 708 560;7;0;0;5;16;0
202400041552;155 708 562;1;0;0;1;1;5
202400041553;155 708 557;7;0;2;7;16;1
202400041553;155 708 564;50;0;2;3;18;3
202400041554;155 708 555;7;3;0;3;13;1
202400041555;155 708 554;10;0;2;7;19;1
202400041555;155 708 556;7;0;2;1;1;1
202400041556;155 708 552;7;9;0;1;13;2
202400041557;155 708 548;7;0;0;0;16;1
202400041558;155 708 547;7;0;0;1;15;1
202400041559;155 708 543;7;1;0;2;1;1
202400041559;155 708 544;14;0;0;6;24;1
202400041560;155 708 542;2;12;0;1;14;1
202400041561;155 708 541;7;6;2;6;1;0
202400041561;155 708 546;7;0;2;2;17;1
202400041562;155 708 545;7;15;0;9;26;1
202400041563;155 708 538;7;0;2;3;1;1
202400041563;155 708 540;7;0;2;1;9;0
202400041564;155 708 537;7;0;2;7;13;1
202400041564;155 708 539;17;0;2;1;1;1
202400041565;155 708 535;7;0;1;2;1;1
202400041566;155 708 534;7;0;2;2;13;2
202400041566;155 708 536;7;0;2;2;1;1
202400041567;155 708 528;14;0;0;2;1;1
202400041567;155 708 532;10;0;0;1;15;1
202400041568;155 708 530;7;1;0;2;14;1
202400041568;155 708 533;7;0;2;4;0;1
202400041569;155 708 525;1;0;2;3;1;5
202400041569;155 708 526;1;0;2;1;1;5
202400041569;155 708 529;21;0;2;3;1;1
202400041570;155 708 527;7;0;1;1;1;1
202400041571;155 708 520;7;0;2;1;1;1
202400041571;155 708 523;7;0;0;8;9;1
202400041572;155 708 521;2;0;0;0;1;1
202400041573;155 708 518;2;0;1;1;1;1
202400041574;155 708 512;33;0;2;1;1;1
202400041574;155 708 515;7;0;2;3;15;1
202400041575;155 708 514;7;0;2;1;2;1
202400041575;155 708 517;7;0;2;4;1;1
202400041575;155 708 519;7;0;2;4;2;1
202400041576;155 708 510;60;0;0;8;19;5
202400041576;155 708 513;7;0;2;1;2;1
202400041577;155 708 509;7;0;2;2;0;1
202400041577;155 708 511;7;0;2;2;0;1
202400041578;155 708 516;30;1;0;3;21;1
202400041578;155 708 522;15;0;2;6;24;0
202400041579;155 708 504;7;13;0;8;1;1
202400041580;155 708 505;7;0;9;8;24;1
202400041580;155 708 508;1;1;2;1;22;5
202400041581;155 708 503;7;0;2;3;1;2
202400041581;155 708 507;7;0;2;3;13;1
202400041582;155 708 506;7;1;0;0;14;1
202400041583;155 708 499;2;0;2;1;2;1
202400041583;155 708 501;7;0;0;5;2;1
202400041584;155 708 497;7;0;2;2;1;1
202400041584;155 708 502;32;0;2;5;1;1
202400041585;155 708 495;7;0;2;3;26;3
202400041585;155 708 498;10;0;2;3;13;1
202400041586;155 708 492;7;0;2;1;1;1
202400041586;155 708 494;7;0;2;1;2;1
202400041587;155 708 493;50;0;2;1;1;3
202400041587;155 708 496;10;0;2;3;19;1
202400041588;155 708 487;7;0;2;1;13;1
202400041588;155 708 490;7;0;2;1;1;1
202400041589;155 708 486;7;0;2;4;13;1
202400041589;155 708 489;33;0;2;1;2;1
202400041590;155 708 488;60;0;2;0;0;5
202400041590;155 708 491;7;0;2;1;1;1
202400041591;155 708 484;30;0;2;1;1;1
202400041591;155 708 485;7;0;2;4;1;1
202400041592;155 708 483;7;13;0;2;2;1
202400041593;155 708 482;30;0;0;0;0;1
202400041594;155 708 477;30;0;2;1;13;1
202400041594;155 708 480;7;0;2;1;1;0
202400041595;155 708 476;0;0;2;8;11;
202400041595;155 708 479;7;0;2;6;1;1
202400041595;155 708 481;33;0;2;7;3;1
202400041596;155 708 474;7;0;2;8;1;1
202400041596;155 708 475;7;0;0;6;1;1
202400041596;155 708 478;2;0;2;2;2;1
202400041597;155 708 473;7;0;1;4;1;1
202400041598;155 708 472;33;6;0;1;1;1
202400041599;155 708 470;33;13;0;2;1;1
202400041600;155 708 468;38;0;2;7;2;1
202400041600;155 708 500;14;0;0;3;2;1
202400041601;155 708 465;7;4;0;2;1;1
202400041602;155 708 466;31;2;0;0;0;1
202400041603;155 708 464;33;4;0;8;1;1
202400041604;155 708 463;33;0;1;0;26;1
202400041605;155 708 458;10;0;2;8;2;1
202400041605;155 708 461;10;0;2;7;0;1
202400041606;155 708 457;7;0;0;7;0;1
202400041606;155 708 460;33;0;0;8;1;1
202400041607;155 708 455;7;4;2;1;1;1
202400041607;155 708 459;7;0;2;1;1;1
202400041608;155 708 452;50;0;2;1;1;3
202400041608;155 708 456;7;0;9;6;20;2
202400041609;155 708 451;7;0;2;1;2;1
202400041609;155 708 454;10;0;2;4;1;3
202400041610;155 708 448;2;0;2;1;1;1
202400041610;155 708 450;7;0;2;3;9;1
202400041611;155 708 447;2;0;2;1;1;1
202400041611;155 708 449;7;0;2;3;1;1
202400041612;155 708 443;7;4;2;4;13;2
202400041612;155 708 446;15;4;2;1;1;1
202400041613;155 708 445;7;0;1;2;1;1
202400041614;155 708 442;7;0;1;1;1;1
202400041615;155 708 436;7;0;0;9;1;1
202400041616;155 708 435;7;0;2;7;0;1
202400041616;155 708 441;7;2;2;1;5;1
202400041617;155 708 437;7;0;2;3;15;1
202400041617;155 708 444;7;0;2;1;1;1
202400041618;155 708 433;7;0;2;1;0;1
202400041618;155 708 438;7;0;2;3;0;1
202400041618;155 708 440;7;0;2;4;1;2
202400041619;155 708 429;2;3;0;1;1;1
202400041620;155 708 427;7;0;2;3;13;1
202400041620;155 708 431;2;0;2;1;1;1
202400041621;155 708 425;33;0;2;1;3;1
202400041621;155 708 428;7;0;2;6;1;1
202400041622;155 708 426;7;0;2;1;13;1
202400041622;155 708 430;10;0;2;3;1;1
202400041623;155 708 423;10;0;2;4;2;0
202400041623;155 708 424;10;0;2;4;2;0
202400041624;155 708 421;33;0;0;8;1;1
202400041625;155 708 417;10;6;2;3;1;1
202400041625;155 708 419;7;0;2;3;1;1
202400041626;155 708 416;43;0;2;4;1;1
202400041626;155 708 422;7;0;2;1;1;1
202400041627;155 708 414;7;0;2;4;2;2
202400041627;155 708 415;7;0;2;4;2;1
202400041627;155 708 418;10;0;2;1;2;1
202400041627;155 708 420;7;0;2;4;2;1
202400041628;155 708 413;7;0;1;1;1;1
202400041629;155 708 411;7;0;1;4;4;0
202400041630;155 708 410;2;0;2;8;15;1
202400041630;155 708 412;7;0;2;7;17;1
202400041631;155 708 406;7;0;2;1;21;1
202400041631;155 708 408;7;0;2;4;2;1
202400041631;155 708 409;7;0;2;4;2;1
202400041632;155 708 405;7;0;1;4;4;1
202400041633;155 708 404;33;1;0;1;0;1
202400041634;155 708 402;2;0;2;3;2;1
202400041634;155 708 407;2;0;2;7;17;1
202400041635;155 708 400;7;0;0;4;23;1
202400041635;155 708 401;7;0;0;4;23;1
202400041635;155 708 403;10;0;2;1;23;1
202400041636;155 708 399;32;0;1;2;2;0
202400041637;155 708 395;7;13;0;3;1;1
202400041638;155 708 396;33;0;0;1;1;1
202400041639;155 708 394;7;0;2;3;1;1
202400041639;155 708 397;33;0;2;3;17;1
202400041640;155 708 393;10;0;1;4;23;1
202400041640;155 708 398;10;0;2;1;1;1
202400041641;155 708 391;7;0;1;3;15;1
202400041642;155 708 388;7;1;0;2;0;2
202400041643;155 708 385;33;0;1;1;0;1
202400041644;155 708 387;7;2;0;1;2;1
202400041645;155 708 383;31;0;2;2;17;1
202400041645;155 708 384;7;0;0;8;15;2
202400041646;155 708 382;33;0;0;8;1;1
202400041647;155 708 380;7;0;2;1;1;1
202400041647;155 708 386;10;0;2;8;9;1
202400041648;155 708 376;1;0;2;2;2;5
202400041648;155 708 379;7;0;2;3;0;1
202400041649;155 708 378;7;0;2;0;10;1
202400041649;155 708 381;50;0;2;0;1;3
202400041650;155 708 374;7;0;2;1;14;1
202400041650;155 708 377;10;0;2;4;1;1