Num_Acc;id_vehicule;categorie_vehicule;obstacle_fixe;obstacle_mobile;point_choc_initial;manoeuvre_principale;motorisation
202400042002;155 707 764;50;0;2;4;11;3
202400042003;155 707 762;7;0;2;5;9;1
202400042003;155 707 768;50;0;2;1;1;3
202400042004;155 707 759;7;9;0;1;13;0
202400042005;155 707 755;7;0;1;2;1;1
202400042006;155 707 754;7;0;2;4;1;1
202400042006;155 707 756;7;0;2;1;1;2
202400042006;155 707 757;7;0;2;4;1;2
202400042006;155 707 758;7;0;2;4;1;1
202400042007;155 707 760;10;0;9;5;15;1
202400042007;155 707 761;1;0;2;1;1;5
202400042008;155 707 750;7;0;2;1;26;1
202400042008;155 707 752;33;0;2;1;17;1
202400042009;155 707 749;7;6;2;7;1;1
202400042009;155 707 753;7;0;2;3;1;1
202400042010;155 707 747;50;0;2;8;1;3
202400042010;155 707 751;10;0;2;1;19;1
202400042011;155 707 745;7;0;2;4;1;1
202400042011;155 707 746;7;0;2;1;1;1
202400042011;155 707 748;7;0;2;1;16;1
202400042012;155 707 743;7;0;2;1;1;1
202400042012;155 707 744;7;0;2;6;15;1
202400042013;155 707 741;7;0;1;1;1;1
202400042014;155 707 742;10;0;1;7;17;1
202400042015;155 707 739;7;0;2;6;1;1
202400042015;155 707 740;30;0;2;1;1;1
202400042016;155 707 735;7;0;2;4;23;3
202400042016;155 707 738;37;1;0;1;1;1
202400042017;155 707 734;7;0;2;3;13;1
202400042017;155 707 736;10;0;2;2;11;1
202400042018;155 707 731;31;0;2;1;1;1
202400042018;155 707 733;10;0;2;1;15;1
202400042019;155 707 730;17;0;2;3;1;1
202400042019;155 707 732;7;0;2;3;17;1
202400042019;155 707 737;10;0;2;3;1;1
202400042020;155 707 729;7;13;0;1;14;1
202400042021;155 707 725;7;0;1;3;14;1
202400042022;155 707 726;1;0;2;5;2;5
202400042022;155 707 728;7;0;2;4;1;1
202400042023;155 707 722;7;0;2;4;2;2
202400042023;155 707 724;33;0;2;1;2;1
202400042023;155 707 727;10;0;2;3;13;0
202400042024;155 707 719;7;0;2;1;1;1
202400042024;155 707 721;7;9;2;1;0;1
202400042025;155 707 717;7;0;2;1;1;1
202400042025;155 707 718;1;0;2;7;19;5
202400042026;155 707 714;1;14;2;1;1;5
202400042026;155 707 716;37;0;9;4;23;1
202400042027;155 707 715;40;0;1;8;1;3
202400042028;155 707 712;7;1;2;2;14;1
202400042029;155 707 711;14;0;2;3;15;1
202400042029;155 707 713;33;0;2;1;1;1
202400042030;155 707 707;50;0;2;0;0;3
202400042030;155 707 709;10;0;9;7;26;3
202400042031;155 707 706;7;0;2;1;0;1
202400042031;155 707 708;7;0;2;1;13;1
202400042032;155 707 705;1;0;2;3;12;5
202400042032;155 707 710;99;0;2;3;1;5
202400042033;155 707 703;7;0;2;6;1;1
202400042033;155 707 704;7;0;2;1;1;1
202400042034;155 707 701;7;0;2;6;9;1
202400042034;155 707 702;33;0;2;1;1;1
202400042035;155 707 700;1;1;0;1;26;5
202400042036;155 707 696;7;0;1;1;16;1
202400042037;155 707 697;7;0;2;1;1;1
202400042037;155 707 698;7;0;2;4;9;1
202400042038;155 707 695;7;0;2;6;22;2
202400042038;155 707 699;80;1;0;1;1;3
202400042039;155 707 691;7;6;2;3;1;1
202400042039;155 707 693;7;15;2;7;16;2
202400042040;155 707 689;7;0;2;1;23;1
202400042040;155 707 692;7;0;2;1;1;1
202400042040;155 707 694;7;0;2;3;23;1
202400042041;155 707 688;30;0;2;7;19;1
202400042041;155 707 690;7;0;2;3;1;1
202400042042;155 707 685;10;0;2;2;1;1
202400042042;155 707 687;33;0;2;1;9;1
202400042043;155 707 684;7;0;2;3;1;0
202400042043;155 707 686;7;0;2;3;19;0
202400042044;155 707 682;32;0;2;1;12;1
202400042044;155 707 683;30;0;2;7;12;1
202400042045;155 707 679;7;0;9;4;1;1
202400042045;155 707 681;99;0;2;1;2;1
202400042046;155 707 678;7;0;2;2;16;2
202400042046;155 707 680;1;0;2;3;2;5
202400042047;155 707 676;33;0;2;7;15;1
202400042047;155 707 677;31;0;2;1;1;1
202400042048;155 707 675;7;0;1;1;9;0
202400042049;155 707 672;7;0;2;1;1;1
202400042049;155 707 674;7;0;1;5;15;1
202400042050;155 707 673;99;0;1;1;1;0
202400042051;155 707 671;7;0;2;2;1;1
202400042052;155 707 667;50;0;4;1;1;3
202400042052;155 707 670;40;0;2;3;1;3
202400042053;155 707 666;7;0;2;2;1;1
202400042053;155 707 669;1;0;2;1;16;5
202400042054;155 707 664;1;0;2;8;9;5
202400042054;155 707 665;33;0;2;1;19;1
202400042055;155 707 662;1;0;2;6;1;5
202400042055;155 707 668;7;0;2;3;2;0
202400042056;155 707 661;7;2;0;2;19;1
202400042057;155 707 659;33;8;0;1;14;1
202400042058;155 707 658;1;12;0;1;1;5
202400042059;155 707 660;10;0;2;2;1;1
202400042059;155 707 663;3;0;2;2;15;1
202400042060;155 707 654;7;0;2;4;2;1
202400042060;155 707 655;7;0;2;4;2;3
202400042060;155 707 656;7;0;2;4;2;1
202400042060;155 707 657;10;0;2;1;2;1
202400042061;155 707 651;32;0;2;7;0;1
202400042061;155 707 652;33;0;2;3;13;1
202400042062;155 707 653;1;0;1;1;1;5
202400042063;155 707 647;33;0;2;1;3;1
202400042063;155 707 648;7;0;2;8;11;1
202400042063;155 707 649;7;0;2;4;1;2
202400042064;155 707 650;7;8;0;1;13;1
202400042065;155 707 643;7;0;2;3;11;1
202400042065;155 707 645;43;0;2;7;1;1
202400042066;155 707 640;33;0;2;1;2;1
202400042066;155 707 642;7;0;2;4;2;1
202400042067;155 707 638;33;0;0;7;2;1
202400042068;155 707 644;1;0;2;1;2;5
202400042068;155 707 646;1;0;2;1;1;5
202400042069;155 707 637;7;0;2;1;0;1
202400042069;155 707 639;7;0;2;1;0;1
202400042069;155 707 641;7;0;2;1;13;1
202400042070;155 707 635;2;0;0;7;1;1
202400042071;155 707 634;50;0;9;0;0;3
202400042071;155 707 636;50;0;9;0;0;3
202400042072;155 707 632;33;6;0;1;1;1
202400042073;155 707 631;7;0;1;7;2;1
202400042074;155 707 630;30;0;2;1;2;1
202400042074;155 707 633;7;0;2;3;10;2
202400042075;155 707 623;1;0;2;0;1;5
202400042075;155 707 626;7;0;2;4;1;1
202400042075;155 707 629;33;0;2;1;5;1
202400042076;155 707 619;2;0;2;8;18;3
202400042076;155 707 620;32;0;2;7;14;0
202400042077;155 707 622;10;0;2;1;15;1
202400042077;155 707 625;7;0;2;5;1;2
202400042078;155 707 618;7;8;0;3;26;1
202400042079;155 707 615;7;0;2;1;1;1
202400042079;155 707 616;1;0;2;7;19;5
202400042080;155 707 614;1;1;0;1;23;5
202400042081;155 707 612;1;0;2;1;1;5
202400042081;155 707 613;7;0;2;0;0;0
202400042082;155 707 610;32;0;2;1;17;1
202400042082;155 707 611;36;0;2;3;11;1
202400042083;155 707 608;7;0;1;1;1;2
202400042084;155 707 606;14;15;0;4;20;1
202400042085;155 707 607;43;0;2;3;18;1
202400042085;155 707 609;14;0;2;5;15;1
202400042086;155 707 604;30;0;2;1;1;1
202400042086;155 707 605;7;0;2;5;15;1
202400042087;155 707 603;10;0;1;3;15;1
202400042088;155 707 600;7;0;2;3;1;2
202400042088;155 707 602;1;0;2;1;1;5
202400042089;155 707 596;7;0;1;2;1;2
202400042090;155 707 597;7;0;2;4;2;1
202400042090;155 707 599;7;0;2;4;2;1
202400042090;155 707 601;7;0;2;1;2;1
202400042091;155 707 598;7;6;0;1;0;1
202400042092;155 707 595;1;15;0;1;2;5
202400042093;155 707 593;7;0;1;1;15;1
202400042094;155 707 592;7;1;0;3;13;1
202400042095;155 707 590;7;0;1;1;1;1
202400042096;155 707 591;7;0;2;2;2;2
202400042096;155 707 594;7;0;2;3;9;1
202400042097;155 707 589;7;0;1;3;26;1
202400042098;155 707 588;30;0;1;1;21;1
202400042099;155 707 584;7;0;2;2;12;1
202400042099;155 707 586;33;0;2;3;1;1
202400042100;155 707 581;2;0;2;7;0;1
202400042100;155 707 583;7;0;2;3;0;1
202400042101;155 707 585;32;0;2;2;3;0
202400042101;155 707 587;7;0;2;3;11;0
202400042102;155 707 580;7;0;2;3;1;1
202400042102;155 707 582;7;0;2;2;15;1
202400042103;155 707 579;7;0;1;1;1;1
202400042104;155 707 577;7;0;1;4;26;2
202400042105;155 707 574;30;0;2;7;17;1
202400042105;155 707 575;7;0;2;8;15;1
202400042106;155 707 572;7;0;2;2;14;2
202400042106;155 707 573;7;0;2;6;23;1
202400042107;155 707 576;7;0;2;4;2;1
202400042107;155 707 578;7;0;2;1;0;0
202400042108;155 707 569;33;0;2;1;2;1
202400042108;155 707 571;7;0;2;8;15;1
202400042109;155 707 568;1;0;2;1;0;5
202400042109;155 707 570;7;0;9;1;1;1
202400042110;155 707 567;33;0;1;1;0;1
202400042111;155 707 565;7;0;2;2;2;1
202400042111;155 707 566;2;0;0;5;23;1
202400042112;155 707 563;7;0;1;8;1;0
202400042113;155 707 562;7;0;2;2;15;1
202400042113;155 707 564;1;0;2;1;1;5
202400042114;155 707 559;7;0;1;1;2;1
202400042115;155 707 561;7;0;1;3;15;1
202400042116;155 707 558;7;0;2;3;15;1
202400042116;155 707 560;7;0;2;2;17;1
202400042117;155 707 556;7;0;0;4;10;3
202400042118;155 707 554;33;1;0;1;1;1
202400042118;155 707 557;7;0;2;5;23;1
202400042119;155 707 553;33;0;2;1;1;1
202400042119;155 707 555;7;0;2;6;20;1
202400042120;155 707 551;33;0;2;1;17;1
202400042120;155 707 552;7;0;2;0;15;1
202400042121;155 707 549;7;0;1;5;7;1
202400042122;155 707 547;31;9;0;8;1;1
202400042123;155 707 548;7;0;2;1;17;1
202400042123;155 707 550;7;0;2;1;1;1
202400042124;155 707 546;30;0;0;0;0;6
202400042125;155 707 543;7;0;2;6;15;1
202400042125;155 707 545;7;0;2;2;17;2
202400042126;155 707 544;10;1;2;1;1;1
202400042127;155 707 541;7;4;0;3;1;1
202400042128;155 707 539;50;0;2;0;1;3
202400042128;155 707 542;7;0;9;1;1;2
202400042129;155 707 538;7;0;2;4;4;1
202400042129;155 707 540;33;0;2;8;1;1
202400042130;155 707 536;32;0;2;1;0;1
202400042130;155 707 537;7;0;2;8;15;1
202400042131;155 707 534;14;0;2;1;1;1
202400042131;155 707 535;7;0;2;4;1;2
202400042132;155 707 531;31;0;2;1;1;1
202400042132;155 707 532;7;0;2;2;19;1
202400042133;155 707 527;34;0;2;1;23;1
202400042133;155 707 529;7;0;2;1;13;1
202400042134;155 707 528;7;0;2;4;26;1
202400042134;155 707 530;7;0;2;1;2;1
202400042134;155 707 533;7;0;2;4;0;1
202400042135;155 707 524;7;0;2;2;12;1
202400042135;155 707 526;32;0;2;8;3;1
202400042136;155 707 525;7;0;1;1;15;1
202400042137;155 707 523;7;13;0;2;14;1
202400042138;155 707 520;10;0;2;1;2;1
202400042138;155 707 522;7;0;2;4;2;1
202400042139;155 707 518;50;1;0;0;0;3
202400042139;155 707 521;7;0;2;8;0;2
202400042140;155 707 517;10;0;2;8;1;1
202400042140;155 707 519;7;0;2;8;13;1
202400042141;155 707 515;14;0;2;2;15;1
202400042141;155 707 516;33;0;2;1;1;1
202400042142;155 707 509;33;0;2;1;2;1
202400042142;155 707 511;7;0;0;5;2;1
202400042143;155 707 508;2;0;2;8;1;1
202400042143;155 707 510;7;0;2;3;15;1
202400042144;155 707 507;7;0;2;8;26;1
202400042144;155 707 513;1;0;2;1;26;5
202400042145;155 707 506;7;0;2;1;26;3
202400042145;155 707 512;7;0;2;4;2;2
202400042145;155 707 514;7;0;2;4;2;2
202400042146;155 707 504;7;0;1;8;1;1
202400042147;155 707 502;7;0;2;3;1;1
202400042147;155 707 505;33;0;2;1;5;1
202400042148;155 707 499;7;0;1;3;1;1
202400042149;155 707 501;7;0;1;1;1;1
202400042150;155 707 498;7;0;2;1;11;2
202400042150;155 707 500;10;0;2;8;1;1
202400042150;155 707 503;7;0;2;1;1;2
202400042151;155 707 497;7;0;1;2;1;1
202400042152;155 707 496;7;0;1;3;1;1
202400042153;155 707 493;20;0;1;5;1;1
202400042154;155 707 492;7;0;2;3;15;2
202400042154;155 707 495;32;0;2;1;1;0
202400042155;155 707 491;7;0;2;1;15;2
202400042155;155 707 494;34;0;2;1;1;1
202400042156;155 707 489;1;12;0;0;1;5
202400042157;155 707 486;1;0;2;3;19;5
202400042157;155 707 490;7;0;2;2;1;1
202400042158;155 707 482;10;0;2;8;10;1
202400042158;155 707 483;33;0;2;1;1;1
202400042159;155 707 484;37;0;2;3;13;1
202400042159;155 707 487;10;4;2;2;13;1
202400042160;155 707 480;7;0;2;1;1;2
202400042160;155 707 481;7;12;2;4;5;1
202400042161;155 707 485;7;6;0;0;1;1
202400042161;155 707 488;7;0;2;0;0;1
202400042162;155 707 479;1;0;1;4;2;5
202400042163;155 707 475;7;3;0;0;0;1
202400042164;155 707 473;50;0;2;4;1;3
202400042164;155 707 477;7;0;2;1;1;0
202400042165;155 707 474;7;0;2;1;13;1
202400042165;155 707 476;7;0;2;1;1;1
202400042166;155 707 472;33;8;0;0;1;1
202400042167;155 707 470;7;8;0;8;14;1
202400042168;155 707 467;2;5;0;8;13;1
202400042169;155 707 468;32;0;1;1;19;1
202400042170;155 707 469;7;0;2;1;2;1
202400042170;155 707 471;7;3;2;2;1;1
202400042171;155 707 465;7;0;1;1;1;1
202400042172;155 707 462;7;0;2;3;13;1
202400042172;155 707 464;32;0;2;1;1;1
202400042173;155 707 461;7;2;0;1;1;1
202400042174;155 707 459;7;0;0;9;0;1
202400042175;155 707 458;7;0;2;1;13;1
202400042175;155 707 460;33;0;2;1;1;1
202400042175;155 707 463;34;0;2;1;1;1
202400042175;155 707 466;33;0;2;1;1;1
202400042176;155 707 455;7;0;2;1;1;1
202400042176;155 707 457;32;0;2;8;1;1
202400042177;155 707 452;33;0;2;1;26;1
202400042177;155 707 454;10;0;2;4;2;1
202400042177;155 707 456;7;0;2;4;2;2
202400042178;155 707 450;7;0;2;1;13;1
202400042178;155 707 453;99;0;2;1;1;1
202400042179;155 707 448;37;0;2;1;2;1
202400042179;155 707 451;7;0;2;8;2;1
202400042180;155 707 444;7;0;2;1;1;1
202400042180;155 707 446;2;0;2;1;13;1
202400042181;155 707 445;7;0;2;1;1;1
202400042181;155 707 449;7;0;2;5;1;1
202400042182;155 707 443;7;0;2;1;1;1
202400042182;155 707 447;15;0;2;4;1;0
202400042183;155 707 439;32;0;2;1;1;1
202400042183;155 707 441;32;0;2;4;23;1
202400042183;155 707 442;7;0;2;6;23;1
202400042184;155 707 437;2;0;2;1;13;1
202400042184;155 707 440;7;0;2;3;1;1
202400042185;155 707 435;21;0;0;0;26;1
202400042185;155 707 438;21;13;0;0;26;1
202400042186;155 707 434;10;0;2;8;3;1
202400042186;155 707 436;33;0;2;7;17;1
202400042187;155 707 432;7;13;0;8;1;1
202400042188;155 707 431;10;0;0;0;1;1
202400042188;155 707 433;50;0;2;0;19;3
202400042189;155 707 428;7;0;2;6;0;1
202400042189;155 707 430;7;0;2;2;1;1
202400042190;155 707 429;7;1;0;1;1;1
202400042191;155 707 427;1;0;0;0;1;5
202400042192;155 707 425;7;0;2;8;20;1
202400042192;155 707 426;1;0;2;1;1;5
202400042193;155 707 424;7;4;0;1;0;1
202400042194;155 707 422;7;13;0;2;0;1
202400042195;155 707 418;7;0;0;0;0;1
202400042195;155 707 420;33;0;0;0;0;1
202400042196;155 707 417;7;0;2;6;1;1
202400042196;155 707 419;7;0;2;3;17;1
202400042196;155 707 421;7;0;2;3;1;1
202400042196;155 707 423;7;0;2;1;2;1
202400042197;155 707 415;7;0;2;6;0;1
202400042197;155 707 416;7;0;2;1;0;1
202400042198;155 707 414;7;1;1;2;2;2
202400042199;155 707 413;7;1;0;1;20;2
202400042200;155 707 410;7;13;0;1;14;1
202400042201;155 707 408;32;0;2;3;18;1
202400042201;155 707 411;7;0;2;2;1;1
202400042202;155 707 409;7;0;2;3;13;1
202400042202;155 707 412;7;0;2;7;1;2
202400042203;155 707 407;7;2;0;1;1;1
202400042204;155 707 405;1;0;2;1;1;5
202400042204;155 707 406;7;0;9;5;15;1
202400042205;155 707 404;30;0;1;1;1;1
202400042206;155 707 403;7;4;0;3;17;1
202400042207;155 707 400;7;0;0;9;13;1
202400042208;155 707 399;33;0;2;7;2;1
202400042208;155 707 402;7;0;2;8;0;1
202400042209;155 707 398;33;0;2;7;1;0
202400042209;155 707 401;33;0;0;8;26;1
202400042210;155 707 395;1;0;0;0;1;5
202400042211;155 707 397;7;13;0;1;16;1
202400042212;155 707 394;7;0;2;8;1;1
202400042212;155 707 396;7;0;2;5;26;1
202400042213;155 707 393;7;2;0;2;14;1
202400042214;155 707 392;10;6;0;2;1;1
202400042215;155 707 391;7;0;0;0;1;1
202400042216;155 707 390;33;0;0;1;1;1
202400042217;155 707 388;7;9;0;1;13;1
202400042218;155 707 387;31;0;2;3;0;1
202400042218;155 707 389;10;0;2;8;0;1
202400042219;155 707 385;7;0;2;2;0;1
202400042219;155 707 386;7;0;2;6;21;2
202400042220;155 707 382;7;0;2;3;13;1
202400042220;155 707 384;7;5;2;3;1;1
202400042221;155 707 383;10;2;0;1;1;1
202400042222;155 707 380;7;0;2;3;1;1
202400042222;155 707 381;7;0;2;3;13;1
202400042223;155 707 379;7;4;0;3;1;1
202400042224;155 707 378;10;2;6;1;1;1
202400042225;155 707 377;32;12;0;1;1;1
202400042226;155 707 376;7;4;0;3;1;1
202400042227;155 707 372;7;0;2;3;13;1
202400042227;155 707 373;7;0;2;2;0;1
202400042227;155 707 374;7;9;0;2;21;1
202400042228;155 707 371;15;0;2;2;15;1
202400042228;155 707 375;2;0;2;0;1;1
202400042229;155 707 370;7;13;0;2;1;1
202400042230;155 707 367;50;0;2;3;15;3
202400042230;155 707 369;7;0;2;2;17;1
202400042231;155 707 365;7;0;2;5;0;1
202400042231;155 707 366;7;0;2;3;13;1
202400042232;155 707 368;7;5;0;1;1;1
202400042233;155 707 362;7;0;0;4;2;1
202400042233;155 707 364;33;0;2;1;2;1
202400042234;155 707 360;33;0;2;1;3;1
202400042234;155 707 363;7;0;2;6;1;1
202400042235;155 707 359;7;0;2;2;1;1
202400042235;155 707 361;2;0;2;6;1;1
202400042236;155 707 358;7;13;0;3;13;1
202400042237;155 707 357;10;0;9;9;14;1
202400042238;155 707 354;7;2;0;3;1;1
202400042239;155 707 353;33;0;2;1;2;1
202400042239;155 707 356;7;0;2;4;2;1
202400042240;155 707 355;7;13;0;1;1;1
202400042241;155 707 350;7;0;2;8;5;1
202400042241;155 707 352;33;0;2;1;1;1
202400042242;155 707 347;7;0;2;4;2;1
202400042242;155 707 349;7;0;2;1;2;1
202400042242;155 707 351;7;0;2;4;2;2
202400042243;155 707 346;7;13;0;7;14;1
202400042244;155 707 344;7;0;2;3;15;1
202400042244;155 707 348;33;0;2;7;1;1
202400042245;155 707 343;33;0;2;3;3;1
202400042245;155 707 345;7;0;2;2;12;1
202400042246;155 707 342;33;7;0;8;1;1
202400042247;155 707 340;7;0;2;4;2;1
202400042247;155 707 341;10;0;2;1;2;1
202400042248;155 707 335;7;0;2;6;23;1
202400042248;155 707 337;7;0;2;2;12;1
202400042249;155 707 338;10;13;0;3;13;1
202400042250;155 707 336;33;0;2;2;9;1
202400042250;155 707 339;7;0;2;6;9;1
202400042251;155 707 330;7;0;2;1;1;1
202400042251;155 707 334;10;0;2;3;1;1
202400042252;155 707 331;3;0;2;1;13;1
202400042252;155 707 332;7;0;2;1;1;1
202400042253;155 707 326;1;0;2;1;15;5
202400042253;155 707 328;7;0;2;2;17;1
202400042254;155 707 324;7;0;2;4;2;0
202400042254;155 707 327;7;0;2;1;2;1
202400042254;155 707 329;7;0;2;1;2;1
202400042255;155 707 321;7;4;0;1;14;1
202400042256;155 707 323;7;0;2;3;13;1
202400042256;155 707 325;7;0;0;3;1;1
202400042257;155 707 320;7;3;2;0;0;1
202400042257;155 707 322;7;3;2;0;11;1
202400042258;155 707 319;7;0;1;1;9;2
202400042259;155 707 318;7;4;0;3;1;1
202400042260;155 707 314;1;0;0;0;1;5
202400042261;155 707 313;7;0;2;3;2;1
202400042261;155 707 315;7;0;0;5;2;1
202400042262;155 707 316;10;0;2;3;19;1
202400042262;155 707 317;33;0;2;1;1;1
202400042263;155 707 311;1;0;2;1;5;5
202400042263;155 707 312;7;0;2;2;16;1
202400042264;155 707 310;31;13;0;1;1;1
202400042265;155 707 309;7;4;0;2;1;1
202400042266;155 707 306;7;0;2;2;1;1
202400042266;155 707 308;7;0;2;3;9;1
202400042267;155 707 305;33;0;2;1;1;1
202400042267;155 707 307;7;0;2;3;1;1
202400042268;155 707 304;10;2;0;1;14;1
202400042269;155 707 302;7;5;0;1;0;6
202400042270;155 707 300;2;0;2;1;5;1
202400042270;155 707 303;7;0;2;1;1;3
202400042271;155 707 299;2;0;2;1;1;0
202400042271;155 707 301;7;0;2;3;15;1
202400042272;155 707 298;33;2;0;0;1;1
202400042273;155 707 295;7;0;2;3;15;1
202400042273;155 707 297;33;15;0;8;0;1
202400042274;155 707 294;7;0;2;3;13;1
202400042274;155 707 296;7;15;2;3;1;1
202400042275;155 707 292;7;0;2;8;13;1
202400042275;155 707 293;7;0;2;1;1;1
202400042276;155 707 289;7;0;2;1;13;1
202400042276;155 707 291;13;0;2;1;1;1
202400042277;155 707 288;1;0;2;1;1;5
202400042277;155 707 290;7;13;9;3;13;1
202400042278;155 707 285;33;9;0;1;1;1
202400042279;155 707 282;7;6;2;4;1;1
202400042279;155 707 287;7;0;2;1;1;1
202400042280;155 707 284;7;3;2;2;13;1
202400042280;155 707 286;7;0;2;1;1;1
202400042281;155 707 281;31;0;2;0;1;1
202400042281;155 707 283;7;0;2;8;10;1
202400042282;155 707 280;7;2;0;1;1;1
202400042283;155 707 276;7;1;9;6;9;6
202400042283;155 707 279;32;0;9;1;26;6
202400042284;155 707 275;10;13;2;3;13;1
202400042284;155 707 277;1;0;0;0;1;5
202400042285;155 707 274;33;4;0;0;1;1
202400042286;155 707 273;7;0;2;5;15;1
202400042286;155 707 278;7;0;2;3;1;1
202400042287;155 707 271;7;0;2;8;15;1
202400042287;155 707 272;33;0;2;1;17;1
202400042288;155 707 269;50;0;2;0;19;3
202400042289;155 707 268;7;0;2;1;9;1
202400042289;155 707 270;7;0;2;7;1;1
202400042290;155 707 264;7;0;2;3;13;1
202400042290;155 707 266;7;0;2;3;2;3
202400042291;155 707 263;7;0;9;1;9;1
202400042291;155 707 265;99;0;2;7;1;3
202400042292;155 707 262;33;13;0;7;14;1
202400042293;155 707 258;7;13;2;7;0;1
202400042293;155 707 267;7;0;2;8;1;1
202400042294;155 707 257;10;0;2;3;1;1
202400042294;155 707 261;50;0;2;1;1;3
202400042295;155 707 256;2;0;2;1;1;0
202400042295;155 707 260;10;0;2;8;15;1
202400042296;155 707 255;7;0;2;2;1;1
202400042296;155 707 259;1;0;2;3;0;5
202400042297;155 707 254;33;0;0;7;2;1
202400042298;155 707 251;10;0;1;1;15;1
202400042299;155 707 250;1;12;2;1;25;5
202400042299;155 707 252;7;0;2;2;1;1
202400042300;155 707 249;7;2;0;7;2;1
202400042301;155 707 253;33;0;0;0;2;1
202400042302;155 707 248;7;4;0;9;0;1
202400042303;155 707 247;36;15;0;1;0;1
202400042304;155 707 246;7;0;0;9;1;1
202400042305;155 707 243;1;0;2;3;1;5
202400042305;155 707 245;7;0;2;2;15;1
202400042306;155 707 241;7;13;0;0;14;1
202400042307;155 707 239;7;9;0;3;2;1
202400042308;155 707 240;7;0;2;1;1;1
202400042308;155 707 242;7;0;2;4;23;1
202400042309;155 707 238;7;0;2;3;9;1
202400042309;155 707 244;7;0;2;1;2;2
202400042310;155 707 237;33;10;0;2;2;1
202400042311;155 707 235;7;0;1;1;1;1
202400042312;155 707 233;7;0;9;2;19;1
202400042312;155 707 236;2;0;2;1;1;1
202400042313;155 707 231;7;0;2;4;1;1
202400042313;155 707 234;7;0;2;1;1;1
202400042314;155 707 228;7;13;0;7;15;1
202400042315;155 707 229;7;3;2;3;13;1
202400042315;155 707 232;7;0;2;3;1;1
202400042316;155 707 227;1;0;2;5;14;5
202400042316;155 707 230;7;0;2;5;9;1
202400042317;155 707 224;7;2;0;1;0;1
202400042318;155 707 223;7;0;2;0;0;0
202400042318;155 707 226;33;16;2;0;0;1
202400042319;155 707 221;10;0;2;3;1;1
202400042319;155 707 225;10;0;2;5;0;1
202400042320;155 707 222;7;2;0;2;1;1
202400042321;155 707 217;7;9;0;1;0;1
202400042322;155 707 215;7;0;2;1;5;1
202400042322;155 707 219;7;0;2;1;2;1
202400042323;155 707 214;10;0;2;1;21;1
202400042323;155 707 218;3;0;2;1;13;1
202400042323;155 707 220;10;0;2;2;21;1
202400042324;155 707 212;7;0;2;1;13;1
202400042324;155 707 213;7;0;2;6;26;1
202400042324;155 707 216;7;0;2;1;1;1
202400042325;155 707 211;7;0;0;9;1;0
202400042326;155 707 208;7;0;2;4;2;1
202400042326;155 707 210;7;0;2;4;23;1
202400042327;155 707 207;7;15;0;1;14;1
202400042328;155 707 205;7;0;1;3;1;1
202400042329;155 707 209;33;0;0;0;1;1
202400042330;155 707 204;7;0;0;9;0;1
202400042331;155 707 200;10;7;0;1;13;1
202400042332;155 707 201;17;0;0;4;23;1
202400042332;155 707 203;10;1;0;1;1;1
202400042333;155 707 199;50;0;2;1;1;3
202400042333;155 707 202;10;0;2;3;15;1
202400042334;155 707 198;7;0;1;3;2;0
202400042335;155 707 195;7;0;2;2;13;1
202400042335;155 707 197;33;0;2;1;1;1
202400042336;155 707 193;7;0;2;2;1;1
202400042336;155 707 196;7;0;2;3;13;1
202400042337;155 707 190;7;0;2;1;0;1
202400042337;155 707 192;7;0;2;4;0;1
202400042337;155 707 194;34;0;2;4;0;1
202400042338;155 707 189;7;0;2;1;13;1
202400042338;155 707 191;7;0;2;1;21;1
202400042339;155 707 187;33;0;2;7;3;1
202400042339;155 707 188;7;0;2;3;3;1
202400042340;155 707 186;7;14;0;3;13;2
202400042341;155 707 184;7;1;0;1;14;1
202400042342;155 707 183;7;0;2;0;0;1
202400042342;155 707 185;50;0;2;7;19;3
202400042343;155 707 182;7;0;1;3;20;1
202400042344;155 707 181;36;0;0;2;1;1
202400042345;155 707 178;7;2;0;2;14;1
202400042346;155 707 174;7;0;2;3;23;1
202400042346;155 707 175;7;0;2;1;23;1
202400042346;155 707 176;7;0;2;1;1;1
202400042346;155 707 177;7;7;2;8;1;1
202400042347;155 707 179;7;12;2;3;9;1
202400042347;155 707 180;33;12;2;7;16;1
202400042348;155 707 173;7;2;0;9;14;1
202400042349;155 707 170;10;0;2;3;15;1
202400042349;155 707 172;33;0;2;7;17;1
202400042350;155 707 167;1;1;0;1;1;5
202400042350;155 707 168;7;0;0;4;23;1
202400042351;155 707 166;2;1;0;1;14;1
202400042352;155 707 164;7;0;2;3;1;1
202400042352;155 707 169;10;0;2;8;3;1
202400042353;155 707 162;7;8;0;1;14;1
202400042354;155 707 160;7;8;0;9;1;1
202400042355;155 707 159;7;0;2;3;1;1
202400042355;155 707 161;7;0;2;3;13;3
202400042356;155 707 154;7;12;0;3;1;1
202400042357;155 707 157;7;0;2;7;15;1
202400042357;155 707 158;33;0;2;1;1;1
202400042358;155 707 153;33;0;2;1;3;1
202400042358;155 707 156;7;0;2;5;1;2
202400042359;155 707 151;7;3;0;2;16;1
202400042360;155 707 149;7;0;2;3;9;1