Num_Acc;id_vehicule;categorie_vehicule;obstacle_fixe;obstacle_mobile;point_choc_initial;manoeuvre_principale;motorisation
202400042717;155 706 536;7;0;1;3;15;1
202400042718;155 706 532;37;0;2;3;17;1
202400042718;155 706 533;7;0;2;3;0;1
202400042719;155 706 531;7;0;2;2;1;1
202400042719;155 706 534;7;0;2;8;1;1
202400042720;155 706 528;7;0;1;1;1;1
202400042721;155 706 529;0;0;2;0;16;0
202400042721;155 706 530;43;0;2;8;1;1
202400042722;155 706 525;7;0;2;1;15;1
202400042722;155 706 526;30;0;2;2;1;3
202400042723;155 706 524;10;6;0;9;1;1
202400042724;155 706 522;7;0;2;2;0;1
202400042724;155 706 523;7;0;2;5;11;1
202400042725;155 706 521;33;12;0;7;14;1
202400042726;155 706 519;33;0;2;1;1;1
202400042726;155 706 520;7;0;2;3;16;1
202400042727;155 706 517;13;0;2;7;16;1
202400042727;155 706 518;33;0;2;3;18;1
202400042728;155 706 515;34;0;2;3;10;1
202400042728;155 706 516;7;0;2;3;1;1
202400042729;155 706 513;7;0;2;2;15;1
202400042729;155 706 514;33;0;2;1;1;1
202400042730;155 706 511;1;0;2;1;12;5
202400042730;155 706 512;10;0;2;5;20;1
202400042731;155 706 509;7;0;2;1;1;1
202400042731;155 706 510;7;0;2;4;1;3
202400042732;155 706 508;7;8;0;1;14;1
202400042733;155 706 507;37;0;1;5;1;2
202400042734;155 706 505;7;0;2;4;23;1
202400042734;155 706 506;7;0;2;1;2;1
202400042735;155 706 501;7;0;2;1;1;1
202400042735;155 706 502;7;0;2;5;1;1
202400042735;155 706 503;7;0;2;8;1;1
202400042735;155 706 504;7;0;2;8;1;1
202400042736;155 706 499;7;0;2;2;26;1
202400042736;155 706 500;7;0;2;1;1;1
202400042737;155 706 498;30;0;1;2;1;0
202400042738;155 706 496;33;0;2;1;1;1
202400042738;155 706 497;7;0;2;7;15;1
202400042739;155 706 495;7;0;1;1;0;0
202400042740;155 706 493;7;0;2;2;9;1
202400042740;155 706 494;7;8;2;1;1;1
202400042741;155 706 492;3;16;0;2;1;1
202400042742;155 706 491;1;0;0;0;2;5
202400042743;155 706 490;1;15;0;0;0;5
202400042744;155 706 488;7;0;9;3;1;1
202400042744;155 706 489;1;0;2;1;1;5
202400042745;155 706 487;10;0;1;4;4;1
202400042746;155 706 486;7;0;1;2;16;1
202400042747;155 706 484;33;0;0;8;0;1
202400042747;155 706 485;7;0;2;1;15;1
202400042748;155 706 482;7;0;0;4;1;1
202400042748;155 706 483;2;0;2;1;1;1
202400042749;155 706 480;31;0;0;1;2;1
202400042749;155 706 481;7;0;2;7;16;1
202400042750;155 706 479;1;2;0;1;1;5
202400042751;155 706 475;7;0;2;1;1;1
202400042751;155 706 476;36;12;2;3;17;1
202400042751;155 706 477;36;8;2;8;1;1
202400042751;155 706 478;7;0;2;3;11;1
202400042752;155 706 473;7;0;2;3;13;1
202400042752;155 706 474;7;0;2;3;1;1
202400042753;155 706 471;10;0;2;3;1;1
202400042753;155 706 472;7;0;2;3;1;2
202400042754;155 706 470;7;13;6;1;21;3
202400042755;155 706 469;7;2;0;0;1;1
202400042756;155 706 468;7;2;0;1;1;1
202400042757;155 706 467;7;6;0;2;0;2
202400042758;155 706 465;7;0;2;8;15;1
202400042758;155 706 466;30;0;0;1;1;1
202400042759;155 706 464;7;0;1;2;20;1
202400042760;155 706 463;7;1;0;1;1;1
202400042761;155 706 461;7;0;0;6;15;1
202400042761;155 706 462;2;0;0;1;17;1
202400042762;155 706 459;80;0;0;6;1;3
202400042762;155 706 460;7;0;0;7;2;0
202400042763;155 706 457;7;0;2;3;13;1
202400042763;155 706 458;17;0;2;2;1;1
202400042764;155 706 455;33;0;2;3;1;1
202400042764;155 706 456;7;0;2;7;1;1
202400042765;155 706 454;7;0;1;2;1;2
202400042766;155 706 453;33;0;1;2;1;1
202400042767;155 706 452;1;0;1;1;1;5
202400042768;155 706 451;32;0;1;0;1;1
202400042769;155 706 450;7;0;1;1;1;1
202400042770;155 706 449;14;0;1;0;0;0
202400042771;155 706 448;10;0;1;0;1;1
202400042772;155 706 446;10;0;2;6;11;1
202400042772;155 706 447;7;0;2;2;1;1
202400042773;155 706 444;7;0;2;1;1;1
202400042773;155 706 445;10;0;2;1;1;1
202400042774;155 706 442;7;0;2;1;0;2
202400042774;155 706 443;7;0;2;4;0;1
202400042775;155 706 440;30;0;2;1;1;1
202400042775;155 706 441;7;0;2;2;10;0
202400042776;155 706 438;37;12;2;1;2;1
202400042776;155 706 439;37;12;2;4;1;1
202400042777;155 706 437;7;0;1;2;16;1
202400042778;155 706 435;7;0;2;8;1;1
202400042778;155 706 436;13;0;2;1;1;0
202400042779;155 706 433;1;0;2;4;15;5
202400042779;155 706 434;43;0;2;1;1;0
202400042780;155 706 432;34;0;1;1;19;1
202400042781;155 706 430;7;0;2;1;1;1
202400042781;155 706 431;7;0;2;8;15;1
202400042782;155 706 428;1;0;2;7;1;5
202400042782;155 706 429;7;0;9;1;9;1
202400042783;155 706 426;7;0;2;1;1;1
202400042783;155 706 427;7;0;2;2;1;1
202400042784;155 706 425;32;0;1;2;1;1
202400042785;155 706 423;7;0;0;2;20;1
202400042785;155 706 424;2;0;0;0;0;1
202400042786;155 706 421;50;0;2;1;1;3
202400042786;155 706 422;1;0;2;8;26;5
202400042787;155 706 419;1;0;2;8;1;5
202400042787;155 706 420;33;0;2;1;1;1
202400042788;155 706 417;7;0;2;2;1;1
202400042788;155 706 418;32;0;2;6;1;1
202400042789;155 706 414;7;2;2;2;17;1
202400042789;155 706 415;7;13;2;3;1;1
202400042789;155 706 416;7;13;9;0;1;1
202400042790;155 706 413;7;0;1;2;16;1
202400042791;155 706 410;7;0;2;3;1;1
202400042791;155 706 411;7;3;2;3;5;1
202400042791;155 706 412;7;0;2;3;1;1
202400042792;155 706 408;7;0;2;3;1;1
202400042792;155 706 409;7;0;2;3;13;1
202400042793;155 706 406;7;0;2;1;1;1
202400042793;155 706 407;7;0;2;1;13;1
202400042794;155 706 404;7;0;2;3;1;1
202400042794;155 706 405;7;0;2;3;1;1
202400042795;155 706 402;7;0;2;1;13;1
202400042795;155 706 403;15;0;2;1;1;1
202400042796;155 706 400;7;0;2;3;1;1
202400042796;155 706 401;7;0;2;1;17;1
202400042797;155 706 399;10;1;1;2;2;1
202400042798;155 706 398;10;0;1;3;1;1
202400042799;155 706 397;7;13;0;2;0;1
202400042800;155 706 395;7;0;2;1;1;1
202400042800;155 706 396;7;0;2;1;1;1
202400042801;155 706 393;7;0;2;3;1;1
202400042801;155 706 394;10;0;2;3;1;1
202400042802;155 706 391;7;2;0;7;1;1
202400042803;155 706 390;7;0;0;1;1;1
202400042804;155 706 388;7;0;2;3;13;1
202400042804;155 706 389;7;9;2;3;1;1
202400042805;155 706 387;7;13;0;3;1;1
202400042806;155 706 386;15;3;0;7;26;1
202400042807;155 706 384;7;0;2;8;1;1
202400042807;155 706 385;0;0;2;2;14;0
202400042808;155 706 380;15;0;2;4;1;1
202400042808;155 706 381;14;0;2;3;26;1
202400042808;155 706 382;7;0;2;4;1;1
202400042808;155 706 383;15;0;0;2;1;1
202400042809;155 706 379;38;0;0;0;24;6
202400042810;155 706 378;7;0;0;1;0;1
202400042811;155 706 377;7;3;0;1;2;1
202400042812;155 706 376;10;0;1;6;20;0
202400042813;155 706 374;7;0;2;1;17;1
202400042813;155 706 375;7;0;2;1;1;1
202400042814;155 706 373;7;0;1;2;1;1
202400042815;155 706 372;7;0;1;1;1;1
202400042816;155 706 371;7;6;0;2;1;1
202400042817;155 706 368;7;0;2;6;0;1
202400042817;155 706 369;17;0;2;8;19;1
202400042817;155 706 370;7;0;2;3;13;1
202400042818;155 706 366;15;0;0;4;2;1
202400042818;155 706 367;10;0;2;1;2;1
202400042819;155 706 365;7;2;0;1;1;1
202400042820;155 706 364;7;2;0;1;1;1
202400042821;155 706 362;7;0;2;1;19;1
202400042821;155 706 363;2;0;2;8;1;1
202400042822;155 706 361;7;8;0;8;0;1
202400042823;155 706 358;7;0;2;1;2;1
202400042823;155 706 359;7;0;0;4;23;1
202400042823;155 706 360;7;0;2;4;2;1
202400042824;155 706 355;7;0;2;1;1;1
202400042824;155 706 356;7;4;2;4;1;1
202400042824;155 706 357;15;0;2;1;1;1
202400042825;155 706 353;7;3;2;3;2;1
202400042825;155 706 354;15;0;2;5;2;1
202400042826;155 706 351;7;3;0;3;1;1
202400042826;155 706 352;7;0;2;2;13;1
202400042827;155 706 349;7;0;2;4;23;1
202400042827;155 706 350;7;0;2;1;1;2
202400042828;155 706 347;31;0;2;1;2;1
202400042828;155 706 348;7;0;2;4;1;1
202400042829;155 706 346;7;0;1;1;0;1
202400042830;155 706 345;7;12;0;1;1;2
202400042831;155 706 343;7;0;2;2;1;2
202400042831;155 706 344;1;0;2;1;9;5
202400042832;155 706 341;30;0;2;3;1;1
202400042832;155 706 342;7;0;2;5;16;1
202400042833;155 706 339;50;0;2;1;3;3
202400042833;155 706 340;7;0;2;2;15;1
202400042834;155 706 338;7;15;0;3;13;1
202400042835;155 706 337;7;2;0;6;21;1
202400042836;155 706 335;7;0;2;1;1;1
202400042836;155 706 336;7;0;2;1;1;1
202400042837;155 706 333;7;0;2;3;15;1
202400042837;155 706 334;7;0;2;1;1;1
202400042838;155 706 331;37;7;2;1;26;1
202400042838;155 706 332;99;0;2;1;26;0
202400042839;155 706 330;30;0;0;1;1;1
202400042840;155 706 328;7;0;2;3;13;1
202400042840;155 706 329;7;0;2;3;1;1
202400042841;155 706 321;7;0;2;3;11;1
202400042841;155 706 322;2;0;2;1;2;1
202400042842;155 706 320;50;12;0;7;1;3
202400042843;155 706 319;50;0;1;1;1;3
202400042844;155 706 318;7;0;1;2;19;0
202400042845;155 706 317;99;8;0;2;26;1
202400042846;155 706 312;7;0;2;6;23;1
202400042846;155 706 314;10;0;2;1;2;3
202400042846;155 706 316;7;0;2;4;2;2
202400042847;155 706 313;33;0;2;1;1;1
202400042847;155 706 315;1;0;2;8;19;5
202400042848;155 706 310;7;0;1;1;1;1
202400042849;155 706 309;33;0;2;1;3;1
202400042849;155 706 311;7;0;2;5;12;2
202400042850;155 706 308;7;0;0;1;1;1
202400042851;155 706 303;7;0;2;3;1;1
202400042851;155 706 305;30;0;2;1;15;1
202400042851;155 706 306;7;0;2;8;1;1
202400042852;155 706 302;10;0;2;7;12;1
202400042852;155 706 304;7;0;2;8;18;1
202400042853;155 706 300;7;1;0;2;16;1
202400042854;155 706 299;7;0;2;1;1;1
202400042854;155 706 301;7;0;2;3;1;1
202400042855;155 706 296;1;0;2;1;1;5
202400042855;155 706 298;7;0;9;2;24;1
202400042856;155 706 295;7;0;2;3;19;1
202400042856;155 706 297;7;0;2;2;1;1
202400042857;155 706 294;10;0;0;0;1;1
202400042858;155 706 292;7;8;0;9;1;1
202400042859;155 706 293;10;0;1;7;2;0
202400042860;155 706 289;7;0;2;1;1;1
202400042860;155 706 291;7;0;2;1;11;1
202400042861;155 706 290;10;0;1;8;15;1
202400042862;155 706 287;7;0;2;1;15;0
202400042862;155 706 288;1;0;2;8;1;5
202400042863;155 706 286;7;0;1;2;0;2
202400042864;155 706 284;7;0;1;2;1;1
202400042865;155 706 283;7;0;2;2;1;1
202400042865;155 706 285;50;0;2;3;13;3
202400042866;155 706 282;50;0;2;1;0;3
202400042867;155 706 280;30;0;2;7;17;1
202400042867;155 706 281;7;0;2;3;15;2
202400042868;155 706 279;10;0;1;1;1;0
202400042869;155 706 275;7;0;2;1;1;1
202400042869;155 706 278;10;0;2;6;1;1
202400042870;155 706 276;10;0;2;2;16;1
202400042870;155 706 277;33;0;2;3;1;1
202400042871;155 706 273;7;0;2;1;15;1
202400042871;155 706 274;7;0;2;1;1;1
202400042872;155 706 269;7;0;2;1;15;1
202400042872;155 706 271;7;0;2;1;1;1
202400042873;155 706 270;31;0;2;2;15;1
202400042873;155 706 272;13;0;2;0;15;1
202400042874;155 706 268;7;1;0;8;21;1
202400042875;155 706 266;33;0;1;0;13;1
202400042876;155 706 265;7;0;2;2;1;1
202400042876;155 706 267;1;0;2;3;1;5
202400042877;155 706 264;10;3;0;9;6;1
202400042878;155 706 263;7;10;0;3;1;1
202400042879;155 706 260;2;0;2;1;1;1
202400042879;155 706 262;7;0;2;1;15;1
202400042880;155 706 259;7;0;2;2;14;1
202400042880;155 706 261;43;0;2;3;7;1
202400042881;155 706 258;7;11;0;0;14;1
202400042882;155 706 256;7;0;1;2;1;1
202400042883;155 706 253;7;8;0;3;15;1
202400042884;155 706 254;10;0;2;4;1;3
202400042884;155 706 257;7;0;2;1;2;2
202400042885;155 706 252;7;0;9;3;2;1
202400042886;155 706 251;7;0;1;1;1;1
202400042887;155 706 249;1;12;2;1;1;5
202400042887;155 706 250;50;0;2;1;5;3
202400042888;155 706 246;50;0;2;8;19;3
202400042888;155 706 248;7;0;2;1;15;1
202400042889;155 706 245;7;0;2;1;9;1
202400042889;155 706 247;30;0;2;7;0;1
202400042890;155 706 241;1;0;2;1;15;5
202400042890;155 706 244;33;0;2;1;1;1
202400042891;155 706 240;2;0;2;1;1;1
202400042891;155 706 243;7;0;2;2;15;1
202400042892;155 706 239;10;0;2;7;1;1
202400042892;155 706 242;7;0;2;8;18;1
202400042893;155 706 238;7;0;1;3;1;0
202400042894;155 706 236;7;0;2;1;1;1
202400042894;155 706 237;7;0;2;1;19;1
202400042895;155 706 233;7;0;2;1;26;1
202400042895;155 706 235;7;0;2;4;23;1
202400042896;155 706 232;2;0;2;1;1;1
202400042896;155 706 234;7;0;2;6;9;2
202400042897;155 706 230;7;0;1;3;1;1
202400042898;155 706 229;7;0;2;2;15;1
202400042898;155 706 231;32;0;2;1;1;1
202400042899;155 706 227;1;12;0;1;1;5
202400042900;155 706 226;7;0;1;3;17;1
202400042901;155 706 225;50;0;2;2;5;3
202400042901;155 706 228;7;0;9;2;0;1
202400042902;155 706 222;7;0;2;0;0;0
202400042902;155 706 224;80;0;2;0;1;3
202400042903;155 706 218;7;0;2;1;2;1
202400042903;155 706 220;7;0;2;4;2;1
202400042904;155 706 219;7;0;2;3;9;1
202400042904;155 706 221;33;0;2;1;3;1
202400042905;155 706 216;7;0;2;1;1;1
202400042905;155 706 217;7;0;2;6;1;1
202400042905;155 706 223;7;0;2;7;1;1
202400042906;155 706 215;50;12;0;1;19;3
202400042907;155 706 211;1;12;0;1;1;5
202400042908;155 706 212;7;0;2;2;11;1
202400042908;155 706 214;7;0;2;3;1;1
202400042909;155 706 210;7;0;2;3;1;1
202400042909;155 706 213;7;16;0;1;19;1
202400042910;155 706 209;7;0;1;2;1;1
202400042911;155 706 208;50;0;1;1;1;3
202400042912;155 706 207;7;0;1;3;1;1
202400042913;155 706 204;7;0;2;3;15;1
202400042913;155 706 206;30;0;2;1;1;1
202400042914;155 706 202;32;0;2;3;1;1
202400042914;155 706 205;7;0;2;7;20;1
202400042915;155 706 201;7;0;2;0;15;1
202400042915;155 706 203;34;0;2;1;1;1
202400042916;155 706 200;50;12;0;1;1;3
202400042917;155 706 197;7;0;2;7;12;3
202400042917;155 706 199;32;2;2;3;1;1
202400042918;155 706 195;33;0;2;1;1;1
202400042918;155 706 196;33;0;2;8;15;1
202400042919;155 706 194;7;0;1;0;0;1
202400042920;155 706 190;33;0;2;1;18;1
202400042920;155 706 192;7;0;2;7;14;1
202400042921;155 706 189;1;0;2;1;1;5
202400042921;155 706 193;7;0;2;5;23;2
202400042922;155 706 188;50;0;2;7;1;3
202400042922;155 706 191;10;0;2;1;16;1
202400042923;155 706 187;33;0;1;1;1;1
202400042924;155 706 185;1;0;1;1;1;5
202400042925;155 706 182;10;0;2;4;23;1
202400042925;155 706 184;15;0;2;4;23;1
202400042925;155 706 186;10;0;2;0;0;1
202400042926;155 706 181;7;0;2;3;20;1
202400042926;155 706 183;33;0;2;2;17;1
202400042927;155 706 180;7;0;1;1;1;1
202400042928;155 706 176;7;0;2;7;16;1
202400042928;155 706 178;50;0;2;1;1;3
202400042929;155 706 175;7;0;2;3;26;1
202400042929;155 706 179;30;0;2;8;1;1
202400042930;155 706 174;31;0;2;1;1;1
202400042930;155 706 177;7;0;2;3;15;1
202400042931;155 706 172;10;8;0;3;1;1
202400042932;155 706 171;10;0;1;1;1;1
202400042933;155 706 170;7;0;2;1;1;1
202400042933;155 706 173;7;0;2;4;16;1
202400042934;155 706 167;7;0;1;3;16;2
202400042935;155 706 168;31;0;2;3;13;1
202400042935;155 706 169;10;12;2;3;21;1
202400042936;155 706 166;7;0;1;2;14;1
202400042937;155 706 163;50;0;2;9;1;3
202400042937;155 706 165;32;0;2;2;1;1
202400042938;155 706 164;7;6;0;1;1;1
202400042939;155 706 162;13;0;1;2;1;3
202400042940;155 706 159;1;0;2;1;14;5
202400042940;155 706 160;1;0;2;1;1;5
202400042941;155 706 158;7;0;2;3;1;1
202400042941;155 706 161;7;13;2;5;17;1
202400042942;155 706 155;7;0;2;1;15;1
202400042942;155 706 156;2;1;2;8;1;1
202400042943;155 706 154;38;0;1;3;1;1
202400042944;155 706 152;30;0;1;1;1;1
202400042945;155 706 151;7;13;0;1;2;1
202400042946;155 706 153;7;0;2;1;2;1
202400042946;155 706 157;7;1;2;4;20;3
202400042947;155 706 148;7;0;2;2;1;1
202400042947;155 706 150;31;0;2;3;2;1
202400042948;155 706 145;7;0;2;1;1;1
202400042948;155 706 147;7;0;2;1;17;1
202400042948;155 706 149;10;0;2;1;1;1
202400042949;155 706 141;7;0;2;2;14;1
202400042949;155 706 144;7;0;2;6;1;1
202400042950;155 706 143;31;8;0;1;0;1
202400042951;155 706 142;7;0;2;2;17;1
202400042951;155 706 146;50;0;2;8;15;3
202400042952;155 706 140;33;0;0;7;1;1
202400042953;155 706 137;7;0;1;1;1;1
202400042954;155 706 138;7;0;1;1;1;1
202400042955;155 706 139;99;4;0;3;1;1
202400042956;155 706 135;7;0;2;3;1;1
202400042957;155 706 136;10;0;1;4;4;1
202400042958;155 706 133;7;0;2;3;5;1
202400042958;155 706 134;13;0;2;3;1;1
202400042959;155 706 131;7;0;2;3;10;0
202400042959;155 706 132;30;0;2;1;1;0
202400042960;155 706 130;40;0;1;1;1;3
202400042961;155 706 126;7;0;2;1;9;1
202400042961;155 706 129;33;0;2;1;1;1
202400042962;155 706 125;7;0;2;4;1;1
202400042962;155 706 127;10;0;2;1;1;1
202400042963;155 706 123;7;0;0;0;1;1
202400042964;155 706 122;31;0;2;1;1;0
202400042964;155 706 124;7;0;2;2;15;0
202400042965;155 706 119;7;2;0;7;1;0
202400042966;155 706 118;2;0;2;1;17;3
202400042966;155 706 120;7;0;2;3;15;1
202400042967;155 706 117;7;0;2;0;1;1
202400042967;155 706 121;7;1;0;0;0;1
202400042968;155 706 115;7;13;0;2;14;1
202400042969;155 706 114;33;0;2;8;11;1
202400042969;155 706 116;7;0;2;2;12;1
202400042970;155 706 110;37;0;2;2;1;1
202400042970;155 706 111;50;0;2;3;15;3
202400042971;155 706 112;80;13;0;4;25;3
202400042972;155 706 109;2;0;2;7;16;1
202400042972;155 706 113;7;0;2;3;16;1
202400042973;155 706 107;31;0;2;1;17;1
202400042973;155 706 108;7;0;2;8;17;1
202400042974;155 706 103;7;0;2;1;2;1
202400042974;155 706 105;7;0;2;1;2;1
202400042975;155 706 100;7;0;2;2;15;1
202400042975;155 706 101;7;0;2;8;0;1
202400042976;155 706 102;7;0;2;3;1;1
202400042976;155 706 106;2;0;2;2;1;1
202400042977;155 706 104;2;0;0;0;19;1
202400042978;155 706 099;7;0;1;1;21;1
202400042979;155 706 095;7;0;2;3;15;1
202400042979;155 706 096;33;0;2;3;17;1
202400042980;155 706 098;32;0;1;1;1;1
202400042981;155 706 094;7;0;2;5;10;1
202400042981;155 706 097;2;0;2;1;1;1
202400042982;155 706 093;33;6;0;1;1;1
202400042983;155 706 089;7;0;2;1;0;1
202400042983;155 706 092;7;0;2;4;23;1
202400042984;155 706 090;17;2;0;3;13;1
202400042985;155 706 088;15;0;2;6;2;1
202400042985;155 706 091;10;3;2;2;14;1
202400042986;155 706 086;33;0;2;1;1;0
202400042986;155 706 087;10;0;2;2;15;1
202400042987;155 706 084;30;0;1;1;26;1
202400042988;155 706 083;14;6;0;1;1;1
202400042989;155 706 081;7;0;2;5;23;1
202400042989;155 706 082;2;0;2;1;14;1
202400042990;155 706 085;7;13;0;4;1;1
202400042991;155 706 080;43;12;0;1;1;1
202400042992;155 706 077;30;0;2;1;1;1
202400042992;155 706 079;7;0;2;1;1;1
202400042993;155 706 075;7;0;2;2;14;1
202400042993;155 706 076;50;0;2;1;1;3
202400042994;155 706 078;30;0;0;7;2;1
202400042995;155 706 074;7;6;0;3;1;1
202400042996;155 706 072;1;0;2;3;1;5
202400042996;155 706 073;31;0;2;3;1;1
202400042997;155 706 069;50;0;2;1;2;3
202400042997;155 706 070;10;0;2;8;2;1
202400042998;155 706 071;13;0;0;0;15;0
202400042999;155 706 068;7;4;0;2;1;1
202400043000;155 706 064;37;0;2;6;1;1
202400043000;155 706 067;7;0;2;3;1;1
202400043001;155 706 062;10;0;2;1;13;1
202400043001;155 706 065;7;0;2;1;0;1
202400043002;155 706 063;7;0;0;5;19;1
202400043002;155 706 066;2;0;2;1;1;1
202400043003;155 706 060;7;0;0;3;1;1
202400043004;155 706 061;1;0;1;1;1;5
202400043005;155 706 057;7;2;0;1;1;1
202400043006;155 706 058;7;6;2;3;1;1
202400043006;155 706 059;7;0;2;3;13;2
202400043007;155 706 056;7;1;1;3;1;0
202400043008;155 706 054;2;0;1;1;1;3
202400043009;155 706 053;7;0;9;3;15;1
202400043009;155 706 055;2;0;2;2;1;1
202400043010;155 706 051;10;0;2;3;13;1
202400043010;155 706 052;7;0;2;1;1;1
202400043011;155 706 048;21;0;2;3;1;1
202400043011;155 706 050;10;0;2;3;1;1
202400043012;155 706 049;1;0;1;8;1;5
202400043013;155 706 047;7;0;6;1;1;2
202400043014;155 706 046;7;0;1;2;1;1
202400043015;155 706 045;32;12;0;8;15;1
202400043016;155 706 043;21;16;0;9;1;1
202400043017;155 706 042;33;1;0;1;5;1
202400043017;155 706 044;7;0;0;3;26;1
202400043018;155 706 041;7;0;1;7;1;0
202400043019;155 706 037;7;0;2;1;1;1
202400043019;155 706 039;17;0;0;4;1;1
202400043020;155 706 036;7;0;2;3;13;1
202400043020;155 706 038;17;0;2;8;14;1
202400043020;155 706 040;13;0;2;2;13;1
202400043021;155 706 032;80;0;2;2;1;3
202400043021;155 706 034;7;0;9;8;9;1
202400043022;155 706 031;34;0;2;1;17;1
202400043022;155 706 035;7;0;2;2;15;1
202400043023;155 706 024;7;0;9;1;0;1
202400043023;155 706 026;1;0;0;4;1;5
202400043023;155 706 028;1;0;0;4;1;5
202400043023;155 706 029;1;0;0;4;1;5
202400043024;155 706 025;32;0;1;1;21;1
202400043025;155 706 023;7;7;2;1;1;1
202400043025;155 706 027;7;15;2;8;1;1
202400043026;155 706 021;7;0;2;2;2;1
202400043026;155 706 022;10;0;2;6;20;1
202400043027;155 706 018;7;0;2;8;17;1
202400043027;155 706 020;7;7;2;7;17;1
202400043028;155 706 015;2;0;2;1;0;0
202400043028;155 706 017;7;0;2;4;0;0
202400043029;155 706 016;7;3;0;1;1;1
202400043029;155 706 019;7;3;0;1;1;1
202400043030;155 706 014;7;0;1;8;23;1
202400043031;155 706 012;7;0;2;3;13;1
202400043031;155 706 013;7;0;2;9;1;1
202400043032;155 706 010;1;0;0;1;1;5
202400043033;155 706 009;10;0;1;5;26;1
202400043034;155 706 007;7;0;1;7;17;1
202400043035;155 706 008;7;1;0;1;1;1
202400043036;155 706 003;60;0;2;6;19;5
202400043036;155 706 006;0;0;0;0;0;0
202400043037;155 706 004;13;13;0;3;1;1
202400043038;155 706 001;2;0;0;0;1;1
202400043039;155 706 002;7;0;2;1;15;1
202400043039;155 706 005;7;1;1;7;1;1
202400043040;155 705 997;33;0;2;6;15;1
202400043040;155 705 999;33;0;2;1;17;1
202400043041;155 705 996;1;0;2;1;13;5
202400043041;155 705 998;1;0;0;1;1;5
202400043042;155 705 995;7;0;2;2;19;3
202400043042;155 706 000;7;0;2;3;1;1
202400043043;155 705 992;7;0;2;6;9;1
202400043043;155 705 994;7;0;0;2;1;1
202400043044;155 705 990;7;0;2;3;1;1
202400043044;155 705 991;10;0;0;7;15;1
202400043045;155 705 989;10;0;1;5;4;1
202400043046;155 705 984;7;0;2;1;19;1
202400043046;155 705 986;33;0;2;1;0;1
202400043047;155 705 983;7;0;2;3;26;2
202400043047;155 705 987;7;0;2;3;26;1
202400043048;155 705 981;10;0;2;1;13;1
202400043048;155 705 982;10;0;2;1;1;1
202400043049;155 705 985;7;0;2;1;1;1
202400043049;155 705 988;10;0;2;7;9;1
202400043050;155 705 979;7;17;0;1;13;1
202400043051;155 705 978;7;0;2;3;15;1
202400043051;155 705 980;31;0;2;3;1;1
202400043052;155 705 976;7;0;2;1;1;1
202400043052;155 705 977;7;0;2;3;1;1
202400043053;155 705 972;7;0;2;2;17;1
202400043053;155 705 975;1;0;0;4;1;5
202400043054;155 705 971;7;0;2;7;17;0
202400043054;155 705 973;2;0;2;8;1;1
202400043055;155 705 969;7;16;0;2;1;1
202400043056;155 705 968;7;0;0;4;1;1
202400043056;155 705 970;7;0;2;4;1;1
202400043056;155 705 974;7;0;2;1;1;1
202400043057;155 705 967;7;9;0;0;1;1
202400043058;155 705 962;7;0;2;0;23;0
202400043058;155 705 966;7;0;1;3;26;1
202400043059;155 705 964;7;2;0;2;1;1
202400043060;155 705 963;10;0;2;3;1;1
202400043060;155 705 965;7;0;2;1;13;1
202400043061;155 705 960;7;0;2;2;0;1
202400043061;155 705 961;1;0;2;4;1;5
202400043062;155 705 959;7;8;0;1;1;1
202400043063;155 705 956;7;2;0;3;0;1
202400043064;155 705 954;7;13;2;3;13;1
202400043064;155 705 958;14;0;2;3;1;1
202400043065;155 705 955;7;0;2;2;15;1
202400043065;155 705 957;33;0;2;8;1;1
202400043066;155 705 953;10;2;0;1;1;1
202400043067;155 705 952;33;0;0;7;1;1
202400043068;155 705 948;7;0;0;6;1;1
202400043068;155 705 951;1;0;2;1;1;5
202400043069;155 705 949;7;0;2;7;0;1
202400043070;155 705 945;7;0;2;1;2;1
202400043070;155 705 947;7;0;2;4;23;1
202400043071;155 705 946;7;0;2;3;1;1
202400043071;155 705 950;10;0;2;3;1;1
202400043072;155 705 942;1;0;2;8;2;5
202400043072;155 705 944;7;0;9;1;9;1
202400043073;155 705 943;7;0;1;1;1;1
202400043074;155 705 941;10;0;1;1;1;1
202400043075;155 705 937;7;0;2;3;13;1
202400043075;155 705 939;2;0;2;1;1;1
202400043076;155 705 936;7;0;9;1;1;1
202400043076;155 705 938;1;0;2;1;13;5
202400043077;155 705 935;15;0;2;1;1;1
202400043077;155 705 940;7;0;2;1;5;1
202400043078;155 705 932;7;0;2;7;19;2
202400043078;155 705 934;7;0;2;1;1;1
202400043079;155 705 931;7;0;0;3;1;1
202400043079;155 705 933;2;0;2;1;16;1
202400043080;155 705 929;33;0;0;0;1;1
202400043081;155 705 930;3;6;0;1;13;1
202400043082;155 705 928;7;13;0;1;12;1
202400043083;155 705 926;7;13;0;9;14;1
202400043084;155 705 925;33;13;0;1;1;1
202400043085;155 705 923;33;8;0;1;0;1
202400043086;155 705 922;7;8;2;4;19;1
202400043086;155 705 927;7;0;2;8;1;1
202400043087;155 705 921;21;0;1;1;1;0
202400043088;155 705 920;15;0;2;3;1;1