Num_Acc;id_vehicule;categorie_vehicule;obstacle_fixe;obstacle_mobile;point_choc_initial;manoeuvre_principale;motorisation
202400043429;155 705 297;1;0;2;8;1;5
202400043429;155 705 299;7;0;2;2;1;1
202400043430;155 705 293;7;2;0;9;13;1
202400043431;155 705 288;2;0;0;9;1;1
202400043432;155 705 289;7;0;2;4;1;1
202400043432;155 705 291;0;0;2;0;0;0
202400043433;155 705 290;7;0;2;1;1;3
202400043433;155 705 292;3;0;2;1;15;3
202400043433;155 705 295;7;0;2;3;1;1
202400043434;155 705 283;33;0;0;1;1;1
202400043435;155 705 284;10;0;2;1;13;0
202400043435;155 705 286;10;0;2;1;23;0
202400043436;155 705 281;7;0;2;2;15;1
202400043436;155 705 282;31;0;2;3;1;1
202400043437;155 705 278;31;0;0;8;21;1
202400043438;155 705 276;7;0;9;2;2;1
202400043438;155 705 280;1;0;0;4;2;5
202400043439;155 705 275;50;0;2;0;0;3
202400043439;155 705 279;7;0;2;0;16;1
202400043440;155 705 271;21;0;2;3;15;1
202400043440;155 705 274;33;0;2;7;17;1
202400043441;155 705 273;33;0;2;7;15;1
202400043441;155 705 277;7;0;2;1;9;1
202400043442;155 705 272;7;0;1;2;25;1
202400043443;155 705 268;33;0;0;7;1;1
202400043444;155 705 264;7;0;2;1;1;1
202400043444;155 705 269;7;0;2;4;1;1
202400043445;155 705 263;7;0;2;1;0;1
202400043445;155 705 266;99;0;2;3;0;1
202400043446;155 705 262;7;0;2;8;15;2
202400043446;155 705 265;33;0;2;7;2;1
202400043447;155 705 261;1;13;0;0;1;5
202400043448;155 705 257;7;0;1;1;1;1
202400043449;155 705 258;31;0;0;7;14;1
202400043450;155 705 254;14;0;2;8;1;1
202400043450;155 705 255;2;0;2;9;1;1
202400043451;155 705 253;7;0;2;3;10;1
202400043451;155 705 256;2;0;2;1;14;3
202400043452;155 705 251;7;2;0;2;0;1
202400043453;155 705 250;7;0;2;5;1;1
202400043453;155 705 252;32;0;2;8;18;1
202400043454;155 705 247;7;0;2;1;17;1
202400043454;155 705 249;7;0;2;3;1;2
202400043455;155 705 248;7;0;1;1;26;1
202400043456;155 705 246;7;1;0;2;0;1
202400043457;155 705 242;7;0;1;1;1;1
202400043458;155 705 244;7;0;1;2;1;1
202400043459;155 705 241;80;0;2;7;1;3
202400043459;155 705 245;7;0;2;3;15;1
202400043460;155 705 239;32;0;2;1;17;1
202400043460;155 705 243;7;0;2;0;0;0
202400043461;155 705 236;10;0;2;5;1;1
202400043461;155 705 240;2;0;2;1;1;1
202400043462;155 705 235;1;0;0;0;0;5
202400043462;155 705 238;0;0;0;1;15;0
202400043463;155 705 232;2;6;0;8;1;1
202400043463;155 705 237;2;0;0;7;1;1
202400043464;155 705 231;7;0;2;1;2;1
202400043464;155 705 233;31;0;2;4;2;1
202400043465;155 705 225;7;0;2;1;1;1
202400043465;155 705 230;7;0;2;4;1;1
202400043465;155 705 234;7;0;2;4;1;1
202400043466;155 705 224;10;0;2;4;1;1
202400043466;155 705 228;7;0;2;4;1;1
202400043466;155 705 229;7;0;2;9;1;1
202400043467;155 705 223;7;0;2;2;2;1
202400043467;155 705 227;7;0;2;3;15;1
202400043468;155 705 221;7;0;2;3;1;1
202400043468;155 705 226;31;0;2;2;2;1
202400043469;155 705 219;7;9;0;2;1;1
202400043470;155 705 220;7;0;2;8;13;0
202400043470;155 705 222;7;0;2;1;1;1
202400043471;155 705 217;2;0;1;1;0;1
202400043472;155 705 216;7;0;1;1;1;1
202400043473;155 705 214;33;13;0;0;1;1
202400043474;155 705 215;7;0;2;5;1;1
202400043474;155 705 218;31;0;2;1;14;1
202400043475;155 705 209;33;0;2;8;15;1
202400043475;155 705 211;33;0;2;7;17;1
202400043476;155 705 208;7;0;1;3;15;1
202400043477;155 705 206;7;0;2;4;23;0
202400043477;155 705 212;10;0;2;3;2;3
202400043478;155 705 205;7;0;1;3;17;1
202400043479;155 705 202;1;0;2;1;1;5
202400043479;155 705 204;1;0;2;1;1;5
202400043479;155 705 207;1;0;2;1;1;5
202400043479;155 705 210;33;0;2;1;17;1
202400043479;155 705 213;1;0;2;1;1;5
202400043480;155 705 196;7;0;2;5;20;1
202400043480;155 705 199;32;0;2;1;2;1
202400043481;155 705 197;1;0;2;1;5;5
202400043481;155 705 201;33;0;2;1;1;1
202400043482;155 705 189;7;1;0;3;5;1
202400043483;155 705 192;1;0;2;5;16;5
202400043483;155 705 193;7;0;2;1;2;2
202400043484;155 705 188;7;0;2;4;0;1
202400043484;155 705 190;7;0;2;1;26;1
202400043485;155 705 187;7;0;2;1;23;1
202400043485;155 705 191;7;0;2;5;1;1
202400043485;155 705 194;7;7;2;1;1;1
202400043486;155 705 182;2;0;2;2;12;1
202400043486;155 705 185;7;0;2;3;0;1
202400043487;155 705 180;0;0;2;3;1;0
202400043487;155 705 183;0;6;2;3;1;1
202400043488;155 705 181;7;3;0;1;14;1
202400043489;155 705 179;10;0;2;1;2;1
202400043489;155 705 184;7;0;2;1;24;1
202400043489;155 705 186;7;0;0;4;24;1
202400043490;155 705 174;10;0;1;3;15;1
202400043491;155 705 172;33;0;2;3;0;1
202400043491;155 705 175;33;0;2;3;1;1
202400043492;155 705 171;7;0;2;4;2;1
202400043492;155 705 176;7;0;0;0;0;1
202400043492;155 705 178;7;0;2;4;2;1
202400043493;155 705 173;2;0;2;1;1;1
202400043493;155 705 177;7;0;2;3;15;1
202400043494;155 705 169;33;0;2;1;17;1
202400043494;155 705 170;7;0;2;3;15;1
202400043495;155 705 168;30;0;1;1;17;1
202400043496;155 705 167;7;0;1;2;1;1
202400043497;155 705 163;7;8;0;2;1;1
202400043498;155 705 161;7;0;2;1;9;2
202400043498;155 705 164;33;0;2;7;1;1
202400043499;155 705 160;7;0;2;3;15;1
202400043499;155 705 165;2;0;2;7;21;1
202400043500;155 705 162;7;0;0;1;13;1
202400043500;155 705 166;7;0;0;1;1;0
202400043501;155 705 159;33;6;0;1;1;1
202400043502;155 705 156;7;3;2;3;13;2
202400043502;155 705 158;7;0;2;3;1;1
202400043503;155 705 157;34;0;0;8;1;1
202400043504;155 705 154;7;2;0;3;1;1
202400043505;155 705 153;7;13;0;6;2;1
202400043505;155 705 155;7;0;2;2;2;1
202400043506;155 705 150;1;0;9;0;1;5
202400043506;155 705 152;50;0;2;0;1;3
202400043507;155 705 151;7;1;1;2;14;1
202400043508;155 705 148;2;0;2;1;1;1
202400043508;155 705 149;7;0;2;3;19;1
202400043509;155 705 145;2;0;0;0;1;1
202400043510;155 705 144;7;0;2;1;1;1
202400043510;155 705 147;7;0;2;1;5;2
202400043511;155 705 143;10;0;2;7;26;1
202400043511;155 705 146;34;0;2;1;26;1
202400043512;155 705 142;7;4;0;3;21;1
202400043513;155 705 139;33;0;2;8;1;1
202400043513;155 705 140;10;0;2;7;12;1
202400043514;155 705 138;7;0;2;2;15;1
202400043514;155 705 141;32;0;2;1;1;1
202400043515;155 705 137;7;0;0;1;1;1
202400043516;155 705 134;10;0;1;5;4;3
202400043517;155 705 133;7;0;2;2;1;1
202400043517;155 705 136;7;0;2;2;26;2
202400043518;155 705 132;7;0;2;3;8;1
202400043518;155 705 135;1;0;2;1;1;5
202400043519;155 705 128;7;0;1;1;2;1
202400043520;155 705 126;2;0;2;1;1;1
202400043520;155 705 130;7;0;2;2;15;1
202400043521;155 705 129;7;0;2;4;15;1
202400043521;155 705 131;10;0;2;1;2;3
202400043522;155 705 123;7;2;0;2;1;1
202400043523;155 705 117;33;0;2;1;1;1
202400043523;155 705 120;33;0;2;1;1;1
202400043523;155 705 122;7;0;2;3;13;1
202400043524;155 705 116;2;0;0;4;2;1
202400043524;155 705 121;7;3;2;1;2;1
202400043525;155 705 118;37;0;2;3;1;1
202400043525;155 705 124;7;0;2;2;17;1
202400043526;155 705 113;7;2;0;1;1;1
202400043527;155 705 112;7;0;1;3;1;1
202400043528;155 705 110;1;0;2;7;2;5
202400043528;155 705 111;7;0;2;3;15;1
202400043529;155 705 107;7;0;2;8;15;1
202400043529;155 705 109;2;0;0;7;2;1
202400043530;155 705 106;7;0;1;3;1;1
202400043531;155 705 105;33;0;0;3;21;1
202400043532;155 705 104;10;0;1;2;1;1
202400043533;155 705 102;7;0;2;3;0;1
202400043533;155 705 103;7;0;2;3;0;1
202400043534;155 705 101;7;13;0;2;14;1
202400043535;155 705 098;10;0;2;1;1;1
202400043535;155 705 100;7;0;2;4;1;1
202400043536;155 705 097;7;0;2;7;15;1
202400043536;155 705 099;1;0;2;1;1;5
202400043537;155 705 096;7;13;0;1;0;1
202400043538;155 705 095;7;0;1;1;15;1
202400043539;155 705 092;31;6;0;2;14;1
202400043540;155 705 091;10;0;2;2;17;1
202400043540;155 705 094;7;3;0;6;0;1
202400043541;155 705 090;1;0;2;8;13;5
202400043541;155 705 093;7;0;2;7;17;2
202400043542;155 705 087;7;0;0;3;5;1
202400043542;155 705 089;7;0;0;3;1;1
202400043543;155 705 086;7;0;1;1;1;2
202400043544;155 705 084;7;3;2;1;13;1
202400043544;155 705 088;7;0;2;1;1;1
202400043545;155 705 082;2;0;2;1;3;1
202400043545;155 705 083;7;0;2;6;23;2
202400043545;155 705 085;7;0;2;3;23;2
202400043546;155 705 081;7;6;0;3;0;1
202400043547;155 705 079;33;1;0;1;20;1
202400043547;155 705 080;33;0;2;8;24;1
202400043548;155 705 077;7;0;1;2;2;3
202400043549;155 705 076;80;0;2;7;1;3
202400043549;155 705 078;7;0;9;3;16;2
202400043550;155 705 074;32;13;0;8;1;1
202400043551;155 705 073;7;0;2;1;14;1
202400043551;155 705 075;7;0;2;1;13;1
202400043552;155 705 070;7;0;2;2;6;1
202400043552;155 705 072;33;0;2;1;1;1
202400043553;155 705 067;7;1;2;2;21;1
202400043553;155 705 071;10;0;2;4;20;1
202400043554;155 705 065;7;0;0;8;15;1
202400043554;155 705 068;33;0;2;1;1;1
202400043555;155 705 064;7;0;2;1;1;1
202400043555;155 705 069;7;0;2;1;13;1
202400043556;155 705 066;7;0;1;3;15;2
202400043557;155 705 062;99;0;2;1;23;1
202400043557;155 705 063;7;0;2;4;2;1
202400043558;155 705 060;7;8;0;3;1;1
202400043559;155 705 059;33;0;2;1;2;1
202400043559;155 705 061;7;0;2;4;23;1
202400043560;155 705 057;50;0;1;1;1;3
202400043561;155 705 054;7;0;1;1;16;1
202400043562;155 705 053;7;0;2;1;1;1
202400043562;155 705 056;7;14;0;1;1;1
202400043562;155 705 058;7;0;2;1;13;1
202400043563;155 705 052;7;0;2;3;13;1
202400043563;155 705 055;33;0;2;1;1;1
202400043564;155 705 051;7;0;1;5;1;1
202400043565;155 705 047;7;0;9;1;1;1
202400043566;155 705 045;7;0;2;8;10;2
202400043566;155 705 049;34;0;2;3;17;0
202400043567;155 705 044;17;0;2;1;1;1
202400043567;155 705 048;7;0;2;4;23;1
202400043567;155 705 050;7;0;2;4;23;1
202400043568;155 705 041;7;0;9;3;26;1
202400043568;155 705 043;30;0;2;2;26;1
202400043569;155 705 042;7;0;0;7;19;1
202400043569;155 705 046;7;0;2;2;1;1
202400043570;155 705 037;7;3;0;1;0;1
202400043571;155 705 036;2;0;2;1;1;0
202400043571;155 705 040;7;0;2;2;15;0
202400043572;155 705 038;33;0;2;1;13;1
202400043572;155 705 039;7;0;2;3;15;1
202400043573;155 705 035;7;13;0;2;1;1
202400043574;155 705 034;1;0;0;0;26;5
202400043575;155 705 030;10;13;0;1;1;1
202400043576;155 705 029;7;0;2;9;12;1
202400043576;155 705 033;7;0;2;4;1;1
202400043577;155 705 028;7;8;0;3;0;1
202400043578;155 705 027;30;0;2;1;1;1
202400043578;155 705 031;7;0;2;2;15;1
202400043579;155 705 026;7;8;0;1;0;1
202400043580;155 705 024;7;0;5;1;14;1
202400043581;155 705 021;32;0;2;1;13;1
202400043581;155 705 025;7;0;0;8;15;0
202400043582;155 705 018;7;4;0;1;0;1
202400043583;155 705 017;50;0;2;3;2;3
202400043583;155 705 020;10;0;2;0;20;0
202400043584;155 705 014;17;0;0;4;1;1
202400043584;155 705 015;7;3;0;6;13;1
202400043584;155 705 019;7;4;0;2;1;1
202400043584;155 705 022;10;0;2;1;1;1
202400043584;155 705 023;17;0;2;3;1;1
202400043585;155 705 013;7;0;2;1;1;1
202400043585;155 705 016;7;0;2;6;1;1
202400043586;155 705 011;7;4;0;2;1;1
202400043587;155 705 010;7;0;2;3;11;1
202400043587;155 705 012;32;0;2;7;3;1
202400043588;155 705 009;7;0;1;1;0;1
202400043589;155 705 005;7;0;2;1;19;1
202400043589;155 705 007;43;0;2;1;1;1
202400043590;155 705 002;32;0;2;1;1;1
202400043590;155 705 006;7;0;2;4;1;3
202400043591;155 705 001;7;0;0;1;2;1
202400043591;155 705 008;7;0;2;1;5;1
202400043592;155 705 000;33;14;0;1;1;1
202400043592;155 705 004;7;0;2;8;1;1
202400043593;155 704 997;7;0;2;1;1;1
202400043593;155 704 999;7;0;2;1;1;1
202400043593;155 705 003;16;0;2;1;13;1
202400043594;155 704 992;7;0;2;0;0;1
202400043594;155 704 996;33;0;2;1;3;1
202400043595;155 704 993;7;0;9;2;26;1
202400043595;155 704 998;80;0;2;2;5;2
202400043596;155 704 989;33;0;1;1;3;1
202400043597;155 704 988;7;4;0;1;1;1
202400043597;155 704 991;7;0;0;4;1;1
202400043597;155 704 994;7;0;2;5;2;1
202400043597;155 704 995;7;0;2;1;1;1
202400043598;155 704 987;7;0;2;2;15;1
202400043598;155 704 990;31;0;2;1;1;1
202400043599;155 704 984;7;0;2;8;15;1
202400043599;155 704 985;33;0;2;1;1;1
202400043600;155 704 980;7;0;2;4;23;0
202400043600;155 704 983;7;0;2;4;0;1
202400043600;155 704 986;7;0;2;1;1;1
202400043601;155 704 978;7;0;2;1;13;1
202400043601;155 704 981;7;0;2;3;1;1
202400043602;155 704 979;7;0;1;3;26;1
202400043603;155 704 977;10;0;2;6;1;0
202400043603;155 704 982;7;0;;1;19;1
202400043604;155 704 972;10;0;1;2;1;1
202400043605;155 704 975;50;0;2;6;1;3
202400043605;155 704 976;7;0;9;1;2;0
202400043606;155 704 970;7;0;0;3;15;1
202400043606;155 704 973;33;0;2;1;3;1
202400043607;155 704 969;7;0;1;8;1;2
202400043608;155 704 967;10;15;0;1;14;1
202400043609;155 704 963;7;0;2;1;13;1
202400043609;155 704 966;7;0;2;1;1;1
202400043610;155 704 965;10;0;2;1;2;1
202400043610;155 704 968;10;0;2;5;2;1
202400043610;155 704 971;7;0;2;4;2;1
202400043610;155 704 974;7;0;2;4;2;2
202400043611;155 704 959;33;0;2;1;1;1
202400043611;155 704 960;33;0;2;3;1;1
202400043612;155 704 958;10;0;2;3;0;0
202400043612;155 704 962;1;1;2;2;0;5
202400043613;155 704 957;33;0;1;1;1;1
202400043614;155 704 955;7;0;0;4;1;1
202400043615;155 704 956;7;0;2;5;1;1
202400043615;155 704 961;7;0;2;2;12;1
202400043615;155 704 964;33;0;2;3;0;1
202400043616;155 704 952;7;0;2;3;1;1
202400043616;155 704 954;33;0;2;1;5;1
202400043617;155 704 949;7;0;0;9;0;1
202400043618;155 704 947;7;0;2;1;1;2
202400043618;155 704 951;30;0;2;2;1;1
202400043619;155 704 945;10;1;2;4;2;1
202400043619;155 704 948;7;1;2;1;2;1
202400043619;155 704 950;7;1;2;4;2;1
202400043619;155 704 953;7;1;2;4;2;1
202400043620;155 704 941;2;0;0;0;1;1
202400043621;155 704 943;7;0;2;1;1;1
202400043621;155 704 946;7;0;2;4;2;1
202400043622;155 704 942;7;8;0;2;14;2
202400043623;155 704 938;33;0;2;2;1;1
202400043623;155 704 940;7;0;0;6;1;1
202400043623;155 704 944;7;0;2;1;1;1
202400043624;155 704 937;7;0;2;1;2;1
202400043624;155 704 939;7;0;2;4;1;1
202400043625;155 704 933;7;0;1;4;4;1
202400043626;155 704 934;7;0;2;2;1;1
202400043626;155 704 936;10;0;2;8;1;1
202400043627;155 704 932;7;2;0;1;1;1
202400043628;155 704 929;7;0;2;1;0;1
202400043628;155 704 931;7;0;2;4;0;1
202400043628;155 704 935;10;4;0;1;0;1
202400043629;155 704 928;7;0;2;2;1;1
202400043629;155 704 930;7;6;0;3;26;1
202400043630;155 704 927;10;8;0;1;1;0
202400043631;155 704 925;7;2;0;1;14;1
202400043632;155 704 924;2;0;0;8;16;1
202400043632;155 704 926;7;0;2;3;1;1
202400043633;155 704 921;7;0;2;7;15;1
202400043633;155 704 923;33;0;2;1;1;1
202400043634;155 704 919;7;0;2;7;19;2
202400043634;155 704 922;2;0;2;1;17;1
202400043635;155 704 918;7;0;2;1;13;1
202400043635;155 704 920;7;0;2;3;21;1
202400043636;155 704 916;2;0;0;0;1;6
202400043637;155 704 915;10;0;2;2;2;1
202400043637;155 704 917;30;3;2;4;2;1
202400043638;155 704 912;7;0;0;9;1;1
202400043639;155 704 911;33;0;2;1;2;1
202400043639;155 704 913;7;0;2;4;2;1
202400043640;155 704 910;7;2;0;8;14;1
202400043641;155 704 909;7;0;2;3;2;1
202400043641;155 704 914;7;0;0;7;2;1
202400043642;155 704 906;10;0;1;0;1;1
202400043643;155 704 904;32;0;2;1;16;1
202400043643;155 704 907;7;0;2;3;23;1
202400043644;155 704 905;33;0;2;1;1;1
202400043644;155 704 908;7;0;2;7;15;1
202400043645;155 704 903;7;13;0;7;1;1
202400043646;155 704 900;7;0;9;8;15;1
202400043646;155 704 902;50;0;2;1;1;3
202400043647;155 704 901;10;0;1;1;1;1
202400043648;155 704 897;7;6;2;1;1;1
202400043648;155 704 899;7;0;2;1;15;1
202400043649;155 704 896;7;0;2;1;1;1
202400043649;155 704 898;7;0;2;4;1;1
202400043650;155 704 894;7;0;2;3;9;1
202400043650;155 704 895;50;0;2;2;1;3
202400043651;155 704 893;7;0;1;1;1;1
202400043652;155 704 892;33;16;0;0;2;1
202400043653;155 704 889;7;0;2;7;16;1
202400043653;155 704 891;2;0;2;1;1;1
202400043654;155 704 887;10;0;1;2;1;3
202400043655;155 704 888;10;0;2;2;12;1
202400043655;155 704 890;33;0;2;8;1;1
202400043656;155 704 884;7;1;1;1;19;1
202400043657;155 704 883;7;0;2;2;15;1
202400043657;155 704 886;50;0;2;1;1;3
202400043658;155 704 880;36;0;0;9;1;1
202400043659;155 704 879;7;0;2;5;1;1
202400043659;155 704 882;50;0;2;5;1;3
202400043660;155 704 877;10;0;2;3;1;1
202400043660;155 704 881;30;0;2;1;26;1
202400043661;155 704 875;7;0;2;3;1;3
202400043661;155 704 878;7;0;2;2;13;1
202400043662;155 704 873;7;0;1;1;15;1
202400043663;155 704 871;7;4;2;0;1;1
202400043663;155 704 874;7;1;0;1;1;1
202400043663;155 704 876;10;4;2;0;1;1
202400043664;155 704 870;1;0;0;0;1;5
202400043665;155 704 868;7;0;1;3;21;2
202400043666;155 704 865;7;0;2;2;12;1
202400043666;155 704 867;7;0;2;6;1;1
202400043667;155 704 866;33;0;2;8;2;1
202400043667;155 704 869;7;0;2;4;1;1
202400043667;155 704 872;7;0;2;7;1;1
202400043668;155 704 863;7;0;2;1;1;1
202400043668;155 704 864;7;6;2;3;1;1
202400043669;155 704 862;7;0;1;3;1;1
202400043670;155 704 856;7;0;2;4;23;1
202400043670;155 704 859;7;0;2;1;2;1
202400043670;155 704 860;7;0;2;1;2;1
202400043671;155 704 855;7;0;2;1;1;1
202400043671;155 704 858;7;0;2;1;1;1
202400043671;155 704 861;7;0;2;5;15;1
202400043672;155 704 854;7;0;1;6;4;1
202400043673;155 704 850;99;0;0;4;26;0
202400043673;155 704 852;7;0;0;4;0;0
202400043674;155 704 847;7;0;2;1;2;1
202400043674;155 704 848;7;0;2;4;1;1
202400043674;155 704 851;7;0;2;4;1;1
202400043674;155 704 853;7;0;2;4;1;1
202400043675;155 704 846;7;0;2;8;1;1
202400043675;155 704 849;7;0;2;1;1;1
202400043676;155 704 844;43;0;1;1;1;1
202400043677;155 704 845;7;0;0;1;1;1
202400043678;155 704 841;17;0;2;1;2;1
202400043678;155 704 843;10;0;2;4;2;1
202400043679;155 704 835;7;9;2;4;1;2
202400043679;155 704 838;10;14;2;1;1;1
202400043680;155 704 837;7;0;1;2;1;1
202400043681;155 704 836;7;0;2;2;14;1
202400043681;155 704 840;7;0;2;6;1;1
202400043682;155 704 833;7;4;0;8;0;1
202400043683;155 704 828;80;0;9;1;1;3
202400043683;155 704 832;7;0;2;7;15;3
202400043684;155 704 829;7;0;2;1;2;1
202400043684;155 704 831;7;0;2;4;1;1
202400043685;155 704 826;30;0;2;1;2;1
202400043685;155 704 830;10;0;2;4;2;1
202400043686;155 704 824;7;0;2;1;1;1
202400043686;155 704 825;7;0;2;4;1;1
202400043686;155 704 827;7;0;2;1;1;1
202400043687;155 704 822;99;0;2;1;5;3
202400043687;155 704 823;7;0;2;1;1;1
202400043688;155 704 820;1;0;0;3;1;5
202400043689;155 704 812;37;0;2;1;1;1
202400043689;155 704 816;50;0;2;7;0;3
202400043690;155 704 810;1;0;2;3;1;5
202400043690;155 704 814;1;0;2;1;5;5
202400043691;155 704 807;7;0;2;4;23;1
202400043691;155 704 809;7;0;2;4;23;1
202400043691;155 704 813;7;0;2;1;2;1
202400043691;155 704 815;10;0;2;1;2;1
202400043691;155 704 818;7;0;2;4;23;1
202400043691;155 704 819;7;0;2;4;23;1
202400043692;155 704 804;1;0;2;3;19;5
202400043692;155 704 806;7;0;2;2;1;2
202400043693;155 704 803;30;0;0;8;15;1
202400043694;155 704 802;7;0;2;4;1;1
202400043694;155 704 805;7;0;2;4;1;1
202400043694;155 704 808;7;0;2;1;1;1
202400043694;155 704 811;7;0;2;9;1;1
202400043694;155 704 817;7;0;2;9;1;1
202400043694;155 704 821;7;0;2;4;1;2
202400043695;155 704 800;34;0;2;1;3;1
202400043695;155 704 801;10;0;2;4;3;1
202400043696;155 704 795;7;0;2;3;15;1
202400043696;155 704 798;31;0;2;3;1;1
202400043697;155 704 793;33;0;2;1;1;1
202400043697;155 704 796;7;0;2;4;1;1
202400043698;155 704 794;7;0;2;5;15;1
202400043698;155 704 797;7;0;2;3;1;2
202400043698;155 704 799;33;0;2;1;17;1
202400043699;155 704 792;7;4;0;1;1;1
202400043700;155 704 790;7;1;0;2;0;1
202400043701;155 704 789;33;4;2;1;0;1
202400043701;155 704 791;7;4;2;4;0;1
202400043702;155 704 786;7;6;0;1;19;1
202400043703;155 704 784;7;0;2;4;1;1
202400043703;155 704 787;7;0;2;4;1;1
202400043703;155 704 788;7;0;2;1;1;1
202400043704;155 704 782;7;0;2;4;2;1
202400043704;155 704 783;7;0;2;1;2;1
202400043705;155 704 781;7;0;2;1;1;1
202400043705;155 704 785;10;0;2;5;19;1
202400043706;155 704 776;7;0;2;4;2;3
202400043706;155 704 779;33;0;2;1;3;1
202400043707;155 704 778;7;0;2;1;1;1
202400043707;155 704 780;7;0;2;4;1;1
202400043708;155 704 775;7;0;2;5;23;1
202400043708;155 704 777;7;0;2;1;1;1
202400043709;155 704 772;7;0;2;3;16;1
202400043709;155 704 774;33;0;2;2;1;1
202400043710;155 704 770;7;0;2;8;1;1
202400043710;155 704 773;15;0;2;7;12;1
202400043711;155 704 768;7;0;2;3;1;1
202400043711;155 704 771;7;1;2;1;19;1
202400043712;155 704 767;10;0;2;7;1;1
202400043712;155 704 769;7;0;2;8;13;2
202400043713;155 704 764;17;0;2;7;1;0
202400043713;155 704 766;10;4;2;2;9;1
202400043714;155 704 763;7;0;2;1;0;1
202400043714;155 704 765;7;0;2;1;0;1
202400043715;155 704 762;7;15;0;1;21;2
202400043716;155 704 760;33;0;2;8;3;1
202400043716;155 704 761;10;0;2;2;12;1
202400043717;155 704 757;10;0;2;1;13;1
202400043717;155 704 759;10;0;2;1;1;1
202400043718;155 704 756;7;0;1;3;1;2
202400043719;155 704 755;2;0;2;1;17;1
202400043719;155 704 758;10;0;2;8;15;1
202400043720;155 704 750;7;0;2;1;0;1
202400043720;155 704 753;1;0;2;1;26;5
202400043721;155 704 751;30;0;2;4;15;0
202400043721;155 704 754;31;0;2;1;2;1
202400043722;155 704 752;50;0;1;1;1;3
202400043723;155 704 747;7;0;2;3;19;1
202400043723;155 704 749;7;0;2;2;1;1
202400043724;155 704 744;10;0;1;4;4;1
202400043725;155 704 745;7;0;2;1;1;1
202400043725;155 704 748;1;0;2;8;19;5
202400043726;155 704 743;7;0;2;7;15;1
202400043726;155 704 746;33;0;2;1;1;1
202400043727;155 704 740;40;0;1;3;1;3
202400043728;155 704 739;50;0;2;1;1;3
202400043728;155 704 742;7;0;2;5;1;1
202400043729;155 704 737;50;1;0;1;0;3
202400043730;155 704 736;10;0;2;7;15;1
202400043730;155 704 741;10;0;2;1;1;1
202400043731;155 704 734;7;0;2;1;1;1
202400043731;155 704 738;7;0;2;3;9;1
202400043732;155 704 732;7;0;9;0;0;0
202400043732;155 704 735;1;0;2;1;2;5
202400043733;155 704 731;43;0;2;1;1;1
202400043733;155 704 733;7;0;2;2;1;2
202400043734;155 704 727;50;0;1;1;25;3
202400043735;155 704 726;7;0;1;3;1;1
202400043736;155 704 728;7;0;2;2;15;0
202400043736;155 704 729;33;0;2;1;0;0
202400043737;155 704 725;7;1;0;1;0;1
202400043738;155 704 722;7;1;1;1;16;1
202400043739;155 704 720;2;0;2;2;5;1
202400043739;155 704 723;10;0;2;7;9;1
202400043740;155 704 719;7;0;2;3;1;1
202400043740;155 704 721;7;0;2;1;15;1
202400043741;155 704 718;31;0;2;5;1;1
202400043741;155 704 724;32;0;2;0;0;1
202400043742;155 704 717;7;0;1;8;23;2
202400043743;155 704 716;50;5;0;1;1;3
202400043744;155 704 713;7;0;2;3;16;1
202400043744;155 704 715;1;0;2;3;19;5
202400043745;155 704 712;13;0;2;3;13;1
202400043745;155 704 714;10;0;2;2;1;1
202400043746;155 704 710;7;0;1;3;15;2
202400043747;155 704 711;50;0;0;0;1;3
202400043748;155 704 706;7;0;1;1;16;1
202400043749;155 704 707;7;0;2;4;15;1
202400043749;155 704 708;30;0;2;1;1;1
202400043750;155 704 705;7;0;1;7;1;1
202400043751;155 704 704;50;0;2;1;26;3
202400043751;155 704 709;7;0;2;3;1;0
202400043752;155 704 701;10;0;2;1;16;0
202400043752;155 704 703;30;0;2;1;5;1
202400043753;155 704 700;7;0;1;2;15;1
202400043754;155 704 698;7;0;2;2;1;1
202400043754;155 704 702;7;0;2;7;1;1
202400043755;155 704 699;34;0;1;1;1;1
202400043756;155 704 697;7;0;1;4;0;0
202400043757;155 704 695;7;0;1;0;26;1
202400043758;155 704 694;1;0;2;7;13;5
202400043758;155 704 696;7;0;2;3;17;1
202400043759;155 704 692;10;0;2;3;9;1
202400043759;155 704 693;80;0;2;7;1;3
202400043760;155 704 689;7;0;0;1;1;1
202400043760;155 704 691;7;1;2;1;13;1
202400043761;155 704 687;7;0;1;1;1;3
202400043762;155 704 688;7;0;1;3;1;2
202400043763;155 704 686;7;0;2;1;0;1
202400043763;155 704 690;7;0;2;4;26;1
202400043764;155 704 683;10;0;1;7;16;0
202400043765;155 704 684;7;0;1;1;1;1
202400043766;155 704 682;7;0;2;8;26;1
202400043766;155 704 685;7;0;2;2;1;1
202400043767;155 704 681;7;0;0;2;1;1
202400043768;155 704 680;7;9;0;1;21;1
202400043769;155 704 679;1;0;9;0;1;5
202400043770;155 704 677;7;0;1;1;15;1
202400043771;155 704 676;7;0;4;1;15;1
202400043771;155 704 678;40;0;2;7;1;3
202400043772;155 704 674;1;0;2;5;26;5
202400043773;155 704 671;1;0;2;7;0;5
202400043773;155 704 673;7;0;9;1;0;1
202400043774;155 704 670;7;0;2;2;1;1