Num_Acc;id_vehicule;categorie_vehicule;obstacle_fixe;obstacle_mobile;point_choc_initial;manoeuvre_principale;motorisation
202400043774;155 704 675;7;0;2;3;15;1
202400043775;155 704 668;32;0;2;3;1;1
202400043775;155 704 669;7;0;2;3;15;1
202400043776;155 704 665;33;0;0;0;0;1
202400043776;155 704 667;10;0;0;3;15;1
202400043777;155 704 666;7;0;2;1;1;1
202400043777;155 704 672;7;0;2;1;21;1
202400043778;155 704 663;7;0;1;0;26;1
202400043779;155 704 662;60;0;2;1;9;5
202400043779;155 704 664;60;0;2;4;1;5
202400043780;155 704 659;10;0;2;8;15;1
202400043780;155 704 661;33;0;2;2;3;1
202400043781;155 704 655;1;0;2;2;5;5
202400043781;155 704 658;7;0;9;3;26;1
202400043782;155 704 656;7;0;2;1;1;1
202400043782;155 704 660;7;0;2;4;23;2
202400043783;155 704 654;3;0;2;1;1;1
202400043783;155 704 657;7;0;2;8;2;1
202400043784;155 704 653;7;0;1;2;1;1
202400043785;155 704 652;7;0;1;7;25;1
202400043786;155 704 649;7;0;2;2;2;1
202400043786;155 704 651;7;0;2;6;1;1
202400043787;155 704 648;7;0;1;2;1;1
202400043788;155 704 647;37;0;1;1;2;1
202400043789;155 704 646;32;0;2;1;5;1
202400043789;155 704 650;7;0;2;1;26;1
202400043790;155 704 645;7;0;1;1;1;1
202400043791;155 704 643;7;4;0;1;14;1
202400043792;155 704 641;10;0;9;3;26;1
202400043792;155 704 644;1;0;2;1;1;5
202400043793;155 704 640;15;0;2;1;2;1
202400043793;155 704 642;7;0;2;4;2;1
202400043794;155 704 639;10;0;1;1;1;1
202400043795;155 704 636;7;0;1;1;1;1
202400043796;155 704 633;7;0;2;2;12;2
202400043796;155 704 637;7;0;2;6;1;1
202400043796;155 704 638;7;0;2;4;1;1
202400043797;155 704 631;7;13;0;0;13;1
202400043798;155 704 632;10;0;2;5;15;1
202400043798;155 704 635;33;0;2;1;1;1
202400043799;155 704 630;30;0;0;1;2;1
202400043799;155 704 634;7;0;0;0;15;1
202400043800;155 704 627;80;0;0;0;1;3
202400043801;155 704 626;7;0;1;3;1;1
202400043802;155 704 625;7;0;2;4;2;3
202400043802;155 704 628;7;0;2;4;2;1
202400043802;155 704 629;10;0;2;1;2;1
202400043803;155 704 623;7;0;2;1;2;1
202400043803;155 704 624;7;0;2;5;23;1
202400043804;155 704 620;7;0;2;1;2;1
202400043804;155 704 622;7;0;2;4;2;1
202400043805;155 704 617;7;13;0;5;13;1
202400043806;155 704 615;7;0;2;1;19;1
202400043806;155 704 619;31;0;2;7;1;1
202400043807;155 704 616;10;0;2;4;2;1
202400043807;155 704 618;7;0;2;4;2;1
202400043807;155 704 621;7;0;2;1;2;1
202400043808;155 704 612;7;0;2;1;2;1
202400043808;155 704 613;7;0;2;4;2;1
202400043808;155 704 614;7;0;2;4;2;3
202400043809;155 704 609;7;3;0;1;0;1
202400043810;155 704 607;7;0;2;4;2;1
202400043810;155 704 610;43;0;2;1;2;1
202400043811;155 704 608;50;0;2;1;1;3
202400043811;155 704 611;7;0;0;7;16;1
202400043812;155 704 606;7;9;0;3;1;1
202400043813;155 704 604;7;4;0;2;17;0
202400043813;155 704 605;7;4;0;6;1;1
202400043814;155 704 599;7;13;0;2;1;2
202400043815;155 704 597;7;0;2;2;15;1
202400043815;155 704 600;32;0;2;1;1;1
202400043816;155 704 598;31;0;2;1;17;1
202400043816;155 704 602;7;0;2;3;15;2
202400043817;155 704 596;7;0;2;7;1;3
202400043817;155 704 601;33;0;2;8;1;1
202400043817;155 704 603;33;0;2;7;12;1
202400043818;155 704 593;7;0;0;8;1;1
202400043818;155 704 595;10;0;2;2;9;1
202400043819;155 704 589;50;0;2;1;26;3
202400043819;155 704 594;7;0;2;1;1;1
202400043820;155 704 590;7;0;2;5;2;1
202400043820;155 704 592;31;0;2;1;2;1
202400043821;155 704 588;50;16;0;1;1;3
202400043822;155 704 587;10;0;1;1;16;3
202400043823;155 704 585;80;0;2;3;11;3
202400043823;155 704 591;7;0;9;2;2;1
202400043824;155 704 583;1;0;2;6;19;5
202400043824;155 704 586;7;0;2;2;1;2
202400043825;155 704 584;7;0;1;2;16;2
202400043826;155 704 580;7;2;0;8;1;1
202400043827;155 704 578;7;0;1;3;1;1
202400043828;155 704 577;32;0;2;1;0;1
202400043828;155 704 579;14;0;2;6;0;1
202400043829;155 704 576;7;0;0;0;1;1
202400043830;155 704 573;7;3;2;8;1;2
202400043830;155 704 575;7;0;2;3;16;1
202400043831;155 704 571;1;0;0;1;1;5
202400043832;155 704 574;33;12;0;0;13;1
202400043833;155 704 570;7;0;2;3;15;1
202400043833;155 704 572;7;0;2;3;1;3
202400043834;155 704 569;7;0;1;2;1;1
202400043835;155 704 566;7;0;1;8;21;1
202400043836;155 704 567;30;0;1;1;1;3
202400043837;155 704 565;7;0;2;3;1;1
202400043837;155 704 568;7;0;2;3;13;1
202400043838;155 704 563;7;0;2;7;1;1
202400043838;155 704 564;7;0;2;8;12;1
202400043839;155 704 562;33;4;0;3;0;0
202400043840;155 704 560;40;0;1;1;1;3
202400043841;155 704 559;32;0;2;7;2;1
202400043841;155 704 561;7;0;2;8;11;1
202400043842;155 704 556;2;0;2;6;2;1
202400043842;155 704 558;7;0;2;5;2;1
202400043843;155 704 554;7;8;0;3;15;1
202400043843;155 704 557;7;0;2;1;17;1
202400043844;155 704 551;7;0;2;3;23;2
202400043844;155 704 553;1;0;2;2;13;5
202400043845;155 704 550;7;0;2;4;23;1
202400043845;155 704 555;7;0;2;1;2;1
202400043846;155 704 549;10;0;2;3;13;1
202400043846;155 704 552;7;0;2;3;1;1
202400043847;155 704 545;7;0;2;1;1;1
202400043847;155 704 547;10;0;2;1;1;1
202400043847;155 704 548;7;0;2;1;1;1
202400043848;155 704 544;7;0;1;2;1;1
202400043849;155 704 542;7;0;2;1;1;1
202400043849;155 704 546;1;0;2;1;5;5
202400043850;155 704 543;7;14;0;1;13;1
202400043851;155 704 539;7;0;0;2;16;1
202400043851;155 704 541;2;0;2;1;1;1
202400043852;155 704 536;1;0;2;7;19;5
202400043852;155 704 540;7;0;2;3;1;1
202400043853;155 704 535;50;0;2;1;5;3
202400043853;155 704 538;7;0;2;3;1;1
202400043854;155 704 534;33;0;2;1;1;1
202400043854;155 704 537;32;0;2;8;1;1
202400043855;155 704 533;0;0;1;0;1;0
202400043856;155 704 530;32;0;2;1;1;1
202400043856;155 704 532;10;0;0;6;23;1
202400043857;155 704 531;33;0;0;0;1;1
202400043858;155 704 529;7;0;1;1;15;1
202400043859;155 704 525;36;0;2;0;16;1
202400043860;155 704 524;7;0;2;1;7;1
202400043860;155 704 527;37;0;2;4;7;3
202400043861;155 704 526;33;0;2;1;17;1
202400043861;155 704 528;7;0;2;3;13;2
202400043862;155 704 522;1;0;0;0;1;5
202400043863;155 704 521;7;0;2;7;16;1
202400043864;155 704 520;7;0;2;1;2;1
202400043864;155 704 523;7;0;2;4;1;1
202400043865;155 704 519;7;0;1;1;1;1
202400043866;155 704 517;7;1;0;7;1;0
202400043867;155 704 516;1;1;2;1;1;5
202400043867;155 704 518;7;0;2;8;24;1
202400043868;155 704 513;7;0;2;1;1;1
202400043868;155 704 515;7;0;2;4;1;1
202400043869;155 704 512;3;0;2;1;1;1
202400043869;155 704 514;7;0;2;7;11;2
202400043870;155 704 510;30;0;0;1;1;1
202400043870;155 704 511;7;0;2;3;1;2
202400043871;155 704 507;7;0;2;1;13;1
202400043871;155 704 509;7;0;2;1;1;1
202400043872;155 704 505;10;0;2;4;2;1
202400043872;155 704 508;37;0;2;2;2;0
202400043873;155 704 504;7;0;1;1;1;1
202400043874;155 704 498;50;0;2;8;11;3
202400043874;155 704 501;10;0;2;7;1;1
202400043875;155 704 499;7;0;2;4;2;1
202400043875;155 704 503;7;0;2;1;2;1
202400043876;155 704 497;7;0;2;4;23;1
202400043876;155 704 500;7;0;2;1;1;1
202400043876;155 704 502;7;0;2;4;1;0
202400043876;155 704 506;7;0;2;0;1;1
202400043877;155 704 495;10;0;1;2;9;3
202400043878;155 704 494;7;0;2;3;1;1
202400043878;155 704 496;50;0;2;8;1;3
202400043879;155 704 492;7;0;1;1;1;1
202400043880;155 704 489;7;0;2;5;1;1
202400043880;155 704 491;1;0;2;1;1;5
202400043880;155 704 493;7;0;2;8;24;2
202400043881;155 704 488;7;0;2;3;13;1
202400043881;155 704 490;7;0;2;3;1;1
202400043882;155 704 487;50;0;0;0;1;3
202400043883;155 704 484;10;0;2;1;2;1
202400043883;155 704 486;32;0;2;4;2;1
202400043884;155 704 485;2;0;0;3;0;1
202400043885;155 704 482;10;0;2;1;2;1
202400043885;155 704 483;7;0;0;0;16;0
202400043886;155 704 481;33;0;1;5;1;1
202400043887;155 704 480;7;0;1;2;1;1
202400043888;155 704 479;7;0;1;6;20;3
202400043889;155 704 476;33;0;2;0;0;0
202400043889;155 704 478;7;0;2;4;10;1
202400043890;155 704 477;50;0;0;1;1;3
202400043891;155 704 475;7;1;1;3;1;1
202400043892;155 704 471;3;0;2;7;1;1
202400043893;155 704 470;1;0;2;1;19;5
202400043893;155 704 473;10;0;2;2;19;1
202400043894;155 704 472;13;0;2;4;23;1
202400043894;155 704 474;7;0;2;1;2;1
202400043895;155 704 466;7;0;1;2;1;1
202400043896;155 704 468;7;0;2;3;15;1
202400043896;155 704 469;50;0;2;1;17;3
202400043897;155 704 465;7;0;2;4;0;0
202400043897;155 704 467;7;0;2;1;26;0
202400043898;155 704 464;7;0;1;7;1;1
202400043899;155 704 463;7;0;1;1;1;0
202400043900;155 704 460;31;0;2;1;3;1
202400043900;155 704 462;10;0;2;6;11;1
202400043901;155 704 458;7;0;2;1;2;1
202400043901;155 704 461;7;0;2;4;2;1
202400043902;155 704 457;10;0;2;1;1;1
202400043902;155 704 459;10;0;2;8;9;1
202400043903;155 704 455;34;0;2;6;1;1
202400043903;155 704 456;31;0;2;2;21;1
202400043904;155 704 452;7;0;2;8;1;1
202400043904;155 704 454;10;0;2;1;1;1
202400043905;155 704 451;7;0;2;4;0;1
202400043905;155 704 453;33;0;2;4;23;1
202400043906;155 704 448;7;0;2;3;1;1
202400043906;155 704 450;7;0;2;0;0;2
202400043907;155 704 446;7;0;2;3;19;1
202400043907;155 704 449;10;0;2;2;1;1
202400043908;155 704 445;10;0;2;1;2;1
202400043908;155 704 447;7;0;2;4;1;1
202400043909;155 704 441;2;0;2;1;1;1
202400043909;155 704 443;7;0;2;8;1;1
202400043910;155 704 440;13;0;0;1;1;1
202400043911;155 704 442;7;0;2;1;1;1
202400043911;155 704 444;7;0;2;4;23;1
202400043912;155 704 437;13;0;2;8;15;1
202400043912;155 704 439;33;0;2;1;1;1
202400043913;155 704 435;7;0;2;2;9;1
202400043913;155 704 436;80;0;2;1;1;3
202400043914;155 704 434;33;0;2;1;1;1
202400043914;155 704 438;7;0;2;3;15;3
202400043915;155 704 433;30;0;9;1;17;1
202400043916;155 704 432;7;1;0;1;13;1
202400043917;155 704 430;7;2;0;1;21;1
202400043918;155 704 431;33;0;1;1;1;1
202400043919;155 704 427;7;0;2;2;5;1
202400043919;155 704 429;33;0;2;2;5;1
202400043920;155 704 426;30;0;2;1;17;1
202400043920;155 704 428;7;0;2;3;10;1
202400043921;155 704 425;34;0;0;0;26;0
202400043922;155 704 423;33;0;2;1;1;1
202400043922;155 704 424;7;0;2;7;15;1
202400043923;155 704 420;31;0;0;0;0;0
202400043923;155 704 422;7;0;0;0;0;0
202400043924;155 704 418;33;0;1;1;1;1
202400043925;155 704 419;30;0;2;2;13;1
202400043925;155 704 421;7;0;2;3;15;2
202400043926;155 704 417;7;0;1;2;1;1
202400043927;155 704 414;7;0;2;4;1;1
202400043927;155 704 416;10;0;2;1;1;1
202400043928;155 704 412;33;0;2;7;2;0
202400043928;155 704 413;7;0;2;1;15;0
202400043929;155 704 411;7;0;1;2;17;1
202400043930;155 704 415;10;8;0;2;0;1
202400043931;155 704 409;1;0;2;3;9;5
202400043931;155 704 410;10;0;9;3;9;1
202400043932;155 704 406;7;0;2;1;1;1
202400043932;155 704 408;7;0;2;1;1;2
202400043933;155 704 405;33;3;0;2;21;1
202400043934;155 704 399;7;0;2;1;15;1
202400043934;155 704 401;30;0;2;8;1;1
202400043935;155 704 403;7;0;2;1;1;1
202400043935;155 704 407;7;8;0;4;1;1
202400043936;155 704 398;7;0;2;1;15;1
202400043936;155 704 400;33;0;2;1;1;1
202400043937;155 704 402;7;0;2;3;15;1
202400043937;155 704 404;33;0;2;1;1;1
202400043938;155 704 397;30;5;0;1;9;1
202400043939;155 704 394;3;0;2;1;1;1
202400043939;155 704 396;10;0;2;4;1;1
202400043940;155 704 393;7;13;0;2;1;1
202400043941;155 704 391;33;8;2;1;2;1
202400043941;155 704 392;30;0;2;4;19;1
202400043942;155 704 388;7;0;2;4;2;1
202400043942;155 704 390;7;0;2;1;2;1
202400043943;155 704 387;30;0;2;2;26;1
202400043943;155 704 389;7;0;0;2;21;1
202400043944;155 704 395;32;12;0;1;26;1
202400043945;155 704 385;7;0;2;4;2;2
202400043945;155 704 386;7;0;2;1;2;1
202400043946;155 704 382;31;0;2;1;2;1
202400043946;155 704 384;7;0;2;4;2;2
202400043947;155 704 381;7;0;2;3;1;1
202400043947;155 704 383;33;0;2;3;3;1
202400043948;155 704 378;33;0;2;1;3;1
202400043948;155 704 380;7;0;2;4;1;1
202400043949;155 704 377;7;0;1;1;15;1
202400043950;155 704 374;1;0;0;0;23;5
202400043951;155 704 375;1;0;2;8;15;5
202400043951;155 704 376;7;0;2;7;2;2
202400043952;155 704 373;10;0;2;4;4;3
202400043952;155 704 379;30;0;2;1;1;1
202400043953;155 704 371;60;0;2;3;1;5
202400043953;155 704 372;10;0;2;7;1;1
202400043954;155 704 370;7;2;0;2;1;1
202400043955;155 704 367;7;0;1;5;1;1
202400043956;155 704 368;50;0;1;1;25;3
202400043957;155 704 366;7;0;1;1;19;2
202400043958;155 704 369;7;0;1;1;19;1
202400043959;155 704 363;10;0;1;1;19;1
202400043960;155 704 364;7;0;2;7;16;2
202400043960;155 704 365;50;0;2;2;1;3
202400043961;155 704 360;33;10;0;3;1;1
202400043962;155 704 359;1;0;0;0;15;5
202400043962;155 704 362;7;0;0;3;1;1
202400043963;155 704 358;14;0;1;7;7;3
202400043963;155 704 361;7;0;2;4;20;3
202400043964;155 704 357;7;0;0;0;1;1
202400043965;155 704 356;33;1;0;7;16;1
202400043966;155 704 354;2;0;0;0;1;1
202400043967;155 704 355;1;0;1;1;25;5
202400043968;155 704 351;1;0;0;0;1;5
202400043969;155 704 353;50;15;0;1;1;3
202400043970;155 704 350;10;0;2;2;16;1
202400043970;155 704 352;1;0;2;1;18;5
202400043971;155 704 349;31;14;0;2;14;1
202400043972;155 704 343;1;0;2;7;1;5
202400043972;155 704 348;7;0;2;1;9;1
202400043973;155 704 342;30;9;0;1;14;1
202400043974;155 704 345;7;0;9;0;0;0
202400043974;155 704 347;50;0;2;0;0;3
202400043975;155 704 341;32;0;2;1;1;1
202400043975;155 704 344;7;0;2;5;23;1
202400043975;155 704 346;37;0;2;8;23;1
202400043976;155 704 340;32;12;0;1;1;1
202400043977;155 704 337;80;0;2;2;9;3
202400043977;155 704 339;7;0;9;2;1;2
202400043978;155 704 335;7;0;0;3;1;2
202400043979;155 704 338;7;1;0;4;2;2
202400043980;155 704 332;7;0;2;4;1;1
202400043980;155 704 334;7;0;2;4;1;1
202400043980;155 704 336;7;0;2;1;1;1
202400043981;155 704 333;1;14;0;2;5;5
202400043982;155 704 330;7;14;0;4;23;1
202400043982;155 704 331;10;0;2;1;1;1
202400043983;155 704 329;7;0;1;3;1;1
202400043984;155 704 327;2;0;2;1;5;1
202400043984;155 704 328;7;0;2;3;5;1
202400043985;155 704 326;50;0;1;1;16;3
202400043986;155 704 324;7;0;1;1;26;1
202400043987;155 704 323;7;1;1;2;4;1
202400043988;155 704 322;1;0;2;7;1;5
202400043988;155 704 325;7;0;2;1;19;1
202400043989;155 704 320;33;13;0;1;13;1
202400043990;155 704 319;32;12;0;8;1;1
202400043990;155 704 321;7;12;0;1;19;1
202400043991;155 704 318;80;0;1;1;21;3
202400043992;155 704 315;10;15;0;1;1;1
202400043993;155 704 314;1;0;0;7;2;5
202400043994;155 704 312;7;0;1;1;16;1
202400043995;155 704 311;7;0;2;3;24;1
202400043995;155 704 313;1;0;2;1;1;5
202400043996;155 704 308;7;0;1;2;1;3
202400043997;155 704 309;80;0;1;8;14;3
202400043998;155 704 307;80;0;2;7;1;3
202400043998;155 704 310;10;0;2;8;13;3
202400043999;155 704 304;43;0;2;4;23;1
202400043999;155 704 306;7;0;2;1;23;2
202400044000;155 704 302;7;0;9;1;9;1
202400044000;155 704 305;1;0;2;8;1;5
202400044001;155 704 303;32;0;1;1;1;1
202400044002;155 704 300;14;8;0;1;16;1
202400044003;155 704 299;7;0;2;4;2;0
202400044003;155 704 301;31;0;2;1;0;0
202400044004;155 704 295;30;0;0;1;1;1
202400044004;155 704 297;7;0;2;3;5;1
202400044005;155 704 296;7;16;0;3;2;1
202400044006;155 704 292;7;2;0;4;14;1
202400044007;155 704 291;7;1;2;2;1;1
202400044007;155 704 294;7;0;2;6;24;1
202400044007;155 704 298;7;1;2;3;16;1
202400044008;155 704 290;33;0;2;2;3;0
202400044008;155 704 293;7;0;2;1;9;0
202400044009;155 704 289;33;2;0;2;0;1
202400044010;155 704 285;2;0;2;1;1;0
202400044010;155 704 287;7;0;2;4;23;1
202400044011;155 704 286;33;8;2;1;26;1
202400044011;155 704 288;7;0;2;0;0;1
202400044012;155 704 283;7;5;2;3;13;1
202400044012;155 704 284;80;5;2;3;1;3
202400044013;155 704 280;7;0;2;3;11;3
202400044013;155 704 282;33;0;2;5;1;1
202400044014;155 704 279;7;0;2;3;9;1
202400044014;155 704 281;33;0;2;1;1;1
202400044015;155 704 278;10;0;0;1;1;1
202400044016;155 704 275;7;6;0;1;1;1
202400044016;155 704 277;7;6;0;2;9;1
202400044017;155 704 274;7;8;0;7;19;1
202400044018;155 704 273;15;0;2;1;1;1
202400044018;155 704 276;2;9;2;7;1;1
202400044019;155 704 272;7;17;0;1;1;1
202400044020;155 704 271;7;14;0;1;1;1
202400044021;155 704 269;1;0;0;0;1;5
202400044022;155 704 268;7;0;2;0;26;0
202400044022;155 704 270;7;0;2;6;26;1
202400044023;155 704 266;7;2;0;1;0;1
202400044024;155 704 265;7;0;2;8;13;1
202400044024;155 704 267;15;0;2;6;0;1
202400044025;155 704 263;7;0;0;1;0;1
202400044026;155 704 262;32;0;2;1;15;0
202400044026;155 704 264;37;0;2;2;1;0
202400044027;155 704 258;7;8;0;1;14;1
202400044028;155 704 259;10;0;2;2;2;1
202400044028;155 704 260;7;0;2;4;2;1
202400044028;155 704 261;7;13;0;4;2;1
202400044029;155 704 257;1;0;0;0;2;5
202400044030;155 704 254;99;0;2;0;1;6
202400044030;155 704 256;7;0;9;0;0;1
202400044031;155 704 253;33;4;2;7;1;0
202400044031;155 704 255;10;0;2;8;13;1
202400044032;155 704 251;7;0;2;4;0;1
202400044032;155 704 252;7;0;2;1;2;1
202400044033;155 704 250;7;3;0;2;14;1
202400044034;155 704 247;7;1;2;3;1;1
202400044034;155 704 249;7;6;2;3;1;1
202400044035;155 704 246;32;0;2;1;1;1
202400044035;155 704 248;10;0;2;4;1;1
202400044036;155 704 243;7;2;0;1;14;1
202400044037;155 704 242;7;0;1;1;1;1
202400044038;155 704 241;7;13;2;3;19;1
202400044038;155 704 244;7;13;2;1;1;1
202400044039;155 704 239;7;13;0;9;1;1
202400044040;155 704 235;0;0;2;7;9;0
202400044040;155 704 238;50;0;2;2;15;3
202400044041;155 704 236;10;13;0;7;1;1
202400044042;155 704 233;7;0;1;3;1;1
202400044043;155 704 232;30;0;2;7;2;1
202400044043;155 704 234;7;0;2;6;1;1
202400044044;155 704 229;2;0;2;1;17;1
202400044044;155 704 231;7;0;2;1;15;1
202400044045;155 704 227;7;3;2;1;1;1
202400044045;155 704 228;7;13;0;4;1;1
202400044045;155 704 230;7;0;0;4;1;1
202400044046;155 704 225;7;0;1;1;1;1
202400044047;155 704 226;7;0;1;2;1;1
202400044048;155 704 221;33;0;2;2;1;1
202400044048;155 704 224;7;0;2;3;15;1
202400044049;155 704 219;7;8;2;1;1;1
202400044049;155 704 222;7;0;2;1;1;1
202400044050;155 704 220;33;0;2;1;18;1
202400044050;155 704 223;7;0;2;2;12;1
202400044051;155 704 216;7;0;2;4;2;2
202400044051;155 704 218;7;0;2;1;2;1
202400044052;155 704 215;7;0;2;5;13;1
202400044052;155 704 217;10;0;2;1;0;1
202400044053;155 704 212;31;0;2;3;17;1
202400044053;155 704 214;7;0;2;3;1;1
202400044054;155 704 210;7;0;1;1;1;1
202400044055;155 704 211;31;0;2;1;19;0
202400044055;155 704 213;7;0;2;3;26;0
202400044056;155 704 207;7;0;2;1;1;1
202400044056;155 704 209;7;0;2;1;5;1
202400044057;155 704 205;14;0;0;0;1;1
202400044057;155 704 208;7;14;0;1;1;1
202400044058;155 704 202;7;0;2;7;15;1
202400044058;155 704 204;33;0;2;3;1;1
202400044059;155 704 200;33;16;0;8;1;1
202400044060;155 704 201;3;2;0;2;0;3
202400044061;155 704 197;37;1;1;3;1;2
202400044062;155 704 198;7;0;2;1;15;0
202400044062;155 704 199;30;0;2;9;1;1
202400044063;155 704 194;7;0;2;2;15;1
202400044063;155 704 196;33;0;2;1;1;1
202400044064;155 704 195;7;8;0;2;1;1
202400044065;155 704 191;7;2;0;2;14;1
202400044066;155 704 192;1;0;2;8;1;5
202400044066;155 704 193;7;0;9;7;14;1
202400044067;155 704 189;7;0;2;3;1;1
202400044067;155 704 190;7;0;2;3;17;1
202400044068;155 704 188;10;2;0;1;13;1
202400044069;155 704 186;50;0;1;1;1;3
202400044070;155 704 185;33;0;2;0;0;1
202400044070;155 704 187;7;0;2;1;15;1
202400044071;155 704 182;32;0;2;1;1;1
202400044071;155 704 183;7;0;2;2;1;1
202400044072;155 704 181;36;0;0;0;0;1
202400044073;155 704 180;7;0;2;3;0;1
202400044073;155 704 184;7;0;2;3;13;1
202400044074;155 704 179;7;0;1;1;1;1
202400044075;155 704 175;33;0;2;1;1;1
202400044075;155 704 178;7;0;2;4;1;2
202400044076;155 704 173;7;0;2;3;1;1
202400044076;155 704 177;7;0;2;3;13;1
202400044077;155 704 174;7;2;0;5;1;1
202400044078;155 704 172;50;0;2;1;2;3
202400044078;155 704 176;7;0;2;4;23;1
202400044079;155 704 168;7;0;2;1;1;1
202400044079;155 704 171;7;0;2;4;1;2
202400044080;155 704 170;1;0;0;0;0;5
202400044081;155 704 167;7;0;0;7;2;1
202400044081;155 704 169;50;0;0;7;0;3
202400044082;155 704 165;50;0;2;3;13;3
202400044082;155 704 166;7;0;9;5;1;1
202400044083;155 704 164;1;0;0;1;1;5
202400044084;155 704 161;7;0;2;3;21;1
202400044084;155 704 163;7;0;2;4;9;1
202400044085;155 704 162;7;6;0;8;1;1
202400044086;155 704 159;7;0;0;9;1;1
202400044087;155 704 160;43;0;1;1;2;1
202400044088;155 704 155;1;0;2;5;19;5
202400044088;155 704 158;7;0;2;2;1;1
202400044089;155 704 154;32;0;1;1;1;1
202400044090;155 704 153;34;0;0;1;1;1
202400044090;155 704 156;7;0;2;1;15;1
202400044091;155 704 152;7;0;2;3;15;1
202400044091;155 704 157;7;0;2;3;1;1
202400044092;155 704 150;1;13;0;0;17;5
202400044093;155 704 147;1;0;2;1;2;5
202400044093;155 704 151;7;0;9;3;15;0
202400044094;155 704 146;7;1;0;2;14;1
202400044094;155 704 148;7;0;2;2;24;0
202400044095;155 704 142;7;0;2;2;19;1
202400044095;155 704 144;10;0;2;1;1;1
202400044096;155 704 141;7;0;2;1;1;1
202400044096;155 704 143;1;0;2;3;19;5
202400044097;155 704 137;33;0;0;0;1;1
202400044098;155 704 138;33;0;2;1;3;1
202400044098;155 704 140;7;0;2;6;17;1
202400044099;155 704 136;7;0;2;2;1;1
202400044099;155 704 139;7;0;2;1;1;1
202400044100;155 704 130;7;4;0;8;13;1
202400044101;155 704 127;7;13;0;2;14;1
202400044101;155 704 132;7;13;0;2;14;1
202400044102;155 704 124;7;0;2;1;2;1
202400044102;155 704 128;7;0;2;4;2;1
202400044102;155 704 131;7;0;2;4;2;1
202400044103;155 704 122;10;0;2;7;1;1
202400044103;155 704 126;33;0;2;1;1;1
202400044104;155 704 120;7;0;2;2;1;1
202400044104;155 704 123;1;0;2;7;19;5
202400044105;155 704 121;7;0;2;1;1;1
202400044105;155 704 125;7;0;0;3;19;2
202400044106;155 704 119;7;0;0;9;1;0
202400044107;155 704 118;7;0;1;3;1;2
202400044108;155 704 111;10;13;0;1;0;1
202400044109;155 704 112;7;0;2;4;2;1
202400044109;155 704 115;7;0;2;4;2;1
202400044109;155 704 117;7;0;2;1;1;1
202400044110;155 704 114;7;0;2;6;15;1
202400044110;155 704 116;33;0;2;1;17;1
202400044111;155 704 109;7;15;0;2;1;1
202400044111;155 704 113;7;0;0;1;5;1
202400044112;155 704 108;7;0;1;1;19;0
202400044113;155 704 107;3;0;0;6;1;1
202400044113;155 704 110;7;2;0;2;1;1
202400044114;155 704 104;7;2;0;1;1;1
202400044115;155 704 103;7;0;0;2;17;1
202400044115;155 704 105;1;0;0;1;13;5
202400044116;155 704 102;7;0;2;1;0;1
202400044116;155 704 106;2;0;2;1;16;0
202400044117;155 704 100;2;15;0;1;19;1
202400044118;155 704 099;7;0;2;0;9;1
202400044118;155 704 101;2;0;2;0;2;3
202400044119;155 704 096;33;0;0;8;15;1
202400044120;155 704 093;7;4;0;3;1;1
202400044121;155 704 094;1;0;2;0;19;5
202400044121;155 704 098;10;0;1;5;1;1
202400044122;155 704 092;7;0;2;1;13;1
202400044122;155 704 095;7;0;2;1;1;3
202400044123;155 704 090;33;3;0;8;1;1
202400044124;155 704 088;7;1;0;3;17;1
202400044125;155 704 089;7;0;2;3;15;1
202400044125;155 704 091;33;0;2;1;1;1
202400044126;155 704 085;1;0;2;1;3;5
202400044126;155 704 087;1;0;2;1;26;5
202400044127;155 704 083;7;0;1;1;0;1
202400044128;155 704 082;7;4;2;1;5;1
202400044128;155 704 086;38;0;2;1;1;1
202400044129;155 704 081;1;12;2;1;2;5
202400044129;155 704 084;1;12;2;4;2;5
202400044130;155 704 080;7;13;0;0;0;1
202400044131;155 704 078;7;2;0;1;5;1
202400044132;155 704 075;7;0;1;2;2;1
202400044133;155 704 074;30;0;2;1;19;1
202400044133;155 704 079;7;0;2;8;1;1
202400044134;155 704 073;7;0;2;1;2;1
202400044134;155 704 076;1;0;0;4;1;5
202400044135;155 704 072;1;0;0;4;26;5
202400044135;155 704 077;10;0;9;2;26;1
202400044136;155 704 071;7;8;0;3;0;1
202400044137;155 704 068;33;3;0;3;17;1
202400044138;155 704 066;2;0;2;1;17;1
202400044138;155 704 070;7;0;2;3;15;1
202400044139;155 704 065;7;0;2;3;19;1
202400044139;155 704 069;7;0;2;2;1;1
202400044140;155 704 064;7;0;2;3;1;1
202400044140;155 704 067;7;0;2;1;1;1
202400044141;155 704 062;7;10;0;2;14;1
202400044142;155 704 061;1;0;0;4;1;5
202400044142;155 704 063;7;0;0;1;2;1
202400044143;155 704 058;7;0;2;3;13;1
202400044143;155 704 060;7;0;2;3;1;1
202400044144;155 704 056;7;13;0;3;14;1
202400044145;155 704 054;33;0;1;1;1;1
202400044146;155 704 052;7;0;2;8;10;2