Num_Acc;id_vehicule;categorie_vehicule;obstacle_fixe;obstacle_mobile;point_choc_initial;manoeuvre_principale;motorisation
202400044146;155 704 055;33;0;2;7;17;1
202400044147;155 704 051;7;0;2;4;23;1
202400044147;155 704 053;7;0;0;4;23;1
202400044147;155 704 057;10;0;2;1;2;1
202400044147;155 704 059;7;0;2;4;2;1
202400044148;155 704 050;7;13;0;9;26;1
202400044149;155 704 049;7;0;1;4;20;1
202400044150;155 704 043;7;0;0;3;1;1
202400044150;155 704 045;7;0;2;3;1;1
202400044151;155 704 046;7;0;1;3;15;1
202400044152;155 704 042;7;0;9;2;9;1
202400044152;155 704 044;1;0;2;1;1;5
202400044153;155 704 041;31;7;0;1;1;1
202400044154;155 704 038;7;0;2;3;9;1
202400044154;155 704 040;2;0;2;1;1;1
202400044155;155 704 037;7;0;2;1;1;1
202400044155;155 704 039;7;0;2;1;13;1
202400044156;155 704 035;7;4;0;1;17;1
202400044157;155 704 034;80;0;2;1;0;3
202400044157;155 704 036;7;0;0;8;0;1
202400044158;155 704 030;33;0;0;0;1;1
202400044159;155 704 027;7;0;2;3;21;1
202400044159;155 704 032;7;0;2;3;13;1
202400044160;155 704 029;15;0;2;8;1;1
202400044160;155 704 031;7;0;2;3;1;1
202400044161;155 704 023;7;0;2;1;1;1
202400044161;155 704 026;7;0;2;8;1;2
202400044162;155 704 022;7;8;0;1;1;1
202400044163;155 704 025;17;0;0;6;1;1
202400044163;155 704 028;7;0;0;4;9;1
202400044163;155 704 033;7;0;2;2;17;1
202400044164;155 704 020;7;13;2;3;15;1
202400044164;155 704 024;7;0;2;1;1;1
202400044165;155 704 018;7;0;1;1;1;1
202400044166;155 704 015;33;0;2;1;2;1
202400044166;155 704 019;14;0;2;4;23;1
202400044167;155 704 014;7;13;0;9;1;1
202400044168;155 704 012;7;0;2;3;13;1
202400044168;155 704 016;7;0;2;3;21;1
202400044169;155 704 011;2;0;0;1;1;1
202400044170;155 704 010;7;0;2;2;1;1
202400044170;155 704 013;7;0;2;2;15;1
202400044170;155 704 017;7;0;2;3;1;2
202400044171;155 704 007;7;13;0;6;1;1
202400044172;155 704 006;15;0;2;1;1;1
202400044172;155 704 009;1;0;2;1;21;5
202400044173;155 704 005;7;0;2;1;5;1
202400044173;155 704 008;7;0;2;1;1;2
202400044174;155 704 002;7;0;0;5;19;1
202400044174;155 704 004;33;0;2;1;21;1
202400044175;155 704 001;17;3;0;0;9;1
202400044176;155 703 998;33;0;2;8;1;1
202400044176;155 704 003;7;0;2;2;15;1
202400044177;155 703 999;7;3;0;3;1;3
202400044178;155 703 997;7;0;2;2;15;1
202400044178;155 704 000;7;0;2;3;1;1
202400044179;155 703 994;50;0;2;7;15;3
202400044179;155 703 996;7;0;2;1;1;1
202400044180;155 703 992;7;0;1;3;15;1
202400044181;155 703 989;7;0;2;1;2;1
202400044181;155 703 995;17;0;2;6;2;1
202400044182;155 703 988;7;0;2;6;9;1
202400044182;155 703 991;33;0;2;1;1;1
202400044183;155 703 987;7;0;2;1;2;1
202400044183;155 703 990;7;1;0;4;2;1
202400044183;155 703 993;7;0;0;4;2;1
202400044184;155 703 985;7;4;0;1;0;1
202400044185;155 703 984;7;6;0;3;1;1
202400044186;155 703 983;10;0;2;3;13;1
202400044186;155 703 986;33;0;2;6;1;1
202400044187;155 703 980;33;0;2;1;17;1
202400044187;155 703 982;7;0;2;8;15;1
202400044188;155 703 979;2;1;0;1;14;1
202400044189;155 703 978;7;0;1;1;1;1
202400044190;155 703 977;2;0;2;0;1;1
202400044190;155 703 981;21;0;2;3;1;1
202400044191;155 703 975;7;0;2;1;2;1
202400044191;155 703 976;34;0;0;4;2;1
202400044192;155 703 973;10;0;0;9;1;1
202400044193;155 703 972;7;0;2;3;1;1
202400044193;155 703 974;7;0;2;3;1;1
202400044194;155 703 971;7;8;1;3;6;1
202400044195;155 703 969;33;0;2;1;1;1
202400044195;155 703 970;10;0;2;8;1;1
202400044196;155 703 967;7;0;1;7;1;1
202400044197;155 703 965;7;0;2;5;12;1
202400044197;155 703 968;7;0;2;3;1;1
202400044198;155 703 962;10;0;1;3;9;1
202400044199;155 703 961;2;0;2;1;1;1
202400044199;155 703 964;7;0;2;7;15;3
202400044200;155 703 963;7;0;2;3;11;1
202400044200;155 703 966;7;0;2;2;1;1
202400044201;155 703 960;7;5;0;2;0;1
202400044202;155 703 957;99;0;0;6;0;1
202400044202;155 703 959;33;0;0;3;1;1
202400044203;155 703 955;15;0;1;1;1;1
202400044204;155 703 954;7;0;2;1;13;0
202400044204;155 703 958;7;0;2;1;1;1
202400044205;155 703 950;10;0;0;3;15;1
202400044205;155 703 952;43;0;2;1;17;1
202400044206;155 703 951;14;0;2;7;12;1
202400044206;155 703 953;7;3;2;6;1;1
202400044206;155 703 956;7;0;2;1;0;1
202400044207;155 703 947;7;0;2;0;0;2
202400044207;155 703 949;32;0;2;0;0;1
202400044208;155 703 946;7;0;2;1;1;1
202400044208;155 703 948;33;0;2;7;1;1
202400044209;155 703 944;7;0;2;8;13;1
202400044209;155 703 945;10;0;2;8;1;1
202400044210;155 703 942;15;0;1;1;2;0
202400044211;155 703 940;7;0;2;8;1;1
202400044211;155 703 943;10;0;2;1;1;1
202400044212;155 703 939;2;0;2;0;9;1
202400044212;155 703 941;7;0;2;2;14;1
202400044213;155 703 937;32;0;2;1;1;1
202400044213;155 703 938;7;0;0;4;1;1
202400044214;155 703 934;7;13;0;9;19;1
202400044215;155 703 933;7;0;2;3;1;1
202400044215;155 703 936;7;0;2;2;1;1
202400044216;155 703 929;7;0;9;9;1;1
202400044217;155 703 928;7;0;2;1;1;1
202400044217;155 703 931;1;0;2;7;1;5
202400044218;155 703 925;33;0;2;1;1;1
202400044218;155 703 927;10;0;2;2;15;1
202400044219;155 703 924;7;14;0;4;23;1
202400044219;155 703 926;7;0;2;4;26;1
202400044219;155 703 930;7;0;2;5;2;1
202400044219;155 703 932;7;0;2;1;2;3
202400044219;155 703 935;7;0;2;1;2;2
202400044220;155 703 921;10;0;1;1;1;1
202400044221;155 703 920;2;0;2;1;1;1
202400044221;155 703 922;7;0;2;3;1;1
202400044222;155 703 919;7;0;2;1;15;1
202400044222;155 703 923;33;0;2;7;1;1
202400044223;155 703 916;7;2;0;1;0;1
202400044224;155 703 910;7;0;2;3;1;1
202400044224;155 703 913;7;0;2;3;1;1
202400044225;155 703 912;10;0;2;1;1;1
202400044225;155 703 914;7;0;2;4;1;1
202400044225;155 703 917;7;0;2;4;1;1
202400044226;155 703 909;13;0;2;8;13;4
202400044226;155 703 911;10;0;2;7;1;3
202400044226;155 703 915;7;0;2;4;2;2
202400044226;155 703 918;10;0;2;4;2;1
202400044227;155 703 908;7;0;1;2;1;1
202400044228;155 703 907;7;13;0;2;1;1
202400044229;155 703 906;7;0;2;2;9;1
202400044230;155 703 903;7;0;2;5;12;1
202400044230;155 703 905;33;0;2;3;3;1
202400044231;155 703 901;7;0;2;1;1;1
202400044231;155 703 904;14;0;2;1;1;1
202400044232;155 703 896;10;0;2;1;1;1
202400044232;155 703 902;7;0;2;7;1;1
202400044233;155 703 897;34;0;2;2;2;1
202400044233;155 703 900;7;0;2;4;23;1
202400044234;155 703 898;7;0;2;2;16;1
202400044234;155 703 899;1;0;2;7;1;5
202400044235;155 703 893;50;0;1;0;1;3
202400044236;155 703 892;7;15;0;1;17;1
202400044237;155 703 890;7;2;2;4;2;1
202400044237;155 703 894;7;0;0;5;2;1
202400044237;155 703 895;15;0;2;2;2;1
202400044238;155 703 889;7;7;2;2;15;1
202400044238;155 703 891;7;7;2;3;1;1
202400044239;155 703 884;31;0;2;7;21;1
202400044239;155 703 888;7;0;2;6;4;1
202400044240;155 703 882;31;0;0;0;26;1
202400044241;155 703 883;33;0;2;1;1;1
202400044241;155 703 886;7;0;0;4;15;1
202400044242;155 703 881;17;0;2;7;24;1
202400044242;155 703 885;33;0;2;8;1;1
202400044242;155 703 887;10;0;2;7;12;1
202400044243;155 703 878;33;3;0;2;1;1
202400044244;155 703 877;34;0;2;1;1;1
202400044244;155 703 879;7;0;0;8;22;1
202400044245;155 703 876;7;0;0;4;23;1
202400044245;155 703 880;7;1;0;1;1;1
202400044246;155 703 874;7;13;0;9;12;1
202400044247;155 703 875;7;0;2;1;1;2
202400044248;155 703 871;7;0;2;0;0;0
202400044248;155 703 873;7;0;2;6;1;1
202400044249;155 703 870;7;0;2;3;1;1
202400044249;155 703 872;30;0;2;1;15;1
202400044250;155 703 865;10;0;2;1;2;1
202400044250;155 703 868;7;0;0;4;2;1
202400044251;155 703 866;7;4;0;4;26;1
202400044251;155 703 869;7;0;2;4;1;1
202400044252;155 703 863;7;0;2;4;2;1
202400044252;155 703 867;7;0;2;1;2;1
202400044253;155 703 862;7;0;2;8;22;1
202400044253;155 703 864;1;0;2;1;1;5
202400044254;155 703 858;7;4;2;1;12;1
202400044254;155 703 861;7;0;0;4;1;1
202400044255;155 703 857;40;0;1;3;1;3
202400044256;155 703 856;7;0;2;1;11;1
202400044256;155 703 860;13;0;2;2;1;1
202400044257;155 703 855;33;0;2;1;1;1
202400044257;155 703 859;7;0;2;5;1;1
202400044258;155 703 853;7;2;0;1;14;1
202400044259;155 703 852;33;0;0;8;1;1
202400044260;155 703 851;7;0;2;3;15;1
202400044260;155 703 854;1;0;2;3;1;5
202400044261;155 703 848;7;0;2;1;1;1
202400044261;155 703 850;10;0;2;4;1;1
202400044262;155 703 846;7;0;2;3;1;1
202400044262;155 703 849;7;0;2;1;5;1
202400044263;155 703 845;7;0;2;5;16;1
202400044263;155 703 847;1;0;2;1;1;5
202400044264;155 703 843;33;12;2;1;18;1
202400044264;155 703 844;1;12;2;7;7;5
202400044265;155 703 840;33;0;2;7;5;1
202400044265;155 703 842;7;1;2;1;1;1
202400044266;155 703 837;7;0;2;1;26;1
202400044266;155 703 839;7;0;2;3;0;1
202400044267;155 703 832;33;0;2;2;1;1
202400044267;155 703 835;7;0;2;3;15;2
202400044268;155 703 833;10;0;2;1;2;1
202400044268;155 703 836;10;0;2;4;2;1
202400044268;155 703 838;10;0;2;4;2;1
202400044268;155 703 841;7;0;2;5;2;3
202400044269;155 703 830;1;0;2;2;1;5
202400044269;155 703 834;7;0;2;3;16;1
202400044270;155 703 829;1;0;2;4;1;5
202400044270;155 703 831;7;0;2;3;1;2
202400044271;155 703 826;33;0;0;0;0;1
202400044272;155 703 823;1;0;2;1;15;5
202400044272;155 703 827;33;0;2;8;1;1
202400044273;155 703 822;10;0;2;1;2;1
202400044273;155 703 825;7;0;2;1;2;1
202400044273;155 703 828;7;0;2;4;23;2
202400044274;155 703 821;2;0;2;1;1;1
202400044274;155 703 824;2;0;2;1;1;1
202400044275;155 703 820;33;8;0;1;0;1
202400044276;155 703 816;10;0;9;7;16;1
202400044276;155 703 819;1;0;2;8;1;5
202400044277;155 703 815;7;0;0;1;1;1
202400044278;155 703 814;15;0;2;1;2;1
202400044278;155 703 818;7;0;2;4;2;1
202400044279;155 703 813;1;0;2;1;3;5
202400044279;155 703 817;7;0;2;2;1;1
202400044280;155 703 812;32;0;1;1;1;1
202400044281;155 703 809;7;0;0;4;15;1
202400044281;155 703 811;7;0;0;1;2;1
202400044282;155 703 806;32;0;2;1;2;1
202400044282;155 703 810;7;0;2;3;2;2
202400044283;155 703 804;33;0;2;2;3;1
202400044283;155 703 808;7;0;2;3;11;2
202400044284;155 703 805;33;0;2;1;1;1
202400044284;155 703 807;7;0;2;2;15;1
202400044285;155 703 801;7;0;1;4;2;1
202400044285;155 703 803;10;0;2;1;2;1
202400044286;155 703 800;10;0;1;0;0;1
202400044287;155 703 798;7;0;2;1;2;1
202400044287;155 703 802;7;13;0;4;15;1
202400044288;155 703 795;7;0;2;4;2;1
202400044288;155 703 797;7;0;2;1;2;2
202400044288;155 703 799;7;0;2;4;2;1
202400044289;155 703 792;10;0;0;6;1;1
202400044289;155 703 794;33;0;0;1;2;1
202400044290;155 703 791;7;0;2;2;15;1
202400044290;155 703 793;80;0;2;1;25;3
202400044291;155 703 790;7;0;2;1;1;1
202400044291;155 703 796;7;0;2;3;1;2
202400044292;155 703 788;7;0;1;3;1;1
202400044293;155 703 784;7;1;0;3;1;1
202400044293;155 703 786;7;0;2;8;24;1
202400044294;155 703 783;7;0;2;6;15;1
202400044294;155 703 787;7;0;2;1;0;1
202400044294;155 703 789;7;0;2;4;0;1
202400044295;155 703 782;34;0;2;1;2;1
202400044295;155 703 785;7;0;2;7;11;1
202400044296;155 703 781;7;0;1;2;26;1
202400044297;155 703 780;50;0;0;1;1;3
202400044298;155 703 778;7;2;0;1;21;1
202400044299;155 703 776;33;0;2;3;3;1
202400044299;155 703 779;7;0;2;2;12;1
202400044300;155 703 773;80;0;1;1;5;3
202400044301;155 703 775;7;0;2;3;15;1
202400044301;155 703 777;33;0;2;1;1;1
202400044302;155 703 772;7;0;2;8;19;1
202400044302;155 703 774;33;0;2;1;1;1
202400044303;155 703 768;7;0;2;5;2;1
202400044303;155 703 769;7;0;2;1;2;1
202400044304;155 703 766;7;0;1;3;15;1
202400044305;155 703 767;7;0;2;3;15;0
202400044305;155 703 770;32;0;2;3;17;1
202400044306;155 703 765;7;0;2;1;1;1
202400044306;155 703 771;7;0;2;5;1;1
202400044307;155 703 761;30;0;2;2;11;1
202400044307;155 703 764;7;0;2;3;11;2
202400044308;155 703 760;7;0;2;1;2;1
202400044308;155 703 763;7;0;2;4;2;1
202400044309;155 703 759;7;0;2;5;1;1
202400044309;155 703 762;7;0;2;2;1;1
202400044310;155 703 755;7;0;2;1;1;1
202400044310;155 703 757;10;0;2;4;10;1
202400044311;155 703 754;7;0;2;1;9;1
202400044311;155 703 758;7;0;2;8;1;1
202400044312;155 703 753;7;0;2;3;15;1
202400044312;155 703 756;30;0;2;1;1;1
202400044313;155 703 751;33;12;0;2;26;1
202400044314;155 703 747;7;0;2;1;1;3
202400044314;155 703 750;7;0;0;4;1;1
202400044314;155 703 752;7;0;2;8;1;1
202400044315;155 703 745;10;0;2;3;1;1
202400044315;155 703 749;7;0;2;3;1;1
202400044316;155 703 743;7;4;1;3;1;1
202400044317;155 703 738;7;0;2;2;16;1
202400044317;155 703 741;32;0;2;8;1;1
202400044318;155 703 740;7;0;2;4;2;1
202400044318;155 703 744;7;0;2;4;2;1
202400044318;155 703 746;7;0;2;0;0;1
202400044318;155 703 748;7;0;2;1;2;1
202400044319;155 703 739;7;0;2;3;15;1
202400044319;155 703 742;1;0;2;1;1;5
202400044320;155 703 735;2;0;2;1;1;1
202400044320;155 703 737;50;0;2;0;9;3
202400044321;155 703 733;10;0;1;1;15;1
202400044322;155 703 732;7;0;2;4;23;1
202400044322;155 703 734;7;0;2;4;23;1
202400044322;155 703 736;7;0;2;1;2;1
202400044323;155 703 730;7;1;0;1;1;1
202400044323;155 703 731;7;1;0;4;24;1
202400044324;155 703 728;7;0;1;1;2;1
202400044325;155 703 725;1;0;2;1;19;5
202400044325;155 703 727;7;0;9;2;2;1
202400044326;155 703 726;1;0;2;1;21;5
202400044326;155 703 729;7;0;2;4;23;1
202400044327;155 703 724;7;0;2;3;1;1
202400044328;155 703 723;7;0;1;2;16;1
202400044329;155 703 720;7;0;2;1;2;1
202400044329;155 703 721;10;0;2;4;23;1
202400044329;155 703 722;7;0;2;4;23;1
202400044330;155 703 717;7;2;2;3;1;1
202400044330;155 703 719;7;0;2;1;9;1
202400044331;155 703 715;7;0;2;2;19;1
202400044331;155 703 718;7;0;2;3;1;1
202400044332;155 703 713;7;0;2;3;1;1
202400044332;155 703 714;7;0;2;7;17;1
202400044332;155 703 716;7;0;2;8;1;1
202400044333;155 703 712;3;0;0;7;15;3
202400044334;155 703 709;36;13;0;3;21;1
202400044334;155 703 711;7;0;2;3;26;1
202400044335;155 703 705;7;0;2;1;1;3
202400044335;155 703 707;7;8;2;2;1;1
202400044336;155 703 704;33;1;0;9;1;1
202400044337;155 703 703;1;0;9;1;1;5
202400044337;155 703 706;1;0;9;1;5;5
202400044338;155 703 702;15;0;1;0;13;1
202400044339;155 703 698;7;0;2;8;19;1
202400044339;155 703 701;7;0;2;0;1;2
202400044340;155 703 699;80;0;2;3;0;3
202400044340;155 703 700;2;0;9;3;0;1
202400044341;155 703 696;50;0;2;0;15;3
202400044341;155 703 697;7;0;2;2;15;1
202400044342;155 703 694;10;0;1;4;4;1
202400044343;155 703 693;7;2;0;1;13;1
202400044344;155 703 692;7;0;2;3;15;1
202400044344;155 703 695;7;0;2;2;1;1
202400044345;155 703 683;7;1;0;1;2;1
202400044345;155 703 684;7;0;2;6;1;1
202400044345;155 703 689;7;0;2;4;23;1
202400044346;155 703 681;7;2;0;1;0;0
202400044347;155 703 680;7;7;0;2;1;1
202400044348;155 703 679;10;0;2;7;15;1
202400044348;155 703 682;33;0;2;1;1;1
202400044349;155 703 678;7;0;1;1;1;1
202400044350;155 703 677;7;0;1;1;0;1
202400044351;155 703 675;7;4;0;9;1;1
202400044352;155 703 673;7;0;1;2;16;1
202400044353;155 703 672;33;0;1;1;26;0
202400044354;155 703 671;50;0;2;1;1;3
202400044354;155 703 674;7;0;2;1;9;1
202400044355;155 703 669;50;0;2;2;5;3
202400044355;155 703 670;7;0;2;1;15;1
202400044356;155 703 668;7;13;0;1;15;1
202400044357;155 703 665;50;0;0;1;25;3
202400044358;155 703 666;2;0;2;3;3;1
202400044358;155 703 667;10;0;2;2;1;1
202400044359;155 703 664;7;13;0;3;1;1
202400044360;155 703 661;7;0;2;1;26;1
202400044360;155 703 663;7;0;2;0;0;1
202400044361;155 703 662;10;0;1;1;16;1
202400044362;155 703 658;7;13;0;0;17;1
202400044362;155 703 660;10;3;0;8;2;1
202400044363;155 703 657;7;2;0;1;1;1
202400044364;155 703 659;31;0;0;1;0;1
202400044365;155 703 656;7;0;0;2;14;1
202400044366;155 703 654;7;8;0;7;13;1
202400044367;155 703 653;1;0;2;1;1;5
202400044367;155 703 655;7;0;2;1;16;1
202400044368;155 703 652;7;0;1;2;13;1
202400044369;155 703 650;7;2;0;3;13;1
202400044370;155 703 648;7;0;2;1;15;1
202400044370;155 703 651;1;0;2;8;15;5
202400044371;155 703 647;50;0;2;1;1;3
202400044371;155 703 649;7;0;2;8;1;1
202400044372;155 703 646;7;16;0;0;1;1
202400044373;155 703 645;7;0;1;3;15;1
202400044374;155 703 642;7;0;2;3;1;1
202400044374;155 703 643;60;0;2;1;1;5
202400044375;155 703 639;7;0;2;1;15;0
202400044375;155 703 641;1;0;2;1;1;0
202400044376;155 703 638;7;0;2;3;1;1
202400044376;155 703 640;10;0;2;3;1;1
202400044377;155 703 636;10;9;0;1;12;1
202400044378;155 703 635;50;0;2;1;5;3
202400044378;155 703 637;10;0;2;2;16;2
202400044379;155 703 634;2;0;0;0;1;1
202400044380;155 703 630;7;2;0;1;0;2
202400044381;155 703 632;33;0;2;3;18;1
202400044381;155 703 633;10;0;2;7;16;1
202400044382;155 703 629;15;0;5;8;1;0
202400044382;155 703 631;10;0;2;0;0;0
202400044383;155 703 625;1;0;2;1;1;5
202400044383;155 703 627;7;0;2;3;16;3
202400044384;155 703 624;7;0;2;1;1;1
202400044384;155 703 628;7;6;2;3;15;1
202400044385;155 703 623;7;12;0;1;16;1
202400044385;155 703 626;80;0;2;1;19;3
202400044386;155 703 621;10;0;9;3;0;3
202400044386;155 703 622;50;0;2;1;26;3
202400044387;155 703 619;7;13;0;0;1;1
202400044388;155 703 618;7;0;2;3;15;1
202400044388;155 703 620;38;0;2;1;1;1
202400044389;155 703 615;33;0;2;8;1;1
202400044389;155 703 617;10;0;2;1;15;1
202400044390;155 703 611;50;0;2;7;1;3
202400044390;155 703 614;7;0;2;2;1;1
202400044391;155 703 610;7;0;2;4;23;1
202400044391;155 703 612;7;0;2;4;23;1
202400044391;155 703 613;7;0;2;4;23;1
202400044391;155 703 616;7;0;2;1;1;1
202400044392;155 703 607;2;0;2;2;0;1
202400044392;155 703 609;7;0;2;3;11;1
202400044393;155 703 606;10;6;0;1;13;1
202400044394;155 703 605;14;0;0;0;0;0
202400044394;155 703 608;30;0;2;8;1;1
202400044395;155 703 604;7;0;1;4;26;1
202400044396;155 703 602;7;8;0;1;13;1
202400044397;155 703 601;7;0;2;6;1;1
202400044397;155 703 603;7;0;2;1;9;1
202400044398;155 703 600;7;0;1;2;15;1
202400044399;155 703 599;7;0;1;8;1;1
202400044400;155 703 597;10;0;1;1;1;1
202400044401;155 703 596;10;0;1;2;1;1
202400044402;155 703 595;7;0;2;1;17;1
202400044402;155 703 598;7;0;2;1;1;1
202400044403;155 703 592;7;13;0;1;1;1
202400044404;155 703 591;7;0;2;3;1;1
202400044404;155 703 594;7;0;2;2;15;1
202400044405;155 703 588;1;0;0;0;0;5
202400044405;155 703 590;7;1;0;2;5;1
202400044405;155 703 593;7;0;0;0;0;1
202400044406;155 703 586;7;0;1;1;1;1
202400044407;155 703 587;10;0;0;8;1;1
202400044407;155 703 589;7;0;2;1;1;1
202400044408;155 703 583;38;0;2;2;7;1
202400044408;155 703 585;7;0;2;3;11;1
202400044409;155 703 582;7;0;1;3;1;1
202400044410;155 703 579;7;0;1;3;9;1
202400044411;155 703 578;7;1;6;1;1;1
202400044411;155 703 581;7;0;6;1;1;1
202400044411;155 703 584;7;1;6;1;14;1
202400044412;155 703 577;7;0;2;4;23;1
202400044412;155 703 580;7;0;2;1;1;1
202400044413;155 703 573;7;0;2;1;1;1
202400044413;155 703 575;7;0;2;3;13;1
202400044414;155 703 572;7;0;2;3;15;1
202400044414;155 703 576;31;0;2;1;1;1
202400044415;155 703 571;7;0;2;3;1;1
202400044415;155 703 574;33;0;2;8;13;1
202400044416;155 703 568;7;4;6;1;0;1
202400044417;155 703 569;32;0;1;1;1;1
202400044418;155 703 567;50;0;2;5;19;3
202400044418;155 703 570;7;0;2;1;9;2
202400044419;155 703 564;7;0;1;0;4;1
202400044420;155 703 563;38;0;2;1;1;1
202400044420;155 703 565;7;0;2;7;13;1
202400044421;155 703 562;7;0;2;2;0;1
202400044421;155 703 566;17;0;0;6;1;1
202400044422;155 703 560;7;1;0;3;26;1
202400044423;155 703 558;50;0;2;4;23;3
202400044423;155 703 561;32;0;2;1;1;1
202400044424;155 703 559;3;2;0;1;1;1
202400044425;155 703 556;7;0;1;1;1;1
202400044426;155 703 555;7;4;0;1;1;1
202400044427;155 703 554;50;0;2;1;25;3
202400044427;155 703 557;7;0;2;2;9;1
202400044428;155 703 551;7;0;2;1;1;3
202400044428;155 703 553;7;0;2;3;1;1
202400044429;155 703 550;7;0;1;3;13;3
202400044430;155 703 549;7;0;2;7;13;1
202400044430;155 703 552;7;0;2;1;1;1
202400044431;155 703 547;10;0;2;1;1;1
202400044431;155 703 548;50;0;2;8;19;3
202400044432;155 703 544;7;0;1;8;1;1
202400044433;155 703 543;7;0;1;1;1;1
202400044434;155 703 545;7;0;2;8;19;2
202400044434;155 703 546;7;0;2;1;0;3
202400044435;155 703 539;7;0;2;1;16;1
202400044435;155 703 540;2;0;2;1;15;1
202400044436;155 703 538;7;0;2;3;19;1
202400044436;155 703 542;30;0;2;1;1;1
202400044437;155 703 537;7;0;2;1;9;1
202400044437;155 703 541;80;0;2;7;1;3
202400044438;155 703 536;33;1;0;3;1;1
202400044439;155 703 533;7;0;2;2;15;1
202400044439;155 703 535;30;0;2;1;1;1
202400044440;155 703 530;1;0;2;7;1;5
202400044440;155 703 532;7;0;9;3;9;1
202400044441;155 703 529;50;0;0;0;1;3
202400044442;155 703 527;7;0;2;4;20;1
202400044442;155 703 528;7;0;2;4;23;1
202400044442;155 703 531;10;0;2;1;2;1
202400044443;155 703 525;7;0;0;3;1;1
202400044444;155 703 524;50;0;0;3;16;3
202400044444;155 703 526;7;0;0;2;1;1
202400044445;155 703 523;7;0;1;3;1;1
202400044446;155 703 522;7;0;0;5;14;1
202400044447;155 703 520;7;0;2;1;1;1
202400044447;155 703 521;10;0;2;1;13;1
202400044448;155 703 519;14;0;1;6;4;1
202400044449;155 703 517;7;1;0;1;1;1
202400044449;155 703 518;7;0;2;4;23;1
202400044450;155 703 515;7;0;2;1;13;1
202400044450;155 703 516;10;0;2;3;1;1
202400044451;155 703 514;7;8;0;1;1;1
202400044452;155 703 513;7;9;0;1;14;1
202400044453;155 703 511;7;0;1;1;1;1
202400044454;155 703 508;2;0;2;0;2;1
202400044454;155 703 509;7;0;2;4;2;1
202400044455;155 703 506;7;0;1;1;1;1
202400044456;155 703 505;80;0;2;8;19;3
202400044456;155 703 507;7;0;2;2;1;1
202400044457;155 703 501;7;0;2;2;15;1
202400044457;155 703 503;33;0;2;1;1;1
202400044458;155 703 500;7;0;2;4;23;1
202400044458;155 703 502;7;0;2;1;1;1
202400044458;155 703 504;7;0;2;4;23;1
202400044459;155 703 498;2;0;2;2;0;1
202400044459;155 703 499;7;0;2;2;0;1
202400044460;155 703 497;50;1;0;1;1;3
202400044461;155 703 495;7;0;1;2;1;1
202400044462;155 703 493;37;0;1;2;1;6
202400044463;155 703 494;99;0;2;5;2;1
202400044463;155 703 496;10;0;2;3;15;1
202400044464;155 703 487;7;0;2;3;1;1
202400044464;155 703 490;50;0;2;3;5;3
202400044465;155 703 488;33;0;2;1;1;1
202400044465;155 703 491;7;0;2;3;15;1
202400044466;155 703 489;31;0;2;1;1;0
202400044466;155 703 492;7;0;2;3;15;2
202400044467;155 703 485;7;1;0;1;19;1
202400044468;155 703 483;2;0;2;1;17;1
202400044468;155 703 484;7;0;2;6;15;1
202400044469;155 703 482;7;0;0;1;13;1
202400044469;155 703 486;10;0;2;8;2;1
202400044470;155 703 480;31;0;2;3;0;1
202400044470;155 703 481;7;0;2;7;12;1
202400044471;155 703 478;7;13;0;1;14;1
202400044472;155 703 476;7;0;2;3;1;1
202400044472;155 703 477;7;0;2;6;1;1
202400044472;155 703 479;33;0;2;3;17;1
202400044473;155 703 474;7;0;1;1;15;0
202400044474;155 703 469;10;0;2;3;15;1
202400044474;155 703 472;7;0;2;2;17;1
202400044475;155 703 468;7;0;2;1;13;1
202400044475;155 703 470;7;0;2;1;1;1
202400044476;155 703 467;7;0;2;4;1;1
202400044476;155 703 471;7;0;2;4;1;1
202400044476;155 703 473;7;0;2;1;1;1
202400044476;155 703 475;7;0;2;4;1;1
202400044477;155 703 466;50;0;1;8;25;3
202400044478;155 703 463;7;0;2;1;2;1
202400044478;155 703 464;7;0;2;4;2;1
202400044479;155 703 458;7;8;2;1;7;1
202400044479;155 703 461;7;0;2;1;15;1
202400044480;155 703 456;7;0;2;1;2;1
202400044480;155 703 460;7;0;2;4;2;1
202400044480;155 703 462;7;0;2;4;2;1
202400044480;155 703 465;7;0;2;4;2;1
202400044481;155 703 454;33;0;2;1;1;1
202400044481;155 703 455;7;0;2;3;1;1
202400044482;155 703 451;7;0;0;0;9;1
202400044482;155 703 453;32;0;2;7;21;1
202400044483;155 703 450;7;0;2;2;2;1
202400044483;155 703 452;7;0;2;4;2;1
202400044484;155 703 449;7;1;1;1;1;2
202400044485;155 703 448;7;6;1;3;13;1
202400044486;155 703 447;33;0;0;7;1;1
202400044487;155 703 443;7;0;0;1;1;1
202400044488;155 703 442;7;14;0;1;2;1
202400044488;155 703 444;7;14;0;4;23;1
202400044488;155 703 446;7;0;2;4;23;1
202400044489;155 703 441;7;0;2;7;15;1
202400044489;155 703 445;10;0;2;1;1;1
202400044490;155 703 438;37;0;1;5;26;1
202400044491;155 703 437;7;0;2;3;9;1
202400044491;155 703 440;7;12;2;7;1;1
202400044492;155 703 436;7;0;2;6;9;1