Num_Acc;id_vehicule;categorie_vehicule;obstacle_fixe;obstacle_mobile;point_choc_initial;manoeuvre_principale;motorisation
202400044492;155 703 439;32;0;2;5;15;1
202400044493;155 703 431;7;4;2;3;13;1
202400044493;155 703 434;7;0;2;2;1;2
202400044494;155 703 430;7;0;2;2;11;1
202400044494;155 703 433;10;0;0;0;0;1
202400044495;155 703 425;7;0;2;4;11;1
202400044495;155 703 427;43;0;2;1;3;1
202400044496;155 703 424;33;0;2;3;3;1
202400044496;155 703 426;10;0;2;2;12;1
202400044497;155 703 422;31;3;0;1;1;1
202400044498;155 703 421;2;0;2;2;0;3
202400044498;155 703 423;7;0;2;2;15;1
202400044499;155 703 418;7;2;0;2;21;1
202400044500;155 703 419;33;6;0;3;1;1
202400044501;155 703 416;10;0;2;1;2;1
202400044501;155 703 417;7;0;2;4;2;2
202400044501;155 703 420;10;0;0;4;2;1
202400044502;155 703 414;7;0;2;3;15;1
202400044502;155 703 415;31;0;2;1;1;1
202400044503;155 703 412;7;0;1;3;1;1
202400044504;155 703 413;10;2;0;2;26;1
202400044505;155 703 410;33;0;1;1;1;1
202400044506;155 703 408;7;6;0;1;1;2
202400044507;155 703 407;7;0;2;1;1;1
202400044507;155 703 409;7;0;2;4;23;1
202400044507;155 703 411;7;0;2;4;23;1
202400044508;155 703 405;31;0;1;1;1;1
202400044509;155 703 402;30;0;2;3;1;3
202400044509;155 703 403;7;0;2;3;23;1
202400044510;155 703 401;14;0;2;2;21;1
202400044510;155 703 404;7;0;2;3;13;1
202400044511;155 703 397;7;0;1;1;15;2
202400044512;155 703 396;7;0;2;3;1;3
202400044512;155 703 398;7;0;2;3;13;1
202400044512;155 703 399;7;0;2;4;1;1
202400044512;155 703 400;7;0;2;4;1;1
202400044512;155 703 406;10;0;2;7;1;1
202400044513;155 703 394;33;0;2;1;1;0
202400044513;155 703 395;7;0;2;7;10;1
202400044514;155 703 391;31;0;2;1;1;1
202400044514;155 703 393;7;0;2;8;15;1
202400044515;155 703 389;33;16;0;8;0;1
202400044516;155 703 388;2;0;9;7;2;1
202400044516;155 703 390;50;0;9;1;2;3
202400044516;155 703 392;1;0;9;8;1;5
202400044517;155 703 387;7;0;1;1;1;2
202400044518;155 703 386;7;0;1;1;1;1
202400044519;155 703 385;10;0;1;0;1;1
202400044520;155 703 384;7;0;1;3;1;0
202400044521;155 703 382;33;0;2;1;26;1
202400044521;155 703 383;7;0;2;7;15;1
202400044522;155 703 378;31;0;2;3;15;3
202400044522;155 703 380;1;0;2;1;1;5
202400044523;155 703 377;7;0;2;5;1;1
202400044523;155 703 381;7;0;2;2;2;1
202400044524;155 703 376;1;1;0;1;2;5
202400044524;155 703 379;10;1;2;8;22;1
202400044525;155 703 373;7;0;1;3;0;0
202400044526;155 703 372;31;0;2;6;23;1
202400044526;155 703 375;31;0;2;1;12;1
202400044527;155 703 374;10;0;1;6;0;0
202400044528;155 703 368;7;0;2;2;14;1
202400044528;155 703 370;34;0;2;3;18;1
202400044529;155 703 369;7;0;2;3;13;1
202400044529;155 703 371;7;0;2;3;1;1
202400044530;155 703 367;1;12;0;1;26;5
202400044531;155 703 365;7;0;9;1;15;1
202400044531;155 703 366;50;0;2;1;1;3
202400044532;155 703 363;7;0;1;2;13;1
202400044533;155 703 364;7;0;1;1;15;2
202400044534;155 703 362;7;0;1;1;1;1
202400044535;155 703 361;32;0;1;1;5;1
202400044536;155 703 358;33;0;2;3;26;1
202400044536;155 703 360;99;0;0;1;26;1
202400044537;155 703 356;7;0;2;3;10;1
202400044537;155 703 357;32;0;2;1;1;1
202400044538;155 703 355;7;5;2;1;26;1
202400044538;155 703 359;7;5;2;9;26;1
202400044539;155 703 354;37;0;0;2;1;1
202400044540;155 703 351;7;0;2;1;15;1
202400044540;155 703 353;80;0;2;1;15;2
202400044541;155 703 348;10;0;2;0;0;1
202400044541;155 703 350;7;0;2;4;1;1
202400044542;155 703 349;80;0;2;8;13;3
202400044542;155 703 352;7;0;2;7;17;1
202400044543;155 703 347;7;0;1;1;16;1
202400044544;155 703 345;34;0;1;1;2;1
202400044544;155 703 346;7;0;2;7;2;1
202400044545;155 703 343;1;0;2;1;1;5
202400044545;155 703 344;7;0;2;3;15;2
202400044546;155 703 338;7;0;2;2;1;0
202400044546;155 703 339;7;0;2;3;20;1
202400044546;155 703 341;33;0;2;7;2;1
202400044547;155 703 335;1;0;2;7;1;5
202400044547;155 703 336;7;0;2;1;16;0
202400044548;155 703 334;7;9;0;1;1;1
202400044549;155 703 331;30;0;0;0;0;0
202400044549;155 703 332;7;0;2;3;9;0
202400044550;155 703 333;7;1;2;3;23;2
202400044550;155 703 337;31;0;2;1;1;3
202400044551;155 703 329;30;0;2;1;1;1
202400044551;155 703 330;10;0;2;6;0;1
202400044552;155 703 340;7;0;2;4;1;1
202400044552;155 703 342;15;0;2;1;2;1
202400044553;155 703 326;7;0;2;2;16;1
202400044553;155 703 328;33;0;2;1;18;1
202400044554;155 703 324;7;0;2;1;15;1
202400044554;155 703 325;33;0;2;1;1;1
202400044555;155 703 321;1;0;2;1;1;5
202400044555;155 703 323;7;0;2;1;0;1
202400044556;155 703 322;7;0;2;1;15;2
202400044556;155 703 327;7;0;2;5;0;1
202400044557;155 703 317;7;0;2;5;15;0
202400044557;155 703 320;33;0;2;1;1;1
202400044558;155 703 316;1;0;2;3;15;5
202400044558;155 703 319;10;0;2;2;1;1
202400044559;155 703 315;1;0;2;3;22;5
202400044559;155 703 318;7;0;2;3;22;1
202400044560;155 703 314;10;0;1;1;1;1
202400044561;155 703 312;33;0;2;1;2;1
202400044561;155 703 313;7;0;2;8;15;2
202400044562;155 703 311;7;0;1;1;15;1
202400044563;155 703 308;33;0;2;2;2;1
202400044563;155 703 309;7;0;2;3;9;1
202400044564;155 703 305;7;0;2;6;2;1
202400044565;155 703 303;7;0;1;5;20;3
202400044566;155 703 302;13;0;2;2;1;3
202400044566;155 703 304;7;0;2;1;14;1
202400044567;155 703 301;7;0;1;2;15;2
202400044568;155 703 299;7;0;1;2;1;1
202400044569;155 703 298;7;0;2;1;1;2
202400044569;155 703 300;7;0;2;8;15;1
202400044570;155 703 294;10;0;2;1;0;1
202400044570;155 703 296;10;0;2;1;0;1
202400044571;155 703 292;7;1;2;7;1;1
202400044571;155 703 295;7;0;2;1;1;1
202400044572;155 703 291;7;0;2;1;15;1
202400044572;155 703 293;32;0;2;1;1;1
202400044573;155 703 289;7;0;1;1;21;1
202400044574;155 703 288;7;4;5;9;2;3
202400044574;155 703 290;7;0;2;1;2;1
202400044575;155 703 287;7;0;1;0;13;0
202400044576;155 703 284;50;15;2;2;0;3
202400044576;155 703 286;7;8;9;2;16;1
202400044577;155 703 283;7;0;2;1;5;1
202400044577;155 703 285;7;0;2;1;1;1
202400044578;155 703 281;7;3;2;2;13;0
202400044578;155 703 282;38;0;2;7;11;1
202400044579;155 703 279;32;0;2;7;17;1
202400044579;155 703 280;7;0;2;8;15;1
202400044580;155 703 278;7;0;1;6;1;1
202400044581;155 703 275;33;0;2;1;1;1
202400044581;155 703 277;7;0;2;2;15;1
202400044582;155 703 274;30;0;2;7;1;1
202400044582;155 703 276;7;0;2;1;1;1
202400044583;155 703 272;1;0;2;7;1;5
202400044583;155 703 273;7;0;2;3;9;1
202400044584;155 703 270;7;1;0;1;0;1
202400044585;155 703 269;10;0;2;1;1;1
202400044585;155 703 271;7;0;2;4;1;1
202400044586;155 703 268;14;1;1;3;20;1
202400044587;155 703 267;13;0;1;7;1;0
202400044588;155 703 266;7;0;1;0;2;1
202400044589;155 703 265;50;15;0;1;1;3
202400044590;155 703 263;10;0;2;7;14;1
202400044590;155 703 264;50;0;2;8;1;3
202400044591;155 703 261;10;0;1;3;20;1
202400044592;155 703 258;1;0;2;7;19;5
202400044592;155 703 260;7;0;2;1;1;1
202400044593;155 703 259;7;0;0;1;5;1
202400044593;155 703 262;14;0;0;1;1;1
202400044594;155 703 256;2;0;2;1;11;1
202400044594;155 703 257;7;0;2;3;0;1
202400044595;155 703 254;33;0;0;7;1;1
202400044596;155 703 253;50;12;0;0;26;3
202400044597;155 703 252;7;0;2;8;1;1
202400044597;155 703 255;30;0;2;1;1;1
202400044598;155 703 248;7;0;2;7;15;1
202400044598;155 703 250;43;0;2;1;1;1
202400044599;155 703 246;7;0;2;1;1;1
202400044599;155 703 251;10;0;0;8;1;1
202400044600;155 703 247;7;0;2;2;16;1
202400044600;155 703 249;1;0;2;1;1;5
202400044601;155 703 244;10;0;2;7;17;1
202400044601;155 703 245;60;0;0;0;0;5
202400044602;155 703 242;7;0;2;3;1;1
202400044602;155 703 243;32;0;2;1;1;1
202400044603;155 703 240;10;0;1;8;15;1
202400044604;155 703 239;7;0;2;1;1;1
202400044604;155 703 241;7;0;2;8;15;1
202400044605;155 703 237;15;5;2;6;13;0
202400044605;155 703 238;7;0;2;3;1;1
202400044606;155 703 233;10;8;0;2;14;1
202400044607;155 703 231;34;0;2;1;1;1
202400044607;155 703 235;32;0;2;7;16;1
202400044608;155 703 232;7;0;2;4;2;1
202400044608;155 703 234;31;0;2;4;23;1
202400044608;155 703 236;7;0;2;2;2;1
202400044609;155 703 230;7;2;0;3;13;1
202400044610;155 703 228;7;0;1;1;2;2
202400044611;155 703 226;7;14;2;8;6;1
202400044611;155 703 227;7;0;2;8;2;1
202400044611;155 703 229;10;0;2;6;0;3
202400044612;155 703 225;2;9;0;7;1;1
202400044613;155 703 223;7;0;2;8;1;1
202400044613;155 703 224;2;12;2;8;17;1
202400044614;155 703 221;7;2;0;7;1;1
202400044615;155 703 218;7;0;1;1;0;1
202400044616;155 703 219;7;13;2;3;1;1
202400044616;155 703 220;13;0;2;2;1;1
202400044616;155 703 222;7;0;0;0;26;1
202400044617;155 703 217;7;0;1;2;19;1
202400044618;155 703 215;7;1;0;1;26;1
202400044619;155 703 214;10;0;2;3;13;1
202400044619;155 703 216;7;0;2;3;1;1
202400044620;155 703 212;7;0;0;4;2;1
202400044620;155 703 213;33;0;0;1;2;1
202400044621;155 703 210;3;0;2;1;2;1
202400044621;155 703 211;7;0;2;4;2;1
202400044622;155 703 209;1;0;0;1;1;5
202400044623;155 703 208;7;14;0;3;11;1
202400044624;155 703 207;7;0;1;1;26;1
202400044625;155 703 203;1;0;0;4;1;5
202400044625;155 703 205;7;0;2;2;1;1
202400044626;155 703 204;7;0;2;0;1;1
202400044626;155 703 206;21;0;2;6;11;0
202400044627;155 703 201;50;0;2;0;0;3
202400044627;155 703 202;15;0;2;3;1;1
202400044628;155 703 199;7;7;0;1;1;1
202400044629;155 703 197;50;8;0;1;1;3
202400044630;155 703 195;31;0;2;1;1;1
202400044630;155 703 198;7;0;9;6;1;1
202400044630;155 703 200;7;0;2;2;1;2
202400044631;155 703 194;7;0;0;2;0;1
202400044631;155 703 196;7;0;0;1;0;1
202400044632;155 703 192;7;0;1;2;1;1
202400044633;155 703 191;7;0;2;2;1;1
202400044633;155 703 193;7;0;2;1;1;1
202400044634;155 703 189;7;0;2;2;13;1
202400044634;155 703 190;7;3;2;1;1;1
202400044635;155 703 185;7;3;0;1;0;3
202400044636;155 703 183;7;0;2;1;0;1
202400044636;155 703 184;7;0;2;1;0;1
202400044636;155 703 187;7;0;2;4;23;1
202400044637;155 703 181;7;2;0;0;1;1
202400044638;155 703 182;7;0;0;4;23;2
202400044638;155 703 186;10;1;0;1;1;1
202400044639;155 703 179;1;0;0;0;25;5
202400044640;155 703 178;33;0;2;7;1;1
202400044640;155 703 180;7;0;2;7;9;3
202400044641;155 703 177;7;2;0;3;14;1
202400044642;155 703 175;21;0;2;2;16;1
202400044642;155 703 176;1;0;2;8;19;5
202400044643;155 703 174;7;0;0;1;1;1
202400044644;155 703 173;13;0;1;1;15;1
202400044645;155 703 172;7;14;0;1;1;1
202400044646;155 703 170;33;7;0;3;1;1
202400044647;155 703 171;7;0;1;3;15;1
202400044648;155 703 167;1;0;2;4;2;5
202400044648;155 703 169;7;0;2;2;2;1
202400044649;155 703 165;7;0;2;1;17;0
202400044649;155 703 166;7;0;2;3;1;1
202400044649;155 703 168;7;0;2;6;1;1
202400044650;155 703 164;7;0;1;1;1;1
202400044651;155 703 163;7;0;1;1;15;1
202400044652;155 703 161;7;0;2;6;10;1
202400044652;155 703 162;33;0;2;1;2;1
202400044653;155 703 157;2;0;2;1;17;1
202400044653;155 703 159;7;0;2;3;1;1
202400044654;155 703 158;7;0;2;7;15;1
202400044654;155 703 160;7;0;2;2;1;1
202400044655;155 703 155;7;0;2;3;1;1
202400044655;155 703 156;2;0;2;1;1;1
202400044656;155 703 154;0;0;1;1;1;0
202400044657;155 703 152;7;0;2;1;1;1
202400044657;155 703 153;7;0;2;4;1;1
202400044658;155 703 151;7;2;0;1;1;1
202400044659;155 703 148;21;0;2;6;15;1
202400044659;155 703 149;33;0;2;1;17;1
202400044660;155 703 147;50;0;2;7;26;3
202400044660;155 703 150;7;0;2;1;1;2
202400044661;155 703 146;7;2;0;1;13;1
202400044662;155 703 144;7;0;2;6;9;1
202400044662;155 703 145;50;0;2;1;1;3
202400044663;155 703 142;7;0;0;8;19;1
202400044663;155 703 143;7;0;2;1;1;1
202400044664;155 703 140;7;0;2;8;1;1
202400044664;155 703 141;7;0;2;1;9;1
202400044665;155 703 139;7;0;1;1;1;1
202400044666;155 703 138;7;0;1;3;15;1
202400044667;155 703 137;7;9;0;1;6;1
202400044668;155 703 135;7;2;0;1;1;1
202400044669;155 703 132;7;0;2;1;1;1
202400044669;155 703 133;7;0;0;1;1;1
202400044669;155 703 134;7;0;2;1;1;1
202400044669;155 703 136;7;0;2;4;1;1
202400044670;155 703 129;7;0;9;1;1;1
202400044670;155 703 130;1;0;2;1;1;5
202400044670;155 703 131;1;0;0;1;1;5
202400044671;155 703 127;7;0;1;1;1;1
202400044671;155 703 128;7;0;2;1;1;1
202400044672;155 703 125;7;0;2;2;15;1
202400044672;155 703 126;7;0;2;1;1;2
202400044673;155 703 124;10;0;1;1;21;1
202400044674;155 703 123;7;11;0;1;1;2
202400044675;155 703 122;7;0;1;1;1;1
202400044676;155 703 119;37;0;1;5;15;1
202400044677;155 703 116;7;0;1;3;1;1
202400044678;155 703 115;1;0;2;4;1;5
202400044678;155 703 117;7;0;9;0;0;0
202400044679;155 703 114;7;2;0;3;1;1
202400044680;155 703 113;7;0;1;2;1;1
202400044681;155 703 110;10;0;0;5;15;1
202400044681;155 703 112;7;0;2;3;1;1
202400044682;155 703 107;33;0;2;1;1;1
202400044682;155 703 108;7;0;2;7;19;1
202400044683;155 703 104;7;0;2;3;9;1
202400044683;155 703 105;32;0;2;1;1;1
202400044684;155 703 106;7;0;2;3;2;1
202400044684;155 703 109;7;0;2;6;1;1
202400044684;155 703 111;7;0;2;4;23;1
202400044685;155 703 103;7;9;0;2;1;2
202400044686;155 703 100;7;0;2;1;5;1
202400044686;155 703 102;7;0;2;1;1;1
202400044687;155 703 099;7;0;2;3;1;1
202400044687;155 703 101;7;0;2;3;1;1
202400044688;155 703 096;7;0;1;4;4;1
202400044689;155 703 097;10;0;2;2;14;3
202400044689;155 703 098;1;0;2;1;1;5
202400044690;155 703 094;1;0;0;4;1;5
202400044690;155 703 095;0;0;2;0;1;0
202400044691;155 703 093;7;0;1;8;1;1
202400044692;155 703 091;10;0;2;2;1;1
202400044692;155 703 092;7;0;2;6;1;1
202400044693;155 703 087;33;0;2;9;7;1
202400044693;155 703 088;7;0;2;7;1;1
202400044694;155 703 085;7;0;2;4;11;0
202400044694;155 703 086;7;0;2;1;1;1
202400044695;155 703 083;17;0;2;4;1;1
202400044695;155 703 084;14;0;2;1;1;1
202400044696;155 703 082;7;0;1;1;0;0
202400044697;155 703 081;10;0;0;1;1;0
202400044698;155 703 079;7;0;2;1;2;1
202400044698;155 703 080;7;0;2;4;1;1
202400044699;155 703 075;14;0;2;3;15;1
202400044699;155 703 076;1;0;2;0;0;5
202400044700;155 703 074;10;0;1;1;15;1
202400044701;155 703 072;7;0;2;3;1;1
202400044701;155 703 073;7;0;0;7;19;2
202400044702;155 703 071;2;0;0;0;1;1
202400044703;155 703 069;7;0;2;2;15;1
202400044703;155 703 070;2;0;2;1;1;1
202400044704;155 703 066;7;0;2;1;2;1
202400044704;155 703 067;7;0;2;4;2;1
202400044704;155 703 068;7;0;2;4;2;2
202400044705;155 703 064;10;0;2;1;1;1
202400044705;155 703 065;7;0;2;4;15;1
202400044706;155 703 063;10;0;1;1;1;1
202400044707;155 703 061;7;0;2;3;9;1
202400044707;155 703 062;50;0;2;0;0;3
202400044708;155 703 059;1;0;2;7;19;5
202400044708;155 703 060;10;0;2;1;1;3
202400044709;155 703 058;1;0;0;0;21;5
202400044710;155 703 057;7;0;1;1;1;1
202400044711;155 703 056;10;0;1;2;1;1
202400044712;155 703 054;7;0;2;4;23;1
202400044712;155 703 055;50;0;2;1;2;3
202400044713;155 703 053;7;0;1;2;17;1
202400044714;155 703 052;7;0;1;2;1;1
202400044715;155 703 051;7;8;0;1;13;0
202400044716;155 703 049;7;0;2;4;2;1
202400044716;155 703 050;7;0;2;1;2;1
202400044717;155 703 048;7;0;2;1;1;1
202400044718;155 703 046;10;0;2;7;1;1
202400044718;155 703 047;7;0;2;1;1;1
202400044719;155 703 044;7;0;2;3;15;1
202400044719;155 703 045;30;0;2;3;1;1
202400044720;155 703 042;7;0;2;6;1;1
202400044720;155 703 043;7;0;2;1;1;1
202400044721;155 703 041;7;0;1;1;1;1
202400044722;155 703 039;7;0;2;3;26;2
202400044722;155 703 040;50;0;2;1;5;3
202400044723;155 703 037;7;0;2;1;1;1
202400044723;155 703 038;7;0;2;1;13;1
202400044724;155 703 035;7;0;2;2;15;1
202400044724;155 703 036;33;0;2;1;1;1
202400044725;155 703 034;7;0;1;3;16;1
202400044726;155 703 032;7;0;2;1;0;1
202400044726;155 703 033;7;0;2;4;2;1
202400044727;155 703 029;7;0;2;1;0;2
202400044727;155 703 030;7;0;2;1;0;1
202400044728;155 703 027;10;0;2;3;15;6
202400044728;155 703 028;32;0;2;1;7;1
202400044729;155 703 025;80;0;2;4;2;3
202400044729;155 703 026;10;0;9;2;2;3
202400044730;155 703 023;7;0;2;3;15;1
202400044730;155 703 024;80;0;2;1;1;3
202400044731;155 703 021;34;0;2;1;17;1
202400044731;155 703 022;7;0;2;8;1;2
202400044732;155 703 018;7;6;2;1;13;1
202400044733;155 703 016;7;0;2;3;13;1
202400044733;155 703 017;7;0;2;3;1;2
202400044734;155 703 011;7;0;2;4;23;1
202400044734;155 703 012;7;0;2;4;2;1
202400044734;155 703 014;7;0;2;1;1;1
202400044734;155 703 015;7;0;2;4;23;1
202400044735;155 703 010;7;0;2;1;1;1
202400044735;155 703 013;7;0;0;4;1;1
202400044736;155 703 009;7;8;0;3;2;1
202400044737;155 703 008;7;13;0;1;0;1
202400044738;155 703 006;7;0;1;1;1;1
202400044739;155 703 003;7;1;0;3;16;1
202400044739;155 703 004;7;0;2;1;1;1
202400044740;155 703 001;30;0;1;1;1;1
202400044741;155 703 000;10;15;2;1;1;1
202400044741;155 703 002;7;15;2;8;1;1
202400044742;155 702 994;7;0;9;1;1;1
202400044742;155 702 996;1;0;2;8;19;5
202400044743;155 702 993;7;0;9;1;1;1
202400044743;155 702 995;7;0;9;1;1;1
202400044743;155 702 997;10;4;0;1;1;0
202400044743;155 702 998;7;0;9;1;1;1
202400044743;155 702 999;7;0;9;9;1;1
202400044744;155 702 990;10;0;9;1;9;1
202400044744;155 702 992;80;0;2;7;1;3
202400044745;155 702 989;7;0;2;4;23;1
202400044745;155 702 991;10;0;2;1;1;1
202400044746;155 702 987;7;0;1;2;1;1
202400044747;155 702 986;7;0;0;6;23;1
202400044747;155 702 988;31;0;2;1;1;1
202400044748;155 702 984;7;0;1;3;16;1
202400044749;155 702 983;33;0;9;1;1;1
202400044749;155 702 985;7;0;2;8;19;0
202400044750;155 702 982;7;8;0;1;13;1
202400044751;155 702 981;2;0;0;7;14;1
202400044752;155 702 978;33;0;2;4;1;1
202400044752;155 702 979;33;0;2;1;2;1
202400044752;155 702 980;33;0;2;4;2;1
202400044753;155 702 977;7;2;0;3;1;3
202400044754;155 702 973;10;0;2;1;2;1
202400044754;155 702 974;10;0;2;4;2;1
202400044754;155 702 976;7;0;2;4;2;2
202400044755;155 702 972;33;0;2;1;12;1
202400044755;155 702 975;7;0;2;6;1;1
202400044756;155 702 971;1;0;0;0;1;5
202400044757;155 702 970;7;8;0;2;1;1
202400044758;155 702 969;34;0;1;1;18;3
202400044759;155 702 967;7;0;2;2;13;1
202400044759;155 702 968;7;0;2;2;1;1
202400044760;155 702 966;33;0;0;2;1;1
202400044761;155 702 963;1;0;2;3;1;5
202400044761;155 702 965;50;0;2;3;15;3
202400044762;155 702 962;7;0;2;1;1;1
202400044762;155 702 964;7;0;2;1;15;1
202400044763;155 702 960;7;0;2;0;2;1
202400044763;155 702 961;1;0;2;4;23;5
202400044764;155 702 959;1;0;1;1;1;5
202400044765;155 702 957;1;0;1;1;1;5
202400044766;155 702 956;7;0;2;1;13;1
202400044766;155 702 958;7;0;2;1;1;1
202400044767;155 702 955;7;0;1;2;1;1
202400044768;155 702 953;7;0;2;3;1;1
202400044768;155 702 954;7;0;2;3;1;1
202400044769;155 702 952;30;0;0;0;1;1
202400044770;155 702 951;7;15;0;1;1;1
202400044771;155 702 949;7;0;2;3;15;1
202400044771;155 702 950;1;0;0;7;1;5
202400044772;155 702 948;33;13;0;1;1;1
202400044773;155 702 945;7;8;2;3;1;1
202400044773;155 702 947;2;8;2;3;17;1
202400044774;155 702 944;7;0;2;3;17;1
202400044774;155 702 946;2;0;2;1;1;1
202400044775;155 702 943;1;0;0;;1;5
202400044776;155 702 941;7;0;2;8;0;1
202400044776;155 702 942;7;0;2;2;0;1
202400044777;155 702 939;1;8;2;0;0;5
202400044777;155 702 940;33;8;2;0;0;1
202400044778;155 702 938;7;0;1;2;17;1
202400044779;155 702 935;1;0;0;8;1;5
202400044779;155 702 937;1;0;2;1;17;5
202400044780;155 702 934;7;0;2;3;5;1
202400044780;155 702 936;7;0;2;3;1;1
202400044781;155 702 932;15;3;0;2;1;1
202400044782;155 702 931;7;0;2;4;0;1
202400044782;155 702 933;10;0;2;1;26;1
202400044783;155 702 930;7;0;1;7;15;3
202400044784;155 702 929;7;0;0;0;19;1
202400044785;155 702 927;33;0;6;1;17;1
202400044786;155 702 924;10;0;2;4;23;1
202400044786;155 702 926;10;1;0;2;21;1
202400044787;155 702 923;7;0;2;2;1;1
202400044787;155 702 925;10;0;2;6;11;1
202400044788;155 702 921;33;0;6;1;1;1
202400044789;155 702 920;50;0;2;1;1;3
202400044789;155 702 922;1;0;2;1;25;5
202400044790;155 702 917;1;0;0;4;1;5
202400044790;155 702 919;10;0;2;2;2;1
202400044791;155 702 916;7;0;2;1;2;1
202400044791;155 702 918;15;0;2;4;26;1
202400044792;155 702 914;7;2;2;0;1;1
202400044792;155 702 915;7;2;2;0;17;1
202400044793;155 702 913;7;0;0;2;0;1
202400044794;155 702 909;7;0;2;3;1;1
202400044794;155 702 911;7;0;2;1;1;1
202400044794;155 702 912;7;0;2;3;1;1
202400044795;155 702 910;7;3;0;1;14;1
202400044796;155 702 908;7;0;1;1;1;1
202400044797;155 702 905;7;0;1;1;1;1
202400044798;155 702 903;37;0;1;0;15;1
202400044798;155 702 907;0;0;2;0;19;5
202400044799;155 702 904;2;0;2;8;1;1
202400044799;155 702 906;2;0;0;7;1;1
202400044800;155 702 900;1;0;2;1;13;5
202400044800;155 702 902;10;0;2;6;1;1
202400044801;155 702 898;30;0;2;8;1;1
202400044801;155 702 901;7;0;2;8;0;0
202400044802;155 702 897;7;0;2;1;15;0
202400044802;155 702 899;33;0;2;1;1;1
202400044803;155 702 895;7;0;2;3;21;1
202400044803;155 702 896;2;0;2;1;1;1
202400044804;155 702 893;7;6;1;2;14;1
202400044805;155 702 894;7;0;1;2;16;1
202400044806;155 702 891;10;0;2;3;13;1
202400044806;155 702 892;7;0;2;3;1;1
202400044807;155 702 889;32;0;0;7;1;1
202400044808;155 702 887;31;0;9;1;1;1
202400044809;155 702 886;10;0;2;1;1;1
202400044809;155 702 888;7;0;2;3;1;3
202400044809;155 702 890;7;0;2;6;1;1
202400044810;155 702 880;10;0;0;4;2;1
202400044810;155 702 882;7;0;2;1;2;1
202400044810;155 702 884;7;0;2;4;2;1
202400044810;155 702 885;7;0;2;4;2;1
202400044811;155 702 881;10;0;1;1;24;1
202400044811;155 702 883;7;1;1;1;1;1
202400044812;155 702 878;7;0;2;3;9;1
202400044812;155 702 879;38;0;2;2;7;1
202400044813;155 702 877;7;13;9;1;13;1
202400044814;155 702 876;50;0;0;0;0;3
202400044815;155 702 873;10;12;0;1;0;1
202400044816;155 702 872;7;0;2;1;19;1
202400044816;155 702 875;7;0;2;4;1;1
202400044817;155 702 871;10;0;2;3;13;1
202400044817;155 702 874;7;0;2;3;1;1
202400044818;155 702 870;1;0;0;0;21;5
202400044819;155 702 867;33;16;0;7;1;1
202400044820;155 702 868;33;12;0;0;16;1
202400044820;155 702 869;7;0;2;0;0;1
202400044821;155 702 865;7;0;2;8;15;1
202400044821;155 702 866;31;0;2;1;17;1
202400044822;155 702 864;30;0;0;7;1;3
202400044823;155 702 863;7;8;0;1;1;2
202400044824;155 702 861;7;0;1;1;0;1
202400044825;155 702 860;7;0;2;1;5;0
202400044825;155 702 862;10;0;2;1;1;1
202400044826;155 702 859;7;2;0;1;1;1
202400044827;155 702 858;7;0;0;0;9;1
202400044828;155 702 857;15;4;0;0;0;1
202400044829;155 702 856;7;13;0;2;1;1
202400044830;155 702 854;37;0;2;1;21;1
202400044830;155 702 855;32;0;2;0;0;0
202400044831;155 702 853;7;4;0;1;1;2
202400044832;155 702 852;33;0;1;1;1;1
202400044833;155 702 847;7;0;2;1;1;1
202400044833;155 702 849;7;0;2;1;1;2
202400044834;155 702 848;7;3;2;1;1;1
202400044834;155 702 850;7;3;2;4;2;1
202400044835;155 702 846;33;0;0;0;17;1
202400044836;155 702 844;10;0;1;2;1;1
202400044837;155 702 842;7;4;0;4;26;1
202400044837;155 702 845;10;0;2;1;2;0
202400044838;155 702 841;7;0;2;1;15;1
202400044838;155 702 843;7;0;2;1;1;1
202400044839;155 702 839;33;0;2;1;1;1
202400044839;155 702 840;7;0;2;3;15;1
202400044840;155 702 838;7;0;1;1;1;1
202400044841;155 702 835;50;0;0;0;1;3
202400044841;155 702 836;7;0;0;0;1;0
202400044842;155 702 833;7;13;0;9;1;1
202400044843;155 702 831;10;0;1;3;1;1
202400044844;155 702 832;10;0;2;9;2;1
202400044844;155 702 834;7;0;2;1;2;1
202400044844;155 702 837;7;0;2;4;2;1
202400044845;155 702 829;7;0;2;2;13;1
202400044845;155 702 830;7;0;2;2;1;1
202400044846;155 702 826;7;0;2;1;1;1
202400044846;155 702 828;7;0;2;2;15;1
202400044847;155 702 824;7;6;0;1;0;1
202400044848;155 702 823;7;0;2;1;2;1
202400044848;155 702 825;7;0;2;9;2;1
202400044848;155 702 827;7;0;2;4;2;1
202400044849;155 702 820;10;3;2;1;2;1
202400044849;155 702 822;7;0;0;4;2;1
202400044850;155 702 819;7;0;0;0;16;1
202400044851;155 702 818;2;0;2;1;1;1
202400044851;155 702 821;7;0;0;8;9;1
202400044852;155 702 810;7;13;0;7;21;1
202400044852;155 702 812;7;0;2;3;1;1
202400044852;155 702 816;7;13;2;8;1;1
202400044852;155 702 817;7;0;2;3;11;1
202400044853;155 702 811;7;0;0;8;19;1
202400044853;155 702 814;7;7;2;1;1;1