Num_Acc;id_vehicule;categorie_vehicule;obstacle_fixe;obstacle_mobile;point_choc_initial;manoeuvre_principale;motorisation
202400044854;155 702 809;7;0;2;1;3;1
202400044854;155 702 813;7;0;2;6;1;2
202400044854;155 702 815;7;0;2;5;1;1
202400044855;155 702 808;33;13;0;1;1;1
202400044856;155 702 806;10;0;2;1;2;1
202400044857;155 702 802;7;0;0;4;1;0
202400044857;155 702 804;7;0;2;4;1;0
202400044857;155 702 805;7;0;2;4;23;0
202400044857;155 702 807;7;0;2;1;1;0
202400044858;155 702 803;33;2;0;1;0;1
202400044859;155 702 798;7;0;2;7;1;1
202400044859;155 702 800;33;0;2;1;3;1
202400044859;155 702 801;7;0;2;4;12;1
202400044860;155 702 797;7;0;2;3;13;1
202400044860;155 702 799;15;0;2;3;21;1
202400044861;155 702 795;7;10;0;6;24;1
202400044861;155 702 796;7;1;0;8;1;1
202400044862;155 702 794;30;16;0;0;1;1
202400044863;155 702 789;7;0;2;1;2;1
202400044863;155 702 793;7;0;2;4;2;1
202400044864;155 702 790;33;0;2;3;1;1
202400044864;155 702 792;1;0;2;8;1;5
202400044865;155 702 788;7;0;1;1;1;1
202400044866;155 702 785;43;0;2;3;3;1
202400044866;155 702 787;7;0;2;2;2;1
202400044867;155 702 784;7;0;1;1;1;1
202400044868;155 702 783;7;0;0;8;15;1
202400044868;155 702 786;7;0;0;8;15;1
202400044869;155 702 782;7;4;0;3;2;1
202400044870;155 702 781;7;6;0;1;1;1
202400044871;155 702 780;33;1;0;7;14;1
202400044872;155 702 777;7;0;2;4;1;1
202400044872;155 702 779;7;0;2;1;1;1
202400044873;155 702 776;1;0;2;7;15;5
202400044873;155 702 778;7;0;9;2;1;1
202400044874;155 702 773;7;0;2;3;0;0
202400044874;155 702 775;2;0;2;0;0;1
202400044875;155 702 771;7;4;0;4;23;1
202400044875;155 702 774;7;1;0;1;2;2
202400044876;155 702 768;7;3;0;0;0;1
202400044877;155 702 767;15;0;2;3;1;1
202400044877;155 702 769;15;0;2;4;23;1
202400044877;155 702 770;14;0;2;1;2;1
202400044877;155 702 772;7;0;2;3;13;1
202400044878;155 702 765;33;0;2;3;2;1
202400044878;155 702 766;10;0;0;0;0;0
202400044879;155 702 762;14;0;2;2;1;1
202400044879;155 702 764;7;0;2;1;13;3
202400044880;155 702 760;7;0;2;8;15;0
202400044880;155 702 763;33;0;2;7;17;1
202400044881;155 702 761;7;4;0;1;26;1
202400044882;155 702 759;10;6;0;1;1;1
202400044883;155 702 756;7;4;0;1;1;1
202400044884;155 702 755;7;0;2;1;9;0
202400044884;155 702 757;2;0;2;1;1;0
202400044885;155 702 752;7;0;0;3;2;1
202400044885;155 702 753;50;0;0;1;2;3
202400044886;155 702 749;2;0;2;0;13;1
202400044886;155 702 750;7;0;2;3;1;0
202400044887;155 702 748;15;0;2;2;21;1
202400044887;155 702 751;7;0;2;4;2;1
202400044887;155 702 754;7;0;2;4;2;1
202400044887;155 702 758;10;0;2;5;2;1
202400044888;155 702 745;10;8;0;1;0;1
202400044889;155 702 746;7;0;2;1;1;1
202400044889;155 702 747;80;0;2;7;1;3
202400044890;155 702 743;7;0;1;1;2;1
202400044891;155 702 739;7;0;2;1;1;1
202400044891;155 702 740;17;0;0;4;1;1
202400044892;155 702 741;7;0;2;0;1;1
202400044892;155 702 744;30;0;2;0;0;1
202400044893;155 702 735;7;0;2;8;19;1
202400044893;155 702 737;32;0;2;1;1;1
202400044894;155 702 734;7;0;2;3;1;1
202400044894;155 702 736;7;8;2;3;1;1
202400044894;155 702 738;10;0;2;3;1;1
202400044895;155 702 733;7;13;0;3;0;1
202400044896;155 702 729;7;0;2;3;19;1
202400044896;155 702 732;31;0;2;1;1;1
202400044897;155 702 728;15;0;2;1;1;6
202400044897;155 702 730;7;0;2;1;1;6
202400044898;155 702 731;37;0;9;1;19;1
202400044899;155 702 727;7;2;0;9;0;2
202400044900;155 702 725;7;0;1;2;15;1
202400044901;155 702 726;7;0;1;2;1;1
202400044902;155 702 723;1;0;2;4;0;5
202400044902;155 702 724;7;0;2;1;1;1
202400044903;155 702 721;33;0;2;2;17;1
202400044903;155 702 722;2;0;2;6;17;1
202400044904;155 702 720;7;0;1;2;1;1
202400044905;155 702 717;7;0;2;1;1;1
202400044905;155 702 718;7;0;2;1;5;1
202400044906;155 702 716;33;0;2;0;0;1
202400044906;155 702 719;7;0;2;0;1;1
202400044907;155 702 714;7;0;2;3;1;2
202400044907;155 702 715;7;0;2;3;1;1
202400044908;155 702 712;1;0;0;0;21;5
202400044908;155 702 713;1;0;0;0;21;5
202400044909;155 702 711;7;0;1;0;1;1
202400044910;155 702 708;7;2;0;3;15;1
202400044911;155 702 709;7;0;2;1;1;1
202400044911;155 702 710;7;9;2;8;15;1
202400044912;155 702 703;33;0;2;1;1;1
202400044912;155 702 706;10;0;2;1;1;3
202400044913;155 702 702;7;0;2;1;1;1
202400044913;155 702 704;10;0;2;4;1;1
202400044914;155 702 701;7;0;2;1;1;1
202400044914;155 702 705;7;0;2;3;9;1
202400044915;155 702 700;1;0;1;1;25;5
202400044916;155 702 698;10;0;1;2;26;1
202400044917;155 702 697;33;0;1;8;1;1
202400044918;155 702 696;7;0;2;3;0;2
202400044918;155 702 699;7;0;2;3;13;1
202400044919;155 702 691;7;0;2;3;1;1
202400044919;155 702 694;50;0;2;1;8;3
202400044920;155 702 693;7;0;2;2;1;1
202400044920;155 702 695;1;0;2;1;19;5
202400044921;155 702 690;7;0;2;1;0;1
202400044921;155 702 692;7;0;0;8;0;1
202400044922;155 702 685;33;0;2;1;2;1
202400044922;155 702 688;33;0;2;4;21;1
202400044923;155 702 681;7;0;2;1;0;1
202400044923;155 702 682;7;0;2;4;1;1
202400044924;155 702 680;7;0;2;3;1;1
202400044924;155 702 683;7;0;2;1;1;1
202400044924;155 702 684;7;0;2;1;1;3
202400044924;155 702 686;7;0;2;3;13;1
202400044925;155 702 677;7;0;2;4;1;1
202400044926;155 702 676;7;1;0;4;23;1
202400044926;155 702 678;10;1;0;1;1;1
202400044927;155 702 675;7;0;0;9;13;1
202400044928;155 702 672;33;0;2;7;1;1
202400044928;155 702 674;7;0;2;6;13;1
202400044929;155 702 670;7;16;2;4;2;1
202400044929;155 702 671;7;0;2;1;2;1
202400044929;155 702 673;7;0;2;4;2;1
202400044930;155 702 667;7;0;2;5;16;1
202400044930;155 702 668;1;0;2;8;1;5
202400044931;155 702 663;7;0;2;1;5;1
202400044931;155 702 665;7;0;2;3;1;1
202400044932;155 702 664;7;0;2;4;2;1
202400044932;155 702 666;13;0;2;4;2;1
202400044932;155 702 669;10;0;2;1;2;1
202400044933;155 702 661;7;0;2;3;1;1
202400044933;155 702 662;1;0;2;1;16;5
202400044934;155 702 658;7;0;2;4;2;1
202400044934;155 702 659;7;0;2;4;2;1
202400044934;155 702 660;7;0;2;1;1;1
202400044935;155 702 656;7;8;0;1;14;1
202400044936;155 702 657;7;13;0;9;11;1
202400044937;155 702 654;7;0;2;1;2;2
202400044937;155 702 655;7;0;2;4;23;1
202400044938;155 702 651;7;0;2;3;26;1
202400044938;155 702 653;2;0;2;7;15;3
202400044939;155 702 650;33;3;0;7;0;1
202400044940;155 702 649;7;0;2;2;1;1
202400044940;155 702 652;7;0;2;4;1;1
202400044941;155 702 644;33;0;2;2;2;1
202400044941;155 702 647;33;0;0;6;15;1
202400044942;155 702 643;10;0;2;1;2;1
202400044942;155 702 646;7;0;2;4;2;1
202400044942;155 702 648;7;0;2;4;2;1
202400044943;155 702 640;7;0;2;4;12;1
202400044943;155 702 641;10;0;2;1;1;1
202400044943;155 702 642;7;0;2;4;1;1
202400044943;155 702 645;14;0;2;1;11;1
202400044944;155 702 637;7;4;2;2;26;1
202400044944;155 702 638;15;4;0;8;0;1
202400044945;155 702 636;33;0;2;1;1;1
202400044945;155 702 639;7;0;2;5;15;1
202400044946;155 702 634;7;0;2;1;14;1
202400044946;155 702 635;7;0;2;8;1;1
202400044947;155 702 631;7;4;2;3;2;1
202400044947;155 702 633;15;4;2;2;2;1
202400044948;155 702 630;7;0;2;1;1;1
202400044948;155 702 632;7;0;2;3;1;1
202400044949;155 702 628;7;0;2;4;11;1
202400044949;155 702 629;7;0;2;1;1;1
202400044950;155 702 627;7;0;2;4;1;1
202400044951;155 702 623;30;0;0;9;1;1
202400044951;155 702 626;7;0;2;2;15;1
202400044952;155 702 624;7;4;2;8;1;1
202400044952;155 702 625;7;0;2;2;12;2
202400044953;155 702 622;33;0;0;8;9;0
202400044954;155 702 621;10;13;0;9;16;1
202400044955;155 702 620;99;0;0;0;23;5
202400044956;155 702 616;7;0;2;6;0;2
202400044956;155 702 619;10;0;2;2;14;1
202400044957;155 702 617;33;0;2;0;0;1
202400044957;155 702 618;7;0;2;3;2;1
202400044958;155 702 613;7;0;2;6;3;1
202400044958;155 702 614;33;0;2;1;3;1
202400044958;155 702 615;7;0;2;6;1;1
202400044959;155 702 609;33;13;2;8;14;1
202400044959;155 702 610;7;0;9;3;1;2
202400044960;155 702 612;10;4;0;3;0;1
202400044961;155 702 607;1;0;2;5;0;5
202400044961;155 702 608;3;0;9;3;9;1
202400044962;155 702 606;7;0;2;1;15;1
202400044962;155 702 611;10;0;2;1;1;1
202400044963;155 702 604;32;2;2;0;17;1
202400044964;155 702 603;7;0;1;2;1;1
202400044965;155 702 602;7;0;2;3;1;1
202400044965;155 702 605;7;0;2;3;13;1
202400044966;155 702 601;7;0;0;1;1;1
202400044967;155 702 598;33;0;2;7;1;1
202400044967;155 702 600;7;0;2;1;15;1
202400044968;155 702 596;7;0;2;2;14;1
202400044968;155 702 599;7;0;2;1;0;1
202400044969;155 702 595;7;0;2;2;13;1
202400044969;155 702 597;17;0;2;1;23;1
202400044970;155 702 594;7;0;2;1;26;1
202400044971;155 702 592;7;4;0;1;1;1
202400044972;155 702 590;7;0;2;1;19;1
202400044972;155 702 593;7;0;2;7;1;1
202400044973;155 702 588;7;3;0;6;1;1
202400044974;155 702 587;7;2;2;1;1;2
202400044974;155 702 591;7;0;2;3;15;1
202400044975;155 702 586;7;0;2;1;7;1
202400044975;155 702 589;7;0;2;5;16;1
202400044976;155 702 585;33;2;0;0;1;1
202400044977;155 702 583;7;15;0;1;13;1
202400044978;155 702 582;7;0;2;7;1;2
202400044978;155 702 584;7;0;2;1;1;2
202400044979;155 702 580;33;0;2;7;17;1
202400044979;155 702 581;7;0;2;3;15;1
202400044980;155 702 575;30;0;2;1;1;1
202400044980;155 702 579;7;0;2;2;1;1
202400044981;155 702 573;7;1;0;2;1;1
202400044982;155 702 574;1;0;9;1;21;5
202400044982;155 702 577;50;0;9;1;5;3
202400044983;155 702 571;7;0;2;8;2;1
202400044983;155 702 572;7;0;2;1;2;1
202400044983;155 702 576;7;0;2;1;2;1
202400044983;155 702 578;7;0;2;1;2;1
202400044984;155 702 569;7;4;0;1;12;1
202400044985;155 702 565;7;0;2;8;9;1
202400044985;155 702 568;7;0;2;2;0;1
202400044986;155 702 567;2;0;2;1;1;1
202400044986;155 702 570;7;0;9;3;15;1
202400044987;155 702 563;30;0;2;1;2;3
202400044987;155 702 564;7;0;2;5;2;1
202400044988;155 702 562;14;0;2;2;11;1
202400044988;155 702 566;17;0;0;6;1;1
202400044989;155 702 560;33;0;2;7;17;1
202400044989;155 702 561;7;0;2;5;2;3
202400044990;155 702 558;21;0;2;3;15;1
202400044990;155 702 559;32;0;2;1;17;1
202400044991;155 702 555;33;0;2;1;13;1
202400044991;155 702 556;7;0;2;3;1;1
202400044992;155 702 557;30;14;0;1;1;1
202400044993;155 702 551;10;0;2;3;1;1
202400044993;155 702 554;10;0;2;2;1;1
202400044994;155 702 550;7;0;2;2;1;1
202400044994;155 702 553;7;0;2;1;1;1
202400044995;155 702 549;7;2;0;1;1;1
202400044996;155 702 552;7;15;0;2;1;1
202400044997;155 702 544;7;0;2;1;1;1
202400044997;155 702 548;7;0;2;8;1;1
202400044998;155 702 541;7;14;2;1;1;1
202400044998;155 702 545;7;0;2;4;1;1
202400044998;155 702 547;7;0;2;0;0;1
202400044999;155 702 540;37;0;2;6;1;2
202400044999;155 702 543;1;0;2;1;19;5
202400045000;155 702 542;10;0;2;1;19;1
202400045000;155 702 546;1;0;0;7;15;5
202400045001;155 702 539;37;0;1;2;26;4
202400045002;155 702 537;7;0;2;1;0;1
202400045003;155 702 536;7;15;1;5;1;1
202400045004;155 702 534;7;2;0;1;1;1
202400045005;155 702 533;7;0;2;4;1;1
202400045005;155 702 535;7;0;2;4;2;1
202400045005;155 702 538;7;0;2;1;2;2
202400045006;155 702 532;7;0;1;0;0;0
202400045007;155 702 530;1;0;0;0;1;5
202400045008;155 702 531;7;1;0;1;1;1
202400045009;155 702 524;3;13;0;1;21;1
202400045010;155 702 526;7;0;2;1;26;1
202400045010;155 702 528;7;0;2;4;0;1
202400045010;155 702 529;7;0;2;1;0;1
202400045011;155 702 523;7;0;2;7;1;1
202400045011;155 702 527;7;0;2;2;15;1
202400045012;155 702 522;7;0;2;1;1;1
202400045012;155 702 525;7;0;2;3;15;1
202400045013;155 702 520;7;0;0;0;1;1
202400045014;155 702 517;1;0;2;3;1;5
202400045014;155 702 521;7;0;2;1;15;1
202400045015;155 702 515;30;0;2;1;1;1
202400045015;155 702 518;7;0;2;1;15;1
202400045016;155 702 516;7;0;2;3;19;1
202400045016;155 702 519;1;0;2;4;1;5
202400045017;155 702 511;7;0;2;3;15;1
202400045017;155 702 513;7;0;2;1;1;1
202400045018;155 702 509;7;2;0;2;1;1
202400045019;155 702 506;7;0;1;3;1;1
202400045020;155 702 504;7;0;2;2;0;0
202400045020;155 702 508;7;0;2;3;15;0
202400045021;155 702 507;33;0;0;1;14;1
202400045022;155 702 500;7;0;2;1;2;1
202400045022;155 702 503;7;0;2;6;26;1
202400045022;155 702 505;7;0;2;4;26;1
202400045023;155 702 499;7;0;9;1;16;1
202400045023;155 702 502;1;0;2;5;1;5
202400045024;155 702 501;33;1;0;2;1;1
202400045025;155 702 497;7;0;1;4;4;2
202400045026;155 702 496;10;8;0;3;0;1
202400045027;155 702 494;33;1;0;3;13;1
202400045028;155 702 492;7;0;2;5;16;1
202400045028;155 702 493;30;0;2;3;1;1
202400045029;155 702 490;7;4;0;5;26;1
202400045030;155 702 489;33;0;2;1;13;1
202400045030;155 702 491;7;0;2;2;1;1
202400045031;155 702 485;7;0;2;2;0;1
202400045031;155 702 487;80;0;2;1;19;2
202400045032;155 702 486;7;0;2;1;15;1
202400045032;155 702 488;33;0;2;1;1;1
202400045033;155 702 482;7;0;2;2;15;1
202400045033;155 702 484;30;0;2;1;1;3
202400045034;155 702 479;7;0;2;2;20;1
202400045034;155 702 483;2;0;2;1;1;1
202400045035;155 702 478;7;3;2;1;1;1
202400045035;155 702 480;7;0;2;1;1;1
202400045036;155 702 477;7;0;2;1;1;1
202400045036;155 702 481;7;0;0;0;0;1
202400045037;155 702 474;7;0;2;4;2;1
202400045037;155 702 475;7;14;2;1;2;0
202400045038;155 702 473;30;0;1;1;1;1
202400045039;155 702 471;7;0;2;1;1;1
202400045039;155 702 476;30;0;2;3;0;1
202400045040;155 702 465;50;0;2;1;1;3
202400045040;155 702 468;7;0;2;3;1;1
202400045041;155 702 464;34;0;2;1;17;1
202400045041;155 702 467;7;0;2;6;15;1
202400045042;155 702 462;7;5;2;0;17;1
202400045042;155 702 466;7;5;2;0;1;1
202400045043;155 702 461;7;0;2;3;1;1
202400045043;155 702 463;7;14;2;2;12;1
202400045044;155 702 459;33;13;9;1;17;1
202400045045;155 702 458;7;0;2;3;16;2
202400045045;155 702 470;7;0;2;2;1;1
202400045046;155 702 457;7;0;2;1;19;2
202400045046;155 702 460;1;0;2;7;1;5
202400045047;155 702 455;2;0;0;0;1;3
202400045048;155 702 453;30;0;2;1;5;1
202400045048;155 702 456;7;0;2;2;1;1
202400045049;155 702 454;7;3;0;8;2;1
202400045050;155 702 451;1;0;1;2;9;5
202400045051;155 702 449;10;0;2;1;1;1
202400045051;155 702 452;10;0;2;3;15;1
202400045052;155 702 447;7;0;1;1;16;1
202400045053;155 702 446;7;2;2;1;17;1
202400045053;155 702 450;33;0;2;1;1;1
202400045054;155 702 445;15;0;2;7;16;1
202400045054;155 702 448;7;0;2;8;1;3
202400045055;155 702 442;38;0;0;7;14;1
202400045056;155 702 439;7;3;2;1;17;1
202400045056;155 702 444;7;3;2;4;1;1
202400045057;155 702 437;33;0;2;2;17;1
202400045057;155 702 440;7;0;2;3;15;1
202400045058;155 702 441;7;12;0;3;26;2
202400045058;155 702 443;2;0;2;1;5;1
202400045059;155 702 432;7;13;0;3;1;1
202400045060;155 702 431;7;0;2;1;1;1
202400045060;155 702 435;7;0;2;8;1;1
202400045061;155 702 430;7;1;2;1;1;1
202400045061;155 702 433;7;1;2;4;1;1
202400045061;155 702 436;7;0;2;4;1;1
202400045061;155 702 438;7;1;2;4;1;1
202400045062;155 702 428;1;0;2;1;1;5
202400045062;155 702 434;7;0;2;7;15;1
202400045063;155 702 426;31;0;0;8;13;1
202400045064;155 702 425;7;0;2;5;1;1
202400045064;155 702 429;33;0;2;1;1;1
202400045065;155 702 424;7;4;0;3;0;1
202400045066;155 702 423;7;0;2;7;1;1
202400045066;155 702 427;10;0;2;1;19;1
202400045067;155 702 418;30;0;2;1;2;1
202400045067;155 702 421;7;0;2;4;2;2
202400045068;155 702 417;7;0;2;2;2;1
202400045068;155 702 420;33;7;2;1;2;1
202400045069;155 702 416;7;0;2;4;26;2
202400045069;155 702 419;7;0;2;1;2;1
202400045070;155 702 415;7;0;2;3;13;1
202400045070;155 702 422;7;0;2;3;1;1
202400045071;155 702 410;7;0;2;3;15;1
202400045071;155 702 413;33;0;2;2;17;1
202400045072;155 702 409;7;0;2;9;17;1
202400045072;155 702 414;7;0;2;4;1;1
202400045073;155 702 408;7;0;2;6;1;1
202400045073;155 702 411;31;0;2;2;3;1
202400045074;155 702 407;33;0;2;1;1;1
202400045074;155 702 412;7;0;2;7;19;2
202400045075;155 702 405;7;0;0;9;1;1
202400045076;155 702 401;33;0;0;8;26;1
202400045077;155 702 398;7;8;2;1;0;1
202400045077;155 702 403;7;0;2;6;0;1
202400045078;155 702 394;7;0;2;3;19;1
202400045078;155 702 399;7;0;2;2;1;1
202400045079;155 702 392;33;0;2;1;2;1
202400045079;155 702 396;7;0;2;4;2;1
202400045080;155 702 391;7;0;0;2;1;1
202400045080;155 702 395;1;0;2;1;19;5
202400045081;155 702 387;7;0;0;4;1;1
202400045081;155 702 390;7;0;2;1;1;1
202400045081;155 702 393;7;0;2;3;21;1
202400045081;155 702 397;7;0;2;1;21;1
202400045081;155 702 400;7;0;2;6;24;1
202400045081;155 702 404;0;0;2;1;0;0
202400045082;155 702 385;7;0;2;8;13;1
202400045082;155 702 386;33;0;2;1;3;1
202400045083;155 702 384;33;0;2;1;1;1
202400045083;155 702 389;7;0;2;2;0;3
202400045084;155 702 383;7;0;2;5;10;1
202400045084;155 702 388;7;0;2;3;1;1
202400045085;155 702 380;21;0;2;3;5;0
202400045085;155 702 382;10;0;2;3;1;0
202400045086;155 702 376;7;0;2;4;17;1
202400045086;155 702 379;1;0;9;6;1;5
202400045086;155 702 381;99;0;2;1;1;1
202400045087;155 702 374;7;4;0;3;1;1
202400045088;155 702 372;7;13;0;3;13;1
202400045089;155 702 373;50;0;2;1;13;3
202400045089;155 702 375;7;0;2;2;1;0
202400045090;155 702 371;1;0;0;0;0;5
202400045091;155 702 377;7;0;2;3;9;1
202400045091;155 702 378;33;0;2;2;0;1
202400045092;155 702 367;7;8;0;2;1;1
202400045093;155 702 365;7;0;2;2;2;1
202400045093;155 702 369;1;0;2;4;1;5
202400045094;155 702 363;10;8;2;1;9;1
202400045094;155 702 366;7;8;2;4;0;1
202400045094;155 702 370;33;8;2;1;1;1
202400045095;155 702 364;7;0;2;4;23;1
202400045095;155 702 368;30;0;2;1;2;1
202400045096;155 702 361;36;0;0;8;26;1
202400045097;155 702 360;7;0;1;1;1;1
202400045098;155 702 356;7;0;2;8;1;1
202400045098;155 702 362;50;0;2;1;1;3
202400045099;155 702 353;7;0;2;1;2;1
202400045099;155 702 357;7;13;2;1;13;1
202400045100;155 702 354;50;8;2;1;15;3
202400045100;155 702 358;7;0;2;3;1;1
202400045101;155 702 352;7;0;2;4;2;3
202400045101;155 702 355;7;0;2;1;2;1
202400045101;155 702 359;7;0;2;4;2;1
202400045102;155 702 350;7;0;9;8;1;1
202400045102;155 702 351;1;0;2;1;1;5
202400045103;155 702 349;7;2;0;0;13;1
202400045104;155 702 348;10;0;1;5;4;1
202400045105;155 702 343;10;0;2;1;1;1
202400045105;155 702 347;7;0;2;3;1;1
202400045106;155 702 341;43;0;2;1;2;1
202400045106;155 702 344;33;0;2;4;2;1
202400045107;155 702 345;7;0;1;0;15;0
202400045108;155 702 342;7;0;2;7;1;1
202400045108;155 702 346;7;0;2;1;9;1
202400045109;155 702 337;7;0;2;5;0;1
202400045109;155 702 339;10;0;2;1;0;1
202400045110;155 702 338;7;0;2;1;9;1
202400045110;155 702 340;7;0;2;8;1;1
202400045111;155 702 336;10;0;1;3;1;1
202400045112;155 702 332;7;0;1;0;1;0
202400045113;155 702 331;7;0;2;7;11;1
202400045113;155 702 335;33;0;2;1;1;1
202400045114;155 702 329;10;0;2;1;15;1
202400045114;155 702 333;31;0;2;1;1;1
202400045115;155 702 327;2;0;2;1;1;1
202400045115;155 702 334;7;0;2;5;15;1
202400045116;155 702 328;1;0;2;3;2;5
202400045116;155 702 330;14;0;2;8;1;1
202400045117;155 702 324;1;0;2;1;1;5
202400045117;155 702 326;1;0;2;1;1;5
202400045118;155 702 325;7;0;1;1;1;1
202400045119;155 702 322;31;0;2;2;1;1
202400045119;155 702 323;7;0;2;0;0;0
202400045120;155 702 318;7;0;2;2;1;1
202400045120;155 702 321;7;0;2;4;16;1
202400045121;155 702 317;7;0;2;1;5;2
202400045121;155 702 319;10;0;2;8;1;1
202400045122;155 702 315;33;0;2;1;1;1
202400045122;155 702 316;7;0;2;8;0;1
202400045123;155 702 313;7;4;0;2;1;1
202400045124;155 702 311;7;8;0;1;1;1
202400045125;155 702 312;30;0;1;1;1;1
202400045126;155 702 308;7;0;2;1;1;1
202400045126;155 702 310;7;0;2;2;19;1
202400045127;155 702 309;7;0;2;4;2;1
202400045127;155 702 314;7;0;2;4;1;1
202400045128;155 702 302;1;0;2;2;1;5
202400045128;155 702 306;10;0;2;3;15;0
202400045129;155 702 301;7;8;0;1;1;1
202400045130;155 702 304;10;0;2;1;13;1
202400045130;155 702 305;7;0;2;3;1;1
202400045130;155 702 307;7;0;2;1;1;1
202400045131;155 702 303;7;8;0;1;1;1
202400045132;155 702 300;10;0;1;2;17;1
202400045133;155 702 298;14;15;0;3;0;0
202400045134;155 702 297;7;0;2;4;9;1
202400045134;155 702 299;7;0;2;1;9;2
202400045135;155 702 296;1;0;0;0;23;5
202400045136;155 702 293;7;0;2;1;1;0
202400045136;155 702 295;1;0;2;2;15;5
202400045137;155 702 290;2;0;2;3;11;1
202400045137;155 702 294;7;0;2;7;1;1
202400045138;155 702 289;37;0;2;4;23;1
202400045138;155 702 291;7;0;2;1;1;1
202400045139;155 702 287;2;3;0;7;1;1
202400045140;155 702 288;34;0;2;1;1;1
202400045140;155 702 292;7;0;2;1;15;1
202400045141;155 702 285;7;0;2;4;4;1
202400045141;155 702 286;2;0;2;1;2;1
202400045142;155 702 281;7;0;9;6;23;1
202400045142;155 702 284;1;0;2;1;2;5
202400045143;155 702 279;7;13;0;1;0;1
202400045144;155 702 278;7;0;9;3;1;0
202400045144;155 702 282;33;0;2;3;1;1
202400045145;155 702 280;33;0;2;3;17;1
202400045145;155 702 283;7;0;2;3;1;1
202400045146;155 702 274;7;0;2;6;10;2
202400045146;155 702 276;43;0;2;1;1;1
202400045147;155 702 273;1;0;2;0;0;5
202400045147;155 702 277;50;0;2;0;0;3
202400045148;155 702 271;33;0;2;1;1;1
202400045148;155 702 275;7;0;2;8;9;2
202400045149;155 702 272;31;0;0;9;21;1
202400045150;155 702 270;7;0;1;8;1;1
202400045151;155 702 269;7;0;1;1;1;1
202400045152;155 702 265;14;0;0;4;2;1
202400045152;155 702 267;10;0;2;1;17;1
202400045153;155 702 264;7;0;2;7;9;1
202400045153;155 702 266;33;0;2;1;1;1
202400045154;155 702 263;7;0;2;8;1;1
202400045154;155 702 268;33;0;2;1;1;1
202400045155;155 702 262;0;0;1;8;2;0
202400045156;155 702 259;7;0;1;3;1;1
202400045157;155 702 258;7;14;0;1;1;1
202400045158;155 702 256;7;0;2;7;15;1
202400045158;155 702 260;32;0;2;1;0;1
202400045159;155 702 255;50;0;2;0;0;3
202400045159;155 702 261;7;0;9;3;0;1
202400045160;155 702 254;7;0;2;6;15;1
202400045160;155 702 257;34;0;2;2;21;1
202400045161;155 702 253;1;12;0;0;14;5
202400045162;155 702 251;80;0;2;1;1;3
202400045162;155 702 252;7;0;2;1;26;1
202400045163;155 702 249;10;0;2;1;1;1
202400045163;155 702 250;1;0;2;1;5;5
202400045164;155 702 241;32;0;2;3;1;1
202400045164;155 702 244;7;0;2;5;2;1
202400045165;155 702 242;2;0;2;2;1;1
202400045165;155 702 246;7;0;2;3;9;1
202400045166;155 702 239;7;0;0;4;23;1
202400045166;155 702 247;7;1;0;1;2;1
202400045167;155 702 238;10;0;2;4;1;1
202400045167;155 702 240;7;0;2;1;1;0
202400045167;155 702 245;7;0;2;6;1;1
202400045167;155 702 248;7;0;2;4;1;1
202400045168;155 702 237;7;0;2;1;2;1
202400045168;155 702 243;7;0;2;4;15;1
202400045169;155 702 236;50;0;0;0;0;3
202400045170;155 702 233;7;0;9;1;15;1
202400045170;155 702 235;99;0;2;8;1;0
202400045171;155 702 229;43;0;2;3;17;1
202400045171;155 702 232;10;0;2;6;15;1
202400045172;155 702 228;33;13;0;7;1;1
202400045173;155 702 226;80;0;0;0;0;3
202400045174;155 702 225;15;0;2;7;12;0
202400045174;155 702 227;33;0;2;8;1;1
202400045174;155 702 230;7;0;2;7;1;2
202400045174;155 702 231;7;0;2;7;1;1
202400045174;155 702 234;10;0;2;4;1;1
202400045175;155 702 224;40;0;1;5;1;3
202400045176;155 702 221;80;0;2;2;5;3
202400045176;155 702 223;7;0;2;2;16;1
202400045177;155 702 217;7;0;2;1;1;1
202400045177;155 702 222;7;0;2;2;1;1
202400045178;155 702 218;14;0;2;1;15;1
202400045178;155 702 220;1;0;2;1;1;5
202400045179;155 702 213;7;0;2;1;1;1
202400045179;155 702 214;7;0;2;4;23;1
202400045180;155 702 210;7;0;1;1;1;1
202400045181;155 702 211;7;13;0;3;13;1
202400045182;155 702 208;7;0;2;1;17;2
202400045182;155 702 215;7;0;2;1;1;1
202400045182;155 702 216;15;0;2;1;1;1
202400045182;155 702 219;7;0;2;1;1;1
202400045183;155 702 204;33;13;0;2;1;1
202400045184;155 702 205;10;0;1;3;15;1
202400045185;155 702 202;10;0;2;1;9;1
202400045185;155 702 207;7;0;2;7;1;1
202400045186;155 702 200;50;0;2;1;19;3
202400045186;155 702 203;10;0;2;7;1;1
202400045187;155 702 199;7;16;0;0;1;1
202400045188;155 702 201;36;0;2;3;13;1
202400045188;155 702 206;31;0;2;1;1;1
202400045189;155 702 198;30;0;0;7;1;3
202400045190;155 702 193;33;0;0;2;21;1
202400045191;155 702 191;20;0;0;1;0;1
202400045192;155 702 192;7;0;2;7;12;1
202400045192;155 702 196;32;0;2;8;1;1
202400045193;155 702 195;7;0;1;1;1;1