Num_Acc;id_vehicule;categorie_vehicule;obstacle_fixe;obstacle_mobile;point_choc_initial;manoeuvre_principale;motorisation
202400045194;155 702 188;34;0;2;2;1;1
202400045194;155 702 190;7;0;2;3;1;1
202400045195;155 702 186;2;0;1;1;2;1
202400045196;155 702 182;7;0;2;4;1;1
202400045196;155 702 183;7;0;2;6;2;1
202400045196;155 702 187;7;0;2;1;2;1
202400045196;155 702 189;7;0;2;1;2;1
202400045197;155 702 179;1;0;0;0;1;5
202400045198;155 702 176;7;0;2;2;15;1
202400045198;155 702 184;33;0;2;7;2;1
202400045199;155 702 180;7;4;0;1;1;1
202400045200;155 702 175;50;0;2;1;1;3
202400045200;155 702 178;7;0;2;8;15;1
202400045201;155 702 174;7;0;2;1;2;1
202400045201;155 702 177;7;0;2;4;2;1
202400045201;155 702 181;7;0;2;4;2;1
202400045201;155 702 185;7;0;2;4;23;1
202400045202;155 702 169;31;16;0;7;13;1
202400045203;155 702 166;7;0;2;4;1;1
202400045203;155 702 171;7;0;2;4;1;1
202400045203;155 702 172;7;0;2;4;1;1
202400045203;155 702 173;7;0;2;1;1;1
202400045204;155 702 164;7;0;2;3;1;1
202400045204;155 702 167;7;0;2;3;1;1
202400045205;155 702 163;7;0;1;1;1;1
202400045206;155 702 165;30;0;2;1;1;1
202400045206;155 702 170;7;0;2;2;15;1
202400045207;155 702 162;7;1;0;8;0;1
202400045207;155 702 168;7;0;2;1;24;1
202400045208;155 702 161;17;0;0;8;1;1
202400045209;155 702 160;7;2;0;4;1;1
202400045210;155 702 158;7;2;0;1;1;1
202400045211;155 702 157;33;0;2;8;1;1
202400045211;155 702 159;7;0;2;2;12;1
202400045212;155 702 152;7;2;0;1;1;1
202400045213;155 702 154;33;0;2;8;3;1
202400045213;155 702 156;7;0;2;2;12;1
202400045214;155 702 151;33;12;0;8;16;1
202400045215;155 702 153;7;0;1;2;1;1
202400045216;155 702 150;7;0;2;1;1;1
202400045216;155 702 155;20;0;2;4;1;1
202400045217;155 702 148;10;0;2;4;1;0
202400045217;155 702 149;14;0;2;1;0;0
202400045218;155 702 146;34;0;0;0;1;1
202400045219;155 702 143;7;0;2;1;13;1
202400045219;155 702 147;7;0;2;1;13;1
202400045220;155 702 142;33;0;2;7;1;1
202400045220;155 702 145;7;0;2;8;15;2
202400045221;155 702 141;7;0;1;2;15;1
202400045222;155 702 140;32;0;2;1;1;1
202400045222;155 702 144;7;0;2;5;1;1
202400045223;155 702 136;30;0;2;7;12;1
202400045223;155 702 139;10;0;2;6;1;1
202400045224;155 702 132;7;0;0;2;1;1
202400045225;155 702 130;7;0;1;3;24;1
202400045225;155 702 134;10;1;0;2;1;1
202400045226;155 702 131;21;0;0;9;0;1
202400045226;155 702 137;7;0;0;2;1;1
202400045227;155 702 129;7;0;2;1;1;1
202400045227;155 702 135;7;0;2;4;1;1
202400045227;155 702 138;7;0;2;1;1;1
202400045228;155 702 128;7;0;0;1;15;1
202400045228;155 702 133;33;0;0;8;2;1
202400045229;155 702 124;7;0;2;8;1;1
202400045229;155 702 127;33;0;2;7;15;1
202400045230;155 702 125;10;0;2;7;2;3
202400045230;155 702 126;33;0;2;1;0;1
202400045231;155 702 123;33;0;0;1;21;1
202400045232;155 702 122;7;13;0;3;1;1
202400045233;155 702 119;33;0;2;1;3;1
202400045233;155 702 121;10;0;2;6;12;1
202400045234;155 702 117;7;0;2;7;1;1
202400045234;155 702 120;10;0;2;1;1;1
202400045235;155 702 116;7;17;0;1;0;1
202400045236;155 702 115;7;6;0;1;14;1
202400045237;155 702 110;7;0;2;6;15;1
202400045237;155 702 114;33;0;2;1;17;1
202400045238;155 702 112;7;0;2;3;11;2
202400045238;155 702 113;31;0;2;7;3;1
202400045238;155 702 118;7;0;2;4;1;1
202400045239;155 702 109;17;8;0;7;2;1
202400045240;155 702 108;43;0;2;1;3;1
202400045240;155 702 111;7;0;2;5;12;1
202400045241;155 702 106;7;0;1;3;1;1
202400045242;155 702 105;7;0;2;1;0;1
202400045242;155 702 107;3;0;2;2;15;1
202400045243;155 702 101;7;0;9;2;1;1
202400045243;155 702 103;1;0;0;4;1;5
202400045244;155 702 100;7;4;0;1;14;1
202400045245;155 702 099;7;0;2;1;2;1
202400045245;155 702 104;7;0;2;4;2;1
202400045246;155 702 096;1;0;1;2;1;5
202400045247;155 702 093;7;0;2;4;23;1
202400045247;155 702 095;7;0;2;1;1;1
202400045248;155 702 098;14;0;2;5;16;1
202400045248;155 702 102;1;0;2;1;1;5
202400045249;155 702 094;7;6;0;3;1;1
202400045250;155 702 097;7;0;1;3;15;1
202400045251;155 702 091;17;0;2;4;2;1
202400045251;155 702 092;37;0;2;1;2;1
202400045252;155 702 089;7;13;0;1;1;1
202400045253;155 702 087;7;0;2;1;15;1
202400045253;155 702 090;31;0;2;2;1;1
202400045254;155 702 082;33;3;0;5;1;1
202400045254;155 702 086;33;0;2;0;1;1
202400045255;155 702 080;7;0;2;1;13;1
202400045255;155 702 085;7;0;2;1;1;1
202400045256;155 702 083;10;13;0;1;13;1
202400045257;155 702 078;7;0;2;2;1;1
202400045257;155 702 081;7;0;2;6;11;1
202400045257;155 702 088;7;0;2;1;2;2
202400045258;155 702 075;42;0;2;8;3;1
202400045258;155 702 079;7;0;2;7;12;1
202400045258;155 702 084;7;0;2;4;1;2
202400045259;155 702 073;7;0;2;5;22;2
202400045259;155 702 077;1;0;2;1;1;5
202400045260;155 702 071;7;2;0;1;1;1
202400045261;155 702 070;7;0;2;3;17;1
202400045261;155 702 072;33;0;2;1;1;1
202400045262;155 702 068;7;6;0;1;1;1
202400045263;155 702 069;99;7;2;3;1;0
202400045263;155 702 074;7;0;0;1;23;2
202400045263;155 702 076;10;9;2;1;1;1
202400045264;155 702 065;7;0;2;4;1;1
202400045264;155 702 067;7;0;2;1;1;1
202400045265;155 702 064;7;0;2;1;1;1
202400045265;155 702 066;7;0;2;1;1;1
202400045266;155 702 063;7;4;0;1;13;1
202400045267;155 702 062;1;12;0;1;2;5
202400045268;155 702 059;7;14;0;3;1;1
202400045269;155 702 058;7;0;2;1;1;1
202400045269;155 702 060;7;0;0;4;1;1
202400045270;155 702 055;7;0;2;3;9;1
202400045270;155 702 061;7;0;2;1;1;1
202400045271;155 702 057;7;0;1;2;15;1
202400045272;155 702 054;7;3;0;1;26;1
202400045273;155 702 053;7;4;0;1;21;1
202400045274;155 702 051;7;5;2;1;1;1
202400045274;155 702 056;7;0;2;6;1;1
202400045275;155 702 052;10;0;1;4;4;1
202400045276;155 702 048;7;0;2;3;1;1
202400045276;155 702 050;33;0;2;1;5;1
202400045277;155 702 045;7;1;0;0;0;1
202400045278;155 702 044;7;0;2;8;10;3
202400045278;155 702 049;7;0;2;6;1;2
202400045279;155 702 042;7;0;2;7;16;1
202400045279;155 702 046;34;0;2;8;3;1
202400045280;155 702 039;7;0;2;3;11;1
202400045280;155 702 041;7;0;2;1;2;1
202400045281;155 702 043;7;0;2;7;15;1
202400045281;155 702 047;2;0;2;1;1;1
202400045282;155 702 037;30;0;0;0;0;1
202400045283;155 702 036;7;0;2;1;1;2
202400045283;155 702 040;31;0;2;3;19;1
202400045284;155 702 033;2;0;2;1;13;1
202400045284;155 702 035;7;0;2;1;1;1
202400045285;155 702 034;10;0;2;3;13;1
202400045285;155 702 038;7;0;2;3;1;1
202400045286;155 702 032;7;3;0;2;1;1
202400045287;155 702 030;7;0;1;3;1;1
202400045288;155 702 026;10;0;2;6;24;1
202400045288;155 702 029;7;1;0;2;14;2
202400045289;155 702 028;32;0;2;3;3;1
202400045289;155 702 031;7;0;2;2;12;1
202400045290;155 702 023;33;13;0;1;13;1
202400045290;155 702 027;33;13;0;1;13;1
202400045291;155 702 022;7;7;0;1;1;1
202400045292;155 702 024;7;0;1;1;1;1
202400045293;155 702 020;33;0;0;0;0;1
202400045294;155 702 019;7;0;9;8;23;1
202400045294;155 702 021;7;0;9;4;23;1
202400045294;155 702 025;7;0;2;7;2;1
202400045295;155 702 015;31;0;2;8;3;3
202400045295;155 702 018;7;0;2;7;14;1
202400045296;155 702 013;30;0;2;3;11;3
202400045296;155 702 016;32;0;2;2;1;1
202400045297;155 702 011;1;1;0;2;1;5
202400045298;155 702 014;7;0;1;1;1;1
202400045299;155 702 012;1;0;2;2;16;5
202400045299;155 702 017;7;0;2;3;15;1
202400045300;155 702 008;7;0;0;0;14;1
202400045301;155 702 009;7;2;0;1;1;1
202400045302;155 702 005;30;0;2;1;1;1
202400045302;155 702 010;7;0;2;6;19;1
202400045303;155 702 003;33;12;0;1;1;1
202400045304;155 702 000;7;0;2;1;1;2
202400045304;155 702 004;7;0;0;4;;1
202400045305;155 701 999;7;0;0;4;26;1
202400045305;155 702 002;7;0;2;4;26;1
202400045305;155 702 007;7;0;2;1;26;1
202400045306;155 702 001;7;0;2;2;19;1
202400045306;155 702 006;7;0;2;1;1;1
202400045307;155 701 996;7;6;9;2;2;1
202400045308;155 701 995;33;0;0;0;0;1
202400045309;155 701 993;32;0;2;1;2;1
202400045309;155 701 997;7;0;2;2;1;1
202400045310;155 701 990;15;0;2;1;2;1
202400045310;155 701 994;7;0;2;4;2;1
202400045310;155 701 998;14;0;2;4;2;1
202400045311;155 701 989;10;0;2;1;17;1
202400045311;155 701 992;7;0;2;1;1;1
202400045312;155 701 988;7;0;2;1;15;1
202400045312;155 701 991;2;0;2;2;1;1
202400045313;155 701 987;7;0;1;3;11;2
202400045314;155 701 985;7;0;0;0;1;1
202400045315;155 701 981;43;0;2;1;3;1
202400045315;155 701 984;7;0;2;8;2;1
202400045316;155 701 980;10;0;2;4;26;1
202400045316;155 701 983;7;0;2;4;0;1
202400045316;155 701 986;7;0;2;4;0;1
202400045317;155 701 979;7;0;1;1;1;1
202400045318;155 701 977;7;0;2;3;13;1
202400045318;155 701 982;15;0;2;3;1;1
202400045319;155 701 974;7;0;2;8;1;1
202400045319;155 701 976;50;0;2;1;16;3
202400045320;155 701 973;7;8;2;1;13;1
202400045321;155 701 975;21;0;2;3;15;1
202400045321;155 701 978;33;0;2;1;1;1
202400045322;155 701 972;33;8;0;1;0;1
202400045323;155 701 967;7;6;0;3;1;1
202400045324;155 701 965;7;6;0;1;0;1
202400045325;155 701 963;7;0;2;4;23;1
202400045325;155 701 969;7;0;2;1;1;1
202400045325;155 701 971;10;0;2;4;23;1
202400045326;155 701 964;33;0;2;8;16;1
202400045326;155 701 968;7;0;2;2;1;1
202400045327;155 701 966;7;0;1;4;26;1
202400045328;155 701 962;7;0;2;1;1;1
202400045328;155 701 970;7;0;2;7;19;1
202400045329;155 701 957;7;4;0;1;26;1
202400045330;155 701 959;7;0;2;8;15;1
202400045330;155 701 961;33;0;2;0;0;1
202400045331;155 701 956;33;0;2;2;3;1
202400045331;155 701 960;7;0;2;5;1;2
202400045332;155 701 953;10;0;2;2;2;1
202400045332;155 701 958;80;0;2;4;2;3
202400045333;155 701 954;7;0;1;1;1;1
202400045334;155 701 952;7;0;1;1;1;1
202400045334;155 701 955;7;0;0;;23;1
202400045335;155 701 948;7;0;1;1;16;1
202400045336;155 701 945;33;0;2;1;1;1
202400045336;155 701 950;7;0;2;6;1;1
202400045337;155 701 944;7;0;0;4;1;1
202400045337;155 701 949;7;0;0;1;2;0
202400045338;155 701 946;7;0;1;3;1;1
202400045339;155 701 947;33;0;2;1;11;1
202400045339;155 701 951;21;0;2;6;15;1
202400045340;155 701 942;10;4;0;1;1;1
202400045341;155 701 940;7;0;2;1;2;1
202400045341;155 701 943;7;0;2;4;2;1
202400045342;155 701 938;7;13;0;2;1;1
202400045343;155 701 937;7;0;1;1;1;1
202400045344;155 701 934;7;0;2;4;2;1
202400045344;155 701 939;7;0;2;1;2;1
202400045344;155 701 941;10;0;2;4;2;1
202400045345;155 701 936;7;0;0;9;1;1
202400045346;155 701 931;33;0;2;8;1;1
202400045347;155 701 933;7;0;2;6;16;1
202400045347;155 701 935;1;0;2;1;17;5
202400045348;155 701 932;1;0;5;1;1;5
202400045349;155 701 928;33;3;0;9;1;1
202400045350;155 701 929;7;3;0;1;0;1
202400045351;155 701 927;33;4;0;8;17;1
202400045352;155 701 925;50;0;2;1;1;3
202400045352;155 701 930;7;0;2;0;26;0
202400045353;155 701 924;7;0;9;1;1;1
202400045353;155 701 926;50;0;2;1;13;3
202400045354;155 701 921;33;4;0;8;16;1
202400045355;155 701 917;7;0;2;4;1;1
202400045355;155 701 922;10;0;2;1;1;1
202400045356;155 701 916;33;0;2;1;2;1
202400045356;155 701 920;7;0;2;6;0;1
202400045357;155 701 919;7;0;2;1;5;1
202400045357;155 701 923;7;0;2;2;1;1
202400045358;155 701 915;30;0;2;1;17;1
202400045358;155 701 918;7;0;2;3;9;1
202400045359;155 701 911;7;0;2;4;1;1
202400045359;155 701 914;10;0;2;1;1;1
202400045360;155 701 908;13;0;2;2;12;1
202400045360;155 701 913;7;0;2;6;1;0
202400045361;155 701 909;7;13;0;8;1;1
202400045362;155 701 906;7;0;2;1;26;1
202400045362;155 701 912;7;0;2;1;0;1
202400045363;155 701 904;7;0;2;1;2;1
202400045363;155 701 907;7;0;2;4;2;1
202400045363;155 701 910;7;0;2;4;2;1
202400045364;155 701 899;7;0;2;2;16;1
202400045364;155 701 903;1;0;2;1;1;5
202400045365;155 701 898;7;0;2;4;23;1
202400045365;155 701 905;7;0;2;1;2;1
202400045366;155 701 894;30;0;0;0;0;1
202400045367;155 701 895;1;0;0;9;1;5
202400045367;155 701 897;10;0;0;0;18;1
202400045367;155 701 902;1;0;2;1;1;5
202400045368;155 701 888;31;0;2;1;1;1
202400045368;155 701 892;7;0;2;0;0;1
202400045369;155 701 885;7;0;2;4;2;1
202400045369;155 701 889;7;0;2;5;2;2
202400045369;155 701 890;7;0;2;8;1;1
202400045369;155 701 893;7;0;2;4;1;1
202400045369;155 701 896;7;0;2;1;2;1
202400045369;155 701 900;33;0;2;4;2;1
202400045370;155 701 886;7;13;0;1;13;1
202400045371;155 701 882;1;0;2;1;1;5
202400045371;155 701 887;7;0;2;1;16;1
202400045372;155 701 884;7;4;2;6;18;1
202400045372;155 701 891;7;4;2;5;0;1
202400045372;155 701 901;7;4;2;0;0;2
202400045373;155 701 881;60;0;2;8;19;5
202400045373;155 701 883;7;0;2;2;0;1
202400045374;155 701 878;7;13;0;1;13;1
202400045375;155 701 877;7;0;1;2;1;1
202400045376;155 701 876;7;0;2;1;1;1
202400045376;155 701 880;7;0;2;1;13;1
202400045377;155 701 872;7;0;1;3;1;1
202400045378;155 701 871;7;0;2;1;1;1
202400045378;155 701 879;3;0;2;8;1;3
202400045379;155 701 874;10;0;1;2;0;1
202400045380;155 701 873;10;0;2;0;0;1
202400045380;155 701 875;32;0;2;1;1;1
202400045381;155 701 868;32;0;2;5;17;1
202400045381;155 701 870;15;0;2;5;1;1
202400045382;155 701 867;33;0;2;1;1;1
202400045382;155 701 869;7;0;2;3;15;1
202400045383;155 701 864;33;0;0;0;3;1
202400045384;155 701 863;7;8;2;1;13;1
202400045384;155 701 865;32;0;2;1;1;1
202400045385;155 701 861;7;7;2;2;5;1
202400045385;155 701 866;7;12;2;1;1;1
202400045386;155 701 859;7;0;1;7;2;1
202400045387;155 701 858;7;0;9;3;0;1
202400045387;155 701 860;50;0;2;3;26;3
202400045388;155 701 857;7;5;0;4;1;1
202400045389;155 701 856;7;1;0;3;13;1
202400045389;155 701 862;7;0;2;3;24;1
202400045390;155 701 855;7;0;1;0;0;2
202400045391;155 701 853;36;8;0;2;0;1
202400045392;155 701 852;7;0;0;2;0;1
202400045393;155 701 850;7;0;1;6;26;2
202400045394;155 701 849;33;1;2;7;14;1
202400045394;155 701 851;7;0;2;2;1;1
202400045395;155 701 844;50;0;2;7;1;3
202400045395;155 701 847;7;0;2;1;9;1
202400045396;155 701 845;33;0;2;2;2;1
202400045396;155 701 848;7;0;0;3;10;1
202400045397;155 701 842;7;0;2;3;19;1
202400045397;155 701 843;7;0;2;1;1;1
202400045398;155 701 846;7;0;0;3;0;1
202400045399;155 701 835;33;0;0;8;1;1
202400045400;155 701 836;7;0;9;1;1;1
202400045400;155 701 841;1;0;2;6;9;5
202400045401;155 701 837;10;0;2;1;1;1
202400045401;155 701 840;32;0;2;4;2;
202400045402;155 701 831;7;1;2;4;0;1
202400045402;155 701 834;7;1;0;2;14;1
202400045402;155 701 839;7;1;0;3;24;1
202400045403;155 701 830;7;0;2;2;12;1
202400045403;155 701 833;7;1;2;6;9;1
202400045403;155 701 838;15;0;2;9;24;1
202400045404;155 701 826;33;0;2;8;13;1
202400045404;155 701 829;10;0;2;8;1;1
202400045405;155 701 825;37;0;1;5;1;1
202400045406;155 701 827;7;0;2;8;15;1
202400045406;155 701 828;33;0;2;1;1;1
202400045407;155 701 823;10;0;1;4;26;1
202400045408;155 701 818;7;4;2;1;12;1
202400045408;155 701 821;7;0;0;5;12;1
202400045409;155 701 820;31;0;2;1;17;1
202400045409;155 701 822;7;0;2;3;1;1
202400045410;155 701 817;7;0;2;8;9;1
202400045410;155 701 824;7;0;2;1;1;1
202400045411;155 701 813;7;0;2;3;13;2
202400045411;155 701 815;7;0;2;3;1;1
202400045412;155 701 814;7;0;2;7;2;1
202400045412;155 701 819;33;0;2;8;2;1
202400045413;155 701 812;1;0;0;0;0;5
202400045413;155 701 816;3;0;9;2;12;0
202400045414;155 701 811;15;3;0;7;1;1
202400045415;155 701 810;2;3;0;7;0;1
202400045416;155 701 809;7;0;1;3;1;1
202400045417;155 701 804;7;0;2;8;13;1
202400045417;155 701 807;1;3;2;9;1;5
202400045418;155 701 805;7;0;2;3;2;1
202400045418;155 701 808;33;0;2;4;23;1
202400045419;155 701 803;15;3;0;8;0;1
202400045420;155 701 800;7;0;2;1;2;1
202400045420;155 701 802;7;0;0;4;2;1
202400045421;155 701 801;31;0;2;1;2;1
202400045421;155 701 806;7;0;2;3;10;1
202400045422;155 701 798;15;6;0;1;1;1
202400045423;155 701 796;1;0;2;1;2;5
202400045423;155 701 799;7;0;2;4;2;1
202400045424;155 701 793;7;0;2;6;1;1
202400045424;155 701 797;30;0;2;1;1;1
202400045425;155 701 791;7;0;2;5;15;1
202400045425;155 701 795;7;0;2;1;1;1
202400045426;155 701 789;7;0;2;1;13;1
202400045426;155 701 792;14;0;2;1;26;1
202400045427;155 701 787;30;0;2;1;0;3
202400045427;155 701 794;7;0;2;5;15;1
202400045428;155 701 788;7;0;2;4;1;1
202400045428;155 701 790;7;0;2;1;17;3
202400045429;155 701 784;7;0;2;1;1;1
202400045429;155 701 786;7;0;2;3;13;1
202400045430;155 701 783;10;0;2;3;9;1
202400045430;155 701 785;33;0;2;1;1;1
202400045431;155 701 778;7;0;0;4;1;1
202400045431;155 701 781;33;0;2;1;2;1
202400045432;155 701 775;2;0;0;0;1;1
202400045433;155 701 776;33;0;2;3;13;1
202400045433;155 701 780;7;0;2;3;1;1
202400045433;155 701 782;7;0;2;8;1;1
202400045434;155 701 779;7;0;1;1;15;6
202400045435;155 701 773;33;0;2;3;1;1
202400045435;155 701 777;7;0;2;2;12;2
202400045436;155 701 772;7;0;2;1;17;1
202400045436;155 701 774;1;0;2;1;15;5
202400045437;155 701 771;2;0;0;2;14;1
202400045438;155 701 767;14;0;2;3;13;1
202400045438;155 701 770;14;0;2;3;21;1
202400045439;155 701 766;10;13;2;3;15;1
202400045439;155 701 769;33;0;2;5;17;1
202400045440;155 701 765;7;0;1;2;1;1
202400045441;155 701 764;10;0;1;3;15;1
202400045442;155 701 762;7;0;2;1;1;1
202400045442;155 701 768;7;0;2;4;23;1
202400045443;155 701 761;7;0;1;1;9;1
202400045444;155 701 760;33;10;0;3;16;1
202400045445;155 701 755;7;0;9;1;1;1
202400045445;155 701 758;50;0;2;1;15;3
202400045446;155 701 757;7;0;1;1;1;
202400045447;155 701 756;7;0;2;1;15;1
202400045447;155 701 759;33;0;2;1;1;1
202400045448;155 701 750;7;0;2;1;1;1
202400045448;155 701 753;7;0;0;4;1;1
202400045449;155 701 748;30;0;0;0;1;1
202400045450;155 701 749;7;0;2;1;13;1
202400045450;155 701 752;17;0;2;1;1;1
202400045451;155 701 746;7;0;0;9;1;1
202400045452;155 701 745;7;0;1;1;1;0
202400045453;155 701 741;33;0;2;3;1;1
202400045453;155 701 744;33;0;2;3;1;1
202400045453;155 701 747;7;0;2;3;13;1
202400045454;155 701 740;7;8;0;1;1;1
202400045455;155 701 743;7;0;1;3;16;1
202400045456;155 701 739;7;0;2;3;20;1
202400045456;155 701 742;33;0;2;5;1;1
202400045457;155 701 738;7;0;1;2;1;1
202400045458;155 701 734;2;0;2;2;5;1
202400045458;155 701 736;2;0;2;3;1;1
202400045459;155 701 731;37;0;1;4;1;1
202400045460;155 701 730;10;0;2;1;1;2
202400045460;155 701 737;10;0;2;4;1;2
202400045461;155 701 728;10;0;9;2;1;1
202400045461;155 701 733;1;0;2;1;5;5
202400045462;155 701 725;7;0;2;1;9;1
202400045462;155 701 732;33;0;2;1;1;1
202400045463;155 701 727;7;0;9;3;1;1
202400045463;155 701 729;7;0;9;1;1;1
202400045463;155 701 735;1;0;2;8;19;5
202400045464;155 701 720;30;0;2;1;2;1
202400045464;155 701 724;7;0;9;5;26;1
202400045465;155 701 719;7;0;9;2;26;1
202400045465;155 701 723;1;0;2;1;5;5
202400045466;155 701 718;33;0;0;7;1;1
202400045467;155 701 716;7;0;1;1;1;1
202400045468;155 701 717;10;0;2;1;1;1
202400045468;155 701 721;10;0;0;0;0;0
202400045469;155 701 715;7;0;2;3;15;1
202400045469;155 701 722;33;15;2;1;1;1
202400045470;155 701 714;7;0;1;3;1;1
202400045471;155 701 711;10;0;1;4;4;1
202400045472;155 701 710;7;0;0;3;10;1
202400045472;155 701 713;7;13;2;1;1;1
202400045473;155 701 712;7;0;1;8;1;3
202400045474;155 701 708;35;8;0;1;0;0
202400045475;155 701 707;7;0;1;1;1;2
202400045476;155 701 705;7;13;0;3;1;1
202400045477;155 701 702;30;0;2;2;2;1
202400045477;155 701 709;7;0;2;3;9;1
202400045478;155 701 699;7;0;1;2;0;1
202400045479;155 701 701;33;0;2;1;1;1
202400045479;155 701 706;7;0;2;6;9;1
202400045480;155 701 698;7;0;2;3;9;1
202400045480;155 701 703;3;0;2;1;2;1
202400045481;155 701 697;7;13;0;1;13;1
202400045482;155 701 700;2;0;2;1;18;1
202400045482;155 701 704;7;0;2;7;16;3
202400045483;155 701 696;10;4;0;1;1;1
202400045484;155 701 693;7;13;0;9;0;1
202400045485;155 701 691;7;0;2;1;1;1
202400045485;155 701 695;7;0;2;3;26;1
202400045486;155 701 688;7;0;2;7;15;1
202400045486;155 701 690;30;0;2;1;1;1
202400045487;155 701 689;32;0;2;0;0;1
202400045487;155 701 692;7;0;2;2;21;1
202400045488;155 701 687;7;0;2;1;16;1
202400045488;155 701 694;7;9;2;7;9;1
202400045489;155 701 683;31;0;2;2;12;1
202400045489;155 701 686;10;0;2;6;23;1
202400045490;155 701 682;7;0;2;3;1;1
202400045490;155 701 685;33;7;2;1;1;1
202400045491;155 701 680;10;0;2;8;15;1
202400045491;155 701 684;10;0;2;2;5;1
202400045492;155 701 679;3;0;2;4;1;1
202400045492;155 701 681;7;0;2;1;1;0
202400045493;155 701 675;1;0;2;4;1;5
202400045493;155 701 678;7;0;2;3;9;1
202400045494;155 701 673;7;0;2;4;23;2
202400045494;155 701 674;33;0;2;1;12;1
202400045495;155 701 671;31;0;2;1;1;1
202400045495;155 701 677;7;2;2;3;1;2
202400045496;155 701 670;33;0;2;1;3;1
202400045496;155 701 672;7;0;2;1;15;1
202400045497;155 701 666;33;4;0;6;1;1
202400045497;155 701 668;7;0;0;0;0;0
202400045498;155 701 663;7;0;2;3;18;1
202400045498;155 701 665;7;3;2;5;1;1
202400045498;155 701 667;7;1;0;2;1;1
202400045499;155 701 660;50;0;2;1;1;3
202400045499;155 701 664;1;0;2;3;19;5
202400045500;155 701 659;7;0;2;1;17;1
202400045500;155 701 669;7;0;2;1;7;1
202400045501;155 701 657;7;0;2;4;1;1
202400045501;155 701 661;7;0;2;1;2;1
202400045502;155 701 654;33;0;2;1;2;1
202400045502;155 701 656;7;0;2;4;1;1
202400045503;155 701 653;30;0;0;7;16;1
202400045504;155 701 650;7;0;2;1;2;2
202400045504;155 701 652;17;0;2;6;2;0
202400045504;155 701 655;7;0;2;1;2;1
202400045504;155 701 658;10;0;2;1;2;1
202400045505;155 701 649;7;0;0;1;1;1
202400045506;155 701 648;1;0;2;1;19;5
202400045506;155 701 651;7;0;2;1;1;1
202400045507;155 701 646;33;4;0;3;13;1
202400045508;155 701 647;10;0;0;3;1;1
202400045509;155 701 644;7;0;1;3;15;1
202400045510;155 701 641;7;0;2;0;17;6
202400045510;155 701 643;34;0;2;1;18;6
202400045511;155 701 639;33;0;2;1;3;1
202400045511;155 701 642;33;0;2;4;3;1
202400045511;155 701 645;10;0;2;4;1;1
202400045512;155 701 638;7;0;1;2;1;0
202400045513;155 701 635;7;0;1;1;9;1
202400045514;155 701 631;7;0;2;4;1;1
202400045514;155 701 636;7;0;2;1;1;1
202400045515;155 701 626;10;0;2;4;2;1
202400045515;155 701 630;17;0;2;1;2;1
202400045515;155 701 634;14;0;2;4;2;1
202400045516;155 701 628;7;11;0;1;13;1
202400045517;155 701 625;0;0;2;1;1;0
202400045517;155 701 629;7;0;2;4;20;1
202400045517;155 701 632;7;0;2;1;24;1
202400045518;155 701 623;33;0;2;7;17;1
202400045518;155 701 627;7;0;2;3;15;1
202400045519;155 701 622;1;0;2;7;1;5
202400045519;155 701 624;10;0;9;3;15;1
202400045520;155 701 620;7;3;0;1;1;1
202400045521;155 701 617;7;0;1;2;1;1
202400045522;155 701 616;7;0;2;6;1;2
202400045522;155 701 621;15;0;2;2;12;1
202400045523;155 701 618;7;1;0;1;13;1
202400045524;155 701 614;7;0;2;3;2;1
202400045524;155 701 619;7;14;0;5;0;1
202400045525;155 701 615;7;0;1;1;1;0
202400045526;155 701 610;7;0;0;6;23;1
202400045526;155 701 613;30;0;2;1;17;1
202400045527;155 701 609;7;0;2;8;15;1
202400045527;155 701 612;31;0;2;7;15;1
202400045528;155 701 607;7;0;1;3;15;1
202400045529;155 701 605;50;0;2;1;21;3
202400045529;155 701 608;7;0;2;3;21;1
202400045530;155 701 603;7;13;0;0;14;1
202400045531;155 701 602;14;0;2;0;0;1
202400045531;155 701 604;7;0;2;1;1;1
202400045531;155 701 606;38;0;2;4;1;1
202400045531;155 701 611;15;0;2;1;1;1
202400045532;155 701 600;33;0;1;1;0;1
202400045533;155 701 601;7;0;1;3;1;1
202400045534;155 701 598;30;0;0;0;1;1
202400045535;155 701 592;13;0;2;4;1;1
202400045535;155 701 594;10;0;2;4;15;1
202400045536;155 701 593;33;0;2;3;3;1
202400045536;155 701 597;7;0;2;7;12;1
202400045537;155 701 595;7;0;2;2;2;1
202400045537;155 701 599;1;0;2;4;2;5
202400045538;155 701 590;7;0;2;0;0;1
202400045538;155 701 596;32;0;2;1;1;1
202400045539;155 701 588;7;0;2;8;15;1
202400045539;155 701 591;33;0;2;2;1;1
202400045540;155 701 586;31;0;0;0;1;1
202400045541;155 701 582;33;0;2;1;13;1
202400045541;155 701 584;10;0;0;6;1;1
202400045541;155 701 587;10;0;0;5;1;1
202400045542;155 701 581;7;0;2;7;15;1
202400045542;155 701 585;2;0;2;1;26;1
202400045543;155 701 580;33;0;2;7;1;1
202400045543;155 701 589;30;0;2;1;16;1
202400045544;155 701 579;7;0;2;2;22;1
202400045544;155 701 583;1;0;2;3;1;5