Num_Acc;id_vehicule;categorie_vehicule;obstacle_fixe;obstacle_mobile;point_choc_initial;manoeuvre_principale;motorisation
202400045545;155 701 574;1;0;2;4;2;5
202400045545;155 701 576;1;0;2;1;2;5
202400045546;155 701 572;2;0;2;7;0;1
202400045546;155 701 575;7;0;9;8;15;2
202400045547;155 701 573;30;0;2;2;26;1
202400045547;155 701 578;7;0;2;3;9;1
202400045548;155 701 571;10;6;0;1;2;1
202400045549;155 701 567;7;0;1;2;1;1
202400045550;155 701 569;7;15;2;2;3;1
202400045550;155 701 577;7;0;2;6;2;1
202400045551;155 701 563;7;0;2;3;1;1
202400045551;155 701 568;2;0;2;1;9;1
202400045552;155 701 566;7;0;0;1;0;1
202400045552;155 701 570;7;14;0;0;15;1
202400045553;155 701 564;7;0;1;4;4;1
202400045554;155 701 561;33;4;0;2;21;1
202400045555;155 701 562;31;0;2;1;1;0
202400045555;155 701 565;3;0;2;1;1;0
202400045556;155 701 557;7;0;2;1;2;1
202400045556;155 701 560;7;0;0;4;23;1
202400045557;155 701 554;7;0;2;3;26;0
202400045557;155 701 556;7;0;2;2;15;1
202400045558;155 701 553;7;0;0;1;1;1
202400045558;155 701 555;7;0;0;1;1;1
202400045558;155 701 558;7;0;2;4;1;1
202400045559;155 701 550;1;0;2;1;1;5
202400045559;155 701 559;7;0;9;3;16;1
202400045560;155 701 547;31;0;9;1;1;0
202400045560;155 701 552;30;0;2;3;15;1
202400045561;155 701 544;34;0;2;1;1;1
202400045561;155 701 546;7;0;2;3;15;1
202400045562;155 701 541;33;12;0;1;18;1
202400045562;155 701 545;17;0;0;0;1;1
202400045563;155 701 542;7;0;2;4;23;1
202400045563;155 701 548;10;0;2;4;23;1
202400045563;155 701 549;7;0;2;1;1;1
202400045564;155 701 539;7;0;9;8;10;1
202400045564;155 701 543;33;0;2;1;17;1
202400045565;155 701 538;37;0;2;2;16;2
202400045565;155 701 540;1;0;2;6;1;5
202400045566;155 701 535;10;0;1;7;1;1
202400045567;155 701 551;32;0;1;1;1;1
202400045568;155 701 536;1;0;2;1;1;5
202400045568;155 701 537;10;0;2;7;15;1
202400045569;155 701 534;7;6;0;0;0;1
202400045570;155 701 531;30;0;2;8;7;1
202400045570;155 701 533;7;0;2;2;16;1
202400045571;155 701 527;50;0;2;1;21;3
202400045571;155 701 532;1;0;2;1;26;5
202400045572;155 701 526;50;0;2;8;26;3
202400045572;155 701 529;7;0;9;5;0;3
202400045573;155 701 524;7;0;2;3;13;2
202400045573;155 701 530;10;0;2;8;1;1
202400045574;155 701 525;7;0;9;0;15;1
202400045574;155 701 528;33;0;2;0;21;1
202400045575;155 701 519;34;0;2;7;1;1
202400045575;155 701 521;7;0;2;3;10;1
202400045576;155 701 522;10;16;0;1;13;1
202400045577;155 701 520;7;0;2;1;1;1
202400045577;155 701 523;7;0;2;2;15;2
202400045578;155 701 515;7;1;2;1;0;1
202400045578;155 701 518;2;0;2;1;0;1
202400045579;155 701 514;7;0;2;1;1;1
202400045579;155 701 516;7;0;2;3;1;2
202400045580;155 701 513;7;0;2;7;15;1
202400045580;155 701 517;7;0;2;1;1;1
202400045581;155 701 511;37;9;1;2;7;1
202400045582;155 701 505;7;0;2;4;24;1
202400045582;155 701 508;60;1;0;1;2;5
202400045583;155 701 502;7;0;2;1;1;0
202400045583;155 701 506;10;0;2;7;1;0
202400045584;155 701 501;7;0;2;8;1;1
202400045584;155 701 509;7;0;2;8;1;1
202400045584;155 701 512;7;0;2;3;13;1
202400045585;155 701 500;32;0;2;1;1;1
202400045585;155 701 504;7;0;2;2;15;1
202400045586;155 701 496;1;0;2;1;1;5
202400045586;155 701 498;7;0;2;8;24;1
202400045587;155 701 495;7;0;2;1;15;1
202400045587;155 701 499;7;0;2;1;1;1
202400045588;155 701 497;7;0;0;0;0;1
202400045588;155 701 503;7;0;2;1;1;1
202400045588;155 701 507;7;0;2;4;1;1
202400045588;155 701 510;7;0;2;4;1;1
202400045589;155 701 493;7;0;2;1;1;0
202400045589;155 701 494;7;0;2;4;1;1
202400045590;155 701 491;30;8;0;2;26;3
202400045591;155 701 487;7;0;2;2;20;1
202400045591;155 701 489;50;0;2;1;1;3
202400045592;155 701 490;50;0;2;1;1;3
202400045592;155 701 492;7;0;2;3;15;1
202400045593;155 701 483;10;0;1;8;15;1
202400045594;155 701 482;43;0;2;1;2;1
202400045594;155 701 485;7;0;2;4;23;1
202400045595;155 701 486;10;0;1;1;15;1
202400045596;155 701 480;7;0;2;2;2;1
202400045596;155 701 481;50;0;2;3;2;3
202400045597;155 701 484;30;0;2;1;1;1
202400045597;155 701 488;7;0;2;8;15;1
202400045598;155 701 476;7;0;1;1;15;1
202400045599;155 701 472;7;0;2;1;9;1
202400045599;155 701 477;33;0;2;1;1;1
202400045600;155 701 471;33;9;2;3;17;1
202400045600;155 701 475;10;0;2;3;15;1
202400045601;155 701 470;7;0;2;1;1;1
202400045601;155 701 473;7;0;2;1;1;1
202400045601;155 701 479;7;0;2;1;15;1
202400045602;155 701 469;7;0;2;2;1;1
202400045602;155 701 478;7;0;2;3;9;2
202400045603;155 701 467;7;0;2;0;0;0
202400045603;155 701 468;7;0;2;3;26;0
202400045603;155 701 474;10;0;2;2;0;0
202400045604;155 701 465;34;0;2;8;17;1
202400045604;155 701 466;7;0;2;3;13;0
202400045605;155 701 463;7;4;0;8;13;1
202400045606;155 701 462;50;0;1;1;5;3
202400045607;155 701 459;7;0;2;1;19;1
202400045607;155 701 464;7;0;2;8;1;1
202400045608;155 701 456;7;0;2;3;10;1
202400045608;155 701 461;32;0;2;1;17;1
202400045609;155 701 458;7;0;2;2;1;1
202400045609;155 701 460;7;0;2;6;1;1
202400045610;155 701 453;7;0;2;0;1;1
202400045610;155 701 457;7;0;2;1;1;1
202400045611;155 701 452;33;16;0;7;1;1
202400045612;155 701 451;7;0;2;8;11;0
202400045612;155 701 454;7;0;2;1;1;1
202400045612;155 701 455;7;0;2;6;1;0
202400045613;155 701 450;7;0;1;1;1;1
202400045614;155 701 448;7;0;1;6;1;2
202400045615;155 701 447;2;12;0;0;0;1
202400045616;155 701 444;30;0;2;0;13;1
202400045616;155 701 445;30;0;2;0;1;1
202400045617;155 701 446;7;0;2;1;1;1
202400045617;155 701 449;30;0;2;4;1;1
202400045618;155 701 439;50;0;2;8;2;3
202400045618;155 701 442;7;0;2;7;16;1
202400045619;155 701 440;7;0;2;0;26;0
202400045619;155 701 443;32;0;2;7;3;3
202400045620;155 701 437;33;0;2;1;1;1
202400045620;155 701 441;7;0;2;8;20;1
202400045621;155 701 433;7;0;2;1;1;3
202400045621;155 701 436;7;0;2;3;1;1
202400045622;155 701 435;33;13;0;0;1;1
202400045623;155 701 434;7;0;2;3;9;1
202400045623;155 701 438;33;0;2;1;1;1
202400045624;155 701 431;7;0;2;3;1;1
202400045624;155 701 432;7;0;2;3;1;1
202400045625;155 701 427;7;0;2;6;1;1
202400045625;155 701 430;7;0;2;2;2;1
202400045626;155 701 429;7;6;0;1;0;1
202400045627;155 701 426;30;0;2;2;12;1
202400045627;155 701 428;7;0;2;3;1;1
202400045628;155 701 425;7;0;0;0;0;1
202400045629;155 701 422;7;2;0;1;1;1
202400045630;155 701 417;7;2;0;1;13;1
202400045631;155 701 415;30;0;2;8;13;1
202400045631;155 701 418;7;0;2;3;1;1
202400045632;155 701 416;7;0;2;2;20;1
202400045632;155 701 420;30;0;2;0;1;1
202400045633;155 701 414;7;6;0;1;1;1
202400045634;155 701 412;7;0;1;0;0;0
202400045635;155 701 408;1;0;2;1;5;5
202400045635;155 701 410;7;0;2;1;9;1
202400045636;155 701 406;7;0;2;3;1;1
202400045636;155 701 409;7;0;2;3;13;1
202400045637;155 701 405;7;0;2;4;1;1
202400045637;155 701 407;7;0;2;1;2;1
202400045638;155 701 403;1;0;2;1;1;5
202400045638;155 701 404;10;0;2;5;12;1
202400045639;155 701 402;7;17;0;3;13;1
202400045640;155 701 399;7;0;2;1;5;1
202400045640;155 701 400;7;0;2;1;1;1
202400045641;155 701 401;7;0;1;1;16;1
202400045642;155 701 396;2;0;2;1;25;1
202400045642;155 701 397;7;0;0;5;15;1
202400045643;155 701 395;2;0;2;8;26;1
202400045643;155 701 398;7;0;2;1;19;1
202400045644;155 701 393;7;0;2;3;21;1
202400045644;155 701 394;7;0;2;3;13;1
202400045645;155 701 390;2;0;2;3;13;1
202400045645;155 701 391;10;0;2;6;1;1
202400045646;155 701 386;30;0;1;1;1;1
202400045647;155 701 389;33;0;2;1;2;1
202400045647;155 701 392;7;0;2;6;2;1
202400045648;155 701 387;30;0;2;1;5;1
202400045648;155 701 388;10;0;2;1;1;1
202400045649;155 701 384;33;13;2;1;17;1
202400045649;155 701 385;7;0;2;1;23;1
202400045650;155 701 381;10;0;2;3;9;1
202400045650;155 701 383;30;0;2;7;9;1
202400045651;155 701 382;33;12;0;1;1;1
202400045652;155 701 378;7;0;5;1;1;1
202400045652;155 701 380;7;0;2;6;1;2
202400045653;155 701 379;7;0;0;0;26;0
202400045654;155 701 376;7;0;1;3;1;1
202400045655;155 701 373;7;0;2;2;26;1
202400045655;155 701 377;2;0;2;5;26;1
202400045656;155 701 370;7;9;0;1;1;1
202400045657;155 701 369;10;0;2;1;23;1
202400045657;155 701 372;7;0;2;4;23;1
202400045657;155 701 375;7;0;2;1;1;1
202400045658;155 701 367;7;0;2;1;1;1
202400045658;155 701 368;10;0;2;4;23;1
202400045658;155 701 371;10;0;2;4;23;1
202400045659;155 701 365;36;0;0;0;0;1
202400045660;155 701 366;1;0;2;1;1;5
202400045660;155 701 374;7;0;2;3;1;1
202400045661;155 701 363;7;0;1;3;17;1
202400045662;155 701 364;1;0;0;0;1;5
202400045663;155 701 361;37;0;1;2;1;2
202400045664;155 701 360;7;2;0;2;1;1
202400045665;155 701 359;7;0;2;3;5;1
202400045665;155 701 362;10;0;2;2;11;3
202400045666;155 701 355;7;0;2;1;13;1
202400045666;155 701 357;7;0;2;1;1;1
202400045667;155 701 354;7;0;2;3;2;2
202400045667;155 701 358;7;0;2;6;2;1
202400045668;155 701 356;7;14;0;4;26;1
202400045669;155 701 350;7;0;2;2;1;1
202400045669;155 701 353;33;0;2;4;23;1
202400045670;155 701 349;33;0;2;1;13;1
202400045670;155 701 352;7;0;2;7;13;1
202400045671;155 701 348;7;0;2;3;1;1
202400045671;155 701 351;31;0;2;7;3;3
202400045672;155 701 347;7;0;1;1;1;2
202400045673;155 701 346;7;17;0;2;1;1
202400045674;155 701 345;33;0;0;8;1;1
202400045675;155 701 343;7;13;0;2;26;1
202400045676;155 701 341;7;0;2;1;0;1
202400045676;155 701 344;7;0;2;4;2;2
202400045677;155 701 339;7;1;1;1;14;1
202400045678;155 701 338;1;0;0;0;13;5
202400045679;155 701 337;7;0;2;1;2;1
202400045679;155 701 340;7;0;0;0;0;1
202400045679;155 701 342;7;0;0;0;0;1
202400045680;155 701 336;1;0;1;8;26;5
202400045681;155 701 334;36;0;0;0;16;1
202400045682;155 701 331;7;0;2;7;16;1
202400045682;155 701 333;31;0;2;8;18;1
202400045683;155 701 332;1;0;2;8;1;5
202400045683;155 701 335;7;0;2;1;1;0
202400045684;155 701 328;33;0;2;1;17;1
202400045684;155 701 329;7;0;2;1;1;1
202400045685;155 701 327;7;0;9;1;1;0
202400045685;155 701 330;80;0;2;1;1;3
202400045686;155 701 324;7;0;1;2;21;1
202400045687;155 701 325;1;0;2;2;16;5
202400045687;155 701 326;80;0;2;1;5;3
202400045688;155 701 319;7;0;2;8;24;1
202400045688;155 701 322;1;1;0;1;1;5
202400045689;155 701 315;7;0;2;3;26;1
202400045689;155 701 318;7;0;2;3;1;1
202400045690;155 701 316;7;0;2;1;2;1
202400045690;155 701 320;7;0;2;4;2;1
202400045691;155 701 317;34;0;2;1;18;3
202400045691;155 701 321;10;0;2;7;16;1
202400045692;155 701 314;2;0;0;0;1;1
202400045693;155 701 312;1;0;0;0;1;5
202400045694;155 701 311;3;0;0;7;1;3
202400045695;155 701 309;7;0;2;1;17;1
202400045695;155 701 310;7;0;2;1;1;1
202400045696;155 701 306;10;0;1;8;1;3
202400045697;155 701 305;33;0;0;0;0;1
202400045697;155 701 308;10;0;2;2;16;1
202400045698;155 701 304;7;0;2;8;15;1
202400045698;155 701 307;33;0;2;1;17;1
202400045699;155 701 301;1;0;2;1;2;5
202400045699;155 701 303;7;0;2;4;2;1
202400045700;155 701 299;7;0;9;2;2;1
202400045700;155 701 302;1;0;2;1;2;5
202400045701;155 701 298;30;0;2;7;0;1
202400045701;155 701 300;7;0;2;3;0;1
202400045702;155 701 296;7;0;2;7;11;1
202400045702;155 701 297;43;0;2;7;1;1
202400045703;155 701 295;30;0;1;1;1;1
202400045704;155 701 288;10;0;2;1;2;0
202400045704;155 701 294;7;0;2;4;23;0
202400045705;155 701 286;7;0;2;1;26;1
202400045705;155 701 291;3;0;2;3;1;1
202400045705;155 701 292;7;0;2;6;1;1
202400045706;155 701 289;3;0;2;3;13;3
202400045706;155 701 293;7;0;2;8;21;2
202400045707;155 701 287;7;0;2;1;13;1
202400045707;155 701 290;7;3;2;3;1;1
202400045708;155 701 285;33;14;0;1;26;1
202400045709;155 701 282;7;0;2;3;13;1
202400045709;155 701 284;2;0;2;1;17;3
202400045710;155 701 281;2;8;0;2;1;1
202400045711;155 701 280;10;0;1;0;17;1
202400045712;155 701 276;7;0;2;1;1;1
202400045712;155 701 279;7;0;2;2;15;3
202400045713;155 701 277;33;14;0;0;0;1
202400045714;155 701 271;7;0;2;2;5;1
202400045714;155 701 274;33;0;2;1;1;1
202400045715;155 701 269;10;13;2;1;13;1
202400045715;155 701 273;7;0;2;1;1;1
202400045716;155 701 275;7;14;0;6;7;1
202400045716;155 701 278;2;14;0;1;7;1
202400045717;155 701 268;10;0;2;1;1;1
202400045717;155 701 272;10;0;2;4;1;1
202400045718;155 701 267;10;0;2;1;13;1
202400045718;155 701 270;7;0;2;1;1;1
202400045719;155 701 265;7;2;0;8;1;1
202400045720;155 701 264;31;12;0;2;16;1
202400045721;155 701 262;7;0;2;1;1;1
202400045721;155 701 266;7;0;2;8;1;3
202400045722;155 701 261;7;0;2;5;1;1
202400045722;155 701 263;33;0;2;8;21;1
202400045723;155 701 258;7;0;2;1;13;1
202400045723;155 701 260;38;0;2;1;1;1
202400045724;155 701 254;7;0;2;3;1;1
202400045724;155 701 257;7;0;2;1;13;1
202400045725;155 701 256;1;0;1;3;1;5
202400045726;155 701 253;1;1;0;3;1;5
202400045727;155 701 252;10;13;0;2;15;1
202400045728;155 701 249;33;0;1;1;1;0
202400045729;155 701 247;1;0;2;1;1;5
202400045729;155 701 250;7;0;2;3;9;1
202400045730;155 701 246;7;0;1;7;17;2
202400045731;155 701 243;50;0;0;1;1;3
202400045732;155 701 242;7;0;2;3;24;1
202400045732;155 701 245;7;0;2;7;1;1
202400045733;155 701 240;10;0;2;1;5;1
202400045733;155 701 244;7;0;2;1;1;1
202400045734;155 701 241;33;0;1;1;1;1
202400045735;155 701 235;32;0;2;1;1;1
202400045735;155 701 238;1;0;2;3;19;5
202400045736;155 701 234;7;0;2;1;1;1
202400045736;155 701 237;7;0;2;4;23;1
202400045737;155 701 233;7;0;0;0;22;2
202400045737;155 701 236;2;1;0;1;3;1
202400045738;155 701 231;7;0;2;1;9;1
202400045738;155 701 239;7;0;2;2;1;1
202400045739;155 701 230;7;0;2;1;2;1
202400045739;155 701 232;34;0;0;4;2;1
202400045740;155 701 229;7;2;0;1;23;1
202400045741;155 701 226;7;0;2;2;12;1
202400045741;155 701 228;31;0;2;8;3;1
202400045742;155 701 227;80;0;0;1;2;3
202400045743;155 701 223;21;8;0;2;26;1
202400045744;155 701 222;30;0;2;4;2;1
202400045744;155 701 225;7;0;2;1;0;1
202400045745;155 701 220;1;0;2;3;1;5
202400045745;155 701 224;7;0;2;2;16;1
202400045746;155 701 219;10;0;2;4;1;1
202400045746;155 701 221;33;0;2;1;2;1
202400045747;155 701 217;80;0;9;3;26;3
202400045747;155 701 218;80;0;9;1;1;3
202400045748;155 701 214;7;0;2;1;2;2
202400045748;155 701 216;38;0;2;5;24;1
202400045749;155 701 213;31;0;0;5;16;1
202400045750;155 701 211;1;0;2;1;1;5
202400045750;155 701 212;7;0;2;2;12;1
202400045751;155 701 215;1;0;0;0;1;5
202400045752;155 701 207;7;0;2;2;15;2
202400045752;155 701 208;1;0;2;2;15;5
202400045753;155 701 210;1;0;1;8;1;5
202400045754;155 701 203;10;0;2;1;1;1
202400045754;155 701 206;7;0;2;1;1;1
202400045754;155 701 209;7;0;2;4;1;1
202400045755;155 701 201;7;1;2;1;1;1
202400045755;155 701 205;10;0;2;5;15;1
202400045756;155 701 202;7;0;2;2;13;1
202400045756;155 701 204;7;0;2;1;1;1
202400045757;155 701 200;50;1;0;1;2;3
202400045758;155 701 197;7;0;2;2;16;0
202400045758;155 701 199;10;0;2;2;1;1
202400045759;155 701 194;7;0;2;1;1;1
202400045759;155 701 198;7;0;2;1;5;1
202400045760;155 701 193;34;0;2;1;3;1
202400045760;155 701 196;7;0;2;4;1;1
202400045761;155 701 192;7;0;1;3;1;2
202400045762;155 701 191;7;0;2;2;17;1
202400045762;155 701 195;1;0;2;6;15;5
202400045763;155 701 185;7;0;2;6;1;1
202400045763;155 701 188;7;0;2;2;1;1
202400045764;155 701 186;7;0;2;2;1;1
202400045764;155 701 190;7;0;2;2;15;3
202400045765;155 701 183;7;0;2;7;1;2
202400045765;155 701 187;10;0;2;6;1;1
202400045765;155 701 189;33;0;2;1;12;1
202400045766;155 701 181;38;0;0;6;24;1
202400045766;155 701 184;37;1;0;2;1;2
202400045767;155 701 180;7;0;2;3;1;1
202400045767;155 701 182;7;0;2;1;1;1
202400045768;155 701 176;7;0;2;8;15;1
202400045768;155 701 178;32;0;2;1;17;1
202400045769;155 701 175;7;0;2;6;11;1
202400045769;155 701 179;17;0;2;2;12;1
202400045770;155 701 173;32;0;2;1;3;1
202400045770;155 701 174;7;0;2;5;1;3
202400045770;155 701 177;7;0;2;6;1;1
202400045771;155 701 171;7;0;0;3;13;1
202400045771;155 701 172;7;0;0;2;17;1
202400045772;155 701 167;38;0;2;3;1;0
202400045772;155 701 170;7;0;2;3;1;1
202400045773;155 701 166;33;0;2;1;0;1
202400045773;155 701 169;7;0;2;0;15;1
202400045774;155 701 163;32;0;2;2;3;1
202400045774;155 701 165;7;0;2;6;1;1
202400045775;155 701 162;7;0;2;7;1;1
202400045775;155 701 164;7;0;2;1;1;1
202400045775;155 701 168;7;0;2;3;11;1
202400045776;155 701 161;41;6;0;3;13;1
202400045777;155 701 156;33;0;2;1;3;1
202400045777;155 701 159;7;0;2;5;1;3
202400045778;155 701 157;7;0;2;3;1;1
202400045778;155 701 160;2;0;2;1;0;1
202400045779;155 701 158;50;0;1;3;1;3
202400045780;155 701 152;43;0;2;1;26;1
202400045780;155 701 154;7;0;2;3;23;1
202400045781;155 701 151;7;0;2;4;2;1
202400045781;155 701 153;7;0;2;1;2;0
202400045781;155 701 155;7;0;2;4;2;1
202400045782;155 701 150;33;4;0;0;14;1
202400045783;155 701 148;30;0;0;0;13;0
202400045784;155 701 143;38;0;1;2;26;0
202400045785;155 701 142;7;0;2;6;12;1
202400045785;155 701 145;0;0;2;1;0;0
202400045786;155 701 141;32;0;2;1;1;0
202400045786;155 701 147;1;0;2;7;1;5
202400045787;155 701 140;7;0;2;2;15;2
202400045787;155 701 144;32;0;2;1;1;1
202400045788;155 701 146;7;0;2;2;15;1
202400045788;155 701 149;2;0;2;1;1;1
202400045789;155 701 136;7;0;1;1;1;1
202400045790;155 701 134;7;0;2;2;15;1
202400045790;155 701 139;99;0;2;1;16;3
202400045791;155 701 132;80;0;2;7;1;3
202400045791;155 701 137;7;0;2;1;1;1
202400045792;155 701 133;1;1;2;1;5;5
202400045792;155 701 138;7;0;2;1;1;2
202400045793;155 701 131;7;0;0;4;1;1
202400045793;155 701 135;7;0;2;1;1;1
202400045794;155 701 130;10;0;1;1;15;1
202400045795;155 701 125;7;0;2;6;20;1
202400045795;155 701 129;7;0;2;2;17;2
202400045796;155 701 124;10;0;2;2;1;1
202400045796;155 701 128;31;0;2;0;0;1
202400045797;155 701 126;7;5;0;7;1;1
202400045798;155 701 123;7;0;2;1;26;1
202400045798;155 701 127;1;0;0;8;0;5
202400045799;155 701 122;7;12;0;2;13;1
202400045800;155 701 121;13;0;1;8;1;1
202400045801;155 701 118;7;0;2;8;11;3
202400045801;155 701 120;34;0;2;2;0;1
202400045802;155 701 119;7;6;0;2;1;1
202400045803;155 701 115;1;0;2;3;1;5
202400045803;155 701 116;10;0;2;2;22;1
202400045804;155 701 114;10;0;2;1;19;1
202400045804;155 701 117;1;0;2;6;1;5
202400045805;155 701 110;7;0;2;6;16;3
202400045805;155 701 112;33;0;2;0;0;1
202400045806;155 701 111;7;0;1;1;0;1
202400045807;155 701 108;1;12;0;1;14;5
202400045808;155 701 109;7;0;2;3;24;1
202400045808;155 701 113;7;0;1;3;21;1
202400045809;155 701 105;31;0;0;0;0;0
202400045809;155 701 107;43;0;2;0;1;1
202400045810;155 701 099;13;0;0;0;0;1
202400045810;155 701 103;33;3;2;1;13;1
202400045810;155 701 106;43;0;2;4;13;1
202400045811;155 701 102;1;0;1;8;1;5
202400045812;155 701 101;2;2;0;1;1;1
202400045813;155 701 100;7;0;0;8;19;1
202400045813;155 701 104;33;0;2;1;1;1
202400045814;155 701 098;7;0;1;3;9;3
202400045815;155 701 096;10;0;2;1;1;1
202400045815;155 701 097;1;0;2;7;1;5
202400045816;155 701 091;7;0;2;1;1;1
202400045816;155 701 095;7;0;2;1;13;1
202400045817;155 701 088;7;0;2;1;16;0
202400045817;155 701 092;50;0;2;1;8;3
202400045818;155 701 090;7;0;2;3;17;1
202400045818;155 701 094;34;0;2;2;2;1
202400045819;155 701 086;7;0;2;7;1;1
202400045819;155 701 089;7;0;2;1;1;1
202400045819;155 701 093;33;5;2;1;1;1
202400045820;155 701 085;7;0;2;3;13;1
202400045820;155 701 087;37;0;2;3;1;1
202400045821;155 701 083;7;0;1;1;1;2
202400045822;155 701 081;10;1;0;0;26;1
202400045822;155 701 084;1;1;2;8;1;5
202400045823;155 701 079;32;0;2;1;17;1
202400045823;155 701 082;7;0;2;6;22;3
202400045824;155 701 078;2;0;2;3;26;1
202400045824;155 701 080;7;0;2;2;1;3
202400045825;155 701 075;7;0;1;5;20;1
202400045826;155 701 074;7;1;0;2;1;1
202400045827;155 701 073;7;0;2;1;13;1
202400045827;155 701 077;7;0;2;1;1;1
202400045828;155 701 071;2;0;2;1;1;3
202400045828;155 701 076;10;0;2;2;1;1
202400045829;155 701 070;7;0;2;5;20;1
202400045829;155 701 072;7;1;2;2;1;1
202400045830;155 701 068;50;1;0;0;1;3
202400045831;155 701 066;33;0;0;6;2;1
202400045831;155 701 069;7;0;0;2;2;1
202400045832;155 701 063;30;0;2;1;0;1
202400045832;155 701 065;1;1;0;0;0;5
202400045833;155 701 062;7;0;2;3;1;2
202400045833;155 701 067;2;0;2;1;1;1
202400045834;155 701 061;7;0;2;6;10;1
202400045834;155 701 064;30;0;2;1;1;1
202400045835;155 701 058;50;0;2;0;0;3
202400045835;155 701 060;7;0;2;1;1;0
202400045836;155 701 055;7;1;2;3;20;1
202400045836;155 701 056;33;1;2;1;2;1
202400045837;155 701 057;2;0;9;1;1;1
202400045837;155 701 059;1;0;2;1;19;5
202400045838;155 701 054;7;0;1;1;1;1
202400045839;155 701 053;7;1;0;2;0;1
202400045840;155 701 051;7;13;0;2;14;1
202400045841;155 701 052;7;0;1;7;15;1
202400045842;155 701 050;15;3;0;2;14;1
202400045843;155 701 048;10;0;2;1;16;1
202400045843;155 701 049;1;0;2;7;1;5
202400045844;155 701 046;7;0;0;3;1;3
202400045844;155 701 047;7;3;0;1;13;1
202400045845;155 701 044;33;14;1;1;26;0
202400045846;155 701 043;2;0;0;0;13;1
202400045847;155 701 042;7;12;1;2;16;1
202400045848;155 701 040;15;0;9;1;1;1
202400045848;155 701 041;7;0;2;1;1;1
202400045849;155 701 039;7;0;2;1;13;1
202400045849;155 701 045;7;6;2;1;14;1
202400045850;155 701 038;7;0;1;3;26;0
202400045851;155 701 036;33;0;1;3;17;1
202400045852;155 701 033;50;0;2;1;13;3
202400045852;155 701 035;7;0;9;2;1;1
202400045853;155 701 034;7;0;2;8;15;1
202400045853;155 701 037;7;0;2;1;1;1
202400045854;155 701 031;7;0;1;5;0;1
202400045855;155 701 027;7;0;2;6;1;1
202400045855;155 701 029;50;0;2;1;15;3
202400045856;155 701 026;7;0;2;2;0;1
202400045856;155 701 030;1;0;2;8;16;5
202400045857;155 701 025;2;3;0;8;13;1
202400045858;155 701 021;15;13;0;2;1;1
202400045859;155 701 020;7;0;2;3;1;1
202400045859;155 701 024;7;0;2;1;15;1
202400045860;155 701 017;7;0;2;3;1;1
202400045860;155 701 022;7;0;2;3;13;1
202400045861;155 701 019;33;15;0;3;1;1
202400045862;155 701 015;7;1;0;1;1;1
202400045862;155 701 016;10;0;0;4;24;1
202400045863;155 701 014;7;4;0;1;1;1
202400045864;155 701 011;7;0;2;2;26;2
202400045865;155 701 010;2;11;0;2;1;1
202400045866;155 701 009;7;0;0;1;2;1
202400045866;155 701 013;17;0;0;4;2;1
202400045867;155 701 008;7;0;1;1;1;1
202400045868;155 701 005;7;6;0;3;1;1
202400045869;155 701 007;33;0;2;1;1;1
202400045869;155 701 012;7;0;2;2;15;1
202400045870;155 701 002;7;0;2;4;13;1
202400045870;155 701 004;17;0;2;2;1;1
202400045871;155 701 001;7;0;2;8;1;1
202400045871;155 701 006;7;0;2;2;1;1
202400045872;155 701 000;7;0;2;1;2;1
202400045872;155 701 003;7;0;0;1;2;1
202400045873;155 700 995;7;0;2;3;9;1
202400045873;155 700 998;33;12;2;7;16;1
202400045874;155 700 996;80;0;1;1;17;3
202400045875;155 700 991;7;2;0;3;14;1
202400045876;155 700 993;1;0;2;1;15;5
202400045876;155 700 999;7;0;9;2;1;1
202400045877;155 700 992;32;0;2;2;1;1
202400045877;155 700 994;7;0;2;2;19;1
202400045878;155 700 990;7;0;2;3;21;1
202400045878;155 700 997;7;0;2;8;21;1
202400045879;155 700 987;7;8;0;9;21;1
202400045880;155 700 984;33;0;2;1;1;1
202400045880;155 700 989;7;0;2;1;15;1
202400045881;155 700 985;7;0;2;1;1;1
202400045881;155 700 988;33;0;2;1;1;1
202400045882;155 700 978;7;0;0;6;15;3
202400045882;155 700 981;31;0;2;1;17;1
202400045883;155 700 980;1;0;9;0;2;5
202400045883;155 700 983;1;0;0;0;2;5
202400045884;155 700 976;50;0;0;0;0;3
202400045885;155 700 974;7;14;0;1;1;1
202400045885;155 700 975;7;0;2;1;13;1
202400045885;155 700 977;7;0;2;1;1;1
202400045886;155 700 973;10;0;1;3;1;1
202400045887;155 700 970;2;0;0;1;1;1
202400045888;155 700 969;10;0;0;0;2;0
202400045888;155 700 972;2;0;0;0;2;0
202400045889;155 700 971;7;8;0;1;1;1
202400045890;155 700 967;7;0;0;3;1;1
202400045890;155 700 968;7;0;2;1;13;1
202400045891;155 700 962;33;1;1;1;1;1
202400045892;155 700 960;7;2;2;3;13;1
202400045892;155 700 964;7;0;2;8;1;1
202400045892;155 700 966;7;0;2;8;1;1
202400045893;155 700 963;7;0;2;2;15;1
202400045893;155 700 965;7;0;2;3;1;1
202400045894;155 700 958;7;0;2;1;2;1
202400045894;155 700 959;7;3;2;4;2;1