Num_Acc;id_vehicule;categorie_vehicule;obstacle_fixe;obstacle_mobile;point_choc_initial;manoeuvre_principale;motorisation
202400045895;155 700 957;10;0;2;1;2;1
202400045895;155 700 961;2;0;0;4;1;1
202400045896;155 700 955;80;0;0;0;26;3
202400045897;155 700 952;21;0;0;0;17;1
202400045897;155 700 953;1;0;0;0;1;5
202400045898;155 700 950;34;0;1;1;1;1
202400045898;155 700 956;43;0;0;4;23;1
202400045899;155 700 949;2;0;2;8;1;1
202400045899;155 700 954;7;0;2;2;15;1
202400045900;155 700 947;33;0;2;1;5;1
202400045900;155 700 951;7;0;2;3;1;1
202400045901;155 700 946;7;0;2;1;2;1
202400045901;155 700 948;7;0;2;4;2;1
202400045902;155 700 945;33;0;1;1;1;1
202400045903;155 700 942;7;13;2;3;19;1
202400045903;155 700 944;7;13;2;1;1;1
202400045904;155 700 939;36;0;0;2;14;1
202400045905;155 700 941;7;0;2;6;19;2
202400045905;155 700 943;37;0;2;3;1;0
202400045906;155 700 937;7;1;0;1;13;1
202400045907;155 700 935;7;0;2;4;2;1
202400045907;155 700 938;7;0;2;1;2;1
202400045907;155 700 940;7;0;2;1;2;1
202400045908;155 700 934;7;0;2;7;15;1
202400045908;155 700 936;7;0;2;1;1;1
202400045909;155 700 931;7;0;2;3;15;1
202400045909;155 700 933;33;0;2;1;17;1
202400045910;155 700 930;2;0;2;1;13;1
202400045910;155 700 932;33;0;2;1;1;1
202400045911;155 700 927;7;0;2;1;1;1
202400045911;155 700 929;7;0;2;4;1;1
202400045912;155 700 923;33;4;0;0;0;1
202400045913;155 700 921;7;0;2;6;1;1
202400045913;155 700 925;7;0;2;2;14;1
202400045913;155 700 928;7;0;2;6;2;1
202400045914;155 700 922;33;0;2;1;1;1
202400045914;155 700 926;21;0;2;3;15;1
202400045915;155 700 920;7;0;2;1;1;1
202400045915;155 700 924;7;0;2;1;13;1
202400045916;155 700 914;7;0;2;5;12;1
202400045916;155 700 918;33;0;2;0;0;1
202400045917;155 700 912;7;8;2;6;23;1
202400045917;155 700 917;7;14;2;2;2;2
202400045918;155 700 915;7;0;2;4;11;1
202400045918;155 700 919;33;0;2;1;3;1
202400045919;155 700 910;7;0;0;4;23;1
202400045919;155 700 916;7;0;2;1;1;1
202400045920;155 700 909;7;0;0;4;23;1
202400045920;155 700 911;7;0;2;4;23;1
202400045920;155 700 913;10;0;2;1;2;1
202400045921;155 700 907;7;0;2;3;11;1
202400045921;155 700 908;7;6;2;3;1;1
202400045922;155 700 906;7;0;1;5;20;1
202400045923;155 700 903;7;0;0;5;15;1
202400045923;155 700 905;2;0;2;1;1;1
202400045924;155 700 899;80;0;2;1;1;3
202400045924;155 700 902;80;0;2;8;19;3
202400045925;155 700 900;2;13;0;1;14;1
202400045926;155 700 898;33;0;2;6;21;1
202400045926;155 700 901;7;0;2;6;1;2
202400045927;155 700 891;7;0;2;1;1;1
202400045927;155 700 896;7;0;2;2;15;1
202400045928;155 700 892;7;4;0;9;21;1
202400045928;155 700 895;17;0;0;3;1;1
202400045929;155 700 893;7;0;2;4;2;1
202400045929;155 700 897;7;0;2;2;21;1
202400045929;155 700 904;7;0;2;4;2;1
202400045930;155 700 886;7;0;2;8;11;1
202400045930;155 700 890;7;0;2;2;1;1
202400045931;155 700 884;1;0;2;1;1;5
202400045931;155 700 887;33;0;9;1;1;1
202400045932;155 700 883;10;0;2;2;15;1
202400045932;155 700 888;33;0;2;1;1;1
202400045933;155 700 889;7;0;2;3;1;1
202400045933;155 700 894;31;0;2;1;1;1
202400045934;155 700 882;7;0;2;1;2;1
202400045934;155 700 885;7;0;2;4;2;1
202400045935;155 700 878;7;0;2;1;0;1
202400045935;155 700 880;7;0;2;1;0;1
202400045936;155 700 877;33;12;0;1;1;1
202400045937;155 700 871;1;14;0;1;1;5
202400045938;155 700 873;10;4;0;1;26;1
202400045939;155 700 872;7;0;2;1;2;1
202400045939;155 700 874;33;0;2;1;2;1
202400045939;155 700 875;10;0;0;4;2;1
202400045939;155 700 879;7;0;0;4;2;2
202400045940;155 700 870;10;2;0;1;1;1
202400045941;155 700 869;43;0;2;8;18;1
202400045941;155 700 876;43;0;2;1;18;1
202400045941;155 700 881;7;0;2;7;1;2
202400045942;155 700 866;20;0;1;6;4;1
202400045943;155 700 864;32;0;0;0;2;1
202400045943;155 700 868;32;0;0;0;2;1
202400045944;155 700 862;7;0;2;3;0;1
202400045944;155 700 867;7;8;2;3;0;1
202400045945;155 700 860;7;13;0;1;1;1
202400045946;155 700 861;7;0;2;1;2;1
202400045946;155 700 865;10;0;2;4;2;1
202400045947;155 700 859;7;0;2;1;1;1
202400045947;155 700 863;7;0;2;4;1;1
202400045948;155 700 857;80;0;0;0;1;2
202400045948;155 700 858;0;0;0;0;17;0
202400045949;155 700 854;7;0;1;3;1;1
202400045950;155 700 853;7;0;2;1;2;1
202400045950;155 700 855;10;0;2;4;1;1
202400045951;155 700 850;21;0;0;0;26;1
202400045952;155 700 847;7;13;0;0;21;1
202400045952;155 700 851;7;13;2;1;1;2
202400045952;155 700 856;7;0;2;1;13;1
202400045953;155 700 846;10;0;2;7;2;1
202400045953;155 700 849;7;0;2;1;2;1
202400045953;155 700 852;7;0;2;9;2;1
202400045954;155 700 845;1;0;2;1;1;5
202400045954;155 700 848;7;0;2;2;13;1
202400045955;155 700 843;32;9;0;7;1;1
202400045956;155 700 842;7;3;0;8;2;1
202400045957;155 700 841;7;0;2;1;17;1
202400045957;155 700 844;7;0;2;3;1;1
202400045958;155 700 839;7;0;0;9;1;1
202400045959;155 700 838;1;0;0;0;1;5
202400045960;155 700 836;33;0;2;1;3;1
202400045960;155 700 837;7;0;2;4;1;1
202400045960;155 700 840;7;0;2;8;1;1
202400045961;155 700 834;17;3;0;3;13;1
202400045962;155 700 831;2;0;1;0;17;1
202400045963;155 700 833;33;0;2;1;3;1
202400045963;155 700 835;7;0;2;6;11;1
202400045964;155 700 832;7;1;0;1;14;1
202400045965;155 700 828;7;0;1;5;4;1
202400045966;155 700 827;33;0;0;7;1;1
202400045967;155 700 825;10;0;2;4;2;1
202400045967;155 700 829;7;0;2;1;2;1
202400045967;155 700 830;10;0;2;4;2;1
202400045968;155 700 826;7;4;0;1;2;1
202400045969;155 700 822;7;0;1;3;1;1
202400045970;155 700 819;7;0;2;3;13;1
202400045970;155 700 823;7;0;2;1;0;1
202400045970;155 700 824;7;0;2;2;1;2
202400045971;155 700 821;7;2;0;8;14;1
202400045972;155 700 818;33;0;0;3;12;1
202400045973;155 700 817;7;0;2;2;9;1
202400045973;155 700 820;33;0;2;7;1;1
202400045974;155 700 815;7;17;0;1;0;1
202400045975;155 700 810;7;0;2;4;2;1
202400045975;155 700 813;33;0;2;1;2;1
202400045976;155 700 809;7;0;2;1;17;1
202400045976;155 700 812;7;0;2;1;1;1
202400045977;155 700 816;31;13;0;0;0;1
202400045978;155 700 808;15;0;2;1;1;1
202400045978;155 700 811;7;0;2;1;13;1
202400045979;155 700 807;7;0;2;3;13;1
202400045979;155 700 814;7;0;2;3;1;1
202400045980;155 700 806;2;0;0;0;14;1
202400045981;155 700 802;50;0;2;1;25;3
202400045981;155 700 805;7;0;2;2;26;1
202400045982;155 700 799;7;0;2;1;2;1
202400045982;155 700 804;7;0;0;4;2;2
202400045983;155 700 800;10;0;1;4;20;1
202400045984;155 700 796;2;0;2;1;26;1
202400045984;155 700 801;7;0;2;1;19;1
202400045985;155 700 797;7;0;2;5;1;1
202400045985;155 700 803;30;0;2;1;7;1
202400045986;155 700 795;7;8;0;1;26;3
202400045987;155 700 792;7;4;0;3;13;1
202400045988;155 700 791;7;5;0;1;14;6
202400045989;155 700 790;33;1;2;1;17;1
202400045989;155 700 793;10;0;2;7;0;1
202400045990;155 700 789;7;0;2;2;1;2
202400045990;155 700 794;7;0;2;8;1;1
202400045990;155 700 798;7;0;2;1;19;2
202400045991;155 700 787;30;0;0;0;1;1
202400045992;155 700 786;7;0;2;3;15;2
202400045992;155 700 788;33;0;2;1;17;1
202400045993;155 700 784;7;0;0;2;1;1
202400045994;155 700 783;7;0;1;2;1;1
202400045995;155 700 779;30;0;2;7;1;3
202400045995;155 700 781;30;0;2;8;1;3
202400045996;155 700 780;7;0;2;1;1;1
202400045996;155 700 785;50;0;2;7;9;3
202400045997;155 700 778;7;0;2;1;1;1
202400045997;155 700 782;1;0;2;8;1;5
202400045998;155 700 774;7;0;0;1;1;1
202400045998;155 700 776;7;13;0;8;1;1
202400045999;155 700 773;33;0;2;1;2;1
202400045999;155 700 777;10;0;0;4;2;1
202400046000;155 700 772;7;0;1;1;1;1
202400046001;155 700 770;7;8;0;1;1;1
202400046002;155 700 769;7;0;2;1;1;1
202400046002;155 700 775;16;0;0;0;1;1
202400046003;155 700 768;7;0;2;3;15;1
202400046003;155 700 771;7;0;2;3;1;2
202400046004;155 700 766;32;11;0;1;13;1
202400046005;155 700 765;60;0;0;8;2;5
202400046006;155 700 764;7;0;2;3;1;1
202400046006;155 700 767;80;0;2;3;1;3
202400046007;155 700 763;14;0;1;7;2;1
202400046008;155 700 757;1;0;0;1;19;5
202400046008;155 700 761;7;0;9;3;26;1
202400046009;155 700 754;10;0;1;0;1;1
202400046010;155 700 755;33;0;2;2;2;1
202400046010;155 700 759;7;0;2;2;0;2
202400046010;155 700 762;7;0;0;6;1;1
202400046011;155 700 752;7;0;2;7;17;1
202400046011;155 700 760;15;0;2;6;1;1
202400046012;155 700 753;7;0;2;2;15;1
202400046012;155 700 756;30;0;2;1;1;1
202400046013;155 700 758;15;14;0;1;1;1
202400046014;155 700 748;7;0;2;8;15;1
202400046014;155 700 751;31;0;2;1;17;1
202400046015;155 700 744;7;0;2;3;1;1
202400046015;155 700 749;7;0;2;3;0;1
202400046016;155 700 740;2;0;2;1;1;1
202400046016;155 700 743;10;0;2;2;13;1
202400046017;155 700 739;7;0;2;2;1;1
202400046017;155 700 747;50;0;2;3;1;3
202400046018;155 700 735;7;0;2;1;2;1
202400046018;155 700 738;7;0;2;4;1;1
202400046018;155 700 742;7;0;2;4;2;1
202400046019;155 700 736;10;0;2;9;2;1
202400046019;155 700 741;7;0;2;1;2;1
202400046019;155 700 746;15;0;0;5;2;1
202400046020;155 700 734;7;0;1;1;1;1
202400046021;155 700 729;7;0;2;3;19;1
202400046021;155 700 731;31;0;2;1;1;1
202400046022;155 700 726;7;0;2;1;2;1
202400046022;155 700 730;7;0;2;8;0;1
202400046023;155 700 727;7;0;2;8;15;1
202400046023;155 700 732;7;0;2;2;17;1
202400046024;155 700 725;33;0;2;8;1;1
202400046024;155 700 728;7;0;2;5;12;1
202400046025;155 700 723;7;4;2;9;1;1
202400046025;155 700 724;7;0;0;4;1;1
202400046025;155 700 733;7;4;2;9;1;1
202400046025;155 700 737;7;4;0;3;1;1
202400046025;155 700 745;7;0;2;2;1;1
202400046026;155 700 721;7;0;1;5;26;1
202400046027;155 700 718;7;0;2;4;2;1
202400046027;155 700 722;7;0;2;1;2;1
202400046028;155 700 717;32;12;0;1;13;1
202400046029;155 700 719;36;0;0;3;1;1
202400046030;155 700 715;7;0;2;8;11;1
202400046030;155 700 720;34;0;2;7;2;1
202400046031;155 700 713;16;0;2;4;4;1
202400046031;155 700 716;31;0;0;1;2;1
202400046032;155 700 710;7;0;2;8;15;2
202400046032;155 700 714;33;0;2;1;1;1
202400046033;155 700 707;38;2;0;3;13;1
202400046034;155 700 708;7;0;2;3;1;1
202400046034;155 700 712;7;0;2;1;1;0
202400046035;155 700 706;15;0;0;1;1;1
202400046036;155 700 705;7;0;0;2;0;1
202400046036;155 700 709;7;0;0;1;0;1
202400046037;155 700 704;7;0;1;1;15;3
202400046038;155 700 703;10;0;1;0;1;1
202400046039;155 700 698;7;0;2;1;5;1
202400046039;155 700 701;7;0;2;1;1;1
202400046040;155 700 699;7;2;0;1;0;1
202400046041;155 700 700;33;4;0;8;16;1
202400046042;155 700 697;7;0;2;8;15;1
202400046042;155 700 702;32;0;2;3;0;1
202400046043;155 700 696;33;0;0;0;1;1
202400046044;155 700 695;7;0;1;0;1;1
202400046045;155 700 690;50;0;2;1;1;3
202400046045;155 700 693;3;0;0;3;15;1
202400046046;155 700 689;2;0;0;0;2;1
202400046047;155 700 688;7;3;2;4;9;1
202400046047;155 700 692;38;0;2;2;2;1
202400046048;155 700 686;7;0;2;6;2;1
202400046048;155 700 691;32;0;2;1;2;1
202400046049;155 700 684;7;0;2;1;1;1
202400046049;155 700 687;7;0;2;5;10;1
202400046049;155 700 694;7;0;2;1;21;1
202400046050;155 700 683;37;0;2;7;16;1
202400046050;155 700 685;33;0;2;1;1;1
202400046051;155 700 680;7;0;2;1;15;1
202400046051;155 700 682;7;0;2;1;1;1
202400046052;155 700 679;7;0;0;9;26;1
202400046053;155 700 678;7;0;2;3;1;1
202400046053;155 700 681;10;0;2;3;1;1
202400046054;155 700 674;50;0;2;8;19;3
202400046054;155 700 676;7;0;2;2;1;1
202400046055;155 700 673;7;0;2;1;17;1
202400046055;155 700 677;7;3;2;1;1;2
202400046056;155 700 671;7;0;0;6;2;1
202400046056;155 700 675;7;0;2;2;2;1
202400046057;155 700 670;32;0;6;1;1;1
202400046058;155 700 668;7;0;1;1;1;1
202400046059;155 700 665;32;2;0;1;1;1
202400046060;155 700 667;33;0;2;7;1;1
202400046060;155 700 672;7;0;9;2;15;1
202400046061;155 700 664;7;0;2;3;1;1
202400046061;155 700 669;31;0;2;3;1;1
202400046062;155 700 663;1;0;2;8;15;5
202400046062;155 700 666;7;0;9;2;16;1
202400046063;155 700 661;10;9;0;1;1;1
202400046064;155 700 656;33;5;0;1;1;1
202400046065;155 700 657;30;0;0;0;0;6
202400046066;155 700 660;10;0;2;5;11;1
202400046066;155 700 662;33;0;2;1;1;1
202400046067;155 700 655;10;13;0;8;1;1
202400046067;155 700 659;7;0;2;1;9;1
202400046068;155 700 652;33;3;0;7;16;1
202400046069;155 700 649;33;8;0;8;1;1
202400046070;155 700 648;2;0;0;8;1;1
202400046071;155 700 650;33;0;2;1;2;1
202400046071;155 700 653;7;0;2;4;2;1
202400046072;155 700 647;7;0;2;3;1;1
202400046072;155 700 651;15;0;2;2;12;1
202400046073;155 700 645;7;0;0;3;1;1
202400046074;155 700 644;33;0;2;7;2;1
202400046074;155 700 646;10;0;2;0;0;1
202400046075;155 700 639;7;1;0;3;1;1
202400046076;155 700 636;7;0;2;8;1;1
202400046076;155 700 641;7;0;2;1;9;1
202400046077;155 700 637;33;0;2;4;11;1
202400046077;155 700 642;33;0;2;1;3;1
202400046078;155 700 638;10;0;1;1;26;1
202400046079;155 700 633;7;2;2;1;1;2
202400046079;155 700 635;7;1;0;1;13;1
202400046079;155 700 640;7;0;2;6;23;1
202400046079;155 700 643;7;0;2;4;17;1
202400046080;155 700 629;7;0;2;3;19;1
202400046080;155 700 632;33;0;2;8;17;1
202400046081;155 700 628;17;0;2;3;1;1
202400046081;155 700 631;31;0;2;1;13;1
202400046082;155 700 630;50;14;0;8;1;3
202400046083;155 700 627;30;13;0;2;1;1
202400046084;155 700 626;10;0;2;2;16;1
202400046084;155 700 634;7;0;2;8;1;1
202400046085;155 700 624;7;8;0;5;1;1
202400046086;155 700 622;2;0;0;6;2;1
202400046087;155 700 621;10;0;2;1;1;1
202400046087;155 700 623;1;0;2;7;1;5
202400046088;155 700 619;7;0;2;3;1;3
202400046088;155 700 625;32;0;2;1;1;1
202400046089;155 700 616;1;0;2;7;1;5
202400046089;155 700 618;7;0;2;1;16;1
202400046090;155 700 615;7;1;1;1;0;1
202400046091;155 700 612;3;0;0;0;14;1
202400046092;155 700 611;10;0;2;3;2;1
202400046092;155 700 614;7;7;2;2;15;1
202400046093;155 700 609;1;0;2;8;1;5
202400046093;155 700 613;10;0;9;1;1;1
202400046094;155 700 610;10;8;0;1;1;3
202400046095;155 700 617;1;0;2;3;1;5
202400046095;155 700 620;7;0;2;2;16;1
202400046096;155 700 606;10;0;2;1;2;1
202400046096;155 700 608;13;0;2;4;2;0
202400046097;155 700 604;15;0;2;5;1;0
202400046097;155 700 607;7;0;2;2;21;1
202400046098;155 700 599;7;0;2;1;9;1
202400046098;155 700 603;1;0;2;8;1;5
202400046099;155 700 596;2;0;2;7;1;3
202400046099;155 700 605;7;0;2;1;1;2
202400046100;155 700 595;7;0;2;1;2;1
202400046100;155 700 600;7;0;2;1;2;1
202400046100;155 700 601;7;0;2;4;2;1
202400046101;155 700 594;33;8;2;6;1;1
202400046101;155 700 598;7;0;2;3;0;1
202400046102;155 700 592;7;0;2;0;1;1
202400046102;155 700 597;7;0;2;1;13;1
202400046102;155 700 602;7;0;2;1;1;1
202400046103;155 700 591;3;0;2;3;19;1
202400046103;155 700 593;7;0;2;1;1;1
202400046104;155 700 590;7;3;0;0;1;1
202400046105;155 700 586;2;0;2;1;18;3
202400046105;155 700 589;7;0;2;5;1;1
202400046106;155 700 587;7;0;1;1;1;1
202400046107;155 700 581;7;0;2;3;15;1
202400046107;155 700 588;7;0;2;1;1;1
202400046108;155 700 579;7;0;2;2;2;1
202400046108;155 700 583;1;0;2;1;19;5
202400046109;155 700 580;17;0;0;4;15;1
202400046109;155 700 584;7;0;0;1;1;1
202400046110;155 700 573;32;0;2;2;16;1
202400046110;155 700 575;7;0;2;3;1;2
202400046111;155 700 572;7;0;2;1;16;1
202400046111;155 700 574;7;0;2;4;23;1
202400046112;155 700 570;7;0;1;3;1;1
202400046113;155 700 569;10;0;0;0;0;1
202400046114;155 700 576;10;0;2;1;2;1
202400046114;155 700 578;2;0;2;5;2;1
202400046115;155 700 567;50;0;2;0;0;3
202400046115;155 700 571;33;0;2;1;1;0
202400046116;155 700 565;10;0;2;1;2;1
202400046116;155 700 568;7;0;0;4;2;1
202400046117;155 700 562;7;0;2;3;11;1
202400046117;155 700 564;32;0;2;7;1;1
202400046118;155 700 563;7;0;2;1;1;0
202400046118;155 700 566;31;0;2;1;1;3
202400046119;155 700 559;50;0;2;8;19;3
202400046119;155 700 561;32;0;2;0;0;0
202400046120;155 700 557;7;0;2;1;19;1
202400046120;155 700 560;2;0;2;2;1;1
202400046121;155 700 553;7;0;2;4;2;1
202400046121;155 700 558;7;0;2;1;2;1
202400046122;155 700 551;7;0;2;4;1;1
202400046122;155 700 554;14;0;2;4;1;1
202400046122;155 700 556;10;0;2;1;1;1
202400046123;155 700 552;7;0;2;8;1;1
202400046123;155 700 555;7;9;2;3;13;1
202400046124;155 700 547;7;0;2;2;10;1
202400046124;155 700 549;31;0;2;1;1;1
202400046125;155 700 548;10;0;2;2;26;1
202400046125;155 700 550;33;0;2;3;0;1
202400046126;155 700 545;10;4;0;0;0;1
202400046127;155 700 544;7;0;2;2;2;1
202400046127;155 700 546;7;0;2;4;23;3
202400046128;155 700 541;7;0;1;1;0;0
202400046129;155 700 543;1;0;0;0;1;5
202400046130;155 700 539;10;0;2;3;1;1
202400046130;155 700 540;7;0;2;8;26;1
202400046131;155 700 538;7;0;9;3;1;1
202400046131;155 700 542;1;0;2;7;15;5
202400046132;155 700 536;7;5;2;1;14;1
202400046132;155 700 537;7;0;2;4;12;1
202400046133;155 700 534;50;0;1;1;14;3
202400046134;155 700 533;1;0;2;0;1;5
202400046134;155 700 535;50;0;2;1;15;3
202400046135;155 700 530;7;0;1;1;1;1
202400046136;155 700 529;31;0;2;1;3;1
202400046136;155 700 532;7;0;2;5;1;1
202400046137;155 700 528;7;0;2;1;1;1
202400046137;155 700 531;7;0;2;4;1;1
202400046138;155 700 527;1;0;0;3;11;5
202400046139;155 700 524;32;0;2;7;1;1
202400046139;155 700 526;7;0;2;3;13;1
202400046140;155 700 521;7;0;2;2;1;1
202400046140;155 700 525;7;0;2;3;1;1
202400046141;155 700 519;7;0;2;4;2;1
202400046141;155 700 523;7;0;2;1;2;1
202400046142;155 700 517;50;0;0;9;1;3
202400046143;155 700 515;7;0;2;0;0;1
202400046143;155 700 516;7;0;2;0;1;1
202400046144;155 700 512;7;0;2;1;2;1
202400046144;155 700 514;7;0;2;4;2;2
202400046145;155 700 510;7;0;2;4;2;0
202400046145;155 700 511;10;0;2;1;2;3
202400046145;155 700 513;7;0;2;4;2;1
202400046146;155 700 509;7;6;0;1;15;1
202400046147;155 700 505;7;0;1;1;1;1
202400046148;155 700 503;7;0;2;3;1;1
202400046148;155 700 507;34;0;2;2;9;1
202400046149;155 700 502;33;0;2;1;3;1
202400046149;155 700 504;10;0;2;8;1;1
202400046150;155 700 499;7;6;0;1;14;1
202400046151;155 700 498;7;5;0;2;14;2
202400046152;155 700 497;50;8;2;7;19;3
202400046152;155 700 500;7;12;2;2;26;1
202400046153;155 700 494;7;1;0;6;26;1
202400046154;155 700 490;1;0;2;7;1;5
202400046154;155 700 495;7;0;2;1;1;1
202400046155;155 700 492;7;0;2;1;2;1
202400046155;155 700 496;7;0;2;4;2;1
202400046156;155 700 489;7;0;2;3;1;1
202400046156;155 700 491;32;0;2;1;1;1
202400046157;155 700 488;1;0;2;1;1;5
202400046157;155 700 493;7;0;2;3;0;1
202400046158;155 700 482;7;0;2;1;1;3
202400046158;155 700 486;1;0;2;0;23;5
202400046159;155 700 483;7;0;2;4;23;1
202400046159;155 700 487;7;0;2;1;1;1
202400046160;155 700 481;10;1;2;3;26;1
202400046160;155 700 485;33;1;2;1;17;1
202400046161;155 700 480;15;0;2;4;1;1
202400046161;155 700 484;7;0;2;1;1;2
202400046162;155 700 477;1;0;2;1;15;5
202400046162;155 700 479;7;0;9;2;1;1
202400046163;155 700 472;10;0;2;2;16;1
202400046163;155 700 478;7;0;2;3;1;1
202400046164;155 700 470;7;0;2;6;1;1
202400046164;155 700 474;33;0;2;7;21;1
202400046165;155 700 471;10;0;2;8;22;1
202400046165;155 700 475;1;0;2;1;17;5
202400046166;155 700 469;33;0;2;1;2;1
202400046166;155 700 473;7;0;2;4;2;1
202400046166;155 700 476;7;0;2;4;2;1
202400046167;155 700 467;7;9;0;1;13;1
202400046168;155 700 466;2;14;0;1;14;1
202400046169;155 700 464;7;0;1;1;1;1
202400046170;155 700 463;7;0;2;1;26;1
202400046170;155 700 468;7;0;2;2;0;1
202400046171;155 700 462;7;0;2;8;11;1
202400046171;155 700 465;33;0;2;7;3;1
202400046172;155 700 459;7;0;1;7;17;1
202400046173;155 700 458;1;0;2;0;0;5
202400046173;155 700 461;50;0;2;1;25;3
202400046174;155 700 456;10;0;2;3;1;1
202400046174;155 700 460;50;0;2;3;1;3
202400046175;155 700 455;3;12;0;2;21;1
202400046176;155 700 451;7;0;2;2;1;1
202400046176;155 700 453;7;0;2;3;9;1
202400046177;155 700 454;38;0;2;1;2;1
202400046177;155 700 457;7;0;2;4;2;1
202400046178;155 700 450;7;0;0;9;1;1
202400046179;155 700 452;40;0;1;7;1;3
202400046180;155 700 447;3;0;2;6;11;1
202400046180;155 700 449;7;0;2;2;1;1
202400046181;155 700 444;7;0;2;7;0;1
202400046181;155 700 446;7;0;2;1;9;1
202400046182;155 700 442;50;0;2;8;0;3
202400046182;155 700 445;7;0;1;1;18;1
202400046182;155 700 448;60;0;2;8;19;5
202400046183;155 700 441;10;0;2;1;1;1
202400046183;155 700 443;7;15;2;7;15;1
202400046184;155 700 440;10;0;1;2;1;1
202400046185;155 700 437;7;0;2;5;26;1
202400046185;155 700 439;7;0;2;3;26;1
202400046186;155 700 434;7;0;1;1;26;1
202400046187;155 700 436;7;0;0;0;0;0
202400046187;155 700 438;33;0;0;0;0;0
202400046188;155 700 433;33;0;2;1;1;0
202400046188;155 700 435;7;0;2;3;15;6
202400046189;155 700 430;7;0;1;3;15;1
202400046190;155 700 428;10;0;1;1;1;1
202400046191;155 700 426;7;0;2;1;15;1
202400046191;155 700 427;60;0;2;1;19;5
202400046192;155 700 425;7;0;2;3;2;1
202400046192;155 700 429;37;0;2;2;2;3
202400046193;155 700 423;7;0;0;7;13;1
202400046193;155 700 424;1;0;2;8;11;5
202400046194;155 700 421;10;0;1;3;1;1
202400046195;155 700 420;7;0;1;0;0;1
202400046196;155 700 422;7;0;1;2;1;1
202400046197;155 700 416;34;0;2;1;2;1
202400046197;155 700 419;10;0;2;3;2;1
202400046198;155 700 413;7;0;2;3;15;1
202400046198;155 700 415;50;0;2;1;5;3
202400046199;155 700 414;2;0;2;1;1;1
202400046199;155 700 417;10;0;2;4;1;1
202400046200;155 700 412;1;0;2;0;19;5
202400046200;155 700 418;7;0;2;2;1;1
202400046201;155 700 407;7;0;2;3;9;1
202400046201;155 700 411;7;0;2;1;1;1
202400046202;155 700 406;50;0;2;1;1;3
202400046202;155 700 408;7;0;2;7;15;1
202400046203;155 700 405;33;0;2;1;1;1
202400046203;155 700 410;7;0;2;8;10;1
202400046204;155 700 402;37;0;1;5;26;1
202400046205;155 700 400;7;0;2;1;15;2
202400046205;155 700 404;7;0;2;1;2;1
202400046205;155 700 409;33;0;2;1;2;1
202400046206;155 700 399;1;0;2;8;1;5
202400046206;155 700 403;7;0;9;7;17;0
202400046207;155 700 395;7;0;2;1;2;1
202400046207;155 700 397;7;0;2;4;2;1
202400046207;155 700 398;7;0;2;4;2;1
202400046207;155 700 401;7;0;2;4;2;1
202400046208;155 700 394;7;0;1;2;1;1
202400046209;155 700 393;7;0;2;1;21;1
202400046209;155 700 396;7;0;2;1;21;1
202400046210;155 700 392;2;0;0;1;14;1
202400046211;155 700 389;7;0;2;2;16;1
202400046211;155 700 391;7;0;2;8;16;1
202400046212;155 700 390;7;0;1;1;16;1
202400046213;155 700 385;10;0;2;2;13;1
202400046213;155 700 387;7;0;2;2;0;1
202400046214;155 700 386;7;0;2;0;0;1
202400046214;155 700 388;30;0;2;0;0;1
202400046215;155 700 382;50;0;2;1;0;3
202400046215;155 700 383;7;0;9;2;1;1
202400046216;155 700 381;7;0;2;2;15;1
202400046216;155 700 384;7;0;2;1;1;1
202400046217;155 700 379;1;0;1;1;25;5
202400046218;155 700 375;7;0;2;7;0;1
202400046218;155 700 378;7;0;2;2;1;1
202400046218;155 700 380;7;0;2;1;23;1
202400046219;155 700 376;7;0;1;1;1;1
202400046220;155 700 374;7;0;2;2;1;1
202400046220;155 700 377;33;0;2;1;1;1
202400046221;155 700 373;7;0;1;1;1;1
202400046222;155 700 372;7;0;1;2;11;1
202400046223;155 700 369;7;0;2;1;1;1
202400046223;155 700 371;1;0;2;7;1;5
202400046224;155 700 368;7;0;2;3;10;1
202400046224;155 700 370;30;0;2;2;0;1
202400046225;155 700 366;7;0;2;4;1;1
202400046225;155 700 367;7;0;2;1;1;1
202400046226;155 700 363;7;0;2;1;15;3
202400046226;155 700 365;7;0;2;4;15;1
202400046227;155 700 362;7;0;2;3;11;0
202400046227;155 700 364;1;0;2;2;5;5
202400046228;155 700 360;10;0;1;1;1;1
202400046229;155 700 359;2;0;2;1;1;1
202400046229;155 700 361;7;0;2;7;1;1
202400046230;155 700 354;13;1;0;1;2;0
202400046230;155 700 355;7;0;2;4;2;2
202400046230;155 700 357;7;0;2;4;2;1
202400046231;155 700 353;50;0;1;1;1;3
202400046232;155 700 352;7;1;2;3;17;1
202400046232;155 700 356;7;8;2;3;16;1
202400046232;155 700 358;7;0;2;3;23;1
202400046233;155 700 350;7;0;2;1;0;1
202400046233;155 700 351;7;0;2;1;0;1
202400046234;155 700 347;7;0;2;1;13;1
202400046234;155 700 349;7;0;2;1;1;3
202400046235;155 700 348;7;0;1;2;1;1
202400046236;155 700 345;7;6;0;3;0;1
202400046237;155 700 343;7;8;0;2;1;1
202400046238;155 700 344;50;0;2;8;1;3
202400046238;155 700 346;21;0;2;1;16;1