Num_Acc;id_vehicule;categorie_vehicule;obstacle_fixe;obstacle_mobile;point_choc_initial;manoeuvre_principale;motorisation
202400046239;155 700 339;43;1;2;2;11;1
202400046239;155 700 342;7;1;2;3;0;1
202400046240;155 700 338;7;0;1;3;15;1
202400046241;155 700 336;7;0;2;7;1;1
202400046241;155 700 340;7;0;2;1;15;1
202400046242;155 700 337;80;0;2;7;1;3
202400046242;155 700 341;7;0;2;3;1;1
202400046243;155 700 334;7;0;2;2;0;1
202400046243;155 700 335;99;0;2;4;0;1
202400046244;155 700 333;7;0;1;3;15;1
202400046245;155 700 331;7;0;1;1;1;2
202400046246;155 700 330;14;0;0;0;26;1
202400046247;155 700 329;1;0;2;1;1;5
202400046247;155 700 332;7;0;2;6;16;1
202400046248;155 700 328;33;0;0;7;21;1
202400046249;155 700 326;10;0;1;2;1;1
202400046250;155 700 321;7;0;2;3;5;0
202400046250;155 700 323;7;0;2;8;1;1
202400046250;155 700 325;7;0;2;1;1;1
202400046250;155 700 327;7;0;2;1;1;1
202400046251;155 700 320;32;0;2;8;1;1
202400046251;155 700 324;7;0;2;2;15;1
202400046252;155 700 319;7;0;2;8;11;1
202400046252;155 700 322;15;0;2;1;1;1
202400046253;155 700 316;7;0;2;4;1;1
202400046253;155 700 317;7;0;2;1;1;1
202400046254;155 700 315;7;0;0;4;0;1
202400046254;155 700 318;7;0;2;1;1;1
202400046255;155 700 314;7;15;0;2;1;1
202400046256;155 700 312;32;0;2;2;10;1
202400046256;155 700 313;7;0;2;3;1;2
202400046257;155 700 308;7;6;0;2;2;1
202400046257;155 700 311;7;0;0;3;2;1
202400046258;155 700 306;33;0;2;7;26;1
202400046258;155 700 309;32;0;2;5;1;1
202400046259;155 700 304;7;0;2;4;0;1
202400046259;155 700 307;33;0;2;1;1;3
202400046260;155 700 303;10;0;9;2;16;1
202400046260;155 700 310;50;0;2;1;1;3
202400046261;155 700 302;7;0;2;1;15;1
202400046261;155 700 305;33;0;2;1;1;1
202400046262;155 700 300;7;0;1;2;0;1
202400046263;155 700 298;50;0;9;8;19;3
202400046263;155 700 301;50;0;9;1;2;3
202400046264;155 700 295;30;14;0;1;1;1
202400046265;155 700 289;50;0;2;3;25;3
202400046265;155 700 293;33;0;2;1;1;1
202400046266;155 700 292;50;0;0;0;1;3
202400046266;155 700 294;50;0;0;0;1;3
202400046267;155 700 285;7;0;0;2;5;1
202400046267;155 700 288;7;0;0;4;0;0
202400046268;155 700 282;33;0;2;1;13;1
202400046268;155 700 284;10;0;2;1;26;1
202400046269;155 700 278;1;0;2;1;2;5
202400046269;155 700 280;10;0;2;7;16;1
202400046270;155 700 276;7;0;2;3;1;1
202400046270;155 700 279;7;0;2;0;1;2
202400046270;155 700 281;7;0;2;3;2;1
202400046270;155 700 283;7;14;2;1;1;1
202400046270;155 700 286;7;0;0;0;1;1
202400046270;155 700 287;33;0;0;0;0;1
202400046270;155 700 290;7;0;2;1;1;1
202400046270;155 700 291;7;0;0;0;1;1
202400046270;155 700 296;7;0;2;2;1;1
202400046271;155 700 274;1;0;2;7;1;5
202400046271;155 700 277;7;0;2;1;9;1
202400046272;155 700 272;7;0;2;3;15;1
202400046272;155 700 275;43;0;2;2;2;1
202400046273;155 700 271;37;1;0;1;13;1
202400046274;155 700 270;7;0;2;3;0;1
202400046274;155 700 273;7;0;2;3;0;1
202400046275;155 700 266;10;0;2;7;16;1
202400046275;155 700 269;50;0;2;1;1;3
202400046276;155 700 265;33;0;2;1;1;1
202400046276;155 700 268;7;0;2;2;15;1
202400046277;155 700 264;32;8;2;3;2;1
202400046277;155 700 267;7;0;2;2;16;1
202400046278;155 700 263;7;7;0;2;1;1
202400046279;155 700 262;7;12;0;2;0;1
202400046280;155 700 259;7;0;1;2;1;1
202400046281;155 700 258;33;0;2;4;1;1
202400046281;155 700 261;7;0;2;8;11;0
202400046282;155 700 257;7;0;2;8;1;1
202400046282;155 700 260;7;0;2;1;1;1
202400046283;155 700 254;7;0;2;3;15;1
202400046283;155 700 255;33;0;2;1;17;1
202400046284;155 700 256;50;14;0;0;1;3
202400046285;155 700 250;7;0;2;7;1;1
202400046285;155 700 253;43;0;2;8;3;1
202400046286;155 700 252;7;0;1;8;15;1
202400046287;155 700 248;7;8;2;3;1;1
202400046287;155 700 251;7;0;2;1;9;1
202400046288;155 700 249;50;0;0;0;1;3
202400046289;155 700 246;80;0;1;2;2;3
202400046290;155 700 242;7;0;2;1;0;1
202400046290;155 700 244;7;0;0;3;15;1
202400046291;155 700 241;7;0;2;3;15;1
202400046291;155 700 245;1;0;2;1;1;5
202400046292;155 700 240;7;0;4;1;2;1
202400046292;155 700 243;40;0;4;1;1;3
202400046292;155 700 247;7;0;4;1;5;1
202400046293;155 700 239;7;0;0;0;1;1
202400046294;155 700 237;30;0;1;0;1;0
202400046295;155 700 236;7;0;2;1;11;1
202400046295;155 700 238;10;0;2;1;1;1
202400046296;155 700 233;7;0;2;1;18;1
202400046296;155 700 235;33;0;2;7;15;1
202400046297;155 700 230;7;0;2;3;15;1
202400046297;155 700 234;7;0;2;1;1;1
202400046298;155 700 229;10;0;0;0;26;1
202400046298;155 700 232;32;0;2;0;1;1
202400046299;155 700 228;7;0;9;1;1;1
202400046299;155 700 231;1;0;2;4;1;5
202400046300;155 700 225;10;0;2;1;1;0
202400046300;155 700 227;10;0;2;4;1;0
202400046301;155 700 222;7;0;2;1;1;1
202400046301;155 700 226;7;0;0;4;1;1
202400046302;155 700 221;7;3;2;1;1;1
202400046302;155 700 223;7;0;2;1;1;1
202400046303;155 700 219;2;0;2;6;1;1
202400046303;155 700 224;3;0;2;6;1;1
202400046304;155 700 218;7;0;1;3;9;1
202400046305;155 700 217;31;0;2;3;5;3
202400046305;155 700 220;7;0;2;3;16;1
202400046306;155 700 214;30;1;2;1;1;1
202400046306;155 700 216;7;0;2;4;1;3
202400046307;155 700 213;32;0;2;2;16;1
202400046307;155 700 215;80;0;2;7;1;3
202400046308;155 700 210;32;0;2;1;1;1
202400046308;155 700 211;7;0;0;4;15;1
202400046309;155 700 208;10;0;2;0;9;1
202400046309;155 700 212;7;0;2;1;19;1
202400046310;155 700 207;2;0;2;1;1;1
202400046310;155 700 209;7;0;2;7;1;1
202400046311;155 700 205;7;6;0;2;1;1
202400046312;155 700 206;30;0;1;1;9;6
202400046313;155 700 203;30;0;2;1;2;0
202400046313;155 700 204;7;0;2;4;2;1
202400046314;155 700 201;10;0;2;3;1;1
202400046314;155 700 202;7;0;2;3;13;1
202400046315;155 700 198;7;4;2;3;17;1
202400046315;155 700 200;7;4;2;6;2;1
202400046316;155 700 199;7;0;1;7;1;1
202400046317;155 700 190;7;0;0;4;23;1
202400046317;155 700 193;7;0;2;4;2;1
202400046317;155 700 195;7;0;2;1;2;1
202400046318;155 700 192;7;0;2;0;0;3
202400046318;155 700 194;34;0;2;1;1;1
202400046318;155 700 196;43;0;2;4;1;1
202400046319;155 700 191;7;0;1;5;4;1
202400046320;155 700 188;7;0;2;2;1;1
202400046320;155 700 189;1;0;2;1;9;5
202400046321;155 700 186;7;13;0;0;1;0
202400046322;155 700 185;7;0;1;1;26;1
202400046323;155 700 179;7;0;2;1;23;1
202400046323;155 700 184;7;0;2;1;14;1
202400046324;155 700 175;7;0;2;1;2;1
202400046324;155 700 177;10;0;2;4;0;1
202400046324;155 700 180;7;0;0;4;23;1
202400046324;155 700 181;7;4;2;4;23;2
202400046324;155 700 183;7;0;0;4;23;1
202400046325;155 700 176;30;0;2;6;17;1
202400046325;155 700 182;33;0;2;3;1;1
202400046326;155 700 174;80;0;2;1;1;3
202400046326;155 700 178;50;0;2;4;24;3
202400046327;155 700 173;7;8;0;8;1;1
202400046328;155 700 169;10;0;2;1;2;1
202400046328;155 700 171;7;0;2;4;2;1
202400046328;155 700 172;7;0;0;4;2;1
202400046329;155 700 167;7;0;2;6;9;1
202400046329;155 700 170;7;6;2;7;21;1
202400046330;155 700 166;7;0;2;7;1;1
202400046330;155 700 168;1;0;2;1;1;5
202400046331;155 700 165;7;0;1;1;1;1
202400046332;155 700 163;31;0;2;8;17;1
202400046332;155 700 164;7;0;2;8;1;2
202400046333;155 700 161;0;0;1;0;0;0
202400046334;155 700 162;80;0;1;1;5;3
202400046335;155 700 158;7;0;2;1;1;1
202400046335;155 700 160;10;0;2;1;5;1
202400046336;155 700 157;7;0;2;2;1;1
202400046336;155 700 159;2;0;2;4;1;1
202400046337;155 700 156;10;0;1;2;1;1
202400046338;155 700 153;2;0;2;7;15;1
202400046338;155 700 154;7;0;2;2;1;1
202400046339;155 700 152;32;11;0;2;26;1
202400046340;155 700 150;3;1;0;1;19;1
202400046341;155 700 148;1;0;0;0;26;5
202400046342;155 700 146;7;0;2;2;2;1
202400046342;155 700 149;7;0;2;2;2;1
202400046343;155 700 145;2;0;2;1;13;1
202400046343;155 700 147;7;0;2;1;1;1
202400046344;155 700 142;1;0;2;1;0;5
202400046344;155 700 144;60;0;2;1;0;5
202400046345;155 700 139;7;0;2;1;1;1
202400046345;155 700 140;7;0;2;8;1;1
202400046345;155 700 143;14;0;2;2;13;1
202400046346;155 700 138;7;0;2;3;17;1
202400046346;155 700 141;7;0;2;3;1;1
202400046347;155 700 136;7;0;1;2;2;1
202400046348;155 700 135;7;16;0;0;16;2
202400046349;155 700 134;7;0;2;5;10;1
202400046349;155 700 137;7;0;2;1;0;1
202400046350;155 700 132;10;0;2;1;1;1
202400046350;155 700 133;7;0;2;1;5;1
202400046351;155 700 129;32;0;2;1;11;1
202400046351;155 700 131;13;0;2;3;1;1
202400046352;155 700 127;32;0;0;9;26;1
202400046353;155 700 128;13;0;2;2;15;1
202400046353;155 700 130;1;0;2;1;1;5
202400046354;155 700 125;7;0;1;1;15;3
202400046355;155 700 123;7;0;2;4;1;1
202400046355;155 700 126;7;0;2;1;2;1
202400046356;155 700 124;7;0;1;1;17;1
202400046357;155 700 121;7;0;2;1;1;1
202400046357;155 700 122;14;0;2;8;20;1
202400046358;155 700 119;7;0;2;5;13;1
202400046358;155 700 120;7;0;2;1;1;1
202400046359;155 700 118;1;0;1;1;13;5
202400046360;155 700 116;31;0;2;8;1;
202400046360;155 700 117;7;0;2;3;13;0
202400046361;155 700 114;7;0;1;2;2;1
202400046362;155 700 113;7;0;0;7;0;1
202400046362;155 700 115;10;0;2;1;0;1
202400046363;155 700 111;14;0;2;1;1;1
202400046363;155 700 112;7;0;2;8;0;1
202400046364;155 700 108;7;0;2;1;5;1
202400046364;155 700 110;7;0;2;1;1;1
202400046365;155 700 107;7;14;2;3;21;1
202400046365;155 700 109;7;14;2;1;21;2
202400046366;155 700 105;17;0;2;7;12;1
202400046366;155 700 106;7;0;2;8;1;1
202400046367;155 700 104;7;2;0;0;14;1
202400046368;155 700 103;7;0;1;1;0;2
202400046369;155 700 099;7;0;2;4;2;1
202400046369;155 700 100;7;0;2;1;2;1
202400046369;155 700 101;7;0;2;4;2;3
202400046369;155 700 102;7;0;2;4;2;1
202400046370;155 700 098;2;3;0;1;1;1
202400046371;155 700 097;31;0;1;1;2;1
202400046372;155 700 095;7;0;1;4;4;3
202400046373;155 700 092;7;0;2;1;1;1
202400046373;155 700 094;7;0;2;4;1;1
202400046373;155 700 096;7;0;2;4;1;1
202400046374;155 700 091;37;0;2;3;1;1
202400046374;155 700 093;7;0;2;3;1;1
202400046375;155 700 088;7;4;0;1;13;1
202400046376;155 700 089;1;0;2;8;1;5
202400046376;155 700 090;7;0;9;3;15;1
202400046377;155 700 085;10;8;2;3;15;3
202400046377;155 700 087;32;8;2;2;17;1
202400046378;155 700 082;7;0;2;6;1;3
202400046378;155 700 084;33;0;2;1;3;1
202400046378;155 700 086;7;0;2;4;1;2
202400046379;155 700 083;7;2;0;1;1;1
202400046380;155 700 078;50;0;2;7;1;3
202400046380;155 700 081;10;0;2;1;1;1
202400046381;155 700 076;7;0;2;4;1;1
202400046381;155 700 079;7;0;2;2;1;1
202400046381;155 700 080;31;0;2;1;2;1
202400046382;155 700 075;7;0;2;1;15;1
202400046382;155 700 077;7;0;2;2;1;1
202400046383;155 700 072;30;0;2;1;1;1
202400046383;155 700 074;10;0;2;3;1;1
202400046384;155 700 071;7;0;2;4;2;4
202400046384;155 700 073;33;0;2;1;2;1
202400046385;155 700 070;80;0;1;1;2;3
202400046386;155 700 068;10;13;0;1;15;1
202400046387;155 700 067;7;0;2;5;12;1
202400046387;155 700 069;33;0;2;3;3;1
202400046388;155 700 065;31;0;2;2;0;1
202400046388;155 700 066;10;0;2;1;0;1
202400046389;155 700 061;7;0;2;4;1;1
202400046389;155 700 063;7;0;2;1;2;1
202400046390;155 700 062;7;0;2;8;9;1
202400046390;155 700 064;10;0;2;1;1;3
202400046391;155 700 060;7;2;0;1;1;1
202400046392;155 700 059;33;0;0;1;1;1
202400046393;155 700 056;7;0;2;1;2;1
202400046393;155 700 058;7;0;2;1;13;1
202400046394;155 700 052;7;0;2;8;15;1
202400046394;155 700 054;43;0;2;1;17;1
202400046395;155 700 051;7;0;2;1;1;1
202400046395;155 700 053;7;0;0;4;1;3
202400046396;155 700 049;7;0;2;4;1;1
202400046396;155 700 055;7;0;2;6;1;1
202400046397;155 700 047;34;0;2;1;5;0
202400046397;155 700 050;7;0;2;3;15;2
202400046398;155 700 046;7;0;2;3;13;1
202400046398;155 700 048;7;0;2;3;1;1
202400046399;155 700 041;7;0;2;2;2;1
202400046399;155 700 043;7;0;2;6;2;2
202400046399;155 700 045;7;0;2;4;2;2
202400046400;155 700 042;1;1;0;0;1;5
202400046400;155 700 044;7;0;2;0;24;1
202400046401;155 700 040;7;2;0;0;1;1
202400046402;155 700 036;30;0;1;1;1;1
202400046403;155 700 034;10;0;2;1;1;1
202400046403;155 700 038;10;0;2;7;1;1
202400046403;155 700 039;7;0;2;1;1;1
202400046404;155 700 035;1;0;0;4;1;5
202400046404;155 700 037;7;0;9;1;9;1
202400046405;155 700 031;7;0;2;8;1;1
202400046405;155 700 033;7;4;2;6;1;1
202400046406;155 700 030;7;15;0;1;14;1
202400046407;155 700 028;33;4;0;1;0;1
202400046408;155 700 029;33;0;2;1;17;1
202400046408;155 700 032;7;0;2;8;15;1
202400046409;155 700 027;36;13;0;4;16;1
202400046410;155 700 023;7;0;2;4;2;1
202400046410;155 700 024;7;0;2;4;2;1
202400046410;155 700 026;10;0;2;1;2;1
202400046411;155 700 022;7;3;0;2;1;1
202400046412;155 700 021;2;0;2;1;1;0
202400046412;155 700 025;13;0;0;8;15;1
202400046413;155 700 017;7;0;2;4;1;1
202400046413;155 700 019;10;0;2;1;1;1
202400046413;155 700 020;10;0;2;4;1;1
202400046414;155 700 015;17;0;2;8;1;1
202400046414;155 700 018;7;3;2;7;17;2
202400046415;155 700 013;7;0;0;0;1;1
202400046416;155 700 014;7;0;2;3;15;1
202400046416;155 700 016;50;0;2;2;17;3
202400046417;155 700 012;10;13;0;1;14;1
202400046418;155 700 007;7;0;2;3;2;1
202400046418;155 700 010;7;0;2;6;1;1
202400046418;155 700 011;7;0;2;5;1;1
202400046419;155 700 006;7;0;2;1;1;1
202400046419;155 700 009;7;0;0;4;12;1
202400046420;155 700 005;7;0;2;0;14;0
202400046420;155 700 008;7;15;2;9;1;1
202400046421;155 700 004;3;6;9;8;13;1
202400046422;155 699 999;33;0;2;1;1;1
202400046422;155 700 002;7;0;9;8;9;1
202400046423;155 699 998;7;0;2;1;13;
202400046423;155 700 001;7;0;2;1;1;
202400046424;155 699 997;7;0;2;2;26;1
202400046424;155 700 000;7;0;2;1;21;1
202400046424;155 700 003;15;0;0;6;2;1
202400046425;155 699 995;37;0;2;1;1;1
202400046425;155 699 996;7;0;2;4;2;1
202400046426;155 699 990;7;0;1;1;16;1
202400046427;155 699 991;7;0;2;6;19;1
202400046427;155 699 993;2;0;2;2;2;6
202400046428;155 699 989;7;0;2;1;1;1
202400046428;155 699 992;7;0;2;4;1;1
202400046428;155 699 994;7;0;2;7;1;1
202400046429;155 699 985;7;0;2;6;1;1
202400046429;155 699 987;7;0;2;1;1;1
202400046430;155 699 984;7;;;;;
202400046431;155 699 983;7;1;0;1;16;1
202400046431;155 699 986;7;0;2;0;0;1
202400046431;155 699 988;7;0;0;0;0;1
202400046432;155 699 980;34;1;0;1;14;1
202400046433;155 699 979;7;0;2;0;0;1
202400046433;155 699 981;32;0;2;1;26;1
202400046434;155 699 978;7;0;0;6;15;1
202400046434;155 699 982;33;0;2;1;1;1
202400046435;155 699 975;7;0;2;4;0;0
202400046435;155 699 976;7;0;2;1;0;0
202400046436;155 699 974;33;15;0;0;1;1
202400046437;155 699 973;7;0;2;2;0;1
202400046437;155 699 977;30;0;2;6;0;1
202400046438;155 699 969;32;0;2;1;7;1
202400046438;155 699 972;7;0;2;5;16;2
202400046439;155 699 966;7;0;2;1;5;1
202400046439;155 699 967;7;0;2;1;17;1
202400046439;155 699 970;7;0;2;1;17;1
202400046440;155 699 965;7;0;2;3;9;1
202400046440;155 699 968;17;0;2;3;1;1
202400046440;155 699 971;15;0;0;2;17;1
202400046441;155 699 962;7;0;2;1;0;1
202400046441;155 699 963;7;0;2;1;1;1
202400046441;155 699 964;7;0;2;4;1;0
202400046442;155 699 961;7;16;0;9;1;1
202400046443;155 699 958;7;0;2;3;9;1
202400046443;155 699 960;7;0;2;2;1;1
202400046444;155 699 959;7;0;1;1;1;1
202400046445;155 699 957;7;2;0;1;1;6
202400046446;155 699 955;7;0;0;1;1;1
202400046447;155 699 954;7;0;2;1;9;1
202400046447;155 699 956;32;0;2;7;16;3
202400046448;155 699 952;37;0;2;2;15;1
202400046448;155 699 953;33;0;2;1;1;1
202400046449;155 699 948;7;0;2;6;11;1
202400046449;155 699 950;17;0;2;1;1;1
202400046450;155 699 949;33;0;0;1;1;1
202400046450;155 699 951;7;0;2;8;19;1
202400046451;155 699 947;7;0;1;7;19;1
202400046452;155 699 946;7;6;0;7;1;1
202400046453;155 699 945;7;13;0;1;1;1
202400046454;155 699 944;7;2;0;1;0;1
202400046455;155 699 943;7;2;0;1;1;1
202400046456;155 699 942;36;0;0;1;21;1
202400046457;155 699 940;33;0;6;1;1;1
202400046458;155 699 938;33;0;2;7;17;1
202400046458;155 699 941;20;0;2;8;1;1
202400046459;155 699 937;33;0;2;3;1;1
202400046459;155 699 939;10;0;2;8;10;1
202400046460;155 699 934;80;0;1;1;1;3
202400046461;155 699 936;33;0;0;0;1;1
202400046462;155 699 933;7;0;2;2;1;1
202400046462;155 699 935;7;0;2;1;19;1
202400046463;155 699 932;7;13;0;9;14;1
202400046464;155 699 928;7;6;0;1;14;1
202400046465;155 699 927;1;0;2;1;1;5
202400046465;155 699 930;7;0;2;2;15;1
202400046466;155 699 923;7;0;1;3;21;1
202400046467;155 699 921;7;1;0;3;1;1
202400046467;155 699 922;0;0;2;0;1;0
202400046467;155 699 924;1;0;0;5;1;5
202400046468;155 699 918;13;0;2;8;1;1
202400046468;155 699 919;7;0;2;3;13;1
202400046469;155 699 915;1;0;2;1;19;5
202400046469;155 699 916;7;0;9;2;1;1
202400046470;155 699 910;7;13;0;1;1;1
202400046471;155 699 907;7;0;2;1;14;1
202400046471;155 699 908;7;0;2;4;1;1
202400046472;155 699 904;7;0;2;3;2;1
202400046472;155 699 905;7;0;2;3;13;1
202400046473;155 699 903;15;0;2;0;0;0
202400046473;155 699 906;33;0;2;2;1;1
202400046474;155 699 902;33;4;0;7;1;1
202400046475;155 699 900;32;0;1;0;1;1
202400046476;155 699 898;7;14;0;1;26;1
202400046476;155 699 901;7;0;2;4;23;2
202400046477;155 699 897;33;0;2;7;11;1
202400046477;155 699 899;10;0;2;7;11;1
202400046478;155 699 896;7;0;0;9;26;1
202400046479;155 699 895;7;0;0;3;0;1
202400046480;155 699 894;7;4;0;1;1;1
202400046481;155 699 893;50;0;0;1;1;3
202400046482;155 699 892;7;0;1;3;1;1
202400046483;155 699 890;33;0;2;1;12;1
202400046483;155 699 891;7;0;2;6;1;1
202400046484;155 699 889;7;3;0;7;14;1
202400046485;155 699 888;7;0;1;1;1;1
202400046486;155 699 886;10;0;2;1;2;0
202400046486;155 699 887;15;0;2;4;2;1
202400046487;155 699 885;7;0;1;1;15;1
202400046488;155 699 881;7;0;2;7;12;1
202400046488;155 699 884;43;0;2;3;3;1
202400046489;155 699 880;7;0;2;1;1;1
202400046489;155 699 883;1;0;2;7;1;5
202400046490;155 699 879;7;13;2;2;14;2
202400046490;155 699 882;15;0;2;8;1;1
202400046491;155 699 876;7;0;2;1;1;1
202400046491;155 699 878;7;0;2;4;23;1
202400046492;155 699 874;7;0;2;1;1;1
202400046492;155 699 875;7;0;2;1;13;1
202400046493;155 699 871;7;0;2;3;1;1
202400046493;155 699 872;33;14;2;1;12;1
202400046494;155 699 866;13;0;0;2;24;1
202400046494;155 699 868;7;1;0;1;21;1
202400046495;155 699 865;32;6;0;2;0;3
202400046496;155 699 864;7;0;2;4;2;1
202400046496;155 699 867;7;0;2;4;2;1
202400046496;155 699 869;7;0;2;1;2;1
202400046496;155 699 870;7;0;2;4;2;1
202400046497;155 699 862;7;0;9;2;1;1
202400046497;155 699 863;1;0;2;4;1;5
202400046498;155 699 860;7;3;0;1;1;2
202400046499;155 699 859;7;0;2;1;1;1
202400046499;155 699 861;7;0;2;4;1;1
202400046500;155 699 856;7;0;2;3;15;1
202400046500;155 699 858;33;0;2;1;0;1
202400046501;155 699 855;10;0;2;3;1;1
202400046501;155 699 857;7;0;2;7;12;1
202400046502;155 699 853;7;0;2;1;2;1
202400046502;155 699 854;7;0;2;4;2;1
202400046503;155 699 850;99;0;2;8;9;1
202400046503;155 699 852;43;0;2;1;1;1
202400046504;155 699 851;50;0;1;1;25;3
202400046505;155 699 847;7;0;2;4;1;1
202400046505;155 699 848;7;0;2;4;1;2
202400046505;155 699 849;10;0;2;1;1;1
202400046506;155 699 846;7;0;1;1;1;1
202400046507;155 699 844;7;0;2;1;16;1
202400046508;155 699 845;7;0;1;1;1;1
202400046509;155 699 843;7;0;0;9;1;1
202400046510;155 699 840;33;0;2;2;1;1
202400046510;155 699 842;7;0;2;3;11;1
202400046511;155 699 838;7;0;2;8;15;1
202400046511;155 699 839;30;0;2;1;17;1
202400046512;155 699 835;10;1;0;2;1;1
202400046512;155 699 841;7;0;0;6;23;1
202400046513;155 699 834;7;0;2;8;1;1
202400046513;155 699 837;7;0;2;3;13;1
202400046514;155 699 833;2;0;2;8;21;1
202400046514;155 699 836;7;0;2;1;1;1
202400046515;155 699 831;7;0;1;1;1;1
202400046516;155 699 830;3;8;0;7;1;3
202400046517;155 699 829;10;0;2;4;1;1
202400046517;155 699 832;7;0;2;1;1;1
202400046518;155 699 828;7;6;0;3;17;1
202400046519;155 699 826;7;0;1;3;12;1
202400046520;155 699 823;10;0;1;1;16;1
202400046521;155 699 822;7;0;0;0;0;1
202400046522;155 699 820;10;0;1;1;7;1
202400046523;155 699 819;7;1;0;3;0;1
202400046524;155 699 818;7;0;2;1;2;1
202400046524;155 699 821;7;0;0;5;10;1
202400046525;155 699 816;2;0;0;0;0;1
202400046526;155 699 815;37;0;1;2;1;0
202400046526;155 699 817;60;0;2;2;14;5
202400046527;155 699 813;1;0;2;1;19;5
202400046527;155 699 814;7;0;9;2;1;1
202400046528;155 699 811;7;13;0;1;6;2
202400046529;155 699 812;7;0;1;1;16;1
202400046530;155 699 808;7;0;1;0;1;0
202400046531;155 699 807;10;0;0;3;23;1
202400046531;155 699 809;7;0;0;1;15;1
202400046531;155 699 810;2;0;2;3;1;1
202400046532;155 699 806;7;0;1;1;16;1
202400046533;155 699 805;10;0;1;4;26;1
202400046534;155 699 803;7;0;2;1;1;1
202400046534;155 699 804;7;0;2;7;1;1
202400046535;155 699 802;7;0;1;2;1;1
202400046536;155 699 801;7;12;0;7;14;1
202400046537;155 699 799;7;0;1;1;1;1
202400046538;155 699 798;7;0;2;5;19;1
202400046538;155 699 800;7;0;2;1;1;1
202400046539;155 699 797;33;0;0;2;15;1
202400046540;155 699 793;10;0;2;1;2;1
202400046540;155 699 796;7;0;0;4;1;2
202400046541;155 699 792;7;0;2;2;1;1
202400046541;155 699 795;50;0;2;1;19;3
202400046542;155 699 790;7;0;2;1;1;1
202400046542;155 699 791;10;0;2;4;2;1
202400046542;155 699 794;10;0;2;4;2;1
202400046543;155 699 789;7;2;0;1;1;1
202400046544;155 699 787;7;0;2;3;1;1
202400046545;155 699 788;3;12;0;1;26;3
202400046546;155 699 786;10;8;0;2;1;1
202400046547;155 699 782;1;0;2;8;19;5
202400046547;155 699 784;7;0;2;1;1;0
202400046548;155 699 783;34;0;2;1;17;1
202400046548;155 699 785;17;0;2;3;1;1
202400046549;155 699 781;7;2;0;7;13;1
202400046550;155 699 779;7;0;1;2;1;1
202400046551;155 699 777;1;0;0;0;0;5
202400046552;155 699 778;7;0;2;1;16;1
202400046552;155 699 780;7;3;0;8;13;1
202400046553;155 699 774;1;13;0;1;1;5
202400046554;155 699 773;7;0;2;2;15;1
202400046554;155 699 776;7;0;2;1;1;1
202400046555;155 699 771;10;0;0;0;0;1
202400046555;155 699 772;7;0;2;4;2;1
202400046555;155 699 775;7;0;2;1;2;1
202400046556;155 699 769;31;0;0;7;1;1
202400046557;155 699 768;7;0;1;1;20;1
202400046558;155 699 767;7;0;2;0;0;3
202400046558;155 699 770;7;0;2;1;1;1
202400046559;155 699 764;1;0;0;0;1;5
202400046560;155 699 762;7;0;2;3;9;1
202400046560;155 699 765;7;0;2;1;1;1
202400046561;155 699 761;7;0;2;4;2;1
202400046561;155 699 763;7;0;2;1;2;1
202400046561;155 699 766;7;0;2;4;2;1
202400046562;155 699 756;60;0;2;3;1;5
202400046562;155 699 759;7;0;2;2;16;1
202400046563;155 699 757;7;0;2;3;13;1
202400046563;155 699 760;38;0;2;3;21;1
202400046564;155 699 755;3;0;2;1;2;1
202400046564;155 699 758;50;0;0;4;1;3
202400046565;155 699 753;7;0;1;2;1;1
202400046566;155 699 751;7;0;2;2;1;1
202400046566;155 699 754;10;0;2;3;1;1
202400046567;155 699 749;7;13;0;2;1;1
202400046568;155 699 747;7;0;2;1;1;1
202400046568;155 699 750;7;0;2;1;1;1
202400046568;155 699 752;7;0;2;1;13;1
202400046569;155 699 746;50;0;2;1;1;3
202400046569;155 699 748;7;0;0;7;1;1
202400046570;155 699 743;10;0;2;5;1;1
202400046570;155 699 744;30;0;2;5;11;1
202400046571;155 699 742;7;0;2;3;1;1
202400046571;155 699 745;7;0;2;3;1;1
202400046572;155 699 740;1;9;4;1;1;5
202400046572;155 699 741;40;9;2;3;1;3
202400046573;155 699 738;10;0;0;0;0;1
202400046574;155 699 736;7;0;2;7;1;1
202400046574;155 699 739;33;1;2;1;3;1
202400046575;155 699 735;7;0;2;2;15;1
202400046575;155 699 737;50;0;2;8;15;3
202400046576;155 699 733;50;0;2;8;1;3
202400046576;155 699 734;7;0;2;1;15;1
202400046577;155 699 729;7;0;2;1;2;1
202400046577;155 699 732;2;0;0;9;1;1
202400046578;155 699 728;7;0;2;1;9;1
202400046578;155 699 731;1;0;2;2;1;5
202400046579;155 699 727;1;0;2;1;1;5
202400046579;155 699 730;7;0;2;6;1;1
202400046580;155 699 723;7;0;2;7;1;1
202400046580;155 699 726;2;0;2;7;15;1
202400046581;155 699 721;1;0;2;1;1;5
202400046581;155 699 724;7;0;2;3;15;1
202400046582;155 699 716;7;0;2;8;1;1
202400046582;155 699 718;7;0;2;6;24;1
202400046582;155 699 720;10;0;2;1;9;1
202400046583;155 699 717;33;0;2;3;1;1
202400046583;155 699 719;7;0;2;1;5;1