Num_Acc;id_vehicule;categorie_vehicule;obstacle_fixe;obstacle_mobile;point_choc_initial;manoeuvre_principale;motorisation
202400046941;155 699 090;7;0;2;1;3;1
202400046941;155 699 093;7;0;2;1;1;1
202400046942;155 699 088;7;0;0;1;1;1
202400046943;155 699 087;7;0;2;4;2;1
202400046943;155 699 089;7;0;2;4;2;1
202400046943;155 699 091;7;0;2;4;2;1
202400046943;155 699 094;7;0;2;4;2;1
202400046943;155 699 095;7;0;2;1;1;1
202400046944;155 699 086;33;0;0;2;0;1
202400046945;155 699 083;33;0;0;0;1;1
202400046946;155 699 082;33;0;2;2;12;1
202400046946;155 699 085;7;0;2;6;2;1
202400046947;155 699 081;7;0;2;7;15;1
202400046947;155 699 084;7;0;2;1;1;1
202400046948;155 699 080;80;0;0;0;0;3
202400046949;155 699 078;7;2;0;1;0;1
202400046950;155 699 076;7;0;2;2;1;1
202400046950;155 699 077;1;0;2;1;19;5
202400046951;155 699 075;7;0;2;1;1;1
202400046951;155 699 079;1;0;2;1;5;5
202400046952;155 699 074;31;0;0;0;2;3
202400046953;155 699 072;7;0;0;7;15;1
202400046954;155 699 071;7;0;2;1;1;1
202400046954;155 699 073;10;0;2;2;19;1
202400046955;155 699 068;43;0;2;2;17;1
202400046955;155 699 070;7;0;2;3;15;1
202400046956;155 699 066;33;2;0;0;17;1
202400046957;155 699 065;33;0;0;7;1;1
202400046957;155 699 067;13;0;0;0;9;
202400046958;155 699 064;10;0;2;1;2;1
202400046958;155 699 069;15;0;2;4;2;1
202400046959;155 699 061;7;0;2;1;21;1
202400046959;155 699 062;7;0;2;9;13;3
202400046959;155 699 063;7;0;2;1;21;3
202400046960;155 699 060;33;13;0;1;13;1
202400046961;155 699 059;7;8;0;0;1;1
202400046962;155 699 057;7;0;0;1;0;1
202400046963;155 699 054;7;0;2;2;15;1
202400046963;155 699 056;7;6;0;3;2;1
202400046964;155 699 055;7;0;2;3;1;1
202400046964;155 699 058;17;0;2;3;1;1
202400046965;155 699 052;2;13;0;1;1;1
202400046966;155 699 053;7;2;0;1;1;1
202400046967;155 699 049;7;0;2;6;23;1
202400046967;155 699 051;7;0;2;1;1;1
202400046968;155 699 048;7;0;2;3;19;1
202400046968;155 699 050;2;0;2;1;1;1
202400046969;155 699 045;7;8;0;1;1;1
202400046970;155 699 046;33;0;0;0;21;1
202400046971;155 699 043;7;1;0;2;21;1
202400046971;155 699 047;14;0;0;6;24;1
202400046972;155 699 040;2;0;2;1;1;1
202400046972;155 699 041;7;0;2;1;15;1
202400046973;155 699 039;2;8;0;1;1;1
202400046974;155 699 037;7;0;1;2;17;1
202400046975;155 699 034;7;0;2;1;2;1
202400046975;155 699 035;7;0;0;4;2;2
202400046976;155 699 033;7;0;2;2;10;1
202400046976;155 699 036;30;0;2;1;26;1
202400046977;155 699 032;7;0;1;3;1;1
202400046978;155 699 031;7;0;1;2;4;1
202400046979;155 699 028;7;3;0;4;23;1
202400046979;155 699 030;13;1;0;1;21;1
202400046980;155 699 027;7;0;2;3;11;1
202400046980;155 699 029;32;1;2;1;13;1
202400046981;155 699 022;32;0;2;1;17;1
202400046981;155 699 023;7;0;0;8;15;1
202400046982;155 699 017;7;0;2;3;13;0
202400046982;155 699 020;7;0;2;1;1;0
202400046982;155 699 021;7;0;2;6;1;0
202400046983;155 699 015;10;0;2;4;4;1
202400046983;155 699 018;1;0;2;7;1;5
202400046984;155 699 019;7;0;2;1;1;1
202400046984;155 699 024;7;0;2;3;9;1
202400046985;155 699 014;7;0;2;3;13;1
202400046985;155 699 016;17;0;2;3;1;1
202400046986;155 699 011;1;0;0;4;2;5
202400046986;155 699 013;7;0;2;2;2;1
202400046987;155 699 009;1;13;0;3;1;5
202400046988;155 699 008;99;0;0;6;21;1
202400046988;155 699 012;7;0;2;3;13;1
202400046989;155 699 007;30;0;2;3;15;1
202400046989;155 699 010;7;0;2;5;17;3
202400046990;155 699 003;7;0;2;1;17;2
202400046990;155 699 005;7;8;2;8;15;1
202400046991;155 699 002;7;6;0;1;16;1
202400046992;155 699 001;7;13;0;1;1;1
202400046993;155 699 000;7;4;0;0;26;1
202400046993;155 699 004;7;0;2;3;2;2
202400046993;155 699 006;10;0;2;3;1;3
202400046994;155 698 999;7;3;0;1;9;0
202400046995;155 698 998;7;0;1;2;1;1
202400046996;155 698 995;7;4;0;9;13;1
202400046997;155 698 996;7;0;2;1;2;1
202400046997;155 698 997;7;0;0;4;23;1
202400046998;155 698 993;7;13;0;9;1;1
202400046999;155 698 992;7;0;2;3;1;1
202400046999;155 698 994;7;6;2;1;13;1
202400047000;155 698 989;7;0;1;3;1;1
202400047001;155 698 990;7;13;0;9;1;1
202400047002;155 698 988;7;0;2;1;1;0
202400047002;155 698 991;7;0;2;4;1;0
202400047003;155 698 987;7;0;1;1;15;1
202400047004;155 698 985;7;0;2;1;1;1
202400047004;155 698 986;10;0;2;1;1;1
202400047005;155 698 978;7;0;1;1;1;1
202400047006;155 698 979;7;0;0;0;0;1
202400047006;155 698 983;7;0;2;1;2;1
202400047007;155 698 980;1;0;0;4;15;5
202400047007;155 698 984;7;0;2;1;9;1
202400047008;155 698 977;31;15;0;8;1;1
202400047009;155 698 976;7;2;0;1;1;1
202400047010;155 698 971;30;0;2;7;21;1
202400047010;155 698 972;7;0;2;2;24;1
202400047011;155 698 969;7;0;2;4;2;1
202400047011;155 698 973;7;0;2;1;2;1
202400047011;155 698 975;7;0;2;5;2;1
202400047012;155 698 967;7;0;0;4;1;1
202400047012;155 698 970;7;0;2;1;2;1
202400047013;155 698 968;33;0;2;3;10;1
202400047013;155 698 974;33;0;2;1;21;1
202400047014;155 698 966;7;0;1;1;15;1
202400047015;155 698 965;7;4;2;1;1;1
202400047016;155 698 962;10;0;0;0;1;1
202400047016;155 698 964;33;0;9;1;21;1
202400047017;155 698 963;7;4;0;1;1;1
202400047018;155 698 961;7;0;1;2;13;0
202400047019;155 698 955;7;0;2;7;19;1
202400047019;155 698 958;7;0;2;1;1;1
202400047020;155 698 957;0;0;2;6;11;0
202400047020;155 698 960;7;3;2;2;2;1
202400047021;155 698 952;7;0;2;4;23;1
202400047021;155 698 954;7;0;2;1;1;1
202400047021;155 698 956;7;0;2;9;1;1
202400047021;155 698 959;7;0;2;9;1;1
202400047022;155 698 951;17;0;2;2;12;1
202400047022;155 698 953;7;0;2;6;1;1
202400047023;155 698 948;7;0;2;1;1;1
202400047023;155 698 949;7;0;2;1;17;1
202400047024;155 698 947;33;0;0;7;1;1
202400047025;155 698 950;2;8;0;1;1;6
202400047026;155 698 943;7;0;2;1;9;1
202400047026;155 698 946;1;0;2;7;1;5
202400047027;155 698 942;7;0;0;3;1;1
202400047028;155 698 939;7;0;2;1;13;1
202400047028;155 698 941;7;0;2;8;1;1
202400047028;155 698 944;7;0;2;1;2;1
202400047028;155 698 945;7;0;2;1;2;1
202400047029;155 698 937;7;3;0;1;1;1
202400047030;155 698 938;2;0;0;1;2;1
202400047030;155 698 940;7;0;0;4;2;1
202400047031;155 698 934;2;0;2;3;23;1
202400047031;155 698 935;7;0;2;2;20;1
202400047032;155 698 932;7;0;2;2;15;1
202400047032;155 698 936;50;0;2;1;5;3
202400047033;155 698 931;7;4;2;1;1;1
202400047033;155 698 933;7;4;2;2;1;1
202400047034;155 698 929;30;0;0;0;1;3
202400047035;155 698 930;7;6;0;1;13;1
202400047036;155 698 925;7;0;2;2;1;2
202400047036;155 698 928;1;0;2;8;1;5
202400047037;155 698 924;30;0;0;7;23;1
202400047038;155 698 923;7;4;2;9;12;1
202400047038;155 698 927;7;13;0;8;1;1
202400047039;155 698 922;33;0;2;3;21;1
202400047039;155 698 926;7;0;2;8;13;1
202400047040;155 698 917;33;0;2;7;17;1
202400047040;155 698 921;7;0;2;6;17;1
202400047041;155 698 916;7;0;2;5;1;1
202400047041;155 698 919;7;0;2;3;1;1
202400047042;155 698 912;10;0;2;1;1;1
202400047042;155 698 920;7;0;2;4;15;1
202400047043;155 698 913;31;0;2;2;3;1
202400047043;155 698 915;10;0;2;6;11;1
202400047044;155 698 911;33;8;0;8;1;1
202400047045;155 698 909;7;0;2;3;5;2
202400047045;155 698 914;7;0;2;6;1;1
202400047045;155 698 918;7;0;2;8;1;1
202400047046;155 698 908;33;0;0;2;26;1
202400047047;155 698 907;7;0;2;3;11;1
202400047047;155 698 910;10;0;2;3;0;1
202400047048;155 698 904;7;3;0;3;26;1
202400047049;155 698 901;33;0;2;1;1;1
202400047049;155 698 906;7;0;2;4;2;1
202400047050;155 698 899;7;0;2;1;13;1
202400047050;155 698 903;7;0;2;1;1;1
202400047051;155 698 896;7;0;2;4;2;1
202400047051;155 698 900;7;0;2;1;2;1
202400047051;155 698 905;3;0;2;1;2;1
202400047052;155 698 895;7;0;2;4;23;1
202400047052;155 698 898;7;0;2;1;2;2
202400047052;155 698 902;10;0;2;4;23;1
202400047053;155 698 893;7;11;0;1;26;1
202400047053;155 698 897;7;11;0;1;1;1
202400047054;155 698 894;7;12;2;2;12;1
202400047055;155 698 889;7;0;2;1;2;1
202400047055;155 698 892;7;0;2;4;2;1
202400047056;155 698 885;7;0;2;3;9;1
202400047056;155 698 888;10;0;0;7;1;1
202400047057;155 698 884;7;0;1;1;1;1
202400047058;155 698 881;33;0;2;3;3;1
202400047058;155 698 883;7;0;2;7;12;1
202400047058;155 698 886;7;0;2;4;1;1
202400047058;155 698 887;7;0;2;6;1;3
202400047059;155 698 879;30;0;0;7;16;1
202400047060;155 698 878;16;0;2;2;12;1
202400047060;155 698 880;7;0;2;8;1;1
202400047061;155 698 874;7;16;0;9;2;1
202400047062;155 698 872;7;0;1;3;15;1
202400047063;155 698 870;33;0;2;1;1;1
202400047063;155 698 875;10;0;2;5;15;1
202400047064;155 698 868;7;0;2;1;2;1
202400047064;155 698 871;10;0;2;4;2;1
202400047064;155 698 873;10;0;2;1;2;1
202400047065;155 698 867;7;2;0;8;2;1
202400047066;155 698 866;33;0;1;1;1;1
202400047067;155 698 865;7;0;1;1;1;1
202400047068;155 698 864;7;0;2;1;1;1
202400047068;155 698 869;2;0;2;7;15;1
202400047069;155 698 862;33;0;1;1;3;1
202400047070;155 698 861;7;13;0;1;14;1
202400047071;155 698 857;10;0;2;5;15;1
202400047071;155 698 860;7;0;2;2;1;2
202400047072;155 698 859;10;0;2;1;1;1
202400047072;155 698 863;7;0;0;8;15;1
202400047073;155 698 853;10;0;2;6;13;0
202400047073;155 698 856;10;0;2;0;0;0
202400047074;155 698 852;15;0;0;0;2;1
202400047074;155 698 855;31;12;0;2;17;1
202400047075;155 698 851;10;0;2;3;2;1
202400047075;155 698 854;33;0;2;4;1;1
202400047076;155 698 849;1;0;0;0;2;5
202400047077;155 698 850;7;0;2;1;26;1
202400047077;155 698 858;7;0;2;1;26;1
202400047078;155 698 844;7;0;0;9;19;1
202400047079;155 698 848;7;14;1;1;2;2
202400047080;155 698 845;7;0;1;2;1;2
202400047081;155 698 842;10;0;2;0;0;1
202400047081;155 698 846;7;7;2;0;0;1
202400047082;155 698 843;7;0;2;1;9;1
202400047082;155 698 847;2;0;2;7;1;1
202400047083;155 698 840;7;0;1;1;26;1
202400047084;155 698 836;2;0;2;2;1;1
202400047084;155 698 839;7;0;2;3;1;1
202400047085;155 698 838;7;0;0;4;0;1
202400047085;155 698 841;7;0;2;1;2;2
202400047086;155 698 837;7;0;1;8;2;1
202400047087;155 698 831;7;0;2;1;2;1
202400047087;155 698 834;7;0;1;1;1;1
202400047088;155 698 826;7;0;1;2;1;1
202400047089;155 698 827;7;9;2;3;1;1
202400047089;155 698 835;7;16;2;2;26;1
202400047090;155 698 830;1;0;2;1;1;5
202400047090;155 698 833;7;0;2;0;15;1
202400047091;155 698 825;7;0;1;3;15;3
202400047092;155 698 824;7;0;2;3;13;2
202400047092;155 698 829;7;0;2;3;1;2
202400047093;155 698 819;7;0;1;1;16;1
202400047094;155 698 818;33;0;2;8;13;1
202400047094;155 698 822;7;0;2;6;0;2
202400047095;155 698 817;7;0;1;1;1;
202400047096;155 698 815;32;0;2;7;1;1
202400047096;155 698 821;7;0;0;3;19;1
202400047097;155 698 813;7;0;1;4;4;1
202400047098;155 698 814;7;0;2;2;15;1
202400047098;155 698 820;7;0;0;8;1;1
202400047099;155 698 812;7;0;9;7;22;1
202400047099;155 698 816;30;0;2;4;4;0
202400047100;155 698 804;7;0;2;7;9;1
202400047100;155 698 811;1;0;2;8;18;5
202400047101;155 698 803;33;0;2;1;1;1
202400047101;155 698 807;7;0;2;1;5;1
202400047102;155 698 806;7;0;2;5;1;0
202400047102;155 698 810;1;0;2;1;1;5
202400047103;155 698 801;33;0;2;3;13;1
202400047103;155 698 805;7;0;2;3;1;1
202400047104;155 698 802;32;0;2;3;17;1
202400047104;155 698 808;7;0;2;3;1;1
202400047105;155 698 800;30;0;2;1;3;1
202400047105;155 698 809;7;0;2;1;1;1
202400047106;155 698 799;7;0;1;3;15;2
202400047107;155 698 796;7;13;0;1;15;1
202400047108;155 698 791;7;0;2;2;19;1
202400047108;155 698 798;30;0;2;1;1;1
202400047109;155 698 795;33;13;0;0;1;1
202400047110;155 698 792;7;0;2;1;1;1
202400047110;155 698 797;7;0;2;3;1;1
202400047111;155 698 789;7;0;2;1;2;1
202400047111;155 698 794;7;0;2;4;2;1
202400047112;155 698 788;1;0;2;4;0;5
202400047112;155 698 793;7;0;9;2;21;1
202400047113;155 698 787;2;0;2;1;1;1
202400047113;155 698 790;7;0;2;2;15;1
202400047114;155 698 786;50;1;0;2;1;3
202400047115;155 698 783;33;0;0;1;1;1
202400047116;155 698 782;7;0;2;3;13;1
202400047116;155 698 785;37;0;2;3;1;1
202400047117;155 698 779;33;11;0;1;1;1
202400047118;155 698 776;31;0;0;0;21;0
202400047118;155 698 780;7;0;0;;13;0
202400047119;155 698 773;10;0;2;1;2;1
202400047119;155 698 777;7;0;2;4;2;1
202400047119;155 698 781;7;0;2;4;2;1
202400047119;155 698 784;7;0;2;4;2;1
202400047120;155 698 771;7;0;2;8;15;1
202400047120;155 698 775;32;0;2;1;1;1
202400047121;155 698 768;33;0;2;8;1;1
202400047121;155 698 774;7;0;2;3;15;1
202400047122;155 698 769;7;2;0;2;14;1
202400047123;155 698 767;10;0;2;3;7;1
202400047123;155 698 772;2;0;2;2;1;1
202400047124;155 698 770;7;0;0;7;1;1
202400047124;155 698 778;7;0;2;1;15;1
202400047125;155 698 766;10;0;1;2;26;1
202400047126;155 698 763;50;0;1;1;1;3
202400047127;155 698 761;7;0;1;6;4;1
202400047128;155 698 756;7;0;2;2;15;0
202400047128;155 698 759;2;0;2;0;0;0
202400047129;155 698 757;7;0;2;1;1;1
202400047129;155 698 762;50;0;2;7;1;3
202400047130;155 698 758;30;0;2;1;14;1
202400047130;155 698 765;7;0;2;6;14;1
202400047131;155 698 753;33;0;0;8;26;1
202400047132;155 698 751;32;1;0;2;13;1
202400047133;155 698 752;7;0;1;3;15;1
202400047134;155 698 749;13;14;0;3;0;1
202400047135;155 698 745;7;0;2;2;1;1
202400047135;155 698 747;7;0;1;3;23;1
202400047136;155 698 743;7;0;0;4;1;2
202400047136;155 698 750;7;0;2;4;1;2
202400047136;155 698 755;7;0;2;1;1;1
202400047137;155 698 741;10;0;1;2;16;1
202400047138;155 698 740;7;0;1;2;18;3
202400047139;155 698 739;7;0;2;1;1;1
202400047139;155 698 744;7;0;2;4;1;1
202400047140;155 698 735;7;0;1;2;1;1
202400047141;155 698 729;1;0;2;1;1;5
202400047141;155 698 733;7;0;2;4;1;1
202400047142;155 698 731;7;0;2;3;15;1
202400047142;155 698 738;7;0;2;0;0;1
202400047143;155 698 728;1;0;2;7;1;5
202400047143;155 698 737;7;0;2;1;1;2
202400047144;155 698 730;7;0;2;1;13;1
202400047144;155 698 734;7;0;2;6;1;1
202400047145;155 698 727;7;0;2;1;2;0
202400047145;155 698 736;2;0;0;4;2;1
202400047146;155 698 725;7;0;1;3;1;1
202400047147;155 698 721;7;0;2;1;1;1
202400047147;155 698 726;7;0;2;4;23;1
202400047147;155 698 732;7;0;2;3;23;2
202400047148;155 698 723;3;0;1;3;26;6
202400047149;155 698 722;7;13;0;3;1;1
202400047150;155 698 720;1;0;2;1;1;5
202400047150;155 698 724;7;0;9;3;1;3
202400047151;155 698 718;7;0;1;2;1;1
202400047152;155 698 719;10;0;1;1;1;3
202400047153;155 698 716;7;0;2;1;1;1
202400047153;155 698 717;7;0;2;4;26;0
202400047154;155 698 712;50;0;0;0;1;3
202400047155;155 698 711;7;4;2;3;18;1
202400047155;155 698 714;80;0;2;4;2;3
202400047156;155 698 708;33;3;2;8;17;1
202400047156;155 698 713;7;4;2;6;2;1
202400047157;155 698 705;7;0;2;1;1;1
202400047157;155 698 710;7;0;2;7;19;1
202400047158;155 698 707;7;9;0;1;26;2
202400047159;155 698 701;7;0;2;5;15;1
202400047159;155 698 704;2;0;2;1;1;1
202400047160;155 698 702;10;0;2;4;1;1
202400047160;155 698 706;7;0;2;9;1;1
202400047160;155 698 709;7;0;2;1;1;1
202400047160;155 698 715;7;0;2;9;1;1
202400047161;155 698 700;2;0;0;0;0;1
202400047162;155 698 695;7;0;2;2;1;1
202400047162;155 698 697;2;0;2;4;1;1
202400047163;155 698 698;10;1;2;4;20;1
202400047163;155 698 703;7;0;2;6;24;1
202400047164;155 698 693;7;0;1;2;2;2
202400047165;155 698 694;7;0;1;8;15;1
202400047166;155 698 696;2;0;2;7;1;1
202400047166;155 698 699;10;0;0;1;0;1
202400047167;155 698 691;7;0;1;7;15;1
202400047168;155 698 690;33;0;2;8;3;1
202400047168;155 698 692;7;0;2;7;12;1
202400047169;155 698 688;1;15;0;1;21;5
202400047170;155 698 684;7;0;0;0;15;1
202400047170;155 698 689;33;0;0;7;1;1
202400047171;155 698 683;7;0;2;2;1;1
202400047171;155 698 686;7;0;2;3;13;1
202400047172;155 698 680;1;0;2;8;1;5
202400047172;155 698 687;7;0;9;1;1;2
202400047173;155 698 679;7;7;2;7;19;1
202400047173;155 698 685;7;7;2;3;1;1
202400047174;155 698 678;7;0;2;3;20;1
202400047174;155 698 682;34;0;2;1;1;1
202400047175;155 698 671;33;0;2;1;16;1
202400047175;155 698 675;10;0;2;3;0;1
202400047176;155 698 672;10;0;2;1;2;1
202400047176;155 698 677;7;0;2;0;2;1
202400047176;155 698 681;7;0;2;4;2;2
202400047177;155 698 669;7;7;0;0;0;1
202400047178;155 698 666;7;0;2;3;1;1
202400047178;155 698 670;7;0;2;2;2;3
202400047178;155 698 676;30;0;2;0;1;1
202400047179;155 698 668;1;0;2;1;1;5
202400047179;155 698 674;7;0;2;3;15;2
202400047180;155 698 665;7;0;1;2;9;1
202400047181;155 698 667;37;0;2;3;7;2
202400047181;155 698 673;1;0;2;3;13;5
202400047182;155 698 662;7;0;0;8;26;1
202400047183;155 698 663;7;4;0;9;2;1
202400047184;155 698 657;15;0;2;6;1;1
202400047184;155 698 664;10;0;2;5;2;1
202400047185;155 698 656;50;0;2;8;13;3
202400047185;155 698 660;50;0;2;3;13;3
202400047185;155 698 661;1;0;2;0;1;5
202400047186;155 698 653;7;0;2;3;1;1
202400047186;155 698 659;33;0;2;2;15;1
202400047187;155 698 648;10;3;0;2;14;6
202400047188;155 698 652;2;7;0;0;1;1
202400047189;155 698 649;7;0;2;3;15;1
202400047189;155 698 658;7;0;2;2;1;1
202400047190;155 698 647;7;0;2;1;1;1
202400047190;155 698 655;10;0;2;1;13;1
202400047191;155 698 651;33;0;2;1;2;1
202400047191;155 698 654;10;0;2;4;2;1
202400047192;155 698 646;10;0;2;9;1;0
202400047192;155 698 650;7;0;2;1;11;1
202400047193;155 698 645;80;0;2;0;1;3
202400047194;155 698 643;7;0;1;6;20;0
202400047195;155 698 642;7;0;1;2;0;0
202400047196;155 698 640;7;4;0;1;14;1
202400047197;155 698 638;7;0;1;3;9;1
202400047198;155 698 637;7;0;2;3;15;1
202400047198;155 698 641;2;0;2;3;1;1
202400047199;155 698 633;7;0;2;1;0;1
202400047199;155 698 634;7;0;2;2;1;1
202400047200;155 698 635;60;12;0;8;26;5
202400047201;155 698 630;7;0;2;4;2;1
202400047201;155 698 632;7;0;2;4;2;1
202400047201;155 698 636;7;0;2;4;2;1
202400047201;155 698 639;7;0;2;4;2;1
202400047201;155 698 644;17;0;2;1;2;1
202400047202;155 698 627;7;0;2;3;2;1
202400047202;155 698 631;15;0;2;2;12;1
202400047203;155 698 626;33;0;2;4;1;1
202400047203;155 698 629;7;0;2;2;1;1
202400047204;155 698 624;7;6;0;3;0;1
202400047205;155 698 622;7;12;0;1;1;1
202400047206;155 698 621;7;0;1;3;1;1
202400047206;155 698 628;7;0;;7;1;1
202400047207;155 698 623;1;0;2;8;13;5
202400047207;155 698 625;1;0;2;7;17;5
202400047208;155 698 619;43;4;2;3;21;1
202400047209;155 698 616;10;0;2;1;2;1
202400047209;155 698 620;7;0;2;4;2;1
202400047210;155 698 614;13;0;2;6;23;1
202400047210;155 698 618;37;0;2;2;14;1
202400047211;155 698 613;7;0;2;1;14;1
202400047211;155 698 617;7;0;2;1;1;1
202400047212;155 698 612;10;8;0;2;1;1
202400047213;155 698 611;7;0;2;1;2;1
202400047213;155 698 615;7;0;2;4;1;2
202400047214;155 698 610;7;0;1;4;26;0
202400047215;155 698 607;2;14;0;1;21;1
202400047216;155 698 605;7;0;1;2;19;1
202400047217;155 698 602;7;0;2;4;2;1
202400047217;155 698 608;33;0;2;1;2;1
202400047218;155 698 600;7;0;9;1;14;1
202400047218;155 698 606;7;3;2;9;21;1
202400047218;155 698 609;7;0;9;1;2;1
202400047219;155 698 599;31;0;2;1;2;1
202400047219;155 698 604;7;0;2;4;2;1
202400047220;155 698 598;30;0;2;1;2;1
202400047220;155 698 603;7;0;2;6;26;1
202400047221;155 698 601;7;8;1;1;26;1
202400047222;155 698 593;33;0;2;4;16;1
202400047222;155 698 596;7;0;2;1;1;1
202400047223;155 698 590;10;0;0;6;23;1
202400047223;155 698 594;42;0;2;1;2;1
202400047224;155 698 591;7;0;2;1;17;1
202400047224;155 698 595;7;0;9;6;1;1
202400047224;155 698 597;7;0;2;1;1;2
202400047225;155 698 589;7;4;0;0;12;1
202400047226;155 698 588;33;0;2;1;1;1
202400047226;155 698 592;7;0;2;3;10;2
202400047227;155 698 585;7;0;2;1;15;1
202400047227;155 698 587;33;0;2;1;1;1
202400047228;155 698 577;33;0;2;3;3;1
202400047228;155 698 580;7;0;2;5;1;3
202400047228;155 698 584;10;0;2;3;1;1
202400047229;155 698 578;10;0;2;1;1;1
202400047229;155 698 582;7;0;2;1;5;1
202400047230;155 698 579;7;0;2;9;1;1
202400047230;155 698 583;7;0;2;9;0;2
202400047230;155 698 586;7;0;2;1;1;1
202400047231;155 698 572;32;0;2;1;2;3
202400047231;155 698 575;7;0;2;6;2;1
202400047232;155 698 571;10;0;2;1;2;1
202400047232;155 698 573;7;0;2;4;23;1
202400047233;155 698 570;7;0;2;7;9;1
202400047233;155 698 574;15;0;2;1;1;1
202400047234;155 698 567;50;0;1;0;26;3
202400047235;155 698 564;7;0;2;1;13;1
202400047235;155 698 568;7;0;2;1;1;1
202400047235;155 698 576;10;0;2;1;2;1
202400047235;155 698 581;7;0;2;8;2;1
202400047236;155 698 565;7;0;2;1;1;1
202400047236;155 698 569;7;0;0;4;1;1
202400047237;155 698 563;33;0;2;1;12;1
202400047237;155 698 566;7;0;2;5;1;1
202400047238;155 698 559;10;0;2;3;10;1
202400047238;155 698 561;34;0;2;1;26;1
202400047239;155 698 558;40;0;1;7;1;3
202400047240;155 698 557;33;0;0;8;0;1
202400047241;155 698 554;7;0;2;1;13;1
202400047241;155 698 560;7;0;2;1;15;1
202400047242;155 698 555;60;0;2;8;19;5
202400047242;155 698 562;7;0;9;1;16;1
202400047243;155 698 552;30;0;2;1;2;3
202400047243;155 698 556;10;0;2;4;2;1
202400047244;155 698 551;7;0;2;1;2;1
202400047244;155 698 553;7;0;2;4;2;2
202400047245;155 698 550;31;0;1;8;1;0
202400047246;155 698 545;7;1;2;7;25;2
202400047246;155 698 548;7;1;2;8;0;2
202400047247;155 698 546;7;0;1;3;1;2
202400047248;155 698 543;50;0;2;0;0;3
202400047248;155 698 549;7;0;2;0;0;1
202400047249;155 698 541;1;0;2;1;1;5
202400047249;155 698 547;7;0;2;2;15;1
202400047250;155 698 542;2;15;0;0;0;1
202400047251;155 698 540;7;0;2;3;15;1
202400047251;155 698 544;33;0;2;1;17;1
202400047252;155 698 538;7;0;2;4;23;1
202400047252;155 698 539;7;0;2;1;2;1
202400047253;155 698 533;31;0;1;1;0;1
202400047254;155 698 530;7;0;1;2;14;1
202400047255;155 698 535;33;0;2;8;1;1
202400047255;155 698 537;10;0;2;3;15;0
202400047256;155 698 529;7;0;2;2;1;1
202400047256;155 698 534;1;0;0;4;15;5
202400047257;155 698 528;7;0;2;2;1;1
202400047257;155 698 536;7;0;2;3;1;1
202400047258;155 698 527;30;1;0;7;1;3
202400047258;155 698 532;7;0;2;8;20;1
202400047259;155 698 526;10;0;0;7;1;0
202400047259;155 698 531;7;0;2;1;15;1
202400047260;155 698 523;7;13;0;2;1;1
202400047261;155 698 522;7;0;2;4;2;1
202400047261;155 698 525;7;0;2;1;2;1
202400047262;155 698 520;36;16;0;0;1;1
202400047263;155 698 517;7;0;2;1;13;1
202400047263;155 698 524;7;0;2;1;1;1
202400047264;155 698 519;30;4;0;7;14;1
202400047265;155 698 516;7;0;1;3;20;1
202400047266;155 698 518;7;1;2;1;2;1
202400047266;155 698 521;7;0;2;4;23;1
202400047267;155 698 514;33;0;0;0;1;1
202400047268;155 698 511;33;0;2;1;1;1
202400047268;155 698 513;10;0;2;7;15;1
202400047269;155 698 512;7;0;2;1;1;1
202400047269;155 698 515;7;0;2;1;15;1
202400047270;155 698 506;7;0;2;7;19;1
202400047270;155 698 510;30;0;2;1;1;1
202400047271;155 698 504;1;0;0;3;2;5
202400047271;155 698 507;1;0;0;2;17;5
202400047272;155 698 502;30;0;2;2;15;1
202400047272;155 698 509;34;0;2;0;0;0
202400047273;155 698 505;7;0;0;3;9;0
202400047273;155 698 508;33;0;2;1;1;1
202400047274;155 698 503;33;6;0;8;1;1
202400047275;155 698 501;38;2;0;1;1;1
202400047276;155 698 496;7;0;2;1;26;0
202400047277;155 698 497;7;0;2;4;26;1
202400047277;155 698 500;30;0;2;1;1;1
202400047278;155 698 494;7;0;2;0;0;0
202400047278;155 698 498;80;0;2;8;26;3
202400047279;155 698 491;33;0;2;2;17;1
202400047279;155 698 495;21;0;2;3;15;1
202400047280;155 698 489;7;0;2;2;13;1
202400047280;155 698 493;7;0;2;1;1;2
202400047281;155 698 487;13;1;0;4;4;0
202400047282;155 698 485;7;0;1;2;17;1
202400047283;155 698 486;7;0;2;3;15;1
202400047283;155 698 492;33;6;2;1;1;1
202400047284;155 698 484;7;0;2;3;2;1
202400047284;155 698 488;7;0;2;5;1;1
202400047284;155 698 490;7;0;2;2;2;1
202400047285;155 698 482;33;0;0;8;1;1
202400047286;155 698 478;10;0;0;9;1;1
202400047287;155 698 481;7;3;0;3;1;1
202400047287;155 698 483;7;0;0;3;0;1
202400047288;155 698 480;7;0;0;0;16;1
202400047289;155 698 479;7;0;1;2;1;1
202400047290;155 698 477;7;0;1;1;1;1
202400047291;155 698 476;10;0;1;3;17;1
202400047292;155 698 470;33;4;0;7;1;1
202400047293;155 698 472;7;0;9;6;9;1
202400047293;155 698 475;33;0;2;1;1;1
202400047294;155 698 466;7;0;2;1;19;1