Num_Acc;id_vehicule;categorie_vehicule;obstacle_fixe;obstacle_mobile;point_choc_initial;manoeuvre_principale;motorisation
202400047294;155 698 469;7;0;2;1;1;1
202400047295;155 698 468;7;0;2;2;1;1
202400047295;155 698 474;1;0;2;9;5;5
202400047296;155 698 464;50;0;2;1;19;3
202400047296;155 698 473;15;0;2;6;16;1
202400047297;155 698 461;43;0;2;1;1;1
202400047297;155 698 465;7;0;2;2;15;0
202400047298;155 698 463;7;0;2;8;11;1
202400047298;155 698 467;34;0;2;7;1;1
202400047298;155 698 471;7;0;2;7;23;1
202400047299;155 698 457;7;0;2;3;15;1
202400047299;155 698 462;2;0;2;2;1;1
202400047300;155 698 459;7;0;1;1;15;1
202400047301;155 698 455;7;0;0;6;10;4
202400047301;155 698 458;33;0;2;1;1;1
202400047302;155 698 452;7;15;0;3;2;1
202400047303;155 698 450;38;0;2;2;21;1
202400047303;155 698 453;7;0;2;1;13;1
202400047304;155 698 449;7;0;2;1;10;1
202400047304;155 698 454;7;0;2;8;1;1
202400047305;155 698 448;7;0;2;8;9;3
202400047305;155 698 456;1;0;2;1;0;5
202400047306;155 698 447;32;0;2;1;17;1
202400047306;155 698 451;7;0;2;2;15;1
202400047307;155 698 446;33;13;0;3;1;1
202400047308;155 698 445;7;0;1;4;4;1
202400047309;155 698 442;7;0;1;3;1;1
202400047310;155 698 444;7;0;2;3;16;1
202400047310;155 698 460;2;0;2;1;15;1
202400047311;155 698 438;7;0;9;3;9;1
202400047311;155 698 440;3;0;2;1;1;3
202400047312;155 698 436;7;6;2;7;9;1
202400047312;155 698 443;7;6;2;8;2;1
202400047313;155 698 437;1;0;2;1;1;5
202400047313;155 698 441;7;0;2;1;1;1
202400047314;155 698 433;50;0;2;1;1;3
202400047314;155 698 435;7;0;2;3;22;1
202400047315;155 698 430;33;15;0;9;17;1
202400047315;155 698 434;7;0;0;0;0;1
202400047316;155 698 429;2;0;2;1;2;1
202400047316;155 698 432;7;0;0;4;2;1
202400047317;155 698 428;2;16;0;1;1;1
202400047318;155 698 424;7;12;2;1;15;1
202400047319;155 698 423;7;2;0;1;13;1
202400047320;155 698 421;7;0;2;3;11;1
202400047320;155 698 426;7;0;2;2;1;1
202400047321;155 698 420;7;0;2;3;19;1
202400047321;155 698 427;50;0;2;1;19;3
202400047322;155 698 419;43;0;0;1;2;1
202400047323;155 698 418;1;0;9;1;25;5
202400047323;155 698 422;50;0;9;1;25;3
202400047324;155 698 417;1;0;2;8;1;5
202400047324;155 698 425;7;0;2;1;1;1
202400047325;155 698 413;7;0;1;1;1;1
202400047326;155 698 412;7;0;2;1;13;1
202400047326;155 698 416;50;0;2;1;5;3
202400047327;155 698 411;15;0;2;1;2;1
202400047327;155 698 415;7;0;2;4;1;1
202400047328;155 698 408;33;0;2;2;17;1
202400047328;155 698 414;7;0;2;8;15;1
202400047329;155 698 406;7;0;0;2;0;1
202400047329;155 698 409;7;0;2;3;13;1
202400047330;155 698 405;10;0;2;1;16;0
202400047330;155 698 410;10;0;2;2;2;0
202400047331;155 698 404;7;8;0;2;14;1
202400047332;155 698 402;7;3;2;7;17;1
202400047332;155 698 407;10;0;2;1;1;1
202400047333;155 698 400;7;0;2;4;13;1
202400047333;155 698 403;7;0;2;1;1;1
202400047334;155 698 399;7;15;0;1;1;1
202400047335;155 698 394;7;0;2;2;1;2
202400047335;155 698 398;7;0;0;6;23;2
202400047336;155 698 391;7;0;0;5;0;1
202400047336;155 698 396;33;0;2;3;13;1
202400047337;155 698 393;33;0;2;1;3;1
202400047337;155 698 397;7;0;2;5;14;1
202400047337;155 698 401;34;0;2;1;3;1
202400047338;155 698 390;99;0;2;2;15;3
202400047338;155 698 395;7;0;2;3;1;1
202400047339;155 698 387;7;0;2;4;23;1
202400047339;155 698 389;7;0;2;1;1;1
202400047340;155 698 386;32;0;1;1;1;1
202400047341;155 698 385;7;0;2;2;2;1
202400047341;155 698 388;1;0;0;6;2;5
202400047342;155 698 383;10;0;1;1;1;1
202400047343;155 698 381;7;0;2;1;17;1
202400047343;155 698 384;7;0;2;4;1;1
202400047344;155 698 382;7;2;0;1;1;1
202400047345;155 698 380;7;8;0;1;1;1
202400047346;155 698 376;7;0;1;1;1;1
202400047347;155 698 375;7;0;1;7;1;1
202400047348;155 698 373;31;0;0;8;1;1
202400047349;155 698 378;10;3;0;1;14;1
202400047350;155 698 374;99;0;0;1;2;0
202400047350;155 698 377;10;1;0;3;22;1
202400047351;155 698 372;7;13;0;2;1;1
202400047352;155 698 368;7;0;2;1;1;1
202400047352;155 698 379;7;0;2;1;1;1
202400047353;155 698 367;7;10;0;1;1;1
202400047354;155 698 366;7;0;1;2;1;1
202400047355;155 698 364;33;0;2;1;1;1
202400047355;155 698 370;2;0;2;1;1;1
202400047356;155 698 365;32;0;2;2;1;1
202400047356;155 698 369;31;0;2;1;1;1
202400047357;155 698 362;7;0;2;1;2;1
202400047357;155 698 371;7;4;0;4;2;1
202400047358;155 698 363;7;0;1;1;1;1
202400047359;155 698 359;30;0;0;8;1;1
202400047360;155 698 361;31;2;0;1;0;1
202400047361;155 698 360;80;12;0;1;1;3
202400047362;155 698 352;7;12;2;1;2;1
202400047362;155 698 357;7;12;0;4;2;1
202400047363;155 698 351;7;0;2;3;0;0
202400047363;155 698 356;7;0;2;3;0;2
202400047364;155 698 354;10;0;2;2;2;1
202400047364;155 698 358;7;0;2;6;1;1
202400047365;155 698 349;7;0;2;2;9;1
202400047365;155 698 355;1;0;2;5;9;5
202400047366;155 698 353;37;0;1;1;1;1
202400047367;155 698 347;34;0;2;8;1;1
202400047367;155 698 350;7;0;2;1;19;1
202400047368;155 698 346;3;0;1;1;15;1
202400047369;155 698 344;7;2;0;1;1;1
202400047370;155 698 343;13;0;2;1;13;1
202400047370;155 698 348;10;0;2;3;1;1
202400047371;155 698 340;7;13;0;1;13;1
202400047372;155 698 339;7;0;2;2;9;1
202400047372;155 698 342;2;0;2;2;3;1
202400047373;155 698 338;7;0;9;1;2;1
202400047373;155 698 345;50;0;2;3;15;3
202400047374;155 698 337;1;0;0;0;1;5
202400047375;155 698 336;7;0;2;2;9;1
202400047375;155 698 341;7;0;2;1;1;1
202400047376;155 698 331;7;0;1;3;17;1
202400047377;155 698 328;32;0;2;1;1;1
202400047377;155 698 334;10;0;2;4;1;1
202400047378;155 698 326;7;0;2;3;11;1
202400047378;155 698 332;1;0;2;1;1;5
202400047379;155 698 327;7;0;2;3;15;0
202400047379;155 698 333;32;0;2;1;17;0
202400047380;155 698 324;2;0;0;7;21;1
202400047381;155 698 322;33;13;0;1;1;1
202400047382;155 698 323;7;0;2;3;9;1
202400047382;155 698 325;1;0;2;7;1;5
202400047383;155 698 321;10;0;1;2;16;0
202400047384;155 698 314;14;0;9;4;23;0
202400047384;155 698 318;2;0;2;1;2;1
202400047385;155 698 316;50;0;2;7;15;3
202400047385;155 698 320;7;0;9;1;9;1
202400047386;155 698 313;7;0;2;1;1;1
202400047386;155 698 319;7;0;2;4;1;1
202400047387;155 698 312;1;0;0;3;19;5
202400047387;155 698 315;7;0;2;0;0;1
202400047388;155 698 317;7;0;2;8;9;1
202400047388;155 698 330;10;0;2;1;1;1
202400047389;155 698 310;50;6;0;1;1;3
202400047390;155 698 307;2;6;0;3;1;1
202400047391;155 698 308;7;0;1;8;15;1
202400047392;155 698 306;7;0;2;1;1;1
202400047392;155 698 311;1;0;2;4;2;5
202400047393;155 698 305;7;15;1;3;25;1
202400047394;155 698 303;7;0;2;2;1;1
202400047394;155 698 309;7;0;2;3;1;0
202400047395;155 698 297;1;0;2;2;2;5
202400047395;155 698 302;7;0;2;1;16;1
202400047396;155 698 299;7;0;2;1;17;1
202400047396;155 698 301;7;0;2;3;15;3
202400047397;155 698 298;7;0;2;2;16;1
202400047397;155 698 300;33;0;2;3;14;1
202400047398;155 698 293;10;0;2;1;1;1
202400047398;155 698 296;7;0;2;4;1;1
202400047399;155 698 292;7;1;0;2;14;1
202400047400;155 698 295;2;0;0;0;1;1
202400047401;155 698 290;10;0;0;1;2;1
202400047401;155 698 291;10;0;2;4;23;1
202400047402;155 698 294;33;12;0;1;17;1
202400047403;155 698 289;33;11;0;0;1;0
202400047404;155 698 288;7;0;1;1;1;2
202400047405;155 698 283;7;13;0;3;11;1
202400047406;155 698 282;7;0;2;8;1;1
202400047406;155 698 286;7;0;2;3;1;1
202400047407;155 698 279;7;0;2;8;15;1
202400047407;155 698 285;14;0;2;1;1;0
202400047408;155 698 281;7;0;2;8;16;1
202400047408;155 698 287;33;3;2;1;1;1
202400047409;155 698 277;30;0;1;1;1;1
202400047410;155 698 275;32;0;0;1;1;1
202400047411;155 698 274;7;0;0;1;0;1
202400047411;155 698 278;15;0;2;3;0;1
202400047411;155 698 284;15;0;0;8;0;1
202400047412;155 698 273;7;14;0;3;13;1
202400047413;155 698 276;32;0;2;6;17;1
202400047413;155 698 280;1;0;2;1;17;5
202400047414;155 698 269;37;5;1;2;1;2
202400047415;155 698 270;1;0;0;0;0;5
202400047416;155 698 268;3;0;0;3;15;1
202400047416;155 698 272;31;0;2;1;2;1
202400047417;155 698 266;7;0;2;6;1;1
202400047417;155 698 271;7;0;2;2;14;1
202400047418;155 698 265;30;1;0;6;14;1
202400047419;155 698 264;33;0;9;1;1;1
202400047420;155 698 263;1;0;2;1;1;5
202400047420;155 698 267;7;0;2;3;9;1
202400047421;155 698 262;7;6;0;1;5;1
202400047422;155 698 260;7;0;0;8;21;1
202400047423;155 698 256;7;13;0;9;1;1
202400047424;155 698 259;37;0;1;6;12;2
202400047425;155 698 255;7;0;1;1;15;1
202400047426;155 698 254;7;0;2;1;1;1
202400047426;155 698 257;7;0;2;1;11;1
202400047427;155 698 252;50;0;2;1;1;3
202400047427;155 698 258;7;0;2;3;15;1
202400047428;155 698 247;7;0;2;3;15;1
202400047428;155 698 253;37;0;2;2;1;1
202400047429;155 698 249;7;0;1;2;1;1
202400047430;155 698 246;10;0;2;3;1;1
202400047430;155 698 251;7;13;2;7;1;1
202400047431;155 698 248;7;0;2;8;22;1
202400047431;155 698 250;1;1;0;1;1;5
202400047432;155 698 243;7;0;1;3;15;1
202400047433;155 698 242;7;0;2;3;1;6
202400047433;155 698 245;30;0;2;1;13;1
202400047434;155 698 239;7;0;1;1;1;2
202400047435;155 698 240;33;0;0;2;1;1
202400047436;155 698 235;7;0;2;1;5;1
202400047436;155 698 237;33;0;2;1;1;1
202400047437;155 698 234;7;0;2;2;16;1
202400047437;155 698 236;1;0;2;8;1;5
202400047438;155 698 231;7;0;2;3;9;6
202400047438;155 698 238;50;0;2;1;1;3
202400047439;155 698 230;32;0;1;1;1;1
202400047440;155 698 228;10;0;2;4;2;1
202400047440;155 698 232;7;6;2;9;0;2
202400047441;155 698 229;30;0;1;0;1;1
202400047442;155 698 227;7;0;2;4;2;1
202400047442;155 698 233;30;0;2;1;2;1
202400047443;155 698 226;7;0;1;1;1;1
202400047444;155 698 223;7;0;1;1;1;1
202400047445;155 698 222;7;0;1;7;12;0
202400047446;155 698 220;32;0;0;0;1;0
202400047447;155 698 221;0;0;2;1;1;0
202400047447;155 698 225;7;0;2;2;16;1
202400047448;155 698 215;7;0;1;1;1;1
202400047449;155 698 216;7;3;2;4;2;1
202400047449;155 698 218;7;0;2;1;2;1
202400047449;155 698 224;7;1;0;8;2;1
202400047450;155 698 214;50;0;2;1;26;3
202400047450;155 698 219;7;0;9;3;1;1
202400047451;155 698 212;7;0;2;3;1;1
202400047451;155 698 217;1;0;2;8;19;5
202400047452;155 698 211;50;0;0;0;1;3
202400047453;155 698 213;7;4;0;1;1;1
202400047454;155 698 206;7;0;1;0;1;1
202400047455;155 698 204;33;0;0;0;1;1
202400047456;155 698 202;7;0;2;1;13;1
202400047456;155 698 208;7;0;2;1;1;1
202400047457;155 698 201;7;0;2;1;19;1
202400047457;155 698 210;7;0;2;3;1;1
202400047458;155 698 199;7;0;2;1;0;1
202400047458;155 698 203;10;0;2;9;2;1
202400047458;155 698 207;7;0;2;9;0;1
202400047458;155 698 209;7;3;2;9;0;1
202400047459;155 698 200;2;0;2;1;2;1
202400047459;155 698 205;7;0;2;8;15;1
202400047460;155 698 197;30;0;0;0;1;1
202400047461;155 698 195;7;4;0;2;0;1
202400047462;155 698 196;7;0;2;1;1;1
202400047462;155 698 198;7;0;2;4;15;1
202400047463;155 698 192;33;0;6;1;0;1
202400047464;155 698 190;7;0;2;2;15;1
202400047464;155 698 194;43;0;2;1;1;1
202400047465;155 698 189;2;16;0;0;1;1
202400047466;155 698 188;7;0;2;6;9;1
202400047466;155 698 191;7;0;2;2;1;1
202400047467;155 698 185;10;0;2;8;10;1
202400047467;155 698 193;31;0;2;1;1;3
202400047468;155 698 186;7;8;0;3;1;1
202400047469;155 698 184;7;4;0;2;21;1
202400047470;155 698 182;7;0;1;3;1;1
202400047471;155 698 183;1;0;2;8;13;5
202400047471;155 698 187;10;0;2;2;17;1
202400047472;155 698 179;7;0;1;1;1;1
202400047473;155 698 178;7;0;2;1;2;1
202400047473;155 698 181;7;0;2;8;15;1
202400047474;155 698 174;7;0;2;4;1;1
202400047474;155 698 180;7;0;2;1;0;1
202400047475;155 698 173;31;14;2;0;0;1
202400047475;155 698 176;34;0;2;1;1;1
202400047476;155 698 170;7;0;2;3;1;1
202400047476;155 698 177;10;0;2;3;13;1
202400047477;155 698 171;7;0;9;1;0;1
202400047477;155 698 175;50;0;2;1;0;3
202400047478;155 698 167;32;0;0;8;1;1
202400047479;155 698 165;50;0;2;1;19;3
202400047479;155 698 169;7;0;2;8;19;1
202400047480;155 698 166;7;0;2;3;13;1
202400047480;155 698 172;21;0;2;6;1;1
202400047481;155 698 164;31;0;2;0;0;1
202400047481;155 698 168;10;0;2;0;0;1
202400047482;155 698 160;7;0;2;2;1;1
202400047482;155 698 161;7;0;2;6;1;1
202400047483;155 698 159;10;3;2;1;2;1
202400047483;155 698 163;15;3;2;6;2;1
202400047484;155 698 158;7;8;0;1;26;1
202400047485;155 698 156;33;7;0;1;1;1
202400047486;155 698 155;7;0;2;5;1;1
202400047486;155 698 162;7;0;2;1;1;1
202400047487;155 698 153;7;0;2;4;2;1
202400047487;155 698 157;2;0;2;1;2;1
202400047488;155 698 151;7;0;2;4;26;1
202400047488;155 698 154;1;0;2;8;26;5
202400047489;155 698 152;10;6;0;2;26;0
202400047490;155 698 149;7;0;1;1;1;1
202400047491;155 698 147;7;0;2;8;9;1
202400047491;155 698 150;1;0;2;1;1;5
202400047492;155 698 146;7;15;0;1;1;1
202400047493;155 698 141;7;0;1;3;9;1
202400047494;155 698 139;34;0;2;7;26;3
202400047494;155 698 144;7;0;0;3;16;1
202400047495;155 698 138;50;0;2;8;19;3
202400047495;155 698 143;7;0;2;1;19;1
202400047496;155 698 145;33;0;2;3;1;1
202400047496;155 698 148;7;0;2;8;15;1
202400047497;155 698 135;1;0;2;4;2;5
202400047497;155 698 140;7;0;2;3;2;1
202400047498;155 698 137;7;0;2;5;15;1
202400047498;155 698 142;50;0;2;1;1;3
202400047499;155 698 134;7;0;1;7;1;1
202400047500;155 698 130;7;0;0;9;2;1
202400047501;155 698 132;33;8;0;1;13;1
202400047502;155 698 129;33;0;2;1;1;1
202400047502;155 698 136;7;0;2;8;15;1
202400047503;155 698 128;7;1;2;1;1;1
202400047503;155 698 131;7;0;2;4;0;1
202400047503;155 698 133;7;0;2;4;0;1
202400047504;155 698 125;7;0;2;7;15;1
202400047504;155 698 127;33;0;2;1;1;1
202400047505;155 698 122;33;3;0;3;26;1
202400047506;155 698 120;7;16;0;2;14;1
202400047506;155 698 124;2;1;0;8;0;1
202400047507;155 698 119;7;0;2;1;2;1
202400047507;155 698 123;7;0;2;1;2;1
202400047507;155 698 126;7;0;2;4;2;1
202400047508;155 698 117;7;0;1;1;1;1
202400047509;155 698 116;50;12;0;1;15;3
202400047510;155 698 115;7;0;2;2;0;1
202400047510;155 698 118;33;0;2;1;0;1
202400047511;155 698 109;7;0;2;8;15;1
202400047511;155 698 110;80;0;2;1;2;3
202400047512;155 698 114;7;0;2;2;5;1
202400047512;155 698 121;7;0;2;8;1;1
202400047513;155 698 108;50;0;2;1;1;3
202400047513;155 698 112;7;0;2;8;1;1
202400047514;155 698 107;17;0;2;3;13;1
202400047514;155 698 113;17;0;2;3;1;1
202400047515;155 698 106;30;0;2;1;1;1
202400047515;155 698 111;7;0;2;3;15;1
202400047516;155 698 102;7;0;2;1;1;1
202400047516;155 698 105;33;0;2;4;15;1
202400047517;155 698 099;1;0;2;1;1;5
202400047517;155 698 103;7;0;2;6;1;1
202400047518;155 698 098;7;0;2;1;1;1
202400047518;155 698 104;2;0;2;1;13;1
202400047519;155 698 100;7;13;0;1;21;1
202400047520;155 698 097;7;0;2;1;15;1
202400047520;155 698 101;1;0;2;7;1;5
202400047521;155 698 095;7;8;0;1;14;1
202400047522;155 698 092;7;0;2;0;1;0
202400047522;155 698 094;7;0;2;3;1;1
202400047523;155 698 091;7;0;2;4;1;1
202400047523;155 698 093;80;0;2;1;26;3
202400047524;155 698 090;7;2;0;1;1;1
202400047525;155 698 096;33;4;0;7;14;1
202400047526;155 698 088;7;6;0;1;16;1
202400047527;155 698 086;7;0;1;3;2;2
202400047528;155 698 082;7;0;2;1;9;1
202400047528;155 698 085;7;0;2;8;1;1
202400047529;155 698 084;7;2;0;1;1;1
202400047530;155 698 081;7;0;2;1;13;1
202400047530;155 698 089;7;0;2;1;1;1
202400047531;155 698 076;7;0;2;7;1;3
202400047531;155 698 079;1;0;2;8;1;5
202400047532;155 698 080;7;0;2;7;15;1
202400047532;155 698 087;7;0;2;1;1;1
202400047533;155 698 075;7;0;2;4;23;1
202400047533;155 698 077;7;0;2;1;1;1
202400047534;155 698 068;7;0;2;4;9;1
202400047534;155 698 070;7;0;2;0;0;0
202400047534;155 698 072;7;0;2;0;0;1
202400047535;155 698 078;10;0;2;2;16;1
202400047535;155 698 083;80;0;2;1;1;3
202400047536;155 698 071;33;16;0;7;1;1
202400047537;155 698 065;37;0;1;5;1;1
202400047538;155 698 064;7;0;2;4;1;1
202400047538;155 698 067;7;0;2;4;1;1
202400047538;155 698 069;7;0;2;1;1;1
202400047538;155 698 074;7;0;2;4;1;1
202400047539;155 698 066;7;7;2;3;13;1
202400047539;155 698 073;7;13;2;3;21;1
202400047540;155 698 063;7;0;1;8;1;2
202400047541;155 698 061;7;0;0;2;1;1
202400047542;155 698 056;7;0;2;1;1;1
202400047542;155 698 059;7;0;2;4;23;1
202400047542;155 698 062;7;0;2;4;23;1
202400047543;155 698 057;7;12;0;0;0;1
202400047544;155 698 058;7;0;2;1;1;1
202400047544;155 698 060;50;0;2;2;1;3
202400047545;155 698 053;30;0;0;0;21;1
202400047546;155 698 051;7;0;2;1;15;1
202400047546;155 698 054;1;0;2;1;1;5
202400047547;155 698 052;33;0;2;3;18;1
202400047547;155 698 055;7;0;2;5;12;1
202400047548;155 698 047;7;0;2;1;15;1
202400047548;155 698 050;1;0;2;1;0;5
202400047549;155 698 046;7;0;2;1;9;1
202400047549;155 698 048;7;0;2;5;1;1
202400047550;155 698 045;1;0;0;1;1;5
202400047551;155 698 044;7;0;2;3;13;0
202400047551;155 698 049;7;0;2;1;1;1
202400047552;155 698 043;2;13;0;1;1;1
202400047553;155 698 040;7;14;0;9;2;1
202400047554;155 698 038;7;0;2;2;16;1
202400047554;155 698 042;33;0;2;8;0;1
202400047555;155 698 037;30;13;0;8;1;6
202400047556;155 698 035;1;0;1;8;17;5
202400047557;155 698 036;7;0;1;1;1;1
202400047558;155 698 034;7;0;0;2;1;1
202400047558;155 698 039;7;0;2;4;11;1
202400047558;155 698 041;7;0;2;3;1;1
202400047559;155 698 033;7;16;0;1;1;1
202400047560;155 698 031;30;12;0;1;1;1
202400047561;155 698 028;7;0;2;8;15;1
202400047561;155 698 032;31;0;2;1;1;1
202400047562;155 698 025;50;0;0;1;1;3
202400047563;155 698 024;1;0;2;8;17;5
202400047563;155 698 029;1;0;2;8;1;5
202400047564;155 698 023;1;0;2;1;1;5
202400047564;155 698 030;7;0;2;2;1;2
202400047565;155 698 021;33;0;2;2;13;1
202400047565;155 698 027;7;0;2;1;1;1
202400047566;155 698 017;50;12;0;1;14;3
202400047567;155 698 019;7;5;0;1;1;1
202400047568;155 698 018;7;0;2;0;0;
202400047568;155 698 020;7;0;2;0;0;
202400047569;155 698 015;7;2;0;1;1;1
202400047570;155 698 012;32;0;1;0;0;1
202400047571;155 698 013;10;0;1;4;4;3
202400047572;155 698 010;50;0;2;1;1;3
202400047572;155 698 011;7;0;9;1;1;1
202400047573;155 698 007;10;0;2;1;1;1
202400047573;155 698 009;10;0;2;1;13;1
202400047574;155 698 008;7;0;1;3;16;1
202400047575;155 698 006;7;6;0;3;9;1
202400047576;155 698 005;10;8;0;0;1;1
202400047577;155 698 000;7;0;2;2;15;1
202400047577;155 698 004;7;0;2;3;1;1
202400047578;155 698 001;7;2;0;7;0;1
202400047579;155 697 998;37;0;2;1;26;1
202400047579;155 698 003;13;0;2;4;26;1
202400047580;155 697 999;7;0;2;1;1;1
202400047580;155 698 002;10;0;2;1;15;1
202400047581;155 697 997;7;0;0;2;1;1
202400047582;155 697 992;7;0;2;1;2;1
202400047582;155 697 995;7;0;0;0;0;1
202400047583;155 697 990;7;0;2;8;22;3
202400047583;155 697 996;80;0;2;1;21;3
202400047584;155 697 988;33;0;2;7;1;1
202400047584;155 697 994;7;0;2;1;1;1
202400047585;155 697 989;15;0;2;8;1;1
202400047585;155 697 993;2;0;2;1;13;1
202400047586;155 697 987;7;0;2;1;1;1
202400047586;155 697 991;7;0;2;4;23;1
202400047587;155 697 985;80;0;1;1;0;3
202400047588;155 697 982;7;0;1;1;15;1
202400047589;155 697 979;7;0;2;5;15;1
202400047589;155 697 981;31;0;2;1;1;1
202400047590;155 697 980;10;2;0;1;14;1
202400047591;155 697 978;32;0;2;1;1;1
202400047591;155 697 984;10;0;0;7;26;1
202400047592;155 697 983;10;0;2;1;1;1
202400047592;155 697 986;7;0;2;7;19;1
202400047593;155 697 975;13;0;2;2;16;1
202400047593;155 697 977;33;8;0;3;7;1
202400047594;155 697 974;7;15;0;1;0;1
202400047595;155 697 971;7;0;2;5;17;1
202400047595;155 697 976;1;0;2;3;1;5
202400047596;155 697 968;7;0;2;3;20;1
202400047596;155 697 972;7;0;2;2;1;1
202400047597;155 697 970;33;0;2;2;17;1
202400047597;155 697 973;7;0;2;8;1;1
202400047598;155 697 964;30;12;0;7;1;1
202400047599;155 697 967;7;0;2;0;0;1
202400047599;155 697 969;34;0;2;0;0;1
202400047600;155 697 963;7;0;2;3;1;1
202400047600;155 697 966;7;0;2;3;1;1
202400047601;155 697 961;7;3;2;3;1;1
202400047601;155 697 965;7;3;2;3;15;1
202400047602;155 697 957;7;0;2;1;1;1
202400047602;155 697 962;50;0;2;7;19;3
202400047603;155 697 956;30;0;2;6;16;1
202400047603;155 697 960;7;0;2;7;1;1
202400047604;155 697 958;32;0;2;1;1;1
202400047604;155 697 959;7;0;2;5;15;1
202400047605;155 697 955;7;0;1;1;1;1
202400047606;155 697 954;7;13;0;1;1;1
202400047607;155 697 951;7;0;1;2;1;1
202400047608;155 697 950;50;0;2;8;19;3
202400047608;155 697 953;7;0;2;1;9;1
202400047609;155 697 948;32;0;2;1;1;1
202400047609;155 697 952;50;0;2;3;1;3
202400047610;155 697 945;33;0;2;7;17;1
202400047610;155 697 947;7;0;2;3;26;1
202400047611;155 697 942;2;0;0;2;1;1
202400047611;155 697 946;7;0;0;1;9;1
202400047612;155 697 944;7;17;0;2;1;1
202400047613;155 697 941;32;0;1;1;1;1
202400047614;155 697 940;40;0;2;1;1;3
202400047614;155 697 943;7;0;4;8;1;1
202400047615;155 697 935;32;12;0;1;1;1
202400047615;155 697 937;30;12;0;1;9;1
202400047616;155 697 939;10;0;2;8;15;1
202400047616;155 697 949;37;0;2;2;2;1
202400047617;155 697 936;2;0;2;0;21;1
202400047618;155 697 934;7;3;0;2;26;1
202400047619;155 697 932;7;0;2;2;14;1
202400047619;155 697 938;15;0;0;6;1;1
202400047620;155 697 929;7;0;2;2;15;1
202400047620;155 697 933;30;0;2;1;1;1
202400047621;155 697 927;31;0;2;1;1;1
202400047621;155 697 930;7;0;2;7;11;1
202400047622;155 697 925;7;0;2;7;19;1
202400047622;155 697 931;7;0;2;1;0;1
202400047623;155 697 921;7;0;2;1;26;1
202400047623;155 697 926;7;0;2;4;1;1
202400047623;155 697 928;7;0;2;4;1;1
202400047624;155 697 924;31;14;0;1;6;1
202400047625;155 697 919;7;0;2;6;1;1
202400047625;155 697 922;33;0;2;3;12;1
202400047626;155 697 920;7;0;2;1;19;1
202400047626;155 697 923;7;0;2;1;1;2
202400047627;155 697 915;32;12;0;7;18;1
202400047628;155 697 914;7;0;2;4;1;1
202400047628;155 697 916;7;0;2;4;1;1
202400047628;155 697 918;7;0;2;1;26;1
202400047629;155 697 917;37;0;1;1;2;2
202400047630;155 697 913;7;0;1;1;19;1
202400047631;155 697 911;7;0;2;1;0;1
202400047631;155 697 912;7;0;2;1;0;1
202400047632;155 697 907;7;0;2;5;1;3
202400047632;155 697 910;43;0;2;1;1;1
202400047633;155 697 906;7;0;1;1;1;0
202400047634;155 697 905;10;0;9;7;16;1
202400047634;155 697 908;1;0;2;1;18;5
202400047635;155 697 903;10;0;2;8;1;1
202400047635;155 697 909;7;0;2;1;1;1
202400047636;155 697 902;7;0;2;8;11;1
202400047636;155 697 904;33;0;2;7;1;1
202400047637;155 697 901;30;0;1;1;1;1
202400047638;155 697 900;7;0;1;1;0;0
202400047639;155 697 896;7;0;2;1;1;0
202400047639;155 697 899;50;0;2;0;1;3
202400047640;155 697 894;7;0;1;1;0;1
202400047641;155 697 893;40;0;2;1;1;3
202400047641;155 697 898;13;0;4;7;16;1
202400047642;155 697 891;7;0;2;1;2;1
202400047642;155 697 895;7;0;2;4;1;1
202400047643;155 697 890;10;0;2;1;2;1
202400047643;155 697 892;7;0;2;4;2;1
202400047643;155 697 897;7;0;2;4;2;1
202400047644;155 697 888;7;0;1;1;1;1
202400047645;155 697 885;7;0;2;2;1;1
202400047645;155 697 889;7;0;2;3;16;1
202400047646;155 697 886;7;0;1;0;0;0
202400047647;155 697 882;7;3;0;1;2;1
202400047647;155 697 884;7;0;0;0;0;0
202400047648;155 697 883;7;0;2;1;1;1
202400047648;155 697 887;7;0;2;7;15;1
202400047649;155 697 881;1;0;2;0;2;5
202400047650;155 697 880;50;0;9;7;1;3
202400047651;155 697 879;31;4;0;3;13;1
202400047652;155 697 877;7;0;1;3;1;1
202400047653;155 697 876;10;2;0;2;14;1
202400047654;155 697 874;7;0;2;4;2;3
202400047654;155 697 878;7;0;2;1;2;1
202400047655;155 697 873;21;0;9;5;17;0
202400047655;155 697 875;1;0;2;8;2;5
202400047656;155 697 872;10;4;0;1;1;1
202400047657;155 697 867;7;0;2;3;10;0
202400047657;155 697 870;30;0;2;1;1;1
202400047658;155 697 863;7;0;2;1;1;1
202400047658;155 697 871;7;0;2;9;19;1
202400047659;155 697 860;7;0;0;2;14;1
202400047660;155 697 862;7;0;2;1;1;1
202400047660;155 697 865;7;0;2;9;1;2
202400047660;155 697 869;7;0;2;4;1;1
202400047661;155 697 861;7;0;2;1;1;3
202400047661;155 697 864;7;0;2;4;1;1
202400047661;155 697 866;7;0;2;4;1;1
202400047661;155 697 868;7;0;0;4;15;1
202400047662;155 697 858;7;0;2;1;15;1
202400047662;155 697 859;50;0;2;2;5;3