Num_Acc;id_vehicule;categorie_vehicule;obstacle_fixe;obstacle_mobile;point_choc_initial;manoeuvre_principale;motorisation
202400048014;155 697 248;99;0;2;0;19;1
202400048014;155 697 249;7;0;2;1;19;1
202400048015;155 697 246;7;0;1;1;1;1
202400048016;155 697 245;10;2;0;2;0;1
202400048017;155 697 244;10;0;1;3;15;1
202400048018;155 697 239;7;0;0;4;0;1
202400048018;155 697 241;10;0;2;1;0;1
202400048019;155 697 240;7;0;2;1;1;
202400048019;155 697 243;32;0;2;2;1;
202400048020;155 697 237;7;0;1;3;1;1
202400048021;155 697 233;7;0;2;6;1;0
202400048021;155 697 238;10;0;2;2;17;1
202400048021;155 697 242;7;0;9;8;0;1
202400048022;155 697 234;2;0;2;2;1;3
202400048022;155 697 236;1;0;2;8;15;5
202400048023;155 697 230;2;12;0;1;9;1
202400048024;155 697 232;2;0;2;1;13;1
202400048024;155 697 235;7;0;2;3;1;1
202400048025;155 697 228;7;0;2;3;15;1
202400048025;155 697 231;7;0;2;3;1;1
202400048026;155 697 227;7;6;0;3;19;1
202400048026;155 697 229;7;0;0;1;1;1
202400048027;155 697 226;1;0;0;0;1;5
202400048028;155 697 221;1;0;9;4;0;5
202400048028;155 697 224;1;0;2;1;0;5
202400048029;155 697 219;7;3;0;1;14;2
202400048030;155 697 218;7;0;2;1;1;1
202400048030;155 697 223;14;0;2;8;16;1
202400048031;155 697 216;33;0;2;1;0;1
202400048031;155 697 222;33;0;2;1;0;1
202400048032;155 697 217;17;0;0;0;23;1
202400048032;155 697 220;17;0;9;3;1;1
202400048032;155 697 225;7;0;9;3;1;1
202400048033;155 697 214;10;0;2;7;5;1
202400048033;155 697 215;1;0;2;7;19;5
202400048034;155 697 213;33;15;0;2;14;1
202400048035;155 697 210;7;8;0;1;1;1
202400048036;155 697 209;7;0;2;3;13;1
202400048036;155 697 212;7;0;2;3;1;1
202400048037;155 697 208;50;0;0;9;1;3
202400048038;155 697 207;14;0;2;3;15;1
202400048038;155 697 211;7;0;2;8;15;1
202400048039;155 697 204;7;13;0;2;1;1
202400048040;155 697 201;10;0;2;4;1;1
202400048040;155 697 205;7;0;2;1;2;1
202400048040;155 697 206;7;0;2;1;2;1
202400048041;155 697 199;80;0;2;4;1;3
202400048041;155 697 203;7;0;2;1;5;1
202400048042;155 697 197;1;0;2;3;1;5
202400048042;155 697 200;1;0;2;3;1;5
202400048043;155 697 194;33;0;2;7;1;1
202400048043;155 697 198;10;0;2;8;15;1
202400048044;155 697 193;7;0;2;1;1;1
202400048044;155 697 196;7;0;2;1;1;1
202400048044;155 697 202;7;0;2;7;1;1
202400048045;155 697 191;21;0;2;1;1;6
202400048045;155 697 195;33;0;2;1;13;1
202400048046;155 697 189;30;2;2;1;1;1
202400048046;155 697 192;7;1;2;7;15;1
202400048047;155 697 186;7;12;2;2;20;1
202400048047;155 697 187;50;12;2;3;1;3
202400048048;155 697 185;31;0;2;3;15;1
202400048048;155 697 190;32;0;2;7;0;1
202400048049;155 697 182;7;0;0;3;23;1
202400048049;155 697 188;2;0;2;2;0;1
202400048050;155 697 181;7;0;2;8;1;1
202400048050;155 697 184;7;0;2;8;1;1
202400048051;155 697 178;37;0;1;5;26;1
202400048052;155 697 180;7;0;2;1;15;1
202400048052;155 697 183;31;0;0;8;1;1
202400048053;155 697 174;7;0;9;3;15;1
202400048053;155 697 177;50;0;2;1;1;3
202400048054;155 697 175;50;0;0;0;1;3
202400048055;155 697 176;13;0;2;3;15;1
202400048055;155 697 179;1;0;2;1;1;5
202400048056;155 697 171;33;0;0;8;17;1
202400048057;155 697 170;2;0;2;1;1;1
202400048057;155 697 172;7;0;2;5;1;1
202400048058;155 697 169;7;0;2;2;15;1
202400048058;155 697 173;7;0;2;3;1;1
202400048059;155 697 168;7;0;0;0;26;1
202400048060;155 697 164;33;0;2;8;1;1
202400048060;155 697 167;7;0;2;1;10;2
202400048061;155 697 163;7;0;2;4;23;1
202400048061;155 697 166;32;0;2;1;1;1
202400048062;155 697 165;7;0;2;3;1;3
202400048063;155 697 162;33;5;0;7;26;0
202400048064;155 697 159;3;0;2;1;9;3
202400048064;155 697 161;50;0;2;7;1;3
202400048065;155 697 160;7;6;9;1;2;1
202400048066;155 697 155;7;0;1;6;26;1
202400048067;155 697 156;13;0;2;1;14;6
202400048067;155 697 158;1;0;2;8;1;5
202400048068;155 697 153;50;1;0;3;2;3
202400048068;155 697 157;10;1;0;0;0;1
202400048069;155 697 154;31;12;0;0;16;1
202400048070;155 697 151;2;12;0;1;1;1
202400048071;155 697 150;33;0;2;7;17;1
202400048071;155 697 152;7;0;2;3;15;1
202400048072;155 697 147;30;0;1;1;3;1
202400048073;155 697 144;60;0;2;8;19;5
202400048073;155 697 149;33;0;2;2;1;1
202400048074;155 697 146;7;6;0;1;16;1
202400048075;155 697 145;10;0;2;3;1;1
202400048075;155 697 148;32;0;2;5;13;1
202400048076;155 697 140;1;0;2;7;1;5
202400048076;155 697 143;7;0;2;1;1;1
202400048077;155 697 138;80;0;0;0;1;3
202400048078;155 697 139;17;0;2;2;1;1
202400048078;155 697 142;7;6;2;3;26;1
202400048079;155 697 136;7;0;2;3;1;1
202400048079;155 697 141;7;0;2;5;1;1
202400048080;155 697 132;10;0;2;1;15;0
202400048080;155 697 135;1;0;2;7;0;5
202400048081;155 697 134;7;2;0;1;14;1
202400048082;155 697 133;7;2;0;1;1;1
202400048083;155 697 131;7;2;0;1;1;1
202400048084;155 697 130;7;0;2;3;1;1
202400048084;155 697 137;7;0;2;8;1;1
202400048085;155 697 129;10;2;0;3;1;1
202400048086;155 697 126;1;0;0;0;1;5
202400048087;155 697 124;33;0;2;1;9;1
202400048087;155 697 127;7;0;2;3;1;1
202400048088;155 697 123;7;0;2;3;1;1
202400048088;155 697 128;7;0;2;2;15;1
202400048089;155 697 121;7;8;0;1;1;1
202400048090;155 697 120;7;1;0;9;1;1
202400048091;155 697 119;7;0;2;4;23;1
202400048091;155 697 125;13;0;2;0;0;1
202400048092;155 697 117;7;0;1;1;1;1
202400048093;155 697 115;7;0;0;6;1;0
202400048093;155 697 118;7;15;0;7;17;1
202400048093;155 697 122;7;0;0;3;13;1
202400048094;155 697 113;7;2;0;1;1;1
202400048095;155 697 112;7;0;2;4;2;1
202400048096;155 697 110;33;0;2;1;2;1
202400048096;155 697 114;7;0;2;6;2;1
202400048097;155 697 111;7;0;2;4;23;1
202400048097;155 697 116;7;0;2;1;1;1
202400048098;155 697 108;7;0;2;7;15;1
202400048098;155 697 109;33;0;2;1;26;1
202400048099;155 697 103;7;0;2;1;13;1
202400048099;155 697 107;7;0;2;1;1;1
202400048100;155 697 100;7;0;2;1;9;1
202400048100;155 697 105;50;0;2;7;1;3
202400048101;155 697 099;99;0;2;1;1;0
202400048101;155 697 104;7;0;2;2;16;1
202400048102;155 697 101;7;0;2;7;1;1
202400048102;155 697 106;2;0;2;1;1;1
202400048103;155 697 097;32;0;9;3;16;1
202400048103;155 697 098;10;0;2;3;0;1
202400048104;155 697 096;16;0;1;1;1;1
202400048105;155 697 091;17;0;2;4;1;1
202400048105;155 697 095;7;3;2;1;2;1
202400048106;155 697 089;1;0;2;8;0;5
202400048106;155 697 093;7;0;2;5;16;1
202400048107;155 697 088;10;0;2;2;1;1
202400048107;155 697 094;7;0;2;2;13;1
202400048108;155 697 090;7;0;2;3;21;1
202400048108;155 697 092;32;0;2;1;21;1
202400048109;155 697 087;10;0;1;2;1;1
202400048110;155 697 080;7;0;2;7;2;1
202400048110;155 697 083;7;0;0;4;0;1
202400048110;155 697 086;7;0;2;3;2;2
202400048111;155 697 078;7;0;9;1;1;1
202400048111;155 697 082;50;0;2;8;19;3
202400048112;155 697 076;33;0;2;7;17;1
202400048112;155 697 079;7;0;2;8;15;1
202400048113;155 697 077;7;0;2;1;1;1
202400048113;155 697 084;2;0;2;7;1;1
202400048114;155 697 074;7;0;2;1;17;1
202400048114;155 697 081;7;0;2;3;1;2
202400048115;155 697 073;7;0;2;6;2;1
202400048115;155 697 075;7;3;2;2;2;1
202400048116;155 697 072;10;0;1;3;14;1
202400048117;155 697 071;60;1;0;1;9;5
202400048118;155 697 069;7;8;0;3;0;1
202400048119;155 697 066;2;0;2;2;1;3
202400048119;155 697 070;30;0;2;1;0;0
202400048120;155 697 063;7;0;2;5;1;1
202400048120;155 697 067;7;0;2;2;2;1
202400048121;155 697 061;7;0;2;2;2;1
202400048121;155 697 065;7;0;2;1;17;1
202400048121;155 697 068;7;0;0;6;2;2
202400048122;155 697 058;33;0;2;8;13;1
202400048122;155 697 064;7;0;2;1;1;1
202400048123;155 697 057;7;0;2;1;2;1
202400048123;155 697 060;7;0;2;1;1;1
202400048123;155 697 062;7;0;2;4;2;1
202400048124;155 697 054;7;13;0;1;14;1
202400048125;155 697 055;7;0;2;1;10;0
202400048125;155 697 059;7;0;2;6;1;0
202400048126;155 697 053;1;0;2;1;18;5
202400048126;155 697 056;7;0;9;5;16;1
202400048127;155 697 049;2;0;0;0;0;1
202400048127;155 697 052;7;0;2;1;0;0
202400048128;155 697 047;21;0;0;6;23;1
202400048128;155 697 051;7;1;0;2;1;1
202400048129;155 697 046;33;0;2;1;17;1
202400048129;155 697 050;14;0;2;1;1;1
202400048130;155 697 043;32;0;2;1;3;1
202400048130;155 697 045;7;0;2;3;15;1
202400048131;155 697 044;7;0;0;5;15;2
202400048131;155 697 048;2;0;2;1;16;1
202400048132;155 697 040;2;0;2;1;13;1
202400048132;155 697 042;7;0;2;2;1;1
202400048133;155 697 041;38;6;0;1;14;1
202400048134;155 697 039;32;0;1;2;1;1
202400048135;155 697 035;2;0;0;0;0;3
202400048136;155 697 031;7;0;2;1;26;1
202400048136;155 697 036;43;0;2;7;2;1
202400048137;155 697 034;7;0;2;1;13;1
202400048137;155 697 037;17;0;2;3;1;1
202400048138;155 697 032;7;0;2;8;15;1
202400048138;155 697 038;7;0;2;1;1;1
202400048139;155 697 030;10;0;1;4;26;1
202400048140;155 697 033;7;0;1;2;16;1
202400048141;155 697 026;15;0;2;4;1;1
202400048141;155 697 028;7;3;2;1;14;1
202400048142;155 697 024;7;0;2;1;13;1
202400048142;155 697 029;7;0;2;1;1;1
202400048143;155 697 022;43;0;2;1;1;1
202400048143;155 697 025;7;0;2;2;1;1
202400048144;155 697 021;7;0;2;3;15;1
202400048144;155 697 027;33;0;2;8;21;1
202400048145;155 697 020;21;0;2;3;1;1
202400048145;155 697 023;2;0;2;1;13;1
202400048146;155 697 015;7;0;2;3;15;1
202400048146;155 697 017;31;0;2;3;1;1
202400048147;155 697 012;2;4;0;0;2;1
202400048148;155 697 013;7;0;0;4;23;1
202400048148;155 697 018;7;1;0;1;1;1
202400048149;155 697 019;7;0;1;2;1;1
202400048150;155 697 011;7;0;2;1;1;1
202400048150;155 697 014;50;0;2;1;5;3
202400048151;155 697 016;33;10;0;1;17;1
202400048152;155 697 006;7;0;2;1;19;1
202400048152;155 697 010;7;0;2;8;1;1
202400048153;155 697 004;7;0;2;2;17;1
202400048153;155 697 009;14;0;2;6;1;1
202400048154;155 697 002;7;0;9;2;1;1
202400048154;155 697 007;50;0;2;1;5;3
202400048155;155 697 003;7;0;2;3;13;1
202400048155;155 697 008;14;0;2;3;1;1
202400048156;155 697 001;7;0;2;3;15;1
202400048156;155 697 005;33;0;2;0;17;1
202400048157;155 696 998;7;0;2;1;17;1
202400048157;155 696 999;7;0;2;1;1;1
202400048158;155 696 995;33;2;0;1;1;1
202400048159;155 696 993;7;16;0;0;0;1
202400048160;155 696 994;33;0;2;1;1;1
202400048160;155 697 000;7;0;2;6;15;1
202400048161;155 696 991;33;0;2;1;1;1
202400048161;155 696 996;7;0;2;1;15;3
202400048162;155 696 990;7;0;2;0;17;1
202400048162;155 696 992;7;0;2;3;1;1
202400048162;155 696 997;7;0;2;1;1;1
202400048163;155 696 987;7;13;0;9;1;1
202400048164;155 696 983;7;0;0;4;23;1
202400048164;155 696 986;10;0;2;4;23;1
202400048164;155 696 989;7;0;2;3;2;3
202400048165;155 696 982;99;0;2;4;1;0
202400048165;155 696 985;1;0;2;1;1;5
202400048166;155 696 980;7;0;2;3;1;1
202400048166;155 696 988;7;2;2;1;13;1
202400048167;155 696 979;33;0;0;0;1;1
202400048168;155 696 981;7;0;2;3;15;1
202400048168;155 696 984;33;0;2;1;1;1
202400048169;155 696 978;7;2;0;1;14;1
202400048170;155 696 977;33;0;1;1;1;1
202400048171;155 696 976;7;8;0;1;14;1
202400048172;155 696 974;10;0;1;1;1;1
202400048173;155 696 975;33;2;0;0;26;0
202400048174;155 696 968;7;0;2;2;15;1
202400048174;155 696 972;7;0;2;1;1;1
202400048175;155 696 970;7;0;2;2;1;1
202400048175;155 696 971;1;0;2;4;15;5
202400048176;155 696 967;7;0;1;0;1;1
202400048177;155 696 964;1;0;2;8;19;5
202400048177;155 696 969;7;0;9;5;21;1
202400048178;155 696 962;33;0;0;0;13;1
202400048179;155 696 966;7;0;2;3;1;1
202400048179;155 696 973;7;15;2;2;1;1
202400048180;155 696 963;33;12;0;1;15;1
202400048181;155 696 961;33;0;2;2;17;1
202400048181;155 696 965;7;0;2;3;15;1
202400048182;155 696 960;1;0;0;0;26;5
202400048183;155 696 957;10;0;0;7;14;1
202400048184;155 696 956;10;0;1;3;1;1
202400048185;155 696 955;31;0;2;3;15;1
202400048185;155 696 959;7;0;2;1;1;1
202400048186;155 696 953;10;0;1;3;1;1
202400048187;155 696 954;7;0;2;2;1;1
202400048187;155 696 958;7;0;2;5;1;1
202400048188;155 696 952;7;13;0;1;10;1
202400048189;155 696 947;7;0;2;6;15;2
202400048189;155 696 951;33;0;2;1;1;1
202400048190;155 696 948;1;0;0;0;1;5
202400048191;155 696 945;7;0;1;1;1;1
202400048192;155 696 944;7;0;2;3;13;1
202400048192;155 696 949;15;0;2;8;1;1
202400048193;155 696 946;7;0;2;3;15;1
202400048193;155 696 950;32;0;2;1;1;1
202400048194;155 696 942;1;0;0;0;1;5
202400048194;155 696 943;7;0;0;0;1;0
202400048195;155 696 941;7;0;1;1;1;2
202400048196;155 696 938;7;0;2;7;26;2
202400048196;155 696 940;33;0;2;1;1;1
202400048197;155 696 939;7;6;0;1;1;1
202400048198;155 696 936;7;2;0;3;1;1
202400048199;155 696 935;7;0;2;1;1;1
202400048199;155 696 937;7;0;2;1;13;1
202400048200;155 696 932;7;6;0;1;1;1
202400048201;155 696 931;7;0;0;3;1;1
202400048201;155 696 934;7;4;2;9;17;1
202400048202;155 696 927;33;0;2;8;2;1
202400048202;155 696 930;16;0;2;7;2;1
202400048203;155 696 925;7;0;2;2;1;2
202400048203;155 696 933;7;0;2;2;13;1
202400048204;155 696 926;7;0;2;8;16;1
202400048204;155 696 928;1;0;2;8;1;5
202400048205;155 696 922;10;2;0;3;13;1
202400048206;155 696 921;7;2;0;3;1;1
202400048207;155 696 920;7;0;2;1;13;1
202400048208;155 696 919;7;0;2;3;1;1
202400048208;155 696 923;10;0;2;3;1;1
202400048209;155 696 917;7;6;0;1;0;1
202400048210;155 696 916;33;2;0;9;1;1
202400048211;155 696 914;7;12;0;1;1;1
202400048211;155 696 918;13;0;0;8;1;1
202400048212;155 696 913;17;0;2;8;2;6
202400048212;155 696 915;43;11;2;1;2;1
202400048213;155 696 910;33;13;0;9;21;1
202400048214;155 696 909;3;0;2;3;13;1
202400048214;155 696 912;33;0;2;1;1;1
202400048215;155 696 904;7;0;2;6;18;1
202400048215;155 696 908;7;0;2;9;2;1
202400048216;155 696 905;50;0;2;1;1;3
202400048216;155 696 911;7;0;2;7;1;1
202400048217;155 696 903;7;0;2;2;1;2
202400048217;155 696 906;7;0;0;3;23;1
202400048218;155 696 902;7;0;2;1;1;1
202400048218;155 696 907;7;0;2;2;19;2
202400048219;155 696 896;33;0;2;1;2;1
202400048219;155 696 900;7;0;2;3;10;1
202400048220;155 696 897;50;0;2;0;1;3
202400048220;155 696 899;7;0;2;7;15;1
202400048221;155 696 895;7;0;2;1;1;2
202400048221;155 696 901;17;0;2;4;1;1
202400048222;155 696 889;2;6;0;1;1;1
202400048223;155 696 887;7;0;2;7;1;1
202400048223;155 696 891;7;0;2;5;2;1
202400048223;155 696 894;10;0;2;3;2;1
202400048224;155 696 890;7;0;2;1;23;1
202400048224;155 696 893;7;0;2;3;15;1
202400048224;155 696 898;7;0;2;1;1;1
202400048225;155 696 886;7;0;2;7;17;1
202400048225;155 696 892;21;0;2;8;2;1
202400048226;155 696 885;2;0;0;9;1;1
202400048227;155 696 884;7;0;2;8;9;1
202400048227;155 696 888;50;0;2;7;1;3
202400048228;155 696 879;7;0;2;3;15;1
202400048228;155 696 881;2;13;2;2;17;1
202400048229;155 696 882;7;15;0;2;1;1
202400048230;155 696 878;7;6;0;3;13;1
202400048231;155 696 874;7;0;2;3;1;1
202400048231;155 696 877;7;0;2;3;1;1
202400048232;155 696 870;7;0;2;1;5;1
202400048232;155 696 875;7;0;2;1;1;1
202400048232;155 696 880;7;0;2;7;21;1
202400048233;155 696 872;7;7;0;1;1;1
202400048234;155 696 866;1;6;0;0;14;5
202400048235;155 696 865;33;0;2;0;16;0
202400048235;155 696 869;1;0;2;0;2;5
202400048235;155 696 876;7;0;2;3;0;0
202400048236;155 696 867;7;0;2;1;2;1
202400048236;155 696 871;33;0;2;2;14;1
202400048236;155 696 873;7;0;2;8;1;1
202400048236;155 696 883;7;0;2;4;1;1
202400048237;155 696 864;7;0;2;4;2;1
202400048237;155 696 868;33;0;2;1;2;1
202400048238;155 696 862;1;14;0;1;1;5
202400048239;155 696 861;7;0;2;7;19;1
202400048239;155 696 863;3;0;2;8;1;1
202400048240;155 696 859;7;0;1;2;1;1
202400048241;155 696 858;0;0;9;7;17;0
202400048241;155 696 860;1;0;2;8;2;5
202400048242;155 696 856;33;6;0;7;26;1
202400048243;155 696 854;7;0;9;1;15;1
202400048243;155 696 857;50;0;2;1;1;3
202400048244;155 696 853;7;0;2;5;9;1
202400048244;155 696 855;31;0;2;1;2;1
202400048245;155 696 848;7;0;2;1;15;1
202400048245;155 696 852;7;0;2;1;1;1
202400048246;155 696 847;7;0;0;1;0;1
202400048246;155 696 850;2;0;2;1;1;1
202400048247;155 696 849;7;0;9;1;15;1
202400048247;155 696 851;1;0;2;1;1;5
202400048248;155 696 846;3;1;0;2;2;1
202400048249;155 696 844;7;0;2;1;2;1
202400048249;155 696 845;7;3;2;4;1;1
202400048250;155 696 842;50;0;1;1;1;3
202400048251;155 696 840;7;2;0;1;1;1
202400048252;155 696 839;7;0;2;8;1;1
202400048252;155 696 843;43;0;2;1;13;1
202400048253;155 696 836;7;0;2;5;1;1
202400048253;155 696 838;31;0;2;8;1;1
202400048254;155 696 834;7;2;0;3;1;1
202400048255;155 696 833;7;4;0;3;1;1
202400048256;155 696 832;15;0;2;5;1;1
202400048256;155 696 835;7;0;2;2;9;1
202400048257;155 696 831;7;13;0;2;1;1
202400048258;155 696 829;7;0;2;6;1;1
202400048258;155 696 830;33;0;2;7;3;1
202400048259;155 696 824;7;0;2;5;2;1
202400048259;155 696 827;7;0;2;4;1;1
202400048259;155 696 828;7;0;0;0;0;1
202400048260;155 696 820;7;0;0;4;2;1
202400048260;155 696 826;7;0;2;1;2;1
202400048261;155 696 818;10;0;2;3;10;1
202400048261;155 696 823;30;0;2;1;1;1
202400048262;155 696 817;7;0;0;1;0;1
202400048262;155 696 822;7;0;2;1;0;1
202400048263;155 696 815;33;0;2;1;3;1
202400048263;155 696 819;7;0;2;7;0;1
202400048263;155 696 825;10;0;0;4;1;1
202400048264;155 696 814;10;0;2;4;0;1
202400048264;155 696 816;10;0;2;2;1;3
202400048264;155 696 821;10;0;2;4;1;1
202400048265;155 696 813;7;4;0;3;1;1
202400048266;155 696 810;7;5;0;3;1;1
202400048267;155 696 812;7;3;2;1;14;1
202400048268;155 696 808;7;0;1;1;21;1
202400048269;155 696 807;7;0;2;5;1;1
202400048269;155 696 811;32;0;2;1;1;1
202400048270;155 696 806;7;0;2;4;1;1
202400048270;155 696 809;7;0;2;1;2;1
202400048271;155 696 805;10;2;0;1;1;1
202400048272;155 696 803;33;0;2;2;3;1
202400048272;155 696 804;7;0;2;8;11;1
202400048273;155 696 802;10;4;0;3;1;1
202400048274;155 696 801;33;6;0;3;1;1
202400048275;155 696 797;10;0;9;1;13;1
202400048275;155 696 799;1;0;2;1;1;5
202400048276;155 696 795;7;0;2;1;2;1
202400048276;155 696 798;7;0;2;4;2;1
202400048276;155 696 800;7;0;2;4;2;1
202400048277;155 696 793;7;0;2;4;1;1
202400048277;155 696 796;7;0;2;1;2;1
202400048278;155 696 792;33;0;0;8;1;1
202400048279;155 696 791;7;0;2;4;2;1
202400048279;155 696 794;7;0;2;1;2;1
202400048280;155 696 790;2;0;0;2;15;1
202400048281;155 696 789;31;0;2;7;3;1
202400048282;155 696 786;7;0;2;3;11;1
202400048282;155 696 788;7;0;2;5;1;1
202400048283;155 696 784;7;4;1;1;17;2
202400048284;155 696 785;7;6;0;2;0;1
202400048285;155 696 783;7;0;0;2;1;1
202400048286;155 696 781;7;0;0;4;1;0
202400048286;155 696 787;7;0;2;1;1;0
202400048287;155 696 780;7;0;2;4;2;1
202400048287;155 696 782;32;0;2;1;2;1
202400048288;155 696 776;7;0;2;4;0;1
202400048288;155 696 779;7;0;2;1;2;1
202400048289;155 696 777;7;4;0;9;21;1
202400048290;155 696 773;33;0;2;1;1;1
202400048290;155 696 778;7;0;2;2;19;2
202400048291;155 696 768;33;0;2;7;1;1
202400048291;155 696 772;7;0;2;8;11;1
202400048292;155 696 766;33;6;2;8;17;1
202400048292;155 696 770;33;0;2;8;1;1
202400048293;155 696 765;7;0;2;1;2;1
202400048293;155 696 771;7;0;2;4;2;1
202400048293;155 696 774;7;0;2;4;2;1
202400048294;155 696 764;7;0;2;4;1;1
202400048294;155 696 769;7;0;2;1;2;1
202400048295;155 696 763;7;0;2;8;1;1
202400048295;155 696 767;2;0;2;2;9;1
202400048296;155 696 762;7;5;0;1;1;1
202400048297;155 696 761;7;14;0;1;13;1
202400048298;155 696 760;36;1;0;1;1;1
202400048299;155 696 758;32;0;2;1;2;1
202400048299;155 696 759;7;0;2;4;0;1
202400048300;155 696 756;7;2;0;1;1;1
202400048301;155 696 755;33;14;0;7;1;1
202400048302;155 696 753;7;3;2;2;2;1
202400048302;155 696 757;14;0;0;4;1;1
202400048303;155 696 750;33;0;0;1;21;1
202400048304;155 696 751;1;0;0;7;0;5
202400048304;155 696 754;7;0;0;1;1;1
202400048305;155 696 745;7;0;2;1;2;1
202400048305;155 696 748;10;0;2;4;2;1
202400048306;155 696 746;7;0;2;3;2;2
202400048306;155 696 749;7;0;2;2;2;1
202400048306;155 696 752;7;0;2;7;12;1
202400048307;155 696 744;7;17;2;3;1;1
202400048307;155 696 747;14;0;2;8;1;1
202400048308;155 696 741;34;0;0;7;23;1
202400048309;155 696 736;7;0;2;4;2;1
202400048309;155 696 739;7;0;2;1;2;1
202400048309;155 696 742;7;0;2;9;2;1
202400048309;155 696 743;7;0;2;4;2;2
202400048310;155 696 737;10;0;2;4;2;1
202400048310;155 696 740;7;0;2;1;2;1
202400048311;155 696 735;7;0;2;4;2;1
202400048311;155 696 738;7;0;2;1;0;1
202400048312;155 696 730;7;0;2;3;1;1
202400048312;155 696 733;2;0;2;1;13;1
202400048313;155 696 723;10;0;2;1;1;1
202400048313;155 696 728;7;0;2;4;1;1
202400048313;155 696 732;7;0;2;4;1;2
202400048314;155 696 725;7;0;2;2;12;1
202400048314;155 696 726;7;0;2;4;24;1
202400048315;155 696 722;7;0;2;2;2;1
202400048315;155 696 729;7;0;0;4;2;1
202400048315;155 696 734;7;0;0;4;13;1
202400048316;155 696 721;7;0;2;4;1;1
202400048316;155 696 724;7;0;2;1;1;1
202400048316;155 696 727;7;0;2;4;1;1
202400048316;155 696 731;7;0;2;4;1;1
202400048317;155 696 718;7;4;0;1;1;1
202400048318;155 696 717;1;0;2;4;1;5
202400048318;155 696 720;10;0;2;7;17;1
202400048319;155 696 716;7;3;0;2;1;1
202400048320;155 696 713;7;0;2;1;1;1
202400048320;155 696 719;1;0;2;1;5;5
202400048321;155 696 712;7;0;2;1;1;1
202400048321;155 696 715;17;0;2;4;2;1
202400048322;155 696 708;7;0;2;1;2;1
202400048322;155 696 710;7;0;2;4;2;1
202400048322;155 696 714;7;0;2;4;2;1
202400048323;155 696 707;10;0;2;4;12;1
202400048323;155 696 711;43;0;2;1;0;1
202400048324;155 696 704;37;1;0;1;20;1
202400048325;155 696 703;7;0;2;1;1;1
202400048325;155 696 706;34;0;2;7;13;1
202400048326;155 696 705;7;0;2;2;0;0
202400048326;155 696 709;7;0;2;2;15;1
202400048327;155 696 700;7;0;2;5;1;1
202400048327;155 696 702;32;0;2;1;3;1
202400048328;155 696 699;7;0;2;2;15;1
202400048328;155 696 701;33;0;2;1;1;1
202400048329;155 696 694;7;0;2;1;0;1
202400048329;155 696 697;33;0;2;1;1;1
202400048330;155 696 693;7;4;0;9;1;1
202400048331;155 696 691;2;0;2;7;1;1
202400048331;155 696 696;7;0;2;1;19;2
202400048332;155 696 690;7;0;2;0;0;1
202400048332;155 696 692;60;0;2;0;0;5
202400048333;155 696 685;7;0;2;3;15;1
202400048333;155 696 689;32;0;2;1;1;1
202400048334;155 696 683;17;0;2;8;2;1
202400048334;155 696 688;31;0;2;7;0;1
202400048335;155 696 682;7;0;2;1;1;1
202400048335;155 696 687;50;0;2;4;15;3
202400048336;155 696 680;7;0;2;6;1;1
202400048336;155 696 681;7;0;2;1;17;1
202400048336;155 696 686;33;0;2;1;1;1
202400048337;155 696 679;7;0;2;0;1;3
202400048337;155 696 684;7;0;2;0;0;1
202400048338;155 696 676;7;0;2;3;13;2
202400048338;155 696 678;7;0;2;3;1;1
202400048339;155 696 673;7;2;0;1;1;1
202400048340;155 696 675;33;0;2;7;3;1
202400048340;155 696 677;7;0;2;3;11;1
202400048341;155 696 672;7;13;2;7;1;1
202400048341;155 696 674;7;0;2;1;1;1
202400048342;155 696 668;7;0;2;3;13;1
202400048342;155 696 670;15;0;2;3;1;1
202400048343;155 696 667;7;0;0;4;0;1
202400048343;155 696 669;33;0;2;1;0;1
202400048344;155 696 665;50;0;2;0;0;3
202400048344;155 696 671;7;0;2;8;1;1
202400048345;155 696 661;7;0;1;1;16;1
202400048346;155 696 660;7;0;1;1;1;1
202400048347;155 696 659;7;0;2;1;0;1
202400048347;155 696 663;7;0;2;4;0;1
202400048348;155 696 658;7;0;2;3;1;1
202400048348;155 696 664;50;0;2;7;19;3
202400048349;155 696 657;7;0;2;3;1;1
202400048349;155 696 662;7;0;2;2;13;1
202400048350;155 696 653;7;0;1;0;0;1
202400048351;155 696 652;2;0;2;0;7;1
202400048351;155 696 656;7;0;2;0;1;1
202400048352;155 696 651;50;0;2;7;12;3
202400048352;155 696 655;10;0;2;1;1;1
202400048353;155 696 648;15;0;2;6;24;1
202400048353;155 696 650;7;1;2;2;14;1
202400048353;155 696 654;7;0;0;1;1;1
202400048354;155 696 647;7;0;2;7;16;1
202400048354;155 696 649;1;0;2;8;1;5
202400048355;155 696 643;33;0;2;1;1;1
202400048355;155 696 646;7;0;2;7;1;1
202400048356;155 696 641;7;0;2;8;10;1
202400048356;155 696 645;33;0;2;1;1;1
202400048357;155 696 640;7;6;2;7;15;1
202400048357;155 696 644;1;0;2;1;1;5
202400048358;155 696 639;2;12;0;1;26;1
202400048359;155 696 635;1;0;2;0;0;5
202400048359;155 696 637;7;0;2;0;0;1
202400048360;155 696 634;7;0;9;3;13;1