Num_Acc;id_vehicule;categorie_vehicule;obstacle_fixe;obstacle_mobile;point_choc_initial;manoeuvre_principale;motorisation
202400048360;155 696 636;31;0;2;7;1;0
202400048361;155 696 633;10;0;2;2;21;1
202400048361;155 696 638;7;0;2;3;13;1
202400048361;155 696 642;10;0;2;8;21;1
202400048362;155 696 631;33;0;2;1;1;1
202400048362;155 696 632;2;0;2;1;19;1
202400048363;155 696 627;7;9;2;1;1;1
202400048363;155 696 630;7;0;2;2;0;2
202400048364;155 696 628;7;0;1;3;15;1
202400048365;155 696 626;7;0;2;3;1;1
202400048365;155 696 629;43;0;2;7;3;1
202400048366;155 696 625;7;2;0;1;21;1
202400048367;155 696 622;7;0;2;2;1;1
202400048367;155 696 624;34;0;2;1;17;1
202400048368;155 696 618;7;0;2;3;1;1
202400048368;155 696 621;7;0;2;2;9;1
202400048369;155 696 614;13;0;2;2;2;1
202400048369;155 696 616;7;0;2;3;13;1
202400048370;155 696 613;80;0;2;1;1;5
202400048370;155 696 617;10;0;9;1;1;1
202400048371;155 696 609;7;0;2;2;1;1
202400048371;155 696 611;7;0;2;5;1;1
202400048372;155 696 610;7;0;2;3;14;1
202400048372;155 696 612;7;0;2;5;1;1
202400048372;155 696 615;7;0;2;1;1;3
202400048373;155 696 608;7;3;0;9;0;1
202400048374;155 696 606;7;0;2;3;1;1
202400048374;155 696 607;7;0;2;3;13;1
202400048375;155 696 604;33;4;0;0;1;1
202400048376;155 696 601;7;0;1;1;1;1
202400048376;155 696 602;10;0;1;1;1;0
202400048377;155 696 600;7;0;2;4;26;1
202400048377;155 696 603;7;0;2;1;2;1
202400048378;155 696 595;7;8;0;2;14;1
202400048379;155 696 596;33;0;2;3;1;1
202400048379;155 696 598;7;0;2;7;12;1
202400048380;155 696 594;10;0;2;1;26;1
202400048380;155 696 599;0;0;2;7;0;0
202400048381;155 696 593;7;0;0;0;1;1
202400048381;155 696 597;33;3;0;1;21;1
202400048382;155 696 591;10;0;1;2;1;0
202400048383;155 696 585;7;0;2;7;16;1
202400048383;155 696 589;1;0;2;8;1;5
202400048384;155 696 583;7;0;2;4;2;1
202400048384;155 696 587;7;0;2;1;2;1
202400048384;155 696 590;7;0;2;4;2;1
202400048384;155 696 592;10;0;2;4;2;1
202400048385;155 696 582;7;4;2;4;2;1
202400048385;155 696 584;7;4;2;4;2;1
202400048385;155 696 586;7;4;2;1;2;1
202400048385;155 696 588;7;4;2;8;2;1
202400048386;155 696 581;7;0;1;1;2;2
202400048387;155 696 577;7;0;2;4;2;1
202400048387;155 696 580;7;0;2;1;2;1
202400048388;155 696 576;10;4;2;3;13;1
202400048388;155 696 579;32;4;2;7;14;1
202400048389;155 696 575;7;0;2;2;1;1
202400048389;155 696 578;7;0;2;3;1;1
202400048390;155 696 573;7;0;2;2;1;0
202400048390;155 696 574;50;0;2;8;19;3
202400048391;155 696 570;7;0;2;5;12;2
202400048391;155 696 571;31;0;2;1;3;1
202400048392;155 696 569;7;0;2;0;0;1
202400048392;155 696 572;50;0;2;1;1;3
202400048393;155 696 565;7;0;2;2;16;1
202400048393;155 696 568;1;0;2;7;9;5
202400048394;155 696 564;32;0;2;1;0;1
202400048394;155 696 567;7;0;2;3;0;1
202400048395;155 696 563;7;0;2;1;1;1
202400048395;155 696 566;7;0;2;4;1;1
202400048396;155 696 562;7;0;1;1;1;1
202400048397;155 696 560;33;3;2;1;3;1
202400048397;155 696 561;15;0;2;6;1;1
202400048398;155 696 559;7;0;1;1;1;1
202400048399;155 696 558;7;4;0;2;14;1
202400048400;155 696 554;7;0;2;5;2;2
202400048400;155 696 555;7;0;2;4;2;1
202400048400;155 696 557;7;0;2;1;2;1
202400048401;155 696 553;7;0;1;1;0;1
202400048402;155 696 551;7;0;2;1;1;1
202400048402;155 696 552;7;0;2;8;1;1
202400048402;155 696 556;7;0;2;6;16;2
202400048403;155 696 548;33;0;2;1;0;1
202400048403;155 696 550;43;0;0;1;1;1
202400048404;155 696 546;2;0;2;3;1;1
202400048404;155 696 549;7;0;2;3;15;1
202400048405;155 696 545;7;0;2;0;0;0
202400048405;155 696 547;34;0;2;0;0;1
202400048406;155 696 540;3;0;2;3;1;1
202400048406;155 696 544;7;0;0;3;1;1
202400048407;155 696 539;1;0;2;8;1;5
202400048407;155 696 541;37;0;2;2;1;1
202400048408;155 696 538;33;0;0;8;1;1
202400048409;155 696 534;33;0;2;1;0;1
202400048409;155 696 536;7;0;2;7;15;1
202400048410;155 696 531;7;0;2;1;1;1
202400048410;155 696 535;7;0;2;7;15;1
202400048411;155 696 530;33;0;2;1;1;0
202400048411;155 696 532;7;0;2;1;13;1
202400048412;155 696 527;7;0;2;2;17;1
202400048412;155 696 528;50;0;2;3;1;3
202400048413;155 696 526;7;12;0;2;3;1
202400048414;155 696 522;7;0;2;4;2;1
202400048414;155 696 524;7;0;2;1;2;2
202400048415;155 696 521;33;0;2;1;1;1
202400048415;155 696 523;7;0;2;1;15;2
202400048416;155 696 520;7;0;9;2;9;1
202400048416;155 696 525;1;0;2;0;0;5
202400048417;155 696 519;50;0;1;0;16;3
202400048418;155 696 514;7;0;2;1;15;1
202400048418;155 696 515;7;0;2;8;1;0
202400048419;155 696 511;7;0;2;1;15;1
202400048419;155 696 516;50;0;2;1;1;3
202400048420;155 696 509;7;0;2;8;16;1
202400048420;155 696 512;2;0;2;2;1;1
202400048421;155 696 508;10;13;0;1;1;1
202400048422;155 696 506;50;0;2;1;19;3
202400048422;155 696 507;7;0;2;6;2;1
202400048423;155 696 505;7;8;0;1;13;1
202400048424;155 696 504;7;0;0;1;2;1
202400048425;155 696 503;10;2;0;3;1;1
202400048426;155 696 500;7;0;1;1;13;1
202400048427;155 696 499;2;0;2;6;16;1
202400048427;155 696 502;7;0;2;1;1;2
202400048428;155 696 498;7;0;2;3;15;1
202400048428;155 696 501;2;0;2;7;17;1
202400048429;155 696 497;10;3;0;2;26;1
202400048430;155 696 496;7;0;1;1;1;1
202400048431;155 696 493;33;0;2;1;1;1
202400048431;155 696 495;7;0;2;8;19;1
202400048432;155 696 492;7;1;0;6;24;1
202400048432;155 696 494;1;0;0;0;0;5
202400048433;155 696 490;7;0;2;1;1;1
202400048433;155 696 491;7;0;2;8;19;2
202400048434;155 696 488;30;0;2;1;2;1
202400048434;155 696 489;7;0;2;4;2;1
202400048435;155 696 484;7;0;2;4;2;1
202400048435;155 696 486;7;0;2;1;2;1
202400048436;155 696 483;7;0;1;1;26;1
202400048437;155 696 482;3;0;2;1;2;3
202400048437;155 696 485;7;0;2;4;23;1
202400048437;155 696 487;7;0;2;4;23;1
202400048438;155 696 480;7;0;2;3;15;1
202400048438;155 696 481;32;0;2;3;1;1
202400048439;155 696 477;10;0;2;1;26;1
202400048439;155 696 479;50;0;2;1;26;3
202400048440;155 696 476;7;0;2;1;5;1
202400048440;155 696 478;7;0;2;1;1;1
202400048441;155 696 473;7;0;2;1;0;1
202400048441;155 696 475;7;0;2;1;0;1
202400048442;155 696 472;1;0;2;0;0;5
202400048442;155 696 474;10;0;2;0;0;1
202400048443;155 696 470;7;0;2;7;15;0
202400048443;155 696 471;32;0;2;1;9;1
202400048444;155 696 468;7;0;1;1;15;1
202400048445;155 696 467;50;0;2;7;2;3
202400048445;155 696 469;0;0;2;5;16;6
202400048446;155 696 465;7;0;1;2;14;1
202400048447;155 696 464;7;0;2;3;9;1
202400048447;155 696 466;50;0;2;1;1;3
202400048448;155 696 460;7;0;2;1;1;1
202400048448;155 696 463;7;0;2;3;1;1
202400048449;155 696 459;10;0;2;2;2;1
202400048449;155 696 462;50;0;2;4;2;3
202400048450;155 696 458;7;0;0;6;15;1
202400048450;155 696 461;33;0;2;1;17;1
202400048451;155 696 453;7;0;2;3;16;1
202400048451;155 696 457;10;0;2;2;1;1
202400048452;155 696 452;7;0;2;1;1;2
202400048452;155 696 455;50;0;2;7;26;3
202400048453;155 696 451;7;0;2;8;1;1
202400048453;155 696 454;7;0;2;1;9;1
202400048453;155 696 456;7;0;2;2;23;1
202400048454;155 696 448;7;0;1;1;1;1
202400048455;155 696 446;7;0;1;1;9;1
202400048456;155 696 445;7;0;2;4;23;1
202400048456;155 696 447;10;0;2;1;2;1
202400048456;155 696 449;7;0;2;4;23;1
202400048456;155 696 450;7;0;2;4;23;1
202400048457;155 696 442;2;8;2;1;1;1
202400048457;155 696 444;7;0;2;3;15;1
202400048458;155 696 441;33;0;2;1;1;1
202400048458;155 696 443;7;2;0;6;15;1
202400048459;155 696 440;7;0;1;1;15;1
202400048460;155 696 439;7;4;0;1;1;1
202400048461;155 696 437;3;0;1;1;1;1
202400048462;155 696 436;7;3;0;1;1;1
202400048463;155 696 435;50;0;2;8;1;3
202400048463;155 696 438;7;0;2;2;1;1
202400048464;155 696 434;33;13;0;1;1;1
202400048465;155 696 429;7;0;2;7;15;1
202400048465;155 696 431;33;0;2;1;1;1
202400048466;155 696 430;33;0;2;1;3;1
202400048466;155 696 433;38;0;2;3;15;1
202400048467;155 696 428;7;0;2;7;1;1
202400048467;155 696 432;7;0;2;3;1;1
202400048468;155 696 424;7;0;2;1;1;2
202400048468;155 696 425;7;0;2;4;1;1
202400048468;155 696 427;7;0;2;4;1;1
202400048469;155 696 422;7;0;9;3;9;1
202400048469;155 696 426;50;0;2;2;1;3
202400048470;155 696 421;7;0;2;6;1;1
202400048470;155 696 423;7;0;2;6;13;3
202400048471;155 696 420;7;6;0;1;13;1
202400048472;155 696 418;7;0;1;2;16;3
202400048473;155 696 417;33;0;0;3;21;1
202400048473;155 696 419;7;0;0;0;9;1
202400048474;155 696 415;50;0;2;3;1;3
202400048474;155 696 416;7;0;2;1;1;1
202400048475;155 696 414;13;2;0;1;16;1
202400048476;155 696 413;7;0;1;3;1;1
202400048477;155 696 410;7;0;2;3;13;1
202400048477;155 696 412;7;0;2;3;1;1
202400048478;155 696 408;7;0;2;5;18;1
202400048478;155 696 411;33;0;2;1;1;1
202400048479;155 696 407;7;0;9;3;1;1
202400048479;155 696 409;1;0;2;3;19;5
202400048480;155 696 404;7;0;2;4;2;1
202400048480;155 696 406;7;0;2;2;26;1
202400048481;155 696 402;7;2;0;1;19;1
202400048482;155 696 403;10;0;2;8;16;1
202400048482;155 696 405;7;0;2;1;1;1
202400048483;155 696 397;7;0;2;6;1;1
202400048483;155 696 400;31;0;2;0;1;1
202400048483;155 696 401;14;0;2;1;1;1
202400048484;155 696 395;7;0;2;1;9;1
202400048484;155 696 398;33;0;2;7;1;1
202400048485;155 696 393;31;0;2;3;18;1
202400048485;155 696 394;10;0;2;2;16;1
202400048486;155 696 391;7;0;2;1;17;1
202400048486;155 696 392;1;0;2;1;1;5
202400048487;155 696 390;7;0;1;2;16;1
202400048488;155 696 388;7;0;2;4;2;
202400048488;155 696 389;7;0;2;1;2;
202400048489;155 696 387;7;0;0;1;14;1
202400048490;155 696 385;80;0;2;1;17;3
202400048490;155 696 386;7;0;2;8;15;2
202400048491;155 696 384;7;0;1;1;16;1
202400048492;155 696 382;7;1;1;3;13;1
202400048493;155 696 381;7;3;0;1;12;1
202400048493;155 696 383;2;0;2;1;1;3
202400048494;155 696 377;7;0;2;1;1;1
202400048494;155 696 379;7;0;0;0;0;1
202400048495;155 696 373;7;0;2;3;2;1
202400048495;155 696 374;32;0;2;2;17;1
202400048496;155 696 372;7;0;2;1;1;1
202400048496;155 696 375;7;0;2;3;1;1
202400048497;155 696 369;33;0;2;1;1;0
202400048497;155 696 371;7;0;2;1;0;1
202400048498;155 696 368;7;0;2;1;1;1
202400048498;155 696 370;1;0;2;8;19;5
202400048499;155 696 366;7;0;1;1;1;1
202400048500;155 696 365;30;0;2;1;1;1
202400048500;155 696 367;7;0;2;3;15;1
202400048501;155 696 363;31;0;1;1;1;3
202400048502;155 696 362;7;1;0;1;9;1
202400048502;155 696 364;7;0;0;4;23;1
202400048503;155 696 361;2;0;1;3;1;1
202400048504;155 696 360;7;9;0;1;15;1
202400048505;155 696 358;1;0;2;4;15;5
202400048505;155 696 359;10;0;2;3;15;3
202400048506;155 696 357;7;0;1;7;1;1
202400048507;155 696 353;7;0;2;1;17;1
202400048507;155 696 355;10;0;2;8;1;1
202400048508;155 696 352;7;0;2;4;2;2
202400048508;155 696 354;7;0;2;4;2;1
202400048508;155 696 356;7;0;2;1;2;0
202400048509;155 696 350;7;0;2;1;2;3
202400048509;155 696 351;7;0;2;4;2;1
202400048510;155 696 349;30;9;0;1;14;3
202400048511;155 696 347;30;0;0;0;10;3
202400048512;155 696 346;7;0;2;3;9;1
202400048512;155 696 348;1;0;2;5;19;5
202400048513;155 696 343;1;0;2;4;1;5
202400048513;155 696 345;7;0;2;1;9;1
202400048514;155 696 342;7;0;2;1;1;1
202400048514;155 696 344;7;0;2;4;2;1
202400048515;155 696 339;7;0;2;2;15;2
202400048515;155 696 341;30;0;2;1;26;1
202400048516;155 696 338;7;0;2;7;14;1
202400048516;155 696 340;80;0;2;8;1;3
202400048517;155 696 337;7;8;0;1;14;1
202400048518;155 696 336;80;14;0;1;1;3
202400048519;155 696 334;1;0;2;1;0;5
202400048519;155 696 335;7;0;2;8;0;1
202400048520;155 696 332;80;0;2;2;15;3
202400048520;155 696 333;80;0;2;2;1;3
202400048521;155 696 329;33;0;0;1;1;1
202400048522;155 696 330;50;0;2;0;0;3
202400048522;155 696 331;7;0;2;1;16;1
202400048523;155 696 327;50;0;1;1;1;3
202400048524;155 696 326;7;0;1;1;1;1
202400048525;155 696 324;7;0;2;8;19;1
202400048525;155 696 325;7;0;2;1;26;2
202400048526;155 696 320;7;0;2;1;1;1
202400048526;155 696 321;7;0;2;1;1;1
202400048526;155 696 323;10;0;2;4;1;1
202400048527;155 696 319;7;0;2;7;17;1
202400048527;155 696 322;10;0;2;0;11;3
202400048528;155 696 315;7;0;2;0;0;0
202400048528;155 696 316;3;0;2;1;0;1
202400048529;155 696 312;10;0;2;7;15;1
202400048529;155 696 314;32;0;2;1;1;1
202400048530;155 696 311;10;0;2;1;16;1
202400048530;155 696 313;50;0;2;1;1;3
202400048531;155 696 308;7;0;2;5;17;1
202400048531;155 696 309;1;0;2;8;15;5
202400048532;155 696 307;7;0;2;3;1;1
202400048532;155 696 310;7;0;2;2;15;1
202400048533;155 696 305;1;0;2;3;1;5
202400048533;155 696 306;0;0;2;0;0;0
202400048534;155 696 302;17;0;2;1;2;1
202400048534;155 696 303;7;0;2;4;2;1
202400048534;155 696 304;7;0;2;4;23;1
202400048535;155 696 301;7;0;1;1;1;2
202400048536;155 696 299;7;0;2;8;24;1
202400048536;155 696 300;1;0;2;1;1;5
202400048537;155 696 297;50;0;2;1;1;3
202400048537;155 696 298;7;0;2;5;4;0
202400048538;155 696 295;7;0;2;4;1;1
202400048538;155 696 296;31;0;2;7;2;1
202400048539;155 696 291;7;2;1;1;1;2
202400048540;155 696 292;43;0;2;2;23;1
202400048540;155 696 293;7;0;2;3;23;1
202400048540;155 696 294;32;0;2;3;3;1
202400048541;155 696 289;7;0;2;1;26;1
202400048541;155 696 290;1;0;2;1;23;5
202400048542;155 696 287;7;0;2;7;15;1
202400048542;155 696 288;43;0;2;3;0;1
202400048543;155 696 285;30;0;2;1;1;3
202400048543;155 696 286;7;0;2;2;23;1
202400048544;155 696 283;7;0;2;3;15;1
202400048544;155 696 284;33;0;2;8;1;1
202400048545;155 696 282;32;0;1;3;3;1
202400048546;155 696 281;34;0;1;1;1;1
202400048547;155 696 278;7;0;2;3;15;1
202400048547;155 696 280;32;0;2;3;1;1
202400048548;155 696 277;33;0;2;4;1;1
202400048548;155 696 279;0;0;2;0;0;0
202400048549;155 696 276;33;0;0;1;1;1
202400048550;155 696 273;1;0;2;8;1;5
202400048550;155 696 274;33;0;2;1;1;1
202400048551;155 696 272;7;0;2;3;13;1
202400048551;155 696 275;7;0;2;3;1;1
202400048552;155 696 270;80;0;2;3;11;3
202400048552;155 696 271;31;0;9;3;1;0
202400048553;155 696 269;10;0;1;3;2;1
202400048554;155 696 267;7;2;0;1;0;1
202400048555;155 696 266;7;0;2;1;13;1
202400048555;155 696 268;15;0;2;1;1;1
202400048556;155 696 263;10;0;9;5;12;1
202400048556;155 696 265;50;0;2;1;3;3
202400048557;155 696 262;7;0;2;8;16;1
202400048557;155 696 264;7;0;2;7;1;1
202400048558;155 696 260;7;0;2;1;2;1
202400048558;155 696 261;31;0;2;4;1;1
202400048559;155 696 259;7;3;0;2;1;1
202400048560;155 696 257;7;0;2;3;1;1
202400048560;155 696 258;7;0;2;1;1;1
202400048561;155 696 256;7;0;1;2;15;1
202400048562;155 696 255;33;0;1;0;1;1
202400048563;155 696 253;10;0;0;3;22;1
202400048563;155 696 254;1;0;0;7;21;5
202400048564;155 696 250;14;0;2;0;0;0
202400048564;155 696 251;15;0;2;0;13;1
202400048564;155 696 252;14;0;2;0;24;1
202400048565;155 696 249;7;0;1;2;0;1
202400048566;155 696 247;7;0;2;3;9;1
202400048566;155 696 248;2;0;2;2;0;3
202400048567;155 696 245;7;0;2;6;11;1
202400048567;155 696 246;31;0;2;1;1;1
202400048568;155 696 243;7;0;2;1;17;1
202400048568;155 696 244;7;0;2;1;1;1
202400048569;155 696 241;7;0;2;1;1;1
202400048569;155 696 242;7;0;2;1;13;1
202400048570;155 696 240;33;3;0;1;1;1
202400048571;155 696 239;7;0;1;1;1;1
202400048572;155 696 237;1;0;2;1;2;5
202400048572;155 696 238;21;0;0;4;2;1
202400048573;155 696 234;10;0;2;3;17;1
202400048573;155 696 235;14;13;2;3;1;1
202400048573;155 696 236;10;0;2;8;1;1
202400048574;155 696 233;7;3;0;3;2;1
202400048575;155 696 232;7;0;0;1;1;1
202400048576;155 696 231;7;0;1;3;1;1
202400048577;155 696 230;10;2;0;1;14;1
202400048578;155 696 229;33;0;0;0;1;1
202400048579;155 696 228;7;10;0;1;14;1
202400048580;155 696 226;7;0;2;5;23;1
202400048580;155 696 227;7;0;2;3;2;1
202400048581;155 696 225;7;13;0;9;1;1
202400048582;155 696 224;7;8;0;3;1;1
202400048583;155 696 223;10;0;0;2;1;1
202400048584;155 696 222;7;0;0;0;1;0
202400048585;155 696 221;7;8;0;1;0;1
202400048586;155 696 220;7;13;0;2;0;1
202400048587;155 696 218;7;0;2;2;1;1
202400048587;155 696 219;7;0;2;2;19;1
202400048588;155 696 217;32;0;0;0;2;1
202400048589;155 696 215;7;0;1;2;1;1
202400048590;155 696 212;3;0;2;4;2;1
202400048590;155 696 213;1;0;2;4;2;5
202400048590;155 696 214;7;0;2;1;1;1
202400048591;155 696 210;7;0;2;3;15;1
202400048591;155 696 211;33;8;2;9;17;1
202400048592;155 696 208;7;0;0;2;15;1
202400048592;155 696 209;2;0;2;1;1;1
202400048593;155 696 206;7;0;2;1;5;1
202400048593;155 696 207;7;0;2;1;1;1
202400048594;155 696 204;7;0;2;1;1;1
202400048594;155 696 205;7;0;2;1;9;1
202400048595;155 696 202;7;0;2;3;13;1
202400048595;155 696 203;7;0;2;3;1;1
202400048596;155 696 200;33;1;0;1;1;1
202400048596;155 696 201;7;0;2;4;24;1
202400048597;155 696 199;10;0;1;2;21;1
202400048598;155 696 197;50;0;2;4;1;3
202400048598;155 696 198;7;0;9;1;1;1
202400048599;155 696 195;7;0;2;1;2;1
202400048599;155 696 196;1;0;2;4;2;5
202400048600;155 696 191;7;0;2;4;1;1
202400048600;155 696 192;7;0;2;1;1;1
202400048600;155 696 193;7;0;2;4;1;1
202400048601;155 696 190;10;4;0;3;21;1
202400048602;155 696 188;10;0;2;4;2;1
202400048602;155 696 189;10;0;2;1;2;1
202400048603;155 696 186;30;7;0;1;26;1
202400048604;155 696 185;7;0;2;1;1;1
202400048604;155 696 187;7;0;2;4;1;1
202400048605;155 696 184;7;16;0;9;1;1
202400048606;155 696 182;33;12;0;0;17;1
202400048607;155 696 181;7;0;2;3;2;1
202400048607;155 696 183;7;0;2;5;2;1
202400048608;155 696 179;37;0;1;1;15;3
202400048609;155 696 177;7;4;2;4;23;1
202400048609;155 696 178;7;0;2;1;2;1
202400048609;155 696 180;7;0;2;3;1;2
202400048610;155 696 175;7;0;2;1;9;1
202400048610;155 696 176;7;0;2;7;26;1
202400048611;155 696 173;10;0;2;3;14;1
202400048611;155 696 174;7;0;2;5;1;3
202400048612;155 696 171;7;0;2;7;15;1
202400048612;155 696 172;33;0;2;1;2;1
202400048613;155 696 168;7;4;2;2;1;1
202400048613;155 696 170;10;4;2;4;0;2
202400048614;155 696 167;7;0;2;1;1;1
202400048614;155 696 169;37;0;2;1;15;1
202400048615;155 696 163;10;0;2;1;0;1
202400048615;155 696 165;7;0;2;4;2;1
202400048616;155 696 162;7;1;0;1;11;1
202400048616;155 696 164;7;0;2;5;1;1
202400048616;155 696 166;7;0;2;4;23;1
202400048617;155 696 158;7;0;2;4;2;2
202400048617;155 696 160;33;0;2;2;2;1
202400048618;155 696 157;7;0;2;4;2;1
202400048618;155 696 159;10;0;2;4;2;1
202400048618;155 696 161;7;0;2;1;2;1
202400048619;155 696 156;33;0;1;1;26;1
202400048620;155 696 153;80;0;2;1;1;3
202400048620;155 696 154;80;0;2;1;1;3
202400048621;155 696 152;10;0;2;1;1;1
202400048621;155 696 155;38;0;2;7;1;1
202400048622;155 696 150;31;0;1;6;1;3
202400048623;155 696 149;7;0;2;6;15;1
202400048623;155 696 151;37;0;2;2;1;1
202400048624;155 696 148;1;8;0;0;1;5
202400048625;155 696 145;7;0;2;8;19;1
202400048625;155 696 147;31;0;2;1;1;1
202400048626;155 696 144;1;0;2;1;1;5
202400048626;155 696 146;50;0;2;2;5;3
202400048627;155 696 141;2;0;2;7;25;1
202400048627;155 696 143;80;0;2;1;1;3
202400048628;155 696 140;7;0;2;1;1;1
202400048628;155 696 142;10;0;2;7;15;1
202400048629;155 696 137;7;3;0;1;9;1
202400048630;155 696 138;33;0;2;2;1;1
202400048630;155 696 139;10;0;2;3;11;1
202400048631;155 696 136;1;4;0;1;1;5
202400048632;155 696 134;7;0;2;2;15;1
202400048632;155 696 135;2;0;2;1;1;3
202400048633;155 696 133;7;0;1;1;1;1
202400048634;155 696 131;10;0;2;1;15;1
202400048634;155 696 132;30;0;2;1;1;1
202400048635;155 696 126;7;0;2;3;1;1
202400048635;155 696 127;50;0;2;1;1;3
202400048636;155 696 128;10;0;2;1;1;1
202400048636;155 696 130;7;0;2;4;23;1
202400048637;155 696 125;7;0;2;1;17;0
202400048637;155 696 129;7;0;0;4;1;1
202400048638;155 696 122;37;0;2;1;26;0
202400048638;155 696 124;7;0;2;2;26;1
202400048639;155 696 119;33;0;2;1;1;1
202400048639;155 696 121;7;0;2;1;9;1
202400048640;155 696 120;1;0;2;1;1;5
202400048640;155 696 123;7;0;0;6;1;1
202400048641;155 696 118;32;1;0;3;18;1
202400048642;155 696 115;7;0;2;1;13;1
202400048642;155 696 117;7;0;2;1;1;1
202400048643;155 696 116;7;2;0;0;14;1
202400048644;155 696 113;33;0;2;4;11;1
202400048644;155 696 114;16;0;2;2;12;1
202400048645;155 696 112;7;0;1;7;1;1
202400048646;155 696 111;2;2;0;1;14;1
202400048647;155 696 109;7;0;2;1;1;1
202400048647;155 696 110;7;0;2;1;13;1
202400048648;155 696 107;7;0;2;0;0;1
202400048648;155 696 108;7;0;2;4;0;1
202400048649;155 696 106;33;8;0;1;14;1
202400048650;155 696 103;30;0;0;0;26;1
202400048651;155 696 104;32;0;2;3;21;1
202400048651;155 696 105;50;0;2;3;1;3
202400048652;155 696 102;3;2;0;1;1;1
202400048653;155 696 099;33;0;2;8;26;1
202400048653;155 696 101;37;0;2;1;15;1
202400048654;155 696 097;34;0;2;1;9;1
202400048654;155 696 100;7;0;2;1;5;1
202400048655;155 696 096;30;0;0;0;1;1
202400048656;155 696 094;7;12;0;4;1;1
202400048656;155 696 098;7;11;2;1;1;1
202400048657;155 696 092;7;0;2;4;2;1
202400048657;155 696 095;7;0;2;1;2;1
202400048658;155 696 091;7;0;2;3;1;1
202400048658;155 696 093;1;0;2;1;1;5
202400048659;155 696 089;7;14;0;1;0;1
202400048660;155 696 087;31;0;2;3;1;1
202400048660;155 696 090;7;0;2;3;15;1
202400048661;155 696 086;7;0;2;7;1;1
202400048661;155 696 088;7;0;2;1;15;0
202400048662;155 696 084;7;0;2;3;10;1
202400048662;155 696 085;33;0;2;8;1;1
202400048663;155 696 082;30;0;2;4;23;1
202400048663;155 696 083;7;0;2;3;17;1
202400048664;155 696 081;7;0;0;0;1;1
202400048665;155 696 080;50;14;0;1;1;3
202400048666;155 696 078;7;0;2;4;2;1
202400048666;155 696 079;30;0;2;1;2;1
202400048667;155 696 076;7;0;1;0;0;0
202400048668;155 696 074;7;0;2;3;15;1
202400048668;155 696 077;33;0;2;0;0;1
202400048669;155 696 075;10;2;0;1;1;1
202400048670;155 696 071;10;0;2;1;16;1
202400048670;155 696 073;50;0;2;7;26;3
202400048671;155 696 070;7;0;2;7;19;0
202400048671;155 696 072;7;0;2;1;1;0
202400048672;155 696 067;7;0;2;5;1;1
202400048672;155 696 068;7;0;2;5;1;1
202400048672;155 696 069;7;0;2;8;11;1
202400048673;155 696 064;32;0;2;1;26;1
202400048673;155 696 066;7;0;2;2;15;1
202400048674;155 696 063;7;0;2;1;1;1
202400048674;155 696 065;60;0;2;8;19;5
202400048675;155 696 062;7;4;0;3;2;1
202400048676;155 696 057;7;1;0;1;1;1
202400048676;155 696 059;7;1;0;0;0;1
202400048676;155 696 061;7;1;0;0;0;1
202400048677;155 696 058;7;0;2;2;15;1
202400048677;155 696 060;1;0;2;1;1;5
202400048678;155 696 053;7;6;1;3;23;1
202400048679;155 696 054;7;0;2;2;26;1
202400048679;155 696 056;7;0;2;6;1;1
202400048680;155 696 052;7;0;0;0;0;0
202400048680;155 696 055;30;0;2;0;9;1
202400048681;155 696 046;7;0;2;5;21;1
202400048681;155 696 051;7;0;2;1;1;1
202400048682;155 696 047;7;0;2;1;2;3
202400048682;155 696 049;10;0;2;4;2;1
202400048683;155 696 045;7;0;2;2;1;1
202400048683;155 696 048;10;0;2;1;1;1
202400048683;155 696 050;7;0;2;6;23;1
202400048684;155 696 044;2;2;0;1;14;1
202400048685;155 696 039;7;0;2;1;1;1
202400048685;155 696 042;7;0;2;4;1;1
202400048686;155 696 038;33;0;2;7;17;1
202400048686;155 696 040;7;0;2;6;1;2
202400048687;155 696 041;33;0;2;1;1;1
202400048687;155 696 043;10;0;2;5;1;1
202400048688;155 696 035;7;6;1;1;13;1
202400048689;155 696 036;33;0;2;1;2;1
202400048689;155 696 037;7;0;2;6;0;1
202400048690;155 696 033;7;0;9;1;15;1
202400048690;155 696 034;50;0;0;7;19;3
202400048691;155 696 032;2;0;0;7;14;1
202400048692;155 696 031;32;0;2;8;1;1
202400048693;155 696 028;7;0;2;7;16;1
202400048693;155 696 030;31;0;2;7;1;1
202400048694;155 696 026;7;0;2;1;1;1
202400048694;155 696 029;33;0;2;1;13;1
202400048695;155 696 024;7;0;2;2;2;1
202400048695;155 696 025;7;0;2;6;2;1
202400048695;155 696 027;15;0;2;6;2;1
202400048696;155 696 023;80;0;0;0;1;3
202400048697;155 696 022;7;0;1;1;1;1
202400048698;155 696 018;7;0;2;8;11;1
202400048698;155 696 021;33;0;2;2;3;1
202400048699;155 696 017;7;0;2;1;2;1
202400048699;155 696 020;3;0;2;4;2;1
202400048700;155 696 016;7;0;2;2;1;1
202400048700;155 696 019;7;0;2;1;16;1
202400048701;155 696 013;7;0;1;1;1;1
202400048702;155 696 012;7;0;2;1;2;1
202400048702;155 696 014;10;0;0;4;1;1