Num_Acc;id_vehicule;categorie_vehicule;obstacle_fixe;obstacle_mobile;point_choc_initial;manoeuvre_principale;motorisation
202400048703;155 696 011;7;0;2;1;1;1
202400048703;155 696 015;7;0;2;7;1;1
202400048704;155 696 009;7;2;0;1;1;1
202400048705;155 696 005;7;0;2;6;26;1
202400048705;155 696 007;33;0;2;1;17;1
202400048706;155 696 006;7;2;0;3;2;1
202400048707;155 696 002;33;0;2;1;1;1
202400048707;155 696 003;7;0;0;6;2;1
202400048708;155 696 000;7;0;2;1;15;1
202400048708;155 696 004;7;0;2;5;1;1
202400048709;155 695 999;7;0;2;8;13;1
202400048709;155 696 001;2;0;2;2;1;1
202400048710;155 695 998;31;0;6;1;1;1
202400048711;155 695 995;7;0;2;1;15;1
202400048711;155 695 997;1;0;2;8;1;5
202400048712;155 695 994;7;0;2;0;26;1
202400048712;155 695 996;7;0;2;0;0;1
202400048713;155 695 992;7;0;2;3;2;1
202400048713;155 695 993;1;0;2;5;2;5
202400048714;155 695 988;7;0;1;1;1;1
202400048715;155 695 985;7;15;2;1;14;1
202400048715;155 695 987;7;0;2;2;1;1
202400048715;155 695 990;7;0;2;3;1;1
202400048715;155 695 991;7;0;2;1;1;1
202400048716;155 695 984;7;0;2;1;1;1
202400048716;155 695 986;7;0;2;4;15;1
202400048716;155 695 989;33;0;2;1;1;1
202400048717;155 695 982;31;0;2;1;13;1
202400048717;155 695 983;7;0;2;3;1;1
202400048718;155 695 981;7;0;1;3;1;1
202400048719;155 695 979;7;0;1;2;1;1
202400048720;155 695 978;14;0;2;2;1;1
202400048720;155 695 980;7;0;2;2;13;1
202400048721;155 695 972;7;1;0;2;2;1
202400048721;155 695 975;7;0;2;4;23;1
202400048721;155 695 976;10;1;2;6;23;1
202400048722;155 695 974;7;0;1;3;5;1
202400048723;155 695 973;7;0;2;6;1;1
202400048723;155 695 977;10;1;2;1;19;1
202400048724;155 695 970;7;13;0;3;1;1
202400048725;155 695 969;10;0;1;1;1;1
202400048726;155 695 968;7;0;2;3;15;1
202400048726;155 695 971;33;0;2;1;1;1
202400048727;155 695 967;33;16;0;1;1;1
202400048728;155 695 966;7;4;0;1;11;1
202400048729;155 695 962;7;0;2;1;1;1
202400048729;155 695 965;7;6;0;6;16;1
202400048730;155 695 963;7;0;9;3;0;1
202400048730;155 695 964;99;0;2;4;2;5
202400048731;155 695 961;40;1;1;1;1;0
202400048732;155 695 956;7;0;2;2;1;1
202400048732;155 695 958;7;0;2;3;26;1
202400048733;155 695 959;33;0;2;1;1;1
202400048733;155 695 960;7;0;2;6;15;1
202400048734;155 695 957;33;9;0;1;1;1
202400048735;155 695 949;7;0;2;3;2;1
202400048735;155 695 951;2;0;0;5;23;3
202400048735;155 695 953;7;0;0;1;1;1
202400048736;155 695 950;7;0;1;2;1;1
202400048737;155 695 948;7;0;2;3;15;1
202400048737;155 695 952;7;0;2;3;0;1
202400048738;155 695 946;15;0;2;3;1;1
202400048738;155 695 947;7;0;2;3;13;1
202400048739;155 695 944;7;0;1;1;20;1
202400048740;155 695 943;7;0;0;6;7;1
202400048740;155 695 945;33;0;2;1;1;1
202400048741;155 695 939;15;0;2;3;2;1
202400048741;155 695 941;10;0;2;3;1;1
202400048741;155 695 942;7;0;2;4;15;2
202400048742;155 695 938;7;0;1;2;0;1
202400048743;155 695 937;7;0;2;2;17;1
202400048743;155 695 940;50;0;2;1;19;3
202400048744;155 695 935;10;15;0;1;14;1
202400048745;155 695 933;7;0;1;2;1;1
202400048746;155 695 934;7;0;0;3;11;1
202400048746;155 695 936;33;0;2;2;21;0
202400048747;155 695 931;10;0;2;3;1;1
202400048747;155 695 932;7;16;0;3;13;1
202400048748;155 695 930;7;2;0;3;13;1
202400048749;155 695 925;7;0;9;1;1;1
202400048749;155 695 927;1;0;2;1;9;5
202400048750;155 695 924;34;0;2;2;17;1
202400048750;155 695 926;7;0;2;3;15;1
202400048751;155 695 928;2;0;2;1;1;1
202400048751;155 695 929;10;0;2;1;15;1
202400048752;155 695 923;50;0;0;0;1;3
202400048753;155 695 920;7;0;2;1;2;1
202400048753;155 695 922;7;0;2;6;2;1
202400048754;155 695 917;7;0;2;3;0;1
202400048754;155 695 918;33;0;2;0;0;0
202400048755;155 695 916;1;0;0;0;1;5
202400048756;155 695 915;7;0;2;8;1;1
202400048756;155 695 919;7;0;2;1;1;1
202400048757;155 695 914;7;0;2;8;0;1
202400048757;155 695 921;7;0;2;1;0;1
202400048758;155 695 912;7;0;9;7;15;1
202400048758;155 695 913;1;0;0;3;15;5
202400048759;155 695 909;17;0;2;3;1;1
202400048759;155 695 911;10;1;2;3;13;1
202400048760;155 695 907;7;0;2;0;0;0
202400048760;155 695 910;7;0;2;7;15;1
202400048761;155 695 906;7;2;0;9;14;1
202400048762;155 695 905;7;0;2;1;2;1
202400048762;155 695 908;7;0;2;4;1;1
202400048763;155 695 904;7;0;1;2;1;1
202400048764;155 695 902;7;8;0;3;1;1
202400048765;155 695 900;7;0;1;4;4;3
202400048766;155 695 898;7;0;2;1;13;0
202400048766;155 695 901;7;8;2;3;1;0
202400048766;155 695 903;7;0;2;1;1;0
202400048767;155 695 897;1;0;0;0;26;5
202400048768;155 695 896;2;0;0;0;9;1
202400048769;155 695 892;7;3;0;1;2;1
202400048770;155 695 893;0;0;2;3;2;0
202400048770;155 695 895;33;0;2;2;15;1
202400048771;155 695 891;7;8;0;7;13;1
202400048772;155 695 888;33;0;1;1;1;1
202400048773;155 695 886;7;2;0;8;14;1
202400048774;155 695 884;10;1;0;3;13;3
202400048774;155 695 887;37;1;0;5;24;1
202400048775;155 695 881;7;13;0;1;14;1
202400048776;155 695 877;7;0;2;1;1;1
202400048776;155 695 879;10;0;2;4;23;1
202400048776;155 695 882;7;0;2;1;1;1
202400048776;155 695 883;7;0;2;1;1;1
202400048777;155 695 875;1;0;2;1;1;5
202400048777;155 695 878;2;0;2;1;15;1
202400048778;155 695 876;7;0;2;3;15;1
202400048778;155 695 880;33;1;2;1;1;1
202400048779;155 695 872;10;0;2;2;12;1
202400048779;155 695 874;31;0;2;8;1;3
202400048780;155 695 871;10;4;0;8;13;1
202400048781;155 695 869;7;0;0;3;1;1
202400048781;155 695 873;7;0;0;3;17;3
202400048782;155 695 867;7;14;0;3;1;1
202400048783;155 695 868;2;0;2;1;15;1
202400048783;155 695 870;50;0;2;0;16;3
202400048784;155 695 866;7;4;0;9;9;1
202400048785;155 695 865;10;0;1;4;4;1
202400048786;155 695 864;7;13;0;1;1;1
202400048787;155 695 863;7;4;0;3;1;1
202400048788;155 695 862;7;4;0;1;1;1
202400048789;155 695 860;1;0;1;1;1;5
202400048790;155 695 861;33;0;0;1;26;1
202400048791;155 695 859;7;8;0;1;1;1
202400048792;155 695 857;10;0;0;0;1;1
202400048792;155 695 858;7;0;9;2;1;1
202400048793;155 695 854;7;16;0;1;1;1
202400048794;155 695 853;10;0;2;2;15;1
202400048794;155 695 856;43;0;2;3;1;1
202400048795;155 695 852;33;0;2;1;2;1
202400048795;155 695 855;7;0;0;4;1;1
202400048796;155 695 851;33;4;0;1;13;1
202400048797;155 695 849;10;0;1;1;1;3
202400048798;155 695 848;7;3;0;1;21;1
202400048799;155 695 847;7;0;2;5;2;1
202400048799;155 695 850;30;0;2;1;2;1
202400048800;155 695 846;10;0;1;4;20;1
202400048801;155 695 844;1;0;1;3;5;5
202400048802;155 695 842;80;0;0;0;0;3
202400048803;155 695 840;7;0;2;1;2;1
202400048803;155 695 845;7;0;2;4;2;1
202400048804;155 695 841;1;0;2;8;14;5
202400048804;155 695 843;7;0;2;2;1;1
202400048805;155 695 839;1;10;0;1;26;5
202400048806;155 695 836;7;12;0;9;1;1
202400048807;155 695 838;7;1;0;2;14;1
202400048808;155 695 835;7;0;2;2;1;1
202400048808;155 695 837;7;0;2;6;11;1
202400048809;155 695 834;2;0;0;8;1;1
202400048810;155 695 828;7;2;0;1;13;1
202400048811;155 695 831;7;0;1;1;1;1
202400048812;155 695 830;7;0;2;1;15;1
202400048812;155 695 832;34;0;2;8;1;1
202400048813;155 695 824;17;0;2;2;1;1
202400048813;155 695 827;7;0;2;1;1;1
202400048813;155 695 829;7;0;2;1;0;1
202400048813;155 695 833;7;0;2;4;11;2
202400048814;155 695 823;7;0;9;5;16;1
202400048814;155 695 826;1;0;2;1;15;5
202400048815;155 695 822;7;0;2;1;26;1
202400048815;155 695 825;2;0;2;1;5;1
202400048816;155 695 820;37;0;2;1;15;1
202400048816;155 695 821;1;0;2;1;1;5
202400048817;155 695 816;7;0;2;0;17;1
202400048817;155 695 819;30;0;2;1;15;1
202400048818;155 695 814;7;1;1;3;0;1
202400048819;155 695 811;2;0;2;1;1;1
202400048819;155 695 815;7;0;2;2;1;1
202400048820;155 695 808;7;0;2;8;13;1
202400048820;155 695 810;33;0;2;8;1;1
202400048821;155 695 807;7;0;0;8;15;1
202400048821;155 695 809;33;0;2;7;17;1
202400048822;155 695 805;7;0;1;1;1;0
202400048823;155 695 804;7;0;2;2;12;1
202400048823;155 695 806;33;0;2;8;3;1
202400048824;155 695 802;10;0;1;3;2;1
202400048825;155 695 803;7;0;1;3;26;1
202400048826;155 695 799;7;0;2;6;15;1
202400048826;155 695 801;34;0;2;1;2;1
202400048827;155 695 798;7;4;2;3;1;1
202400048827;155 695 800;7;0;2;5;12;1
202400048828;155 695 794;7;0;1;4;4;0
202400048829;155 695 792;7;0;2;3;15;1
202400048829;155 695 797;50;0;2;2;9;3
202400048830;155 695 793;7;0;2;1;1;0
202400048830;155 695 796;7;0;9;4;1;1
202400048831;155 695 791;7;0;2;1;1;1
202400048831;155 695 795;60;0;2;7;19;5
202400048832;155 695 788;7;0;1;3;15;1
202400048833;155 695 787;7;0;9;0;0;0
202400048833;155 695 789;1;0;2;4;2;5
202400048834;155 695 785;7;0;0;3;1;1
202400048834;155 695 790;2;0;0;4;0;1
202400048835;155 695 780;10;0;2;7;16;0
202400048835;155 695 783;32;0;2;1;1;1
202400048836;155 695 781;7;0;2;1;1;1
202400048836;155 695 784;7;0;2;8;1;1
202400048836;155 695 786;1;0;2;8;19;5
202400048837;155 695 778;7;3;0;1;0;1
202400048838;155 695 779;2;0;2;8;1;1
202400048838;155 695 782;7;0;9;3;15;1
202400048839;155 695 776;7;0;1;0;0;0
202400048840;155 695 775;34;0;2;1;1;1
202400048840;155 695 777;10;0;2;5;1;1
202400048841;155 695 771;7;0;1;4;4;1
202400048842;155 695 770;7;0;2;8;10;1
202400048842;155 695 773;34;0;2;1;1;1
202400048843;155 695 768;7;0;1;2;1;1
202400048844;155 695 769;17;0;2;2;1;1
202400048844;155 695 772;7;3;2;6;18;1
202400048844;155 695 774;7;3;2;2;1;0
202400048845;155 695 764;60;0;2;4;0;5
202400048845;155 695 767;1;0;2;4;14;5
202400048846;155 695 759;50;0;2;1;1;3
202400048846;155 695 761;10;0;9;3;15;3
202400048847;155 695 760;7;0;0;4;23;1
202400048847;155 695 762;17;0;2;3;1;1
202400048848;155 695 765;32;0;2;1;0;1
202400048848;155 695 766;7;0;2;3;0;1
202400048849;155 695 755;3;0;2;2;15;1
202400048849;155 695 758;32;0;2;1;1;1
202400048850;155 695 754;10;1;2;0;1;0
202400048850;155 695 756;10;1;2;5;1;1
202400048851;155 695 753;7;0;2;3;0;1
202400048851;155 695 757;7;0;2;3;0;1
202400048852;155 695 750;50;0;2;3;25;3
202400048852;155 695 752;7;0;2;1;1;1
202400048853;155 695 745;17;0;2;2;1;1
202400048853;155 695 747;7;0;2;8;16;1
202400048854;155 695 743;33;0;2;8;1;1
202400048854;155 695 744;7;0;2;8;15;1
202400048855;155 695 742;7;8;2;4;2;1
202400048855;155 695 746;10;0;2;1;2;1
202400048856;155 695 739;0;0;2;0;2;0
202400048857;155 695 737;1;0;0;0;1;5
202400048858;155 695 741;7;0;1;1;17;2
202400048859;155 695 738;7;0;2;2;1;1
202400048859;155 695 740;7;0;2;3;9;1
202400048860;155 695 735;7;13;0;9;2;1
202400048861;155 695 733;7;2;0;7;14;1
202400048862;155 695 734;7;0;2;4;1;1
202400048862;155 695 736;7;0;2;1;1;1
202400048863;155 695 732;7;0;1;2;1;1
202400048864;155 695 729;7;0;2;8;15;1
202400048864;155 695 731;30;0;2;1;17;3
202400048865;155 695 730;33;0;0;7;14;1
202400048866;155 695 722;30;0;2;7;1;1
202400048866;155 695 727;7;0;2;3;1;1
202400048867;155 695 723;7;0;2;1;2;0
202400048867;155 695 726;3;0;2;4;1;0
202400048867;155 695 728;2;0;2;4;2;0
202400048868;155 695 721;7;13;0;2;1;1
202400048869;155 695 720;7;0;2;1;1;1
202400048869;155 695 724;50;0;2;0;0;3
202400048870;155 695 719;13;13;0;1;0;1
202400048871;155 695 716;7;0;2;6;15;1
202400048871;155 695 718;2;0;2;3;17;1
202400048872;155 695 713;7;0;2;8;15;1
202400048872;155 695 717;33;0;2;2;0;1
202400048873;155 695 710;7;0;2;3;15;1
202400048873;155 695 715;80;0;2;8;1;3
202400048874;155 695 707;7;0;2;2;11;1
202400048874;155 695 709;32;0;2;1;1;1
202400048875;155 695 705;7;2;0;3;1;1
202400048876;155 695 708;7;0;2;5;15;1
202400048876;155 695 712;2;0;2;2;1;1
202400048877;155 695 704;33;0;2;1;1;1
202400048877;155 695 706;7;0;2;2;9;1
202400048878;155 695 703;7;0;1;1;1;1
202400048879;155 695 702;30;0;1;1;1;1
202400048880;155 695 701;7;2;0;1;1;1
202400048881;155 695 698;31;6;0;1;26;1
202400048882;155 695 699;33;0;2;1;5;1
202400048882;155 695 700;7;0;2;3;15;1
202400048883;155 695 694;7;0;2;5;15;1
202400048883;155 695 696;1;0;2;1;1;5
202400048884;155 695 693;33;17;0;1;1;1
202400048885;155 695 691;10;13;0;1;14;1
202400048886;155 695 690;1;0;0;7;14;5
202400048886;155 695 692;7;0;0;0;0;0
202400048887;155 695 686;2;0;2;3;1;1
202400048887;155 695 688;7;0;0;5;19;1
202400048888;155 695 683;7;8;0;3;1;1
202400048889;155 695 685;7;0;2;2;15;1
202400048889;155 695 689;7;0;2;8;1;1
202400048890;155 695 682;7;0;2;4;2;1
202400048890;155 695 684;7;0;2;4;2;1
202400048890;155 695 687;7;0;2;1;2;1
202400048891;155 695 678;7;2;0;2;14;1
202400048892;155 695 679;7;0;2;2;13;1
202400048892;155 695 681;7;0;0;6;11;1
202400048893;155 695 674;7;0;2;3;9;1
202400048893;155 695 677;7;0;2;2;1;1
202400048894;155 695 672;7;0;2;3;17;1
202400048894;155 695 675;7;0;2;3;1;1
202400048895;155 695 671;32;0;2;4;0;1
202400048895;155 695 673;13;0;2;1;2;1
202400048895;155 695 676;7;0;2;6;0;1
202400048895;155 695 680;14;0;2;2;0;1
202400048896;155 695 669;10;0;2;1;17;1
202400048896;155 695 670;7;0;2;1;1;1
202400048897;155 695 667;0;0;1;1;15;0
202400048898;155 695 666;7;0;2;0;15;0
202400048899;155 695 665;7;0;2;1;1;1
202400048899;155 695 668;7;0;2;4;1;1
202400048900;155 695 662;1;0;2;4;23;5
202400048900;155 695 664;7;0;2;2;1;2
202400048901;155 695 659;7;9;0;4;1;1
202400048902;155 695 657;7;0;2;8;2;1
202400048902;155 695 661;7;0;2;1;2;1
202400048902;155 695 663;7;0;2;5;2;1
202400048903;155 695 660;7;0;1;2;1;1
202400048904;155 695 656;7;13;0;9;0;1
202400048905;155 695 655;30;0;2;1;13;1
202400048905;155 695 658;7;0;2;1;1;1
202400048906;155 695 653;17;3;0;1;12;1
202400048907;155 695 652;7;0;2;1;1;1
202400048907;155 695 654;7;0;2;7;13;1
202400048908;155 695 650;7;13;0;1;1;1
202400048909;155 695 646;33;0;2;1;1;1
202400048909;155 695 649;38;0;2;4;1;1
202400048910;155 695 648;7;0;2;2;1;1
202400048910;155 695 651;1;0;2;1;19;5
202400048911;155 695 644;7;0;2;7;13;1
202400048911;155 695 647;7;0;2;1;1;1
202400048912;155 695 642;7;0;2;3;1;1
202400048912;155 695 645;7;0;2;3;1;1
202400048913;155 695 640;7;6;0;1;1;1
202400048914;155 695 638;7;0;2;1;1;1
202400048914;155 695 641;10;0;2;9;1;1
202400048914;155 695 643;7;0;2;6;23;3
202400048915;155 695 635;7;0;2;3;16;1
202400048915;155 695 637;1;0;2;2;5;5
202400048916;155 695 634;7;0;2;5;16;1
202400048916;155 695 639;1;0;2;1;1;5
202400048917;155 695 633;2;0;2;1;1;1
202400048917;155 695 636;7;0;2;2;15;1
202400048918;155 695 626;7;0;2;8;1;1
202400048918;155 695 630;7;0;2;3;17;1
202400048918;155 695 632;37;0;2;3;1;1
202400048919;155 695 623;7;0;2;1;15;1
202400048919;155 695 627;33;0;2;1;1;1
202400048920;155 695 622;7;0;2;1;1;1
202400048920;155 695 629;7;0;2;4;0;1
202400048921;155 695 624;7;0;2;6;1;0
202400048921;155 695 628;7;0;2;4;1;0
202400048921;155 695 631;7;0;2;2;1;0
202400048922;155 695 621;34;0;2;1;1;1
202400048922;155 695 625;10;0;2;3;15;1
202400048923;155 695 620;7;0;1;2;16;1
202400048924;155 695 616;33;12;2;1;18;1
202400048924;155 695 619;10;0;2;5;1;1
202400048925;155 695 615;10;0;2;3;1;1
202400048925;155 695 618;7;0;2;3;1;1
202400048926;155 695 613;7;6;0;3;1;1
202400048926;155 695 617;7;9;2;1;1;1
202400048927;155 695 609;2;7;0;1;5;1
202400048928;155 695 608;7;0;2;7;15;1
202400048928;155 695 612;34;0;2;1;1;1
202400048929;155 695 604;7;0;2;1;1;1
202400048929;155 695 607;7;0;2;4;1;1
202400048929;155 695 610;7;0;2;4;1;1
202400048930;155 695 605;7;0;2;1;1;1
202400048930;155 695 611;7;0;2;4;1;1
202400048930;155 695 614;7;0;2;4;1;1
202400048931;155 695 602;1;0;2;8;21;5
202400048931;155 695 606;1;0;2;7;21;5
202400048932;155 695 600;7;0;2;2;1;1
202400048932;155 695 603;7;0;2;3;9;1
202400048933;155 695 601;50;0;1;0;1;3
202400048934;155 695 596;7;3;0;1;14;1
202400048935;155 695 595;33;0;2;1;2;1
202400048935;155 695 599;7;0;2;4;2;0
202400048936;155 695 594;30;0;2;1;17;1
202400048936;155 695 598;7;0;2;3;15;1
202400048937;155 695 592;7;0;0;6;1;1
202400048937;155 695 597;10;0;2;2;1;1
202400048938;155 695 590;7;1;0;1;13;1
202400048939;155 695 589;7;0;2;3;15;1
202400048939;155 695 593;2;0;2;1;17;1
202400048940;155 695 585;7;0;2;4;23;1
202400048940;155 695 587;7;0;2;1;2;2
202400048941;155 695 584;2;0;2;7;17;1
202400048941;155 695 588;7;0;2;1;15;1
202400048942;155 695 576;10;0;2;1;2;1
202400048942;155 695 580;7;0;2;4;23;1
202400048942;155 695 582;7;0;2;4;23;1
202400048942;155 695 583;7;0;2;0;0;1
202400048942;155 695 586;7;0;2;1;2;1
202400048942;155 695 591;7;0;2;1;1;1
202400048943;155 695 574;7;0;2;0;0;1
202400048943;155 695 581;50;0;2;1;26;3
202400048944;155 695 573;7;0;2;;0;1
202400048944;155 695 577;38;0;2;3;20;1
202400048945;155 695 571;7;0;2;1;1;1
202400048945;155 695 575;7;0;2;4;1;1
202400048945;155 695 578;7;3;0;4;1;1
202400048946;155 695 572;7;0;2;1;2;1
202400048946;155 695 579;7;0;0;4;1;1
202400048947;155 695 568;7;0;2;2;17;1
202400048947;155 695 570;7;0;2;6;1;1
202400048948;155 695 566;7;0;1;1;1;2
202400048949;155 695 565;7;0;2;2;2;1
202400048949;155 695 569;10;14;2;4;2;1
202400048950;155 695 564;7;0;1;2;1;1
202400048951;155 695 563;7;0;2;3;5;1
202400048951;155 695 567;7;3;2;1;1;1
202400048952;155 695 558;33;0;0;7;1;1
202400048953;155 695 556;7;0;2;7;1;1
202400048953;155 695 560;10;0;2;1;1;1
202400048954;155 695 559;7;1;0;1;14;1
202400048955;155 695 552;7;2;0;1;1;1
202400048956;155 695 551;33;0;2;1;5;1
202400048956;155 695 555;7;0;2;1;16;1
202400048957;155 695 550;7;0;2;1;10;1
202400048957;155 695 554;7;0;2;8;21;1
202400048957;155 695 557;7;0;2;2;1;1
202400048957;155 695 562;7;0;2;1;1;1
202400048958;155 695 548;2;0;1;1;1;1
202400048959;155 695 547;3;0;1;1;1;1
202400048960;155 695 549;31;1;2;1;9;1
202400048960;155 695 553;7;1;2;3;24;1
202400048960;155 695 561;7;0;2;3;15;1
202400048961;155 695 545;7;0;1;3;15;1
202400048962;155 695 542;2;0;2;3;1;6
202400048962;155 695 544;7;6;2;3;15;1
202400048963;155 695 546;7;11;0;1;1;1
202400048964;155 695 539;33;0;0;0;17;1
202400048965;155 695 541;7;0;2;7;1;1
202400048965;155 695 543;10;0;2;1;1;0
202400048966;155 695 536;7;13;0;1;1;1
202400048967;155 695 534;7;0;2;5;2;3
202400048967;155 695 538;7;0;2;0;1;1
202400048967;155 695 540;1;0;2;0;0;5
202400048968;155 695 532;7;3;0;1;1;1
202400048969;155 695 537;7;1;1;4;23;1
202400048970;155 695 531;1;0;2;1;1;5
202400048970;155 695 533;7;0;2;3;9;2
202400048971;155 695 528;2;0;2;8;1;1
202400048971;155 695 530;10;0;2;1;10;1
202400048972;155 695 527;7;0;2;7;13;1
202400048972;155 695 529;7;0;2;1;1;1
202400048973;155 695 535;7;13;0;1;6;1
202400048974;155 695 522;7;0;2;3;0;1
202400048974;155 695 524;7;0;2;3;0;2
202400048975;155 695 521;50;0;2;1;1;3
202400048975;155 695 525;7;0;2;1;1;1
202400048976;155 695 518;7;0;2;2;1;1
202400048976;155 695 523;33;0;2;6;13;1
202400048977;155 695 516;7;0;1;2;1;1
202400048978;155 695 515;7;0;2;3;13;1
202400048978;155 695 520;7;0;2;8;0;1
202400048979;155 695 514;7;0;2;1;2;1
202400048979;155 695 517;7;0;2;1;1;1
202400048980;155 695 513;7;0;2;1;1;1
202400048980;155 695 519;7;0;2;4;23;3
202400048981;155 695 508;7;14;0;7;13;1
202400048981;155 695 510;7;0;2;1;23;1
202400048982;155 695 509;7;0;2;1;2;1
202400048982;155 695 511;7;0;2;4;2;1
202400048983;155 695 507;7;0;2;4;1;1
202400048983;155 695 512;10;0;2;1;1;1
202400048984;155 695 502;7;14;0;2;1;1
202400048985;155 695 504;33;0;2;2;3;1
202400048985;155 695 505;7;0;2;6;15;1
202400048986;155 695 500;7;8;2;2;1;1
202400048986;155 695 506;7;0;2;1;19;1
202400048987;155 695 496;7;0;0;5;2;1
202400048987;155 695 499;7;0;2;3;2;1
202400048987;155 695 503;7;0;2;2;2;1
202400048988;155 695 493;7;0;2;0;13;0
202400048988;155 695 495;7;0;2;7;1;1
202400048988;155 695 497;7;4;2;3;21;2
202400048989;155 695 489;40;0;1;8;26;3
202400048990;155 695 491;14;0;2;1;0;0
202400048990;155 695 494;7;0;2;3;9;2
202400048991;155 695 485;2;0;0;8;0;1
202400048991;155 695 488;7;0;2;1;1;1
202400048991;155 695 490;7;0;2;0;0;1
202400048992;155 695 484;33;14;0;1;1;1
202400048993;155 695 482;7;0;1;1;1;1
202400048994;155 695 480;30;16;2;2;24;1
202400048994;155 695 487;99;0;2;1;1;0
202400048994;155 695 492;99;14;2;8;16;1
202400048995;155 695 476;7;0;2;2;15;1
202400048995;155 695 479;32;0;2;8;1;1
202400048996;155 695 477;7;0;2;3;16;1
202400048996;155 695 481;31;0;2;1;1;1
202400048997;155 695 472;7;0;1;2;26;1
202400048998;155 695 471;34;0;2;0;1;1
202400048998;155 695 474;10;0;2;4;1;1
202400048999;155 695 468;7;3;0;1;1;1
202400049000;155 695 470;7;0;2;3;1;1
202400049000;155 695 475;7;0;2;4;23;1
202400049000;155 695 478;7;0;2;4;23;1
202400049001;155 695 473;7;1;1;3;21;1
202400049002;155 695 466;7;0;1;5;1;3
202400049003;155 695 464;33;0;2;3;1;1
202400049003;155 695 469;7;0;2;3;15;1
202400049004;155 695 458;7;0;2;1;1;1
202400049004;155 695 463;7;0;2;4;1;2
202400049005;155 695 459;7;0;1;1;0;2
202400049006;155 695 457;2;14;2;3;3;1
202400049006;155 695 460;7;0;2;2;13;2
202400049007;155 695 462;14;6;2;4;1;1
202400049007;155 695 465;2;0;2;1;2;1
202400049008;155 695 453;7;0;0;6;1;1
202400049008;155 695 455;7;0;2;1;1;1
202400049008;155 695 456;7;0;2;4;1;1
202400049009;155 695 454;2;0;0;8;15;3
202400049010;155 695 461;50;0;2;0;0;3
202400049010;155 695 467;7;0;2;7;1;1
202400049011;155 695 448;7;6;2;8;1;1
202400049011;155 695 452;7;0;2;1;15;1
202400049012;155 695 447;2;0;0;0;2;1
202400049012;155 695 449;7;0;0;0;2;1
202400049013;155 695 446;7;0;2;7;16;1
202400049013;155 695 451;50;0;2;8;1;3
202400049014;155 695 442;7;3;2;7;17;1
202400049014;155 695 443;14;0;2;8;1;1
202400049014;155 695 445;7;0;2;8;1;1
202400049014;155 695 450;10;0;2;7;1;1
202400049015;155 695 440;50;0;1;1;1;3
202400049016;155 695 441;7;0;1;3;19;1
202400049017;155 695 439;34;0;2;2;2;1
202400049017;155 695 444;7;0;2;3;2;2
202400049018;155 695 434;1;0;0;1;1;5
202400049019;155 695 435;7;0;2;6;23;2
202400049019;155 695 438;33;0;2;1;3;1
202400049020;155 695 436;7;0;1;2;1;1
202400049021;155 695 429;7;0;9;3;2;2
202400049021;155 695 432;1;0;2;1;2;5
202400049022;155 695 430;7;6;0;2;1;1
202400049023;155 695 427;7;0;2;1;1;1
202400049023;155 695 431;2;0;2;1;1;1
202400049024;155 695 426;7;0;2;2;21;1
202400049024;155 695 428;33;0;2;4;2;1
202400049025;155 695 424;31;0;2;1;18;3
202400049025;155 695 425;7;0;0;7;14;1
202400049026;155 695 422;7;0;1;3;1;1
202400049027;155 695 419;7;0;2;1;13;1
202400049027;155 695 421;7;0;2;5;1;1
202400049028;155 695 420;10;0;2;8;11;1
202400049028;155 695 423;7;0;2;1;1;1
202400049029;155 695 416;30;0;2;1;1;1
202400049029;155 695 418;7;0;2;2;15;1
202400049030;155 695 414;10;14;1;2;1;1
202400049031;155 695 408;7;0;2;1;2;1
202400049031;155 695 411;7;0;2;4;23;1
202400049032;155 695 407;10;0;2;4;2;1
202400049032;155 695 410;7;0;2;4;2;2
202400049032;155 695 412;7;0;2;4;2;3
202400049032;155 695 415;7;0;2;1;2;2
202400049033;155 695 406;7;0;2;3;1;1
202400049033;155 695 409;2;0;2;1;3;1
202400049034;155 695 413;2;12;2;4;26;1
202400049035;155 695 405;7;0;2;3;15;1
202400049035;155 695 417;1;0;2;0;13;5
202400049036;155 695 401;34;0;2;1;13;1
202400049036;155 695 404;7;0;2;1;26;1
202400049037;155 695 399;2;0;2;1;18;1
202400049037;155 695 403;7;0;9;1;2;1
202400049038;155 695 397;10;0;0;0;1;1
202400049038;155 695 402;7;0;9;1;1;1
202400049039;155 695 398;7;0;1;3;15;1
202400049040;155 695 393;37;0;1;5;16;1
202400049041;155 695 394;7;0;0;9;16;1
202400049042;155 695 391;30;0;2;2;1;1
202400049042;155 695 395;7;1;2;1;15;1
202400049043;155 695 390;7;2;0;7;13;1
202400049044;155 695 396;7;6;0;1;1;1
202400049045;155 695 387;1;0;2;3;13;5
202400049045;155 695 389;7;0;2;5;1;1
202400049046;155 695 386;7;0;0;3;22;1
202400049046;155 695 392;1;0;0;1;1;5
202400049047;155 695 385;7;0;1;2;1;1
202400049048;155 695 383;7;0;2;1;1;1
202400049048;155 695 388;7;0;2;3;1;1
202400049049;155 695 382;2;12;0;1;2;1
202400049050;155 695 381;7;1;0;1;1;1