Num_Acc;id_vehicule;categorie_vehicule;obstacle_fixe;obstacle_mobile;point_choc_initial;manoeuvre_principale;motorisation
202400050094;155 693 536;7;0;2;3;1;1
202400050095;155 693 519;33;0;0;0;17;1
202400050096;155 693 514;7;13;0;0;1;1
202400050097;155 693 513;34;1;0;1;1;0
202400050098;155 693 511;7;8;2;1;1;0
202400050098;155 693 517;7;0;2;2;15;0
202400050099;155 693 509;7;0;2;3;15;1
202400050099;155 693 518;50;0;2;3;15;3
202400050100;155 693 510;21;0;2;7;1;1
202400050100;155 693 515;7;0;2;3;1;1
202400050101;155 693 508;33;0;2;5;19;1
202400050101;155 693 512;7;0;2;3;0;3
202400050102;155 693 506;7;0;2;3;1;1
202400050102;155 693 516;0;0;2;0;0;0
202400050103;155 693 503;7;0;1;1;1;1
202400050104;155 693 504;7;0;2;3;0;1
202400050104;155 693 507;10;0;2;3;0;1
202400050105;155 693 502;7;0;9;1;26;1
202400050105;155 693 505;50;0;2;0;0;3
202400050106;155 693 500;7;13;0;1;13;1
202400050107;155 693 496;7;0;2;1;1;0
202400050107;155 693 498;7;0;2;4;15;1
202400050108;155 693 492;1;0;2;0;0;5
202400050108;155 693 495;14;0;2;0;16;1
202400050109;155 693 489;37;0;2;7;26;1
202400050109;155 693 494;1;0;2;1;9;5
202400050110;155 693 490;7;0;2;3;1;1
202400050110;155 693 493;7;0;2;8;2;1
202400050111;155 693 488;7;0;2;1;2;1
202400050111;155 693 497;7;0;2;4;2;1
202400050111;155 693 499;7;0;2;1;2;1
202400050112;155 693 491;7;0;2;7;1;1
202400050112;155 693 501;7;0;2;1;1;1
202400050113;155 693 486;7;7;0;0;1;1
202400050114;155 693 485;7;0;1;1;10;0
202400050115;155 693 484;33;2;0;9;1;1
202400050116;155 693 483;14;0;2;1;1;1
202400050116;155 693 487;7;0;2;7;26;1
202400050117;155 693 479;7;0;9;3;26;2
202400050117;155 693 481;1;0;2;5;26;5
202400050118;155 693 478;40;0;9;2;1;3
202400050118;155 693 482;1;0;4;1;1;5
202400050119;155 693 476;7;0;2;1;2;1
202400050119;155 693 480;10;0;2;4;2;1
202400050120;155 693 475;7;0;2;1;1;1
202400050120;155 693 477;7;0;2;1;17;1
202400050121;155 693 472;7;0;1;8;15;1
202400050122;155 693 469;7;0;2;1;13;1
202400050122;155 693 474;14;0;2;3;1;1
202400050123;155 693 467;7;0;2;2;15;1
202400050123;155 693 471;1;0;2;8;1;5
202400050124;155 693 465;50;0;0;8;21;3
202400050125;155 693 468;10;0;0;0;0;1
202400050125;155 693 473;10;0;2;8;15;1
202400050126;155 693 464;7;0;2;7;1;1
202400050126;155 693 470;7;0;2;1;1;1
202400050127;155 693 463;40;0;9;1;1;2
202400050127;155 693 466;33;0;4;1;11;1
202400050128;155 693 461;33;0;0;0;26;1
202400050129;155 693 459;31;0;9;1;0;6
202400050130;155 693 457;30;0;2;3;17;1
202400050130;155 693 462;7;0;2;3;15;1
202400050131;155 693 454;0;0;2;1;1;0
202400050131;155 693 460;50;0;2;3;1;3
202400050132;155 693 452;7;0;2;1;1;1
202400050132;155 693 458;7;0;2;8;15;1
202400050133;155 693 451;7;0;2;8;16;1
202400050133;155 693 456;10;0;2;1;19;1
202400050134;155 693 449;33;0;2;3;1;1
202400050134;155 693 453;7;0;2;8;9;3
202400050135;155 693 444;50;0;2;1;26;3
202400050135;155 693 448;50;0;2;1;26;3
202400050136;155 693 443;7;0;2;1;15;1
202400050136;155 693 450;15;0;2;5;1;1
202400050137;155 693 447;7;16;0;0;0;1
202400050137;155 693 455;7;0;2;4;2;
202400050138;155 693 442;7;0;1;1;1;1
202400050139;155 693 445;7;1;0;3;1;1
202400050140;155 693 441;7;0;2;7;17;1
202400050140;155 693 446;1;0;2;8;11;5
202400050141;155 693 440;7;2;0;1;1;1
202400050142;155 693 437;7;0;2;1;2;1
202400050142;155 693 439;7;0;2;4;2;1
202400050143;155 693 435;7;0;1;2;1;1
202400050144;155 693 431;7;3;0;8;13;1
202400050145;155 693 430;10;0;9;3;15;1
202400050145;155 693 436;33;0;2;1;1;1
202400050146;155 693 429;7;0;2;2;17;1
202400050146;155 693 432;7;0;2;6;1;1
202400050147;155 693 427;7;0;2;7;15;1
202400050147;155 693 434;33;0;2;1;1;1
202400050148;155 693 425;7;0;2;1;1;1
202400050148;155 693 428;99;0;2;8;1;3
202400050149;155 693 426;7;0;1;2;1;1
202400050150;155 693 423;33;0;2;1;1;1
202400050151;155 693 421;31;8;0;0;0;1
202400050152;155 693 420;7;0;2;3;9;1
202400050152;155 693 422;32;0;2;1;0;1
202400050153;155 693 416;7;0;2;1;19;1
202400050153;155 693 419;50;0;2;7;1;3
202400050154;155 693 417;0;0;1;0;1;1
202400050155;155 693 414;7;0;2;1;0;1
202400050155;155 693 424;7;0;2;7;0;1
202400050156;155 693 411;7;1;0;2;2;2
202400050156;155 693 415;10;0;2;6;23;1
202400050157;155 693 409;7;0;0;4;2;1
202400050157;155 693 412;7;0;2;1;2;1
202400050157;155 693 413;7;0;2;1;2;1
202400050158;155 693 407;7;0;2;1;1;1
202400050158;155 693 418;50;0;2;7;1;3
202400050159;155 693 406;33;0;2;1;3;1
202400050159;155 693 410;7;0;2;5;1;2
202400050160;155 693 404;7;0;2;2;1;1
202400050160;155 693 408;7;0;2;3;1;1
202400050161;155 693 402;7;0;2;1;1;1
202400050161;155 693 405;7;0;2;4;1;1
202400050162;155 693 400;7;0;2;5;12;1
202400050162;155 693 403;31;0;2;1;3;1
202400050163;155 693 399;7;13;0;0;2;1
202400050164;155 693 398;50;13;0;1;25;3
202400050165;155 693 397;7;0;2;2;15;1
202400050165;155 693 401;1;0;2;8;1;5
202400050166;155 693 392;7;0;0;6;2;1
202400050166;155 693 396;7;0;2;2;2;1
202400050167;155 693 389;1;0;2;1;1;5
202400050167;155 693 391;10;0;2;3;9;1
202400050168;155 693 387;3;0;2;8;9;1
202400050168;155 693 393;10;0;2;1;1;1
202400050169;155 693 386;7;0;2;2;15;0
202400050169;155 693 390;33;1;2;1;17;1
202400050170;155 693 385;7;0;2;7;1;1
202400050170;155 693 395;7;0;2;1;1;1
202400050171;155 693 384;7;0;2;5;1;2
202400050171;155 693 388;7;0;2;1;3;1
202400050171;155 693 394;7;0;2;8;1;1
202400050172;155 693 382;7;0;1;8;1;1
202400050173;155 693 380;33;0;2;1;1;1
202400050173;155 693 383;33;0;2;4;1;1
202400050174;155 693 381;36;7;0;1;13;1
202400050175;155 693 379;1;0;0;0;14;5
202400050176;155 693 375;7;1;2;2;1;1
202400050177;155 693 376;7;0;2;8;1;1
202400050177;155 693 378;7;0;2;1;14;1
202400050178;155 693 372;7;0;0;0;23;1
202400050179;155 693 369;7;8;0;0;0;1
202400050179;155 693 373;7;8;0;0;0;1
202400050179;155 693 377;7;8;0;0;0;1
202400050180;155 693 370;7;0;2;1;1;1
202400050180;155 693 374;7;0;2;1;13;1
202400050181;155 693 368;7;0;2;1;1;1
202400050181;155 693 371;7;0;2;4;2;1
202400050182;155 693 366;10;0;1;1;1;1
202400050183;155 693 364;7;0;2;4;2;1
202400050183;155 693 367;7;0;2;1;1;1
202400050184;155 693 361;7;0;2;1;1;1
202400050184;155 693 365;2;0;2;7;1;1
202400050185;155 693 360;50;0;0;0;1;3
202400050186;155 693 359;7;0;9;3;1;1
202400050186;155 693 362;33;0;2;1;0;0
202400050187;155 693 356;10;0;1;3;1;1
202400050188;155 693 358;7;3;0;1;14;1
202400050189;155 693 354;33;0;2;4;1;1
202400050189;155 693 357;7;0;2;1;1;1
202400050190;155 693 350;1;0;2;1;13;5
202400050190;155 693 355;7;0;2;1;26;2
202400050191;155 693 349;7;0;2;6;23;1
202400050191;155 693 352;43;0;2;2;2;1
202400050192;155 693 346;7;0;2;1;2;1
202400050192;155 693 353;7;0;1;4;2;1
202400050193;155 693 344;7;0;2;1;1;1
202400050193;155 693 347;31;0;2;4;1;1
202400050193;155 693 351;7;0;0;4;1;2
202400050194;155 693 343;7;0;2;0;0;1
202400050194;155 693 345;34;0;2;9;0;1
202400050194;155 693 348;7;0;2;6;0;1
202400050195;155 693 341;7;0;1;1;1;1
202400050196;155 693 339;7;16;0;1;26;1
202400050197;155 693 338;7;0;2;2;1;1
202400050197;155 693 342;50;0;0;4;23;3
202400050198;155 693 337;10;0;1;1;15;1
202400050199;155 693 334;7;0;1;3;1;1
202400050200;155 693 336;7;0;2;3;1;1
202400050200;155 693 340;7;0;2;5;1;1
202400050201;155 693 329;7;0;0;4;1;3
202400050201;155 693 333;33;0;2;1;2;1
202400050202;155 693 324;14;0;2;2;12;1
202400050202;155 693 327;7;0;2;8;1;3
202400050203;155 693 319;7;0;2;4;1;1
202400050203;155 693 323;7;0;2;1;1;1
202400050204;155 693 317;38;0;1;5;16;1
202400050205;155 693 316;7;0;2;1;5;1
202400050205;155 693 318;10;0;2;1;1;1
202400050205;155 693 320;14;0;2;6;1;1
202400050206;155 693 314;7;0;1;5;1;1
202400050207;155 693 313;7;0;1;3;1;1
202400050208;155 693 309;7;0;1;1;1;1
202400050208;155 693 315;7;0;2;2;1;1
202400050208;155 693 322;7;0;2;1;16;1
202400050209;155 693 306;1;0;2;7;1;5
202400050209;155 693 310;7;0;9;2;0;2
202400050210;155 693 305;1;0;2;7;1;5
202400050210;155 693 312;7;0;9;1;1;1
202400050211;155 693 307;7;4;0;3;1;1
202400050212;155 693 302;50;0;0;1;5;3
202400050212;155 693 303;7;0;9;1;1;1
202400050212;155 693 308;7;0;9;2;1;1
202400050213;155 693 301;7;0;2;1;13;1
202400050213;155 693 304;7;0;2;3;1;1
202400050213;155 693 311;7;0;2;2;1;1
202400050214;155 693 294;7;0;2;4;1;1
202400050214;155 693 300;7;0;2;1;2;1
202400050215;155 693 297;7;0;0;0;16;1
202400050216;155 693 293;1;0;2;3;2;5
202400050216;155 693 299;7;0;2;2;19;2
202400050217;155 693 291;7;0;2;3;2;1
202400050217;155 693 296;2;0;2;1;9;1
202400050218;155 693 290;7;0;2;8;1;1
202400050218;155 693 292;7;0;2;3;1;1
202400050218;155 693 295;7;0;2;3;13;1
202400050218;155 693 298;7;0;2;8;1;1
202400050219;155 693 288;30;0;0;8;26;1
202400050220;155 693 285;7;0;2;6;15;1
202400050220;155 693 289;7;0;2;6;16;1
202400050221;155 693 284;7;15;0;1;1;1
202400050222;155 693 282;7;13;0;2;1;1
202400050223;155 693 281;7;0;2;2;1;1
202400050223;155 693 286;2;0;2;1;1;1
202400050224;155 693 280;33;0;2;1;1;1
202400050224;155 693 287;10;0;2;7;15;1
202400050225;155 693 279;50;0;0;0;1;3
202400050226;155 693 278;7;6;2;2;13;1
202400050226;155 693 283;7;0;2;1;1;1
202400050227;155 693 274;2;0;2;1;1;3
202400050227;155 693 277;7;0;2;7;1;1
202400050228;155 693 275;50;0;0;0;15;3
202400050229;155 693 272;7;0;2;3;13;1
202400050229;155 693 276;33;0;2;1;1;1
202400050230;155 693 269;7;0;1;3;15;1
202400050231;155 693 266;33;0;2;1;1;1
202400050231;155 693 271;7;0;2;3;1;1
202400050231;155 693 273;7;0;2;3;19;1
202400050232;155 693 267;7;0;1;3;1;1
202400050233;155 693 260;2;0;2;8;15;1
202400050233;155 693 268;7;0;2;1;1;1
202400050234;155 693 261;10;0;2;3;16;1
202400050234;155 693 263;31;0;2;1;21;1
202400050235;155 693 262;7;0;2;4;2;1
202400050235;155 693 264;7;0;2;4;2;1
202400050235;155 693 265;7;0;2;4;2;1
202400050235;155 693 270;7;0;2;1;2;1
202400050236;155 693 257;7;0;1;1;15;1
202400050237;155 693 255;1;0;2;6;10;5
202400050237;155 693 258;7;0;2;3;17;1
202400050238;155 693 253;30;0;0;0;26;1
202400050239;155 693 256;7;0;2;3;15;1
202400050239;155 693 259;33;0;2;1;1;1
202400050240;155 693 252;7;0;1;2;23;1
202400050241;155 693 251;32;0;2;1;1;1
202400050241;155 693 254;7;0;2;4;23;1
202400050242;155 693 246;7;0;2;3;11;1
202400050242;155 693 250;30;12;2;2;2;1
202400050243;155 693 245;33;0;2;1;1;1
202400050243;155 693 249;7;0;2;3;17;2
202400050244;155 693 244;17;0;0;2;13;1
202400050245;155 693 242;34;0;2;1;1;1
202400050245;155 693 248;7;0;2;1;1;1
202400050246;155 693 239;1;0;0;8;25;5
202400050247;155 693 237;7;6;0;2;14;1
202400050248;155 693 238;7;0;2;6;1;1
202400050248;155 693 241;7;0;2;3;9;1
202400050248;155 693 247;7;0;2;5;1;1
202400050249;155 693 236;37;0;2;3;13;1
202400050249;155 693 243;7;0;2;8;13;1
202400050250;155 693 235;7;0;0;8;1;1
202400050250;155 693 240;7;0;2;1;19;1
202400050251;155 693 234;7;0;1;2;15;1
202400050252;155 693 226;32;0;2;1;2;1
202400050252;155 693 231;7;0;2;7;15;0
202400050253;155 693 229;7;8;0;2;1;1
202400050254;155 693 225;10;0;1;1;16;1
202400050255;155 693 230;50;0;2;4;23;3
202400050255;155 693 233;7;0;2;1;2;2
202400050256;155 693 224;7;0;2;1;1;1
202400050256;155 693 228;7;0;2;4;23;1
202400050257;155 693 227;7;0;2;1;2;1
202400050257;155 693 232;1;0;2;5;9;5
202400050258;155 693 223;33;13;0;9;1;1
202400050259;155 693 217;7;0;1;2;26;1
202400050260;155 693 218;3;0;2;3;26;1
202400050260;155 693 222;10;0;2;2;15;1
202400050261;155 693 215;3;0;2;1;5;1
202400050261;155 693 219;34;0;2;1;1;1
202400050262;155 693 216;7;0;2;1;1;1
202400050262;155 693 220;1;0;2;8;1;5
202400050263;155 693 214;33;0;2;1;1;1
202400050263;155 693 221;7;0;2;3;15;1
202400050264;155 693 211;34;0;1;1;17;1
202400050265;155 693 210;10;0;2;1;1;1
202400050265;155 693 213;17;0;2;4;1;1
202400050266;155 693 207;15;0;2;1;19;1
202400050266;155 693 212;31;2;2;7;18;1
202400050267;155 693 205;50;0;2;8;1;3
202400050267;155 693 208;7;0;9;3;15;1
202400050268;155 693 201;7;0;2;2;1;2
202400050268;155 693 206;50;0;2;1;1;3
202400050269;155 693 202;7;0;1;3;1;1
202400050270;155 693 204;10;0;2;7;1;1
202400050270;155 693 209;10;0;2;0;0;1
202400050271;155 693 198;1;0;2;1;1;5
202400050271;155 693 200;31;0;2;1;1;1
202400050272;155 693 196;7;0;2;3;2;1
202400050272;155 693 199;7;3;2;5;2;1
202400050272;155 693 203;7;0;0;6;2;2
202400050273;155 693 195;7;0;1;1;1;1
202400050274;155 693 193;7;0;1;0;0;0
202400050275;155 693 194;80;0;2;0;1;5
202400050275;155 693 197;7;0;2;0;15;1
202400050276;155 693 187;33;0;2;7;3;1
202400050276;155 693 191;7;0;2;6;11;1
202400050277;155 693 188;7;0;2;0;0;1
202400050277;155 693 192;1;0;2;0;0;5
202400050278;155 693 182;10;0;2;1;1;1
202400050278;155 693 186;7;0;2;4;23;1
202400050278;155 693 189;7;0;2;4;23;2
202400050279;155 693 183;7;0;2;6;9;0
202400050279;155 693 185;31;0;2;2;1;1
202400050280;155 693 184;7;0;1;3;26;1
202400050280;155 693 190;20;1;0;2;14;1
202400050281;155 693 176;33;0;0;0;2;1
202400050282;155 693 177;7;0;0;1;15;1
202400050282;155 693 180;33;0;2;1;1;1
202400050283;155 693 174;1;1;2;1;5;5
202400050283;155 693 179;7;1;2;1;26;1
202400050284;155 693 178;14;0;2;7;16;1
202400050284;155 693 181;1;0;2;1;1;5
202400050285;155 693 175;13;0;1;2;1;0
202400050286;155 693 172;30;1;0;1;1;1
202400050287;155 693 167;7;0;9;3;1;1
202400050287;155 693 171;1;1;0;8;1;5
202400050288;155 693 169;33;0;1;1;1;1
202400050289;155 693 170;1;0;2;1;1;5
202400050289;155 693 173;7;0;2;1;1;1
202400050290;155 693 164;2;0;2;1;13;1
202400050290;155 693 165;33;0;2;1;1;1
202400050291;155 693 163;7;0;0;4;1;1
202400050291;155 693 166;7;0;2;4;23;1
202400050291;155 693 168;10;0;0;4;21;1
202400050292;155 693 160;2;0;2;2;1;1
202400050292;155 693 162;7;0;0;3;13;1
202400050293;155 693 161;32;0;1;1;1;1
202400050294;155 693 157;7;0;2;3;13;1
202400050294;155 693 159;7;0;2;0;1;1
202400050295;155 693 155;2;0;2;1;1;1
202400050295;155 693 158;7;0;2;2;15;1
202400050296;155 693 154;7;0;0;1;1;1
202400050297;155 693 152;7;0;2;1;16;2
202400050297;155 693 156;1;0;2;7;5;5
202400050298;155 693 151;33;0;0;7;16;1
202400050299;155 693 149;7;0;2;1;1;1
202400050300;155 693 148;33;0;2;1;2;1
202400050300;155 693 150;32;0;2;4;2;1
202400050301;155 693 144;7;0;2;0;0;0
202400050301;155 693 147;2;0;2;7;1;1
202400050302;155 693 138;7;0;2;3;1;1
202400050302;155 693 141;7;0;2;3;13;1
202400050302;155 693 145;7;0;2;3;1;1
202400050303;155 693 139;7;0;0;4;2;1
202400050303;155 693 142;7;0;2;1;2;1
202400050304;155 693 137;7;0;2;4;1;1
202400050304;155 693 140;7;0;2;1;1;0
202400050304;155 693 143;7;0;2;1;1;1
202400050305;155 693 134;33;3;0;7;1;1
202400050306;155 693 135;7;0;2;3;15;1
202400050306;155 693 136;31;0;2;7;2;1
202400050307;155 693 130;32;0;2;6;18;1
202400050307;155 693 132;10;0;2;2;1;1
202400050308;155 693 129;99;0;2;4;1;1
202400050308;155 693 146;7;0;2;1;2;1
202400050309;155 693 127;50;0;0;1;21;3
202400050310;155 693 123;31;0;2;1;1;1
202400050310;155 693 126;7;0;2;0;0;1
202400050311;155 693 125;7;0;2;3;1;1
202400050311;155 693 128;7;0;2;3;1;1
202400050312;155 693 120;33;0;2;1;2;1
202400050312;155 693 124;7;0;2;2;16;1
202400050313;155 693 117;17;0;2;6;1;1
202400050313;155 693 121;7;3;2;2;1;1
202400050314;155 693 119;33;0;2;7;1;1
202400050314;155 693 122;7;0;2;3;15;1
202400050315;155 693 116;33;15;0;3;13;1
202400050316;155 693 115;33;0;2;8;17;1
202400050316;155 693 118;7;0;9;8;1;2
202400050317;155 693 114;1;0;0;0;1;5
202400050318;155 693 110;1;0;2;1;1;5
202400050318;155 693 113;1;0;2;1;26;5
202400050319;155 693 111;7;2;0;1;14;1
202400050320;155 693 108;7;15;2;3;1;1
202400050320;155 693 112;7;8;2;7;19;1
202400050321;155 693 107;7;0;1;1;1;1
202400050322;155 693 104;43;0;6;3;0;1
202400050323;155 693 105;2;0;0;8;1;3
202400050324;155 693 103;7;0;2;3;23;1
202400050324;155 693 106;7;0;2;8;1;2
202400050324;155 693 109;7;0;2;7;15;0
202400050325;155 693 099;7;17;0;2;1;1
202400050326;155 693 101;33;0;0;7;1;1
202400050327;155 693 098;10;0;2;5;15;1
202400050327;155 693 100;2;0;2;1;1;1
202400050328;155 693 097;33;0;2;1;1;1
202400050328;155 693 102;7;0;2;2;10;1
202400050329;155 693 096;2;0;0;0;1;1
202400050330;155 693 092;30;0;2;3;16;3
202400050330;155 693 094;13;0;2;2;0;0
202400050331;155 693 091;7;0;2;4;1;1
202400050331;155 693 095;7;0;2;1;1;1
202400050332;155 693 089;7;0;2;1;13;1
202400050332;155 693 093;7;0;2;1;1;1
202400050333;155 693 087;7;0;2;8;2;1
202400050333;155 693 090;17;0;2;5;12;1
202400050334;155 693 086;7;6;0;1;16;1
202400050335;155 693 084;7;3;2;1;1;1
202400050335;155 693 088;7;0;2;1;13;2
202400050336;155 693 082;7;0;2;1;2;1
202400050336;155 693 085;10;0;2;4;2;1
202400050337;155 693 081;7;0;2;5;16;1
202400050337;155 693 083;1;0;2;8;2;5
202400050338;155 693 080;7;0;0;9;26;1
202400050339;155 693 078;7;2;0;8;2;1
202400050340;155 693 079;30;0;1;1;17;1
202400050341;155 693 077;7;6;0;1;20;3
202400050342;155 693 074;37;0;2;1;23;3
202400050342;155 693 076;10;0;0;0;0;0
202400050343;155 693 071;34;0;1;1;17;1
202400050344;155 693 069;7;0;2;4;2;1
202400050344;155 693 075;7;0;2;1;2;1
202400050345;155 693 070;7;0;2;2;13;1
202400050345;155 693 072;7;0;2;2;21;1
202400050346;155 693 068;7;0;2;3;1;1
202400050346;155 693 073;7;0;2;2;15;1
202400050347;155 693 066;7;0;1;2;2;1
202400050348;155 693 063;7;2;0;1;21;1
202400050349;155 693 064;50;16;2;7;25;3
202400050349;155 693 067;14;0;2;0;0;
202400050350;155 693 061;7;0;1;2;1;1
202400050351;155 693 057;7;0;1;3;21;2
202400050351;155 693 060;7;0;1;1;21;3
202400050351;155 693 062;7;0;1;3;21;2
202400050351;155 693 065;7;0;1;3;21;1
202400050352;155 693 054;43;11;0;1;13;1
202400050353;155 693 052;31;0;2;3;3;1
202400050353;155 693 058;7;0;2;5;1;2
202400050354;155 693 055;33;0;2;1;1;1
202400050354;155 693 059;7;0;2;3;15;1
202400050355;155 693 053;30;1;2;1;1;1
202400050355;155 693 056;7;0;2;3;10;1
202400050356;155 693 046;1;0;2;7;13;5
202400050356;155 693 047;7;0;0;8;1;1
202400050357;155 693 043;31;0;2;3;19;1
202400050357;155 693 048;10;0;2;7;19;1
202400050358;155 693 044;7;0;2;6;1;1
202400050358;155 693 050;7;0;2;1;1;1
202400050359;155 693 045;7;0;2;1;2;1
202400050359;155 693 049;7;0;2;4;2;1
202400050359;155 693 051;7;0;2;4;2;1
202400050360;155 693 042;7;0;1;1;0;1
202400050361;155 693 037;7;0;2;1;2;1
202400050361;155 693 041;7;0;2;1;1;1
202400050362;155 693 039;7;4;0;1;0;1
202400050363;155 693 036;7;0;2;3;23;1
202400050363;155 693 040;2;1;0;1;0;1
202400050364;155 693 035;7;0;2;1;15;1
202400050364;155 693 038;33;0;2;1;1;1
202400050365;155 693 034;50;0;0;0;0;3
202400050366;155 693 033;7;4;0;8;11;1
202400050367;155 693 031;7;6;0;2;14;1
202400050368;155 693 032;7;0;1;1;2;1
202400050369;155 693 030;7;0;1;1;1;1
202400050370;155 693 024;7;0;2;3;1;1
202400050370;155 693 029;7;0;2;3;5;1
202400050371;155 693 025;7;0;2;1;15;1
202400050371;155 693 028;7;0;2;1;16;1
202400050372;155 693 022;33;0;2;3;1;1
202400050372;155 693 027;7;0;2;6;15;1
202400050373;155 693 020;7;0;2;7;12;1
202400050373;155 693 023;33;0;2;8;2;1
202400050374;155 693 019;50;0;0;0;1;3
202400050375;155 693 016;33;0;2;1;21;1
202400050375;155 693 018;7;0;2;3;26;1
202400050376;155 693 013;7;0;2;1;1;1
202400050376;155 693 017;7;0;2;5;16;1
202400050377;155 693 012;7;1;0;5;9;2
202400050377;155 693 015;33;0;2;3;7;1
202400050378;155 693 011;7;0;2;5;1;1
202400050378;155 693 014;10;0;2;6;23;1
202400050379;155 693 010;33;6;0;2;0;1
202400050380;155 693 006;7;0;2;3;24;2
202400050380;155 693 009;80;1;0;1;1;3
202400050381;155 693 004;30;0;2;1;2;1
202400050381;155 693 007;7;0;2;4;1;1
202400050382;155 693 005;10;0;2;1;1;1
202400050382;155 693 008;10;0;2;2;13;1
202400050383;155 692 999;7;0;2;8;19;1
202400050383;155 693 002;7;0;2;1;1;1
202400050384;155 692 998;10;0;1;3;15;0
202400050385;155 692 997;7;0;2;5;2;1
202400050385;155 693 001;33;0;2;2;3;1
202400050385;155 693 003;7;0;2;3;2;1
202400050386;155 692 996;7;0;1;1;1;1
202400050387;155 692 994;7;2;0;0;14;1
202400050388;155 692 995;33;0;2;1;1;1
202400050388;155 693 000;7;0;2;8;15;2
202400050389;155 692 992;7;3;0;2;0;1
202400050390;155 692 990;2;0;0;0;0;0
202400050390;155 692 993;30;0;2;4;1;1
202400050391;155 692 991;7;4;0;8;0;1
202400050392;155 692 988;31;0;2;0;0;1
202400050392;155 692 989;7;0;2;0;0;1
202400050393;155 692 983;7;0;2;0;0;1
202400050393;155 692 986;7;0;2;6;21;1
202400050394;155 692 984;7;0;0;0;1;1
202400050395;155 692 982;7;6;2;1;17;3
202400050395;155 692 985;10;0;2;3;15;1
202400050396;155 692 981;33;0;2;7;1;1
202400050396;155 692 987;7;0;2;8;11;1
202400050397;155 692 979;31;6;0;1;0;1
202400050398;155 692 978;10;0;0;0;15;1
202400050398;155 692 980;2;0;0;0;1;1
202400050399;155 692 976;7;0;1;1;20;0
202400050400;155 692 973;7;0;2;4;2;1
202400050400;155 692 975;10;0;2;1;2;1
202400050401;155 692 971;33;0;2;1;3;1
202400050401;155 692 974;7;0;2;3;11;1
202400050401;155 692 977;7;0;2;6;2;2
202400050402;155 692 969;7;0;0;1;1;1
202400050403;155 692 970;21;0;0;6;15;1
202400050403;155 692 972;33;0;2;1;17;1
202400050404;155 692 966;7;0;2;1;1;1
202400050404;155 692 967;50;0;2;7;19;3
202400050405;155 692 965;7;0;2;2;1;1
202400050405;155 692 968;7;0;2;8;1;1
202400050406;155 692 962;33;0;0;7;26;1
202400050407;155 692 961;33;0;2;7;1;1
202400050407;155 692 964;7;0;2;3;15;1
202400050408;155 692 959;50;0;0;3;1;3
202400050409;155 692 957;7;0;2;1;1;1
202400050409;155 692 958;7;0;2;4;1;1
202400050410;155 692 952;7;4;0;3;26;1
202400050411;155 692 955;7;0;2;3;2;1
202400050411;155 692 960;7;0;2;3;1;1
202400050411;155 692 963;3;0;2;1;15;1
202400050412;155 692 951;10;0;2;1;15;6
202400050412;155 692 954;7;0;2;1;1;0
202400050413;155 692 953;7;0;2;1;1;1
202400050413;155 692 956;10;0;2;7;19;1
202400050414;155 692 949;7;0;2;4;1;0
202400050414;155 692 950;1;0;2;4;1;5
202400050415;155 692 946;7;0;2;3;11;0
202400050415;155 692 948;33;0;2;7;1;0
202400050416;155 692 947;33;0;0;1;13;1
202400050417;155 692 944;10;0;2;3;20;1
202400050417;155 692 945;50;0;2;0;1;3
202400050418;155 692 943;7;0;1;4;20;2
202400050419;155 692 940;10;0;1;2;2;1
202400050420;155 692 939;7;0;2;1;1;1
202400050420;155 692 941;7;0;2;7;1;1
202400050421;155 692 937;7;0;2;7;1;1
202400050421;155 692 942;10;0;2;1;1;3
202400050422;155 692 936;10;2;0;1;1;1
202400050423;155 692 935;7;0;2;3;9;1
202400050423;155 692 938;33;0;2;7;1;1
202400050424;155 692 933;7;0;2;2;4;1
202400050424;155 692 934;50;0;2;1;1;3
202400050425;155 692 931;7;0;1;1;19;2
202400050426;155 692 929;7;0;1;2;16;1
202400050427;155 692 930;36;0;9;2;1;1
202400050427;155 692 932;1;0;2;3;11;5
202400050428;155 692 921;10;0;2;1;1;1
202400050428;155 692 926;7;0;2;6;1;1
202400050429;155 692 917;13;0;2;4;2;1
202400050429;155 692 922;7;0;0;4;2;1
202400050429;155 692 925;14;0;2;1;2;1
202400050429;155 692 927;7;0;2;4;2;1
202400050430;155 692 919;7;0;2;1;1;1
202400050430;155 692 923;7;0;2;5;1;1
202400050430;155 692 928;7;0;2;3;15;1
202400050431;155 692 920;7;2;2;1;2;1
202400050431;155 692 924;7;0;2;3;15;1
202400050432;155 692 916;39;0;2;1;1;3
202400050432;155 692 918;10;0;4;6;1;1
202400050433;155 692 914;7;13;0;1;1;1
202400050434;155 692 912;7;0;2;1;2;1
202400050434;155 692 915;7;0;2;6;23;1
202400050435;155 692 913;7;4;0;9;13;1
202400050436;155 692 909;33;0;0;9;1;1
202400050437;155 692 908;33;0;2;1;1;1
202400050437;155 692 911;7;0;2;3;15;1
202400050438;155 692 905;14;0;0;5;23;1
202400050438;155 692 910;7;1;0;3;12;1
202400050439;155 692 906;7;0;0;9;14;1
202400050440;155 692 904;7;0;2;3;15;1
202400050440;155 692 907;37;0;2;3;1;3