Num_Acc;id_vehicule;categorie_vehicule;obstacle_fixe;obstacle_mobile;point_choc_initial;manoeuvre_principale;motorisation
202400050441;155 692 902;7;0;1;3;1;1
202400050442;155 692 898;7;0;2;3;15;1
202400050442;155 692 901;33;0;2;1;17;1
202400050443;155 692 896;7;0;0;8;1;1
202400050443;155 692 900;7;0;2;7;17;1
202400050443;155 692 903;7;13;0;2;21;1
202400050444;155 692 897;10;0;1;2;2;1
202400050445;155 692 895;7;0;2;2;15;1
202400050445;155 692 899;33;0;2;1;1;1
202400050446;155 692 892;7;0;2;1;9;1
202400050446;155 692 894;7;0;2;3;1;1
202400050447;155 692 891;7;16;0;9;13;1
202400050448;155 692 887;7;0;0;1;15;1
202400050449;155 692 886;7;0;2;9;21;1
202400050449;155 692 889;7;0;2;4;26;2
202400050449;155 692 893;7;0;2;1;2;1
202400050450;155 692 885;10;0;1;1;16;1
202400050451;155 692 881;7;0;2;2;2;1
202400050451;155 692 883;7;0;2;4;2;1
202400050452;155 692 880;7;0;0;0;0;1
202400050453;155 692 884;7;0;0;8;13;1
202400050454;155 692 876;7;0;2;2;15;1
202400050454;155 692 879;33;0;2;1;1;0
202400050454;155 692 882;7;6;2;2;1;1
202400050455;155 692 874;7;0;2;3;13;1
202400050455;155 692 878;7;0;2;3;1;1
202400050456;155 692 873;99;0;0;3;19;1
202400050456;155 692 875;2;0;0;1;1;1
202400050457;155 692 872;2;0;2;1;1;1
202400050457;155 692 877;7;0;2;7;1;1
202400050458;155 692 869;7;0;0;2;17;1
202400050459;155 692 868;17;3;2;1;13;1
202400050459;155 692 870;7;3;0;1;1;1
202400050460;155 692 866;7;0;2;1;1;1
202400050460;155 692 871;7;0;2;1;14;1
202400050461;155 692 865;50;0;2;7;1;3
202400050461;155 692 867;7;0;2;2;1;1
202400050462;155 692 862;7;0;2;8;9;1
202400050462;155 692 864;14;0;2;1;2;1
202400050463;155 692 860;7;3;2;0;1;1
202400050463;155 692 863;7;3;2;0;1;2
202400050464;155 692 859;10;0;2;3;1;1
202400050464;155 692 861;7;0;2;3;13;1
202400050465;155 692 857;33;4;2;1;1;1
202400050465;155 692 858;7;0;2;1;1;1
202400050466;155 692 855;7;0;9;3;9;3
202400050466;155 692 856;1;0;2;7;1;5
202400050467;155 692 853;1;0;0;0;1;5
202400050468;155 692 852;15;0;2;1;1;1
202400050468;155 692 854;7;0;2;1;13;1
202400050469;155 692 850;7;0;2;2;1;1
202400050469;155 692 851;35;0;2;3;0;1
202400050470;155 692 848;7;0;2;1;2;1
202400050470;155 692 849;33;0;2;4;23;1
202400050471;155 692 846;7;13;0;3;14;1
202400050472;155 692 844;7;3;2;1;2;1
202400050472;155 692 847;7;3;0;4;2;1
202400050473;155 692 843;7;0;1;2;1;2
202400050474;155 692 842;7;13;0;9;14;1
202400050475;155 692 840;7;8;0;7;1;1
202400050476;155 692 838;7;0;2;8;15;1
202400050476;155 692 841;7;0;2;1;1;1
202400050477;155 692 837;7;13;0;2;1;1
202400050478;155 692 836;7;0;2;5;9;1
202400050478;155 692 839;80;0;2;1;1;3
202400050479;155 692 833;21;0;2;2;15;1
202400050479;155 692 834;30;0;2;1;1;1
202400050480;155 692 832;7;0;1;4;4;1
202400050481;155 692 835;33;13;0;0;16;1
202400050482;155 692 828;7;8;2;1;1;1
202400050482;155 692 830;7;0;0;7;0;1
202400050483;155 692 829;10;0;2;2;19;1
202400050483;155 692 831;7;0;2;1;1;1
202400050484;155 692 826;7;0;1;1;1;1
202400050485;155 692 827;7;13;0;1;1;1
202400050486;155 692 825;7;12;0;1;1;1
202400050487;155 692 824;7;8;0;2;15;1
202400050488;155 692 820;7;1;0;1;26;1
202400050488;155 692 821;7;0;2;3;26;1
202400050489;155 692 818;7;0;2;3;16;1
202400050489;155 692 819;43;0;2;1;1;1
202400050490;155 692 817;7;4;0;0;9;1
202400050491;155 692 816;7;4;0;1;1;1
202400050492;155 692 814;7;0;2;3;1;1
202400050492;155 692 815;33;0;2;1;1;1
202400050493;155 692 812;50;0;2;1;26;3
202400050493;155 692 813;37;0;2;5;1;0
202400050494;155 692 811;7;8;0;1;1;1
202400050495;155 692 810;2;0;0;7;1;1
202400050496;155 692 809;7;0;1;6;4;1
202400050497;155 692 808;10;4;0;2;15;1
202400050498;155 692 807;7;0;1;3;26;1
202400050499;155 692 805;7;0;2;1;1;1
202400050499;155 692 806;2;0;2;1;13;1
202400050500;155 692 803;16;0;2;7;12;1
202400050500;155 692 804;7;0;2;8;1;1
202400050501;155 692 802;7;0;1;2;1;1
202400050502;155 692 800;50;0;0;0;0;3
202400050502;155 692 801;7;0;2;4;4;1
202400050503;155 692 799;7;1;0;2;1;1
202400050504;155 692 797;17;0;2;1;1;1
202400050504;155 692 798;7;0;2;4;9;1
202400050505;155 692 795;7;5;2;3;5;1
202400050505;155 692 796;7;0;2;3;13;2
202400050506;155 692 794;50;0;0;3;1;3
202400050507;155 692 793;7;0;1;0;1;1
202400050508;155 692 792;7;0;1;3;1;1
202400050509;155 692 791;7;0;1;4;20;1
202400050510;155 692 789;7;0;2;4;2;2
202400050510;155 692 790;30;0;2;1;2;3
202400050511;155 692 788;7;0;0;0;13;1
202400050512;155 692 786;99;0;2;3;0;0
202400050512;155 692 787;7;0;9;2;2;1
202400050513;155 692 785;2;0;0;7;1;1
202400050514;155 692 784;7;13;0;1;1;1
202400050515;155 692 782;50;0;2;1;21;3
202400050515;155 692 783;14;0;2;4;4;1
202400050516;155 692 781;10;0;1;2;1;1
202400050517;155 692 780;7;0;1;1;1;1
202400050518;155 692 778;13;0;9;1;1;1
202400050518;155 692 779;1;0;2;1;1;5
202400050519;155 692 775;10;0;2;1;1;1
202400050519;155 692 776;7;0;2;5;5;1
202400050519;155 692 777;7;0;2;1;5;1
202400050520;155 692 773;30;0;2;3;2;1
202400050520;155 692 774;10;0;2;3;15;1
202400050521;155 692 771;7;0;2;7;16;1
202400050521;155 692 772;7;0;2;0;0;1
202400050522;155 692 770;7;13;0;1;1;1
202400050523;155 692 769;7;7;0;1;15;1
202400050524;155 692 767;7;0;2;7;0;1
202400050524;155 692 768;7;0;2;1;1;1
202400050525;155 692 766;7;0;1;2;1;1
202400050526;155 692 764;50;0;2;1;19;3
202400050526;155 692 765;7;0;2;2;1;1
202400050527;155 692 763;2;0;2;7;1;1
202400050528;155 692 760;7;0;2;3;1;1
202400050528;155 692 762;7;0;2;3;23;1
202400050529;155 692 759;15;0;2;1;1;1
202400050529;155 692 761;7;0;0;4;1;1
202400050530;155 692 756;7;0;2;7;21;1
202400050530;155 692 757;7;0;2;6;23;1
202400050531;155 692 753;7;0;9;2;15;1
202400050531;155 692 754;1;0;9;1;2;5
202400050532;155 692 755;7;0;9;3;16;1
202400050532;155 692 758;50;0;2;7;1;3
202400050533;155 692 751;1;0;2;7;26;5
202400050533;155 692 752;7;0;9;0;0;1
202400050534;155 692 747;40;0;2;0;15;3
202400050534;155 692 750;1;0;4;0;1;5
202400050535;155 692 748;7;0;2;2;26;1
202400050535;155 692 749;7;15;2;3;9;1
202400050536;155 692 746;7;6;0;1;2;1
202400050537;155 692 745;7;0;1;0;0;1
202400050538;155 692 744;30;0;5;7;1;1
202400050539;155 692 742;7;0;2;2;10;1
202400050539;155 692 743;31;0;2;1;1;1
202400050540;155 692 741;7;0;1;8;1;1
202400050541;155 692 738;7;0;2;6;2;1
202400050541;155 692 740;7;9;2;2;17;1
202400050542;155 692 737;33;0;2;7;16;1
202400050542;155 692 739;7;0;2;3;1;1
202400050543;155 692 736;7;3;0;3;1;1
202400050544;155 692 735;10;0;1;1;1;0
202400050545;155 692 730;13;0;1;5;0;0
202400050546;155 692 731;33;0;2;1;1;1
202400050546;155 692 732;38;0;2;7;1;1
202400050546;155 692 733;10;0;2;1;1;1
202400050546;155 692 734;7;0;2;8;11;2
202400050547;155 692 729;7;0;1;1;1;1
202400050548;155 692 728;1;0;1;1;17;5
202400050549;155 692 727;7;0;1;2;0;1
202400050550;155 692 725;7;0;2;3;20;1
202400050550;155 692 726;32;0;2;1;1;1
202400050551;155 692 721;7;0;2;4;2;1
202400050551;155 692 723;7;0;2;4;2;1
202400050551;155 692 724;10;0;2;1;26;1
202400050552;155 692 720;1;0;2;3;19;5
202400050552;155 692 722;7;0;2;2;1;1
202400050553;155 692 718;7;0;2;4;2;1
202400050553;155 692 719;7;0;2;1;2;1
202400050554;155 692 716;7;9;2;2;1;1
202400050554;155 692 717;7;0;2;1;1;1
202400050555;155 692 712;0;0;1;2;1;0
202400050556;155 692 713;33;0;2;7;3;1
202400050556;155 692 714;7;0;2;5;1;1
202400050556;155 692 715;7;0;2;3;11;1
202400050557;155 692 711;7;4;0;2;1;1
202400050558;155 692 709;10;0;2;2;11;1
202400050558;155 692 710;7;0;2;3;15;1
202400050559;155 692 707;1;0;1;1;1;5
202400050560;155 692 706;7;0;2;1;15;1
202400050560;155 692 708;33;0;2;1;1;1
202400050561;155 692 705;31;12;0;8;13;1
202400050562;155 692 704;33;0;0;8;3;1
202400050563;155 692 703;33;0;1;8;18;1
202400050564;155 692 702;7;2;0;1;13;1
202400050565;155 692 701;37;0;1;3;1;1
202400050566;155 692 699;33;0;0;0;1;1
202400050567;155 692 697;2;0;2;2;14;1
202400050567;155 692 700;7;0;2;3;1;1
202400050568;155 692 696;7;0;2;1;9;1
202400050568;155 692 698;7;4;2;7;14;1
202400050569;155 692 695;7;0;0;1;1;1
202400050570;155 692 693;1;0;2;7;1;5
202400050570;155 692 694;7;0;2;1;9;1
202400050571;155 692 690;7;14;0;1;2;1
202400050571;155 692 692;7;0;2;4;23;1
202400050572;155 692 689;2;0;2;3;1;1
202400050572;155 692 691;7;0;2;1;1;1
202400050573;155 692 688;7;0;1;2;1;1
202400050574;155 692 687;7;0;1;3;15;1
202400050575;155 692 686;10;8;0;0;9;0
202400050576;155 692 685;32;0;1;0;25;0
202400050577;155 692 684;31;0;0;0;21;1
202400050578;155 692 683;7;0;1;3;15;1
202400050579;155 692 682;7;0;1;5;4;1
202400050580;155 692 681;2;0;0;0;18;1
202400050581;155 692 679;7;0;1;2;16;1
202400050582;155 692 678;1;0;2;7;1;5
202400050582;155 692 680;7;0;2;1;9;1
202400050583;155 692 677;7;0;1;2;1;1
202400050584;155 692 674;10;0;2;4;4;1
202400050584;155 692 676;1;0;2;1;23;5
202400050585;155 692 673;10;0;2;8;15;1
202400050585;155 692 675;7;0;2;2;18;1
202400050586;155 692 671;33;0;2;8;17;1
202400050586;155 692 672;7;0;2;3;1;1
202400050587;155 692 669;7;0;2;2;16;1
202400050587;155 692 670;33;0;2;3;18;1
202400050588;155 692 667;7;0;2;3;1;1
202400050588;155 692 668;1;0;2;5;12;5
202400050589;155 692 665;7;0;1;1;1;1
202400050590;155 692 664;7;0;0;0;1;1
202400050590;155 692 666;50;0;0;0;5;3
202400050591;155 692 660;7;0;2;1;26;1
202400050591;155 692 662;3;0;2;4;0;1
202400050591;155 692 663;7;0;2;4;23;1
202400050592;155 692 661;7;4;0;1;1;1
202400050593;155 692 658;2;0;2;3;1;1
202400050593;155 692 659;7;0;2;2;15;0
202400050594;155 692 657;7;6;0;2;1;1
202400050595;155 692 655;7;0;2;1;1;1
202400050595;155 692 656;7;0;2;5;15;1
202400050596;155 692 654;7;0;1;2;1;1
202400050597;155 692 652;31;0;2;7;17;1
202400050597;155 692 653;37;0;2;8;1;0
202400050598;155 692 649;7;0;2;2;9;1
202400050598;155 692 651;7;0;2;2;15;1
202400050599;155 692 648;50;0;2;2;0;3
202400050599;155 692 650;7;0;9;1;19;1
202400050600;155 692 645;7;0;2;2;0;1
202400050600;155 692 646;32;0;2;1;0;1
202400050600;155 692 647;32;0;2;1;0;1
202400050601;155 692 644;10;0;1;1;15;1
202400050602;155 692 642;1;0;2;1;2;5
202400050602;155 692 643;32;0;2;0;26;1
202400050603;155 692 641;3;13;0;3;13;1
202400050604;155 692 639;7;0;2;8;15;1
202400050604;155 692 640;33;0;2;1;1;1
202400050605;155 692 636;10;0;2;1;16;1
202400050605;155 692 638;43;0;2;1;1;1
202400050606;155 692 634;37;0;2;4;1;1
202400050606;155 692 637;10;0;2;1;2;1
202400050607;155 692 633;7;0;2;4;1;1
202400050607;155 692 635;7;0;2;1;2;1
202400050608;155 692 630;7;0;2;1;0;0
202400050608;155 692 632;7;0;2;0;0;1
202400050609;155 692 628;32;0;2;7;17;1
202400050609;155 692 631;7;0;2;3;15;1
202400050610;155 692 627;2;0;2;1;1;1
202400050610;155 692 629;32;0;2;2;19;1
202400050611;155 692 625;10;1;0;1;11;3
202400050612;155 692 624;10;0;2;4;4;1
202400050612;155 692 626;1;0;2;0;0;5
202400050613;155 692 622;7;0;2;6;1;1
202400050613;155 692 623;7;0;2;1;1;1
202400050614;155 692 621;50;0;2;1;17;3
202400050615;155 692 619;7;0;1;1;1;0
202400050616;155 692 618;7;0;2;2;5;1
202400050616;155 692 620;7;0;2;1;26;1
202400050617;155 692 617;37;0;1;2;1;3
202400050618;155 692 615;10;0;1;1;1;1
202400050619;155 692 614;10;8;0;2;1;1
202400050620;155 692 613;7;0;2;2;9;1
202400050620;155 692 616;7;0;2;5;1;1
202400050621;155 692 609;7;0;2;3;1;1
202400050621;155 692 612;7;0;2;3;1;1
202400050622;155 692 608;30;0;2;4;2;1
202400050622;155 692 611;7;0;2;3;2;1
202400050623;155 692 607;1;0;2;1;1;5
202400050623;155 692 610;7;0;2;3;16;1
202400050624;155 692 602;2;0;2;1;3;1
202400050624;155 692 603;7;0;2;5;12;1
202400050625;155 692 601;10;0;2;1;1;1
202400050625;155 692 606;7;0;2;1;19;1
202400050626;155 692 598;33;0;2;1;2;1
202400050626;155 692 600;7;0;2;4;15;3
202400050627;155 692 597;50;0;1;1;19;3
202400050628;155 692 596;33;0;2;1;26;1
202400050628;155 692 599;7;0;2;4;2;1
202400050629;155 692 595;7;0;0;6;9;1
202400050630;155 692 594;33;0;1;0;1;1
202400050631;155 692 588;7;0;2;6;1;3
202400050631;155 692 591;7;0;2;1;1;2
202400050631;155 692 592;10;0;2;3;11;1
202400050631;155 692 593;7;0;2;2;1;1
202400050632;155 692 587;7;0;2;4;1;1
202400050632;155 692 589;7;0;2;1;1;1
202400050633;155 692 583;10;0;1;4;4;6
202400050634;155 692 585;33;0;2;1;2;1
202400050634;155 692 586;7;0;0;5;2;1
202400050635;155 692 584;33;0;0;7;0;1
202400050636;155 692 579;13;0;0;0;15;0
202400050636;155 692 582;2;0;2;0;1;3
202400050637;155 692 578;2;0;2;8;10;1
202400050637;155 692 581;2;0;2;2;1;1
202400050638;155 692 577;10;0;2;0;0;0
202400050638;155 692 580;7;0;2;4;1;1
202400050639;155 692 572;7;16;0;1;15;1
202400050639;155 692 576;7;0;2;4;0;1
202400050640;155 692 567;7;14;0;0;19;3
202400050640;155 692 568;33;1;2;1;1;1
202400050641;155 692 571;50;0;2;1;1;3
202400050641;155 692 575;80;0;2;4;1;3
202400050642;155 692 565;7;0;2;3;1;1
202400050642;155 692 569;7;0;2;4;1;1
202400050642;155 692 574;7;0;2;1;1;1
202400050643;155 692 566;7;0;0;3;1;1
202400050643;155 692 570;7;0;0;3;1;1
202400050643;155 692 573;7;0;0;3;1;1
202400050644;155 692 564;7;0;0;1;0;1
202400050645;155 692 557;32;0;2;1;0;1
202400050645;155 692 561;7;0;2;5;0;1
202400050646;155 692 559;7;8;0;1;14;1
202400050647;155 692 558;7;0;2;4;1;1
202400050647;155 692 562;30;0;2;1;1;1
202400050648;155 692 560;1;0;2;1;21;5
202400050648;155 692 563;13;0;2;4;2;0
202400050649;155 692 554;7;8;0;9;14;1
202400050650;155 692 553;7;1;2;6;0;1
202400050650;155 692 556;7;0;2;3;0;1
202400050651;155 692 552;7;0;2;2;13;1
202400050651;155 692 555;7;0;2;3;15;1
202400050652;155 692 550;50;0;2;8;19;3
202400050652;155 692 551;7;0;2;2;1;1
202400050653;155 692 549;37;0;1;1;0;1
202400050654;155 692 544;7;0;2;5;1;1
202400050654;155 692 547;7;0;2;1;1;1
202400050655;155 692 545;33;0;1;1;1;1
202400050656;155 692 546;7;0;1;3;1;1
202400050657;155 692 542;7;0;1;3;1;1
202400050658;155 692 543;7;0;2;2;0;1
202400050658;155 692 548;32;0;2;2;26;3
202400050659;155 692 541;2;14;0;1;16;1
202400050660;155 692 537;1;0;2;3;5;5
202400050660;155 692 540;7;0;9;3;26;3
202400050661;155 692 536;2;0;0;7;16;1
202400050662;155 692 534;30;0;2;1;0;0
202400050662;155 692 539;30;0;0;0;26;3
202400050663;155 692 533;7;0;2;1;1;1
202400050664;155 692 535;33;0;2;1;1;1
202400050664;155 692 538;7;0;2;3;15;1
202400050665;155 692 532;7;0;1;3;15;0
202400050666;155 692 526;10;0;2;1;15;1
202400050666;155 692 529;31;0;2;8;1;1
202400050667;155 692 528;7;2;0;2;2;1
202400050668;155 692 530;34;0;1;1;16;1
202400050669;155 692 527;80;0;2;8;1;3
202400050669;155 692 531;31;0;2;5;16;3
202400050670;155 692 524;7;0;2;3;10;1
202400050670;155 692 525;32;0;2;2;17;1
202400050671;155 692 519;7;6;1;2;1;1
202400050672;155 692 518;21;0;2;0;9;1
202400050672;155 692 523;34;0;2;0;1;1
202400050673;155 692 513;7;0;1;1;1;2
202400050674;155 692 515;7;0;1;1;1;1
202400050675;155 692 516;31;0;2;2;9;1
202400050675;155 692 521;7;0;2;3;9;1
202400050676;155 692 514;7;0;2;3;11;1
202400050676;155 692 520;32;0;2;1;1;1
202400050677;155 692 517;10;0;2;3;22;1
202400050677;155 692 522;1;0;2;2;1;5
202400050678;155 692 512;7;3;0;3;14;1
202400050679;155 692 511;7;0;1;1;1;1
202400050680;155 692 507;7;0;1;3;15;1
202400050681;155 692 509;1;0;1;1;1;5
202400050682;155 692 508;7;0;1;2;1;1
202400050683;155 692 505;7;0;1;1;1;1
202400050684;155 692 506;7;8;0;1;1;1
202400050685;155 692 504;50;1;2;7;1;3
202400050685;155 692 510;32;1;2;8;9;1
202400050686;155 692 499;32;0;2;7;17;1
202400050686;155 692 501;7;0;0;8;13;1
202400050687;155 692 498;7;0;2;1;9;1
202400050687;155 692 500;2;0;2;7;1;1
202400050688;155 692 495;7;0;2;4;23;2
202400050688;155 692 502;7;0;2;1;2;1
202400050689;155 692 497;7;0;1;3;1;2
202400050690;155 692 496;7;0;2;1;1;2
202400050690;155 692 503;43;0;2;2;1;1
202400050691;155 692 489;50;0;2;5;19;3
202400050691;155 692 492;7;0;9;3;1;1
202400050692;155 692 491;7;0;2;3;0;1
202400050692;155 692 494;7;0;2;3;0;1
202400050693;155 692 487;7;0;2;1;15;1
202400050693;155 692 493;1;0;0;0;0;5
202400050694;155 692 485;7;0;1;3;15;2
202400050695;155 692 484;7;0;0;7;15;1
202400050695;155 692 488;33;0;0;1;1;1
202400050696;155 692 486;50;0;1;1;1;3
202400050697;155 692 483;7;0;2;0;1;1
202400050697;155 692 490;7;0;2;0;1;1
202400050698;155 692 481;31;1;0;1;26;1
202400050699;155 692 480;7;0;1;3;1;1
202400050700;155 692 478;1;0;0;4;1;5
202400050700;155 692 482;7;0;9;4;17;1
202400050701;155 692 474;7;13;0;4;23;1
202400050702;155 692 473;7;2;0;5;1;1
202400050703;155 692 477;10;0;2;1;1;3
202400050703;155 692 479;7;0;2;4;23;1
202400050704;155 692 476;10;0;0;0;0;0
202400050705;155 692 475;1;0;5;1;1;5
202400050706;155 692 469;7;0;2;3;1;1
202400050706;155 692 472;7;0;2;8;15;1
202400050707;155 692 467;33;16;0;9;1;1
202400050708;155 692 466;33;0;0;4;2;1
202400050708;155 692 470;33;0;2;1;2;1
202400050709;155 692 468;10;0;2;7;2;1
202400050709;155 692 471;50;0;2;8;2;3
202400050710;155 692 463;7;9;2;1;9;1
202400050710;155 692 465;50;9;2;8;1;3
202400050711;155 692 464;10;0;1;1;1;1
202400050712;155 692 462;50;1;1;1;14;3
202400050713;155 692 460;7;0;1;0;0;0
202400050714;155 692 457;34;0;2;2;26;1
202400050714;155 692 461;2;0;2;1;0;0
202400050715;155 692 453;30;0;2;7;17;1
202400050715;155 692 458;7;0;2;6;15;1
202400050716;155 692 454;15;0;2;1;21;1
202400050716;155 692 459;7;10;2;6;1;1
202400050717;155 692 452;7;0;2;1;1;1
202400050717;155 692 456;33;0;2;4;1;1
202400050718;155 692 450;7;0;2;1;15;1
202400050718;155 692 455;33;0;2;8;1;1
202400050719;155 692 449;7;0;2;1;5;1
202400050719;155 692 451;7;0;2;2;13;1
202400050720;155 692 445;7;0;2;1;1;
202400050720;155 692 448;1;0;2;1;1;5
202400050721;155 692 443;7;0;2;3;15;1
202400050721;155 692 447;7;0;2;8;0;1
202400050722;155 692 440;7;0;2;2;9;1
202400050722;155 692 442;80;0;2;1;1;3
202400050723;155 692 439;7;2;0;1;1;1
202400050724;155 692 438;7;1;2;6;23;1
202400050724;155 692 444;7;1;2;1;2;1
202400050725;155 692 436;7;0;1;1;1;1
202400050726;155 692 435;1;0;2;1;15;5
202400050726;155 692 446;7;0;2;2;1;1
202400050727;155 692 433;7;13;0;2;1;1
202400050728;155 692 430;7;0;0;3;1;1
202400050728;155 692 437;7;0;2;1;1;1
202400050728;155 692 441;17;0;2;1;1;1
202400050729;155 692 429;17;13;0;2;1;1
202400050729;155 692 431;7;14;0;1;1;1
202400050730;155 692 426;7;0;1;0;1;1
202400050731;155 692 425;33;0;0;0;0;1
202400050732;155 692 427;1;14;0;1;13;5
202400050733;155 692 428;7;0;2;1;1;1
202400050733;155 692 432;10;0;2;7;19;1
202400050733;155 692 434;10;0;2;1;23;1
202400050734;155 692 421;31;0;2;2;17;1
202400050734;155 692 424;7;0;2;6;15;1
202400050735;155 692 418;10;0;2;5;9;1
202400050735;155 692 423;10;0;2;3;2;1
202400050736;155 692 419;2;0;2;3;18;1
202400050736;155 692 422;10;0;2;2;16;1
202400050737;155 692 416;7;0;2;2;1;1
202400050737;155 692 420;7;0;2;3;10;1
202400050738;155 692 417;1;6;0;2;1;5
202400050739;155 692 414;7;0;1;6;4;1
202400050740;155 692 410;1;0;2;3;1;5
202400050740;155 692 415;7;0;2;1;1;1
202400050741;155 692 413;50;0;1;1;1;3
202400050742;155 692 407;32;0;2;1;1;0
202400050742;155 692 412;7;0;2;7;1;0
202400050743;155 692 404;7;0;2;3;1;1
202400050743;155 692 411;43;0;2;3;5;1
202400050744;155 692 405;32;14;0;8;11;1
202400050745;155 692 403;7;0;2;8;13;1
202400050745;155 692 409;33;0;2;1;17;1
202400050746;155 692 402;7;0;2;1;5;0
202400050746;155 692 406;7;0;2;1;1;0
202400050747;155 692 397;33;0;2;3;26;1
202400050747;155 692 399;7;0;2;2;16;1
202400050748;155 692 396;32;0;1;1;0;1
202400050749;155 692 398;7;0;9;3;23;1
202400050749;155 692 401;80;0;2;1;5;3
202400050750;155 692 393;7;13;0;1;0;1
202400050751;155 692 395;1;0;2;1;0;5
202400050751;155 692 400;7;0;2;3;0;1
202400050751;155 692 408;1;0;2;1;1;5
202400050752;155 692 392;7;0;1;2;1;1
202400050753;155 692 391;7;0;0;0;0;1
202400050754;155 692 390;33;0;0;8;13;1
202400050755;155 692 389;7;0;2;7;1;1
202400050755;155 692 394;50;0;2;1;1;3
202400050756;155 692 388;7;0;1;8;1;1
202400050757;155 692 387;2;0;1;2;1;1
202400050758;155 692 386;31;0;1;7;0;0
202400050759;155 692 384;10;0;1;2;17;1
202400050760;155 692 382;31;0;2;1;1;0
202400050760;155 692 385;7;0;2;3;1;0
202400050761;155 692 383;33;13;0;0;1;1
202400050762;155 692 376;32;0;2;1;1;1
202400050762;155 692 379;7;0;2;3;26;2
202400050763;155 692 378;7;0;2;2;22;1
202400050763;155 692 380;43;1;0;6;18;1
202400050764;155 692 372;33;0;0;7;16;1
202400050765;155 692 374;7;0;2;1;15;1
202400050765;155 692 381;7;0;2;3;15;1
202400050766;155 692 371;7;0;2;1;5;2
202400050766;155 692 377;7;0;2;1;1;1
202400050767;155 692 370;0;0;1;0;0;0
202400050768;155 692 373;1;0;0;0;1;5
202400050769;155 692 369;3;1;0;1;1;1
202400050770;155 692 366;7;16;0;9;1;1
202400050771;155 692 367;7;1;2;3;1;1
202400050771;155 692 375;7;0;2;1;1;1
202400050772;155 692 362;2;8;0;1;0;1
202400050773;155 692 365;32;0;1;0;16;1
202400050774;155 692 361;7;0;1;3;1;1
202400050775;155 692 360;50;1;0;1;9;3
202400050776;155 692 358;7;0;2;1;1;0
202400050776;155 692 364;7;0;2;6;16;1
202400050777;155 692 359;10;0;2;1;5;1
202400050777;155 692 368;7;0;2;1;13;1
202400050778;155 692 356;7;2;0;2;0;1
202400050779;155 692 353;7;10;0;7;1;1
202400050780;155 692 354;7;13;0;2;1;1
202400050781;155 692 351;1;0;1;1;2;5
202400050782;155 692 348;33;0;2;1;0;1
202400050782;155 692 352;7;0;2;2;13;1
202400050783;155 692 355;33;0;2;1;1;1
202400050783;155 692 357;7;0;2;3;2;1
202400050783;155 692 363;10;0;2;7;15;1
202400050784;155 692 343;7;13;0;9;1;1
202400050785;155 692 347;7;0;2;1;1;1
202400050785;155 692 350;10;0;2;2;1;1
202400050786;155 692 341;10;0;2;1;9;1
202400050786;155 692 345;7;0;2;2;1;1
202400050787;155 692 339;7;0;2;3;1;3
202400050787;155 692 344;2;0;2;7;1;1
202400050788;155 692 342;1;0;2;0;18;5
202400050788;155 692 349;7;0;2;0;16;1
202400050789;155 692 338;7;13;0;1;14;1
202400050790;155 692 337;1;0;0;0;0;5
202400050791;155 692 335;7;0;2;2;1;1
202400050791;155 692 346;7;0;2;8;1;1
202400050792;155 692 332;7;14;0;2;1;1
202400050793;155 692 331;3;0;1;2;2;0
202400050794;155 692 333;31;0;2;1;17;1
202400050794;155 692 336;7;0;2;3;0;2
202400050795;155 692 330;7;1;0;8;26;1
202400050796;155 692 329;7;0;2;7;17;1
202400050796;155 692 334;17;0;2;3;13;1
202400050797;155 692 320;7;0;1;1;1;1
202400050798;155 692 323;10;0;2;3;1;1
202400050798;155 692 328;7;0;2;3;1;1
202400050799;155 692 318;7;12;0;1;1;0
202400050799;155 692 319;7;0;0;1;1;0
202400050800;155 692 315;10;0;2;1;2;1
202400050800;155 692 317;7;0;2;4;2;1
202400050801;155 692 313;7;4;0;8;21;1
202400050802;155 692 307;7;0;2;5;12;1
202400050802;155 692 312;33;0;2;3;12;1
202400050803;155 692 327;33;11;0;7;1;1
202400050804;155 692 306;1;0;2;1;13;5
202400050804;155 692 310;7;0;2;4;23;1
202400050805;155 692 309;31;0;2;1;1;1
202400050805;155 692 314;10;0;2;4;11;1
202400050806;155 692 326;7;0;1;2;1;1
202400050807;155 692 304;7;0;2;6;1;1
202400050807;155 692 305;33;0;2;1;3;1
202400050808;155 692 311;7;0;2;2;1;1
202400050808;155 692 316;2;0;2;3;1;1
202400050809;155 692 308;2;0;2;1;19;1
202400050809;155 692 321;7;0;2;3;1;1
202400050810;155 692 302;33;0;0;0;12;1
202400050811;155 692 303;7;0;2;5;1;0
202400050811;155 692 322;7;0;2;1;13;1
202400050811;155 692 325;7;0;2;2;1;1
202400050812;155 692 300;7;0;2;3;1;1
202400050812;155 692 324;10;13;2;3;1;1
202400050813;155 692 294;7;0;2;1;5;1
202400050813;155 692 297;15;0;2;1;1;1
202400050814;155 692 299;33;14;0;1;1;1
202400050815;155 692 293;33;5;0;1;1;1
202400050816;155 692 298;7;4;2;3;11;1
202400050816;155 692 301;7;0;2;2;1;1
202400050817;155 692 292;7;13;2;8;17;1