Num_Acc;id_vehicule;categorie_vehicule;obstacle_fixe;obstacle_mobile;point_choc_initial;manoeuvre_principale;motorisation
202400051910;155 690 424;7;2;0;1;1;1
202400051911;155 690 426;7;0;2;2;15;1
202400051911;155 690 430;7;0;2;1;1;1
202400051912;155 690 423;38;6;2;1;13;0
202400051912;155 690 446;7;0;2;1;1;0
202400051912;155 690 451;10;0;2;9;1;1
202400051913;155 690 427;7;6;0;2;1;1
202400051914;155 690 421;7;0;2;5;12;1
202400051914;155 690 425;33;0;2;1;3;1
202400051915;155 690 418;43;0;2;1;3;1
202400051915;155 690 422;33;0;2;4;3;1
202400051916;155 690 416;7;4;0;8;2;1
202400051917;155 690 414;7;0;1;3;0;2
202400051918;155 690 412;7;0;2;3;1;1
202400051918;155 690 420;34;0;2;1;1;1
202400051919;155 690 417;7;0;2;7;16;1
202400051919;155 690 419;1;0;2;1;7;5
202400051920;155 690 411;7;4;1;3;21;1
202400051921;155 690 409;7;0;2;6;4;1
202400051921;155 690 413;10;0;2;2;2;1
202400051922;155 690 406;7;1;2;1;15;0
202400051922;155 690 415;2;1;2;4;1;0
202400051923;155 690 405;7;4;2;6;11;1
202400051923;155 690 410;10;4;2;2;1;1
202400051924;155 690 404;1;1;0;1;7;5
202400051924;155 690 408;7;0;2;8;24;1
202400051925;155 690 401;7;0;1;1;1;1
202400051926;155 690 398;10;0;2;6;1;1
202400051926;155 690 400;33;0;9;1;1;1
202400051927;155 690 399;33;0;2;8;3;1
202400051927;155 690 402;7;0;2;2;14;1
202400051928;155 690 395;33;0;2;1;21;1
202400051928;155 690 403;7;0;2;3;1;2
202400051929;155 690 391;10;0;1;1;0;0
202400051930;155 690 388;33;0;2;7;1;1
202400051930;155 690 392;7;0;2;8;11;1
202400051931;155 690 389;7;0;2;3;15;0
202400051931;155 690 393;32;0;2;2;17;0
202400051932;155 690 390;1;0;2;1;19;5
202400051932;155 690 397;7;0;9;2;1;1
202400051933;155 690 387;7;0;2;1;13;1
202400051933;155 690 394;10;0;2;1;1;1
202400051934;155 690 384;1;0;2;3;13;5
202400051934;155 690 386;7;0;9;3;1;1
202400051935;155 690 381;7;3;0;1;2;1
202400051935;155 690 385;10;0;2;7;1;1
202400051936;155 690 378;7;14;2;1;6;1
202400051936;155 690 382;7;0;2;1;1;1
202400051937;155 690 377;7;0;2;1;5;1
202400051937;155 690 383;7;0;2;1;1;1
202400051938;155 690 376;33;3;0;7;17;1
202400051939;155 690 374;50;0;2;1;5;3
202400051939;155 690 380;32;0;9;0;0;1
202400051940;155 690 373;7;0;1;1;2;1
202400051941;155 690 372;33;0;2;8;13;1
202400051941;155 690 379;7;0;2;7;14;2
202400051942;155 690 371;7;0;2;6;11;1
202400051942;155 690 375;2;0;2;2;12;1
202400051943;155 690 369;7;12;0;1;0;1
202400051944;155 690 366;7;13;0;3;0;1
202400051945;155 690 365;7;0;9;3;1;1
202400051945;155 690 368;50;0;0;8;19;3
202400051946;155 690 367;7;0;9;4;2;1
202400051946;155 690 370;7;0;2;1;2;1
202400051947;155 690 360;7;0;1;3;1;1
202400051948;155 690 358;7;0;2;8;15;1
202400051948;155 690 364;33;0;2;0;17;0
202400051949;155 690 361;32;0;2;1;21;1
202400051950;155 690 357;33;0;2;8;1;3
202400051950;155 690 362;10;0;2;1;19;1
202400051951;155 690 356;7;0;0;4;2;3
202400051951;155 690 359;10;0;0;1;2;1
202400051951;155 690 363;10;0;0;4;2;1
202400051952;155 690 355;0;0;1;0;0;0
202400051953;155 690 348;2;0;1;1;1;3
202400051954;155 690 352;7;17;0;1;14;1
202400051955;155 690 345;7;0;2;2;19;1
202400051955;155 690 354;7;0;2;1;1;1
202400051956;155 690 343;33;0;2;9;2;0
202400051956;155 690 347;7;0;0;6;26;1
202400051957;155 690 341;50;0;2;1;1;3
202400051957;155 690 350;7;0;0;3;15;1
202400051958;155 690 339;7;0;2;1;0;1
202400051958;155 690 349;1;0;2;1;26;5
202400051959;155 690 336;7;0;2;2;1;1
202400051959;155 690 346;7;0;2;3;1;1
202400051960;155 690 333;1;0;2;7;14;5
202400051960;155 690 338;7;0;9;3;9;1
202400051961;155 690 337;7;0;2;2;14;1
202400051961;155 690 351;7;0;2;3;1;1
202400051962;155 690 334;7;0;1;3;1;2
202400051963;155 690 335;10;0;2;0;17;1
202400051963;155 690 340;10;0;9;8;1;1
202400051963;155 690 344;7;0;2;3;11;1
202400051963;155 690 353;10;0;2;2;1;1
202400051964;155 690 332;7;0;0;8;19;1
202400051964;155 690 342;7;0;0;1;1;1
202400051965;155 690 328;7;0;1;1;1;1
202400051966;155 690 329;30;1;0;3;1;1
202400051967;155 690 327;1;0;2;2;21;5
202400051967;155 690 330;43;0;2;3;9;1
202400051968;155 690 325;7;0;2;3;1;0
202400051968;155 690 331;7;0;2;1;1;0
202400051969;155 690 324;7;0;1;2;1;1
202400051970;155 690 319;10;0;0;3;11;1
202400051971;155 690 321;31;0;2;1;1;3
202400051971;155 690 326;7;0;2;8;1;3
202400051972;155 690 322;50;0;1;1;1;3
202400051973;155 690 318;33;0;2;2;1;1
202400051973;155 690 323;7;0;2;1;9;1
202400051974;155 690 315;7;13;0;1;14;1
202400051975;155 690 317;7;0;1;1;19;1
202400051976;155 690 314;7;1;0;9;0;1
202400051977;155 690 310;1;0;2;1;0;5
202400051977;155 690 316;7;0;9;0;19;1
202400051978;155 690 307;7;0;2;1;2;1
202400051978;155 690 311;7;0;2;4;23;1
202400051979;155 690 309;2;0;2;1;21;1
202400051979;155 690 312;7;0;2;3;15;2
202400051980;155 690 301;7;0;2;2;1;1
202400051980;155 690 305;33;0;2;6;18;1
202400051981;155 690 303;7;0;2;3;13;4
202400051981;155 690 306;7;0;2;3;1;2
202400051982;155 690 304;33;13;0;3;13;1
202400051983;155 690 297;7;12;0;1;16;1
202400051984;155 690 299;7;0;1;1;1;1
202400051985;155 690 298;7;0;2;0;1;1
202400051985;155 690 302;50;0;2;0;0;3
202400051986;155 690 296;50;0;2;1;1;3
202400051986;155 690 308;7;0;2;5;1;1
202400051987;155 690 294;10;0;1;1;16;1
202400051988;155 690 295;7;0;2;3;15;1
202400051988;155 690 300;1;0;2;3;1;5
202400051989;155 690 292;7;1;0;2;1;2
202400051990;155 690 291;7;0;0;2;15;1
202400051990;155 690 293;33;0;2;1;1;1
202400051991;155 690 290;33;0;1;1;1;1
202400051992;155 690 289;37;0;1;2;20;1
202400051993;155 690 287;10;0;1;3;15;1
202400051994;155 690 284;7;0;2;3;1;1
202400051994;155 690 288;50;0;2;2;5;3
202400051995;155 690 281;7;7;0;0;0;1
202400051996;155 690 280;14;0;2;7;1;1
202400051996;155 690 285;50;0;2;8;1;3
202400051997;155 690 278;7;0;1;2;20;1
202400051998;155 690 277;17;0;0;6;1;1
202400051998;155 690 283;7;4;2;3;1;1
202400051999;155 690 276;2;0;2;1;1;1
202400051999;155 690 282;7;0;2;2;15;1
202400052000;155 690 274;7;0;1;1;15;1
202400052001;155 690 273;7;0;2;4;11;1
202400052001;155 690 275;33;0;2;2;0;1
202400052002;155 690 270;7;8;0;1;1;1
202400052003;155 690 265;7;0;2;2;1;1
202400052003;155 690 268;31;0;2;3;10;1
202400052004;155 690 264;37;1;0;6;24;1
202400052004;155 690 269;7;1;0;1;14;1
202400052005;155 690 266;80;0;2;3;19;3
202400052005;155 690 272;7;0;2;2;1;1
202400052006;155 690 267;7;0;0;1;6;2
202400052006;155 690 271;33;0;0;7;0;1
202400052007;155 690 260;7;0;1;1;1;1
202400052008;155 690 257;21;0;0;0;9;1
202400052008;155 690 263;7;0;9;1;1;1
202400052009;155 690 256;7;0;2;4;2;1
202400052009;155 690 262;31;0;2;1;2;1
202400052010;155 690 259;7;0;2;2;5;1
202400052010;155 690 261;7;0;2;5;13;1
202400052011;155 690 254;32;0;2;1;0;1
202400052011;155 690 258;7;0;2;3;26;1
202400052012;155 690 255;7;1;0;1;1;2
202400052013;155 690 252;7;0;1;2;1;1
202400052014;155 690 251;7;1;0;2;14;1
202400052015;155 690 248;31;15;0;0;1;1
202400052016;155 690 249;50;0;2;1;1;3
202400052016;155 690 253;7;0;2;5;16;1
202400052017;155 690 250;1;0;0;3;1;5
202400052018;155 690 247;7;0;1;1;1;1
202400052019;155 690 244;30;11;0;1;1;1
202400052020;155 690 246;7;5;2;2;16;2
202400052021;155 690 241;7;0;2;1;19;1
202400052021;155 690 245;37;0;2;1;1;1
202400052022;155 690 235;7;0;5;1;1;1
202400052023;155 690 234;7;8;2;1;26;1
202400052023;155 690 239;7;0;2;4;23;1
202400052023;155 690 243;7;8;2;8;0;1
202400052024;155 690 233;7;0;2;3;15;1
202400052024;155 690 237;50;0;2;7;5;3
202400052025;155 690 232;7;0;2;6;26;1
202400052025;155 690 238;7;0;2;2;1;1
202400052025;155 690 242;33;0;2;2;18;1
202400052026;155 690 231;7;0;0;4;2;1
202400052026;155 690 236;7;0;2;1;2;1
202400052027;155 690 230;7;0;2;1;1;1
202400052028;155 690 229;80;9;0;8;13;3
202400052029;155 690 225;1;0;2;8;0;5
202400052029;155 690 228;7;0;2;2;1;1
202400052030;155 690 221;7;0;2;1;15;1
202400052030;155 690 227;7;0;2;1;1;2
202400052031;155 690 220;30;0;0;8;1;1
202400052032;155 690 219;7;0;9;3;9;1
202400052032;155 690 223;1;0;2;7;19;5
202400052033;155 690 217;7;0;2;1;26;1
202400052033;155 690 224;10;0;2;0;1;1
202400052034;155 690 214;1;0;2;2;1;5
202400052034;155 690 222;7;0;2;1;9;1
202400052035;155 690 212;7;0;2;3;1;1
202400052035;155 690 218;7;0;2;2;1;1
202400052036;155 690 215;1;0;0;5;1;5
202400052036;155 690 226;7;0;9;2;1;3
202400052037;155 690 213;10;0;2;1;2;0
202400052037;155 690 216;7;0;1;3;2;0
202400052038;155 690 210;7;0;1;2;1;1
202400052039;155 690 208;7;2;0;1;1;1
202400052040;155 690 209;7;0;2;1;1;1
202400052040;155 690 211;7;0;2;7;1;1
202400052041;155 690 202;34;0;2;1;0;1
202400052041;155 690 207;7;0;2;3;15;1
202400052042;155 690 200;7;0;2;8;13;1
202400052042;155 690 204;7;13;2;9;17;1
202400052043;155 690 199;7;0;2;4;2;1
202400052043;155 690 206;7;4;0;4;2;1
202400052044;155 690 198;7;2;0;7;0;1
202400052045;155 690 197;7;0;2;4;2;1
202400052045;155 690 201;7;0;2;1;2;1
202400052045;155 690 205;7;0;2;4;2;1
202400052046;155 690 195;7;0;1;1;1;0
202400052047;155 690 203;7;0;1;7;1;1
202400052048;155 690 191;7;0;2;1;1;1
202400052048;155 690 196;7;0;2;1;15;3
202400052049;155 690 192;7;2;0;8;19;1
202400052050;155 690 193;30;0;9;7;16;1
202400052050;155 690 194;80;0;2;8;1;5
202400052051;155 690 190;33;0;0;9;1;1
202400052052;155 690 189;99;0;2;1;1;0
202400052053;155 690 188;7;15;0;1;19;2
202400052054;155 690 186;7;8;0;7;13;1
202400052055;155 690 184;30;0;2;8;1;3
202400052055;155 690 185;7;0;2;2;15;1
202400052056;155 690 180;7;0;2;3;13;1
202400052056;155 690 182;7;0;2;3;1;1
202400052057;155 690 178;7;0;9;8;9;1
202400052057;155 690 183;50;0;2;1;26;3
202400052058;155 690 176;43;0;1;1;1;1
202400052059;155 690 181;33;14;0;4;1;1
202400052060;155 690 174;33;0;2;1;1;1
202400052060;155 690 177;7;0;2;2;15;1
202400052061;155 690 175;7;0;1;2;1;3
202400052062;155 690 173;31;0;2;8;1;1
202400052062;155 690 179;7;0;2;8;5;1
202400052063;155 690 170;34;0;2;2;17;1
202400052063;155 690 172;10;0;2;3;0;1
202400052064;155 690 168;2;0;2;3;18;1
202400052064;155 690 171;7;0;2;7;16;2
202400052065;155 690 165;7;9;0;1;1;1
202400052066;155 690 166;7;14;0;1;6;2
202400052067;155 690 164;7;0;2;2;15;1
202400052067;155 690 169;31;0;2;1;1;1
202400052068;155 690 161;7;0;2;1;1;1
202400052068;155 690 163;10;0;2;4;1;1
202400052069;155 690 160;7;0;2;3;19;1
202400052069;155 690 167;14;0;2;2;1;1
202400052070;155 690 154;7;8;0;3;0;1
202400052071;155 690 158;50;0;2;1;1;3
202400052071;155 690 162;7;0;2;8;1;1
202400052072;155 690 155;7;0;1;1;1;1
202400052073;155 690 153;7;0;2;6;1;1
202400052073;155 690 159;10;2;2;2;2;1
202400052074;155 690 152;16;0;2;8;16;1
202400052074;155 690 157;7;0;2;1;1;3
202400052075;155 690 151;7;4;0;1;1;1
202400052076;155 690 150;33;0;1;2;1;1
202400052077;155 690 149;33;1;0;2;17;1
202400052078;155 690 148;7;0;2;1;16;1
202400052078;155 690 156;1;0;2;1;1;5
202400052079;155 690 146;50;0;2;0;0;3
202400052079;155 690 147;7;0;0;0;0;0
202400052080;155 690 144;33;14;0;1;26;1
202400052081;155 690 142;33;0;2;2;1;1
202400052081;155 690 145;7;0;2;2;15;1
202400052082;155 690 139;80;0;2;1;1;3
202400052082;155 690 143;14;0;2;4;1;1
202400052083;155 690 134;7;0;2;1;2;1
202400052083;155 690 141;7;0;2;4;1;1
202400052084;155 690 138;7;0;0;0;13;1
202400052085;155 690 135;7;0;2;2;15;1
202400052085;155 690 137;7;0;2;1;1;1
202400052086;155 690 128;17;0;0;4;2;1
202400052086;155 690 132;10;0;2;1;1;1
202400052086;155 690 136;10;0;0;0;1;1
202400052086;155 690 140;33;0;2;1;2;1
202400052087;155 690 127;7;0;2;1;14;1
202400052087;155 690 129;10;0;2;1;1;1
202400052088;155 690 125;60;0;0;1;0;5
202400052088;155 690 131;60;14;2;7;19;5
202400052089;155 690 124;7;0;1;1;2;1
202400052090;155 690 120;0;0;2;3;9;0
202400052090;155 690 126;33;0;2;0;1;1
202400052091;155 690 119;7;0;2;2;16;3
202400052091;155 690 123;2;0;2;1;18;1
202400052092;155 690 121;7;0;1;1;1;1
202400052093;155 690 118;50;0;1;1;0;3
202400052094;155 690 117;7;0;0;8;4;1
202400052095;155 690 115;30;0;0;0;1;1
202400052096;155 690 116;7;0;2;3;1;1
202400052096;155 690 122;7;4;2;1;5;1
202400052097;155 690 112;21;0;0;7;21;1
202400052098;155 690 113;33;14;0;0;1;1
202400052099;155 690 114;7;4;5;3;13;1
202400052100;155 690 111;7;6;0;1;1;1
202400052101;155 690 107;10;6;0;2;1;1
202400052102;155 690 108;7;0;1;2;1;1
202400052103;155 690 103;7;0;6;1;1;1
202400052103;155 690 106;33;0;6;1;1;1
202400052103;155 690 109;7;0;6;1;1;1
202400052104;155 690 105;7;0;2;2;1;1
202400052104;155 690 110;60;0;2;7;1;5
202400052105;155 690 101;7;0;1;4;20;1
202400052106;155 690 097;7;0;2;3;1;1
202400052106;155 690 102;7;0;2;1;2;1
202400052107;155 690 096;80;0;2;4;1;3
202400052107;155 690 100;7;0;2;2;1;1
202400052108;155 690 094;7;0;1;1;1;1
202400052109;155 690 095;1;0;0;7;9;5
202400052110;155 690 092;3;0;2;1;2;0
202400052110;155 690 099;14;0;2;5;16;0
202400052111;155 690 093;33;0;2;1;1;1
202400052111;155 690 098;33;0;2;1;1;1
202400052111;155 690 104;7;0;0;8;15;1
202400052112;155 690 091;50;0;1;1;2;3
202400052113;155 690 089;7;13;0;3;0;1
202400052114;155 690 087;7;0;2;3;11;1
202400052114;155 690 090;7;0;2;5;1;3
202400052115;155 690 086;3;0;0;9;13;1
202400052116;155 690 081;80;0;2;1;1;3
202400052116;155 690 085;7;0;9;3;15;1
202400052117;155 690 082;7;2;0;1;17;1
202400052118;155 690 078;7;0;2;1;1;1
202400052118;155 690 084;50;0;2;7;19;3
202400052119;155 690 080;7;8;0;1;2;1
202400052119;155 690 083;7;0;9;1;2;3
202400052120;155 690 075;7;0;2;4;0;1
202400052120;155 690 088;7;0;2;1;0;1
202400052121;155 690 074;7;0;0;7;1;1
202400052121;155 690 077;2;0;2;1;1;1
202400052122;155 690 072;7;0;2;5;14;3
202400052122;155 690 076;32;0;2;3;3;1
202400052123;155 690 070;7;2;0;3;1;1
202400052124;155 690 066;7;0;2;3;1;1
202400052124;155 690 071;7;0;2;2;2;1
202400052125;155 690 065;7;0;0;3;24;1
202400052125;155 690 069;7;0;0;8;0;1
202400052125;155 690 073;3;1;0;2;1;1
202400052126;155 690 062;7;0;2;4;1;1
202400052126;155 690 067;7;0;2;1;2;1
202400052127;155 690 064;7;0;2;1;26;1
202400052127;155 690 068;7;0;2;4;23;1
202400052128;155 690 061;7;0;1;3;0;1
202400052129;155 690 059;7;0;0;7;1;1
202400052129;155 690 063;7;0;2;4;4;1
202400052130;155 690 058;7;0;1;1;15;1
202400052131;155 690 056;7;0;1;3;1;1
202400052132;155 690 054;7;0;2;3;20;1
202400052132;155 690 060;30;0;2;1;17;1
202400052133;155 690 051;7;0;2;1;1;1
202400052133;155 690 057;7;0;2;4;2;1
202400052134;155 690 052;7;0;1;2;1;1
202400052135;155 690 050;7;0;2;2;15;3
202400052135;155 690 055;30;0;2;1;1;3
202400052136;155 690 049;7;0;2;3;1;3
202400052136;155 690 053;50;0;2;5;0;3
202400052137;155 690 047;7;0;0;9;13;1
202400052138;155 690 041;7;0;2;8;18;1
202400052138;155 690 045;7;0;2;7;1;1
202400052139;155 690 043;7;6;0;0;1;1
202400052140;155 690 039;7;0;1;1;16;1
202400052141;155 690 040;7;0;2;3;5;1
202400052141;155 690 046;10;0;2;3;1;1
202400052142;155 690 044;7;0;0;6;4;1
202400052142;155 690 048;2;0;2;1;17;1
202400052143;155 690 031;7;0;2;2;15;1
202400052143;155 690 036;7;0;2;7;16;1
202400052144;155 690 032;7;0;2;1;0;1
202400052144;155 690 035;14;0;2;4;1;1
202400052145;155 690 026;17;0;2;2;2;1
202400052145;155 690 030;7;3;0;5;2;1
202400052146;155 690 019;7;0;2;3;2;1
202400052146;155 690 023;7;0;2;7;15;1
202400052146;155 690 027;33;0;2;1;1;1
202400052147;155 690 021;7;0;2;1;1;1
202400052147;155 690 024;31;0;0;4;15;1
202400052148;155 690 020;7;0;2;4;23;1
202400052148;155 690 025;10;0;2;1;15;1
202400052148;155 690 028;7;0;2;4;23;1
202400052149;155 690 017;7;9;0;1;13;1
202400052150;155 690 015;7;3;0;4;23;1
202400052150;155 690 022;7;1;0;1;1;3
202400052151;155 690 018;7;1;1;1;1;1
202400052152;155 690 013;7;0;2;1;1;1
202400052152;155 690 016;2;0;2;4;1;1
202400052153;155 690 007;50;0;2;2;1;3
202400052153;155 690 014;7;0;1;3;9;1
202400052154;155 690 004;7;0;2;1;1;1
202400052154;155 690 008;7;0;2;3;13;1
202400052154;155 690 012;7;6;2;6;1;1
202400052155;155 690 001;33;3;0;9;1;1
202400052156;155 690 003;1;0;1;1;1;5
202400052157;155 690 005;7;0;2;2;9;1
202400052157;155 690 011;33;0;2;1;1;1
202400052158;155 689 999;7;8;2;8;9;1
202400052158;155 690 010;15;0;2;1;1;1
202400052159;155 689 998;7;0;2;4;23;1
202400052159;155 690 000;10;0;2;4;23;1
202400052159;155 690 006;7;0;2;4;2;1
202400052160;155 689 996;2;0;0;0;0;1
202400052161;155 689 995;7;0;2;2;10;1
202400052161;155 689 997;2;0;2;1;2;1
202400052162;155 689 990;1;0;9;1;11;5
202400052162;155 689 993;50;0;9;1;1;3
202400052163;155 689 986;7;0;2;1;1;1
202400052163;155 689 994;7;0;2;3;1;1
202400052164;155 689 984;7;0;0;6;9;1
202400052164;155 689 991;7;0;2;1;1;1
202400052165;155 689 982;33;0;2;1;2;1
202400052165;155 689 987;7;0;2;6;2;2
202400052166;155 689 985;7;0;2;2;15;1
202400052166;155 689 989;2;0;2;1;1;1
202400052167;155 689 981;33;0;2;1;26;1
202400052168;155 689 980;7;0;2;1;1;1
202400052168;155 689 983;7;0;2;1;15;1
202400052169;155 689 979;50;14;0;1;2;3
202400052170;155 689 976;30;0;9;7;26;1
202400052171;155 689 977;7;13;0;1;1;1
202400052172;155 689 972;7;10;0;1;15;1
202400052173;155 689 971;30;0;2;1;13;1
202400052173;155 689 975;7;0;2;1;1;1
202400052174;155 689 970;7;13;0;3;1;1
202400052175;155 689 969;7;0;2;7;16;1
202400052175;155 689 973;37;0;2;2;1;1
202400052176;155 689 967;1;0;0;1;1;5
202400052177;155 689 964;7;0;0;0;0;0
202400052177;155 689 968;1;0;0;0;0;5
202400052178;155 689 965;7;0;2;1;1;6
202400052178;155 689 974;7;0;2;3;13;1
202400052178;155 689 978;7;0;2;1;1;2
202400052179;155 689 963;1;0;2;1;1;5
202400052179;155 689 966;7;0;2;1;16;2
202400052180;155 689 960;33;15;0;1;1;1
202400052181;155 689 956;7;1;0;0;14;1
202400052182;155 689 953;7;2;0;1;1;1
202400052183;155 689 957;7;0;0;0;0;1
202400052183;155 689 962;32;0;2;1;1;1
202400052184;155 689 955;7;0;2;3;13;1
202400052184;155 689 959;34;0;2;1;1;1
202400052185;155 689 951;7;15;0;2;14;1
202400052186;155 689 947;2;0;2;8;3;1
202400052186;155 689 949;7;0;2;8;0;1
202400052187;155 689 946;7;0;2;4;23;1
202400052187;155 689 948;7;0;2;7;23;1
202400052187;155 689 950;7;0;2;7;23;1
202400052187;155 689 958;7;0;2;1;1;1
202400052187;155 689 961;10;0;2;1;12;1
202400052188;155 689 952;1;0;2;3;19;5
202400052188;155 689 954;7;0;2;2;1;2
202400052189;155 689 945;7;2;0;0;0;1
202400052190;155 689 942;7;13;0;2;1;1
202400052191;155 689 943;30;14;0;1;1;1
202400052192;155 689 941;34;0;2;1;1;1
202400052192;155 689 944;7;0;2;2;19;1
202400052193;155 689 940;33;8;1;1;1;1
202400052194;155 689 935;7;0;2;3;1;3
202400052194;155 689 938;2;0;2;5;16;1
202400052195;155 689 933;7;6;0;1;15;1
202400052196;155 689 934;7;0;2;2;15;1
202400052196;155 689 939;7;0;2;2;1;1
202400052197;155 689 930;1;0;1;1;26;5
202400052198;155 689 932;33;0;2;3;1;1
202400052198;155 689 937;1;0;2;2;1;0
202400052199;155 689 931;7;15;0;3;1;1
202400052200;155 689 929;7;0;1;2;1;1
202400052201;155 689 927;7;0;2;1;1;3
202400052201;155 689 936;7;8;2;8;1;1
202400052202;155 689 926;30;0;1;1;1;1
202400052203;155 689 923;7;0;2;1;15;1
202400052203;155 689 928;33;0;2;0;1;1
202400052204;155 689 922;33;0;2;2;17;1
202400052204;155 689 924;7;0;2;3;15;1
202400052205;155 689 920;7;0;2;1;2;1
202400052206;155 689 919;10;0;1;5;1;1
202400052207;155 689 921;33;0;2;1;17;1
202400052207;155 689 925;7;0;2;1;1;1
202400052208;155 689 916;7;0;2;3;15;1
202400052208;155 689 918;32;0;2;1;1;1
202400052209;155 689 915;32;12;0;1;1;1
202400052210;155 689 911;7;0;2;6;14;2
202400052210;155 689 914;17;0;2;2;1;1
202400052211;155 689 909;7;0;0;8;0;1
202400052211;155 689 912;7;0;0;8;0;1
202400052212;155 689 910;30;0;2;0;3;1
202400052213;155 689 908;33;0;2;1;19;1
202400052213;155 689 917;7;0;2;5;12;1
202400052214;155 689 902;7;16;0;9;13;1
202400052215;155 689 905;33;0;0;1;2;1
202400052216;155 689 904;7;0;2;8;1;1
202400052216;155 689 906;50;0;2;1;1;3
202400052217;155 689 900;7;0;2;3;1;1
202400052217;155 689 907;33;0;2;2;1;1
202400052218;155 689 901;7;3;0;1;1;1
202400052219;155 689 899;7;0;9;3;1;1
202400052219;155 689 903;80;0;2;7;16;2
202400052220;155 689 896;30;0;2;3;0;1
202400052220;155 689 898;7;0;2;1;0;1
202400052221;155 689 892;7;0;1;5;20;1
202400052222;155 689 894;80;0;1;1;21;3
202400052223;155 689 890;10;0;2;7;12;1
202400052223;155 689 893;32;0;2;8;3;1
202400052224;155 689 889;7;16;2;1;17;1
202400052224;155 689 895;7;16;2;1;16;1
202400052224;155 689 897;7;0;2;6;1;1
202400052225;155 689 888;50;14;0;1;1;3
202400052226;155 689 887;7;0;2;8;19;1
202400052226;155 689 891;33;0;2;1;1;1
202400052227;155 689 883;7;0;2;1;2;1
202400052227;155 689 886;7;0;2;4;23;1
202400052228;155 689 882;10;12;1;8;23;1
202400052229;155 689 879;7;0;2;1;15;3
202400052229;155 689 885;1;0;2;4;16;5
202400052230;155 689 878;31;0;0;0;1;1
202400052231;155 689 871;7;0;2;2;16;1
202400052231;155 689 874;1;0;2;1;7;5
202400052232;155 689 868;50;0;2;7;19;3
202400052232;155 689 873;10;0;2;1;1;1
202400052233;155 689 869;80;2;0;1;17;3
202400052234;155 689 864;7;0;2;1;2;1
202400052234;155 689 870;7;0;2;9;2;1
202400052234;155 689 876;7;0;2;9;2;2
202400052234;155 689 880;7;0;2;9;2;2
202400052234;155 689 884;7;0;2;4;2;1
202400052235;155 689 867;7;0;2;7;16;1
202400052235;155 689 872;7;0;2;1;1;1
202400052236;155 689 865;7;12;1;2;5;2
202400052237;155 689 862;7;0;2;2;1;1
202400052237;155 689 866;10;0;2;3;26;1
202400052238;155 689 860;7;0;2;3;15;1
202400052238;155 689 863;33;0;2;2;17;1
202400052239;155 689 856;7;0;2;1;1;1
202400052239;155 689 861;33;0;2;4;1;1
202400052240;155 689 858;1;0;1;0;1;5
202400052241;155 689 854;10;1;0;2;1;1
202400052241;155 689 859;7;3;2;6;23;1
202400052242;155 689 853;7;0;2;3;13;0
202400052242;155 689 855;2;0;2;3;1;0
202400052243;155 689 852;7;0;0;0;1;1
202400052244;155 689 850;7;0;2;8;10;1
202400052244;155 689 857;1;0;2;1;1;5
202400052245;155 689 848;7;0;2;4;0;1
202400052245;155 689 851;7;0;2;1;1;1
202400052246;155 689 846;7;3;0;1;1;1
202400052247;155 689 845;7;4;0;1;14;1
202400052248;155 689 844;10;0;2;4;4;1
202400052248;155 689 847;7;0;2;2;1;2
202400052249;155 689 843;33;0;0;8;13;1
202400052250;155 689 841;10;0;2;1;1;3
202400052250;155 689 849;7;0;2;5;1;1
202400052251;155 689 840;7;0;2;2;15;1
202400052251;155 689 842;7;0;2;3;1;1
202400052252;155 689 834;7;0;2;2;12;1
202400052252;155 689 837;7;0;2;3;1;1
202400052253;155 689 831;7;0;2;2;1;1
202400052253;155 689 839;1;0;2;8;1;5
202400052254;155 689 833;32;0;2;1;1;1
202400052254;155 689 836;7;0;2;1;1;1
202400052255;155 689 832;10;0;1;1;1;1
202400052256;155 689 830;7;0;2;3;0;1
202400052256;155 689 835;7;0;2;1;0;1
202400052257;155 689 829;7;0;2;3;19;1
202400052257;155 689 838;17;0;2;6;21;1
202400052258;155 689 828;7;0;1;1;0;1
202400052259;155 689 827;7;4;0;1;1;1
202400052260;155 689 825;33;12;0;1;17;1
202400052261;155 689 822;7;0;2;1;15;1
202400052261;155 689 826;1;0;2;1;1;5
202400052262;155 689 821;30;0;2;3;15;1
202400052262;155 689 824;10;0;2;2;1;1
202400052263;155 689 817;17;0;2;1;1;1
202400052263;155 689 820;7;0;0;4;1;1
202400052264;155 689 816;10;8;0;1;1;1
202400052265;155 689 815;7;0;0;4;23;1
202400052265;155 689 819;7;0;2;1;20;1
202400052265;155 689 823;7;0;2;1;1;1
202400052266;155 689 813;10;0;2;2;17;0
202400052267;155 689 812;7;1;0;3;1;1
202400052268;155 689 809;80;0;2;0;0;3
202400052268;155 689 814;7;0;2;7;15;1
202400052269;155 689 808;7;0;2;0;9;1
202400052269;155 689 811;7;0;2;6;1;1
202400052270;155 689 807;7;0;2;1;17;1
202400052270;155 689 810;7;0;2;1;1;1
202400052271;155 689 806;7;0;2;8;19;3
202400052271;155 689 818;7;0;2;2;1;1
202400052272;155 689 805;2;13;0;1;1;1