Num_Acc;id_vehicule;categorie_vehicule;obstacle_fixe;obstacle_mobile;point_choc_initial;manoeuvre_principale;motorisation
202400052994;155 688 571;7;0;2;5;1;1
202400052994;155 688 575;7;0;2;3;1;2
202400052995;155 688 566;7;0;1;3;1;1
202400052996;155 688 570;1;0;1;2;0;5
202400052997;155 688 563;10;0;2;3;2;1
202400052997;155 688 572;7;0;2;4;15;1
202400052997;155 688 576;7;0;2;1;1;1
202400052998;155 688 562;1;0;2;2;26;5
202400052998;155 688 567;7;0;0;8;1;1
202400052999;155 688 560;80;0;2;4;1;3
202400052999;155 688 569;7;0;2;3;16;1
202400053000;155 688 561;7;1;1;1;1;3
202400053001;155 688 551;7;0;2;1;1;1
202400053001;155 688 555;7;0;2;4;1;1
202400053002;155 688 554;1;0;2;0;1;5
202400053002;155 688 557;7;0;2;0;26;1
202400053003;155 688 553;7;0;2;7;2;1
202400053003;155 688 558;10;0;2;1;1;1
202400053004;155 688 549;2;0;0;0;0;1
202400053005;155 688 550;7;0;1;1;1;1
202400053006;155 688 544;50;0;2;4;2;3
202400053006;155 688 548;7;0;9;2;2;1
202400053007;155 688 542;1;0;2;3;1;5
202400053007;155 688 547;7;0;2;2;1;1
202400053008;155 688 537;13;0;2;3;0;1
202400053008;155 688 545;13;0;2;3;1;1
202400053009;155 688 534;7;0;2;7;1;1
202400053009;155 688 543;37;0;2;1;9;2
202400053010;155 688 539;10;0;2;4;23;1
202400053010;155 688 546;7;0;0;4;23;1
202400053010;155 688 552;13;0;2;1;2;1
202400053010;155 688 556;7;0;0;0;0;1
202400053011;155 688 533;33;0;2;0;0;1
202400053011;155 688 540;7;0;2;0;26;1
202400053012;155 688 529;32;9;0;0;0;3
202400053013;155 688 530;2;0;2;7;14;1
202400053013;155 688 535;33;0;2;8;2;1
202400053014;155 688 520;7;0;2;4;1;1
202400053014;155 688 528;7;0;2;2;1;1
202400053014;155 688 531;7;0;2;1;1;1
202400053014;155 688 538;7;0;2;4;1;1
202400053015;155 688 525;33;0;2;8;1;1
202400053015;155 688 532;7;0;2;2;1;1
202400053016;155 688 521;7;0;2;3;1;1
202400053016;155 688 527;7;0;2;3;1;1
202400053017;155 688 518;7;0;2;3;13;1
202400053017;155 688 526;17;0;2;8;1;1
202400053018;155 688 519;7;2;0;3;1;1
202400053019;155 688 516;2;0;2;0;13;1
202400053019;155 688 524;7;0;2;0;1;1
202400053020;155 688 517;7;0;2;1;2;1
202400053020;155 688 522;7;0;2;4;2;1
202400053021;155 688 514;7;0;2;3;9;1
202400053021;155 688 523;31;0;2;2;2;1
202400053022;155 688 512;7;0;2;1;13;1
202400053022;155 688 515;7;0;2;1;1;1
202400053023;155 688 511;31;0;0;0;1;1
202400053024;155 688 509;1;0;2;4;26;5
202400053024;155 688 513;7;0;9;1;9;2
202400053025;155 688 506;7;0;0;3;17;1
202400053026;155 688 507;0;0;1;3;26;0
202400053027;155 688 504;1;0;1;1;1;5
202400053028;155 688 502;7;0;2;4;1;1
202400053028;155 688 505;7;0;2;1;1;1
202400053028;155 688 510;7;0;2;4;0;1
202400053029;155 688 499;7;0;1;1;1;1
202400053030;155 688 498;7;0;1;2;16;2
202400053031;155 688 503;7;1;2;2;1;1
202400053031;155 688 508;7;0;2;6;24;1
202400053032;155 688 497;7;7;0;1;1;1
202400053033;155 688 496;7;0;2;2;2;1
202400053033;155 688 500;1;0;0;4;2;5
202400053034;155 688 494;7;0;2;1;9;0
202400053034;155 688 501;7;3;0;4;1;1
202400053035;155 688 493;17;0;0;5;26;6
202400053035;155 688 495;7;0;2;1;1;1
202400053036;155 688 492;80;0;1;1;1;3
202400053037;155 688 487;33;0;0;4;1;1
202400053037;155 688 490;10;0;2;1;0;1
202400053038;155 688 483;32;0;2;5;1;1
202400053038;155 688 489;10;0;2;8;15;1
202400053039;155 688 482;7;0;2;6;1;1
202400053039;155 688 491;1;0;2;1;1;5
202400053040;155 688 479;7;0;9;3;15;1
202400053040;155 688 488;1;0;2;1;1;5
202400053041;155 688 480;7;0;2;8;16;1
202400053041;155 688 486;50;0;2;1;5;3
202400053042;155 688 478;7;0;2;3;5;2
202400053042;155 688 481;7;0;2;1;1;1
202400053043;155 688 477;7;0;0;2;15;1
202400053043;155 688 485;7;0;2;3;1;1
202400053044;155 688 476;7;4;0;1;9;1
202400053045;155 688 472;1;0;0;1;21;5
202400053046;155 688 470;7;0;2;9;16;1
202400053046;155 688 475;7;0;2;1;1;1
202400053047;155 688 474;36;6;0;1;1;1
202400053048;155 688 468;33;0;6;0;1;1
202400053049;155 688 466;7;0;0;0;1;1
202400053050;155 688 469;7;0;2;1;2;1
202400053050;155 688 473;7;0;2;4;2;1
202400053051;155 688 467;7;0;2;1;2;1
202400053051;155 688 471;7;0;2;4;2;1
202400053052;155 688 463;7;0;1;4;4;1
202400053053;155 688 460;7;0;2;9;13;1
202400053053;155 688 464;7;0;2;8;1;1
202400053054;155 688 456;7;0;0;1;1;1
202400053055;155 688 453;1;0;0;4;2;5
202400053055;155 688 459;7;0;2;2;2;1
202400053056;155 688 458;7;0;2;3;15;1
202400053056;155 688 465;33;0;2;1;1;1
202400053057;155 688 451;7;0;2;1;13;1
202400053057;155 688 457;7;0;2;1;1;1
202400053058;155 688 455;31;0;2;4;1;1
202400053058;155 688 462;10;0;2;1;1;3
202400053059;155 688 448;7;0;2;3;13;1
202400053059;155 688 450;7;0;2;6;1;1
202400053059;155 688 461;7;4;2;1;1;1
202400053060;155 688 446;7;0;2;3;15;1
202400053060;155 688 454;7;0;2;2;1;1
202400053061;155 688 445;33;0;2;1;1;1
202400053061;155 688 449;7;0;2;7;19;1
202400053062;155 688 444;7;0;2;3;1;1
202400053062;155 688 452;1;0;2;7;1;5
202400053063;155 688 443;7;0;2;4;2;2
202400053063;155 688 447;33;0;2;1;2;1
202400053064;155 688 442;7;8;0;8;13;1
202400053065;155 688 437;7;13;0;7;14;0
202400053066;155 688 440;7;0;1;1;1;1
202400053067;155 688 435;7;1;0;9;1;1
202400053068;155 688 434;7;0;2;3;13;1
202400053068;155 688 439;7;0;2;3;1;1
202400053069;155 688 433;7;0;0;1;1;1
202400053069;155 688 438;7;3;2;1;13;1
202400053070;155 688 432;7;4;0;1;1;1
202400053071;155 688 431;50;0;2;8;1;3
202400053071;155 688 436;7;0;2;2;1;1
202400053072;155 688 429;2;0;2;2;1;1
202400053072;155 688 441;10;0;2;3;13;1
202400053073;155 688 427;33;0;2;3;3;1
202400053073;155 688 430;7;0;2;5;12;1
202400053074;155 688 423;7;0;2;3;15;1
202400053074;155 688 428;33;0;2;8;1;1
202400053075;155 688 416;31;0;2;1;5;6
202400053075;155 688 422;7;0;2;1;0;1
202400053076;155 688 419;7;0;2;3;15;1
202400053076;155 688 425;7;0;2;8;26;1
202400053077;155 688 408;7;0;2;1;9;1
202400053077;155 688 420;1;0;2;8;1;5
202400053078;155 688 409;7;0;2;2;2;3
202400053078;155 688 417;2;0;2;4;2;3
202400053079;155 688 407;7;0;2;2;9;1
202400053079;155 688 415;10;0;2;3;23;1
202400053079;155 688 426;7;0;2;1;1;1
202400053080;155 688 414;7;0;2;0;0;0
202400053080;155 688 424;7;0;2;2;1;1
202400053081;155 688 404;7;0;2;1;1;1
202400053081;155 688 411;7;0;2;3;1;1
202400053081;155 688 421;7;0;2;1;1;1
202400053082;155 688 406;7;0;2;3;15;1
202400053082;155 688 410;80;0;2;3;1;3
202400053083;155 688 403;7;0;9;3;1;1
202400053083;155 688 405;7;3;2;8;1;3
202400053083;155 688 413;7;4;2;7;1;2
202400053083;155 688 418;10;0;2;6;1;1
202400053084;155 688 401;7;0;2;6;11;1
202400053084;155 688 412;33;0;2;1;3;1
202400053085;155 688 400;7;6;0;3;13;1
202400053086;155 688 398;7;2;0;1;14;1
202400053087;155 688 396;10;0;2;1;1;1
202400053087;155 688 402;2;0;2;5;23;1
202400053088;155 688 395;3;0;1;1;1;3
202400053089;155 688 392;7;13;0;1;1;1
202400053090;155 688 390;7;0;2;1;1;1
202400053090;155 688 397;7;0;2;8;1;1
202400053091;155 688 394;7;1;0;3;22;1
202400053091;155 688 399;1;1;0;2;2;5
202400053092;155 688 386;7;0;1;1;1;3
202400053093;155 688 385;33;0;2;4;1;1
202400053093;155 688 391;7;0;2;2;17;1
202400053094;155 688 384;7;6;0;2;1;1
202400053095;155 688 381;7;0;2;1;1;1
202400053095;155 688 393;7;0;2;8;1;1
202400053096;155 688 382;7;0;2;1;5;1
202400053096;155 688 388;1;0;2;8;19;0
202400053097;155 688 380;7;0;2;3;15;1
202400053097;155 688 387;7;0;2;2;17;1
202400053098;155 688 377;7;0;2;4;2;2
202400053098;155 688 383;7;0;2;4;2;1
202400053098;155 688 389;7;0;2;1;2;1
202400053099;155 688 374;7;0;2;3;1;1
202400053099;155 688 379;13;0;2;6;1;1
202400053100;155 688 376;7;0;2;2;2;2
202400053101;155 688 373;7;2;0;1;1;1
202400053102;155 688 372;33;0;2;2;17;1
202400053102;155 688 375;99;0;2;3;15;1
202400053103;155 688 369;1;0;2;1;2;5
202400053103;155 688 378;7;0;9;3;0;1
202400053104;155 688 370;31;3;0;0;1;1
202400053105;155 688 367;7;2;0;3;1;1
202400053106;155 688 365;43;13;0;0;13;1
202400053107;155 688 364;7;0;2;2;9;1
202400053107;155 688 371;30;0;2;8;26;1
202400053108;155 688 362;33;0;2;2;1;1
202400053108;155 688 366;7;0;2;3;11;1
202400053109;155 688 361;7;6;0;2;15;1
202400053110;155 688 363;32;0;2;5;0;1
202400053110;155 688 368;10;0;2;3;0;0
202400053111;155 688 360;1;0;1;1;1;5
202400053112;155 688 353;31;0;2;1;2;1
202400053112;155 688 356;31;0;0;8;15;1
202400053113;155 688 354;33;0;2;8;1;1
202400053113;155 688 357;33;0;2;7;1;1
202400053113;155 688 359;7;0;2;3;1;1
202400053114;155 688 351;7;0;2;2;15;1
202400053114;155 688 358;7;9;2;1;9;1
202400053115;155 688 349;0;0;1;2;1;0
202400053116;155 688 346;7;0;2;7;13;1
202400053116;155 688 355;15;0;2;1;1;1
202400053117;155 688 345;7;0;2;7;17;1
202400053117;155 688 352;10;3;2;8;1;1
202400053118;155 688 344;33;0;2;1;3;1
202400053118;155 688 350;7;0;2;5;1;1
202400053119;155 688 340;34;0;0;0;0;1
202400053120;155 688 338;7;0;1;3;1;1
202400053121;155 688 341;7;0;2;1;9;1
202400053121;155 688 348;7;0;2;1;1;1
202400053122;155 688 335;7;0;2;1;1;1
202400053122;155 688 339;17;0;0;6;9;1
202400053123;155 688 334;1;0;0;1;1;5
202400053124;155 688 337;31;8;2;1;9;1
202400053124;155 688 343;7;8;2;7;15;0
202400053125;155 688 330;7;0;2;5;1;1
202400053125;155 688 333;33;0;2;1;1;1
202400053126;155 688 328;7;0;2;3;1;1
202400053126;155 688 336;31;0;2;7;3;1
202400053126;155 688 342;7;0;2;5;1;3
202400053126;155 688 347;10;0;2;6;13;1
202400053127;155 688 327;2;14;9;1;1;1
202400053128;155 688 326;7;0;2;3;2;1
202400053128;155 688 332;7;0;2;3;2;3
202400053129;155 688 323;7;0;2;3;1;1
202400053129;155 688 331;7;0;2;1;15;1
202400053130;155 688 322;36;6;0;3;1;1
202400053131;155 688 320;33;0;0;3;1;1
202400053132;155 688 319;2;0;2;1;2;1
202400053132;155 688 324;2;0;2;4;2;1
202400053133;155 688 315;7;2;0;0;1;1
202400053134;155 688 314;7;0;2;1;9;1
202400053134;155 688 325;7;0;2;5;23;1
202400053134;155 688 329;2;0;2;2;1;1
202400053135;155 688 317;37;0;2;1;2;1
202400053135;155 688 321;7;0;2;4;1;1
202400053136;155 688 313;7;0;1;2;1;1
202400053137;155 688 312;10;0;2;2;17;0
202400053137;155 688 318;2;0;0;4;1;1
202400053138;155 688 311;32;0;2;1;1;1
202400053138;155 688 316;7;0;2;6;15;1
202400053139;155 688 309;7;4;0;0;0;0
202400053140;155 688 307;33;0;2;0;13;1
202400053140;155 688 310;30;0;2;3;1;1
202400053141;155 688 304;7;0;2;1;1;1
202400053141;155 688 308;50;0;2;7;1;3
202400053142;155 688 301;38;0;1;3;1;1
202400053143;155 688 300;7;0;2;4;2;1
202400053143;155 688 306;7;0;2;4;2;1
202400053144;155 688 299;7;0;2;4;0;0
202400053144;155 688 305;10;0;2;1;0;0
202400053145;155 688 298;7;0;2;2;13;1
202400053145;155 688 303;7;0;2;2;1;1
202400053146;155 688 297;7;0;1;1;1;1
202400053147;155 688 296;7;0;2;3;1;1
202400053147;155 688 302;33;0;2;1;13;1
202400053148;155 688 294;7;0;1;2;1;1
202400053149;155 688 291;43;0;2;1;0;1
202400053149;155 688 295;10;0;2;2;11;1
202400053150;155 688 287;7;0;2;7;2;1
202400053150;155 688 292;2;0;2;7;1;1
202400053151;155 688 284;7;6;0;1;1;1
202400053152;155 688 289;7;0;1;2;16;1
202400053153;155 688 280;33;0;2;7;17;1
202400053153;155 688 285;7;0;2;8;15;3
202400053154;155 688 281;7;14;0;7;1;1
202400053155;155 688 279;7;0;2;4;1;1
202400053155;155 688 290;7;0;2;4;1;1
202400053155;155 688 293;7;0;2;1;1;1
202400053156;155 688 276;7;0;2;3;15;1
202400053156;155 688 283;7;0;2;3;7;1
202400053157;155 688 275;33;0;2;2;3;1
202400053157;155 688 282;7;0;2;6;11;1
202400053158;155 688 272;7;0;1;7;1;1
202400053159;155 688 273;7;13;0;2;1;1
202400053160;155 688 271;7;0;2;3;26;2
202400053160;155 688 277;60;0;2;2;19;5
202400053161;155 688 274;7;0;2;4;1;1
202400053161;155 688 278;7;12;0;4;23;1
202400053161;155 688 288;7;0;2;1;1;1
202400053162;155 688 265;1;0;0;8;1;5
202400053162;155 688 270;7;0;2;2;1;1
202400053163;155 688 266;7;0;2;1;0;1
202400053163;155 688 269;1;0;2;4;0;5
202400053164;155 688 268;7;2;0;1;14;1
202400053165;155 688 264;7;0;1;2;9;1
202400053166;155 688 263;7;0;2;4;1;2
202400053166;155 688 267;7;0;2;1;2;1
202400053167;155 688 260;7;0;1;3;1;1
202400053168;155 688 258;7;2;0;1;13;1
202400053169;155 688 256;7;0;2;2;1;1
202400053169;155 688 262;14;0;2;3;19;1
202400053170;155 688 257;7;0;0;5;15;1
202400053170;155 688 261;2;0;2;1;0;1
202400053171;155 688 254;7;13;0;9;2;1
202400053172;155 688 251;7;0;2;1;19;1
202400053172;155 688 259;7;0;2;6;9;1
202400053173;155 688 250;7;0;2;6;13;1
202400053173;155 688 252;31;0;2;1;17;1
202400053174;155 688 248;33;0;2;8;17;1
202400053174;155 688 253;7;0;2;8;1;1
202400053175;155 688 249;7;0;1;2;26;1
202400053175;155 688 255;7;;0;;26;
202400053176;155 688 243;7;0;2;1;2;1
202400053176;155 688 247;7;0;2;4;2;1
202400053177;155 688 242;7;13;0;9;26;1
202400053178;155 688 240;7;0;2;2;1;1
202400053178;155 688 246;1;0;2;8;19;5
202400053179;155 688 241;7;0;2;1;1;1
202400053179;155 688 245;1;0;2;4;16;5
202400053180;155 688 237;7;0;2;6;2;1
202400053180;155 688 244;13;0;2;2;1;3
202400053181;155 688 236;7;0;2;3;15;1
202400053181;155 688 239;31;0;2;8;1;1
202400053182;155 688 232;7;0;2;2;13;1
202400053182;155 688 235;1;0;2;1;1;5
202400053183;155 688 233;7;0;2;2;1;1
202400053183;155 688 238;33;0;0;4;23;1
202400053184;155 688 230;14;0;2;2;17;1
202400053184;155 688 234;7;8;2;8;15;1
202400053185;155 688 227;50;8;0;0;1;3
202400053186;155 688 226;7;0;2;2;9;1
202400053186;155 688 229;50;0;2;1;26;3
202400053187;155 688 225;7;0;2;3;2;1
202400053187;155 688 231;7;0;2;5;2;1
202400053188;155 688 224;33;0;0;0;3;1
202400053189;155 688 223;7;5;9;2;2;1
202400053189;155 688 228;1;0;2;4;23;5
202400053190;155 688 221;10;0;1;2;2;0
202400053191;155 688 220;7;0;2;6;13;1
202400053191;155 688 222;30;0;2;2;11;1
202400053192;155 688 215;7;0;1;1;1;1
202400053193;155 688 214;80;0;2;1;21;3
202400053193;155 688 219;7;0;2;6;16;2
202400053194;155 688 211;7;0;2;1;2;1
202400053194;155 688 216;7;0;2;4;2;1
202400053195;155 688 209;7;0;0;3;9;1
202400053195;155 688 217;14;0;2;1;1;1
202400053196;155 688 203;7;0;2;0;1;1
202400053196;155 688 206;1;0;2;0;1;5
202400053197;155 688 202;7;8;2;7;1;1
202400053197;155 688 210;7;0;2;1;9;1
202400053198;155 688 201;30;16;0;0;26;1
202400053199;155 688 198;10;0;1;3;9;2
202400053200;155 688 199;7;0;2;6;23;1
202400053200;155 688 205;7;0;2;2;21;1
202400053200;155 688 207;7;4;2;3;13;1
202400053200;155 688 212;7;0;2;1;2;1
202400053201;155 688 197;10;0;2;2;1;1
202400053201;155 688 208;7;0;2;3;1;1
202400053202;155 688 196;7;0;2;5;4;1
202400053202;155 688 200;7;0;2;3;1;1
202400053203;155 688 195;2;0;2;8;1;1
202400053203;155 688 204;7;0;2;1;1;1
202400053204;155 688 189;7;0;2;3;16;1
202400053204;155 688 194;7;0;2;1;2;3
202400053205;155 688 187;10;15;0;2;2;1
202400053206;155 688 185;33;1;0;1;2;1
202400053206;155 688 190;7;0;2;3;20;1
202400053207;155 688 183;7;0;2;4;1;3
202400053207;155 688 192;7;0;2;1;1;1
202400053208;155 688 182;33;0;0;0;1;1
202400053209;155 688 186;7;0;2;1;13;1
202400053209;155 688 191;15;0;2;1;1;1
202400053210;155 688 184;30;0;2;1;1;1
202400053210;155 688 193;7;0;2;1;15;1
202400053211;155 688 181;7;0;2;4;2;1
202400053211;155 688 188;7;0;2;1;2;1
202400053212;155 688 180;7;0;1;2;1;1
202400053213;155 688 179;38;13;0;3;1;1
202400053214;155 688 178;31;0;0;0;1;1
202400053215;155 688 173;7;0;1;3;1;1
202400053216;155 688 172;7;7;0;2;1;1
202400053217;155 688 169;33;16;0;1;3;1
202400053217;155 688 174;7;0;0;0;11;1
202400053218;155 688 175;33;12;0;1;13;1
202400053219;155 688 170;7;0;2;3;19;1
202400053219;155 688 176;31;0;2;1;1;1
202400053220;155 688 168;33;0;2;1;1;1
202400053220;155 688 171;7;0;2;2;15;1
202400053221;155 688 167;7;0;2;3;1;1
202400053221;155 688 177;7;0;2;7;1;1
202400053222;155 688 166;32;9;0;7;15;1
202400053223;155 688 160;7;0;2;5;15;1
202400053223;155 688 165;43;0;2;5;1;1
202400053224;155 688 164;7;0;1;1;16;0
202400053225;155 688 157;7;0;1;2;1;1
202400053226;155 688 158;7;0;2;5;10;0
202400053226;155 688 162;7;0;2;1;1;1
202400053227;155 688 154;7;0;1;1;1;2
202400053228;155 688 156;10;0;2;4;1;1
202400053228;155 688 161;43;0;2;1;1;1
202400053229;155 688 152;7;0;2;1;2;2
202400053229;155 688 155;10;0;2;4;1;1
202400053230;155 688 159;7;0;9;3;26;0
202400053230;155 688 163;2;0;2;1;1;0
202400053231;155 688 151;33;0;1;0;17;1
202400053232;155 688 150;7;0;2;3;15;1
202400053232;155 688 153;2;0;2;1;5;1
202400053233;155 688 145;33;14;0;1;1;1
202400053234;155 688 142;50;0;2;1;1;3
202400053234;155 688 147;7;0;2;2;16;1
202400053235;155 688 139;7;0;2;1;1;1
202400053235;155 688 144;7;0;2;4;1;1
202400053235;155 688 148;7;0;2;4;1;1
202400053236;155 688 141;7;4;0;2;1;1
202400053237;155 688 137;7;0;0;2;2;1
202400053237;155 688 146;1;0;2;4;2;5
202400053238;155 688 131;7;0;2;3;15;1
202400053238;155 688 149;7;0;0;3;1;1
202400053239;155 688 134;7;0;2;2;12;1
202400053239;155 688 140;7;0;2;3;1;1
202400053239;155 688 143;33;0;2;1;1;1
202400053240;155 688 132;7;0;2;1;15;1
202400053240;155 688 136;1;0;2;4;0;5
202400053241;155 688 129;7;0;2;1;5;1
202400053241;155 688 138;10;0;2;1;0;1
202400053242;155 688 127;7;0;2;1;2;1
202400053242;155 688 130;7;0;2;4;2;1
202400053242;155 688 135;7;0;1;1;2;1
202400053243;155 688 124;7;0;2;1;9;3
202400053243;155 688 128;7;0;2;4;1;2
202400053244;155 688 117;10;0;1;6;15;1
202400053245;155 688 115;7;0;2;0;0;0
202400053245;155 688 122;10;0;2;1;19;6
202400053245;155 688 126;7;0;2;0;0;0
202400053246;155 688 114;10;0;2;7;12;1
202400053246;155 688 121;31;0;2;8;3;0
202400053247;155 688 120;7;6;0;1;1;1
202400053248;155 688 111;7;0;2;1;1;1
202400053248;155 688 118;34;0;2;5;1;1
202400053249;155 688 106;33;0;2;1;17;1
202400053249;155 688 112;7;0;2;1;1;1
202400053249;155 688 119;7;0;2;6;1;1
202400053249;155 688 123;7;0;2;5;0;3
202400053250;155 688 107;32;0;2;4;0;0
202400053250;155 688 113;7;0;2;1;1;1
202400053251;155 688 110;10;0;2;1;1;1
202400053251;155 688 116;7;0;2;2;15;0
202400053252;155 688 105;7;8;0;1;17;1
202400053253;155 688 102;80;0;2;7;1;5
202400053253;155 688 109;7;0;2;1;9;3
202400053254;155 688 104;7;3;0;0;0;1
202400053255;155 688 101;7;2;0;3;13;1
202400053256;155 688 099;1;0;2;0;1;6
202400053256;155 688 108;7;0;2;3;15;1
202400053257;155 688 098;1;0;2;1;1;5
202400053257;155 688 103;7;0;2;3;15;1
202400053258;155 688 097;7;0;1;4;0;3
202400053259;155 688 091;7;0;2;6;1;2
202400053259;155 688 096;7;0;2;1;21;1
202400053260;155 688 092;32;0;2;1;1;1
202400053260;155 688 100;10;0;2;2;1;3
202400053261;155 688 089;33;14;0;0;1;1
202400053262;155 688 088;7;0;2;6;11;1
202400053262;155 688 093;33;0;2;1;3;1
202400053263;155 688 087;7;0;2;1;13;1
202400053263;155 688 095;7;0;2;1;1;1
202400053264;155 688 085;1;0;2;1;26;5
202400053265;155 688 082;7;0;0;4;26;2
202400053265;155 688 086;7;0;2;1;0;1
202400053265;155 688 094;7;0;0;0;0;1
202400053266;155 688 083;7;3;0;0;26;1
202400053267;155 688 081;7;0;1;1;1;1
202400053268;155 688 080;7;0;2;3;15;1
202400053268;155 688 090;7;0;2;2;0;1
202400053269;155 688 078;10;0;1;1;15;1
202400053270;155 688 077;1;0;2;1;1;5
202400053270;155 688 084;10;0;2;7;16;1
202400053271;155 688 075;7;0;2;3;0;1
202400053271;155 688 079;7;0;2;3;21;1
202400053272;155 688 072;7;0;2;1;2;1
202400053272;155 688 076;10;0;2;4;2;1
202400053273;155 688 074;7;10;0;1;13;1
202400053274;155 688 069;7;0;1;1;2;2
202400053275;155 688 070;1;0;2;3;17;5
202400053275;155 688 073;7;0;2;8;20;1
202400053276;155 688 068;7;1;0;1;1;3
202400053277;155 688 067;7;13;0;1;1;1
202400053278;155 688 060;7;0;2;1;19;1
202400053278;155 688 065;33;0;2;9;0;1
202400053279;155 688 059;7;6;0;8;1;1
202400053280;155 688 054;7;14;0;1;26;1
202400053281;155 688 055;10;0;2;3;2;1
202400053281;155 688 062;7;0;2;5;2;1
202400053282;155 688 057;7;0;2;3;19;1
202400053282;155 688 063;7;0;2;2;1;1
202400053282;155 688 071;7;0;2;1;1;1
202400053283;155 688 061;33;0;2;1;1;1
202400053283;155 688 066;30;0;2;8;1;3
202400053284;155 688 053;7;2;0;9;1;2
202400053285;155 688 058;1;0;2;1;1;5
202400053285;155 688 064;10;0;9;6;10;1
202400053286;155 688 049;7;8;0;1;1;1
202400053287;155 688 051;2;0;2;8;19;1
202400053287;155 688 056;7;0;2;2;1;1
202400053288;155 688 047;7;0;0;5;16;3
202400053288;155 688 052;7;0;0;5;26;1
202400053289;155 688 042;30;0;2;4;1;1
202400053289;155 688 048;0;0;2;1;1;0
202400053290;155 688 040;7;0;2;1;1;1
202400053290;155 688 046;7;0;2;1;15;1
202400053291;155 688 036;7;0;2;1;1;1
202400053291;155 688 044;7;0;2;1;13;2
202400053292;155 688 035;31;0;2;2;17;1
202400053292;155 688 039;7;0;2;8;15;1
202400053293;155 688 032;15;2;0;1;1;1
202400053294;155 688 034;7;0;2;3;1;1
202400053294;155 688 043;7;0;2;2;26;1
202400053295;155 688 030;37;0;1;1;1;6
202400053296;155 688 031;7;0;2;4;2;1
202400053296;155 688 038;10;0;2;3;11;1
202400053296;155 688 041;10;0;2;8;2;1
202400053296;155 688 050;7;0;2;1;2;2
202400053297;155 688 027;7;0;9;2;1;1
202400053297;155 688 033;1;0;2;4;1;5
202400053298;155 688 025;7;0;2;1;2;1
202400053298;155 688 029;10;0;2;4;2;1
202400053298;155 688 037;7;0;2;4;2;1
202400053299;155 688 024;7;1;0;1;2;2
202400053299;155 688 028;7;1;0;6;24;1
202400053300;155 688 023;7;2;0;5;0;1
202400053301;155 688 022;7;0;2;1;13;1
202400053301;155 688 026;7;0;2;1;1;1
202400053302;155 688 020;7;4;0;2;1;1
202400053303;155 688 017;37;0;1;2;16;2
202400053304;155 688 019;30;12;0;1;13;1
202400053305;155 688 013;1;0;2;1;25;5
202400053305;155 688 018;7;0;2;6;4;1
202400053306;155 688 012;7;0;2;1;2;0
202400053306;155 688 016;1;0;2;4;2;5
202400053307;155 688 011;7;0;0;9;1;1
202400053308;155 688 007;7;0;2;5;15;1
202400053308;155 688 015;7;0;2;5;2;1
202400053308;155 688 021;7;0;2;2;2;1
202400053309;155 688 009;7;0;1;8;15;2
202400053310;155 688 005;17;0;2;4;2;1
202400053310;155 688 008;17;0;2;1;2;1
202400053311;155 688 006;7;0;2;2;20;1
202400053311;155 688 010;7;0;2;4;1;1
202400053312;155 688 004;30;0;2;1;1;1
202400053312;155 688 014;7;0;2;2;1;1
202400053313;155 688 001;7;0;0;9;0;1
202400053314;155 688 000;33;13;0;0;17;1
202400053315;155 687 998;80;0;1;1;2;3
202400053316;155 687 999;30;0;0;0;1;1
202400053317;155 687 995;7;0;2;1;1;1
202400053317;155 688 002;7;0;2;1;13;1
202400053318;155 687 993;30;0;0;7;1;1
202400053319;155 687 994;33;0;2;0;0;1
202400053319;155 688 003;7;0;2;2;12;1
202400053320;155 687 991;7;0;2;2;15;1
202400053320;155 687 997;7;0;2;1;1;1
202400053321;155 687 992;7;0;2;1;17;1
202400053321;155 687 996;7;0;2;1;1;1
202400053322;155 687 990;33;0;0;8;2;1
202400053323;155 687 986;7;8;2;4;15;1
202400053323;155 687 989;7;0;2;1;1;1
202400053324;155 687 983;7;0;2;0;1;2
202400053324;155 687 987;1;0;2;1;9;5
202400053325;155 687 980;7;0;2;2;1;1
202400053325;155 687 988;7;0;2;1;9;1
202400053326;155 687 979;2;0;2;3;18;3
202400053326;155 687 985;7;0;2;5;1;2
202400053327;155 687 977;2;0;1;1;13;1
202400053328;155 687 974;33;0;0;0;26;1
202400053329;155 687 976;1;0;2;1;1;5
202400053329;155 687 984;7;0;9;5;26;1
202400053330;155 687 975;7;0;2;1;19;1
202400053330;155 687 981;1;0;2;7;1;5
202400053331;155 687 972;50;0;2;1;1;3
202400053331;155 687 978;80;0;2;1;1;3
202400053332;155 687 973;50;0;2;7;19;3
202400053332;155 687 982;7;0;2;1;1;1
202400053333;155 687 970;1;0;0;0;1;5
202400053334;155 687 969;32;0;2;3;26;1
202400053334;155 687 971;7;0;2;2;1;0
202400053335;155 687 968;33;0;0;1;26;1
202400053336;155 687 966;7;13;0;0;12;1
202400053337;155 687 965;2;12;0;8;17;1
202400053338;155 687 962;7;16;0;1;16;1
202400053339;155 687 963;33;0;0;8;0;1
202400053340;155 687 961;7;0;1;2;1;1
202400053341;155 687 960;7;6;0;1;14;1
202400053342;155 687 959;32;0;2;1;5;1
202400053342;155 687 967;21;0;2;1;0;1
202400053343;155 687 958;7;0;2;3;16;1