Num_Acc;id_vehicule;categorie_vehicule;obstacle_fixe;obstacle_mobile;point_choc_initial;manoeuvre_principale;motorisation
202400053697;155 687 336;10;6;0;1;14;1
202400053698;155 687 340;7;1;0;1;16;1
202400053699;155 687 335;7;0;2;6;17;1
202400053699;155 687 342;1;0;2;8;0;5
202400053700;155 687 333;33;0;2;1;0;1
202400053700;155 687 338;7;0;0;6;0;1
202400053701;155 687 334;7;0;0;7;15;0
202400053701;155 687 341;2;0;0;1;1;0
202400053702;155 687 332;60;0;0;1;1;5
202400053703;155 687 328;33;0;2;2;17;1
202400053703;155 687 337;36;0;2;3;15;1
202400053704;155 687 324;2;14;0;7;17;3
202400053705;155 687 322;7;4;0;3;1;1
202400053706;155 687 326;50;0;2;8;2;3
202400053706;155 687 329;7;0;2;2;1;1
202400053707;155 687 325;7;0;2;1;1;1
202400053707;155 687 330;7;2;2;1;13;2
202400053708;155 687 323;7;4;2;1;1;1
202400053708;155 687 331;7;4;2;4;1;1
202400053709;155 687 327;10;0;1;1;1;3
202400053710;155 687 321;7;3;0;3;1;1
202400053711;155 687 318;7;0;1;1;1;1
202400053712;155 687 316;7;0;0;4;26;1
202400053712;155 687 319;10;0;2;1;26;1
202400053713;155 687 315;7;0;2;1;17;1
202400053713;155 687 320;7;0;2;5;17;1
202400053714;155 687 310;7;0;2;3;0;1
202400053714;155 687 314;10;0;2;3;0;1
202400053715;155 687 309;7;0;1;1;26;1
202400053716;155 687 307;7;0;1;2;1;1
202400053717;155 687 311;80;0;2;1;1;3
202400053717;155 687 317;80;0;2;1;10;3
202400053718;155 687 308;33;0;2;3;13;1
202400053718;155 687 313;7;0;2;3;1;1
202400053719;155 687 306;14;0;2;1;2;1
202400053719;155 687 312;10;0;2;4;2;1
202400053720;155 687 302;7;0;1;2;1;2
202400053721;155 687 300;7;0;2;6;2;0
202400053721;155 687 304;7;0;2;6;0;1
202400053722;155 687 303;7;0;9;5;16;1
202400053722;155 687 305;1;0;2;1;1;5
202400053723;155 687 301;7;0;1;1;1;1
202400053724;155 687 296;33;13;0;3;0;1
202400053725;155 687 294;7;0;2;1;5;1
202400053725;155 687 299;7;0;2;1;1;1
202400053726;155 687 289;7;0;2;3;15;1
202400053726;155 687 295;32;0;2;1;1;1
202400053727;155 687 291;7;0;2;1;1;1
202400053727;155 687 297;7;0;2;4;23;1
202400053728;155 687 287;80;0;2;1;1;2
202400053728;155 687 298;7;0;2;3;9;2
202400053729;155 687 285;7;13;0;7;19;1
202400053729;155 687 293;31;0;2;1;1;1
202400053730;155 687 283;7;0;2;1;1;3
202400053730;155 687 290;7;0;2;1;5;1
202400053731;155 687 281;7;0;0;0;0;1
202400053731;155 687 292;50;0;2;1;2;3
202400053732;155 687 279;7;0;2;3;20;1
202400053732;155 687 284;33;0;2;1;0;1
202400053733;155 687 280;7;0;1;1;15;1
202400053734;155 687 282;1;0;2;3;19;5
202400053734;155 687 288;7;0;2;3;1;1
202400053735;155 687 278;33;0;1;1;1;1
202400053736;155 687 277;32;0;0;0;1;1
202400053737;155 687 268;33;0;0;8;26;1
202400053738;155 687 269;7;3;2;1;14;1
202400053738;155 687 274;15;0;2;3;1;1
202400053738;155 687 276;7;3;2;3;13;1
202400053739;155 687 266;50;0;2;1;5;3
202400053739;155 687 273;1;0;2;1;1;5
202400053740;155 687 264;7;8;0;1;2;1
202400053741;155 687 265;7;0;2;2;2;1
202400053742;155 687 262;33;0;2;1;1;1
202400053742;155 687 271;1;0;2;1;5;5
202400053743;155 687 260;7;0;2;1;1;1
202400053743;155 687 267;7;0;2;1;0;1
202400053744;155 687 261;10;0;2;3;26;1
202400053744;155 687 270;7;0;2;4;16;1
202400053745;155 687 259;7;0;2;1;5;1
202400053745;155 687 272;7;0;2;1;1;1
202400053746;155 687 258;7;0;2;1;13;1
202400053746;155 687 263;7;0;2;1;0;1
202400053747;155 687 257;7;5;0;1;2;1
202400053748;155 687 255;7;2;0;2;1;2
202400053749;155 687 256;33;0;0;0;15;1
202400053750;155 687 250;7;0;1;2;1;2
202400053751;155 687 249;43;0;2;8;18;1
202400053751;155 687 253;7;0;2;7;1;1
202400053752;155 687 252;33;0;2;1;26;1
202400053752;155 687 254;7;0;2;4;2;2
202400053753;155 687 247;7;0;1;3;12;1
202400053754;155 687 246;7;0;2;1;2;1
202400053754;155 687 251;15;0;0;4;2;1
202400053755;155 687 243;7;8;0;3;0;1
202400053756;155 687 241;33;0;2;0;0;1
202400053756;155 687 245;7;0;2;2;15;1
202400053757;155 687 240;31;0;2;1;16;1
202400053757;155 687 244;10;0;2;3;15;1
202400053758;155 687 248;7;0;1;1;1;1
202400053759;155 687 239;15;0;2;2;2;1
202400053759;155 687 242;7;14;0;8;23;1
202400053760;155 687 236;50;15;0;1;1;3
202400053761;155 687 232;1;0;9;1;1;5
202400053761;155 687 237;50;0;9;1;1;3
202400053762;155 687 229;7;0;2;1;0;6
202400053762;155 687 233;7;0;2;1;15;6
202400053763;155 687 230;32;0;2;2;3;1
202400053763;155 687 238;7;0;2;8;11;1
202400053764;155 687 220;0;0;1;2;1;0
202400053765;155 687 224;7;13;0;1;15;1
202400053766;155 687 214;7;0;2;8;16;0
202400053766;155 687 223;1;0;2;1;1;5
202400053767;155 687 225;7;1;0;8;22;1
202400053767;155 687 228;50;1;0;1;1;3
202400053768;155 687 219;7;0;2;1;17;1
202400053768;155 687 226;7;0;2;1;1;1
202400053769;155 687 218;7;0;2;3;26;1
202400053769;155 687 235;80;0;2;2;26;3
202400053770;155 687 216;32;0;1;7;1;1
202400053771;155 687 212;7;0;2;1;1;1
202400053771;155 687 222;14;0;2;1;2;1
202400053771;155 687 227;7;4;2;2;1;1
202400053771;155 687 231;7;0;0;0;0;0
202400053772;155 687 215;50;0;2;1;0;3
202400053772;155 687 221;50;0;2;0;12;3
202400053773;155 687 213;7;0;2;1;2;1
202400053773;155 687 217;7;0;2;4;2;1
202400053774;155 687 211;33;12;0;5;1;1
202400053775;155 687 210;36;2;0;1;0;1
202400053776;155 687 205;30;0;0;0;1;1
202400053777;155 687 203;7;0;2;1;1;1
202400053777;155 687 209;10;0;2;8;1;1
202400053778;155 687 204;50;0;2;0;2;3
202400053778;155 687 208;7;0;0;2;1;1
202400053779;155 687 202;7;4;0;1;1;1
202400053780;155 687 199;50;8;0;1;25;3
202400053781;155 687 197;1;0;1;4;12;5
202400053782;155 687 198;50;0;2;1;1;3
202400053782;155 687 206;7;0;2;8;19;2
202400053783;155 687 200;14;0;2;5;16;0
202400053783;155 687 207;1;0;2;3;2;5
202400053784;155 687 194;2;0;2;7;1;1
202400053784;155 687 201;7;0;2;8;0;1
202400053785;155 687 191;30;0;2;3;0;1
202400053785;155 687 196;7;0;2;3;0;1
202400053786;155 687 185;10;0;2;3;13;0
202400053786;155 687 193;7;6;0;7;16;1
202400053787;155 687 186;7;0;2;1;1;1
202400053787;155 687 195;32;0;2;6;19;1
202400053788;155 687 183;7;0;2;2;2;1
202400053788;155 687 189;2;0;2;3;13;1
202400053789;155 687 182;10;0;2;1;2;1
202400053789;155 687 190;14;0;2;4;2;1
202400053790;155 687 178;7;0;2;5;16;0
202400053790;155 687 184;50;0;2;1;2;3
202400053791;155 687 179;1;0;2;2;13;5
202400053791;155 687 187;7;0;9;2;2;1
202400053792;155 687 174;7;0;1;3;2;1
202400053793;155 687 175;2;0;2;8;1;3
202400053793;155 687 181;7;0;2;5;16;1
202400053794;155 687 176;7;0;2;1;26;1
202400053794;155 687 180;7;0;2;3;0;1
202400053795;155 687 173;7;0;2;2;14;1
202400053796;155 687 171;1;0;1;1;0;5
202400053797;155 687 168;7;0;0;9;1;1
202400053798;155 687 166;7;0;2;1;2;1
202400053798;155 687 170;7;0;2;4;2;1
202400053799;155 687 164;7;0;1;1;1;1
202400053800;155 687 165;7;0;2;4;1;1
202400053800;155 687 169;7;0;2;4;1;1
202400053800;155 687 177;10;0;2;1;2;1
202400053801;155 687 161;7;0;2;7;21;1
202400053801;155 687 167;33;0;2;8;1;1
202400053801;155 687 172;10;14;0;0;26;1
202400053802;155 687 157;7;14;2;1;19;1
202400053802;155 687 162;7;14;2;3;1;1
202400053803;155 687 155;32;0;2;1;1;1
202400053803;155 687 160;7;0;2;8;15;1
202400053804;155 687 158;7;0;2;1;1;1
202400053805;155 687 159;50;0;2;1;0;3
202400053805;155 687 163;7;0;9;3;1;1
202400053806;155 687 152;7;0;2;6;17;2
202400053806;155 687 156;32;0;2;1;3;1
202400053807;155 687 148;15;12;2;2;16;0
202400053807;155 687 154;2;12;2;8;18;0
202400053808;155 687 147;7;0;0;2;26;1
202400053808;155 687 151;33;1;2;1;14;1
202400053809;155 687 144;80;0;0;0;1;3
202400053810;155 687 141;10;0;2;0;1;1
202400053810;155 687 146;10;0;2;3;1;1
202400053810;155 687 150;7;14;2;5;21;1
202400053811;155 687 142;7;11;0;2;1;1
202400053812;155 687 137;7;0;1;3;1;2
202400053813;155 687 138;7;0;2;3;1;1
202400053813;155 687 153;32;0;2;1;13;1
202400053814;155 687 136;7;0;2;1;2;1
202400053814;155 687 145;7;0;2;4;2;1
202400053814;155 687 149;10;0;2;4;2;1
202400053815;155 687 139;34;0;2;1;2;1
202400053815;155 687 143;43;0;2;1;15;1
202400053816;155 687 135;1;0;2;1;19;5
202400053816;155 687 140;7;1;2;2;1;2
202400053817;155 687 131;7;4;0;2;1;1
202400053818;155 687 130;7;0;2;1;1;1
202400053818;155 687 134;2;0;2;0;0;1
202400053819;155 687 126;7;0;2;8;15;1
202400053819;155 687 132;31;0;2;7;3;1
202400053820;155 687 125;7;2;0;9;0;1
202400053821;155 687 120;7;0;2;1;16;1
202400053821;155 687 129;33;0;2;4;1;1
202400053822;155 687 123;13;0;2;1;1;1
202400053822;155 687 128;7;0;2;4;1;1
202400053823;155 687 121;33;0;2;7;1;1
202400053823;155 687 127;7;0;2;3;9;1
202400053823;155 687 133;7;0;2;6;1;1
202400053824;155 687 119;10;0;1;3;1;1
202400053825;155 687 118;33;0;2;7;1;1
202400053825;155 687 124;7;0;2;3;11;1
202400053826;155 687 116;7;0;2;1;11;1
202400053826;155 687 122;33;0;2;5;17;1
202400053827;155 687 109;15;0;2;3;2;1
202400053827;155 687 114;7;0;2;4;2;1
202400053827;155 687 117;7;0;2;4;2;2
202400053828;155 687 115;14;0;1;2;19;1
202400053829;155 687 108;7;0;2;1;0;1
202400053829;155 687 113;7;0;2;6;15;1
202400053830;155 687 110;31;14;0;1;1;
202400053831;155 687 107;7;0;1;1;16;1
202400053832;155 687 105;7;0;2;3;2;1
202400053832;155 687 112;21;0;0;6;1;1
202400053833;155 687 102;7;0;2;1;2;1
202400053833;155 687 111;10;0;2;8;26;1
202400053834;155 687 103;2;11;0;1;1;1
202400053835;155 687 099;7;0;2;1;1;1
202400053835;155 687 104;7;9;2;7;15;1
202400053836;155 687 098;30;0;2;1;2;1
202400053836;155 687 101;7;0;2;4;2;1
202400053837;155 687 092;7;0;2;1;1;1
202400053837;155 687 097;7;0;2;6;1;1
202400053837;155 687 100;33;0;2;4;1;1
202400053837;155 687 106;10;0;2;2;1;1
202400053838;155 687 091;30;0;2;4;0;1
202400053838;155 687 096;0;0;2;0;0;0
202400053839;155 687 090;33;12;0;7;26;1
202400053840;155 687 089;7;0;2;7;22;1
202400053840;155 687 094;1;0;2;0;0;5
202400053841;155 687 086;7;0;2;3;1;1
202400053841;155 687 095;7;0;2;1;5;1
202400053842;155 687 087;7;13;0;1;1;1
202400053843;155 687 081;30;13;0;7;21;1
202400053844;155 687 080;33;0;2;6;1;1
202400053844;155 687 088;7;0;2;1;19;2
202400053845;155 687 082;43;4;0;3;0;1
202400053846;155 687 079;7;0;2;8;9;1
202400053846;155 687 085;7;0;2;1;1;1
202400053847;155 687 078;7;0;0;7;1;1
202400053847;155 687 084;7;0;0;1;1;1
202400053848;155 687 077;7;0;2;3;9;1
202400053848;155 687 083;32;0;2;1;2;1
202400053849;155 687 074;7;0;1;3;1;1
202400053850;155 687 069;7;2;0;1;0;1
202400053851;155 687 066;7;0;2;2;15;1
202400053851;155 687 071;2;0;2;1;1;1
202400053852;155 687 061;1;14;0;1;15;5
202400053852;155 687 067;1;14;0;8;1;5
202400053853;155 687 064;7;0;2;8;16;1
202400053853;155 687 073;10;0;2;1;1;1
202400053853;155 687 076;10;0;2;1;1;1
202400053854;155 687 059;7;0;2;2;9;1
202400053854;155 687 070;30;0;2;7;1;1
202400053855;155 687 057;7;0;2;4;2;1
202400053855;155 687 065;7;0;2;1;2;1
202400053855;155 687 072;7;0;2;4;2;1
202400053855;155 687 075;7;0;2;4;2;1
202400053856;155 687 056;7;0;2;1;9;1
202400053856;155 687 062;7;0;2;7;0;1
202400053857;155 687 054;7;0;2;2;26;1
202400053857;155 687 060;7;0;2;6;26;1
202400053858;155 687 055;32;0;2;1;2;1
202400053858;155 687 058;33;0;2;1;21;1
202400053858;155 687 068;7;0;2;4;1;1
202400053859;155 687 052;10;8;2;0;0;0
202400053859;155 687 063;10;6;0;3;1;0
202400053860;155 687 048;15;0;2;1;13;1
202400053860;155 687 053;7;0;2;1;1;1
202400053861;155 687 046;7;0;2;2;19;2
202400053861;155 687 051;7;0;2;1;1;1
202400053862;155 687 040;15;0;2;2;12;1
202400053862;155 687 047;7;0;2;6;1;1
202400053863;155 687 042;31;0;0;0;2;1
202400053864;155 687 041;7;0;2;5;15;1
202400053864;155 687 050;33;0;2;1;1;1
202400053865;155 687 038;7;0;2;1;1;1
202400053865;155 687 044;7;0;2;1;1;1
202400053866;155 687 043;10;0;1;1;16;1
202400053867;155 687 036;7;0;2;3;15;1
202400053867;155 687 045;1;0;2;1;1;5
202400053868;155 687 031;7;0;2;1;13;3
202400053868;155 687 035;7;0;2;3;1;1
202400053869;155 687 028;7;0;9;3;1;1
202400053869;155 687 034;7;0;2;1;1;1
202400053869;155 687 039;10;0;2;8;1;1
202400053869;155 687 049;7;0;2;1;15;1
202400053870;155 687 027;7;2;0;1;0;1
202400053871;155 687 026;7;0;2;8;11;1
202400053871;155 687 032;33;0;2;7;1;1
202400053872;155 687 033;7;0;2;3;15;1
202400053872;155 687 037;32;0;2;2;1;1
202400053873;155 687 023;33;8;0;9;1;1
202400053874;155 687 025;10;0;2;1;2;1
202400053874;155 687 029;10;0;2;4;2;1
202400053875;155 687 021;33;6;0;7;15;1
202400053876;155 687 019;7;0;2;4;1;1
202400053876;155 687 022;7;0;2;1;1;1
202400053877;155 687 020;2;0;2;1;1;1
202400053877;155 687 030;7;0;2;3;2;1
202400053878;155 687 015;2;0;2;8;0;1
202400053878;155 687 017;7;0;9;2;2;1
202400053879;155 687 014;30;0;2;8;1;1
202400053879;155 687 018;10;0;0;0;0;0
202400053880;155 687 013;7;0;2;2;2;1
202400053880;155 687 016;7;0;2;3;26;1
202400053881;155 687 010;2;17;0;1;1;1
202400053882;155 687 008;50;0;0;0;25;3
202400053883;155 687 007;7;0;2;7;14;1
202400053883;155 687 012;33;0;2;8;1;1
202400053884;155 687 006;7;0;2;1;1;1
202400053884;155 687 011;7;0;2;4;1;2
202400053885;155 687 002;33;0;0;9;1;1
202400053886;155 687 003;7;14;0;1;6;1
202400053887;155 687 001;31;0;0;8;3;1
202400053888;155 687 000;32;0;2;1;17;1
202400053888;155 687 005;7;0;2;3;1;1
202400053888;155 687 009;7;0;2;3;23;1
202400053889;155 686 997;7;0;2;5;15;1
202400053889;155 687 004;33;0;2;1;1;1
202400053890;155 686 998;7;0;1;0;1;1
202400053891;155 686 995;7;0;2;2;15;1
202400053891;155 686 999;2;0;2;1;18;1
202400053892;155 686 993;7;15;0;7;1;1
202400053893;155 686 992;7;0;2;8;11;1
202400053893;155 686 994;33;0;2;7;1;1
202400053894;155 686 991;7;0;2;8;15;1
202400053894;155 686 996;33;0;2;1;13;1
202400053895;155 686 987;7;6;0;1;14;1
202400053896;155 686 986;33;0;1;1;17;1
202400053897;155 686 985;14;0;2;7;16;6
202400053897;155 686 990;32;12;0;6;2;1
202400053898;155 686 983;7;0;2;1;1;1
202400053898;155 686 989;7;0;2;4;1;1
202400053899;155 686 981;7;0;1;7;2;1
202400053900;155 686 980;7;0;9;8;2;2
202400053901;155 686 978;33;4;0;1;1;1
202400053902;155 686 979;17;0;0;8;14;1
202400053903;155 686 976;1;0;2;8;19;5
202400053903;155 686 982;33;0;9;2;1;1
202400053904;155 686 974;7;0;1;1;26;0
202400053905;155 686 973;7;3;0;1;1;1
202400053906;155 686 971;7;12;0;3;2;1
202400053907;155 686 970;10;0;9;3;13;1
202400053907;155 686 975;32;0;2;2;13;1
202400053908;155 686 968;50;0;2;0;15;3
202400053908;155 686 977;7;0;9;0;1;1
202400053909;155 686 966;10;0;2;4;11;0
202400053909;155 686 969;33;0;2;1;1;1
202400053910;155 686 956;33;0;2;7;3;1
202400053910;155 686 962;7;0;2;3;11;1
202400053910;155 686 965;7;0;2;5;1;1
202400053911;155 686 955;32;0;2;1;2;1
202400053911;155 686 961;7;0;0;4;1;1
202400053911;155 686 964;7;0;2;1;1;1
202400053912;155 686 954;7;0;2;3;11;1
202400053912;155 686 960;31;0;2;2;3;1
202400053913;155 686 951;7;0;2;1;5;0
202400053913;155 686 958;7;0;2;1;1;1
202400053914;155 686 947;7;0;2;1;13;1
202400053914;155 686 952;38;0;2;1;1;1
202400053915;155 686 953;7;0;2;6;15;1
202400053915;155 686 959;33;14;2;1;1;1
202400053916;155 686 950;7;0;2;3;15;1
202400053916;155 686 963;33;0;2;1;1;1
202400053917;155 686 948;7;0;2;0;14;0
202400053917;155 686 957;7;0;2;0;1;3
202400053918;155 686 945;33;0;2;0;2;1
202400053918;155 686 949;7;0;2;6;1;1
202400053919;155 686 943;2;7;0;1;13;1
202400053920;155 686 942;14;0;2;3;1;1
202400053920;155 686 946;7;0;2;3;13;1
202400053921;155 686 941;7;2;0;2;14;1
202400053922;155 686 938;10;0;2;5;14;1
202400053922;155 686 944;33;0;2;1;21;1
202400053923;155 686 940;7;1;0;3;26;2
202400053924;155 686 937;13;0;1;1;1;1
202400053925;155 686 936;7;0;0;1;0;1
202400053926;155 686 933;7;2;0;1;0;1
202400053927;155 686 931;7;0;0;7;1;1
202400053928;155 686 932;7;0;2;1;2;1
202400053928;155 686 935;7;0;2;4;1;1
202400053928;155 686 939;7;0;2;4;2;1
202400053929;155 686 926;7;0;2;2;12;1
202400053929;155 686 928;32;0;2;8;3;1
202400053930;155 686 924;1;0;0;0;1;5
202400053931;155 686 925;7;0;2;2;1;1
202400053931;155 686 934;7;0;2;6;1;1
202400053932;155 686 921;7;16;0;9;1;1
202400053933;155 686 922;7;0;2;1;0;1
202400053933;155 686 930;7;0;2;4;0;1
202400053934;155 686 918;7;13;0;2;1;1
202400053935;155 686 920;43;0;0;1;21;1
202400053936;155 686 923;33;0;2;2;1;1
202400053936;155 686 927;21;0;0;3;2;1
202400053937;155 686 917;33;0;0;7;1;1
202400053938;155 686 916;80;0;0;0;1;3
202400053939;155 686 914;7;0;2;2;15;1
202400053939;155 686 919;32;0;2;3;1;1
202400053940;155 686 913;7;0;2;1;2;1
202400053941;155 686 909;15;13;0;2;20;1
202400053942;155 686 907;15;0;2;4;1;1
202400053942;155 686 912;15;0;2;1;1;1
202400053943;155 686 906;7;1;0;1;1;1
202400053943;155 686 911;7;0;2;8;1;1
202400053944;155 686 904;7;2;9;5;1;1
202400053945;155 686 903;10;0;2;8;22;1
202400053945;155 686 908;1;0;2;1;1;5
202400053946;155 686 902;7;0;2;1;17;1
202400053946;155 686 910;7;0;2;1;1;1
202400053947;155 686 900;7;0;2;1;1;3
202400053947;155 686 915;7;0;2;4;13;1
202400053948;155 686 898;7;0;2;3;15;1
202400053948;155 686 905;32;0;2;2;3;1
202400053949;155 686 895;7;0;1;1;1;1
202400053949;155 686 899;7;0;2;4;1;1
202400053950;155 686 890;36;2;0;1;16;1
202400053951;155 686 892;7;0;2;2;12;1
202400053951;155 686 896;43;0;2;3;1;1
202400053952;155 686 893;10;0;2;2;17;1
202400053952;155 686 897;1;0;2;6;1;5
202400053953;155 686 887;7;0;2;4;2;1
202400053953;155 686 894;7;0;2;1;2;1
202400053953;155 686 901;7;0;2;4;2;1
202400053954;155 686 884;14;0;2;2;12;1
202400053954;155 686 891;7;0;2;6;1;1
202400053955;155 686 886;7;13;0;7;1;1
202400053956;155 686 883;7;0;0;0;26;1
202400053957;155 686 881;1;0;2;8;1;5
202400053957;155 686 889;7;0;2;3;15;1
202400053958;155 686 882;7;0;2;4;26;1
202400053958;155 686 885;37;0;2;1;1;3
202400053959;155 686 880;2;0;2;1;0;1
202400053959;155 686 888;7;0;2;1;1;1
202400053960;155 686 877;21;6;1;0;1;1
202400053961;155 686 875;1;0;2;1;2;5
202400053961;155 686 879;10;0;0;6;2;1
202400053962;155 686 871;7;0;2;1;11;3
202400053962;155 686 878;7;0;2;6;2;2
202400053963;155 686 869;1;0;2;4;15;5
202400053963;155 686 874;7;0;9;3;1;1
202400053964;155 686 870;1;0;0;1;1;5
202400053965;155 686 868;33;0;2;2;0;1
202400053965;155 686 872;7;0;2;8;1;2
202400053966;155 686 864;7;13;0;3;1;1
202400053967;155 686 861;7;0;2;4;2;2
202400053967;155 686 866;7;0;2;4;1;1
202400053967;155 686 876;7;0;2;1;2;1
202400053968;155 686 863;10;0;2;1;1;1
202400053968;155 686 867;7;0;2;1;2;1
202400053969;155 686 859;7;0;2;3;0;1
202400053969;155 686 865;15;0;2;3;1;1
202400053970;155 686 857;7;0;2;1;1;1
202400053970;155 686 862;7;0;2;1;5;1
202400053971;155 686 854;7;0;2;4;0;1
202400053971;155 686 858;7;0;2;1;1;1
202400053972;155 686 848;7;15;0;1;1;1
202400053973;155 686 850;7;0;2;1;0;1
202400053973;155 686 855;7;15;2;2;5;3
202400053974;155 686 852;50;0;2;7;1;3
202400053974;155 686 856;7;0;2;3;9;1
202400053975;155 686 849;7;0;2;1;1;1
202400053975;155 686 860;7;0;2;8;0;2
202400053976;155 686 846;33;0;2;1;1;1
202400053976;155 686 853;7;0;2;1;15;1
202400053977;155 686 844;7;0;1;3;26;1
202400053978;155 686 842;10;0;2;2;1;1
202400053978;155 686 847;2;0;2;1;13;3
202400053979;155 686 840;7;0;2;9;1;1
202400053979;155 686 843;10;0;0;8;1;1
202400053979;155 686 851;10;0;0;2;21;1
202400053980;155 686 838;7;8;0;1;1;0
202400053981;155 686 837;7;0;2;4;2;1
202400053981;155 686 841;10;0;2;1;2;1
202400053982;155 686 839;10;0;2;3;21;1
202400053982;155 686 845;7;0;0;5;15;1
202400053983;155 686 834;7;0;1;2;1;1
202400053984;155 686 831;7;0;1;3;1;2
202400053985;155 686 829;2;0;2;1;1;1
202400053985;155 686 835;10;0;2;7;15;1
202400053986;155 686 832;33;0;2;1;1;1
202400053986;155 686 836;7;0;2;7;15;1
202400053987;155 686 828;2;8;0;2;0;1
202400053988;155 686 826;7;0;2;1;5;1
202400053988;155 686 833;7;0;2;1;1;1
202400053989;155 686 825;2;0;2;7;1;1
202400053989;155 686 830;7;0;2;3;1;1
202400053990;155 686 824;7;4;0;1;11;1
202400053991;155 686 822;7;0;2;1;1;1
202400053991;155 686 827;7;0;2;1;1;1
202400053992;155 686 817;3;11;0;2;1;1
202400053993;155 686 815;3;15;0;3;13;1
202400053994;155 686 818;33;3;2;1;18;1
202400053994;155 686 821;7;0;2;4;1;1
202400053995;155 686 811;7;13;0;3;0;1
202400053996;155 686 814;7;0;2;1;15;1
202400053996;155 686 820;31;0;2;1;8;1
202400053997;155 686 807;10;0;2;8;15;1
202400053997;155 686 812;1;0;2;0;0;5
202400053998;155 686 808;7;0;2;3;9;1
202400053998;155 686 816;33;0;2;1;1;1
202400053999;155 686 804;7;0;2;0;2;1
202400053999;155 686 809;10;0;2;7;2;1
202400053999;155 686 813;17;0;2;0;2;1
202400054000;155 686 803;1;0;0;0;1;5
202400054001;155 686 801;1;0;2;7;1;5
202400054001;155 686 806;7;0;2;7;9;1
202400054002;155 686 800;7;8;2;5;1;1
202400054002;155 686 810;10;0;2;3;9;1
202400054003;155 686 798;7;0;2;1;15;1
202400054003;155 686 802;1;0;2;1;1;5
202400054004;155 686 796;33;0;2;1;1;1
202400054004;155 686 799;17;0;2;5;4;1
202400054005;155 686 797;7;0;2;0;13;0
202400054005;155 686 805;33;0;2;0;1;1
202400054006;155 686 793;7;3;0;2;14;1
202400054007;155 686 790;7;4;2;8;1;1
202400054007;155 686 795;17;0;2;1;12;1
202400054008;155 686 789;7;0;2;2;1;1
202400054008;155 686 792;50;0;2;4;1;3
202400054009;155 686 786;7;0;2;7;2;1
202400054009;155 686 794;7;0;2;7;11;1
202400054010;155 686 787;7;0;2;1;2;1
202400054010;155 686 791;7;0;2;4;23;1
202400054011;155 686 784;15;0;1;1;1;1
202400054012;155 686 785;7;10;0;1;14;1
202400054013;155 686 781;40;0;2;3;1;3
202400054013;155 686 788;50;0;4;1;16;3
202400054014;155 686 777;7;4;0;1;14;1
202400054015;155 686 774;10;0;2;5;2;1
202400054015;155 686 776;7;0;2;1;11;1
202400054015;155 686 783;33;0;2;1;3;1
202400054016;155 686 770;7;2;0;1;1;1
202400054017;155 686 769;33;0;2;7;21;1
202400054018;155 686 772;7;2;0;7;1;1
202400054019;155 686 773;1;0;2;1;1;5
202400054019;155 686 780;10;0;2;3;15;1
202400054020;155 686 767;7;0;2;2;16;1
202400054020;155 686 775;30;0;2;8;18;1
202400054021;155 686 768;7;0;2;2;0;1
202400054021;155 686 778;7;0;2;1;0;1
202400054021;155 686 782;7;0;2;3;11;1
202400054022;155 686 766;17;0;0;4;9;1
202400054022;155 686 771;10;0;2;1;2;1
202400054023;155 686 761;7;0;1;2;1;1
202400054024;155 686 763;7;0;2;1;1;1
202400054024;155 686 765;7;3;2;6;1;1
202400054024;155 686 779;7;0;2;3;13;1
202400054025;155 686 759;10;3;0;2;14;1
202400054026;155 686 758;17;0;2;1;1;0
202400054026;155 686 762;7;0;2;3;19;1
202400054027;155 686 752;7;0;1;2;26;1
202400054028;155 686 754;7;10;0;1;2;1
202400054029;155 686 751;7;0;2;4;1;1
202400054029;155 686 756;7;0;2;1;1;2
202400054029;155 686 760;7;0;2;4;1;1
202400054030;155 686 750;7;0;2;4;1;0
202400054030;155 686 757;7;0;2;4;1;0
202400054030;155 686 764;7;0;2;1;1;0
202400054031;155 686 749;33;0;0;9;1;1
202400054032;155 686 745;33;0;2;1;1;1
202400054032;155 686 753;7;0;2;8;15;1
202400054033;155 686 744;50;0;2;1;1;3
202400054033;155 686 755;7;0;2;3;9;1
202400054034;155 686 741;33;11;0;1;1;1
202400054035;155 686 740;7;0;2;3;9;1
202400054035;155 686 748;7;0;2;1;1;1
202400054036;155 686 743;7;0;2;3;18;1
202400054036;155 686 747;7;0;2;5;12;1
202400054037;155 686 739;7;3;0;3;1;1
202400054038;155 686 742;1;0;0;0;1;5
202400054038;155 686 746;7;0;0;0;12;1
202400054039;155 686 737;7;2;0;7;1;1
202400054040;155 686 734;50;0;2;1;1;3
202400054040;155 686 738;7;0;2;3;15;1
202400054041;155 686 731;7;0;2;3;23;1
202400054041;155 686 736;7;1;0;1;1;0
202400054042;155 686 729;37;0;1;7;16;3
202400054043;155 686 727;7;0;2;2;1;1
202400054043;155 686 732;1;0;2;1;14;5
202400054044;155 686 728;10;0;2;2;15;1
202400054044;155 686 735;7;0;2;2;1;1
202400054045;155 686 725;1;0;2;1;1;5
202400054045;155 686 733;7;0;2;3;15;1